antenna,timebucket,rainfall,signal_drop
TP10,2026-07-21 17:00:00,0.000000,0.410000
TP10,2026-07-21 17:05:00,0.000000,0.520000
TP10,2026-07-21 17:10:00,0.000000,0.440000
TP10,2026-07-21 17:15:00,0.000000,0.450000
TP10,2026-07-21 17:20:00,0.000000,0.410000
TP10,2026-07-21 17:25:00,0.000000,0.510000
TP10,2026-07-21 17:30:00,0.000000,0.540000
TP10,2026-07-21 17:35:00,0.000000,0.490000
TP10,2026-07-21 17:40:00,0.000000,0.570000
TP10,2026-07-21 17:45:00,0.000000,0.600000
TP10,2026-07-21 17:50:00,0.000000,0.650000
TP10,2026-07-21 17:55:00,0.000000,0.640000
TP10,2026-07-21 18:00:00,0.000000,0.870000
TP10,2026-07-21 18:05:00,0.000000,0.490000
TP10,2026-07-21 18:10:00,0.000000,0.500000
TP10,2026-07-21 18:15:00,0.000000,0.560000
TP10,2026-07-21 18:20:00,0.000000,0.640000
TP10,2026-07-21 18:25:00,0.000000,0.970000
TP10,2026-07-21 18:30:00,0.000000,0.720000
TP10,2026-07-21 18:35:00,0.000000,0.630000
TP10,2026-07-21 18:40:00,0.000000,0.580000
TP10,2026-07-21 18:45:00,0.000000,0.560000
TP10,2026-07-21 18:50:00,0.000000,0.510000
TP10,2026-07-21 18:55:00,0.000000,0.380000
TP10,2026-07-21 19:00:00,0.000000,0.450000
TP10,2026-07-21 19:05:00,0.000000,0.390000
TP10,2026-07-21 19:10:00,0.000000,0.350000
TP10,2026-07-21 19:15:00,0.000000,0.260000
TP10,2026-07-21 19:20:00,0.000000,0.250000
TP10,2026-07-21 19:25:00,0.000000,0.210000
TP10,2026-07-21 19:30:00,0.000000,0.180000
TP10,2026-07-21 19:35:00,0.000000,0.170000
TP10,2026-07-21 19:40:00,0.000000,0.070000
TP10,2026-07-21 19:45:00,0.000000,0.110000
TP10,2026-07-21 19:50:00,0.000000,0.040000
TP10,2026-07-21 19:55:00,0.000000,0.020000
TP10,2026-07-21 20:00:00,0.000000,0.060000
TP10,2026-07-21 20:05:00,0.000000,-0.020000
TP10,2026-07-21 20:10:00,0.000000,-0.100000
TP10,2026-07-21 20:15:00,0.000000,-0.100000
TP10,2026-07-21 20:20:00,0.000000,-0.210000
TP10,2026-07-21 20:25:00,0.000000,-0.260000
TP10,2026-07-21 20:30:00,0.000000,-0.210000
TP10,2026-07-21 20:35:00,0.000000,-0.260000
TP10,2026-07-21 20:40:00,0.000000,-0.300000
TP10,2026-07-21 20:45:00,0.000000,-0.360000
TP10,2026-07-21 20:50:00,0.000000,-0.440000
TP10,2026-07-21 20:55:00,0.000000,-0.440000
TP10,2026-07-21 21:00:00,0.000000,-0.230000
TP10,2026-07-21 21:05:00,0.000000,-0.420000
TP10,2026-07-21 21:10:00,0.000000,-0.390000
TP10,2026-07-21 21:15:00,0.000000,-0.330000
TP10,2026-07-21 21:20:00,0.000000,-0.370000
TP10,2026-07-21 21:25:00,0.000000,-0.420000
TP10,2026-07-21 21:30:00,0.000000,-0.420000
TP10,2026-07-21 21:35:00,0.000000,-0.440000
TP10,2026-07-21 21:40:00,0.000000,-0.440000
TP10,2026-07-21 21:45:00,0.000000,-0.430000
TP10,2026-07-21 21:50:00,0.000000,-0.480000
TP10,2026-07-21 21:55:00,0.000000,-0.470000
TP10,2026-07-21 22:00:00,0.000000,-0.480000
TP10,2026-07-21 22:05:00,0.000000,-0.470000
TP10,2026-07-21 22:10:00,0.000000,-0.480000
TP10,2026-07-21 22:15:00,0.000000,-0.440000
TP10,2026-07-21 22:20:00,0.000000,-0.440000
TP10,2026-07-21 22:25:00,0.000000,-0.380000
TP10,2026-07-21 22:30:00,0.000000,-0.370000
TP10,2026-07-21 22:35:00,0.000000,-0.310000
TP10,2026-07-21 22:40:00,0.000000,-0.310000
TP10,2026-07-21 22:45:00,0.000000,-0.210000
TP10,2026-07-21 22:50:00,0.000000,-0.190000
TP10,2026-07-21 22:55:00,0.000000,-0.140000
TP10,2026-07-21 23:00:00,0.000000,-0.130000
TP10,2026-07-21 23:05:00,0.000000,-0.090000
TP10,2026-07-21 23:10:00,0.000000,-0.020000
TP10,2026-07-21 23:15:00,0.000000,0.000000
TP10,2026-07-21 23:20:00,0.000000,0.090000
TP10,2026-07-21 23:25:00,0.000000,0.090000
TP10,2026-07-21 23:30:00,0.000000,0.210000
TP10,2026-07-21 23:35:00,0.000000,0.190000
TP10,2026-07-21 23:40:00,0.000000,0.270000
TP10,2026-07-21 23:45:00,0.000000,0.260000
TP10,2026-07-21 23:50:00,0.000000,0.320000
TP10,2026-07-21 23:55:00,0.000000,0.430000
TP10,2026-07-22 00:00:00,0.000000,0.460000
TP10,2026-07-22 00:05:00,0.000000,0.520000
TP10,2026-07-22 00:10:00,0.000000,0.560000
TP10,2026-07-22 00:15:00,0.000000,0.640000
TP10,2026-07-22 00:20:00,0.000000,0.620000
TP10,2026-07-22 00:25:00,0.000000,0.590000
TP10,2026-07-22 00:30:00,0.000000,0.810000
TP10,2026-07-22 00:35:00,0.000000,0.870000
TP10,2026-07-22 00:40:00,0.000000,0.710000
TP10,2026-07-22 00:45:00,0.000000,0.680000
TP10,2026-07-22 00:50:00,0.000000,0.750000
TP10,2026-07-22 00:55:00,0.000000,0.780000
TP10,2026-07-22 01:00:00,0.000000,0.860000
TP10,2026-07-22 01:05:00,0.000000,0.860000
TP10,2026-07-22 01:10:00,0.000000,0.930000
TP10,2026-07-22 01:15:00,0.000000,0.970000
TP10,2026-07-22 01:20:00,0.000000,1.030000
TP10,2026-07-22 01:25:00,0.000000,1.160000
TP10,2026-07-22 01:30:00,0.000000,1.200000
TP10,2026-07-22 01:35:00,0.000000,1.180000
TP10,2026-07-22 01:40:00,0.000000,1.250000
TP10,2026-07-22 01:45:00,0.000000,1.140000
TP10,2026-07-22 01:50:00,0.000000,1.210000
TP10,2026-07-22 01:55:00,0.000000,1.270000
TP10,2026-07-22 02:00:00,0.000000,1.330000
TP10,2026-07-22 02:05:00,0.000000,1.470000
TP10,2026-07-22 02:10:00,0.000000,1.620000
TP10,2026-07-22 02:15:00,0.000000,1.580000
TP10,2026-07-22 02:20:00,0.000000,1.560000
TP10,2026-07-22 02:25:00,0.000000,1.550000
TP10,2026-07-22 02:30:00,0.000000,1.580000
TP10,2026-07-22 02:35:00,0.000000,1.350000
TP10,2026-07-22 02:40:00,0.000000,1.260000
TP10,2026-07-22 02:45:00,0.000000,1.200000
TP10,2026-07-22 02:50:00,0.000000,1.240000
TP10,2026-07-22 02:55:00,0.000000,1.400000
TP10,2026-07-22 03:00:00,0.000000,1.560000
TP10,2026-07-22 03:05:00,0.000000,1.590000
TP10,2026-07-22 03:10:00,0.000000,1.500000
TP10,2026-07-22 03:15:00,0.000000,1.500000
TP10,2026-07-22 03:20:00,0.000000,1.450000
TP10,2026-07-22 03:25:00,0.000000,1.540000
TP10,2026-07-22 03:30:00,0.000000,1.520000
TP10,2026-07-22 03:35:00,0.000000,1.560000
TP10,2026-07-22 03:40:00,0.000000,1.600000
TP10,2026-07-22 03:45:00,0.000000,1.700000
TP10,2026-07-22 03:50:00,0.000000,1.630000
TP10,2026-07-22 03:55:00,0.000000,1.560000
TP10,2026-07-22 04:00:00,0.000000,1.620000
TP10,2026-07-22 04:05:00,0.000000,1.670000
TP10,2026-07-22 04:10:00,0.000000,1.580000
TP10,2026-07-22 04:15:00,0.000000,1.610000
TP10,2026-07-22 04:20:00,0.000000,1.530000
TP10,2026-07-22 04:25:00,0.000000,1.540000
TP10,2026-07-22 04:30:00,0.000000,1.610000
TP10,2026-07-22 04:35:00,0.000000,1.680000
TP10,2026-07-22 04:40:00,0.000000,1.600000
TP10,2026-07-22 04:45:00,0.000000,1.580000
TP10,2026-07-22 04:50:00,0.000000,1.620000
TP10,2026-07-22 04:55:00,0.000000,1.550000
TP10,2026-07-22 05:00:00,0.000000,1.490000
TP10,2026-07-22 05:05:00,0.000000,2.120000
TP10,2026-07-22 05:10:00,0.000000,1.490000
TP10,2026-07-22 05:15:00,0.000000,1.530000
TP10,2026-07-22 05:20:00,0.000000,1.480000
TP10,2026-07-22 05:25:00,0.000000,1.530000
TP10,2026-07-22 05:30:00,0.000000,1.660000
TP10,2026-07-22 05:35:00,0.000000,1.620000
TP10,2026-07-22 05:40:00,0.000000,1.560000
TP10,2026-07-22 05:45:00,0.000000,1.530000
TP10,2026-07-22 05:50:00,0.000000,1.530000
TP10,2026-07-22 05:55:00,0.000000,1.460000
TP10,2026-07-22 06:00:00,0.000000,1.440000
TP10,2026-07-22 06:05:00,0.000000,1.420000
TP10,2026-07-22 06:10:00,0.000000,1.240000
TP10,2026-07-22 06:15:00,0.000000,1.260000
TP10,2026-07-22 06:20:00,0.000000,1.190000
TP10,2026-07-22 06:25:00,0.000000,1.100000
TP10,2026-07-22 06:30:00,0.000000,1.080000
TP10,2026-07-22 06:35:00,0.000000,1.040000
TP10,2026-07-22 06:40:00,0.000000,0.940000
TP10,2026-07-22 06:45:00,0.000000,0.850000
TP10,2026-07-22 06:50:00,0.000000,0.700000
TP10,2026-07-22 06:55:00,0.000000,0.650000
TP10,2026-07-22 07:00:00,0.000000,0.600000
TP10,2026-07-22 07:05:00,0.000000,0.820000
TP10,2026-07-22 07:10:00,0.000000,0.350000
TP10,2026-07-22 07:15:00,0.000000,0.200000
TP10,2026-07-22 07:20:00,0.000000,0.050000
TP10,2026-07-22 07:25:00,0.000000,-0.090000
TP10,2026-07-22 07:30:00,0.000000,-0.310000
TP10,2026-07-22 07:35:00,0.000000,-0.230000
TP10,2026-07-22 07:40:00,0.000000,-0.580000
TP10,2026-07-22 07:45:00,0.000000,-0.660000
TP10,2026-07-22 07:50:00,0.000000,-0.720000
TP10,2026-07-22 07:55:00,0.000000,-0.800000
TP10,2026-07-22 08:00:00,0.000000,-0.830000
TP10,2026-07-22 08:05:00,0.000000,-0.770000
TP10,2026-07-22 08:10:00,0.000000,-0.920000
TP10,2026-07-22 08:15:00,0.000000,-0.980000
TP10,2026-07-22 08:20:00,0.000000,-0.980000
TP10,2026-07-22 08:25:00,0.000000,0.080000
TP10,2026-07-22 08:30:00,0.000000,-0.770000
TP10,2026-07-22 08:35:00,0.000000,-0.660000
TP10,2026-07-22 08:40:00,0.000000,-0.640000
TP10,2026-07-22 08:45:00,0.000000,-0.680000
TP10,2026-07-22 08:50:00,0.000000,-0.690000
TP10,2026-07-22 08:55:00,0.000000,-0.210000
TP10,2026-07-22 09:00:00,0.000000,-0.760000
TP10,2026-07-22 09:05:00,0.000000,-1.080000
TP10,2026-07-22 09:10:00,0.000000,-0.760000
TP10,2026-07-22 09:15:00,0.000000,-0.630000
TP10,2026-07-22 09:20:00,0.000000,-0.770000
TP10,2026-07-22 09:25:00,0.000000,-0.670000
TP10,2026-07-22 09:30:00,0.000000,-0.640000
TP10,2026-07-22 09:35:00,0.000000,-0.430000
TP10,2026-07-22 09:40:00,0.000000,-0.680000
TP10,2026-07-22 09:45:00,0.000000,-0.640000
TP10,2026-07-22 09:50:00,0.000000,-0.870000
TP10,2026-07-22 09:55:00,0.000000,-0.850000
TP10,2026-07-22 10:00:00,0.000000,-0.900000
TP10,2026-07-22 10:05:00,0.000000,-0.780000
TP10,2026-07-22 10:10:00,0.000000,-0.940000
TP10,2026-07-22 10:15:00,0.000000,-0.410000
TP10,2026-07-22 10:20:00,0.000000,-0.650000
TP10,2026-07-22 10:25:00,0.000000,-0.390000
TP10,2026-07-22 10:30:00,0.000000,-0.660000
TP10,2026-07-22 10:35:00,0.000000,-0.530000
TP10,2026-07-22 10:40:00,0.000000,-0.440000
TP10,2026-07-22 10:45:00,0.000000,-0.460000
TP10,2026-07-22 10:50:00,0.000000,-0.410000
TP10,2026-07-22 10:55:00,0.000000,0.380000
TP10,2026-07-22 11:00:00,0.000000,-0.110000
TP10,2026-07-22 11:05:00,0.000000,-0.150000
TP10,2026-07-22 11:10:00,0.000000,-0.030000
TP10,2026-07-22 11:15:00,0.000000,-0.280000
TP10,2026-07-22 11:20:00,0.000000,0.170000
TP10,2026-07-22 11:25:00,0.000000,0.150000
TP10,2026-07-22 11:30:00,0.000000,0.600000
TP10,2026-07-22 11:35:00,0.000000,0.470000
TP10,2026-07-22 11:40:00,0.000000,0.160000
TP10,2026-07-22 11:45:00,0.000000,0.320000
TP10,2026-07-22 11:50:00,0.000000,-0.030000
TP10,2026-07-22 11:55:00,0.000000,0.030000
TP10,2026-07-22 12:00:00,0.000000,0.450000
TP10,2026-07-22 12:05:00,0.000000,0.090000
TP10,2026-07-22 12:10:00,0.000000,0.160000
TP10,2026-07-22 12:15:00,0.000000,0.150000
TP10,2026-07-22 12:20:00,0.000000,0.140000
TP10,2026-07-22 12:25:00,0.000000,0.290000
TP10,2026-07-22 12:30:00,0.000000,0.280000
TP10,2026-07-22 12:35:00,0.000000,0.350000
TP10,2026-07-22 12:40:00,0.000000,0.370000
TP10,2026-07-22 12:45:00,0.000000,0.570000
TP10,2026-07-22 12:50:00,0.000000,0.370000
TP10,2026-07-22 12:55:00,0.000000,0.480000
TP10,2026-07-22 13:00:00,0.000000,0.400000
TP10,2026-07-22 13:05:00,0.000000,0.600000
TP10,2026-07-22 13:10:00,0.000000,0.690000
TP10,2026-07-22 13:15:00,0.000000,0.610000
TP10,2026-07-22 13:20:00,0.000000,0.430000
TP10,2026-07-22 13:25:00,0.000000,0.530000
TP10,2026-07-22 13:30:00,0.000000,0.640000
TP10,2026-07-22 13:35:00,0.000000,1.340000
TP10,2026-07-22 13:40:00,0.000000,0.930000
TP10,2026-07-22 13:45:00,0.000000,0.890000
TP10,2026-07-22 13:50:00,0.000000,0.660000
TP10,2026-07-22 13:55:00,0.000000,0.900000
TP10,2026-07-22 14:00:00,0.000000,0.680000
TP10,2026-07-22 14:05:00,0.000000,0.700000
TP10,2026-07-22 14:10:00,0.000000,0.740000
TP10,2026-07-22 14:15:00,0.000000,1.430000
TP10,2026-07-22 14:20:00,0.000000,0.970000
TP10,2026-07-22 14:25:00,0.000000,1.280000
TP10,2026-07-22 14:30:00,0.000000,0.840000
TP10,2026-07-22 14:35:00,0.000000,0.600000
TP10,2026-07-22 14:40:00,0.000000,0.510000
TP10,2026-07-22 14:45:00,0.000000,0.800000
TP10,2026-07-22 14:50:00,0.000000,0.850000
TP10,2026-07-22 14:55:00,0.000000,1.010000
TP10,2026-07-22 15:00:00,0.000000,0.650000
TP10,2026-07-22 15:05:00,0.000000,1.070000
TP10,2026-07-22 15:10:00,0.000000,0.710000
TP10,2026-07-22 15:15:00,0.000000,1.170000
TP10,2026-07-22 15:20:00,0.000000,1.780000
TP10,2026-07-22 15:25:00,0.000000,0.880000
TP10,2026-07-22 15:30:00,0.000000,0.840000
TP10,2026-07-22 15:35:00,0.000000,0.780000
TP10,2026-07-22 15:40:00,0.000000,0.580000
TP10,2026-07-22 15:45:00,0.000000,0.650000
TP10,2026-07-22 15:50:00,0.000000,1.060000
TP10,2026-07-22 15:55:00,0.000000,0.980000
TP10,2026-07-22 16:00:00,0.000000,0.830000
TP10,2026-07-22 16:05:00,0.000000,1.170000
TP10,2026-07-22 16:10:00,0.000000,1.040000
TP10,2026-07-22 16:15:00,0.000000,0.730000
TP10,2026-07-22 16:20:00,0.000000,0.850000
TP10,2026-07-22 16:25:00,0.000000,0.990000
TP10,2026-07-22 16:30:00,0.000000,0.890000
TP10,2026-07-22 16:35:00,0.000000,1.360000
TP10,2026-07-22 16:40:00,0.000000,0.930000
TP10,2026-07-22 16:45:00,0.000000,1.330000
TP10,2026-07-22 16:50:00,0.000000,0.990000
TP10,2026-07-22 16:55:00,0.000000,1.200000
TP10,2026-07-22 17:00:00,0.000000,0.980000
TP10,2026-07-22 17:05:00,0.000000,0.910000
TP10,2026-07-22 17:10:00,0.000000,0.920000
TP10,2026-07-22 17:15:00,0.000000,0.950000
TP10,2026-07-22 17:20:00,0.000000,0.940000
TP10,2026-07-22 17:25:00,0.000000,0.930000
TP10,2026-07-22 17:30:00,0.000000,1.270000
TP10,2026-07-22 17:35:00,0.000000,1.170000
TP10,2026-07-22 17:40:00,0.000000,1.020000
TP10,2026-07-22 17:45:00,0.000000,1.150000
TP10,2026-07-22 17:50:00,0.000000,1.110000
TP10,2026-07-22 17:55:00,0.000000,1.180000
TP10,2026-07-22 18:00:00,0.000000,1.110000
TP10,2026-07-22 18:05:00,0.000000,1.110000
TP10,2026-07-22 18:10:00,0.000000,1.090000
TP10,2026-07-22 18:15:00,0.000000,1.150000
TP10,2026-07-22 18:20:00,0.000000,1.290000
TP10,2026-07-22 18:25:00,0.000000,1.450000
TP10,2026-07-22 18:30:00,0.000000,1.450000
TP10,2026-07-22 18:35:00,0.000000,1.220000
TP10,2026-07-22 18:40:00,0.000000,1.710000
TP10,2026-07-22 18:45:00,0.000000,1.310000
TP10,2026-07-22 18:50:00,0.000000,0.910000
TP10,2026-07-22 18:55:00,0.000000,0.870000
TP10,2026-07-22 19:00:00,0.000000,0.750000
TP10,2026-07-22 19:05:00,0.000000,0.760000
TP10,2026-07-22 19:10:00,0.000000,0.660000
TP10,2026-07-22 19:15:00,0.000000,0.710000
TP10,2026-07-22 19:20:00,0.000000,0.560000
TP10,2026-07-22 19:25:00,0.000000,0.510000
TP10,2026-07-22 19:30:00,0.000000,0.490000
TP10,2026-07-22 19:35:00,0.000000,0.480000
TP10,2026-07-22 19:40:00,0.000000,0.440000
TP10,2026-07-22 19:45:00,0.000000,0.420000
TP10,2026-07-22 19:50:00,0.000000,0.410000
TP10,2026-07-22 19:55:00,0.000000,0.320000
TP10,2026-07-22 20:00:00,0.000000,0.360000
TP10,2026-07-22 20:05:00,0.000000,0.240000
TP10,2026-07-22 20:10:00,0.000000,0.280000
TP10,2026-07-22 20:15:00,0.000000,0.210000
TP10,2026-07-22 20:20:00,0.000000,0.250000
TP10,2026-07-22 20:25:00,0.000000,0.210000
TP10,2026-07-22 20:30:00,0.000000,0.240000
TP10,2026-07-22 20:35:00,0.000000,0.180000
TP10,2026-07-22 20:40:00,0.000000,0.020000
TP10,2026-07-22 20:45:00,0.000000,0.070000
TP10,2026-07-22 20:50:00,0.000000,0.180000
TP10,2026-07-22 20:55:00,0.000000,0.070000
TP10,2026-07-22 21:00:00,0.000000,0.400000
TP10,2026-07-22 21:05:00,0.000000,0.210000
TP10,2026-07-22 21:10:00,0.000000,0.040000
TP10,2026-07-22 21:15:00,0.000000,-0.100000
TP10,2026-07-22 21:20:00,0.000000,-0.080000
TP10,2026-07-22 21:25:00,0.000000,0.080000
TP10,2026-07-22 21:30:00,0.000000,0.060000
TP10,2026-07-22 21:35:00,0.000000,-0.130000
TP10,2026-07-22 21:40:00,0.000000,-0.160000
TP10,2026-07-22 21:45:00,0.000000,-0.080000
TP10,2026-07-22 21:50:00,0.000000,-0.050000
TP10,2026-07-22 21:55:00,0.000000,-0.010000
TP10,2026-07-22 22:00:00,0.000000,0.110000
TP10,2026-07-22 22:05:00,0.000000,-0.050000
TP10,2026-07-22 22:10:00,0.000000,0.100000
TP10,2026-07-22 22:15:00,0.000000,0.010000
TP10,2026-07-22 22:20:00,0.000000,-0.010000
TP10,2026-07-22 22:25:00,0.000000,-0.020000
TP10,2026-07-22 22:30:00,0.000000,0.060000
TP10,2026-07-22 22:35:00,0.000000,0.040000
TP10,2026-07-22 22:40:00,0.000000,0.070000
TP10,2026-07-22 22:45:00,0.000000,0.050000
TP10,2026-07-22 22:50:00,0.000000,0.130000
TP10,2026-07-22 22:55:00,0.000000,0.200000
TP10,2026-07-22 23:00:00,0.000000,0.230000
TP10,2026-07-22 23:05:00,0.000000,0.420000
TP10,2026-07-22 23:10:00,0.000000,0.310000
TP10,2026-07-22 23:15:00,0.000000,0.320000
TP10,2026-07-22 23:20:00,0.000000,0.400000
TP10,2026-07-22 23:25:00,0.000000,0.620000
TP10,2026-07-22 23:30:00,0.000000,0.510000
TP10,2026-07-22 23:35:00,0.000000,0.520000
TP10,2026-07-22 23:40:00,0.000000,0.690000
TP10,2026-07-22 23:45:00,0.000000,0.700000
TP10,2026-07-22 23:50:00,0.000000,0.770000
TP10,2026-07-22 23:55:00,0.000000,0.750000
TP10,2026-07-23 00:00:00,0.000000,0.790000
TP10,2026-07-23 00:05:00,0.000000,0.840000
TP10,2026-07-23 00:10:00,0.000000,0.780000
TP10,2026-07-23 00:15:00,0.000000,0.840000
TP10,2026-07-23 00:20:00,0.000000,0.890000
TP10,2026-07-23 00:25:00,0.000000,0.970000
TP10,2026-07-23 00:30:00,0.000000,0.960000
TP10,2026-07-23 00:35:00,0.000000,1.010000
TP10,2026-07-23 00:40:00,0.000000,0.950000
TP10,2026-07-23 00:45:00,0.000000,0.970000
TP10,2026-07-23 00:50:00,0.000000,1.030000
TP10,2026-07-23 00:55:00,0.000000,1.020000
TP10,2026-07-23 01:00:00,0.000000,1.080000
TP10,2026-07-23 01:05:00,0.000000,1.140000
TP10,2026-07-23 01:10:00,0.000000,1.140000
TP10,2026-07-23 01:15:00,0.000000,1.310000
TP10,2026-07-23 01:20:00,0.000000,1.440000
TP10,2026-07-23 01:25:00,0.000000,1.500000
TP10,2026-07-23 01:30:00,0.000000,1.420000
TP10,2026-07-23 01:35:00,0.000000,1.660000
TP10,2026-07-23 01:40:00,0.000000,1.390000
TP10,2026-07-23 01:45:00,0.000000,1.430000
TP10,2026-07-23 01:50:00,0.000000,1.440000
TP10,2026-07-23 01:55:00,0.000000,1.510000
TP10,2026-07-23 02:00:00,0.000000,2.090000
TP10,2026-07-23 02:05:00,0.000000,1.720000
TP10,2026-07-23 02:10:00,0.000000,1.670000
TP10,2026-07-23 02:15:00,0.000000,1.800000
TP10,2026-07-23 02:20:00,0.000000,1.890000
TP10,2026-07-23 02:25:00,0.000000,1.750000
TP10,2026-07-23 02:30:00,0.000000,1.660000
TP10,2026-07-23 02:35:00,0.000000,1.500000
TP10,2026-07-23 02:40:00,0.000000,1.500000
TP10,2026-07-23 02:45:00,0.000000,2.200000
TP10,2026-07-23 02:50:00,0.000000,1.900000
TP10,2026-07-23 02:55:00,0.000000,3.300000
TP10,2026-07-23 03:00:00,0.000000,2.130000
TP10,2026-07-23 03:05:00,0.000000,2.920000
TP10,2026-07-23 03:10:00,0.000000,2.550000
TP10,2026-07-23 03:15:00,0.000000,2.050000
TP10,2026-07-23 03:20:00,0.000000,2.120000
TP10,2026-07-23 03:25:00,0.000000,2.010000
TP10,2026-07-23 03:30:00,0.000000,2.200000
TP10,2026-07-23 03:35:00,0.000000,2.160000
TP10,2026-07-23 03:40:00,0.000000,1.770000
TP10,2026-07-23 03:45:00,0.000000,1.850000
TP10,2026-07-23 03:50:00,0.000000,1.810000
TP10,2026-07-23 03:55:00,0.000000,1.850000
TP10,2026-07-23 04:00:00,0.000000,1.690000
TP10,2026-07-23 04:05:00,0.000000,1.830000
TP10,2026-07-23 04:10:00,0.000000,2.160000
TP10,2026-07-23 04:15:00,0.000000,1.700000
TP10,2026-07-23 04:20:00,0.000000,1.860000
TP10,2026-07-23 04:25:00,0.000000,1.620000
TP10,2026-07-23 04:30:00,0.000000,1.600000
TP10,2026-07-23 04:35:00,0.000000,1.580000
TP10,2026-07-23 04:40:00,0.000000,1.560000
TP10,2026-07-23 04:45:00,0.000000,1.640000
TP10,2026-07-23 04:50:00,0.000000,1.610000
TP10,2026-07-23 04:55:00,0.000000,1.570000
TP10,2026-07-23 05:00:00,0.000000,1.580000
TP10,2026-07-23 05:05:00,0.000000,1.640000
TP10,2026-07-23 05:10:00,0.000000,1.460000
TP10,2026-07-23 05:15:00,0.000000,1.510000
TP10,2026-07-23 05:20:00,0.000000,1.580000
TP10,2026-07-23 05:25:00,0.000000,1.590000
TP10,2026-07-23 05:30:00,0.000000,1.440000
TP10,2026-07-23 05:35:00,0.000000,1.640000
TP10,2026-07-23 05:40:00,0.000000,1.490000
TP10,2026-07-23 05:45:00,0.000000,1.540000
TP10,2026-07-23 05:50:00,0.000000,1.570000
TP10,2026-07-23 05:55:00,0.000000,1.470000
TP10,2026-07-23 06:00:00,0.000000,1.330000
TP10,2026-07-23 06:05:00,0.000000,1.610000
TP10,2026-07-23 06:10:00,0.000000,1.130000
TP10,2026-07-23 06:15:00,0.000000,1.150000
TP10,2026-07-23 06:20:00,0.000000,1.110000
TP10,2026-07-23 06:25:00,0.000000,1.090000
TP10,2026-07-23 06:30:00,0.000000,0.980000
TP10,2026-07-23 06:35:00,0.000000,0.810000
TP10,2026-07-23 06:40:00,0.000000,0.750000
TP10,2026-07-23 06:45:00,0.000000,0.690000
TP10,2026-07-23 06:50:00,0.000000,0.610000
TP10,2026-07-23 06:55:00,0.000000,0.550000
TP10,2026-07-23 07:00:00,0.000000,0.530000
TP10,2026-07-23 07:05:00,0.000000,0.600000
TP10,2026-07-23 07:10:00,0.000000,0.360000
TP10,2026-07-23 07:15:00,0.000000,0.110000
TP10,2026-07-23 07:20:00,0.000000,0.030000
TP10,2026-07-23 07:25:00,0.000000,-0.080000
TP10,2026-07-23 07:30:00,0.000000,-0.190000
TP10,2026-07-23 07:35:00,0.000000,-0.200000
TP10,2026-07-23 07:40:00,0.000000,-0.340000
TP10,2026-07-23 07:45:00,0.000000,-0.410000
TP10,2026-07-23 07:50:00,0.000000,-0.550000
TP10,2026-07-23 07:55:00,0.000000,-0.570000
TP10,2026-07-23 08:00:00,0.000000,-0.570000
TP10,2026-07-23 08:05:00,0.000000,-0.300000
TP10,2026-07-23 08:10:00,0.000000,-0.690000
TP10,2026-07-23 08:15:00,0.000000,-0.620000
TP10,2026-07-23 08:20:00,0.000000,-0.700000
TP10,2026-07-23 08:25:00,0.000000,-0.750000
TP10,2026-07-23 08:30:00,0.000000,-0.680000
TP10,2026-07-23 08:35:00,0.000000,-0.730000
TP10,2026-07-23 08:40:00,0.000000,-0.830000
TP10,2026-07-23 08:45:00,0.000000,-0.850000
TP10,2026-07-23 08:50:00,0.000000,-0.620000
TP10,2026-07-23 08:55:00,0.000000,-0.650000
TP10,2026-07-23 09:00:00,0.000000,-0.860000
TP10,2026-07-23 09:05:00,0.000000,-0.910000
TP10,2026-07-23 09:10:00,0.000000,-0.890000
TP10,2026-07-23 09:15:00,0.000000,-0.760000
TP10,2026-07-23 09:20:00,0.000000,-0.700000
TP10,2026-07-23 09:25:00,0.000000,-0.900000
TP10,2026-07-23 09:30:00,0.000000,-0.980000
TP10,2026-07-23 09:35:00,0.000000,-0.840000
TP10,2026-07-23 09:40:00,0.000000,-0.940000
TP10,2026-07-23 09:45:00,0.000000,-0.830000
TP10,2026-07-23 09:50:00,0.000000,-0.690000
TP10,2026-07-23 09:55:00,0.000000,-0.690000
TP10,2026-07-23 10:00:00,0.000000,-0.680000
TP10,2026-07-23 10:05:00,0.000000,-0.500000
TP10,2026-07-23 10:10:00,0.000000,-0.710000
TP10,2026-07-23 10:15:00,0.000000,-0.660000
TP10,2026-07-23 10:20:00,0.000000,-0.570000
TP10,2026-07-23 10:25:00,0.000000,-0.500000
TP10,2026-07-23 10:30:00,0.000000,0.060000
TP10,2026-07-23 10:35:00,0.000000,0.030000
TP10,2026-07-23 10:40:00,0.000000,-0.400000
TP10,2026-07-23 10:45:00,0.000000,-0.300000
TP10,2026-07-23 10:50:00,0.000000,-0.200000
TP10,2026-07-23 10:55:00,0.000000,-0.080000
TP10,2026-07-23 11:00:00,0.000000,-0.020000
TP10,2026-07-23 11:05:00,0.000000,0.070000
TP10,2026-07-23 11:10:00,0.000000,-0.060000
TP10,2026-07-23 11:15:00,0.000000,0.210000
TP10,2026-07-23 11:20:00,0.000000,0.100000
TP10,2026-07-23 11:25:00,0.000000,0.070000
TP10,2026-07-23 11:30:00,0.000000,0.330000
TP10,2026-07-23 11:35:00,0.000000,0.430000
TP10,2026-07-23 11:40:00,0.000000,0.160000
TP10,2026-07-23 11:45:00,0.000000,0.230000
TP10,2026-07-23 11:50:00,0.000000,0.320000
TP10,2026-07-23 11:55:00,0.000000,0.440000
TP10,2026-07-23 12:00:00,0.000000,0.410000
TP10,2026-07-23 12:05:00,0.000000,0.460000
TP10,2026-07-23 12:10:00,0.000000,0.470000
TP10,2026-07-23 12:15:00,0.000000,0.560000
TP10,2026-07-23 12:20:00,0.000000,0.630000
TP10,2026-07-23 12:25:00,0.000000,0.570000
TP10,2026-07-23 12:30:00,0.000000,0.730000
TP10,2026-07-23 12:35:00,0.000000,0.650000
TP10,2026-07-23 12:40:00,0.000000,0.690000
TP10,2026-07-23 12:45:00,0.000000,0.860000
TP10,2026-07-23 12:50:00,0.000000,0.800000
TP10,2026-07-23 12:55:00,0.000000,0.730000
TP10,2026-07-23 13:00:00,0.000000,0.810000
TP10,2026-07-23 13:05:00,0.000000,0.930000
TP10,2026-07-23 13:10:00,0.000000,0.860000
TP10,2026-07-23 13:15:00,0.000000,0.770000
TP10,2026-07-23 13:20:00,0.000000,0.810000
TP10,2026-07-23 13:25:00,0.000000,0.860000
TP10,2026-07-23 13:30:00,0.000000,0.890000
TP10,2026-07-23 13:35:00,0.000000,1.040000
TP10,2026-07-23 13:40:00,0.000000,0.970000
TP10,2026-07-23 13:45:00,0.000000,0.840000
TP10,2026-07-23 13:50:00,0.000000,1.020000
TP10,2026-07-23 13:55:00,0.000000,0.980000
TP10,2026-07-23 14:00:00,0.000000,0.850000
TP10,2026-07-23 14:05:00,0.000000,1.150000
TP10,2026-07-23 14:10:00,0.000000,0.920000
TP10,2026-07-23 14:15:00,0.000000,0.890000
TP10,2026-07-23 14:20:00,0.000000,0.890000
TP10,2026-07-23 14:25:00,0.000000,1.060000
TP10,2026-07-23 14:30:00,0.000000,0.900000
TP10,2026-07-23 14:35:00,0.000000,1.060000
TP10,2026-07-23 14:40:00,0.000000,0.890000
TP10,2026-07-23 14:45:00,0.000000,1.140000
TP10,2026-07-23 14:50:00,0.000000,0.920000
TP10,2026-07-23 14:55:00,0.000000,1.010000
TP10,2026-07-23 15:00:00,0.000000,1.010000
TP10,2026-07-23 15:05:00,0.000000,1.170000
TP10,2026-07-23 15:10:00,0.000000,1.180000
TP10,2026-07-23 15:15:00,0.000000,1.130000
TP10,2026-07-23 15:20:00,0.000000,1.000000
TP10,2026-07-23 15:25:00,0.000000,0.930000
TP10,2026-07-23 15:30:00,0.000000,0.930000
TP10,2026-07-23 15:35:00,0.000000,0.960000
TP10,2026-07-23 15:40:00,0.000000,0.980000
TP10,2026-07-23 15:45:00,0.000000,0.970000
TP10,2026-07-23 15:50:00,0.000000,1.090000
TP10,2026-07-23 15:55:00,0.000000,1.100000
TP10,2026-07-23 16:00:00,0.000000,1.290000
TP10,2026-07-23 16:05:00,0.000000,1.090000
TP10,2026-07-23 16:10:00,0.000000,1.110000
TP10,2026-07-23 16:15:00,0.000000,1.160000
TP10,2026-07-23 16:20:00,0.000000,1.240000
TP10,2026-07-23 16:25:00,0.000000,1.350000
TP10,2026-07-23 16:30:00,0.000000,1.390000
TP10,2026-07-23 16:35:00,0.000000,1.340000
TP10,2026-07-23 16:40:00,0.000000,1.200000
TP10,2026-07-23 16:45:00,0.000000,1.360000
TP10,2026-07-23 16:50:00,0.000000,1.330000
TP10,2026-07-23 16:55:00,0.000000,1.340000
TP10,2026-07-23 17:00:00,0.000000,1.290000
TP10,2026-07-23 17:05:00,0.000000,1.480000
TP10,2026-07-23 17:10:00,0.000000,1.220000
TP10,2026-07-23 17:15:00,0.000000,1.220000
TP10,2026-07-23 17:20:00,0.000000,1.220000
TP10,2026-07-23 17:25:00,0.000000,1.310000
TP10,2026-07-23 17:30:00,0.000000,1.280000
TP10,2026-07-23 17:35:00,0.000000,1.440000
TP10,2026-07-23 17:40:00,0.000000,1.330000
TP10,2026-07-23 17:45:00,0.000000,1.320000
TP10,2026-07-23 17:50:00,0.000000,1.490000
TP10,2026-07-23 17:55:00,0.000000,1.760000
TP10,2026-07-23 18:00:00,0.000000,1.640000
TP10,2026-07-23 18:05:00,0.000000,1.540000
TP10,2026-07-23 18:10:00,0.000000,1.300000
TP10,2026-07-23 18:15:00,0.000000,1.300000
TP10,2026-07-23 18:20:00,0.000000,1.420000
TP10,2026-07-23 18:25:00,0.000000,1.350000
TP10,2026-07-23 18:30:00,0.000000,1.480000
TP10,2026-07-23 18:35:00,0.000000,1.280000
TP10,2026-07-23 18:40:00,0.000000,1.380000
TP10,2026-07-23 18:45:00,0.000000,1.220000
TP10,2026-07-23 18:50:00,0.000000,1.060000
TP10,2026-07-23 18:55:00,0.000000,1.040000
TP10,2026-07-23 19:00:00,0.000000,1.000000
TP10,2026-07-23 19:05:00,0.000000,0.990000
TP10,2026-07-23 19:10:00,0.000000,0.950000
TP10,2026-07-23 19:15:00,0.000000,0.880000
TP10,2026-07-23 19:20:00,0.000000,0.890000
TP10,2026-07-23 19:25:00,0.000000,0.820000
TP10,2026-07-23 19:30:00,0.000000,0.880000
TP10,2026-07-23 19:35:00,0.000000,0.760000
TP10,2026-07-23 19:40:00,0.000000,0.820000
TP10,2026-07-23 19:45:00,0.000000,0.770000
TP10,2026-07-23 19:50:00,0.000000,0.720000
TP10,2026-07-23 19:55:00,0.000000,0.630000
TP10,2026-07-23 20:00:00,0.000000,0.870000
TP10,2026-07-23 20:05:00,0.000000,0.640000
TP10,2026-07-23 20:10:00,0.000000,0.520000
TP10,2026-07-23 20:15:00,0.000000,0.540000
TP10,2026-07-23 20:20:00,0.000000,0.450000
TP10,2026-07-23 20:25:00,0.000000,0.520000
TP10,2026-07-23 20:30:00,0.000000,0.600000
TP10,2026-07-23 20:35:00,0.000000,0.350000
TP10,2026-07-23 20:40:00,0.000000,0.160000
TP10,2026-07-23 20:45:00,0.000000,0.220000
TP10,2026-07-23 20:50:00,0.000000,0.130000
TP10,2026-07-23 20:55:00,0.000000,0.120000
TP10,2026-07-23 21:00:00,0.000000,0.110000
TP10,2026-07-23 21:05:00,0.000000,0.210000
TP10,2026-07-23 21:10:00,0.000000,0.160000
TP10,2026-07-23 21:15:00,0.000000,0.120000
TP10,2026-07-23 21:20:00,0.000000,0.050000
TP10,2026-07-23 21:25:00,0.000000,0.100000
TP10,2026-07-23 21:30:00,0.000000,0.100000
TP10,2026-07-23 21:35:00,0.000000,0.070000
TP10,2026-07-23 21:40:00,0.000000,0.120000
TP10,2026-07-23 21:45:00,0.000000,0.120000
TP10,2026-07-23 21:50:00,0.000000,0.090000
TP10,2026-07-23 21:55:00,0.000000,0.120000
TP10,2026-07-23 22:00:00,0.000000,0.080000
TP10,2026-07-23 22:05:00,0.000000,0.150000
TP10,2026-07-23 22:10:00,0.000000,0.130000
TP10,2026-07-23 22:15:00,0.000000,0.210000
TP10,2026-07-23 22:20:00,0.000000,0.230000
TP10,2026-07-23 22:25:00,0.000000,0.280000
TP10,2026-07-23 22:30:00,0.000000,0.390000
TP10,2026-07-23 22:35:00,0.000000,0.320000
TP10,2026-07-23 22:40:00,0.000000,0.490000
TP10,2026-07-23 22:45:00,0.000000,0.420000
TP10,2026-07-23 22:50:00,0.000000,0.430000
TP10,2026-07-23 22:55:00,0.000000,0.470000
TP10,2026-07-23 23:00:00,0.000000,0.540000
TP10,2026-07-23 23:05:00,0.000000,0.580000
TP10,2026-07-23 23:10:00,0.000000,0.560000
TP10,2026-07-23 23:15:00,0.000000,0.640000
TP10,2026-07-23 23:20:00,0.000000,0.720000
TP10,2026-07-23 23:25:00,0.000000,0.710000
TP10,2026-07-23 23:30:00,0.000000,0.780000
TP10,2026-07-23 23:35:00,0.000000,0.900000
TP10,2026-07-23 23:40:00,0.000000,0.910000
TP10,2026-07-23 23:45:00,0.000000,0.960000
TP10,2026-07-23 23:50:00,0.000000,0.960000
TP10,2026-07-23 23:55:00,0.000000,1.060000
TP10,2026-07-24 00:00:00,0.000000,1.080000
TP10,2026-07-24 00:05:00,0.000000,1.070000
TP10,2026-07-24 00:10:00,0.000000,1.090000
TP10,2026-07-24 00:15:00,0.000000,1.110000
TP10,2026-07-24 00:20:00,0.000000,1.120000
TP10,2026-07-24 00:25:00,0.000000,1.060000
TP10,2026-07-24 00:30:00,0.000000,1.120000
TP10,2026-07-24 00:35:00,0.000000,1.200000
TP10,2026-07-24 00:40:00,0.000000,1.220000
TP10,2026-07-24 00:45:00,0.000000,1.180000
TP10,2026-07-24 00:50:00,0.000000,1.230000
TP10,2026-07-24 00:55:00,0.000000,1.180000
TP10,2026-07-24 01:00:00,0.000000,1.220000
TP10,2026-07-24 01:05:00,0.000000,1.270000
TP10,2026-07-24 01:10:00,0.000000,1.280000
TP10,2026-07-24 01:15:00,0.000000,1.460000
TP10,2026-07-24 01:20:00,0.000000,1.560000
TP10,2026-07-24 01:25:00,0.000000,1.590000
TP10,2026-07-24 01:30:00,0.000000,1.610000
TP10,2026-07-24 01:35:00,0.000000,1.620000
TP10,2026-07-24 01:40:00,0.000000,1.640000
TP10,2026-07-24 01:45:00,0.000000,1.580000
TP10,2026-07-24 01:50:00,0.000000,1.620000
TP10,2026-07-24 01:55:00,0.000000,1.590000
TP10,2026-07-24 02:00:00,0.000000,1.640000
TP10,2026-07-24 02:05:00,0.000000,1.750000
TP10,2026-07-24 02:10:00,0.000000,1.830000
TP10,2026-07-24 02:15:00,0.000000,1.760000
TP10,2026-07-24 02:20:00,0.000000,1.740000
TP10,2026-07-24 02:25:00,0.000000,1.710000
TP10,2026-07-24 02:30:00,0.000000,1.620000
TP10,2026-07-24 02:35:00,0.000000,1.730000
TP10,2026-07-24 02:40:00,0.000000,1.400000
TP10,2026-07-24 02:45:00,0.000000,1.300000
TP10,2026-07-24 02:50:00,0.000000,1.390000
TP10,2026-07-24 02:55:00,0.000000,1.450000
TP10,2026-07-24 03:00:00,0.000000,1.480000
TP10,2026-07-24 03:05:00,0.000000,1.700000
TP10,2026-07-24 03:10:00,0.000000,1.570000
TP10,2026-07-24 03:15:00,0.000000,1.520000
TP10,2026-07-24 03:20:00,0.000000,1.540000
TP10,2026-07-24 03:25:00,0.000000,1.530000
TP10,2026-07-24 03:30:00,0.000000,1.580000
TP10,2026-07-24 03:35:00,0.000000,1.620000
TP10,2026-07-24 03:40:00,0.000000,1.630000
TP10,2026-07-24 03:45:00,0.000000,1.650000
TP10,2026-07-24 03:50:00,0.000000,1.640000
TP10,2026-07-24 03:55:00,0.000000,1.600000
TP10,2026-07-24 04:00:00,0.000000,1.620000
TP10,2026-07-24 04:05:00,0.000000,1.850000
TP10,2026-07-24 04:10:00,0.000000,1.610000
TP10,2026-07-24 04:15:00,0.000000,1.580000
TP10,2026-07-24 04:20:00,0.000000,1.590000
TP10,2026-07-24 04:25:00,0.000000,1.590000
TP10,2026-07-24 04:30:00,0.000000,1.630000
TP10,2026-07-24 04:35:00,0.000000,1.590000
TP10,2026-07-24 04:40:00,0.000000,1.580000
TP10,2026-07-24 04:45:00,0.000000,1.510000
TP10,2026-07-24 04:50:00,0.000000,1.500000
TP10,2026-07-24 04:55:00,0.000000,1.520000
TP10,2026-07-24 05:00:00,0.000000,1.490000
TP10,2026-07-24 05:05:00,0.000000,1.740000
TP10,2026-07-24 05:10:00,0.000000,1.440000
TP10,2026-07-24 05:15:00,0.000000,1.460000
TP10,2026-07-24 05:20:00,0.000000,1.470000
TP10,2026-07-24 05:25:00,0.000000,1.520000
TP10,2026-07-24 05:30:00,0.000000,1.530000
TP10,2026-07-24 05:35:00,0.000000,1.850000
TP10,2026-07-24 05:40:00,0.000000,1.390000
TP10,2026-07-24 05:45:00,0.000000,1.370000
TP10,2026-07-24 05:50:00,0.000000,1.380000
TP10,2026-07-24 05:55:00,0.000000,1.220000
TP10,2026-07-24 06:00:00,0.000000,1.150000
TP10,2026-07-24 06:05:00,0.000000,1.280000
TP10,2026-07-24 06:10:00,0.000000,1.040000
TP10,2026-07-24 06:15:00,0.000000,0.970000
TP10,2026-07-24 06:20:00,0.000000,0.950000
TP10,2026-07-24 06:25:00,0.000000,0.870000
TP10,2026-07-24 06:30:00,0.000000,0.950000
TP10,2026-07-24 06:35:00,0.000000,0.720000
TP10,2026-07-24 06:40:00,0.000000,0.590000
TP10,2026-07-24 06:45:00,0.000000,0.500000
TP10,2026-07-24 06:50:00,0.000000,0.340000
TP10,2026-07-24 06:55:00,0.000000,0.290000
TP10,2026-07-24 07:00:00,0.000000,0.280000
TP10,2026-07-24 07:05:00,0.000000,0.470000
TP10,2026-07-24 07:10:00,0.000000,-0.010000
TP10,2026-07-24 07:15:00,0.000000,-0.110000
TP10,2026-07-24 07:20:00,0.000000,-0.190000
TP10,2026-07-24 07:25:00,0.000000,-0.290000
TP10,2026-07-24 07:30:00,0.000000,-0.390000
TP10,2026-07-24 07:35:00,0.000000,-0.360000
TP10,2026-07-24 07:40:00,0.000000,-0.510000
TP10,2026-07-24 07:45:00,0.000000,-0.570000
TP10,2026-07-24 07:50:00,0.000000,-0.660000
TP10,2026-07-24 07:55:00,0.000000,-0.710000
TP10,2026-07-24 08:00:00,0.000000,-0.690000
TP10,2026-07-24 08:05:00,0.000000,-0.650000
TP10,2026-07-24 08:10:00,0.000000,-0.800000
TP10,2026-07-24 08:15:00,0.000000,-0.840000
TP10,2026-07-24 08:20:00,0.000000,-0.850000
TP10,2026-07-24 08:25:00,0.000000,-0.890000
TP10,2026-07-24 08:30:00,0.000000,-0.950000
TP10,2026-07-24 08:35:00,0.000000,-0.900000
TP10,2026-07-24 08:40:00,0.000000,-0.950000
TP10,2026-07-24 08:45:00,0.000000,-0.990000
TP10,2026-07-24 08:50:00,0.000000,-1.030000
TP10,2026-07-24 08:55:00,0.000000,-0.990000
TP10,2026-07-24 09:00:00,0.000000,-0.930000
TP10,2026-07-24 09:05:00,0.000000,-0.910000
TP10,2026-07-24 09:10:00,0.000000,-0.980000
TP10,2026-07-24 09:15:00,0.000000,-0.970000
TP10,2026-07-24 09:20:00,0.000000,-0.970000
TP10,2026-07-24 09:25:00,0.000000,-0.950000
TP10,2026-07-24 09:30:00,0.000000,-0.950000
TP10,2026-07-24 09:35:00,0.000000,-0.920000
TP10,2026-07-24 09:40:00,0.000000,-0.910000
TP10,2026-07-24 09:45:00,0.000000,-0.860000
TP10,2026-07-24 09:50:00,0.000000,-0.780000
TP10,2026-07-24 09:55:00,0.000000,-0.740000
TP10,2026-07-24 10:00:00,0.000000,-0.710000
TP10,2026-07-24 10:05:00,0.000000,-0.590000
TP10,2026-07-24 10:10:00,0.000000,-0.620000
TP10,2026-07-24 10:15:00,0.000000,-0.530000
TP10,2026-07-24 10:20:00,0.000000,-0.490000
TP10,2026-07-24 10:25:00,0.000000,-0.430000
TP10,2026-07-24 10:30:00,0.000000,-0.220000
TP10,2026-07-24 10:35:00,0.000000,-0.180000
TP10,2026-07-24 10:40:00,0.000000,-0.090000
TP10,2026-07-24 10:45:00,0.000000,-0.140000
TP10,2026-07-24 10:50:00,0.000000,-0.060000
TP10,2026-07-24 10:55:00,0.000000,-0.010000
TP10,2026-07-24 11:00:00,0.000000,0.020000
TP10,2026-07-24 11:05:00,0.000000,0.120000
TP10,2026-07-24 11:10:00,0.000000,0.040000
TP10,2026-07-24 11:15:00,0.000000,0.150000
TP10,2026-07-24 11:20:00,0.000000,0.200000
TP10,2026-07-24 11:25:00,0.000000,0.160000
TP10,2026-07-24 11:30:00,0.000000,0.240000
TP10,2026-07-24 11:35:00,0.000000,0.270000
TP10,2026-07-24 11:40:00,0.000000,0.310000
TP10,2026-07-24 11:45:00,0.000000,0.490000
TP10,2026-07-24 11:50:00,0.000000,0.460000
TP10,2026-07-24 11:55:00,0.000000,0.510000
TP10,2026-07-24 12:00:00,0.000000,0.530000
TP10,2026-07-24 12:05:00,0.000000,0.570000
TP10,2026-07-24 12:10:00,0.000000,0.680000
TP10,2026-07-24 12:15:00,0.000000,0.630000
TP10,2026-07-24 12:20:00,0.000000,0.660000
TP10,2026-07-24 12:25:00,0.000000,0.760000
TP10,2026-07-24 12:30:00,0.000000,0.710000
TP10,2026-07-24 12:35:00,0.000000,0.740000
TP10,2026-07-24 12:40:00,0.000000,0.740000
TP10,2026-07-24 12:45:00,0.000000,0.760000
TP10,2026-07-24 12:50:00,0.000000,0.800000
TP10,2026-07-24 12:55:00,0.000000,0.820000
TP10,2026-07-24 13:00:00,0.000000,0.780000
TP10,2026-07-24 13:05:00,0.000000,0.840000
TP10,2026-07-24 13:10:00,0.000000,0.830000
TP10,2026-07-24 13:15:00,0.000000,0.810000
TP10,2026-07-24 13:20:00,0.000000,0.900000
TP10,2026-07-24 13:25:00,0.000000,0.830000
TP10,2026-07-24 13:30:00,0.000000,0.990000
TP10,2026-07-24 13:35:00,0.000000,0.960000
TP10,2026-07-24 13:40:00,0.000000,0.810000
TP10,2026-07-24 13:45:00,0.000000,0.860000
TP10,2026-07-24 13:50:00,0.000000,0.810000
TP10,2026-07-24 13:55:00,0.000000,0.790000
TP10,2026-07-24 14:00:00,0.000000,0.820000
TP10,2026-07-24 14:05:00,0.000000,0.950000
TP10,2026-07-24 14:10:00,0.000000,0.870000
TP10,2026-07-24 14:15:00,0.000000,0.930000
TP10,2026-07-24 14:20:00,0.000000,0.960000
TP10,2026-07-24 14:25:00,0.000000,0.890000
TP10,2026-07-24 14:30:00,0.000000,0.970000
TP10,2026-07-24 14:35:00,0.000000,1.010000
TP10,2026-07-24 14:40:00,0.000000,1.060000
TP10,2026-07-24 14:45:00,0.000000,1.090000
TP10,2026-07-24 14:50:00,0.000000,1.080000
TP10,2026-07-24 14:55:00,0.000000,1.000000
TP10,2026-07-24 15:00:00,0.000000,1.020000
TP10,2026-07-24 15:05:00,0.000000,1.120000
TP10,2026-07-24 15:10:00,0.000000,1.040000
TP10,2026-07-24 15:15:00,0.000000,1.060000
TP10,2026-07-24 15:20:00,0.000000,1.180000
TP10,2026-07-24 15:25:00,0.000000,1.130000
TP10,2026-07-24 15:30:00,0.000000,1.140000
TP10,2026-07-24 15:35:00,0.000000,1.080000
TP10,2026-07-24 15:40:00,0.000000,1.240000
TP10,2026-07-24 15:45:00,0.000000,1.230000
TP10,2026-07-24 15:50:00,0.000000,1.380000
TP10,2026-07-24 15:55:00,0.000000,1.390000
TP10,2026-07-24 16:00:00,0.000000,1.410000
TP10,2026-07-24 16:05:00,0.000000,1.650000
TP10,2026-07-24 16:10:00,0.000000,1.310000
TP10,2026-07-24 16:15:00,0.000000,1.500000
TP10,2026-07-24 16:20:00,0.000000,1.480000
TP10,2026-07-24 16:25:00,0.000000,1.510000
TP10,2026-07-24 16:30:00,0.000000,1.640000
TP10,2026-07-24 16:35:00,0.000000,1.740000
TP10,2026-07-24 16:40:00,0.000000,1.480000
TP10,2026-07-24 16:45:00,0.000000,1.560000
TP10,2026-07-24 16:50:00,0.000000,1.580000
TP10,2026-07-24 16:55:00,0.000000,1.520000
TP10,2026-07-24 17:00:00,0.000000,1.520000
TP10,2026-07-24 17:05:00,0.000000,1.640000
TP10,2026-07-24 17:10:00,0.000000,1.510000
TP10,2026-07-24 17:15:00,0.000000,1.520000
TP10,2026-07-24 17:20:00,0.000000,1.570000
TP10,2026-07-24 17:25:00,0.000000,1.620000
TP10,2026-07-24 17:30:00,0.000000,1.610000
TP10,2026-07-24 17:35:00,0.000000,1.650000
TP10,2026-07-24 17:40:00,0.000000,1.700000
TP10,2026-07-24 17:45:00,0.000000,1.620000
TP10,2026-07-24 17:50:00,0.000000,1.660000
TP10,2026-07-24 17:55:00,0.000000,1.640000
TP10,2026-07-24 18:00:00,0.000000,1.650000
TP10,2026-07-24 18:05:00,0.000000,1.470000
TP10,2026-07-24 18:10:00,0.000000,1.480000
TP10,2026-07-24 18:15:00,0.000000,1.540000
TP10,2026-07-24 18:20:00,0.000000,1.530000
TP10,2026-07-24 18:25:00,0.000000,1.560000
TP10,2026-07-24 18:30:00,0.000000,1.560000
TP10,2026-07-24 18:35:00,0.000000,1.510000
TP10,2026-07-24 18:40:00,0.000000,1.390000
TP10,2026-07-24 18:45:00,0.000000,1.340000
TP10,2026-07-24 18:50:00,0.000000,1.220000
TP10,2026-07-24 18:55:00,0.000000,1.180000
TP10,2026-07-24 19:00:00,0.000000,1.140000
TP10,2026-07-24 19:05:00,0.000000,1.270000
TP10,2026-07-24 19:10:00,0.000000,1.020000
TP10,2026-07-24 19:15:00,0.000000,0.970000
TP10,2026-07-24 19:20:00,0.000000,0.920000
TP10,2026-07-24 19:25:00,0.000000,0.880000
TP10,2026-07-24 19:30:00,0.000000,0.850000
TP10,2026-07-24 19:35:00,0.000000,0.780000
TP10,2026-07-24 19:40:00,0.000000,0.810000
TP10,2026-07-24 19:45:00,0.000000,0.770000
TP10,2026-07-24 19:50:00,0.000000,0.710000
TP10,2026-07-24 19:55:00,0.000000,0.670000
TP10,2026-07-24 20:00:00,0.000000,0.780000
TP10,2026-07-24 20:05:00,0.000000,0.620000
TP10,2026-07-24 20:10:00,0.000000,0.570000
TP10,2026-07-24 20:15:00,0.000000,0.500000
TP10,2026-07-24 20:20:00,0.000000,0.480000
TP10,2026-07-24 20:25:00,0.000000,0.480000
TP10,2026-07-24 20:30:00,0.000000,0.470000
TP10,2026-07-24 20:35:00,0.000000,0.400000
TP10,2026-07-24 20:40:00,0.000000,0.420000
TP10,2026-07-24 20:45:00,0.000000,0.360000
TP10,2026-07-24 20:50:00,0.000000,0.290000
TP10,2026-07-24 20:55:00,0.000000,0.290000
TP10,2026-07-24 21:00:00,0.000000,0.350000
TP10,2026-07-24 21:05:00,0.000000,0.530000
TP10,2026-07-24 21:10:00,0.000000,0.310000
TP10,2026-07-24 21:15:00,0.000000,0.270000
TP10,2026-07-24 21:20:00,0.000000,0.320000
TP10,2026-07-24 21:25:00,0.000000,0.390000
TP10,2026-07-24 21:30:00,0.000000,0.370000
TP10,2026-07-24 21:35:00,0.000000,0.390000
TP10,2026-07-24 21:40:00,0.000000,0.340000
TP10,2026-07-24 21:45:00,0.000000,0.330000
TP10,2026-07-24 21:50:00,0.000000,0.360000
TP10,2026-07-24 21:55:00,0.000000,0.390000
TP10,2026-07-24 22:00:00,0.000000,0.530000
TP10,2026-07-24 22:05:00,0.000000,0.490000
TP10,2026-07-24 22:10:00,0.000000,0.600000
TP10,2026-07-24 22:15:00,0.000000,0.630000
TP10,2026-07-24 22:20:00,0.000000,0.580000
TP10,2026-07-24 22:25:00,0.000000,0.680000
TP10,2026-07-24 22:30:00,0.000000,0.740000
TP10,2026-07-24 22:35:00,0.000000,0.750000
TP10,2026-07-24 22:40:00,0.000000,0.750000
TP10,2026-07-24 22:45:00,0.000000,0.790000
TP10,2026-07-24 22:50:00,0.000000,0.780000
TP10,2026-07-24 22:55:00,0.000000,0.860000
TP10,2026-07-24 23:00:00,0.000000,0.900000
TP10,2026-07-24 23:05:00,0.000000,1.000000
TP10,2026-07-24 23:10:00,0.000000,1.000000
TP10,2026-07-24 23:15:00,0.000000,1.060000
TP10,2026-07-24 23:20:00,0.000000,1.100000
TP10,2026-07-24 23:25:00,0.000000,1.130000
TP10,2026-07-24 23:30:00,0.000000,1.190000
TP10,2026-07-24 23:35:00,0.000000,1.260000
TP10,2026-07-24 23:40:00,0.000000,1.310000
TP10,2026-07-24 23:45:00,0.000000,1.370000
TP10,2026-07-24 23:50:00,0.000000,1.410000
TP10,2026-07-24 23:55:00,0.000000,1.450000
TP10,2026-07-25 00:00:00,0.000000,1.480000
TP10,2026-07-25 00:05:00,0.000000,1.580000
TP10,2026-07-25 00:10:00,0.000000,1.530000
TP10,2026-07-25 00:15:00,0.000000,1.440000
TP10,2026-07-25 00:20:00,0.000000,1.550000
TP10,2026-07-25 00:25:00,0.000000,1.520000
TP10,2026-07-25 00:30:00,0.000000,1.560000
TP10,2026-07-25 00:35:00,0.000000,1.570000
TP10,2026-07-25 00:40:00,0.000000,1.500000
TP10,2026-07-25 00:45:00,0.000000,1.550000
TP10,2026-07-25 00:50:00,0.000000,1.520000
TP10,2026-07-25 00:55:00,0.000000,1.500000
TP10,2026-07-25 01:00:00,0.000000,1.510000
TP10,2026-07-25 01:05:00,0.000000,1.670000
TP10,2026-07-25 01:10:00,0.000000,1.600000
TP10,2026-07-25 01:15:00,0.000000,1.800000
TP10,2026-07-25 01:20:00,0.000000,1.860000
TP10,2026-07-25 01:25:00,0.000000,1.950000
TP10,2026-07-25 01:30:00,0.000000,2.060000
TP10,2026-07-25 01:35:00,0.000000,2.150000
TP10,2026-07-25 01:40:00,0.000000,1.980000
TP10,2026-07-25 01:45:00,0.000000,1.890000
TP10,2026-07-25 01:50:00,0.000000,1.910000
TP10,2026-07-25 01:55:00,0.000000,1.900000
TP10,2026-07-25 02:00:00,0.000000,2.050000
TP10,2026-07-25 02:05:00,0.000000,2.340000
TP10,2026-07-25 02:10:00,0.000000,2.140000
TP10,2026-07-25 02:15:00,0.000000,2.090000
TP10,2026-07-25 02:20:00,0.000000,2.130000
TP10,2026-07-25 02:25:00,0.000000,2.090000
TP10,2026-07-25 02:30:00,0.000000,1.980000
TP10,2026-07-25 02:35:00,0.000000,1.960000
TP10,2026-07-25 02:40:00,0.000000,1.820000
TP10,2026-07-25 02:45:00,0.000000,1.760000
TP10,2026-07-25 02:50:00,0.000000,1.760000
TP10,2026-07-25 02:55:00,0.000000,1.800000
TP10,2026-07-25 03:00:00,0.000000,2.050000
TP10,2026-07-25 03:05:00,0.000000,1.980000
TP10,2026-07-25 03:10:00,0.000000,1.950000
TP10,2026-07-25 03:15:00,0.000000,1.910000
TP10,2026-07-25 03:20:00,0.000000,1.880000
TP10,2026-07-25 03:25:00,0.000000,1.960000
TP10,2026-07-25 03:30:00,0.000000,2.010000
TP10,2026-07-25 03:35:00,0.000000,1.970000
TP10,2026-07-25 03:40:00,0.000000,2.050000
TP10,2026-07-25 03:45:00,0.000000,2.050000
TP10,2026-07-25 03:50:00,0.000000,2.030000
TP10,2026-07-25 03:55:00,0.000000,2.010000
TP10,2026-07-25 04:00:00,0.000000,2.050000
TP10,2026-07-25 04:05:00,0.000000,2.190000
TP10,2026-07-25 04:10:00,0.000000,1.880000
TP10,2026-07-25 04:15:00,0.000000,1.840000
TP10,2026-07-25 04:20:00,0.000000,1.860000
TP10,2026-07-25 04:25:00,0.000000,1.820000
TP10,2026-07-25 04:30:00,0.000000,1.940000
TP10,2026-07-25 04:35:00,0.000000,1.850000
TP10,2026-07-25 04:40:00,0.000000,1.850000
TP10,2026-07-25 04:45:00,0.000000,1.800000
TP10,2026-07-25 04:50:00,0.000000,1.840000
TP10,2026-07-25 04:55:00,0.000000,1.830000
TP10,2026-07-25 05:00:00,0.000000,1.800000
TP10,2026-07-25 05:05:00,0.000000,1.940000
TP10,2026-07-25 05:10:00,0.000000,1.770000
TP10,2026-07-25 05:15:00,0.000000,1.820000
TP10,2026-07-25 05:20:00,0.000000,1.800000
TP10,2026-07-25 05:25:00,0.000000,1.810000
TP10,2026-07-25 05:30:00,0.000000,1.830000
TP10,2026-07-25 05:35:00,0.000000,2.240000
TP10,2026-07-25 05:40:00,0.000000,1.760000
TP10,2026-07-25 05:45:00,0.000000,1.720000
TP10,2026-07-25 05:50:00,0.000000,1.950000
TP10,2026-07-25 05:55:00,0.000000,1.600000
TP10,2026-07-25 06:00:00,0.000000,1.580000
TP10,2026-07-25 06:05:00,0.000000,1.890000
TP10,2026-07-25 06:10:00,0.000000,1.420000
TP10,2026-07-25 06:15:00,0.000000,1.440000
TP10,2026-07-25 06:20:00,0.000000,1.310000
TP10,2026-07-25 06:25:00,0.000000,1.310000
TP10,2026-07-25 06:30:00,0.000000,1.370000
TP10,2026-07-25 06:35:00,0.000000,1.100000
TP10,2026-07-25 06:40:00,0.000000,1.150000
TP10,2026-07-25 06:45:00,0.000000,0.870000
TP10,2026-07-25 06:50:00,0.000000,0.820000
TP10,2026-07-25 06:55:00,0.000000,0.780000
TP10,2026-07-25 07:00:00,0.000000,0.850000
TP10,2026-07-25 07:05:00,0.000000,0.910000
TP10,2026-07-25 07:10:00,0.000000,0.430000
TP10,2026-07-25 07:15:00,0.000000,0.320000
TP10,2026-07-25 07:20:00,0.000000,0.230000
TP10,2026-07-25 07:25:00,0.000000,0.110000
TP10,2026-07-25 07:30:00,0.000000,0.010000
TP10,2026-07-25 07:35:00,0.000000,0.040000
TP10,2026-07-25 07:40:00,0.000000,-0.150000
TP10,2026-07-25 07:45:00,0.000000,-0.230000
TP10,2026-07-25 07:50:00,0.000000,-0.270000
TP10,2026-07-25 07:55:00,0.000000,-0.290000
TP10,2026-07-25 08:00:00,0.000000,-0.340000
TP10,2026-07-25 08:05:00,0.000000,-0.350000
TP10,2026-07-25 08:10:00,0.000000,-0.370000
TP10,2026-07-25 08:15:00,0.000000,-0.540000
TP10,2026-07-25 08:20:00,0.000000,-0.480000
TP10,2026-07-25 08:25:00,0.000000,-0.660000
TP10,2026-07-25 08:30:00,0.000000,-0.640000
TP10,2026-07-25 08:35:00,0.000000,-0.640000
TP10,2026-07-25 08:40:00,0.000000,-0.720000
TP10,2026-07-25 08:45:00,0.000000,-0.760000
TP10,2026-07-25 08:50:00,0.000000,-0.780000
TP10,2026-07-25 08:55:00,0.000000,-0.740000
TP10,2026-07-25 09:00:00,0.000000,-0.710000
TP10,2026-07-25 09:05:00,0.000000,-0.560000
TP10,2026-07-25 09:10:00,0.000000,-0.730000
TP10,2026-07-25 09:15:00,0.000000,-0.810000
TP10,2026-07-25 09:20:00,0.000000,-0.870000
TP10,2026-07-25 09:25:00,0.000000,-0.800000
TP10,2026-07-25 09:30:00,0.000000,-0.770000
TP10,2026-07-25 09:35:00,0.000000,-0.580000
TP10,2026-07-25 09:40:00,0.000000,-0.710000
TP10,2026-07-25 09:45:00,0.000000,-0.640000
TP10,2026-07-25 09:50:00,0.000000,-0.580000
TP10,2026-07-25 09:55:00,0.000000,-0.610000
TP10,2026-07-25 10:00:00,0.000000,-0.580000
TP10,2026-07-25 10:05:00,0.000000,-0.380000
TP10,2026-07-25 10:10:00,0.000000,-0.500000
TP10,2026-07-25 10:15:00,0.000000,-0.430000
TP10,2026-07-25 10:20:00,0.000000,-0.350000
TP10,2026-07-25 10:25:00,0.000000,-0.300000
TP10,2026-07-25 10:30:00,0.000000,-0.140000
TP10,2026-07-25 10:35:00,0.000000,-0.100000
TP10,2026-07-25 10:40:00,0.000000,0.060000
TP10,2026-07-25 10:45:00,0.000000,0.060000
TP10,2026-07-25 10:50:00,0.000000,0.150000
TP10,2026-07-25 10:55:00,0.000000,0.140000
TP10,2026-07-25 11:00:00,0.000000,0.300000
TP10,2026-07-25 11:05:00,0.000000,0.450000
TP10,2026-07-25 11:10:00,0.000000,0.320000
TP10,2026-07-25 11:15:00,0.000000,0.390000
TP10,2026-07-25 11:20:00,0.000000,0.460000
TP10,2026-07-25 11:25:00,0.000000,0.500000
TP10,2026-07-25 11:30:00,0.000000,0.560000
TP10,2026-07-25 11:35:00,0.000000,0.570000
TP10,2026-07-25 11:40:00,0.000000,0.780000
TP10,2026-07-25 11:45:00,0.000000,0.760000
TP10,2026-07-25 11:50:00,0.000000,0.790000
TP10,2026-07-25 11:55:00,0.000000,1.210000
TP10,2026-07-25 12:00:00,0.000000,0.860000
TP10,2026-07-25 12:05:00,0.000000,0.900000
TP10,2026-07-25 12:10:00,0.000000,1.120000
TP10,2026-07-25 12:15:00,0.000000,1.070000
TP10,2026-07-25 12:20:00,0.000000,1.130000
TP10,2026-07-25 12:25:00,0.000000,1.170000
TP10,2026-07-25 12:30:00,0.000000,1.290000
TP10,2026-07-25 12:35:00,0.000000,1.220000
TP10,2026-07-25 12:40:00,0.000000,1.280000
TP10,2026-07-25 12:45:00,0.000000,1.270000
TP10,2026-07-25 12:50:00,0.000000,1.170000
TP10,2026-07-25 12:55:00,0.000000,1.160000
TP10,2026-07-25 13:00:00,0.000000,1.260000
TP10,2026-07-25 13:05:00,0.000000,1.190000
TP10,2026-07-25 13:10:00,0.000000,1.300000
TP10,2026-07-25 13:15:00,0.000000,1.220000
TP10,2026-07-25 13:20:00,0.000000,1.170000
TP10,2026-07-25 13:25:00,0.000000,1.150000
TP10,2026-07-25 13:30:00,0.000000,1.210000
TP10,2026-07-25 13:35:00,0.000000,1.260000
TP10,2026-07-25 13:40:00,0.000000,1.210000
TP10,2026-07-25 13:45:00,0.000000,1.150000
TP10,2026-07-25 13:50:00,0.000000,1.250000
TP10,2026-07-25 13:55:00,0.000000,1.240000
TP10,2026-07-25 14:00:00,0.000000,1.130000
TP10,2026-07-25 14:05:00,0.000000,1.110000
TP10,2026-07-25 14:10:00,0.000000,1.180000
TP10,2026-07-25 14:15:00,0.000000,1.140000
TP10,2026-07-25 14:20:00,0.000000,1.220000
TP10,2026-07-25 14:25:00,0.000000,1.220000
TP10,2026-07-25 14:30:00,0.000000,1.340000
TP10,2026-07-25 14:35:00,0.000000,1.430000
TP10,2026-07-25 14:40:00,0.000000,1.370000
TP10,2026-07-25 14:45:00,0.000000,1.310000
TP10,2026-07-25 14:50:00,0.083333,1.690000
TP10,2026-07-25 14:55:00,0.166667,1.370000
TP10,2026-07-25 15:00:00,0.250000,1.530000
TP10,2026-07-25 15:05:00,0.333333,2.420000
TP10,2026-07-25 15:10:00,0.416667,5.530000
TP10,2026-07-25 15:15:00,0.500000,6.050000
TP10,2026-07-25 15:20:00,0.583333,3.120000
TP10,2026-07-25 15:25:00,0.666667,1.390000
TP10,2026-07-25 15:30:00,0.750000,1.250000
TP10,2026-07-25 15:35:00,0.833333,1.030000
TP10,2026-07-25 15:40:00,0.916667,1.130000
TP10,2026-07-25 15:45:00,1.000000,1.060000
TP10,2026-07-25 15:50:00,1.416667,3.940000
TP10,2026-07-25 15:55:00,1.833333,19.550000
TP10,2026-07-25 16:00:00,2.250000,11.890000
TP10,2026-07-25 16:05:00,2.666667,8.620000
TP10,2026-07-25 16:10:00,3.083333,3.310000
TP10,2026-07-25 16:15:00,3.500000,2.240000
TP10,2026-07-25 16:20:00,3.916667,1.790000
TP10,2026-07-25 16:25:00,4.333333,1.760000
TP10,2026-07-25 16:30:00,4.750000,1.430000
TP10,2026-07-25 16:35:00,5.166667,0.840000
TP10,2026-07-25 16:40:00,5.583333,0.750000
TP10,2026-07-25 16:45:00,6.000000,0.500000
TP10,2026-07-25 16:50:00,5.500000,0.310000
TP10,2026-07-25 16:55:00,5.000000,0.290000
TP10,2026-07-25 17:00:00,4.500000,0.270000
TP10,2026-07-25 17:05:00,4.000000,0.760000
TP10,2026-07-25 17:10:00,3.500000,0.770000
TP10,2026-07-25 17:15:00,3.000000,0.460000
TP10,2026-07-25 17:20:00,2.500000,0.370000
TP10,2026-07-25 17:25:00,2.000000,0.420000
TP10,2026-07-25 17:30:00,1.500000,0.470000
TP10,2026-07-25 17:35:00,1.000000,0.480000
TP10,2026-07-25 17:40:00,0.500000,0.670000
TP10,2026-07-25 17:45:00,0.000000,0.480000
TP10,2026-07-25 17:50:00,0.000000,0.450000
TP10,2026-07-25 17:55:00,0.000000,0.460000
TP10,2026-07-25 18:00:00,0.000000,0.460000
TP10,2026-07-25 18:05:00,0.000000,0.450000
TP10,2026-07-25 18:10:00,0.000000,0.560000
TP10,2026-07-25 18:15:00,0.000000,0.550000
TP10,2026-07-25 18:20:00,0.000000,0.510000
TP10,2026-07-25 18:25:00,0.000000,0.480000
TP10,2026-07-25 18:30:00,0.000000,0.460000
TP10,2026-07-25 18:35:00,0.000000,0.400000
TP10,2026-07-25 18:40:00,0.000000,0.410000
TP10,2026-07-25 18:45:00,0.000000,0.420000
TP10,2026-07-25 18:50:00,0.000000,0.410000
TP10,2026-07-25 18:55:00,0.000000,0.400000
TP10,2026-07-25 19:00:00,0.000000,0.370000
TP10,2026-07-25 19:05:00,0.000000,0.380000
TP10,2026-07-25 19:10:00,0.000000,0.410000
TP10,2026-07-25 19:15:00,0.000000,0.330000
TP10,2026-07-25 19:20:00,0.000000,0.350000
TP10,2026-07-25 19:25:00,0.000000,0.240000
TP10,2026-07-25 19:30:00,0.000000,0.270000
TP10,2026-07-25 19:35:00,0.000000,0.240000
TP10,2026-07-25 19:40:00,0.000000,0.420000
TP10,2026-07-25 19:45:00,0.000000,0.200000
TP10,2026-07-25 19:50:00,0.000000,0.240000
TP10,2026-07-25 19:55:00,0.000000,0.160000
TP10,2026-07-25 20:00:00,0.000000,0.140000
TP10,2026-07-25 20:05:00,0.000000,0.370000
TP10,2026-07-25 20:10:00,0.000000,0.590000
TP10,2026-07-25 20:15:00,0.000000,0.590000
TP10,2026-07-25 20:20:00,0.000000,0.780000
TP10,2026-07-25 20:25:00,0.000000,0.480000
TP10,2026-07-25 20:30:00,0.000000,0.390000
TP10,2026-07-25 20:35:00,0.000000,0.690000
TP10,2026-07-25 20:40:00,0.000000,0.880000
TP10,2026-07-25 20:45:00,0.000000,1.210000
TP10,2026-07-25 20:50:00,0.083333,1.300000
TP10,2026-07-25 20:55:00,0.166667,1.260000
TP10,2026-07-25 21:00:00,0.250000,1.040000
TP10,2026-07-25 21:05:00,0.333333,0.930000
TP10,2026-07-25 21:10:00,0.416667,0.840000
TP10,2026-07-25 21:15:00,0.500000,0.940000
TP10,2026-07-25 21:20:00,0.583333,1.080000
TP10,2026-07-25 21:25:00,0.666667,1.180000
TP10,2026-07-25 21:30:00,0.750000,0.980000
TP10,2026-07-25 21:35:00,0.833333,0.910000
TP10,2026-07-25 21:40:00,0.916667,0.950000
TP10,2026-07-25 21:45:00,1.000000,1.150000
TP10,2026-07-25 21:50:00,0.916667,0.880000
TP10,2026-07-25 21:55:00,0.833333,0.610000
TP10,2026-07-25 22:00:00,0.750000,0.450000
TP10,2026-07-25 22:05:00,0.666667,0.460000
TP10,2026-07-25 22:10:00,0.583333,0.330000
TP10,2026-07-25 22:15:00,0.500000,0.320000
TP10,2026-07-25 22:20:00,0.416667,0.370000
TP10,2026-07-25 22:25:00,0.333333,0.480000
TP10,2026-07-25 22:30:00,0.250000,0.460000
TP10,2026-07-25 22:35:00,0.166667,0.570000
TP10,2026-07-25 22:40:00,0.083333,0.520000
TP10,2026-07-25 22:45:00,0.000000,0.560000
TP10,2026-07-25 22:50:00,0.000000,0.780000
TP10,2026-07-25 22:55:00,0.000000,0.930000
TP10,2026-07-25 23:00:00,0.000000,1.120000
TP10,2026-07-25 23:05:00,0.000000,1.420000
TP10,2026-07-25 23:10:00,0.000000,1.450000
TP10,2026-07-25 23:15:00,0.000000,1.420000
TP10,2026-07-25 23:20:00,0.000000,1.480000
TP10,2026-07-25 23:25:00,0.000000,1.170000
TP10,2026-07-25 23:30:00,0.000000,1.230000
TP10,2026-07-25 23:35:00,0.000000,1.540000
TP10,2026-07-25 23:40:00,0.000000,1.450000
TP10,2026-07-25 23:45:00,0.000000,1.370000
TP10,2026-07-25 23:50:00,0.166667,1.920000
TP10,2026-07-25 23:55:00,0.333333,2.100000
TP10,2026-07-26 00:00:00,0.500000,2.040000
TP10,2026-07-26 00:05:00,0.666667,2.320000
TP10,2026-07-26 00:10:00,0.833333,3.160000
TP10,2026-07-26 00:15:00,1.000000,2.570000
TP10,2026-07-26 00:20:00,1.166667,3.700000
TP10,2026-07-26 00:25:00,1.333333,3.280000
TP10,2026-07-26 00:30:00,1.500000,4.030000
TP10,2026-07-26 00:35:00,1.666667,5.020000
TP10,2026-07-26 00:40:00,1.833333,5.120000
TP10,2026-07-26 00:45:00,2.000000,5.220000
TP10,2026-07-26 00:50:00,2.083333,3.580000
TP10,2026-07-26 00:55:00,2.166667,3.300000
TP10,2026-07-26 01:00:00,2.250000,3.030000
TP10,2026-07-26 01:05:00,2.333333,2.910000
TP10,2026-07-26 01:10:00,2.416667,2.320000
TP10,2026-07-26 01:15:00,2.500000,3.690000
TP10,2026-07-26 01:20:00,2.583333,3.660000
TP10,2026-07-26 01:25:00,2.666667,3.810000
TP10,2026-07-26 01:30:00,2.750000,4.330000
TP10,2026-07-26 01:35:00,2.833333,4.140000
TP10,2026-07-26 01:40:00,2.916667,3.120000
TP10,2026-07-26 01:45:00,3.000000,3.300000
TP10,2026-07-26 01:50:00,3.000000,2.980000
TP10,2026-07-26 01:55:00,3.000000,3.530000
TP10,2026-07-26 02:00:00,3.000000,3.880000
TP10,2026-07-26 02:05:00,3.000000,3.290000
TP10,2026-07-26 02:10:00,3.000000,2.860000
TP10,2026-07-26 02:15:00,3.000000,2.800000
TP10,2026-07-26 02:20:00,3.000000,3.150000
TP10,2026-07-26 02:25:00,3.000000,2.880000
TP10,2026-07-26 02:30:00,3.000000,2.870000
TP10,2026-07-26 02:35:00,3.000000,2.420000
TP10,2026-07-26 02:40:00,3.000000,2.190000
TP10,2026-07-26 02:45:00,3.000000,1.830000
TP10,2026-07-26 02:50:00,3.000000,2.260000
TP10,2026-07-26 02:55:00,3.000000,2.810000
TP10,2026-07-26 03:00:00,3.000000,4.110000
TP10,2026-07-26 03:05:00,3.000000,4.600000
TP10,2026-07-26 03:10:00,3.000000,3.530000
TP10,2026-07-26 03:15:00,3.000000,4.090000
TP10,2026-07-26 03:20:00,3.000000,5.710000
TP10,2026-07-26 03:25:00,3.000000,5.730000
TP10,2026-07-26 03:30:00,3.000000,4.650000
TP10,2026-07-26 03:35:00,3.000000,4.690000
TP10,2026-07-26 03:40:00,3.000000,5.660000
TP10,2026-07-26 03:45:00,3.000000,4.610000
TP10,2026-07-26 03:50:00,3.416667,5.390000
TP10,2026-07-26 03:55:00,3.833333,4.500000
TP10,2026-07-26 04:00:00,4.250000,4.270000
TP10,2026-07-26 04:05:00,4.666667,4.400000
TP10,2026-07-26 04:10:00,5.083333,4.710000
TP10,2026-07-26 04:15:00,5.500000,5.070000
TP10,2026-07-26 04:20:00,5.916667,4.760000
TP10,2026-07-26 04:25:00,6.333333,5.680000
TP10,2026-07-26 04:30:00,6.750000,4.540000
TP10,2026-07-26 04:35:00,7.166667,5.560000
TP10,2026-07-26 04:40:00,7.583333,5.140000
TP10,2026-07-26 04:45:00,8.000000,5.300000
TP10,2026-07-26 04:50:00,8.750000,5.150000
TP10,2026-07-26 04:55:00,9.500000,5.170000
TP10,2026-07-26 05:00:00,10.250000,5.240000
TP10,2026-07-26 05:05:00,11.000000,5.330000
TP10,2026-07-26 05:10:00,11.750000,4.680000
TP10,2026-07-26 05:15:00,12.500000,5.310000
TP10,2026-07-26 05:20:00,13.250000,4.590000
TP10,2026-07-26 05:25:00,14.000000,5.930000
TP10,2026-07-26 05:30:00,14.750000,11.360000
TP10,2026-07-26 05:35:00,15.500000,11.910000
TP10,2026-07-26 05:40:00,16.250000,10.630000
TP10,2026-07-26 05:45:00,17.000000,11.530000
TP10,2026-07-26 05:50:00,18.000000,10.530000
TP10,2026-07-26 05:55:00,19.000000,11.580000
TP10,2026-07-26 06:00:00,20.000000,11.440000
TP10,2026-07-26 06:05:00,21.000000,16.010000
TP10,2026-07-26 06:10:00,22.000000,12.180000
TP10,2026-07-26 06:15:00,23.000000,6.930000
TP10,2026-07-26 06:20:00,24.000000,5.280000
TP10,2026-07-26 06:25:00,25.000000,4.170000
TP10,2026-07-26 06:30:00,26.000000,5.550000
TP10,2026-07-26 06:35:00,27.000000,5.430000
TP10,2026-07-26 06:40:00,28.000000,4.930000
TP10,2026-07-26 06:45:00,29.000000,2.930000
TP10,2026-07-26 06:50:00,28.583333,4.780000
TP10,2026-07-26 06:55:00,28.166667,4.910000
TP10,2026-07-26 07:00:00,27.750000,6.200000
TP10,2026-07-26 07:05:00,27.333333,6.620000
TP10,2026-07-26 07:10:00,26.916667,3.920000
TP10,2026-07-26 07:15:00,26.500000,3.190000
TP10,2026-07-26 07:20:00,26.083333,2.290000
TP10,2026-07-26 07:25:00,25.666667,5.960000
TP10,2026-07-26 07:30:00,25.250000,6.510000
TP10,2026-07-26 07:35:00,24.833333,3.560000
TP10,2026-07-26 07:40:00,24.416667,3.470000
TP10,2026-07-26 07:45:00,24.000000,4.470000
TP10,2026-07-26 07:50:00,24.083333,4.020000
TP10,2026-07-26 07:55:00,24.166667,1.930000
TP10,2026-07-26 08:00:00,24.250000,2.550000
TP10,2026-07-26 08:05:00,24.333333,3.780000
TP10,2026-07-26 08:10:00,24.416667,1.310000
TP10,2026-07-26 08:15:00,24.500000,3.720000
TP10,2026-07-26 08:20:00,24.583333,4.070000
TP10,2026-07-26 08:25:00,24.666667,1.350000
TP10,2026-07-26 08:30:00,24.750000,2.170000
TP10,2026-07-26 08:35:00,24.833333,4.710000
TP10,2026-07-26 08:40:00,24.916667,5.410000
TP10,2026-07-26 08:45:00,25.000000,1.910000
TP10,2026-07-26 08:50:00,24.250000,2.700000
TP10,2026-07-26 08:55:00,23.500000,3.260000
TP10,2026-07-26 09:00:00,22.750000,4.610000
TP10,2026-07-26 09:05:00,22.000000,4.990000
TP10,2026-07-26 09:10:00,21.250000,4.710000
TP10,2026-07-26 09:15:00,20.500000,3.650000
TP10,2026-07-26 09:20:00,19.750000,2.220000
TP10,2026-07-26 09:25:00,19.000000,0.610000
TP10,2026-07-26 09:30:00,18.250000,0.110000
TP10,2026-07-26 09:35:00,17.500000,0.430000
TP10,2026-07-26 09:40:00,16.750000,0.190000
TP10,2026-07-26 09:45:00,16.000000,0.320000
TP10,2026-07-26 09:50:00,15.166667,0.060000
TP10,2026-07-26 09:55:00,14.333333,0.460000
TP10,2026-07-26 10:00:00,13.500000,0.370000
TP10,2026-07-26 10:05:00,12.666667,0.870000
TP10,2026-07-26 10:10:00,11.833333,2.020000
TP10,2026-07-26 10:15:00,11.000000,1.200000
TP10,2026-07-26 10:20:00,10.166667,0.490000
TP10,2026-07-26 10:25:00,9.333333,-0.080000
TP10,2026-07-26 10:30:00,8.500000,0.120000
TP10,2026-07-26 10:35:00,7.666667,-0.340000
TP10,2026-07-26 10:40:00,6.833333,0.220000
TP10,2026-07-26 10:45:00,6.000000,-0.010000
TP10,2026-07-26 10:50:00,5.666667,-0.050000
TP10,2026-07-26 10:55:00,5.333333,0.420000
TP10,2026-07-26 11:00:00,5.000000,-0.170000
TP10,2026-07-26 11:05:00,4.666667,0.270000
TP10,2026-07-26 11:10:00,4.333333,0.000000
TP10,2026-07-26 11:15:00,4.000000,0.100000
TP10,2026-07-26 11:20:00,3.666667,0.240000
TP10,2026-07-26 11:25:00,3.333333,0.110000
TP10,2026-07-26 11:30:00,3.000000,0.720000
TP10,2026-07-26 11:35:00,2.666667,0.220000
TP10,2026-07-26 11:40:00,2.333333,0.060000
TP10,2026-07-26 11:45:00,2.000000,0.940000
TP10,2026-07-26 11:50:00,2.333333,0.910000
TP10,2026-07-26 11:55:00,2.666667,0.870000
TP10,2026-07-26 12:00:00,3.000000,0.440000
TP10,2026-07-26 12:05:00,3.333333,0.820000
TP10,2026-07-26 12:10:00,3.666667,0.750000
TP10,2026-07-26 12:15:00,4.000000,1.360000
TP10,2026-07-26 12:20:00,4.333333,0.540000
TP10,2026-07-26 12:25:00,4.666667,0.710000
TP10,2026-07-26 12:30:00,5.000000,1.360000
TP10,2026-07-26 12:35:00,5.333333,3.120000
TP10,2026-07-26 12:40:00,5.666667,3.000000
TP10,2026-07-26 12:45:00,6.000000,2.030000
TP10,2026-07-26 12:50:00,6.250000,3.160000
TP10,2026-07-26 12:55:00,6.500000,5.530000
TP10,2026-07-26 13:00:00,6.750000,9.400000
TP10,2026-07-26 13:05:00,7.000000,5.340000
TP10,2026-07-26 13:10:00,7.250000,6.280000
TP10,2026-07-26 13:15:00,7.500000,1.130000
TP10,2026-07-26 13:20:00,7.750000,0.770000
TP10,2026-07-26 13:25:00,8.000000,0.660000
TP10,2026-07-26 13:30:00,8.250000,0.040000
TP10,2026-07-26 13:35:00,8.500000,-0.010000
TP10,2026-07-26 13:40:00,8.750000,-0.050000
TP10,2026-07-26 13:45:00,9.000000,-0.120000
TP10,2026-07-26 13:50:00,8.250000,-0.140000
TP10,2026-07-26 13:55:00,7.500000,-0.080000
TP10,2026-07-26 14:00:00,6.750000,-0.140000
TP10,2026-07-26 14:05:00,6.000000,-0.160000
TP10,2026-07-26 14:10:00,5.250000,-0.100000
TP10,2026-07-26 14:15:00,4.500000,-0.110000
TP10,2026-07-26 14:20:00,3.750000,-0.050000
TP10,2026-07-26 14:25:00,3.000000,0.030000
TP10,2026-07-26 14:30:00,2.250000,-0.040000
TP10,2026-07-26 14:35:00,1.500000,-0.030000
TP10,2026-07-26 14:40:00,0.750000,-0.040000
TP10,2026-07-26 14:45:00,0.000000,-0.060000
TP10,2026-07-26 14:50:00,0.000000,0.060000
TP10,2026-07-26 14:55:00,0.000000,0.020000
TP10,2026-07-26 15:00:00,0.000000,0.030000
TP10,2026-07-26 15:05:00,0.000000,0.040000
TP10,2026-07-26 15:10:00,0.000000,0.040000
TP10,2026-07-26 15:15:00,0.000000,0.000000
TP10,2026-07-26 15:20:00,0.000000,0.230000
TP10,2026-07-26 15:25:00,0.000000,4.000000
TP10,2026-07-26 15:30:00,0.000000,5.970000
TP10,2026-07-26 15:35:00,0.000000,0.570000
TP10,2026-07-26 15:40:00,0.000000,0.850000
TP10,2026-07-26 15:45:00,0.000000,1.680000
TP10,2026-07-26 15:50:00,0.500000,2.260000
TP10,2026-07-26 15:55:00,1.000000,2.150000
TP10,2026-07-26 16:00:00,1.500000,1.480000
TP10,2026-07-26 16:05:00,2.000000,1.090000
TP10,2026-07-26 16:10:00,2.500000,0.880000
TP10,2026-07-26 16:15:00,3.000000,4.590000
TP10,2026-07-26 16:20:00,3.500000,4.000000
TP10,2026-07-26 16:25:00,4.000000,4.750000
TP10,2026-07-26 16:30:00,4.500000,3.460000
TP10,2026-07-26 16:35:00,5.000000,2.460000
TP10,2026-07-26 16:40:00,5.500000,2.100000
TP10,2026-07-26 16:45:00,6.000000,1.240000
TP10,2026-07-26 16:50:00,5.500000,1.320000
TP10,2026-07-26 16:55:00,5.000000,0.630000
TP10,2026-07-26 17:00:00,4.500000,0.390000
TP10,2026-07-26 17:05:00,4.000000,0.330000
TP10,2026-07-26 17:10:00,3.500000,0.320000
TP10,2026-07-26 17:15:00,3.000000,0.270000
TP10,2026-07-26 17:20:00,2.500000,0.540000
TP10,2026-07-26 17:25:00,2.000000,0.530000
TP10,2026-07-26 17:30:00,1.500000,0.360000
TP10,2026-07-26 17:35:00,1.000000,0.600000
TP10,2026-07-26 17:40:00,0.500000,0.620000
TP10,2026-07-26 17:45:00,0.000000,0.640000
TP10,2026-07-26 17:50:00,1.583333,0.750000
TP10,2026-07-26 17:55:00,3.166667,1.980000
TP10,2026-07-26 18:00:00,4.750000,3.600000
TP10,2026-07-26 18:05:00,6.333333,5.070000
TP10,2026-07-26 18:10:00,7.916667,8.700000
TP10,2026-07-26 18:15:00,9.500000,11.730000
TP10,2026-07-26 18:20:00,11.083333,15.090000
TP10,2026-07-26 18:25:00,12.666667,18.160000
TP10,2026-07-26 18:30:00,14.250000,11.350000
TP10,2026-07-26 18:35:00,15.833333,2.480000
TP10,2026-07-26 18:40:00,17.416667,1.180000
TP10,2026-07-26 18:45:00,19.000000,1.090000
TP10,2026-07-26 18:50:00,17.416667,0.900000
TP10,2026-07-26 18:55:00,15.833333,0.760000
TP10,2026-07-26 19:00:00,14.250000,0.410000
TP10,2026-07-26 19:05:00,12.666667,0.420000
TP10,2026-07-26 19:10:00,11.083333,0.400000
TP10,2026-07-26 19:15:00,9.500000,0.410000
TP10,2026-07-26 19:20:00,7.916667,0.390000
TP10,2026-07-26 19:25:00,6.333333,0.450000
TP10,2026-07-26 19:30:00,4.750000,0.580000
TP10,2026-07-26 19:35:00,3.166667,0.150000
TP10,2026-07-26 19:40:00,1.583333,0.190000
TP10,2026-07-26 19:45:00,0.000000,0.170000
TP10,2026-07-26 19:50:00,0.000000,0.170000
TP10,2026-07-26 19:55:00,0.000000,0.190000
TP10,2026-07-26 20:00:00,0.000000,0.040000
TP10,2026-07-26 20:05:00,0.000000,-0.010000
TP10,2026-07-26 20:10:00,0.000000,0.030000
TP10,2026-07-26 20:15:00,0.000000,0.000000
TP10,2026-07-26 20:20:00,0.000000,0.010000
TP10,2026-07-26 20:25:00,0.000000,0.300000
TP10,2026-07-26 20:30:00,0.000000,0.390000
TP10,2026-07-26 20:35:00,0.000000,-0.080000
TP10,2026-07-26 20:40:00,0.000000,-0.090000
TP10,2026-07-26 20:45:00,0.000000,-0.050000
TP10,2026-07-26 20:50:00,0.000000,0.010000
TP10,2026-07-26 20:55:00,0.000000,0.060000
TP10,2026-07-26 21:00:00,0.000000,0.020000
TP10,2026-07-26 21:05:00,0.000000,0.060000
TP10,2026-07-26 21:10:00,0.000000,0.090000
TP10,2026-07-26 21:15:00,0.000000,0.110000
TP10,2026-07-26 21:20:00,0.000000,0.130000
TP10,2026-07-26 21:25:00,0.000000,0.350000
TP10,2026-07-26 21:30:00,0.000000,0.190000
TP10,2026-07-26 21:35:00,0.000000,0.280000
TP10,2026-07-26 21:40:00,0.000000,0.200000
TP10,2026-07-26 21:45:00,0.000000,0.240000
TP10,2026-07-26 21:50:00,0.000000,0.280000
TP10,2026-07-26 21:55:00,0.000000,0.370000
TP10,2026-07-26 22:00:00,0.000000,0.400000
TP10,2026-07-26 22:05:00,0.000000,0.280000
TP10,2026-07-26 22:10:00,0.000000,0.370000
TP10,2026-07-26 22:15:00,0.000000,0.350000
TP10,2026-07-26 22:20:00,0.000000,0.360000
TP10,2026-07-26 22:25:00,0.000000,0.380000
TP10,2026-07-26 22:30:00,0.000000,0.640000
TP10,2026-07-26 22:35:00,0.000000,0.420000
TP10,2026-07-26 22:40:00,0.000000,0.460000
TP10,2026-07-26 22:45:00,0.000000,0.510000
TP10,2026-07-26 22:50:00,0.000000,0.600000
TP10,2026-07-26 22:55:00,0.000000,0.860000
TP10,2026-07-26 23:00:00,0.000000,0.690000
TP10,2026-07-26 23:05:00,0.000000,0.760000
TP10,2026-07-26 23:10:00,0.000000,0.740000
TP10,2026-07-26 23:15:00,0.000000,0.950000
TP10,2026-07-26 23:20:00,0.000000,0.930000
TP10,2026-07-26 23:25:00,0.000000,1.210000
TP10,2026-07-26 23:30:00,0.000000,0.950000
TP10,2026-07-26 23:35:00,0.000000,1.020000
TP10,2026-07-26 23:40:00,0.000000,1.410000
TP10,2026-07-26 23:45:00,0.000000,1.230000
TP10,2026-07-26 23:50:00,0.000000,1.760000
TP10,2026-07-26 23:55:00,0.000000,1.340000
TP10,2026-07-27 00:00:00,0.000000,1.410000
TP10,2026-07-27 00:05:00,0.000000,1.470000
TP10,2026-07-27 00:10:00,0.000000,1.900000
TP10,2026-07-27 00:15:00,0.000000,3.290000
TP10,2026-07-27 00:20:00,0.000000,9.010000
TP10,2026-07-27 00:25:00,0.000000,2.100000
TP10,2026-07-27 00:30:00,0.000000,1.950000
TP10,2026-07-27 00:35:00,0.000000,1.840000
TP10,2026-07-27 00:40:00,0.000000,1.530000
TP10,2026-07-27 00:45:00,0.000000,1.380000
TP10,2026-07-27 00:50:00,0.000000,1.470000
TP10,2026-07-27 00:55:00,0.000000,1.650000
TP10,2026-07-27 01:00:00,0.000000,2.290000
TP10,2026-07-27 01:05:00,0.000000,2.190000
TP10,2026-07-27 01:10:00,0.000000,2.830000
TP10,2026-07-27 01:15:00,0.000000,2.370000
TP10,2026-07-27 01:20:00,0.000000,1.820000
TP10,2026-07-27 01:25:00,0.000000,1.770000
TP10,2026-07-27 01:30:00,0.000000,1.800000
TP10,2026-07-27 01:35:00,0.000000,1.770000
TP10,2026-07-27 01:40:00,0.000000,1.740000
TP10,2026-07-27 01:45:00,0.000000,1.590000
TP10,2026-07-27 01:50:00,0.000000,1.510000
TP10,2026-07-27 01:55:00,0.000000,1.660000
TP10,2026-07-27 02:00:00,0.000000,1.720000
TP10,2026-07-27 02:05:00,0.000000,1.810000
TP10,2026-07-27 02:10:00,0.000000,1.800000
TP10,2026-07-27 02:15:00,0.000000,1.770000
TP10,2026-07-27 02:20:00,0.000000,1.810000
TP10,2026-07-27 02:25:00,0.000000,1.730000
TP10,2026-07-27 02:30:00,0.000000,1.650000
TP10,2026-07-27 02:35:00,0.000000,1.500000
TP10,2026-07-27 02:40:00,0.000000,1.540000
TP10,2026-07-27 02:45:00,0.000000,1.410000
TP10,2026-07-27 02:50:00,0.000000,1.920000
TP10,2026-07-27 02:55:00,0.000000,3.000000
TP10,2026-07-27 03:00:00,0.000000,2.310000
TP10,2026-07-27 03:05:00,0.000000,1.960000
TP10,2026-07-27 03:10:00,0.000000,2.130000
TP10,2026-07-27 03:15:00,0.000000,1.810000
TP10,2026-07-27 03:20:00,0.000000,1.880000
TP10,2026-07-27 03:25:00,0.000000,1.790000
TP10,2026-07-27 03:30:00,0.000000,1.730000
TP10,2026-07-27 03:35:00,0.000000,1.770000
TP10,2026-07-27 03:40:00,0.000000,1.800000
TP10,2026-07-27 03:45:00,0.000000,1.720000
TP10,2026-07-27 03:50:00,0.000000,1.630000
TP10,2026-07-27 03:55:00,0.000000,1.630000
TP10,2026-07-27 04:00:00,0.000000,1.650000
TP10,2026-07-27 04:05:00,0.000000,1.650000
TP10,2026-07-27 04:10:00,0.000000,1.580000
TP10,2026-07-27 04:15:00,0.000000,1.550000
TP10,2026-07-27 04:20:00,0.000000,1.550000
TP10,2026-07-27 04:25:00,0.000000,1.760000
TP10,2026-07-27 04:30:00,0.000000,1.660000
TP10,2026-07-27 04:35:00,0.000000,1.710000
TP10,2026-07-27 04:40:00,0.000000,2.670000
TP10,2026-07-27 04:45:00,0.000000,3.870000
TP10,2026-07-27 04:50:00,0.083333,4.370000
TP10,2026-07-27 04:55:00,0.166667,3.970000
TP10,2026-07-27 05:00:00,0.250000,3.610000
TP10,2026-07-27 05:05:00,0.333333,3.130000
TP10,2026-07-27 05:10:00,0.416667,2.900000
TP10,2026-07-27 05:15:00,0.500000,2.850000
TP10,2026-07-27 05:20:00,0.583333,2.560000
TP10,2026-07-27 05:25:00,0.666667,2.150000
TP10,2026-07-27 05:30:00,0.750000,1.660000
TP10,2026-07-27 05:35:00,0.833333,1.650000
TP10,2026-07-27 05:40:00,0.916667,1.500000
TP10,2026-07-27 05:45:00,1.000000,1.480000
TP10,2026-07-27 05:50:00,1.000000,1.320000
TP10,2026-07-27 05:55:00,1.000000,1.470000
TP10,2026-07-27 06:00:00,1.000000,1.770000
TP10,2026-07-27 06:05:00,1.000000,1.290000
TP10,2026-07-27 06:10:00,1.000000,2.150000
TP10,2026-07-27 06:15:00,1.000000,1.890000
TP10,2026-07-27 06:20:00,1.000000,2.140000
TP10,2026-07-27 06:25:00,1.000000,2.740000
TP10,2026-07-27 06:30:00,1.000000,2.490000
TP10,2026-07-27 06:35:00,1.000000,2.270000
TP10,2026-07-27 06:40:00,1.000000,2.360000
TP10,2026-07-27 06:45:00,1.000000,1.880000
TP10,2026-07-27 06:50:00,1.000000,2.410000
TP10,2026-07-27 06:55:00,1.000000,2.000000
TP10,2026-07-27 07:00:00,1.000000,1.960000
TP10,2026-07-27 07:05:00,1.000000,1.180000
TP10,2026-07-27 07:10:00,1.000000,0.860000
TP10,2026-07-27 07:15:00,1.000000,0.780000
TP10,2026-07-27 07:20:00,1.000000,0.380000
TP10,2026-07-27 07:25:00,1.000000,0.160000
TP10,2026-07-27 07:30:00,1.000000,0.190000
TP10,2026-07-27 07:35:00,1.000000,-0.050000
TP10,2026-07-27 07:40:00,1.000000,-0.210000
TP10,2026-07-27 07:45:00,1.000000,-0.220000
TP10,2026-07-27 07:50:00,0.983333,0.210000
TP10,2026-07-27 07:55:00,0.966667,0.230000
TP10,2026-07-27 08:00:00,0.950000,0.100000
TP10,2026-07-27 08:05:00,0.933333,-0.230000
TP10,2026-07-27 08:10:00,0.916667,-0.330000
TP10,2026-07-27 08:15:00,0.900000,-0.660000
TP10,2026-07-27 08:20:00,0.883333,-0.640000
TP10,2026-07-27 08:25:00,0.866667,-0.650000
TP10,2026-07-27 08:30:00,0.850000,-0.780000
TP10,2026-07-27 08:35:00,0.833333,-0.910000
TP10,2026-07-27 08:40:00,0.816667,-1.070000
TP10,2026-07-27 08:45:00,0.800000,-1.240000
TP10,2026-07-27 08:50:00,0.783333,-1.260000
TP10,2026-07-27 08:55:00,0.766667,-1.350000
TP10,2026-07-27 09:00:00,0.750000,-1.140000
TP10,2026-07-27 09:05:00,0.733333,-1.310000
TP10,2026-07-27 09:10:00,0.716667,-1.280000
TP10,2026-07-27 09:15:00,0.700000,-1.260000
TP10,2026-07-27 09:20:00,0.683333,-1.260000
TP10,2026-07-27 09:25:00,0.666667,-1.340000
TP10,2026-07-27 09:30:00,0.650000,-1.310000
TP10,2026-07-27 09:35:00,0.633333,-1.300000
TP10,2026-07-27 09:40:00,0.616667,-1.280000
TP10,2026-07-27 09:45:00,0.600000,-1.220000
TP10,2026-07-27 09:50:00,0.583333,-1.220000
TP10,2026-07-27 09:55:00,0.566667,-1.020000
TP10,2026-07-27 10:00:00,0.550000,-0.940000
TP10,2026-07-27 10:05:00,0.533333,-1.000000
TP10,2026-07-27 10:10:00,0.516667,-0.940000
TP10,2026-07-27 10:15:00,0.500000,-0.900000
TP10,2026-07-27 10:20:00,0.483333,-0.890000
TP10,2026-07-27 10:25:00,0.466667,-0.730000
TP10,2026-07-27 10:30:00,0.450000,-0.710000
TP10,2026-07-27 10:35:00,0.433333,-0.660000
TP10,2026-07-27 10:40:00,0.416667,-0.670000
TP10,2026-07-27 10:45:00,0.400000,-0.500000
TP10,2026-07-27 10:50:00,0.383333,-0.500000
TP10,2026-07-27 10:55:00,0.366667,-0.410000
TP10,2026-07-27 11:00:00,0.350000,-0.410000
TP10,2026-07-27 11:05:00,0.333333,-0.350000
TP10,2026-07-27 11:10:00,0.316667,-0.420000
TP10,2026-07-27 11:15:00,0.300000,-0.340000
TP10,2026-07-27 11:20:00,0.283333,-0.300000
TP10,2026-07-27 11:25:00,0.266667,-0.260000
TP10,2026-07-27 11:30:00,0.250000,-0.200000
TP10,2026-07-27 11:35:00,0.233333,-0.220000
TP10,2026-07-27 11:40:00,0.216667,-0.100000
TP10,2026-07-27 11:45:00,0.200000,-0.130000
TP10,2026-07-27 11:50:00,0.183333,0.120000
TP10,2026-07-27 11:55:00,0.166667,0.060000
TP10,2026-07-27 12:00:00,0.150000,0.060000
TP10,2026-07-27 12:05:00,0.133333,0.070000
TP10,2026-07-27 12:10:00,0.116667,0.100000
TP10,2026-07-27 12:15:00,0.100000,0.130000
TP10,2026-07-27 12:20:00,0.083333,0.180000
TP10,2026-07-27 12:25:00,0.066667,0.630000
TP10,2026-07-27 12:30:00,0.050000,0.420000
TP10,2026-07-27 12:35:00,0.033333,0.440000
TP10,2026-07-27 12:40:00,0.016667,0.350000
TP10,2026-07-27 12:45:00,0.000000,0.320000
TP10,2026-07-27 12:50:00,0.000000,0.200000
TP10,2026-07-27 12:55:00,0.000000,0.190000
TP10,2026-07-27 13:00:00,0.000000,0.190000
TP10,2026-07-27 13:05:00,0.000000,0.290000
TP10,2026-07-27 13:10:00,0.000000,0.340000
TP10,2026-07-27 13:15:00,0.000000,0.360000
TP10,2026-07-27 13:20:00,0.000000,0.300000
TP10,2026-07-27 13:25:00,0.000000,0.300000
TP10,2026-07-27 13:30:00,0.000000,0.210000
TP10,2026-07-27 13:35:00,0.000000,0.180000
TP10,2026-07-27 13:40:00,0.000000,0.170000
TP10,2026-07-27 13:45:00,0.000000,0.280000
TP10,2026-07-27 13:50:00,0.000000,0.210000
TP10,2026-07-27 13:55:00,0.000000,0.190000
TP10,2026-07-27 14:00:00,0.000000,0.260000
TP10,2026-07-27 14:05:00,0.000000,0.210000
TP10,2026-07-27 14:10:00,0.000000,0.180000
TP10,2026-07-27 14:15:00,0.000000,0.240000
TP10,2026-07-27 14:20:00,0.000000,0.290000
TP10,2026-07-27 14:25:00,0.000000,0.320000
TP10,2026-07-27 14:30:00,0.000000,0.330000
TP10,2026-07-27 14:35:00,0.000000,0.280000
TP10,2026-07-27 14:40:00,0.000000,0.310000
TP10,2026-07-27 14:45:00,0.000000,0.320000
TP10,2026-07-27 14:50:00,0.000000,0.370000
TP10,2026-07-27 14:55:00,0.000000,0.460000
TP10,2026-07-27 15:00:00,0.000000,0.320000
TP10,2026-07-27 15:05:00,0.000000,0.380000
TP10,2026-07-27 15:10:00,0.000000,0.380000
TP10,2026-07-27 15:15:00,0.000000,0.380000
TP10,2026-07-27 15:20:00,0.000000,0.360000
TP10,2026-07-27 15:25:00,0.000000,0.520000
TP10,2026-07-27 15:30:00,0.000000,0.430000
TP10,2026-07-27 15:35:00,0.000000,0.410000
TP10,2026-07-27 15:40:00,0.000000,0.530000
TP10,2026-07-27 15:45:00,0.000000,0.590000
TP10,2026-07-27 15:50:00,0.000000,0.700000
TP10,2026-07-27 15:55:00,0.000000,0.780000
TP10,2026-07-27 16:00:00,0.000000,0.600000
TP10,2026-07-27 16:05:00,0.000000,0.640000
TP10,2026-07-27 16:10:00,0.000000,0.700000
TP10,2026-07-27 16:15:00,0.000000,0.710000
TP10,2026-07-27 16:20:00,0.000000,0.800000
TP10,2026-07-27 16:25:00,0.000000,0.940000
TP10,2026-07-27 16:30:00,0.000000,0.820000
TP10,2026-07-27 16:35:00,0.000000,0.810000
TP10,2026-07-27 16:40:00,0.000000,0.830000
TP10,2026-07-27 16:45:00,0.000000,0.800000
TP10,2026-07-27 16:50:00,0.000000,0.820000
TP10,2026-07-27 16:55:00,0.000000,0.840000
TP10,2026-07-27 17:00:00,0.000000,0.750000
TP10,2026-07-27 17:05:00,0.000000,0.780000
TP10,2026-07-27 17:10:00,0.000000,0.790000
TP10,2026-07-27 17:15:00,0.000000,0.820000
TP10,2026-07-27 17:20:00,0.000000,0.820000
TP10,2026-07-27 17:25:00,0.000000,0.900000
TP10,2026-07-27 17:30:00,0.000000,0.850000
TP10,2026-07-27 17:35:00,0.000000,0.880000
TP10,2026-07-27 17:40:00,0.000000,0.860000
TP10,2026-07-27 17:45:00,0.000000,0.920000
TP10,2026-07-27 17:50:00,0.000000,0.860000
TP10,2026-07-27 17:55:00,0.000000,1.060000
TP10,2026-07-27 18:00:00,0.000000,0.940000
TP10,2026-07-27 18:05:00,0.000000,0.860000
TP10,2026-07-27 18:10:00,0.000000,0.770000
TP10,2026-07-27 18:15:00,0.000000,0.790000
TP10,2026-07-27 18:20:00,0.000000,0.810000
TP10,2026-07-27 18:25:00,0.000000,0.780000
TP10,2026-07-27 18:30:00,0.000000,0.670000
TP10,2026-07-27 18:35:00,0.000000,0.610000
TP10,2026-07-27 18:40:00,0.000000,0.570000
TP10,2026-07-27 18:45:00,0.000000,0.600000
TP10,2026-07-27 18:50:00,0.000000,0.450000
TP10,2026-07-27 18:55:00,0.000000,0.390000
TP10,2026-07-27 19:00:00,0.000000,0.400000
TP10,2026-07-27 19:05:00,0.000000,0.340000
TP10,2026-07-27 19:10:00,0.000000,0.330000
TP10,2026-07-27 19:15:00,0.000000,0.230000
TP10,2026-07-27 19:20:00,0.000000,0.220000
TP10,2026-07-27 19:25:00,0.000000,0.310000
TP10,2026-07-27 19:30:00,0.000000,0.170000
TP10,2026-07-27 19:35:00,0.000000,0.080000
TP10,2026-07-27 19:40:00,0.000000,0.070000
TP10,2026-07-27 19:45:00,0.000000,0.110000
TP10,2026-07-27 19:50:00,0.000000,0.170000
TP10,2026-07-27 19:55:00,0.000000,0.220000
TP10,2026-07-27 20:00:00,0.000000,0.030000
TP10,2026-07-27 20:05:00,0.000000,0.090000
TP10,2026-07-27 20:10:00,0.000000,0.040000
TP10,2026-07-27 20:15:00,0.000000,-0.010000
TP10,2026-07-27 20:20:00,0.000000,-0.040000
TP10,2026-07-27 20:25:00,0.000000,0.020000
TP10,2026-07-27 20:30:00,0.000000,-0.010000
TP10,2026-07-27 20:35:00,0.000000,-0.010000
TP10,2026-07-27 20:40:00,0.000000,0.140000
TP10,2026-07-27 20:45:00,0.000000,0.000000
TP10,2026-07-27 20:50:00,0.000000,0.030000
TP10,2026-07-27 20:55:00,0.000000,0.060000
TP10,2026-07-27 21:00:00,0.000000,0.040000
TP10,2026-07-27 21:05:00,0.000000,0.280000
TP10,2026-07-27 21:10:00,0.000000,0.200000
TP10,2026-07-27 21:15:00,0.000000,0.130000
TP10,2026-07-27 21:20:00,0.000000,0.150000
TP10,2026-07-27 21:25:00,0.000000,0.280000
TP10,2026-07-27 21:30:00,0.000000,0.160000
TP10,2026-07-27 21:35:00,0.000000,0.130000
TP10,2026-07-27 21:40:00,0.000000,0.210000
TP10,2026-07-27 21:45:00,0.000000,0.300000
TP10,2026-07-27 21:50:00,0.000000,0.200000
TP10,2026-07-27 21:55:00,0.000000,0.300000
TP10,2026-07-27 22:00:00,0.000000,0.250000
TP10,2026-07-27 22:05:00,0.000000,0.340000
TP10,2026-07-27 22:10:00,0.000000,0.340000
TP10,2026-07-27 22:15:00,0.000000,0.370000
TP10,2026-07-27 22:20:00,0.000000,0.420000
TP10,2026-07-27 22:25:00,0.000000,0.490000
TP10,2026-07-27 22:30:00,0.000000,0.630000
TP10,2026-07-27 22:35:00,0.000000,0.670000
TP10,2026-07-27 22:40:00,0.000000,0.720000
TP10,2026-07-27 22:45:00,0.000000,1.020000
TP10,2026-07-27 22:50:00,0.000000,1.040000
TP10,2026-07-27 22:55:00,0.000000,0.940000
TP10,2026-07-27 23:00:00,0.000000,1.110000
TP10,2026-07-27 23:05:00,0.000000,1.250000
TP10,2026-07-27 23:10:00,0.000000,1.470000
TP10,2026-07-27 23:15:00,0.000000,1.380000
TP10,2026-07-27 23:20:00,0.000000,1.160000
TP10,2026-07-27 23:25:00,0.000000,1.400000
TP10,2026-07-27 23:30:00,0.000000,1.440000
TP10,2026-07-27 23:35:00,0.000000,1.420000
TP10,2026-07-27 23:40:00,0.000000,1.390000
TP10,2026-07-27 23:45:00,0.000000,1.330000
TP10,2026-07-27 23:50:00,0.000000,1.390000
TP10,2026-07-27 23:55:00,0.000000,1.440000
TP10,2026-07-28 00:00:00,0.000000,1.530000
TP10,2026-07-28 00:05:00,0.000000,1.440000
TP10,2026-07-28 00:10:00,0.000000,1.510000
TP10,2026-07-28 00:15:00,0.000000,1.440000
TP10,2026-07-28 00:20:00,0.000000,1.450000
TP10,2026-07-28 00:25:00,0.000000,1.720000
TP10,2026-07-28 00:30:00,0.000000,1.660000
TP10,2026-07-28 00:35:00,0.000000,1.470000
TP10,2026-07-28 00:40:00,0.000000,1.460000
TP10,2026-07-28 00:45:00,0.000000,1.400000
TP10,2026-07-28 00:50:00,0.000000,1.460000
TP10,2026-07-28 00:55:00,0.000000,1.540000
TP10,2026-07-28 01:00:00,0.000000,1.480000
TP10,2026-07-28 01:05:00,0.000000,1.640000
TP10,2026-07-28 01:10:00,0.000000,1.650000
TP10,2026-07-28 01:15:00,0.000000,1.610000
TP10,2026-07-28 01:20:00,0.000000,1.620000
TP10,2026-07-28 01:25:00,0.000000,1.870000
TP10,2026-07-28 01:30:00,0.000000,1.860000
TP10,2026-07-28 01:35:00,0.000000,1.760000
TP10,2026-07-28 01:40:00,0.000000,1.810000
TP10,2026-07-28 01:45:00,0.000000,1.690000
TP10,2026-07-28 01:50:00,0.000000,1.680000
TP10,2026-07-28 01:55:00,0.000000,1.770000
TP10,2026-07-28 02:00:00,0.000000,1.750000
TP10,2026-07-28 02:05:00,0.000000,1.830000
TP10,2026-07-28 02:10:00,0.000000,1.840000
TP10,2026-07-28 02:15:00,0.000000,1.840000
TP10,2026-07-28 02:20:00,0.000000,1.850000
TP10,2026-07-28 02:25:00,0.000000,1.850000
TP10,2026-07-28 02:30:00,0.000000,1.750000
TP10,2026-07-28 02:35:00,0.000000,1.620000
TP10,2026-07-28 02:40:00,0.000000,1.500000
TP10,2026-07-28 02:45:00,0.000000,1.430000
TP10,2026-07-28 02:50:00,0.000000,1.500000
TP10,2026-07-28 02:55:00,0.000000,1.510000
TP10,2026-07-28 03:00:00,0.000000,1.690000
TP10,2026-07-28 03:05:00,0.000000,1.640000
TP10,2026-07-28 03:10:00,0.000000,1.660000
TP10,2026-07-28 03:15:00,0.000000,1.700000
TP10,2026-07-28 03:20:00,0.000000,1.660000
TP10,2026-07-28 03:25:00,0.000000,1.820000
TP10,2026-07-28 03:30:00,0.000000,1.930000
TP10,2026-07-28 03:35:00,0.000000,1.720000
TP10,2026-07-28 03:40:00,0.000000,1.750000
TP10,2026-07-28 03:45:00,0.000000,1.810000
TP10,2026-07-28 03:50:00,0.000000,1.830000
TP10,2026-07-28 03:55:00,0.000000,1.840000
TP10,2026-07-28 04:00:00,0.000000,1.650000
TP10,2026-07-28 04:05:00,0.000000,1.770000
TP10,2026-07-28 04:10:00,0.000000,1.700000
TP10,2026-07-28 04:15:00,0.000000,1.770000
TP10,2026-07-28 04:20:00,0.000000,1.750000
TP10,2026-07-28 04:25:00,0.000000,1.760000
TP10,2026-07-28 04:30:00,0.000000,1.730000
TP10,2026-07-28 04:35:00,0.000000,1.700000
TP10,2026-07-28 04:40:00,0.000000,1.810000
TP10,2026-07-28 04:45:00,0.000000,1.780000
TP10,2026-07-28 04:50:00,0.000000,1.850000
TP10,2026-07-28 04:55:00,0.000000,2.090000
TP10,2026-07-28 05:00:00,0.000000,1.810000
TP10,2026-07-28 05:05:00,0.000000,1.750000
TP10,2026-07-28 05:10:00,0.000000,1.840000
TP10,2026-07-28 05:15:00,0.000000,1.880000
TP10,2026-07-28 05:20:00,0.000000,1.950000
TP10,2026-07-28 05:25:00,0.000000,2.050000
TP10,2026-07-28 05:30:00,0.000000,1.940000
TP10,2026-07-28 05:35:00,0.000000,1.600000
TP10,2026-07-28 05:40:00,0.000000,1.620000
TP10,2026-07-28 05:45:00,0.000000,1.620000
TP10,2026-07-28 05:50:00,0.000000,2.050000
TP10,2026-07-28 05:55:00,0.000000,1.960000
TP10,2026-07-28 06:00:00,0.000000,1.720000
TP10,2026-07-28 06:05:00,0.000000,1.830000
TP10,2026-07-28 06:10:00,0.000000,1.580000
TP10,2026-07-28 06:15:00,0.000000,1.450000
TP10,2026-07-28 06:20:00,0.000000,1.450000
TP10,2026-07-28 06:25:00,0.000000,1.580000
TP10,2026-07-28 06:30:00,0.000000,1.670000
TP10,2026-07-28 06:35:00,0.000000,1.140000
TP10,2026-07-28 06:40:00,0.000000,1.250000
TP10,2026-07-28 06:45:00,0.000000,0.980000
TP10,2026-07-28 06:50:00,0.916667,0.870000
TP10,2026-07-28 06:55:00,1.833333,0.850000
TP10,2026-07-28 07:00:00,2.750000,0.850000
TP10,2026-07-28 07:05:00,3.666667,0.410000
TP10,2026-07-28 07:10:00,4.583333,0.290000
TP10,2026-07-28 07:15:00,5.500000,0.070000
TP10,2026-07-28 07:20:00,6.416667,0.640000
TP10,2026-07-28 07:25:00,7.333333,4.140000
TP10,2026-07-28 07:30:00,8.250000,6.230000
TP10,2026-07-28 07:35:00,9.166667,8.170000
TP10,2026-07-28 07:40:00,10.083333,5.770000
TP10,2026-07-28 07:45:00,11.000000,1.960000
TP10,2026-07-28 07:50:00,11.666667,0.560000
TP10,2026-07-28 07:55:00,12.333333,-0.160000
TP10,2026-07-28 08:00:00,13.000000,-0.370000
TP10,2026-07-28 08:05:00,13.666667,-0.640000
TP10,2026-07-28 08:10:00,14.333333,-0.810000
TP10,2026-07-28 08:15:00,15.000000,-0.840000
TP10,2026-07-28 08:20:00,15.666667,-0.660000
TP10,2026-07-28 08:25:00,16.333333,-0.520000
TP10,2026-07-28 08:30:00,17.000000,-0.110000
TP10,2026-07-28 08:35:00,17.666667,1.400000
TP10,2026-07-28 08:40:00,18.333333,2.300000
TP10,2026-07-28 08:45:00,19.000000,0.870000
TP10,2026-07-28 08:50:00,18.833333,1.730000
TP10,2026-07-28 08:55:00,18.666667,2.310000
TP10,2026-07-28 09:00:00,18.500000,4.710000
TP10,2026-07-28 09:05:00,18.333333,5.100000
TP10,2026-07-28 09:10:00,18.166667,1.790000
TP10,2026-07-28 09:15:00,18.000000,1.810000
TP10,2026-07-28 09:20:00,17.833333,1.520000
TP10,2026-07-28 09:25:00,17.666667,1.540000
TP10,2026-07-28 09:30:00,17.500000,4.850000
TP10,2026-07-28 09:35:00,17.333333,10.310000
TP10,2026-07-28 09:40:00,17.166667,6.760000
TP10,2026-07-28 09:45:00,17.000000,3.590000
TP10,2026-07-28 09:50:00,16.250000,2.460000
TP10,2026-07-28 09:55:00,15.500000,2.570000
TP10,2026-07-28 10:00:00,14.750000,2.820000
TP10,2026-07-28 10:05:00,14.000000,2.630000
TP10,2026-07-28 10:10:00,13.250000,1.700000
TP10,2026-07-28 10:15:00,12.500000,0.090000
TP10,2026-07-28 10:20:00,11.750000,0.200000
TP10,2026-07-28 10:25:00,11.000000,0.260000
TP10,2026-07-28 10:30:00,10.250000,0.040000
TP10,2026-07-28 10:35:00,9.500000,-0.190000
TP10,2026-07-28 10:40:00,8.750000,-0.320000
TP10,2026-07-28 10:45:00,8.000000,-0.050000
TP10,2026-07-28 10:50:00,7.333333,-0.290000
TP10,2026-07-28 10:55:00,6.666667,-0.360000
TP10,2026-07-28 11:00:00,6.000000,-0.390000
TP10,2026-07-28 11:05:00,5.333333,-0.350000
TP10,2026-07-28 11:10:00,4.666667,-0.480000
TP10,2026-07-28 11:15:00,4.000000,-0.400000
TP10,2026-07-28 11:20:00,3.333333,-0.470000
TP10,2026-07-28 11:25:00,2.666667,-0.440000
TP10,2026-07-28 11:30:00,2.000000,-0.210000
TP10,2026-07-28 11:35:00,1.333333,0.100000
TP10,2026-07-28 11:40:00,0.666667,0.780000
TP10,2026-07-28 11:45:00,0.000000,1.280000
TP10,2026-07-28 11:50:00,0.000000,4.330000
TP10,2026-07-28 11:55:00,0.000000,3.610000
TP10,2026-07-28 12:00:00,0.000000,2.850000
TP10,2026-07-28 12:05:00,0.000000,2.470000
TP10,2026-07-28 12:10:00,0.000000,1.210000
TP10,2026-07-28 12:15:00,0.000000,0.650000
TP10,2026-07-28 12:20:00,0.000000,1.290000
TP10,2026-07-28 12:25:00,0.000000,0.750000
TP10,2026-07-28 12:30:00,0.000000,0.470000
TP10,2026-07-28 12:35:00,0.000000,0.680000
TP10,2026-07-28 12:40:00,0.000000,0.500000
TP10,2026-07-28 12:45:00,0.000000,0.800000
TP10,2026-07-28 12:50:00,0.083333,0.780000
TP10,2026-07-28 12:55:00,0.166667,1.040000
TP10,2026-07-28 13:00:00,0.250000,4.740000
TP10,2026-07-28 13:05:00,0.333333,4.390000
TP10,2026-07-28 13:10:00,0.416667,0.840000
TP10,2026-07-28 13:15:00,0.500000,0.460000
TP10,2026-07-28 13:20:00,0.583333,0.300000
TP10,2026-07-28 13:25:00,0.666667,0.210000
TP10,2026-07-28 13:30:00,0.750000,0.210000
TP10,2026-07-28 13:35:00,0.833333,0.130000
TP10,2026-07-28 13:40:00,0.916667,0.120000
TP10,2026-07-28 13:45:00,1.000000,0.200000
TP10,2026-07-28 13:50:00,0.916667,0.160000
TP10,2026-07-28 13:55:00,0.833333,0.220000
TP10,2026-07-28 14:00:00,0.750000,0.180000
TP10,2026-07-28 14:05:00,0.666667,0.170000
TP10,2026-07-28 14:10:00,0.583333,0.200000
TP10,2026-07-28 14:15:00,0.500000,0.240000
TP10,2026-07-28 14:20:00,0.416667,0.400000
TP10,2026-07-28 14:25:00,0.333333,0.380000
TP10,2026-07-28 14:30:00,0.250000,0.330000
TP10,2026-07-28 14:35:00,0.166667,0.360000
TP10,2026-07-28 14:40:00,0.083333,0.540000
TP10,2026-07-28 14:45:00,0.000000,0.490000
TP10,2026-07-28 14:50:00,0.000000,0.480000
TP10,2026-07-28 14:55:00,0.000000,0.440000
TP10,2026-07-28 15:00:00,0.000000,0.450000
TP10,2026-07-28 15:05:00,0.000000,0.350000
TP10,2026-07-28 15:10:00,0.000000,0.390000
TP10,2026-07-28 15:15:00,0.000000,0.420000
TP10,2026-07-28 15:20:00,0.000000,0.400000
TP10,2026-07-28 15:25:00,0.000000,0.760000
TP10,2026-07-28 15:30:00,0.000000,1.700000
TP10,2026-07-28 15:35:00,0.000000,0.720000
TP10,2026-07-28 15:40:00,0.000000,0.720000
TP10,2026-07-28 15:45:00,0.000000,0.750000
TP10,2026-07-28 15:50:00,0.000000,0.810000
TP10,2026-07-28 15:55:00,0.000000,0.820000
TP10,2026-07-28 16:00:00,0.000000,0.730000
TP10,2026-07-28 16:05:00,0.000000,0.700000
TP10,2026-07-28 16:10:00,0.000000,0.850000
TP10,2026-07-28 16:15:00,0.000000,0.800000
TP10,2026-07-28 16:20:00,0.000000,0.780000
TP10,2026-07-28 16:25:00,0.000000,0.980000
TP10,2026-07-28 16:30:00,0.000000,0.800000
TP10,2026-07-28 16:35:00,0.000000,0.830000
TP10,2026-07-28 16:40:00,0.000000,0.870000
TP10,2026-07-28 16:45:00,0.000000,0.750000
TP10,2026-07-28 16:50:00,0.000000,0.680000
TP10,2026-07-28 16:55:00,0.000000,0.780000
TP10,2026-07-28 17:00:00,0.000000,0.830000
TP10,2026-07-28 17:05:00,0.000000,0.760000
TP10,2026-07-28 17:10:00,0.000000,0.860000
TP10,2026-07-28 17:15:00,0.000000,0.820000
TP10,2026-07-28 17:20:00,0.000000,0.920000
TP10,2026-07-28 17:25:00,0.000000,1.020000
TP10,2026-07-28 17:30:00,0.000000,1.040000
TP10,2026-07-28 17:35:00,0.000000,0.800000
TP10,2026-07-28 17:40:00,0.000000,0.810000
TP10,2026-07-28 17:45:00,0.000000,0.770000
TP10,2026-07-28 17:50:00,0.000000,0.800000
TP10,2026-07-28 17:55:00,0.000000,0.990000
TP10,2026-07-28 18:00:00,0.000000,0.980000
TP10,2026-07-28 18:05:00,0.000000,0.720000
TP10,2026-07-28 18:10:00,0.000000,0.720000
TP10,2026-07-28 18:15:00,0.000000,0.620000
TP10,2026-07-28 18:20:00,0.000000,0.720000
TP10,2026-07-28 18:25:00,0.000000,0.920000
TP10,2026-07-28 18:30:00,0.000000,0.940000
TP10,2026-07-28 18:35:00,0.000000,0.810000
TP10,2026-07-28 18:40:00,0.000000,1.470000
TP10,2026-07-28 18:45:00,0.000000,1.580000
TP10,2026-07-28 18:50:00,0.083333,3.810000
TP10,2026-07-28 18:55:00,0.166667,3.080000
TP10,2026-07-28 19:00:00,0.250000,0.810000
TP10,2026-07-28 19:05:00,0.333333,0.410000
TP10,2026-07-28 19:10:00,0.416667,0.270000
TP10,2026-07-28 19:15:00,0.500000,0.180000
TP10,2026-07-28 19:20:00,0.583333,0.150000
TP10,2026-07-28 19:25:00,0.666667,0.110000
TP10,2026-07-28 19:30:00,0.750000,0.130000
TP10,2026-07-28 19:35:00,0.833333,0.040000
TP10,2026-07-28 19:40:00,0.916667,0.190000
TP10,2026-07-28 19:45:00,1.000000,0.140000
TP10,2026-07-28 19:50:00,0.916667,0.180000
TP10,2026-07-28 19:55:00,0.833333,0.290000
TP10,2026-07-28 20:00:00,0.750000,0.240000
TP10,2026-07-28 20:05:00,0.666667,0.210000
TP10,2026-07-28 20:10:00,0.583333,0.090000
TP10,2026-07-28 20:15:00,0.500000,0.230000
TP10,2026-07-28 20:20:00,0.416667,0.190000
TP10,2026-07-28 20:25:00,0.333333,0.160000
TP10,2026-07-28 20:30:00,0.250000,0.320000
TP10,2026-07-28 20:35:00,0.166667,0.350000
TP10,2026-07-28 20:40:00,0.083333,0.580000
TP10,2026-07-28 20:45:00,0.000000,0.940000
TP10,2026-07-28 20:50:00,0.000000,1.500000
TP10,2026-07-28 20:55:00,0.000000,1.530000
TP10,2026-07-28 21:00:00,0.000000,0.610000
TP10,2026-07-28 21:05:00,0.000000,0.540000
TP10,2026-07-28 21:10:00,0.000000,0.360000
TP10,2026-07-28 21:15:00,0.000000,0.240000
TP10,2026-07-28 21:20:00,0.000000,0.300000
TP10,2026-07-28 21:25:00,0.000000,0.150000
TP10,2026-07-28 21:30:00,0.000000,0.140000
TP10,2026-07-28 21:35:00,0.000000,0.160000
TP10,2026-07-28 21:40:00,0.000000,0.230000
TP10,2026-07-28 21:45:00,0.000000,0.140000
TP10,2026-07-28 21:50:00,0.000000,0.110000
TP10,2026-07-28 21:55:00,0.000000,0.260000
TP10,2026-07-28 22:00:00,0.000000,0.250000
TP10,2026-07-28 22:05:00,0.000000,0.320000
TP10,2026-07-28 22:10:00,0.000000,0.390000
TP10,2026-07-28 22:15:00,0.000000,0.680000
TP10,2026-07-28 22:20:00,0.000000,1.070000
TP10,2026-07-28 22:25:00,0.000000,2.440000
TP10,2026-07-28 22:30:00,0.000000,2.040000
TP10,2026-07-28 22:35:00,0.000000,2.290000
TP10,2026-07-28 22:40:00,0.000000,4.730000
TP10,2026-07-28 22:45:00,0.000000,3.940000
TP10,2026-07-28 22:50:00,0.000000,5.940000
TP10,2026-07-28 22:55:00,0.000000,3.540000
TP10,2026-07-28 23:00:00,0.000000,3.250000
TP10,2026-07-28 23:05:00,0.000000,1.780000
TP10,2026-07-28 23:10:00,0.000000,1.190000
TP10,2026-07-28 23:15:00,0.000000,1.440000
TP10,2026-07-28 23:20:00,0.000000,1.250000
TP10,2026-07-28 23:25:00,0.000000,1.330000
TP10,2026-07-28 23:30:00,0.000000,1.390000
TP10,2026-07-28 23:35:00,0.000000,1.460000
TP10,2026-07-28 23:40:00,0.000000,1.690000
TP10,2026-07-28 23:45:00,0.000000,1.820000
TP10,2026-07-28 23:50:00,0.000000,1.840000
TP10,2026-07-28 23:55:00,0.000000,1.840000
TP10,2026-07-29 00:00:00,0.000000,1.780000
TP10,2026-07-29 00:05:00,0.000000,1.610000
TP10,2026-07-29 00:10:00,0.000000,1.680000
TP10,2026-07-29 00:15:00,0.000000,1.610000
TP10,2026-07-29 00:20:00,0.000000,1.660000
TP10,2026-07-29 00:25:00,0.000000,1.970000
TP10,2026-07-29 00:30:00,0.000000,1.950000
TP10,2026-07-29 00:35:00,0.000000,1.920000
TP10,2026-07-29 00:40:00,0.000000,1.830000
TP10,2026-07-29 00:45:00,0.000000,1.640000
TP10,2026-07-29 00:50:00,0.166667,1.580000
TP10,2026-07-29 00:55:00,0.333333,1.630000
TP10,2026-07-29 01:00:00,0.500000,1.740000
TP10,2026-07-29 01:05:00,0.666667,1.630000
TP10,2026-07-29 01:10:00,0.833333,1.710000
TP10,2026-07-29 01:15:00,1.000000,4.460000
TP10,2026-07-29 01:20:00,1.166667,8.340000
TP10,2026-07-29 01:25:00,1.333333,4.420000
TP10,2026-07-29 01:30:00,1.500000,2.050000
TP10,2026-07-29 01:35:00,1.666667,1.940000
TP10,2026-07-29 01:40:00,1.833333,1.860000
TP10,2026-07-29 01:45:00,2.000000,1.820000
TP10,2026-07-29 01:50:00,1.833333,1.700000
TP10,2026-07-29 01:55:00,1.666667,1.710000
TP10,2026-07-29 02:00:00,1.500000,1.860000
TP10,2026-07-29 02:05:00,1.333333,1.860000
TP10,2026-07-29 02:10:00,1.166667,1.870000
TP10,2026-07-29 02:15:00,1.000000,1.800000
TP10,2026-07-29 02:20:00,0.833333,1.790000
TP10,2026-07-29 02:25:00,0.666667,1.900000
TP10,2026-07-29 02:30:00,0.500000,1.960000
TP10,2026-07-29 02:35:00,0.333333,1.690000
TP10,2026-07-29 02:40:00,0.166667,2.020000
TP10,2026-07-29 02:45:00,0.000000,1.500000
TP10,2026-07-29 02:50:00,0.000000,1.480000
TP10,2026-07-29 02:55:00,0.000000,1.750000
TP10,2026-07-29 03:00:00,0.000000,1.890000
TP10,2026-07-29 03:05:00,0.000000,1.720000
TP10,2026-07-29 03:10:00,0.000000,1.740000
TP10,2026-07-29 03:15:00,0.000000,1.740000
TP10,2026-07-29 03:20:00,0.000000,1.610000
TP10,2026-07-29 03:25:00,0.000000,1.690000
TP10,2026-07-29 03:30:00,0.000000,1.750000
TP10,2026-07-29 03:35:00,0.000000,1.840000
TP10,2026-07-29 03:40:00,0.000000,2.520000
TP10,2026-07-29 03:45:00,0.000000,11.060000
TP10,2026-07-29 03:50:00,0.916667,13.240000
TP10,2026-07-29 03:55:00,1.833333,14.670000
TP10,2026-07-29 04:00:00,2.750000,11.190000
TP10,2026-07-29 04:05:00,3.666667,2.120000
TP10,2026-07-29 04:10:00,4.583333,2.220000
TP10,2026-07-29 04:15:00,5.500000,1.870000
TP10,2026-07-29 04:20:00,6.416667,3.010000
TP10,2026-07-29 04:25:00,7.333333,2.000000
TP10,2026-07-29 04:30:00,8.250000,2.230000
TP10,2026-07-29 04:35:00,9.166667,2.650000
TP10,2026-07-29 04:40:00,10.083333,2.320000
TP10,2026-07-29 04:45:00,11.000000,1.940000
TP10,2026-07-29 04:50:00,10.166667,1.880000
TP10,2026-07-29 04:55:00,9.333333,1.750000
TP10,2026-07-29 05:00:00,8.500000,1.960000
TP10,2026-07-29 05:05:00,7.666667,1.940000
TP10,2026-07-29 05:10:00,6.833333,2.470000
TP10,2026-07-29 05:15:00,6.000000,2.680000
TP10,2026-07-29 05:20:00,5.166667,2.820000
TP10,2026-07-29 05:25:00,4.333333,2.910000
TP10,2026-07-29 05:30:00,3.500000,3.380000
TP10,2026-07-29 05:35:00,2.666667,3.120000
TP10,2026-07-29 05:40:00,1.833333,3.540000
TP10,2026-07-29 05:45:00,1.000000,4.280000
TP10,2026-07-29 05:50:00,1.833333,3.730000
TP10,2026-07-29 05:55:00,2.666667,2.500000
TP10,2026-07-29 06:00:00,3.500000,2.110000
TP10,2026-07-29 06:05:00,4.333333,4.040000
TP10,2026-07-29 06:10:00,5.166667,5.670000
TP10,2026-07-29 06:15:00,6.000000,5.290000
TP10,2026-07-29 06:20:00,6.833333,2.830000
TP10,2026-07-29 06:25:00,7.666667,2.410000
TP10,2026-07-29 06:30:00,8.500000,2.840000
TP10,2026-07-29 06:35:00,9.333333,2.070000
TP10,2026-07-29 06:40:00,10.166667,2.230000
TP10,2026-07-29 06:45:00,11.000000,1.990000
TP10,2026-07-29 06:50:00,10.333333,1.990000
TP10,2026-07-29 06:55:00,9.666667,2.460000
TP10,2026-07-29 07:00:00,9.000000,1.940000
TP10,2026-07-29 07:05:00,8.333333,1.640000
TP10,2026-07-29 07:10:00,7.666667,1.110000
TP10,2026-07-29 07:15:00,7.000000,1.210000
TP10,2026-07-29 07:20:00,6.333333,1.280000
TP10,2026-07-29 07:25:00,5.666667,1.180000
TP10,2026-07-29 07:30:00,5.000000,0.880000
TP10,2026-07-29 07:35:00,4.333333,0.730000
TP10,2026-07-29 07:40:00,3.666667,0.270000
TP10,2026-07-29 07:45:00,3.000000,-0.130000
TP10,2026-07-29 07:50:00,2.833333,0.130000
TP10,2026-07-29 07:55:00,2.666667,0.210000
TP10,2026-07-29 08:00:00,2.500000,0.320000
TP10,2026-07-29 08:05:00,2.333333,0.320000
TP10,2026-07-29 08:10:00,2.166667,0.140000
TP10,2026-07-29 08:15:00,2.000000,0.330000
TP10,2026-07-29 08:20:00,1.833333,0.720000
TP10,2026-07-29 08:25:00,1.666667,0.290000
TP10,2026-07-29 08:30:00,1.500000,0.180000
TP10,2026-07-29 08:35:00,1.333333,-0.340000
TP10,2026-07-29 08:40:00,1.166667,-0.120000
TP10,2026-07-29 08:45:00,1.000000,-0.310000
TP10,2026-07-29 08:50:00,1.000000,-0.400000
TP10,2026-07-29 08:55:00,1.000000,0.100000
TP10,2026-07-29 09:00:00,1.000000,-0.330000
TP10,2026-07-29 09:05:00,1.000000,-0.390000
TP10,2026-07-29 09:10:00,1.000000,-0.380000
TP10,2026-07-29 09:15:00,1.000000,-0.480000
TP10,2026-07-29 09:20:00,1.000000,-0.200000
TP10,2026-07-29 09:25:00,1.000000,0.150000
TP10,2026-07-29 09:30:00,1.000000,0.520000
TP10,2026-07-29 09:35:00,1.000000,0.670000
TP10,2026-07-29 09:40:00,1.000000,0.790000
TP10,2026-07-29 09:45:00,1.000000,0.800000
TP10,2026-07-29 09:50:00,1.166667,1.060000
TP10,2026-07-29 09:55:00,1.333333,1.060000
TP10,2026-07-29 10:00:00,1.500000,0.780000
TP10,2026-07-29 10:05:00,1.666667,0.640000
TP10,2026-07-29 10:10:00,1.833333,0.720000
TP10,2026-07-29 10:15:00,2.000000,0.540000
TP10,2026-07-29 10:20:00,2.166667,1.040000
TP10,2026-07-29 10:25:00,2.333333,1.310000
TP10,2026-07-29 10:30:00,2.500000,1.200000
TP10,2026-07-29 10:35:00,2.666667,1.040000
TP10,2026-07-29 10:40:00,2.833333,1.300000
TP10,2026-07-29 10:45:00,3.000000,1.060000
TP10,2026-07-29 10:50:00,2.916667,0.870000
TP10,2026-07-29 10:55:00,2.833333,0.900000
TP10,2026-07-29 11:00:00,2.750000,0.640000
TP10,2026-07-29 11:05:00,2.666667,0.570000
TP10,2026-07-29 11:10:00,2.583333,0.850000
TP10,2026-07-29 11:15:00,2.500000,0.940000
TP10,2026-07-29 11:20:00,2.416667,0.990000
TP10,2026-07-29 11:25:00,2.333333,1.140000
TP10,2026-07-29 11:30:00,2.250000,0.750000
TP10,2026-07-29 11:35:00,2.166667,0.760000
TP10,2026-07-29 11:40:00,2.083333,0.720000
TP10,2026-07-29 11:45:00,2.000000,0.640000
TP10,2026-07-29 11:50:00,1.833333,1.020000
TP10,2026-07-29 11:55:00,1.666667,0.930000
TP10,2026-07-29 12:00:00,1.500000,0.930000
TP10,2026-07-29 12:05:00,1.333333,0.650000
TP10,2026-07-29 12:10:00,1.166667,0.630000
TP10,2026-07-29 12:15:00,1.000000,0.830000
TP10,2026-07-29 12:20:00,0.833333,0.540000
TP10,2026-07-29 12:25:00,0.666667,0.430000
TP10,2026-07-29 12:30:00,0.500000,0.670000
TP10,2026-07-29 12:35:00,0.333333,0.830000
TP10,2026-07-29 12:40:00,0.166667,0.800000
TP10,2026-07-29 12:45:00,0.000000,0.640000
TP10,2026-07-29 12:50:00,0.000000,0.680000
TP10,2026-07-29 12:55:00,0.000000,0.680000
TP10,2026-07-29 13:00:00,0.000000,0.730000
TP10,2026-07-29 13:05:00,0.000000,0.740000
TP10,2026-07-29 13:10:00,0.000000,0.770000
TP10,2026-07-29 13:15:00,0.000000,0.660000
TP10,2026-07-29 13:20:00,0.000000,0.570000
TP10,2026-07-29 13:25:00,0.000000,0.550000
TP10,2026-07-29 13:30:00,0.000000,0.410000
TP10,2026-07-29 13:35:00,0.000000,0.250000
TP10,2026-07-29 13:40:00,0.000000,0.180000
TP10,2026-07-29 13:45:00,0.000000,0.270000
TP10,2026-07-29 13:50:00,0.000000,0.320000
TP10,2026-07-29 13:55:00,0.000000,0.320000
TP10,2026-07-29 14:00:00,0.000000,0.630000
TP10,2026-07-29 14:05:00,0.000000,0.420000
TP10,2026-07-29 14:10:00,0.000000,0.540000
TP10,2026-07-29 14:15:00,0.000000,0.550000
TP10,2026-07-29 14:20:00,0.000000,0.570000
TP10,2026-07-29 14:25:00,0.000000,0.560000
TP10,2026-07-29 14:30:00,0.000000,0.560000
TP10,2026-07-29 14:35:00,0.000000,0.370000
TP10,2026-07-29 14:40:00,0.000000,0.260000
TP10,2026-07-29 14:45:00,0.000000,0.470000
TP10,2026-07-29 14:50:00,0.000000,0.530000
TP10,2026-07-29 14:55:00,0.000000,0.290000
TP10,2026-07-29 15:00:00,0.000000,0.280000
TP10,2026-07-29 15:05:00,0.000000,0.360000
TP10,2026-07-29 15:10:00,0.000000,0.240000
TP10,2026-07-29 15:15:00,0.000000,0.360000
TP10,2026-07-29 15:20:00,0.000000,0.290000
TP10,2026-07-29 15:25:00,0.000000,0.370000
TP10,2026-07-29 15:30:00,0.000000,0.440000
TP10,2026-07-29 15:35:00,0.000000,0.410000
TP10,2026-07-29 15:40:00,0.000000,0.590000
TP10,2026-07-29 15:45:00,0.000000,0.650000
TP10,2026-07-29 15:50:00,0.000000,0.650000
TP10,2026-07-29 15:55:00,0.000000,0.700000
TP10,2026-07-29 16:00:00,0.000000,0.920000
TP10,2026-07-29 16:05:00,0.000000,0.770000
TP10,2026-07-29 16:10:00,0.000000,0.860000
TP10,2026-07-29 16:15:00,0.000000,0.800000
TP10,2026-07-29 16:20:00,0.000000,0.800000
TP10,2026-07-29 16:25:00,0.000000,0.960000
TP10,2026-07-29 16:30:00,0.000000,1.160000
TP10,2026-07-29 16:35:00,0.000000,0.790000
TP10,2026-07-29 16:40:00,0.000000,0.860000
TP10,2026-07-29 16:45:00,0.000000,0.720000
TP10,2026-07-29 16:50:00,0.000000,0.700000
TP10,2026-07-29 16:55:00,0.000000,0.820000
TP10,2026-07-29 17:00:00,0.000000,0.830000
TP10,2026-07-29 17:05:00,0.000000,0.830000
TP10,2026-07-29 17:10:00,0.000000,0.890000
TP10,2026-07-29 17:15:00,0.000000,0.810000
TP10,2026-07-29 17:20:00,0.000000,0.890000
TP10,2026-07-29 17:25:00,0.000000,0.930000
TP10,2026-07-29 17:30:00,0.000000,0.990000
TP10,2026-07-29 17:35:00,0.000000,0.970000
TP10,2026-07-29 17:40:00,0.000000,0.870000
TP10,2026-07-29 17:45:00,0.000000,0.870000
TP10,2026-07-29 17:50:00,0.000000,1.040000
TP10,2026-07-29 17:55:00,0.000000,1.100000
TP10,2026-07-29 18:00:00,0.000000,1.080000
TP10,2026-07-29 18:05:00,0.000000,0.870000
TP10,2026-07-29 18:10:00,0.000000,0.910000
TP10,2026-07-29 18:15:00,0.000000,1.130000
TP10,2026-07-29 18:20:00,0.000000,0.890000
TP10,2026-07-29 18:25:00,0.000000,0.930000
TP10,2026-07-29 18:30:00,0.000000,0.950000
TP10,2026-07-29 18:35:00,0.000000,0.660000
TP10,2026-07-29 18:40:00,0.000000,0.560000
TP10,2026-07-29 18:45:00,0.000000,0.490000
TP10,2026-07-29 18:50:00,0.000000,0.470000
TP10,2026-07-29 18:55:00,0.000000,0.420000
TP10,2026-07-29 19:00:00,0.000000,0.320000
TP10,2026-07-29 19:05:00,0.000000,0.330000
TP10,2026-07-29 19:10:00,0.000000,0.370000
TP10,2026-07-29 19:15:00,0.000000,0.200000
TP10,2026-07-29 19:20:00,0.000000,0.270000
TP10,2026-07-29 19:25:00,0.000000,0.320000
TP10,2026-07-29 19:30:00,0.000000,0.220000
TP10,2026-07-29 19:35:00,0.000000,0.200000
TP10,2026-07-29 19:40:00,0.000000,0.130000
TP10,2026-07-29 19:45:00,0.000000,0.380000
TP10,2026-07-29 19:50:00,0.000000,0.160000
TP10,2026-07-29 19:55:00,0.000000,0.190000
TP10,2026-07-29 20:00:00,0.000000,0.170000
TP10,2026-07-29 20:05:00,0.000000,0.050000
TP10,2026-07-29 20:10:00,0.000000,0.020000
TP10,2026-07-29 20:15:00,0.000000,0.030000
TP10,2026-07-29 20:20:00,0.000000,-0.070000
TP10,2026-07-29 20:25:00,0.000000,0.130000
TP10,2026-07-29 20:30:00,0.000000,0.180000
TP10,2026-07-29 20:35:00,0.000000,0.100000
TP10,2026-07-29 20:40:00,0.000000,0.180000
TP10,2026-07-29 20:45:00,0.000000,0.320000
TP10,2026-07-29 20:50:00,0.000000,0.280000
TP10,2026-07-29 20:55:00,0.000000,0.200000
TP10,2026-07-29 21:00:00,0.000000,0.500000
TP10,2026-07-29 21:05:00,0.000000,0.200000
TP10,2026-07-29 21:10:00,0.000000,0.430000
TP10,2026-07-29 21:15:00,0.000000,0.210000
TP10,2026-07-29 21:20:00,0.000000,0.200000
TP10,2026-07-29 21:25:00,0.000000,0.180000
TP10,2026-07-29 21:30:00,0.000000,0.450000
TP10,2026-07-29 21:35:00,0.000000,0.310000
TP10,2026-07-29 21:40:00,0.000000,0.680000
TP10,2026-07-29 21:45:00,0.000000,0.230000
TP10,2026-07-29 21:50:00,0.000000,0.260000
TP10,2026-07-29 21:55:00,0.000000,0.530000
TP10,2026-07-29 22:00:00,0.000000,0.520000
TP10,2026-07-29 22:05:00,0.000000,0.390000
TP10,2026-07-29 22:10:00,0.000000,0.560000
TP10,2026-07-29 22:15:00,0.000000,0.490000
TP10,2026-07-29 22:20:00,0.000000,0.580000
TP10,2026-07-29 22:25:00,0.000000,0.560000
TP10,2026-07-29 22:30:00,0.000000,0.830000
TP10,2026-07-29 22:35:00,0.000000,0.850000
TP10,2026-07-29 22:40:00,0.000000,0.980000
TP10,2026-07-29 22:45:00,0.000000,1.020000
TP10,2026-07-29 22:50:00,0.000000,1.010000
TP10,2026-07-29 22:55:00,0.000000,1.460000
TP10,2026-07-29 23:00:00,0.000000,1.250000
TP10,2026-07-29 23:05:00,0.000000,1.540000
TP10,2026-07-29 23:10:00,0.000000,1.070000
TP10,2026-07-29 23:15:00,0.000000,1.410000
TP10,2026-07-29 23:20:00,0.000000,1.590000
TP10,2026-07-29 23:25:00,0.000000,1.790000
TP10,2026-07-29 23:30:00,0.000000,1.770000
TP10,2026-07-29 23:35:00,0.000000,1.480000
TP10,2026-07-29 23:40:00,0.000000,1.730000
TP10,2026-07-29 23:45:00,0.000000,1.720000
TP10,2026-07-29 23:50:00,0.000000,1.360000
TP10,2026-07-29 23:55:00,0.000000,1.560000
TP10,2026-07-30 00:00:00,0.000000,1.550000
TP10,2026-07-30 00:05:00,0.000000,1.530000
TP10,2026-07-30 00:10:00,0.000000,1.450000
TP10,2026-07-30 00:15:00,0.000000,1.670000
TP10,2026-07-30 00:20:00,0.000000,1.390000
TP10,2026-07-30 00:25:00,0.000000,1.400000
TP10,2026-07-30 00:30:00,0.000000,1.570000
TP10,2026-07-30 00:35:00,0.000000,1.470000
TP10,2026-07-30 00:40:00,0.000000,1.530000
TP10,2026-07-30 00:45:00,0.000000,1.720000
TP10,2026-07-30 00:50:00,0.000000,1.750000
TP10,2026-07-30 00:55:00,0.000000,1.820000
TP10,2026-07-30 01:00:00,0.000000,1.710000
TP10,2026-07-30 01:05:00,0.000000,1.810000
TP10,2026-07-30 01:10:00,0.000000,1.920000
TP10,2026-07-30 01:15:00,0.000000,1.810000
TP10,2026-07-30 01:20:00,0.000000,1.920000
TP10,2026-07-30 01:25:00,0.000000,1.850000
TP10,2026-07-30 01:30:00,0.000000,1.870000
TP10,2026-07-30 01:35:00,0.000000,1.800000
TP10,2026-07-30 01:40:00,0.000000,1.790000
TP10,2026-07-30 01:45:00,0.000000,1.880000
TP10,2026-07-30 01:50:00,0.000000,1.880000
TP10,2026-07-30 01:55:00,0.000000,1.720000
TP10,2026-07-30 02:00:00,0.000000,1.930000
TP10,2026-07-30 02:05:00,0.000000,2.050000
TP10,2026-07-30 02:10:00,0.000000,1.880000
TP10,2026-07-30 02:15:00,0.000000,1.870000
TP10,2026-07-30 02:20:00,0.000000,1.770000
TP10,2026-07-30 02:25:00,0.000000,1.670000
TP10,2026-07-30 02:30:00,0.000000,1.730000
TP10,2026-07-30 02:35:00,0.000000,1.460000
TP10,2026-07-30 02:40:00,0.000000,1.330000
TP10,2026-07-30 02:45:00,0.000000,1.400000
TP10,2026-07-30 02:50:00,0.000000,1.330000
TP10,2026-07-30 02:55:00,0.000000,1.540000
TP10,2026-07-30 03:00:00,0.000000,1.640000
TP10,2026-07-30 03:05:00,0.000000,1.580000
TP10,2026-07-30 03:10:00,0.000000,1.680000
TP10,2026-07-30 03:15:00,0.000000,1.610000
TP10,2026-07-30 03:20:00,0.000000,1.620000
TP10,2026-07-30 03:25:00,0.000000,1.600000
TP10,2026-07-30 03:30:00,0.000000,1.750000
TP10,2026-07-30 03:35:00,0.000000,1.470000
TP10,2026-07-30 03:40:00,0.000000,1.510000
TP10,2026-07-30 03:45:00,0.000000,1.510000
TP10,2026-07-30 03:50:00,0.000000,1.490000
TP10,2026-07-30 03:55:00,0.000000,1.490000
TP10,2026-07-30 04:00:00,0.000000,1.710000
TP10,2026-07-30 04:05:00,0.000000,1.570000
TP10,2026-07-30 04:10:00,0.000000,1.660000
TP10,2026-07-30 04:15:00,0.000000,1.550000
TP10,2026-07-30 04:20:00,0.000000,1.520000
TP10,2026-07-30 04:25:00,0.000000,1.600000
TP10,2026-07-30 04:30:00,0.000000,1.730000
TP10,2026-07-30 04:35:00,0.000000,1.830000
TP10,2026-07-30 04:40:00,0.000000,1.720000
TP10,2026-07-30 04:45:00,0.000000,1.570000
TP10,2026-07-30 04:50:00,0.000000,1.520000
TP10,2026-07-30 04:55:00,0.000000,1.570000
TP10,2026-07-30 05:00:00,0.000000,1.750000
TP10,2026-07-30 05:05:00,0.000000,1.540000
TP10,2026-07-30 05:10:00,0.000000,1.630000
TP10,2026-07-30 05:15:00,0.000000,1.550000
TP10,2026-07-30 05:20:00,0.000000,1.490000
TP10,2026-07-30 05:25:00,0.000000,1.460000
TP10,2026-07-30 05:30:00,0.000000,1.740000
TP10,2026-07-30 05:35:00,0.000000,1.420000
TP10,2026-07-30 05:40:00,0.000000,1.430000
TP10,2026-07-30 05:45:00,0.000000,1.320000
TP10,2026-07-30 05:50:00,0.000000,1.260000
TP10,2026-07-30 05:55:00,0.000000,1.190000
TP10,2026-07-30 06:00:00,0.000000,1.530000
TP10,2026-07-30 06:05:00,0.000000,1.100000
TP10,2026-07-30 06:10:00,0.000000,1.040000
TP10,2026-07-30 06:15:00,0.000000,1.030000
TP10,2026-07-30 06:20:00,0.000000,1.310000
TP10,2026-07-30 06:25:00,0.000000,0.970000
TP10,2026-07-30 06:30:00,0.000000,0.840000
TP10,2026-07-30 06:35:00,0.000000,0.710000
TP10,2026-07-30 06:40:00,0.000000,0.860000
TP10,2026-07-30 06:45:00,0.000000,0.590000
TP10,2026-07-30 06:50:00,0.000000,0.480000
TP10,2026-07-30 06:55:00,0.000000,0.240000
TP10,2026-07-30 07:00:00,0.000000,0.320000
TP10,2026-07-30 07:05:00,0.000000,0.180000
TP10,2026-07-30 07:10:00,0.000000,-0.020000
TP10,2026-07-30 07:15:00,0.000000,-0.210000
TP10,2026-07-30 07:20:00,0.000000,-0.420000
TP10,2026-07-30 07:25:00,0.000000,-0.440000
TP10,2026-07-30 07:30:00,0.000000,-0.490000
TP10,2026-07-30 07:35:00,0.000000,-0.630000
TP10,2026-07-30 07:40:00,0.000000,-0.520000
TP10,2026-07-30 07:45:00,0.000000,-0.780000
TP10,2026-07-30 07:50:00,0.000000,-0.880000
TP10,2026-07-30 07:55:00,0.000000,-0.820000
TP10,2026-07-30 08:00:00,0.000000,-0.690000
TP10,2026-07-30 08:05:00,0.000000,-0.400000
TP10,2026-07-30 08:10:00,0.000000,-0.850000
TP10,2026-07-30 08:15:00,0.000000,-0.910000
TP10,2026-07-30 08:20:00,0.000000,-0.970000
TP10,2026-07-30 08:25:00,0.000000,-1.110000
TP10,2026-07-30 08:30:00,0.000000,-1.010000
TP10,2026-07-30 08:35:00,0.000000,-1.070000
TP10,2026-07-30 08:40:00,0.000000,-1.140000
TP10,2026-07-30 08:45:00,0.000000,-1.160000
TP10,2026-07-30 08:50:00,0.000000,-1.120000
TP10,2026-07-30 08:55:00,0.000000,-1.100000
TP10,2026-07-30 09:00:00,0.000000,-0.910000
TP10,2026-07-30 09:05:00,0.000000,-0.710000
TP10,2026-07-30 09:10:00,0.000000,-0.910000
TP10,2026-07-30 09:15:00,0.000000,-0.900000
TP10,2026-07-30 09:20:00,0.000000,-1.040000
TP10,2026-07-30 09:25:00,0.000000,-0.950000
TP10,2026-07-30 09:30:00,0.000000,-0.880000
TP10,2026-07-30 09:35:00,0.000000,-0.950000
TP10,2026-07-30 09:40:00,0.000000,-0.850000
TP10,2026-07-30 09:45:00,0.000000,-0.670000
TP10,2026-07-30 09:50:00,0.000000,-0.550000
TP10,2026-07-30 09:55:00,0.000000,-0.410000
TP10,2026-07-30 10:00:00,0.000000,-0.680000
TP10,2026-07-30 10:05:00,0.000000,-0.590000
TP10,2026-07-30 10:10:00,0.000000,-0.280000
TP10,2026-07-30 10:15:00,0.000000,-0.360000
TP10,2026-07-30 10:20:00,0.000000,0.040000
TP10,2026-07-30 10:25:00,0.000000,0.030000
TP10,2026-07-30 10:30:00,0.000000,-0.210000
TP10,2026-07-30 10:35:00,0.000000,-0.190000
TP10,2026-07-30 10:40:00,0.000000,-0.140000
TP10,2026-07-30 10:45:00,0.000000,-0.180000
TP10,2026-07-30 10:50:00,0.000000,-0.200000
TP10,2026-07-30 10:55:00,0.000000,-0.040000
TP10,2026-07-30 11:00:00,0.000000,0.180000
TP10,2026-07-30 11:05:00,0.000000,-0.170000
TP10,2026-07-30 11:10:00,0.000000,-0.160000
TP10,2026-07-30 11:15:00,0.000000,-0.200000
TP10,2026-07-30 11:20:00,0.000000,-0.120000
TP10,2026-07-30 11:25:00,0.000000,0.010000
TP10,2026-07-30 11:30:00,0.000000,-0.010000
TP10,2026-07-30 11:35:00,0.000000,-0.020000
TP10,2026-07-30 11:40:00,0.000000,0.100000
TP10,2026-07-30 11:45:00,0.000000,0.370000
TP10,2026-07-30 11:50:00,0.000000,0.260000
TP10,2026-07-30 11:55:00,0.000000,0.340000
TP10,2026-07-30 12:00:00,0.000000,0.550000
TP10,2026-07-30 12:05:00,0.000000,0.480000
TP10,2026-07-30 12:10:00,0.000000,0.570000
TP10,2026-07-30 12:15:00,0.000000,0.490000
TP10,2026-07-30 12:20:00,0.000000,0.500000
TP10,2026-07-30 12:25:00,0.000000,0.580000
TP10,2026-07-30 12:30:00,0.000000,0.380000
TP10,2026-07-30 12:35:00,0.000000,0.390000
TP10,2026-07-30 12:40:00,0.000000,0.370000
TP10,2026-07-30 12:45:00,0.000000,0.370000
TP15,2026-07-21 17:00:00,0.000000,0.000000
TP15,2026-07-21 17:05:00,0.000000,0.000000
TP15,2026-07-21 17:10:00,0.000000,0.000000
TP15,2026-07-21 17:15:00,0.000000,0.100000
TP15,2026-07-21 17:20:00,0.000000,0.000000
TP15,2026-07-21 17:25:00,0.000000,0.100000
TP15,2026-07-21 17:30:00,0.000000,0.000000
TP15,2026-07-21 17:35:00,0.000000,0.000000
TP15,2026-07-21 17:40:00,0.000000,0.100000
TP15,2026-07-21 17:45:00,0.000000,0.000000
TP15,2026-07-21 17:50:00,0.000000,0.100000
TP15,2026-07-21 17:55:00,0.000000,0.100000
TP15,2026-07-21 18:00:00,0.000000,0.100000
TP15,2026-07-21 18:05:00,0.000000,0.100000
TP15,2026-07-21 18:10:00,0.000000,0.200000
TP15,2026-07-21 18:15:00,0.000000,0.100000
TP15,2026-07-21 18:20:00,0.000000,0.200000
TP15,2026-07-21 18:25:00,0.000000,0.100000
TP15,2026-07-21 18:30:00,0.000000,0.200000
TP15,2026-07-21 18:35:00,0.000000,0.200000
TP15,2026-07-21 18:40:00,0.000000,0.000000
TP15,2026-07-21 18:45:00,0.000000,0.200000
TP15,2026-07-21 18:50:00,0.000000,0.000000
TP15,2026-07-21 18:55:00,0.000000,0.100000
TP15,2026-07-21 19:00:00,0.000000,0.100000
TP15,2026-07-21 19:05:00,0.000000,0.000000
TP15,2026-07-21 19:10:00,0.000000,0.100000
TP15,2026-07-21 19:15:00,0.000000,0.100000
TP15,2026-07-21 19:20:00,0.000000,0.100000
TP15,2026-07-21 19:25:00,0.000000,0.100000
TP15,2026-07-21 19:30:00,0.000000,0.100000
TP15,2026-07-21 19:35:00,0.000000,0.100000
TP15,2026-07-21 19:40:00,0.000000,0.100000
TP15,2026-07-21 19:45:00,0.000000,0.100000
TP15,2026-07-21 19:50:00,0.000000,0.100000
TP15,2026-07-21 19:55:00,0.000000,0.100000
TP15,2026-07-21 20:00:00,0.000000,0.100000
TP15,2026-07-21 20:05:00,0.000000,0.100000
TP15,2026-07-21 20:10:00,0.000000,0.100000
TP15,2026-07-21 20:15:00,0.000000,0.200000
TP15,2026-07-21 20:20:00,0.000000,0.200000
TP15,2026-07-21 20:25:00,0.000000,0.200000
TP15,2026-07-21 20:30:00,0.000000,0.200000
TP15,2026-07-21 20:35:00,0.000000,0.200000
TP15,2026-07-21 20:40:00,0.000000,0.300000
TP15,2026-07-21 20:45:00,0.000000,0.200000
TP15,2026-07-21 20:50:00,0.000000,0.200000
TP15,2026-07-21 20:55:00,0.000000,0.200000
TP15,2026-07-21 21:00:00,0.000000,0.200000
TP15,2026-07-21 21:05:00,0.000000,0.300000
TP15,2026-07-21 21:10:00,0.000000,0.200000
TP15,2026-07-21 21:15:00,0.000000,0.300000
TP15,2026-07-21 21:20:00,0.000000,0.200000
TP15,2026-07-21 21:25:00,0.000000,0.200000
TP15,2026-07-21 21:30:00,0.000000,0.300000
TP15,2026-07-21 21:35:00,0.000000,0.400000
TP15,2026-07-21 21:40:00,0.000000,0.300000
TP15,2026-07-21 21:45:00,0.000000,0.400000
TP15,2026-07-21 21:50:00,0.000000,0.400000
TP15,2026-07-21 21:55:00,0.000000,0.400000
TP15,2026-07-21 22:00:00,0.000000,0.400000
TP15,2026-07-21 22:05:00,0.000000,0.600000
TP15,2026-07-21 22:10:00,0.000000,0.400000
TP15,2026-07-21 22:15:00,0.000000,0.400000
TP15,2026-07-21 22:20:00,0.000000,0.400000
TP15,2026-07-21 22:25:00,0.000000,0.500000
TP15,2026-07-21 22:30:00,0.000000,0.500000
TP15,2026-07-21 22:35:00,0.000000,0.500000
TP15,2026-07-21 22:40:00,0.000000,0.600000
TP15,2026-07-21 22:45:00,0.000000,0.500000
TP15,2026-07-21 22:50:00,0.000000,0.500000
TP15,2026-07-21 22:55:00,0.000000,0.500000
TP15,2026-07-21 23:00:00,0.000000,0.500000
TP15,2026-07-21 23:05:00,0.000000,0.600000
TP15,2026-07-21 23:10:00,0.000000,0.600000
TP15,2026-07-21 23:15:00,0.000000,0.600000
TP15,2026-07-21 23:20:00,0.000000,0.700000
TP15,2026-07-21 23:25:00,0.000000,0.600000
TP15,2026-07-21 23:30:00,0.000000,0.600000
TP15,2026-07-21 23:35:00,0.000000,0.600000
TP15,2026-07-21 23:40:00,0.000000,0.600000
TP15,2026-07-21 23:45:00,0.000000,0.600000
TP15,2026-07-21 23:50:00,0.000000,0.700000
TP15,2026-07-21 23:55:00,0.000000,0.700000
TP15,2026-07-22 00:00:00,0.000000,0.600000
TP15,2026-07-22 00:05:00,0.000000,0.700000
TP15,2026-07-22 00:10:00,0.000000,0.600000
TP15,2026-07-22 00:15:00,0.000000,0.700000
TP15,2026-07-22 00:20:00,0.000000,0.700000
TP15,2026-07-22 00:25:00,0.000000,0.700000
TP15,2026-07-22 00:30:00,0.000000,0.700000
TP15,2026-07-22 00:35:00,0.000000,0.800000
TP15,2026-07-22 00:40:00,0.000000,0.700000
TP15,2026-07-22 00:45:00,0.000000,0.700000
TP15,2026-07-22 00:50:00,0.000000,0.800000
TP15,2026-07-22 00:55:00,0.000000,0.700000
TP15,2026-07-22 01:00:00,0.000000,0.800000
TP15,2026-07-22 01:05:00,0.000000,0.800000
TP15,2026-07-22 01:10:00,0.000000,0.800000
TP15,2026-07-22 01:15:00,0.000000,0.700000
TP15,2026-07-22 01:20:00,0.000000,0.700000
TP15,2026-07-22 01:25:00,0.000000,0.800000
TP15,2026-07-22 01:30:00,0.000000,0.800000
TP15,2026-07-22 01:35:00,0.000000,0.800000
TP15,2026-07-22 01:40:00,0.000000,0.800000
TP15,2026-07-22 01:45:00,0.000000,0.800000
TP15,2026-07-22 01:50:00,0.000000,0.800000
TP15,2026-07-22 01:55:00,0.000000,0.800000
TP15,2026-07-22 02:00:00,0.000000,0.900000
TP15,2026-07-22 02:05:00,0.000000,0.900000
TP15,2026-07-22 02:10:00,0.000000,0.900000
TP15,2026-07-22 02:15:00,0.000000,0.800000
TP15,2026-07-22 02:20:00,0.000000,0.800000
TP15,2026-07-22 02:25:00,0.000000,0.900000
TP15,2026-07-22 02:30:00,0.000000,0.900000
TP15,2026-07-22 02:35:00,0.000000,0.900000
TP15,2026-07-22 02:40:00,0.000000,0.900000
TP15,2026-07-22 02:45:00,0.000000,0.900000
TP15,2026-07-22 02:50:00,0.000000,0.800000
TP15,2026-07-22 02:55:00,0.000000,0.900000
TP15,2026-07-22 03:00:00,0.000000,0.900000
TP15,2026-07-22 03:05:00,0.000000,0.800000
TP15,2026-07-22 03:10:00,0.000000,0.900000
TP15,2026-07-22 03:15:00,0.000000,0.800000
TP15,2026-07-22 03:20:00,0.000000,0.800000
TP15,2026-07-22 03:25:00,0.000000,0.800000
TP15,2026-07-22 03:30:00,0.000000,0.800000
TP15,2026-07-22 03:35:00,0.000000,0.800000
TP15,2026-07-22 03:40:00,0.000000,0.800000
TP15,2026-07-22 03:45:00,0.000000,0.800000
TP15,2026-07-22 03:50:00,0.000000,0.800000
TP15,2026-07-22 03:55:00,0.000000,0.800000
TP15,2026-07-22 04:00:00,0.000000,0.800000
TP15,2026-07-22 04:05:00,0.000000,0.800000
TP15,2026-07-22 04:10:00,0.000000,0.700000
TP15,2026-07-22 04:15:00,0.000000,0.800000
TP15,2026-07-22 04:20:00,0.000000,0.800000
TP15,2026-07-22 04:25:00,0.000000,0.700000
TP15,2026-07-22 04:30:00,0.000000,0.700000
TP15,2026-07-22 04:35:00,0.000000,0.800000
TP15,2026-07-22 04:40:00,0.000000,0.700000
TP15,2026-07-22 04:45:00,0.000000,0.700000
TP15,2026-07-22 04:50:00,0.000000,0.700000
TP15,2026-07-22 04:55:00,0.000000,0.700000
TP15,2026-07-22 05:00:00,0.000000,0.700000
TP15,2026-07-22 05:05:00,0.000000,0.800000
TP15,2026-07-22 05:10:00,0.000000,0.600000
TP15,2026-07-22 05:15:00,0.000000,0.700000
TP15,2026-07-22 05:20:00,0.000000,0.700000
TP15,2026-07-22 05:25:00,0.000000,0.600000
TP15,2026-07-22 05:30:00,0.000000,0.600000
TP15,2026-07-22 05:35:00,0.000000,0.700000
TP15,2026-07-22 05:40:00,0.000000,0.600000
TP15,2026-07-22 05:45:00,0.000000,0.700000
TP15,2026-07-22 05:50:00,0.000000,0.600000
TP15,2026-07-22 05:55:00,0.000000,0.500000
TP15,2026-07-22 06:00:00,0.000000,0.500000
TP15,2026-07-22 06:05:00,0.000000,0.500000
TP15,2026-07-22 06:10:00,0.000000,0.500000
TP15,2026-07-22 06:15:00,0.000000,0.500000
TP15,2026-07-22 06:20:00,0.000000,0.500000
TP15,2026-07-22 06:25:00,0.000000,0.500000
TP15,2026-07-22 06:30:00,0.000000,0.500000
TP15,2026-07-22 06:35:00,0.000000,0.500000
TP15,2026-07-22 06:40:00,0.000000,0.500000
TP15,2026-07-22 06:45:00,0.000000,0.500000
TP15,2026-07-22 06:50:00,0.000000,0.500000
TP15,2026-07-22 06:55:00,0.000000,0.500000
TP15,2026-07-22 07:00:00,0.000000,0.500000
TP15,2026-07-22 07:05:00,0.000000,0.500000
TP15,2026-07-22 07:10:00,0.000000,0.400000
TP15,2026-07-22 07:15:00,0.000000,0.500000
TP15,2026-07-22 07:20:00,0.000000,0.400000
TP15,2026-07-22 07:25:00,0.000000,0.400000
TP15,2026-07-22 07:30:00,0.000000,0.400000
TP15,2026-07-22 07:35:00,0.000000,0.400000
TP15,2026-07-22 07:40:00,0.000000,0.500000
TP15,2026-07-22 07:45:00,0.000000,0.400000
TP15,2026-07-22 07:50:00,0.000000,0.300000
TP15,2026-07-22 07:55:00,0.000000,0.400000
TP15,2026-07-22 08:00:00,0.000000,0.400000
TP15,2026-07-22 08:05:00,0.000000,0.500000
TP15,2026-07-22 08:10:00,0.000000,0.400000
TP15,2026-07-22 08:15:00,0.000000,0.500000
TP15,2026-07-22 08:20:00,0.000000,0.300000
TP15,2026-07-22 08:25:00,0.000000,0.300000
TP15,2026-07-22 08:30:00,0.000000,0.300000
TP15,2026-07-22 08:35:00,0.000000,0.100000
TP15,2026-07-22 08:40:00,0.000000,0.400000
TP15,2026-07-22 08:45:00,0.000000,0.300000
TP15,2026-07-22 08:50:00,0.000000,0.400000
TP15,2026-07-22 08:55:00,0.000000,0.700000
TP15,2026-07-22 09:00:00,0.000000,0.400000
TP15,2026-07-22 09:05:00,0.000000,0.700000
TP15,2026-07-22 09:10:00,0.000000,0.600000
TP15,2026-07-22 09:15:00,0.000000,0.100000
TP15,2026-07-22 09:20:00,0.000000,0.200000
TP15,2026-07-22 09:25:00,0.000000,0.100000
TP15,2026-07-22 09:30:00,0.000000,0.200000
TP15,2026-07-22 09:35:00,0.000000,0.200000
TP15,2026-07-22 09:40:00,0.000000,0.100000
TP15,2026-07-22 09:45:00,0.000000,0.300000
TP15,2026-07-22 09:50:00,0.000000,0.300000
TP15,2026-07-22 09:55:00,0.000000,0.200000
TP15,2026-07-22 10:00:00,0.000000,0.300000
TP15,2026-07-22 10:05:00,0.000000,0.200000
TP15,2026-07-22 10:10:00,0.000000,0.200000
TP15,2026-07-22 10:15:00,0.000000,0.500000
TP15,2026-07-22 10:20:00,0.000000,0.600000
TP15,2026-07-22 10:25:00,0.000000,0.800000
TP15,2026-07-22 10:30:00,0.000000,0.300000
TP15,2026-07-22 10:35:00,0.000000,0.400000
TP15,2026-07-22 10:40:00,0.000000,0.500000
TP15,2026-07-22 10:45:00,0.000000,0.600000
TP15,2026-07-22 10:50:00,0.000000,0.500000
TP15,2026-07-22 10:55:00,0.000000,0.300000
TP15,2026-07-22 11:00:00,0.000000,0.300000
TP15,2026-07-22 11:05:00,0.000000,0.700000
TP15,2026-07-22 11:10:00,0.000000,0.800000
TP15,2026-07-22 11:15:00,0.000000,0.500000
TP15,2026-07-22 11:20:00,0.000000,0.500000
TP15,2026-07-22 11:25:00,0.000000,0.500000
TP15,2026-07-22 11:30:00,0.000000,0.500000
TP15,2026-07-22 11:35:00,0.000000,0.600000
TP15,2026-07-22 11:40:00,0.000000,0.600000
TP15,2026-07-22 11:45:00,0.000000,0.800000
TP15,2026-07-22 11:50:00,0.000000,0.600000
TP15,2026-07-22 11:55:00,0.000000,0.700000
TP15,2026-07-22 12:00:00,0.000000,0.700000
TP15,2026-07-22 12:05:00,0.000000,0.600000
TP15,2026-07-22 12:10:00,0.000000,0.700000
TP15,2026-07-22 12:15:00,0.000000,0.700000
TP15,2026-07-22 12:20:00,0.000000,0.700000
TP15,2026-07-22 12:25:00,0.000000,0.700000
TP15,2026-07-22 12:30:00,0.000000,0.800000
TP15,2026-07-22 12:35:00,0.000000,0.700000
TP15,2026-07-22 12:40:00,0.000000,0.800000
TP15,2026-07-22 12:45:00,0.000000,0.700000
TP15,2026-07-22 12:50:00,0.000000,0.800000
TP15,2026-07-22 12:55:00,0.000000,0.900000
TP15,2026-07-22 13:00:00,0.000000,0.600000
TP15,2026-07-22 13:05:00,0.000000,0.700000
TP15,2026-07-22 13:10:00,0.000000,0.900000
TP15,2026-07-22 13:15:00,0.000000,0.800000
TP15,2026-07-22 13:20:00,0.000000,0.700000
TP15,2026-07-22 13:25:00,0.000000,0.800000
TP15,2026-07-22 13:30:00,0.000000,0.800000
TP15,2026-07-22 13:35:00,0.000000,0.700000
TP15,2026-07-22 13:40:00,0.000000,0.900000
TP15,2026-07-22 13:45:00,0.000000,0.600000
TP15,2026-07-22 13:50:00,0.000000,0.800000
TP15,2026-07-22 13:55:00,0.000000,1.000000
TP15,2026-07-22 14:00:00,0.000000,0.600000
TP15,2026-07-22 14:05:00,0.000000,0.800000
TP15,2026-07-22 14:10:00,0.000000,0.900000
TP15,2026-07-22 14:15:00,0.000000,0.600000
TP15,2026-07-22 14:20:00,0.000000,0.600000
TP15,2026-07-22 14:25:00,0.000000,0.800000
TP15,2026-07-22 14:30:00,0.000000,0.700000
TP15,2026-07-22 14:35:00,0.000000,0.900000
TP15,2026-07-22 14:40:00,0.000000,1.100000
TP15,2026-07-22 14:45:00,0.000000,0.700000
TP15,2026-07-22 14:50:00,0.000000,0.800000
TP15,2026-07-22 14:55:00,0.000000,0.800000
TP15,2026-07-22 15:00:00,0.000000,0.800000
TP15,2026-07-22 15:05:00,0.000000,1.000000
TP15,2026-07-22 15:10:00,0.000000,0.900000
TP15,2026-07-22 15:15:00,0.000000,1.300000
TP15,2026-07-22 15:20:00,0.000000,0.900000
TP15,2026-07-22 15:25:00,0.000000,1.000000
TP15,2026-07-22 15:30:00,0.000000,1.000000
TP15,2026-07-22 15:35:00,0.000000,0.800000
TP15,2026-07-22 15:40:00,0.000000,0.800000
TP15,2026-07-22 15:45:00,0.000000,0.800000
TP15,2026-07-22 15:50:00,0.000000,0.600000
TP15,2026-07-22 15:55:00,0.000000,0.600000
TP15,2026-07-22 16:00:00,0.000000,0.600000
TP15,2026-07-22 16:05:00,0.000000,0.700000
TP15,2026-07-22 16:10:00,0.000000,0.800000
TP15,2026-07-22 16:15:00,0.000000,0.800000
TP15,2026-07-22 16:20:00,0.000000,0.800000
TP15,2026-07-22 16:25:00,0.000000,0.800000
TP15,2026-07-22 16:30:00,0.000000,0.700000
TP15,2026-07-22 16:35:00,0.000000,0.600000
TP15,2026-07-22 16:40:00,0.000000,0.600000
TP15,2026-07-22 16:45:00,0.000000,0.600000
TP15,2026-07-22 16:50:00,0.000000,0.500000
TP15,2026-07-22 16:55:00,0.000000,0.500000
TP15,2026-07-22 17:00:00,0.000000,0.600000
TP15,2026-07-22 17:05:00,0.000000,0.700000
TP15,2026-07-22 17:10:00,0.000000,1.100000
TP15,2026-07-22 17:15:00,0.000000,0.500000
TP15,2026-07-22 17:20:00,0.000000,0.500000
TP15,2026-07-22 17:25:00,0.000000,0.400000
TP15,2026-07-22 17:30:00,0.000000,0.500000
TP15,2026-07-22 17:35:00,0.000000,0.500000
TP15,2026-07-22 17:40:00,0.000000,0.600000
TP15,2026-07-22 17:45:00,0.000000,0.500000
TP15,2026-07-22 17:50:00,0.000000,0.500000
TP15,2026-07-22 17:55:00,0.000000,0.400000
TP15,2026-07-22 18:00:00,0.000000,0.400000
TP15,2026-07-22 18:05:00,0.000000,0.400000
TP15,2026-07-22 18:10:00,0.000000,0.400000
TP15,2026-07-22 18:15:00,0.000000,0.400000
TP15,2026-07-22 18:20:00,0.000000,0.400000
TP15,2026-07-22 18:25:00,0.000000,0.500000
TP15,2026-07-22 18:30:00,0.000000,0.400000
TP15,2026-07-22 18:35:00,0.000000,0.500000
TP15,2026-07-22 18:40:00,0.000000,0.400000
TP15,2026-07-22 18:45:00,0.000000,0.300000
TP15,2026-07-22 18:50:00,0.000000,0.300000
TP15,2026-07-22 18:55:00,0.000000,0.300000
TP15,2026-07-22 19:00:00,0.000000,0.300000
TP15,2026-07-22 19:05:00,0.000000,0.400000
TP15,2026-07-22 19:10:00,0.000000,0.300000
TP15,2026-07-22 19:15:00,0.000000,0.300000
TP15,2026-07-22 19:20:00,0.000000,0.300000
TP15,2026-07-22 19:25:00,0.000000,0.200000
TP15,2026-07-22 19:30:00,0.000000,0.200000
TP15,2026-07-22 19:35:00,0.000000,0.200000
TP15,2026-07-22 19:40:00,0.000000,0.300000
TP15,2026-07-22 19:45:00,0.000000,0.300000
TP15,2026-07-22 19:50:00,0.000000,0.300000
TP15,2026-07-22 19:55:00,0.000000,0.300000
TP15,2026-07-22 20:00:00,0.000000,0.300000
TP15,2026-07-22 20:05:00,0.000000,0.300000
TP15,2026-07-22 20:10:00,0.000000,0.200000
TP15,2026-07-22 20:15:00,0.000000,0.300000
TP15,2026-07-22 20:20:00,0.000000,0.300000
TP15,2026-07-22 20:25:00,0.000000,0.400000
TP15,2026-07-22 20:30:00,0.000000,0.400000
TP15,2026-07-22 20:35:00,0.000000,0.300000
TP15,2026-07-22 20:40:00,0.000000,0.500000
TP15,2026-07-22 20:45:00,0.000000,0.200000
TP15,2026-07-22 20:50:00,0.000000,0.300000
TP15,2026-07-22 20:55:00,0.000000,0.300000
TP15,2026-07-22 21:00:00,0.000000,0.300000
TP15,2026-07-22 21:05:00,0.000000,0.500000
TP15,2026-07-22 21:10:00,0.000000,0.300000
TP15,2026-07-22 21:15:00,0.000000,0.400000
TP15,2026-07-22 21:20:00,0.000000,0.400000
TP15,2026-07-22 21:25:00,0.000000,0.300000
TP15,2026-07-22 21:30:00,0.000000,0.300000
TP15,2026-07-22 21:35:00,0.000000,0.200000
TP15,2026-07-22 21:40:00,0.000000,0.300000
TP15,2026-07-22 21:45:00,0.000000,0.300000
TP15,2026-07-22 21:50:00,0.000000,0.300000
TP15,2026-07-22 21:55:00,0.000000,0.300000
TP15,2026-07-22 22:00:00,0.000000,0.300000
TP15,2026-07-22 22:05:00,0.000000,0.200000
TP15,2026-07-22 22:10:00,0.000000,0.300000
TP15,2026-07-22 22:15:00,0.000000,0.200000
TP15,2026-07-22 22:20:00,0.000000,0.300000
TP15,2026-07-22 22:25:00,0.000000,0.200000
TP15,2026-07-22 22:30:00,0.000000,0.300000
TP15,2026-07-22 22:35:00,0.000000,0.300000
TP15,2026-07-22 22:40:00,0.000000,0.300000
TP15,2026-07-22 22:45:00,0.000000,0.200000
TP15,2026-07-22 22:50:00,0.000000,0.200000
TP15,2026-07-22 22:55:00,0.000000,0.300000
TP15,2026-07-22 23:00:00,0.000000,0.300000
TP15,2026-07-22 23:05:00,0.000000,0.200000
TP15,2026-07-22 23:10:00,0.000000,0.300000
TP15,2026-07-22 23:15:00,0.000000,0.200000
TP15,2026-07-22 23:20:00,0.000000,0.400000
TP15,2026-07-22 23:25:00,0.000000,0.400000
TP15,2026-07-22 23:30:00,0.000000,0.300000
TP15,2026-07-22 23:35:00,0.000000,0.300000
TP15,2026-07-22 23:40:00,0.000000,0.300000
TP15,2026-07-22 23:45:00,0.000000,0.300000
TP15,2026-07-22 23:50:00,0.000000,0.300000
TP15,2026-07-22 23:55:00,0.000000,0.300000
TP15,2026-07-23 00:00:00,0.000000,0.400000
TP15,2026-07-23 00:05:00,0.000000,0.300000
TP15,2026-07-23 00:10:00,0.000000,0.300000
TP15,2026-07-23 00:15:00,0.000000,0.200000
TP15,2026-07-23 00:20:00,0.000000,0.200000
TP15,2026-07-23 00:25:00,0.000000,0.300000
TP15,2026-07-23 00:30:00,0.000000,0.300000
TP15,2026-07-23 00:35:00,0.000000,0.200000
TP15,2026-07-23 00:40:00,0.000000,0.300000
TP15,2026-07-23 00:45:00,0.000000,0.200000
TP15,2026-07-23 00:50:00,0.000000,0.300000
TP15,2026-07-23 00:55:00,0.000000,0.200000
TP15,2026-07-23 01:00:00,0.000000,0.300000
TP15,2026-07-23 01:05:00,0.000000,0.200000
TP15,2026-07-23 01:10:00,0.000000,0.200000
TP15,2026-07-23 01:15:00,0.000000,0.300000
TP15,2026-07-23 01:20:00,0.000000,0.300000
TP15,2026-07-23 01:25:00,0.000000,0.300000
TP15,2026-07-23 01:30:00,0.000000,0.400000
TP15,2026-07-23 01:35:00,0.000000,0.300000
TP15,2026-07-23 01:40:00,0.000000,0.200000
TP15,2026-07-23 01:45:00,0.000000,0.300000
TP15,2026-07-23 01:50:00,0.000000,0.300000
TP15,2026-07-23 01:55:00,0.000000,0.200000
TP15,2026-07-23 02:00:00,0.000000,0.200000
TP15,2026-07-23 02:05:00,0.000000,0.200000
TP15,2026-07-23 02:10:00,0.000000,0.300000
TP15,2026-07-23 02:15:00,0.000000,0.300000
TP15,2026-07-23 02:20:00,0.000000,0.200000
TP15,2026-07-23 02:25:00,0.000000,0.300000
TP15,2026-07-23 02:30:00,0.000000,0.300000
TP15,2026-07-23 02:35:00,0.000000,0.500000
TP15,2026-07-23 02:40:00,0.000000,0.400000
TP15,2026-07-23 02:45:00,0.000000,0.500000
TP15,2026-07-23 02:50:00,0.000000,0.500000
TP15,2026-07-23 02:55:00,0.000000,0.300000
TP15,2026-07-23 03:00:00,0.000000,0.200000
TP15,2026-07-23 03:05:00,0.000000,0.300000
TP15,2026-07-23 03:10:00,0.000000,0.200000
TP15,2026-07-23 03:15:00,0.000000,0.300000
TP15,2026-07-23 03:20:00,0.000000,0.200000
TP15,2026-07-23 03:25:00,0.000000,0.300000
TP15,2026-07-23 03:30:00,0.000000,0.300000
TP15,2026-07-23 03:35:00,0.000000,0.200000
TP15,2026-07-23 03:40:00,0.000000,0.300000
TP15,2026-07-23 03:45:00,0.000000,0.300000
TP15,2026-07-23 03:50:00,0.000000,0.300000
TP15,2026-07-23 03:55:00,0.000000,0.200000
TP15,2026-07-23 04:00:00,0.000000,0.300000
TP15,2026-07-23 04:05:00,0.000000,0.100000
TP15,2026-07-23 04:10:00,0.000000,0.200000
TP15,2026-07-23 04:15:00,0.000000,0.000000
TP15,2026-07-23 04:20:00,0.000000,0.100000
TP15,2026-07-23 04:25:00,0.000000,0.100000
TP15,2026-07-23 04:30:00,0.000000,0.100000
TP15,2026-07-23 04:35:00,0.000000,0.100000
TP15,2026-07-23 04:40:00,0.000000,0.100000
TP15,2026-07-23 04:45:00,0.000000,0.100000
TP15,2026-07-23 04:50:00,0.000000,0.100000
TP15,2026-07-23 04:55:00,0.000000,0.100000
TP15,2026-07-23 05:00:00,0.000000,0.200000
TP15,2026-07-23 05:05:00,0.000000,0.100000
TP15,2026-07-23 05:10:00,0.000000,0.100000
TP15,2026-07-23 05:15:00,0.000000,0.100000
TP15,2026-07-23 05:20:00,0.000000,0.100000
TP15,2026-07-23 05:25:00,0.000000,0.200000
TP15,2026-07-23 05:30:00,0.000000,0.100000
TP15,2026-07-23 05:35:00,0.000000,0.000000
TP15,2026-07-23 05:40:00,0.000000,0.100000
TP15,2026-07-23 05:45:00,0.000000,0.000000
TP15,2026-07-23 05:50:00,0.000000,0.000000
TP15,2026-07-23 05:55:00,0.000000,0.000000
TP15,2026-07-23 06:00:00,0.000000,0.000000
TP15,2026-07-23 06:05:00,0.000000,-0.100000
TP15,2026-07-23 06:10:00,0.000000,0.000000
TP15,2026-07-23 06:15:00,0.000000,-0.100000
TP15,2026-07-23 06:20:00,0.000000,-0.100000
TP15,2026-07-23 06:25:00,0.000000,-0.100000
TP15,2026-07-23 06:30:00,0.000000,0.000000
TP15,2026-07-23 06:35:00,0.000000,0.000000
TP15,2026-07-23 06:40:00,0.000000,-0.100000
TP15,2026-07-23 06:45:00,0.000000,-0.100000
TP15,2026-07-23 06:50:00,0.000000,-0.100000
TP15,2026-07-23 06:55:00,0.000000,-0.100000
TP15,2026-07-23 07:00:00,0.000000,-0.100000
TP15,2026-07-23 07:05:00,0.000000,-0.100000
TP15,2026-07-23 07:10:00,0.000000,0.000000
TP15,2026-07-23 07:15:00,0.000000,0.000000
TP15,2026-07-23 07:20:00,0.000000,0.000000
TP15,2026-07-23 07:25:00,0.000000,0.000000
TP15,2026-07-23 07:30:00,0.000000,0.000000
TP15,2026-07-23 07:35:00,0.000000,-0.100000
TP15,2026-07-23 07:40:00,0.000000,0.000000
TP15,2026-07-23 07:45:00,0.000000,-0.100000
TP15,2026-07-23 07:50:00,0.000000,-0.100000
TP15,2026-07-23 07:55:00,0.000000,-0.100000
TP15,2026-07-23 08:00:00,0.000000,0.000000
TP15,2026-07-23 08:05:00,0.000000,0.000000
TP15,2026-07-23 08:10:00,0.000000,0.000000
TP15,2026-07-23 08:15:00,0.000000,0.200000
TP15,2026-07-23 08:20:00,0.000000,0.200000
TP15,2026-07-23 08:25:00,0.000000,0.100000
TP15,2026-07-23 08:30:00,0.000000,0.100000
TP15,2026-07-23 08:35:00,0.000000,0.200000
TP15,2026-07-23 08:40:00,0.000000,0.200000
TP15,2026-07-23 08:45:00,0.000000,0.200000
TP15,2026-07-23 08:50:00,0.000000,0.200000
TP15,2026-07-23 08:55:00,0.000000,0.200000
TP15,2026-07-23 09:00:00,0.000000,0.300000
TP15,2026-07-23 09:05:00,0.000000,0.700000
TP15,2026-07-23 09:10:00,0.000000,0.300000
TP15,2026-07-23 09:15:00,0.000000,0.300000
TP15,2026-07-23 09:20:00,0.000000,0.400000
TP15,2026-07-23 09:25:00,0.000000,0.400000
TP15,2026-07-23 09:30:00,0.000000,0.500000
TP15,2026-07-23 09:35:00,0.000000,0.400000
TP15,2026-07-23 09:40:00,0.000000,0.300000
TP15,2026-07-23 09:45:00,0.000000,0.600000
TP15,2026-07-23 09:50:00,0.000000,0.500000
TP15,2026-07-23 09:55:00,0.000000,0.400000
TP15,2026-07-23 10:00:00,0.000000,0.400000
TP15,2026-07-23 10:05:00,0.000000,0.400000
TP15,2026-07-23 10:10:00,0.000000,0.400000
TP15,2026-07-23 10:15:00,0.000000,0.500000
TP15,2026-07-23 10:20:00,0.000000,0.500000
TP15,2026-07-23 10:25:00,0.000000,0.400000
TP15,2026-07-23 10:30:00,0.000000,0.400000
TP15,2026-07-23 10:35:00,0.000000,0.400000
TP15,2026-07-23 10:40:00,0.000000,0.500000
TP15,2026-07-23 10:45:00,0.000000,0.600000
TP15,2026-07-23 10:50:00,0.000000,0.700000
TP15,2026-07-23 10:55:00,0.000000,0.600000
TP15,2026-07-23 11:00:00,0.000000,0.600000
TP15,2026-07-23 11:05:00,0.000000,0.500000
TP15,2026-07-23 11:10:00,0.000000,0.600000
TP15,2026-07-23 11:15:00,0.000000,0.700000
TP15,2026-07-23 11:20:00,0.000000,0.600000
TP15,2026-07-23 11:25:00,0.000000,0.700000
TP15,2026-07-23 11:30:00,0.000000,0.700000
TP15,2026-07-23 11:35:00,0.000000,0.800000
TP15,2026-07-23 11:40:00,0.000000,0.800000
TP15,2026-07-23 11:45:00,0.000000,1.000000
TP15,2026-07-23 11:50:00,0.000000,1.300000
TP15,2026-07-23 11:55:00,0.000000,1.000000
TP15,2026-07-23 12:00:00,0.000000,0.800000
TP15,2026-07-23 12:05:00,0.000000,1.100000
TP15,2026-07-23 12:10:00,0.000000,1.000000
TP15,2026-07-23 12:15:00,0.000000,1.500000
TP15,2026-07-23 12:20:00,0.000000,2.300000
TP15,2026-07-23 12:25:00,0.000000,1.300000
TP15,2026-07-23 12:30:00,0.000000,1.200000
TP15,2026-07-23 12:35:00,0.000000,1.200000
TP15,2026-07-23 12:40:00,0.000000,1.000000
TP15,2026-07-23 12:45:00,0.000000,1.000000
TP15,2026-07-23 12:50:00,0.000000,1.300000
TP15,2026-07-23 12:55:00,0.000000,1.000000
TP15,2026-07-23 13:00:00,0.000000,1.100000
TP15,2026-07-23 13:05:00,0.000000,0.900000
TP15,2026-07-23 13:10:00,0.000000,0.900000
TP15,2026-07-23 13:15:00,0.000000,0.900000
TP15,2026-07-23 13:20:00,0.000000,1.000000
TP15,2026-07-23 13:25:00,0.000000,0.900000
TP15,2026-07-23 13:30:00,0.000000,1.000000
TP15,2026-07-23 13:35:00,0.000000,1.000000
TP15,2026-07-23 13:40:00,0.000000,1.100000
TP15,2026-07-23 13:45:00,0.000000,0.900000
TP15,2026-07-23 13:50:00,0.000000,1.000000
TP15,2026-07-23 13:55:00,0.000000,1.100000
TP15,2026-07-23 14:00:00,0.000000,1.000000
TP15,2026-07-23 14:05:00,0.000000,1.300000
TP15,2026-07-23 14:10:00,0.000000,1.100000
TP15,2026-07-23 14:15:00,0.000000,1.000000
TP15,2026-07-23 14:20:00,0.000000,0.900000
TP15,2026-07-23 14:25:00,0.000000,1.100000
TP15,2026-07-23 14:30:00,0.000000,1.100000
TP15,2026-07-23 14:35:00,0.000000,1.200000
TP15,2026-07-23 14:40:00,0.000000,1.200000
TP15,2026-07-23 14:45:00,0.000000,1.000000
TP15,2026-07-23 14:50:00,0.000000,1.100000
TP15,2026-07-23 14:55:00,0.000000,1.200000
TP15,2026-07-23 15:00:00,0.000000,1.100000
TP15,2026-07-23 15:05:00,0.000000,1.100000
TP15,2026-07-23 15:10:00,0.000000,1.000000
TP15,2026-07-23 15:15:00,0.000000,0.900000
TP15,2026-07-23 15:20:00,0.000000,0.900000
TP15,2026-07-23 15:25:00,0.000000,0.800000
TP15,2026-07-23 15:30:00,0.000000,0.800000
TP15,2026-07-23 15:35:00,0.000000,0.700000
TP15,2026-07-23 15:40:00,0.000000,0.900000
TP15,2026-07-23 15:45:00,0.000000,0.800000
TP15,2026-07-23 15:50:00,0.000000,0.900000
TP15,2026-07-23 15:55:00,0.000000,0.900000
TP15,2026-07-23 16:00:00,0.000000,0.900000
TP15,2026-07-23 16:05:00,0.000000,0.900000
TP15,2026-07-23 16:10:00,0.000000,0.900000
TP15,2026-07-23 16:15:00,0.000000,0.900000
TP15,2026-07-23 16:20:00,0.000000,1.000000
TP15,2026-07-23 16:25:00,0.000000,0.900000
TP15,2026-07-23 16:30:00,0.000000,0.700000
TP15,2026-07-23 16:35:00,0.000000,0.800000
TP15,2026-07-23 16:40:00,0.000000,0.800000
TP15,2026-07-23 16:45:00,0.000000,0.700000
TP15,2026-07-23 16:50:00,0.000000,0.800000
TP15,2026-07-23 16:55:00,0.000000,0.700000
TP15,2026-07-23 17:00:00,0.000000,0.800000
TP15,2026-07-23 17:05:00,0.000000,0.800000
TP15,2026-07-23 17:10:00,0.000000,0.700000
TP15,2026-07-23 17:15:00,0.000000,0.800000
TP15,2026-07-23 17:20:00,0.000000,0.700000
TP15,2026-07-23 17:25:00,0.000000,0.600000
TP15,2026-07-23 17:30:00,0.000000,0.600000
TP15,2026-07-23 17:35:00,0.000000,0.700000
TP15,2026-07-23 17:40:00,0.000000,0.800000
TP15,2026-07-23 17:45:00,0.000000,0.700000
TP15,2026-07-23 17:50:00,0.000000,1.000000
TP15,2026-07-23 17:55:00,0.000000,0.700000
TP15,2026-07-23 18:00:00,0.000000,0.600000
TP15,2026-07-23 18:05:00,0.000000,0.600000
TP15,2026-07-23 18:10:00,0.000000,0.700000
TP15,2026-07-23 18:15:00,0.000000,0.600000
TP15,2026-07-23 18:20:00,0.000000,0.600000
TP15,2026-07-23 18:25:00,0.000000,0.700000
TP15,2026-07-23 18:30:00,0.000000,0.600000
TP15,2026-07-23 18:35:00,0.000000,0.600000
TP15,2026-07-23 18:40:00,0.000000,0.600000
TP15,2026-07-23 18:45:00,0.000000,0.600000
TP15,2026-07-23 18:50:00,0.000000,0.600000
TP15,2026-07-23 18:55:00,0.000000,0.600000
TP15,2026-07-23 19:00:00,0.000000,0.600000
TP15,2026-07-23 19:05:00,0.000000,0.500000
TP15,2026-07-23 19:10:00,0.000000,0.500000
TP15,2026-07-23 19:15:00,0.000000,0.500000
TP15,2026-07-23 19:20:00,0.000000,0.500000
TP15,2026-07-23 19:25:00,0.000000,0.500000
TP15,2026-07-23 19:30:00,0.000000,0.400000
TP15,2026-07-23 19:35:00,0.000000,0.400000
TP15,2026-07-23 19:40:00,0.000000,0.300000
TP15,2026-07-23 19:45:00,0.000000,0.400000
TP15,2026-07-23 19:50:00,0.000000,0.400000
TP15,2026-07-23 19:55:00,0.000000,0.400000
TP15,2026-07-23 20:00:00,0.000000,0.400000
TP15,2026-07-23 20:05:00,0.000000,0.500000
TP15,2026-07-23 20:10:00,0.000000,0.400000
TP15,2026-07-23 20:15:00,0.000000,0.400000
TP15,2026-07-23 20:20:00,0.000000,0.400000
TP15,2026-07-23 20:25:00,0.000000,0.400000
TP15,2026-07-23 20:30:00,0.000000,0.500000
TP15,2026-07-23 20:35:00,0.000000,0.400000
TP15,2026-07-23 20:40:00,0.000000,0.500000
TP15,2026-07-23 20:45:00,0.000000,0.300000
TP15,2026-07-23 20:50:00,0.000000,0.400000
TP15,2026-07-23 20:55:00,0.000000,0.300000
TP15,2026-07-23 21:00:00,0.000000,0.400000
TP15,2026-07-23 21:05:00,0.000000,0.500000
TP15,2026-07-23 21:10:00,0.000000,0.300000
TP15,2026-07-23 21:15:00,0.000000,0.300000
TP15,2026-07-23 21:20:00,0.000000,0.300000
TP15,2026-07-23 21:25:00,0.000000,0.400000
TP15,2026-07-23 21:30:00,0.000000,0.400000
TP15,2026-07-23 21:35:00,0.000000,0.300000
TP15,2026-07-23 21:40:00,0.000000,0.400000
TP15,2026-07-23 21:45:00,0.000000,0.300000
TP15,2026-07-23 21:50:00,0.000000,0.300000
TP15,2026-07-23 21:55:00,0.000000,0.300000
TP15,2026-07-23 22:00:00,0.000000,0.400000
TP15,2026-07-23 22:05:00,0.000000,0.400000
TP15,2026-07-23 22:10:00,0.000000,0.400000
TP15,2026-07-23 22:15:00,0.000000,0.400000
TP15,2026-07-23 22:20:00,0.000000,0.400000
TP15,2026-07-23 22:25:00,0.000000,0.400000
TP15,2026-07-23 22:30:00,0.000000,0.400000
TP15,2026-07-23 22:35:00,0.000000,0.400000
TP15,2026-07-23 22:40:00,0.000000,0.400000
TP15,2026-07-23 22:45:00,0.000000,0.400000
TP15,2026-07-23 22:50:00,0.000000,0.400000
TP15,2026-07-23 22:55:00,0.000000,0.400000
TP15,2026-07-23 23:00:00,0.000000,0.400000
TP15,2026-07-23 23:05:00,0.000000,0.400000
TP15,2026-07-23 23:10:00,0.000000,0.300000
TP15,2026-07-23 23:15:00,0.000000,0.400000
TP15,2026-07-23 23:20:00,0.000000,0.300000
TP15,2026-07-23 23:25:00,0.000000,0.400000
TP15,2026-07-23 23:30:00,0.000000,0.400000
TP15,2026-07-23 23:35:00,0.000000,0.300000
TP15,2026-07-23 23:40:00,0.000000,0.400000
TP15,2026-07-23 23:45:00,0.000000,0.400000
TP15,2026-07-23 23:50:00,0.000000,0.400000
TP15,2026-07-23 23:55:00,0.000000,0.300000
TP15,2026-07-24 00:00:00,0.000000,0.400000
TP15,2026-07-24 00:05:00,0.000000,0.500000
TP15,2026-07-24 00:10:00,0.000000,0.400000
TP15,2026-07-24 00:15:00,0.000000,0.500000
TP15,2026-07-24 00:20:00,0.000000,0.400000
TP15,2026-07-24 00:25:00,0.000000,0.300000
TP15,2026-07-24 00:30:00,0.000000,0.400000
TP15,2026-07-24 00:35:00,0.000000,0.400000
TP15,2026-07-24 00:40:00,0.000000,0.300000
TP15,2026-07-24 00:45:00,0.000000,0.300000
TP15,2026-07-24 00:50:00,0.000000,0.300000
TP15,2026-07-24 00:55:00,0.000000,0.400000
TP15,2026-07-24 01:00:00,0.000000,0.400000
TP15,2026-07-24 01:05:00,0.000000,0.300000
TP15,2026-07-24 01:10:00,0.000000,0.300000
TP15,2026-07-24 01:15:00,0.000000,0.300000
TP15,2026-07-24 01:20:00,0.000000,0.300000
TP15,2026-07-24 01:25:00,0.000000,0.200000
TP15,2026-07-24 01:30:00,0.000000,0.300000
TP15,2026-07-24 01:35:00,0.000000,0.300000
TP15,2026-07-24 01:40:00,0.000000,0.300000
TP15,2026-07-24 01:45:00,0.000000,0.200000
TP15,2026-07-24 01:50:00,0.000000,0.300000
TP15,2026-07-24 01:55:00,0.000000,0.200000
TP15,2026-07-24 02:00:00,0.000000,0.300000
TP15,2026-07-24 02:05:00,0.000000,0.300000
TP15,2026-07-24 02:10:00,0.000000,0.200000
TP15,2026-07-24 02:15:00,0.000000,0.300000
TP15,2026-07-24 02:20:00,0.000000,0.300000
TP15,2026-07-24 02:25:00,0.000000,0.200000
TP15,2026-07-24 02:30:00,0.000000,0.200000
TP15,2026-07-24 02:35:00,0.000000,0.200000
TP15,2026-07-24 02:40:00,0.000000,0.200000
TP15,2026-07-24 02:45:00,0.000000,0.200000
TP15,2026-07-24 02:50:00,0.000000,0.200000
TP15,2026-07-24 02:55:00,0.000000,0.200000
TP15,2026-07-24 03:00:00,0.000000,0.200000
TP15,2026-07-24 03:05:00,0.000000,0.200000
TP15,2026-07-24 03:10:00,0.000000,0.200000
TP15,2026-07-24 03:15:00,0.000000,0.100000
TP15,2026-07-24 03:20:00,0.000000,0.200000
TP15,2026-07-24 03:25:00,0.000000,0.100000
TP15,2026-07-24 03:30:00,0.000000,0.100000
TP15,2026-07-24 03:35:00,0.000000,0.200000
TP15,2026-07-24 03:40:00,0.000000,0.100000
TP15,2026-07-24 03:45:00,0.000000,0.100000
TP15,2026-07-24 03:50:00,0.000000,0.100000
TP15,2026-07-24 03:55:00,0.000000,0.100000
TP15,2026-07-24 04:00:00,0.000000,0.100000
TP15,2026-07-24 04:05:00,0.000000,0.100000
TP15,2026-07-24 04:10:00,0.000000,0.100000
TP15,2026-07-24 04:15:00,0.000000,0.100000
TP15,2026-07-24 04:20:00,0.000000,0.000000
TP15,2026-07-24 04:25:00,0.000000,0.000000
TP15,2026-07-24 04:30:00,0.000000,0.000000
TP15,2026-07-24 04:35:00,0.000000,0.100000
TP15,2026-07-24 04:40:00,0.000000,0.000000
TP15,2026-07-24 04:45:00,0.000000,0.000000
TP15,2026-07-24 04:50:00,0.000000,0.000000
TP15,2026-07-24 04:55:00,0.000000,0.000000
TP15,2026-07-24 05:00:00,0.000000,0.000000
TP15,2026-07-24 05:05:00,0.000000,0.000000
TP15,2026-07-24 05:10:00,0.000000,0.000000
TP15,2026-07-24 05:15:00,0.000000,0.000000
TP15,2026-07-24 05:20:00,0.000000,0.000000
TP15,2026-07-24 05:25:00,0.000000,-0.100000
TP15,2026-07-24 05:30:00,0.000000,0.000000
TP15,2026-07-24 05:35:00,0.000000,0.000000
TP15,2026-07-24 05:40:00,0.000000,0.000000
TP15,2026-07-24 05:45:00,0.000000,-0.100000
TP15,2026-07-24 05:50:00,0.000000,-0.100000
TP15,2026-07-24 05:55:00,0.000000,-0.100000
TP15,2026-07-24 06:00:00,0.000000,-0.100000
TP15,2026-07-24 06:05:00,0.000000,-0.100000
TP15,2026-07-24 06:10:00,0.000000,-0.100000
TP15,2026-07-24 06:15:00,0.000000,-0.100000
TP15,2026-07-24 06:20:00,0.000000,-0.100000
TP15,2026-07-24 06:25:00,0.000000,-0.100000
TP15,2026-07-24 06:30:00,0.000000,-0.100000
TP15,2026-07-24 06:35:00,0.000000,-0.100000
TP15,2026-07-24 06:40:00,0.000000,-0.200000
TP15,2026-07-24 06:45:00,0.000000,-0.100000
TP15,2026-07-24 06:50:00,0.000000,-0.100000
TP15,2026-07-24 06:55:00,0.000000,-0.100000
TP15,2026-07-24 07:00:00,0.000000,-0.100000
TP15,2026-07-24 07:05:00,0.000000,-0.100000
TP15,2026-07-24 07:10:00,0.000000,-0.200000
TP15,2026-07-24 07:15:00,0.000000,-0.100000
TP15,2026-07-24 07:20:00,0.000000,-0.100000
TP15,2026-07-24 07:25:00,0.000000,-0.100000
TP15,2026-07-24 07:30:00,0.000000,-0.100000
TP15,2026-07-24 07:35:00,0.000000,0.000000
TP15,2026-07-24 07:40:00,0.000000,-0.100000
TP15,2026-07-24 07:45:00,0.000000,-0.100000
TP15,2026-07-24 07:50:00,0.000000,-0.100000
TP15,2026-07-24 07:55:00,0.000000,-0.100000
TP15,2026-07-24 08:00:00,0.000000,0.000000
TP15,2026-07-24 08:05:00,0.000000,-0.100000
TP15,2026-07-24 08:10:00,0.000000,-0.100000
TP15,2026-07-24 08:15:00,0.000000,0.000000
TP15,2026-07-24 08:20:00,0.000000,0.000000
TP15,2026-07-24 08:25:00,0.000000,0.100000
TP15,2026-07-24 08:30:00,0.000000,0.100000
TP15,2026-07-24 08:35:00,0.000000,0.100000
TP15,2026-07-24 08:40:00,0.000000,0.200000
TP15,2026-07-24 08:45:00,0.000000,0.200000
TP15,2026-07-24 08:50:00,0.000000,0.200000
TP15,2026-07-24 08:55:00,0.000000,0.200000
TP15,2026-07-24 09:00:00,0.000000,0.500000
TP15,2026-07-24 09:05:00,0.000000,0.300000
TP15,2026-07-24 09:10:00,0.000000,0.200000
TP15,2026-07-24 09:15:00,0.000000,0.300000
TP15,2026-07-24 09:20:00,0.000000,0.300000
TP15,2026-07-24 09:25:00,0.000000,0.300000
TP15,2026-07-24 09:30:00,0.000000,0.300000
TP15,2026-07-24 09:35:00,0.000000,0.300000
TP15,2026-07-24 09:40:00,0.000000,0.400000
TP15,2026-07-24 09:45:00,0.000000,0.400000
TP15,2026-07-24 09:50:00,0.000000,0.400000
TP15,2026-07-24 09:55:00,0.000000,0.700000
TP15,2026-07-24 10:00:00,0.000000,0.600000
TP15,2026-07-24 10:05:00,0.000000,0.700000
TP15,2026-07-24 10:10:00,0.000000,0.600000
TP15,2026-07-24 10:15:00,0.000000,0.600000
TP15,2026-07-24 10:20:00,0.000000,0.700000
TP15,2026-07-24 10:25:00,0.000000,0.600000
TP15,2026-07-24 10:30:00,0.000000,0.700000
TP15,2026-07-24 10:35:00,0.000000,0.700000
TP15,2026-07-24 10:40:00,0.000000,0.500000
TP15,2026-07-24 10:45:00,0.000000,0.600000
TP15,2026-07-24 10:50:00,0.000000,0.600000
TP15,2026-07-24 10:55:00,0.000000,0.700000
TP15,2026-07-24 11:00:00,0.000000,0.600000
TP15,2026-07-24 11:05:00,0.000000,0.600000
TP15,2026-07-24 11:10:00,0.000000,0.600000
TP15,2026-07-24 11:15:00,0.000000,0.400000
TP15,2026-07-24 11:20:00,0.000000,0.600000
TP15,2026-07-24 11:25:00,0.000000,0.500000
TP15,2026-07-24 11:30:00,0.000000,0.700000
TP15,2026-07-24 11:35:00,0.000000,0.600000
TP15,2026-07-24 11:40:00,0.000000,0.700000
TP15,2026-07-24 11:45:00,0.000000,0.600000
TP15,2026-07-24 11:50:00,0.000000,0.600000
TP15,2026-07-24 11:55:00,0.000000,0.800000
TP15,2026-07-24 12:00:00,0.000000,0.700000
TP15,2026-07-24 12:05:00,0.000000,0.800000
TP15,2026-07-24 12:10:00,0.000000,0.700000
TP15,2026-07-24 12:15:00,0.000000,0.700000
TP15,2026-07-24 12:20:00,0.000000,0.700000
TP15,2026-07-24 12:25:00,0.000000,0.700000
TP15,2026-07-24 12:30:00,0.000000,0.600000
TP15,2026-07-24 12:35:00,0.000000,0.700000
TP15,2026-07-24 12:40:00,0.000000,0.900000
TP15,2026-07-24 12:45:00,0.000000,1.000000
TP15,2026-07-24 12:50:00,0.000000,0.800000
TP15,2026-07-24 12:55:00,0.000000,0.900000
TP15,2026-07-24 13:00:00,0.000000,0.900000
TP15,2026-07-24 13:05:00,0.000000,0.800000
TP15,2026-07-24 13:10:00,0.000000,0.900000
TP15,2026-07-24 13:15:00,0.000000,1.000000
TP15,2026-07-24 13:20:00,0.000000,1.000000
TP15,2026-07-24 13:25:00,0.000000,0.900000
TP15,2026-07-24 13:30:00,0.000000,0.700000
TP15,2026-07-24 13:35:00,0.000000,0.900000
TP15,2026-07-24 13:40:00,0.000000,0.800000
TP15,2026-07-24 13:45:00,0.000000,0.800000
TP15,2026-07-24 13:50:00,0.000000,0.800000
TP15,2026-07-24 13:55:00,0.000000,0.900000
TP15,2026-07-24 14:00:00,0.000000,0.900000
TP15,2026-07-24 14:05:00,0.000000,1.000000
TP15,2026-07-24 14:10:00,0.000000,1.000000
TP15,2026-07-24 14:15:00,0.000000,1.100000
TP15,2026-07-24 14:20:00,0.000000,0.900000
TP15,2026-07-24 14:25:00,0.000000,1.000000
TP15,2026-07-24 14:30:00,0.000000,1.100000
TP15,2026-07-24 14:35:00,0.000000,1.100000
TP15,2026-07-24 14:40:00,0.000000,0.800000
TP15,2026-07-24 14:45:00,0.000000,0.800000
TP15,2026-07-24 14:50:00,0.000000,0.700000
TP15,2026-07-24 14:55:00,0.000000,1.100000
TP15,2026-07-24 15:00:00,0.000000,0.900000
TP15,2026-07-24 15:05:00,0.000000,0.900000
TP15,2026-07-24 15:10:00,0.000000,0.800000
TP15,2026-07-24 15:15:00,0.000000,0.800000
TP15,2026-07-24 15:20:00,0.000000,0.800000
TP15,2026-07-24 15:25:00,0.000000,0.900000
TP15,2026-07-24 15:30:00,0.000000,0.700000
TP15,2026-07-24 15:35:00,0.000000,0.900000
TP15,2026-07-24 15:40:00,0.000000,0.900000
TP15,2026-07-24 15:45:00,0.000000,0.900000
TP15,2026-07-24 15:50:00,0.000000,0.800000
TP15,2026-07-24 15:55:00,0.000000,0.700000
TP15,2026-07-24 16:00:00,0.000000,0.800000
TP15,2026-07-24 16:05:00,0.000000,0.700000
TP15,2026-07-24 16:10:00,0.000000,0.800000
TP15,2026-07-24 16:15:00,0.000000,0.700000
TP15,2026-07-24 16:20:00,0.000000,0.700000
TP15,2026-07-24 16:25:00,0.000000,0.800000
TP15,2026-07-24 16:30:00,0.000000,0.700000
TP15,2026-07-24 16:35:00,0.000000,0.800000
TP15,2026-07-24 16:40:00,0.000000,0.800000
TP15,2026-07-24 16:45:00,0.000000,0.800000
TP15,2026-07-24 16:50:00,0.000000,0.700000
TP15,2026-07-24 16:55:00,0.000000,0.800000
TP15,2026-07-24 17:00:00,0.000000,0.800000
TP15,2026-07-24 17:05:00,0.000000,0.700000
TP15,2026-07-24 17:10:00,0.000000,0.800000
TP15,2026-07-24 17:15:00,0.000000,0.700000
TP15,2026-07-24 17:20:00,0.000000,0.700000
TP15,2026-07-24 17:25:00,0.000000,0.700000
TP15,2026-07-24 17:30:00,0.000000,0.600000
TP15,2026-07-24 17:35:00,0.000000,0.600000
TP15,2026-07-24 17:40:00,0.000000,0.600000
TP15,2026-07-24 17:45:00,0.000000,0.600000
TP15,2026-07-24 17:50:00,0.000000,0.600000
TP15,2026-07-24 17:55:00,0.000000,0.600000
TP15,2026-07-24 18:00:00,0.000000,0.600000
TP15,2026-07-24 18:05:00,0.000000,0.600000
TP15,2026-07-24 18:10:00,0.000000,0.600000
TP15,2026-07-24 18:15:00,0.000000,0.600000
TP15,2026-07-24 18:20:00,0.000000,0.600000
TP15,2026-07-24 18:25:00,0.000000,0.600000
TP15,2026-07-24 18:30:00,0.000000,0.500000
TP15,2026-07-24 18:35:00,0.000000,0.500000
TP15,2026-07-24 18:40:00,0.000000,0.500000
TP15,2026-07-24 18:45:00,0.000000,0.500000
TP15,2026-07-24 18:50:00,0.000000,0.500000
TP15,2026-07-24 18:55:00,0.000000,0.500000
TP15,2026-07-24 19:00:00,0.000000,0.500000
TP15,2026-07-24 19:05:00,0.000000,0.400000
TP15,2026-07-24 19:10:00,0.000000,0.400000
TP15,2026-07-24 19:15:00,0.000000,0.500000
TP15,2026-07-24 19:20:00,0.000000,0.400000
TP15,2026-07-24 19:25:00,0.000000,0.500000
TP15,2026-07-24 19:30:00,0.000000,0.500000
TP15,2026-07-24 19:35:00,0.000000,0.500000
TP15,2026-07-24 19:40:00,0.000000,0.500000
TP15,2026-07-24 19:45:00,0.000000,0.400000
TP15,2026-07-24 19:50:00,0.000000,0.400000
TP15,2026-07-24 19:55:00,0.000000,0.400000
TP15,2026-07-24 20:00:00,0.000000,0.400000
TP15,2026-07-24 20:05:00,0.000000,0.400000
TP15,2026-07-24 20:10:00,0.000000,0.400000
TP15,2026-07-24 20:15:00,0.000000,0.500000
TP15,2026-07-24 20:20:00,0.000000,0.300000
TP15,2026-07-24 20:25:00,0.000000,0.300000
TP15,2026-07-24 20:30:00,0.000000,0.300000
TP15,2026-07-24 20:35:00,0.000000,0.400000
TP15,2026-07-24 20:40:00,0.000000,0.400000
TP15,2026-07-24 20:45:00,0.000000,0.400000
TP15,2026-07-24 20:50:00,0.000000,0.400000
TP15,2026-07-24 20:55:00,0.000000,0.300000
TP15,2026-07-24 21:00:00,0.000000,0.300000
TP15,2026-07-24 21:05:00,0.000000,0.300000
TP15,2026-07-24 21:10:00,0.000000,0.300000
TP15,2026-07-24 21:15:00,0.000000,0.300000
TP15,2026-07-24 21:20:00,0.000000,0.300000
TP15,2026-07-24 21:25:00,0.000000,0.400000
TP15,2026-07-24 21:30:00,0.000000,0.300000
TP15,2026-07-24 21:35:00,0.000000,0.400000
TP15,2026-07-24 21:40:00,0.000000,0.400000
TP15,2026-07-24 21:45:00,0.000000,0.300000
TP15,2026-07-24 21:50:00,0.000000,0.400000
TP15,2026-07-24 21:55:00,0.000000,0.400000
TP15,2026-07-24 22:00:00,0.000000,0.300000
TP15,2026-07-24 22:05:00,0.000000,0.300000
TP15,2026-07-24 22:10:00,0.000000,0.400000
TP15,2026-07-24 22:15:00,0.000000,0.400000
TP15,2026-07-24 22:20:00,0.000000,0.400000
TP15,2026-07-24 22:25:00,0.000000,0.400000
TP15,2026-07-24 22:30:00,0.000000,0.400000
TP15,2026-07-24 22:35:00,0.000000,0.300000
TP15,2026-07-24 22:40:00,0.000000,0.400000
TP15,2026-07-24 22:45:00,0.000000,0.400000
TP15,2026-07-24 22:50:00,0.000000,0.400000
TP15,2026-07-24 22:55:00,0.000000,0.400000
TP15,2026-07-24 23:00:00,0.000000,0.400000
TP15,2026-07-24 23:05:00,0.000000,0.300000
TP15,2026-07-24 23:10:00,0.000000,0.400000
TP15,2026-07-24 23:15:00,0.000000,0.400000
TP15,2026-07-24 23:20:00,0.000000,0.400000
TP15,2026-07-24 23:25:00,0.000000,0.400000
TP15,2026-07-24 23:30:00,0.000000,0.400000
TP15,2026-07-24 23:35:00,0.000000,0.400000
TP15,2026-07-24 23:40:00,0.000000,0.300000
TP15,2026-07-24 23:45:00,0.000000,0.300000
TP15,2026-07-24 23:50:00,0.000000,0.400000
TP15,2026-07-24 23:55:00,0.000000,0.400000
TP15,2026-07-25 00:00:00,0.000000,0.400000
TP15,2026-07-25 00:05:00,0.000000,0.400000
TP15,2026-07-25 00:10:00,0.000000,0.400000
TP15,2026-07-25 00:15:00,0.000000,0.400000
TP15,2026-07-25 00:20:00,0.000000,0.300000
TP15,2026-07-25 00:25:00,0.000000,0.400000
TP15,2026-07-25 00:30:00,0.000000,0.400000
TP15,2026-07-25 00:35:00,0.000000,0.400000
TP15,2026-07-25 00:40:00,0.000000,0.400000
TP15,2026-07-25 00:45:00,0.000000,0.400000
TP15,2026-07-25 00:50:00,0.000000,0.500000
TP15,2026-07-25 00:55:00,0.000000,0.400000
TP15,2026-07-25 01:00:00,0.000000,0.400000
TP15,2026-07-25 01:05:00,0.000000,0.400000
TP15,2026-07-25 01:10:00,0.000000,0.400000
TP15,2026-07-25 01:15:00,0.000000,0.400000
TP15,2026-07-25 01:20:00,0.000000,0.400000
TP15,2026-07-25 01:25:00,0.000000,0.400000
TP15,2026-07-25 01:30:00,0.000000,0.400000
TP15,2026-07-25 01:35:00,0.000000,0.400000
TP15,2026-07-25 01:40:00,0.000000,0.400000
TP15,2026-07-25 01:45:00,0.000000,0.400000
TP15,2026-07-25 01:50:00,0.000000,0.400000
TP15,2026-07-25 01:55:00,0.000000,0.400000
TP15,2026-07-25 02:00:00,0.000000,0.500000
TP15,2026-07-25 02:05:00,0.000000,0.400000
TP15,2026-07-25 02:10:00,0.000000,0.400000
TP15,2026-07-25 02:15:00,0.000000,0.400000
TP15,2026-07-25 02:20:00,0.000000,0.400000
TP15,2026-07-25 02:25:00,0.000000,0.400000
TP15,2026-07-25 02:30:00,0.000000,0.400000
TP15,2026-07-25 02:35:00,0.000000,0.400000
TP15,2026-07-25 02:40:00,0.000000,0.300000
TP15,2026-07-25 02:45:00,0.000000,0.400000
TP15,2026-07-25 02:50:00,0.000000,0.300000
TP15,2026-07-25 02:55:00,0.000000,0.300000
TP15,2026-07-25 03:00:00,0.000000,0.300000
TP15,2026-07-25 03:05:00,0.000000,0.300000
TP15,2026-07-25 03:10:00,0.000000,0.200000
TP15,2026-07-25 03:15:00,0.000000,0.300000
TP15,2026-07-25 03:20:00,0.000000,0.300000
TP15,2026-07-25 03:25:00,0.000000,0.300000
TP15,2026-07-25 03:30:00,0.000000,0.400000
TP15,2026-07-25 03:35:00,0.000000,0.300000
TP15,2026-07-25 03:40:00,0.000000,0.300000
TP15,2026-07-25 03:45:00,0.000000,0.300000
TP15,2026-07-25 03:50:00,0.000000,0.300000
TP15,2026-07-25 03:55:00,0.000000,0.200000
TP15,2026-07-25 04:00:00,0.000000,0.100000
TP15,2026-07-25 04:05:00,0.000000,0.200000
TP15,2026-07-25 04:10:00,0.000000,0.200000
TP15,2026-07-25 04:15:00,0.000000,0.100000
TP15,2026-07-25 04:20:00,0.000000,0.200000
TP15,2026-07-25 04:25:00,0.000000,0.100000
TP15,2026-07-25 04:30:00,0.000000,0.200000
TP15,2026-07-25 04:35:00,0.000000,0.100000
TP15,2026-07-25 04:40:00,0.000000,0.100000
TP15,2026-07-25 04:45:00,0.000000,0.100000
TP15,2026-07-25 04:50:00,0.000000,0.100000
TP15,2026-07-25 04:55:00,0.000000,0.200000
TP15,2026-07-25 05:00:00,0.000000,0.100000
TP15,2026-07-25 05:05:00,0.000000,0.200000
TP15,2026-07-25 05:10:00,0.000000,0.200000
TP15,2026-07-25 05:15:00,0.000000,0.200000
TP15,2026-07-25 05:20:00,0.000000,0.200000
TP15,2026-07-25 05:25:00,0.000000,0.100000
TP15,2026-07-25 05:30:00,0.000000,0.100000
TP15,2026-07-25 05:35:00,0.000000,0.100000
TP15,2026-07-25 05:40:00,0.000000,0.100000
TP15,2026-07-25 05:45:00,0.000000,0.100000
TP15,2026-07-25 05:50:00,0.000000,0.100000
TP15,2026-07-25 05:55:00,0.000000,0.000000
TP15,2026-07-25 06:00:00,0.000000,0.100000
TP15,2026-07-25 06:05:00,0.000000,0.100000
TP15,2026-07-25 06:10:00,0.000000,0.100000
TP15,2026-07-25 06:15:00,0.000000,0.000000
TP15,2026-07-25 06:20:00,0.000000,0.100000
TP15,2026-07-25 06:25:00,0.000000,0.100000
TP15,2026-07-25 06:30:00,0.000000,0.100000
TP15,2026-07-25 06:35:00,0.000000,0.100000
TP15,2026-07-25 06:40:00,0.000000,0.100000
TP15,2026-07-25 06:45:00,0.000000,0.000000
TP15,2026-07-25 06:50:00,0.000000,0.100000
TP15,2026-07-25 06:55:00,0.000000,0.100000
TP15,2026-07-25 07:00:00,0.000000,0.100000
TP15,2026-07-25 07:05:00,0.000000,0.100000
TP15,2026-07-25 07:10:00,0.000000,0.100000
TP15,2026-07-25 07:15:00,0.000000,0.100000
TP15,2026-07-25 07:20:00,0.000000,0.100000
TP15,2026-07-25 07:25:00,0.000000,0.100000
TP15,2026-07-25 07:30:00,0.000000,0.100000
TP15,2026-07-25 07:35:00,0.000000,0.100000
TP15,2026-07-25 07:40:00,0.000000,0.200000
TP15,2026-07-25 07:45:00,0.000000,0.100000
TP15,2026-07-25 07:50:00,0.000000,0.200000
TP15,2026-07-25 07:55:00,0.000000,0.200000
TP15,2026-07-25 08:00:00,0.000000,0.200000
TP15,2026-07-25 08:05:00,0.000000,0.100000
TP15,2026-07-25 08:10:00,0.000000,0.100000
TP15,2026-07-25 08:15:00,0.000000,0.200000
TP15,2026-07-25 08:20:00,0.000000,0.200000
TP15,2026-07-25 08:25:00,0.000000,0.200000
TP15,2026-07-25 08:30:00,0.000000,0.200000
TP15,2026-07-25 08:35:00,0.000000,0.200000
TP15,2026-07-25 08:40:00,0.000000,0.300000
TP15,2026-07-25 08:45:00,0.000000,0.300000
TP15,2026-07-25 08:50:00,0.000000,0.300000
TP15,2026-07-25 08:55:00,0.000000,0.300000
TP15,2026-07-25 09:00:00,0.000000,0.200000
TP15,2026-07-25 09:05:00,0.000000,0.200000
TP15,2026-07-25 09:10:00,0.000000,0.200000
TP15,2026-07-25 09:15:00,0.000000,0.300000
TP15,2026-07-25 09:20:00,0.000000,0.300000
TP15,2026-07-25 09:25:00,0.000000,0.300000
TP15,2026-07-25 09:30:00,0.000000,0.300000
TP15,2026-07-25 09:35:00,0.000000,0.300000
TP15,2026-07-25 09:40:00,0.000000,0.300000
TP15,2026-07-25 09:45:00,0.000000,0.300000
TP15,2026-07-25 09:50:00,0.000000,0.400000
TP15,2026-07-25 09:55:00,0.000000,0.300000
TP15,2026-07-25 10:00:00,0.000000,0.400000
TP15,2026-07-25 10:05:00,0.000000,0.400000
TP15,2026-07-25 10:10:00,0.000000,0.400000
TP15,2026-07-25 10:15:00,0.000000,0.500000
TP15,2026-07-25 10:20:00,0.000000,0.600000
TP15,2026-07-25 10:25:00,0.000000,0.500000
TP15,2026-07-25 10:30:00,0.000000,0.500000
TP15,2026-07-25 10:35:00,0.000000,0.500000
TP15,2026-07-25 10:40:00,0.000000,0.500000
TP15,2026-07-25 10:45:00,0.000000,0.600000
TP15,2026-07-25 10:50:00,0.000000,0.700000
TP15,2026-07-25 10:55:00,0.000000,0.600000
TP15,2026-07-25 11:00:00,0.000000,0.900000
TP15,2026-07-25 11:05:00,0.000000,0.700000
TP15,2026-07-25 11:10:00,0.000000,0.700000
TP15,2026-07-25 11:15:00,0.000000,0.700000
TP15,2026-07-25 11:20:00,0.000000,0.700000
TP15,2026-07-25 11:25:00,0.000000,0.800000
TP15,2026-07-25 11:30:00,0.000000,0.900000
TP15,2026-07-25 11:35:00,0.000000,0.800000
TP15,2026-07-25 11:40:00,0.000000,0.800000
TP15,2026-07-25 11:45:00,0.000000,0.800000
TP15,2026-07-25 11:50:00,0.000000,0.700000
TP15,2026-07-25 11:55:00,0.000000,0.800000
TP15,2026-07-25 12:00:00,0.000000,0.900000
TP15,2026-07-25 12:05:00,0.000000,0.900000
TP15,2026-07-25 12:10:00,0.000000,0.900000
TP15,2026-07-25 12:15:00,0.000000,1.000000
TP15,2026-07-25 12:20:00,0.000000,0.800000
TP15,2026-07-25 12:25:00,0.000000,0.800000
TP15,2026-07-25 12:30:00,0.000000,0.900000
TP15,2026-07-25 12:35:00,0.000000,1.000000
TP15,2026-07-25 12:40:00,0.000000,0.800000
TP15,2026-07-25 12:45:00,0.000000,0.700000
TP15,2026-07-25 12:50:00,0.000000,0.700000
TP15,2026-07-25 12:55:00,0.000000,0.800000
TP15,2026-07-25 13:00:00,0.000000,0.800000
TP15,2026-07-25 13:05:00,0.000000,0.800000
TP15,2026-07-25 13:10:00,0.000000,1.000000
TP15,2026-07-25 13:15:00,0.000000,0.900000
TP15,2026-07-25 13:20:00,0.000000,0.800000
TP15,2026-07-25 13:25:00,0.000000,0.800000
TP15,2026-07-25 13:30:00,0.000000,0.800000
TP15,2026-07-25 13:35:00,0.000000,0.800000
TP15,2026-07-25 13:40:00,0.000000,0.700000
TP15,2026-07-25 13:45:00,0.000000,0.700000
TP15,2026-07-25 13:50:00,0.000000,0.700000
TP15,2026-07-25 13:55:00,0.000000,0.700000
TP15,2026-07-25 14:00:00,0.000000,0.700000
TP15,2026-07-25 14:05:00,0.000000,0.700000
TP15,2026-07-25 14:10:00,0.000000,0.800000
TP15,2026-07-25 14:15:00,0.000000,0.800000
TP15,2026-07-25 14:20:00,0.000000,0.900000
TP15,2026-07-25 14:25:00,0.000000,0.800000
TP15,2026-07-25 14:30:00,0.000000,0.800000
TP15,2026-07-25 14:35:00,0.000000,0.800000
TP15,2026-07-25 14:40:00,0.000000,0.800000
TP15,2026-07-25 14:45:00,0.000000,0.900000
TP15,2026-07-25 14:50:00,0.083333,0.900000
TP15,2026-07-25 14:55:00,0.166667,1.000000
TP15,2026-07-25 15:00:00,0.250000,0.900000
TP15,2026-07-25 15:05:00,0.333333,0.900000
TP15,2026-07-25 15:10:00,0.416667,3.100000
TP15,2026-07-25 15:15:00,0.500000,3.000000
TP15,2026-07-25 15:20:00,0.583333,2.000000
TP15,2026-07-25 15:25:00,0.666667,2.100000
TP15,2026-07-25 15:30:00,0.750000,0.600000
TP15,2026-07-25 15:35:00,0.833333,0.300000
TP15,2026-07-25 15:40:00,0.916667,0.300000
TP15,2026-07-25 15:45:00,1.000000,0.300000
TP15,2026-07-25 15:50:00,1.416667,0.400000
TP15,2026-07-25 15:55:00,1.833333,5.700000
TP15,2026-07-25 16:00:00,2.250000,6.400000
TP15,2026-07-25 16:05:00,2.666667,6.000000
TP15,2026-07-25 16:10:00,3.083333,1.700000
TP15,2026-07-25 16:15:00,3.500000,0.900000
TP15,2026-07-25 16:20:00,3.916667,0.600000
TP15,2026-07-25 16:25:00,4.333333,0.500000
TP15,2026-07-25 16:30:00,4.750000,0.300000
TP15,2026-07-25 16:35:00,5.166667,0.100000
TP15,2026-07-25 16:40:00,5.583333,0.200000
TP15,2026-07-25 16:45:00,6.000000,0.200000
TP15,2026-07-25 16:50:00,5.500000,0.000000
TP15,2026-07-25 16:55:00,5.000000,0.500000
TP15,2026-07-25 17:00:00,4.500000,0.200000
TP15,2026-07-25 17:05:00,4.000000,0.300000
TP15,2026-07-25 17:10:00,3.500000,0.400000
TP15,2026-07-25 17:15:00,3.000000,0.000000
TP15,2026-07-25 17:20:00,2.500000,-0.200000
TP15,2026-07-25 17:25:00,2.000000,-0.200000
TP15,2026-07-25 17:30:00,1.500000,-0.200000
TP15,2026-07-25 17:35:00,1.000000,-0.300000
TP15,2026-07-25 17:40:00,0.500000,-0.300000
TP15,2026-07-25 17:45:00,0.000000,-0.200000
TP15,2026-07-25 17:50:00,0.000000,-0.200000
TP15,2026-07-25 17:55:00,0.000000,-0.300000
TP15,2026-07-25 18:00:00,0.000000,-0.200000
TP15,2026-07-25 18:05:00,0.000000,-0.300000
TP15,2026-07-25 18:10:00,0.000000,-0.200000
TP15,2026-07-25 18:15:00,0.000000,-0.200000
TP15,2026-07-25 18:20:00,0.000000,-0.100000
TP15,2026-07-25 18:25:00,0.000000,-0.100000
TP15,2026-07-25 18:30:00,0.000000,-0.100000
TP15,2026-07-25 18:35:00,0.000000,-0.200000
TP15,2026-07-25 18:40:00,0.000000,-0.200000
TP15,2026-07-25 18:45:00,0.000000,-0.200000
TP15,2026-07-25 18:50:00,0.000000,-0.100000
TP15,2026-07-25 18:55:00,0.000000,-0.200000
TP15,2026-07-25 19:00:00,0.000000,-0.100000
TP15,2026-07-25 19:05:00,0.000000,-0.100000
TP15,2026-07-25 19:10:00,0.000000,-0.100000
TP15,2026-07-25 19:15:00,0.000000,-0.200000
TP15,2026-07-25 19:20:00,0.000000,-0.100000
TP15,2026-07-25 19:25:00,0.000000,-0.200000
TP15,2026-07-25 19:30:00,0.000000,-0.100000
TP15,2026-07-25 19:35:00,0.000000,-0.100000
TP15,2026-07-25 19:40:00,0.000000,-0.100000
TP15,2026-07-25 19:45:00,0.000000,-0.100000
TP15,2026-07-25 19:50:00,0.000000,-0.100000
TP15,2026-07-25 19:55:00,0.000000,-0.100000
TP15,2026-07-25 20:00:00,0.000000,-0.100000
TP15,2026-07-25 20:05:00,0.000000,-0.100000
TP15,2026-07-25 20:10:00,0.000000,0.000000
TP15,2026-07-25 20:15:00,0.000000,0.000000
TP15,2026-07-25 20:20:00,0.000000,0.100000
TP15,2026-07-25 20:25:00,0.000000,0.100000
TP15,2026-07-25 20:30:00,0.000000,0.000000
TP15,2026-07-25 20:35:00,0.000000,0.000000
TP15,2026-07-25 20:40:00,0.000000,0.200000
TP15,2026-07-25 20:45:00,0.000000,0.300000
TP15,2026-07-25 20:50:00,0.083333,0.400000
TP15,2026-07-25 20:55:00,0.166667,0.500000
TP15,2026-07-25 21:00:00,0.250000,0.300000
TP15,2026-07-25 21:05:00,0.333333,0.200000
TP15,2026-07-25 21:10:00,0.416667,0.200000
TP15,2026-07-25 21:15:00,0.500000,0.200000
TP15,2026-07-25 21:20:00,0.583333,0.100000
TP15,2026-07-25 21:25:00,0.666667,0.200000
TP15,2026-07-25 21:30:00,0.750000,0.200000
TP15,2026-07-25 21:35:00,0.833333,0.300000
TP15,2026-07-25 21:40:00,0.916667,0.500000
TP15,2026-07-25 21:45:00,1.000000,0.500000
TP15,2026-07-25 21:50:00,0.916667,0.300000
TP15,2026-07-25 21:55:00,0.833333,0.100000
TP15,2026-07-25 22:00:00,0.750000,0.100000
TP15,2026-07-25 22:05:00,0.666667,0.000000
TP15,2026-07-25 22:10:00,0.583333,0.000000
TP15,2026-07-25 22:15:00,0.500000,0.000000
TP15,2026-07-25 22:20:00,0.416667,0.000000
TP15,2026-07-25 22:25:00,0.333333,0.000000
TP15,2026-07-25 22:30:00,0.250000,-0.100000
TP15,2026-07-25 22:35:00,0.166667,-0.100000
TP15,2026-07-25 22:40:00,0.083333,0.000000
TP15,2026-07-25 22:45:00,0.000000,0.000000
TP15,2026-07-25 22:50:00,0.000000,0.000000
TP15,2026-07-25 22:55:00,0.000000,0.100000
TP15,2026-07-25 23:00:00,0.000000,0.000000
TP15,2026-07-25 23:05:00,0.000000,0.100000
TP15,2026-07-25 23:10:00,0.000000,0.200000
TP15,2026-07-25 23:15:00,0.000000,0.200000
TP15,2026-07-25 23:20:00,0.000000,0.100000
TP15,2026-07-25 23:25:00,0.000000,0.100000
TP15,2026-07-25 23:30:00,0.000000,0.100000
TP15,2026-07-25 23:35:00,0.000000,0.100000
TP15,2026-07-25 23:40:00,0.000000,0.000000
TP15,2026-07-25 23:45:00,0.000000,0.000000
TP15,2026-07-25 23:50:00,0.166667,0.300000
TP15,2026-07-25 23:55:00,0.333333,0.300000
TP15,2026-07-26 00:00:00,0.500000,0.500000
TP15,2026-07-26 00:05:00,0.666667,0.400000
TP15,2026-07-26 00:10:00,0.833333,0.500000
TP15,2026-07-26 00:15:00,1.000000,0.600000
TP15,2026-07-26 00:20:00,1.166667,1.000000
TP15,2026-07-26 00:25:00,1.333333,1.000000
TP15,2026-07-26 00:30:00,1.500000,1.400000
TP15,2026-07-26 00:35:00,1.666667,2.200000
TP15,2026-07-26 00:40:00,1.833333,2.500000
TP15,2026-07-26 00:45:00,2.000000,2.500000
TP15,2026-07-26 00:50:00,2.083333,1.600000
TP15,2026-07-26 00:55:00,2.166667,1.900000
TP15,2026-07-26 01:00:00,2.250000,1.700000
TP15,2026-07-26 01:05:00,2.333333,1.000000
TP15,2026-07-26 01:10:00,2.416667,0.800000
TP15,2026-07-26 01:15:00,2.500000,0.700000
TP15,2026-07-26 01:20:00,2.583333,0.700000
TP15,2026-07-26 01:25:00,2.666667,1.800000
TP15,2026-07-26 01:30:00,2.750000,3.100000
TP15,2026-07-26 01:35:00,2.833333,2.000000
TP15,2026-07-26 01:40:00,2.916667,1.900000
TP15,2026-07-26 01:45:00,3.000000,1.800000
TP15,2026-07-26 01:50:00,3.000000,1.500000
TP15,2026-07-26 01:55:00,3.000000,0.900000
TP15,2026-07-26 02:00:00,3.000000,1.300000
TP15,2026-07-26 02:05:00,3.000000,1.200000
TP15,2026-07-26 02:10:00,3.000000,1.000000
TP15,2026-07-26 02:15:00,3.000000,0.700000
TP15,2026-07-26 02:20:00,3.000000,0.800000
TP15,2026-07-26 02:25:00,3.000000,1.000000
TP15,2026-07-26 02:30:00,3.000000,0.600000
TP15,2026-07-26 02:35:00,3.000000,0.400000
TP15,2026-07-26 02:40:00,3.000000,0.200000
TP15,2026-07-26 02:45:00,3.000000,0.100000
TP15,2026-07-26 02:50:00,3.000000,0.200000
TP15,2026-07-26 02:55:00,3.000000,0.300000
TP15,2026-07-26 03:00:00,3.000000,1.300000
TP15,2026-07-26 03:05:00,3.000000,1.200000
TP15,2026-07-26 03:10:00,3.000000,0.900000
TP15,2026-07-26 03:15:00,3.000000,1.000000
TP15,2026-07-26 03:20:00,3.000000,1.500000
TP15,2026-07-26 03:25:00,3.000000,1.800000
TP15,2026-07-26 03:30:00,3.000000,1.400000
TP15,2026-07-26 03:35:00,3.000000,1.000000
TP15,2026-07-26 03:40:00,3.000000,1.800000
TP15,2026-07-26 03:45:00,3.000000,1.800000
TP15,2026-07-26 03:50:00,3.416667,2.400000
TP15,2026-07-26 03:55:00,3.833333,2.600000
TP15,2026-07-26 04:00:00,4.250000,1.700000
TP15,2026-07-26 04:05:00,4.666667,1.700000
TP15,2026-07-26 04:10:00,5.083333,2.000000
TP15,2026-07-26 04:15:00,5.500000,2.200000
TP15,2026-07-26 04:20:00,5.916667,2.700000
TP15,2026-07-26 04:25:00,6.333333,3.400000
TP15,2026-07-26 04:30:00,6.750000,3.000000
TP15,2026-07-26 04:35:00,7.166667,2.000000
TP15,2026-07-26 04:40:00,7.583333,3.000000
TP15,2026-07-26 04:45:00,8.000000,3.100000
TP15,2026-07-26 04:50:00,8.750000,5.900000
TP15,2026-07-26 04:55:00,9.500000,4.300000
TP15,2026-07-26 05:00:00,10.250000,3.800000
TP15,2026-07-26 05:05:00,11.000000,5.000000
TP15,2026-07-26 05:10:00,11.750000,3.500000
TP15,2026-07-26 05:15:00,12.500000,3.500000
TP15,2026-07-26 05:20:00,13.250000,3.500000
TP15,2026-07-26 05:25:00,14.000000,5.100000
TP15,2026-07-26 05:30:00,14.750000,7.700000
TP15,2026-07-26 05:35:00,15.500000,6.900000
TP15,2026-07-26 05:40:00,16.250000,6.700000
TP15,2026-07-26 05:45:00,17.000000,8.400000
TP15,2026-07-26 05:50:00,18.000000,6.400000
TP15,2026-07-26 05:55:00,19.000000,5.900000
TP15,2026-07-26 06:00:00,20.000000,9.900000
TP15,2026-07-26 06:05:00,21.000000,9.700000
TP15,2026-07-26 06:10:00,22.000000,9.500000
TP15,2026-07-26 06:15:00,23.000000,6.700000
TP15,2026-07-26 06:20:00,24.000000,6.900000
TP15,2026-07-26 06:25:00,25.000000,2.900000
TP15,2026-07-26 06:30:00,26.000000,3.100000
TP15,2026-07-26 06:35:00,27.000000,3.600000
TP15,2026-07-26 06:40:00,28.000000,2.600000
TP15,2026-07-26 06:45:00,29.000000,3.600000
TP15,2026-07-26 06:50:00,28.583333,3.000000
TP15,2026-07-26 06:55:00,28.166667,3.500000
TP15,2026-07-26 07:00:00,27.750000,3.700000
TP15,2026-07-26 07:05:00,27.333333,6.100000
TP15,2026-07-26 07:10:00,26.916667,3.900000
TP15,2026-07-26 07:15:00,26.500000,2.000000
TP15,2026-07-26 07:20:00,26.083333,1.900000
TP15,2026-07-26 07:25:00,25.666667,7.100000
TP15,2026-07-26 07:30:00,25.250000,3.100000
TP15,2026-07-26 07:35:00,24.833333,3.100000
TP15,2026-07-26 07:40:00,24.416667,2.600000
TP15,2026-07-26 07:45:00,24.000000,4.100000
TP15,2026-07-26 07:50:00,24.083333,4.100000
TP15,2026-07-26 07:55:00,24.166667,3.300000
TP15,2026-07-26 08:00:00,24.250000,3.500000
TP15,2026-07-26 08:05:00,24.333333,3.600000
TP15,2026-07-26 08:10:00,24.416667,1.400000
TP15,2026-07-26 08:15:00,24.500000,4.000000
TP15,2026-07-26 08:20:00,24.583333,5.200000
TP15,2026-07-26 08:25:00,24.666667,1.600000
TP15,2026-07-26 08:30:00,24.750000,3.000000
TP15,2026-07-26 08:35:00,24.833333,5.100000
TP15,2026-07-26 08:40:00,24.916667,4.500000
TP15,2026-07-26 08:45:00,25.000000,2.800000
TP15,2026-07-26 08:50:00,24.250000,3.400000
TP15,2026-07-26 08:55:00,23.500000,7.400000
TP15,2026-07-26 09:00:00,22.750000,4.500000
TP15,2026-07-26 09:05:00,22.000000,5.200000
TP15,2026-07-26 09:10:00,21.250000,5.200000
TP15,2026-07-26 09:15:00,20.500000,2.700000
TP15,2026-07-26 09:20:00,19.750000,1.800000
TP15,2026-07-26 09:25:00,19.000000,1.000000
TP15,2026-07-26 09:30:00,18.250000,0.300000
TP15,2026-07-26 09:35:00,17.500000,0.800000
TP15,2026-07-26 09:40:00,16.750000,0.800000
TP15,2026-07-26 09:45:00,16.000000,0.500000
TP15,2026-07-26 09:50:00,15.166667,0.700000
TP15,2026-07-26 09:55:00,14.333333,1.100000
TP15,2026-07-26 10:00:00,13.500000,0.800000
TP15,2026-07-26 10:05:00,12.666667,2.000000
TP15,2026-07-26 10:10:00,11.833333,2.400000
TP15,2026-07-26 10:15:00,11.000000,1.100000
TP15,2026-07-26 10:20:00,10.166667,0.300000
TP15,2026-07-26 10:25:00,9.333333,0.000000
TP15,2026-07-26 10:30:00,8.500000,-0.100000
TP15,2026-07-26 10:35:00,7.666667,-0.200000
TP15,2026-07-26 10:40:00,6.833333,0.100000
TP15,2026-07-26 10:45:00,6.000000,0.100000
TP15,2026-07-26 10:50:00,5.666667,0.200000
TP15,2026-07-26 10:55:00,5.333333,0.000000
TP15,2026-07-26 11:00:00,5.000000,0.200000
TP15,2026-07-26 11:05:00,4.666667,0.000000
TP15,2026-07-26 11:10:00,4.333333,-0.100000
TP15,2026-07-26 11:15:00,4.000000,-0.100000
TP15,2026-07-26 11:20:00,3.666667,0.000000
TP15,2026-07-26 11:25:00,3.333333,0.000000
TP15,2026-07-26 11:30:00,3.000000,0.000000
TP15,2026-07-26 11:35:00,2.666667,0.000000
TP15,2026-07-26 11:40:00,2.333333,-0.100000
TP15,2026-07-26 11:45:00,2.000000,0.200000
TP15,2026-07-26 11:50:00,2.333333,0.200000
TP15,2026-07-26 11:55:00,2.666667,0.400000
TP15,2026-07-26 12:00:00,3.000000,0.000000
TP15,2026-07-26 12:05:00,3.333333,0.200000
TP15,2026-07-26 12:10:00,3.666667,0.100000
TP15,2026-07-26 12:15:00,4.000000,0.400000
TP15,2026-07-26 12:20:00,4.333333,0.000000
TP15,2026-07-26 12:25:00,4.666667,0.100000
TP15,2026-07-26 12:30:00,5.000000,0.500000
TP15,2026-07-26 12:35:00,5.333333,2.300000
TP15,2026-07-26 12:40:00,5.666667,1.300000
TP15,2026-07-26 12:45:00,6.000000,1.500000
TP15,2026-07-26 12:50:00,6.250000,1.600000
TP15,2026-07-26 12:55:00,6.500000,4.800000
TP15,2026-07-26 13:00:00,6.750000,5.900000
TP15,2026-07-26 13:05:00,7.000000,3.800000
TP15,2026-07-26 13:10:00,7.250000,0.500000
TP15,2026-07-26 13:15:00,7.500000,0.100000
TP15,2026-07-26 13:20:00,7.750000,0.000000
TP15,2026-07-26 13:25:00,8.000000,-0.100000
TP15,2026-07-26 13:30:00,8.250000,-0.100000
TP15,2026-07-26 13:35:00,8.500000,-0.200000
TP15,2026-07-26 13:40:00,8.750000,-0.100000
TP15,2026-07-26 13:45:00,9.000000,-0.200000
TP15,2026-07-26 13:50:00,8.250000,-0.100000
TP15,2026-07-26 13:55:00,7.500000,0.000000
TP15,2026-07-26 14:00:00,6.750000,0.000000
TP15,2026-07-26 14:05:00,6.000000,-0.100000
TP15,2026-07-26 14:10:00,5.250000,-0.100000
TP15,2026-07-26 14:15:00,4.500000,0.000000
TP15,2026-07-26 14:20:00,3.750000,0.000000
TP15,2026-07-26 14:25:00,3.000000,-0.100000
TP15,2026-07-26 14:30:00,2.250000,0.000000
TP15,2026-07-26 14:35:00,1.500000,-0.100000
TP15,2026-07-26 14:40:00,0.750000,0.000000
TP15,2026-07-26 14:45:00,0.000000,0.000000
TP15,2026-07-26 14:50:00,0.000000,0.000000
TP15,2026-07-26 14:55:00,0.000000,0.000000
TP15,2026-07-26 15:00:00,0.000000,0.000000
TP15,2026-07-26 15:05:00,0.000000,-0.100000
TP15,2026-07-26 15:10:00,0.000000,0.000000
TP15,2026-07-26 15:15:00,0.000000,0.000000
TP15,2026-07-26 15:20:00,0.000000,0.000000
TP15,2026-07-26 15:25:00,0.000000,0.600000
TP15,2026-07-26 15:30:00,0.000000,0.600000
TP15,2026-07-26 15:35:00,0.000000,-0.100000
TP15,2026-07-26 15:40:00,0.000000,0.500000
TP15,2026-07-26 15:45:00,0.000000,1.100000
TP15,2026-07-26 15:50:00,0.500000,0.900000
TP15,2026-07-26 15:55:00,1.000000,0.500000
TP15,2026-07-26 16:00:00,1.500000,0.200000
TP15,2026-07-26 16:05:00,2.000000,0.000000
TP15,2026-07-26 16:10:00,2.500000,0.100000
TP15,2026-07-26 16:15:00,3.000000,2.500000
TP15,2026-07-26 16:20:00,3.500000,2.200000
TP15,2026-07-26 16:25:00,4.000000,1.800000
TP15,2026-07-26 16:30:00,4.500000,1.300000
TP15,2026-07-26 16:35:00,5.000000,0.200000
TP15,2026-07-26 16:40:00,5.500000,0.500000
TP15,2026-07-26 16:45:00,6.000000,0.200000
TP15,2026-07-26 16:50:00,5.500000,0.000000
TP15,2026-07-26 16:55:00,5.000000,-0.200000
TP15,2026-07-26 17:00:00,4.500000,-0.200000
TP15,2026-07-26 17:05:00,4.000000,-0.200000
TP15,2026-07-26 17:10:00,3.500000,-0.100000
TP15,2026-07-26 17:15:00,3.000000,-0.200000
TP15,2026-07-26 17:20:00,2.500000,-0.100000
TP15,2026-07-26 17:25:00,2.000000,-0.200000
TP15,2026-07-26 17:30:00,1.500000,-0.100000
TP15,2026-07-26 17:35:00,1.000000,-0.100000
TP15,2026-07-26 17:40:00,0.500000,-0.200000
TP15,2026-07-26 17:45:00,0.000000,-0.100000
TP15,2026-07-26 17:50:00,1.583333,0.300000
TP15,2026-07-26 17:55:00,3.166667,0.800000
TP15,2026-07-26 18:00:00,4.750000,2.100000
TP15,2026-07-26 18:05:00,6.333333,3.800000
TP15,2026-07-26 18:10:00,7.916667,7.300000
TP15,2026-07-26 18:15:00,9.500000,7.500000
TP15,2026-07-26 18:20:00,11.083333,9.800000
TP15,2026-07-26 18:25:00,12.666667,8.200000
TP15,2026-07-26 18:30:00,14.250000,1.700000
TP15,2026-07-26 18:35:00,15.833333,0.200000
TP15,2026-07-26 18:40:00,17.416667,-0.200000
TP15,2026-07-26 18:45:00,19.000000,-0.200000
TP15,2026-07-26 18:50:00,17.416667,-0.200000
TP15,2026-07-26 18:55:00,15.833333,-0.300000
TP15,2026-07-26 19:00:00,14.250000,-0.300000
TP15,2026-07-26 19:05:00,12.666667,-0.300000
TP15,2026-07-26 19:10:00,11.083333,-0.300000
TP15,2026-07-26 19:15:00,9.500000,-0.300000
TP15,2026-07-26 19:20:00,7.916667,-0.300000
TP15,2026-07-26 19:25:00,6.333333,-0.200000
TP15,2026-07-26 19:30:00,4.750000,-0.300000
TP15,2026-07-26 19:35:00,3.166667,-0.300000
TP15,2026-07-26 19:40:00,1.583333,-0.200000
TP15,2026-07-26 19:45:00,0.000000,-0.300000
TP15,2026-07-26 19:50:00,0.000000,-0.200000
TP15,2026-07-26 19:55:00,0.000000,-0.300000
TP15,2026-07-26 20:00:00,0.000000,-0.200000
TP15,2026-07-26 20:05:00,0.000000,-0.300000
TP15,2026-07-26 20:10:00,0.000000,-0.200000
TP15,2026-07-26 20:15:00,0.000000,-0.200000
TP15,2026-07-26 20:20:00,0.000000,-0.300000
TP15,2026-07-26 20:25:00,0.000000,-0.100000
TP15,2026-07-26 20:30:00,0.000000,-0.200000
TP15,2026-07-26 20:35:00,0.000000,-0.300000
TP15,2026-07-26 20:40:00,0.000000,-0.200000
TP15,2026-07-26 20:45:00,0.000000,-0.200000
TP15,2026-07-26 20:50:00,0.000000,-0.200000
TP15,2026-07-26 20:55:00,0.000000,-0.200000
TP15,2026-07-26 21:00:00,0.000000,-0.100000
TP15,2026-07-26 21:05:00,0.000000,-0.100000
TP15,2026-07-26 21:10:00,0.000000,-0.100000
TP15,2026-07-26 21:15:00,0.000000,-0.100000
TP15,2026-07-26 21:20:00,0.000000,-0.100000
TP15,2026-07-26 21:25:00,0.000000,0.000000
TP15,2026-07-26 21:30:00,0.000000,0.100000
TP15,2026-07-26 21:35:00,0.000000,-0.100000
TP15,2026-07-26 21:40:00,0.000000,0.000000
TP15,2026-07-26 21:45:00,0.000000,0.000000
TP15,2026-07-26 21:50:00,0.000000,-0.100000
TP15,2026-07-26 21:55:00,0.000000,0.000000
TP15,2026-07-26 22:00:00,0.000000,-0.100000
TP15,2026-07-26 22:05:00,0.000000,0.100000
TP15,2026-07-26 22:10:00,0.000000,-0.100000
TP15,2026-07-26 22:15:00,0.000000,0.000000
TP15,2026-07-26 22:20:00,0.000000,0.000000
TP15,2026-07-26 22:25:00,0.000000,0.100000
TP15,2026-07-26 22:30:00,0.000000,0.000000
TP15,2026-07-26 22:35:00,0.000000,0.000000
TP15,2026-07-26 22:40:00,0.000000,0.000000
TP15,2026-07-26 22:45:00,0.000000,0.000000
TP15,2026-07-26 22:50:00,0.000000,0.000000
TP15,2026-07-26 22:55:00,0.000000,0.000000
TP15,2026-07-26 23:00:00,0.000000,0.000000
TP15,2026-07-26 23:05:00,0.000000,0.100000
TP15,2026-07-26 23:10:00,0.000000,0.000000
TP15,2026-07-26 23:15:00,0.000000,0.100000
TP15,2026-07-26 23:20:00,0.000000,0.100000
TP15,2026-07-26 23:25:00,0.000000,0.100000
TP15,2026-07-26 23:30:00,0.000000,0.100000
TP15,2026-07-26 23:35:00,0.000000,0.100000
TP15,2026-07-26 23:40:00,0.000000,0.100000
TP15,2026-07-26 23:45:00,0.000000,0.100000
TP15,2026-07-26 23:50:00,0.000000,0.100000
TP15,2026-07-26 23:55:00,0.000000,0.100000
TP15,2026-07-27 00:00:00,0.000000,0.400000
TP15,2026-07-27 00:05:00,0.000000,0.300000
TP15,2026-07-27 00:10:00,0.000000,1.000000
TP15,2026-07-27 00:15:00,0.000000,1.500000
TP15,2026-07-27 00:20:00,0.000000,1.200000
TP15,2026-07-27 00:25:00,0.000000,0.300000
TP15,2026-07-27 00:30:00,0.000000,0.200000
TP15,2026-07-27 00:35:00,0.000000,0.200000
TP15,2026-07-27 00:40:00,0.000000,0.200000
TP15,2026-07-27 00:45:00,0.000000,0.200000
TP15,2026-07-27 00:50:00,0.000000,0.100000
TP15,2026-07-27 00:55:00,0.000000,0.200000
TP15,2026-07-27 01:00:00,0.000000,0.300000
TP15,2026-07-27 01:05:00,0.000000,0.200000
TP15,2026-07-27 01:10:00,0.000000,0.400000
TP15,2026-07-27 01:15:00,0.000000,0.200000
TP15,2026-07-27 01:20:00,0.000000,0.200000
TP15,2026-07-27 01:25:00,0.000000,0.100000
TP15,2026-07-27 01:30:00,0.000000,0.200000
TP15,2026-07-27 01:35:00,0.000000,0.000000
TP15,2026-07-27 01:40:00,0.000000,0.200000
TP15,2026-07-27 01:45:00,0.000000,0.100000
TP15,2026-07-27 01:50:00,0.000000,0.100000
TP15,2026-07-27 01:55:00,0.000000,0.200000
TP15,2026-07-27 02:00:00,0.000000,0.100000
TP15,2026-07-27 02:05:00,0.000000,0.100000
TP15,2026-07-27 02:10:00,0.000000,0.100000
TP15,2026-07-27 02:15:00,0.000000,0.100000
TP15,2026-07-27 02:20:00,0.000000,0.100000
TP15,2026-07-27 02:25:00,0.000000,0.100000
TP15,2026-07-27 02:30:00,0.000000,0.000000
TP15,2026-07-27 02:35:00,0.000000,0.100000
TP15,2026-07-27 02:40:00,0.000000,0.100000
TP15,2026-07-27 02:45:00,0.000000,0.100000
TP15,2026-07-27 02:50:00,0.000000,0.200000
TP15,2026-07-27 02:55:00,0.000000,0.400000
TP15,2026-07-27 03:00:00,0.000000,0.200000
TP15,2026-07-27 03:05:00,0.000000,0.100000
TP15,2026-07-27 03:10:00,0.000000,0.200000
TP15,2026-07-27 03:15:00,0.000000,0.300000
TP15,2026-07-27 03:20:00,0.000000,0.000000
TP15,2026-07-27 03:25:00,0.000000,0.000000
TP15,2026-07-27 03:30:00,0.000000,0.100000
TP15,2026-07-27 03:35:00,0.000000,0.000000
TP15,2026-07-27 03:40:00,0.000000,0.000000
TP15,2026-07-27 03:45:00,0.000000,0.000000
TP15,2026-07-27 03:50:00,0.000000,0.000000
TP15,2026-07-27 03:55:00,0.000000,0.000000
TP15,2026-07-27 04:00:00,0.000000,-0.100000
TP15,2026-07-27 04:05:00,0.000000,-0.100000
TP15,2026-07-27 04:10:00,0.000000,-0.100000
TP15,2026-07-27 04:15:00,0.000000,-0.100000
TP15,2026-07-27 04:20:00,0.000000,0.000000
TP15,2026-07-27 04:25:00,0.000000,-0.100000
TP15,2026-07-27 04:30:00,0.000000,0.100000
TP15,2026-07-27 04:35:00,0.000000,0.400000
TP15,2026-07-27 04:40:00,0.000000,0.900000
TP15,2026-07-27 04:45:00,0.000000,1.300000
TP15,2026-07-27 04:50:00,0.083333,1.200000
TP15,2026-07-27 04:55:00,0.166667,0.800000
TP15,2026-07-27 05:00:00,0.250000,0.300000
TP15,2026-07-27 05:05:00,0.333333,0.100000
TP15,2026-07-27 05:10:00,0.416667,0.100000
TP15,2026-07-27 05:15:00,0.500000,0.100000
TP15,2026-07-27 05:20:00,0.583333,-0.100000
TP15,2026-07-27 05:25:00,0.666667,-0.100000
TP15,2026-07-27 05:30:00,0.750000,-0.100000
TP15,2026-07-27 05:35:00,0.833333,-0.200000
TP15,2026-07-27 05:40:00,0.916667,-0.300000
TP15,2026-07-27 05:45:00,1.000000,0.000000
TP15,2026-07-27 05:50:00,1.000000,-0.100000
TP15,2026-07-27 05:55:00,1.000000,-0.100000
TP15,2026-07-27 06:00:00,1.000000,-0.100000
TP15,2026-07-27 06:05:00,1.000000,0.100000
TP15,2026-07-27 06:10:00,1.000000,0.100000
TP15,2026-07-27 06:15:00,1.000000,0.100000
TP15,2026-07-27 06:20:00,1.000000,0.300000
TP15,2026-07-27 06:25:00,1.000000,0.300000
TP15,2026-07-27 06:30:00,1.000000,0.300000
TP15,2026-07-27 06:35:00,1.000000,0.400000
TP15,2026-07-27 06:40:00,1.000000,1.000000
TP15,2026-07-27 06:45:00,1.000000,1.000000
TP15,2026-07-27 06:50:00,1.000000,1.000000
TP15,2026-07-27 06:55:00,1.000000,0.300000
TP15,2026-07-27 07:00:00,1.000000,-0.100000
TP15,2026-07-27 07:05:00,1.000000,0.000000
TP15,2026-07-27 07:10:00,1.000000,0.000000
TP15,2026-07-27 07:15:00,1.000000,-0.200000
TP15,2026-07-27 07:20:00,1.000000,-0.100000
TP15,2026-07-27 07:25:00,1.000000,-0.100000
TP15,2026-07-27 07:30:00,1.000000,-0.100000
TP15,2026-07-27 07:35:00,1.000000,0.000000
TP15,2026-07-27 07:40:00,1.000000,0.100000
TP15,2026-07-27 07:45:00,1.000000,0.100000
TP15,2026-07-27 07:50:00,0.983333,0.000000
TP15,2026-07-27 07:55:00,0.966667,0.000000
TP15,2026-07-27 08:00:00,0.950000,-0.100000
TP15,2026-07-27 08:05:00,0.933333,-0.100000
TP15,2026-07-27 08:10:00,0.916667,-0.200000
TP15,2026-07-27 08:15:00,0.900000,0.000000
TP15,2026-07-27 08:20:00,0.883333,0.000000
TP15,2026-07-27 08:25:00,0.866667,-0.100000
TP15,2026-07-27 08:30:00,0.850000,-0.100000
TP15,2026-07-27 08:35:00,0.833333,-0.200000
TP15,2026-07-27 08:40:00,0.816667,-0.200000
TP15,2026-07-27 08:45:00,0.800000,-0.300000
TP15,2026-07-27 08:50:00,0.783333,-0.200000
TP15,2026-07-27 08:55:00,0.766667,-0.100000
TP15,2026-07-27 09:00:00,0.750000,-0.100000
TP15,2026-07-27 09:05:00,0.733333,-0.200000
TP15,2026-07-27 09:10:00,0.716667,-0.100000
TP15,2026-07-27 09:15:00,0.700000,-0.200000
TP15,2026-07-27 09:20:00,0.683333,0.000000
TP15,2026-07-27 09:25:00,0.666667,-0.100000
TP15,2026-07-27 09:30:00,0.650000,-0.100000
TP15,2026-07-27 09:35:00,0.633333,0.000000
TP15,2026-07-27 09:40:00,0.616667,-0.100000
TP15,2026-07-27 09:45:00,0.600000,-0.100000
TP15,2026-07-27 09:50:00,0.583333,-0.100000
TP15,2026-07-27 09:55:00,0.566667,0.000000
TP15,2026-07-27 10:00:00,0.550000,-0.100000
TP15,2026-07-27 10:05:00,0.533333,0.000000
TP15,2026-07-27 10:10:00,0.516667,0.000000
TP15,2026-07-27 10:15:00,0.500000,0.000000
TP15,2026-07-27 10:20:00,0.483333,0.100000
TP15,2026-07-27 10:25:00,0.466667,0.000000
TP15,2026-07-27 10:30:00,0.450000,0.000000
TP15,2026-07-27 10:35:00,0.433333,0.200000
TP15,2026-07-27 10:40:00,0.416667,0.100000
TP15,2026-07-27 10:45:00,0.400000,0.100000
TP15,2026-07-27 10:50:00,0.383333,0.400000
TP15,2026-07-27 10:55:00,0.366667,0.000000
TP15,2026-07-27 11:00:00,0.350000,0.000000
TP15,2026-07-27 11:05:00,0.333333,0.000000
TP15,2026-07-27 11:10:00,0.316667,0.000000
TP15,2026-07-27 11:15:00,0.300000,0.100000
TP15,2026-07-27 11:20:00,0.283333,0.000000
TP15,2026-07-27 11:25:00,0.266667,0.100000
TP15,2026-07-27 11:30:00,0.250000,0.000000
TP15,2026-07-27 11:35:00,0.233333,0.100000
TP15,2026-07-27 11:40:00,0.216667,0.000000
TP15,2026-07-27 11:45:00,0.200000,0.100000
TP15,2026-07-27 11:50:00,0.183333,0.200000
TP15,2026-07-27 11:55:00,0.166667,0.100000
TP15,2026-07-27 12:00:00,0.150000,0.000000
TP15,2026-07-27 12:05:00,0.133333,0.100000
TP15,2026-07-27 12:10:00,0.116667,0.200000
TP15,2026-07-27 12:15:00,0.100000,0.200000
TP15,2026-07-27 12:20:00,0.083333,0.100000
TP15,2026-07-27 12:25:00,0.066667,0.200000
TP15,2026-07-27 12:30:00,0.050000,0.100000
TP15,2026-07-27 12:35:00,0.033333,-0.100000
TP15,2026-07-27 12:40:00,0.016667,0.000000
TP15,2026-07-27 12:45:00,0.000000,-0.100000
TP15,2026-07-27 12:50:00,0.000000,0.000000
TP15,2026-07-27 12:55:00,0.000000,0.100000
TP15,2026-07-27 13:00:00,0.000000,0.200000
TP15,2026-07-27 13:05:00,0.000000,0.100000
TP15,2026-07-27 13:10:00,0.000000,0.100000
TP15,2026-07-27 13:15:00,0.000000,0.100000
TP15,2026-07-27 13:20:00,0.000000,0.100000
TP15,2026-07-27 13:25:00,0.000000,0.000000
TP15,2026-07-27 13:30:00,0.000000,0.100000
TP15,2026-07-27 13:35:00,0.000000,0.100000
TP15,2026-07-27 13:40:00,0.000000,0.100000
TP15,2026-07-27 13:45:00,0.000000,0.200000
TP15,2026-07-27 13:50:00,0.000000,0.100000
TP15,2026-07-27 13:55:00,0.000000,0.100000
TP15,2026-07-27 14:00:00,0.000000,0.100000
TP15,2026-07-27 14:05:00,0.000000,0.100000
TP15,2026-07-27 14:10:00,0.000000,0.000000
TP15,2026-07-27 14:15:00,0.000000,0.100000
TP15,2026-07-27 14:20:00,0.000000,0.000000
TP15,2026-07-27 14:25:00,0.000000,0.100000
TP15,2026-07-27 14:30:00,0.000000,0.100000
TP15,2026-07-27 14:35:00,0.000000,0.000000
TP15,2026-07-27 14:40:00,0.000000,0.100000
TP15,2026-07-27 14:45:00,0.000000,0.100000
TP15,2026-07-27 14:50:00,0.000000,0.100000
TP15,2026-07-27 14:55:00,0.000000,0.100000
TP15,2026-07-27 15:00:00,0.000000,0.100000
TP15,2026-07-27 15:05:00,0.000000,0.100000
TP15,2026-07-27 15:10:00,0.000000,0.100000
TP15,2026-07-27 15:15:00,0.000000,0.100000
TP15,2026-07-27 15:20:00,0.000000,0.100000
TP15,2026-07-27 15:25:00,0.000000,0.100000
TP15,2026-07-27 15:30:00,0.000000,0.100000
TP15,2026-07-27 15:35:00,0.000000,0.100000
TP15,2026-07-27 15:40:00,0.000000,0.100000
TP15,2026-07-27 15:45:00,0.000000,0.100000
TP15,2026-07-27 15:50:00,0.000000,0.100000
TP15,2026-07-27 15:55:00,0.000000,0.100000
TP15,2026-07-27 16:00:00,0.000000,0.200000
TP15,2026-07-27 16:05:00,0.000000,0.200000
TP15,2026-07-27 16:10:00,0.000000,0.100000
TP15,2026-07-27 16:15:00,0.000000,0.100000
TP15,2026-07-27 16:20:00,0.000000,0.200000
TP15,2026-07-27 16:25:00,0.000000,0.300000
TP15,2026-07-27 16:30:00,0.000000,0.400000
TP15,2026-07-27 16:35:00,0.000000,0.300000
TP15,2026-07-27 16:40:00,0.000000,0.300000
TP15,2026-07-27 16:45:00,0.000000,0.200000
TP15,2026-07-27 16:50:00,0.000000,0.200000
TP15,2026-07-27 16:55:00,0.000000,0.300000
TP15,2026-07-27 17:00:00,0.000000,0.200000
TP15,2026-07-27 17:05:00,0.000000,0.100000
TP15,2026-07-27 17:10:00,0.000000,0.100000
TP15,2026-07-27 17:15:00,0.000000,0.200000
TP15,2026-07-27 17:20:00,0.000000,0.100000
TP15,2026-07-27 17:25:00,0.000000,0.100000
TP15,2026-07-27 17:30:00,0.000000,0.100000
TP15,2026-07-27 17:35:00,0.000000,0.100000
TP15,2026-07-27 17:40:00,0.000000,0.100000
TP15,2026-07-27 17:45:00,0.000000,0.100000
TP15,2026-07-27 17:50:00,0.000000,0.100000
TP15,2026-07-27 17:55:00,0.000000,0.100000
TP15,2026-07-27 18:00:00,0.000000,0.100000
TP15,2026-07-27 18:05:00,0.000000,0.100000
TP15,2026-07-27 18:10:00,0.000000,0.100000
TP15,2026-07-27 18:15:00,0.000000,0.100000
TP15,2026-07-27 18:20:00,0.000000,0.100000
TP15,2026-07-27 18:25:00,0.000000,0.100000
TP15,2026-07-27 18:30:00,0.000000,0.000000
TP15,2026-07-27 18:35:00,0.000000,0.000000
TP15,2026-07-27 18:40:00,0.000000,0.000000
TP15,2026-07-27 18:45:00,0.000000,0.000000
TP15,2026-07-27 18:50:00,0.000000,0.100000
TP15,2026-07-27 18:55:00,0.000000,0.100000
TP15,2026-07-27 19:00:00,0.000000,0.000000
TP15,2026-07-27 19:05:00,0.000000,0.000000
TP15,2026-07-27 19:10:00,0.000000,0.000000
TP15,2026-07-27 19:15:00,0.000000,0.000000
TP15,2026-07-27 19:20:00,0.000000,0.100000
TP15,2026-07-27 19:25:00,0.000000,-0.100000
TP15,2026-07-27 19:30:00,0.000000,0.000000
TP15,2026-07-27 19:35:00,0.000000,0.000000
TP15,2026-07-27 19:40:00,0.000000,0.000000
TP15,2026-07-27 19:45:00,0.000000,0.000000
TP15,2026-07-27 19:50:00,0.000000,0.000000
TP15,2026-07-27 19:55:00,0.000000,-0.100000
TP15,2026-07-27 20:00:00,0.000000,0.000000
TP15,2026-07-27 20:05:00,0.000000,-0.100000
TP15,2026-07-27 20:10:00,0.000000,-0.100000
TP15,2026-07-27 20:15:00,0.000000,-0.100000
TP15,2026-07-27 20:20:00,0.000000,-0.100000
TP15,2026-07-27 20:25:00,0.000000,-0.100000
TP15,2026-07-27 20:30:00,0.000000,0.000000
TP15,2026-07-27 20:35:00,0.000000,0.000000
TP15,2026-07-27 20:40:00,0.000000,-0.100000
TP15,2026-07-27 20:45:00,0.000000,-0.100000
TP15,2026-07-27 20:50:00,0.000000,0.000000
TP15,2026-07-27 20:55:00,0.000000,-0.100000
TP15,2026-07-27 21:00:00,0.000000,-0.100000
TP15,2026-07-27 21:05:00,0.000000,0.000000
TP15,2026-07-27 21:10:00,0.000000,0.000000
TP15,2026-07-27 21:15:00,0.000000,-0.100000
TP15,2026-07-27 21:20:00,0.000000,0.000000
TP15,2026-07-27 21:25:00,0.000000,0.000000
TP15,2026-07-27 21:30:00,0.000000,0.000000
TP15,2026-07-27 21:35:00,0.000000,0.000000
TP15,2026-07-27 21:40:00,0.000000,0.000000
TP15,2026-07-27 21:45:00,0.000000,0.000000
TP15,2026-07-27 21:50:00,0.000000,0.000000
TP15,2026-07-27 21:55:00,0.000000,0.200000
TP15,2026-07-27 22:00:00,0.000000,0.100000
TP15,2026-07-27 22:05:00,0.000000,0.100000
TP15,2026-07-27 22:10:00,0.000000,0.000000
TP15,2026-07-27 22:15:00,0.000000,0.000000
TP15,2026-07-27 22:20:00,0.000000,0.100000
TP15,2026-07-27 22:25:00,0.000000,0.100000
TP15,2026-07-27 22:30:00,0.000000,0.100000
TP15,2026-07-27 22:35:00,0.000000,0.000000
TP15,2026-07-27 22:40:00,0.000000,0.200000
TP15,2026-07-27 22:45:00,0.000000,0.100000
TP15,2026-07-27 22:50:00,0.000000,0.100000
TP15,2026-07-27 22:55:00,0.000000,0.100000
TP15,2026-07-27 23:00:00,0.000000,0.200000
TP15,2026-07-27 23:05:00,0.000000,0.200000
TP15,2026-07-27 23:10:00,0.000000,0.200000
TP15,2026-07-27 23:15:00,0.000000,0.300000
TP15,2026-07-27 23:20:00,0.000000,0.300000
TP15,2026-07-27 23:25:00,0.000000,0.100000
TP15,2026-07-27 23:30:00,0.000000,0.200000
TP15,2026-07-27 23:35:00,0.000000,0.200000
TP15,2026-07-27 23:40:00,0.000000,0.200000
TP15,2026-07-27 23:45:00,0.000000,0.200000
TP15,2026-07-27 23:50:00,0.000000,0.100000
TP15,2026-07-27 23:55:00,0.000000,0.200000
TP15,2026-07-28 00:00:00,0.000000,0.200000
TP15,2026-07-28 00:05:00,0.000000,0.200000
TP15,2026-07-28 00:10:00,0.000000,0.200000
TP15,2026-07-28 00:15:00,0.000000,0.300000
TP15,2026-07-28 00:20:00,0.000000,0.200000
TP15,2026-07-28 00:25:00,0.000000,0.200000
TP15,2026-07-28 00:30:00,0.000000,0.200000
TP15,2026-07-28 00:35:00,0.000000,0.200000
TP15,2026-07-28 00:40:00,0.000000,0.200000
TP15,2026-07-28 00:45:00,0.000000,0.200000
TP15,2026-07-28 00:50:00,0.000000,0.200000
TP15,2026-07-28 00:55:00,0.000000,0.200000
TP15,2026-07-28 01:00:00,0.000000,0.200000
TP15,2026-07-28 01:05:00,0.000000,0.200000
TP15,2026-07-28 01:10:00,0.000000,0.200000
TP15,2026-07-28 01:15:00,0.000000,0.200000
TP15,2026-07-28 01:20:00,0.000000,0.200000
TP15,2026-07-28 01:25:00,0.000000,0.100000
TP15,2026-07-28 01:30:00,0.000000,0.200000
TP15,2026-07-28 01:35:00,0.000000,0.200000
TP15,2026-07-28 01:40:00,0.000000,0.200000
TP15,2026-07-28 01:45:00,0.000000,0.200000
TP15,2026-07-28 01:50:00,0.000000,0.200000
TP15,2026-07-28 01:55:00,0.000000,0.200000
TP15,2026-07-28 02:00:00,0.000000,0.100000
TP15,2026-07-28 02:05:00,0.000000,0.100000
TP15,2026-07-28 02:10:00,0.000000,0.200000
TP15,2026-07-28 02:15:00,0.000000,0.200000
TP15,2026-07-28 02:20:00,0.000000,0.100000
TP15,2026-07-28 02:25:00,0.000000,0.200000
TP15,2026-07-28 02:30:00,0.000000,0.200000
TP15,2026-07-28 02:35:00,0.000000,0.100000
TP15,2026-07-28 02:40:00,0.000000,0.200000
TP15,2026-07-28 02:45:00,0.000000,0.100000
TP15,2026-07-28 02:50:00,0.000000,0.200000
TP15,2026-07-28 02:55:00,0.000000,0.200000
TP15,2026-07-28 03:00:00,0.000000,0.100000
TP15,2026-07-28 03:05:00,0.000000,0.100000
TP15,2026-07-28 03:10:00,0.000000,0.100000
TP15,2026-07-28 03:15:00,0.000000,0.100000
TP15,2026-07-28 03:20:00,0.000000,0.100000
TP15,2026-07-28 03:25:00,0.000000,0.400000
TP15,2026-07-28 03:30:00,0.000000,0.200000
TP15,2026-07-28 03:35:00,0.000000,0.200000
TP15,2026-07-28 03:40:00,0.000000,0.200000
TP15,2026-07-28 03:45:00,0.000000,0.200000
TP15,2026-07-28 03:50:00,0.000000,0.100000
TP15,2026-07-28 03:55:00,0.000000,0.100000
TP15,2026-07-28 04:00:00,0.000000,0.100000
TP15,2026-07-28 04:05:00,0.000000,0.100000
TP15,2026-07-28 04:10:00,0.000000,0.100000
TP15,2026-07-28 04:15:00,0.000000,0.100000
TP15,2026-07-28 04:20:00,0.000000,0.000000
TP15,2026-07-28 04:25:00,0.000000,0.000000
TP15,2026-07-28 04:30:00,0.000000,0.100000
TP15,2026-07-28 04:35:00,0.000000,0.100000
TP15,2026-07-28 04:40:00,0.000000,0.000000
TP15,2026-07-28 04:45:00,0.000000,0.000000
TP15,2026-07-28 04:50:00,0.000000,0.000000
TP15,2026-07-28 04:55:00,0.000000,0.000000
TP15,2026-07-28 05:00:00,0.000000,0.000000
TP15,2026-07-28 05:05:00,0.000000,0.000000
TP15,2026-07-28 05:10:00,0.000000,0.000000
TP15,2026-07-28 05:15:00,0.000000,0.000000
TP15,2026-07-28 05:20:00,0.000000,0.000000
TP15,2026-07-28 05:25:00,0.000000,-0.100000
TP15,2026-07-28 05:30:00,0.000000,0.000000
TP15,2026-07-28 05:35:00,0.000000,0.000000
TP15,2026-07-28 05:40:00,0.000000,0.000000
TP15,2026-07-28 05:45:00,0.000000,0.000000
TP15,2026-07-28 05:50:00,0.000000,0.000000
TP15,2026-07-28 05:55:00,0.000000,-0.100000
TP15,2026-07-28 06:00:00,0.000000,0.000000
TP15,2026-07-28 06:05:00,0.000000,0.000000
TP15,2026-07-28 06:10:00,0.000000,-0.100000
TP15,2026-07-28 06:15:00,0.000000,-0.100000
TP15,2026-07-28 06:20:00,0.000000,-0.100000
TP15,2026-07-28 06:25:00,0.000000,-0.100000
TP15,2026-07-28 06:30:00,0.000000,-0.100000
TP15,2026-07-28 06:35:00,0.000000,0.100000
TP15,2026-07-28 06:40:00,0.000000,0.200000
TP15,2026-07-28 06:45:00,0.000000,0.600000
TP15,2026-07-28 06:50:00,0.916667,0.100000
TP15,2026-07-28 06:55:00,1.833333,0.000000
TP15,2026-07-28 07:00:00,2.750000,0.000000
TP15,2026-07-28 07:05:00,3.666667,0.200000
TP15,2026-07-28 07:10:00,4.583333,0.100000
TP15,2026-07-28 07:15:00,5.500000,0.100000
TP15,2026-07-28 07:20:00,6.416667,0.700000
TP15,2026-07-28 07:25:00,7.333333,1.200000
TP15,2026-07-28 07:30:00,8.250000,12.000000
TP15,2026-07-28 07:35:00,9.166667,11.300000
TP15,2026-07-28 07:40:00,10.083333,17.400000
TP15,2026-07-28 07:45:00,11.000000,10.000000
TP15,2026-07-28 07:50:00,11.666667,3.200000
TP15,2026-07-28 07:55:00,12.333333,0.400000
TP15,2026-07-28 08:00:00,13.000000,0.200000
TP15,2026-07-28 08:05:00,13.666667,0.600000
TP15,2026-07-28 08:10:00,14.333333,0.100000
TP15,2026-07-28 08:15:00,15.000000,0.000000
TP15,2026-07-28 08:20:00,15.666667,0.000000
TP15,2026-07-28 08:25:00,16.333333,-0.100000
TP15,2026-07-28 08:30:00,17.000000,-0.100000
TP15,2026-07-28 08:35:00,17.666667,0.000000
TP15,2026-07-28 08:40:00,18.333333,0.800000
TP15,2026-07-28 08:45:00,19.000000,0.700000
TP15,2026-07-28 08:50:00,18.833333,1.700000
TP15,2026-07-28 08:55:00,18.666667,1.200000
TP15,2026-07-28 09:00:00,18.500000,2.100000
TP15,2026-07-28 09:05:00,18.333333,4.200000
TP15,2026-07-28 09:10:00,18.166667,1.700000
TP15,2026-07-28 09:15:00,18.000000,2.800000
TP15,2026-07-28 09:20:00,17.833333,1.300000
TP15,2026-07-28 09:25:00,17.666667,1.900000
TP15,2026-07-28 09:30:00,17.500000,3.800000
TP15,2026-07-28 09:35:00,17.333333,10.200000
TP15,2026-07-28 09:40:00,17.166667,8.300000
TP15,2026-07-28 09:45:00,17.000000,2.500000
TP15,2026-07-28 09:50:00,16.250000,2.000000
TP15,2026-07-28 09:55:00,15.500000,3.000000
TP15,2026-07-28 10:00:00,14.750000,2.500000
TP15,2026-07-28 10:05:00,14.000000,2.200000
TP15,2026-07-28 10:10:00,13.250000,2.000000
TP15,2026-07-28 10:15:00,12.500000,0.500000
TP15,2026-07-28 10:20:00,11.750000,0.400000
TP15,2026-07-28 10:25:00,11.000000,0.500000
TP15,2026-07-28 10:30:00,10.250000,0.500000
TP15,2026-07-28 10:35:00,9.500000,0.300000
TP15,2026-07-28 10:40:00,8.750000,-0.100000
TP15,2026-07-28 10:45:00,8.000000,-0.200000
TP15,2026-07-28 10:50:00,7.333333,-0.200000
TP15,2026-07-28 10:55:00,6.666667,-0.200000
TP15,2026-07-28 11:00:00,6.000000,-0.300000
TP15,2026-07-28 11:05:00,5.333333,-0.200000
TP15,2026-07-28 11:10:00,4.666667,-0.300000
TP15,2026-07-28 11:15:00,4.000000,-0.200000
TP15,2026-07-28 11:20:00,3.333333,-0.200000
TP15,2026-07-28 11:25:00,2.666667,-0.300000
TP15,2026-07-28 11:30:00,2.000000,-0.100000
TP15,2026-07-28 11:35:00,1.333333,-0.200000
TP15,2026-07-28 11:40:00,0.666667,-0.200000
TP15,2026-07-28 11:45:00,0.000000,-0.100000
TP15,2026-07-28 11:50:00,0.000000,0.300000
TP15,2026-07-28 11:55:00,0.000000,0.800000
TP15,2026-07-28 12:00:00,0.000000,1.500000
TP15,2026-07-28 12:05:00,0.000000,1.300000
TP15,2026-07-28 12:10:00,0.000000,0.200000
TP15,2026-07-28 12:15:00,0.000000,0.100000
TP15,2026-07-28 12:20:00,0.000000,0.200000
TP15,2026-07-28 12:25:00,0.000000,0.300000
TP15,2026-07-28 12:30:00,0.000000,0.100000
TP15,2026-07-28 12:35:00,0.000000,0.500000
TP15,2026-07-28 12:40:00,0.000000,1.000000
TP15,2026-07-28 12:45:00,0.000000,0.400000
TP15,2026-07-28 12:50:00,0.083333,0.400000
TP15,2026-07-28 12:55:00,0.166667,1.400000
TP15,2026-07-28 13:00:00,0.250000,2.100000
TP15,2026-07-28 13:05:00,0.333333,5.800000
TP15,2026-07-28 13:10:00,0.416667,0.200000
TP15,2026-07-28 13:15:00,0.500000,0.000000
TP15,2026-07-28 13:20:00,0.583333,0.100000
TP15,2026-07-28 13:25:00,0.666667,0.100000
TP15,2026-07-28 13:30:00,0.750000,0.200000
TP15,2026-07-28 13:35:00,0.833333,0.200000
TP15,2026-07-28 13:40:00,0.916667,0.100000
TP15,2026-07-28 13:45:00,1.000000,0.100000
TP15,2026-07-28 13:50:00,0.916667,0.100000
TP15,2026-07-28 13:55:00,0.833333,0.200000
TP15,2026-07-28 14:00:00,0.750000,0.100000
TP15,2026-07-28 14:05:00,0.666667,0.200000
TP15,2026-07-28 14:10:00,0.583333,0.200000
TP15,2026-07-28 14:15:00,0.500000,0.300000
TP15,2026-07-28 14:20:00,0.416667,0.400000
TP15,2026-07-28 14:25:00,0.333333,0.400000
TP15,2026-07-28 14:30:00,0.250000,0.500000
TP15,2026-07-28 14:35:00,0.166667,0.500000
TP15,2026-07-28 14:40:00,0.083333,0.500000
TP15,2026-07-28 14:45:00,0.000000,0.400000
TP15,2026-07-28 14:50:00,0.000000,0.300000
TP15,2026-07-28 14:55:00,0.000000,0.300000
TP15,2026-07-28 15:00:00,0.000000,0.200000
TP15,2026-07-28 15:05:00,0.000000,0.100000
TP15,2026-07-28 15:10:00,0.000000,0.200000
TP15,2026-07-28 15:15:00,0.000000,0.200000
TP15,2026-07-28 15:20:00,0.000000,0.200000
TP15,2026-07-28 15:25:00,0.000000,0.300000
TP15,2026-07-28 15:30:00,0.000000,0.300000
TP15,2026-07-28 15:35:00,0.000000,0.100000
TP15,2026-07-28 15:40:00,0.000000,0.100000
TP15,2026-07-28 15:45:00,0.000000,0.100000
TP15,2026-07-28 15:50:00,0.000000,0.200000
TP15,2026-07-28 15:55:00,0.000000,0.300000
TP15,2026-07-28 16:00:00,0.000000,0.300000
TP15,2026-07-28 16:05:00,0.000000,0.100000
TP15,2026-07-28 16:10:00,0.000000,0.200000
TP15,2026-07-28 16:15:00,0.000000,0.100000
TP15,2026-07-28 16:20:00,0.000000,0.200000
TP15,2026-07-28 16:25:00,0.000000,0.200000
TP15,2026-07-28 16:30:00,0.000000,0.200000
TP15,2026-07-28 16:35:00,0.000000,0.200000
TP15,2026-07-28 16:40:00,0.000000,0.200000
TP15,2026-07-28 16:45:00,0.000000,0.200000
TP15,2026-07-28 16:50:00,0.000000,0.200000
TP15,2026-07-28 16:55:00,0.000000,0.100000
TP15,2026-07-28 17:00:00,0.000000,0.100000
TP15,2026-07-28 17:05:00,0.000000,0.100000
TP15,2026-07-28 17:10:00,0.000000,0.200000
TP15,2026-07-28 17:15:00,0.000000,0.200000
TP15,2026-07-28 17:20:00,0.000000,0.100000
TP15,2026-07-28 17:25:00,0.000000,0.100000
TP15,2026-07-28 17:30:00,0.000000,0.100000
TP15,2026-07-28 17:35:00,0.000000,0.000000
TP15,2026-07-28 17:40:00,0.000000,0.000000
TP15,2026-07-28 17:45:00,0.000000,0.000000
TP15,2026-07-28 17:50:00,0.000000,0.100000
TP15,2026-07-28 17:55:00,0.000000,0.000000
TP15,2026-07-28 18:00:00,0.000000,0.100000
TP15,2026-07-28 18:05:00,0.000000,0.100000
TP15,2026-07-28 18:10:00,0.000000,0.100000
TP15,2026-07-28 18:15:00,0.000000,0.000000
TP15,2026-07-28 18:20:00,0.000000,0.000000
TP15,2026-07-28 18:25:00,0.000000,0.100000
TP15,2026-07-28 18:30:00,0.000000,0.100000
TP15,2026-07-28 18:35:00,0.000000,0.100000
TP15,2026-07-28 18:40:00,0.000000,0.100000
TP15,2026-07-28 18:45:00,0.000000,0.100000
TP15,2026-07-28 18:50:00,0.083333,1.900000
TP15,2026-07-28 18:55:00,0.166667,1.400000
TP15,2026-07-28 19:00:00,0.250000,0.000000
TP15,2026-07-28 19:05:00,0.333333,-0.100000
TP15,2026-07-28 19:10:00,0.416667,-0.100000
TP15,2026-07-28 19:15:00,0.500000,0.000000
TP15,2026-07-28 19:20:00,0.583333,-0.100000
TP15,2026-07-28 19:25:00,0.666667,-0.100000
TP15,2026-07-28 19:30:00,0.750000,-0.100000
TP15,2026-07-28 19:35:00,0.833333,-0.100000
TP15,2026-07-28 19:40:00,0.916667,-0.100000
TP15,2026-07-28 19:45:00,1.000000,-0.100000
TP15,2026-07-28 19:50:00,0.916667,-0.100000
TP15,2026-07-28 19:55:00,0.833333,-0.200000
TP15,2026-07-28 20:00:00,0.750000,-0.100000
TP15,2026-07-28 20:05:00,0.666667,-0.100000
TP15,2026-07-28 20:10:00,0.583333,0.000000
TP15,2026-07-28 20:15:00,0.500000,-0.100000
TP15,2026-07-28 20:20:00,0.416667,-0.100000
TP15,2026-07-28 20:25:00,0.333333,0.000000
TP15,2026-07-28 20:30:00,0.250000,-0.100000
TP15,2026-07-28 20:35:00,0.166667,-0.100000
TP15,2026-07-28 20:40:00,0.083333,0.000000
TP15,2026-07-28 20:45:00,0.000000,0.000000
TP15,2026-07-28 20:50:00,0.000000,0.400000
TP15,2026-07-28 20:55:00,0.000000,0.400000
TP15,2026-07-28 21:00:00,0.000000,0.100000
TP15,2026-07-28 21:05:00,0.000000,0.000000
TP15,2026-07-28 21:10:00,0.000000,0.000000
TP15,2026-07-28 21:15:00,0.000000,0.000000
TP15,2026-07-28 21:20:00,0.000000,-0.100000
TP15,2026-07-28 21:25:00,0.000000,-0.100000
TP15,2026-07-28 21:30:00,0.000000,-0.100000
TP15,2026-07-28 21:35:00,0.000000,-0.100000
TP15,2026-07-28 21:40:00,0.000000,0.000000
TP15,2026-07-28 21:45:00,0.000000,0.100000
TP15,2026-07-28 21:50:00,0.000000,-0.100000
TP15,2026-07-28 21:55:00,0.000000,-0.100000
TP15,2026-07-28 22:00:00,0.000000,0.000000
TP15,2026-07-28 22:05:00,0.000000,0.000000
TP15,2026-07-28 22:10:00,0.000000,0.000000
TP15,2026-07-28 22:15:00,0.000000,0.200000
TP15,2026-07-28 22:20:00,0.000000,0.300000
TP15,2026-07-28 22:25:00,0.000000,0.700000
TP15,2026-07-28 22:30:00,0.000000,0.700000
TP15,2026-07-28 22:35:00,0.000000,0.300000
TP15,2026-07-28 22:40:00,0.000000,0.400000
TP15,2026-07-28 22:45:00,0.000000,0.500000
TP15,2026-07-28 22:50:00,0.000000,1.500000
TP15,2026-07-28 22:55:00,0.000000,1.000000
TP15,2026-07-28 23:00:00,0.000000,0.300000
TP15,2026-07-28 23:05:00,0.000000,0.200000
TP15,2026-07-28 23:10:00,0.000000,0.000000
TP15,2026-07-28 23:15:00,0.000000,0.000000
TP15,2026-07-28 23:20:00,0.000000,0.000000
TP15,2026-07-28 23:25:00,0.000000,0.100000
TP15,2026-07-28 23:30:00,0.000000,0.100000
TP15,2026-07-28 23:35:00,0.000000,0.000000
TP15,2026-07-28 23:40:00,0.000000,0.100000
TP15,2026-07-28 23:45:00,0.000000,0.100000
TP15,2026-07-28 23:50:00,0.000000,0.100000
TP15,2026-07-28 23:55:00,0.000000,0.100000
TP15,2026-07-29 00:00:00,0.000000,0.100000
TP15,2026-07-29 00:05:00,0.000000,0.000000
TP15,2026-07-29 00:10:00,0.000000,0.100000
TP15,2026-07-29 00:15:00,0.000000,0.200000
TP15,2026-07-29 00:20:00,0.000000,0.300000
TP15,2026-07-29 00:25:00,0.000000,0.100000
TP15,2026-07-29 00:30:00,0.000000,0.300000
TP15,2026-07-29 00:35:00,0.000000,0.200000
TP15,2026-07-29 00:40:00,0.000000,0.300000
TP15,2026-07-29 00:45:00,0.000000,0.100000
TP15,2026-07-29 00:50:00,0.166667,0.300000
TP15,2026-07-29 00:55:00,0.333333,0.300000
TP15,2026-07-29 01:00:00,0.500000,0.500000
TP15,2026-07-29 01:05:00,0.666667,0.300000
TP15,2026-07-29 01:10:00,0.833333,0.200000
TP15,2026-07-29 01:15:00,1.000000,0.200000
TP15,2026-07-29 01:20:00,1.166667,3.400000
TP15,2026-07-29 01:25:00,1.333333,3.600000
TP15,2026-07-29 01:30:00,1.500000,0.500000
TP15,2026-07-29 01:35:00,1.666667,0.100000
TP15,2026-07-29 01:40:00,1.833333,0.200000
TP15,2026-07-29 01:45:00,2.000000,0.100000
TP15,2026-07-29 01:50:00,1.833333,0.200000
TP15,2026-07-29 01:55:00,1.666667,0.200000
TP15,2026-07-29 02:00:00,1.500000,0.200000
TP15,2026-07-29 02:05:00,1.333333,0.300000
TP15,2026-07-29 02:10:00,1.166667,0.100000
TP15,2026-07-29 02:15:00,1.000000,0.200000
TP15,2026-07-29 02:20:00,0.833333,0.300000
TP15,2026-07-29 02:25:00,0.666667,0.100000
TP15,2026-07-29 02:30:00,0.500000,0.500000
TP15,2026-07-29 02:35:00,0.333333,0.500000
TP15,2026-07-29 02:40:00,0.166667,0.300000
TP15,2026-07-29 02:45:00,0.000000,0.200000
TP15,2026-07-29 02:50:00,0.000000,0.100000
TP15,2026-07-29 02:55:00,0.000000,0.100000
TP15,2026-07-29 03:00:00,0.000000,0.200000
TP15,2026-07-29 03:05:00,0.000000,0.300000
TP15,2026-07-29 03:10:00,0.000000,0.100000
TP15,2026-07-29 03:15:00,0.000000,0.100000
TP15,2026-07-29 03:20:00,0.000000,0.200000
TP15,2026-07-29 03:25:00,0.000000,0.100000
TP15,2026-07-29 03:30:00,0.000000,0.100000
TP15,2026-07-29 03:35:00,0.000000,0.100000
TP15,2026-07-29 03:40:00,0.000000,0.300000
TP15,2026-07-29 03:45:00,0.000000,0.700000
TP15,2026-07-29 03:50:00,0.916667,7.000000
TP15,2026-07-29 03:55:00,1.833333,13.300000
TP15,2026-07-29 04:00:00,2.750000,15.500000
TP15,2026-07-29 04:05:00,3.666667,0.400000
TP15,2026-07-29 04:10:00,4.583333,0.100000
TP15,2026-07-29 04:15:00,5.500000,0.100000
TP15,2026-07-29 04:20:00,6.416667,0.300000
TP15,2026-07-29 04:25:00,7.333333,0.100000
TP15,2026-07-29 04:30:00,8.250000,0.000000
TP15,2026-07-29 04:35:00,9.166667,0.300000
TP15,2026-07-29 04:40:00,10.083333,0.300000
TP15,2026-07-29 04:45:00,11.000000,0.200000
TP15,2026-07-29 04:50:00,10.166667,0.000000
TP15,2026-07-29 04:55:00,9.333333,0.000000
TP15,2026-07-29 05:00:00,8.500000,0.100000
TP15,2026-07-29 05:05:00,7.666667,0.100000
TP15,2026-07-29 05:10:00,6.833333,0.100000
TP15,2026-07-29 05:15:00,6.000000,0.200000
TP15,2026-07-29 05:20:00,5.166667,0.600000
TP15,2026-07-29 05:25:00,4.333333,0.600000
TP15,2026-07-29 05:30:00,3.500000,0.900000
TP15,2026-07-29 05:35:00,2.666667,0.700000
TP15,2026-07-29 05:40:00,1.833333,0.700000
TP15,2026-07-29 05:45:00,1.000000,2.800000
TP15,2026-07-29 05:50:00,1.833333,4.200000
TP15,2026-07-29 05:55:00,2.666667,1.200000
TP15,2026-07-29 06:00:00,3.500000,5.500000
TP15,2026-07-29 06:05:00,4.333333,2.000000
TP15,2026-07-29 06:10:00,5.166667,5.400000
TP15,2026-07-29 06:15:00,6.000000,4.300000
TP15,2026-07-29 06:20:00,6.833333,3.600000
TP15,2026-07-29 06:25:00,7.666667,3.700000
TP15,2026-07-29 06:30:00,8.500000,1.000000
TP15,2026-07-29 06:35:00,9.333333,0.500000
TP15,2026-07-29 06:40:00,10.166667,0.500000
TP15,2026-07-29 06:45:00,11.000000,0.400000
TP15,2026-07-29 06:50:00,10.333333,1.100000
TP15,2026-07-29 06:55:00,9.666667,1.100000
TP15,2026-07-29 07:00:00,9.000000,0.600000
TP15,2026-07-29 07:05:00,8.333333,0.600000
TP15,2026-07-29 07:10:00,7.666667,0.800000
TP15,2026-07-29 07:15:00,7.000000,0.800000
TP15,2026-07-29 07:20:00,6.333333,0.800000
TP15,2026-07-29 07:25:00,5.666667,0.900000
TP15,2026-07-29 07:30:00,5.000000,0.500000
TP15,2026-07-29 07:35:00,4.333333,0.400000
TP15,2026-07-29 07:40:00,3.666667,0.300000
TP15,2026-07-29 07:45:00,3.000000,0.100000
TP15,2026-07-29 07:50:00,2.833333,0.300000
TP15,2026-07-29 07:55:00,2.666667,0.300000
TP15,2026-07-29 08:00:00,2.500000,0.500000
TP15,2026-07-29 08:05:00,2.333333,0.300000
TP15,2026-07-29 08:10:00,2.166667,0.400000
TP15,2026-07-29 08:15:00,2.000000,0.500000
TP15,2026-07-29 08:20:00,1.833333,0.900000
TP15,2026-07-29 08:25:00,1.666667,0.800000
TP15,2026-07-29 08:30:00,1.500000,0.300000
TP15,2026-07-29 08:35:00,1.333333,0.200000
TP15,2026-07-29 08:40:00,1.166667,0.100000
TP15,2026-07-29 08:45:00,1.000000,0.100000
TP15,2026-07-29 08:50:00,1.000000,0.000000
TP15,2026-07-29 08:55:00,1.000000,0.300000
TP15,2026-07-29 09:00:00,1.000000,0.200000
TP15,2026-07-29 09:05:00,1.000000,0.100000
TP15,2026-07-29 09:10:00,1.000000,0.100000
TP15,2026-07-29 09:15:00,1.000000,0.200000
TP15,2026-07-29 09:20:00,1.000000,0.300000
TP15,2026-07-29 09:25:00,1.000000,0.800000
TP15,2026-07-29 09:30:00,1.000000,0.900000
TP15,2026-07-29 09:35:00,1.000000,1.000000
TP15,2026-07-29 09:40:00,1.000000,0.900000
TP15,2026-07-29 09:45:00,1.000000,0.900000
TP15,2026-07-29 09:50:00,1.166667,0.700000
TP15,2026-07-29 09:55:00,1.333333,0.700000
TP15,2026-07-29 10:00:00,1.500000,0.700000
TP15,2026-07-29 10:05:00,1.666667,0.400000
TP15,2026-07-29 10:10:00,1.833333,0.400000
TP15,2026-07-29 10:15:00,2.000000,0.300000
TP15,2026-07-29 10:20:00,2.166667,0.500000
TP15,2026-07-29 10:25:00,2.333333,0.900000
TP15,2026-07-29 10:30:00,2.500000,0.900000
TP15,2026-07-29 10:35:00,2.666667,0.600000
TP15,2026-07-29 10:40:00,2.833333,0.800000
TP15,2026-07-29 10:45:00,3.000000,0.700000
TP15,2026-07-29 10:50:00,2.916667,0.800000
TP15,2026-07-29 10:55:00,2.833333,0.600000
TP15,2026-07-29 11:00:00,2.750000,0.800000
TP15,2026-07-29 11:05:00,2.666667,0.500000
TP15,2026-07-29 11:10:00,2.583333,0.400000
TP15,2026-07-29 11:15:00,2.500000,0.500000
TP15,2026-07-29 11:20:00,2.416667,0.500000
TP15,2026-07-29 11:25:00,2.333333,0.600000
TP15,2026-07-29 11:30:00,2.250000,0.300000
TP15,2026-07-29 11:35:00,2.166667,0.200000
TP15,2026-07-29 11:40:00,2.083333,0.300000
TP15,2026-07-29 11:45:00,2.000000,0.300000
TP15,2026-07-29 11:50:00,1.833333,0.300000
TP15,2026-07-29 11:55:00,1.666667,0.300000
TP15,2026-07-29 12:00:00,1.500000,0.300000
TP15,2026-07-29 12:05:00,1.333333,0.200000
TP15,2026-07-29 12:10:00,1.166667,0.100000
TP15,2026-07-29 12:15:00,1.000000,0.400000
TP15,2026-07-29 12:20:00,0.833333,0.300000
TP15,2026-07-29 12:25:00,0.666667,0.300000
TP15,2026-07-29 12:30:00,0.500000,0.300000
TP15,2026-07-29 12:35:00,0.333333,0.300000
TP15,2026-07-29 12:40:00,0.166667,0.400000
TP15,2026-07-29 12:45:00,0.000000,0.400000
TP15,2026-07-29 12:50:00,0.000000,0.700000
TP15,2026-07-29 12:55:00,0.000000,0.200000
TP15,2026-07-29 13:00:00,0.000000,0.400000
TP15,2026-07-29 13:05:00,0.000000,0.200000
TP15,2026-07-29 13:10:00,0.000000,0.400000
TP15,2026-07-29 13:15:00,0.000000,0.200000
TP15,2026-07-29 13:20:00,0.000000,0.200000
TP15,2026-07-29 13:25:00,0.000000,0.200000
TP15,2026-07-29 13:30:00,0.000000,0.200000
TP15,2026-07-29 13:35:00,0.000000,0.200000
TP15,2026-07-29 13:40:00,0.000000,0.200000
TP15,2026-07-29 13:45:00,0.000000,0.200000
TP15,2026-07-29 13:50:00,0.000000,0.200000
TP15,2026-07-29 13:55:00,0.000000,0.200000
TP15,2026-07-29 14:00:00,0.000000,0.200000
TP15,2026-07-29 14:05:00,0.000000,0.200000
TP15,2026-07-29 14:10:00,0.000000,0.300000
TP15,2026-07-29 14:15:00,0.000000,0.200000
TP15,2026-07-29 14:20:00,0.000000,0.200000
TP15,2026-07-29 14:25:00,0.000000,0.200000
TP15,2026-07-29 14:30:00,0.000000,0.200000
TP15,2026-07-29 14:35:00,0.000000,0.200000
TP15,2026-07-29 14:40:00,0.000000,0.200000
TP15,2026-07-29 14:45:00,0.000000,0.300000
TP15,2026-07-29 14:50:00,0.000000,0.200000
TP15,2026-07-29 14:55:00,0.000000,0.200000
TP15,2026-07-29 15:00:00,0.000000,0.100000
TP15,2026-07-29 15:05:00,0.000000,0.100000
TP15,2026-07-29 15:10:00,0.000000,0.300000
TP15,2026-07-29 15:15:00,0.000000,0.200000
TP15,2026-07-29 15:20:00,0.000000,0.100000
TP15,2026-07-29 15:25:00,0.000000,0.500000
TP15,2026-07-29 15:30:00,0.000000,0.900000
TP15,2026-07-29 15:35:00,0.000000,0.200000
TP15,2026-07-29 15:40:00,0.000000,0.300000
TP15,2026-07-29 15:45:00,0.000000,0.200000
TP15,2026-07-29 15:50:00,0.000000,0.300000
TP15,2026-07-29 15:55:00,0.000000,0.200000
TP15,2026-07-29 16:00:00,0.000000,0.200000
TP15,2026-07-29 16:05:00,0.000000,0.400000
TP15,2026-07-29 16:10:00,0.000000,0.100000
TP15,2026-07-29 16:15:00,0.000000,0.200000
TP15,2026-07-29 16:20:00,0.000000,0.200000
TP15,2026-07-29 16:25:00,0.000000,0.100000
TP15,2026-07-29 16:30:00,0.000000,0.100000
TP15,2026-07-29 16:35:00,0.000000,0.100000
TP15,2026-07-29 16:40:00,0.000000,0.200000
TP15,2026-07-29 16:45:00,0.000000,0.200000
TP15,2026-07-29 16:50:00,0.000000,0.100000
TP15,2026-07-29 16:55:00,0.000000,0.100000
TP15,2026-07-29 17:00:00,0.000000,0.000000
TP15,2026-07-29 17:05:00,0.000000,0.000000
TP15,2026-07-29 17:10:00,0.000000,0.000000
TP15,2026-07-29 17:15:00,0.000000,0.200000
TP15,2026-07-29 17:20:00,0.000000,5.700000
TP15,2026-07-29 17:25:00,0.000000,1.500000
TP15,2026-07-29 17:30:00,0.000000,1.000000
TP15,2026-07-29 17:35:00,0.000000,0.300000
TP15,2026-07-29 17:40:00,0.000000,0.200000
TP15,2026-07-29 17:45:00,0.000000,0.100000
TP15,2026-07-29 17:50:00,0.000000,0.000000
TP15,2026-07-29 17:55:00,0.000000,0.400000
TP15,2026-07-29 18:00:00,0.000000,-0.100000
TP15,2026-07-29 18:05:00,0.000000,0.000000
TP15,2026-07-29 18:10:00,0.000000,0.000000
TP15,2026-07-29 18:15:00,0.000000,0.100000
TP15,2026-07-29 18:20:00,0.000000,0.200000
TP15,2026-07-29 18:25:00,0.000000,0.000000
TP15,2026-07-29 18:30:00,0.000000,0.100000
TP15,2026-07-29 18:35:00,0.000000,0.400000
TP15,2026-07-29 18:40:00,0.000000,0.000000
TP15,2026-07-29 18:45:00,0.000000,0.000000
TP15,2026-07-29 18:50:00,0.000000,-0.100000
TP15,2026-07-29 18:55:00,0.000000,0.100000
TP15,2026-07-29 19:00:00,0.000000,-0.100000
TP15,2026-07-29 19:05:00,0.000000,0.100000
TP15,2026-07-29 19:10:00,0.000000,0.000000
TP15,2026-07-29 19:15:00,0.000000,0.100000
TP15,2026-07-29 19:20:00,0.000000,0.200000
TP15,2026-07-29 19:25:00,0.000000,0.400000
TP15,2026-07-29 19:30:00,0.000000,0.300000
TP15,2026-07-29 19:35:00,0.000000,0.700000
TP15,2026-07-29 19:40:00,0.000000,1.100000
TP15,2026-07-29 19:45:00,0.000000,2.400000
TP15,2026-07-29 19:50:00,0.000000,1.700000
TP15,2026-07-29 19:55:00,0.000000,0.800000
TP15,2026-07-29 20:00:00,0.000000,0.400000
TP15,2026-07-29 20:05:00,0.000000,0.100000
TP15,2026-07-29 20:10:00,0.000000,0.100000
TP15,2026-07-29 20:15:00,0.000000,0.100000
TP15,2026-07-29 20:20:00,0.000000,1.100000
TP15,2026-07-29 20:25:00,0.000000,0.200000
TP15,2026-07-29 20:30:00,0.000000,0.300000
TP15,2026-07-29 20:35:00,0.000000,0.100000
TP15,2026-07-29 20:40:00,0.000000,0.100000
TP15,2026-07-29 20:45:00,0.000000,0.100000
TP15,2026-07-29 20:50:00,0.000000,0.000000
TP15,2026-07-29 20:55:00,0.000000,0.100000
TP15,2026-07-29 21:00:00,0.000000,0.100000
TP15,2026-07-29 21:05:00,0.000000,0.100000
TP15,2026-07-29 21:10:00,0.000000,0.000000
TP15,2026-07-29 21:15:00,0.000000,0.200000
TP15,2026-07-29 21:20:00,0.000000,0.000000
TP15,2026-07-29 21:25:00,0.000000,0.000000
TP15,2026-07-29 21:30:00,0.000000,0.100000
TP15,2026-07-29 21:35:00,0.000000,0.000000
TP15,2026-07-29 21:40:00,0.000000,0.100000
TP15,2026-07-29 21:45:00,0.000000,0.100000
TP15,2026-07-29 21:50:00,0.000000,0.100000
TP15,2026-07-29 21:55:00,0.000000,0.200000
TP15,2026-07-29 22:00:00,0.000000,0.100000
TP15,2026-07-29 22:05:00,0.000000,0.200000
TP15,2026-07-29 22:10:00,0.000000,-0.100000
TP15,2026-07-29 22:15:00,0.000000,0.100000
TP15,2026-07-29 22:20:00,0.000000,0.000000
TP15,2026-07-29 22:25:00,0.000000,0.000000
TP15,2026-07-29 22:30:00,0.000000,0.000000
TP15,2026-07-29 22:35:00,0.000000,0.000000
TP15,2026-07-29 22:40:00,0.000000,0.100000
TP15,2026-07-29 22:45:00,0.000000,0.100000
TP15,2026-07-29 22:50:00,0.000000,0.000000
TP15,2026-07-29 22:55:00,0.000000,0.000000
TP15,2026-07-29 23:00:00,0.000000,0.100000
TP15,2026-07-29 23:05:00,0.000000,0.300000
TP15,2026-07-29 23:10:00,0.000000,0.000000
TP15,2026-07-29 23:15:00,0.000000,0.100000
TP15,2026-07-29 23:20:00,0.000000,0.100000
TP15,2026-07-29 23:25:00,0.000000,0.100000
TP15,2026-07-29 23:30:00,0.000000,0.200000
TP15,2026-07-29 23:35:00,0.000000,0.200000
TP15,2026-07-29 23:40:00,0.000000,0.100000
TP15,2026-07-29 23:45:00,0.000000,0.100000
TP15,2026-07-29 23:50:00,0.000000,0.700000
TP15,2026-07-29 23:55:00,0.000000,0.100000
TP15,2026-07-30 00:00:00,0.000000,0.100000
TP15,2026-07-30 00:05:00,0.000000,0.100000
TP15,2026-07-30 00:10:00,0.000000,0.200000
TP15,2026-07-30 00:15:00,0.000000,0.100000
TP15,2026-07-30 00:20:00,0.000000,0.100000
TP15,2026-07-30 00:25:00,0.000000,0.100000
TP15,2026-07-30 00:30:00,0.000000,0.200000
TP15,2026-07-30 00:35:00,0.000000,0.100000
TP15,2026-07-30 00:40:00,0.000000,0.100000
TP15,2026-07-30 00:45:00,0.000000,0.100000
TP15,2026-07-30 00:50:00,0.000000,0.200000
TP15,2026-07-30 00:55:00,0.000000,0.200000
TP15,2026-07-30 01:00:00,0.000000,0.100000
TP15,2026-07-30 01:05:00,0.000000,0.200000
TP15,2026-07-30 01:10:00,0.000000,0.100000
TP15,2026-07-30 01:15:00,0.000000,0.100000
TP15,2026-07-30 01:20:00,0.000000,0.100000
TP15,2026-07-30 01:25:00,0.000000,0.100000
TP15,2026-07-30 01:30:00,0.000000,0.100000
TP15,2026-07-30 01:35:00,0.000000,0.100000
TP15,2026-07-30 01:40:00,0.000000,0.100000
TP15,2026-07-30 01:45:00,0.000000,0.100000
TP15,2026-07-30 01:50:00,0.000000,0.100000
TP15,2026-07-30 01:55:00,0.000000,0.100000
TP15,2026-07-30 02:00:00,0.000000,0.100000
TP15,2026-07-30 02:05:00,0.000000,0.200000
TP15,2026-07-30 02:10:00,0.000000,0.200000
TP15,2026-07-30 02:15:00,0.000000,0.000000
TP15,2026-07-30 02:20:00,0.000000,0.100000
TP15,2026-07-30 02:25:00,0.000000,0.100000
TP15,2026-07-30 02:30:00,0.000000,0.100000
TP15,2026-07-30 02:35:00,0.000000,0.000000
TP15,2026-07-30 02:40:00,0.000000,0.000000
TP15,2026-07-30 02:45:00,0.000000,0.100000
TP15,2026-07-30 02:50:00,0.000000,0.100000
TP15,2026-07-30 02:55:00,0.000000,0.200000
TP15,2026-07-30 03:00:00,0.000000,0.100000
TP15,2026-07-30 03:05:00,0.000000,0.300000
TP15,2026-07-30 03:10:00,0.000000,0.400000
TP15,2026-07-30 03:15:00,0.000000,0.200000
TP15,2026-07-30 03:20:00,0.000000,0.400000
TP15,2026-07-30 03:25:00,0.000000,0.300000
TP15,2026-07-30 03:30:00,0.000000,0.100000
TP15,2026-07-30 03:35:00,0.000000,0.000000
TP15,2026-07-30 03:40:00,0.000000,0.100000
TP15,2026-07-30 03:45:00,0.000000,0.100000
TP15,2026-07-30 03:50:00,0.000000,0.000000
TP15,2026-07-30 03:55:00,0.000000,0.000000
TP15,2026-07-30 04:00:00,0.000000,0.000000
TP15,2026-07-30 04:05:00,0.000000,0.000000
TP15,2026-07-30 04:10:00,0.000000,0.000000
TP15,2026-07-30 04:15:00,0.000000,0.000000
TP15,2026-07-30 04:20:00,0.000000,0.000000
TP15,2026-07-30 04:25:00,0.000000,0.100000
TP15,2026-07-30 04:30:00,0.000000,-0.100000
TP15,2026-07-30 04:35:00,0.000000,0.100000
TP15,2026-07-30 04:40:00,0.000000,-0.100000
TP15,2026-07-30 04:45:00,0.000000,-0.100000
TP15,2026-07-30 04:50:00,0.000000,0.000000
TP15,2026-07-30 04:55:00,0.000000,0.100000
TP15,2026-07-30 05:00:00,0.000000,-0.100000
TP15,2026-07-30 05:05:00,0.000000,-0.100000
TP15,2026-07-30 05:10:00,0.000000,0.000000
TP15,2026-07-30 05:15:00,0.000000,-0.100000
TP15,2026-07-30 05:20:00,0.000000,-0.100000
TP15,2026-07-30 05:25:00,0.000000,-0.200000
TP15,2026-07-30 05:30:00,0.000000,-0.200000
TP15,2026-07-30 05:35:00,0.000000,-0.100000
TP15,2026-07-30 05:40:00,0.000000,-0.200000
TP15,2026-07-30 05:45:00,0.000000,-0.100000
TP15,2026-07-30 05:50:00,0.000000,-0.200000
TP15,2026-07-30 05:55:00,0.000000,-0.200000
TP15,2026-07-30 06:00:00,0.000000,-0.200000
TP15,2026-07-30 06:05:00,0.000000,-0.100000
TP15,2026-07-30 06:10:00,0.000000,-0.200000
TP15,2026-07-30 06:15:00,0.000000,-0.100000
TP15,2026-07-30 06:20:00,0.000000,-0.100000
TP15,2026-07-30 06:25:00,0.000000,-0.100000
TP15,2026-07-30 06:30:00,0.000000,-0.200000
TP15,2026-07-30 06:35:00,0.000000,-0.100000
TP15,2026-07-30 06:40:00,0.000000,-0.100000
TP15,2026-07-30 06:45:00,0.000000,-0.200000
TP15,2026-07-30 06:50:00,0.000000,-0.100000
TP15,2026-07-30 06:55:00,0.000000,0.000000
TP15,2026-07-30 07:00:00,0.000000,-0.100000
TP15,2026-07-30 07:05:00,0.000000,0.000000
TP15,2026-07-30 07:10:00,0.000000,-0.200000
TP15,2026-07-30 07:15:00,0.000000,0.000000
TP15,2026-07-30 07:20:00,0.000000,-0.100000
TP15,2026-07-30 07:25:00,0.000000,-0.100000
TP15,2026-07-30 07:30:00,0.000000,-0.100000
TP15,2026-07-30 07:35:00,0.000000,-0.100000
TP15,2026-07-30 07:40:00,0.000000,-0.200000
TP15,2026-07-30 07:45:00,0.000000,-0.100000
TP15,2026-07-30 07:50:00,0.000000,-0.100000
TP15,2026-07-30 07:55:00,0.000000,0.000000
TP15,2026-07-30 08:00:00,0.000000,0.000000
TP15,2026-07-30 08:05:00,0.000000,0.000000
TP15,2026-07-30 08:10:00,0.000000,0.000000
TP15,2026-07-30 08:15:00,0.000000,0.000000
TP15,2026-07-30 08:20:00,0.000000,0.000000
TP15,2026-07-30 08:25:00,0.000000,0.000000
TP15,2026-07-30 08:30:00,0.000000,-0.100000
TP15,2026-07-30 08:35:00,0.000000,0.000000
TP15,2026-07-30 08:40:00,0.000000,0.300000
TP15,2026-07-30 08:45:00,0.000000,0.100000
TP15,2026-07-30 08:50:00,0.000000,0.100000
TP15,2026-07-30 08:55:00,0.000000,0.000000
TP15,2026-07-30 09:00:00,0.000000,0.200000
TP15,2026-07-30 09:05:00,0.000000,0.200000
TP15,2026-07-30 09:10:00,0.000000,0.200000
TP15,2026-07-30 09:15:00,0.000000,0.300000
TP15,2026-07-30 09:20:00,0.000000,0.200000
TP15,2026-07-30 09:25:00,0.000000,0.300000
TP15,2026-07-30 09:30:00,0.000000,0.400000
TP15,2026-07-30 09:35:00,0.000000,0.300000
TP15,2026-07-30 09:40:00,0.000000,0.400000
TP15,2026-07-30 09:45:00,0.000000,0.300000
TP15,2026-07-30 09:50:00,0.000000,0.500000
TP15,2026-07-30 09:55:00,0.000000,0.300000
TP15,2026-07-30 10:00:00,0.000000,0.900000
TP15,2026-07-30 10:05:00,0.000000,0.400000
TP15,2026-07-30 10:10:00,0.000000,0.500000
TP15,2026-07-30 10:15:00,0.000000,0.500000
TP15,2026-07-30 10:20:00,0.000000,0.600000
TP15,2026-07-30 10:25:00,0.000000,1.100000
TP15,2026-07-30 10:30:00,0.000000,0.600000
TP15,2026-07-30 10:35:00,0.000000,0.300000
TP15,2026-07-30 10:40:00,0.000000,0.600000
TP15,2026-07-30 10:45:00,0.000000,0.500000
TP15,2026-07-30 10:50:00,0.000000,0.300000
TP15,2026-07-30 10:55:00,0.000000,0.500000
TP15,2026-07-30 11:00:00,0.000000,0.400000
TP15,2026-07-30 11:05:00,0.000000,0.400000
TP15,2026-07-30 11:10:00,0.000000,0.300000
TP15,2026-07-30 11:15:00,0.000000,0.300000
TP15,2026-07-30 11:20:00,0.000000,0.400000
TP15,2026-07-30 11:25:00,0.000000,0.300000
TP15,2026-07-30 11:30:00,0.000000,0.400000
TP15,2026-07-30 11:35:00,0.000000,0.500000
TP15,2026-07-30 11:40:00,0.000000,0.600000
TP15,2026-07-30 11:45:00,0.000000,0.500000
TP15,2026-07-30 11:50:00,0.000000,0.500000
TP15,2026-07-30 11:55:00,0.000000,0.300000
TP15,2026-07-30 12:00:00,0.000000,0.800000
TP15,2026-07-30 12:05:00,0.000000,0.300000
TP15,2026-07-30 12:10:00,0.000000,0.200000
TP15,2026-07-30 12:15:00,0.000000,0.200000
TP15,2026-07-30 12:20:00,0.000000,0.200000
TP15,2026-07-30 12:25:00,0.000000,0.700000
TP15,2026-07-30 12:30:00,0.000000,0.200000
TP15,2026-07-30 12:35:00,0.000000,0.100000
TP15,2026-07-30 12:40:00,0.000000,0.200000
TP15,2026-07-30 12:45:00,0.000000,0.200000
TP4,2026-07-21 17:00:00,0.000000,-0.040000
TP4,2026-07-21 17:05:00,0.000000,-0.030000
TP4,2026-07-21 17:10:00,0.000000,0.040000
TP4,2026-07-21 17:15:00,0.000000,-0.010000
TP4,2026-07-21 17:20:00,0.000000,0.000000
TP4,2026-07-21 17:25:00,0.000000,-0.030000
TP4,2026-07-21 17:30:00,0.000000,-0.010000
TP4,2026-07-21 17:35:00,0.000000,-0.030000
TP4,2026-07-21 17:40:00,0.000000,0.000000
TP4,2026-07-21 17:45:00,0.000000,0.030000
TP4,2026-07-21 17:50:00,0.000000,0.020000
TP4,2026-07-21 17:55:00,0.000000,0.010000
TP4,2026-07-21 18:00:00,0.000000,0.050000
TP4,2026-07-21 18:05:00,0.000000,0.060000
TP4,2026-07-21 18:10:00,0.000000,0.120000
TP4,2026-07-21 18:15:00,0.000000,0.110000
TP4,2026-07-21 18:20:00,0.000000,0.220000
TP4,2026-07-21 18:25:00,0.000000,0.040000
TP4,2026-07-21 18:30:00,0.000000,0.070000
TP4,2026-07-21 18:35:00,0.000000,0.130000
TP4,2026-07-21 18:40:00,0.000000,0.040000
TP4,2026-07-21 18:45:00,0.000000,0.040000
TP4,2026-07-21 18:50:00,0.000000,0.010000
TP4,2026-07-21 18:55:00,0.000000,0.030000
TP4,2026-07-21 19:00:00,0.000000,0.040000
TP4,2026-07-21 19:05:00,0.000000,0.010000
TP4,2026-07-21 19:10:00,0.000000,0.040000
TP4,2026-07-21 19:15:00,0.000000,0.020000
TP4,2026-07-21 19:20:00,0.000000,0.040000
TP4,2026-07-21 19:25:00,0.000000,0.000000
TP4,2026-07-21 19:30:00,0.000000,0.040000
TP4,2026-07-21 19:35:00,0.000000,0.010000
TP4,2026-07-21 19:40:00,0.000000,0.020000
TP4,2026-07-21 19:45:00,0.000000,0.020000
TP4,2026-07-21 19:50:00,0.000000,0.070000
TP4,2026-07-21 19:55:00,0.000000,0.030000
TP4,2026-07-21 20:00:00,0.000000,0.080000
TP4,2026-07-21 20:05:00,0.000000,0.070000
TP4,2026-07-21 20:10:00,0.000000,0.080000
TP4,2026-07-21 20:15:00,0.000000,0.070000
TP4,2026-07-21 20:20:00,0.000000,0.100000
TP4,2026-07-21 20:25:00,0.000000,0.080000
TP4,2026-07-21 20:30:00,0.000000,0.050000
TP4,2026-07-21 20:35:00,0.000000,0.070000
TP4,2026-07-21 20:40:00,0.000000,0.040000
TP4,2026-07-21 20:45:00,0.000000,0.090000
TP4,2026-07-21 20:50:00,0.000000,0.040000
TP4,2026-07-21 20:55:00,0.000000,0.090000
TP4,2026-07-21 21:00:00,0.000000,0.040000
TP4,2026-07-21 21:05:00,0.000000,0.020000
TP4,2026-07-21 21:10:00,0.000000,0.010000
TP4,2026-07-21 21:15:00,0.000000,0.040000
TP4,2026-07-21 21:20:00,0.000000,0.050000
TP4,2026-07-21 21:25:00,0.000000,0.020000
TP4,2026-07-21 21:30:00,0.000000,0.040000
TP4,2026-07-21 21:35:00,0.000000,0.040000
TP4,2026-07-21 21:40:00,0.000000,0.050000
TP4,2026-07-21 21:45:00,0.000000,0.070000
TP4,2026-07-21 21:50:00,0.000000,0.050000
TP4,2026-07-21 21:55:00,0.000000,0.120000
TP4,2026-07-21 22:00:00,0.000000,0.070000
TP4,2026-07-21 22:05:00,0.000000,0.150000
TP4,2026-07-21 22:10:00,0.000000,0.100000
TP4,2026-07-21 22:15:00,0.000000,0.100000
TP4,2026-07-21 22:20:00,0.000000,0.080000
TP4,2026-07-21 22:25:00,0.000000,0.070000
TP4,2026-07-21 22:30:00,0.000000,0.100000
TP4,2026-07-21 22:35:00,0.000000,0.080000
TP4,2026-07-21 22:40:00,0.000000,0.110000
TP4,2026-07-21 22:45:00,0.000000,0.130000
TP4,2026-07-21 22:50:00,0.000000,0.140000
TP4,2026-07-21 22:55:00,0.000000,0.080000
TP4,2026-07-21 23:00:00,0.000000,0.120000
TP4,2026-07-21 23:05:00,0.000000,0.130000
TP4,2026-07-21 23:10:00,0.000000,0.080000
TP4,2026-07-21 23:15:00,0.000000,0.140000
TP4,2026-07-21 23:20:00,0.000000,0.100000
TP4,2026-07-21 23:25:00,0.000000,0.120000
TP4,2026-07-21 23:30:00,0.000000,0.100000
TP4,2026-07-21 23:35:00,0.000000,0.100000
TP4,2026-07-21 23:40:00,0.000000,0.080000
TP4,2026-07-21 23:45:00,0.000000,0.080000
TP4,2026-07-21 23:50:00,0.000000,0.140000
TP4,2026-07-21 23:55:00,0.000000,0.130000
TP4,2026-07-22 00:00:00,0.000000,0.130000
TP4,2026-07-22 00:05:00,0.000000,0.130000
TP4,2026-07-22 00:10:00,0.000000,0.140000
TP4,2026-07-22 00:15:00,0.000000,0.160000
TP4,2026-07-22 00:20:00,0.000000,0.130000
TP4,2026-07-22 00:25:00,0.000000,0.120000
TP4,2026-07-22 00:30:00,0.000000,0.160000
TP4,2026-07-22 00:35:00,0.000000,0.160000
TP4,2026-07-22 00:40:00,0.000000,0.150000
TP4,2026-07-22 00:45:00,0.000000,0.220000
TP4,2026-07-22 00:50:00,0.000000,0.180000
TP4,2026-07-22 00:55:00,0.000000,0.200000
TP4,2026-07-22 01:00:00,0.000000,0.230000
TP4,2026-07-22 01:05:00,0.000000,0.200000
TP4,2026-07-22 01:10:00,0.000000,0.180000
TP4,2026-07-22 01:15:00,0.000000,0.190000
TP4,2026-07-22 01:20:00,0.000000,0.210000
TP4,2026-07-22 01:25:00,0.000000,0.240000
TP4,2026-07-22 01:30:00,0.000000,0.260000
TP4,2026-07-22 01:35:00,0.000000,0.250000
TP4,2026-07-22 01:40:00,0.000000,0.250000
TP4,2026-07-22 01:45:00,0.000000,0.220000
TP4,2026-07-22 01:50:00,0.000000,0.220000
TP4,2026-07-22 01:55:00,0.000000,0.280000
TP4,2026-07-22 02:00:00,0.000000,0.270000
TP4,2026-07-22 02:05:00,0.000000,0.280000
TP4,2026-07-22 02:10:00,0.000000,0.330000
TP4,2026-07-22 02:15:00,0.000000,0.290000
TP4,2026-07-22 02:20:00,0.000000,0.330000
TP4,2026-07-22 02:25:00,0.000000,0.370000
TP4,2026-07-22 02:30:00,0.000000,0.350000
TP4,2026-07-22 02:35:00,0.000000,0.350000
TP4,2026-07-22 02:40:00,0.000000,0.380000
TP4,2026-07-22 02:45:00,0.000000,0.370000
TP4,2026-07-22 02:50:00,0.000000,0.390000
TP4,2026-07-22 02:55:00,0.000000,0.400000
TP4,2026-07-22 03:00:00,0.000000,0.440000
TP4,2026-07-22 03:05:00,0.000000,0.490000
TP4,2026-07-22 03:10:00,0.000000,0.460000
TP4,2026-07-22 03:15:00,0.000000,0.460000
TP4,2026-07-22 03:20:00,0.000000,0.470000
TP4,2026-07-22 03:25:00,0.000000,0.470000
TP4,2026-07-22 03:30:00,0.000000,0.470000
TP4,2026-07-22 03:35:00,0.000000,0.490000
TP4,2026-07-22 03:40:00,0.000000,0.510000
TP4,2026-07-22 03:45:00,0.000000,0.500000
TP4,2026-07-22 03:50:00,0.000000,0.590000
TP4,2026-07-22 03:55:00,0.000000,0.600000
TP4,2026-07-22 04:00:00,0.000000,0.600000
TP4,2026-07-22 04:05:00,0.000000,0.580000
TP4,2026-07-22 04:10:00,0.000000,0.630000
TP4,2026-07-22 04:15:00,0.000000,0.650000
TP4,2026-07-22 04:20:00,0.000000,0.600000
TP4,2026-07-22 04:25:00,0.000000,0.650000
TP4,2026-07-22 04:30:00,0.000000,0.610000
TP4,2026-07-22 04:35:00,0.000000,0.710000
TP4,2026-07-22 04:40:00,0.000000,0.730000
TP4,2026-07-22 04:45:00,0.000000,0.700000
TP4,2026-07-22 04:50:00,0.000000,0.730000
TP4,2026-07-22 04:55:00,0.000000,0.820000
TP4,2026-07-22 05:00:00,0.000000,0.740000
TP4,2026-07-22 05:05:00,0.000000,0.770000
TP4,2026-07-22 05:10:00,0.000000,0.790000
TP4,2026-07-22 05:15:00,0.000000,0.860000
TP4,2026-07-22 05:20:00,0.000000,0.840000
TP4,2026-07-22 05:25:00,0.000000,0.840000
TP4,2026-07-22 05:30:00,0.000000,0.790000
TP4,2026-07-22 05:35:00,0.000000,0.650000
TP4,2026-07-22 05:40:00,0.000000,0.610000
TP4,2026-07-22 05:45:00,0.000000,0.690000
TP4,2026-07-22 05:50:00,0.000000,0.660000
TP4,2026-07-22 05:55:00,0.000000,0.620000
TP4,2026-07-22 06:00:00,0.000000,0.630000
TP4,2026-07-22 06:05:00,0.000000,0.630000
TP4,2026-07-22 06:10:00,0.000000,0.660000
TP4,2026-07-22 06:15:00,0.000000,0.670000
TP4,2026-07-22 06:20:00,0.000000,0.690000
TP4,2026-07-22 06:25:00,0.000000,0.670000
TP4,2026-07-22 06:30:00,0.000000,0.660000
TP4,2026-07-22 06:35:00,0.000000,0.620000
TP4,2026-07-22 06:40:00,0.000000,0.610000
TP4,2026-07-22 06:45:00,0.000000,0.600000
TP4,2026-07-22 06:50:00,0.000000,0.690000
TP4,2026-07-22 06:55:00,0.000000,0.620000
TP4,2026-07-22 07:00:00,0.000000,0.630000
TP4,2026-07-22 07:05:00,0.000000,0.600000
TP4,2026-07-22 07:10:00,0.000000,0.540000
TP4,2026-07-22 07:15:00,0.000000,0.580000
TP4,2026-07-22 07:20:00,0.000000,0.480000
TP4,2026-07-22 07:25:00,0.000000,0.460000
TP4,2026-07-22 07:30:00,0.000000,0.490000
TP4,2026-07-22 07:35:00,0.000000,0.480000
TP4,2026-07-22 07:40:00,0.000000,0.460000
TP4,2026-07-22 07:45:00,0.000000,0.410000
TP4,2026-07-22 07:50:00,0.000000,0.410000
TP4,2026-07-22 07:55:00,0.000000,0.330000
TP4,2026-07-22 08:00:00,0.000000,0.410000
TP4,2026-07-22 08:05:00,0.000000,0.520000
TP4,2026-07-22 08:10:00,0.000000,0.370000
TP4,2026-07-22 08:15:00,0.000000,0.360000
TP4,2026-07-22 08:20:00,0.000000,0.330000
TP4,2026-07-22 08:25:00,0.000000,0.230000
TP4,2026-07-22 08:30:00,0.000000,0.190000
TP4,2026-07-22 08:35:00,0.000000,0.300000
TP4,2026-07-22 08:40:00,0.000000,0.140000
TP4,2026-07-22 08:45:00,0.000000,0.370000
TP4,2026-07-22 08:50:00,0.000000,0.040000
TP4,2026-07-22 08:55:00,0.000000,0.950000
TP4,2026-07-22 09:00:00,0.000000,0.670000
TP4,2026-07-22 09:05:00,0.000000,0.940000
TP4,2026-07-22 09:10:00,0.000000,0.440000
TP4,2026-07-22 09:15:00,0.000000,0.020000
TP4,2026-07-22 09:20:00,0.000000,0.190000
TP4,2026-07-22 09:25:00,0.000000,-0.040000
TP4,2026-07-22 09:30:00,0.000000,0.450000
TP4,2026-07-22 09:35:00,0.000000,0.090000
TP4,2026-07-22 09:40:00,0.000000,-0.010000
TP4,2026-07-22 09:45:00,0.000000,0.070000
TP4,2026-07-22 09:50:00,0.000000,0.010000
TP4,2026-07-22 09:55:00,0.000000,0.230000
TP4,2026-07-22 10:00:00,0.000000,0.430000
TP4,2026-07-22 10:05:00,0.000000,0.210000
TP4,2026-07-22 10:10:00,0.000000,0.050000
TP4,2026-07-22 10:15:00,0.000000,0.700000
TP4,2026-07-22 10:20:00,0.000000,0.260000
TP4,2026-07-22 10:25:00,0.000000,0.120000
TP4,2026-07-22 10:30:00,0.000000,0.070000
TP4,2026-07-22 10:35:00,0.000000,0.220000
TP4,2026-07-22 10:40:00,0.000000,0.340000
TP4,2026-07-22 10:45:00,0.000000,0.910000
TP4,2026-07-22 10:50:00,0.000000,0.300000
TP4,2026-07-22 10:55:00,0.000000,0.210000
TP4,2026-07-22 11:00:00,0.000000,0.510000
TP4,2026-07-22 11:05:00,0.000000,0.370000
TP4,2026-07-22 11:10:00,0.000000,0.340000
TP4,2026-07-22 11:15:00,0.000000,0.200000
TP4,2026-07-22 11:20:00,0.000000,0.270000
TP4,2026-07-22 11:25:00,0.000000,0.260000
TP4,2026-07-22 11:30:00,0.000000,0.390000
TP4,2026-07-22 11:35:00,0.000000,0.660000
TP4,2026-07-22 11:40:00,0.000000,0.320000
TP4,2026-07-22 11:45:00,0.000000,0.940000
TP4,2026-07-22 11:50:00,0.000000,0.400000
TP4,2026-07-22 11:55:00,0.000000,0.320000
TP4,2026-07-22 12:00:00,0.000000,0.520000
TP4,2026-07-22 12:05:00,0.000000,0.420000
TP4,2026-07-22 12:10:00,0.000000,0.290000
TP4,2026-07-22 12:15:00,0.000000,0.270000
TP4,2026-07-22 12:20:00,0.000000,0.500000
TP4,2026-07-22 12:25:00,0.000000,0.330000
TP4,2026-07-22 12:30:00,0.000000,0.420000
TP4,2026-07-22 12:35:00,0.000000,0.250000
TP4,2026-07-22 12:40:00,0.000000,0.300000
TP4,2026-07-22 12:45:00,0.000000,0.220000
TP4,2026-07-22 12:50:00,0.000000,0.220000
TP4,2026-07-22 12:55:00,0.000000,0.440000
TP4,2026-07-22 13:00:00,0.000000,0.280000
TP4,2026-07-22 13:05:00,0.000000,0.280000
TP4,2026-07-22 13:10:00,0.000000,0.330000
TP4,2026-07-22 13:15:00,0.000000,0.480000
TP4,2026-07-22 13:20:00,0.000000,0.260000
TP4,2026-07-22 13:25:00,0.000000,0.690000
TP4,2026-07-22 13:30:00,0.000000,0.490000
TP4,2026-07-22 13:35:00,0.000000,0.380000
TP4,2026-07-22 13:40:00,0.000000,0.460000
TP4,2026-07-22 13:45:00,0.000000,0.270000
TP4,2026-07-22 13:50:00,0.000000,0.570000
TP4,2026-07-22 13:55:00,0.000000,0.330000
TP4,2026-07-22 14:00:00,0.000000,0.270000
TP4,2026-07-22 14:05:00,0.000000,0.270000
TP4,2026-07-22 14:10:00,0.000000,0.240000
TP4,2026-07-22 14:15:00,0.000000,0.290000
TP4,2026-07-22 14:20:00,0.000000,0.210000
TP4,2026-07-22 14:25:00,0.000000,0.250000
TP4,2026-07-22 14:30:00,0.000000,0.320000
TP4,2026-07-22 14:35:00,0.000000,0.310000
TP4,2026-07-22 14:40:00,0.000000,0.350000
TP4,2026-07-22 14:45:00,0.000000,0.320000
TP4,2026-07-22 14:50:00,0.000000,0.350000
TP4,2026-07-22 14:55:00,0.000000,0.300000
TP4,2026-07-22 15:00:00,0.000000,0.330000
TP4,2026-07-22 15:05:00,0.000000,0.680000
TP4,2026-07-22 15:10:00,0.000000,0.560000
TP4,2026-07-22 15:15:00,0.000000,0.450000
TP4,2026-07-22 15:20:00,0.000000,0.450000
TP4,2026-07-22 15:25:00,0.000000,0.510000
TP4,2026-07-22 15:30:00,0.000000,0.410000
TP4,2026-07-22 15:35:00,0.000000,0.440000
TP4,2026-07-22 15:40:00,0.000000,0.360000
TP4,2026-07-22 15:45:00,0.000000,0.470000
TP4,2026-07-22 15:50:00,0.000000,0.310000
TP4,2026-07-22 15:55:00,0.000000,0.480000
TP4,2026-07-22 16:00:00,0.000000,0.430000
TP4,2026-07-22 16:05:00,0.000000,0.370000
TP4,2026-07-22 16:10:00,0.000000,0.470000
TP4,2026-07-22 16:15:00,0.000000,0.390000
TP4,2026-07-22 16:20:00,0.000000,0.410000
TP4,2026-07-22 16:25:00,0.000000,0.330000
TP4,2026-07-22 16:30:00,0.000000,0.250000
TP4,2026-07-22 16:35:00,0.000000,0.230000
TP4,2026-07-22 16:40:00,0.000000,0.340000
TP4,2026-07-22 16:45:00,0.000000,0.270000
TP4,2026-07-22 16:50:00,0.000000,0.250000
TP4,2026-07-22 16:55:00,0.000000,0.280000
TP4,2026-07-22 17:00:00,0.000000,0.390000
TP4,2026-07-22 17:05:00,0.000000,1.850000
TP4,2026-07-22 17:10:00,0.000000,0.480000
TP4,2026-07-22 17:15:00,0.000000,0.220000
TP4,2026-07-22 17:20:00,0.000000,0.130000
TP4,2026-07-22 17:25:00,0.000000,0.130000
TP4,2026-07-22 17:30:00,0.000000,0.240000
TP4,2026-07-22 17:35:00,0.000000,0.100000
TP4,2026-07-22 17:40:00,0.000000,0.110000
TP4,2026-07-22 17:45:00,0.000000,0.140000
TP4,2026-07-22 17:50:00,0.000000,0.090000
TP4,2026-07-22 17:55:00,0.000000,0.120000
TP4,2026-07-22 18:00:00,0.000000,0.090000
TP4,2026-07-22 18:05:00,0.000000,0.080000
TP4,2026-07-22 18:10:00,0.000000,0.060000
TP4,2026-07-22 18:15:00,0.000000,0.080000
TP4,2026-07-22 18:20:00,0.000000,0.070000
TP4,2026-07-22 18:25:00,0.000000,0.120000
TP4,2026-07-22 18:30:00,0.000000,0.060000
TP4,2026-07-22 18:35:00,0.000000,0.230000
TP4,2026-07-22 18:40:00,0.000000,0.090000
TP4,2026-07-22 18:45:00,0.000000,0.080000
TP4,2026-07-22 18:50:00,0.000000,0.050000
TP4,2026-07-22 18:55:00,0.000000,0.060000
TP4,2026-07-22 19:00:00,0.000000,0.050000
TP4,2026-07-22 19:05:00,0.000000,0.050000
TP4,2026-07-22 19:10:00,0.000000,0.100000
TP4,2026-07-22 19:15:00,0.000000,0.200000
TP4,2026-07-22 19:20:00,0.000000,0.080000
TP4,2026-07-22 19:25:00,0.000000,0.140000
TP4,2026-07-22 19:30:00,0.000000,0.130000
TP4,2026-07-22 19:35:00,0.000000,0.050000
TP4,2026-07-22 19:40:00,0.000000,0.090000
TP4,2026-07-22 19:45:00,0.000000,0.110000
TP4,2026-07-22 19:50:00,0.000000,0.110000
TP4,2026-07-22 19:55:00,0.000000,0.040000
TP4,2026-07-22 20:00:00,0.000000,0.220000
TP4,2026-07-22 20:05:00,0.000000,0.090000
TP4,2026-07-22 20:10:00,0.000000,0.080000
TP4,2026-07-22 20:15:00,0.000000,0.080000
TP4,2026-07-22 20:20:00,0.000000,0.120000
TP4,2026-07-22 20:25:00,0.000000,0.180000
TP4,2026-07-22 20:30:00,0.000000,0.120000
TP4,2026-07-22 20:35:00,0.000000,0.150000
TP4,2026-07-22 20:40:00,0.000000,0.190000
TP4,2026-07-22 20:45:00,0.000000,0.080000
TP4,2026-07-22 20:50:00,0.000000,0.100000
TP4,2026-07-22 20:55:00,0.000000,0.100000
TP4,2026-07-22 21:00:00,0.000000,0.130000
TP4,2026-07-22 21:05:00,0.000000,0.040000
TP4,2026-07-22 21:10:00,0.000000,0.090000
TP4,2026-07-22 21:15:00,0.000000,0.060000
TP4,2026-07-22 21:20:00,0.000000,0.160000
TP4,2026-07-22 21:25:00,0.000000,0.220000
TP4,2026-07-22 21:30:00,0.000000,0.040000
TP4,2026-07-22 21:35:00,0.000000,0.080000
TP4,2026-07-22 21:40:00,0.000000,0.040000
TP4,2026-07-22 21:45:00,0.000000,-0.030000
TP4,2026-07-22 21:50:00,0.000000,0.110000
TP4,2026-07-22 21:55:00,0.000000,0.030000
TP4,2026-07-22 22:00:00,0.000000,-0.060000
TP4,2026-07-22 22:05:00,0.000000,0.010000
TP4,2026-07-22 22:10:00,0.000000,-0.060000
TP4,2026-07-22 22:15:00,0.000000,0.020000
TP4,2026-07-22 22:20:00,0.000000,-0.020000
TP4,2026-07-22 22:25:00,0.000000,-0.030000
TP4,2026-07-22 22:30:00,0.000000,-0.040000
TP4,2026-07-22 22:35:00,0.000000,-0.040000
TP4,2026-07-22 22:40:00,0.000000,-0.020000
TP4,2026-07-22 22:45:00,0.000000,-0.020000
TP4,2026-07-22 22:50:00,0.000000,-0.060000
TP4,2026-07-22 22:55:00,0.000000,-0.010000
TP4,2026-07-22 23:00:00,0.000000,-0.020000
TP4,2026-07-22 23:05:00,0.000000,-0.060000
TP4,2026-07-22 23:10:00,0.000000,0.010000
TP4,2026-07-22 23:15:00,0.000000,-0.070000
TP4,2026-07-22 23:20:00,0.000000,0.060000
TP4,2026-07-22 23:25:00,0.000000,0.050000
TP4,2026-07-22 23:30:00,0.000000,0.000000
TP4,2026-07-22 23:35:00,0.000000,-0.080000
TP4,2026-07-22 23:40:00,0.000000,-0.030000
TP4,2026-07-22 23:45:00,0.000000,-0.060000
TP4,2026-07-22 23:50:00,0.000000,-0.060000
TP4,2026-07-22 23:55:00,0.000000,-0.060000
TP4,2026-07-23 00:00:00,0.000000,-0.080000
TP4,2026-07-23 00:05:00,0.000000,-0.070000
TP4,2026-07-23 00:10:00,0.000000,-0.090000
TP4,2026-07-23 00:15:00,0.000000,-0.080000
TP4,2026-07-23 00:20:00,0.000000,-0.080000
TP4,2026-07-23 00:25:00,0.000000,-0.100000
TP4,2026-07-23 00:30:00,0.000000,-0.100000
TP4,2026-07-23 00:35:00,0.000000,-0.130000
TP4,2026-07-23 00:40:00,0.000000,-0.100000
TP4,2026-07-23 00:45:00,0.000000,-0.110000
TP4,2026-07-23 00:50:00,0.000000,-0.100000
TP4,2026-07-23 00:55:00,0.000000,-0.060000
TP4,2026-07-23 01:00:00,0.000000,-0.110000
TP4,2026-07-23 01:05:00,0.000000,-0.080000
TP4,2026-07-23 01:10:00,0.000000,-0.130000
TP4,2026-07-23 01:15:00,0.000000,-0.110000
TP4,2026-07-23 01:20:00,0.000000,-0.120000
TP4,2026-07-23 01:25:00,0.000000,0.080000
TP4,2026-07-23 01:30:00,0.000000,0.130000
TP4,2026-07-23 01:35:00,0.000000,-0.060000
TP4,2026-07-23 01:40:00,0.000000,-0.040000
TP4,2026-07-23 01:45:00,0.000000,0.060000
TP4,2026-07-23 01:50:00,0.000000,-0.150000
TP4,2026-07-23 01:55:00,0.000000,0.020000
TP4,2026-07-23 02:00:00,0.000000,0.050000
TP4,2026-07-23 02:05:00,0.000000,-0.090000
TP4,2026-07-23 02:10:00,0.000000,-0.140000
TP4,2026-07-23 02:15:00,0.000000,-0.150000
TP4,2026-07-23 02:20:00,0.000000,-0.170000
TP4,2026-07-23 02:25:00,0.000000,-0.130000
TP4,2026-07-23 02:30:00,0.000000,-0.030000
TP4,2026-07-23 02:35:00,0.000000,0.160000
TP4,2026-07-23 02:40:00,0.000000,0.030000
TP4,2026-07-23 02:45:00,0.000000,0.020000
TP4,2026-07-23 02:50:00,0.000000,0.190000
TP4,2026-07-23 02:55:00,0.000000,-0.040000
TP4,2026-07-23 03:00:00,0.000000,-0.020000
TP4,2026-07-23 03:05:00,0.000000,-0.060000
TP4,2026-07-23 03:10:00,0.000000,0.030000
TP4,2026-07-23 03:15:00,0.000000,-0.040000
TP4,2026-07-23 03:20:00,0.000000,0.000000
TP4,2026-07-23 03:25:00,0.000000,-0.020000
TP4,2026-07-23 03:30:00,0.000000,-0.120000
TP4,2026-07-23 03:35:00,0.000000,-0.090000
TP4,2026-07-23 03:40:00,0.000000,0.010000
TP4,2026-07-23 03:45:00,0.000000,0.000000
TP4,2026-07-23 03:50:00,0.000000,0.050000
TP4,2026-07-23 03:55:00,0.000000,-0.170000
TP4,2026-07-23 04:00:00,0.000000,-0.110000
TP4,2026-07-23 04:05:00,0.000000,-0.040000
TP4,2026-07-23 04:10:00,0.000000,-0.060000
TP4,2026-07-23 04:15:00,0.000000,-0.120000
TP4,2026-07-23 04:20:00,0.000000,-0.140000
TP4,2026-07-23 04:25:00,0.000000,-0.100000
TP4,2026-07-23 04:30:00,0.000000,-0.100000
TP4,2026-07-23 04:35:00,0.000000,-0.170000
TP4,2026-07-23 04:40:00,0.000000,-0.180000
TP4,2026-07-23 04:45:00,0.000000,-0.200000
TP4,2026-07-23 04:50:00,0.000000,-0.200000
TP4,2026-07-23 04:55:00,0.000000,-0.140000
TP4,2026-07-23 05:00:00,0.000000,-0.150000
TP4,2026-07-23 05:05:00,0.000000,-0.090000
TP4,2026-07-23 05:10:00,0.000000,-0.030000
TP4,2026-07-23 05:15:00,0.000000,-0.020000
TP4,2026-07-23 05:20:00,0.000000,-0.140000
TP4,2026-07-23 05:25:00,0.000000,-0.140000
TP4,2026-07-23 05:30:00,0.000000,-0.060000
TP4,2026-07-23 05:35:00,0.000000,-0.130000
TP4,2026-07-23 05:40:00,0.000000,-0.190000
TP4,2026-07-23 05:45:00,0.000000,-0.110000
TP4,2026-07-23 05:50:00,0.000000,-0.160000
TP4,2026-07-23 05:55:00,0.000000,-0.130000
TP4,2026-07-23 06:00:00,0.000000,-0.170000
TP4,2026-07-23 06:05:00,0.000000,-0.190000
TP4,2026-07-23 06:10:00,0.000000,-0.230000
TP4,2026-07-23 06:15:00,0.000000,-0.210000
TP4,2026-07-23 06:20:00,0.000000,-0.220000
TP4,2026-07-23 06:25:00,0.000000,-0.230000
TP4,2026-07-23 06:30:00,0.000000,-0.160000
TP4,2026-07-23 06:35:00,0.000000,-0.210000
TP4,2026-07-23 06:40:00,0.000000,-0.140000
TP4,2026-07-23 06:45:00,0.000000,-0.210000
TP4,2026-07-23 06:50:00,0.000000,-0.060000
TP4,2026-07-23 06:55:00,0.000000,-0.170000
TP4,2026-07-23 07:00:00,0.000000,-0.150000
TP4,2026-07-23 07:05:00,0.000000,-0.080000
TP4,2026-07-23 07:10:00,0.000000,-0.060000
TP4,2026-07-23 07:15:00,0.000000,-0.100000
TP4,2026-07-23 07:20:00,0.000000,-0.060000
TP4,2026-07-23 07:25:00,0.000000,-0.110000
TP4,2026-07-23 07:30:00,0.000000,-0.120000
TP4,2026-07-23 07:35:00,0.000000,-0.140000
TP4,2026-07-23 07:40:00,0.000000,-0.150000
TP4,2026-07-23 07:45:00,0.000000,-0.150000
TP4,2026-07-23 07:50:00,0.000000,-0.080000
TP4,2026-07-23 07:55:00,0.000000,-0.170000
TP4,2026-07-23 08:00:00,0.000000,-0.070000
TP4,2026-07-23 08:05:00,0.000000,-0.070000
TP4,2026-07-23 08:10:00,0.000000,-0.070000
TP4,2026-07-23 08:15:00,0.000000,0.140000
TP4,2026-07-23 08:20:00,0.000000,-0.020000
TP4,2026-07-23 08:25:00,0.000000,-0.080000
TP4,2026-07-23 08:30:00,0.000000,-0.020000
TP4,2026-07-23 08:35:00,0.000000,-0.080000
TP4,2026-07-23 08:40:00,0.000000,0.000000
TP4,2026-07-23 08:45:00,0.000000,-0.030000
TP4,2026-07-23 08:50:00,0.000000,0.010000
TP4,2026-07-23 08:55:00,0.000000,0.080000
TP4,2026-07-23 09:00:00,0.000000,0.060000
TP4,2026-07-23 09:05:00,0.000000,0.150000
TP4,2026-07-23 09:10:00,0.000000,0.040000
TP4,2026-07-23 09:15:00,0.000000,0.150000
TP4,2026-07-23 09:20:00,0.000000,0.170000
TP4,2026-07-23 09:25:00,0.000000,0.200000
TP4,2026-07-23 09:30:00,0.000000,0.140000
TP4,2026-07-23 09:35:00,0.000000,0.100000
TP4,2026-07-23 09:40:00,0.000000,0.070000
TP4,2026-07-23 09:45:00,0.000000,0.090000
TP4,2026-07-23 09:50:00,0.000000,0.110000
TP4,2026-07-23 09:55:00,0.000000,0.130000
TP4,2026-07-23 10:00:00,0.000000,0.110000
TP4,2026-07-23 10:05:00,0.000000,0.080000
TP4,2026-07-23 10:10:00,0.000000,0.090000
TP4,2026-07-23 10:15:00,0.000000,0.090000
TP4,2026-07-23 10:20:00,0.000000,0.170000
TP4,2026-07-23 10:25:00,0.000000,0.160000
TP4,2026-07-23 10:30:00,0.000000,0.170000
TP4,2026-07-23 10:35:00,0.000000,0.130000
TP4,2026-07-23 10:40:00,0.000000,0.170000
TP4,2026-07-23 10:45:00,0.000000,0.190000
TP4,2026-07-23 10:50:00,0.000000,0.330000
TP4,2026-07-23 10:55:00,0.000000,0.220000
TP4,2026-07-23 11:00:00,0.000000,0.170000
TP4,2026-07-23 11:05:00,0.000000,0.200000
TP4,2026-07-23 11:10:00,0.000000,0.190000
TP4,2026-07-23 11:15:00,0.000000,0.200000
TP4,2026-07-23 11:20:00,0.000000,0.210000
TP4,2026-07-23 11:25:00,0.000000,0.260000
TP4,2026-07-23 11:30:00,0.000000,0.240000
TP4,2026-07-23 11:35:00,0.000000,0.220000
TP4,2026-07-23 11:40:00,0.000000,0.560000
TP4,2026-07-23 11:45:00,0.000000,0.400000
TP4,2026-07-23 11:50:00,0.000000,1.030000
TP4,2026-07-23 11:55:00,0.000000,0.790000
TP4,2026-07-23 12:00:00,0.000000,0.850000
TP4,2026-07-23 12:05:00,0.000000,1.260000
TP4,2026-07-23 12:10:00,0.000000,1.480000
TP4,2026-07-23 12:15:00,0.000000,1.240000
TP4,2026-07-23 12:20:00,0.000000,0.650000
TP4,2026-07-23 12:25:00,0.000000,0.580000
TP4,2026-07-23 12:30:00,0.000000,0.760000
TP4,2026-07-23 12:35:00,0.000000,1.340000
TP4,2026-07-23 12:40:00,0.000000,1.950000
TP4,2026-07-23 12:45:00,0.000000,1.560000
TP4,2026-07-23 12:50:00,0.000000,0.580000
TP4,2026-07-23 12:55:00,0.000000,0.610000
TP4,2026-07-23 13:00:00,0.000000,0.450000
TP4,2026-07-23 13:05:00,0.000000,0.430000
TP4,2026-07-23 13:10:00,0.000000,0.560000
TP4,2026-07-23 13:15:00,0.000000,0.440000
TP4,2026-07-23 13:20:00,0.000000,0.410000
TP4,2026-07-23 13:25:00,0.000000,0.540000
TP4,2026-07-23 13:30:00,0.000000,0.460000
TP4,2026-07-23 13:35:00,0.000000,0.440000
TP4,2026-07-23 13:40:00,0.000000,0.450000
TP4,2026-07-23 13:45:00,0.000000,0.450000
TP4,2026-07-23 13:50:00,0.000000,0.660000
TP4,2026-07-23 13:55:00,0.000000,0.550000
TP4,2026-07-23 14:00:00,0.000000,0.590000
TP4,2026-07-23 14:05:00,0.000000,0.660000
TP4,2026-07-23 14:10:00,0.000000,0.450000
TP4,2026-07-23 14:15:00,0.000000,0.400000
TP4,2026-07-23 14:20:00,0.000000,0.520000
TP4,2026-07-23 14:25:00,0.000000,0.450000
TP4,2026-07-23 14:30:00,0.000000,0.610000
TP4,2026-07-23 14:35:00,0.000000,0.430000
TP4,2026-07-23 14:40:00,0.000000,0.450000
TP4,2026-07-23 14:45:00,0.000000,0.460000
TP4,2026-07-23 14:50:00,0.000000,0.650000
TP4,2026-07-23 14:55:00,0.000000,0.420000
TP4,2026-07-23 15:00:00,0.000000,0.410000
TP4,2026-07-23 15:05:00,0.000000,0.440000
TP4,2026-07-23 15:10:00,0.000000,0.560000
TP4,2026-07-23 15:15:00,0.000000,0.570000
TP4,2026-07-23 15:20:00,0.000000,0.380000
TP4,2026-07-23 15:25:00,0.000000,0.310000
TP4,2026-07-23 15:30:00,0.000000,0.450000
TP4,2026-07-23 15:35:00,0.000000,0.410000
TP4,2026-07-23 15:40:00,0.000000,0.540000
TP4,2026-07-23 15:45:00,0.000000,0.440000
TP4,2026-07-23 15:50:00,0.000000,0.500000
TP4,2026-07-23 15:55:00,0.000000,0.450000
TP4,2026-07-23 16:00:00,0.000000,0.410000
TP4,2026-07-23 16:05:00,0.000000,0.400000
TP4,2026-07-23 16:10:00,0.000000,0.400000
TP4,2026-07-23 16:15:00,0.000000,0.830000
TP4,2026-07-23 16:20:00,0.000000,0.360000
TP4,2026-07-23 16:25:00,0.000000,0.370000
TP4,2026-07-23 16:30:00,0.000000,0.350000
TP4,2026-07-23 16:35:00,0.000000,0.340000
TP4,2026-07-23 16:40:00,0.000000,0.340000
TP4,2026-07-23 16:45:00,0.000000,0.370000
TP4,2026-07-23 16:50:00,0.000000,0.330000
TP4,2026-07-23 16:55:00,0.000000,0.360000
TP4,2026-07-23 17:00:00,0.000000,0.310000
TP4,2026-07-23 17:05:00,0.000000,0.360000
TP4,2026-07-23 17:10:00,0.000000,0.220000
TP4,2026-07-23 17:15:00,0.000000,0.320000
TP4,2026-07-23 17:20:00,0.000000,0.300000
TP4,2026-07-23 17:25:00,0.000000,0.320000
TP4,2026-07-23 17:30:00,0.000000,0.320000
TP4,2026-07-23 17:35:00,0.000000,0.290000
TP4,2026-07-23 17:40:00,0.000000,0.250000
TP4,2026-07-23 17:45:00,0.000000,0.250000
TP4,2026-07-23 17:50:00,0.000000,0.310000
TP4,2026-07-23 17:55:00,0.000000,0.240000
TP4,2026-07-23 18:00:00,0.000000,0.180000
TP4,2026-07-23 18:05:00,0.000000,0.230000
TP4,2026-07-23 18:10:00,0.000000,0.180000
TP4,2026-07-23 18:15:00,0.000000,0.260000
TP4,2026-07-23 18:20:00,0.000000,0.350000
TP4,2026-07-23 18:25:00,0.000000,0.230000
TP4,2026-07-23 18:30:00,0.000000,0.440000
TP4,2026-07-23 18:35:00,0.000000,0.380000
TP4,2026-07-23 18:40:00,0.000000,0.340000
TP4,2026-07-23 18:45:00,0.000000,0.250000
TP4,2026-07-23 18:50:00,0.000000,0.170000
TP4,2026-07-23 18:55:00,0.000000,0.250000
TP4,2026-07-23 19:00:00,0.000000,0.180000
TP4,2026-07-23 19:05:00,0.000000,0.360000
TP4,2026-07-23 19:10:00,0.000000,0.290000
TP4,2026-07-23 19:15:00,0.000000,0.190000
TP4,2026-07-23 19:20:00,0.000000,0.150000
TP4,2026-07-23 19:25:00,0.000000,0.170000
TP4,2026-07-23 19:30:00,0.000000,0.200000
TP4,2026-07-23 19:35:00,0.000000,0.080000
TP4,2026-07-23 19:40:00,0.000000,0.160000
TP4,2026-07-23 19:45:00,0.000000,0.150000
TP4,2026-07-23 19:50:00,0.000000,0.150000
TP4,2026-07-23 19:55:00,0.000000,0.250000
TP4,2026-07-23 20:00:00,0.000000,0.150000
TP4,2026-07-23 20:05:00,0.000000,0.190000
TP4,2026-07-23 20:10:00,0.000000,0.170000
TP4,2026-07-23 20:15:00,0.000000,0.150000
TP4,2026-07-23 20:20:00,0.000000,0.180000
TP4,2026-07-23 20:25:00,0.000000,0.180000
TP4,2026-07-23 20:30:00,0.000000,0.090000
TP4,2026-07-23 20:35:00,0.000000,0.370000
TP4,2026-07-23 20:40:00,0.000000,0.100000
TP4,2026-07-23 20:45:00,0.000000,0.180000
TP4,2026-07-23 20:50:00,0.000000,0.120000
TP4,2026-07-23 20:55:00,0.000000,0.110000
TP4,2026-07-23 21:00:00,0.000000,0.060000
TP4,2026-07-23 21:05:00,0.000000,0.060000
TP4,2026-07-23 21:10:00,0.000000,0.040000
TP4,2026-07-23 21:15:00,0.000000,0.030000
TP4,2026-07-23 21:20:00,0.000000,0.090000
TP4,2026-07-23 21:25:00,0.000000,0.030000
TP4,2026-07-23 21:30:00,0.000000,0.020000
TP4,2026-07-23 21:35:00,0.000000,0.060000
TP4,2026-07-23 21:40:00,0.000000,0.070000
TP4,2026-07-23 21:45:00,0.000000,0.000000
TP4,2026-07-23 21:50:00,0.000000,0.040000
TP4,2026-07-23 21:55:00,0.000000,0.010000
TP4,2026-07-23 22:00:00,0.000000,0.000000
TP4,2026-07-23 22:05:00,0.000000,0.010000
TP4,2026-07-23 22:10:00,0.000000,0.010000
TP4,2026-07-23 22:15:00,0.000000,-0.010000
TP4,2026-07-23 22:20:00,0.000000,0.030000
TP4,2026-07-23 22:25:00,0.000000,0.000000
TP4,2026-07-23 22:30:00,0.000000,0.010000
TP4,2026-07-23 22:35:00,0.000000,0.040000
TP4,2026-07-23 22:40:00,0.000000,0.000000
TP4,2026-07-23 22:45:00,0.000000,0.010000
TP4,2026-07-23 22:50:00,0.000000,0.030000
TP4,2026-07-23 22:55:00,0.000000,0.030000
TP4,2026-07-23 23:00:00,0.000000,-0.040000
TP4,2026-07-23 23:05:00,0.000000,-0.010000
TP4,2026-07-23 23:10:00,0.000000,-0.010000
TP4,2026-07-23 23:15:00,0.000000,0.000000
TP4,2026-07-23 23:20:00,0.000000,-0.010000
TP4,2026-07-23 23:25:00,0.000000,-0.010000
TP4,2026-07-23 23:30:00,0.000000,-0.010000
TP4,2026-07-23 23:35:00,0.000000,0.010000
TP4,2026-07-23 23:40:00,0.000000,-0.020000
TP4,2026-07-23 23:45:00,0.000000,-0.040000
TP4,2026-07-23 23:50:00,0.000000,0.010000
TP4,2026-07-23 23:55:00,0.000000,0.000000
TP4,2026-07-24 00:00:00,0.000000,-0.040000
TP4,2026-07-24 00:05:00,0.000000,-0.030000
TP4,2026-07-24 00:10:00,0.000000,-0.050000
TP4,2026-07-24 00:15:00,0.000000,-0.050000
TP4,2026-07-24 00:20:00,0.000000,-0.050000
TP4,2026-07-24 00:25:00,0.000000,-0.070000
TP4,2026-07-24 00:30:00,0.000000,-0.030000
TP4,2026-07-24 00:35:00,0.000000,-0.020000
TP4,2026-07-24 00:40:00,0.000000,-0.050000
TP4,2026-07-24 00:45:00,0.000000,-0.080000
TP4,2026-07-24 00:50:00,0.000000,-0.060000
TP4,2026-07-24 00:55:00,0.000000,-0.070000
TP4,2026-07-24 01:00:00,0.000000,-0.050000
TP4,2026-07-24 01:05:00,0.000000,-0.080000
TP4,2026-07-24 01:10:00,0.000000,-0.090000
TP4,2026-07-24 01:15:00,0.000000,-0.070000
TP4,2026-07-24 01:20:00,0.000000,-0.110000
TP4,2026-07-24 01:25:00,0.000000,-0.110000
TP4,2026-07-24 01:30:00,0.000000,-0.120000
TP4,2026-07-24 01:35:00,0.000000,-0.110000
TP4,2026-07-24 01:40:00,0.000000,-0.130000
TP4,2026-07-24 01:45:00,0.000000,-0.100000
TP4,2026-07-24 01:50:00,0.000000,-0.140000
TP4,2026-07-24 01:55:00,0.000000,-0.140000
TP4,2026-07-24 02:00:00,0.000000,-0.170000
TP4,2026-07-24 02:05:00,0.000000,-0.140000
TP4,2026-07-24 02:10:00,0.000000,-0.140000
TP4,2026-07-24 02:15:00,0.000000,-0.120000
TP4,2026-07-24 02:20:00,0.000000,-0.190000
TP4,2026-07-24 02:25:00,0.000000,-0.160000
TP4,2026-07-24 02:30:00,0.000000,-0.200000
TP4,2026-07-24 02:35:00,0.000000,-0.230000
TP4,2026-07-24 02:40:00,0.000000,-0.230000
TP4,2026-07-24 02:45:00,0.000000,-0.230000
TP4,2026-07-24 02:50:00,0.000000,-0.240000
TP4,2026-07-24 02:55:00,0.000000,-0.250000
TP4,2026-07-24 03:00:00,0.000000,-0.220000
TP4,2026-07-24 03:05:00,0.000000,-0.240000
TP4,2026-07-24 03:10:00,0.000000,-0.250000
TP4,2026-07-24 03:15:00,0.000000,-0.280000
TP4,2026-07-24 03:20:00,0.000000,-0.250000
TP4,2026-07-24 03:25:00,0.000000,-0.250000
TP4,2026-07-24 03:30:00,0.000000,-0.240000
TP4,2026-07-24 03:35:00,0.000000,-0.260000
TP4,2026-07-24 03:40:00,0.000000,-0.260000
TP4,2026-07-24 03:45:00,0.000000,-0.270000
TP4,2026-07-24 03:50:00,0.000000,-0.250000
TP4,2026-07-24 03:55:00,0.000000,-0.250000
TP4,2026-07-24 04:00:00,0.000000,-0.260000
TP4,2026-07-24 04:05:00,0.000000,-0.280000
TP4,2026-07-24 04:10:00,0.000000,-0.310000
TP4,2026-07-24 04:15:00,0.000000,-0.310000
TP4,2026-07-24 04:20:00,0.000000,-0.280000
TP4,2026-07-24 04:25:00,0.000000,-0.290000
TP4,2026-07-24 04:30:00,0.000000,-0.290000
TP4,2026-07-24 04:35:00,0.000000,-0.270000
TP4,2026-07-24 04:40:00,0.000000,-0.290000
TP4,2026-07-24 04:45:00,0.000000,-0.320000
TP4,2026-07-24 04:50:00,0.000000,-0.310000
TP4,2026-07-24 04:55:00,0.000000,-0.310000
TP4,2026-07-24 05:00:00,0.000000,-0.330000
TP4,2026-07-24 05:05:00,0.000000,-0.310000
TP4,2026-07-24 05:10:00,0.000000,-0.330000
TP4,2026-07-24 05:15:00,0.000000,-0.300000
TP4,2026-07-24 05:20:00,0.000000,-0.320000
TP4,2026-07-24 05:25:00,0.000000,-0.320000
TP4,2026-07-24 05:30:00,0.000000,-0.320000
TP4,2026-07-24 05:35:00,0.000000,-0.320000
TP4,2026-07-24 05:40:00,0.000000,-0.350000
TP4,2026-07-24 05:45:00,0.000000,-0.340000
TP4,2026-07-24 05:50:00,0.000000,-0.330000
TP4,2026-07-24 05:55:00,0.000000,-0.340000
TP4,2026-07-24 06:00:00,0.000000,-0.330000
TP4,2026-07-24 06:05:00,0.000000,-0.310000
TP4,2026-07-24 06:10:00,0.000000,-0.340000
TP4,2026-07-24 06:15:00,0.000000,-0.350000
TP4,2026-07-24 06:20:00,0.000000,-0.330000
TP4,2026-07-24 06:25:00,0.000000,-0.320000
TP4,2026-07-24 06:30:00,0.000000,-0.330000
TP4,2026-07-24 06:35:00,0.000000,-0.310000
TP4,2026-07-24 06:40:00,0.000000,-0.350000
TP4,2026-07-24 06:45:00,0.000000,-0.310000
TP4,2026-07-24 06:50:00,0.000000,-0.320000
TP4,2026-07-24 06:55:00,0.000000,-0.320000
TP4,2026-07-24 07:00:00,0.000000,-0.300000
TP4,2026-07-24 07:05:00,0.000000,-0.310000
TP4,2026-07-24 07:10:00,0.000000,-0.320000
TP4,2026-07-24 07:15:00,0.000000,-0.320000
TP4,2026-07-24 07:20:00,0.000000,-0.320000
TP4,2026-07-24 07:25:00,0.000000,-0.280000
TP4,2026-07-24 07:30:00,0.000000,-0.310000
TP4,2026-07-24 07:35:00,0.000000,-0.310000
TP4,2026-07-24 07:40:00,0.000000,-0.300000
TP4,2026-07-24 07:45:00,0.000000,-0.260000
TP4,2026-07-24 07:50:00,0.000000,-0.280000
TP4,2026-07-24 07:55:00,0.000000,-0.250000
TP4,2026-07-24 08:00:00,0.000000,-0.250000
TP4,2026-07-24 08:05:00,0.000000,-0.250000
TP4,2026-07-24 08:10:00,0.000000,-0.230000
TP4,2026-07-24 08:15:00,0.000000,-0.150000
TP4,2026-07-24 08:20:00,0.000000,-0.170000
TP4,2026-07-24 08:25:00,0.000000,-0.180000
TP4,2026-07-24 08:30:00,0.000000,-0.100000
TP4,2026-07-24 08:35:00,0.000000,-0.090000
TP4,2026-07-24 08:40:00,0.000000,-0.120000
TP4,2026-07-24 08:45:00,0.000000,-0.090000
TP4,2026-07-24 08:50:00,0.000000,-0.120000
TP4,2026-07-24 08:55:00,0.000000,-0.070000
TP4,2026-07-24 09:00:00,0.000000,-0.060000
TP4,2026-07-24 09:05:00,0.000000,-0.040000
TP4,2026-07-24 09:10:00,0.000000,-0.040000
TP4,2026-07-24 09:15:00,0.000000,0.000000
TP4,2026-07-24 09:20:00,0.000000,-0.050000
TP4,2026-07-24 09:25:00,0.000000,0.020000
TP4,2026-07-24 09:30:00,0.000000,-0.020000
TP4,2026-07-24 09:35:00,0.000000,-0.010000
TP4,2026-07-24 09:40:00,0.000000,0.030000
TP4,2026-07-24 09:45:00,0.000000,0.120000
TP4,2026-07-24 09:50:00,0.000000,0.120000
TP4,2026-07-24 09:55:00,0.000000,0.050000
TP4,2026-07-24 10:00:00,0.000000,0.190000
TP4,2026-07-24 10:05:00,0.000000,0.090000
TP4,2026-07-24 10:10:00,0.000000,0.110000
TP4,2026-07-24 10:15:00,0.000000,0.090000
TP4,2026-07-24 10:20:00,0.000000,0.150000
TP4,2026-07-24 10:25:00,0.000000,0.180000
TP4,2026-07-24 10:30:00,0.000000,0.160000
TP4,2026-07-24 10:35:00,0.000000,0.230000
TP4,2026-07-24 10:40:00,0.000000,0.170000
TP4,2026-07-24 10:45:00,0.000000,0.160000
TP4,2026-07-24 10:50:00,0.000000,0.250000
TP4,2026-07-24 10:55:00,0.000000,0.540000
TP4,2026-07-24 11:00:00,0.000000,0.230000
TP4,2026-07-24 11:05:00,0.000000,0.150000
TP4,2026-07-24 11:10:00,0.000000,0.390000
TP4,2026-07-24 11:15:00,0.000000,0.250000
TP4,2026-07-24 11:20:00,0.000000,0.480000
TP4,2026-07-24 11:25:00,0.000000,0.380000
TP4,2026-07-24 11:30:00,0.000000,0.180000
TP4,2026-07-24 11:35:00,0.000000,0.220000
TP4,2026-07-24 11:40:00,0.000000,0.220000
TP4,2026-07-24 11:45:00,0.000000,0.230000
TP4,2026-07-24 11:50:00,0.000000,0.230000
TP4,2026-07-24 11:55:00,0.000000,0.230000
TP4,2026-07-24 12:00:00,0.000000,0.190000
TP4,2026-07-24 12:05:00,0.000000,0.270000
TP4,2026-07-24 12:10:00,0.000000,0.270000
TP4,2026-07-24 12:15:00,0.000000,0.360000
TP4,2026-07-24 12:20:00,0.000000,0.310000
TP4,2026-07-24 12:25:00,0.000000,0.370000
TP4,2026-07-24 12:30:00,0.000000,0.330000
TP4,2026-07-24 12:35:00,0.000000,0.300000
TP4,2026-07-24 12:40:00,0.000000,0.390000
TP4,2026-07-24 12:45:00,0.000000,0.700000
TP4,2026-07-24 12:50:00,0.000000,0.330000
TP4,2026-07-24 12:55:00,0.000000,0.360000
TP4,2026-07-24 13:00:00,0.000000,0.310000
TP4,2026-07-24 13:05:00,0.000000,0.410000
TP4,2026-07-24 13:10:00,0.000000,0.420000
TP4,2026-07-24 13:15:00,0.000000,0.540000
TP4,2026-07-24 13:20:00,0.000000,0.480000
TP4,2026-07-24 13:25:00,0.000000,0.420000
TP4,2026-07-24 13:30:00,0.000000,0.380000
TP4,2026-07-24 13:35:00,0.000000,0.450000
TP4,2026-07-24 13:40:00,0.000000,0.430000
TP4,2026-07-24 13:45:00,0.000000,0.400000
TP4,2026-07-24 13:50:00,0.000000,0.410000
TP4,2026-07-24 13:55:00,0.000000,0.340000
TP4,2026-07-24 14:00:00,0.000000,0.410000
TP4,2026-07-24 14:05:00,0.000000,0.450000
TP4,2026-07-24 14:10:00,0.000000,0.690000
TP4,2026-07-24 14:15:00,0.000000,0.750000
TP4,2026-07-24 14:20:00,0.000000,0.600000
TP4,2026-07-24 14:25:00,0.000000,0.530000
TP4,2026-07-24 14:30:00,0.000000,0.440000
TP4,2026-07-24 14:35:00,0.000000,0.750000
TP4,2026-07-24 14:40:00,0.000000,1.050000
TP4,2026-07-24 14:45:00,0.000000,0.690000
TP4,2026-07-24 14:50:00,0.000000,1.180000
TP4,2026-07-24 14:55:00,0.000000,0.830000
TP4,2026-07-24 15:00:00,0.000000,0.410000
TP4,2026-07-24 15:05:00,0.000000,0.770000
TP4,2026-07-24 15:10:00,0.000000,0.700000
TP4,2026-07-24 15:15:00,0.000000,0.730000
TP4,2026-07-24 15:20:00,0.000000,0.770000
TP4,2026-07-24 15:25:00,0.000000,0.520000
TP4,2026-07-24 15:30:00,0.000000,0.820000
TP4,2026-07-24 15:35:00,0.000000,0.540000
TP4,2026-07-24 15:40:00,0.000000,0.440000
TP4,2026-07-24 15:45:00,0.000000,0.530000
TP4,2026-07-24 15:50:00,0.000000,0.440000
TP4,2026-07-24 15:55:00,0.000000,0.480000
TP4,2026-07-24 16:00:00,0.000000,0.520000
TP4,2026-07-24 16:05:00,0.000000,0.470000
TP4,2026-07-24 16:10:00,0.000000,0.830000
TP4,2026-07-24 16:15:00,0.000000,0.470000
TP4,2026-07-24 16:20:00,0.000000,0.650000
TP4,2026-07-24 16:25:00,0.000000,0.660000
TP4,2026-07-24 16:30:00,0.000000,0.560000
TP4,2026-07-24 16:35:00,0.000000,0.560000
TP4,2026-07-24 16:40:00,0.000000,0.470000
TP4,2026-07-24 16:45:00,0.000000,0.490000
TP4,2026-07-24 16:50:00,0.000000,0.420000
TP4,2026-07-24 16:55:00,0.000000,0.420000
TP4,2026-07-24 17:00:00,0.000000,0.450000
TP4,2026-07-24 17:05:00,0.000000,0.500000
TP4,2026-07-24 17:10:00,0.000000,0.560000
TP4,2026-07-24 17:15:00,0.000000,0.450000
TP4,2026-07-24 17:20:00,0.000000,0.490000
TP4,2026-07-24 17:25:00,0.000000,0.460000
TP4,2026-07-24 17:30:00,0.000000,0.380000
TP4,2026-07-24 17:35:00,0.000000,0.400000
TP4,2026-07-24 17:40:00,0.000000,0.460000
TP4,2026-07-24 17:45:00,0.000000,0.390000
TP4,2026-07-24 17:50:00,0.000000,0.340000
TP4,2026-07-24 17:55:00,0.000000,0.350000
TP4,2026-07-24 18:00:00,0.000000,0.320000
TP4,2026-07-24 18:05:00,0.000000,0.400000
TP4,2026-07-24 18:10:00,0.000000,0.360000
TP4,2026-07-24 18:15:00,0.000000,0.350000
TP4,2026-07-24 18:20:00,0.000000,0.360000
TP4,2026-07-24 18:25:00,0.000000,0.330000
TP4,2026-07-24 18:30:00,0.000000,0.330000
TP4,2026-07-24 18:35:00,0.000000,0.300000
TP4,2026-07-24 18:40:00,0.000000,0.430000
TP4,2026-07-24 18:45:00,0.000000,0.400000
TP4,2026-07-24 18:50:00,0.000000,0.310000
TP4,2026-07-24 18:55:00,0.000000,0.320000
TP4,2026-07-24 19:00:00,0.000000,0.310000
TP4,2026-07-24 19:05:00,0.000000,0.360000
TP4,2026-07-24 19:10:00,0.000000,0.370000
TP4,2026-07-24 19:15:00,0.000000,0.330000
TP4,2026-07-24 19:20:00,0.000000,0.340000
TP4,2026-07-24 19:25:00,0.000000,0.370000
TP4,2026-07-24 19:30:00,0.000000,0.330000
TP4,2026-07-24 19:35:00,0.000000,0.310000
TP4,2026-07-24 19:40:00,0.000000,0.320000
TP4,2026-07-24 19:45:00,0.000000,0.320000
TP4,2026-07-24 19:50:00,0.000000,0.300000
TP4,2026-07-24 19:55:00,0.000000,0.340000
TP4,2026-07-24 20:00:00,0.000000,0.390000
TP4,2026-07-24 20:05:00,0.000000,0.260000
TP4,2026-07-24 20:10:00,0.000000,0.310000
TP4,2026-07-24 20:15:00,0.000000,0.290000
TP4,2026-07-24 20:20:00,0.000000,0.370000
TP4,2026-07-24 20:25:00,0.000000,0.300000
TP4,2026-07-24 20:30:00,0.000000,0.310000
TP4,2026-07-24 20:35:00,0.000000,0.280000
TP4,2026-07-24 20:40:00,0.000000,0.320000
TP4,2026-07-24 20:45:00,0.000000,0.260000
TP4,2026-07-24 20:50:00,0.000000,0.310000
TP4,2026-07-24 20:55:00,0.000000,0.250000
TP4,2026-07-24 21:00:00,0.000000,0.280000
TP4,2026-07-24 21:05:00,0.000000,0.290000
TP4,2026-07-24 21:10:00,0.000000,0.220000
TP4,2026-07-24 21:15:00,0.000000,0.260000
TP4,2026-07-24 21:20:00,0.000000,0.230000
TP4,2026-07-24 21:25:00,0.000000,0.270000
TP4,2026-07-24 21:30:00,0.000000,0.200000
TP4,2026-07-24 21:35:00,0.000000,0.180000
TP4,2026-07-24 21:40:00,0.000000,0.170000
TP4,2026-07-24 21:45:00,0.000000,0.200000
TP4,2026-07-24 21:50:00,0.000000,0.160000
TP4,2026-07-24 21:55:00,0.000000,0.230000
TP4,2026-07-24 22:00:00,0.000000,0.160000
TP4,2026-07-24 22:05:00,0.000000,0.160000
TP4,2026-07-24 22:10:00,0.000000,0.150000
TP4,2026-07-24 22:15:00,0.000000,0.150000
TP4,2026-07-24 22:20:00,0.000000,0.220000
TP4,2026-07-24 22:25:00,0.000000,0.190000
TP4,2026-07-24 22:30:00,0.000000,0.170000
TP4,2026-07-24 22:35:00,0.000000,0.170000
TP4,2026-07-24 22:40:00,0.000000,0.130000
TP4,2026-07-24 22:45:00,0.000000,0.140000
TP4,2026-07-24 22:50:00,0.000000,0.190000
TP4,2026-07-24 22:55:00,0.000000,0.110000
TP4,2026-07-24 23:00:00,0.000000,0.150000
TP4,2026-07-24 23:05:00,0.000000,0.150000
TP4,2026-07-24 23:10:00,0.000000,0.140000
TP4,2026-07-24 23:15:00,0.000000,0.120000
TP4,2026-07-24 23:20:00,0.000000,0.140000
TP4,2026-07-24 23:25:00,0.000000,0.140000
TP4,2026-07-24 23:30:00,0.000000,0.100000
TP4,2026-07-24 23:35:00,0.000000,0.120000
TP4,2026-07-24 23:40:00,0.000000,0.110000
TP4,2026-07-24 23:45:00,0.000000,0.130000
TP4,2026-07-24 23:50:00,0.000000,0.130000
TP4,2026-07-24 23:55:00,0.000000,0.090000
TP4,2026-07-25 00:00:00,0.000000,0.110000
TP4,2026-07-25 00:05:00,0.000000,0.110000
TP4,2026-07-25 00:10:00,0.000000,0.090000
TP4,2026-07-25 00:15:00,0.000000,0.100000
TP4,2026-07-25 00:20:00,0.000000,0.110000
TP4,2026-07-25 00:25:00,0.000000,0.080000
TP4,2026-07-25 00:30:00,0.000000,0.170000
TP4,2026-07-25 00:35:00,0.000000,0.100000
TP4,2026-07-25 00:40:00,0.000000,0.080000
TP4,2026-07-25 00:45:00,0.000000,0.080000
TP4,2026-07-25 00:50:00,0.000000,0.120000
TP4,2026-07-25 00:55:00,0.000000,0.120000
TP4,2026-07-25 01:00:00,0.000000,0.090000
TP4,2026-07-25 01:05:00,0.000000,0.070000
TP4,2026-07-25 01:10:00,0.000000,0.100000
TP4,2026-07-25 01:15:00,0.000000,0.030000
TP4,2026-07-25 01:20:00,0.000000,0.060000
TP4,2026-07-25 01:25:00,0.000000,0.040000
TP4,2026-07-25 01:30:00,0.000000,0.080000
TP4,2026-07-25 01:35:00,0.000000,0.040000
TP4,2026-07-25 01:40:00,0.000000,0.040000
TP4,2026-07-25 01:45:00,0.000000,0.040000
TP4,2026-07-25 01:50:00,0.000000,0.080000
TP4,2026-07-25 01:55:00,0.000000,0.060000
TP4,2026-07-25 02:00:00,0.000000,0.100000
TP4,2026-07-25 02:05:00,0.000000,0.030000
TP4,2026-07-25 02:10:00,0.000000,0.070000
TP4,2026-07-25 02:15:00,0.000000,0.000000
TP4,2026-07-25 02:20:00,0.000000,0.010000
TP4,2026-07-25 02:25:00,0.000000,0.010000
TP4,2026-07-25 02:30:00,0.000000,-0.020000
TP4,2026-07-25 02:35:00,0.000000,-0.020000
TP4,2026-07-25 02:40:00,0.000000,-0.030000
TP4,2026-07-25 02:45:00,0.000000,0.050000
TP4,2026-07-25 02:50:00,0.000000,0.000000
TP4,2026-07-25 02:55:00,0.000000,-0.070000
TP4,2026-07-25 03:00:00,0.000000,-0.040000
TP4,2026-07-25 03:05:00,0.000000,-0.030000
TP4,2026-07-25 03:10:00,0.000000,-0.040000
TP4,2026-07-25 03:15:00,0.000000,-0.050000
TP4,2026-07-25 03:20:00,0.000000,-0.060000
TP4,2026-07-25 03:25:00,0.000000,-0.060000
TP4,2026-07-25 03:30:00,0.000000,-0.030000
TP4,2026-07-25 03:35:00,0.000000,-0.050000
TP4,2026-07-25 03:40:00,0.000000,-0.040000
TP4,2026-07-25 03:45:00,0.000000,-0.060000
TP4,2026-07-25 03:50:00,0.000000,-0.070000
TP4,2026-07-25 03:55:00,0.000000,-0.110000
TP4,2026-07-25 04:00:00,0.000000,-0.100000
TP4,2026-07-25 04:05:00,0.000000,-0.100000
TP4,2026-07-25 04:10:00,0.000000,-0.090000
TP4,2026-07-25 04:15:00,0.000000,-0.070000
TP4,2026-07-25 04:20:00,0.000000,-0.090000
TP4,2026-07-25 04:25:00,0.000000,-0.110000
TP4,2026-07-25 04:30:00,0.000000,-0.140000
TP4,2026-07-25 04:35:00,0.000000,-0.150000
TP4,2026-07-25 04:40:00,0.000000,-0.120000
TP4,2026-07-25 04:45:00,0.000000,-0.130000
TP4,2026-07-25 04:50:00,0.000000,-0.110000
TP4,2026-07-25 04:55:00,0.000000,-0.090000
TP4,2026-07-25 05:00:00,0.000000,-0.130000
TP4,2026-07-25 05:05:00,0.000000,-0.150000
TP4,2026-07-25 05:10:00,0.000000,-0.050000
TP4,2026-07-25 05:15:00,0.000000,0.000000
TP4,2026-07-25 05:20:00,0.000000,-0.090000
TP4,2026-07-25 05:25:00,0.000000,-0.120000
TP4,2026-07-25 05:30:00,0.000000,-0.170000
TP4,2026-07-25 05:35:00,0.000000,-0.170000
TP4,2026-07-25 05:40:00,0.000000,-0.070000
TP4,2026-07-25 05:45:00,0.000000,-0.120000
TP4,2026-07-25 05:50:00,0.000000,-0.090000
TP4,2026-07-25 05:55:00,0.000000,-0.150000
TP4,2026-07-25 06:00:00,0.000000,-0.170000
TP4,2026-07-25 06:05:00,0.000000,-0.170000
TP4,2026-07-25 06:10:00,0.000000,-0.140000
TP4,2026-07-25 06:15:00,0.000000,-0.150000
TP4,2026-07-25 06:20:00,0.000000,-0.170000
TP4,2026-07-25 06:25:00,0.000000,-0.180000
TP4,2026-07-25 06:30:00,0.000000,-0.170000
TP4,2026-07-25 06:35:00,0.000000,-0.200000
TP4,2026-07-25 06:40:00,0.000000,-0.090000
TP4,2026-07-25 06:45:00,0.000000,-0.150000
TP4,2026-07-25 06:50:00,0.000000,-0.180000
TP4,2026-07-25 06:55:00,0.000000,-0.120000
TP4,2026-07-25 07:00:00,0.000000,-0.140000
TP4,2026-07-25 07:05:00,0.000000,-0.160000
TP4,2026-07-25 07:10:00,0.000000,-0.200000
TP4,2026-07-25 07:15:00,0.000000,-0.160000
TP4,2026-07-25 07:20:00,0.000000,-0.160000
TP4,2026-07-25 07:25:00,0.000000,-0.130000
TP4,2026-07-25 07:30:00,0.000000,-0.140000
TP4,2026-07-25 07:35:00,0.000000,-0.150000
TP4,2026-07-25 07:40:00,0.000000,-0.120000
TP4,2026-07-25 07:45:00,0.000000,-0.170000
TP4,2026-07-25 07:50:00,0.000000,-0.140000
TP4,2026-07-25 07:55:00,0.000000,-0.110000
TP4,2026-07-25 08:00:00,0.000000,-0.120000
TP4,2026-07-25 08:05:00,0.000000,-0.140000
TP4,2026-07-25 08:10:00,0.000000,-0.120000
TP4,2026-07-25 08:15:00,0.000000,-0.110000
TP4,2026-07-25 08:20:00,0.000000,0.030000
TP4,2026-07-25 08:25:00,0.000000,-0.030000
TP4,2026-07-25 08:30:00,0.000000,-0.040000
TP4,2026-07-25 08:35:00,0.000000,-0.060000
TP4,2026-07-25 08:40:00,0.000000,-0.010000
TP4,2026-07-25 08:45:00,0.000000,-0.060000
TP4,2026-07-25 08:50:00,0.000000,-0.040000
TP4,2026-07-25 08:55:00,0.000000,0.000000
TP4,2026-07-25 09:00:00,0.000000,0.010000
TP4,2026-07-25 09:05:00,0.000000,0.000000
TP4,2026-07-25 09:10:00,0.000000,-0.030000
TP4,2026-07-25 09:15:00,0.000000,-0.030000
TP4,2026-07-25 09:20:00,0.000000,0.010000
TP4,2026-07-25 09:25:00,0.000000,-0.010000
TP4,2026-07-25 09:30:00,0.000000,0.000000
TP4,2026-07-25 09:35:00,0.000000,-0.020000
TP4,2026-07-25 09:40:00,0.000000,0.050000
TP4,2026-07-25 09:45:00,0.000000,0.000000
TP4,2026-07-25 09:50:00,0.000000,0.060000
TP4,2026-07-25 09:55:00,0.000000,0.020000
TP4,2026-07-25 10:00:00,0.000000,0.040000
TP4,2026-07-25 10:05:00,0.000000,0.060000
TP4,2026-07-25 10:10:00,0.000000,0.080000
TP4,2026-07-25 10:15:00,0.000000,0.100000
TP4,2026-07-25 10:20:00,0.000000,0.090000
TP4,2026-07-25 10:25:00,0.000000,0.130000
TP4,2026-07-25 10:30:00,0.000000,0.150000
TP4,2026-07-25 10:35:00,0.000000,0.160000
TP4,2026-07-25 10:40:00,0.000000,0.100000
TP4,2026-07-25 10:45:00,0.000000,0.150000
TP4,2026-07-25 10:50:00,0.000000,0.120000
TP4,2026-07-25 10:55:00,0.000000,0.190000
TP4,2026-07-25 11:00:00,0.000000,0.170000
TP4,2026-07-25 11:05:00,0.000000,0.150000
TP4,2026-07-25 11:10:00,0.000000,0.240000
TP4,2026-07-25 11:15:00,0.000000,0.290000
TP4,2026-07-25 11:20:00,0.000000,0.280000
TP4,2026-07-25 11:25:00,0.000000,0.260000
TP4,2026-07-25 11:30:00,0.000000,0.320000
TP4,2026-07-25 11:35:00,0.000000,0.500000
TP4,2026-07-25 11:40:00,0.000000,0.320000
TP4,2026-07-25 11:45:00,0.000000,0.320000
TP4,2026-07-25 11:50:00,0.000000,0.380000
TP4,2026-07-25 11:55:00,0.000000,0.370000
TP4,2026-07-25 12:00:00,0.000000,0.380000
TP4,2026-07-25 12:05:00,0.000000,0.350000
TP4,2026-07-25 12:10:00,0.000000,0.380000
TP4,2026-07-25 12:15:00,0.000000,0.480000
TP4,2026-07-25 12:20:00,0.000000,0.540000
TP4,2026-07-25 12:25:00,0.000000,0.560000
TP4,2026-07-25 12:30:00,0.000000,0.460000
TP4,2026-07-25 12:35:00,0.000000,0.790000
TP4,2026-07-25 12:40:00,0.000000,0.590000
TP4,2026-07-25 12:45:00,0.000000,0.500000
TP4,2026-07-25 12:50:00,0.000000,0.590000
TP4,2026-07-25 12:55:00,0.000000,0.520000
TP4,2026-07-25 13:00:00,0.000000,0.490000
TP4,2026-07-25 13:05:00,0.000000,0.560000
TP4,2026-07-25 13:10:00,0.000000,0.500000
TP4,2026-07-25 13:15:00,0.000000,0.510000
TP4,2026-07-25 13:20:00,0.000000,0.490000
TP4,2026-07-25 13:25:00,0.000000,0.550000
TP4,2026-07-25 13:30:00,0.000000,0.620000
TP4,2026-07-25 13:35:00,0.000000,0.670000
TP4,2026-07-25 13:40:00,0.000000,0.620000
TP4,2026-07-25 13:45:00,0.000000,0.600000
TP4,2026-07-25 13:50:00,0.000000,0.550000
TP4,2026-07-25 13:55:00,0.000000,0.530000
TP4,2026-07-25 14:00:00,0.000000,0.590000
TP4,2026-07-25 14:05:00,0.000000,0.610000
TP4,2026-07-25 14:10:00,0.000000,0.600000
TP4,2026-07-25 14:15:00,0.000000,0.620000
TP4,2026-07-25 14:20:00,0.000000,0.660000
TP4,2026-07-25 14:25:00,0.000000,0.630000
TP4,2026-07-25 14:30:00,0.000000,0.630000
TP4,2026-07-25 14:35:00,0.000000,0.720000
TP4,2026-07-25 14:40:00,0.000000,0.740000
TP4,2026-07-25 14:45:00,0.000000,0.870000
TP4,2026-07-25 14:50:00,0.083333,0.750000
TP4,2026-07-25 14:55:00,0.166667,0.880000
TP4,2026-07-25 15:00:00,0.250000,0.980000
TP4,2026-07-25 15:05:00,0.333333,1.040000
TP4,2026-07-25 15:10:00,0.416667,4.970000
TP4,2026-07-25 15:15:00,0.500000,4.180000
TP4,2026-07-25 15:20:00,0.583333,3.940000
TP4,2026-07-25 15:25:00,0.666667,3.320000
TP4,2026-07-25 15:30:00,0.750000,0.900000
TP4,2026-07-25 15:35:00,0.833333,0.720000
TP4,2026-07-25 15:40:00,0.916667,0.650000
TP4,2026-07-25 15:45:00,1.000000,0.630000
TP4,2026-07-25 15:50:00,1.416667,0.580000
TP4,2026-07-25 15:55:00,1.833333,7.510000
TP4,2026-07-25 16:00:00,2.250000,8.140000
TP4,2026-07-25 16:05:00,2.666667,9.520000
TP4,2026-07-25 16:10:00,3.083333,3.230000
TP4,2026-07-25 16:15:00,3.500000,2.810000
TP4,2026-07-25 16:20:00,3.916667,2.010000
TP4,2026-07-25 16:25:00,4.333333,1.960000
TP4,2026-07-25 16:30:00,4.750000,1.580000
TP4,2026-07-25 16:35:00,5.166667,0.850000
TP4,2026-07-25 16:40:00,5.583333,0.910000
TP4,2026-07-25 16:45:00,6.000000,0.710000
TP4,2026-07-25 16:50:00,5.500000,0.460000
TP4,2026-07-25 16:55:00,5.000000,0.900000
TP4,2026-07-25 17:00:00,4.500000,0.860000
TP4,2026-07-25 17:05:00,4.000000,1.240000
TP4,2026-07-25 17:10:00,3.500000,1.270000
TP4,2026-07-25 17:15:00,3.000000,0.410000
TP4,2026-07-25 17:20:00,2.500000,0.250000
TP4,2026-07-25 17:25:00,2.000000,0.210000
TP4,2026-07-25 17:30:00,1.500000,0.110000
TP4,2026-07-25 17:35:00,1.000000,0.140000
TP4,2026-07-25 17:40:00,0.500000,0.170000
TP4,2026-07-25 17:45:00,0.000000,0.190000
TP4,2026-07-25 17:50:00,0.000000,0.200000
TP4,2026-07-25 17:55:00,0.000000,0.080000
TP4,2026-07-25 18:00:00,0.000000,0.110000
TP4,2026-07-25 18:05:00,0.000000,0.080000
TP4,2026-07-25 18:10:00,0.000000,0.240000
TP4,2026-07-25 18:15:00,0.000000,0.110000
TP4,2026-07-25 18:20:00,0.000000,0.170000
TP4,2026-07-25 18:25:00,0.000000,0.130000
TP4,2026-07-25 18:30:00,0.000000,0.140000
TP4,2026-07-25 18:35:00,0.000000,0.090000
TP4,2026-07-25 18:40:00,0.000000,0.090000
TP4,2026-07-25 18:45:00,0.000000,0.110000
TP4,2026-07-25 18:50:00,0.000000,0.070000
TP4,2026-07-25 18:55:00,0.000000,0.060000
TP4,2026-07-25 19:00:00,0.000000,0.080000
TP4,2026-07-25 19:05:00,0.000000,0.070000
TP4,2026-07-25 19:10:00,0.000000,0.090000
TP4,2026-07-25 19:15:00,0.000000,0.150000
TP4,2026-07-25 19:20:00,0.000000,0.260000
TP4,2026-07-25 19:25:00,0.000000,0.180000
TP4,2026-07-25 19:30:00,0.000000,0.160000
TP4,2026-07-25 19:35:00,0.000000,0.190000
TP4,2026-07-25 19:40:00,0.000000,0.200000
TP4,2026-07-25 19:45:00,0.000000,0.160000
TP4,2026-07-25 19:50:00,0.000000,0.210000
TP4,2026-07-25 19:55:00,0.000000,0.210000
TP4,2026-07-25 20:00:00,0.000000,0.230000
TP4,2026-07-25 20:05:00,0.000000,0.440000
TP4,2026-07-25 20:10:00,0.000000,0.690000
TP4,2026-07-25 20:15:00,0.000000,0.730000
TP4,2026-07-25 20:20:00,0.000000,0.630000
TP4,2026-07-25 20:25:00,0.000000,0.810000
TP4,2026-07-25 20:30:00,0.000000,0.750000
TP4,2026-07-25 20:35:00,0.000000,0.900000
TP4,2026-07-25 20:40:00,0.000000,1.230000
TP4,2026-07-25 20:45:00,0.000000,1.470000
TP4,2026-07-25 20:50:00,0.083333,1.560000
TP4,2026-07-25 20:55:00,0.166667,1.670000
TP4,2026-07-25 21:00:00,0.250000,1.580000
TP4,2026-07-25 21:05:00,0.333333,1.340000
TP4,2026-07-25 21:10:00,0.416667,1.170000
TP4,2026-07-25 21:15:00,0.500000,1.210000
TP4,2026-07-25 21:20:00,0.583333,1.090000
TP4,2026-07-25 21:25:00,0.666667,1.410000
TP4,2026-07-25 21:30:00,0.750000,1.310000
TP4,2026-07-25 21:35:00,0.833333,1.200000
TP4,2026-07-25 21:40:00,0.916667,1.420000
TP4,2026-07-25 21:45:00,1.000000,1.610000
TP4,2026-07-25 21:50:00,0.916667,1.350000
TP4,2026-07-25 21:55:00,0.833333,0.990000
TP4,2026-07-25 22:00:00,0.750000,0.690000
TP4,2026-07-25 22:05:00,0.666667,0.480000
TP4,2026-07-25 22:10:00,0.583333,0.480000
TP4,2026-07-25 22:15:00,0.500000,0.260000
TP4,2026-07-25 22:20:00,0.416667,0.300000
TP4,2026-07-25 22:25:00,0.333333,0.290000
TP4,2026-07-25 22:30:00,0.250000,0.260000
TP4,2026-07-25 22:35:00,0.166667,0.350000
TP4,2026-07-25 22:40:00,0.083333,0.270000
TP4,2026-07-25 22:45:00,0.000000,0.240000
TP4,2026-07-25 22:50:00,0.000000,0.370000
TP4,2026-07-25 22:55:00,0.000000,0.680000
TP4,2026-07-25 23:00:00,0.000000,0.540000
TP4,2026-07-25 23:05:00,0.000000,0.700000
TP4,2026-07-25 23:10:00,0.000000,0.800000
TP4,2026-07-25 23:15:00,0.000000,1.070000
TP4,2026-07-25 23:20:00,0.000000,0.900000
TP4,2026-07-25 23:25:00,0.000000,0.690000
TP4,2026-07-25 23:30:00,0.000000,0.540000
TP4,2026-07-25 23:35:00,0.000000,0.700000
TP4,2026-07-25 23:40:00,0.000000,0.740000
TP4,2026-07-25 23:45:00,0.000000,0.510000
TP4,2026-07-25 23:50:00,0.166667,0.640000
TP4,2026-07-25 23:55:00,0.333333,1.160000
TP4,2026-07-26 00:00:00,0.500000,1.220000
TP4,2026-07-26 00:05:00,0.666667,1.280000
TP4,2026-07-26 00:10:00,0.833333,1.240000
TP4,2026-07-26 00:15:00,1.000000,1.710000
TP4,2026-07-26 00:20:00,1.166667,2.230000
TP4,2026-07-26 00:25:00,1.333333,2.130000
TP4,2026-07-26 00:30:00,1.500000,2.630000
TP4,2026-07-26 00:35:00,1.666667,4.070000
TP4,2026-07-26 00:40:00,1.833333,3.900000
TP4,2026-07-26 00:45:00,2.000000,3.620000
TP4,2026-07-26 00:50:00,2.083333,2.970000
TP4,2026-07-26 00:55:00,2.166667,3.130000
TP4,2026-07-26 01:00:00,2.250000,2.880000
TP4,2026-07-26 01:05:00,2.333333,2.090000
TP4,2026-07-26 01:10:00,2.416667,1.800000
TP4,2026-07-26 01:15:00,2.500000,1.450000
TP4,2026-07-26 01:20:00,2.583333,1.390000
TP4,2026-07-26 01:25:00,2.666667,2.480000
TP4,2026-07-26 01:30:00,2.750000,3.290000
TP4,2026-07-26 01:35:00,2.833333,3.060000
TP4,2026-07-26 01:40:00,2.916667,2.740000
TP4,2026-07-26 01:45:00,3.000000,2.740000
TP4,2026-07-26 01:50:00,3.000000,2.500000
TP4,2026-07-26 01:55:00,3.000000,2.080000
TP4,2026-07-26 02:00:00,3.000000,2.310000
TP4,2026-07-26 02:05:00,3.000000,2.370000
TP4,2026-07-26 02:10:00,3.000000,1.880000
TP4,2026-07-26 02:15:00,3.000000,1.840000
TP4,2026-07-26 02:20:00,3.000000,1.910000
TP4,2026-07-26 02:25:00,3.000000,1.720000
TP4,2026-07-26 02:30:00,3.000000,1.560000
TP4,2026-07-26 02:35:00,3.000000,1.120000
TP4,2026-07-26 02:40:00,3.000000,0.790000
TP4,2026-07-26 02:45:00,3.000000,0.690000
TP4,2026-07-26 02:50:00,3.000000,1.030000
TP4,2026-07-26 02:55:00,3.000000,1.150000
TP4,2026-07-26 03:00:00,3.000000,2.090000
TP4,2026-07-26 03:05:00,3.000000,2.510000
TP4,2026-07-26 03:10:00,3.000000,1.940000
TP4,2026-07-26 03:15:00,3.000000,1.990000
TP4,2026-07-26 03:20:00,3.000000,2.820000
TP4,2026-07-26 03:25:00,3.000000,3.180000
TP4,2026-07-26 03:30:00,3.000000,2.260000
TP4,2026-07-26 03:35:00,3.000000,2.640000
TP4,2026-07-26 03:40:00,3.000000,3.050000
TP4,2026-07-26 03:45:00,3.000000,3.050000
TP4,2026-07-26 03:50:00,3.416667,3.560000
TP4,2026-07-26 03:55:00,3.833333,3.480000
TP4,2026-07-26 04:00:00,4.250000,2.900000
TP4,2026-07-26 04:05:00,4.666667,3.050000
TP4,2026-07-26 04:10:00,5.083333,3.320000
TP4,2026-07-26 04:15:00,5.500000,3.780000
TP4,2026-07-26 04:20:00,5.916667,3.970000
TP4,2026-07-26 04:25:00,6.333333,6.460000
TP4,2026-07-26 04:30:00,6.750000,4.550000
TP4,2026-07-26 04:35:00,7.166667,3.550000
TP4,2026-07-26 04:40:00,7.583333,4.030000
TP4,2026-07-26 04:45:00,8.000000,4.070000
TP4,2026-07-26 04:50:00,8.750000,6.880000
TP4,2026-07-26 04:55:00,9.500000,6.210000
TP4,2026-07-26 05:00:00,10.250000,6.230000
TP4,2026-07-26 05:05:00,11.000000,8.480000
TP4,2026-07-26 05:10:00,11.750000,4.140000
TP4,2026-07-26 05:15:00,12.500000,5.430000
TP4,2026-07-26 05:20:00,13.250000,3.700000
TP4,2026-07-26 05:25:00,14.000000,6.450000
TP4,2026-07-26 05:30:00,14.750000,10.120000
TP4,2026-07-26 05:35:00,15.500000,8.040000
TP4,2026-07-26 05:40:00,16.250000,8.020000
TP4,2026-07-26 05:45:00,17.000000,9.660000
TP4,2026-07-26 05:50:00,18.000000,8.790000
TP4,2026-07-26 05:55:00,19.000000,9.880000
TP4,2026-07-26 06:00:00,20.000000,13.340000
TP4,2026-07-26 06:05:00,21.000000,13.210000
TP4,2026-07-26 06:10:00,22.000000,12.220000
TP4,2026-07-26 06:15:00,23.000000,7.350000
TP4,2026-07-26 06:20:00,24.000000,8.250000
TP4,2026-07-26 06:25:00,25.000000,3.370000
TP4,2026-07-26 06:30:00,26.000000,4.490000
TP4,2026-07-26 06:35:00,27.000000,5.100000
TP4,2026-07-26 06:40:00,28.000000,3.160000
TP4,2026-07-26 06:45:00,29.000000,4.190000
TP4,2026-07-26 06:50:00,28.583333,3.900000
TP4,2026-07-26 06:55:00,28.166667,5.130000
TP4,2026-07-26 07:00:00,27.750000,5.140000
TP4,2026-07-26 07:05:00,27.333333,9.150000
TP4,2026-07-26 07:10:00,26.916667,3.820000
TP4,2026-07-26 07:15:00,26.500000,4.100000
TP4,2026-07-26 07:20:00,26.083333,5.350000
TP4,2026-07-26 07:25:00,25.666667,9.560000
TP4,2026-07-26 07:30:00,25.250000,4.330000
TP4,2026-07-26 07:35:00,24.833333,3.440000
TP4,2026-07-26 07:40:00,24.416667,3.870000
TP4,2026-07-26 07:45:00,24.000000,6.090000
TP4,2026-07-26 07:50:00,24.083333,6.010000
TP4,2026-07-26 07:55:00,24.166667,4.710000
TP4,2026-07-26 08:00:00,24.250000,4.660000
TP4,2026-07-26 08:05:00,24.333333,5.420000
TP4,2026-07-26 08:10:00,24.416667,2.070000
TP4,2026-07-26 08:15:00,24.500000,6.470000
TP4,2026-07-26 08:20:00,24.583333,6.810000
TP4,2026-07-26 08:25:00,24.666667,2.460000
TP4,2026-07-26 08:30:00,24.750000,4.550000
TP4,2026-07-26 08:35:00,24.833333,8.330000
TP4,2026-07-26 08:40:00,24.916667,6.340000
TP4,2026-07-26 08:45:00,25.000000,3.050000
TP4,2026-07-26 08:50:00,24.250000,4.850000
TP4,2026-07-26 08:55:00,23.500000,10.270000
TP4,2026-07-26 09:00:00,22.750000,5.550000
TP4,2026-07-26 09:05:00,22.000000,7.180000
TP4,2026-07-26 09:10:00,21.250000,7.120000
TP4,2026-07-26 09:15:00,20.500000,4.120000
TP4,2026-07-26 09:20:00,19.750000,3.120000
TP4,2026-07-26 09:25:00,19.000000,1.850000
TP4,2026-07-26 09:30:00,18.250000,1.420000
TP4,2026-07-26 09:35:00,17.500000,1.760000
TP4,2026-07-26 09:40:00,16.750000,1.710000
TP4,2026-07-26 09:45:00,16.000000,1.260000
TP4,2026-07-26 09:50:00,15.166667,1.270000
TP4,2026-07-26 09:55:00,14.333333,1.740000
TP4,2026-07-26 10:00:00,13.500000,1.620000
TP4,2026-07-26 10:05:00,12.666667,3.000000
TP4,2026-07-26 10:10:00,11.833333,3.280000
TP4,2026-07-26 10:15:00,11.000000,2.440000
TP4,2026-07-26 10:20:00,10.166667,1.030000
TP4,2026-07-26 10:25:00,9.333333,0.540000
TP4,2026-07-26 10:30:00,8.500000,0.500000
TP4,2026-07-26 10:35:00,7.666667,0.300000
TP4,2026-07-26 10:40:00,6.833333,0.730000
TP4,2026-07-26 10:45:00,6.000000,0.490000
TP4,2026-07-26 10:50:00,5.666667,0.660000
TP4,2026-07-26 10:55:00,5.333333,0.820000
TP4,2026-07-26 11:00:00,5.000000,0.640000
TP4,2026-07-26 11:05:00,4.666667,0.810000
TP4,2026-07-26 11:10:00,4.333333,0.440000
TP4,2026-07-26 11:15:00,4.000000,0.660000
TP4,2026-07-26 11:20:00,3.666667,0.670000
TP4,2026-07-26 11:25:00,3.333333,0.660000
TP4,2026-07-26 11:30:00,3.000000,0.880000
TP4,2026-07-26 11:35:00,2.666667,0.420000
TP4,2026-07-26 11:40:00,2.333333,0.250000
TP4,2026-07-26 11:45:00,2.000000,1.260000
TP4,2026-07-26 11:50:00,2.333333,1.160000
TP4,2026-07-26 11:55:00,2.666667,0.890000
TP4,2026-07-26 12:00:00,3.000000,0.460000
TP4,2026-07-26 12:05:00,3.333333,0.980000
TP4,2026-07-26 12:10:00,3.666667,1.020000
TP4,2026-07-26 12:15:00,4.000000,1.450000
TP4,2026-07-26 12:20:00,4.333333,0.550000
TP4,2026-07-26 12:25:00,4.666667,0.770000
TP4,2026-07-26 12:30:00,5.000000,1.560000
TP4,2026-07-26 12:35:00,5.333333,3.730000
TP4,2026-07-26 12:40:00,5.666667,2.310000
TP4,2026-07-26 12:45:00,6.000000,2.700000
TP4,2026-07-26 12:50:00,6.250000,4.040000
TP4,2026-07-26 12:55:00,6.500000,8.750000
TP4,2026-07-26 13:00:00,6.750000,6.850000
TP4,2026-07-26 13:05:00,7.000000,6.540000
TP4,2026-07-26 13:10:00,7.250000,1.730000
TP4,2026-07-26 13:15:00,7.500000,0.940000
TP4,2026-07-26 13:20:00,7.750000,0.300000
TP4,2026-07-26 13:25:00,8.000000,0.050000
TP4,2026-07-26 13:30:00,8.250000,-0.140000
TP4,2026-07-26 13:35:00,8.500000,-0.120000
TP4,2026-07-26 13:40:00,8.750000,-0.100000
TP4,2026-07-26 13:45:00,9.000000,-0.060000
TP4,2026-07-26 13:50:00,8.250000,-0.030000
TP4,2026-07-26 13:55:00,7.500000,-0.030000
TP4,2026-07-26 14:00:00,6.750000,-0.040000
TP4,2026-07-26 14:05:00,6.000000,0.040000
TP4,2026-07-26 14:10:00,5.250000,0.190000
TP4,2026-07-26 14:15:00,4.500000,0.080000
TP4,2026-07-26 14:20:00,3.750000,0.060000
TP4,2026-07-26 14:25:00,3.000000,0.070000
TP4,2026-07-26 14:30:00,2.250000,-0.040000
TP4,2026-07-26 14:35:00,1.500000,-0.020000
TP4,2026-07-26 14:40:00,0.750000,-0.010000
TP4,2026-07-26 14:45:00,0.000000,0.080000
TP4,2026-07-26 14:50:00,0.000000,0.060000
TP4,2026-07-26 14:55:00,0.000000,0.040000
TP4,2026-07-26 15:00:00,0.000000,0.110000
TP4,2026-07-26 15:05:00,0.000000,0.010000
TP4,2026-07-26 15:10:00,0.000000,0.080000
TP4,2026-07-26 15:15:00,0.000000,0.170000
TP4,2026-07-26 15:20:00,0.000000,0.260000
TP4,2026-07-26 15:25:00,0.000000,0.970000
TP4,2026-07-26 15:30:00,0.000000,2.140000
TP4,2026-07-26 15:35:00,0.000000,0.850000
TP4,2026-07-26 15:40:00,0.000000,1.490000
TP4,2026-07-26 15:45:00,0.000000,2.420000
TP4,2026-07-26 15:50:00,0.500000,2.360000
TP4,2026-07-26 15:55:00,1.000000,1.840000
TP4,2026-07-26 16:00:00,1.500000,1.350000
TP4,2026-07-26 16:05:00,2.000000,1.030000
TP4,2026-07-26 16:10:00,2.500000,1.150000
TP4,2026-07-26 16:15:00,3.000000,4.090000
TP4,2026-07-26 16:20:00,3.500000,4.070000
TP4,2026-07-26 16:25:00,4.000000,3.560000
TP4,2026-07-26 16:30:00,4.500000,3.110000
TP4,2026-07-26 16:35:00,5.000000,2.440000
TP4,2026-07-26 16:40:00,5.500000,2.040000
TP4,2026-07-26 16:45:00,6.000000,1.510000
TP4,2026-07-26 16:50:00,5.500000,1.380000
TP4,2026-07-26 16:55:00,5.000000,0.640000
TP4,2026-07-26 17:00:00,4.500000,0.510000
TP4,2026-07-26 17:05:00,4.000000,0.380000
TP4,2026-07-26 17:10:00,3.500000,0.260000
TP4,2026-07-26 17:15:00,3.000000,0.230000
TP4,2026-07-26 17:20:00,2.500000,0.270000
TP4,2026-07-26 17:25:00,2.000000,0.330000
TP4,2026-07-26 17:30:00,1.500000,0.280000
TP4,2026-07-26 17:35:00,1.000000,0.280000
TP4,2026-07-26 17:40:00,0.500000,0.300000
TP4,2026-07-26 17:45:00,0.000000,0.550000
TP4,2026-07-26 17:50:00,1.583333,0.950000
TP4,2026-07-26 17:55:00,3.166667,2.650000
TP4,2026-07-26 18:00:00,4.750000,4.300000
TP4,2026-07-26 18:05:00,6.333333,7.260000
TP4,2026-07-26 18:10:00,7.916667,11.470000
TP4,2026-07-26 18:15:00,9.500000,10.920000
TP4,2026-07-26 18:20:00,11.083333,12.470000
TP4,2026-07-26 18:25:00,12.666667,10.180000
TP4,2026-07-26 18:30:00,14.250000,3.860000
TP4,2026-07-26 18:35:00,15.833333,1.740000
TP4,2026-07-26 18:40:00,17.416667,0.790000
TP4,2026-07-26 18:45:00,19.000000,0.510000
TP4,2026-07-26 18:50:00,17.416667,0.410000
TP4,2026-07-26 18:55:00,15.833333,0.350000
TP4,2026-07-26 19:00:00,14.250000,0.330000
TP4,2026-07-26 19:05:00,12.666667,0.260000
TP4,2026-07-26 19:10:00,11.083333,0.280000
TP4,2026-07-26 19:15:00,9.500000,0.240000
TP4,2026-07-26 19:20:00,7.916667,0.300000
TP4,2026-07-26 19:25:00,6.333333,0.250000
TP4,2026-07-26 19:30:00,4.750000,0.260000
TP4,2026-07-26 19:35:00,3.166667,0.300000
TP4,2026-07-26 19:40:00,1.583333,0.260000
TP4,2026-07-26 19:45:00,0.000000,0.300000
TP4,2026-07-26 19:50:00,0.000000,0.220000
TP4,2026-07-26 19:55:00,0.000000,0.310000
TP4,2026-07-26 20:00:00,0.000000,0.250000
TP4,2026-07-26 20:05:00,0.000000,0.220000
TP4,2026-07-26 20:10:00,0.000000,0.230000
TP4,2026-07-26 20:15:00,0.000000,0.240000
TP4,2026-07-26 20:20:00,0.000000,0.260000
TP4,2026-07-26 20:25:00,0.000000,0.270000
TP4,2026-07-26 20:30:00,0.000000,0.280000
TP4,2026-07-26 20:35:00,0.000000,0.230000
TP4,2026-07-26 20:40:00,0.000000,0.260000
TP4,2026-07-26 20:45:00,0.000000,0.260000
TP4,2026-07-26 20:50:00,0.000000,0.200000
TP4,2026-07-26 20:55:00,0.000000,0.210000
TP4,2026-07-26 21:00:00,0.000000,0.220000
TP4,2026-07-26 21:05:00,0.000000,0.240000
TP4,2026-07-26 21:10:00,0.000000,0.210000
TP4,2026-07-26 21:15:00,0.000000,0.220000
TP4,2026-07-26 21:20:00,0.000000,0.290000
TP4,2026-07-26 21:25:00,0.000000,0.270000
TP4,2026-07-26 21:30:00,0.000000,0.450000
TP4,2026-07-26 21:35:00,0.000000,0.310000
TP4,2026-07-26 21:40:00,0.000000,0.260000
TP4,2026-07-26 21:45:00,0.000000,0.210000
TP4,2026-07-26 21:50:00,0.000000,0.220000
TP4,2026-07-26 21:55:00,0.000000,0.260000
TP4,2026-07-26 22:00:00,0.000000,0.370000
TP4,2026-07-26 22:05:00,0.000000,0.280000
TP4,2026-07-26 22:10:00,0.000000,0.220000
TP4,2026-07-26 22:15:00,0.000000,0.280000
TP4,2026-07-26 22:20:00,0.000000,0.250000
TP4,2026-07-26 22:25:00,0.000000,0.300000
TP4,2026-07-26 22:30:00,0.000000,0.320000
TP4,2026-07-26 22:35:00,0.000000,0.280000
TP4,2026-07-26 22:40:00,0.000000,0.210000
TP4,2026-07-26 22:45:00,0.000000,0.170000
TP4,2026-07-26 22:50:00,0.000000,0.320000
TP4,2026-07-26 22:55:00,0.000000,0.210000
TP4,2026-07-26 23:00:00,0.000000,0.180000
TP4,2026-07-26 23:05:00,0.000000,0.240000
TP4,2026-07-26 23:10:00,0.000000,0.310000
TP4,2026-07-26 23:15:00,0.000000,0.240000
TP4,2026-07-26 23:20:00,0.000000,0.280000
TP4,2026-07-26 23:25:00,0.000000,0.280000
TP4,2026-07-26 23:30:00,0.000000,0.320000
TP4,2026-07-26 23:35:00,0.000000,0.320000
TP4,2026-07-26 23:40:00,0.000000,0.380000
TP4,2026-07-26 23:45:00,0.000000,0.310000
TP4,2026-07-26 23:50:00,0.000000,0.270000
TP4,2026-07-26 23:55:00,0.000000,0.260000
TP4,2026-07-27 00:00:00,0.000000,0.550000
TP4,2026-07-27 00:05:00,0.000000,0.470000
TP4,2026-07-27 00:10:00,0.000000,1.610000
TP4,2026-07-27 00:15:00,0.000000,2.520000
TP4,2026-07-27 00:20:00,0.000000,2.810000
TP4,2026-07-27 00:25:00,0.000000,1.150000
TP4,2026-07-27 00:30:00,0.000000,0.780000
TP4,2026-07-27 00:35:00,0.000000,0.900000
TP4,2026-07-27 00:40:00,0.000000,0.410000
TP4,2026-07-27 00:45:00,0.000000,0.370000
TP4,2026-07-27 00:50:00,0.000000,0.240000
TP4,2026-07-27 00:55:00,0.000000,0.480000
TP4,2026-07-27 01:00:00,0.000000,0.950000
TP4,2026-07-27 01:05:00,0.000000,0.920000
TP4,2026-07-27 01:10:00,0.000000,1.480000
TP4,2026-07-27 01:15:00,0.000000,0.930000
TP4,2026-07-27 01:20:00,0.000000,0.570000
TP4,2026-07-27 01:25:00,0.000000,0.340000
TP4,2026-07-27 01:30:00,0.000000,0.300000
TP4,2026-07-27 01:35:00,0.000000,0.300000
TP4,2026-07-27 01:40:00,0.000000,0.190000
TP4,2026-07-27 01:45:00,0.000000,0.250000
TP4,2026-07-27 01:50:00,0.000000,0.150000
TP4,2026-07-27 01:55:00,0.000000,0.150000
TP4,2026-07-27 02:00:00,0.000000,0.140000
TP4,2026-07-27 02:05:00,0.000000,0.150000
TP4,2026-07-27 02:10:00,0.000000,0.140000
TP4,2026-07-27 02:15:00,0.000000,0.140000
TP4,2026-07-27 02:20:00,0.000000,0.190000
TP4,2026-07-27 02:25:00,0.000000,0.140000
TP4,2026-07-27 02:30:00,0.000000,0.210000
TP4,2026-07-27 02:35:00,0.000000,0.180000
TP4,2026-07-27 02:40:00,0.000000,0.120000
TP4,2026-07-27 02:45:00,0.000000,0.120000
TP4,2026-07-27 02:50:00,0.000000,0.720000
TP4,2026-07-27 02:55:00,0.000000,1.620000
TP4,2026-07-27 03:00:00,0.000000,0.930000
TP4,2026-07-27 03:05:00,0.000000,0.690000
TP4,2026-07-27 03:10:00,0.000000,0.800000
TP4,2026-07-27 03:15:00,0.000000,0.310000
TP4,2026-07-27 03:20:00,0.000000,0.260000
TP4,2026-07-27 03:25:00,0.000000,0.180000
TP4,2026-07-27 03:30:00,0.000000,0.160000
TP4,2026-07-27 03:35:00,0.000000,0.190000
TP4,2026-07-27 03:40:00,0.000000,0.040000
TP4,2026-07-27 03:45:00,0.000000,0.090000
TP4,2026-07-27 03:50:00,0.000000,0.010000
TP4,2026-07-27 03:55:00,0.000000,0.070000
TP4,2026-07-27 04:00:00,0.000000,0.000000
TP4,2026-07-27 04:05:00,0.000000,-0.050000
TP4,2026-07-27 04:10:00,0.000000,-0.080000
TP4,2026-07-27 04:15:00,0.000000,0.010000
TP4,2026-07-27 04:20:00,0.000000,0.020000
TP4,2026-07-27 04:25:00,0.000000,0.070000
TP4,2026-07-27 04:30:00,0.000000,0.190000
TP4,2026-07-27 04:35:00,0.000000,0.440000
TP4,2026-07-27 04:40:00,0.000000,1.480000
TP4,2026-07-27 04:45:00,0.000000,2.630000
TP4,2026-07-27 04:50:00,0.083333,2.250000
TP4,2026-07-27 04:55:00,0.166667,1.740000
TP4,2026-07-27 05:00:00,0.250000,0.810000
TP4,2026-07-27 05:05:00,0.333333,0.720000
TP4,2026-07-27 05:10:00,0.416667,1.110000
TP4,2026-07-27 05:15:00,0.500000,1.060000
TP4,2026-07-27 05:20:00,0.583333,0.780000
TP4,2026-07-27 05:25:00,0.666667,0.320000
TP4,2026-07-27 05:30:00,0.750000,0.080000
TP4,2026-07-27 05:35:00,0.833333,0.000000
TP4,2026-07-27 05:40:00,0.916667,-0.050000
TP4,2026-07-27 05:45:00,1.000000,0.010000
TP4,2026-07-27 05:50:00,1.000000,0.010000
TP4,2026-07-27 05:55:00,1.000000,0.080000
TP4,2026-07-27 06:00:00,1.000000,0.060000
TP4,2026-07-27 06:05:00,1.000000,0.250000
TP4,2026-07-27 06:10:00,1.000000,0.760000
TP4,2026-07-27 06:15:00,1.000000,0.760000
TP4,2026-07-27 06:20:00,1.000000,1.110000
TP4,2026-07-27 06:25:00,1.000000,1.300000
TP4,2026-07-27 06:30:00,1.000000,1.250000
TP4,2026-07-27 06:35:00,1.000000,1.870000
TP4,2026-07-27 06:40:00,1.000000,2.280000
TP4,2026-07-27 06:45:00,1.000000,2.560000
TP4,2026-07-27 06:50:00,1.000000,2.010000
TP4,2026-07-27 06:55:00,1.000000,1.290000
TP4,2026-07-27 07:00:00,1.000000,0.880000
TP4,2026-07-27 07:05:00,1.000000,0.910000
TP4,2026-07-27 07:10:00,1.000000,0.650000
TP4,2026-07-27 07:15:00,1.000000,0.510000
TP4,2026-07-27 07:20:00,1.000000,0.450000
TP4,2026-07-27 07:25:00,1.000000,0.540000
TP4,2026-07-27 07:30:00,1.000000,0.510000
TP4,2026-07-27 07:35:00,1.000000,0.450000
TP4,2026-07-27 07:40:00,1.000000,0.540000
TP4,2026-07-27 07:45:00,1.000000,0.620000
TP4,2026-07-27 07:50:00,0.983333,0.810000
TP4,2026-07-27 07:55:00,0.966667,0.810000
TP4,2026-07-27 08:00:00,0.950000,0.540000
TP4,2026-07-27 08:05:00,0.933333,0.470000
TP4,2026-07-27 08:10:00,0.916667,0.370000
TP4,2026-07-27 08:15:00,0.900000,0.350000
TP4,2026-07-27 08:20:00,0.883333,0.400000
TP4,2026-07-27 08:25:00,0.866667,0.080000
TP4,2026-07-27 08:30:00,0.850000,0.180000
TP4,2026-07-27 08:35:00,0.833333,0.030000
TP4,2026-07-27 08:40:00,0.816667,-0.030000
TP4,2026-07-27 08:45:00,0.800000,-0.130000
TP4,2026-07-27 08:50:00,0.783333,-0.170000
TP4,2026-07-27 08:55:00,0.766667,-0.130000
TP4,2026-07-27 09:00:00,0.750000,-0.170000
TP4,2026-07-27 09:05:00,0.733333,-0.160000
TP4,2026-07-27 09:10:00,0.716667,-0.100000
TP4,2026-07-27 09:15:00,0.700000,0.110000
TP4,2026-07-27 09:20:00,0.683333,-0.060000
TP4,2026-07-27 09:25:00,0.666667,-0.100000
TP4,2026-07-27 09:30:00,0.650000,-0.100000
TP4,2026-07-27 09:35:00,0.633333,-0.170000
TP4,2026-07-27 09:40:00,0.616667,-0.120000
TP4,2026-07-27 09:45:00,0.600000,-0.130000
TP4,2026-07-27 09:50:00,0.583333,-0.190000
TP4,2026-07-27 09:55:00,0.566667,-0.080000
TP4,2026-07-27 10:00:00,0.550000,-0.060000
TP4,2026-07-27 10:05:00,0.533333,-0.210000
TP4,2026-07-27 10:10:00,0.516667,-0.180000
TP4,2026-07-27 10:15:00,0.500000,-0.110000
TP4,2026-07-27 10:20:00,0.483333,-0.140000
TP4,2026-07-27 10:25:00,0.466667,-0.130000
TP4,2026-07-27 10:30:00,0.450000,-0.160000
TP4,2026-07-27 10:35:00,0.433333,-0.040000
TP4,2026-07-27 10:40:00,0.416667,0.050000
TP4,2026-07-27 10:45:00,0.400000,-0.010000
TP4,2026-07-27 10:50:00,0.383333,0.270000
TP4,2026-07-27 10:55:00,0.366667,0.070000
TP4,2026-07-27 11:00:00,0.350000,-0.060000
TP4,2026-07-27 11:05:00,0.333333,-0.080000
TP4,2026-07-27 11:10:00,0.316667,-0.150000
TP4,2026-07-27 11:15:00,0.300000,-0.040000
TP4,2026-07-27 11:20:00,0.283333,-0.070000
TP4,2026-07-27 11:25:00,0.266667,-0.070000
TP4,2026-07-27 11:30:00,0.250000,-0.060000
TP4,2026-07-27 11:35:00,0.233333,-0.070000
TP4,2026-07-27 11:40:00,0.216667,-0.070000
TP4,2026-07-27 11:45:00,0.200000,0.100000
TP4,2026-07-27 11:50:00,0.183333,0.060000
TP4,2026-07-27 11:55:00,0.166667,0.050000
TP4,2026-07-27 12:00:00,0.150000,0.010000
TP4,2026-07-27 12:05:00,0.133333,0.050000
TP4,2026-07-27 12:10:00,0.116667,0.170000
TP4,2026-07-27 12:15:00,0.100000,0.190000
TP4,2026-07-27 12:20:00,0.083333,0.220000
TP4,2026-07-27 12:25:00,0.066667,0.770000
TP4,2026-07-27 12:30:00,0.050000,0.350000
TP4,2026-07-27 12:35:00,0.033333,0.310000
TP4,2026-07-27 12:40:00,0.016667,0.210000
TP4,2026-07-27 12:45:00,0.000000,0.150000
TP4,2026-07-27 12:50:00,0.000000,0.110000
TP4,2026-07-27 12:55:00,0.000000,0.100000
TP4,2026-07-27 13:00:00,0.000000,0.110000
TP4,2026-07-27 13:05:00,0.000000,0.130000
TP4,2026-07-27 13:10:00,0.000000,0.110000
TP4,2026-07-27 13:15:00,0.000000,0.140000
TP4,2026-07-27 13:20:00,0.000000,0.140000
TP4,2026-07-27 13:25:00,0.000000,0.180000
TP4,2026-07-27 13:30:00,0.000000,0.220000
TP4,2026-07-27 13:35:00,0.000000,0.200000
TP4,2026-07-27 13:40:00,0.000000,0.170000
TP4,2026-07-27 13:45:00,0.000000,0.200000
TP4,2026-07-27 13:50:00,0.000000,0.240000
TP4,2026-07-27 13:55:00,0.000000,0.240000
TP4,2026-07-27 14:00:00,0.000000,0.220000
TP4,2026-07-27 14:05:00,0.000000,0.220000
TP4,2026-07-27 14:10:00,0.000000,0.260000
TP4,2026-07-27 14:15:00,0.000000,0.270000
TP4,2026-07-27 14:20:00,0.000000,0.310000
TP4,2026-07-27 14:25:00,0.000000,0.280000
TP4,2026-07-27 14:30:00,0.000000,0.330000
TP4,2026-07-27 14:35:00,0.000000,0.360000
TP4,2026-07-27 14:40:00,0.000000,0.410000
TP4,2026-07-27 14:45:00,0.000000,0.340000
TP4,2026-07-27 14:50:00,0.000000,0.370000
TP4,2026-07-27 14:55:00,0.000000,0.400000
TP4,2026-07-27 15:00:00,0.000000,0.410000
TP4,2026-07-27 15:05:00,0.000000,0.400000
TP4,2026-07-27 15:10:00,0.000000,0.430000
TP4,2026-07-27 15:15:00,0.000000,0.400000
TP4,2026-07-27 15:20:00,0.000000,0.410000
TP4,2026-07-27 15:25:00,0.000000,0.390000
TP4,2026-07-27 15:30:00,0.000000,0.420000
TP4,2026-07-27 15:35:00,0.000000,0.420000
TP4,2026-07-27 15:40:00,0.000000,0.450000
TP4,2026-07-27 15:45:00,0.000000,0.470000
TP4,2026-07-27 15:50:00,0.000000,0.480000
TP4,2026-07-27 15:55:00,0.000000,0.500000
TP4,2026-07-27 16:00:00,0.000000,0.500000
TP4,2026-07-27 16:05:00,0.000000,0.510000
TP4,2026-07-27 16:10:00,0.000000,0.550000
TP4,2026-07-27 16:15:00,0.000000,0.590000
TP4,2026-07-27 16:20:00,0.000000,0.570000
TP4,2026-07-27 16:25:00,0.000000,0.590000
TP4,2026-07-27 16:30:00,0.000000,0.600000
TP4,2026-07-27 16:35:00,0.000000,0.610000
TP4,2026-07-27 16:40:00,0.000000,0.660000
TP4,2026-07-27 16:45:00,0.000000,0.600000
TP4,2026-07-27 16:50:00,0.000000,0.590000
TP4,2026-07-27 16:55:00,0.000000,0.580000
TP4,2026-07-27 17:00:00,0.000000,0.630000
TP4,2026-07-27 17:05:00,0.000000,0.590000
TP4,2026-07-27 17:10:00,0.000000,0.590000
TP4,2026-07-27 17:15:00,0.000000,0.620000
TP4,2026-07-27 17:20:00,0.000000,0.620000
TP4,2026-07-27 17:25:00,0.000000,0.620000
TP4,2026-07-27 17:30:00,0.000000,0.660000
TP4,2026-07-27 17:35:00,0.000000,0.620000
TP4,2026-07-27 17:40:00,0.000000,0.600000
TP4,2026-07-27 17:45:00,0.000000,0.610000
TP4,2026-07-27 17:50:00,0.000000,0.640000
TP4,2026-07-27 17:55:00,0.000000,0.630000
TP4,2026-07-27 18:00:00,0.000000,0.650000
TP4,2026-07-27 18:05:00,0.000000,0.600000
TP4,2026-07-27 18:10:00,0.000000,0.630000
TP4,2026-07-27 18:15:00,0.000000,0.600000
TP4,2026-07-27 18:20:00,0.000000,0.600000
TP4,2026-07-27 18:25:00,0.000000,0.610000
TP4,2026-07-27 18:30:00,0.000000,0.670000
TP4,2026-07-27 18:35:00,0.000000,0.630000
TP4,2026-07-27 18:40:00,0.000000,0.610000
TP4,2026-07-27 18:45:00,0.000000,0.650000
TP4,2026-07-27 18:50:00,0.000000,0.620000
TP4,2026-07-27 18:55:00,0.000000,0.620000
TP4,2026-07-27 19:00:00,0.000000,0.620000
TP4,2026-07-27 19:05:00,0.000000,0.620000
TP4,2026-07-27 19:10:00,0.000000,0.610000
TP4,2026-07-27 19:15:00,0.000000,0.710000
TP4,2026-07-27 19:20:00,0.000000,0.600000
TP4,2026-07-27 19:25:00,0.000000,0.620000
TP4,2026-07-27 19:30:00,0.000000,0.640000
TP4,2026-07-27 19:35:00,0.000000,0.560000
TP4,2026-07-27 19:40:00,0.000000,0.530000
TP4,2026-07-27 19:45:00,0.000000,0.560000
TP4,2026-07-27 19:50:00,0.000000,0.530000
TP4,2026-07-27 19:55:00,0.000000,0.530000
TP4,2026-07-27 20:00:00,0.000000,0.480000
TP4,2026-07-27 20:05:00,0.000000,0.500000
TP4,2026-07-27 20:10:00,0.000000,0.510000
TP4,2026-07-27 20:15:00,0.000000,0.500000
TP4,2026-07-27 20:20:00,0.000000,0.480000
TP4,2026-07-27 20:25:00,0.000000,0.480000
TP4,2026-07-27 20:30:00,0.000000,0.440000
TP4,2026-07-27 20:35:00,0.000000,0.500000
TP4,2026-07-27 20:40:00,0.000000,0.460000
TP4,2026-07-27 20:45:00,0.000000,0.420000
TP4,2026-07-27 20:50:00,0.000000,0.410000
TP4,2026-07-27 20:55:00,0.000000,0.410000
TP4,2026-07-27 21:00:00,0.000000,0.390000
TP4,2026-07-27 21:05:00,0.000000,0.410000
TP4,2026-07-27 21:10:00,0.000000,0.440000
TP4,2026-07-27 21:15:00,0.000000,0.420000
TP4,2026-07-27 21:20:00,0.000000,0.400000
TP4,2026-07-27 21:25:00,0.000000,0.480000
TP4,2026-07-27 21:30:00,0.000000,0.400000
TP4,2026-07-27 21:35:00,0.000000,0.390000
TP4,2026-07-27 21:40:00,0.000000,0.520000
TP4,2026-07-27 21:45:00,0.000000,0.460000
TP4,2026-07-27 21:50:00,0.000000,0.470000
TP4,2026-07-27 21:55:00,0.000000,0.450000
TP4,2026-07-27 22:00:00,0.000000,0.490000
TP4,2026-07-27 22:05:00,0.000000,0.450000
TP4,2026-07-27 22:10:00,0.000000,0.410000
TP4,2026-07-27 22:15:00,0.000000,0.390000
TP4,2026-07-27 22:20:00,0.000000,0.380000
TP4,2026-07-27 22:25:00,0.000000,0.380000
TP4,2026-07-27 22:30:00,0.000000,0.470000
TP4,2026-07-27 22:35:00,0.000000,0.450000
TP4,2026-07-27 22:40:00,0.000000,0.370000
TP4,2026-07-27 22:45:00,0.000000,0.500000
TP4,2026-07-27 22:50:00,0.000000,0.400000
TP4,2026-07-27 22:55:00,0.000000,0.420000
TP4,2026-07-27 23:00:00,0.000000,0.390000
TP4,2026-07-27 23:05:00,0.000000,0.520000
TP4,2026-07-27 23:10:00,0.000000,0.650000
TP4,2026-07-27 23:15:00,0.000000,0.420000
TP4,2026-07-27 23:20:00,0.000000,0.430000
TP4,2026-07-27 23:25:00,0.000000,0.470000
TP4,2026-07-27 23:30:00,0.000000,0.480000
TP4,2026-07-27 23:35:00,0.000000,0.330000
TP4,2026-07-27 23:40:00,0.000000,0.380000
TP4,2026-07-27 23:45:00,0.000000,0.410000
TP4,2026-07-27 23:50:00,0.000000,0.360000
TP4,2026-07-27 23:55:00,0.000000,0.330000
TP4,2026-07-28 00:00:00,0.000000,0.320000
TP4,2026-07-28 00:05:00,0.000000,0.360000
TP4,2026-07-28 00:10:00,0.000000,0.340000
TP4,2026-07-28 00:15:00,0.000000,0.330000
TP4,2026-07-28 00:20:00,0.000000,0.330000
TP4,2026-07-28 00:25:00,0.000000,0.330000
TP4,2026-07-28 00:30:00,0.000000,0.300000
TP4,2026-07-28 00:35:00,0.000000,0.400000
TP4,2026-07-28 00:40:00,0.000000,0.300000
TP4,2026-07-28 00:45:00,0.000000,0.370000
TP4,2026-07-28 00:50:00,0.000000,0.340000
TP4,2026-07-28 00:55:00,0.000000,0.260000
TP4,2026-07-28 01:00:00,0.000000,0.300000
TP4,2026-07-28 01:05:00,0.000000,0.260000
TP4,2026-07-28 01:10:00,0.000000,0.310000
TP4,2026-07-28 01:15:00,0.000000,0.240000
TP4,2026-07-28 01:20:00,0.000000,0.320000
TP4,2026-07-28 01:25:00,0.000000,0.240000
TP4,2026-07-28 01:30:00,0.000000,0.290000
TP4,2026-07-28 01:35:00,0.000000,0.220000
TP4,2026-07-28 01:40:00,0.000000,0.250000
TP4,2026-07-28 01:45:00,0.000000,0.300000
TP4,2026-07-28 01:50:00,0.000000,0.240000
TP4,2026-07-28 01:55:00,0.000000,0.260000
TP4,2026-07-28 02:00:00,0.000000,0.210000
TP4,2026-07-28 02:05:00,0.000000,0.180000
TP4,2026-07-28 02:10:00,0.000000,0.200000
TP4,2026-07-28 02:15:00,0.000000,0.240000
TP4,2026-07-28 02:20:00,0.000000,0.210000
TP4,2026-07-28 02:25:00,0.000000,0.220000
TP4,2026-07-28 02:30:00,0.000000,0.200000
TP4,2026-07-28 02:35:00,0.000000,0.180000
TP4,2026-07-28 02:40:00,0.000000,0.170000
TP4,2026-07-28 02:45:00,0.000000,0.270000
TP4,2026-07-28 02:50:00,0.000000,0.190000
TP4,2026-07-28 02:55:00,0.000000,0.150000
TP4,2026-07-28 03:00:00,0.000000,0.140000
TP4,2026-07-28 03:05:00,0.000000,0.140000
TP4,2026-07-28 03:10:00,0.000000,0.240000
TP4,2026-07-28 03:15:00,0.000000,0.090000
TP4,2026-07-28 03:20:00,0.000000,0.150000
TP4,2026-07-28 03:25:00,0.000000,0.260000
TP4,2026-07-28 03:30:00,0.000000,0.250000
TP4,2026-07-28 03:35:00,0.000000,0.220000
TP4,2026-07-28 03:40:00,0.000000,0.170000
TP4,2026-07-28 03:45:00,0.000000,0.160000
TP4,2026-07-28 03:50:00,0.000000,0.090000
TP4,2026-07-28 03:55:00,0.000000,0.120000
TP4,2026-07-28 04:00:00,0.000000,0.130000
TP4,2026-07-28 04:05:00,0.000000,0.050000
TP4,2026-07-28 04:10:00,0.000000,0.080000
TP4,2026-07-28 04:15:00,0.000000,0.080000
TP4,2026-07-28 04:20:00,0.000000,0.070000
TP4,2026-07-28 04:25:00,0.000000,0.040000
TP4,2026-07-28 04:30:00,0.000000,0.050000
TP4,2026-07-28 04:35:00,0.000000,0.030000
TP4,2026-07-28 04:40:00,0.000000,0.070000
TP4,2026-07-28 04:45:00,0.000000,0.090000
TP4,2026-07-28 04:50:00,0.000000,0.050000
TP4,2026-07-28 04:55:00,0.000000,0.190000
TP4,2026-07-28 05:00:00,0.000000,0.010000
TP4,2026-07-28 05:05:00,0.000000,0.050000
TP4,2026-07-28 05:10:00,0.000000,0.050000
TP4,2026-07-28 05:15:00,0.000000,0.010000
TP4,2026-07-28 05:20:00,0.000000,0.010000
TP4,2026-07-28 05:25:00,0.000000,-0.020000
TP4,2026-07-28 05:30:00,0.000000,0.000000
TP4,2026-07-28 05:35:00,0.000000,-0.010000
TP4,2026-07-28 05:40:00,0.000000,-0.010000
TP4,2026-07-28 05:45:00,0.000000,-0.060000
TP4,2026-07-28 05:50:00,0.000000,-0.050000
TP4,2026-07-28 05:55:00,0.000000,-0.030000
TP4,2026-07-28 06:00:00,0.000000,0.510000
TP4,2026-07-28 06:05:00,0.000000,0.220000
TP4,2026-07-28 06:10:00,0.000000,0.210000
TP4,2026-07-28 06:15:00,0.000000,0.150000
TP4,2026-07-28 06:20:00,0.000000,0.100000
TP4,2026-07-28 06:25:00,0.000000,0.170000
TP4,2026-07-28 06:30:00,0.000000,0.170000
TP4,2026-07-28 06:35:00,0.000000,0.190000
TP4,2026-07-28 06:40:00,0.000000,0.190000
TP4,2026-07-28 06:45:00,0.000000,0.370000
TP4,2026-07-28 06:50:00,0.916667,0.160000
TP4,2026-07-28 06:55:00,1.833333,0.070000
TP4,2026-07-28 07:00:00,2.750000,0.060000
TP4,2026-07-28 07:05:00,3.666667,0.050000
TP4,2026-07-28 07:10:00,4.583333,0.170000
TP4,2026-07-28 07:15:00,5.500000,0.330000
TP4,2026-07-28 07:20:00,6.416667,0.620000
TP4,2026-07-28 07:25:00,7.333333,2.980000
TP4,2026-07-28 07:30:00,8.250000,14.060000
TP4,2026-07-28 07:35:00,9.166667,17.960000
TP4,2026-07-28 07:40:00,10.083333,18.830000
TP4,2026-07-28 07:45:00,11.000000,24.700000
TP4,2026-07-28 07:50:00,11.666667,7.100000
TP4,2026-07-28 07:55:00,12.333333,1.780000
TP4,2026-07-28 08:00:00,13.000000,0.460000
TP4,2026-07-28 08:05:00,13.666667,0.390000
TP4,2026-07-28 08:10:00,14.333333,0.350000
TP4,2026-07-28 08:15:00,15.000000,0.180000
TP4,2026-07-28 08:20:00,15.666667,-0.110000
TP4,2026-07-28 08:25:00,16.333333,-0.100000
TP4,2026-07-28 08:30:00,17.000000,0.070000
TP4,2026-07-28 08:35:00,17.666667,0.620000
TP4,2026-07-28 08:40:00,18.333333,1.760000
TP4,2026-07-28 08:45:00,19.000000,1.730000
TP4,2026-07-28 08:50:00,18.833333,2.600000
TP4,2026-07-28 08:55:00,18.666667,3.010000
TP4,2026-07-28 09:00:00,18.500000,3.850000
TP4,2026-07-28 09:05:00,18.333333,5.500000
TP4,2026-07-28 09:10:00,18.166667,2.800000
TP4,2026-07-28 09:15:00,18.000000,4.200000
TP4,2026-07-28 09:20:00,17.833333,2.830000
TP4,2026-07-28 09:25:00,17.666667,3.440000
TP4,2026-07-28 09:30:00,17.500000,4.920000
TP4,2026-07-28 09:35:00,17.333333,13.790000
TP4,2026-07-28 09:40:00,17.166667,11.670000
TP4,2026-07-28 09:45:00,17.000000,3.840000
TP4,2026-07-28 09:50:00,16.250000,3.740000
TP4,2026-07-28 09:55:00,15.500000,2.840000
TP4,2026-07-28 10:00:00,14.750000,5.900000
TP4,2026-07-28 10:05:00,14.000000,4.030000
TP4,2026-07-28 10:10:00,13.250000,3.840000
TP4,2026-07-28 10:15:00,12.500000,1.710000
TP4,2026-07-28 10:20:00,11.750000,1.500000
TP4,2026-07-28 10:25:00,11.000000,1.490000
TP4,2026-07-28 10:30:00,10.250000,1.260000
TP4,2026-07-28 10:35:00,9.500000,1.290000
TP4,2026-07-28 10:40:00,8.750000,0.660000
TP4,2026-07-28 10:45:00,8.000000,0.340000
TP4,2026-07-28 10:50:00,7.333333,0.160000
TP4,2026-07-28 10:55:00,6.666667,-0.090000
TP4,2026-07-28 11:00:00,6.000000,-0.140000
TP4,2026-07-28 11:05:00,5.333333,-0.150000
TP4,2026-07-28 11:10:00,4.666667,-0.250000
TP4,2026-07-28 11:15:00,4.000000,-0.250000
TP4,2026-07-28 11:20:00,3.333333,-0.280000
TP4,2026-07-28 11:25:00,2.666667,-0.280000
TP4,2026-07-28 11:30:00,2.000000,-0.260000
TP4,2026-07-28 11:35:00,1.333333,-0.220000
TP4,2026-07-28 11:40:00,0.666667,-0.190000
TP4,2026-07-28 11:45:00,0.000000,-0.190000
TP4,2026-07-28 11:50:00,0.000000,1.380000
TP4,2026-07-28 11:55:00,0.000000,1.990000
TP4,2026-07-28 12:00:00,0.000000,2.520000
TP4,2026-07-28 12:05:00,0.000000,2.220000
TP4,2026-07-28 12:10:00,0.000000,1.120000
TP4,2026-07-28 12:15:00,0.000000,0.290000
TP4,2026-07-28 12:20:00,0.000000,0.970000
TP4,2026-07-28 12:25:00,0.000000,0.660000
TP4,2026-07-28 12:30:00,0.000000,0.880000
TP4,2026-07-28 12:35:00,0.000000,0.450000
TP4,2026-07-28 12:40:00,0.000000,1.500000
TP4,2026-07-28 12:45:00,0.000000,0.660000
TP4,2026-07-28 12:50:00,0.083333,0.840000
TP4,2026-07-28 12:55:00,0.166667,2.680000
TP4,2026-07-28 13:00:00,0.250000,4.160000
TP4,2026-07-28 13:05:00,0.333333,5.430000
TP4,2026-07-28 13:10:00,0.416667,0.720000
TP4,2026-07-28 13:15:00,0.500000,0.820000
TP4,2026-07-28 13:20:00,0.583333,0.400000
TP4,2026-07-28 13:25:00,0.666667,0.120000
TP4,2026-07-28 13:30:00,0.750000,0.150000
TP4,2026-07-28 13:35:00,0.833333,0.080000
TP4,2026-07-28 13:40:00,0.916667,0.070000
TP4,2026-07-28 13:45:00,1.000000,0.080000
TP4,2026-07-28 13:50:00,0.916667,0.170000
TP4,2026-07-28 13:55:00,0.833333,0.250000
TP4,2026-07-28 14:00:00,0.750000,0.200000
TP4,2026-07-28 14:05:00,0.666667,0.120000
TP4,2026-07-28 14:10:00,0.583333,0.250000
TP4,2026-07-28 14:15:00,0.500000,0.260000
TP4,2026-07-28 14:20:00,0.416667,0.260000
TP4,2026-07-28 14:25:00,0.333333,0.260000
TP4,2026-07-28 14:30:00,0.250000,0.260000
TP4,2026-07-28 14:35:00,0.166667,0.330000
TP4,2026-07-28 14:40:00,0.083333,0.290000
TP4,2026-07-28 14:45:00,0.000000,0.290000
TP4,2026-07-28 14:50:00,0.000000,0.310000
TP4,2026-07-28 14:55:00,0.000000,0.370000
TP4,2026-07-28 15:00:00,0.000000,0.480000
TP4,2026-07-28 15:05:00,0.000000,0.460000
TP4,2026-07-28 15:10:00,0.000000,0.390000
TP4,2026-07-28 15:15:00,0.000000,0.470000
TP4,2026-07-28 15:20:00,0.000000,0.440000
TP4,2026-07-28 15:25:00,0.000000,0.520000
TP4,2026-07-28 15:30:00,0.000000,0.550000
TP4,2026-07-28 15:35:00,0.000000,0.640000
TP4,2026-07-28 15:40:00,0.000000,0.630000
TP4,2026-07-28 15:45:00,0.000000,0.540000
TP4,2026-07-28 15:50:00,0.000000,0.580000
TP4,2026-07-28 15:55:00,0.000000,0.660000
TP4,2026-07-28 16:00:00,0.000000,0.920000
TP4,2026-07-28 16:05:00,0.000000,0.600000
TP4,2026-07-28 16:10:00,0.000000,1.020000
TP4,2026-07-28 16:15:00,0.000000,0.650000
TP4,2026-07-28 16:20:00,0.000000,0.620000
TP4,2026-07-28 16:25:00,0.000000,0.710000
TP4,2026-07-28 16:30:00,0.000000,0.620000
TP4,2026-07-28 16:35:00,0.000000,0.680000
TP4,2026-07-28 16:40:00,0.000000,0.710000
TP4,2026-07-28 16:45:00,0.000000,0.660000
TP4,2026-07-28 16:50:00,0.000000,0.670000
TP4,2026-07-28 16:55:00,0.000000,0.670000
TP4,2026-07-28 17:00:00,0.000000,0.740000
TP4,2026-07-28 17:05:00,0.000000,0.700000
TP4,2026-07-28 17:10:00,0.000000,0.690000
TP4,2026-07-28 17:15:00,0.000000,0.800000
TP4,2026-07-28 17:20:00,0.000000,0.840000
TP4,2026-07-28 17:25:00,0.000000,0.740000
TP4,2026-07-28 17:30:00,0.000000,0.720000
TP4,2026-07-28 17:35:00,0.000000,0.680000
TP4,2026-07-28 17:40:00,0.000000,0.690000
TP4,2026-07-28 17:45:00,0.000000,0.690000
TP4,2026-07-28 17:50:00,0.000000,0.690000
TP4,2026-07-28 17:55:00,0.000000,0.680000
TP4,2026-07-28 18:00:00,0.000000,0.790000
TP4,2026-07-28 18:05:00,0.000000,0.720000
TP4,2026-07-28 18:10:00,0.000000,0.680000
TP4,2026-07-28 18:15:00,0.000000,0.710000
TP4,2026-07-28 18:20:00,0.000000,0.710000
TP4,2026-07-28 18:25:00,0.000000,0.720000
TP4,2026-07-28 18:30:00,0.000000,0.870000
TP4,2026-07-28 18:35:00,0.000000,1.130000
TP4,2026-07-28 18:40:00,0.000000,1.420000
TP4,2026-07-28 18:45:00,0.000000,1.050000
TP4,2026-07-28 18:50:00,0.083333,4.270000
TP4,2026-07-28 18:55:00,0.166667,3.630000
TP4,2026-07-28 19:00:00,0.250000,1.730000
TP4,2026-07-28 19:05:00,0.333333,0.910000
TP4,2026-07-28 19:10:00,0.416667,0.810000
TP4,2026-07-28 19:15:00,0.500000,0.690000
TP4,2026-07-28 19:20:00,0.583333,0.700000
TP4,2026-07-28 19:25:00,0.666667,0.650000
TP4,2026-07-28 19:30:00,0.750000,0.660000
TP4,2026-07-28 19:35:00,0.833333,0.660000
TP4,2026-07-28 19:40:00,0.916667,0.730000
TP4,2026-07-28 19:45:00,1.000000,0.770000
TP4,2026-07-28 19:50:00,0.916667,1.000000
TP4,2026-07-28 19:55:00,0.833333,0.980000
TP4,2026-07-28 20:00:00,0.750000,0.950000
TP4,2026-07-28 20:05:00,0.666667,0.930000
TP4,2026-07-28 20:10:00,0.583333,0.870000
TP4,2026-07-28 20:15:00,0.500000,0.830000
TP4,2026-07-28 20:20:00,0.416667,0.820000
TP4,2026-07-28 20:25:00,0.333333,0.830000
TP4,2026-07-28 20:30:00,0.250000,0.880000
TP4,2026-07-28 20:35:00,0.166667,0.970000
TP4,2026-07-28 20:40:00,0.083333,1.070000
TP4,2026-07-28 20:45:00,0.000000,1.200000
TP4,2026-07-28 20:50:00,0.000000,2.150000
TP4,2026-07-28 20:55:00,0.000000,2.080000
TP4,2026-07-28 21:00:00,0.000000,1.180000
TP4,2026-07-28 21:05:00,0.000000,1.030000
TP4,2026-07-28 21:10:00,0.000000,0.850000
TP4,2026-07-28 21:15:00,0.000000,0.710000
TP4,2026-07-28 21:20:00,0.000000,0.640000
TP4,2026-07-28 21:25:00,0.000000,0.620000
TP4,2026-07-28 21:30:00,0.000000,0.600000
TP4,2026-07-28 21:35:00,0.000000,0.550000
TP4,2026-07-28 21:40:00,0.000000,0.590000
TP4,2026-07-28 21:45:00,0.000000,0.670000
TP4,2026-07-28 21:50:00,0.000000,0.520000
TP4,2026-07-28 21:55:00,0.000000,0.560000
TP4,2026-07-28 22:00:00,0.000000,0.510000
TP4,2026-07-28 22:05:00,0.000000,0.540000
TP4,2026-07-28 22:10:00,0.000000,0.550000
TP4,2026-07-28 22:15:00,0.000000,0.640000
TP4,2026-07-28 22:20:00,0.000000,0.840000
TP4,2026-07-28 22:25:00,0.000000,2.300000
TP4,2026-07-28 22:30:00,0.000000,1.870000
TP4,2026-07-28 22:35:00,0.000000,1.660000
TP4,2026-07-28 22:40:00,0.000000,2.120000
TP4,2026-07-28 22:45:00,0.000000,1.850000
TP4,2026-07-28 22:50:00,0.000000,3.290000
TP4,2026-07-28 22:55:00,0.000000,2.520000
TP4,2026-07-28 23:00:00,0.000000,1.440000
TP4,2026-07-28 23:05:00,0.000000,1.280000
TP4,2026-07-28 23:10:00,0.000000,0.670000
TP4,2026-07-28 23:15:00,0.000000,0.570000
TP4,2026-07-28 23:20:00,0.000000,0.520000
TP4,2026-07-28 23:25:00,0.000000,0.580000
TP4,2026-07-28 23:30:00,0.000000,0.550000
TP4,2026-07-28 23:35:00,0.000000,0.540000
TP4,2026-07-28 23:40:00,0.000000,0.790000
TP4,2026-07-28 23:45:00,0.000000,1.040000
TP4,2026-07-28 23:50:00,0.000000,1.050000
TP4,2026-07-28 23:55:00,0.000000,0.980000
TP4,2026-07-29 00:00:00,0.000000,0.730000
TP4,2026-07-29 00:05:00,0.000000,0.560000
TP4,2026-07-29 00:10:00,0.000000,0.530000
TP4,2026-07-29 00:15:00,0.000000,0.580000
TP4,2026-07-29 00:20:00,0.000000,0.700000
TP4,2026-07-29 00:25:00,0.000000,0.590000
TP4,2026-07-29 00:30:00,0.000000,0.910000
TP4,2026-07-29 00:35:00,0.000000,0.790000
TP4,2026-07-29 00:40:00,0.000000,0.670000
TP4,2026-07-29 00:45:00,0.000000,0.610000
TP4,2026-07-29 00:50:00,0.166667,0.510000
TP4,2026-07-29 00:55:00,0.333333,0.770000
TP4,2026-07-29 01:00:00,0.500000,0.750000
TP4,2026-07-29 01:05:00,0.666667,0.570000
TP4,2026-07-29 01:10:00,0.833333,0.550000
TP4,2026-07-29 01:15:00,1.000000,0.530000
TP4,2026-07-29 01:20:00,1.166667,5.690000
TP4,2026-07-29 01:25:00,1.333333,5.700000
TP4,2026-07-29 01:30:00,1.500000,0.890000
TP4,2026-07-29 01:35:00,1.666667,0.510000
TP4,2026-07-29 01:40:00,1.833333,0.370000
TP4,2026-07-29 01:45:00,2.000000,0.380000
TP4,2026-07-29 01:50:00,1.833333,0.320000
TP4,2026-07-29 01:55:00,1.666667,0.350000
TP4,2026-07-29 02:00:00,1.500000,0.330000
TP4,2026-07-29 02:05:00,1.333333,0.510000
TP4,2026-07-29 02:10:00,1.166667,0.270000
TP4,2026-07-29 02:15:00,1.000000,0.320000
TP4,2026-07-29 02:20:00,0.833333,0.310000
TP4,2026-07-29 02:25:00,0.666667,0.240000
TP4,2026-07-29 02:30:00,0.500000,0.520000
TP4,2026-07-29 02:35:00,0.333333,0.730000
TP4,2026-07-29 02:40:00,0.166667,1.560000
TP4,2026-07-29 02:45:00,0.000000,0.390000
TP4,2026-07-29 02:50:00,0.000000,0.310000
TP4,2026-07-29 02:55:00,0.000000,0.250000
TP4,2026-07-29 03:00:00,0.000000,0.220000
TP4,2026-07-29 03:05:00,0.000000,0.420000
TP4,2026-07-29 03:10:00,0.000000,0.360000
TP4,2026-07-29 03:15:00,0.000000,0.350000
TP4,2026-07-29 03:20:00,0.000000,0.300000
TP4,2026-07-29 03:25:00,0.000000,0.240000
TP4,2026-07-29 03:30:00,0.000000,0.210000
TP4,2026-07-29 03:35:00,0.000000,0.180000
TP4,2026-07-29 03:40:00,0.000000,1.100000
TP4,2026-07-29 03:45:00,0.000000,2.090000
TP4,2026-07-29 03:50:00,0.916667,9.110000
TP4,2026-07-29 03:55:00,1.833333,13.500000
TP4,2026-07-29 04:00:00,2.750000,21.650000
TP4,2026-07-29 04:05:00,3.666667,1.040000
TP4,2026-07-29 04:10:00,4.583333,0.820000
TP4,2026-07-29 04:15:00,5.500000,0.470000
TP4,2026-07-29 04:20:00,6.416667,1.520000
TP4,2026-07-29 04:25:00,7.333333,0.840000
TP4,2026-07-29 04:30:00,8.250000,0.410000
TP4,2026-07-29 04:35:00,9.166667,1.500000
TP4,2026-07-29 04:40:00,10.083333,1.120000
TP4,2026-07-29 04:45:00,11.000000,0.480000
TP4,2026-07-29 04:50:00,10.166667,0.440000
TP4,2026-07-29 04:55:00,9.333333,0.330000
TP4,2026-07-29 05:00:00,8.500000,0.450000
TP4,2026-07-29 05:05:00,7.666667,0.430000
TP4,2026-07-29 05:10:00,6.833333,0.680000
TP4,2026-07-29 05:15:00,6.000000,1.070000
TP4,2026-07-29 05:20:00,5.166667,1.510000
TP4,2026-07-29 05:25:00,4.333333,1.530000
TP4,2026-07-29 05:30:00,3.500000,1.730000
TP4,2026-07-29 05:35:00,2.666667,1.950000
TP4,2026-07-29 05:40:00,1.833333,1.570000
TP4,2026-07-29 05:45:00,1.000000,5.360000
TP4,2026-07-29 05:50:00,1.833333,7.610000
TP4,2026-07-29 05:55:00,2.666667,3.550000
TP4,2026-07-29 06:00:00,3.500000,7.230000
TP4,2026-07-29 06:05:00,4.333333,3.330000
TP4,2026-07-29 06:10:00,5.166667,8.450000
TP4,2026-07-29 06:15:00,6.000000,7.480000
TP4,2026-07-29 06:20:00,6.833333,6.060000
TP4,2026-07-29 06:25:00,7.666667,5.200000
TP4,2026-07-29 06:30:00,8.500000,3.010000
TP4,2026-07-29 06:35:00,9.333333,1.570000
TP4,2026-07-29 06:40:00,10.166667,1.440000
TP4,2026-07-29 06:45:00,11.000000,1.380000
TP4,2026-07-29 06:50:00,10.333333,1.790000
TP4,2026-07-29 06:55:00,9.666667,2.410000
TP4,2026-07-29 07:00:00,9.000000,1.570000
TP4,2026-07-29 07:05:00,8.333333,1.540000
TP4,2026-07-29 07:10:00,7.666667,1.650000
TP4,2026-07-29 07:15:00,7.000000,1.830000
TP4,2026-07-29 07:20:00,6.333333,1.960000
TP4,2026-07-29 07:25:00,5.666667,1.860000
TP4,2026-07-29 07:30:00,5.000000,1.370000
TP4,2026-07-29 07:35:00,4.333333,1.480000
TP4,2026-07-29 07:40:00,3.666667,1.050000
TP4,2026-07-29 07:45:00,3.000000,0.610000
TP4,2026-07-29 07:50:00,2.833333,0.980000
TP4,2026-07-29 07:55:00,2.666667,1.050000
TP4,2026-07-29 08:00:00,2.500000,1.480000
TP4,2026-07-29 08:05:00,2.333333,0.950000
TP4,2026-07-29 08:10:00,2.166667,1.120000
TP4,2026-07-29 08:15:00,2.000000,1.250000
TP4,2026-07-29 08:20:00,1.833333,1.620000
TP4,2026-07-29 08:25:00,1.666667,1.330000
TP4,2026-07-29 08:30:00,1.500000,1.130000
TP4,2026-07-29 08:35:00,1.333333,0.830000
TP4,2026-07-29 08:40:00,1.166667,0.770000
TP4,2026-07-29 08:45:00,1.000000,0.760000
TP4,2026-07-29 08:50:00,1.000000,0.640000
TP4,2026-07-29 08:55:00,1.000000,1.200000
TP4,2026-07-29 09:00:00,1.000000,0.670000
TP4,2026-07-29 09:05:00,1.000000,0.560000
TP4,2026-07-29 09:10:00,1.000000,0.670000
TP4,2026-07-29 09:15:00,1.000000,0.670000
TP4,2026-07-29 09:20:00,1.000000,1.070000
TP4,2026-07-29 09:25:00,1.000000,1.600000
TP4,2026-07-29 09:30:00,1.000000,1.610000
TP4,2026-07-29 09:35:00,1.000000,1.970000
TP4,2026-07-29 09:40:00,1.000000,1.810000
TP4,2026-07-29 09:45:00,1.000000,1.760000
TP4,2026-07-29 09:50:00,1.166667,1.460000
TP4,2026-07-29 09:55:00,1.333333,1.710000
TP4,2026-07-29 10:00:00,1.500000,1.380000
TP4,2026-07-29 10:05:00,1.666667,1.070000
TP4,2026-07-29 10:10:00,1.833333,1.060000
TP4,2026-07-29 10:15:00,2.000000,0.970000
TP4,2026-07-29 10:20:00,2.166667,1.160000
TP4,2026-07-29 10:25:00,2.333333,1.830000
TP4,2026-07-29 10:30:00,2.500000,1.740000
TP4,2026-07-29 10:35:00,2.666667,1.370000
TP4,2026-07-29 10:40:00,2.833333,1.460000
TP4,2026-07-29 10:45:00,3.000000,1.370000
TP4,2026-07-29 10:50:00,2.916667,1.330000
TP4,2026-07-29 10:55:00,2.833333,1.300000
TP4,2026-07-29 11:00:00,2.750000,1.190000
TP4,2026-07-29 11:05:00,2.666667,0.800000
TP4,2026-07-29 11:10:00,2.583333,1.000000
TP4,2026-07-29 11:15:00,2.500000,1.020000
TP4,2026-07-29 11:20:00,2.416667,1.310000
TP4,2026-07-29 11:25:00,2.333333,1.140000
TP4,2026-07-29 11:30:00,2.250000,0.730000
TP4,2026-07-29 11:35:00,2.166667,0.760000
TP4,2026-07-29 11:40:00,2.083333,0.940000
TP4,2026-07-29 11:45:00,2.000000,0.900000
TP4,2026-07-29 11:50:00,1.833333,0.710000
TP4,2026-07-29 11:55:00,1.666667,0.870000
TP4,2026-07-29 12:00:00,1.500000,0.760000
TP4,2026-07-29 12:05:00,1.333333,0.900000
TP4,2026-07-29 12:10:00,1.166667,0.640000
TP4,2026-07-29 12:15:00,1.000000,0.440000
TP4,2026-07-29 12:20:00,0.833333,0.460000
TP4,2026-07-29 12:25:00,0.666667,0.400000
TP4,2026-07-29 12:30:00,0.500000,0.470000
TP4,2026-07-29 12:35:00,0.333333,0.620000
TP4,2026-07-29 12:40:00,0.166667,0.880000
TP4,2026-07-29 12:45:00,0.000000,0.930000
TP4,2026-07-29 12:50:00,0.000000,1.490000
TP4,2026-07-29 12:55:00,0.000000,1.610000
TP4,2026-07-29 13:00:00,0.000000,0.860000
TP4,2026-07-29 13:05:00,0.000000,0.570000
TP4,2026-07-29 13:10:00,0.000000,0.520000
TP4,2026-07-29 13:15:00,0.000000,0.430000
TP4,2026-07-29 13:20:00,0.000000,0.450000
TP4,2026-07-29 13:25:00,0.000000,0.290000
TP4,2026-07-29 13:30:00,0.000000,0.230000
TP4,2026-07-29 13:35:00,0.000000,0.170000
TP4,2026-07-29 13:40:00,0.000000,0.270000
TP4,2026-07-29 13:45:00,0.000000,0.390000
TP4,2026-07-29 13:50:00,0.000000,0.430000
TP4,2026-07-29 13:55:00,0.000000,0.500000
TP4,2026-07-29 14:00:00,0.000000,0.560000
TP4,2026-07-29 14:05:00,0.000000,0.680000
TP4,2026-07-29 14:10:00,0.000000,0.630000
TP4,2026-07-29 14:15:00,0.000000,0.590000
TP4,2026-07-29 14:20:00,0.000000,0.590000
TP4,2026-07-29 14:25:00,0.000000,0.660000
TP4,2026-07-29 14:30:00,0.000000,0.610000
TP4,2026-07-29 14:35:00,0.000000,0.500000
TP4,2026-07-29 14:40:00,0.000000,0.520000
TP4,2026-07-29 14:45:00,0.000000,0.500000
TP4,2026-07-29 14:50:00,0.000000,0.780000
TP4,2026-07-29 14:55:00,0.000000,0.590000
TP4,2026-07-29 15:00:00,0.000000,1.100000
TP4,2026-07-29 15:05:00,0.000000,0.560000
TP4,2026-07-29 15:10:00,0.000000,0.480000
TP4,2026-07-29 15:15:00,0.000000,0.530000
TP4,2026-07-29 15:20:00,0.000000,0.630000
TP4,2026-07-29 15:25:00,0.000000,0.810000
TP4,2026-07-29 15:30:00,0.000000,0.950000
TP4,2026-07-29 15:35:00,0.000000,0.690000
TP4,2026-07-29 15:40:00,0.000000,0.670000
TP4,2026-07-29 15:45:00,0.000000,0.790000
TP4,2026-07-29 15:50:00,0.000000,0.840000
TP4,2026-07-29 15:55:00,0.000000,1.000000
TP4,2026-07-29 16:00:00,0.000000,0.880000
TP4,2026-07-29 16:05:00,0.000000,0.950000
TP4,2026-07-29 16:10:00,0.000000,1.130000
TP4,2026-07-29 16:15:00,0.000000,1.200000
TP4,2026-07-29 16:20:00,0.000000,1.160000
TP4,2026-07-29 16:25:00,0.000000,1.120000
TP4,2026-07-29 16:30:00,0.000000,1.140000
TP4,2026-07-29 16:35:00,0.000000,1.140000
TP4,2026-07-29 16:40:00,0.000000,1.170000
TP4,2026-07-29 16:45:00,0.000000,1.200000
TP4,2026-07-29 16:50:00,0.000000,0.980000
TP4,2026-07-29 16:55:00,0.000000,0.950000
TP4,2026-07-29 17:00:00,0.000000,0.920000
TP4,2026-07-29 17:05:00,0.000000,1.160000
TP4,2026-07-29 17:10:00,0.000000,0.880000
TP4,2026-07-29 17:15:00,0.000000,1.270000
TP4,2026-07-29 17:20:00,0.000000,10.740000
TP4,2026-07-29 17:25:00,0.000000,5.900000
TP4,2026-07-29 17:30:00,0.000000,2.650000
TP4,2026-07-29 17:35:00,0.000000,1.420000
TP4,2026-07-29 17:40:00,0.000000,1.160000
TP4,2026-07-29 17:45:00,0.000000,0.990000
TP4,2026-07-29 17:50:00,0.000000,1.210000
TP4,2026-07-29 17:55:00,0.000000,1.450000
TP4,2026-07-29 18:00:00,0.000000,1.410000
TP4,2026-07-29 18:05:00,0.000000,1.260000
TP4,2026-07-29 18:10:00,0.000000,1.250000
TP4,2026-07-29 18:15:00,0.000000,1.510000
TP4,2026-07-29 18:20:00,0.000000,1.390000
TP4,2026-07-29 18:25:00,0.000000,1.550000
TP4,2026-07-29 18:30:00,0.000000,1.560000
TP4,2026-07-29 18:35:00,0.000000,1.550000
TP4,2026-07-29 18:40:00,0.000000,2.100000
TP4,2026-07-29 18:45:00,0.000000,1.840000
TP4,2026-07-29 18:50:00,0.000000,1.510000
TP4,2026-07-29 18:55:00,0.000000,1.380000
TP4,2026-07-29 19:00:00,0.000000,1.230000
TP4,2026-07-29 19:05:00,0.000000,1.630000
TP4,2026-07-29 19:10:00,0.000000,1.710000
TP4,2026-07-29 19:15:00,0.000000,1.320000
TP4,2026-07-29 19:20:00,0.000000,1.690000
TP4,2026-07-29 19:25:00,0.000000,1.720000
TP4,2026-07-29 19:30:00,0.000000,1.670000
TP4,2026-07-29 19:35:00,0.000000,2.510000
TP4,2026-07-29 19:40:00,0.000000,2.160000
TP4,2026-07-29 19:45:00,0.000000,4.920000
TP4,2026-07-29 19:50:00,0.000000,6.900000
TP4,2026-07-29 19:55:00,0.000000,2.440000
TP4,2026-07-29 20:00:00,0.000000,3.980000
TP4,2026-07-29 20:05:00,0.000000,1.650000
TP4,2026-07-29 20:10:00,0.000000,1.220000
TP4,2026-07-29 20:15:00,0.000000,1.150000
TP4,2026-07-29 20:20:00,0.000000,2.140000
TP4,2026-07-29 20:25:00,0.000000,1.480000
TP4,2026-07-29 20:30:00,0.000000,1.280000
TP4,2026-07-29 20:35:00,0.000000,1.000000
TP4,2026-07-29 20:40:00,0.000000,1.600000
TP4,2026-07-29 20:45:00,0.000000,1.150000
TP4,2026-07-29 20:50:00,0.000000,1.120000
TP4,2026-07-29 20:55:00,0.000000,0.960000
TP4,2026-07-29 21:00:00,0.000000,0.930000
TP4,2026-07-29 21:05:00,0.000000,1.260000
TP4,2026-07-29 21:10:00,0.000000,0.990000
TP4,2026-07-29 21:15:00,0.000000,0.870000
TP4,2026-07-29 21:20:00,0.000000,0.890000
TP4,2026-07-29 21:25:00,0.000000,0.860000
TP4,2026-07-29 21:30:00,0.000000,0.820000
TP4,2026-07-29 21:35:00,0.000000,0.830000
TP4,2026-07-29 21:40:00,0.000000,0.970000
TP4,2026-07-29 21:45:00,0.000000,0.900000
TP4,2026-07-29 21:50:00,0.000000,1.020000
TP4,2026-07-29 21:55:00,0.000000,1.500000
TP4,2026-07-29 22:00:00,0.000000,1.050000
TP4,2026-07-29 22:05:00,0.000000,0.920000
TP4,2026-07-29 22:10:00,0.000000,0.760000
TP4,2026-07-29 22:15:00,0.000000,0.980000
TP4,2026-07-29 22:20:00,0.000000,0.860000
TP4,2026-07-29 22:25:00,0.000000,0.720000
TP4,2026-07-29 22:30:00,0.000000,0.770000
TP4,2026-07-29 22:35:00,0.000000,0.670000
TP4,2026-07-29 22:40:00,0.000000,0.730000
TP4,2026-07-29 22:45:00,0.000000,0.680000
TP4,2026-07-29 22:50:00,0.000000,0.750000
TP4,2026-07-29 22:55:00,0.000000,0.880000
TP4,2026-07-29 23:00:00,0.000000,0.690000
TP4,2026-07-29 23:05:00,0.000000,0.750000
TP4,2026-07-29 23:10:00,0.000000,0.660000
TP4,2026-07-29 23:15:00,0.000000,0.570000
TP4,2026-07-29 23:20:00,0.000000,0.530000
TP4,2026-07-29 23:25:00,0.000000,0.590000
TP4,2026-07-29 23:30:00,0.000000,0.800000
TP4,2026-07-29 23:35:00,0.000000,0.650000
TP4,2026-07-29 23:40:00,0.000000,0.690000
TP4,2026-07-29 23:45:00,0.000000,0.690000
TP4,2026-07-29 23:50:00,0.000000,0.740000
TP4,2026-07-29 23:55:00,0.000000,0.620000
TP4,2026-07-30 00:00:00,0.000000,0.600000
TP4,2026-07-30 00:05:00,0.000000,0.560000
TP4,2026-07-30 00:10:00,0.000000,0.570000
TP4,2026-07-30 00:15:00,0.000000,0.560000
TP4,2026-07-30 00:20:00,0.000000,0.530000
TP4,2026-07-30 00:25:00,0.000000,0.470000
TP4,2026-07-30 00:30:00,0.000000,0.420000
TP4,2026-07-30 00:35:00,0.000000,0.490000
TP4,2026-07-30 00:40:00,0.000000,0.480000
TP4,2026-07-30 00:45:00,0.000000,0.440000
TP4,2026-07-30 00:50:00,0.000000,0.620000
TP4,2026-07-30 00:55:00,0.000000,0.560000
TP4,2026-07-30 01:00:00,0.000000,0.440000
TP4,2026-07-30 01:05:00,0.000000,0.470000
TP4,2026-07-30 01:10:00,0.000000,0.490000
TP4,2026-07-30 01:15:00,0.000000,0.500000
TP4,2026-07-30 01:20:00,0.000000,0.440000
TP4,2026-07-30 01:25:00,0.000000,0.450000
TP4,2026-07-30 01:30:00,0.000000,0.470000
TP4,2026-07-30 01:35:00,0.000000,0.430000
TP4,2026-07-30 01:40:00,0.000000,0.370000
TP4,2026-07-30 01:45:00,0.000000,0.360000
TP4,2026-07-30 01:50:00,0.000000,0.370000
TP4,2026-07-30 01:55:00,0.000000,0.410000
TP4,2026-07-30 02:00:00,0.000000,0.400000
TP4,2026-07-30 02:05:00,0.000000,0.440000
TP4,2026-07-30 02:10:00,0.000000,0.500000
TP4,2026-07-30 02:15:00,0.000000,0.440000
TP4,2026-07-30 02:20:00,0.000000,0.440000
TP4,2026-07-30 02:25:00,0.000000,0.420000
TP4,2026-07-30 02:30:00,0.000000,0.420000
TP4,2026-07-30 02:35:00,0.000000,0.360000
TP4,2026-07-30 02:40:00,0.000000,0.420000
TP4,2026-07-30 02:45:00,0.000000,0.350000
TP4,2026-07-30 02:50:00,0.000000,0.390000
TP4,2026-07-30 02:55:00,0.000000,0.460000
TP4,2026-07-30 03:00:00,0.000000,0.460000
TP4,2026-07-30 03:05:00,0.000000,0.440000
TP4,2026-07-30 03:10:00,0.000000,0.590000
TP4,2026-07-30 03:15:00,0.000000,1.460000
TP4,2026-07-30 03:20:00,0.000000,0.880000
TP4,2026-07-30 03:25:00,0.000000,0.510000
TP4,2026-07-30 03:30:00,0.000000,0.570000
TP4,2026-07-30 03:35:00,0.000000,0.460000
TP4,2026-07-30 03:40:00,0.000000,0.420000
TP4,2026-07-30 03:45:00,0.000000,0.370000
TP4,2026-07-30 03:50:00,0.000000,0.310000
TP4,2026-07-30 03:55:00,0.000000,0.260000
TP4,2026-07-30 04:00:00,0.000000,0.220000
TP4,2026-07-30 04:05:00,0.000000,0.240000
TP4,2026-07-30 04:10:00,0.000000,0.240000
TP4,2026-07-30 04:15:00,0.000000,0.250000
TP4,2026-07-30 04:20:00,0.000000,0.260000
TP4,2026-07-30 04:25:00,0.000000,0.250000
TP4,2026-07-30 04:30:00,0.000000,0.260000
TP4,2026-07-30 04:35:00,0.000000,0.230000
TP4,2026-07-30 04:40:00,0.000000,0.380000
TP4,2026-07-30 04:45:00,0.000000,0.270000
TP4,2026-07-30 04:50:00,0.000000,0.200000
TP4,2026-07-30 04:55:00,0.000000,0.250000
TP4,2026-07-30 05:00:00,0.000000,0.130000
TP4,2026-07-30 05:05:00,0.000000,0.190000
TP4,2026-07-30 05:10:00,0.000000,0.130000
TP4,2026-07-30 05:15:00,0.000000,0.140000
TP4,2026-07-30 05:20:00,0.000000,0.170000
TP4,2026-07-30 05:25:00,0.000000,0.100000
TP4,2026-07-30 05:30:00,0.000000,0.110000
TP4,2026-07-30 05:35:00,0.000000,0.110000
TP4,2026-07-30 05:40:00,0.000000,0.130000
TP4,2026-07-30 05:45:00,0.000000,0.100000
TP4,2026-07-30 05:50:00,0.000000,0.070000
TP4,2026-07-30 05:55:00,0.000000,0.090000
TP4,2026-07-30 06:00:00,0.000000,0.050000
TP4,2026-07-30 06:05:00,0.000000,0.040000
TP4,2026-07-30 06:10:00,0.000000,0.100000
TP4,2026-07-30 06:15:00,0.000000,0.050000
TP4,2026-07-30 06:20:00,0.000000,0.100000
TP4,2026-07-30 06:25:00,0.000000,0.080000
TP4,2026-07-30 06:30:00,0.000000,0.010000
TP4,2026-07-30 06:35:00,0.000000,0.090000
TP4,2026-07-30 06:40:00,0.000000,0.030000
TP4,2026-07-30 06:45:00,0.000000,0.030000
TP4,2026-07-30 06:50:00,0.000000,0.040000
TP4,2026-07-30 06:55:00,0.000000,0.010000
TP4,2026-07-30 07:00:00,0.000000,0.070000
TP4,2026-07-30 07:05:00,0.000000,0.000000
TP4,2026-07-30 07:10:00,0.000000,0.000000
TP4,2026-07-30 07:15:00,0.000000,0.100000
TP4,2026-07-30 07:20:00,0.000000,-0.030000
TP4,2026-07-30 07:25:00,0.000000,-0.040000
TP4,2026-07-30 07:30:00,0.000000,-0.020000
TP4,2026-07-30 07:35:00,0.000000,-0.040000
TP4,2026-07-30 07:40:00,0.000000,-0.040000
TP4,2026-07-30 07:45:00,0.000000,0.020000
TP4,2026-07-30 07:50:00,0.000000,0.290000
TP4,2026-07-30 07:55:00,0.000000,0.110000
TP4,2026-07-30 08:00:00,0.000000,0.010000
TP4,2026-07-30 08:05:00,0.000000,-0.040000
TP4,2026-07-30 08:10:00,0.000000,0.480000
TP4,2026-07-30 08:15:00,0.000000,0.080000
TP4,2026-07-30 08:20:00,0.000000,-0.010000
TP4,2026-07-30 08:25:00,0.000000,-0.040000
TP4,2026-07-30 08:30:00,0.000000,-0.040000
TP4,2026-07-30 08:35:00,0.000000,0.020000
TP4,2026-07-30 08:40:00,0.000000,-0.050000
TP4,2026-07-30 08:45:00,0.000000,-0.010000
TP4,2026-07-30 08:50:00,0.000000,0.080000
TP4,2026-07-30 08:55:00,0.000000,0.060000
TP4,2026-07-30 09:00:00,0.000000,0.040000
TP4,2026-07-30 09:05:00,0.000000,-0.050000
TP4,2026-07-30 09:10:00,0.000000,0.150000
TP4,2026-07-30 09:15:00,0.000000,0.160000
TP4,2026-07-30 09:20:00,0.000000,0.060000
TP4,2026-07-30 09:25:00,0.000000,0.470000
TP4,2026-07-30 09:30:00,0.000000,0.380000
TP4,2026-07-30 09:35:00,0.000000,0.120000
TP4,2026-07-30 09:40:00,0.000000,0.200000
TP4,2026-07-30 09:45:00,0.000000,0.300000
TP4,2026-07-30 09:50:00,0.000000,0.200000
TP4,2026-07-30 09:55:00,0.000000,0.430000
TP4,2026-07-30 10:00:00,0.000000,0.340000
TP4,2026-07-30 10:05:00,0.000000,0.320000
TP4,2026-07-30 10:10:00,0.000000,0.220000
TP4,2026-07-30 10:15:00,0.000000,0.170000
TP4,2026-07-30 10:20:00,0.000000,0.270000
TP4,2026-07-30 10:25:00,0.000000,0.460000
TP4,2026-07-30 10:30:00,0.000000,0.380000
TP4,2026-07-30 10:35:00,0.000000,0.390000
TP4,2026-07-30 10:40:00,0.000000,0.250000
TP4,2026-07-30 10:45:00,0.000000,0.330000
TP4,2026-07-30 10:50:00,0.000000,0.430000
TP4,2026-07-30 10:55:00,0.000000,0.620000
TP4,2026-07-30 11:00:00,0.000000,0.400000
TP4,2026-07-30 11:05:00,0.000000,0.360000
TP4,2026-07-30 11:10:00,0.000000,0.310000
TP4,2026-07-30 11:15:00,0.000000,0.140000
TP4,2026-07-30 11:20:00,0.000000,0.320000
TP4,2026-07-30 11:25:00,0.000000,0.150000
TP4,2026-07-30 11:30:00,0.000000,0.240000
TP4,2026-07-30 11:35:00,0.000000,0.200000
TP4,2026-07-30 11:40:00,0.000000,0.430000
TP4,2026-07-30 11:45:00,0.000000,0.220000
TP4,2026-07-30 11:50:00,0.000000,0.350000
TP4,2026-07-30 11:55:00,0.000000,0.290000
TP4,2026-07-30 12:00:00,0.000000,0.570000
TP4,2026-07-30 12:05:00,0.000000,0.630000
TP4,2026-07-30 12:10:00,0.000000,0.300000
TP4,2026-07-30 12:15:00,0.000000,0.130000
TP4,2026-07-30 12:20:00,0.000000,0.180000
TP4,2026-07-30 12:25:00,0.000000,0.260000
TP4,2026-07-30 12:30:00,0.000000,0.100000
TP4,2026-07-30 12:35:00,0.000000,0.130000
TP4,2026-07-30 12:40:00,0.000000,0.180000
TP4,2026-07-30 12:45:00,0.000000,0.180000
TP5,2026-07-21 17:00:00,0.000000,0.110000
TP5,2026-07-21 17:05:00,0.000000,0.140000
TP5,2026-07-21 17:10:00,0.000000,0.090000
TP5,2026-07-21 17:15:00,0.000000,0.060000
TP5,2026-07-21 17:20:00,0.000000,0.100000
TP5,2026-07-21 17:25:00,0.000000,0.090000
TP5,2026-07-21 17:30:00,0.000000,0.040000
TP5,2026-07-21 17:35:00,0.000000,0.040000
TP5,2026-07-21 17:40:00,0.000000,0.040000
TP5,2026-07-21 17:45:00,0.000000,0.010000
TP5,2026-07-21 17:50:00,0.000000,0.030000
TP5,2026-07-21 17:55:00,0.000000,0.010000
TP5,2026-07-21 18:00:00,0.000000,0.040000
TP5,2026-07-21 18:05:00,0.000000,0.000000
TP5,2026-07-21 18:10:00,0.000000,0.010000
TP5,2026-07-21 18:15:00,0.000000,0.000000
TP5,2026-07-21 18:20:00,0.000000,0.020000
TP5,2026-07-21 18:25:00,0.000000,-0.020000
TP5,2026-07-21 18:30:00,0.000000,0.010000
TP5,2026-07-21 18:35:00,0.000000,0.050000
TP5,2026-07-21 18:40:00,0.000000,0.010000
TP5,2026-07-21 18:45:00,0.000000,0.020000
TP5,2026-07-21 18:50:00,0.000000,-0.040000
TP5,2026-07-21 18:55:00,0.000000,-0.030000
TP5,2026-07-21 19:00:00,0.000000,-0.030000
TP5,2026-07-21 19:05:00,0.000000,-0.030000
TP5,2026-07-21 19:10:00,0.000000,-0.050000
TP5,2026-07-21 19:15:00,0.000000,-0.040000
TP5,2026-07-21 19:20:00,0.000000,-0.070000
TP5,2026-07-21 19:25:00,0.000000,-0.070000
TP5,2026-07-21 19:30:00,0.000000,-0.040000
TP5,2026-07-21 19:35:00,0.000000,-0.070000
TP5,2026-07-21 19:40:00,0.000000,-0.060000
TP5,2026-07-21 19:45:00,0.000000,-0.070000
TP5,2026-07-21 19:50:00,0.000000,-0.050000
TP5,2026-07-21 19:55:00,0.000000,-0.070000
TP5,2026-07-21 20:00:00,0.000000,-0.070000
TP5,2026-07-21 20:05:00,0.000000,-0.060000
TP5,2026-07-21 20:10:00,0.000000,-0.080000
TP5,2026-07-21 20:15:00,0.000000,-0.080000
TP5,2026-07-21 20:20:00,0.000000,-0.070000
TP5,2026-07-21 20:25:00,0.000000,-0.050000
TP5,2026-07-21 20:30:00,0.000000,-0.070000
TP5,2026-07-21 20:35:00,0.000000,-0.070000
TP5,2026-07-21 20:40:00,0.000000,-0.070000
TP5,2026-07-21 20:45:00,0.000000,-0.050000
TP5,2026-07-21 20:50:00,0.000000,-0.080000
TP5,2026-07-21 20:55:00,0.000000,-0.090000
TP5,2026-07-21 21:00:00,0.000000,-0.070000
TP5,2026-07-21 21:05:00,0.000000,-0.090000
TP5,2026-07-21 21:10:00,0.000000,-0.090000
TP5,2026-07-21 21:15:00,0.000000,-0.100000
TP5,2026-07-21 21:20:00,0.000000,-0.070000
TP5,2026-07-21 21:25:00,0.000000,-0.100000
TP5,2026-07-21 21:30:00,0.000000,-0.080000
TP5,2026-07-21 21:35:00,0.000000,-0.060000
TP5,2026-07-21 21:40:00,0.000000,-0.070000
TP5,2026-07-21 21:45:00,0.000000,-0.080000
TP5,2026-07-21 21:50:00,0.000000,-0.100000
TP5,2026-07-21 21:55:00,0.000000,-0.060000
TP5,2026-07-21 22:00:00,0.000000,-0.100000
TP5,2026-07-21 22:05:00,0.000000,-0.090000
TP5,2026-07-21 22:10:00,0.000000,-0.100000
TP5,2026-07-21 22:15:00,0.000000,-0.070000
TP5,2026-07-21 22:20:00,0.000000,-0.110000
TP5,2026-07-21 22:25:00,0.000000,-0.110000
TP5,2026-07-21 22:30:00,0.000000,-0.110000
TP5,2026-07-21 22:35:00,0.000000,-0.130000
TP5,2026-07-21 22:40:00,0.000000,-0.120000
TP5,2026-07-21 22:45:00,0.000000,-0.110000
TP5,2026-07-21 22:50:00,0.000000,-0.110000
TP5,2026-07-21 22:55:00,0.000000,-0.140000
TP5,2026-07-21 23:00:00,0.000000,-0.140000
TP5,2026-07-21 23:05:00,0.000000,-0.130000
TP5,2026-07-21 23:10:00,0.000000,-0.140000
TP5,2026-07-21 23:15:00,0.000000,-0.120000
TP5,2026-07-21 23:20:00,0.000000,-0.140000
TP5,2026-07-21 23:25:00,0.000000,-0.100000
TP5,2026-07-21 23:30:00,0.000000,-0.130000
TP5,2026-07-21 23:35:00,0.000000,-0.130000
TP5,2026-07-21 23:40:00,0.000000,-0.140000
TP5,2026-07-21 23:45:00,0.000000,-0.120000
TP5,2026-07-21 23:50:00,0.000000,-0.140000
TP5,2026-07-21 23:55:00,0.000000,-0.150000
TP5,2026-07-22 00:00:00,0.000000,-0.120000
TP5,2026-07-22 00:05:00,0.000000,-0.130000
TP5,2026-07-22 00:10:00,0.000000,-0.120000
TP5,2026-07-22 00:15:00,0.000000,-0.120000
TP5,2026-07-22 00:20:00,0.000000,-0.090000
TP5,2026-07-22 00:25:00,0.000000,-0.130000
TP5,2026-07-22 00:30:00,0.000000,-0.120000
TP5,2026-07-22 00:35:00,0.000000,-0.130000
TP5,2026-07-22 00:40:00,0.000000,-0.100000
TP5,2026-07-22 00:45:00,0.000000,-0.120000
TP5,2026-07-22 00:50:00,0.000000,-0.120000
TP5,2026-07-22 00:55:00,0.000000,-0.080000
TP5,2026-07-22 01:00:00,0.000000,-0.120000
TP5,2026-07-22 01:05:00,0.000000,-0.120000
TP5,2026-07-22 01:10:00,0.000000,-0.120000
TP5,2026-07-22 01:15:00,0.000000,-0.110000
TP5,2026-07-22 01:20:00,0.000000,-0.130000
TP5,2026-07-22 01:25:00,0.000000,-0.140000
TP5,2026-07-22 01:30:00,0.000000,-0.150000
TP5,2026-07-22 01:35:00,0.000000,-0.110000
TP5,2026-07-22 01:40:00,0.000000,-0.140000
TP5,2026-07-22 01:45:00,0.000000,-0.140000
TP5,2026-07-22 01:50:00,0.000000,-0.120000
TP5,2026-07-22 01:55:00,0.000000,-0.140000
TP5,2026-07-22 02:00:00,0.000000,-0.120000
TP5,2026-07-22 02:05:00,0.000000,-0.110000
TP5,2026-07-22 02:10:00,0.000000,-0.100000
TP5,2026-07-22 02:15:00,0.000000,-0.150000
TP5,2026-07-22 02:20:00,0.000000,-0.160000
TP5,2026-07-22 02:25:00,0.000000,-0.140000
TP5,2026-07-22 02:30:00,0.000000,-0.180000
TP5,2026-07-22 02:35:00,0.000000,-0.180000
TP5,2026-07-22 02:40:00,0.000000,-0.180000
TP5,2026-07-22 02:45:00,0.000000,-0.150000
TP5,2026-07-22 02:50:00,0.000000,-0.170000
TP5,2026-07-22 02:55:00,0.000000,-0.150000
TP5,2026-07-22 03:00:00,0.000000,-0.150000
TP5,2026-07-22 03:05:00,0.000000,-0.140000
TP5,2026-07-22 03:10:00,0.000000,-0.180000
TP5,2026-07-22 03:15:00,0.000000,-0.170000
TP5,2026-07-22 03:20:00,0.000000,-0.170000
TP5,2026-07-22 03:25:00,0.000000,-0.140000
TP5,2026-07-22 03:30:00,0.000000,-0.160000
TP5,2026-07-22 03:35:00,0.000000,-0.160000
TP5,2026-07-22 03:40:00,0.000000,-0.160000
TP5,2026-07-22 03:45:00,0.000000,-0.180000
TP5,2026-07-22 03:50:00,0.000000,-0.160000
TP5,2026-07-22 03:55:00,0.000000,-0.150000
TP5,2026-07-22 04:00:00,0.000000,-0.140000
TP5,2026-07-22 04:05:00,0.000000,-0.170000
TP5,2026-07-22 04:10:00,0.000000,-0.170000
TP5,2026-07-22 04:15:00,0.000000,-0.150000
TP5,2026-07-22 04:20:00,0.000000,-0.150000
TP5,2026-07-22 04:25:00,0.000000,-0.160000
TP5,2026-07-22 04:30:00,0.000000,-0.130000
TP5,2026-07-22 04:35:00,0.000000,-0.130000
TP5,2026-07-22 04:40:00,0.000000,-0.150000
TP5,2026-07-22 04:45:00,0.000000,-0.150000
TP5,2026-07-22 04:50:00,0.000000,-0.110000
TP5,2026-07-22 04:55:00,0.000000,-0.170000
TP5,2026-07-22 05:00:00,0.000000,-0.110000
TP5,2026-07-22 05:05:00,0.000000,-0.140000
TP5,2026-07-22 05:10:00,0.000000,-0.070000
TP5,2026-07-22 05:15:00,0.000000,-0.130000
TP5,2026-07-22 05:20:00,0.000000,-0.140000
TP5,2026-07-22 05:25:00,0.000000,-0.140000
TP5,2026-07-22 05:30:00,0.000000,-0.110000
TP5,2026-07-22 05:35:00,0.000000,-0.120000
TP5,2026-07-22 05:40:00,0.000000,-0.110000
TP5,2026-07-22 05:45:00,0.000000,-0.090000
TP5,2026-07-22 05:50:00,0.000000,-0.110000
TP5,2026-07-22 05:55:00,0.000000,-0.130000
TP5,2026-07-22 06:00:00,0.000000,-0.120000
TP5,2026-07-22 06:05:00,0.000000,-0.110000
TP5,2026-07-22 06:10:00,0.000000,-0.140000
TP5,2026-07-22 06:15:00,0.000000,-0.150000
TP5,2026-07-22 06:20:00,0.000000,-0.130000
TP5,2026-07-22 06:25:00,0.000000,-0.130000
TP5,2026-07-22 06:30:00,0.000000,-0.140000
TP5,2026-07-22 06:35:00,0.000000,-0.150000
TP5,2026-07-22 06:40:00,0.000000,-0.110000
TP5,2026-07-22 06:45:00,0.000000,-0.150000
TP5,2026-07-22 06:50:00,0.000000,-0.150000
TP5,2026-07-22 06:55:00,0.000000,-0.150000
TP5,2026-07-22 07:00:00,0.000000,-0.120000
TP5,2026-07-22 07:05:00,0.000000,-0.150000
TP5,2026-07-22 07:10:00,0.000000,-0.160000
TP5,2026-07-22 07:15:00,0.000000,-0.090000
TP5,2026-07-22 07:20:00,0.000000,-0.110000
TP5,2026-07-22 07:25:00,0.000000,-0.100000
TP5,2026-07-22 07:30:00,0.000000,-0.110000
TP5,2026-07-22 07:35:00,0.000000,-0.100000
TP5,2026-07-22 07:40:00,0.000000,-0.090000
TP5,2026-07-22 07:45:00,0.000000,-0.100000
TP5,2026-07-22 07:50:00,0.000000,-0.100000
TP5,2026-07-22 07:55:00,0.000000,-0.070000
TP5,2026-07-22 08:00:00,0.000000,0.060000
TP5,2026-07-22 08:05:00,0.000000,0.000000
TP5,2026-07-22 08:10:00,0.000000,0.110000
TP5,2026-07-22 08:15:00,0.000000,0.010000
TP5,2026-07-22 08:20:00,0.000000,-0.020000
TP5,2026-07-22 08:25:00,0.000000,0.000000
TP5,2026-07-22 08:30:00,0.000000,0.010000
TP5,2026-07-22 08:35:00,0.000000,0.010000
TP5,2026-07-22 08:40:00,0.000000,0.250000
TP5,2026-07-22 08:45:00,0.000000,0.130000
TP5,2026-07-22 08:50:00,0.000000,0.090000
TP5,2026-07-22 08:55:00,0.000000,0.260000
TP5,2026-07-22 09:00:00,0.000000,0.090000
TP5,2026-07-22 09:05:00,0.000000,0.190000
TP5,2026-07-22 09:10:00,0.000000,0.050000
TP5,2026-07-22 09:15:00,0.000000,0.030000
TP5,2026-07-22 09:20:00,0.000000,0.030000
TP5,2026-07-22 09:25:00,0.000000,0.040000
TP5,2026-07-22 09:30:00,0.000000,0.020000
TP5,2026-07-22 09:35:00,0.000000,0.210000
TP5,2026-07-22 09:40:00,0.000000,0.020000
TP5,2026-07-22 09:45:00,0.000000,0.160000
TP5,2026-07-22 09:50:00,0.000000,0.040000
TP5,2026-07-22 09:55:00,0.000000,0.080000
TP5,2026-07-22 10:00:00,0.000000,0.110000
TP5,2026-07-22 10:05:00,0.000000,0.170000
TP5,2026-07-22 10:10:00,0.000000,0.040000
TP5,2026-07-22 10:15:00,0.000000,0.150000
TP5,2026-07-22 10:20:00,0.000000,0.190000
TP5,2026-07-22 10:25:00,0.000000,0.270000
TP5,2026-07-22 10:30:00,0.000000,0.100000
TP5,2026-07-22 10:35:00,0.000000,0.210000
TP5,2026-07-22 10:40:00,0.000000,0.250000
TP5,2026-07-22 10:45:00,0.000000,0.240000
TP5,2026-07-22 10:50:00,0.000000,0.300000
TP5,2026-07-22 10:55:00,0.000000,0.260000
TP5,2026-07-22 11:00:00,0.000000,0.170000
TP5,2026-07-22 11:05:00,0.000000,0.210000
TP5,2026-07-22 11:10:00,0.000000,0.270000
TP5,2026-07-22 11:15:00,0.000000,0.260000
TP5,2026-07-22 11:20:00,0.000000,0.190000
TP5,2026-07-22 11:25:00,0.000000,0.180000
TP5,2026-07-22 11:30:00,0.000000,0.270000
TP5,2026-07-22 11:35:00,0.000000,0.230000
TP5,2026-07-22 11:40:00,0.000000,0.150000
TP5,2026-07-22 11:45:00,0.000000,0.330000
TP5,2026-07-22 11:50:00,0.000000,0.260000
TP5,2026-07-22 11:55:00,0.000000,0.290000
TP5,2026-07-22 12:00:00,0.000000,0.330000
TP5,2026-07-22 12:05:00,0.000000,0.250000
TP5,2026-07-22 12:10:00,0.000000,0.290000
TP5,2026-07-22 12:15:00,0.000000,0.270000
TP5,2026-07-22 12:20:00,0.000000,0.200000
TP5,2026-07-22 12:25:00,0.000000,0.330000
TP5,2026-07-22 12:30:00,0.000000,0.230000
TP5,2026-07-22 12:35:00,0.000000,0.240000
TP5,2026-07-22 12:40:00,0.000000,0.210000
TP5,2026-07-22 12:45:00,0.000000,0.240000
TP5,2026-07-22 12:50:00,0.000000,0.240000
TP5,2026-07-22 12:55:00,0.000000,0.270000
TP5,2026-07-22 13:00:00,0.000000,0.330000
TP5,2026-07-22 13:05:00,0.000000,0.260000
TP5,2026-07-22 13:10:00,0.000000,0.260000
TP5,2026-07-22 13:15:00,0.000000,0.280000
TP5,2026-07-22 13:20:00,0.000000,0.350000
TP5,2026-07-22 13:25:00,0.000000,0.360000
TP5,2026-07-22 13:30:00,0.000000,0.380000
TP5,2026-07-22 13:35:00,0.000000,0.320000
TP5,2026-07-22 13:40:00,0.000000,0.480000
TP5,2026-07-22 13:45:00,0.000000,0.340000
TP5,2026-07-22 13:50:00,0.000000,0.340000
TP5,2026-07-22 13:55:00,0.000000,0.380000
TP5,2026-07-22 14:00:00,0.000000,0.330000
TP5,2026-07-22 14:05:00,0.000000,0.330000
TP5,2026-07-22 14:10:00,0.000000,0.300000
TP5,2026-07-22 14:15:00,0.000000,0.340000
TP5,2026-07-22 14:20:00,0.000000,0.290000
TP5,2026-07-22 14:25:00,0.000000,0.330000
TP5,2026-07-22 14:30:00,0.000000,0.360000
TP5,2026-07-22 14:35:00,0.000000,0.340000
TP5,2026-07-22 14:40:00,0.000000,0.400000
TP5,2026-07-22 14:45:00,0.000000,0.300000
TP5,2026-07-22 14:50:00,0.000000,0.400000
TP5,2026-07-22 14:55:00,0.000000,0.370000
TP5,2026-07-22 15:00:00,0.000000,0.410000
TP5,2026-07-22 15:05:00,0.000000,0.400000
TP5,2026-07-22 15:10:00,0.000000,0.430000
TP5,2026-07-22 15:15:00,0.000000,0.410000
TP5,2026-07-22 15:20:00,0.000000,0.400000
TP5,2026-07-22 15:25:00,0.000000,0.420000
TP5,2026-07-22 15:30:00,0.000000,0.460000
TP5,2026-07-22 15:35:00,0.000000,0.360000
TP5,2026-07-22 15:40:00,0.000000,0.310000
TP5,2026-07-22 15:45:00,0.000000,0.380000
TP5,2026-07-22 15:50:00,0.000000,0.330000
TP5,2026-07-22 15:55:00,0.000000,0.330000
TP5,2026-07-22 16:00:00,0.000000,0.360000
TP5,2026-07-22 16:05:00,0.000000,0.420000
TP5,2026-07-22 16:10:00,0.000000,0.340000
TP5,2026-07-22 16:15:00,0.000000,0.340000
TP5,2026-07-22 16:20:00,0.000000,0.320000
TP5,2026-07-22 16:25:00,0.000000,0.330000
TP5,2026-07-22 16:30:00,0.000000,0.380000
TP5,2026-07-22 16:35:00,0.000000,0.300000
TP5,2026-07-22 16:40:00,0.000000,0.330000
TP5,2026-07-22 16:45:00,0.000000,0.310000
TP5,2026-07-22 16:50:00,0.000000,0.310000
TP5,2026-07-22 16:55:00,0.000000,0.290000
TP5,2026-07-22 17:00:00,0.000000,0.320000
TP5,2026-07-22 17:05:00,0.000000,0.300000
TP5,2026-07-22 17:10:00,0.000000,0.320000
TP5,2026-07-22 17:15:00,0.000000,0.280000
TP5,2026-07-22 17:20:00,0.000000,0.240000
TP5,2026-07-22 17:25:00,0.000000,0.260000
TP5,2026-07-22 17:30:00,0.000000,0.270000
TP5,2026-07-22 17:35:00,0.000000,0.240000
TP5,2026-07-22 17:40:00,0.000000,0.200000
TP5,2026-07-22 17:45:00,0.000000,0.200000
TP5,2026-07-22 17:50:00,0.000000,0.220000
TP5,2026-07-22 17:55:00,0.000000,0.220000
TP5,2026-07-22 18:00:00,0.000000,0.180000
TP5,2026-07-22 18:05:00,0.000000,0.180000
TP5,2026-07-22 18:10:00,0.000000,0.230000
TP5,2026-07-22 18:15:00,0.000000,0.240000
TP5,2026-07-22 18:20:00,0.000000,0.220000
TP5,2026-07-22 18:25:00,0.000000,0.240000
TP5,2026-07-22 18:30:00,0.000000,0.210000
TP5,2026-07-22 18:35:00,0.000000,0.200000
TP5,2026-07-22 18:40:00,0.000000,0.210000
TP5,2026-07-22 18:45:00,0.000000,0.180000
TP5,2026-07-22 18:50:00,0.000000,0.140000
TP5,2026-07-22 18:55:00,0.000000,0.140000
TP5,2026-07-22 19:00:00,0.000000,0.160000
TP5,2026-07-22 19:05:00,0.000000,0.180000
TP5,2026-07-22 19:10:00,0.000000,0.200000
TP5,2026-07-22 19:15:00,0.000000,0.170000
TP5,2026-07-22 19:20:00,0.000000,0.160000
TP5,2026-07-22 19:25:00,0.000000,0.110000
TP5,2026-07-22 19:30:00,0.000000,0.110000
TP5,2026-07-22 19:35:00,0.000000,0.100000
TP5,2026-07-22 19:40:00,0.000000,0.130000
TP5,2026-07-22 19:45:00,0.000000,0.130000
TP5,2026-07-22 19:50:00,0.000000,0.110000
TP5,2026-07-22 19:55:00,0.000000,0.140000
TP5,2026-07-22 20:00:00,0.000000,0.080000
TP5,2026-07-22 20:05:00,0.000000,0.130000
TP5,2026-07-22 20:10:00,0.000000,0.100000
TP5,2026-07-22 20:15:00,0.000000,0.150000
TP5,2026-07-22 20:20:00,0.000000,0.120000
TP5,2026-07-22 20:25:00,0.000000,0.110000
TP5,2026-07-22 20:30:00,0.000000,0.100000
TP5,2026-07-22 20:35:00,0.000000,0.230000
TP5,2026-07-22 20:40:00,0.000000,0.150000
TP5,2026-07-22 20:45:00,0.000000,0.130000
TP5,2026-07-22 20:50:00,0.000000,0.070000
TP5,2026-07-22 20:55:00,0.000000,0.070000
TP5,2026-07-22 21:00:00,0.000000,0.070000
TP5,2026-07-22 21:05:00,0.000000,0.110000
TP5,2026-07-22 21:10:00,0.000000,0.110000
TP5,2026-07-22 21:15:00,0.000000,0.080000
TP5,2026-07-22 21:20:00,0.000000,0.050000
TP5,2026-07-22 21:25:00,0.000000,0.070000
TP5,2026-07-22 21:30:00,0.000000,0.140000
TP5,2026-07-22 21:35:00,0.000000,0.030000
TP5,2026-07-22 21:40:00,0.000000,0.090000
TP5,2026-07-22 21:45:00,0.000000,0.100000
TP5,2026-07-22 21:50:00,0.000000,0.010000
TP5,2026-07-22 21:55:00,0.000000,0.000000
TP5,2026-07-22 22:00:00,0.000000,-0.010000
TP5,2026-07-22 22:05:00,0.000000,0.000000
TP5,2026-07-22 22:10:00,0.000000,-0.010000
TP5,2026-07-22 22:15:00,0.000000,-0.030000
TP5,2026-07-22 22:20:00,0.000000,0.010000
TP5,2026-07-22 22:25:00,0.000000,0.000000
TP5,2026-07-22 22:30:00,0.000000,-0.030000
TP5,2026-07-22 22:35:00,0.000000,-0.040000
TP5,2026-07-22 22:40:00,0.000000,-0.010000
TP5,2026-07-22 22:45:00,0.000000,-0.030000
TP5,2026-07-22 22:50:00,0.000000,-0.040000
TP5,2026-07-22 22:55:00,0.000000,0.000000
TP5,2026-07-22 23:00:00,0.000000,-0.020000
TP5,2026-07-22 23:05:00,0.000000,0.010000
TP5,2026-07-22 23:10:00,0.000000,0.000000
TP5,2026-07-22 23:15:00,0.000000,0.000000
TP5,2026-07-22 23:20:00,0.000000,0.000000
TP5,2026-07-22 23:25:00,0.000000,0.050000
TP5,2026-07-22 23:30:00,0.000000,-0.030000
TP5,2026-07-22 23:35:00,0.000000,-0.020000
TP5,2026-07-22 23:40:00,0.000000,-0.040000
TP5,2026-07-22 23:45:00,0.000000,-0.070000
TP5,2026-07-22 23:50:00,0.000000,-0.040000
TP5,2026-07-22 23:55:00,0.000000,-0.060000
TP5,2026-07-23 00:00:00,0.000000,-0.050000
TP5,2026-07-23 00:05:00,0.000000,-0.030000
TP5,2026-07-23 00:10:00,0.000000,-0.010000
TP5,2026-07-23 00:15:00,0.000000,-0.030000
TP5,2026-07-23 00:20:00,0.000000,-0.030000
TP5,2026-07-23 00:25:00,0.000000,-0.050000
TP5,2026-07-23 00:30:00,0.000000,-0.020000
TP5,2026-07-23 00:35:00,0.000000,-0.060000
TP5,2026-07-23 00:40:00,0.000000,-0.050000
TP5,2026-07-23 00:45:00,0.000000,-0.030000
TP5,2026-07-23 00:50:00,0.000000,-0.040000
TP5,2026-07-23 00:55:00,0.000000,-0.040000
TP5,2026-07-23 01:00:00,0.000000,-0.060000
TP5,2026-07-23 01:05:00,0.000000,-0.030000
TP5,2026-07-23 01:10:00,0.000000,-0.030000
TP5,2026-07-23 01:15:00,0.000000,-0.040000
TP5,2026-07-23 01:20:00,0.000000,-0.020000
TP5,2026-07-23 01:25:00,0.000000,-0.050000
TP5,2026-07-23 01:30:00,0.000000,0.000000
TP5,2026-07-23 01:35:00,0.000000,-0.020000
TP5,2026-07-23 01:40:00,0.000000,-0.030000
TP5,2026-07-23 01:45:00,0.000000,-0.050000
TP5,2026-07-23 01:50:00,0.000000,-0.010000
TP5,2026-07-23 01:55:00,0.000000,-0.030000
TP5,2026-07-23 02:00:00,0.000000,0.020000
TP5,2026-07-23 02:05:00,0.000000,-0.020000
TP5,2026-07-23 02:10:00,0.000000,-0.030000
TP5,2026-07-23 02:15:00,0.000000,-0.050000
TP5,2026-07-23 02:20:00,0.000000,-0.070000
TP5,2026-07-23 02:25:00,0.000000,-0.030000
TP5,2026-07-23 02:30:00,0.000000,-0.060000
TP5,2026-07-23 02:35:00,0.000000,-0.010000
TP5,2026-07-23 02:40:00,0.000000,0.020000
TP5,2026-07-23 02:45:00,0.000000,0.050000
TP5,2026-07-23 02:50:00,0.000000,0.070000
TP5,2026-07-23 02:55:00,0.000000,0.040000
TP5,2026-07-23 03:00:00,0.000000,-0.070000
TP5,2026-07-23 03:05:00,0.000000,-0.060000
TP5,2026-07-23 03:10:00,0.000000,-0.010000
TP5,2026-07-23 03:15:00,0.000000,-0.040000
TP5,2026-07-23 03:20:00,0.000000,-0.020000
TP5,2026-07-23 03:25:00,0.000000,-0.040000
TP5,2026-07-23 03:30:00,0.000000,0.000000
TP5,2026-07-23 03:35:00,0.000000,-0.050000
TP5,2026-07-23 03:40:00,0.000000,0.000000
TP5,2026-07-23 03:45:00,0.000000,-0.010000
TP5,2026-07-23 03:50:00,0.000000,0.020000
TP5,2026-07-23 03:55:00,0.000000,-0.010000
TP5,2026-07-23 04:00:00,0.000000,-0.070000
TP5,2026-07-23 04:05:00,0.000000,0.040000
TP5,2026-07-23 04:10:00,0.000000,0.070000
TP5,2026-07-23 04:15:00,0.000000,-0.030000
TP5,2026-07-23 04:20:00,0.000000,-0.050000
TP5,2026-07-23 04:25:00,0.000000,-0.040000
TP5,2026-07-23 04:30:00,0.000000,-0.050000
TP5,2026-07-23 04:35:00,0.000000,-0.070000
TP5,2026-07-23 04:40:00,0.000000,-0.020000
TP5,2026-07-23 04:45:00,0.000000,-0.030000
TP5,2026-07-23 04:50:00,0.000000,-0.030000
TP5,2026-07-23 04:55:00,0.000000,-0.050000
TP5,2026-07-23 05:00:00,0.000000,-0.010000
TP5,2026-07-23 05:05:00,0.000000,-0.020000
TP5,2026-07-23 05:10:00,0.000000,0.000000
TP5,2026-07-23 05:15:00,0.000000,0.000000
TP5,2026-07-23 05:20:00,0.000000,0.000000
TP5,2026-07-23 05:25:00,0.000000,-0.040000
TP5,2026-07-23 05:30:00,0.000000,-0.020000
TP5,2026-07-23 05:35:00,0.000000,-0.020000
TP5,2026-07-23 05:40:00,0.000000,-0.030000
TP5,2026-07-23 05:45:00,0.000000,-0.060000
TP5,2026-07-23 05:50:00,0.000000,0.000000
TP5,2026-07-23 05:55:00,0.000000,-0.040000
TP5,2026-07-23 06:00:00,0.000000,-0.070000
TP5,2026-07-23 06:05:00,0.000000,-0.070000
TP5,2026-07-23 06:10:00,0.000000,-0.070000
TP5,2026-07-23 06:15:00,0.000000,-0.080000
TP5,2026-07-23 06:20:00,0.000000,-0.110000
TP5,2026-07-23 06:25:00,0.000000,-0.120000
TP5,2026-07-23 06:30:00,0.000000,-0.100000
TP5,2026-07-23 06:35:00,0.000000,-0.120000
TP5,2026-07-23 06:40:00,0.000000,-0.110000
TP5,2026-07-23 06:45:00,0.000000,-0.110000
TP5,2026-07-23 06:50:00,0.000000,-0.050000
TP5,2026-07-23 06:55:00,0.000000,-0.080000
TP5,2026-07-23 07:00:00,0.000000,-0.090000
TP5,2026-07-23 07:05:00,0.000000,-0.090000
TP5,2026-07-23 07:10:00,0.000000,-0.090000
TP5,2026-07-23 07:15:00,0.000000,-0.060000
TP5,2026-07-23 07:20:00,0.000000,-0.060000
TP5,2026-07-23 07:25:00,0.000000,-0.040000
TP5,2026-07-23 07:30:00,0.000000,-0.050000
TP5,2026-07-23 07:35:00,0.000000,-0.040000
TP5,2026-07-23 07:40:00,0.000000,-0.080000
TP5,2026-07-23 07:45:00,0.000000,-0.050000
TP5,2026-07-23 07:50:00,0.000000,-0.020000
TP5,2026-07-23 07:55:00,0.000000,-0.030000
TP5,2026-07-23 08:00:00,0.000000,-0.030000
TP5,2026-07-23 08:05:00,0.000000,-0.020000
TP5,2026-07-23 08:10:00,0.000000,-0.030000
TP5,2026-07-23 08:15:00,0.000000,0.030000
TP5,2026-07-23 08:20:00,0.000000,0.030000
TP5,2026-07-23 08:25:00,0.000000,0.000000
TP5,2026-07-23 08:30:00,0.000000,0.010000
TP5,2026-07-23 08:35:00,0.000000,0.030000
TP5,2026-07-23 08:40:00,0.000000,0.020000
TP5,2026-07-23 08:45:00,0.000000,0.040000
TP5,2026-07-23 08:50:00,0.000000,0.060000
TP5,2026-07-23 08:55:00,0.000000,0.050000
TP5,2026-07-23 09:00:00,0.000000,0.440000
TP5,2026-07-23 09:05:00,0.000000,0.160000
TP5,2026-07-23 09:10:00,0.000000,0.100000
TP5,2026-07-23 09:15:00,0.000000,0.220000
TP5,2026-07-23 09:20:00,0.000000,0.130000
TP5,2026-07-23 09:25:00,0.000000,0.240000
TP5,2026-07-23 09:30:00,0.000000,0.290000
TP5,2026-07-23 09:35:00,0.000000,0.070000
TP5,2026-07-23 09:40:00,0.000000,0.100000
TP5,2026-07-23 09:45:00,0.000000,0.250000
TP5,2026-07-23 09:50:00,0.000000,0.170000
TP5,2026-07-23 09:55:00,0.000000,0.090000
TP5,2026-07-23 10:00:00,0.000000,0.080000
TP5,2026-07-23 10:05:00,0.000000,0.090000
TP5,2026-07-23 10:10:00,0.000000,0.090000
TP5,2026-07-23 10:15:00,0.000000,0.180000
TP5,2026-07-23 10:20:00,0.000000,0.140000
TP5,2026-07-23 10:25:00,0.000000,0.150000
TP5,2026-07-23 10:30:00,0.000000,0.130000
TP5,2026-07-23 10:35:00,0.000000,0.140000
TP5,2026-07-23 10:40:00,0.000000,0.140000
TP5,2026-07-23 10:45:00,0.000000,0.180000
TP5,2026-07-23 10:50:00,0.000000,0.180000
TP5,2026-07-23 10:55:00,0.000000,0.200000
TP5,2026-07-23 11:00:00,0.000000,0.200000
TP5,2026-07-23 11:05:00,0.000000,0.180000
TP5,2026-07-23 11:10:00,0.000000,0.190000
TP5,2026-07-23 11:15:00,0.000000,0.210000
TP5,2026-07-23 11:20:00,0.000000,0.210000
TP5,2026-07-23 11:25:00,0.000000,0.230000
TP5,2026-07-23 11:30:00,0.000000,0.270000
TP5,2026-07-23 11:35:00,0.000000,0.270000
TP5,2026-07-23 11:40:00,0.000000,0.300000
TP5,2026-07-23 11:45:00,0.000000,0.350000
TP5,2026-07-23 11:50:00,0.000000,0.360000
TP5,2026-07-23 11:55:00,0.000000,0.440000
TP5,2026-07-23 12:00:00,0.000000,0.380000
TP5,2026-07-23 12:05:00,0.000000,0.380000
TP5,2026-07-23 12:10:00,0.000000,0.450000
TP5,2026-07-23 12:15:00,0.000000,0.460000
TP5,2026-07-23 12:20:00,0.000000,0.420000
TP5,2026-07-23 12:25:00,0.000000,0.580000
TP5,2026-07-23 12:30:00,0.000000,0.450000
TP5,2026-07-23 12:35:00,0.000000,0.510000
TP5,2026-07-23 12:40:00,0.000000,0.490000
TP5,2026-07-23 12:45:00,0.000000,0.530000
TP5,2026-07-23 12:50:00,0.000000,0.620000
TP5,2026-07-23 12:55:00,0.000000,0.490000
TP5,2026-07-23 13:00:00,0.000000,0.480000
TP5,2026-07-23 13:05:00,0.000000,0.470000
TP5,2026-07-23 13:10:00,0.000000,0.440000
TP5,2026-07-23 13:15:00,0.000000,0.480000
TP5,2026-07-23 13:20:00,0.000000,0.440000
TP5,2026-07-23 13:25:00,0.000000,0.470000
TP5,2026-07-23 13:30:00,0.000000,0.520000
TP5,2026-07-23 13:35:00,0.000000,0.460000
TP5,2026-07-23 13:40:00,0.000000,0.470000
TP5,2026-07-23 13:45:00,0.000000,0.520000
TP5,2026-07-23 13:50:00,0.000000,0.500000
TP5,2026-07-23 13:55:00,0.000000,0.500000
TP5,2026-07-23 14:00:00,0.000000,0.490000
TP5,2026-07-23 14:05:00,0.000000,0.570000
TP5,2026-07-23 14:10:00,0.000000,0.670000
TP5,2026-07-23 14:15:00,0.000000,0.580000
TP5,2026-07-23 14:20:00,0.000000,0.550000
TP5,2026-07-23 14:25:00,0.000000,0.580000
TP5,2026-07-23 14:30:00,0.000000,0.580000
TP5,2026-07-23 14:35:00,0.000000,0.590000
TP5,2026-07-23 14:40:00,0.000000,0.570000
TP5,2026-07-23 14:45:00,0.000000,0.580000
TP5,2026-07-23 14:50:00,0.000000,0.560000
TP5,2026-07-23 14:55:00,0.000000,0.570000
TP5,2026-07-23 15:00:00,0.000000,0.540000
TP5,2026-07-23 15:05:00,0.000000,0.550000
TP5,2026-07-23 15:10:00,0.000000,0.580000
TP5,2026-07-23 15:15:00,0.000000,0.540000
TP5,2026-07-23 15:20:00,0.000000,0.570000
TP5,2026-07-23 15:25:00,0.000000,0.490000
TP5,2026-07-23 15:30:00,0.000000,0.500000
TP5,2026-07-23 15:35:00,0.000000,0.500000
TP5,2026-07-23 15:40:00,0.000000,0.520000
TP5,2026-07-23 15:45:00,0.000000,0.490000
TP5,2026-07-23 15:50:00,0.000000,0.510000
TP5,2026-07-23 15:55:00,0.000000,0.520000
TP5,2026-07-23 16:00:00,0.000000,0.470000
TP5,2026-07-23 16:05:00,0.000000,0.480000
TP5,2026-07-23 16:10:00,0.000000,0.510000
TP5,2026-07-23 16:15:00,0.000000,0.480000
TP5,2026-07-23 16:20:00,0.000000,0.540000
TP5,2026-07-23 16:25:00,0.000000,0.450000
TP5,2026-07-23 16:30:00,0.000000,0.510000
TP5,2026-07-23 16:35:00,0.000000,0.470000
TP5,2026-07-23 16:40:00,0.000000,0.470000
TP5,2026-07-23 16:45:00,0.000000,0.490000
TP5,2026-07-23 16:50:00,0.000000,0.480000
TP5,2026-07-23 16:55:00,0.000000,0.460000
TP5,2026-07-23 17:00:00,0.000000,0.460000
TP5,2026-07-23 17:05:00,0.000000,0.480000
TP5,2026-07-23 17:10:00,0.000000,0.440000
TP5,2026-07-23 17:15:00,0.000000,0.420000
TP5,2026-07-23 17:20:00,0.000000,0.440000
TP5,2026-07-23 17:25:00,0.000000,0.440000
TP5,2026-07-23 17:30:00,0.000000,0.420000
TP5,2026-07-23 17:35:00,0.000000,0.490000
TP5,2026-07-23 17:40:00,0.000000,0.440000
TP5,2026-07-23 17:45:00,0.000000,0.430000
TP5,2026-07-23 17:50:00,0.000000,0.380000
TP5,2026-07-23 17:55:00,0.000000,0.410000
TP5,2026-07-23 18:00:00,0.000000,0.400000
TP5,2026-07-23 18:05:00,0.000000,0.380000
TP5,2026-07-23 18:10:00,0.000000,0.370000
TP5,2026-07-23 18:15:00,0.000000,0.420000
TP5,2026-07-23 18:20:00,0.000000,0.370000
TP5,2026-07-23 18:25:00,0.000000,0.400000
TP5,2026-07-23 18:30:00,0.000000,0.360000
TP5,2026-07-23 18:35:00,0.000000,0.400000
TP5,2026-07-23 18:40:00,0.000000,0.380000
TP5,2026-07-23 18:45:00,0.000000,0.320000
TP5,2026-07-23 18:50:00,0.000000,0.360000
TP5,2026-07-23 18:55:00,0.000000,0.360000
TP5,2026-07-23 19:00:00,0.000000,0.330000
TP5,2026-07-23 19:05:00,0.000000,0.310000
TP5,2026-07-23 19:10:00,0.000000,0.310000
TP5,2026-07-23 19:15:00,0.000000,0.290000
TP5,2026-07-23 19:20:00,0.000000,0.260000
TP5,2026-07-23 19:25:00,0.000000,0.270000
TP5,2026-07-23 19:30:00,0.000000,0.260000
TP5,2026-07-23 19:35:00,0.000000,0.270000
TP5,2026-07-23 19:40:00,0.000000,0.230000
TP5,2026-07-23 19:45:00,0.000000,0.260000
TP5,2026-07-23 19:50:00,0.000000,0.270000
TP5,2026-07-23 19:55:00,0.000000,0.270000
TP5,2026-07-23 20:00:00,0.000000,0.260000
TP5,2026-07-23 20:05:00,0.000000,0.300000
TP5,2026-07-23 20:10:00,0.000000,0.220000
TP5,2026-07-23 20:15:00,0.000000,0.220000
TP5,2026-07-23 20:20:00,0.000000,0.220000
TP5,2026-07-23 20:25:00,0.000000,0.230000
TP5,2026-07-23 20:30:00,0.000000,0.260000
TP5,2026-07-23 20:35:00,0.000000,0.220000
TP5,2026-07-23 20:40:00,0.000000,0.220000
TP5,2026-07-23 20:45:00,0.000000,0.180000
TP5,2026-07-23 20:50:00,0.000000,0.180000
TP5,2026-07-23 20:55:00,0.000000,0.200000
TP5,2026-07-23 21:00:00,0.000000,0.210000
TP5,2026-07-23 21:05:00,0.000000,0.160000
TP5,2026-07-23 21:10:00,0.000000,0.160000
TP5,2026-07-23 21:15:00,0.000000,0.170000
TP5,2026-07-23 21:20:00,0.000000,0.140000
TP5,2026-07-23 21:25:00,0.000000,0.160000
TP5,2026-07-23 21:30:00,0.000000,0.150000
TP5,2026-07-23 21:35:00,0.000000,0.170000
TP5,2026-07-23 21:40:00,0.000000,0.150000
TP5,2026-07-23 21:45:00,0.000000,0.120000
TP5,2026-07-23 21:50:00,0.000000,0.130000
TP5,2026-07-23 21:55:00,0.000000,0.150000
TP5,2026-07-23 22:00:00,0.000000,0.160000
TP5,2026-07-23 22:05:00,0.000000,0.140000
TP5,2026-07-23 22:10:00,0.000000,0.160000
TP5,2026-07-23 22:15:00,0.000000,0.150000
TP5,2026-07-23 22:20:00,0.000000,0.120000
TP5,2026-07-23 22:25:00,0.000000,0.120000
TP5,2026-07-23 22:30:00,0.000000,0.150000
TP5,2026-07-23 22:35:00,0.000000,0.120000
TP5,2026-07-23 22:40:00,0.000000,0.100000
TP5,2026-07-23 22:45:00,0.000000,0.120000
TP5,2026-07-23 22:50:00,0.000000,0.110000
TP5,2026-07-23 22:55:00,0.000000,0.100000
TP5,2026-07-23 23:00:00,0.000000,0.100000
TP5,2026-07-23 23:05:00,0.000000,0.120000
TP5,2026-07-23 23:10:00,0.000000,0.080000
TP5,2026-07-23 23:15:00,0.000000,0.090000
TP5,2026-07-23 23:20:00,0.000000,0.100000
TP5,2026-07-23 23:25:00,0.000000,0.110000
TP5,2026-07-23 23:30:00,0.000000,0.110000
TP5,2026-07-23 23:35:00,0.000000,0.110000
TP5,2026-07-23 23:40:00,0.000000,0.110000
TP5,2026-07-23 23:45:00,0.000000,0.080000
TP5,2026-07-23 23:50:00,0.000000,0.100000
TP5,2026-07-23 23:55:00,0.000000,0.080000
TP5,2026-07-24 00:00:00,0.000000,0.100000
TP5,2026-07-24 00:05:00,0.000000,0.090000
TP5,2026-07-24 00:10:00,0.000000,0.110000
TP5,2026-07-24 00:15:00,0.000000,0.110000
TP5,2026-07-24 00:20:00,0.000000,0.100000
TP5,2026-07-24 00:25:00,0.000000,0.080000
TP5,2026-07-24 00:30:00,0.000000,0.090000
TP5,2026-07-24 00:35:00,0.000000,0.100000
TP5,2026-07-24 00:40:00,0.000000,0.090000
TP5,2026-07-24 00:45:00,0.000000,0.060000
TP5,2026-07-24 00:50:00,0.000000,0.080000
TP5,2026-07-24 00:55:00,0.000000,0.090000
TP5,2026-07-24 01:00:00,0.000000,0.060000
TP5,2026-07-24 01:05:00,0.000000,0.060000
TP5,2026-07-24 01:10:00,0.000000,0.080000
TP5,2026-07-24 01:15:00,0.000000,0.120000
TP5,2026-07-24 01:20:00,0.000000,0.070000
TP5,2026-07-24 01:25:00,0.000000,0.040000
TP5,2026-07-24 01:30:00,0.000000,0.070000
TP5,2026-07-24 01:35:00,0.000000,0.030000
TP5,2026-07-24 01:40:00,0.000000,0.030000
TP5,2026-07-24 01:45:00,0.000000,0.060000
TP5,2026-07-24 01:50:00,0.000000,0.050000
TP5,2026-07-24 01:55:00,0.000000,0.030000
TP5,2026-07-24 02:00:00,0.000000,0.030000
TP5,2026-07-24 02:05:00,0.000000,0.040000
TP5,2026-07-24 02:10:00,0.000000,0.020000
TP5,2026-07-24 02:15:00,0.000000,0.000000
TP5,2026-07-24 02:20:00,0.000000,0.010000
TP5,2026-07-24 02:25:00,0.000000,0.010000
TP5,2026-07-24 02:30:00,0.000000,0.000000
TP5,2026-07-24 02:35:00,0.000000,-0.010000
TP5,2026-07-24 02:40:00,0.000000,-0.020000
TP5,2026-07-24 02:45:00,0.000000,0.020000
TP5,2026-07-24 02:50:00,0.000000,-0.020000
TP5,2026-07-24 02:55:00,0.000000,-0.020000
TP5,2026-07-24 03:00:00,0.000000,0.010000
TP5,2026-07-24 03:05:00,0.000000,-0.020000
TP5,2026-07-24 03:10:00,0.000000,0.000000
TP5,2026-07-24 03:15:00,0.000000,-0.020000
TP5,2026-07-24 03:20:00,0.000000,0.010000
TP5,2026-07-24 03:25:00,0.000000,-0.030000
TP5,2026-07-24 03:30:00,0.000000,-0.010000
TP5,2026-07-24 03:35:00,0.000000,-0.030000
TP5,2026-07-24 03:40:00,0.000000,0.010000
TP5,2026-07-24 03:45:00,0.000000,-0.010000
TP5,2026-07-24 03:50:00,0.000000,-0.020000
TP5,2026-07-24 03:55:00,0.000000,0.000000
TP5,2026-07-24 04:00:00,0.000000,-0.030000
TP5,2026-07-24 04:05:00,0.000000,-0.030000
TP5,2026-07-24 04:10:00,0.000000,-0.030000
TP5,2026-07-24 04:15:00,0.000000,0.000000
TP5,2026-07-24 04:20:00,0.000000,-0.020000
TP5,2026-07-24 04:25:00,0.000000,-0.020000
TP5,2026-07-24 04:30:00,0.000000,0.000000
TP5,2026-07-24 04:35:00,0.000000,-0.020000
TP5,2026-07-24 04:40:00,0.000000,-0.030000
TP5,2026-07-24 04:45:00,0.000000,-0.020000
TP5,2026-07-24 04:50:00,0.000000,0.000000
TP5,2026-07-24 04:55:00,0.000000,-0.010000
TP5,2026-07-24 05:00:00,0.000000,-0.030000
TP5,2026-07-24 05:05:00,0.000000,-0.010000
TP5,2026-07-24 05:10:00,0.000000,0.000000
TP5,2026-07-24 05:15:00,0.000000,-0.010000
TP5,2026-07-24 05:20:00,0.000000,-0.010000
TP5,2026-07-24 05:25:00,0.000000,0.020000
TP5,2026-07-24 05:30:00,0.000000,0.000000
TP5,2026-07-24 05:35:00,0.000000,0.000000
TP5,2026-07-24 05:40:00,0.000000,0.000000
TP5,2026-07-24 05:45:00,0.000000,0.040000
TP5,2026-07-24 05:50:00,0.000000,0.010000
TP5,2026-07-24 05:55:00,0.000000,-0.010000
TP5,2026-07-24 06:00:00,0.000000,0.010000
TP5,2026-07-24 06:05:00,0.000000,-0.010000
TP5,2026-07-24 06:10:00,0.000000,-0.020000
TP5,2026-07-24 06:15:00,0.000000,-0.020000
TP5,2026-07-24 06:20:00,0.000000,-0.010000
TP5,2026-07-24 06:25:00,0.000000,-0.030000
TP5,2026-07-24 06:30:00,0.000000,-0.030000
TP5,2026-07-24 06:35:00,0.000000,-0.040000
TP5,2026-07-24 06:40:00,0.000000,-0.010000
TP5,2026-07-24 06:45:00,0.000000,-0.050000
TP5,2026-07-24 06:50:00,0.000000,-0.030000
TP5,2026-07-24 06:55:00,0.000000,-0.010000
TP5,2026-07-24 07:00:00,0.000000,-0.040000
TP5,2026-07-24 07:05:00,0.000000,-0.030000
TP5,2026-07-24 07:10:00,0.000000,-0.030000
TP5,2026-07-24 07:15:00,0.000000,0.010000
TP5,2026-07-24 07:20:00,0.000000,-0.020000
TP5,2026-07-24 07:25:00,0.000000,0.000000
TP5,2026-07-24 07:30:00,0.000000,-0.010000
TP5,2026-07-24 07:35:00,0.000000,0.020000
TP5,2026-07-24 07:40:00,0.000000,0.000000
TP5,2026-07-24 07:45:00,0.000000,0.010000
TP5,2026-07-24 07:50:00,0.000000,0.060000
TP5,2026-07-24 07:55:00,0.000000,0.020000
TP5,2026-07-24 08:00:00,0.000000,0.040000
TP5,2026-07-24 08:05:00,0.000000,0.040000
TP5,2026-07-24 08:10:00,0.000000,0.060000
TP5,2026-07-24 08:15:00,0.000000,0.070000
TP5,2026-07-24 08:20:00,0.000000,0.070000
TP5,2026-07-24 08:25:00,0.000000,0.110000
TP5,2026-07-24 08:30:00,0.000000,0.120000
TP5,2026-07-24 08:35:00,0.000000,0.090000
TP5,2026-07-24 08:40:00,0.000000,0.110000
TP5,2026-07-24 08:45:00,0.000000,0.140000
TP5,2026-07-24 08:50:00,0.000000,0.140000
TP5,2026-07-24 08:55:00,0.000000,0.130000
TP5,2026-07-24 09:00:00,0.000000,0.160000
TP5,2026-07-24 09:05:00,0.000000,0.160000
TP5,2026-07-24 09:10:00,0.000000,0.140000
TP5,2026-07-24 09:15:00,0.000000,0.160000
TP5,2026-07-24 09:20:00,0.000000,0.200000
TP5,2026-07-24 09:25:00,0.000000,0.170000
TP5,2026-07-24 09:30:00,0.000000,0.180000
TP5,2026-07-24 09:35:00,0.000000,0.210000
TP5,2026-07-24 09:40:00,0.000000,0.220000
TP5,2026-07-24 09:45:00,0.000000,0.200000
TP5,2026-07-24 09:50:00,0.000000,0.210000
TP5,2026-07-24 09:55:00,0.000000,0.220000
TP5,2026-07-24 10:00:00,0.000000,0.250000
TP5,2026-07-24 10:05:00,0.000000,0.230000
TP5,2026-07-24 10:10:00,0.000000,0.250000
TP5,2026-07-24 10:15:00,0.000000,0.260000
TP5,2026-07-24 10:20:00,0.000000,0.250000
TP5,2026-07-24 10:25:00,0.000000,0.310000
TP5,2026-07-24 10:30:00,0.000000,0.300000
TP5,2026-07-24 10:35:00,0.000000,0.290000
TP5,2026-07-24 10:40:00,0.000000,0.290000
TP5,2026-07-24 10:45:00,0.000000,0.300000
TP5,2026-07-24 10:50:00,0.000000,0.330000
TP5,2026-07-24 10:55:00,0.000000,0.390000
TP5,2026-07-24 11:00:00,0.000000,0.350000
TP5,2026-07-24 11:05:00,0.000000,0.350000
TP5,2026-07-24 11:10:00,0.000000,0.330000
TP5,2026-07-24 11:15:00,0.000000,0.310000
TP5,2026-07-24 11:20:00,0.000000,0.340000
TP5,2026-07-24 11:25:00,0.000000,0.340000
TP5,2026-07-24 11:30:00,0.000000,0.360000
TP5,2026-07-24 11:35:00,0.000000,0.340000
TP5,2026-07-24 11:40:00,0.000000,0.340000
TP5,2026-07-24 11:45:00,0.000000,0.380000
TP5,2026-07-24 11:50:00,0.000000,0.380000
TP5,2026-07-24 11:55:00,0.000000,0.370000
TP5,2026-07-24 12:00:00,0.000000,0.390000
TP5,2026-07-24 12:05:00,0.000000,0.440000
TP5,2026-07-24 12:10:00,0.000000,0.390000
TP5,2026-07-24 12:15:00,0.000000,0.410000
TP5,2026-07-24 12:20:00,0.000000,0.390000
TP5,2026-07-24 12:25:00,0.000000,0.360000
TP5,2026-07-24 12:30:00,0.000000,0.400000
TP5,2026-07-24 12:35:00,0.000000,0.380000
TP5,2026-07-24 12:40:00,0.000000,0.460000
TP5,2026-07-24 12:45:00,0.000000,0.650000
TP5,2026-07-24 12:50:00,0.000000,0.440000
TP5,2026-07-24 12:55:00,0.000000,0.400000
TP5,2026-07-24 13:00:00,0.000000,0.410000
TP5,2026-07-24 13:05:00,0.000000,0.420000
TP5,2026-07-24 13:10:00,0.000000,0.480000
TP5,2026-07-24 13:15:00,0.000000,0.450000
TP5,2026-07-24 13:20:00,0.000000,0.480000
TP5,2026-07-24 13:25:00,0.000000,0.640000
TP5,2026-07-24 13:30:00,0.000000,0.480000
TP5,2026-07-24 13:35:00,0.000000,0.490000
TP5,2026-07-24 13:40:00,0.000000,0.500000
TP5,2026-07-24 13:45:00,0.000000,0.450000
TP5,2026-07-24 13:50:00,0.000000,0.480000
TP5,2026-07-24 13:55:00,0.000000,0.470000
TP5,2026-07-24 14:00:00,0.000000,0.470000
TP5,2026-07-24 14:05:00,0.000000,0.490000
TP5,2026-07-24 14:10:00,0.000000,0.570000
TP5,2026-07-24 14:15:00,0.000000,0.540000
TP5,2026-07-24 14:20:00,0.000000,0.560000
TP5,2026-07-24 14:25:00,0.000000,0.560000
TP5,2026-07-24 14:30:00,0.000000,0.530000
TP5,2026-07-24 14:35:00,0.000000,0.520000
TP5,2026-07-24 14:40:00,0.000000,0.510000
TP5,2026-07-24 14:45:00,0.000000,0.690000
TP5,2026-07-24 14:50:00,0.000000,0.580000
TP5,2026-07-24 14:55:00,0.000000,0.560000
TP5,2026-07-24 15:00:00,0.000000,0.570000
TP5,2026-07-24 15:05:00,0.000000,0.570000
TP5,2026-07-24 15:10:00,0.000000,0.640000
TP5,2026-07-24 15:15:00,0.000000,0.760000
TP5,2026-07-24 15:20:00,0.000000,0.640000
TP5,2026-07-24 15:25:00,0.000000,0.560000
TP5,2026-07-24 15:30:00,0.000000,0.720000
TP5,2026-07-24 15:35:00,0.000000,0.590000
TP5,2026-07-24 15:40:00,0.000000,0.570000
TP5,2026-07-24 15:45:00,0.000000,0.540000
TP5,2026-07-24 15:50:00,0.000000,0.530000
TP5,2026-07-24 15:55:00,0.000000,0.520000
TP5,2026-07-24 16:00:00,0.000000,0.570000
TP5,2026-07-24 16:05:00,0.000000,0.510000
TP5,2026-07-24 16:10:00,0.000000,0.520000
TP5,2026-07-24 16:15:00,0.000000,0.510000
TP5,2026-07-24 16:20:00,0.000000,0.500000
TP5,2026-07-24 16:25:00,0.000000,0.500000
TP5,2026-07-24 16:30:00,0.000000,0.500000
TP5,2026-07-24 16:35:00,0.000000,0.500000
TP5,2026-07-24 16:40:00,0.000000,0.530000
TP5,2026-07-24 16:45:00,0.000000,0.530000
TP5,2026-07-24 16:50:00,0.000000,0.570000
TP5,2026-07-24 16:55:00,0.000000,0.520000
TP5,2026-07-24 17:00:00,0.000000,0.540000
TP5,2026-07-24 17:05:00,0.000000,0.540000
TP5,2026-07-24 17:10:00,0.000000,0.550000
TP5,2026-07-24 17:15:00,0.000000,0.570000
TP5,2026-07-24 17:20:00,0.000000,0.520000
TP5,2026-07-24 17:25:00,0.000000,0.520000
TP5,2026-07-24 17:30:00,0.000000,0.500000
TP5,2026-07-24 17:35:00,0.000000,0.510000
TP5,2026-07-24 17:40:00,0.000000,0.500000
TP5,2026-07-24 17:45:00,0.000000,0.480000
TP5,2026-07-24 17:50:00,0.000000,0.480000
TP5,2026-07-24 17:55:00,0.000000,0.460000
TP5,2026-07-24 18:00:00,0.000000,0.450000
TP5,2026-07-24 18:05:00,0.000000,0.470000
TP5,2026-07-24 18:10:00,0.000000,0.430000
TP5,2026-07-24 18:15:00,0.000000,0.440000
TP5,2026-07-24 18:20:00,0.000000,0.450000
TP5,2026-07-24 18:25:00,0.000000,0.460000
TP5,2026-07-24 18:30:00,0.000000,0.430000
TP5,2026-07-24 18:35:00,0.000000,0.400000
TP5,2026-07-24 18:40:00,0.000000,0.420000
TP5,2026-07-24 18:45:00,0.000000,0.430000
TP5,2026-07-24 18:50:00,0.000000,0.390000
TP5,2026-07-24 18:55:00,0.000000,0.380000
TP5,2026-07-24 19:00:00,0.000000,0.430000
TP5,2026-07-24 19:05:00,0.000000,0.370000
TP5,2026-07-24 19:10:00,0.000000,0.360000
TP5,2026-07-24 19:15:00,0.000000,0.370000
TP5,2026-07-24 19:20:00,0.000000,0.370000
TP5,2026-07-24 19:25:00,0.000000,0.340000
TP5,2026-07-24 19:30:00,0.000000,0.340000
TP5,2026-07-24 19:35:00,0.000000,0.360000
TP5,2026-07-24 19:40:00,0.000000,0.320000
TP5,2026-07-24 19:45:00,0.000000,0.320000
TP5,2026-07-24 19:50:00,0.000000,0.310000
TP5,2026-07-24 19:55:00,0.000000,0.390000
TP5,2026-07-24 20:00:00,0.000000,0.310000
TP5,2026-07-24 20:05:00,0.000000,0.290000
TP5,2026-07-24 20:10:00,0.000000,0.270000
TP5,2026-07-24 20:15:00,0.000000,0.310000
TP5,2026-07-24 20:20:00,0.000000,0.260000
TP5,2026-07-24 20:25:00,0.000000,0.250000
TP5,2026-07-24 20:30:00,0.000000,0.270000
TP5,2026-07-24 20:35:00,0.000000,0.260000
TP5,2026-07-24 20:40:00,0.000000,0.250000
TP5,2026-07-24 20:45:00,0.000000,0.260000
TP5,2026-07-24 20:50:00,0.000000,0.290000
TP5,2026-07-24 20:55:00,0.000000,0.240000
TP5,2026-07-24 21:00:00,0.000000,0.230000
TP5,2026-07-24 21:05:00,0.000000,0.230000
TP5,2026-07-24 21:10:00,0.000000,0.250000
TP5,2026-07-24 21:15:00,0.000000,0.210000
TP5,2026-07-24 21:20:00,0.000000,0.190000
TP5,2026-07-24 21:25:00,0.000000,0.220000
TP5,2026-07-24 21:30:00,0.000000,0.190000
TP5,2026-07-24 21:35:00,0.000000,0.190000
TP5,2026-07-24 21:40:00,0.000000,0.190000
TP5,2026-07-24 21:45:00,0.000000,0.200000
TP5,2026-07-24 21:50:00,0.000000,0.160000
TP5,2026-07-24 21:55:00,0.000000,0.160000
TP5,2026-07-24 22:00:00,0.000000,0.190000
TP5,2026-07-24 22:05:00,0.000000,0.160000
TP5,2026-07-24 22:10:00,0.000000,0.160000
TP5,2026-07-24 22:15:00,0.000000,0.170000
TP5,2026-07-24 22:20:00,0.000000,0.190000
TP5,2026-07-24 22:25:00,0.000000,0.160000
TP5,2026-07-24 22:30:00,0.000000,0.150000
TP5,2026-07-24 22:35:00,0.000000,0.150000
TP5,2026-07-24 22:40:00,0.000000,0.180000
TP5,2026-07-24 22:45:00,0.000000,0.140000
TP5,2026-07-24 22:50:00,0.000000,0.120000
TP5,2026-07-24 22:55:00,0.000000,0.150000
TP5,2026-07-24 23:00:00,0.000000,0.140000
TP5,2026-07-24 23:05:00,0.000000,0.120000
TP5,2026-07-24 23:10:00,0.000000,0.110000
TP5,2026-07-24 23:15:00,0.000000,0.140000
TP5,2026-07-24 23:20:00,0.000000,0.110000
TP5,2026-07-24 23:25:00,0.000000,0.110000
TP5,2026-07-24 23:30:00,0.000000,0.140000
TP5,2026-07-24 23:35:00,0.000000,0.110000
TP5,2026-07-24 23:40:00,0.000000,0.100000
TP5,2026-07-24 23:45:00,0.000000,0.150000
TP5,2026-07-24 23:50:00,0.000000,0.130000
TP5,2026-07-24 23:55:00,0.000000,0.120000
TP5,2026-07-25 00:00:00,0.000000,0.110000
TP5,2026-07-25 00:05:00,0.000000,0.120000
TP5,2026-07-25 00:10:00,0.000000,0.140000
TP5,2026-07-25 00:15:00,0.000000,0.110000
TP5,2026-07-25 00:20:00,0.000000,0.120000
TP5,2026-07-25 00:25:00,0.000000,0.140000
TP5,2026-07-25 00:30:00,0.000000,0.130000
TP5,2026-07-25 00:35:00,0.000000,0.150000
TP5,2026-07-25 00:40:00,0.000000,0.120000
TP5,2026-07-25 00:45:00,0.000000,0.140000
TP5,2026-07-25 00:50:00,0.000000,0.140000
TP5,2026-07-25 00:55:00,0.000000,0.110000
TP5,2026-07-25 01:00:00,0.000000,0.130000
TP5,2026-07-25 01:05:00,0.000000,0.120000
TP5,2026-07-25 01:10:00,0.000000,0.090000
TP5,2026-07-25 01:15:00,0.000000,0.140000
TP5,2026-07-25 01:20:00,0.000000,0.130000
TP5,2026-07-25 01:25:00,0.000000,0.110000
TP5,2026-07-25 01:30:00,0.000000,0.120000
TP5,2026-07-25 01:35:00,0.000000,0.120000
TP5,2026-07-25 01:40:00,0.000000,0.130000
TP5,2026-07-25 01:45:00,0.000000,0.130000
TP5,2026-07-25 01:50:00,0.000000,0.100000
TP5,2026-07-25 01:55:00,0.000000,0.120000
TP5,2026-07-25 02:00:00,0.000000,0.100000
TP5,2026-07-25 02:05:00,0.000000,0.110000
TP5,2026-07-25 02:10:00,0.000000,0.080000
TP5,2026-07-25 02:15:00,0.000000,0.120000
TP5,2026-07-25 02:20:00,0.000000,0.090000
TP5,2026-07-25 02:25:00,0.000000,0.090000
TP5,2026-07-25 02:30:00,0.000000,0.100000
TP5,2026-07-25 02:35:00,0.000000,0.090000
TP5,2026-07-25 02:40:00,0.000000,0.100000
TP5,2026-07-25 02:45:00,0.000000,0.070000
TP5,2026-07-25 02:50:00,0.000000,0.110000
TP5,2026-07-25 02:55:00,0.000000,0.090000
TP5,2026-07-25 03:00:00,0.000000,0.120000
TP5,2026-07-25 03:05:00,0.000000,0.110000
TP5,2026-07-25 03:10:00,0.000000,0.110000
TP5,2026-07-25 03:15:00,0.000000,0.060000
TP5,2026-07-25 03:20:00,0.000000,0.060000
TP5,2026-07-25 03:25:00,0.000000,0.100000
TP5,2026-07-25 03:30:00,0.000000,0.090000
TP5,2026-07-25 03:35:00,0.000000,0.060000
TP5,2026-07-25 03:40:00,0.000000,0.070000
TP5,2026-07-25 03:45:00,0.000000,0.100000
TP5,2026-07-25 03:50:00,0.000000,0.070000
TP5,2026-07-25 03:55:00,0.000000,0.080000
TP5,2026-07-25 04:00:00,0.000000,0.070000
TP5,2026-07-25 04:05:00,0.000000,0.080000
TP5,2026-07-25 04:10:00,0.000000,0.060000
TP5,2026-07-25 04:15:00,0.000000,0.070000
TP5,2026-07-25 04:20:00,0.000000,0.100000
TP5,2026-07-25 04:25:00,0.000000,0.080000
TP5,2026-07-25 04:30:00,0.000000,0.070000
TP5,2026-07-25 04:35:00,0.000000,0.070000
TP5,2026-07-25 04:40:00,0.000000,0.110000
TP5,2026-07-25 04:45:00,0.000000,0.070000
TP5,2026-07-25 04:50:00,0.000000,0.110000
TP5,2026-07-25 04:55:00,0.000000,0.110000
TP5,2026-07-25 05:00:00,0.000000,0.090000
TP5,2026-07-25 05:05:00,0.000000,0.080000
TP5,2026-07-25 05:10:00,0.000000,0.140000
TP5,2026-07-25 05:15:00,0.000000,0.110000
TP5,2026-07-25 05:20:00,0.000000,0.110000
TP5,2026-07-25 05:25:00,0.000000,0.110000
TP5,2026-07-25 05:30:00,0.000000,0.100000
TP5,2026-07-25 05:35:00,0.000000,0.130000
TP5,2026-07-25 05:40:00,0.000000,0.120000
TP5,2026-07-25 05:45:00,0.000000,0.110000
TP5,2026-07-25 05:50:00,0.000000,0.130000
TP5,2026-07-25 05:55:00,0.000000,0.160000
TP5,2026-07-25 06:00:00,0.000000,0.120000
TP5,2026-07-25 06:05:00,0.000000,0.100000
TP5,2026-07-25 06:10:00,0.000000,0.150000
TP5,2026-07-25 06:15:00,0.000000,0.110000
TP5,2026-07-25 06:20:00,0.000000,0.100000
TP5,2026-07-25 06:25:00,0.000000,0.070000
TP5,2026-07-25 06:30:00,0.000000,0.120000
TP5,2026-07-25 06:35:00,0.000000,0.090000
TP5,2026-07-25 06:40:00,0.000000,0.090000
TP5,2026-07-25 06:45:00,0.000000,0.110000
TP5,2026-07-25 06:50:00,0.000000,0.100000
TP5,2026-07-25 06:55:00,0.000000,0.100000
TP5,2026-07-25 07:00:00,0.000000,0.080000
TP5,2026-07-25 07:05:00,0.000000,0.120000
TP5,2026-07-25 07:10:00,0.000000,0.100000
TP5,2026-07-25 07:15:00,0.000000,0.100000
TP5,2026-07-25 07:20:00,0.000000,0.100000
TP5,2026-07-25 07:25:00,0.000000,0.140000
TP5,2026-07-25 07:30:00,0.000000,0.100000
TP5,2026-07-25 07:35:00,0.000000,0.110000
TP5,2026-07-25 07:40:00,0.000000,0.130000
TP5,2026-07-25 07:45:00,0.000000,0.110000
TP5,2026-07-25 07:50:00,0.000000,0.130000
TP5,2026-07-25 07:55:00,0.000000,0.120000
TP5,2026-07-25 08:00:00,0.000000,0.140000
TP5,2026-07-25 08:05:00,0.000000,0.110000
TP5,2026-07-25 08:10:00,0.000000,0.120000
TP5,2026-07-25 08:15:00,0.000000,0.180000
TP5,2026-07-25 08:20:00,0.000000,0.130000
TP5,2026-07-25 08:25:00,0.000000,0.150000
TP5,2026-07-25 08:30:00,0.000000,0.180000
TP5,2026-07-25 08:35:00,0.000000,0.180000
TP5,2026-07-25 08:40:00,0.000000,0.180000
TP5,2026-07-25 08:45:00,0.000000,0.170000
TP5,2026-07-25 08:50:00,0.000000,0.180000
TP5,2026-07-25 08:55:00,0.000000,0.220000
TP5,2026-07-25 09:00:00,0.000000,0.180000
TP5,2026-07-25 09:05:00,0.000000,0.250000
TP5,2026-07-25 09:10:00,0.000000,0.210000
TP5,2026-07-25 09:15:00,0.000000,0.180000
TP5,2026-07-25 09:20:00,0.000000,0.220000
TP5,2026-07-25 09:25:00,0.000000,0.220000
TP5,2026-07-25 09:30:00,0.000000,0.240000
TP5,2026-07-25 09:35:00,0.000000,0.210000
TP5,2026-07-25 09:40:00,0.000000,0.220000
TP5,2026-07-25 09:45:00,0.000000,0.250000
TP5,2026-07-25 09:50:00,0.000000,0.240000
TP5,2026-07-25 09:55:00,0.000000,0.240000
TP5,2026-07-25 10:00:00,0.000000,0.240000
TP5,2026-07-25 10:05:00,0.000000,0.280000
TP5,2026-07-25 10:10:00,0.000000,0.260000
TP5,2026-07-25 10:15:00,0.000000,0.270000
TP5,2026-07-25 10:20:00,0.000000,0.270000
TP5,2026-07-25 10:25:00,0.000000,0.300000
TP5,2026-07-25 10:30:00,0.000000,0.270000
TP5,2026-07-25 10:35:00,0.000000,0.280000
TP5,2026-07-25 10:40:00,0.000000,0.350000
TP5,2026-07-25 10:45:00,0.000000,0.310000
TP5,2026-07-25 10:50:00,0.000000,0.330000
TP5,2026-07-25 10:55:00,0.000000,0.360000
TP5,2026-07-25 11:00:00,0.000000,0.380000
TP5,2026-07-25 11:05:00,0.000000,0.350000
TP5,2026-07-25 11:10:00,0.000000,0.370000
TP5,2026-07-25 11:15:00,0.000000,0.380000
TP5,2026-07-25 11:20:00,0.000000,0.400000
TP5,2026-07-25 11:25:00,0.000000,0.400000
TP5,2026-07-25 11:30:00,0.000000,0.420000
TP5,2026-07-25 11:35:00,0.000000,0.500000
TP5,2026-07-25 11:40:00,0.000000,0.450000
TP5,2026-07-25 11:45:00,0.000000,0.470000
TP5,2026-07-25 11:50:00,0.000000,0.420000
TP5,2026-07-25 11:55:00,0.000000,0.470000
TP5,2026-07-25 12:00:00,0.000000,0.440000
TP5,2026-07-25 12:05:00,0.000000,0.440000
TP5,2026-07-25 12:10:00,0.000000,0.500000
TP5,2026-07-25 12:15:00,0.000000,0.500000
TP5,2026-07-25 12:20:00,0.000000,0.540000
TP5,2026-07-25 12:25:00,0.000000,0.520000
TP5,2026-07-25 12:30:00,0.000000,0.530000
TP5,2026-07-25 12:35:00,0.000000,0.500000
TP5,2026-07-25 12:40:00,0.000000,0.490000
TP5,2026-07-25 12:45:00,0.000000,0.510000
TP5,2026-07-25 12:50:00,0.000000,0.550000
TP5,2026-07-25 12:55:00,0.000000,0.520000
TP5,2026-07-25 13:00:00,0.000000,0.530000
TP5,2026-07-25 13:05:00,0.000000,0.580000
TP5,2026-07-25 13:10:00,0.000000,0.570000
TP5,2026-07-25 13:15:00,0.000000,0.570000
TP5,2026-07-25 13:20:00,0.000000,0.580000
TP5,2026-07-25 13:25:00,0.000000,0.570000
TP5,2026-07-25 13:30:00,0.000000,0.560000
TP5,2026-07-25 13:35:00,0.000000,0.580000
TP5,2026-07-25 13:40:00,0.000000,0.580000
TP5,2026-07-25 13:45:00,0.000000,0.580000
TP5,2026-07-25 13:50:00,0.000000,0.610000
TP5,2026-07-25 13:55:00,0.000000,0.580000
TP5,2026-07-25 14:00:00,0.000000,0.600000
TP5,2026-07-25 14:05:00,0.000000,0.600000
TP5,2026-07-25 14:10:00,0.000000,0.620000
TP5,2026-07-25 14:15:00,0.000000,0.600000
TP5,2026-07-25 14:20:00,0.000000,0.670000
TP5,2026-07-25 14:25:00,0.000000,0.630000
TP5,2026-07-25 14:30:00,0.000000,0.620000
TP5,2026-07-25 14:35:00,0.000000,0.630000
TP5,2026-07-25 14:40:00,0.000000,0.680000
TP5,2026-07-25 14:45:00,0.000000,0.680000
TP5,2026-07-25 14:50:00,0.083333,0.670000
TP5,2026-07-25 14:55:00,0.166667,0.760000
TP5,2026-07-25 15:00:00,0.250000,0.720000
TP5,2026-07-25 15:05:00,0.333333,0.810000
TP5,2026-07-25 15:10:00,0.416667,2.210000
TP5,2026-07-25 15:15:00,0.500000,2.390000
TP5,2026-07-25 15:20:00,0.583333,1.850000
TP5,2026-07-25 15:25:00,0.666667,1.480000
TP5,2026-07-25 15:30:00,0.750000,0.650000
TP5,2026-07-25 15:35:00,0.833333,0.590000
TP5,2026-07-25 15:40:00,0.916667,0.640000
TP5,2026-07-25 15:45:00,1.000000,0.540000
TP5,2026-07-25 15:50:00,1.416667,0.560000
TP5,2026-07-25 15:55:00,1.833333,4.140000
TP5,2026-07-25 16:00:00,2.250000,4.760000
TP5,2026-07-25 16:05:00,2.666667,3.590000
TP5,2026-07-25 16:10:00,3.083333,1.390000
TP5,2026-07-25 16:15:00,3.500000,0.990000
TP5,2026-07-25 16:20:00,3.916667,0.720000
TP5,2026-07-25 16:25:00,4.333333,0.740000
TP5,2026-07-25 16:30:00,4.750000,0.560000
TP5,2026-07-25 16:35:00,5.166667,0.290000
TP5,2026-07-25 16:40:00,5.583333,0.370000
TP5,2026-07-25 16:45:00,6.000000,0.390000
TP5,2026-07-25 16:50:00,5.500000,0.210000
TP5,2026-07-25 16:55:00,5.000000,0.380000
TP5,2026-07-25 17:00:00,4.500000,0.290000
TP5,2026-07-25 17:05:00,4.000000,0.410000
TP5,2026-07-25 17:10:00,3.500000,0.470000
TP5,2026-07-25 17:15:00,3.000000,0.170000
TP5,2026-07-25 17:20:00,2.500000,0.110000
TP5,2026-07-25 17:25:00,2.000000,0.080000
TP5,2026-07-25 17:30:00,1.500000,0.060000
TP5,2026-07-25 17:35:00,1.000000,0.060000
TP5,2026-07-25 17:40:00,0.500000,0.100000
TP5,2026-07-25 17:45:00,0.000000,0.070000
TP5,2026-07-25 17:50:00,0.000000,0.060000
TP5,2026-07-25 17:55:00,0.000000,0.070000
TP5,2026-07-25 18:00:00,0.000000,0.040000
TP5,2026-07-25 18:05:00,0.000000,0.050000
TP5,2026-07-25 18:10:00,0.000000,0.070000
TP5,2026-07-25 18:15:00,0.000000,0.070000
TP5,2026-07-25 18:20:00,0.000000,0.060000
TP5,2026-07-25 18:25:00,0.000000,0.060000
TP5,2026-07-25 18:30:00,0.000000,0.060000
TP5,2026-07-25 18:35:00,0.000000,0.110000
TP5,2026-07-25 18:40:00,0.000000,0.060000
TP5,2026-07-25 18:45:00,0.000000,0.080000
TP5,2026-07-25 18:50:00,0.000000,0.080000
TP5,2026-07-25 18:55:00,0.000000,0.060000
TP5,2026-07-25 19:00:00,0.000000,0.070000
TP5,2026-07-25 19:05:00,0.000000,0.050000
TP5,2026-07-25 19:10:00,0.000000,0.080000
TP5,2026-07-25 19:15:00,0.000000,0.050000
TP5,2026-07-25 19:20:00,0.000000,0.040000
TP5,2026-07-25 19:25:00,0.000000,0.040000
TP5,2026-07-25 19:30:00,0.000000,0.060000
TP5,2026-07-25 19:35:00,0.000000,0.040000
TP5,2026-07-25 19:40:00,0.000000,0.040000
TP5,2026-07-25 19:45:00,0.000000,0.060000
TP5,2026-07-25 19:50:00,0.000000,0.040000
TP5,2026-07-25 19:55:00,0.000000,0.040000
TP5,2026-07-25 20:00:00,0.000000,0.040000
TP5,2026-07-25 20:05:00,0.000000,0.110000
TP5,2026-07-25 20:10:00,0.000000,0.180000
TP5,2026-07-25 20:15:00,0.000000,0.180000
TP5,2026-07-25 20:20:00,0.000000,0.170000
TP5,2026-07-25 20:25:00,0.000000,0.220000
TP5,2026-07-25 20:30:00,0.000000,0.160000
TP5,2026-07-25 20:35:00,0.000000,0.260000
TP5,2026-07-25 20:40:00,0.000000,0.340000
TP5,2026-07-25 20:45:00,0.000000,0.390000
TP5,2026-07-25 20:50:00,0.083333,0.510000
TP5,2026-07-25 20:55:00,0.166667,0.560000
TP5,2026-07-25 21:00:00,0.250000,0.490000
TP5,2026-07-25 21:05:00,0.333333,0.330000
TP5,2026-07-25 21:10:00,0.416667,0.260000
TP5,2026-07-25 21:15:00,0.500000,0.330000
TP5,2026-07-25 21:20:00,0.583333,0.200000
TP5,2026-07-25 21:25:00,0.666667,0.330000
TP5,2026-07-25 21:30:00,0.750000,0.300000
TP5,2026-07-25 21:35:00,0.833333,0.300000
TP5,2026-07-25 21:40:00,0.916667,0.350000
TP5,2026-07-25 21:45:00,1.000000,0.520000
TP5,2026-07-25 21:50:00,0.916667,0.340000
TP5,2026-07-25 21:55:00,0.833333,0.180000
TP5,2026-07-25 22:00:00,0.750000,0.040000
TP5,2026-07-25 22:05:00,0.666667,0.020000
TP5,2026-07-25 22:10:00,0.583333,0.000000
TP5,2026-07-25 22:15:00,0.500000,-0.040000
TP5,2026-07-25 22:20:00,0.416667,-0.020000
TP5,2026-07-25 22:25:00,0.333333,-0.020000
TP5,2026-07-25 22:30:00,0.250000,-0.030000
TP5,2026-07-25 22:35:00,0.166667,-0.040000
TP5,2026-07-25 22:40:00,0.083333,-0.060000
TP5,2026-07-25 22:45:00,0.000000,-0.020000
TP5,2026-07-25 22:50:00,0.000000,-0.010000
TP5,2026-07-25 22:55:00,0.000000,0.120000
TP5,2026-07-25 23:00:00,0.000000,0.000000
TP5,2026-07-25 23:05:00,0.000000,0.110000
TP5,2026-07-25 23:10:00,0.000000,0.120000
TP5,2026-07-25 23:15:00,0.000000,0.170000
TP5,2026-07-25 23:20:00,0.000000,0.080000
TP5,2026-07-25 23:25:00,0.000000,0.030000
TP5,2026-07-25 23:30:00,0.000000,0.000000
TP5,2026-07-25 23:35:00,0.000000,0.050000
TP5,2026-07-25 23:40:00,0.000000,0.020000
TP5,2026-07-25 23:45:00,0.000000,-0.040000
TP5,2026-07-25 23:50:00,0.166667,0.090000
TP5,2026-07-25 23:55:00,0.333333,0.180000
TP5,2026-07-26 00:00:00,0.500000,0.220000
TP5,2026-07-26 00:05:00,0.666667,0.270000
TP5,2026-07-26 00:10:00,0.833333,0.200000
TP5,2026-07-26 00:15:00,1.000000,0.360000
TP5,2026-07-26 00:20:00,1.166667,0.620000
TP5,2026-07-26 00:25:00,1.333333,0.640000
TP5,2026-07-26 00:30:00,1.500000,0.870000
TP5,2026-07-26 00:35:00,1.666667,1.330000
TP5,2026-07-26 00:40:00,1.833333,1.380000
TP5,2026-07-26 00:45:00,2.000000,1.210000
TP5,2026-07-26 00:50:00,2.083333,0.970000
TP5,2026-07-26 00:55:00,2.166667,1.060000
TP5,2026-07-26 01:00:00,2.250000,0.940000
TP5,2026-07-26 01:05:00,2.333333,0.660000
TP5,2026-07-26 01:10:00,2.416667,0.390000
TP5,2026-07-26 01:15:00,2.500000,0.470000
TP5,2026-07-26 01:20:00,2.583333,0.380000
TP5,2026-07-26 01:25:00,2.666667,1.300000
TP5,2026-07-26 01:30:00,2.750000,1.500000
TP5,2026-07-26 01:35:00,2.833333,1.250000
TP5,2026-07-26 01:40:00,2.916667,0.930000
TP5,2026-07-26 01:45:00,3.000000,1.130000
TP5,2026-07-26 01:50:00,3.000000,0.950000
TP5,2026-07-26 01:55:00,3.000000,0.580000
TP5,2026-07-26 02:00:00,3.000000,0.750000
TP5,2026-07-26 02:05:00,3.000000,0.650000
TP5,2026-07-26 02:10:00,3.000000,0.540000
TP5,2026-07-26 02:15:00,3.000000,0.550000
TP5,2026-07-26 02:20:00,3.000000,0.810000
TP5,2026-07-26 02:25:00,3.000000,0.580000
TP5,2026-07-26 02:30:00,3.000000,0.480000
TP5,2026-07-26 02:35:00,3.000000,0.320000
TP5,2026-07-26 02:40:00,3.000000,0.340000
TP5,2026-07-26 02:45:00,3.000000,-0.030000
TP5,2026-07-26 02:50:00,3.000000,0.130000
TP5,2026-07-26 02:55:00,3.000000,0.280000
TP5,2026-07-26 03:00:00,3.000000,0.940000
TP5,2026-07-26 03:05:00,3.000000,0.830000
TP5,2026-07-26 03:10:00,3.000000,0.600000
TP5,2026-07-26 03:15:00,3.000000,0.750000
TP5,2026-07-26 03:20:00,3.000000,1.040000
TP5,2026-07-26 03:25:00,3.000000,1.150000
TP5,2026-07-26 03:30:00,3.000000,1.210000
TP5,2026-07-26 03:35:00,3.000000,0.750000
TP5,2026-07-26 03:40:00,3.000000,1.120000
TP5,2026-07-26 03:45:00,3.000000,1.170000
TP5,2026-07-26 03:50:00,3.416667,1.450000
TP5,2026-07-26 03:55:00,3.833333,1.490000
TP5,2026-07-26 04:00:00,4.250000,1.050000
TP5,2026-07-26 04:05:00,4.666667,0.960000
TP5,2026-07-26 04:10:00,5.083333,1.350000
TP5,2026-07-26 04:15:00,5.500000,1.280000
TP5,2026-07-26 04:20:00,5.916667,1.910000
TP5,2026-07-26 04:25:00,6.333333,2.080000
TP5,2026-07-26 04:30:00,6.750000,1.590000
TP5,2026-07-26 04:35:00,7.166667,1.400000
TP5,2026-07-26 04:40:00,7.583333,2.150000
TP5,2026-07-26 04:45:00,8.000000,1.760000
TP5,2026-07-26 04:50:00,8.750000,3.910000
TP5,2026-07-26 04:55:00,9.500000,3.360000
TP5,2026-07-26 05:00:00,10.250000,3.330000
TP5,2026-07-26 05:05:00,11.000000,3.100000
TP5,2026-07-26 05:10:00,11.750000,1.860000
TP5,2026-07-26 05:15:00,12.500000,1.620000
TP5,2026-07-26 05:20:00,13.250000,2.170000
TP5,2026-07-26 05:25:00,14.000000,3.180000
TP5,2026-07-26 05:30:00,14.750000,4.840000
TP5,2026-07-26 05:35:00,15.500000,4.220000
TP5,2026-07-26 05:40:00,16.250000,4.470000
TP5,2026-07-26 05:45:00,17.000000,5.250000
TP5,2026-07-26 05:50:00,18.000000,3.740000
TP5,2026-07-26 05:55:00,19.000000,3.770000
TP5,2026-07-26 06:00:00,20.000000,6.020000
TP5,2026-07-26 06:05:00,21.000000,6.230000
TP5,2026-07-26 06:10:00,22.000000,6.050000
TP5,2026-07-26 06:15:00,23.000000,3.980000
TP5,2026-07-26 06:20:00,24.000000,4.490000
TP5,2026-07-26 06:25:00,25.000000,1.670000
TP5,2026-07-26 06:30:00,26.000000,2.100000
TP5,2026-07-26 06:35:00,27.000000,2.240000
TP5,2026-07-26 06:40:00,28.000000,1.590000
TP5,2026-07-26 06:45:00,29.000000,2.440000
TP5,2026-07-26 06:50:00,28.583333,2.260000
TP5,2026-07-26 06:55:00,28.166667,2.160000
TP5,2026-07-26 07:00:00,27.750000,2.170000
TP5,2026-07-26 07:05:00,27.333333,3.110000
TP5,2026-07-26 07:10:00,26.916667,2.550000
TP5,2026-07-26 07:15:00,26.500000,2.010000
TP5,2026-07-26 07:20:00,26.083333,1.460000
TP5,2026-07-26 07:25:00,25.666667,3.970000
TP5,2026-07-26 07:30:00,25.250000,2.010000
TP5,2026-07-26 07:35:00,24.833333,1.930000
TP5,2026-07-26 07:40:00,24.416667,1.670000
TP5,2026-07-26 07:45:00,24.000000,2.990000
TP5,2026-07-26 07:50:00,24.083333,2.420000
TP5,2026-07-26 07:55:00,24.166667,2.060000
TP5,2026-07-26 08:00:00,24.250000,2.240000
TP5,2026-07-26 08:05:00,24.333333,2.230000
TP5,2026-07-26 08:10:00,24.416667,1.040000
TP5,2026-07-26 08:15:00,24.500000,2.500000
TP5,2026-07-26 08:20:00,24.583333,2.880000
TP5,2026-07-26 08:25:00,24.666667,1.090000
TP5,2026-07-26 08:30:00,24.750000,1.800000
TP5,2026-07-26 08:35:00,24.833333,3.410000
TP5,2026-07-26 08:40:00,24.916667,3.140000
TP5,2026-07-26 08:45:00,25.000000,1.280000
TP5,2026-07-26 08:50:00,24.250000,2.270000
TP5,2026-07-26 08:55:00,23.500000,3.970000
TP5,2026-07-26 09:00:00,22.750000,2.920000
TP5,2026-07-26 09:05:00,22.000000,3.140000
TP5,2026-07-26 09:10:00,21.250000,3.450000
TP5,2026-07-26 09:15:00,20.500000,1.830000
TP5,2026-07-26 09:20:00,19.750000,1.310000
TP5,2026-07-26 09:25:00,19.000000,0.850000
TP5,2026-07-26 09:30:00,18.250000,0.370000
TP5,2026-07-26 09:35:00,17.500000,0.690000
TP5,2026-07-26 09:40:00,16.750000,0.730000
TP5,2026-07-26 09:45:00,16.000000,0.430000
TP5,2026-07-26 09:50:00,15.166667,0.470000
TP5,2026-07-26 09:55:00,14.333333,0.900000
TP5,2026-07-26 10:00:00,13.500000,0.670000
TP5,2026-07-26 10:05:00,12.666667,1.330000
TP5,2026-07-26 10:10:00,11.833333,1.090000
TP5,2026-07-26 10:15:00,11.000000,0.900000
TP5,2026-07-26 10:20:00,10.166667,0.570000
TP5,2026-07-26 10:25:00,9.333333,0.160000
TP5,2026-07-26 10:30:00,8.500000,0.110000
TP5,2026-07-26 10:35:00,7.666667,-0.060000
TP5,2026-07-26 10:40:00,6.833333,0.230000
TP5,2026-07-26 10:45:00,6.000000,0.120000
TP5,2026-07-26 10:50:00,5.666667,0.280000
TP5,2026-07-26 10:55:00,5.333333,0.170000
TP5,2026-07-26 11:00:00,5.000000,0.150000
TP5,2026-07-26 11:05:00,4.666667,0.090000
TP5,2026-07-26 11:10:00,4.333333,0.080000
TP5,2026-07-26 11:15:00,4.000000,0.100000
TP5,2026-07-26 11:20:00,3.666667,0.090000
TP5,2026-07-26 11:25:00,3.333333,0.150000
TP5,2026-07-26 11:30:00,3.000000,0.230000
TP5,2026-07-26 11:35:00,2.666667,-0.040000
TP5,2026-07-26 11:40:00,2.333333,-0.070000
TP5,2026-07-26 11:45:00,2.000000,0.400000
TP5,2026-07-26 11:50:00,2.333333,0.300000
TP5,2026-07-26 11:55:00,2.666667,0.390000
TP5,2026-07-26 12:00:00,3.000000,0.040000
TP5,2026-07-26 12:05:00,3.333333,0.220000
TP5,2026-07-26 12:10:00,3.666667,0.240000
TP5,2026-07-26 12:15:00,4.000000,0.440000
TP5,2026-07-26 12:20:00,4.333333,0.050000
TP5,2026-07-26 12:25:00,4.666667,0.150000
TP5,2026-07-26 12:30:00,5.000000,0.410000
TP5,2026-07-26 12:35:00,5.333333,1.330000
TP5,2026-07-26 12:40:00,5.666667,0.620000
TP5,2026-07-26 12:45:00,6.000000,0.910000
TP5,2026-07-26 12:50:00,6.250000,1.020000
TP5,2026-07-26 12:55:00,6.500000,2.630000
TP5,2026-07-26 13:00:00,6.750000,3.830000
TP5,2026-07-26 13:05:00,7.000000,2.580000
TP5,2026-07-26 13:10:00,7.250000,0.560000
TP5,2026-07-26 13:15:00,7.500000,0.320000
TP5,2026-07-26 13:20:00,7.750000,0.050000
TP5,2026-07-26 13:25:00,8.000000,0.140000
TP5,2026-07-26 13:30:00,8.250000,-0.090000
TP5,2026-07-26 13:35:00,8.500000,-0.090000
TP5,2026-07-26 13:40:00,8.750000,-0.070000
TP5,2026-07-26 13:45:00,9.000000,-0.030000
TP5,2026-07-26 13:50:00,8.250000,-0.080000
TP5,2026-07-26 13:55:00,7.500000,-0.070000
TP5,2026-07-26 14:00:00,6.750000,-0.030000
TP5,2026-07-26 14:05:00,6.000000,-0.080000
TP5,2026-07-26 14:10:00,5.250000,-0.090000
TP5,2026-07-26 14:15:00,4.500000,-0.050000
TP5,2026-07-26 14:20:00,3.750000,0.000000
TP5,2026-07-26 14:25:00,3.000000,-0.040000
TP5,2026-07-26 14:30:00,2.250000,-0.050000
TP5,2026-07-26 14:35:00,1.500000,-0.070000
TP5,2026-07-26 14:40:00,0.750000,-0.020000
TP5,2026-07-26 14:45:00,0.000000,-0.030000
TP5,2026-07-26 14:50:00,0.000000,0.020000
TP5,2026-07-26 14:55:00,0.000000,0.020000
TP5,2026-07-26 15:00:00,0.000000,-0.020000
TP5,2026-07-26 15:05:00,0.000000,-0.040000
TP5,2026-07-26 15:10:00,0.000000,-0.020000
TP5,2026-07-26 15:15:00,0.000000,0.010000
TP5,2026-07-26 15:20:00,0.000000,0.060000
TP5,2026-07-26 15:25:00,0.000000,0.420000
TP5,2026-07-26 15:30:00,0.000000,0.650000
TP5,2026-07-26 15:35:00,0.000000,0.070000
TP5,2026-07-26 15:40:00,0.000000,0.300000
TP5,2026-07-26 15:45:00,0.000000,0.800000
TP5,2026-07-26 15:50:00,0.500000,0.640000
TP5,2026-07-26 15:55:00,1.000000,0.520000
TP5,2026-07-26 16:00:00,1.500000,0.420000
TP5,2026-07-26 16:05:00,2.000000,0.160000
TP5,2026-07-26 16:10:00,2.500000,0.250000
TP5,2026-07-26 16:15:00,3.000000,1.580000
TP5,2026-07-26 16:20:00,3.500000,1.640000
TP5,2026-07-26 16:25:00,4.000000,1.210000
TP5,2026-07-26 16:30:00,4.500000,1.010000
TP5,2026-07-26 16:35:00,5.000000,0.590000
TP5,2026-07-26 16:40:00,5.500000,0.490000
TP5,2026-07-26 16:45:00,6.000000,0.330000
TP5,2026-07-26 16:50:00,5.500000,0.260000
TP5,2026-07-26 16:55:00,5.000000,0.050000
TP5,2026-07-26 17:00:00,4.500000,-0.010000
TP5,2026-07-26 17:05:00,4.000000,-0.030000
TP5,2026-07-26 17:10:00,3.500000,0.010000
TP5,2026-07-26 17:15:00,3.000000,-0.030000
TP5,2026-07-26 17:20:00,2.500000,-0.020000
TP5,2026-07-26 17:25:00,2.000000,-0.020000
TP5,2026-07-26 17:30:00,1.500000,0.010000
TP5,2026-07-26 17:35:00,1.000000,-0.020000
TP5,2026-07-26 17:40:00,0.500000,-0.030000
TP5,2026-07-26 17:45:00,0.000000,0.090000
TP5,2026-07-26 17:50:00,1.583333,0.130000
TP5,2026-07-26 17:55:00,3.166667,0.730000
TP5,2026-07-26 18:00:00,4.750000,1.450000
TP5,2026-07-26 18:05:00,6.333333,2.760000
TP5,2026-07-26 18:10:00,7.916667,4.740000
TP5,2026-07-26 18:15:00,9.500000,4.800000
TP5,2026-07-26 18:20:00,11.083333,7.440000
TP5,2026-07-26 18:25:00,12.666667,5.600000
TP5,2026-07-26 18:30:00,14.250000,1.130000
TP5,2026-07-26 18:35:00,15.833333,0.640000
TP5,2026-07-26 18:40:00,17.416667,-0.080000
TP5,2026-07-26 18:45:00,19.000000,-0.110000
TP5,2026-07-26 18:50:00,17.416667,-0.120000
TP5,2026-07-26 18:55:00,15.833333,-0.120000
TP5,2026-07-26 19:00:00,14.250000,-0.140000
TP5,2026-07-26 19:05:00,12.666667,-0.130000
TP5,2026-07-26 19:10:00,11.083333,-0.130000
TP5,2026-07-26 19:15:00,9.500000,-0.140000
TP5,2026-07-26 19:20:00,7.916667,-0.160000
TP5,2026-07-26 19:25:00,6.333333,-0.170000
TP5,2026-07-26 19:30:00,4.750000,-0.130000
TP5,2026-07-26 19:35:00,3.166667,-0.130000
TP5,2026-07-26 19:40:00,1.583333,-0.130000
TP5,2026-07-26 19:45:00,0.000000,-0.150000
TP5,2026-07-26 19:50:00,0.000000,-0.110000
TP5,2026-07-26 19:55:00,0.000000,-0.150000
TP5,2026-07-26 20:00:00,0.000000,-0.150000
TP5,2026-07-26 20:05:00,0.000000,-0.120000
TP5,2026-07-26 20:10:00,0.000000,-0.140000
TP5,2026-07-26 20:15:00,0.000000,-0.140000
TP5,2026-07-26 20:20:00,0.000000,-0.150000
TP5,2026-07-26 20:25:00,0.000000,-0.120000
TP5,2026-07-26 20:30:00,0.000000,-0.090000
TP5,2026-07-26 20:35:00,0.000000,-0.120000
TP5,2026-07-26 20:40:00,0.000000,-0.100000
TP5,2026-07-26 20:45:00,0.000000,-0.140000
TP5,2026-07-26 20:50:00,0.000000,-0.140000
TP5,2026-07-26 20:55:00,0.000000,-0.130000
TP5,2026-07-26 21:00:00,0.000000,-0.130000
TP5,2026-07-26 21:05:00,0.000000,-0.130000
TP5,2026-07-26 21:10:00,0.000000,-0.130000
TP5,2026-07-26 21:15:00,0.000000,-0.120000
TP5,2026-07-26 21:20:00,0.000000,-0.100000
TP5,2026-07-26 21:25:00,0.000000,-0.070000
TP5,2026-07-26 21:30:00,0.000000,-0.080000
TP5,2026-07-26 21:35:00,0.000000,-0.050000
TP5,2026-07-26 21:40:00,0.000000,-0.080000
TP5,2026-07-26 21:45:00,0.000000,-0.120000
TP5,2026-07-26 21:50:00,0.000000,-0.120000
TP5,2026-07-26 21:55:00,0.000000,-0.070000
TP5,2026-07-26 22:00:00,0.000000,-0.110000
TP5,2026-07-26 22:05:00,0.000000,-0.120000
TP5,2026-07-26 22:10:00,0.000000,-0.120000
TP5,2026-07-26 22:15:00,0.000000,-0.080000
TP5,2026-07-26 22:20:00,0.000000,-0.110000
TP5,2026-07-26 22:25:00,0.000000,-0.110000
TP5,2026-07-26 22:30:00,0.000000,-0.100000
TP5,2026-07-26 22:35:00,0.000000,-0.110000
TP5,2026-07-26 22:40:00,0.000000,-0.070000
TP5,2026-07-26 22:45:00,0.000000,-0.110000
TP5,2026-07-26 22:50:00,0.000000,-0.070000
TP5,2026-07-26 22:55:00,0.000000,-0.100000
TP5,2026-07-26 23:00:00,0.000000,-0.110000
TP5,2026-07-26 23:05:00,0.000000,-0.030000
TP5,2026-07-26 23:10:00,0.000000,-0.100000
TP5,2026-07-26 23:15:00,0.000000,-0.090000
TP5,2026-07-26 23:20:00,0.000000,-0.060000
TP5,2026-07-26 23:25:00,0.000000,-0.060000
TP5,2026-07-26 23:30:00,0.000000,-0.090000
TP5,2026-07-26 23:35:00,0.000000,-0.090000
TP5,2026-07-26 23:40:00,0.000000,-0.080000
TP5,2026-07-26 23:45:00,0.000000,0.000000
TP5,2026-07-26 23:50:00,0.000000,-0.050000
TP5,2026-07-26 23:55:00,0.000000,-0.020000
TP5,2026-07-27 00:00:00,0.000000,0.040000
TP5,2026-07-27 00:05:00,0.000000,0.060000
TP5,2026-07-27 00:10:00,0.000000,0.700000
TP5,2026-07-27 00:15:00,0.000000,0.440000
TP5,2026-07-27 00:20:00,0.000000,0.830000
TP5,2026-07-27 00:25:00,0.000000,0.180000
TP5,2026-07-27 00:30:00,0.000000,0.090000
TP5,2026-07-27 00:35:00,0.000000,0.050000
TP5,2026-07-27 00:40:00,0.000000,-0.010000
TP5,2026-07-27 00:45:00,0.000000,-0.020000
TP5,2026-07-27 00:50:00,0.000000,0.000000
TP5,2026-07-27 00:55:00,0.000000,0.000000
TP5,2026-07-27 01:00:00,0.000000,0.060000
TP5,2026-07-27 01:05:00,0.000000,0.150000
TP5,2026-07-27 01:10:00,0.000000,0.110000
TP5,2026-07-27 01:15:00,0.000000,0.070000
TP5,2026-07-27 01:20:00,0.000000,-0.030000
TP5,2026-07-27 01:25:00,0.000000,-0.020000
TP5,2026-07-27 01:30:00,0.000000,-0.080000
TP5,2026-07-27 01:35:00,0.000000,-0.100000
TP5,2026-07-27 01:40:00,0.000000,-0.090000
TP5,2026-07-27 01:45:00,0.000000,-0.050000
TP5,2026-07-27 01:50:00,0.000000,-0.110000
TP5,2026-07-27 01:55:00,0.000000,-0.090000
TP5,2026-07-27 02:00:00,0.000000,-0.080000
TP5,2026-07-27 02:05:00,0.000000,-0.120000
TP5,2026-07-27 02:10:00,0.000000,-0.130000
TP5,2026-07-27 02:15:00,0.000000,-0.100000
TP5,2026-07-27 02:20:00,0.000000,-0.100000
TP5,2026-07-27 02:25:00,0.000000,-0.150000
TP5,2026-07-27 02:30:00,0.000000,-0.120000
TP5,2026-07-27 02:35:00,0.000000,-0.110000
TP5,2026-07-27 02:40:00,0.000000,-0.060000
TP5,2026-07-27 02:45:00,0.000000,-0.110000
TP5,2026-07-27 02:50:00,0.000000,0.060000
TP5,2026-07-27 02:55:00,0.000000,0.370000
TP5,2026-07-27 03:00:00,0.000000,0.070000
TP5,2026-07-27 03:05:00,0.000000,-0.040000
TP5,2026-07-27 03:10:00,0.000000,0.000000
TP5,2026-07-27 03:15:00,0.000000,-0.080000
TP5,2026-07-27 03:20:00,0.000000,-0.120000
TP5,2026-07-27 03:25:00,0.000000,-0.130000
TP5,2026-07-27 03:30:00,0.000000,-0.080000
TP5,2026-07-27 03:35:00,0.000000,-0.130000
TP5,2026-07-27 03:40:00,0.000000,-0.120000
TP5,2026-07-27 03:45:00,0.000000,-0.150000
TP5,2026-07-27 03:50:00,0.000000,-0.090000
TP5,2026-07-27 03:55:00,0.000000,-0.110000
TP5,2026-07-27 04:00:00,0.000000,-0.100000
TP5,2026-07-27 04:05:00,0.000000,-0.160000
TP5,2026-07-27 04:10:00,0.000000,-0.080000
TP5,2026-07-27 04:15:00,0.000000,-0.150000
TP5,2026-07-27 04:20:00,0.000000,-0.110000
TP5,2026-07-27 04:25:00,0.000000,-0.090000
TP5,2026-07-27 04:30:00,0.000000,-0.110000
TP5,2026-07-27 04:35:00,0.000000,0.160000
TP5,2026-07-27 04:40:00,0.000000,0.430000
TP5,2026-07-27 04:45:00,0.000000,0.790000
TP5,2026-07-27 04:50:00,0.083333,0.890000
TP5,2026-07-27 04:55:00,0.166667,0.670000
TP5,2026-07-27 05:00:00,0.250000,0.150000
TP5,2026-07-27 05:05:00,0.333333,0.110000
TP5,2026-07-27 05:10:00,0.416667,0.210000
TP5,2026-07-27 05:15:00,0.500000,0.150000
TP5,2026-07-27 05:20:00,0.583333,0.120000
TP5,2026-07-27 05:25:00,0.666667,-0.120000
TP5,2026-07-27 05:30:00,0.750000,-0.100000
TP5,2026-07-27 05:35:00,0.833333,-0.110000
TP5,2026-07-27 05:40:00,0.916667,-0.110000
TP5,2026-07-27 05:45:00,1.000000,-0.070000
TP5,2026-07-27 05:50:00,1.000000,-0.080000
TP5,2026-07-27 05:55:00,1.000000,-0.090000
TP5,2026-07-27 06:00:00,1.000000,-0.070000
TP5,2026-07-27 06:05:00,1.000000,-0.010000
TP5,2026-07-27 06:10:00,1.000000,0.180000
TP5,2026-07-27 06:15:00,1.000000,0.120000
TP5,2026-07-27 06:20:00,1.000000,0.330000
TP5,2026-07-27 06:25:00,1.000000,0.390000
TP5,2026-07-27 06:30:00,1.000000,0.230000
TP5,2026-07-27 06:35:00,1.000000,0.510000
TP5,2026-07-27 06:40:00,1.000000,0.540000
TP5,2026-07-27 06:45:00,1.000000,0.620000
TP5,2026-07-27 06:50:00,1.000000,0.620000
TP5,2026-07-27 06:55:00,1.000000,0.320000
TP5,2026-07-27 07:00:00,1.000000,0.110000
TP5,2026-07-27 07:05:00,1.000000,0.120000
TP5,2026-07-27 07:10:00,1.000000,0.100000
TP5,2026-07-27 07:15:00,1.000000,-0.030000
TP5,2026-07-27 07:20:00,1.000000,-0.100000
TP5,2026-07-27 07:25:00,1.000000,0.010000
TP5,2026-07-27 07:30:00,1.000000,0.020000
TP5,2026-07-27 07:35:00,1.000000,-0.010000
TP5,2026-07-27 07:40:00,1.000000,-0.010000
TP5,2026-07-27 07:45:00,1.000000,0.090000
TP5,2026-07-27 07:50:00,0.983333,0.110000
TP5,2026-07-27 07:55:00,0.966667,0.140000
TP5,2026-07-27 08:00:00,0.950000,0.010000
TP5,2026-07-27 08:05:00,0.933333,-0.040000
TP5,2026-07-27 08:10:00,0.916667,-0.060000
TP5,2026-07-27 08:15:00,0.900000,-0.010000
TP5,2026-07-27 08:20:00,0.883333,0.080000
TP5,2026-07-27 08:25:00,0.866667,-0.020000
TP5,2026-07-27 08:30:00,0.850000,-0.070000
TP5,2026-07-27 08:35:00,0.833333,-0.100000
TP5,2026-07-27 08:40:00,0.816667,-0.090000
TP5,2026-07-27 08:45:00,0.800000,-0.100000
TP5,2026-07-27 08:50:00,0.783333,-0.110000
TP5,2026-07-27 08:55:00,0.766667,-0.100000
TP5,2026-07-27 09:00:00,0.750000,-0.030000
TP5,2026-07-27 09:05:00,0.733333,-0.110000
TP5,2026-07-27 09:10:00,0.716667,-0.100000
TP5,2026-07-27 09:15:00,0.700000,-0.030000
TP5,2026-07-27 09:20:00,0.683333,-0.070000
TP5,2026-07-27 09:25:00,0.666667,-0.100000
TP5,2026-07-27 09:30:00,0.650000,-0.080000
TP5,2026-07-27 09:35:00,0.633333,-0.060000
TP5,2026-07-27 09:40:00,0.616667,-0.100000
TP5,2026-07-27 09:45:00,0.600000,-0.080000
TP5,2026-07-27 09:50:00,0.583333,-0.070000
TP5,2026-07-27 09:55:00,0.566667,-0.080000
TP5,2026-07-27 10:00:00,0.550000,-0.050000
TP5,2026-07-27 10:05:00,0.533333,-0.090000
TP5,2026-07-27 10:10:00,0.516667,-0.020000
TP5,2026-07-27 10:15:00,0.500000,-0.030000
TP5,2026-07-27 10:20:00,0.483333,-0.030000
TP5,2026-07-27 10:25:00,0.466667,-0.060000
TP5,2026-07-27 10:30:00,0.450000,0.050000
TP5,2026-07-27 10:35:00,0.433333,0.020000
TP5,2026-07-27 10:40:00,0.416667,0.020000
TP5,2026-07-27 10:45:00,0.400000,0.010000
TP5,2026-07-27 10:50:00,0.383333,0.020000
TP5,2026-07-27 10:55:00,0.366667,0.210000
TP5,2026-07-27 11:00:00,0.350000,-0.010000
TP5,2026-07-27 11:05:00,0.333333,0.040000
TP5,2026-07-27 11:10:00,0.316667,0.000000
TP5,2026-07-27 11:15:00,0.300000,0.010000
TP5,2026-07-27 11:20:00,0.283333,0.060000
TP5,2026-07-27 11:25:00,0.266667,0.020000
TP5,2026-07-27 11:30:00,0.250000,0.000000
TP5,2026-07-27 11:35:00,0.233333,0.030000
TP5,2026-07-27 11:40:00,0.216667,0.050000
TP5,2026-07-27 11:45:00,0.200000,0.010000
TP5,2026-07-27 11:50:00,0.183333,0.110000
TP5,2026-07-27 11:55:00,0.166667,0.030000
TP5,2026-07-27 12:00:00,0.150000,0.070000
TP5,2026-07-27 12:05:00,0.133333,0.080000
TP5,2026-07-27 12:10:00,0.116667,0.040000
TP5,2026-07-27 12:15:00,0.100000,0.090000
TP5,2026-07-27 12:20:00,0.083333,0.100000
TP5,2026-07-27 12:25:00,0.066667,0.110000
TP5,2026-07-27 12:30:00,0.050000,0.100000
TP5,2026-07-27 12:35:00,0.033333,0.100000
TP5,2026-07-27 12:40:00,0.016667,0.000000
TP5,2026-07-27 12:45:00,0.000000,0.010000
TP5,2026-07-27 12:50:00,0.000000,0.040000
TP5,2026-07-27 12:55:00,0.000000,0.100000
TP5,2026-07-27 13:00:00,0.000000,0.020000
TP5,2026-07-27 13:05:00,0.000000,0.030000
TP5,2026-07-27 13:10:00,0.000000,0.100000
TP5,2026-07-27 13:15:00,0.000000,0.030000
TP5,2026-07-27 13:20:00,0.000000,0.050000
TP5,2026-07-27 13:25:00,0.000000,0.040000
TP5,2026-07-27 13:30:00,0.000000,0.090000
TP5,2026-07-27 13:35:00,0.000000,0.050000
TP5,2026-07-27 13:40:00,0.000000,0.070000
TP5,2026-07-27 13:45:00,0.000000,0.120000
TP5,2026-07-27 13:50:00,0.000000,0.090000
TP5,2026-07-27 13:55:00,0.000000,0.070000
TP5,2026-07-27 14:00:00,0.000000,0.070000
TP5,2026-07-27 14:05:00,0.000000,0.130000
TP5,2026-07-27 14:10:00,0.000000,0.070000
TP5,2026-07-27 14:15:00,0.000000,0.090000
TP5,2026-07-27 14:20:00,0.000000,0.070000
TP5,2026-07-27 14:25:00,0.000000,0.150000
TP5,2026-07-27 14:30:00,0.000000,0.080000
TP5,2026-07-27 14:35:00,0.000000,0.080000
TP5,2026-07-27 14:40:00,0.000000,0.140000
TP5,2026-07-27 14:45:00,0.000000,0.100000
TP5,2026-07-27 14:50:00,0.000000,0.100000
TP5,2026-07-27 14:55:00,0.000000,0.090000
TP5,2026-07-27 15:00:00,0.000000,0.150000
TP5,2026-07-27 15:05:00,0.000000,0.080000
TP5,2026-07-27 15:10:00,0.000000,0.090000
TP5,2026-07-27 15:15:00,0.000000,0.100000
TP5,2026-07-27 15:20:00,0.000000,0.140000
TP5,2026-07-27 15:25:00,0.000000,0.090000
TP5,2026-07-27 15:30:00,0.000000,0.090000
TP5,2026-07-27 15:35:00,0.000000,0.140000
TP5,2026-07-27 15:40:00,0.000000,0.090000
TP5,2026-07-27 15:45:00,0.000000,0.090000
TP5,2026-07-27 15:50:00,0.000000,0.110000
TP5,2026-07-27 15:55:00,0.000000,0.140000
TP5,2026-07-27 16:00:00,0.000000,0.100000
TP5,2026-07-27 16:05:00,0.000000,0.120000
TP5,2026-07-27 16:10:00,0.000000,0.130000
TP5,2026-07-27 16:15:00,0.000000,0.130000
TP5,2026-07-27 16:20:00,0.000000,0.120000
TP5,2026-07-27 16:25:00,0.000000,0.120000
TP5,2026-07-27 16:30:00,0.000000,0.150000
TP5,2026-07-27 16:35:00,0.000000,0.120000
TP5,2026-07-27 16:40:00,0.000000,0.110000
TP5,2026-07-27 16:45:00,0.000000,0.100000
TP5,2026-07-27 16:50:00,0.000000,0.150000
TP5,2026-07-27 16:55:00,0.000000,0.110000
TP5,2026-07-27 17:00:00,0.000000,0.120000
TP5,2026-07-27 17:05:00,0.000000,0.120000
TP5,2026-07-27 17:10:00,0.000000,0.120000
TP5,2026-07-27 17:15:00,0.000000,0.110000
TP5,2026-07-27 17:20:00,0.000000,0.110000
TP5,2026-07-27 17:25:00,0.000000,0.110000
TP5,2026-07-27 17:30:00,0.000000,0.070000
TP5,2026-07-27 17:35:00,0.000000,0.080000
TP5,2026-07-27 17:40:00,0.000000,0.070000
TP5,2026-07-27 17:45:00,0.000000,0.110000
TP5,2026-07-27 17:50:00,0.000000,0.070000
TP5,2026-07-27 17:55:00,0.000000,0.070000
TP5,2026-07-27 18:00:00,0.000000,0.060000
TP5,2026-07-27 18:05:00,0.000000,0.050000
TP5,2026-07-27 18:10:00,0.000000,0.030000
TP5,2026-07-27 18:15:00,0.000000,0.060000
TP5,2026-07-27 18:20:00,0.000000,0.060000
TP5,2026-07-27 18:25:00,0.000000,0.040000
TP5,2026-07-27 18:30:00,0.000000,0.020000
TP5,2026-07-27 18:35:00,0.000000,0.030000
TP5,2026-07-27 18:40:00,0.000000,0.050000
TP5,2026-07-27 18:45:00,0.000000,-0.010000
TP5,2026-07-27 18:50:00,0.000000,-0.020000
TP5,2026-07-27 18:55:00,0.000000,0.000000
TP5,2026-07-27 19:00:00,0.000000,-0.030000
TP5,2026-07-27 19:05:00,0.000000,-0.030000
TP5,2026-07-27 19:10:00,0.000000,-0.040000
TP5,2026-07-27 19:15:00,0.000000,-0.040000
TP5,2026-07-27 19:20:00,0.000000,-0.050000
TP5,2026-07-27 19:25:00,0.000000,-0.060000
TP5,2026-07-27 19:30:00,0.000000,-0.050000
TP5,2026-07-27 19:35:00,0.000000,-0.060000
TP5,2026-07-27 19:40:00,0.000000,-0.070000
TP5,2026-07-27 19:45:00,0.000000,-0.090000
TP5,2026-07-27 19:50:00,0.000000,-0.070000
TP5,2026-07-27 19:55:00,0.000000,-0.070000
TP5,2026-07-27 20:00:00,0.000000,-0.070000
TP5,2026-07-27 20:05:00,0.000000,-0.070000
TP5,2026-07-27 20:10:00,0.000000,-0.080000
TP5,2026-07-27 20:15:00,0.000000,-0.100000
TP5,2026-07-27 20:20:00,0.000000,-0.090000
TP5,2026-07-27 20:25:00,0.000000,-0.080000
TP5,2026-07-27 20:30:00,0.000000,-0.100000
TP5,2026-07-27 20:35:00,0.000000,-0.100000
TP5,2026-07-27 20:40:00,0.000000,-0.110000
TP5,2026-07-27 20:45:00,0.000000,-0.080000
TP5,2026-07-27 20:50:00,0.000000,-0.090000
TP5,2026-07-27 20:55:00,0.000000,-0.110000
TP5,2026-07-27 21:00:00,0.000000,-0.090000
TP5,2026-07-27 21:05:00,0.000000,-0.090000
TP5,2026-07-27 21:10:00,0.000000,-0.120000
TP5,2026-07-27 21:15:00,0.000000,-0.120000
TP5,2026-07-27 21:20:00,0.000000,-0.080000
TP5,2026-07-27 21:25:00,0.000000,-0.110000
TP5,2026-07-27 21:30:00,0.000000,-0.090000
TP5,2026-07-27 21:35:00,0.000000,-0.110000
TP5,2026-07-27 21:40:00,0.000000,-0.050000
TP5,2026-07-27 21:45:00,0.000000,-0.090000
TP5,2026-07-27 21:50:00,0.000000,-0.100000
TP5,2026-07-27 21:55:00,0.000000,-0.060000
TP5,2026-07-27 22:00:00,0.000000,-0.110000
TP5,2026-07-27 22:05:00,0.000000,-0.100000
TP5,2026-07-27 22:10:00,0.000000,-0.100000
TP5,2026-07-27 22:15:00,0.000000,-0.080000
TP5,2026-07-27 22:20:00,0.000000,-0.090000
TP5,2026-07-27 22:25:00,0.000000,-0.100000
TP5,2026-07-27 22:30:00,0.000000,-0.080000
TP5,2026-07-27 22:35:00,0.000000,-0.070000
TP5,2026-07-27 22:40:00,0.000000,-0.090000
TP5,2026-07-27 22:45:00,0.000000,-0.090000
TP5,2026-07-27 22:50:00,0.000000,-0.070000
TP5,2026-07-27 22:55:00,0.000000,-0.010000
TP5,2026-07-27 23:00:00,0.000000,-0.060000
TP5,2026-07-27 23:05:00,0.000000,-0.070000
TP5,2026-07-27 23:10:00,0.000000,-0.060000
TP5,2026-07-27 23:15:00,0.000000,-0.070000
TP5,2026-07-27 23:20:00,0.000000,-0.060000
TP5,2026-07-27 23:25:00,0.000000,-0.030000
TP5,2026-07-27 23:30:00,0.000000,-0.020000
TP5,2026-07-27 23:35:00,0.000000,-0.080000
TP5,2026-07-27 23:40:00,0.000000,-0.110000
TP5,2026-07-27 23:45:00,0.000000,-0.060000
TP5,2026-07-27 23:50:00,0.000000,-0.100000
TP5,2026-07-27 23:55:00,0.000000,-0.090000
TP5,2026-07-28 00:00:00,0.000000,-0.090000
TP5,2026-07-28 00:05:00,0.000000,-0.040000
TP5,2026-07-28 00:10:00,0.000000,-0.100000
TP5,2026-07-28 00:15:00,0.000000,-0.080000
TP5,2026-07-28 00:20:00,0.000000,-0.050000
TP5,2026-07-28 00:25:00,0.000000,-0.070000
TP5,2026-07-28 00:30:00,0.000000,-0.100000
TP5,2026-07-28 00:35:00,0.000000,-0.060000
TP5,2026-07-28 00:40:00,0.000000,-0.090000
TP5,2026-07-28 00:45:00,0.000000,-0.080000
TP5,2026-07-28 00:50:00,0.000000,-0.090000
TP5,2026-07-28 00:55:00,0.000000,-0.090000
TP5,2026-07-28 01:00:00,0.000000,-0.040000
TP5,2026-07-28 01:05:00,0.000000,-0.110000
TP5,2026-07-28 01:10:00,0.000000,-0.110000
TP5,2026-07-28 01:15:00,0.000000,-0.070000
TP5,2026-07-28 01:20:00,0.000000,-0.120000
TP5,2026-07-28 01:25:00,0.000000,-0.090000
TP5,2026-07-28 01:30:00,0.000000,-0.110000
TP5,2026-07-28 01:35:00,0.000000,-0.040000
TP5,2026-07-28 01:40:00,0.000000,-0.110000
TP5,2026-07-28 01:45:00,0.000000,-0.110000
TP5,2026-07-28 01:50:00,0.000000,-0.080000
TP5,2026-07-28 01:55:00,0.000000,-0.130000
TP5,2026-07-28 02:00:00,0.000000,-0.130000
TP5,2026-07-28 02:05:00,0.000000,-0.120000
TP5,2026-07-28 02:10:00,0.000000,-0.060000
TP5,2026-07-28 02:15:00,0.000000,-0.140000
TP5,2026-07-28 02:20:00,0.000000,-0.130000
TP5,2026-07-28 02:25:00,0.000000,-0.130000
TP5,2026-07-28 02:30:00,0.000000,-0.090000
TP5,2026-07-28 02:35:00,0.000000,-0.140000
TP5,2026-07-28 02:40:00,0.000000,-0.140000
TP5,2026-07-28 02:45:00,0.000000,-0.040000
TP5,2026-07-28 02:50:00,0.000000,-0.150000
TP5,2026-07-28 02:55:00,0.000000,-0.140000
TP5,2026-07-28 03:00:00,0.000000,-0.140000
TP5,2026-07-28 03:05:00,0.000000,-0.090000
TP5,2026-07-28 03:10:00,0.000000,-0.160000
TP5,2026-07-28 03:15:00,0.000000,-0.160000
TP5,2026-07-28 03:20:00,0.000000,-0.090000
TP5,2026-07-28 03:25:00,0.000000,-0.040000
TP5,2026-07-28 03:30:00,0.000000,-0.130000
TP5,2026-07-28 03:35:00,0.000000,-0.060000
TP5,2026-07-28 03:40:00,0.000000,-0.100000
TP5,2026-07-28 03:45:00,0.000000,-0.140000
TP5,2026-07-28 03:50:00,0.000000,-0.140000
TP5,2026-07-28 03:55:00,0.000000,-0.140000
TP5,2026-07-28 04:00:00,0.000000,-0.080000
TP5,2026-07-28 04:05:00,0.000000,-0.140000
TP5,2026-07-28 04:10:00,0.000000,-0.140000
TP5,2026-07-28 04:15:00,0.000000,-0.100000
TP5,2026-07-28 04:20:00,0.000000,-0.130000
TP5,2026-07-28 04:25:00,0.000000,-0.120000
TP5,2026-07-28 04:30:00,0.000000,-0.110000
TP5,2026-07-28 04:35:00,0.000000,-0.100000
TP5,2026-07-28 04:40:00,0.000000,-0.120000
TP5,2026-07-28 04:45:00,0.000000,-0.110000
TP5,2026-07-28 04:50:00,0.000000,-0.140000
TP5,2026-07-28 04:55:00,0.000000,-0.110000
TP5,2026-07-28 05:00:00,0.000000,-0.140000
TP5,2026-07-28 05:05:00,0.000000,-0.110000
TP5,2026-07-28 05:10:00,0.000000,-0.090000
TP5,2026-07-28 05:15:00,0.000000,-0.130000
TP5,2026-07-28 05:20:00,0.000000,-0.110000
TP5,2026-07-28 05:25:00,0.000000,-0.110000
TP5,2026-07-28 05:30:00,0.000000,-0.080000
TP5,2026-07-28 05:35:00,0.000000,-0.100000
TP5,2026-07-28 05:40:00,0.000000,-0.100000
TP5,2026-07-28 05:45:00,0.000000,-0.050000
TP5,2026-07-28 05:50:00,0.000000,-0.100000
TP5,2026-07-28 05:55:00,0.000000,-0.100000
TP5,2026-07-28 06:00:00,0.000000,0.000000
TP5,2026-07-28 06:05:00,0.000000,-0.030000
TP5,2026-07-28 06:10:00,0.000000,-0.120000
TP5,2026-07-28 06:15:00,0.000000,-0.100000
TP5,2026-07-28 06:20:00,0.000000,-0.110000
TP5,2026-07-28 06:25:00,0.000000,-0.090000
TP5,2026-07-28 06:30:00,0.000000,-0.120000
TP5,2026-07-28 06:35:00,0.000000,-0.020000
TP5,2026-07-28 06:40:00,0.000000,-0.020000
TP5,2026-07-28 06:45:00,0.000000,0.090000
TP5,2026-07-28 06:50:00,0.916667,-0.100000
TP5,2026-07-28 06:55:00,1.833333,-0.120000
TP5,2026-07-28 07:00:00,2.750000,-0.080000
TP5,2026-07-28 07:05:00,3.666667,0.000000
TP5,2026-07-28 07:10:00,4.583333,-0.050000
TP5,2026-07-28 07:15:00,5.500000,0.040000
TP5,2026-07-28 07:20:00,6.416667,0.320000
TP5,2026-07-28 07:25:00,7.333333,0.340000
TP5,2026-07-28 07:30:00,8.250000,7.290000
TP5,2026-07-28 07:35:00,9.166667,6.350000
TP5,2026-07-28 07:40:00,10.083333,5.620000
TP5,2026-07-28 07:45:00,11.000000,3.350000
TP5,2026-07-28 07:50:00,11.666667,1.570000
TP5,2026-07-28 07:55:00,12.333333,0.400000
TP5,2026-07-28 08:00:00,13.000000,0.100000
TP5,2026-07-28 08:05:00,13.666667,0.030000
TP5,2026-07-28 08:10:00,14.333333,0.040000
TP5,2026-07-28 08:15:00,15.000000,-0.020000
TP5,2026-07-28 08:20:00,15.666667,-0.080000
TP5,2026-07-28 08:25:00,16.333333,-0.060000
TP5,2026-07-28 08:30:00,17.000000,-0.080000
TP5,2026-07-28 08:35:00,17.666667,0.220000
TP5,2026-07-28 08:40:00,18.333333,0.650000
TP5,2026-07-28 08:45:00,19.000000,0.590000
TP5,2026-07-28 08:50:00,18.833333,1.190000
TP5,2026-07-28 08:55:00,18.666667,0.890000
TP5,2026-07-28 09:00:00,18.500000,1.540000
TP5,2026-07-28 09:05:00,18.333333,2.490000
TP5,2026-07-28 09:10:00,18.166667,1.040000
TP5,2026-07-28 09:15:00,18.000000,1.650000
TP5,2026-07-28 09:20:00,17.833333,0.810000
TP5,2026-07-28 09:25:00,17.666667,1.750000
TP5,2026-07-28 09:30:00,17.500000,4.840000
TP5,2026-07-28 09:35:00,17.333333,5.820000
TP5,2026-07-28 09:40:00,17.166667,5.430000
TP5,2026-07-28 09:45:00,17.000000,1.830000
TP5,2026-07-28 09:50:00,16.250000,1.220000
TP5,2026-07-28 09:55:00,15.500000,1.250000
TP5,2026-07-28 10:00:00,14.750000,1.020000
TP5,2026-07-28 10:05:00,14.000000,1.320000
TP5,2026-07-28 10:10:00,13.250000,1.310000
TP5,2026-07-28 10:15:00,12.500000,0.320000
TP5,2026-07-28 10:20:00,11.750000,0.260000
TP5,2026-07-28 10:25:00,11.000000,0.400000
TP5,2026-07-28 10:30:00,10.250000,0.370000
TP5,2026-07-28 10:35:00,9.500000,0.190000
TP5,2026-07-28 10:40:00,8.750000,-0.080000
TP5,2026-07-28 10:45:00,8.000000,0.060000
TP5,2026-07-28 10:50:00,7.333333,-0.050000
TP5,2026-07-28 10:55:00,6.666667,-0.050000
TP5,2026-07-28 11:00:00,6.000000,-0.130000
TP5,2026-07-28 11:05:00,5.333333,-0.120000
TP5,2026-07-28 11:10:00,4.666667,-0.100000
TP5,2026-07-28 11:15:00,4.000000,-0.130000
TP5,2026-07-28 11:20:00,3.333333,-0.110000
TP5,2026-07-28 11:25:00,2.666667,-0.120000
TP5,2026-07-28 11:30:00,2.000000,-0.070000
TP5,2026-07-28 11:35:00,1.333333,-0.110000
TP5,2026-07-28 11:40:00,0.666667,-0.090000
TP5,2026-07-28 11:45:00,0.000000,-0.060000
TP5,2026-07-28 11:50:00,0.000000,0.410000
TP5,2026-07-28 11:55:00,0.000000,0.690000
TP5,2026-07-28 12:00:00,0.000000,0.980000
TP5,2026-07-28 12:05:00,0.000000,0.760000
TP5,2026-07-28 12:10:00,0.000000,0.320000
TP5,2026-07-28 12:15:00,0.000000,0.010000
TP5,2026-07-28 12:20:00,0.000000,0.280000
TP5,2026-07-28 12:25:00,0.000000,0.110000
TP5,2026-07-28 12:30:00,0.000000,0.030000
TP5,2026-07-28 12:35:00,0.000000,0.020000
TP5,2026-07-28 12:40:00,0.000000,0.900000
TP5,2026-07-28 12:45:00,0.000000,0.270000
TP5,2026-07-28 12:50:00,0.083333,0.140000
TP5,2026-07-28 12:55:00,0.166667,0.550000
TP5,2026-07-28 13:00:00,0.250000,1.320000
TP5,2026-07-28 13:05:00,0.333333,2.420000
TP5,2026-07-28 13:10:00,0.416667,-0.010000
TP5,2026-07-28 13:15:00,0.500000,-0.050000
TP5,2026-07-28 13:20:00,0.583333,0.040000
TP5,2026-07-28 13:25:00,0.666667,-0.030000
TP5,2026-07-28 13:30:00,0.750000,-0.030000
TP5,2026-07-28 13:35:00,0.833333,-0.060000
TP5,2026-07-28 13:40:00,0.916667,-0.040000
TP5,2026-07-28 13:45:00,1.000000,-0.010000
TP5,2026-07-28 13:50:00,0.916667,-0.010000
TP5,2026-07-28 13:55:00,0.833333,0.010000
TP5,2026-07-28 14:00:00,0.750000,0.000000
TP5,2026-07-28 14:05:00,0.666667,0.000000
TP5,2026-07-28 14:10:00,0.583333,0.000000
TP5,2026-07-28 14:15:00,0.500000,0.010000
TP5,2026-07-28 14:20:00,0.416667,0.020000
TP5,2026-07-28 14:25:00,0.333333,0.030000
TP5,2026-07-28 14:30:00,0.250000,0.060000
TP5,2026-07-28 14:35:00,0.166667,0.060000
TP5,2026-07-28 14:40:00,0.083333,0.030000
TP5,2026-07-28 14:45:00,0.000000,0.040000
TP5,2026-07-28 14:50:00,0.000000,0.050000
TP5,2026-07-28 14:55:00,0.000000,0.090000
TP5,2026-07-28 15:00:00,0.000000,0.030000
TP5,2026-07-28 15:05:00,0.000000,0.060000
TP5,2026-07-28 15:10:00,0.000000,0.090000
TP5,2026-07-28 15:15:00,0.000000,0.110000
TP5,2026-07-28 15:20:00,0.000000,0.070000
TP5,2026-07-28 15:25:00,0.000000,0.110000
TP5,2026-07-28 15:30:00,0.000000,0.110000
TP5,2026-07-28 15:35:00,0.000000,0.110000
TP5,2026-07-28 15:40:00,0.000000,0.090000
TP5,2026-07-28 15:45:00,0.000000,0.070000
TP5,2026-07-28 15:50:00,0.000000,0.120000
TP5,2026-07-28 15:55:00,0.000000,0.100000
TP5,2026-07-28 16:00:00,0.000000,0.130000
TP5,2026-07-28 16:05:00,0.000000,0.090000
TP5,2026-07-28 16:10:00,0.000000,0.110000
TP5,2026-07-28 16:15:00,0.000000,0.070000
TP5,2026-07-28 16:20:00,0.000000,0.090000
TP5,2026-07-28 16:25:00,0.000000,0.110000
TP5,2026-07-28 16:30:00,0.000000,0.100000
TP5,2026-07-28 16:35:00,0.000000,0.070000
TP5,2026-07-28 16:40:00,0.000000,0.080000
TP5,2026-07-28 16:45:00,0.000000,0.110000
TP5,2026-07-28 16:50:00,0.000000,0.070000
TP5,2026-07-28 16:55:00,0.000000,0.070000
TP5,2026-07-28 17:00:00,0.000000,0.100000
TP5,2026-07-28 17:05:00,0.000000,0.110000
TP5,2026-07-28 17:10:00,0.000000,0.060000
TP5,2026-07-28 17:15:00,0.000000,0.080000
TP5,2026-07-28 17:20:00,0.000000,0.070000
TP5,2026-07-28 17:25:00,0.000000,0.040000
TP5,2026-07-28 17:30:00,0.000000,0.050000
TP5,2026-07-28 17:35:00,0.000000,0.020000
TP5,2026-07-28 17:40:00,0.000000,0.030000
TP5,2026-07-28 17:45:00,0.000000,-0.010000
TP5,2026-07-28 17:50:00,0.000000,0.000000
TP5,2026-07-28 17:55:00,0.000000,0.030000
TP5,2026-07-28 18:00:00,0.000000,0.010000
TP5,2026-07-28 18:05:00,0.000000,-0.030000
TP5,2026-07-28 18:10:00,0.000000,-0.010000
TP5,2026-07-28 18:15:00,0.000000,0.010000
TP5,2026-07-28 18:20:00,0.000000,-0.010000
TP5,2026-07-28 18:25:00,0.000000,-0.010000
TP5,2026-07-28 18:30:00,0.000000,0.070000
TP5,2026-07-28 18:35:00,0.000000,0.080000
TP5,2026-07-28 18:40:00,0.000000,0.160000
TP5,2026-07-28 18:45:00,0.000000,0.040000
TP5,2026-07-28 18:50:00,0.083333,1.560000
TP5,2026-07-28 18:55:00,0.166667,1.130000
TP5,2026-07-28 19:00:00,0.250000,0.040000
TP5,2026-07-28 19:05:00,0.333333,-0.030000
TP5,2026-07-28 19:10:00,0.416667,-0.040000
TP5,2026-07-28 19:15:00,0.500000,-0.020000
TP5,2026-07-28 19:20:00,0.583333,-0.050000
TP5,2026-07-28 19:25:00,0.666667,-0.070000
TP5,2026-07-28 19:30:00,0.750000,-0.080000
TP5,2026-07-28 19:35:00,0.833333,-0.050000
TP5,2026-07-28 19:40:00,0.916667,-0.070000
TP5,2026-07-28 19:45:00,1.000000,-0.100000
TP5,2026-07-28 19:50:00,0.916667,-0.010000
TP5,2026-07-28 19:55:00,0.833333,-0.080000
TP5,2026-07-28 20:00:00,0.750000,-0.090000
TP5,2026-07-28 20:05:00,0.666667,-0.100000
TP5,2026-07-28 20:10:00,0.583333,-0.070000
TP5,2026-07-28 20:15:00,0.500000,-0.110000
TP5,2026-07-28 20:20:00,0.416667,-0.070000
TP5,2026-07-28 20:25:00,0.333333,-0.050000
TP5,2026-07-28 20:30:00,0.250000,-0.060000
TP5,2026-07-28 20:35:00,0.166667,-0.050000
TP5,2026-07-28 20:40:00,0.083333,-0.060000
TP5,2026-07-28 20:45:00,0.000000,0.050000
TP5,2026-07-28 20:50:00,0.000000,0.390000
TP5,2026-07-28 20:55:00,0.000000,0.360000
TP5,2026-07-28 21:00:00,0.000000,0.010000
TP5,2026-07-28 21:05:00,0.000000,-0.040000
TP5,2026-07-28 21:10:00,0.000000,-0.070000
TP5,2026-07-28 21:15:00,0.000000,-0.100000
TP5,2026-07-28 21:20:00,0.000000,-0.080000
TP5,2026-07-28 21:25:00,0.000000,-0.120000
TP5,2026-07-28 21:30:00,0.000000,-0.100000
TP5,2026-07-28 21:35:00,0.000000,-0.100000
TP5,2026-07-28 21:40:00,0.000000,-0.060000
TP5,2026-07-28 21:45:00,0.000000,-0.080000
TP5,2026-07-28 21:50:00,0.000000,-0.110000
TP5,2026-07-28 21:55:00,0.000000,-0.130000
TP5,2026-07-28 22:00:00,0.000000,-0.040000
TP5,2026-07-28 22:05:00,0.000000,-0.090000
TP5,2026-07-28 22:10:00,0.000000,-0.080000
TP5,2026-07-28 22:15:00,0.000000,-0.030000
TP5,2026-07-28 22:20:00,0.000000,0.070000
TP5,2026-07-28 22:25:00,0.000000,0.550000
TP5,2026-07-28 22:30:00,0.000000,0.300000
TP5,2026-07-28 22:35:00,0.000000,0.120000
TP5,2026-07-28 22:40:00,0.000000,0.330000
TP5,2026-07-28 22:45:00,0.000000,0.370000
TP5,2026-07-28 22:50:00,0.000000,0.950000
TP5,2026-07-28 22:55:00,0.000000,0.530000
TP5,2026-07-28 23:00:00,0.000000,0.070000
TP5,2026-07-28 23:05:00,0.000000,0.100000
TP5,2026-07-28 23:10:00,0.000000,-0.090000
TP5,2026-07-28 23:15:00,0.000000,-0.130000
TP5,2026-07-28 23:20:00,0.000000,-0.130000
TP5,2026-07-28 23:25:00,0.000000,-0.100000
TP5,2026-07-28 23:30:00,0.000000,-0.080000
TP5,2026-07-28 23:35:00,0.000000,-0.130000
TP5,2026-07-28 23:40:00,0.000000,-0.060000
TP5,2026-07-28 23:45:00,0.000000,0.040000
TP5,2026-07-28 23:50:00,0.000000,-0.030000
TP5,2026-07-28 23:55:00,0.000000,-0.030000
TP5,2026-07-29 00:00:00,0.000000,-0.110000
TP5,2026-07-29 00:05:00,0.000000,-0.060000
TP5,2026-07-29 00:10:00,0.000000,-0.060000
TP5,2026-07-29 00:15:00,0.000000,-0.050000
TP5,2026-07-29 00:20:00,0.000000,-0.050000
TP5,2026-07-29 00:25:00,0.000000,-0.110000
TP5,2026-07-29 00:30:00,0.000000,0.000000
TP5,2026-07-29 00:35:00,0.000000,-0.030000
TP5,2026-07-29 00:40:00,0.000000,0.020000
TP5,2026-07-29 00:45:00,0.000000,-0.050000
TP5,2026-07-29 00:50:00,0.166667,0.000000
TP5,2026-07-29 00:55:00,0.333333,0.060000
TP5,2026-07-29 01:00:00,0.500000,0.000000
TP5,2026-07-29 01:05:00,0.666667,-0.010000
TP5,2026-07-29 01:10:00,0.833333,-0.060000
TP5,2026-07-29 01:15:00,1.000000,0.010000
TP5,2026-07-29 01:20:00,1.166667,2.220000
TP5,2026-07-29 01:25:00,1.333333,1.340000
TP5,2026-07-29 01:30:00,1.500000,0.060000
TP5,2026-07-29 01:35:00,1.666667,-0.120000
TP5,2026-07-29 01:40:00,1.833333,-0.110000
TP5,2026-07-29 01:45:00,2.000000,-0.110000
TP5,2026-07-29 01:50:00,1.833333,-0.140000
TP5,2026-07-29 01:55:00,1.666667,-0.130000
TP5,2026-07-29 02:00:00,1.500000,-0.070000
TP5,2026-07-29 02:05:00,1.333333,-0.120000
TP5,2026-07-29 02:10:00,1.166667,-0.140000
TP5,2026-07-29 02:15:00,1.000000,-0.120000
TP5,2026-07-29 02:20:00,0.833333,-0.080000
TP5,2026-07-29 02:25:00,0.666667,-0.170000
TP5,2026-07-29 02:30:00,0.500000,-0.020000
TP5,2026-07-29 02:35:00,0.333333,0.070000
TP5,2026-07-29 02:40:00,0.166667,0.330000
TP5,2026-07-29 02:45:00,0.000000,-0.130000
TP5,2026-07-29 02:50:00,0.000000,-0.120000
TP5,2026-07-29 02:55:00,0.000000,-0.120000
TP5,2026-07-29 03:00:00,0.000000,-0.180000
TP5,2026-07-29 03:05:00,0.000000,-0.070000
TP5,2026-07-29 03:10:00,0.000000,-0.070000
TP5,2026-07-29 03:15:00,0.000000,-0.110000
TP5,2026-07-29 03:20:00,0.000000,-0.140000
TP5,2026-07-29 03:25:00,0.000000,-0.140000
TP5,2026-07-29 03:30:00,0.000000,-0.110000
TP5,2026-07-29 03:35:00,0.000000,-0.130000
TP5,2026-07-29 03:40:00,0.000000,0.120000
TP5,2026-07-29 03:45:00,0.000000,0.540000
TP5,2026-07-29 03:50:00,0.916667,3.730000
TP5,2026-07-29 03:55:00,1.833333,7.910000
TP5,2026-07-29 04:00:00,2.750000,9.300000
TP5,2026-07-29 04:05:00,3.666667,0.050000
TP5,2026-07-29 04:10:00,4.583333,-0.070000
TP5,2026-07-29 04:15:00,5.500000,-0.080000
TP5,2026-07-29 04:20:00,6.416667,0.220000
TP5,2026-07-29 04:25:00,7.333333,0.000000
TP5,2026-07-29 04:30:00,8.250000,-0.130000
TP5,2026-07-29 04:35:00,9.166667,0.340000
TP5,2026-07-29 04:40:00,10.083333,0.170000
TP5,2026-07-29 04:45:00,11.000000,0.050000
TP5,2026-07-29 04:50:00,10.166667,-0.090000
TP5,2026-07-29 04:55:00,9.333333,-0.020000
TP5,2026-07-29 05:00:00,8.500000,-0.030000
TP5,2026-07-29 05:05:00,7.666667,-0.090000
TP5,2026-07-29 05:10:00,6.833333,-0.020000
TP5,2026-07-29 05:15:00,6.000000,0.070000
TP5,2026-07-29 05:20:00,5.166667,0.330000
TP5,2026-07-29 05:25:00,4.333333,0.280000
TP5,2026-07-29 05:30:00,3.500000,0.550000
TP5,2026-07-29 05:35:00,2.666667,0.490000
TP5,2026-07-29 05:40:00,1.833333,0.580000
TP5,2026-07-29 05:45:00,1.000000,1.410000
TP5,2026-07-29 05:50:00,1.833333,2.510000
TP5,2026-07-29 05:55:00,2.666667,0.660000
TP5,2026-07-29 06:00:00,3.500000,2.190000
TP5,2026-07-29 06:05:00,4.333333,0.660000
TP5,2026-07-29 06:10:00,5.166667,3.680000
TP5,2026-07-29 06:15:00,6.000000,2.800000
TP5,2026-07-29 06:20:00,6.833333,2.000000
TP5,2026-07-29 06:25:00,7.666667,1.800000
TP5,2026-07-29 06:30:00,8.500000,0.700000
TP5,2026-07-29 06:35:00,9.333333,0.450000
TP5,2026-07-29 06:40:00,10.166667,0.400000
TP5,2026-07-29 06:45:00,11.000000,0.390000
TP5,2026-07-29 06:50:00,10.333333,0.470000
TP5,2026-07-29 06:55:00,9.666667,0.750000
TP5,2026-07-29 07:00:00,9.000000,0.570000
TP5,2026-07-29 07:05:00,8.333333,0.340000
TP5,2026-07-29 07:10:00,7.666667,0.330000
TP5,2026-07-29 07:15:00,7.000000,0.470000
TP5,2026-07-29 07:20:00,6.333333,0.480000
TP5,2026-07-29 07:25:00,5.666667,0.510000
TP5,2026-07-29 07:30:00,5.000000,0.400000
TP5,2026-07-29 07:35:00,4.333333,0.350000
TP5,2026-07-29 07:40:00,3.666667,0.210000
TP5,2026-07-29 07:45:00,3.000000,0.080000
TP5,2026-07-29 07:50:00,2.833333,0.100000
TP5,2026-07-29 07:55:00,2.666667,0.190000
TP5,2026-07-29 08:00:00,2.500000,0.330000
TP5,2026-07-29 08:05:00,2.333333,0.220000
TP5,2026-07-29 08:10:00,2.166667,0.260000
TP5,2026-07-29 08:15:00,2.000000,0.340000
TP5,2026-07-29 08:20:00,1.833333,0.490000
TP5,2026-07-29 08:25:00,1.666667,0.410000
TP5,2026-07-29 08:30:00,1.500000,0.120000
TP5,2026-07-29 08:35:00,1.333333,0.110000
TP5,2026-07-29 08:40:00,1.166667,0.100000
TP5,2026-07-29 08:45:00,1.000000,0.090000
TP5,2026-07-29 08:50:00,1.000000,0.080000
TP5,2026-07-29 08:55:00,1.000000,0.360000
TP5,2026-07-29 09:00:00,1.000000,0.090000
TP5,2026-07-29 09:05:00,1.000000,0.060000
TP5,2026-07-29 09:10:00,1.000000,0.080000
TP5,2026-07-29 09:15:00,1.000000,0.130000
TP5,2026-07-29 09:20:00,1.000000,0.220000
TP5,2026-07-29 09:25:00,1.000000,0.510000
TP5,2026-07-29 09:30:00,1.000000,0.550000
TP5,2026-07-29 09:35:00,1.000000,0.620000
TP5,2026-07-29 09:40:00,1.000000,0.530000
TP5,2026-07-29 09:45:00,1.000000,0.510000
TP5,2026-07-29 09:50:00,1.166667,0.470000
TP5,2026-07-29 09:55:00,1.333333,0.540000
TP5,2026-07-29 10:00:00,1.500000,0.420000
TP5,2026-07-29 10:05:00,1.666667,0.280000
TP5,2026-07-29 10:10:00,1.833333,0.210000
TP5,2026-07-29 10:15:00,2.000000,0.300000
TP5,2026-07-29 10:20:00,2.166667,0.270000
TP5,2026-07-29 10:25:00,2.333333,0.560000
TP5,2026-07-29 10:30:00,2.500000,0.530000
TP5,2026-07-29 10:35:00,2.666667,0.400000
TP5,2026-07-29 10:40:00,2.833333,0.470000
TP5,2026-07-29 10:45:00,3.000000,0.540000
TP5,2026-07-29 10:50:00,2.916667,0.510000
TP5,2026-07-29 10:55:00,2.833333,0.330000
TP5,2026-07-29 11:00:00,2.750000,0.390000
TP5,2026-07-29 11:05:00,2.666667,0.200000
TP5,2026-07-29 11:10:00,2.583333,0.270000
TP5,2026-07-29 11:15:00,2.500000,0.350000
TP5,2026-07-29 11:20:00,2.416667,0.320000
TP5,2026-07-29 11:25:00,2.333333,0.320000
TP5,2026-07-29 11:30:00,2.250000,0.130000
TP5,2026-07-29 11:35:00,2.166667,0.150000
TP5,2026-07-29 11:40:00,2.083333,0.140000
TP5,2026-07-29 11:45:00,2.000000,0.110000
TP5,2026-07-29 11:50:00,1.833333,0.120000
TP5,2026-07-29 11:55:00,1.666667,0.240000
TP5,2026-07-29 12:00:00,1.500000,0.160000
TP5,2026-07-29 12:05:00,1.333333,0.200000
TP5,2026-07-29 12:10:00,1.166667,0.010000
TP5,2026-07-29 12:15:00,1.000000,0.040000
TP5,2026-07-29 12:20:00,0.833333,0.050000
TP5,2026-07-29 12:25:00,0.666667,0.030000
TP5,2026-07-29 12:30:00,0.500000,0.070000
TP5,2026-07-29 12:35:00,0.333333,0.070000
TP5,2026-07-29 12:40:00,0.166667,0.110000
TP5,2026-07-29 12:45:00,0.000000,0.110000
TP5,2026-07-29 12:50:00,0.000000,0.140000
TP5,2026-07-29 12:55:00,0.000000,0.060000
TP5,2026-07-29 13:00:00,0.000000,0.040000
TP5,2026-07-29 13:05:00,0.000000,0.030000
TP5,2026-07-29 13:10:00,0.000000,0.090000
TP5,2026-07-29 13:15:00,0.000000,-0.020000
TP5,2026-07-29 13:20:00,0.000000,0.000000
TP5,2026-07-29 13:25:00,0.000000,0.000000
TP5,2026-07-29 13:30:00,0.000000,0.000000
TP5,2026-07-29 13:35:00,0.000000,-0.050000
TP5,2026-07-29 13:40:00,0.000000,-0.010000
TP5,2026-07-29 13:45:00,0.000000,0.060000
TP5,2026-07-29 13:50:00,0.000000,0.020000
TP5,2026-07-29 13:55:00,0.000000,0.020000
TP5,2026-07-29 14:00:00,0.000000,0.050000
TP5,2026-07-29 14:05:00,0.000000,0.100000
TP5,2026-07-29 14:10:00,0.000000,0.050000
TP5,2026-07-29 14:15:00,0.000000,0.040000
TP5,2026-07-29 14:20:00,0.000000,0.070000
TP5,2026-07-29 14:25:00,0.000000,0.060000
TP5,2026-07-29 14:30:00,0.000000,0.050000
TP5,2026-07-29 14:35:00,0.000000,0.050000
TP5,2026-07-29 14:40:00,0.000000,0.090000
TP5,2026-07-29 14:45:00,0.000000,0.030000
TP5,2026-07-29 14:50:00,0.000000,0.040000
TP5,2026-07-29 14:55:00,0.000000,0.030000
TP5,2026-07-29 15:00:00,0.000000,0.060000
TP5,2026-07-29 15:05:00,0.000000,0.040000
TP5,2026-07-29 15:10:00,0.000000,0.090000
TP5,2026-07-29 15:15:00,0.000000,0.080000
TP5,2026-07-29 15:20:00,0.000000,0.050000
TP5,2026-07-29 15:25:00,0.000000,0.090000
TP5,2026-07-29 15:30:00,0.000000,0.100000
TP5,2026-07-29 15:35:00,0.000000,0.090000
TP5,2026-07-29 15:40:00,0.000000,0.180000
TP5,2026-07-29 15:45:00,0.000000,0.100000
TP5,2026-07-29 15:50:00,0.000000,0.120000
TP5,2026-07-29 15:55:00,0.000000,0.120000
TP5,2026-07-29 16:00:00,0.000000,0.120000
TP5,2026-07-29 16:05:00,0.000000,0.180000
TP5,2026-07-29 16:10:00,0.000000,0.130000
TP5,2026-07-29 16:15:00,0.000000,0.120000
TP5,2026-07-29 16:20:00,0.000000,0.220000
TP5,2026-07-29 16:25:00,0.000000,0.070000
TP5,2026-07-29 16:30:00,0.000000,0.110000
TP5,2026-07-29 16:35:00,0.000000,0.100000
TP5,2026-07-29 16:40:00,0.000000,0.110000
TP5,2026-07-29 16:45:00,0.000000,0.140000
TP5,2026-07-29 16:50:00,0.000000,0.070000
TP5,2026-07-29 16:55:00,0.000000,0.090000
TP5,2026-07-29 17:00:00,0.000000,0.070000
TP5,2026-07-29 17:05:00,0.000000,0.100000
TP5,2026-07-29 17:10:00,0.000000,0.040000
TP5,2026-07-29 17:15:00,0.000000,0.170000
TP5,2026-07-29 17:20:00,0.000000,2.480000
TP5,2026-07-29 17:25:00,0.000000,0.520000
TP5,2026-07-29 17:30:00,0.000000,0.540000
TP5,2026-07-29 17:35:00,0.000000,0.470000
TP5,2026-07-29 17:40:00,0.000000,0.060000
TP5,2026-07-29 17:45:00,0.000000,0.080000
TP5,2026-07-29 17:50:00,0.000000,0.120000
TP5,2026-07-29 17:55:00,0.000000,0.100000
TP5,2026-07-29 18:00:00,0.000000,0.050000
TP5,2026-07-29 18:05:00,0.000000,0.070000
TP5,2026-07-29 18:10:00,0.000000,0.030000
TP5,2026-07-29 18:15:00,0.000000,0.060000
TP5,2026-07-29 18:20:00,0.000000,0.110000
TP5,2026-07-29 18:25:00,0.000000,0.010000
TP5,2026-07-29 18:30:00,0.000000,0.100000
TP5,2026-07-29 18:35:00,0.000000,0.070000
TP5,2026-07-29 18:40:00,0.000000,0.000000
TP5,2026-07-29 18:45:00,0.000000,-0.020000
TP5,2026-07-29 18:50:00,0.000000,0.060000
TP5,2026-07-29 18:55:00,0.000000,0.020000
TP5,2026-07-29 19:00:00,0.000000,-0.010000
TP5,2026-07-29 19:05:00,0.000000,0.070000
TP5,2026-07-29 19:10:00,0.000000,0.070000
TP5,2026-07-29 19:15:00,0.000000,0.040000
TP5,2026-07-29 19:20:00,0.000000,0.040000
TP5,2026-07-29 19:25:00,0.000000,0.170000
TP5,2026-07-29 19:30:00,0.000000,0.270000
TP5,2026-07-29 19:35:00,0.000000,0.400000
TP5,2026-07-29 19:40:00,0.000000,0.390000
TP5,2026-07-29 19:45:00,0.000000,0.450000
TP5,2026-07-29 19:50:00,0.000000,0.590000
TP5,2026-07-29 19:55:00,0.000000,0.170000
TP5,2026-07-29 20:00:00,0.000000,0.080000
TP5,2026-07-29 20:05:00,0.000000,0.060000
TP5,2026-07-29 20:10:00,0.000000,0.190000
TP5,2026-07-29 20:15:00,0.000000,0.050000
TP5,2026-07-29 20:20:00,0.000000,0.780000
TP5,2026-07-29 20:25:00,0.000000,0.100000
TP5,2026-07-29 20:30:00,0.000000,0.080000
TP5,2026-07-29 20:35:00,0.000000,-0.010000
TP5,2026-07-29 20:40:00,0.000000,0.060000
TP5,2026-07-29 20:45:00,0.000000,0.040000
TP5,2026-07-29 20:50:00,0.000000,0.070000
TP5,2026-07-29 20:55:00,0.000000,0.050000
TP5,2026-07-29 21:00:00,0.000000,0.000000
TP5,2026-07-29 21:05:00,0.000000,0.030000
TP5,2026-07-29 21:10:00,0.000000,0.040000
TP5,2026-07-29 21:15:00,0.000000,0.110000
TP5,2026-07-29 21:20:00,0.000000,-0.060000
TP5,2026-07-29 21:25:00,0.000000,-0.050000
TP5,2026-07-29 21:30:00,0.000000,-0.010000
TP5,2026-07-29 21:35:00,0.000000,0.080000
TP5,2026-07-29 21:40:00,0.000000,0.090000
TP5,2026-07-29 21:45:00,0.000000,0.040000
TP5,2026-07-29 21:50:00,0.000000,0.110000
TP5,2026-07-29 21:55:00,0.000000,0.070000
TP5,2026-07-29 22:00:00,0.000000,0.010000
TP5,2026-07-29 22:05:00,0.000000,0.210000
TP5,2026-07-29 22:10:00,0.000000,0.060000
TP5,2026-07-29 22:15:00,0.000000,0.000000
TP5,2026-07-29 22:20:00,0.000000,-0.040000
TP5,2026-07-29 22:25:00,0.000000,0.050000
TP5,2026-07-29 22:30:00,0.000000,-0.030000
TP5,2026-07-29 22:35:00,0.000000,-0.010000
TP5,2026-07-29 22:40:00,0.000000,0.030000
TP5,2026-07-29 22:45:00,0.000000,0.010000
TP5,2026-07-29 22:50:00,0.000000,-0.030000
TP5,2026-07-29 22:55:00,0.000000,-0.040000
TP5,2026-07-29 23:00:00,0.000000,0.100000
TP5,2026-07-29 23:05:00,0.000000,0.200000
TP5,2026-07-29 23:10:00,0.000000,0.020000
TP5,2026-07-29 23:15:00,0.000000,-0.050000
TP5,2026-07-29 23:20:00,0.000000,0.010000
TP5,2026-07-29 23:25:00,0.000000,-0.010000
TP5,2026-07-29 23:30:00,0.000000,0.040000
TP5,2026-07-29 23:35:00,0.000000,-0.020000
TP5,2026-07-29 23:40:00,0.000000,-0.030000
TP5,2026-07-29 23:45:00,0.000000,-0.030000
TP5,2026-07-29 23:50:00,0.000000,0.150000
TP5,2026-07-29 23:55:00,0.000000,-0.030000
TP5,2026-07-30 00:00:00,0.000000,-0.020000
TP5,2026-07-30 00:05:00,0.000000,-0.020000
TP5,2026-07-30 00:10:00,0.000000,-0.010000
TP5,2026-07-30 00:15:00,0.000000,0.020000
TP5,2026-07-30 00:20:00,0.000000,-0.030000
TP5,2026-07-30 00:25:00,0.000000,-0.040000
TP5,2026-07-30 00:30:00,0.000000,-0.030000
TP5,2026-07-30 00:35:00,0.000000,-0.020000
TP5,2026-07-30 00:40:00,0.000000,-0.030000
TP5,2026-07-30 00:45:00,0.000000,-0.010000
TP5,2026-07-30 00:50:00,0.000000,0.110000
TP5,2026-07-30 00:55:00,0.000000,0.000000
TP5,2026-07-30 01:00:00,0.000000,0.040000
TP5,2026-07-30 01:05:00,0.000000,-0.030000
TP5,2026-07-30 01:10:00,0.000000,-0.020000
TP5,2026-07-30 01:15:00,0.000000,-0.020000
TP5,2026-07-30 01:20:00,0.000000,-0.040000
TP5,2026-07-30 01:25:00,0.000000,-0.040000
TP5,2026-07-30 01:30:00,0.000000,-0.030000
TP5,2026-07-30 01:35:00,0.000000,-0.070000
TP5,2026-07-30 01:40:00,0.000000,-0.040000
TP5,2026-07-30 01:45:00,0.000000,-0.030000
TP5,2026-07-30 01:50:00,0.000000,-0.060000
TP5,2026-07-30 01:55:00,0.000000,-0.070000
TP5,2026-07-30 02:00:00,0.000000,-0.040000
TP5,2026-07-30 02:05:00,0.000000,-0.030000
TP5,2026-07-30 02:10:00,0.000000,-0.030000
TP5,2026-07-30 02:15:00,0.000000,-0.050000
TP5,2026-07-30 02:20:00,0.000000,-0.070000
TP5,2026-07-30 02:25:00,0.000000,-0.020000
TP5,2026-07-30 02:30:00,0.000000,-0.070000
TP5,2026-07-30 02:35:00,0.000000,-0.060000
TP5,2026-07-30 02:40:00,0.000000,-0.070000
TP5,2026-07-30 02:45:00,0.000000,-0.070000
TP5,2026-07-30 02:50:00,0.000000,-0.070000
TP5,2026-07-30 02:55:00,0.000000,-0.050000
TP5,2026-07-30 03:00:00,0.000000,0.010000
TP5,2026-07-30 03:05:00,0.000000,0.000000
TP5,2026-07-30 03:10:00,0.000000,0.050000
TP5,2026-07-30 03:15:00,0.000000,0.100000
TP5,2026-07-30 03:20:00,0.000000,-0.040000
TP5,2026-07-30 03:25:00,0.000000,-0.070000
TP5,2026-07-30 03:30:00,0.000000,-0.030000
TP5,2026-07-30 03:35:00,0.000000,-0.070000
TP5,2026-07-30 03:40:00,0.000000,-0.100000
TP5,2026-07-30 03:45:00,0.000000,-0.090000
TP5,2026-07-30 03:50:00,0.000000,-0.120000
TP5,2026-07-30 03:55:00,0.000000,-0.100000
TP5,2026-07-30 04:00:00,0.000000,-0.100000
TP5,2026-07-30 04:05:00,0.000000,-0.140000
TP5,2026-07-30 04:10:00,0.000000,-0.080000
TP5,2026-07-30 04:15:00,0.000000,-0.110000
TP5,2026-07-30 04:20:00,0.000000,-0.120000
TP5,2026-07-30 04:25:00,0.000000,-0.070000
TP5,2026-07-30 04:30:00,0.000000,-0.050000
TP5,2026-07-30 04:35:00,0.000000,-0.080000
TP5,2026-07-30 04:40:00,0.000000,-0.040000
TP5,2026-07-30 04:45:00,0.000000,-0.110000
TP5,2026-07-30 04:50:00,0.000000,-0.100000
TP5,2026-07-30 04:55:00,0.000000,-0.130000
TP5,2026-07-30 05:00:00,0.000000,-0.120000
TP5,2026-07-30 05:05:00,0.000000,-0.120000
TP5,2026-07-30 05:10:00,0.000000,-0.120000
TP5,2026-07-30 05:15:00,0.000000,-0.120000
TP5,2026-07-30 05:20:00,0.000000,-0.110000
TP5,2026-07-30 05:25:00,0.000000,-0.090000
TP5,2026-07-30 05:30:00,0.000000,-0.110000
TP5,2026-07-30 05:35:00,0.000000,-0.110000
TP5,2026-07-30 05:40:00,0.000000,-0.070000
TP5,2026-07-30 05:45:00,0.000000,-0.100000
TP5,2026-07-30 05:50:00,0.000000,-0.110000
TP5,2026-07-30 05:55:00,0.000000,-0.110000
TP5,2026-07-30 06:00:00,0.000000,-0.100000
TP5,2026-07-30 06:05:00,0.000000,-0.110000
TP5,2026-07-30 06:10:00,0.000000,-0.120000
TP5,2026-07-30 06:15:00,0.000000,-0.120000
TP5,2026-07-30 06:20:00,0.000000,-0.070000
TP5,2026-07-30 06:25:00,0.000000,-0.110000
TP5,2026-07-30 06:30:00,0.000000,-0.120000
TP5,2026-07-30 06:35:00,0.000000,-0.060000
TP5,2026-07-30 06:40:00,0.000000,-0.120000
TP5,2026-07-30 06:45:00,0.000000,-0.100000
TP5,2026-07-30 06:50:00,0.000000,-0.070000
TP5,2026-07-30 06:55:00,0.000000,-0.050000
TP5,2026-07-30 07:00:00,0.000000,-0.090000
TP5,2026-07-30 07:05:00,0.000000,-0.080000
TP5,2026-07-30 07:10:00,0.000000,0.010000
TP5,2026-07-30 07:15:00,0.000000,-0.070000
TP5,2026-07-30 07:20:00,0.000000,-0.070000
TP5,2026-07-30 07:25:00,0.000000,-0.080000
TP5,2026-07-30 07:30:00,0.000000,-0.080000
TP5,2026-07-30 07:35:00,0.000000,-0.100000
TP5,2026-07-30 07:40:00,0.000000,-0.090000
TP5,2026-07-30 07:45:00,0.000000,-0.080000
TP5,2026-07-30 07:50:00,0.000000,-0.050000
TP5,2026-07-30 07:55:00,0.000000,-0.070000
TP5,2026-07-30 08:00:00,0.000000,-0.050000
TP5,2026-07-30 08:05:00,0.000000,-0.040000
TP5,2026-07-30 08:10:00,0.000000,-0.030000
TP5,2026-07-30 08:15:00,0.000000,0.020000
TP5,2026-07-30 08:20:00,0.000000,-0.050000
TP5,2026-07-30 08:25:00,0.000000,-0.020000
TP5,2026-07-30 08:30:00,0.000000,-0.030000
TP5,2026-07-30 08:35:00,0.000000,-0.040000
TP5,2026-07-30 08:40:00,0.000000,0.060000
TP5,2026-07-30 08:45:00,0.000000,0.000000
TP5,2026-07-30 08:50:00,0.000000,0.000000
TP5,2026-07-30 08:55:00,0.000000,-0.010000
TP5,2026-07-30 09:00:00,0.000000,0.040000
TP5,2026-07-30 09:05:00,0.000000,-0.020000
TP5,2026-07-30 09:10:00,0.000000,0.030000
TP5,2026-07-30 09:15:00,0.000000,0.130000
TP5,2026-07-30 09:20:00,0.000000,0.040000
TP5,2026-07-30 09:25:00,0.000000,0.100000
TP5,2026-07-30 09:30:00,0.000000,0.040000
TP5,2026-07-30 09:35:00,0.000000,0.080000
TP5,2026-07-30 09:40:00,0.000000,0.080000
TP5,2026-07-30 09:45:00,0.000000,0.120000
TP5,2026-07-30 09:50:00,0.000000,0.110000
TP5,2026-07-30 09:55:00,0.000000,0.120000
TP5,2026-07-30 10:00:00,0.000000,0.200000
TP5,2026-07-30 10:05:00,0.000000,0.070000
TP5,2026-07-30 10:10:00,0.000000,0.110000
TP5,2026-07-30 10:15:00,0.000000,0.150000
TP5,2026-07-30 10:20:00,0.000000,0.160000
TP5,2026-07-30 10:25:00,0.000000,0.320000
TP5,2026-07-30 10:30:00,0.000000,0.180000
TP5,2026-07-30 10:35:00,0.000000,0.140000
TP5,2026-07-30 10:40:00,0.000000,0.200000
TP5,2026-07-30 10:45:00,0.000000,0.240000
TP5,2026-07-30 10:50:00,0.000000,0.330000
TP5,2026-07-30 10:55:00,0.000000,0.160000
TP5,2026-07-30 11:00:00,0.000000,0.190000
TP5,2026-07-30 11:05:00,0.000000,0.230000
TP5,2026-07-30 11:10:00,0.000000,0.160000
TP5,2026-07-30 11:15:00,0.000000,0.130000
TP5,2026-07-30 11:20:00,0.000000,0.170000
TP5,2026-07-30 11:25:00,0.000000,0.250000
TP5,2026-07-30 11:30:00,0.000000,0.090000
TP5,2026-07-30 11:35:00,0.000000,0.150000
TP5,2026-07-30 11:40:00,0.000000,0.280000
TP5,2026-07-30 11:45:00,0.000000,0.230000
TP5,2026-07-30 11:50:00,0.000000,0.200000
TP5,2026-07-30 11:55:00,0.000000,0.130000
TP5,2026-07-30 12:00:00,0.000000,0.230000
TP5,2026-07-30 12:05:00,0.000000,0.110000
TP5,2026-07-30 12:10:00,0.000000,0.090000
TP5,2026-07-30 12:15:00,0.000000,0.100000
TP5,2026-07-30 12:20:00,0.000000,0.170000
TP5,2026-07-30 12:25:00,0.000000,0.160000
TP5,2026-07-30 12:30:00,0.000000,0.100000
TP5,2026-07-30 12:35:00,0.000000,0.090000
TP5,2026-07-30 12:40:00,0.000000,0.140000
TP5,2026-07-30 12:45:00,0.000000,0.080000
