Tue Jul 21 00:53:15 UTC 2026,1784595195,744000,5.12
Tue Jul 21 00:53:18 UTC 2026,1784595198,0,5.04
Tue Jul 21 00:53:22 UTC 2026,1784595202,0,5.26
Tue Jul 21 00:54:29 UTC 2026,1784595269,0,4.97
Tue Jul 21 00:55:38 UTC 2026,1784595338,0,4.87
Tue Jul 21 00:55:56 UTC 2026,1784595356,0,5.25
Tue Jul 21 00:57:04 UTC 2026,1784595424,0,5.28
Tue Jul 21 00:57:09 UTC 2026,1784595429,0,4.86
Tue Jul 21 00:59:06 UTC 2026,1784595546,0,5.18
Tue Jul 21 00:59:17 UTC 2026,1784595557,0,4.82
Tue Jul 21 00:59:52 UTC 2026,1784595592,0,4.95
Tue Jul 21 01:00:46 UTC 2026,1784595646,0,5.2
Tue Jul 21 01:02:04 UTC 2026,1784595724,0,5.19
Tue Jul 21 01:02:55 UTC 2026,1784595775,0,4.85
Tue Jul 21 01:03:17 UTC 2026,1784595797,0,4.95
Tue Jul 21 01:04:07 UTC 2026,1784595847,0,5.15
Tue Jul 21 01:05:06 UTC 2026,1784595906,0,5.2
Tue Jul 21 01:05:37 UTC 2026,1784595937,0,4.92
Tue Jul 21 01:07:04 UTC 2026,1784596024,0,5.25
Tue Jul 21 01:07:10 UTC 2026,1784596030,0,4.95
Tue Jul 21 01:08:25 UTC 2026,1784596105,0,5.27
Tue Jul 21 01:08:45 UTC 2026,1784596125,0,5.01
Tue Jul 21 01:10:01 UTC 2026,1784596201,0,5.02
Tue Jul 21 01:10:10 UTC 2026,1784596210,0,5.22
Tue Jul 21 01:11:28 UTC 2026,1784596288,0,5.19
Tue Jul 21 01:12:22 UTC 2026,1784596342,0,5.01
Tue Jul 21 01:13:31 UTC 2026,1784596411,0,5.21
Tue Jul 21 01:14:30 UTC 2026,1784596470,0,4.96
Tue Jul 21 01:14:49 UTC 2026,1784596489,0,5.28
Tue Jul 21 01:15:56 UTC 2026,1784596556,0,4.93
Tue Jul 21 01:16:15 UTC 2026,1784596575,0,4.91
Tue Jul 21 01:16:37 UTC 2026,1784596597,0,5.18
Tue Jul 21 01:18:59 UTC 2026,1784596739,0,5.24
Tue Jul 21 01:19:17 UTC 2026,1784596757,0,4.7
Tue Jul 21 01:20:34 UTC 2026,1784596834,0,4.59
Tue Jul 21 01:20:38 UTC 2026,1784596838,0,5.28
Tue Jul 21 01:22:17 UTC 2026,1784596937,0,4.83
Tue Jul 21 01:23:44 UTC 2026,1784597024,0,4.79
Tue Jul 21 01:23:58 UTC 2026,1784597038,0,5.27
Tue Jul 21 01:25:42 UTC 2026,1784597142,0,4.91
Tue Jul 21 01:26:05 UTC 2026,1784597165,0,5.35
Tue Jul 21 01:26:52 UTC 2026,1784597212,0,4.92
Tue Jul 21 01:27:37 UTC 2026,1784597257,0,5.3
Tue Jul 21 01:28:08 UTC 2026,1784597288,0,5.24
Tue Jul 21 01:29:15 UTC 2026,1784597355,0,4.84
Tue Jul 21 01:30:34 UTC 2026,1784597434,0,4.76
Tue Jul 21 01:30:53 UTC 2026,1784597453,0,5.33
Tue Jul 21 01:31:47 UTC 2026,1784597507,0,4.76
Tue Jul 21 01:32:23 UTC 2026,1784597543,0,5.21
Tue Jul 21 01:33:04 UTC 2026,1784597584,0,5.24
Tue Jul 21 01:33:36 UTC 2026,1784597616,0,4.67
Tue Jul 21 01:34:44 UTC 2026,1784597684,0,4.66
Tue Jul 21 01:35:33 UTC 2026,1784597733,0,5.53
Tue Jul 21 01:36:42 UTC 2026,1784597802,0,4.34
Tue Jul 21 01:37:05 UTC 2026,1784597825,0,5.53
Tue Jul 21 01:37:42 UTC 2026,1784597862,0,4.88
Tue Jul 21 01:38:00 UTC 2026,1784597880,0,5.35
Tue Jul 21 01:40:48 UTC 2026,1784598048,0,5.26
Tue Jul 21 01:40:52 UTC 2026,1784598052,0,4.93
Tue Jul 21 01:40:57 UTC 2026,1784598057,0,5.2
Tue Jul 21 01:41:19 UTC 2026,1784598079,0,4.96
Tue Jul 21 01:43:18 UTC 2026,1784598198,0,4.21
Tue Jul 21 01:43:49 UTC 2026,1784598229,0,5.36
Tue Jul 21 01:45:07 UTC 2026,1784598307,0,4.51
Tue Jul 21 01:45:48 UTC 2026,1784598348,0,5.59
Tue Jul 21 01:46:11 UTC 2026,1784598371,0,4.55
Tue Jul 21 01:47:19 UTC 2026,1784598439,0,5.37
Tue Jul 21 01:47:37 UTC 2026,1784598457,0,5.21
Tue Jul 21 01:48:27 UTC 2026,1784598507,0,4.61
Tue Jul 21 01:49:36 UTC 2026,1784598576,0,4.58
Tue Jul 21 01:49:50 UTC 2026,1784598590,0,5.24
Tue Jul 21 01:51:15 UTC 2026,1784598675,0,5.2
Tue Jul 21 01:51:33 UTC 2026,1784598693,0,4.78
Tue Jul 21 01:53:23 UTC 2026,1784598803,0,5.29
Tue Jul 21 01:53:36 UTC 2026,1784598816,0,4.88
Tue Jul 21 01:54:44 UTC 2026,1784598884,0,4.93
Tue Jul 21 01:55:21 UTC 2026,1784598921,0,5.2
Tue Jul 21 01:56:38 UTC 2026,1784598998,0,4.89
Tue Jul 21 01:56:43 UTC 2026,1784599003,0,5.16
Tue Jul 21 01:58:18 UTC 2026,1784599098,0,4.84
Tue Jul 21 01:58:37 UTC 2026,1784599117,0,5.31
Tue Jul 21 02:00:12 UTC 2026,1784599212,0,4.85
Tue Jul 21 02:00:16 UTC 2026,1784599216,0,5.19
Tue Jul 21 02:01:15 UTC 2026,1784599275,0,5.21
Tue Jul 21 02:01:43 UTC 2026,1784599303,0,4.86
Tue Jul 21 02:02:55 UTC 2026,1784599375,0,4.87
Tue Jul 21 02:03:55 UTC 2026,1784599435,0,5.09
Tue Jul 21 02:04:35 UTC 2026,1784599475,0,4.86
Tue Jul 21 02:05:40 UTC 2026,1784599540,0,5.14
Tue Jul 21 02:07:05 UTC 2026,1784599625,0,4.74
Tue Jul 21 02:07:32 UTC 2026,1784599652,0,5.17
Tue Jul 21 02:08:50 UTC 2026,1784599730,0,4.67
Tue Jul 21 02:10:03 UTC 2026,1784599803,0,4.72
Tue Jul 21 02:10:30 UTC 2026,1784599830,0,5.24
Tue Jul 21 02:11:24 UTC 2026,1784599884,0,4.64
Tue Jul 21 02:11:28 UTC 2026,1784599888,0,5.08
Tue Jul 21 02:12:23 UTC 2026,1784599943,0,5.14
Tue Jul 21 02:13:49 UTC 2026,1784600029,0,4.63
Tue Jul 21 02:14:13 UTC 2026,1784600053,0,5.11
Tue Jul 21 02:14:36 UTC 2026,1784600076,0,4.7
Tue Jul 21 02:16:02 UTC 2026,1784600162,0,4.99
Tue Jul 21 02:16:06 UTC 2026,1784600166,0,4.71
Tue Jul 21 02:18:00 UTC 2026,1784600280,0,5.12
Tue Jul 21 02:18:10 UTC 2026,1784600290,0,4.67
Tue Jul 21 02:19:21 UTC 2026,1784600361,0,5.11
Tue Jul 21 02:19:49 UTC 2026,1784600389,0,4.51
Tue Jul 21 02:20:35 UTC 2026,1784600435,0,5.02
Tue Jul 21 02:22:05 UTC 2026,1784600525,0,4.52
Tue Jul 21 02:23:10 UTC 2026,1784600590,0,4.89
Tue Jul 21 02:23:41 UTC 2026,1784600621,0,4.56
Tue Jul 21 02:23:59 UTC 2026,1784600639,0,4.96
Tue Jul 21 02:25:21 UTC 2026,1784600721,0,4.69
Tue Jul 21 02:25:58 UTC 2026,1784600758,0,4.58
Tue Jul 21 02:26:06 UTC 2026,1784600766,0,4.92
Tue Jul 21 02:27:20 UTC 2026,1784600840,0,4.53
Tue Jul 21 02:28:14 UTC 2026,1784600894,0,4.96
Tue Jul 21 02:29:08 UTC 2026,1784600948,0,4.5
Tue Jul 21 02:30:12 UTC 2026,1784601012,0,5.01
Tue Jul 21 02:30:44 UTC 2026,1784601044,0,4.86
Tue Jul 21 02:31:16 UTC 2026,1784601076,0,4.48
Tue Jul 21 02:33:00 UTC 2026,1784601180,0,4.95
Tue Jul 21 02:33:37 UTC 2026,1784601217,0,4.5
Tue Jul 21 02:34:09 UTC 2026,1784601249,0,4.87
Tue Jul 21 02:34:54 UTC 2026,1784601294,0,4.44
Tue Jul 21 02:35:26 UTC 2026,1784601326,0,4.83
Tue Jul 21 02:35:43 UTC 2026,1784601343,0,4.49
Tue Jul 21 02:37:15 UTC 2026,1784601435,0,4.42
Tue Jul 21 02:38:00 UTC 2026,1784601480,0,4.82
Tue Jul 21 02:39:03 UTC 2026,1784601543,0,4.33
Tue Jul 21 02:39:45 UTC 2026,1784601585,0,4.9
Tue Jul 21 02:40:53 UTC 2026,1784601653,0,4.78
Tue Jul 21 02:41:44 UTC 2026,1784601704,0,4.35
Tue Jul 21 02:42:18 UTC 2026,1784601738,0,4.8
Tue Jul 21 02:43:05 UTC 2026,1784601785,0,4.34
Tue Jul 21 02:43:51 UTC 2026,1784601831,0,4.84
Tue Jul 21 02:45:07 UTC 2026,1784601907,0,4.36
Tue Jul 21 02:45:34 UTC 2026,1784601934,0,4.31
Tue Jul 21 02:46:52 UTC 2026,1784602012,0,4.69
Tue Jul 21 02:48:14 UTC 2026,1784602094,0,4.73
Tue Jul 21 02:48:28 UTC 2026,1784602108,0,4.3
Tue Jul 21 02:48:46 UTC 2026,1784602126,0,4.72
Tue Jul 21 02:48:59 UTC 2026,1784602139,0,4.18
Tue Jul 21 02:50:34 UTC 2026,1784602234,0,4.82
Tue Jul 21 02:51:52 UTC 2026,1784602312,0,4.09
Tue Jul 21 02:52:33 UTC 2026,1784602353,0,3.97
Tue Jul 21 02:53:23 UTC 2026,1784602403,0,4.86
Tue Jul 21 02:53:54 UTC 2026,1784602434,0,3.97
Tue Jul 21 02:54:13 UTC 2026,1784602453,0,4.81
Tue Jul 21 02:55:17 UTC 2026,1784602517,0,4.11
Tue Jul 21 02:56:39 UTC 2026,1784602599,0,4.84
Tue Jul 21 02:57:37 UTC 2026,1784602657,0,4.71
Tue Jul 21 02:57:56 UTC 2026,1784602676,0,4.19
Tue Jul 21 02:58:54 UTC 2026,1784602734,0,4.01
Tue Jul 21 02:59:31 UTC 2026,1784602771,0,4.66
Tue Jul 21 03:00:35 UTC 2026,1784602835,0,3.91
Tue Jul 21 03:00:39 UTC 2026,1784602839,0,4.41
Tue Jul 21 03:02:42 UTC 2026,1784602962,0,3.72
Tue Jul 21 03:02:57 UTC 2026,1784602977,0,4.54
Tue Jul 21 03:03:47 UTC 2026,1784603027,0,3.95
Tue Jul 21 03:04:14 UTC 2026,1784603054,0,4.61
Tue Jul 21 03:05:31 UTC 2026,1784603131,0,4.65
Tue Jul 21 03:05:53 UTC 2026,1784603153,0,3.99
Tue Jul 21 03:07:38 UTC 2026,1784603258,0,4.69
Tue Jul 21 03:08:11 UTC 2026,1784603291,0,3.83
Tue Jul 21 03:09:00 UTC 2026,1784603340,0,3.82
Tue Jul 21 03:09:13 UTC 2026,1784603353,0,4.78
Tue Jul 21 03:10:17 UTC 2026,1784603417,0,3.82
Tue Jul 21 03:11:17 UTC 2026,1784603477,0,4.76
Tue Jul 21 03:12:38 UTC 2026,1784603558,0,4.61
Tue Jul 21 03:12:52 UTC 2026,1784603572,0,4.13
Tue Jul 21 03:14:13 UTC 2026,1784603653,0,4.11
Tue Jul 21 03:14:50 UTC 2026,1784603690,0,4.61
Tue Jul 21 03:15:03 UTC 2026,1784603703,0,4.75
Tue Jul 21 03:15:09 UTC 2026,1784603709,0,3.98
Tue Jul 21 03:17:06 UTC 2026,1784603826,0,4.07
Tue Jul 21 03:17:42 UTC 2026,1784603862,0,4.59
Tue Jul 21 03:19:50 UTC 2026,1784603990,0,3.6
Tue Jul 21 03:20:49 UTC 2026,1784604049,0,4.77
Tue Jul 21 03:20:58 UTC 2026,1784604058,0,4.05
Tue Jul 21 03:21:52 UTC 2026,1784604112,0,4.96
Tue Jul 21 03:22:56 UTC 2026,1784604176,0,4.1
Tue Jul 21 03:23:42 UTC 2026,1784604222,0,3.86
Tue Jul 21 03:24:10 UTC 2026,1784604250,0,4.73
Tue Jul 21 03:25:21 UTC 2026,1784604321,0,4.46
Tue Jul 21 03:25:48 UTC 2026,1784604348,0,3.83
Tue Jul 21 03:27:33 UTC 2026,1784604453,0,3.97
Tue Jul 21 03:28:05 UTC 2026,1784604485,0,4.46
Tue Jul 21 03:28:33 UTC 2026,1784604513,0,4.55
Tue Jul 21 03:29:18 UTC 2026,1784604558,0,3.94
Tue Jul 21 03:30:41 UTC 2026,1784604641,0,3.89
Tue Jul 21 03:30:58 UTC 2026,1784604658,0,4.47
Tue Jul 21 03:32:02 UTC 2026,1784604722,0,3.87
Tue Jul 21 03:33:00 UTC 2026,1784604780,0,4.69
Tue Jul 21 03:33:19 UTC 2026,1784604799,0,3.78
Tue Jul 21 03:33:51 UTC 2026,1784604831,0,4.5
Tue Jul 21 03:35:31 UTC 2026,1784604931,0,4.48
Tue Jul 21 03:36:26 UTC 2026,1784604986,0,3.77
Tue Jul 21 03:37:06 UTC 2026,1784605026,0,4.39
Tue Jul 21 03:37:25 UTC 2026,1784605045,0,3.93
Tue Jul 21 03:38:15 UTC 2026,1784605095,0,3.6
Tue Jul 21 03:38:33 UTC 2026,1784605113,0,4.59
Tue Jul 21 03:39:55 UTC 2026,1784605195,0,4.21
Tue Jul 21 03:40:17 UTC 2026,1784605217,0,3.47
Tue Jul 21 03:41:58 UTC 2026,1784605318,0,3.72
Tue Jul 21 03:42:38 UTC 2026,1784605358,0,4.45
Tue Jul 21 03:43:43 UTC 2026,1784605423,0,4.35
Tue Jul 21 03:44:09 UTC 2026,1784605449,0,3.85
Tue Jul 21 03:45:00 UTC 2026,1784605500,0,4.2
Tue Jul 21 03:46:03 UTC 2026,1784605563,0,3.59
Tue Jul 21 03:47:21 UTC 2026,1784605641,0,3.74
Tue Jul 21 03:47:53 UTC 2026,1784605673,0,4.35
Tue Jul 21 03:48:29 UTC 2026,1784605709,0,3.78
Tue Jul 21 03:49:00 UTC 2026,1784605740,0,4.33
Tue Jul 21 03:49:50 UTC 2026,1784605790,0,3.88
Tue Jul 21 03:50:41 UTC 2026,1784605841,0,4.13
Tue Jul 21 03:51:35 UTC 2026,1784605895,0,3.96
Tue Jul 21 03:52:02 UTC 2026,1784605922,0,4.32
Tue Jul 21 03:53:15 UTC 2026,1784605995,0,3.75
Tue Jul 21 03:54:06 UTC 2026,1784606046,0,4.31
Tue Jul 21 03:54:47 UTC 2026,1784606087,0,4.27
Tue Jul 21 03:55:00 UTC 2026,1784606100,0,3.85
Tue Jul 21 03:57:02 UTC 2026,1784606222,0,3.78
Tue Jul 21 03:57:25 UTC 2026,1784606245,0,4.57
Tue Jul 21 03:58:02 UTC 2026,1784606282,0,4.29
Tue Jul 21 03:58:51 UTC 2026,1784606331,0,3.95
Tue Jul 21 03:59:41 UTC 2026,1784606381,0,4.33
Tue Jul 21 04:00:18 UTC 2026,1784606418,0,4.0
Tue Jul 21 04:01:31 UTC 2026,1784606491,0,4.18
Tue Jul 21 04:01:45 UTC 2026,1784606505,0,3.96
Tue Jul 21 04:03:28 UTC 2026,1784606608,0,4.25
Tue Jul 21 04:04:09 UTC 2026,1784606649,0,3.83
Tue Jul 21 04:05:22 UTC 2026,1784606722,0,3.84
Tue Jul 21 04:05:32 UTC 2026,1784606732,0,4.27
Tue Jul 21 04:06:16 UTC 2026,1784606776,0,3.74
Tue Jul 21 04:06:36 UTC 2026,1784606796,0,4.44
Tue Jul 21 04:08:05 UTC 2026,1784606885,0,3.92
Tue Jul 21 04:08:28 UTC 2026,1784606908,0,4.27
Tue Jul 21 04:09:59 UTC 2026,1784606999,0,4.2
Tue Jul 21 04:10:45 UTC 2026,1784607045,0,3.88
Tue Jul 21 04:11:07 UTC 2026,1784607067,0,4.01
Tue Jul 21 04:12:11 UTC 2026,1784607131,0,3.39
Tue Jul 21 04:12:53 UTC 2026,1784607173,0,3.65
Tue Jul 21 04:14:15 UTC 2026,1784607255,0,2.75
Tue Jul 21 04:14:28 UTC 2026,1784607268,0,2.9
Tue Jul 21 04:15:40 UTC 2026,1784607340,0,3.88
Tue Jul 21 04:16:26 UTC 2026,1784607386,0,3.42
Tue Jul 21 04:16:36 UTC 2026,1784607396,0,3.82
Tue Jul 21 04:17:44 UTC 2026,1784607464,0,3.37
Tue Jul 21 04:18:33 UTC 2026,1784607513,0,3.84
Tue Jul 21 04:19:27 UTC 2026,1784607567,0,3.41
Tue Jul 21 04:20:50 UTC 2026,1784607650,0,3.89
Tue Jul 21 04:21:21 UTC 2026,1784607681,0,3.37
Tue Jul 21 04:21:26 UTC 2026,1784607686,0,3.85
Tue Jul 21 04:22:39 UTC 2026,1784607759,0,3.31
Tue Jul 21 04:24:10 UTC 2026,1784607850,0,3.76
Tue Jul 21 04:24:28 UTC 2026,1784607868,0,4.06
Tue Jul 21 04:25:50 UTC 2026,1784607950,0,2.9
Tue Jul 21 04:26:25 UTC 2026,1784607985,0,2.29
Tue Jul 21 04:27:15 UTC 2026,1784608035,0,3.52
Tue Jul 21 04:27:43 UTC 2026,1784608063,0,2.96
Tue Jul 21 04:29:10 UTC 2026,1784608150,0,3.67
Tue Jul 21 04:29:41 UTC 2026,1784608181,0,3.43
Tue Jul 21 04:30:44 UTC 2026,1784608244,0,3.82
Tue Jul 21 04:32:07 UTC 2026,1784608327,0,4.01
Tue Jul 21 04:32:25 UTC 2026,1784608345,0,3.19
Tue Jul 21 04:33:43 UTC 2026,1784608423,0,4.08
Tue Jul 21 04:33:51 UTC 2026,1784608431,0,1.89
Tue Jul 21 04:34:28 UTC 2026,1784608468,0,3.78
Tue Jul 21 04:35:40 UTC 2026,1784608540,0,4.11
Tue Jul 21 04:36:31 UTC 2026,1784608591,0,4.08
Tue Jul 21 04:36:58 UTC 2026,1784608618,0,3.76
Tue Jul 21 04:37:53 UTC 2026,1784608673,0,3.72
Tue Jul 21 04:37:57 UTC 2026,1784608677,0,4.06
Tue Jul 21 04:39:41 UTC 2026,1784608781,0,3.54
Tue Jul 21 04:39:54 UTC 2026,1784608794,0,4.04
Tue Jul 21 04:41:03 UTC 2026,1784608863,0,3.71
Tue Jul 21 04:41:08 UTC 2026,1784608868,0,4.05
Tue Jul 21 04:43:05 UTC 2026,1784608985,0,3.98
Tue Jul 21 04:43:51 UTC 2026,1784609031,0,3.7
Tue Jul 21 04:44:10 UTC 2026,1784609050,0,3.89
Tue Jul 21 04:45:32 UTC 2026,1784609132,0,3.52
Tue Jul 21 04:46:26 UTC 2026,1784609186,0,3.56
Tue Jul 21 04:46:30 UTC 2026,1784609190,0,3.93
Tue Jul 21 04:47:53 UTC 2026,1784609273,0,3.81
Tue Jul 21 04:48:38 UTC 2026,1784609318,0,3.43
Tue Jul 21 04:49:32 UTC 2026,1784609372,0,3.53
Tue Jul 21 04:50:40 UTC 2026,1784609440,0,3.07
Tue Jul 21 04:50:44 UTC 2026,1784609444,0,3.14
Tue Jul 21 04:51:26 UTC 2026,1784609486,0,3.62
Tue Jul 21 04:52:24 UTC 2026,1784609544,0,3.31
Tue Jul 21 04:53:52 UTC 2026,1784609632,0,3.66
Tue Jul 21 04:54:32 UTC 2026,1784609672,0,3.34
Tue Jul 21 04:55:04 UTC 2026,1784609704,0,3.86
Tue Jul 21 04:56:26 UTC 2026,1784609786,0,3.79
Tue Jul 21 04:57:11 UTC 2026,1784609831,0,3.33
Tue Jul 21 04:57:25 UTC 2026,1784609845,0,3.41
Tue Jul 21 04:58:56 UTC 2026,1784609936,0,1.9
Tue Jul 21 04:59:18 UTC 2026,1784609958,0,1.32
Tue Jul 21 05:00:31 UTC 2026,1784610031,0,-2.0
Tue Jul 21 05:01:03 UTC 2026,1784610063,0,-4.11
Tue Jul 21 05:02:12 UTC 2026,1784610132,0,0.55
Tue Jul 21 05:02:16 UTC 2026,1784610136,0,1.0
Tue Jul 21 05:03:52 UTC 2026,1784610232,0,2.43
Tue Jul 21 05:04:00 UTC 2026,1784610240,0,1.91
Tue Jul 21 05:05:13 UTC 2026,1784610313,0,2.85
Tue Jul 21 05:05:35 UTC 2026,1784610335,0,2.6
Tue Jul 21 05:07:01 UTC 2026,1784610421,0,3.4
Tue Jul 21 05:07:57 UTC 2026,1784610477,0,3.83
Tue Jul 21 05:08:02 UTC 2026,1784610482,0,3.03
Tue Jul 21 05:09:32 UTC 2026,1784610572,0,3.69
Tue Jul 21 05:09:55 UTC 2026,1784610595,0,3.38
Tue Jul 21 05:11:31 UTC 2026,1784610691,0,3.82
Tue Jul 21 05:12:03 UTC 2026,1784610723,0,3.03
Tue Jul 21 05:12:12 UTC 2026,1784610732,0,3.37
Tue Jul 21 05:13:20 UTC 2026,1784610800,0,2.69
Tue Jul 21 05:14:01 UTC 2026,1784610841,0,2.62
Tue Jul 21 05:14:51 UTC 2026,1784610891,0,3.3
Tue Jul 21 05:16:16 UTC 2026,1784610976,0,3.12
Tue Jul 21 05:16:39 UTC 2026,1784610999,0,2.56
Tue Jul 21 05:18:10 UTC 2026,1784611090,0,3.28
Tue Jul 21 05:19:00 UTC 2026,1784611140,0,3.27
Tue Jul 21 05:19:05 UTC 2026,1784611145,0,2.77
Tue Jul 21 05:21:34 UTC 2026,1784611294,0,3.43
Tue Jul 21 05:22:02 UTC 2026,1784611322,0,2.63
Tue Jul 21 05:22:20 UTC 2026,1784611340,0,2.96
Tue Jul 21 05:23:41 UTC 2026,1784611421,0,-3.54
Tue Jul 21 05:23:47 UTC 2026,1784611427,0,-2.86
Tue Jul 21 05:24:58 UTC 2026,1784611498,0,-12.28
Tue Jul 21 05:25:22 UTC 2026,1784611522,0,-9.94
Tue Jul 21 05:26:16 UTC 2026,1784611576,0,-12.94
Tue Jul 21 05:27:16 UTC 2026,1784611636,0,-11.28
Tue Jul 21 05:27:47 UTC 2026,1784611667,0,-17.06
Tue Jul 21 05:29:04 UTC 2026,1784611744,0,-16.45
Tue Jul 21 05:30:13 UTC 2026,1784611813,0,-8.19
Tue Jul 21 05:30:21 UTC 2026,1784611821,0,-8.05
Tue Jul 21 05:31:02 UTC 2026,1784611862,0,-2.82
Tue Jul 21 05:32:00 UTC 2026,1784611920,0,-4.45
Tue Jul 21 05:33:27 UTC 2026,1784612007,0,-0.68
Tue Jul 21 05:33:50 UTC 2026,1784612030,0,-0.62
Tue Jul 21 05:34:35 UTC 2026,1784612075,0,0.84
Tue Jul 21 05:35:16 UTC 2026,1784612116,0,0.33
Tue Jul 21 05:36:29 UTC 2026,1784612189,0,2.7
Tue Jul 21 05:37:10 UTC 2026,1784612230,0,1.4
Tue Jul 21 05:38:31 UTC 2026,1784612311,0,2.76
Tue Jul 21 05:38:36 UTC 2026,1784612316,0,2.4
Tue Jul 21 05:40:02 UTC 2026,1784612402,0,3.61
Tue Jul 21 05:41:29 UTC 2026,1784612489,0,3.18
Tue Jul 21 05:41:33 UTC 2026,1784612493,0,3.81
Tue Jul 21 05:42:10 UTC 2026,1784612530,0,3.32
Tue Jul 21 05:42:14 UTC 2026,1784612534,0,4.03
Tue Jul 21 05:43:31 UTC 2026,1784612611,0,3.92
Tue Jul 21 05:44:26 UTC 2026,1784612666,0,3.48
Tue Jul 21 05:45:30 UTC 2026,1784612730,0,3.67
Tue Jul 21 05:45:56 UTC 2026,1784612756,0,4.04
Tue Jul 21 05:47:14 UTC 2026,1784612834,0,4.01
Tue Jul 21 05:47:59 UTC 2026,1784612879,0,3.57
Tue Jul 21 05:49:21 UTC 2026,1784612961,0,4.1
Tue Jul 21 05:49:49 UTC 2026,1784612989,0,3.56
Tue Jul 21 05:50:21 UTC 2026,1784613021,0,3.54
Tue Jul 21 05:51:11 UTC 2026,1784613071,0,4.16
Tue Jul 21 05:52:55 UTC 2026,1784613175,0,3.69
Tue Jul 21 05:53:09 UTC 2026,1784613189,0,4.19
Tue Jul 21 05:53:42 UTC 2026,1784613222,0,4.22
Tue Jul 21 05:54:17 UTC 2026,1784613257,0,3.64
Tue Jul 21 05:56:01 UTC 2026,1784613361,0,3.62
Tue Jul 21 05:56:33 UTC 2026,1784613393,0,4.16
Tue Jul 21 05:56:52 UTC 2026,1784613412,0,4.27
Tue Jul 21 05:57:56 UTC 2026,1784613476,0,3.8
Tue Jul 21 05:58:50 UTC 2026,1784613530,0,3.85
Tue Jul 21 05:59:13 UTC 2026,1784613553,0,4.23
Tue Jul 21 06:00:16 UTC 2026,1784613616,0,4.25
Tue Jul 21 06:00:57 UTC 2026,1784613657,0,3.69
Tue Jul 21 06:01:56 UTC 2026,1784613716,0,3.8
Tue Jul 21 06:03:09 UTC 2026,1784613789,0,4.29
Tue Jul 21 06:03:50 UTC 2026,1784613830,0,4.31
Tue Jul 21 06:04:21 UTC 2026,1784613861,0,3.61
Tue Jul 21 06:05:07 UTC 2026,1784613907,0,4.57
Tue Jul 21 06:05:21 UTC 2026,1784613921,0,3.77
Tue Jul 21 06:08:04 UTC 2026,1784614084,0,3.84
Tue Jul 21 06:08:08 UTC 2026,1784614088,0,4.32
Tue Jul 21 06:08:32 UTC 2026,1784614112,0,4.3
Tue Jul 21 06:09:13 UTC 2026,1784614153,0,3.83
Tue Jul 21 06:10:15 UTC 2026,1784614215,0,4.34
Tue Jul 21 06:10:29 UTC 2026,1784614229,0,3.9
Tue Jul 21 06:11:47 UTC 2026,1784614307,0,3.93
Tue Jul 21 06:13:00 UTC 2026,1784614380,0,4.57
Tue Jul 21 06:13:55 UTC 2026,1784614435,0,4.31
Tue Jul 21 06:14:17 UTC 2026,1784614457,0,3.94
Tue Jul 21 06:15:57 UTC 2026,1784614557,0,4.4
Tue Jul 21 06:16:06 UTC 2026,1784614566,0,3.97
Tue Jul 21 06:16:52 UTC 2026,1784614612,0,3.88
Tue Jul 21 06:17:37 UTC 2026,1784614657,0,4.36
Tue Jul 21 06:18:35 UTC 2026,1784614715,0,3.94
Tue Jul 21 06:19:39 UTC 2026,1784614779,0,4.44
Tue Jul 21 06:20:16 UTC 2026,1784614816,0,3.92
Tue Jul 21 06:21:02 UTC 2026,1784614862,0,4.31
Tue Jul 21 06:21:30 UTC 2026,1784614890,0,3.79
Tue Jul 21 06:22:10 UTC 2026,1784614930,0,4.44
Tue Jul 21 06:23:40 UTC 2026,1784615020,0,3.91
Tue Jul 21 06:24:26 UTC 2026,1784615066,0,4.48
Tue Jul 21 06:24:53 UTC 2026,1784615093,0,3.87
Tue Jul 21 06:25:20 UTC 2026,1784615120,0,4.37
Tue Jul 21 06:27:01 UTC 2026,1784615221,0,4.31
Tue Jul 21 06:27:41 UTC 2026,1784615261,0,3.82
Tue Jul 21 06:29:18 UTC 2026,1784615358,0,4.37
Tue Jul 21 06:29:31 UTC 2026,1784615371,0,3.83
Tue Jul 21 06:29:58 UTC 2026,1784615398,0,3.87
Tue Jul 21 06:30:25 UTC 2026,1784615425,0,4.58
Tue Jul 21 06:32:43 UTC 2026,1784615563,0,4.41
Tue Jul 21 06:32:52 UTC 2026,1784615572,0,4.01
Tue Jul 21 06:34:00 UTC 2026,1784615640,0,3.96
Tue Jul 21 06:34:08 UTC 2026,1784615648,0,4.41
Tue Jul 21 06:35:40 UTC 2026,1784615740,0,4.02
Tue Jul 21 06:36:02 UTC 2026,1784615762,0,4.37
Tue Jul 21 06:37:42 UTC 2026,1784615862,0,4.48
Tue Jul 21 06:37:51 UTC 2026,1784615871,0,3.99
Tue Jul 21 06:38:14 UTC 2026,1784615894,0,3.86
Tue Jul 21 06:39:04 UTC 2026,1784615944,0,4.49
Tue Jul 21 06:40:12 UTC 2026,1784616012,0,3.99
Tue Jul 21 06:40:26 UTC 2026,1784616026,0,4.26
Tue Jul 21 06:42:06 UTC 2026,1784616126,0,4.33
Tue Jul 21 06:42:10 UTC 2026,1784616130,0,3.9
Tue Jul 21 06:43:10 UTC 2026,1784616190,0,4.33
Tue Jul 21 06:43:47 UTC 2026,1784616227,0,4.01
Tue Jul 21 06:45:49 UTC 2026,1784616349,0,3.93
Tue Jul 21 06:46:11 UTC 2026,1784616371,0,4.32
Tue Jul 21 06:47:34 UTC 2026,1784616454,0,3.95
Tue Jul 21 06:48:28 UTC 2026,1784616508,0,4.32
Tue Jul 21 06:49:27 UTC 2026,1784616567,0,4.0
Tue Jul 21 06:49:53 UTC 2026,1784616593,0,4.39
Tue Jul 21 06:50:30 UTC 2026,1784616630,0,3.95
Tue Jul 21 06:51:30 UTC 2026,1784616690,0,4.34
Tue Jul 21 06:52:11 UTC 2026,1784616731,0,4.01
Tue Jul 21 06:53:14 UTC 2026,1784616794,0,4.35
Tue Jul 21 06:53:42 UTC 2026,1784616822,0,3.99
Tue Jul 21 06:54:49 UTC 2026,1784616889,0,4.3
Tue Jul 21 06:55:30 UTC 2026,1784616930,0,4.0
Tue Jul 21 06:56:52 UTC 2026,1784617012,0,4.29
Tue Jul 21 06:57:24 UTC 2026,1784617044,0,3.99
Tue Jul 21 06:58:05 UTC 2026,1784617085,0,4.35
Tue Jul 21 06:58:23 UTC 2026,1784617103,0,4.0
Tue Jul 21 07:00:27 UTC 2026,1784617227,0,3.96
Tue Jul 21 07:01:02 UTC 2026,1784617262,0,4.33
Tue Jul 21 07:01:25 UTC 2026,1784617285,0,3.83
Tue Jul 21 07:02:34 UTC 2026,1784617354,0,4.33
Tue Jul 21 07:03:28 UTC 2026,1784617408,0,3.97
Tue Jul 21 07:04:13 UTC 2026,1784617453,0,4.29
Tue Jul 21 07:04:58 UTC 2026,1784617498,0,4.48
Tue Jul 21 07:05:12 UTC 2026,1784617512,0,3.93
Tue Jul 21 07:06:44 UTC 2026,1784617604,0,3.92
Tue Jul 21 07:07:34 UTC 2026,1784617654,0,4.48
Tue Jul 21 07:08:00 UTC 2026,1784617680,0,4.35
Tue Jul 21 07:09:04 UTC 2026,1784617744,0,3.98
Tue Jul 21 07:09:27 UTC 2026,1784617767,0,4.37
Tue Jul 21 07:10:18 UTC 2026,1784617818,0,3.97
Tue Jul 21 07:11:25 UTC 2026,1784617885,0,4.05
Tue Jul 21 07:11:43 UTC 2026,1784617903,0,4.33
Tue Jul 21 07:13:27 UTC 2026,1784618007,0,4.39
Tue Jul 21 07:14:04 UTC 2026,1784618044,0,4.01
Tue Jul 21 07:15:18 UTC 2026,1784618118,0,4.32
Tue Jul 21 07:15:49 UTC 2026,1784618149,0,3.97
Tue Jul 21 07:16:53 UTC 2026,1784618213,0,4.28
Tue Jul 21 07:17:11 UTC 2026,1784618231,0,4.01
Tue Jul 21 07:18:20 UTC 2026,1784618300,0,3.98
Tue Jul 21 07:18:24 UTC 2026,1784618304,0,4.31
Tue Jul 21 07:19:45 UTC 2026,1784618385,0,4.27
Tue Jul 21 07:20:40 UTC 2026,1784618440,0,4.0
Tue Jul 21 07:21:11 UTC 2026,1784618471,0,4.3
Tue Jul 21 07:22:20 UTC 2026,1784618540,0,4.0
Tue Jul 21 07:23:10 UTC 2026,1784618590,0,4.37
Tue Jul 21 07:23:42 UTC 2026,1784618622,0,3.93
Tue Jul 21 07:24:36 UTC 2026,1784618676,0,4.26
Tue Jul 21 07:25:13 UTC 2026,1784618713,0,3.94
Tue Jul 21 07:27:15 UTC 2026,1784618835,0,4.32
Tue Jul 21 07:27:20 UTC 2026,1784618840,0,4.04
Tue Jul 21 07:27:35 UTC 2026,1784618855,0,4.34
Tue Jul 21 07:27:56 UTC 2026,1784618876,0,3.99
Tue Jul 21 07:29:18 UTC 2026,1784618958,0,4.31
Tue Jul 21 07:29:50 UTC 2026,1784618990,0,3.9
Tue Jul 21 07:30:45 UTC 2026,1784619045,0,4.03
Tue Jul 21 07:30:50 UTC 2026,1784619050,0,4.38
Tue Jul 21 07:33:29 UTC 2026,1784619209,0,3.88
Tue Jul 21 07:33:52 UTC 2026,1784619232,0,4.35
Tue Jul 21 07:35:28 UTC 2026,1784619328,0,3.98
Tue Jul 21 07:35:41 UTC 2026,1784619341,0,4.46
Tue Jul 21 07:36:03 UTC 2026,1784619363,0,3.95
Tue Jul 21 07:36:26 UTC 2026,1784619386,0,4.37
Tue Jul 21 07:37:39 UTC 2026,1784619459,0,4.0
Tue Jul 21 07:37:57 UTC 2026,1784619477,0,4.38
Tue Jul 21 07:39:19 UTC 2026,1784619559,0,4.34
Tue Jul 21 07:40:09 UTC 2026,1784619609,0,4.03
Tue Jul 21 07:41:18 UTC 2026,1784619678,0,4.26
Tue Jul 21 07:41:50 UTC 2026,1784619710,0,4.0
Tue Jul 21 07:43:35 UTC 2026,1784619815,0,4.03
Tue Jul 21 07:43:39 UTC 2026,1784619819,0,4.3
Tue Jul 21 07:45:10 UTC 2026,1784619910,0,4.36
Tue Jul 21 07:45:19 UTC 2026,1784619919,0,4.03
Tue Jul 21 07:46:23 UTC 2026,1784619983,0,3.98
Tue Jul 21 07:47:12 UTC 2026,1784620032,0,4.42
Tue Jul 21 07:47:25 UTC 2026,1784620045,0,4.3
Tue Jul 21 07:48:33 UTC 2026,1784620113,0,3.94
Tue Jul 21 07:49:01 UTC 2026,1784620141,0,3.91
Tue Jul 21 07:49:11 UTC 2026,1784620151,0,4.29
Tue Jul 21 07:50:50 UTC 2026,1784620250,0,3.94
Tue Jul 21 07:51:58 UTC 2026,1784620318,0,4.27
Tue Jul 21 07:52:25 UTC 2026,1784620345,0,4.28
Tue Jul 21 07:52:44 UTC 2026,1784620364,0,3.92
Tue Jul 21 07:54:32 UTC 2026,1784620472,0,3.86
Tue Jul 21 07:55:09 UTC 2026,1784620509,0,4.28
Tue Jul 21 07:56:17 UTC 2026,1784620577,0,4.29
Tue Jul 21 07:56:54 UTC 2026,1784620614,0,3.9
Tue Jul 21 07:58:16 UTC 2026,1784620696,0,4.28
Tue Jul 21 07:58:42 UTC 2026,1784620722,0,3.96
Tue Jul 21 07:59:37 UTC 2026,1784620777,0,3.98
Tue Jul 21 07:59:51 UTC 2026,1784620791,0,4.44
Tue Jul 21 08:00:46 UTC 2026,1784620846,0,4.22
Tue Jul 21 08:00:54 UTC 2026,1784620854,0,3.88
Tue Jul 21 08:02:43 UTC 2026,1784620963,0,4.24
Tue Jul 21 08:03:33 UTC 2026,1784621013,0,3.88
Tue Jul 21 08:04:19 UTC 2026,1784621059,0,3.74
Tue Jul 21 08:05:00 UTC 2026,1784621100,0,4.27
Tue Jul 21 08:05:59 UTC 2026,1784621159,0,3.66
Tue Jul 21 08:06:40 UTC 2026,1784621200,0,4.23
Tue Jul 21 08:07:12 UTC 2026,1784621232,0,3.86
Tue Jul 21 08:07:34 UTC 2026,1784621254,0,4.23
Tue Jul 21 08:09:14 UTC 2026,1784621354,0,3.81
Tue Jul 21 08:09:28 UTC 2026,1784621368,0,4.29
Tue Jul 21 08:11:16 UTC 2026,1784621476,0,3.86
Tue Jul 21 08:11:26 UTC 2026,1784621486,0,4.23
Tue Jul 21 08:12:08 UTC 2026,1784621528,0,4.21
Tue Jul 21 08:13:15 UTC 2026,1784621595,0,3.9
Tue Jul 21 08:14:32 UTC 2026,1784621672,0,3.81
Tue Jul 21 08:14:51 UTC 2026,1784621691,0,4.18
Tue Jul 21 08:15:26 UTC 2026,1784621726,0,4.22
Tue Jul 21 08:15:36 UTC 2026,1784621736,0,3.87
Tue Jul 21 08:17:30 UTC 2026,1784621850,0,3.79
Tue Jul 21 08:17:57 UTC 2026,1784621877,0,4.2
Tue Jul 21 08:18:42 UTC 2026,1784621922,0,3.81
Tue Jul 21 08:20:14 UTC 2026,1784622014,0,4.19
Tue Jul 21 08:20:59 UTC 2026,1784622059,0,3.75
Tue Jul 21 08:21:40 UTC 2026,1784622100,0,4.11
Tue Jul 21 08:22:52 UTC 2026,1784622172,0,3.69
Tue Jul 21 08:23:20 UTC 2026,1784622200,0,4.11
Tue Jul 21 08:23:47 UTC 2026,1784622227,0,4.05
Tue Jul 21 08:25:05 UTC 2026,1784622305,0,3.74
Tue Jul 21 08:25:46 UTC 2026,1784622346,0,3.59
Tue Jul 21 08:26:30 UTC 2026,1784622390,0,4.17
Tue Jul 21 08:26:54 UTC 2026,1784622414,0,3.67
Tue Jul 21 08:28:16 UTC 2026,1784622496,0,4.16
Tue Jul 21 08:29:10 UTC 2026,1784622550,0,3.51
Tue Jul 21 08:30:04 UTC 2026,1784622604,0,4.11
Tue Jul 21 08:31:22 UTC 2026,1784622682,0,3.74
Tue Jul 21 08:31:41 UTC 2026,1784622701,0,4.05
Tue Jul 21 08:31:58 UTC 2026,1784622718,0,4.07
Tue Jul 21 08:32:58 UTC 2026,1784622778,0,3.67
Tue Jul 21 08:33:33 UTC 2026,1784622813,0,3.69
Tue Jul 21 08:34:47 UTC 2026,1784622887,0,4.07
Tue Jul 21 08:35:14 UTC 2026,1784622914,0,3.67
Tue Jul 21 08:36:18 UTC 2026,1784622978,0,4.04
Tue Jul 21 08:37:02 UTC 2026,1784623022,0,3.66
Tue Jul 21 08:37:53 UTC 2026,1784623073,0,3.98
Tue Jul 21 08:38:52 UTC 2026,1784623132,0,3.52
Tue Jul 21 08:39:38 UTC 2026,1784623178,0,4.08
Tue Jul 21 08:40:23 UTC 2026,1784623223,0,3.96
Tue Jul 21 08:40:32 UTC 2026,1784623232,0,3.61
Tue Jul 21 08:41:49 UTC 2026,1784623309,0,4.03
Tue Jul 21 08:42:03 UTC 2026,1784623323,0,3.45
Tue Jul 21 08:43:57 UTC 2026,1784623437,0,3.86
Tue Jul 21 08:44:07 UTC 2026,1784623447,0,3.65
Tue Jul 21 08:45:28 UTC 2026,1784623528,0,3.89
Tue Jul 21 08:45:42 UTC 2026,1784623542,0,3.54
Tue Jul 21 08:47:03 UTC 2026,1784623623,0,3.6
Tue Jul 21 08:47:22 UTC 2026,1784623642,0,3.97
Tue Jul 21 08:48:25 UTC 2026,1784623705,0,3.85
Tue Jul 21 08:49:15 UTC 2026,1784623755,0,3.63
Tue Jul 21 08:50:42 UTC 2026,1784623842,0,3.94
Tue Jul 21 08:51:26 UTC 2026,1784623886,0,3.52
Tue Jul 21 08:52:12 UTC 2026,1784623932,0,3.9
Tue Jul 21 08:53:11 UTC 2026,1784623991,0,3.55
Tue Jul 21 08:53:21 UTC 2026,1784624001,0,3.47
Tue Jul 21 08:53:25 UTC 2026,1784624005,0,3.95
Tue Jul 21 08:55:41 UTC 2026,1784624141,0,3.86
Tue Jul 21 08:55:55 UTC 2026,1784624155,0,3.48
Tue Jul 21 08:57:39 UTC 2026,1784624259,0,3.88
Tue Jul 21 08:57:52 UTC 2026,1784624272,0,3.49
Tue Jul 21 08:58:15 UTC 2026,1784624295,0,3.4
Tue Jul 21 08:59:01 UTC 2026,1784624341,0,3.83
Tue Jul 21 09:01:04 UTC 2026,1784624464,0,3.44
Tue Jul 21 09:02:02 UTC 2026,1784624522,0,3.47
Tue Jul 21 09:02:54 UTC 2026,1784624574,0,3.9
Tue Jul 21 09:03:35 UTC 2026,1784624615,0,3.41
Tue Jul 21 09:03:39 UTC 2026,1784624619,0,3.85
Tue Jul 21 09:04:50 UTC 2026,1784624690,0,3.8
Tue Jul 21 09:05:10 UTC 2026,1784624710,0,3.38
Tue Jul 21 09:07:35 UTC 2026,1784624855,0,3.76
Tue Jul 21 09:08:02 UTC 2026,1784624882,0,3.3
Tue Jul 21 09:08:06 UTC 2026,1784624886,0,3.43
Tue Jul 21 09:08:47 UTC 2026,1784624927,0,3.88
Tue Jul 21 09:10:51 UTC 2026,1784625051,0,3.38
Tue Jul 21 09:11:00 UTC 2026,1784625060,0,3.75
Tue Jul 21 09:12:08 UTC 2026,1784625128,0,3.82
Tue Jul 21 09:12:21 UTC 2026,1784625141,0,3.51
Tue Jul 21 09:13:20 UTC 2026,1784625200,0,3.46
Tue Jul 21 09:13:34 UTC 2026,1784625214,0,3.71
Tue Jul 21 09:14:56 UTC 2026,1784625296,0,3.78
Tue Jul 21 09:16:18 UTC 2026,1784625378,0,3.41
Tue Jul 21 09:16:45 UTC 2026,1784625405,0,3.39
Tue Jul 21 09:17:26 UTC 2026,1784625446,0,3.74
Tue Jul 21 09:19:06 UTC 2026,1784625546,0,3.73
Tue Jul 21 09:19:24 UTC 2026,1784625564,0,3.37
Tue Jul 21 09:19:42 UTC 2026,1784625582,0,3.45
Tue Jul 21 09:21:04 UTC 2026,1784625664,0,3.77
Tue Jul 21 09:22:12 UTC 2026,1784625732,0,3.44
Tue Jul 21 09:22:31 UTC 2026,1784625751,0,3.69
Tue Jul 21 09:23:11 UTC 2026,1784625791,0,3.75
Tue Jul 21 09:24:19 UTC 2026,1784625859,0,3.41
Tue Jul 21 09:25:46 UTC 2026,1784625946,0,3.67
Tue Jul 21 09:26:09 UTC 2026,1784625969,0,3.33
Tue Jul 21 09:26:54 UTC 2026,1784626014,0,3.63
Tue Jul 21 09:27:44 UTC 2026,1784626064,0,3.31
Tue Jul 21 09:28:21 UTC 2026,1784626101,0,3.64
Tue Jul 21 09:29:06 UTC 2026,1784626146,0,3.31
Tue Jul 21 09:30:33 UTC 2026,1784626233,0,3.42
Tue Jul 21 09:30:47 UTC 2026,1784626247,0,3.59
Tue Jul 21 09:32:18 UTC 2026,1784626338,0,3.63
Tue Jul 21 09:32:49 UTC 2026,1784626369,0,3.4
Tue Jul 21 09:34:02 UTC 2026,1784626442,0,3.29
Tue Jul 21 09:34:25 UTC 2026,1784626465,0,3.61
Tue Jul 21 09:34:34 UTC 2026,1784626474,0,3.28
Tue Jul 21 09:34:39 UTC 2026,1784626479,0,3.7
Tue Jul 21 09:37:13 UTC 2026,1784626633,0,3.57
Tue Jul 21 09:37:31 UTC 2026,1784626651,0,3.36
Tue Jul 21 09:38:16 UTC 2026,1784626696,0,3.57
Tue Jul 21 09:39:16 UTC 2026,1784626756,0,3.34
Tue Jul 21 09:39:34 UTC 2026,1784626774,0,3.59
Tue Jul 21 09:39:52 UTC 2026,1784626792,0,3.33
Tue Jul 21 09:41:24 UTC 2026,1784626884,0,3.61
Tue Jul 21 09:41:51 UTC 2026,1784626911,0,3.38
Tue Jul 21 09:43:53 UTC 2026,1784627033,0,3.51
Tue Jul 21 09:44:15 UTC 2026,1784627055,0,3.25
Tue Jul 21 09:44:24 UTC 2026,1784627064,0,3.53
Tue Jul 21 09:46:01 UTC 2026,1784627161,0,3.22
Tue Jul 21 09:46:32 UTC 2026,1784627192,0,3.34
Tue Jul 21 09:47:16 UTC 2026,1784627236,0,3.55
Tue Jul 21 09:49:03 UTC 2026,1784627343,0,3.26
Tue Jul 21 09:49:07 UTC 2026,1784627347,0,3.48
Tue Jul 21 09:50:01 UTC 2026,1784627401,0,3.52
Tue Jul 21 09:50:52 UTC 2026,1784627452,0,3.3
Tue Jul 21 09:52:13 UTC 2026,1784627533,0,3.53
Tue Jul 21 09:52:22 UTC 2026,1784627542,0,3.23
Tue Jul 21 09:52:45 UTC 2026,1784627565,0,3.17
Tue Jul 21 09:53:04 UTC 2026,1784627584,0,3.48
Tue Jul 21 09:54:47 UTC 2026,1784627687,0,3.54
Tue Jul 21 09:55:02 UTC 2026,1784627702,0,3.25
Tue Jul 21 09:56:13 UTC 2026,1784627773,0,3.47
Tue Jul 21 09:56:59 UTC 2026,1784627819,0,3.23
Tue Jul 21 09:58:25 UTC 2026,1784627905,0,3.49
Tue Jul 21 09:58:48 UTC 2026,1784627928,0,3.18
Tue Jul 21 09:59:47 UTC 2026,1784627987,0,3.26
Tue Jul 21 10:00:47 UTC 2026,1784628047,0,3.54
Tue Jul 21 10:01:13 UTC 2026,1784628073,0,3.57
Tue Jul 21 10:01:27 UTC 2026,1784628087,0,3.24
Tue Jul 21 10:02:45 UTC 2026,1784628165,0,3.48
Tue Jul 21 10:03:16 UTC 2026,1784628196,0,3.29
Tue Jul 21 10:04:39 UTC 2026,1784628279,0,3.55
Tue Jul 21 10:04:53 UTC 2026,1784628293,0,2.95
Tue Jul 21 10:07:13 UTC 2026,1784628433,0,3.62
Tue Jul 21 10:07:26 UTC 2026,1784628446,0,3.33
Tue Jul 21 10:08:48 UTC 2026,1784628528,0,3.68
Tue Jul 21 10:09:25 UTC 2026,1784628565,0,3.38
Tue Jul 21 10:09:43 UTC 2026,1784628583,0,3.6
Tue Jul 21 10:11:01 UTC 2026,1784628661,0,3.34
Tue Jul 21 10:11:55 UTC 2026,1784628715,0,3.58
Tue Jul 21 10:12:32 UTC 2026,1784628752,0,3.32
Tue Jul 21 10:13:03 UTC 2026,1784628783,0,3.63
Tue Jul 21 10:14:24 UTC 2026,1784628864,0,3.32
Tue Jul 21 10:15:19 UTC 2026,1784628919,0,3.72
Tue Jul 21 10:16:01 UTC 2026,1784628961,0,3.33
Tue Jul 21 10:16:23 UTC 2026,1784628983,0,3.66
Tue Jul 21 10:17:53 UTC 2026,1784629073,0,3.27
Tue Jul 21 10:18:26 UTC 2026,1784629106,0,3.58
Tue Jul 21 10:19:11 UTC 2026,1784629151,0,3.5
Tue Jul 21 10:19:43 UTC 2026,1784629183,0,3.26
Tue Jul 21 10:21:14 UTC 2026,1784629274,0,3.18
Tue Jul 21 10:21:42 UTC 2026,1784629302,0,3.53
Tue Jul 21 10:23:30 UTC 2026,1784629410,0,3.59
Tue Jul 21 10:23:36 UTC 2026,1784629416,0,3.24
Tue Jul 21 10:25:11 UTC 2026,1784629511,0,3.05
Tue Jul 21 10:25:32 UTC 2026,1784629532,0,3.59
Tue Jul 21 10:25:51 UTC 2026,1784629551,0,2.85
Tue Jul 21 10:26:49 UTC 2026,1784629609,0,3.75
Tue Jul 21 10:27:46 UTC 2026,1784629666,0,3.12
Tue Jul 21 10:28:26 UTC 2026,1784629706,0,3.52
Tue Jul 21 10:29:20 UTC 2026,1784629760,0,3.58
Tue Jul 21 10:29:34 UTC 2026,1784629774,0,3.07
Tue Jul 21 10:30:42 UTC 2026,1784629842,0,3.56
Tue Jul 21 10:32:09 UTC 2026,1784629929,0,3.11
Tue Jul 21 10:32:17 UTC 2026,1784629937,0,3.19
Tue Jul 21 10:33:44 UTC 2026,1784630024,0,3.63
Tue Jul 21 10:34:15 UTC 2026,1784630055,0,3.1
Tue Jul 21 10:34:33 UTC 2026,1784630073,0,3.61
Tue Jul 21 10:35:42 UTC 2026,1784630142,0,3.5
Tue Jul 21 10:35:46 UTC 2026,1784630146,0,3.19
Tue Jul 21 10:38:12 UTC 2026,1784630292,0,3.49
Tue Jul 21 10:38:34 UTC 2026,1784630314,0,3.23
Tue Jul 21 10:39:52 UTC 2026,1784630392,0,3.55
Tue Jul 21 10:40:05 UTC 2026,1784630405,0,3.24
Tue Jul 21 10:40:50 UTC 2026,1784630450,0,3.52
Tue Jul 21 10:41:50 UTC 2026,1784630510,0,3.25
Tue Jul 21 10:43:17 UTC 2026,1784630597,0,3.59
Tue Jul 21 10:43:21 UTC 2026,1784630601,0,3.3
Tue Jul 21 10:43:49 UTC 2026,1784630629,0,3.25
Tue Jul 21 10:44:29 UTC 2026,1784630669,0,3.65
Tue Jul 21 10:46:00 UTC 2026,1784630760,0,3.26
Tue Jul 21 10:46:46 UTC 2026,1784630806,0,3.54
Tue Jul 21 10:47:55 UTC 2026,1784630875,0,3.33
Tue Jul 21 10:49:10 UTC 2026,1784630950,0,3.37
Tue Jul 21 10:50:10 UTC 2026,1784631010,0,3.67
Tue Jul 21 10:51:01 UTC 2026,1784631061,0,3.62
Tue Jul 21 10:51:14 UTC 2026,1784631074,0,3.31
Tue Jul 21 10:52:54 UTC 2026,1784631174,0,3.64
Tue Jul 21 10:53:03 UTC 2026,1784631183,0,3.41
Tue Jul 21 10:53:57 UTC 2026,1784631237,0,3.34
Tue Jul 21 10:55:15 UTC 2026,1784631315,0,3.62
Tue Jul 21 10:56:32 UTC 2026,1784631392,0,3.44
Tue Jul 21 10:56:41 UTC 2026,1784631401,0,3.64
Tue Jul 21 10:57:00 UTC 2026,1784631420,0,3.44
Tue Jul 21 10:58:26 UTC 2026,1784631506,0,3.61
Tue Jul 21 10:59:16 UTC 2026,1784631556,0,3.44
Tue Jul 21 10:59:34 UTC 2026,1784631574,0,3.61
Tue Jul 21 11:00:24 UTC 2026,1784631624,0,3.65
Tue Jul 21 11:01:05 UTC 2026,1784631665,0,3.47
Tue Jul 21 11:02:22 UTC 2026,1784631742,0,3.46
Tue Jul 21 11:03:26 UTC 2026,1784631806,0,3.62
Tue Jul 21 11:04:20 UTC 2026,1784631860,0,3.37
Tue Jul 21 11:04:34 UTC 2026,1784631874,0,3.64
Tue Jul 21 11:05:20 UTC 2026,1784631920,0,3.43
Tue Jul 21 11:05:46 UTC 2026,1784631946,0,3.65
Tue Jul 21 11:07:13 UTC 2026,1784632033,0,3.67
Tue Jul 21 11:07:45 UTC 2026,1784632065,0,3.5
Tue Jul 21 11:09:11 UTC 2026,1784632151,0,3.51
Tue Jul 21 11:09:52 UTC 2026,1784632192,0,3.69
Tue Jul 21 11:10:29 UTC 2026,1784632229,0,3.47
Tue Jul 21 11:11:01 UTC 2026,1784632261,0,3.74
Tue Jul 21 11:12:08 UTC 2026,1784632328,0,3.54
Tue Jul 21 11:13:03 UTC 2026,1784632383,0,3.69
Tue Jul 21 11:13:40 UTC 2026,1784632420,0,3.68
Tue Jul 21 11:14:07 UTC 2026,1784632447,0,3.53
Tue Jul 21 11:15:10 UTC 2026,1784632510,0,3.56
Tue Jul 21 11:15:23 UTC 2026,1784632523,0,3.69
Tue Jul 21 11:17:09 UTC 2026,1784632629,0,3.61
Tue Jul 21 11:17:45 UTC 2026,1784632665,0,3.7
Tue Jul 21 11:19:43 UTC 2026,1784632783,0,3.71
Tue Jul 21 11:19:47 UTC 2026,1784632787,0,3.6
Tue Jul 21 11:20:34 UTC 2026,1784632834,0,3.72
Tue Jul 21 11:21:00 UTC 2026,1784632860,0,3.57
Tue Jul 21 11:22:09 UTC 2026,1784632929,0,3.72
Tue Jul 21 11:22:55 UTC 2026,1784632975,0,3.58
Tue Jul 21 11:24:25 UTC 2026,1784633065,0,3.62
Tue Jul 21 11:25:01 UTC 2026,1784633101,0,3.76
Tue Jul 21 11:25:16 UTC 2026,1784633116,0,3.64
Tue Jul 21 11:25:30 UTC 2026,1784633130,0,3.75
Tue Jul 21 11:26:51 UTC 2026,1784633211,0,3.64
Tue Jul 21 11:27:09 UTC 2026,1784633229,0,3.74
Tue Jul 21 11:28:40 UTC 2026,1784633320,0,3.61
Tue Jul 21 11:29:26 UTC 2026,1784633366,0,3.79
Tue Jul 21 11:30:25 UTC 2026,1784633425,0,3.64
Tue Jul 21 11:31:28 UTC 2026,1784633488,0,3.79
Tue Jul 21 11:32:00 UTC 2026,1784633520,0,3.81
Tue Jul 21 11:32:13 UTC 2026,1784633533,0,3.66
Tue Jul 21 11:32:17 UTC 2026,1784633537,0,3.78
Tue Jul 21 11:33:03 UTC 2026,1784633583,0,3.67
Tue Jul 21 11:33:17 UTC 2026,1784633597,0,3.8
Tue Jul 21 11:34:25 UTC 2026,1784633665,0,3.67
Tue Jul 21 11:34:39 UTC 2026,1784633679,0,3.83
Tue Jul 21 11:35:12 UTC 2026,1784633712,0,3.65
Tue Jul 21 11:35:47 UTC 2026,1784633747,0,3.82
Tue Jul 21 11:36:42 UTC 2026,1784633802,0,3.84
Tue Jul 21 11:37:46 UTC 2026,1784633866,0,3.72
Tue Jul 21 11:39:07 UTC 2026,1784633947,0,3.75
Tue Jul 21 11:39:12 UTC 2026,1784633952,0,3.84
Tue Jul 21 11:40:11 UTC 2026,1784634011,0,3.87
Tue Jul 21 11:41:06 UTC 2026,1784634066,0,3.77
Tue Jul 21 11:41:56 UTC 2026,1784634116,0,3.87
Tue Jul 21 11:42:18 UTC 2026,1784634138,0,3.76
Tue Jul 21 11:44:17 UTC 2026,1784634257,0,3.97
Tue Jul 21 11:44:35 UTC 2026,1784634275,0,3.75
Tue Jul 21 11:45:16 UTC 2026,1784634316,0,3.73
Tue Jul 21 11:45:25 UTC 2026,1784634325,0,3.95
Tue Jul 21 11:46:38 UTC 2026,1784634398,0,3.93
Tue Jul 21 11:46:42 UTC 2026,1784634402,0,3.71
Tue Jul 21 11:48:13 UTC 2026,1784634493,0,3.81
Tue Jul 21 11:49:35 UTC 2026,1784634575,0,3.94
Tue Jul 21 11:50:16 UTC 2026,1784634616,0,3.78
Tue Jul 21 11:51:52 UTC 2026,1784634712,0,3.98
Tue Jul 21 11:52:46 UTC 2026,1784634766,0,3.81
Tue Jul 21 11:53:27 UTC 2026,1784634807,0,3.94
Tue Jul 21 11:55:06 UTC 2026,1784634906,0,3.99
Tue Jul 21 11:55:42 UTC 2026,1784634942,0,3.8
Tue Jul 21 11:56:42 UTC 2026,1784635002,0,3.83
Tue Jul 21 11:57:46 UTC 2026,1784635066,0,3.97
Tue Jul 21 11:58:44 UTC 2026,1784635124,0,3.99
Tue Jul 21 11:58:58 UTC 2026,1784635138,0,3.87
Tue Jul 21 12:00:34 UTC 2026,1784635234,0,4.11
Tue Jul 21 12:02:09 UTC 2026,1784635329,0,4.02
Tue Jul 21 12:02:46 UTC 2026,1784635366,0,3.8
Tue Jul 21 12:03:17 UTC 2026,1784635397,0,4.33
Tue Jul 21 12:04:07 UTC 2026,1784635447,0,3.76
Tue Jul 21 12:05:29 UTC 2026,1784635529,0,3.84
Tue Jul 21 12:05:34 UTC 2026,1784635534,0,4.09
Tue Jul 21 12:06:23 UTC 2026,1784635583,0,3.94
Tue Jul 21 12:07:56 UTC 2026,1784635676,0,4.08
Tue Jul 21 12:08:17 UTC 2026,1784635697,0,3.87
Tue Jul 21 12:09:03 UTC 2026,1784635743,0,4.08
Tue Jul 21 12:10:12 UTC 2026,1784635812,0,3.92
Tue Jul 21 12:11:06 UTC 2026,1784635866,0,4.13
Tue Jul 21 12:12:41 UTC 2026,1784635961,0,3.94
Tue Jul 21 12:13:08 UTC 2026,1784635988,0,4.2
Tue Jul 21 12:13:45 UTC 2026,1784636025,0,3.94
Tue Jul 21 12:14:53 UTC 2026,1784636093,0,3.97
Tue Jul 21 12:15:29 UTC 2026,1784636129,0,4.13
Tue Jul 21 12:16:43 UTC 2026,1784636203,0,3.92
Tue Jul 21 12:16:51 UTC 2026,1784636211,0,4.17
Tue Jul 21 12:18:40 UTC 2026,1784636320,0,4.02
Tue Jul 21 12:19:26 UTC 2026,1784636366,0,4.22
Tue Jul 21 12:20:26 UTC 2026,1784636426,0,4.24
Tue Jul 21 12:21:07 UTC 2026,1784636467,0,4.03
Tue Jul 21 12:22:46 UTC 2026,1784636566,0,4.19
Tue Jul 21 12:23:14 UTC 2026,1784636594,0,4.22
Tue Jul 21 12:24:13 UTC 2026,1784636653,0,4.07
Tue Jul 21 12:24:44 UTC 2026,1784636684,0,4.06
Tue Jul 21 12:25:57 UTC 2026,1784636757,0,4.23
Tue Jul 21 12:26:15 UTC 2026,1784636775,0,4.31
Tue Jul 21 12:26:56 UTC 2026,1784636816,0,4.09
Tue Jul 21 12:28:46 UTC 2026,1784636926,0,4.26
Tue Jul 21 12:28:59 UTC 2026,1784636939,0,4.08
Tue Jul 21 12:29:44 UTC 2026,1784636984,0,4.28
Tue Jul 21 12:31:02 UTC 2026,1784637062,0,4.05
Tue Jul 21 12:31:20 UTC 2026,1784637080,0,4.11
Tue Jul 21 12:31:42 UTC 2026,1784637102,0,4.37
Tue Jul 21 12:32:45 UTC 2026,1784637165,0,4.03
Tue Jul 21 12:33:09 UTC 2026,1784637189,0,4.29
Tue Jul 21 12:34:25 UTC 2026,1784637265,0,4.3
Tue Jul 21 12:35:11 UTC 2026,1784637311,0,4.08
Tue Jul 21 12:37:27 UTC 2026,1784637447,0,4.29
Tue Jul 21 12:37:36 UTC 2026,1784637456,0,4.1
Tue Jul 21 12:37:46 UTC 2026,1784637466,0,4.34
Tue Jul 21 12:38:45 UTC 2026,1784637525,0,4.16
Tue Jul 21 12:40:02 UTC 2026,1784637602,0,4.12
Tue Jul 21 12:40:07 UTC 2026,1784637607,0,4.37
Tue Jul 21 12:41:29 UTC 2026,1784637689,0,4.14
Tue Jul 21 12:42:14 UTC 2026,1784637734,0,4.36
Tue Jul 21 12:42:55 UTC 2026,1784637775,0,4.23
Tue Jul 21 12:43:40 UTC 2026,1784637820,0,4.4
Tue Jul 21 12:45:02 UTC 2026,1784637902,0,4.18
Tue Jul 21 12:45:15 UTC 2026,1784637915,0,4.34
Tue Jul 21 12:45:56 UTC 2026,1784637956,0,4.28
Tue Jul 21 12:46:46 UTC 2026,1784638006,0,4.39
Tue Jul 21 12:47:54 UTC 2026,1784638074,0,4.41
Tue Jul 21 12:48:55 UTC 2026,1784638135,0,4.24
Tue Jul 21 12:49:16 UTC 2026,1784638156,0,4.27
Tue Jul 21 12:49:44 UTC 2026,1784638184,0,4.39
Tue Jul 21 12:52:01 UTC 2026,1784638321,0,4.4
Tue Jul 21 12:52:28 UTC 2026,1784638348,0,4.26
Tue Jul 21 12:53:31 UTC 2026,1784638411,0,4.28
Tue Jul 21 12:53:53 UTC 2026,1784638433,0,4.41
Tue Jul 21 12:54:25 UTC 2026,1784638465,0,4.3
Tue Jul 21 12:54:53 UTC 2026,1784638493,0,4.44
Tue Jul 21 12:56:20 UTC 2026,1784638580,0,4.37
Tue Jul 21 12:56:47 UTC 2026,1784638607,0,4.26
Tue Jul 21 12:57:28 UTC 2026,1784638648,0,4.4
Tue Jul 21 12:57:41 UTC 2026,1784638661,0,4.27
Tue Jul 21 12:59:12 UTC 2026,1784638752,0,4.45
Tue Jul 21 12:59:53 UTC 2026,1784638793,0,4.27
Tue Jul 21 13:01:10 UTC 2026,1784638870,0,4.26
Tue Jul 21 13:01:38 UTC 2026,1784638898,0,4.41
Tue Jul 21 13:03:58 UTC 2026,1784639038,0,4.22
Tue Jul 21 13:04:30 UTC 2026,1784639070,0,4.39
Tue Jul 21 13:04:58 UTC 2026,1784639098,0,4.05
Tue Jul 21 13:06:42 UTC 2026,1784639202,0,4.24
Tue Jul 21 13:07:01 UTC 2026,1784639221,0,4.38
Tue Jul 21 13:07:32 UTC 2026,1784639252,0,4.29
Tue Jul 21 13:08:08 UTC 2026,1784639288,0,4.43
Tue Jul 21 13:10:07 UTC 2026,1784639407,0,4.21
Tue Jul 21 13:10:30 UTC 2026,1784639430,0,4.4
Tue Jul 21 13:11:19 UTC 2026,1784639479,0,4.25
Tue Jul 21 13:12:26 UTC 2026,1784639546,0,4.23
Tue Jul 21 13:13:13 UTC 2026,1784639593,0,4.4
Tue Jul 21 13:14:03 UTC 2026,1784639643,0,4.22
Tue Jul 21 13:14:57 UTC 2026,1784639697,0,4.45
Tue Jul 21 13:15:38 UTC 2026,1784639738,0,4.44
Tue Jul 21 13:16:19 UTC 2026,1784639779,0,4.24
Tue Jul 21 13:17:32 UTC 2026,1784639852,0,4.15
Tue Jul 21 13:18:13 UTC 2026,1784639893,0,4.44
Tue Jul 21 13:20:15 UTC 2026,1784640015,0,4.19
Tue Jul 21 13:20:33 UTC 2026,1784640033,0,4.42
Tue Jul 21 13:22:00 UTC 2026,1784640120,0,4.28
Tue Jul 21 13:23:13 UTC 2026,1784640193,0,4.45
Tue Jul 21 13:23:54 UTC 2026,1784640234,0,4.46
Tue Jul 21 13:24:07 UTC 2026,1784640247,0,4.29
Tue Jul 21 13:25:52 UTC 2026,1784640352,0,4.33
Tue Jul 21 13:26:15 UTC 2026,1784640375,0,4.44
Tue Jul 21 13:27:59 UTC 2026,1784640479,0,4.47
Tue Jul 21 13:28:39 UTC 2026,1784640519,0,4.27
Tue Jul 21 13:28:58 UTC 2026,1784640538,0,4.48
Tue Jul 21 13:29:21 UTC 2026,1784640561,0,4.24
Tue Jul 21 13:30:47 UTC 2026,1784640647,0,4.45
Tue Jul 21 13:31:50 UTC 2026,1784640710,0,4.25
Tue Jul 21 13:32:35 UTC 2026,1784640755,0,4.46
Tue Jul 21 13:33:21 UTC 2026,1784640801,0,4.24
Tue Jul 21 13:34:08 UTC 2026,1784640848,0,4.53
Tue Jul 21 13:34:53 UTC 2026,1784640893,0,4.24
Tue Jul 21 13:36:14 UTC 2026,1784640974,0,4.52
Tue Jul 21 13:36:42 UTC 2026,1784641002,0,4.31
Tue Jul 21 13:37:37 UTC 2026,1784641057,0,4.51
Tue Jul 21 13:37:55 UTC 2026,1784641075,0,4.31
Tue Jul 21 13:39:03 UTC 2026,1784641143,0,4.26
Tue Jul 21 13:39:20 UTC 2026,1784641160,0,4.47
Tue Jul 21 13:40:47 UTC 2026,1784641247,0,4.29
Tue Jul 21 13:40:56 UTC 2026,1784641256,0,4.51
Tue Jul 21 13:42:05 UTC 2026,1784641325,0,4.29
Tue Jul 21 13:42:14 UTC 2026,1784641334,0,4.48
Tue Jul 21 13:44:03 UTC 2026,1784641443,0,4.45
Tue Jul 21 13:44:26 UTC 2026,1784641466,0,4.26
Tue Jul 21 13:45:38 UTC 2026,1784641538,0,4.25
Tue Jul 21 13:46:01 UTC 2026,1784641561,0,4.49
Tue Jul 21 13:47:27 UTC 2026,1784641647,0,4.27
Tue Jul 21 13:47:45 UTC 2026,1784641665,0,4.51
Tue Jul 21 13:48:54 UTC 2026,1784641734,0,4.48
Tue Jul 21 13:49:53 UTC 2026,1784641793,0,4.28
Tue Jul 21 13:50:42 UTC 2026,1784641842,0,4.51
Tue Jul 21 13:51:10 UTC 2026,1784641870,0,4.3
Tue Jul 21 13:51:56 UTC 2026,1784641916,0,4.47
Tue Jul 21 13:52:50 UTC 2026,1784641970,0,4.35
Tue Jul 21 13:53:36 UTC 2026,1784642016,0,4.32
Tue Jul 21 13:55:06 UTC 2026,1784642106,0,4.5
Tue Jul 21 13:56:33 UTC 2026,1784642193,0,4.51
Tue Jul 21 13:56:42 UTC 2026,1784642202,0,4.29
Tue Jul 21 13:56:51 UTC 2026,1784642211,0,4.33
Tue Jul 21 13:57:46 UTC 2026,1784642266,0,4.49
Tue Jul 21 13:58:58 UTC 2026,1784642338,0,4.51
Tue Jul 21 13:59:48 UTC 2026,1784642388,0,4.29
Tue Jul 21 14:00:56 UTC 2026,1784642456,0,4.49
Tue Jul 21 14:01:33 UTC 2026,1784642493,0,4.3
Tue Jul 21 14:01:51 UTC 2026,1784642511,0,4.48
Tue Jul 21 14:02:41 UTC 2026,1784642561,0,4.33
Tue Jul 21 14:04:31 UTC 2026,1784642671,0,4.3
Tue Jul 21 14:04:45 UTC 2026,1784642685,0,4.52
Tue Jul 21 14:05:26 UTC 2026,1784642726,0,4.55
Tue Jul 21 14:05:52 UTC 2026,1784642752,0,4.29
Tue Jul 21 14:06:47 UTC 2026,1784642807,0,4.35
Tue Jul 21 14:08:08 UTC 2026,1784642888,0,4.48
Tue Jul 21 14:08:36 UTC 2026,1784642916,0,4.31
Tue Jul 21 14:09:26 UTC 2026,1784642966,0,4.48
Tue Jul 21 14:10:21 UTC 2026,1784643021,0,4.47
Tue Jul 21 14:11:10 UTC 2026,1784643070,0,4.3
Tue Jul 21 14:11:52 UTC 2026,1784643112,0,4.48
Tue Jul 21 14:12:55 UTC 2026,1784643175,0,4.3
Tue Jul 21 14:13:50 UTC 2026,1784643230,0,4.47
Tue Jul 21 14:14:12 UTC 2026,1784643252,0,4.34
Tue Jul 21 14:15:58 UTC 2026,1784643358,0,4.46
Tue Jul 21 14:16:20 UTC 2026,1784643380,0,4.31
Tue Jul 21 14:17:15 UTC 2026,1784643435,0,4.5
Tue Jul 21 14:17:46 UTC 2026,1784643466,0,4.27
Tue Jul 21 14:19:44 UTC 2026,1784643584,0,4.26
Tue Jul 21 14:19:53 UTC 2026,1784643593,0,4.47
Tue Jul 21 14:20:38 UTC 2026,1784643638,0,4.42
Tue Jul 21 14:21:29 UTC 2026,1784643689,0,4.29
Tue Jul 21 14:21:51 UTC 2026,1784643711,0,4.49
Tue Jul 21 14:22:05 UTC 2026,1784643725,0,4.26
Tue Jul 21 14:23:26 UTC 2026,1784643806,0,4.31
Tue Jul 21 14:24:40 UTC 2026,1784643880,0,4.48
Tue Jul 21 14:25:07 UTC 2026,1784643907,0,4.26
Tue Jul 21 14:25:24 UTC 2026,1784643924,0,4.45
Tue Jul 21 14:27:15 UTC 2026,1784644035,0,4.42
Tue Jul 21 14:27:55 UTC 2026,1784644075,0,4.2
Tue Jul 21 14:28:36 UTC 2026,1784644116,0,4.23
Tue Jul 21 14:29:03 UTC 2026,1784644143,0,4.4
Tue Jul 21 14:29:58 UTC 2026,1784644198,0,4.23
Tue Jul 21 14:30:44 UTC 2026,1784644244,0,4.44
Tue Jul 21 14:31:42 UTC 2026,1784644302,0,4.43
Tue Jul 21 14:32:41 UTC 2026,1784644361,0,4.27
Tue Jul 21 14:33:35 UTC 2026,1784644415,0,4.4
Tue Jul 21 14:34:12 UTC 2026,1784644452,0,4.19
Tue Jul 21 14:35:25 UTC 2026,1784644525,0,4.18
Tue Jul 21 14:35:43 UTC 2026,1784644543,0,4.35
Tue Jul 21 14:36:33 UTC 2026,1784644593,0,4.33
Tue Jul 21 14:36:37 UTC 2026,1784644597,0,4.13
Tue Jul 21 14:38:18 UTC 2026,1784644698,0,4.16
Tue Jul 21 14:39:21 UTC 2026,1784644761,0,4.32
Tue Jul 21 14:40:06 UTC 2026,1784644806,0,4.17
Tue Jul 21 14:40:47 UTC 2026,1784644847,0,4.29
Tue Jul 21 14:42:24 UTC 2026,1784644944,0,4.13
Tue Jul 21 14:44:16 UTC 2026,1784645056,0,4.35
Tue Jul 21 14:44:57 UTC 2026,1784645097,0,4.13
Tue Jul 21 14:46:20 UTC 2026,1784645180,0,4.34
Tue Jul 21 14:46:34 UTC 2026,1784645194,0,4.03
Tue Jul 21 14:47:56 UTC 2026,1784645276,0,4.3
Tue Jul 21 14:48:54 UTC 2026,1784645334,0,4.05
Tue Jul 21 14:49:30 UTC 2026,1784645370,0,4.3
Tue Jul 21 14:50:07 UTC 2026,1784645407,0,4.04
Tue Jul 21 14:50:34 UTC 2026,1784645434,0,4.25
Tue Jul 21 14:52:10 UTC 2026,1784645530,0,4.21
Tue Jul 21 14:52:50 UTC 2026,1784645570,0,4.01
Tue Jul 21 14:53:13 UTC 2026,1784645593,0,4.27
Tue Jul 21 14:54:22 UTC 2026,1784645662,0,4.07
Tue Jul 21 14:54:40 UTC 2026,1784645680,0,4.19
Tue Jul 21 14:55:48 UTC 2026,1784645748,0,3.96
Tue Jul 21 14:56:33 UTC 2026,1784645793,0,4.22
Tue Jul 21 14:57:37 UTC 2026,1784645857,0,3.99
Tue Jul 21 14:58:00 UTC 2026,1784645880,0,4.05
Tue Jul 21 14:58:05 UTC 2026,1784645885,0,4.16
Tue Jul 21 15:00:43 UTC 2026,1784646043,0,4.19
Tue Jul 21 15:00:48 UTC 2026,1784646048,0,4.03
Tue Jul 21 15:01:42 UTC 2026,1784646102,0,4.21
Tue Jul 21 15:02:37 UTC 2026,1784646157,0,3.97
Tue Jul 21 15:03:36 UTC 2026,1784646216,0,4.13
Tue Jul 21 15:04:17 UTC 2026,1784646257,0,3.95
Tue Jul 21 15:04:49 UTC 2026,1784646289,0,4.09
Tue Jul 21 15:05:06 UTC 2026,1784646306,0,3.91
Tue Jul 21 15:06:56 UTC 2026,1784646416,0,3.92
Tue Jul 21 15:07:28 UTC 2026,1784646448,0,4.11
Tue Jul 21 15:08:31 UTC 2026,1784646511,0,3.92
Tue Jul 21 15:08:55 UTC 2026,1784646535,0,4.07
Tue Jul 21 15:09:32 UTC 2026,1784646572,0,4.19
Tue Jul 21 15:09:54 UTC 2026,1784646594,0,3.91
Tue Jul 21 15:11:57 UTC 2026,1784646717,0,4.05
Tue Jul 21 15:12:37 UTC 2026,1784646757,0,3.88
Tue Jul 21 15:13:05 UTC 2026,1784646785,0,3.84
Tue Jul 21 15:13:18 UTC 2026,1784646798,0,4.05
Tue Jul 21 15:14:40 UTC 2026,1784646880,0,3.86
Tue Jul 21 15:14:45 UTC 2026,1784646885,0,4.0
Tue Jul 21 15:16:38 UTC 2026,1784646998,0,4.01
Tue Jul 21 15:16:51 UTC 2026,1784647011,0,3.85
Tue Jul 21 15:17:51 UTC 2026,1784647071,0,3.82
Tue Jul 21 15:18:55 UTC 2026,1784647135,0,4.05
Tue Jul 21 15:20:03 UTC 2026,1784647203,0,4.0
Tue Jul 21 15:20:39 UTC 2026,1784647239,0,3.73
Tue Jul 21 15:22:06 UTC 2026,1784647326,0,3.78
Tue Jul 21 15:22:15 UTC 2026,1784647335,0,3.98
Tue Jul 21 15:23:00 UTC 2026,1784647380,0,3.74
Tue Jul 21 15:23:50 UTC 2026,1784647430,0,3.97
Tue Jul 21 15:25:53 UTC 2026,1784647553,0,3.78
Tue Jul 21 15:26:16 UTC 2026,1784647576,0,3.97
Tue Jul 21 15:28:42 UTC 2026,1784647722,0,3.75
Tue Jul 21 15:29:09 UTC 2026,1784647749,0,3.94
Tue Jul 21 15:29:41 UTC 2026,1784647781,0,3.73
Tue Jul 21 15:30:22 UTC 2026,1784647822,0,3.86
Tue Jul 21 15:32:06 UTC 2026,1784647926,0,3.68
Tue Jul 21 15:32:43 UTC 2026,1784647963,0,3.65
Tue Jul 21 15:32:56 UTC 2026,1784647976,0,3.83
Tue Jul 21 15:34:13 UTC 2026,1784648053,0,3.76
Tue Jul 21 15:34:49 UTC 2026,1784648089,0,3.61
Tue Jul 21 15:35:53 UTC 2026,1784648153,0,3.78
Tue Jul 21 15:36:16 UTC 2026,1784648176,0,3.63
Tue Jul 21 15:38:51 UTC 2026,1784648331,0,3.78
Tue Jul 21 15:40:31 UTC 2026,1784648431,0,3.63
Tue Jul 21 15:40:53 UTC 2026,1784648453,0,3.75
Tue Jul 21 15:41:43 UTC 2026,1784648503,0,3.6
Tue Jul 21 15:42:41 UTC 2026,1784648561,0,3.79
Tue Jul 21 15:43:32 UTC 2026,1784648612,0,3.55
Tue Jul 21 15:44:18 UTC 2026,1784648658,0,3.7
Tue Jul 21 15:44:32 UTC 2026,1784648672,0,3.56
Tue Jul 21 15:46:38 UTC 2026,1784648798,0,3.71
Tue Jul 21 15:48:01 UTC 2026,1784648881,0,3.69
Tue Jul 21 15:48:32 UTC 2026,1784648912,0,3.56
Tue Jul 21 15:49:13 UTC 2026,1784648953,0,3.68
Tue Jul 21 15:50:40 UTC 2026,1784649040,0,3.55
Tue Jul 21 15:51:15 UTC 2026,1784649075,0,3.53
Tue Jul 21 15:52:06 UTC 2026,1784649126,0,3.62
Tue Jul 21 15:53:36 UTC 2026,1784649216,0,3.6
Tue Jul 21 15:53:41 UTC 2026,1784649221,0,3.5
Tue Jul 21 15:54:13 UTC 2026,1784649253,0,3.6
Tue Jul 21 15:55:07 UTC 2026,1784649307,0,3.44
Tue Jul 21 15:55:49 UTC 2026,1784649349,0,3.58
Tue Jul 21 15:56:52 UTC 2026,1784649412,0,3.39
Tue Jul 21 15:57:46 UTC 2026,1784649466,0,3.4
Tue Jul 21 15:58:19 UTC 2026,1784649499,0,3.55
Tue Jul 21 15:59:36 UTC 2026,1784649576,0,3.52
Tue Jul 21 16:00:07 UTC 2026,1784649607,0,3.41
Tue Jul 21 16:00:40 UTC 2026,1784649640,0,3.52
Tue Jul 21 16:01:35 UTC 2026,1784649695,0,3.41
Tue Jul 21 16:02:19 UTC 2026,1784649739,0,3.36
Tue Jul 21 16:03:36 UTC 2026,1784649816,0,3.49
Tue Jul 21 16:05:04 UTC 2026,1784649904,0,3.3
Tue Jul 21 16:05:08 UTC 2026,1784649908,0,3.48
Tue Jul 21 16:05:39 UTC 2026,1784649939,0,3.35
Tue Jul 21 16:06:15 UTC 2026,1784649975,0,3.55
Tue Jul 21 16:07:20 UTC 2026,1784650040,0,3.38
Tue Jul 21 16:08:23 UTC 2026,1784650103,0,3.6
Tue Jul 21 16:09:04 UTC 2026,1784650144,0,3.37
Tue Jul 21 16:09:45 UTC 2026,1784650185,0,3.48
Tue Jul 21 16:11:15 UTC 2026,1784650275,0,3.37
Tue Jul 21 16:12:02 UTC 2026,1784650322,0,3.49
Tue Jul 21 16:12:10 UTC 2026,1784650330,0,3.45
Tue Jul 21 16:13:18 UTC 2026,1784650398,0,3.26
Tue Jul 21 16:14:08 UTC 2026,1784650448,0,3.46
Tue Jul 21 16:15:04 UTC 2026,1784650504,0,3.23
Tue Jul 21 16:15:45 UTC 2026,1784650545,0,3.26
Tue Jul 21 16:16:47 UTC 2026,1784650607,0,3.42
Tue Jul 21 16:18:00 UTC 2026,1784650680,0,3.18
Tue Jul 21 16:18:19 UTC 2026,1784650699,0,3.4
Tue Jul 21 16:19:18 UTC 2026,1784650758,0,3.47
Tue Jul 21 16:19:27 UTC 2026,1784650767,0,3.18
Tue Jul 21 16:20:35 UTC 2026,1784650835,0,3.22
Tue Jul 21 16:21:16 UTC 2026,1784650876,0,3.39
Tue Jul 21 16:23:05 UTC 2026,1784650985,0,3.42
Tue Jul 21 16:23:37 UTC 2026,1784651017,0,3.2
Tue Jul 21 16:24:18 UTC 2026,1784651058,0,3.39
Tue Jul 21 16:24:22 UTC 2026,1784651062,0,3.25
Tue Jul 21 16:25:26 UTC 2026,1784651126,0,3.42
Tue Jul 21 16:26:24 UTC 2026,1784651184,0,3.23
Tue Jul 21 16:27:24 UTC 2026,1784651244,0,3.34
Tue Jul 21 16:27:42 UTC 2026,1784651262,0,3.23
Tue Jul 21 16:28:46 UTC 2026,1784651326,0,3.25
Tue Jul 21 16:30:07 UTC 2026,1784651407,0,3.36
Tue Jul 21 16:30:30 UTC 2026,1784651430,0,3.17
Tue Jul 21 16:31:43 UTC 2026,1784651503,0,3.36
Tue Jul 21 16:32:05 UTC 2026,1784651525,0,3.18
Tue Jul 21 16:32:28 UTC 2026,1784651548,0,3.33
Tue Jul 21 16:34:45 UTC 2026,1784651685,0,3.29
Tue Jul 21 16:34:59 UTC 2026,1784651699,0,3.01
Tue Jul 21 16:36:01 UTC 2026,1784651761,0,2.95
Tue Jul 21 16:36:47 UTC 2026,1784651807,0,3.31
Tue Jul 21 16:37:32 UTC 2026,1784651852,0,3.29
Tue Jul 21 16:38:22 UTC 2026,1784651902,0,3.16
Tue Jul 21 16:38:37 UTC 2026,1784651917,0,3.27
Tue Jul 21 16:39:44 UTC 2026,1784651984,0,3.13
Tue Jul 21 16:40:31 UTC 2026,1784652031,0,3.15
Tue Jul 21 16:41:20 UTC 2026,1784652080,0,3.27
Tue Jul 21 16:42:15 UTC 2026,1784652135,0,3.11
Tue Jul 21 16:43:13 UTC 2026,1784652193,0,3.33
Tue Jul 21 16:43:37 UTC 2026,1784652217,0,3.16
Tue Jul 21 16:43:54 UTC 2026,1784652234,0,3.29
Tue Jul 21 16:45:15 UTC 2026,1784652315,0,3.14
Tue Jul 21 16:45:39 UTC 2026,1784652339,0,3.3
Tue Jul 21 16:46:48 UTC 2026,1784652408,0,3.26
Tue Jul 21 16:47:10 UTC 2026,1784652430,0,3.14
Tue Jul 21 16:49:04 UTC 2026,1784652544,0,3.17
Tue Jul 21 16:49:36 UTC 2026,1784652576,0,3.32
Tue Jul 21 16:50:07 UTC 2026,1784652607,0,3.27
Tue Jul 21 16:51:12 UTC 2026,1784652672,0,3.1
Tue Jul 21 16:52:14 UTC 2026,1784652734,0,3.22
Tue Jul 21 16:53:22 UTC 2026,1784652802,0,3.07
Tue Jul 21 16:53:47 UTC 2026,1784652827,0,3.22
Tue Jul 21 16:54:41 UTC 2026,1784652881,0,3.12
Tue Jul 21 16:55:22 UTC 2026,1784652922,0,3.06
Tue Jul 21 16:55:54 UTC 2026,1784652954,0,3.23
Tue Jul 21 16:57:24 UTC 2026,1784653044,0,3.21
Tue Jul 21 16:57:43 UTC 2026,1784653063,0,3.07
Tue Jul 21 16:58:32 UTC 2026,1784653112,0,3.15
Tue Jul 21 16:58:55 UTC 2026,1784653135,0,3.04
Tue Jul 21 17:00:30 UTC 2026,1784653230,0,3.14
Tue Jul 21 17:01:02 UTC 2026,1784653262,0,3.0
Tue Jul 21 17:02:11 UTC 2026,1784653331,0,3.13
Tue Jul 21 17:04:18 UTC 2026,1784653458,0,2.99
Tue Jul 21 17:04:58 UTC 2026,1784653498,0,2.96
Tue Jul 21 17:06:07 UTC 2026,1784653567,0,3.11
Tue Jul 21 17:07:02 UTC 2026,1784653622,0,2.97
Tue Jul 21 17:08:09 UTC 2026,1784653689,0,3.1
Tue Jul 21 17:08:19 UTC 2026,1784653699,0,3.09
Tue Jul 21 17:08:33 UTC 2026,1784653713,0,2.96
Tue Jul 21 17:10:04 UTC 2026,1784653804,0,2.98
Tue Jul 21 17:11:25 UTC 2026,1784653885,0,3.07
Tue Jul 21 17:12:19 UTC 2026,1784653939,0,3.08
Tue Jul 21 17:12:37 UTC 2026,1784653957,0,2.92
Tue Jul 21 17:13:42 UTC 2026,1784654022,0,2.89
Tue Jul 21 17:13:50 UTC 2026,1784654030,0,3.16
Tue Jul 21 17:15:39 UTC 2026,1784654139,0,2.87
Tue Jul 21 17:16:16 UTC 2026,1784654176,0,3.04
Tue Jul 21 17:16:39 UTC 2026,1784654199,0,3.07
Tue Jul 21 17:17:15 UTC 2026,1784654235,0,2.89
Tue Jul 21 17:18:37 UTC 2026,1784654317,0,3.01
Tue Jul 21 17:19:18 UTC 2026,1784654358,0,2.86
Tue Jul 21 17:19:50 UTC 2026,1784654390,0,2.85
Tue Jul 21 17:19:59 UTC 2026,1784654399,0,2.97
Tue Jul 21 17:21:44 UTC 2026,1784654504,0,2.96
Tue Jul 21 17:23:05 UTC 2026,1784654585,0,2.84
Tue Jul 21 17:23:19 UTC 2026,1784654599,0,2.92
Tue Jul 21 17:23:28 UTC 2026,1784654608,0,2.79
Tue Jul 21 17:25:31 UTC 2026,1784654731,0,2.9
Tue Jul 21 17:25:54 UTC 2026,1784654754,0,2.77
Tue Jul 21 17:26:57 UTC 2026,1784654817,0,2.89
Tue Jul 21 17:27:52 UTC 2026,1784654872,0,2.72
Tue Jul 21 17:28:42 UTC 2026,1784654922,0,2.83
Tue Jul 21 17:29:41 UTC 2026,1784654981,0,2.66
Tue Jul 21 17:30:17 UTC 2026,1784655017,0,2.68
Tue Jul 21 17:30:26 UTC 2026,1784655026,0,2.85
Tue Jul 21 17:32:48 UTC 2026,1784655168,0,2.71
Tue Jul 21 17:33:11 UTC 2026,1784655191,0,2.82
Tue Jul 21 17:34:23 UTC 2026,1784655263,0,2.62
Tue Jul 21 17:35:35 UTC 2026,1784655335,0,2.8
Tue Jul 21 17:36:17 UTC 2026,1784655377,0,2.64
Tue Jul 21 17:36:35 UTC 2026,1784655395,0,2.68
Tue Jul 21 17:37:08 UTC 2026,1784655428,0,2.82
Tue Jul 21 17:38:51 UTC 2026,1784655531,0,2.67
Tue Jul 21 17:40:41 UTC 2026,1784655641,0,2.64
Tue Jul 21 17:41:13 UTC 2026,1784655673,0,2.84
Tue Jul 21 17:41:45 UTC 2026,1784655705,0,2.83
Tue Jul 21 17:41:53 UTC 2026,1784655713,0,2.7
Tue Jul 21 17:42:57 UTC 2026,1784655777,0,2.57
Tue Jul 21 17:43:01 UTC 2026,1784655781,0,2.83
Tue Jul 21 17:44:34 UTC 2026,1784655874,0,2.67
Tue Jul 21 17:45:09 UTC 2026,1784655909,0,2.89
Tue Jul 21 17:47:07 UTC 2026,1784656027,0,2.86
Tue Jul 21 17:47:30 UTC 2026,1784656050,0,2.7
Tue Jul 21 17:48:20 UTC 2026,1784656100,0,2.84
Tue Jul 21 17:49:14 UTC 2026,1784656154,0,2.68
Tue Jul 21 17:49:33 UTC 2026,1784656173,0,2.83
Tue Jul 21 17:49:59 UTC 2026,1784656199,0,2.68
Tue Jul 21 17:51:27 UTC 2026,1784656287,0,2.84
Tue Jul 21 17:52:26 UTC 2026,1784656346,0,2.66
Tue Jul 21 17:53:11 UTC 2026,1784656391,0,2.64
Tue Jul 21 17:53:56 UTC 2026,1784656436,0,2.77
Tue Jul 21 17:54:33 UTC 2026,1784656473,0,2.61
Tue Jul 21 17:55:04 UTC 2026,1784656504,0,2.79
Tue Jul 21 17:56:40 UTC 2026,1784656600,0,2.6
Tue Jul 21 17:57:04 UTC 2026,1784656624,0,2.76
Tue Jul 21 17:57:49 UTC 2026,1784656669,0,2.69
Tue Jul 21 17:58:43 UTC 2026,1784656723,0,2.59
Tue Jul 21 17:59:29 UTC 2026,1784656769,0,2.55
Tue Jul 21 17:59:46 UTC 2026,1784656786,0,2.71
Tue Jul 21 18:01:31 UTC 2026,1784656891,0,2.51
Tue Jul 21 18:02:26 UTC 2026,1784656946,0,2.65
Tue Jul 21 18:02:57 UTC 2026,1784656977,0,2.66
Tue Jul 21 18:03:35 UTC 2026,1784657015,0,2.49
Tue Jul 21 18:04:33 UTC 2026,1784657073,0,2.61
Tue Jul 21 18:05:51 UTC 2026,1784657151,0,2.35
Tue Jul 21 18:07:26 UTC 2026,1784657246,0,2.52
Tue Jul 21 18:08:12 UTC 2026,1784657292,0,2.36
Tue Jul 21 18:09:01 UTC 2026,1784657341,0,2.5
Tue Jul 21 18:10:28 UTC 2026,1784657428,0,2.34
Tue Jul 21 18:10:41 UTC 2026,1784657441,0,2.54
Tue Jul 21 18:11:01 UTC 2026,1784657461,0,2.45
Tue Jul 21 18:11:22 UTC 2026,1784657482,0,2.32
Tue Jul 21 18:13:16 UTC 2026,1784657596,0,2.49
Tue Jul 21 18:13:48 UTC 2026,1784657628,0,2.24
Tue Jul 21 18:14:42 UTC 2026,1784657682,0,2.48
Tue Jul 21 18:14:51 UTC 2026,1784657691,0,2.2
Tue Jul 21 18:16:00 UTC 2026,1784657760,0,2.24
Tue Jul 21 18:16:09 UTC 2026,1784657769,0,2.52
Tue Jul 21 18:18:02 UTC 2026,1784657882,0,2.53
Tue Jul 21 18:18:24 UTC 2026,1784657904,0,2.27
Tue Jul 21 18:20:23 UTC 2026,1784658023,0,2.28
Tue Jul 21 18:20:42 UTC 2026,1784658042,0,2.54
Tue Jul 21 18:20:55 UTC 2026,1784658055,0,2.29
Tue Jul 21 18:21:03 UTC 2026,1784658063,0,2.48
Tue Jul 21 18:22:58 UTC 2026,1784658178,0,2.26
Tue Jul 21 18:23:38 UTC 2026,1784658218,0,2.46
Tue Jul 21 18:24:56 UTC 2026,1784658296,0,2.51
Tue Jul 21 18:25:27 UTC 2026,1784658327,0,2.3
Tue Jul 21 18:26:32 UTC 2026,1784658392,0,2.52
Tue Jul 21 18:27:26 UTC 2026,1784658446,0,2.27
Tue Jul 21 18:28:25 UTC 2026,1784658505,0,2.28
Tue Jul 21 18:29:02 UTC 2026,1784658542,0,2.58
Tue Jul 21 18:30:18 UTC 2026,1784658618,0,2.37
Tue Jul 21 18:30:46 UTC 2026,1784658646,0,2.24
Tue Jul 21 18:31:36 UTC 2026,1784658696,0,2.6
Tue Jul 21 18:32:52 UTC 2026,1784658772,0,2.36
Tue Jul 21 18:33:38 UTC 2026,1784658818,0,2.67
Tue Jul 21 18:34:56 UTC 2026,1784658896,0,2.44
Tue Jul 21 18:35:37 UTC 2026,1784658937,0,2.67
Tue Jul 21 18:36:17 UTC 2026,1784658977,0,2.51
Tue Jul 21 18:37:16 UTC 2026,1784659036,0,2.79
Tue Jul 21 18:37:52 UTC 2026,1784659072,0,2.76
Tue Jul 21 18:38:42 UTC 2026,1784659122,0,2.47
Tue Jul 21 18:39:33 UTC 2026,1784659173,0,2.81
Tue Jul 21 18:40:28 UTC 2026,1784659228,0,2.56
Tue Jul 21 18:41:58 UTC 2026,1784659318,0,2.78
Tue Jul 21 18:42:12 UTC 2026,1784659332,0,2.57
Tue Jul 21 18:42:35 UTC 2026,1784659355,0,2.9
Tue Jul 21 18:43:53 UTC 2026,1784659433,0,2.58
Tue Jul 21 18:45:05 UTC 2026,1784659505,0,2.62
Tue Jul 21 18:45:22 UTC 2026,1784659522,0,2.81
Tue Jul 21 18:46:59 UTC 2026,1784659619,0,2.83
Tue Jul 21 18:47:09 UTC 2026,1784659629,0,2.67
Tue Jul 21 18:47:44 UTC 2026,1784659664,0,2.64
Tue Jul 21 18:48:11 UTC 2026,1784659691,0,2.84
Tue Jul 21 18:49:05 UTC 2026,1784659745,0,2.67
Tue Jul 21 18:50:01 UTC 2026,1784659801,0,2.95
Tue Jul 21 18:50:51 UTC 2026,1784659851,0,2.79
Tue Jul 21 18:51:18 UTC 2026,1784659878,0,2.59
Tue Jul 21 18:53:21 UTC 2026,1784660001,0,2.78
Tue Jul 21 18:53:34 UTC 2026,1784660014,0,2.58
Tue Jul 21 18:54:11 UTC 2026,1784660051,0,2.78
Tue Jul 21 18:54:52 UTC 2026,1784660092,0,2.58
Tue Jul 21 18:56:13 UTC 2026,1784660173,0,2.75
Tue Jul 21 18:57:08 UTC 2026,1784660228,0,2.56
Tue Jul 21 18:57:26 UTC 2026,1784660246,0,2.7
Tue Jul 21 18:57:36 UTC 2026,1784660256,0,2.42
Tue Jul 21 18:59:56 UTC 2026,1784660396,0,2.46
Tue Jul 21 19:00:19 UTC 2026,1784660419,0,2.64
Tue Jul 21 19:00:41 UTC 2026,1784660441,0,2.67
Tue Jul 21 19:01:50 UTC 2026,1784660510,0,2.48
Tue Jul 21 19:02:53 UTC 2026,1784660573,0,2.44
Tue Jul 21 19:03:38 UTC 2026,1784660618,0,2.67
Tue Jul 21 19:04:15 UTC 2026,1784660655,0,2.59
Tue Jul 21 19:04:47 UTC 2026,1784660687,0,2.26
Tue Jul 21 19:05:33 UTC 2026,1784660733,0,2.59
Tue Jul 21 19:06:18 UTC 2026,1784660778,0,2.23
Tue Jul 21 19:07:49 UTC 2026,1784660869,0,2.37
Tue Jul 21 19:08:16 UTC 2026,1784660896,0,2.59
Tue Jul 21 19:09:39 UTC 2026,1784660979,0,2.55
Tue Jul 21 19:10:20 UTC 2026,1784661020,0,2.32
Tue Jul 21 19:10:55 UTC 2026,1784661055,0,2.43
Tue Jul 21 19:11:41 UTC 2026,1784661101,0,2.59
Tue Jul 21 19:12:17 UTC 2026,1784661137,0,2.54
Tue Jul 21 19:12:22 UTC 2026,1784661142,0,2.4
Tue Jul 21 19:14:20 UTC 2026,1784661260,0,2.37
Tue Jul 21 19:14:38 UTC 2026,1784661278,0,2.59
Tue Jul 21 19:16:05 UTC 2026,1784661365,0,2.35
Tue Jul 21 19:16:32 UTC 2026,1784661392,0,2.65
Tue Jul 21 19:17:18 UTC 2026,1784661438,0,2.32
Tue Jul 21 19:17:54 UTC 2026,1784661474,0,2.59
Tue Jul 21 19:18:40 UTC 2026,1784661520,0,2.45
Tue Jul 21 19:19:25 UTC 2026,1784661565,0,2.64
Tue Jul 21 19:21:19 UTC 2026,1784661679,0,2.66
Tue Jul 21 19:21:28 UTC 2026,1784661688,0,2.38
Tue Jul 21 19:22:26 UTC 2026,1784661746,0,2.41
Tue Jul 21 19:22:50 UTC 2026,1784661770,0,2.57
Tue Jul 21 19:23:39 UTC 2026,1784661819,0,2.37
Tue Jul 21 19:24:34 UTC 2026,1784661874,0,2.62
Tue Jul 21 19:26:27 UTC 2026,1784661987,0,2.28
Tue Jul 21 19:27:21 UTC 2026,1784662041,0,2.36
Tue Jul 21 19:28:17 UTC 2026,1784662097,0,2.63
Tue Jul 21 19:28:44 UTC 2026,1784662124,0,2.57
Tue Jul 21 19:29:43 UTC 2026,1784662183,0,2.37
Tue Jul 21 19:31:27 UTC 2026,1784662287,0,2.3
Tue Jul 21 19:31:37 UTC 2026,1784662297,0,2.54
Tue Jul 21 19:31:54 UTC 2026,1784662314,0,2.31
Tue Jul 21 19:32:36 UTC 2026,1784662356,0,2.6
Tue Jul 21 19:34:15 UTC 2026,1784662455,0,2.49
Tue Jul 21 19:34:29 UTC 2026,1784662469,0,2.3
Tue Jul 21 19:35:41 UTC 2026,1784662541,0,2.48
Tue Jul 21 19:36:23 UTC 2026,1784662583,0,2.26
Tue Jul 21 19:37:35 UTC 2026,1784662655,0,2.57
Tue Jul 21 19:39:02 UTC 2026,1784662742,0,2.49
Tue Jul 21 19:39:38 UTC 2026,1784662778,0,2.31
Tue Jul 21 19:41:14 UTC 2026,1784662874,0,2.47
Tue Jul 21 19:41:41 UTC 2026,1784662901,0,2.24
Tue Jul 21 19:42:18 UTC 2026,1784662938,0,2.5
Tue Jul 21 19:43:20 UTC 2026,1784663000,0,2.25
Tue Jul 21 19:43:26 UTC 2026,1784663006,0,2.42
Tue Jul 21 19:43:35 UTC 2026,1784663015,0,2.22
Tue Jul 21 19:45:34 UTC 2026,1784663134,0,2.12
Tue Jul 21 19:46:19 UTC 2026,1784663179,0,2.49
Tue Jul 21 19:47:26 UTC 2026,1784663246,0,2.22
Tue Jul 21 19:47:42 UTC 2026,1784663262,0,2.41
Tue Jul 21 19:49:34 UTC 2026,1784663374,0,2.24
Tue Jul 21 19:50:15 UTC 2026,1784663415,0,2.28
Tue Jul 21 19:51:06 UTC 2026,1784663466,0,2.45
Tue Jul 21 19:52:00 UTC 2026,1784663520,0,2.19
Tue Jul 21 19:52:59 UTC 2026,1784663579,0,2.39
Tue Jul 21 19:53:21 UTC 2026,1784663601,0,2.21
Tue Jul 21 19:54:21 UTC 2026,1784663661,0,2.4
Tue Jul 21 19:54:56 UTC 2026,1784663696,0,2.25
Tue Jul 21 19:56:02 UTC 2026,1784663762,0,2.41
Tue Jul 21 19:57:04 UTC 2026,1784663824,0,2.31
Tue Jul 21 19:57:31 UTC 2026,1784663851,0,2.44
Tue Jul 21 19:58:21 UTC 2026,1784663901,0,2.26
Tue Jul 21 19:59:25 UTC 2026,1784663965,0,2.42
Tue Jul 21 20:00:25 UTC 2026,1784664025,0,2.21
Tue Jul 21 20:01:14 UTC 2026,1784664074,0,2.44
Tue Jul 21 20:01:51 UTC 2026,1784664111,0,2.2
Tue Jul 21 20:02:08 UTC 2026,1784664128,0,2.46
Tue Jul 21 20:03:13 UTC 2026,1784664193,0,2.21
Tue Jul 21 20:03:26 UTC 2026,1784664206,0,2.47
Tue Jul 21 20:04:48 UTC 2026,1784664288,0,2.39
Tue Jul 21 20:05:02 UTC 2026,1784664302,0,2.15
Tue Jul 21 20:06:32 UTC 2026,1784664392,0,2.29
Tue Jul 21 20:06:45 UTC 2026,1784664405,0,2.42
Tue Jul 21 20:08:26 UTC 2026,1784664506,0,2.45
Tue Jul 21 20:08:53 UTC 2026,1784664533,0,2.28
Tue Jul 21 20:10:47 UTC 2026,1784664647,0,2.24
Tue Jul 21 20:10:52 UTC 2026,1784664652,0,2.44
Tue Jul 21 20:11:28 UTC 2026,1784664688,0,2.27
Tue Jul 21 20:11:50 UTC 2026,1784664710,0,2.43
Tue Jul 21 20:13:26 UTC 2026,1784664806,0,2.45
Tue Jul 21 20:13:53 UTC 2026,1784664833,0,2.29
Tue Jul 21 20:15:07 UTC 2026,1784664907,0,2.42
Tue Jul 21 20:15:20 UTC 2026,1784664920,0,2.27
Tue Jul 21 20:16:37 UTC 2026,1784664997,0,2.28
Tue Jul 21 20:17:49 UTC 2026,1784665069,0,2.53
Tue Jul 21 20:18:13 UTC 2026,1784665093,0,2.21
Tue Jul 21 20:19:16 UTC 2026,1784665156,0,2.42
Tue Jul 21 20:19:40 UTC 2026,1784665180,0,2.26
Tue Jul 21 20:20:06 UTC 2026,1784665206,0,2.42
Tue Jul 21 20:21:42 UTC 2026,1784665302,0,2.33
Tue Jul 21 20:22:45 UTC 2026,1784665365,0,2.47
Tue Jul 21 20:23:22 UTC 2026,1784665402,0,2.29
Tue Jul 21 20:23:30 UTC 2026,1784665410,0,2.44
Tue Jul 21 20:24:38 UTC 2026,1784665478,0,2.46
Tue Jul 21 20:25:01 UTC 2026,1784665501,0,2.3
Tue Jul 21 20:26:59 UTC 2026,1784665619,0,2.49
Tue Jul 21 20:27:36 UTC 2026,1784665656,0,2.28
Tue Jul 21 20:28:53 UTC 2026,1784665733,0,2.32
Tue Jul 21 20:29:02 UTC 2026,1784665742,0,2.43
Tue Jul 21 20:30:11 UTC 2026,1784665811,0,2.29
Tue Jul 21 20:31:01 UTC 2026,1784665861,0,2.51
Tue Jul 21 20:32:44 UTC 2026,1784665964,0,2.3
Tue Jul 21 20:33:07 UTC 2026,1784665987,0,2.44
Tue Jul 21 20:33:31 UTC 2026,1784666011,0,2.21
Tue Jul 21 20:34:34 UTC 2026,1784666074,0,2.38
Tue Jul 21 20:36:00 UTC 2026,1784666160,0,2.25
Tue Jul 21 20:36:28 UTC 2026,1784666188,0,2.42
Tue Jul 21 20:37:31 UTC 2026,1784666251,0,2.23
Tue Jul 21 20:39:12 UTC 2026,1784666352,0,2.43
Tue Jul 21 20:39:25 UTC 2026,1784666365,0,2.14
Tue Jul 21 20:39:53 UTC 2026,1784666393,0,2.24
Tue Jul 21 20:40:19 UTC 2026,1784666419,0,2.45
Tue Jul 21 20:41:42 UTC 2026,1784666502,0,2.22
Tue Jul 21 20:41:56 UTC 2026,1784666516,0,2.43
Tue Jul 21 20:43:07 UTC 2026,1784666587,0,2.27
Tue Jul 21 20:43:31 UTC 2026,1784666611,0,2.46
Tue Jul 21 20:45:00 UTC 2026,1784666700,0,2.44
Tue Jul 21 20:45:46 UTC 2026,1784666746,0,2.25
Tue Jul 21 20:47:08 UTC 2026,1784666828,0,2.24
Tue Jul 21 20:47:32 UTC 2026,1784666852,0,2.46
Tue Jul 21 20:48:26 UTC 2026,1784666906,0,2.27
Tue Jul 21 20:50:10 UTC 2026,1784667010,0,2.48
Tue Jul 21 20:50:38 UTC 2026,1784667038,0,2.25
Tue Jul 21 20:51:31 UTC 2026,1784667091,0,2.45
Tue Jul 21 20:51:42 UTC 2026,1784667102,0,2.32
Tue Jul 21 20:52:53 UTC 2026,1784667173,0,2.45
Tue Jul 21 20:54:03 UTC 2026,1784667243,0,2.2
Tue Jul 21 20:54:52 UTC 2026,1784667292,0,2.55
Tue Jul 21 20:55:47 UTC 2026,1784667347,0,2.34
Tue Jul 21 20:56:46 UTC 2026,1784667406,0,2.3
Tue Jul 21 20:56:59 UTC 2026,1784667419,0,2.48
Tue Jul 21 20:59:06 UTC 2026,1784667546,0,2.29
Tue Jul 21 20:59:25 UTC 2026,1784667565,0,2.53
Tue Jul 21 20:59:47 UTC 2026,1784667587,0,2.27
Tue Jul 21 21:02:22 UTC 2026,1784667742,0,2.49
Tue Jul 21 21:02:31 UTC 2026,1784667751,0,2.33
Tue Jul 21 21:02:36 UTC 2026,1784667756,0,2.5
Tue Jul 21 21:03:07 UTC 2026,1784667787,0,2.34
Tue Jul 21 21:04:34 UTC 2026,1784667874,0,2.46
Tue Jul 21 21:05:07 UTC 2026,1784667907,0,2.21
Tue Jul 21 21:06:01 UTC 2026,1784667961,0,1.7
Tue Jul 21 21:06:09 UTC 2026,1784667969,0,2.46
Tue Jul 21 21:07:45 UTC 2026,1784668065,0,2.32
Tue Jul 21 21:08:26 UTC 2026,1784668106,0,2.46
Tue Jul 21 21:09:17 UTC 2026,1784668157,0,2.32
Tue Jul 21 21:09:34 UTC 2026,1784668174,0,2.51
Tue Jul 21 21:10:51 UTC 2026,1784668251,0,2.35
Tue Jul 21 21:12:04 UTC 2026,1784668324,0,2.59
Tue Jul 21 21:12:36 UTC 2026,1784668356,0,2.34
Tue Jul 21 21:13:44 UTC 2026,1784668424,0,2.48
Tue Jul 21 21:14:20 UTC 2026,1784668460,0,2.33
Tue Jul 21 21:14:29 UTC 2026,1784668469,0,2.49
Tue Jul 21 21:16:10 UTC 2026,1784668570,0,2.29
Tue Jul 21 21:16:55 UTC 2026,1784668615,0,2.51
Tue Jul 21 21:17:54 UTC 2026,1784668674,0,2.32
Tue Jul 21 21:18:04 UTC 2026,1784668684,0,2.54
Tue Jul 21 21:19:47 UTC 2026,1784668787,0,2.31
Tue Jul 21 21:19:56 UTC 2026,1784668796,0,2.5
Tue Jul 21 21:21:33 UTC 2026,1784668893,0,2.34
Tue Jul 21 21:21:41 UTC 2026,1784668901,0,2.51
Tue Jul 21 21:22:22 UTC 2026,1784668942,0,2.5
Tue Jul 21 21:23:43 UTC 2026,1784669023,0,2.35
Tue Jul 21 21:25:20 UTC 2026,1784669120,0,2.49
Tue Jul 21 21:25:33 UTC 2026,1784669133,0,2.37
Tue Jul 21 21:26:14 UTC 2026,1784669174,0,2.32
Tue Jul 21 21:26:28 UTC 2026,1784669188,0,2.51
Tue Jul 21 21:27:40 UTC 2026,1784669260,0,2.48
Tue Jul 21 21:28:17 UTC 2026,1784669297,0,2.33
Tue Jul 21 21:29:12 UTC 2026,1784669352,0,2.45
Tue Jul 21 21:29:21 UTC 2026,1784669361,0,2.29
Tue Jul 21 21:31:45 UTC 2026,1784669505,0,2.55
Tue Jul 21 21:32:01 UTC 2026,1784669521,0,2.19
Tue Jul 21 21:32:18 UTC 2026,1784669538,0,2.51
Tue Jul 21 21:33:12 UTC 2026,1784669592,0,2.22
Tue Jul 21 21:34:57 UTC 2026,1784669697,0,2.16
Tue Jul 21 21:35:01 UTC 2026,1784669701,0,2.52
Tue Jul 21 21:35:38 UTC 2026,1784669738,0,2.2
Tue Jul 21 21:36:00 UTC 2026,1784669760,0,2.48
Tue Jul 21 21:37:22 UTC 2026,1784669842,0,2.29
Tue Jul 21 21:38:26 UTC 2026,1784669906,0,2.49
Tue Jul 21 21:39:24 UTC 2026,1784669964,0,2.51
Tue Jul 21 21:39:53 UTC 2026,1784669993,0,2.31
Tue Jul 21 21:41:22 UTC 2026,1784670082,0,2.49
Tue Jul 21 21:41:27 UTC 2026,1784670087,0,2.3
Tue Jul 21 21:42:36 UTC 2026,1784670156,0,2.26
Tue Jul 21 21:42:40 UTC 2026,1784670160,0,2.53
Tue Jul 21 21:44:30 UTC 2026,1784670270,0,2.51
Tue Jul 21 21:44:47 UTC 2026,1784670287,0,2.29
Tue Jul 21 21:45:32 UTC 2026,1784670332,0,2.46
Tue Jul 21 21:45:56 UTC 2026,1784670356,0,2.33
Tue Jul 21 21:48:12 UTC 2026,1784670492,0,2.55
Tue Jul 21 21:48:44 UTC 2026,1784670524,0,2.29
Tue Jul 21 21:49:25 UTC 2026,1784670565,0,2.35
Tue Jul 21 21:49:51 UTC 2026,1784670591,0,2.55
Tue Jul 21 21:51:18 UTC 2026,1784670678,0,2.33
Tue Jul 21 21:52:09 UTC 2026,1784670729,0,2.34
Tue Jul 21 21:52:40 UTC 2026,1784670760,0,2.57
Tue Jul 21 21:53:52 UTC 2026,1784670832,0,2.29
Tue Jul 21 21:54:46 UTC 2026,1784670886,0,2.53
Tue Jul 21 21:55:42 UTC 2026,1784670942,0,2.37
Tue Jul 21 21:56:50 UTC 2026,1784671010,0,2.63
Tue Jul 21 21:57:13 UTC 2026,1784671033,0,2.36
Tue Jul 21 21:57:22 UTC 2026,1784671042,0,2.58
Tue Jul 21 21:59:25 UTC 2026,1784671165,0,2.39
Tue Jul 21 22:00:06 UTC 2026,1784671206,0,2.63
Tue Jul 21 22:00:33 UTC 2026,1784671233,0,2.6
Tue Jul 21 22:01:31 UTC 2026,1784671291,0,2.38
Tue Jul 21 22:02:31 UTC 2026,1784671351,0,2.49
Tue Jul 21 22:03:11 UTC 2026,1784671391,0,2.7
Tue Jul 21 22:03:48 UTC 2026,1784671428,0,2.64
Tue Jul 21 22:04:16 UTC 2026,1784671456,0,2.47
Tue Jul 21 22:05:20 UTC 2026,1784671520,0,2.4
Tue Jul 21 22:05:33 UTC 2026,1784671533,0,2.74
Tue Jul 21 22:08:12 UTC 2026,1784671692,0,2.49
Tue Jul 21 22:08:21 UTC 2026,1784671701,0,2.7
Tue Jul 21 22:08:39 UTC 2026,1784671719,0,2.58
Tue Jul 21 22:09:56 UTC 2026,1784671796,0,2.72
Tue Jul 21 22:10:56 UTC 2026,1784671856,0,2.58
Tue Jul 21 22:11:31 UTC 2026,1784671891,0,2.81
Tue Jul 21 22:11:51 UTC 2026,1784671911,0,2.59
Tue Jul 21 22:12:35 UTC 2026,1784671955,0,2.78
Tue Jul 21 22:13:43 UTC 2026,1784672023,0,2.79
Tue Jul 21 22:14:06 UTC 2026,1784672046,0,2.6
Tue Jul 21 22:15:41 UTC 2026,1784672141,0,2.58
Tue Jul 21 22:16:28 UTC 2026,1784672188,0,2.79
Tue Jul 21 22:17:22 UTC 2026,1784672242,0,2.77
Tue Jul 21 22:17:43 UTC 2026,1784672263,0,2.56
Tue Jul 21 22:18:39 UTC 2026,1784672319,0,2.64
Tue Jul 21 22:19:24 UTC 2026,1784672364,0,2.82
Tue Jul 21 22:20:27 UTC 2026,1784672427,0,2.79
Tue Jul 21 22:20:51 UTC 2026,1784672451,0,2.63
Tue Jul 21 22:21:45 UTC 2026,1784672505,0,2.66
Tue Jul 21 22:22:26 UTC 2026,1784672546,0,2.84
Tue Jul 21 22:24:28 UTC 2026,1784672668,0,2.92
Tue Jul 21 22:24:41 UTC 2026,1784672681,0,2.7
Tue Jul 21 22:25:50 UTC 2026,1784672750,0,2.72
Tue Jul 21 22:26:28 UTC 2026,1784672788,0,2.87
Tue Jul 21 22:27:30 UTC 2026,1784672850,0,2.89
Tue Jul 21 22:27:49 UTC 2026,1784672869,0,2.75
Tue Jul 21 22:29:02 UTC 2026,1784672942,0,2.76
Tue Jul 21 22:29:38 UTC 2026,1784672978,0,2.89
Tue Jul 21 22:30:28 UTC 2026,1784673028,0,2.74
Tue Jul 21 22:30:46 UTC 2026,1784673046,0,2.92
Tue Jul 21 22:31:46 UTC 2026,1784673106,0,2.95
Tue Jul 21 22:32:26 UTC 2026,1784673146,0,2.81
Tue Jul 21 22:32:48 UTC 2026,1784673168,0,2.83
Tue Jul 21 22:32:53 UTC 2026,1784673173,0,2.86
Tue Jul 21 22:33:07 UTC 2026,1784673187,0,2.8
Tue Jul 21 22:33:11 UTC 2026,1784673191,0,2.89
Tue Jul 21 22:34:07 UTC 2026,1784673247,0,2.78
Tue Jul 21 22:34:56 UTC 2026,1784673296,0,3.13
Tue Jul 21 22:35:28 UTC 2026,1784673328,0,2.78
Tue Jul 21 22:35:56 UTC 2026,1784673356,0,3.18
Tue Jul 21 22:36:37 UTC 2026,1784673397,0,2.96
Tue Jul 21 22:37:22 UTC 2026,1784673442,0,3.14
Tue Jul 21 22:38:30 UTC 2026,1784673510,0,3.16
Tue Jul 21 22:39:02 UTC 2026,1784673542,0,2.91
Tue Jul 21 22:40:19 UTC 2026,1784673619,0,3.11
Tue Jul 21 22:40:36 UTC 2026,1784673636,0,2.88
Tue Jul 21 22:42:22 UTC 2026,1784673742,0,2.91
Tue Jul 21 22:42:54 UTC 2026,1784673774,0,3.18
Tue Jul 21 22:44:01 UTC 2026,1784673841,0,3.12
Tue Jul 21 22:44:20 UTC 2026,1784673860,0,2.99
Tue Jul 21 22:45:00 UTC 2026,1784673900,0,3.2
Tue Jul 21 22:45:28 UTC 2026,1784673928,0,2.97
Tue Jul 21 22:47:53 UTC 2026,1784674073,0,3.0
Tue Jul 21 22:48:06 UTC 2026,1784674086,0,3.3
Tue Jul 21 22:48:38 UTC 2026,1784674118,0,3.25
Tue Jul 21 22:49:25 UTC 2026,1784674165,0,3.03
Tue Jul 21 22:49:56 UTC 2026,1784674196,0,3.11
Tue Jul 21 22:50:37 UTC 2026,1784674237,0,3.29
Tue Jul 21 22:51:48 UTC 2026,1784674308,0,3.12
Tue Jul 21 22:51:58 UTC 2026,1784674318,0,3.34
Tue Jul 21 22:53:48 UTC 2026,1784674428,0,3.14
Tue Jul 21 22:54:29 UTC 2026,1784674469,0,3.3
Tue Jul 21 22:54:47 UTC 2026,1784674487,0,3.18
Tue Jul 21 22:55:24 UTC 2026,1784674524,0,3.36
Tue Jul 21 22:57:17 UTC 2026,1784674637,0,3.41
Tue Jul 21 22:57:40 UTC 2026,1784674660,0,3.17
Tue Jul 21 22:58:30 UTC 2026,1784674710,0,3.23
Tue Jul 21 22:58:47 UTC 2026,1784674727,0,3.45
Tue Jul 21 23:00:23 UTC 2026,1784674823,0,3.26
Tue Jul 21 23:00:36 UTC 2026,1784674836,0,3.45
Tue Jul 21 23:01:22 UTC 2026,1784674882,0,3.22
Tue Jul 21 23:01:59 UTC 2026,1784674919,0,3.48
Tue Jul 21 23:03:52 UTC 2026,1784675032,0,3.47
Tue Jul 21 23:04:11 UTC 2026,1784675051,0,3.3
Tue Jul 21 23:05:42 UTC 2026,1784675142,0,3.5
Tue Jul 21 23:05:56 UTC 2026,1784675156,0,3.0
Tue Jul 21 23:06:32 UTC 2026,1784675192,0,3.18
Tue Jul 21 23:06:50 UTC 2026,1784675210,0,3.57
Tue Jul 21 23:09:15 UTC 2026,1784675355,0,3.42
Tue Jul 21 23:09:25 UTC 2026,1784675365,0,3.59
Tue Jul 21 23:09:56 UTC 2026,1784675396,0,3.37
Tue Jul 21 23:10:36 UTC 2026,1784675436,0,3.62
Tue Jul 21 23:11:41 UTC 2026,1784675501,0,3.47
Tue Jul 21 23:12:40 UTC 2026,1784675560,0,3.65
Tue Jul 21 23:13:25 UTC 2026,1784675605,0,3.54
Tue Jul 21 23:14:25 UTC 2026,1784675665,0,3.74
Tue Jul 21 23:15:23 UTC 2026,1784675723,0,3.62
Tue Jul 21 23:15:33 UTC 2026,1784675733,0,3.78
Tue Jul 21 23:17:00 UTC 2026,1784675820,0,3.67
Tue Jul 21 23:17:31 UTC 2026,1784675851,0,3.85
Tue Jul 21 23:18:16 UTC 2026,1784675896,0,3.88
Tue Jul 21 23:18:35 UTC 2026,1784675915,0,3.71
Tue Jul 21 23:19:33 UTC 2026,1784675973,0,3.93
Tue Jul 21 23:21:00 UTC 2026,1784676060,0,3.78
Tue Jul 21 23:21:51 UTC 2026,1784676111,0,3.77
Tue Jul 21 23:22:32 UTC 2026,1784676152,0,3.97
Tue Jul 21 23:22:49 UTC 2026,1784676169,0,4.04
Tue Jul 21 23:23:07 UTC 2026,1784676187,0,3.82
Tue Jul 21 23:25:14 UTC 2026,1784676314,0,3.91
Tue Jul 21 23:25:24 UTC 2026,1784676324,0,4.12
Tue Jul 21 23:26:18 UTC 2026,1784676378,0,3.91
Tue Jul 21 23:27:36 UTC 2026,1784676456,0,4.17
Tue Jul 21 23:27:50 UTC 2026,1784676470,0,3.95
Tue Jul 21 23:29:11 UTC 2026,1784676551,0,4.3
Tue Jul 21 23:29:52 UTC 2026,1784676592,0,4.08
Tue Jul 21 23:30:52 UTC 2026,1784676652,0,4.27
Tue Jul 21 23:31:18 UTC 2026,1784676678,0,4.43
Tue Jul 21 23:31:22 UTC 2026,1784676682,0,4.13
Tue Jul 21 23:33:26 UTC 2026,1784676806,0,4.35
Tue Jul 21 23:35:42 UTC 2026,1784676942,0,4.05
Tue Jul 21 23:36:29 UTC 2026,1784676989,0,4.09
Tue Jul 21 23:37:00 UTC 2026,1784677020,0,4.42
Tue Jul 21 23:37:40 UTC 2026,1784677060,0,4.32
Tue Jul 21 23:37:54 UTC 2026,1784677074,0,4.49
Tue Jul 21 23:39:26 UTC 2026,1784677166,0,4.51
Tue Jul 21 23:39:35 UTC 2026,1784677175,0,4.37
Tue Jul 21 23:41:50 UTC 2026,1784677310,0,4.59
Tue Jul 21 23:42:27 UTC 2026,1784677347,0,4.4
Tue Jul 21 23:43:35 UTC 2026,1784677415,0,4.44
Tue Jul 21 23:43:40 UTC 2026,1784677420,0,4.55
Tue Jul 21 23:45:19 UTC 2026,1784677519,0,4.48
Tue Jul 21 23:45:51 UTC 2026,1784677551,0,4.62
Tue Jul 21 23:46:51 UTC 2026,1784677611,0,4.48
Tue Jul 21 23:46:59 UTC 2026,1784677619,0,4.67
Tue Jul 21 23:48:31 UTC 2026,1784677711,0,4.69
Tue Jul 21 23:48:35 UTC 2026,1784677715,0,4.5
Tue Jul 21 23:49:20 UTC 2026,1784677760,0,4.51
Tue Jul 21 23:50:10 UTC 2026,1784677810,0,4.76
Tue Jul 21 23:51:14 UTC 2026,1784677874,0,4.74
Tue Jul 21 23:52:22 UTC 2026,1784677942,0,4.54
Tue Jul 21 23:52:49 UTC 2026,1784677969,0,4.82
Tue Jul 21 23:52:54 UTC 2026,1784677974,0,4.58
Tue Jul 21 23:54:16 UTC 2026,1784678056,0,4.77
Tue Jul 21 23:55:06 UTC 2026,1784678106,0,4.62
Tue Jul 21 23:56:14 UTC 2026,1784678174,0,4.77
Tue Jul 21 23:56:42 UTC 2026,1784678202,0,4.63
Tue Jul 21 23:57:49 UTC 2026,1784678269,0,4.64
Tue Jul 21 23:58:04 UTC 2026,1784678284,0,4.79
Tue Jul 21 23:59:20 UTC 2026,1784678360,0,4.77
Wed Jul 22 00:00:16 UTC 2026,1784678416,0,4.65
Wed Jul 22 00:01:29 UTC 2026,1784678489,0,4.68
Wed Jul 22 00:02:00 UTC 2026,1784678520,0,4.8
Wed Jul 22 00:03:04 UTC 2026,1784678584,0,4.83
Wed Jul 22 00:03:45 UTC 2026,1784678625,0,4.68
Wed Jul 22 00:04:03 UTC 2026,1784678643,0,4.81
Wed Jul 22 00:05:25 UTC 2026,1784678725,0,4.62
Wed Jul 22 00:06:00 UTC 2026,1784678760,0,4.59
Wed Jul 22 00:07:14 UTC 2026,1784678834,0,4.89
Wed Jul 22 00:07:47 UTC 2026,1784678867,0,4.86
Wed Jul 22 00:08:27 UTC 2026,1784678907,0,4.7
Wed Jul 22 00:09:57 UTC 2026,1784678997,0,4.72
Wed Jul 22 00:10:29 UTC 2026,1784679029,0,4.87
Wed Jul 22 00:12:10 UTC 2026,1784679130,0,4.74
Wed Jul 22 00:12:23 UTC 2026,1784679143,0,4.93
Wed Jul 22 00:12:41 UTC 2026,1784679161,0,4.75
Wed Jul 22 00:14:26 UTC 2026,1784679266,0,4.93
Wed Jul 22 00:14:31 UTC 2026,1784679271,0,4.76
Wed Jul 22 00:16:20 UTC 2026,1784679380,0,4.8
Wed Jul 22 00:17:09 UTC 2026,1784679429,0,4.98
Wed Jul 22 00:17:36 UTC 2026,1784679456,0,4.82
Wed Jul 22 00:18:41 UTC 2026,1784679521,0,4.96
Wed Jul 22 00:20:16 UTC 2026,1784679616,0,4.82
Wed Jul 22 00:20:30 UTC 2026,1784679630,0,5.03
Wed Jul 22 00:21:19 UTC 2026,1784679679,0,5.0
Wed Jul 22 00:21:28 UTC 2026,1784679688,0,4.81
Wed Jul 22 00:22:37 UTC 2026,1784679757,0,4.98
Wed Jul 22 00:23:13 UTC 2026,1784679793,0,4.8
Wed Jul 22 00:24:26 UTC 2026,1784679866,0,4.88
Wed Jul 22 00:24:30 UTC 2026,1784679870,0,5.04
Wed Jul 22 00:26:47 UTC 2026,1784680007,0,4.65
Wed Jul 22 00:26:51 UTC 2026,1784680011,0,5.19
Wed Jul 22 00:27:45 UTC 2026,1784680065,0,5.53
Wed Jul 22 00:27:55 UTC 2026,1784680075,0,4.16
Wed Jul 22 00:29:17 UTC 2026,1784680157,0,3.74
Wed Jul 22 00:30:20 UTC 2026,1784680220,0,5.31
Wed Jul 22 00:30:57 UTC 2026,1784680257,0,4.6
Wed Jul 22 00:31:15 UTC 2026,1784680275,0,5.33
Wed Jul 22 00:33:00 UTC 2026,1784680380,0,4.59
Wed Jul 22 00:33:36 UTC 2026,1784680416,0,5.44
Wed Jul 22 00:33:50 UTC 2026,1784680430,0,5.51
Wed Jul 22 00:35:12 UTC 2026,1784680512,0,4.77
Wed Jul 22 00:36:16 UTC 2026,1784680576,0,4.75
Wed Jul 22 00:36:33 UTC 2026,1784680593,0,5.22
Wed Jul 22 00:37:46 UTC 2026,1784680666,0,4.48
Wed Jul 22 00:38:09 UTC 2026,1784680689,0,5.42
Wed Jul 22 00:38:58 UTC 2026,1784680738,0,5.6
Wed Jul 22 00:40:15 UTC 2026,1784680815,0,4.46
Wed Jul 22 00:41:20 UTC 2026,1784680880,0,4.64
Wed Jul 22 00:41:29 UTC 2026,1784680889,0,5.28
Wed Jul 22 00:42:27 UTC 2026,1784680947,0,4.83
Wed Jul 22 00:43:14 UTC 2026,1784680994,0,5.25
Wed Jul 22 00:44:03 UTC 2026,1784681043,0,5.27
Wed Jul 22 00:45:16 UTC 2026,1784681116,0,4.82
Wed Jul 22 00:45:22 UTC 2026,1784681122,0,4.84
Wed Jul 22 00:46:03 UTC 2026,1784681163,0,5.23
Wed Jul 22 00:47:14 UTC 2026,1784681234,0,4.93
Wed Jul 22 00:47:46 UTC 2026,1784681266,0,5.17
Wed Jul 22 00:49:22 UTC 2026,1784681362,0,4.5
Wed Jul 22 00:49:36 UTC 2026,1784681376,0,5.26
Wed Jul 22 00:50:34 UTC 2026,1784681434,0,4.67
Wed Jul 22 00:51:47 UTC 2026,1784681507,0,5.31
Wed Jul 22 00:53:18 UTC 2026,1784681598,0,4.51
Wed Jul 22 00:53:28 UTC 2026,1784681608,0,5.39
Wed Jul 22 00:54:08 UTC 2026,1784681648,0,4.65
Wed Jul 22 00:54:44 UTC 2026,1784681684,0,5.36
Wed Jul 22 00:55:17 UTC 2026,1784681717,0,5.86
Wed Jul 22 00:55:34 UTC 2026,1784681734,0,4.2
Wed Jul 22 00:57:52 UTC 2026,1784681872,0,5.49
Wed Jul 22 00:57:56 UTC 2026,1784681876,0,4.12
Wed Jul 22 00:59:48 UTC 2026,1784681988,0,4.03
Wed Jul 22 01:00:02 UTC 2026,1784682002,0,5.57
Wed Jul 22 01:00:12 UTC 2026,1784682012,0,5.65
Wed Jul 22 01:00:54 UTC 2026,1784682054,0,4.58
Wed Jul 22 01:02:06 UTC 2026,1784682126,0,5.23
Wed Jul 22 01:03:09 UTC 2026,1784682189,0,4.9
Wed Jul 22 01:03:31 UTC 2026,1784682211,0,4.72
Wed Jul 22 01:04:12 UTC 2026,1784682252,0,5.51
Wed Jul 22 01:05:48 UTC 2026,1784682348,0,4.9
Wed Jul 22 01:06:38 UTC 2026,1784682398,0,5.3
Wed Jul 22 01:07:37 UTC 2026,1784682457,0,4.92
Wed Jul 22 01:08:00 UTC 2026,1784682480,0,5.29
Wed Jul 22 01:08:54 UTC 2026,1784682534,0,5.2
Wed Jul 22 01:09:45 UTC 2026,1784682585,0,4.91
Wed Jul 22 01:10:21 UTC 2026,1784682621,0,5.57
Wed Jul 22 01:11:33 UTC 2026,1784682693,0,4.58
Wed Jul 22 01:12:19 UTC 2026,1784682739,0,5.64
Wed Jul 22 01:12:42 UTC 2026,1784682762,0,4.76
Wed Jul 22 01:14:32 UTC 2026,1784682872,0,5.4
Wed Jul 22 01:14:53 UTC 2026,1784682893,0,4.78
Wed Jul 22 01:15:07 UTC 2026,1784682907,0,4.45
Wed Jul 22 01:15:26 UTC 2026,1784682926,0,5.46
Wed Jul 22 01:18:05 UTC 2026,1784683085,0,5.28
Wed Jul 22 01:18:09 UTC 2026,1784683089,0,4.8
Wed Jul 22 01:18:27 UTC 2026,1784683107,0,5.21
Wed Jul 22 01:18:32 UTC 2026,1784683112,0,5.02
Wed Jul 22 01:20:08 UTC 2026,1784683208,0,5.06
Wed Jul 22 01:20:57 UTC 2026,1784683257,0,5.22
Wed Jul 22 01:22:32 UTC 2026,1784683352,0,5.52
Wed Jul 22 01:22:37 UTC 2026,1784683357,0,4.59
Wed Jul 22 01:24:22 UTC 2026,1784683462,0,5.46
Wed Jul 22 01:24:40 UTC 2026,1784683480,0,4.81
Wed Jul 22 01:25:03 UTC 2026,1784683503,0,4.76
Wed Jul 22 01:25:48 UTC 2026,1784683548,0,5.28
Wed Jul 22 01:27:41 UTC 2026,1784683661,0,5.47
Wed Jul 22 01:27:56 UTC 2026,1784683676,0,4.49
Wed Jul 22 01:29:30 UTC 2026,1784683770,0,5.54
Wed Jul 22 01:29:44 UTC 2026,1784683784,0,4.52
Wed Jul 22 01:30:03 UTC 2026,1784683803,0,4.73
Wed Jul 22 01:30:44 UTC 2026,1784683844,0,5.69
Wed Jul 22 01:32:46 UTC 2026,1784683966,0,5.59
Wed Jul 22 01:32:51 UTC 2026,1784683971,0,4.46
Wed Jul 22 01:34:17 UTC 2026,1784684057,0,5.62
Wed Jul 22 01:34:40 UTC 2026,1784684080,0,4.5
Wed Jul 22 01:35:31 UTC 2026,1784684131,0,5.43
Wed Jul 22 01:36:01 UTC 2026,1784684161,0,4.25
Wed Jul 22 01:36:56 UTC 2026,1784684216,0,4.84
Wed Jul 22 01:37:37 UTC 2026,1784684257,0,5.24
Wed Jul 22 01:38:50 UTC 2026,1784684330,0,5.28
Wed Jul 22 01:39:03 UTC 2026,1784684343,0,4.89
Wed Jul 22 01:40:43 UTC 2026,1784684443,0,4.5
Wed Jul 22 01:40:48 UTC 2026,1784684448,0,5.29
Wed Jul 22 01:41:52 UTC 2026,1784684512,0,5.49
Wed Jul 22 01:42:13 UTC 2026,1784684533,0,4.81
Wed Jul 22 01:43:27 UTC 2026,1784684607,0,4.56
Wed Jul 22 01:44:31 UTC 2026,1784684671,0,5.42
Wed Jul 22 01:45:16 UTC 2026,1784684716,0,5.3
Wed Jul 22 01:45:25 UTC 2026,1784684725,0,4.67
Wed Jul 22 01:46:34 UTC 2026,1784684794,0,4.68
Wed Jul 22 01:47:01 UTC 2026,1784684821,0,5.53
Wed Jul 22 01:48:41 UTC 2026,1784684921,0,4.46
Wed Jul 22 01:49:12 UTC 2026,1784684952,0,5.45
Wed Jul 22 01:50:34 UTC 2026,1784685034,0,5.19
Wed Jul 22 01:51:15 UTC 2026,1784685075,0,4.76
Wed Jul 22 01:52:15 UTC 2026,1784685135,0,5.21
Wed Jul 22 01:52:24 UTC 2026,1784685144,0,4.69
Wed Jul 22 01:53:50 UTC 2026,1784685230,0,4.78
Wed Jul 22 01:54:22 UTC 2026,1784685262,0,5.18
Wed Jul 22 01:55:49 UTC 2026,1784685349,0,4.67
Wed Jul 22 01:56:02 UTC 2026,1784685362,0,5.36
Wed Jul 22 01:56:16 UTC 2026,1784685376,0,5.19
Wed Jul 22 01:57:38 UTC 2026,1784685458,0,4.76
Wed Jul 22 01:58:09 UTC 2026,1784685489,0,4.85
Wed Jul 22 01:59:05 UTC 2026,1784685545,0,5.12
Wed Jul 22 02:00:34 UTC 2026,1784685634,0,4.72
Wed Jul 22 02:01:07 UTC 2026,1784685667,0,5.14
Wed Jul 22 02:01:33 UTC 2026,1784685693,0,4.8
Wed Jul 22 02:02:09 UTC 2026,1784685729,0,5.11
Wed Jul 22 02:03:04 UTC 2026,1784685784,0,4.83
Wed Jul 22 02:03:41 UTC 2026,1784685821,0,5.13
Wed Jul 22 02:05:11 UTC 2026,1784685911,0,4.6
Wed Jul 22 02:05:16 UTC 2026,1784685916,0,5.03
Wed Jul 22 02:06:20 UTC 2026,1784685980,0,5.14
Wed Jul 22 02:06:33 UTC 2026,1784685993,0,4.62
Wed Jul 22 02:08:18 UTC 2026,1784686098,0,5.03
Wed Jul 22 02:08:49 UTC 2026,1784686129,0,4.77
Wed Jul 22 02:09:40 UTC 2026,1784686180,0,4.74
Wed Jul 22 02:10:43 UTC 2026,1784686243,0,5.01
Wed Jul 22 02:12:15 UTC 2026,1784686335,0,5.23
Wed Jul 22 02:12:32 UTC 2026,1784686352,0,4.76
Wed Jul 22 02:13:13 UTC 2026,1784686393,0,5.02
Wed Jul 22 02:14:17 UTC 2026,1784686457,0,4.78
Wed Jul 22 02:14:27 UTC 2026,1784686467,0,4.79
Wed Jul 22 02:15:30 UTC 2026,1784686530,0,5.0
Wed Jul 22 02:17:00 UTC 2026,1784686620,0,4.64
Wed Jul 22 02:17:14 UTC 2026,1784686634,0,5.13
Wed Jul 22 02:18:27 UTC 2026,1784686707,0,4.42
Wed Jul 22 02:18:59 UTC 2026,1784686739,0,5.26
Wed Jul 22 02:19:31 UTC 2026,1784686771,0,5.2
Wed Jul 22 02:19:44 UTC 2026,1784686784,0,4.23
Wed Jul 22 02:21:10 UTC 2026,1784686870,0,4.47
Wed Jul 22 02:22:23 UTC 2026,1784686943,0,5.02
Wed Jul 22 02:23:41 UTC 2026,1784687021,0,5.0
Wed Jul 22 02:24:04 UTC 2026,1784687044,0,4.65
Wed Jul 22 02:25:26 UTC 2026,1784687126,0,4.69
Wed Jul 22 02:25:48 UTC 2026,1784687148,0,4.93
Wed Jul 22 02:26:25 UTC 2026,1784687185,0,4.4
Wed Jul 22 02:27:33 UTC 2026,1784687253,0,4.99
Wed Jul 22 02:27:55 UTC 2026,1784687275,0,4.21
Wed Jul 22 02:28:36 UTC 2026,1784687316,0,5.14
Wed Jul 22 02:29:16 UTC 2026,1784687356,0,4.58
Wed Jul 22 02:30:30 UTC 2026,1784687430,0,5.21
Wed Jul 22 02:31:33 UTC 2026,1784687493,0,4.48
Wed Jul 22 02:32:14 UTC 2026,1784687534,0,4.88
Wed Jul 22 02:32:59 UTC 2026,1784687579,0,4.53
Wed Jul 22 02:33:23 UTC 2026,1784687603,0,4.89
Wed Jul 22 02:34:26 UTC 2026,1784687666,0,4.85
Wed Jul 22 02:35:48 UTC 2026,1784687748,0,4.42
Wed Jul 22 02:36:11 UTC 2026,1784687771,0,4.35
Wed Jul 22 02:36:52 UTC 2026,1784687812,0,4.82
Wed Jul 22 02:38:23 UTC 2026,1784687903,0,5.07
Wed Jul 22 02:38:46 UTC 2026,1784687926,0,4.55
Wed Jul 22 02:40:17 UTC 2026,1784688017,0,4.51
Wed Jul 22 02:40:45 UTC 2026,1784688045,0,4.79
Wed Jul 22 02:41:25 UTC 2026,1784688085,0,4.73
Wed Jul 22 02:42:16 UTC 2026,1784688136,0,4.26
Wed Jul 22 02:42:33 UTC 2026,1784688153,0,4.82
Wed Jul 22 02:43:37 UTC 2026,1784688217,0,4.44
Wed Jul 22 02:45:26 UTC 2026,1784688326,0,4.33
Wed Jul 22 02:45:35 UTC 2026,1784688335,0,4.74
Wed Jul 22 02:46:56 UTC 2026,1784688416,0,4.28
Wed Jul 22 02:47:10 UTC 2026,1784688430,0,4.77
Wed Jul 22 02:48:00 UTC 2026,1784688480,0,4.47
Wed Jul 22 02:48:04 UTC 2026,1784688484,0,4.71
Wed Jul 22 02:49:55 UTC 2026,1784688595,0,4.67
Wed Jul 22 02:50:35 UTC 2026,1784688635,0,4.39
Wed Jul 22 02:51:43 UTC 2026,1784688703,0,4.31
Wed Jul 22 02:51:47 UTC 2026,1784688707,0,4.63
Wed Jul 22 02:52:56 UTC 2026,1784688776,0,4.77
Wed Jul 22 02:53:33 UTC 2026,1784688813,0,4.23
Wed Jul 22 02:55:30 UTC 2026,1784688930,0,4.79
Wed Jul 22 02:55:35 UTC 2026,1784688935,0,4.19
Wed Jul 22 02:55:40 UTC 2026,1784688940,0,4.78
Wed Jul 22 02:56:11 UTC 2026,1784688971,0,4.08
Wed Jul 22 02:58:00 UTC 2026,1784689080,0,3.44
Wed Jul 22 02:58:51 UTC 2026,1784689131,0,4.8
Wed Jul 22 02:59:04 UTC 2026,1784689144,0,4.1
Wed Jul 22 02:59:13 UTC 2026,1784689153,0,4.81
Wed Jul 22 03:00:45 UTC 2026,1784689245,0,4.16
Wed Jul 22 03:01:33 UTC 2026,1784689293,0,4.67
Wed Jul 22 03:03:09 UTC 2026,1784689389,0,4.65
Wed Jul 22 03:03:18 UTC 2026,1784689398,0,3.98
Wed Jul 22 03:03:59 UTC 2026,1784689439,0,4.63
Wed Jul 22 03:04:32 UTC 2026,1784689472,0,3.93
Wed Jul 22 03:05:49 UTC 2026,1784689549,0,4.91
Wed Jul 22 03:06:16 UTC 2026,1784689576,0,3.97
Wed Jul 22 03:08:14 UTC 2026,1784689694,0,4.13
Wed Jul 22 03:08:28 UTC 2026,1784689708,0,4.75
Wed Jul 22 03:10:13 UTC 2026,1784689813,0,3.85
Wed Jul 22 03:10:17 UTC 2026,1784689817,0,4.9
Wed Jul 22 03:10:30 UTC 2026,1784689830,0,4.8
Wed Jul 22 03:11:47 UTC 2026,1784689907,0,3.92
Wed Jul 22 03:12:52 UTC 2026,1784689972,0,4.64
Wed Jul 22 03:13:05 UTC 2026,1784689985,0,3.96
Wed Jul 22 03:14:13 UTC 2026,1784690053,0,4.73
Wed Jul 22 03:14:26 UTC 2026,1784690066,0,4.13
Wed Jul 22 03:16:07 UTC 2026,1784690167,0,4.59
Wed Jul 22 03:16:11 UTC 2026,1784690171,0,4.24
Wed Jul 22 03:17:32 UTC 2026,1784690252,0,4.6
Wed Jul 22 03:17:38 UTC 2026,1784690258,0,4.1
Wed Jul 22 03:19:46 UTC 2026,1784690386,0,4.24
Wed Jul 22 03:20:03 UTC 2026,1784690403,0,4.55
Wed Jul 22 03:21:25 UTC 2026,1784690485,0,4.24
Wed Jul 22 03:21:42 UTC 2026,1784690502,0,4.53
Wed Jul 22 03:22:37 UTC 2026,1784690557,0,3.79
Wed Jul 22 03:23:32 UTC 2026,1784690612,0,4.8
Wed Jul 22 03:24:54 UTC 2026,1784690694,0,3.65
Wed Jul 22 03:25:03 UTC 2026,1784690703,0,4.72
Wed Jul 22 03:25:21 UTC 2026,1784690721,0,3.67
Wed Jul 22 03:25:34 UTC 2026,1784690734,0,4.62
Wed Jul 22 03:28:05 UTC 2026,1784690885,0,5.05
Wed Jul 22 03:28:36 UTC 2026,1784690916,0,3.94
Wed Jul 22 03:28:46 UTC 2026,1784690926,0,4.47
Wed Jul 22 03:29:53 UTC 2026,1784690993,0,3.78
Wed Jul 22 03:30:42 UTC 2026,1784691042,0,3.95
Wed Jul 22 03:30:48 UTC 2026,1784691048,0,4.53
Wed Jul 22 03:32:46 UTC 2026,1784691166,0,3.8
Wed Jul 22 03:33:26 UTC 2026,1784691206,0,4.9
Wed Jul 22 03:34:39 UTC 2026,1784691279,0,3.22
Wed Jul 22 03:34:44 UTC 2026,1784691284,0,4.8
Wed Jul 22 03:35:17 UTC 2026,1784691317,0,3.35
Wed Jul 22 03:36:52 UTC 2026,1784691412,0,4.35
Wed Jul 22 03:37:06 UTC 2026,1784691426,0,3.94
Wed Jul 22 03:37:19 UTC 2026,1784691439,0,4.39
Wed Jul 22 03:39:58 UTC 2026,1784691598,0,4.37
Wed Jul 22 03:40:08 UTC 2026,1784691608,0,3.94
Wed Jul 22 03:41:16 UTC 2026,1784691676,0,4.34
Wed Jul 22 03:41:43 UTC 2026,1784691703,0,3.79
Wed Jul 22 03:42:05 UTC 2026,1784691725,0,4.29
Wed Jul 22 03:43:09 UTC 2026,1784691789,0,3.93
Wed Jul 22 03:43:37 UTC 2026,1784691817,0,4.26
Wed Jul 22 03:44:39 UTC 2026,1784691879,0,3.66
Wed Jul 22 03:45:30 UTC 2026,1784691930,0,4.49
Wed Jul 22 03:46:07 UTC 2026,1784691967,0,3.5
Wed Jul 22 03:46:57 UTC 2026,1784692017,0,4.29
Wed Jul 22 03:47:34 UTC 2026,1784692054,0,3.65
Wed Jul 22 03:48:50 UTC 2026,1784692130,0,4.18
Wed Jul 22 03:50:03 UTC 2026,1784692203,0,3.91
Wed Jul 22 03:51:38 UTC 2026,1784692298,0,4.16
Wed Jul 22 03:51:44 UTC 2026,1784692304,0,3.9
Wed Jul 22 03:52:55 UTC 2026,1784692375,0,4.14
Wed Jul 22 03:53:10 UTC 2026,1784692390,0,3.85
Wed Jul 22 03:53:32 UTC 2026,1784692412,0,4.11
Wed Jul 22 03:54:32 UTC 2026,1784692472,0,3.88
Wed Jul 22 03:55:26 UTC 2026,1784692526,0,3.92
Wed Jul 22 03:56:07 UTC 2026,1784692567,0,4.11
Wed Jul 22 03:57:29 UTC 2026,1784692649,0,4.12
Wed Jul 22 03:58:19 UTC 2026,1784692699,0,3.91
Wed Jul 22 03:58:50 UTC 2026,1784692730,0,4.11
Wed Jul 22 03:58:55 UTC 2026,1784692735,0,3.79
Wed Jul 22 04:01:19 UTC 2026,1784692879,0,3.69
Wed Jul 22 04:01:29 UTC 2026,1784692889,0,4.35
Wed Jul 22 04:01:47 UTC 2026,1784692907,0,4.48
Wed Jul 22 04:02:42 UTC 2026,1784692962,0,3.47
Wed Jul 22 04:03:50 UTC 2026,1784693030,0,3.37
Wed Jul 22 04:03:59 UTC 2026,1784693039,0,4.41
Wed Jul 22 04:05:03 UTC 2026,1784693103,0,4.19
Wed Jul 22 04:05:43 UTC 2026,1784693143,0,3.73
Wed Jul 22 04:07:51 UTC 2026,1784693271,0,4.08
Wed Jul 22 04:09:04 UTC 2026,1784693344,0,4.31
Wed Jul 22 04:09:18 UTC 2026,1784693358,0,3.77
Wed Jul 22 04:10:08 UTC 2026,1784693408,0,4.16
Wed Jul 22 04:10:21 UTC 2026,1784693421,0,3.76
Wed Jul 22 04:11:53 UTC 2026,1784693513,0,3.84
Wed Jul 22 04:12:47 UTC 2026,1784693567,0,4.14
Wed Jul 22 04:13:23 UTC 2026,1784693603,0,4.04
Wed Jul 22 04:14:22 UTC 2026,1784693662,0,3.66
Wed Jul 22 04:15:30 UTC 2026,1784693730,0,4.16
Wed Jul 22 04:15:57 UTC 2026,1784693757,0,3.68
Wed Jul 22 04:16:52 UTC 2026,1784693812,0,3.69
Wed Jul 22 04:17:01 UTC 2026,1784693821,0,4.28
Wed Jul 22 04:18:55 UTC 2026,1784693935,0,3.67
Wed Jul 22 04:19:40 UTC 2026,1784693980,0,4.2
Wed Jul 22 04:19:50 UTC 2026,1784693990,0,4.26
Wed Jul 22 04:20:17 UTC 2026,1784694017,0,3.71
Wed Jul 22 04:21:34 UTC 2026,1784694094,0,3.96
Wed Jul 22 04:22:51 UTC 2026,1784694171,0,3.8
Wed Jul 22 04:23:46 UTC 2026,1784694226,0,3.92
Wed Jul 22 04:24:13 UTC 2026,1784694253,0,3.68
Wed Jul 22 04:24:53 UTC 2026,1784694293,0,3.96
Wed Jul 22 04:26:20 UTC 2026,1784694380,0,3.53
Wed Jul 22 04:27:15 UTC 2026,1784694435,0,3.97
Wed Jul 22 04:27:46 UTC 2026,1784694466,0,3.65
Wed Jul 22 04:28:05 UTC 2026,1784694485,0,3.58
Wed Jul 22 04:28:14 UTC 2026,1784694494,0,4.0
Wed Jul 22 04:30:45 UTC 2026,1784694645,0,3.54
Wed Jul 22 04:31:02 UTC 2026,1784694662,0,4.11
Wed Jul 22 04:32:10 UTC 2026,1784694730,0,3.63
Wed Jul 22 04:32:43 UTC 2026,1784694763,0,3.97
Wed Jul 22 04:33:33 UTC 2026,1784694813,0,3.62
Wed Jul 22 04:33:59 UTC 2026,1784694839,0,3.97
Wed Jul 22 04:35:21 UTC 2026,1784694921,0,3.94
Wed Jul 22 04:36:02 UTC 2026,1784694962,0,3.47
Wed Jul 22 04:37:47 UTC 2026,1784695067,0,4.12
Wed Jul 22 04:37:52 UTC 2026,1784695072,0,3.49
Wed Jul 22 04:38:14 UTC 2026,1784695094,0,3.94
Wed Jul 22 04:39:31 UTC 2026,1784695171,0,3.61
Wed Jul 22 04:40:53 UTC 2026,1784695253,0,4.04
Wed Jul 22 04:41:08 UTC 2026,1784695268,0,3.59
Wed Jul 22 04:41:25 UTC 2026,1784695285,0,3.58
Wed Jul 22 04:41:34 UTC 2026,1784695294,0,3.93
Wed Jul 22 04:44:08 UTC 2026,1784695448,0,3.53
Wed Jul 22 04:44:26 UTC 2026,1784695466,0,4.05
Wed Jul 22 04:44:59 UTC 2026,1784695499,0,3.45
Wed Jul 22 04:45:22 UTC 2026,1784695522,0,3.95
Wed Jul 22 04:47:38 UTC 2026,1784695658,0,3.33
Wed Jul 22 04:47:42 UTC 2026,1784695662,0,4.32
Wed Jul 22 04:49:04 UTC 2026,1784695744,0,4.2
Wed Jul 22 04:49:18 UTC 2026,1784695758,0,3.25
Wed Jul 22 04:49:32 UTC 2026,1784695772,0,4.1
Wed Jul 22 04:50:17 UTC 2026,1784695817,0,3.48
Wed Jul 22 04:51:34 UTC 2026,1784695894,0,3.45
Wed Jul 22 04:51:43 UTC 2026,1784695903,0,3.83
Wed Jul 22 04:53:38 UTC 2026,1784696018,0,4.0
Wed Jul 22 04:54:08 UTC 2026,1784696048,0,3.47
Wed Jul 22 04:54:45 UTC 2026,1784696085,0,3.48
Wed Jul 22 04:55:03 UTC 2026,1784696103,0,3.96
Wed Jul 22 04:56:34 UTC 2026,1784696194,0,3.34
Wed Jul 22 04:56:57 UTC 2026,1784696217,0,3.92
Wed Jul 22 04:57:48 UTC 2026,1784696268,0,3.77
Wed Jul 22 04:59:13 UTC 2026,1784696353,0,3.39
Wed Jul 22 04:59:44 UTC 2026,1784696384,0,3.95
Wed Jul 22 05:00:53 UTC 2026,1784696453,0,3.42
Wed Jul 22 05:01:21 UTC 2026,1784696481,0,3.56
Wed Jul 22 05:02:32 UTC 2026,1784696552,0,3.96
Wed Jul 22 05:03:59 UTC 2026,1784696639,0,3.99
Wed Jul 22 05:04:18 UTC 2026,1784696658,0,3.44
Wed Jul 22 05:04:22 UTC 2026,1784696662,0,3.82
Wed Jul 22 05:04:27 UTC 2026,1784696667,0,3.42
Wed Jul 22 05:07:23 UTC 2026,1784696843,0,3.96
Wed Jul 22 05:07:29 UTC 2026,1784696849,0,3.5
Wed Jul 22 05:07:52 UTC 2026,1784696872,0,3.22
Wed Jul 22 05:09:09 UTC 2026,1784696949,0,4.0
Wed Jul 22 05:09:45 UTC 2026,1784696985,0,4.24
Wed Jul 22 05:09:59 UTC 2026,1784696999,0,3.4
Wed Jul 22 05:11:49 UTC 2026,1784697109,0,3.3
Wed Jul 22 05:12:19 UTC 2026,1784697139,0,3.94
Wed Jul 22 05:12:47 UTC 2026,1784697167,0,3.97
Wed Jul 22 05:13:00 UTC 2026,1784697180,0,3.31
Wed Jul 22 05:14:49 UTC 2026,1784697289,0,3.13
Wed Jul 22 05:14:54 UTC 2026,1784697294,0,4.0
Wed Jul 22 05:16:48 UTC 2026,1784697408,0,3.21
Wed Jul 22 05:17:24 UTC 2026,1784697444,0,4.07
Wed Jul 22 05:17:50 UTC 2026,1784697470,0,3.27
Wed Jul 22 05:18:23 UTC 2026,1784697503,0,3.86
Wed Jul 22 05:19:41 UTC 2026,1784697581,0,3.87
Wed Jul 22 05:20:08 UTC 2026,1784697608,0,3.41
Wed Jul 22 05:20:53 UTC 2026,1784697653,0,3.86
Wed Jul 22 05:21:56 UTC 2026,1784697716,0,3.39
Wed Jul 22 05:23:23 UTC 2026,1784697803,0,3.44
Wed Jul 22 05:24:04 UTC 2026,1784697844,0,3.79
Wed Jul 22 05:24:49 UTC 2026,1784697889,0,3.76
Wed Jul 22 05:25:40 UTC 2026,1784697940,0,3.35
Wed Jul 22 05:25:49 UTC 2026,1784697949,0,3.84
Wed Jul 22 05:27:01 UTC 2026,1784698021,0,3.29
Wed Jul 22 05:28:28 UTC 2026,1784698108,0,3.49
Wed Jul 22 05:28:55 UTC 2026,1784698135,0,3.85
Wed Jul 22 05:29:22 UTC 2026,1784698162,0,3.89
Wed Jul 22 05:30:40 UTC 2026,1784698240,0,3.34
Wed Jul 22 05:31:34 UTC 2026,1784698294,0,3.89
Wed Jul 22 05:32:06 UTC 2026,1784698326,0,3.18
Wed Jul 22 05:34:00 UTC 2026,1784698440,0,3.82
Wed Jul 22 05:34:59 UTC 2026,1784698499,0,3.73
Wed Jul 22 05:35:27 UTC 2026,1784698527,0,2.48
Wed Jul 22 05:36:03 UTC 2026,1784698563,0,2.9
Wed Jul 22 05:37:06 UTC 2026,1784698626,0,3.79
Wed Jul 22 05:38:10 UTC 2026,1784698690,0,3.72
Wed Jul 22 05:38:27 UTC 2026,1784698707,0,3.06
Wed Jul 22 05:40:13 UTC 2026,1784698813,0,3.19
Wed Jul 22 05:40:26 UTC 2026,1784698826,0,3.61
Wed Jul 22 05:41:20 UTC 2026,1784698880,0,3.66
Wed Jul 22 05:41:56 UTC 2026,1784698916,0,2.94
Wed Jul 22 05:42:56 UTC 2026,1784698976,0,3.96
Wed Jul 22 05:43:51 UTC 2026,1784699031,0,2.89
Wed Jul 22 05:44:04 UTC 2026,1784699044,0,2.96
Wed Jul 22 05:44:17 UTC 2026,1784699057,0,3.76
Wed Jul 22 05:45:53 UTC 2026,1784699153,0,3.77
Wed Jul 22 05:46:52 UTC 2026,1784699212,0,3.19
Wed Jul 22 05:47:38 UTC 2026,1784699258,0,2.93
Wed Jul 22 05:48:46 UTC 2026,1784699326,0,3.81
Wed Jul 22 05:49:49 UTC 2026,1784699389,0,3.75
Wed Jul 22 05:50:03 UTC 2026,1784699403,0,3.16
Wed Jul 22 05:51:48 UTC 2026,1784699508,0,3.22
Wed Jul 22 05:52:02 UTC 2026,1784699522,0,3.9
Wed Jul 22 05:52:20 UTC 2026,1784699540,0,3.2
Wed Jul 22 05:53:28 UTC 2026,1784699608,0,3.93
Wed Jul 22 05:54:41 UTC 2026,1784699681,0,3.78
Wed Jul 22 05:54:55 UTC 2026,1784699695,0,3.26
Wed Jul 22 05:56:47 UTC 2026,1784699807,0,3.27
Wed Jul 22 05:57:01 UTC 2026,1784699821,0,3.78
Wed Jul 22 05:57:28 UTC 2026,1784699848,0,2.92
Wed Jul 22 05:58:24 UTC 2026,1784699904,0,4.18
Wed Jul 22 05:59:01 UTC 2026,1784699941,0,3.58
Wed Jul 22 05:59:27 UTC 2026,1784699967,0,2.99
Wed Jul 22 06:00:31 UTC 2026,1784700031,0,3.75
Wed Jul 22 06:01:38 UTC 2026,1784700098,0,3.14
Wed Jul 22 06:03:05 UTC 2026,1784700185,0,3.17
Wed Jul 22 06:03:41 UTC 2026,1784700221,0,3.79
Wed Jul 22 06:04:50 UTC 2026,1784700290,0,3.18
Wed Jul 22 06:05:40 UTC 2026,1784700340,0,3.12
Wed Jul 22 06:06:21 UTC 2026,1784700381,0,3.8
Wed Jul 22 06:07:10 UTC 2026,1784700430,0,3.12
Wed Jul 22 06:07:55 UTC 2026,1784700475,0,3.74
Wed Jul 22 06:08:56 UTC 2026,1784700536,0,3.77
Wed Jul 22 06:09:17 UTC 2026,1784700557,0,3.39
Wed Jul 22 06:10:58 UTC 2026,1784700658,0,3.32
Wed Jul 22 06:11:57 UTC 2026,1784700717,0,3.86
Wed Jul 22 06:13:06 UTC 2026,1784700786,0,3.08
Wed Jul 22 06:13:38 UTC 2026,1784700818,0,4.06
Wed Jul 22 06:13:56 UTC 2026,1784700836,0,3.11
Wed Jul 22 06:14:36 UTC 2026,1784700876,0,3.69
Wed Jul 22 06:16:15 UTC 2026,1784700975,0,2.39
Wed Jul 22 06:16:35 UTC 2026,1784700995,0,3.98
Wed Jul 22 06:17:48 UTC 2026,1784701068,0,3.14
Wed Jul 22 06:18:23 UTC 2026,1784701103,0,3.75
Wed Jul 22 06:18:42 UTC 2026,1784701122,0,3.21
Wed Jul 22 06:18:50 UTC 2026,1784701130,0,3.94
Wed Jul 22 06:20:35 UTC 2026,1784701235,0,3.65
Wed Jul 22 06:21:44 UTC 2026,1784701304,0,3.18
Wed Jul 22 06:22:02 UTC 2026,1784701322,0,3.78
Wed Jul 22 06:23:20 UTC 2026,1784701400,0,3.28
Wed Jul 22 06:23:37 UTC 2026,1784701417,0,3.76
Wed Jul 22 06:24:45 UTC 2026,1784701485,0,2.85
Wed Jul 22 06:25:54 UTC 2026,1784701554,0,2.66
Wed Jul 22 06:26:21 UTC 2026,1784701581,0,3.89
Wed Jul 22 06:27:15 UTC 2026,1784701635,0,3.94
Wed Jul 22 06:27:34 UTC 2026,1784701654,0,2.86
Wed Jul 22 06:28:45 UTC 2026,1784701725,0,3.54
Wed Jul 22 06:29:23 UTC 2026,1784701763,0,2.54
Wed Jul 22 06:30:22 UTC 2026,1784701822,0,3.05
Wed Jul 22 06:30:45 UTC 2026,1784701845,0,3.58
Wed Jul 22 06:31:53 UTC 2026,1784701913,0,3.62
Wed Jul 22 06:33:15 UTC 2026,1784701995,0,3.09
Wed Jul 22 06:34:05 UTC 2026,1784702045,0,2.98
Wed Jul 22 06:34:14 UTC 2026,1784702054,0,3.81
Wed Jul 22 06:35:44 UTC 2026,1784702144,0,3.22
Wed Jul 22 06:36:16 UTC 2026,1784702176,0,3.89
Wed Jul 22 06:37:16 UTC 2026,1784702236,0,3.31
Wed Jul 22 06:37:57 UTC 2026,1784702277,0,3.76
Wed Jul 22 06:39:18 UTC 2026,1784702358,0,3.34
Wed Jul 22 06:39:40 UTC 2026,1784702380,0,3.71
Wed Jul 22 06:41:07 UTC 2026,1784702467,0,3.31
Wed Jul 22 06:41:12 UTC 2026,1784702472,0,3.72
Wed Jul 22 06:41:57 UTC 2026,1784702517,0,3.33
Wed Jul 22 06:42:33 UTC 2026,1784702553,0,3.72
Wed Jul 22 06:44:41 UTC 2026,1784702681,0,3.33
Wed Jul 22 06:45:03 UTC 2026,1784702703,0,3.13
Wed Jul 22 06:45:26 UTC 2026,1784702726,0,3.93
Wed Jul 22 06:46:47 UTC 2026,1784702807,0,3.02
Wed Jul 22 06:47:42 UTC 2026,1784702862,0,3.79
Wed Jul 22 06:49:40 UTC 2026,1784702980,0,3.76
Wed Jul 22 06:49:46 UTC 2026,1784702986,0,3.17
Wed Jul 22 06:50:44 UTC 2026,1784703044,0,3.93
Wed Jul 22 06:51:16 UTC 2026,1784703076,0,2.97
Wed Jul 22 06:52:02 UTC 2026,1784703122,0,3.25
Wed Jul 22 06:52:28 UTC 2026,1784703148,0,3.67
Wed Jul 22 06:53:36 UTC 2026,1784703216,0,3.64
Wed Jul 22 06:54:00 UTC 2026,1784703240,0,3.25
Wed Jul 22 06:55:07 UTC 2026,1784703307,0,2.81
Wed Jul 22 06:55:25 UTC 2026,1784703325,0,3.69
Wed Jul 22 06:57:33 UTC 2026,1784703453,0,3.18
Wed Jul 22 06:58:32 UTC 2026,1784703512,0,3.64
Wed Jul 22 06:59:27 UTC 2026,1784703567,0,3.18
Wed Jul 22 07:00:30 UTC 2026,1784703630,0,3.2
Wed Jul 22 07:01:02 UTC 2026,1784703662,0,3.73
Wed Jul 22 07:01:43 UTC 2026,1784703703,0,3.17
Wed Jul 22 07:02:09 UTC 2026,1784703729,0,3.73
Wed Jul 22 07:03:09 UTC 2026,1784703789,0,3.61
Wed Jul 22 07:04:31 UTC 2026,1784703871,0,3.29
Wed Jul 22 07:05:21 UTC 2026,1784703921,0,3.19
Wed Jul 22 07:05:44 UTC 2026,1784703944,0,3.67
Wed Jul 22 07:06:33 UTC 2026,1784703993,0,4.06
Wed Jul 22 07:07:06 UTC 2026,1784704026,0,2.75
Wed Jul 22 07:08:27 UTC 2026,1784704107,0,3.6
Wed Jul 22 07:09:18 UTC 2026,1784704158,0,3.12
Wed Jul 22 07:10:21 UTC 2026,1784704221,0,3.53
Wed Jul 22 07:12:02 UTC 2026,1784704322,0,3.29
Wed Jul 22 07:12:51 UTC 2026,1784704371,0,3.65
Wed Jul 22 07:13:37 UTC 2026,1784704417,0,3.14
Wed Jul 22 07:14:53 UTC 2026,1784704493,0,3.11
Wed Jul 22 07:15:25 UTC 2026,1784704525,0,3.55
Wed Jul 22 07:17:19 UTC 2026,1784704639,0,3.15
Wed Jul 22 07:17:27 UTC 2026,1784704647,0,3.78
Wed Jul 22 07:19:13 UTC 2026,1784704753,0,2.65
Wed Jul 22 07:19:27 UTC 2026,1784704767,0,3.72
Wed Jul 22 07:19:49 UTC 2026,1784704789,0,4.02
Wed Jul 22 07:20:16 UTC 2026,1784704816,0,2.98
Wed Jul 22 07:22:28 UTC 2026,1784704948,0,2.76
Wed Jul 22 07:22:32 UTC 2026,1784704952,0,4.12
Wed Jul 22 07:23:10 UTC 2026,1784704990,0,3.81
Wed Jul 22 07:23:18 UTC 2026,1784704998,0,2.04
Wed Jul 22 07:24:36 UTC 2026,1784705076,0,3.75
Wed Jul 22 07:25:26 UTC 2026,1784705126,0,2.94
Wed Jul 22 07:26:56 UTC 2026,1784705216,0,3.63
Wed Jul 22 07:27:33 UTC 2026,1784705253,0,3.17
Wed Jul 22 07:28:27 UTC 2026,1784705307,0,3.98
Wed Jul 22 07:29:16 UTC 2026,1784705356,0,3.15
Wed Jul 22 07:30:24 UTC 2026,1784705424,0,3.14
Wed Jul 22 07:31:06 UTC 2026,1784705466,0,3.73
Wed Jul 22 07:31:24 UTC 2026,1784705484,0,3.65
Wed Jul 22 07:31:30 UTC 2026,1784705490,0,3.07
Wed Jul 22 07:33:13 UTC 2026,1784705593,0,3.59
Wed Jul 22 07:33:59 UTC 2026,1784705639,0,2.98
Wed Jul 22 07:34:53 UTC 2026,1784705693,0,3.79
Wed Jul 22 07:36:01 UTC 2026,1784705761,0,3.04
Wed Jul 22 07:36:15 UTC 2026,1784705775,0,3.25
Wed Jul 22 07:37:42 UTC 2026,1784705862,0,3.81
Wed Jul 22 07:37:59 UTC 2026,1784705879,0,3.67
Wed Jul 22 07:38:03 UTC 2026,1784705883,0,3.17
Wed Jul 22 07:39:50 UTC 2026,1784705990,0,3.06
Wed Jul 22 07:40:52 UTC 2026,1784706052,0,3.66
Wed Jul 22 07:41:28 UTC 2026,1784706088,0,3.24
Wed Jul 22 07:41:52 UTC 2026,1784706112,0,3.71
Wed Jul 22 07:43:45 UTC 2026,1784706225,0,3.64
Wed Jul 22 07:43:59 UTC 2026,1784706239,0,3.24
Wed Jul 22 07:44:34 UTC 2026,1784706274,0,3.88
Wed Jul 22 07:45:11 UTC 2026,1784706311,0,3.17
Wed Jul 22 07:46:20 UTC 2026,1784706380,0,3.18
Wed Jul 22 07:47:19 UTC 2026,1784706439,0,3.92
Wed Jul 22 07:48:31 UTC 2026,1784706511,0,3.58
Wed Jul 22 07:48:58 UTC 2026,1784706538,0,3.22
Wed Jul 22 07:49:31 UTC 2026,1784706571,0,3.25
Wed Jul 22 07:49:39 UTC 2026,1784706579,0,3.68
Wed Jul 22 07:51:43 UTC 2026,1784706703,0,4.01
Wed Jul 22 07:51:47 UTC 2026,1784706707,0,2.76
Wed Jul 22 07:52:41 UTC 2026,1784706761,0,2.9
Wed Jul 22 07:53:41 UTC 2026,1784706821,0,3.93
Wed Jul 22 07:54:27 UTC 2026,1784706867,0,3.5
Wed Jul 22 07:55:12 UTC 2026,1784706912,0,2.92
Wed Jul 22 07:56:29 UTC 2026,1784706989,0,3.69
Wed Jul 22 07:57:32 UTC 2026,1784707052,0,3.11
Wed Jul 22 07:59:07 UTC 2026,1784707147,0,2.99
Wed Jul 22 07:59:12 UTC 2026,1784707152,0,3.81
Wed Jul 22 07:59:31 UTC 2026,1784707171,0,2.84
Wed Jul 22 07:59:52 UTC 2026,1784707192,0,3.53
Wed Jul 22 08:02:06 UTC 2026,1784707326,0,3.59
Wed Jul 22 08:02:32 UTC 2026,1784707352,0,3.09
Wed Jul 22 08:03:17 UTC 2026,1784707397,0,2.99
Wed Jul 22 08:03:54 UTC 2026,1784707434,0,3.65
Wed Jul 22 08:04:17 UTC 2026,1784707457,0,3.57
Wed Jul 22 08:05:39 UTC 2026,1784707539,0,2.65
Wed Jul 22 08:06:16 UTC 2026,1784707576,0,2.87
Wed Jul 22 08:06:42 UTC 2026,1784707602,0,3.71
Wed Jul 22 08:07:55 UTC 2026,1784707675,0,3.04
Wed Jul 22 08:08:23 UTC 2026,1784707703,0,3.69
Wed Jul 22 08:10:07 UTC 2026,1784707807,0,3.68
Wed Jul 22 08:10:16 UTC 2026,1784707816,0,3.03
Wed Jul 22 08:11:07 UTC 2026,1784707867,0,3.69
Wed Jul 22 08:12:09 UTC 2026,1784707929,0,3.06
Wed Jul 22 08:13:28 UTC 2026,1784708008,0,2.78
Wed Jul 22 08:13:45 UTC 2026,1784708025,0,3.57
Wed Jul 22 08:14:13 UTC 2026,1784708053,0,2.94
Wed Jul 22 08:14:58 UTC 2026,1784708098,0,3.46
Wed Jul 22 08:15:52 UTC 2026,1784708152,0,3.09
Wed Jul 22 08:16:11 UTC 2026,1784708171,0,3.48
Wed Jul 22 08:18:23 UTC 2026,1784708303,0,3.15
Wed Jul 22 08:18:40 UTC 2026,1784708320,0,3.54
Wed Jul 22 08:19:03 UTC 2026,1784708343,0,3.43
Wed Jul 22 08:20:12 UTC 2026,1784708412,0,2.97
Wed Jul 22 08:20:52 UTC 2026,1784708452,0,3.45
Wed Jul 22 08:22:01 UTC 2026,1784708521,0,3.09
Wed Jul 22 08:23:09 UTC 2026,1784708589,0,2.98
Wed Jul 22 08:23:17 UTC 2026,1784708597,0,3.48
Wed Jul 22 08:24:44 UTC 2026,1784708684,0,3.04
Wed Jul 22 08:25:08 UTC 2026,1784708708,0,3.47
Wed Jul 22 08:25:49 UTC 2026,1784708749,0,3.45
Wed Jul 22 08:26:43 UTC 2026,1784708803,0,2.83
Wed Jul 22 08:27:28 UTC 2026,1784708848,0,2.97
Wed Jul 22 08:28:04 UTC 2026,1784708884,0,3.3
Wed Jul 22 08:30:08 UTC 2026,1784709008,0,3.0
Wed Jul 22 08:30:21 UTC 2026,1784709021,0,3.56
Wed Jul 22 08:31:24 UTC 2026,1784709084,0,3.36
Wed Jul 22 08:31:51 UTC 2026,1784709111,0,2.93
Wed Jul 22 08:32:56 UTC 2026,1784709176,0,3.01
Wed Jul 22 08:33:09 UTC 2026,1784709189,0,3.21
Wed Jul 22 08:35:07 UTC 2026,1784709307,0,3.29
Wed Jul 22 08:35:26 UTC 2026,1784709326,0,2.46
Wed Jul 22 08:35:34 UTC 2026,1784709334,0,2.57
Wed Jul 22 08:36:57 UTC 2026,1784709417,0,3.33
Wed Jul 22 08:37:19 UTC 2026,1784709439,0,3.0
Wed Jul 22 08:37:37 UTC 2026,1784709457,0,3.39
Wed Jul 22 08:39:17 UTC 2026,1784709557,0,3.03
Wed Jul 22 08:39:36 UTC 2026,1784709576,0,3.32
Wed Jul 22 08:41:16 UTC 2026,1784709676,0,2.98
Wed Jul 22 08:42:05 UTC 2026,1784709725,0,3.51
Wed Jul 22 08:42:18 UTC 2026,1784709738,0,3.6
Wed Jul 22 08:42:28 UTC 2026,1784709748,0,2.89
Wed Jul 22 08:44:32 UTC 2026,1784709872,0,3.0
Wed Jul 22 08:45:26 UTC 2026,1784709926,0,3.58
Wed Jul 22 08:45:34 UTC 2026,1784709934,0,3.62
Wed Jul 22 08:46:01 UTC 2026,1784709961,0,2.65
Wed Jul 22 08:47:36 UTC 2026,1784710056,0,3.79
Wed Jul 22 08:47:46 UTC 2026,1784710066,0,2.49
Wed Jul 22 08:48:55 UTC 2026,1784710135,0,3.59
Wed Jul 22 08:48:59 UTC 2026,1784710139,0,2.57
Wed Jul 22 08:50:57 UTC 2026,1784710257,0,3.28
Wed Jul 22 08:51:15 UTC 2026,1784710275,0,2.92
Wed Jul 22 08:52:28 UTC 2026,1784710348,0,3.37
Wed Jul 22 08:52:56 UTC 2026,1784710376,0,2.99
Wed Jul 22 08:54:17 UTC 2026,1784710457,0,3.34
Wed Jul 22 08:54:48 UTC 2026,1784710488,0,2.83
Wed Jul 22 08:55:25 UTC 2026,1784710525,0,2.62
Wed Jul 22 08:56:11 UTC 2026,1784710571,0,3.4
Wed Jul 22 08:57:02 UTC 2026,1784710622,0,2.79
Wed Jul 22 08:57:42 UTC 2026,1784710662,0,3.35
Wed Jul 22 08:58:40 UTC 2026,1784710720,0,3.29
Wed Jul 22 08:58:50 UTC 2026,1784710730,0,2.79
Wed Jul 22 09:01:25 UTC 2026,1784710885,0,2.9
Wed Jul 22 09:01:46 UTC 2026,1784710906,0,3.17
Wed Jul 22 09:02:41 UTC 2026,1784710961,0,3.39
Wed Jul 22 09:03:04 UTC 2026,1784710984,0,2.98
Wed Jul 22 09:03:50 UTC 2026,1784711030,0,3.25
Wed Jul 22 09:04:00 UTC 2026,1784711040,0,2.84
Wed Jul 22 09:05:34 UTC 2026,1784711134,0,3.29
Wed Jul 22 09:05:43 UTC 2026,1784711143,0,2.91
Wed Jul 22 09:06:56 UTC 2026,1784711216,0,3.26
Wed Jul 22 09:07:47 UTC 2026,1784711267,0,2.91
Wed Jul 22 09:08:45 UTC 2026,1784711325,0,2.96
Wed Jul 22 09:09:17 UTC 2026,1784711357,0,3.29
Wed Jul 22 09:09:25 UTC 2026,1784711365,0,3.11
Wed Jul 22 09:09:31 UTC 2026,1784711371,0,3.08
Wed Jul 22 09:09:40 UTC 2026,1784711380,0,2.98
Wed Jul 22 09:09:58 UTC 2026,1784711398,0,3.25
Wed Jul 22 09:10:12 UTC 2026,1784711412,0,3.29
Wed Jul 22 09:10:53 UTC 2026,1784711453,0,2.92
Wed Jul 22 09:11:56 UTC 2026,1784711516,0,3.02
Wed Jul 22 09:12:37 UTC 2026,1784711557,0,3.31
Wed Jul 22 09:14:12 UTC 2026,1784711652,0,2.9
Wed Jul 22 09:14:26 UTC 2026,1784711666,0,3.23
Wed Jul 22 09:15:39 UTC 2026,1784711739,0,3.29
Wed Jul 22 09:15:43 UTC 2026,1784711743,0,2.97
Wed Jul 22 09:17:32 UTC 2026,1784711852,0,3.26
Wed Jul 22 09:17:45 UTC 2026,1784711865,0,2.89
Wed Jul 22 09:18:40 UTC 2026,1784711920,0,3.22
Wed Jul 22 09:19:40 UTC 2026,1784711980,0,2.87
Wed Jul 22 09:20:34 UTC 2026,1784712034,0,2.94
Wed Jul 22 09:21:10 UTC 2026,1784712070,0,3.19
Wed Jul 22 09:21:51 UTC 2026,1784712111,0,2.92
Wed Jul 22 09:22:14 UTC 2026,1784712134,0,3.14
Wed Jul 22 09:24:35 UTC 2026,1784712275,0,2.88
Wed Jul 22 09:24:39 UTC 2026,1784712279,0,3.18
Wed Jul 22 09:26:01 UTC 2026,1784712361,0,2.93
Wed Jul 22 09:26:47 UTC 2026,1784712407,0,3.11
Wed Jul 22 09:26:57 UTC 2026,1784712417,0,2.93
Wed Jul 22 09:29:44 UTC 2026,1784712584,0,3.18
Wed Jul 22 09:29:57 UTC 2026,1784712597,0,2.89
Wed Jul 22 09:30:39 UTC 2026,1784712639,0,3.21
Wed Jul 22 09:30:53 UTC 2026,1784712653,0,2.71
Wed Jul 22 09:31:48 UTC 2026,1784712708,0,2.84
Wed Jul 22 09:32:09 UTC 2026,1784712729,0,3.11
Wed Jul 22 09:34:30 UTC 2026,1784712870,0,3.1
Wed Jul 22 09:34:49 UTC 2026,1784712889,0,2.55
Wed Jul 22 09:35:17 UTC 2026,1784712917,0,2.65
Wed Jul 22 09:36:32 UTC 2026,1784712992,0,3.15
Wed Jul 22 09:36:42 UTC 2026,1784713002,0,3.19
Wed Jul 22 09:37:54 UTC 2026,1784713074,0,2.82
Wed Jul 22 09:38:18 UTC 2026,1784713098,0,2.84
Wed Jul 22 09:38:22 UTC 2026,1784713102,0,3.11
Wed Jul 22 09:40:12 UTC 2026,1784713212,0,2.83
Wed Jul 22 09:41:29 UTC 2026,1784713289,0,3.13
Wed Jul 22 09:42:37 UTC 2026,1784713357,0,2.85
Wed Jul 22 09:43:09 UTC 2026,1784713389,0,3.15
Wed Jul 22 09:44:17 UTC 2026,1784713457,0,3.12
Wed Jul 22 09:44:30 UTC 2026,1784713470,0,2.8
Wed Jul 22 09:45:29 UTC 2026,1784713529,0,3.06
Wed Jul 22 09:45:52 UTC 2026,1784713552,0,2.8
Wed Jul 22 09:47:10 UTC 2026,1784713630,0,3.17
Wed Jul 22 09:47:27 UTC 2026,1784713647,0,2.76
Wed Jul 22 09:49:08 UTC 2026,1784713748,0,2.67
Wed Jul 22 09:49:16 UTC 2026,1784713756,0,3.09
Wed Jul 22 09:50:20 UTC 2026,1784713820,0,2.83
Wed Jul 22 09:50:48 UTC 2026,1784713848,0,3.04
Wed Jul 22 09:52:00 UTC 2026,1784713920,0,3.0
Wed Jul 22 09:52:37 UTC 2026,1784713957,0,2.77
Wed Jul 22 09:53:22 UTC 2026,1784714002,0,3.06
Wed Jul 22 09:53:45 UTC 2026,1784714025,0,2.71
Wed Jul 22 09:55:11 UTC 2026,1784714111,0,3.02
Wed Jul 22 09:55:33 UTC 2026,1784714133,0,2.64
Wed Jul 22 09:56:28 UTC 2026,1784714188,0,2.72
Wed Jul 22 09:57:13 UTC 2026,1784714233,0,2.95
Wed Jul 22 09:59:02 UTC 2026,1784714342,0,3.02
Wed Jul 22 09:59:39 UTC 2026,1784714379,0,2.75
Wed Jul 22 10:01:10 UTC 2026,1784714470,0,3.12
Wed Jul 22 10:01:18 UTC 2026,1784714478,0,2.77
Wed Jul 22 10:02:13 UTC 2026,1784714533,0,2.71
Wed Jul 22 10:02:32 UTC 2026,1784714552,0,3.02
Wed Jul 22 10:03:08 UTC 2026,1784714588,0,2.81
Wed Jul 22 10:03:49 UTC 2026,1784714629,0,3.06
Wed Jul 22 10:05:33 UTC 2026,1784714733,0,2.71
Wed Jul 22 10:05:38 UTC 2026,1784714738,0,3.21
Wed Jul 22 10:06:47 UTC 2026,1784714807,0,2.88
Wed Jul 22 10:07:04 UTC 2026,1784714824,0,3.16
Wed Jul 22 10:09:16 UTC 2026,1784714956,0,2.94
Wed Jul 22 10:09:26 UTC 2026,1784714966,0,3.19
Wed Jul 22 10:10:52 UTC 2026,1784715052,0,3.17
Wed Jul 22 10:11:05 UTC 2026,1784715065,0,2.86
Wed Jul 22 10:12:05 UTC 2026,1784715125,0,2.84
Wed Jul 22 10:12:26 UTC 2026,1784715146,0,3.18
Wed Jul 22 10:13:26 UTC 2026,1784715206,0,3.28
Wed Jul 22 10:13:45 UTC 2026,1784715225,0,2.73
Wed Jul 22 10:15:38 UTC 2026,1784715338,0,2.79
Wed Jul 22 10:16:09 UTC 2026,1784715369,0,3.24
Wed Jul 22 10:16:55 UTC 2026,1784715415,0,3.15
Wed Jul 22 10:17:50 UTC 2026,1784715470,0,2.67
Wed Jul 22 10:17:59 UTC 2026,1784715479,0,3.12
Wed Jul 22 10:18:13 UTC 2026,1784715493,0,2.71
Wed Jul 22 10:20:19 UTC 2026,1784715619,0,3.1
Wed Jul 22 10:20:52 UTC 2026,1784715652,0,2.71
Wed Jul 22 10:22:22 UTC 2026,1784715742,0,3.53
Wed Jul 22 10:22:26 UTC 2026,1784715746,0,2.53
Wed Jul 22 10:22:59 UTC 2026,1784715779,0,3.19
Wed Jul 22 10:23:21 UTC 2026,1784715801,0,2.6
Wed Jul 22 10:24:48 UTC 2026,1784715888,0,2.67
Wed Jul 22 10:25:07 UTC 2026,1784715907,0,3.19
Wed Jul 22 10:26:23 UTC 2026,1784715983,0,3.12
Wed Jul 22 10:27:36 UTC 2026,1784716056,0,2.67
Wed Jul 22 10:28:54 UTC 2026,1784716134,0,2.37
Wed Jul 22 10:29:11 UTC 2026,1784716151,0,3.29
Wed Jul 22 10:29:30 UTC 2026,1784716170,0,2.47
Wed Jul 22 10:30:15 UTC 2026,1784716215,0,3.17
Wed Jul 22 10:31:19 UTC 2026,1784716279,0,3.04
Wed Jul 22 10:31:54 UTC 2026,1784716314,0,2.57
Wed Jul 22 10:33:45 UTC 2026,1784716425,0,3.19
Wed Jul 22 10:34:11 UTC 2026,1784716451,0,2.37
Wed Jul 22 10:34:39 UTC 2026,1784716479,0,2.61
Wed Jul 22 10:35:10 UTC 2026,1784716510,0,3.17
Wed Jul 22 10:36:19 UTC 2026,1784716579,0,2.97
Wed Jul 22 10:37:00 UTC 2026,1784716620,0,2.65
Wed Jul 22 10:38:08 UTC 2026,1784716688,0,2.6
Wed Jul 22 10:38:25 UTC 2026,1784716705,0,3.25
Wed Jul 22 10:39:39 UTC 2026,1784716779,0,3.13
Wed Jul 22 10:40:29 UTC 2026,1784716829,0,2.62
Wed Jul 22 10:41:37 UTC 2026,1784716897,0,3.31
Wed Jul 22 10:42:05 UTC 2026,1784716925,0,2.82
Wed Jul 22 10:43:03 UTC 2026,1784716983,0,2.11
Wed Jul 22 10:44:08 UTC 2026,1784717048,0,3.1
Wed Jul 22 10:44:53 UTC 2026,1784717093,0,2.7
Wed Jul 22 10:45:47 UTC 2026,1784717147,0,3.61
Wed Jul 22 10:46:00 UTC 2026,1784717160,0,2.67
Wed Jul 22 10:46:19 UTC 2026,1784717179,0,3.62
Wed Jul 22 10:48:53 UTC 2026,1784717333,0,3.16
Wed Jul 22 10:48:59 UTC 2026,1784717339,0,2.51
Wed Jul 22 10:49:16 UTC 2026,1784717356,0,2.86
Wed Jul 22 10:49:34 UTC 2026,1784717374,0,3.21
Wed Jul 22 10:51:05 UTC 2026,1784717465,0,3.23
Wed Jul 22 10:51:32 UTC 2026,1784717492,0,2.91
Wed Jul 22 10:53:03 UTC 2026,1784717583,0,2.97
Wed Jul 22 10:53:58 UTC 2026,1784717638,0,3.25
Wed Jul 22 10:54:11 UTC 2026,1784717651,0,2.99
Wed Jul 22 10:55:38 UTC 2026,1784717738,0,3.23
Wed Jul 22 10:56:32 UTC 2026,1784717792,0,2.95
Wed Jul 22 10:56:51 UTC 2026,1784717811,0,3.28
Wed Jul 22 10:58:44 UTC 2026,1784717924,0,2.99
Wed Jul 22 10:59:02 UTC 2026,1784717942,0,3.31
Wed Jul 22 10:59:26 UTC 2026,1784717966,0,3.4
Wed Jul 22 10:59:48 UTC 2026,1784717988,0,3.06
Wed Jul 22 11:00:48 UTC 2026,1784718048,0,3.07
Wed Jul 22 11:01:05 UTC 2026,1784718065,0,3.29
Wed Jul 22 11:02:31 UTC 2026,1784718151,0,3.09
Wed Jul 22 11:02:58 UTC 2026,1784718178,0,3.3
Wed Jul 22 11:04:38 UTC 2026,1784718278,0,3.32
Wed Jul 22 11:05:02 UTC 2026,1784718302,0,3.06
Wed Jul 22 11:05:43 UTC 2026,1784718343,0,3.07
Wed Jul 22 11:06:00 UTC 2026,1784718360,0,3.33
Wed Jul 22 11:08:13 UTC 2026,1784718493,0,3.35
Wed Jul 22 11:08:48 UTC 2026,1784718528,0,3.16
Wed Jul 22 11:09:29 UTC 2026,1784718569,0,3.35
Wed Jul 22 11:10:02 UTC 2026,1784718602,0,3.18
Wed Jul 22 11:11:01 UTC 2026,1784718661,0,3.16
Wed Jul 22 11:12:00 UTC 2026,1784718720,0,3.33
Wed Jul 22 11:13:26 UTC 2026,1784718806,0,3.16
Wed Jul 22 11:13:48 UTC 2026,1784718828,0,3.41
Wed Jul 22 11:14:43 UTC 2026,1784718883,0,3.16
Wed Jul 22 11:14:58 UTC 2026,1784718898,0,3.45
Wed Jul 22 11:15:56 UTC 2026,1784718956,0,3.11
Wed Jul 22 11:16:06 UTC 2026,1784718966,0,3.43
Wed Jul 22 11:18:02 UTC 2026,1784719082,0,3.25
Wed Jul 22 11:18:44 UTC 2026,1784719124,0,3.52
Wed Jul 22 11:18:58 UTC 2026,1784719138,0,3.24
Wed Jul 22 11:19:29 UTC 2026,1784719169,0,3.5
Wed Jul 22 11:21:14 UTC 2026,1784719274,0,3.46
Wed Jul 22 11:21:32 UTC 2026,1784719292,0,3.26
Wed Jul 22 11:22:50 UTC 2026,1784719370,0,3.27
Wed Jul 22 11:22:54 UTC 2026,1784719374,0,3.57
Wed Jul 22 11:24:20 UTC 2026,1784719460,0,3.47
Wed Jul 22 11:25:07 UTC 2026,1784719507,0,3.31
Wed Jul 22 11:25:37 UTC 2026,1784719537,0,3.53
Wed Jul 22 11:26:18 UTC 2026,1784719578,0,3.31
Wed Jul 22 11:27:18 UTC 2026,1784719638,0,3.53
Wed Jul 22 11:28:12 UTC 2026,1784719692,0,3.34
Wed Jul 22 11:29:43 UTC 2026,1784719783,0,3.37
Wed Jul 22 11:30:01 UTC 2026,1784719801,0,3.57
Wed Jul 22 11:30:33 UTC 2026,1784719833,0,3.54
Wed Jul 22 11:31:10 UTC 2026,1784719870,0,3.37
Wed Jul 22 11:32:22 UTC 2026,1784719942,0,3.33
Wed Jul 22 11:32:31 UTC 2026,1784719951,0,3.59
Wed Jul 22 11:34:20 UTC 2026,1784720060,0,3.56
Wed Jul 22 11:34:53 UTC 2026,1784720093,0,3.33
Wed Jul 22 11:36:00 UTC 2026,1784720160,0,3.34
Wed Jul 22 11:36:45 UTC 2026,1784720205,0,3.69
Wed Jul 22 11:37:40 UTC 2026,1784720260,0,3.64
Wed Jul 22 11:37:44 UTC 2026,1784720264,0,3.36
Wed Jul 22 11:38:49 UTC 2026,1784720329,0,3.65
Wed Jul 22 11:39:03 UTC 2026,1784720343,0,3.4
Wed Jul 22 11:40:51 UTC 2026,1784720451,0,3.62
Wed Jul 22 11:41:36 UTC 2026,1784720496,0,3.42
Wed Jul 22 11:42:00 UTC 2026,1784720520,0,3.38
Wed Jul 22 11:42:50 UTC 2026,1784720570,0,3.71
Wed Jul 22 11:43:54 UTC 2026,1784720634,0,3.47
Wed Jul 22 11:44:48 UTC 2026,1784720688,0,3.73
Wed Jul 22 11:45:47 UTC 2026,1784720747,0,3.72
Wed Jul 22 11:46:42 UTC 2026,1784720802,0,3.47
Wed Jul 22 11:47:27 UTC 2026,1784720847,0,3.82
Wed Jul 22 11:47:50 UTC 2026,1784720870,0,3.4
Wed Jul 22 11:48:39 UTC 2026,1784720919,0,3.81
Wed Jul 22 11:48:58 UTC 2026,1784720938,0,3.47
Wed Jul 22 11:50:16 UTC 2026,1784721016,0,3.48
Wed Jul 22 11:51:46 UTC 2026,1784721106,0,3.76
Wed Jul 22 11:52:04 UTC 2026,1784721124,0,3.55
Wed Jul 22 11:52:31 UTC 2026,1784721151,0,3.81
Wed Jul 22 11:53:40 UTC 2026,1784721220,0,3.41
Wed Jul 22 11:53:45 UTC 2026,1784721225,0,3.75
Wed Jul 22 11:56:05 UTC 2026,1784721365,0,3.52
Wed Jul 22 11:56:18 UTC 2026,1784721378,0,3.85
Wed Jul 22 11:57:23 UTC 2026,1784721443,0,3.81
Wed Jul 22 11:57:27 UTC 2026,1784721447,0,3.5
Wed Jul 22 11:58:31 UTC 2026,1784721511,0,3.86
Wed Jul 22 11:59:30 UTC 2026,1784721570,0,3.51
Wed Jul 22 12:00:11 UTC 2026,1784721611,0,3.46
Wed Jul 22 12:01:20 UTC 2026,1784721680,0,3.78
Wed Jul 22 12:02:05 UTC 2026,1784721725,0,3.57
Wed Jul 22 12:03:16 UTC 2026,1784721796,0,3.93
Wed Jul 22 12:04:07 UTC 2026,1784721847,0,3.98
Wed Jul 22 12:04:30 UTC 2026,1784721870,0,3.52
Wed Jul 22 12:05:30 UTC 2026,1784721930,0,3.6
Wed Jul 22 12:05:34 UTC 2026,1784721934,0,3.87
Wed Jul 22 12:07:09 UTC 2026,1784722029,0,3.58
Wed Jul 22 12:07:13 UTC 2026,1784722033,0,3.83
Wed Jul 22 12:08:59 UTC 2026,1784722139,0,3.93
Wed Jul 22 12:09:17 UTC 2026,1784722157,0,3.65
Wed Jul 22 12:10:15 UTC 2026,1784722215,0,3.54
Wed Jul 22 12:10:56 UTC 2026,1784722256,0,3.95
Wed Jul 22 12:12:23 UTC 2026,1784722343,0,3.61
Wed Jul 22 12:13:03 UTC 2026,1784722383,0,3.88
Wed Jul 22 12:14:17 UTC 2026,1784722457,0,4.0
Wed Jul 22 12:14:35 UTC 2026,1784722475,0,3.66
Wed Jul 22 12:15:06 UTC 2026,1784722506,0,3.64
Wed Jul 22 12:15:25 UTC 2026,1784722525,0,3.98
Wed Jul 22 12:16:42 UTC 2026,1784722602,0,4.03
Wed Jul 22 12:17:32 UTC 2026,1784722652,0,3.72
Wed Jul 22 12:18:35 UTC 2026,1784722715,0,3.61
Wed Jul 22 12:18:58 UTC 2026,1784722738,0,4.02
Wed Jul 22 12:20:20 UTC 2026,1784722820,0,4.03
Wed Jul 22 12:20:38 UTC 2026,1784722838,0,3.66
Wed Jul 22 12:22:14 UTC 2026,1784722934,0,3.69
Wed Jul 22 12:22:40 UTC 2026,1784722960,0,4.05
Wed Jul 22 12:24:06 UTC 2026,1784723046,0,4.07
Wed Jul 22 12:24:44 UTC 2026,1784723084,0,3.57
Wed Jul 22 12:25:39 UTC 2026,1784723139,0,3.68
Wed Jul 22 12:25:47 UTC 2026,1784723147,0,4.12
Wed Jul 22 12:27:09 UTC 2026,1784723229,0,4.08
Wed Jul 22 12:28:08 UTC 2026,1784723288,0,3.65
Wed Jul 22 12:28:58 UTC 2026,1784723338,0,4.06
Wed Jul 22 12:29:12 UTC 2026,1784723352,0,3.61
Wed Jul 22 12:30:38 UTC 2026,1784723438,0,3.79
Wed Jul 22 12:31:23 UTC 2026,1784723483,0,4.14
Wed Jul 22 12:31:51 UTC 2026,1784723511,0,3.8
Wed Jul 22 12:32:37 UTC 2026,1784723557,0,4.26
Wed Jul 22 12:34:20 UTC 2026,1784723660,0,4.29
Wed Jul 22 12:34:34 UTC 2026,1784723674,0,3.58
Wed Jul 22 12:35:51 UTC 2026,1784723751,0,4.36
Wed Jul 22 12:36:06 UTC 2026,1784723766,0,3.74
Wed Jul 22 12:36:41 UTC 2026,1784723801,0,3.64
Wed Jul 22 12:36:55 UTC 2026,1784723815,0,4.07
Wed Jul 22 12:38:13 UTC 2026,1784723893,0,3.72
Wed Jul 22 12:39:30 UTC 2026,1784723970,0,4.18
Wed Jul 22 12:40:57 UTC 2026,1784724057,0,4.19
Wed Jul 22 12:41:14 UTC 2026,1784724074,0,3.83
Wed Jul 22 12:42:18 UTC 2026,1784724138,0,3.81
Wed Jul 22 12:42:45 UTC 2026,1784724165,0,4.35
Wed Jul 22 12:43:34 UTC 2026,1784724214,0,3.8
Wed Jul 22 12:43:59 UTC 2026,1784724239,0,4.32
Wed Jul 22 12:45:24 UTC 2026,1784724324,0,4.29
Wed Jul 22 12:45:38 UTC 2026,1784724338,0,3.75
Wed Jul 22 12:47:13 UTC 2026,1784724433,0,3.79
Wed Jul 22 12:47:36 UTC 2026,1784724456,0,4.24
Wed Jul 22 12:48:22 UTC 2026,1784724502,0,3.8
Wed Jul 22 12:48:58 UTC 2026,1784724538,0,4.3
Wed Jul 22 12:50:38 UTC 2026,1784724638,0,3.8
Wed Jul 22 12:51:09 UTC 2026,1784724669,0,4.25
Wed Jul 22 12:51:28 UTC 2026,1784724688,0,4.32
Wed Jul 22 12:51:38 UTC 2026,1784724698,0,3.85
Wed Jul 22 12:54:21 UTC 2026,1784724861,0,4.3
Wed Jul 22 12:54:25 UTC 2026,1784724865,0,3.64
Wed Jul 22 12:54:56 UTC 2026,1784724896,0,3.79
Wed Jul 22 12:55:20 UTC 2026,1784724920,0,4.27
Wed Jul 22 12:56:36 UTC 2026,1784724996,0,3.75
Wed Jul 22 12:57:31 UTC 2026,1784725051,0,4.39
Wed Jul 22 12:58:31 UTC 2026,1784725111,0,4.31
Wed Jul 22 12:58:44 UTC 2026,1784725124,0,3.8
Wed Jul 22 12:59:38 UTC 2026,1784725178,0,4.58
Wed Jul 22 13:00:33 UTC 2026,1784725233,0,3.42
Wed Jul 22 13:02:04 UTC 2026,1784725324,0,4.17
Wed Jul 22 13:02:49 UTC 2026,1784725369,0,3.83
Wed Jul 22 13:03:17 UTC 2026,1784725397,0,3.76
Wed Jul 22 13:03:21 UTC 2026,1784725401,0,4.24
Wed Jul 22 13:05:01 UTC 2026,1784725501,0,4.54
Wed Jul 22 13:05:29 UTC 2026,1784725529,0,3.61
Wed Jul 22 13:06:10 UTC 2026,1784725570,0,4.35
Wed Jul 22 13:07:04 UTC 2026,1784725624,0,3.87
Wed Jul 22 13:08:17 UTC 2026,1784725697,0,3.79
Wed Jul 22 13:08:21 UTC 2026,1784725701,0,4.31
Wed Jul 22 13:09:34 UTC 2026,1784725774,0,4.34
Wed Jul 22 13:11:00 UTC 2026,1784725860,0,3.78
Wed Jul 22 13:11:54 UTC 2026,1784725914,0,4.31
Wed Jul 22 13:13:16 UTC 2026,1784725996,0,4.25
Wed Jul 22 13:13:21 UTC 2026,1784726001,0,3.98
Wed Jul 22 13:15:10 UTC 2026,1784726110,0,3.92
Wed Jul 22 13:15:33 UTC 2026,1784726133,0,4.17
Wed Jul 22 13:16:18 UTC 2026,1784726178,0,3.93
Wed Jul 22 13:16:50 UTC 2026,1784726210,0,4.32
Wed Jul 22 13:18:12 UTC 2026,1784726292,0,4.33
Wed Jul 22 13:18:39 UTC 2026,1784726319,0,4.01
Wed Jul 22 13:19:43 UTC 2026,1784726383,0,4.36
Wed Jul 22 13:20:14 UTC 2026,1784726414,0,3.9
Wed Jul 22 13:21:45 UTC 2026,1784726505,0,4.37
Wed Jul 22 13:22:03 UTC 2026,1784726523,0,3.91
Wed Jul 22 13:22:49 UTC 2026,1784726569,0,4.44
Wed Jul 22 13:23:22 UTC 2026,1784726602,0,3.92
Wed Jul 22 13:25:05 UTC 2026,1784726705,0,4.7
Wed Jul 22 13:25:42 UTC 2026,1784726742,0,3.74
Wed Jul 22 13:27:08 UTC 2026,1784726828,0,3.86
Wed Jul 22 13:27:13 UTC 2026,1784726833,0,4.51
Wed Jul 22 13:28:17 UTC 2026,1784726897,0,4.4
Wed Jul 22 13:29:02 UTC 2026,1784726942,0,3.74
Wed Jul 22 13:29:20 UTC 2026,1784726960,0,4.39
Wed Jul 22 13:29:47 UTC 2026,1784726987,0,3.74
Wed Jul 22 13:31:55 UTC 2026,1784727115,0,3.8
Wed Jul 22 13:32:03 UTC 2026,1784727123,0,4.24
Wed Jul 22 13:33:34 UTC 2026,1784727214,0,4.35
Wed Jul 22 13:33:38 UTC 2026,1784727218,0,3.76
Wed Jul 22 13:34:30 UTC 2026,1784727270,0,3.91
Wed Jul 22 13:34:47 UTC 2026,1784727287,0,4.45
Wed Jul 22 13:35:55 UTC 2026,1784727355,0,4.46
Wed Jul 22 13:36:32 UTC 2026,1784727392,0,3.95
Wed Jul 22 13:37:30 UTC 2026,1784727450,0,4.01
Wed Jul 22 13:37:39 UTC 2026,1784727459,0,4.41
Wed Jul 22 13:39:55 UTC 2026,1784727595,0,3.98
Wed Jul 22 13:40:14 UTC 2026,1784727614,0,4.49
Wed Jul 22 13:40:55 UTC 2026,1784727655,0,3.99
Wed Jul 22 13:41:13 UTC 2026,1784727673,0,4.41
Wed Jul 22 13:42:35 UTC 2026,1784727755,0,4.5
Wed Jul 22 13:43:34 UTC 2026,1784727814,0,3.98
Wed Jul 22 13:44:11 UTC 2026,1784727851,0,4.43
Wed Jul 22 13:44:15 UTC 2026,1784727855,0,4.02
Wed Jul 22 13:45:46 UTC 2026,1784727946,0,4.39
Wed Jul 22 13:46:04 UTC 2026,1784727964,0,3.93
Wed Jul 22 13:48:25 UTC 2026,1784728105,0,3.9
Wed Jul 22 13:48:29 UTC 2026,1784728109,0,4.52
Wed Jul 22 13:50:09 UTC 2026,1784728209,0,4.45
Wed Jul 22 13:50:19 UTC 2026,1784728219,0,3.94
Wed Jul 22 13:51:50 UTC 2026,1784728310,0,4.4
Wed Jul 22 13:51:55 UTC 2026,1784728315,0,3.89
Wed Jul 22 13:53:52 UTC 2026,1784728432,0,3.87
Wed Jul 22 13:53:58 UTC 2026,1784728438,0,4.41
Wed Jul 22 13:54:06 UTC 2026,1784728446,0,4.44
Wed Jul 22 13:54:56 UTC 2026,1784728496,0,3.98
Wed Jul 22 13:56:35 UTC 2026,1784728595,0,3.99
Wed Jul 22 13:56:45 UTC 2026,1784728605,0,4.39
Wed Jul 22 13:58:34 UTC 2026,1784728714,0,4.36
Wed Jul 22 13:58:43 UTC 2026,1784728723,0,3.83
Wed Jul 22 13:59:06 UTC 2026,1784728746,0,4.33
Wed Jul 22 13:59:51 UTC 2026,1784728791,0,4.05
Wed Jul 22 14:00:37 UTC 2026,1784728837,0,3.94
Wed Jul 22 14:02:04 UTC 2026,1784728924,0,4.33
Wed Jul 22 14:03:20 UTC 2026,1784729000,0,3.92
Wed Jul 22 14:03:25 UTC 2026,1784729005,0,4.41
Wed Jul 22 14:04:06 UTC 2026,1784729046,0,4.3
Wed Jul 22 14:04:56 UTC 2026,1784729096,0,3.71
Wed Jul 22 14:05:51 UTC 2026,1784729151,0,4.25
Wed Jul 22 14:06:05 UTC 2026,1784729165,0,3.87
Wed Jul 22 14:07:17 UTC 2026,1784729237,0,3.97
Wed Jul 22 14:08:16 UTC 2026,1784729296,0,4.2
Wed Jul 22 14:10:14 UTC 2026,1784729414,0,4.42
Wed Jul 22 14:10:28 UTC 2026,1784729428,0,3.72
Wed Jul 22 14:10:32 UTC 2026,1784729432,0,4.31
Wed Jul 22 14:10:55 UTC 2026,1784729455,0,3.84
Wed Jul 22 14:12:49 UTC 2026,1784729569,0,4.45
Wed Jul 22 14:13:20 UTC 2026,1784729600,0,3.95
Wed Jul 22 14:13:57 UTC 2026,1784729637,0,4.31
Wed Jul 22 14:14:24 UTC 2026,1784729664,0,3.74
Wed Jul 22 14:15:29 UTC 2026,1784729729,0,3.81
Wed Jul 22 14:16:41 UTC 2026,1784729801,0,4.27
Wed Jul 22 14:17:30 UTC 2026,1784729850,0,4.28
Wed Jul 22 14:18:30 UTC 2026,1784729910,0,3.92
Wed Jul 22 14:19:32 UTC 2026,1784729972,0,4.01
Wed Jul 22 14:20:05 UTC 2026,1784730005,0,4.23
Wed Jul 22 14:20:55 UTC 2026,1784730055,0,4.0
Wed Jul 22 14:21:18 UTC 2026,1784730078,0,4.26
Wed Jul 22 14:23:29 UTC 2026,1784730209,0,3.83
Wed Jul 22 14:24:01 UTC 2026,1784730241,0,4.21
Wed Jul 22 14:24:11 UTC 2026,1784730251,0,3.89
Wed Jul 22 14:25:23 UTC 2026,1784730323,0,4.26
Wed Jul 22 14:25:42 UTC 2026,1784730342,0,3.84
Wed Jul 22 14:27:44 UTC 2026,1784730464,0,4.22
Wed Jul 22 14:28:08 UTC 2026,1784730488,0,3.95
Wed Jul 22 14:29:11 UTC 2026,1784730551,0,4.16
Wed Jul 22 14:30:00 UTC 2026,1784730600,0,3.78
Wed Jul 22 14:30:32 UTC 2026,1784730632,0,4.26
Wed Jul 22 14:30:37 UTC 2026,1784730637,0,3.76
Wed Jul 22 14:32:03 UTC 2026,1784730723,0,3.82
Wed Jul 22 14:32:59 UTC 2026,1784730779,0,4.16
Wed Jul 22 14:33:43 UTC 2026,1784730823,0,3.84
Wed Jul 22 14:34:33 UTC 2026,1784730873,0,4.15
Wed Jul 22 14:36:18 UTC 2026,1784730978,0,3.78
Wed Jul 22 14:36:41 UTC 2026,1784731001,0,4.13
Wed Jul 22 14:37:49 UTC 2026,1784731069,0,4.14
Wed Jul 22 14:38:26 UTC 2026,1784731106,0,3.78
Wed Jul 22 14:38:34 UTC 2026,1784731114,0,4.11
Wed Jul 22 14:38:57 UTC 2026,1784731137,0,3.84
Wed Jul 22 14:40:24 UTC 2026,1784731224,0,3.78
Wed Jul 22 14:40:42 UTC 2026,1784731242,0,4.08
Wed Jul 22 14:43:21 UTC 2026,1784731401,0,3.77
Wed Jul 22 14:43:57 UTC 2026,1784731437,0,3.75
Wed Jul 22 14:44:29 UTC 2026,1784731469,0,4.07
Wed Jul 22 14:46:22 UTC 2026,1784731582,0,4.15
Wed Jul 22 14:46:26 UTC 2026,1784731586,0,3.77
Wed Jul 22 14:47:22 UTC 2026,1784731642,0,4.09
Wed Jul 22 14:48:21 UTC 2026,1784731701,0,3.81
Wed Jul 22 14:48:47 UTC 2026,1784731727,0,3.82
Wed Jul 22 14:49:24 UTC 2026,1784731764,0,4.11
Wed Jul 22 14:51:23 UTC 2026,1784731883,0,4.02
Wed Jul 22 14:51:32 UTC 2026,1784731892,0,3.77
Wed Jul 22 14:52:44 UTC 2026,1784731964,0,4.0
Wed Jul 22 14:53:03 UTC 2026,1784731983,0,3.77
Wed Jul 22 14:54:42 UTC 2026,1784732082,0,3.69
Wed Jul 22 14:54:56 UTC 2026,1784732096,0,3.95
Wed Jul 22 14:55:05 UTC 2026,1784732105,0,3.91
Wed Jul 22 14:56:22 UTC 2026,1784732182,0,3.68
Wed Jul 22 14:57:27 UTC 2026,1784732247,0,3.91
Wed Jul 22 14:57:35 UTC 2026,1784732255,0,3.62
Wed Jul 22 14:59:07 UTC 2026,1784732347,0,3.85
Wed Jul 22 15:00:36 UTC 2026,1784732436,0,3.89
Wed Jul 22 15:01:32 UTC 2026,1784732492,0,3.66
Wed Jul 22 15:02:08 UTC 2026,1784732528,0,3.61
Wed Jul 22 15:02:31 UTC 2026,1784732551,0,3.86
Wed Jul 22 15:03:25 UTC 2026,1784732605,0,3.83
Wed Jul 22 15:04:29 UTC 2026,1784732669,0,3.59
Wed Jul 22 15:05:14 UTC 2026,1784732714,0,3.82
Wed Jul 22 15:06:32 UTC 2026,1784732792,0,3.53
Wed Jul 22 15:06:50 UTC 2026,1784732810,0,3.4
Wed Jul 22 15:07:59 UTC 2026,1784732879,0,3.79
Wed Jul 22 15:09:30 UTC 2026,1784732970,0,3.56
Wed Jul 22 15:09:44 UTC 2026,1784732984,0,3.78
Wed Jul 22 15:10:14 UTC 2026,1784733014,0,3.82
Wed Jul 22 15:10:24 UTC 2026,1784733024,0,3.52
Wed Jul 22 15:11:55 UTC 2026,1784733115,0,3.85
Wed Jul 22 15:12:50 UTC 2026,1784733170,0,3.6
Wed Jul 22 15:14:30 UTC 2026,1784733270,0,3.81
Wed Jul 22 15:14:44 UTC 2026,1784733284,0,3.51
Wed Jul 22 15:15:06 UTC 2026,1784733306,0,3.55
Wed Jul 22 15:15:21 UTC 2026,1784733321,0,3.74
Wed Jul 22 15:16:46 UTC 2026,1784733406,0,3.5
Wed Jul 22 15:17:31 UTC 2026,1784733451,0,3.73
Wed Jul 22 15:19:35 UTC 2026,1784733575,0,3.52
Wed Jul 22 15:20:25 UTC 2026,1784733625,0,3.72
Wed Jul 22 15:21:50 UTC 2026,1784733710,0,3.42
Wed Jul 22 15:22:37 UTC 2026,1784733757,0,3.68
Wed Jul 22 15:23:31 UTC 2026,1784733811,0,3.5
Wed Jul 22 15:24:43 UTC 2026,1784733883,0,3.65
Wed Jul 22 15:25:10 UTC 2026,1784733910,0,3.6
Wed Jul 22 15:25:37 UTC 2026,1784733937,0,3.4
Wed Jul 22 15:26:50 UTC 2026,1784734010,0,3.65
Wed Jul 22 15:27:36 UTC 2026,1784734056,0,3.42
Wed Jul 22 15:28:31 UTC 2026,1784734111,0,3.61
Wed Jul 22 15:28:58 UTC 2026,1784734138,0,3.2
Wed Jul 22 15:29:43 UTC 2026,1784734183,0,3.68
Wed Jul 22 15:31:20 UTC 2026,1784734280,0,3.36
Wed Jul 22 15:31:41 UTC 2026,1784734301,0,3.58
Wed Jul 22 15:32:31 UTC 2026,1784734351,0,3.31
Wed Jul 22 15:33:08 UTC 2026,1784734388,0,3.5
Wed Jul 22 15:33:30 UTC 2026,1784734410,0,3.33
Wed Jul 22 15:35:43 UTC 2026,1784734543,0,3.31
Wed Jul 22 15:36:10 UTC 2026,1784734570,0,3.53
Wed Jul 22 15:37:05 UTC 2026,1784734625,0,3.51
Wed Jul 22 15:37:42 UTC 2026,1784734662,0,3.3
Wed Jul 22 15:38:53 UTC 2026,1784734733,0,3.33
Wed Jul 22 15:39:12 UTC 2026,1784734752,0,3.61
Wed Jul 22 15:40:38 UTC 2026,1784734838,0,3.24
Wed Jul 22 15:40:51 UTC 2026,1784734851,0,3.56
Wed Jul 22 15:41:15 UTC 2026,1784734875,0,3.28
Wed Jul 22 15:41:33 UTC 2026,1784734893,0,3.5
Wed Jul 22 15:43:54 UTC 2026,1784735034,0,3.46
Wed Jul 22 15:44:03 UTC 2026,1784735043,0,3.13
Wed Jul 22 15:45:11 UTC 2026,1784735111,0,3.41
Wed Jul 22 15:46:11 UTC 2026,1784735171,0,3.19
Wed Jul 22 15:46:15 UTC 2026,1784735175,0,3.48
Wed Jul 22 15:47:32 UTC 2026,1784735252,0,3.19
Wed Jul 22 15:48:49 UTC 2026,1784735329,0,3.37
Wed Jul 22 15:49:16 UTC 2026,1784735356,0,3.19
Wed Jul 22 15:49:35 UTC 2026,1784735375,0,3.12
Wed Jul 22 15:50:29 UTC 2026,1784735429,0,3.35
Wed Jul 22 15:51:33 UTC 2026,1784735493,0,3.39
Wed Jul 22 15:51:50 UTC 2026,1784735510,0,3.05
Wed Jul 22 15:52:55 UTC 2026,1784735575,0,3.29
Wed Jul 22 15:53:37 UTC 2026,1784735617,0,3.16
Wed Jul 22 15:55:12 UTC 2026,1784735712,0,3.38
Wed Jul 22 15:55:39 UTC 2026,1784735739,0,3.11
Wed Jul 22 15:56:10 UTC 2026,1784735770,0,3.37
Wed Jul 22 15:57:41 UTC 2026,1784735861,0,3.07
Wed Jul 22 15:58:09 UTC 2026,1784735889,0,3.35
Wed Jul 22 15:58:18 UTC 2026,1784735898,0,3.16
Wed Jul 22 15:59:26 UTC 2026,1784735966,0,3.35
Wed Jul 22 16:00:24 UTC 2026,1784736024,0,3.05
Wed Jul 22 16:01:33 UTC 2026,1784736093,0,3.28
Wed Jul 22 16:02:14 UTC 2026,1784736134,0,3.07
Wed Jul 22 16:02:46 UTC 2026,1784736166,0,3.3
Wed Jul 22 16:03:08 UTC 2026,1784736188,0,3.08
Wed Jul 22 16:04:39 UTC 2026,1784736279,0,3.22
Wed Jul 22 16:04:58 UTC 2026,1784736298,0,3.03
Wed Jul 22 16:07:05 UTC 2026,1784736425,0,3.01
Wed Jul 22 16:07:22 UTC 2026,1784736442,0,3.22
Wed Jul 22 16:08:03 UTC 2026,1784736483,0,3.17
Wed Jul 22 16:08:32 UTC 2026,1784736512,0,2.98
Wed Jul 22 16:09:21 UTC 2026,1784736561,0,3.26
Wed Jul 22 16:09:57 UTC 2026,1784736597,0,3.02
Wed Jul 22 16:11:46 UTC 2026,1784736706,0,3.04
Wed Jul 22 16:12:24 UTC 2026,1784736744,0,3.24
Wed Jul 22 16:13:18 UTC 2026,1784736798,0,3.25
Wed Jul 22 16:13:26 UTC 2026,1784736806,0,3.04
Wed Jul 22 16:14:40 UTC 2026,1784736880,0,3.22
Wed Jul 22 16:16:06 UTC 2026,1784736966,0,2.98
Wed Jul 22 16:16:28 UTC 2026,1784736988,0,3.18
Wed Jul 22 16:17:41 UTC 2026,1784737061,0,3.21
Wed Jul 22 16:18:54 UTC 2026,1784737134,0,3.01
Wed Jul 22 16:19:21 UTC 2026,1784737161,0,3.2
Wed Jul 22 16:19:48 UTC 2026,1784737188,0,3.0
Wed Jul 22 16:21:29 UTC 2026,1784737289,0,3.19
Wed Jul 22 16:22:00 UTC 2026,1784737320,0,2.93
Wed Jul 22 16:23:13 UTC 2026,1784737393,0,3.14
Wed Jul 22 16:23:32 UTC 2026,1784737412,0,2.93
Wed Jul 22 16:25:39 UTC 2026,1784737539,0,3.26
Wed Jul 22 16:26:16 UTC 2026,1784737576,0,2.85
Wed Jul 22 16:27:18 UTC 2026,1784737638,0,3.14
Wed Jul 22 16:27:41 UTC 2026,1784737661,0,3.22
Wed Jul 22 16:28:32 UTC 2026,1784737712,0,2.93
Wed Jul 22 16:30:26 UTC 2026,1784737826,0,3.12
Wed Jul 22 16:30:52 UTC 2026,1784737852,0,2.96
Wed Jul 22 16:31:24 UTC 2026,1784737884,0,3.08
Wed Jul 22 16:32:24 UTC 2026,1784737944,0,2.86
Wed Jul 22 16:32:28 UTC 2026,1784737948,0,3.12
Wed Jul 22 16:34:30 UTC 2026,1784738070,0,3.16
Wed Jul 22 16:35:02 UTC 2026,1784738102,0,2.81
Wed Jul 22 16:35:43 UTC 2026,1784738143,0,2.95
Wed Jul 22 16:36:33 UTC 2026,1784738193,0,3.19
Wed Jul 22 16:37:24 UTC 2026,1784738244,0,2.95
Wed Jul 22 16:37:41 UTC 2026,1784738261,0,3.14
Wed Jul 22 16:39:07 UTC 2026,1784738347,0,2.94
Wed Jul 22 16:40:12 UTC 2026,1784738412,0,3.19
Wed Jul 22 16:40:47 UTC 2026,1784738447,0,3.14
Wed Jul 22 16:42:01 UTC 2026,1784738521,0,2.87
Wed Jul 22 16:42:19 UTC 2026,1784738539,0,2.91
Wed Jul 22 16:43:00 UTC 2026,1784738580,0,3.11
Wed Jul 22 16:44:31 UTC 2026,1784738671,0,2.89
Wed Jul 22 16:44:40 UTC 2026,1784738680,0,3.11
Wed Jul 22 16:46:15 UTC 2026,1784738775,0,2.86
Wed Jul 22 16:46:38 UTC 2026,1784738798,0,3.1
Wed Jul 22 16:48:22 UTC 2026,1784738902,0,3.07
Wed Jul 22 16:48:46 UTC 2026,1784738926,0,2.85
Wed Jul 22 16:49:58 UTC 2026,1784738998,0,3.07
Wed Jul 22 16:50:12 UTC 2026,1784739012,0,2.86
Wed Jul 22 16:50:43 UTC 2026,1784739043,0,2.8
Wed Jul 22 16:51:52 UTC 2026,1784739112,0,3.03
Wed Jul 22 16:53:13 UTC 2026,1784739193,0,2.79
Wed Jul 22 16:53:23 UTC 2026,1784739203,0,3.05
Wed Jul 22 16:54:17 UTC 2026,1784739257,0,2.81
Wed Jul 22 16:54:22 UTC 2026,1784739262,0,3.05
Wed Jul 22 16:55:31 UTC 2026,1784739331,0,2.86
Wed Jul 22 16:56:57 UTC 2026,1784739417,0,2.99
Wed Jul 22 16:57:19 UTC 2026,1784739439,0,3.09
Wed Jul 22 16:57:51 UTC 2026,1784739471,0,2.8
Wed Jul 22 16:59:22 UTC 2026,1784739562,0,3.03
Wed Jul 22 17:00:03 UTC 2026,1784739603,0,2.74
Wed Jul 22 17:00:35 UTC 2026,1784739635,0,2.97
Wed Jul 22 17:00:39 UTC 2026,1784739639,0,2.76
Wed Jul 22 17:02:10 UTC 2026,1784739730,0,2.79
Wed Jul 22 17:02:14 UTC 2026,1784739734,0,2.94
Wed Jul 22 17:04:53 UTC 2026,1784739893,0,2.91
Wed Jul 22 17:05:21 UTC 2026,1784739921,0,2.68
Wed Jul 22 17:05:26 UTC 2026,1784739926,0,2.71
Wed Jul 22 17:05:34 UTC 2026,1784739934,0,2.97
Wed Jul 22 17:07:55 UTC 2026,1784740075,0,2.74
Wed Jul 22 17:08:32 UTC 2026,1784740112,0,2.97
Wed Jul 22 17:09:27 UTC 2026,1784740167,0,2.71
Wed Jul 22 17:09:36 UTC 2026,1784740176,0,2.95
Wed Jul 22 17:10:26 UTC 2026,1784740226,0,2.89
Wed Jul 22 17:11:57 UTC 2026,1784740317,0,2.68
Wed Jul 22 17:12:28 UTC 2026,1784740348,0,2.71
Wed Jul 22 17:12:32 UTC 2026,1784740352,0,2.87
Wed Jul 22 17:14:53 UTC 2026,1784740493,0,2.72
Wed Jul 22 17:15:08 UTC 2026,1784740508,0,2.89
Wed Jul 22 17:15:48 UTC 2026,1784740548,0,2.88
Wed Jul 22 17:15:53 UTC 2026,1784740553,0,2.68
Wed Jul 22 17:17:10 UTC 2026,1784740630,0,2.8
Wed Jul 22 17:17:46 UTC 2026,1784740666,0,2.61
Wed Jul 22 17:19:17 UTC 2026,1784740757,0,2.51
Wed Jul 22 17:20:03 UTC 2026,1784740803,0,2.78
Wed Jul 22 17:20:35 UTC 2026,1784740835,0,2.83
Wed Jul 22 17:21:38 UTC 2026,1784740898,0,2.54
Wed Jul 22 17:21:58 UTC 2026,1784740918,0,2.69
Wed Jul 22 17:22:56 UTC 2026,1784740976,0,2.5
Wed Jul 22 17:24:08 UTC 2026,1784741048,0,2.72
Wed Jul 22 17:24:35 UTC 2026,1784741075,0,2.38
Wed Jul 22 17:25:16 UTC 2026,1784741116,0,2.32
Wed Jul 22 17:25:49 UTC 2026,1784741149,0,2.7
Wed Jul 22 17:27:56 UTC 2026,1784741276,0,2.63
Wed Jul 22 17:28:18 UTC 2026,1784741298,0,2.46
Wed Jul 22 17:28:55 UTC 2026,1784741335,0,2.6
Wed Jul 22 17:30:03 UTC 2026,1784741403,0,2.4
Wed Jul 22 17:30:12 UTC 2026,1784741412,0,2.41
Wed Jul 22 17:30:39 UTC 2026,1784741439,0,2.68
Wed Jul 22 17:32:06 UTC 2026,1784741526,0,2.67
Wed Jul 22 17:32:14 UTC 2026,1784741534,0,2.47
Wed Jul 22 17:34:45 UTC 2026,1784741685,0,2.64
Wed Jul 22 17:35:02 UTC 2026,1784741702,0,2.27
Wed Jul 22 17:35:30 UTC 2026,1784741730,0,2.69
Wed Jul 22 17:35:39 UTC 2026,1784741739,0,2.16
Wed Jul 22 17:37:10 UTC 2026,1784741830,0,2.46
Wed Jul 22 17:38:05 UTC 2026,1784741885,0,2.67
Wed Jul 22 17:38:37 UTC 2026,1784741917,0,2.65
Wed Jul 22 17:39:49 UTC 2026,1784741989,0,2.46
Wed Jul 22 17:40:30 UTC 2026,1784742030,0,2.43
Wed Jul 22 17:41:39 UTC 2026,1784742099,0,2.69
Wed Jul 22 17:42:37 UTC 2026,1784742157,0,2.71
Wed Jul 22 17:42:51 UTC 2026,1784742171,0,2.46
Wed Jul 22 17:43:32 UTC 2026,1784742212,0,2.44
Wed Jul 22 17:44:30 UTC 2026,1784742270,0,2.67
Wed Jul 22 17:46:34 UTC 2026,1784742394,0,2.39
Wed Jul 22 17:47:01 UTC 2026,1784742421,0,2.41
Wed Jul 22 17:47:24 UTC 2026,1784742444,0,2.7
Wed Jul 22 17:48:36 UTC 2026,1784742516,0,2.45
Wed Jul 22 17:49:05 UTC 2026,1784742545,0,2.74
Wed Jul 22 17:50:35 UTC 2026,1784742635,0,2.49
Wed Jul 22 17:51:38 UTC 2026,1784742698,0,2.78
Wed Jul 22 17:52:29 UTC 2026,1784742749,0,2.38
Wed Jul 22 17:53:28 UTC 2026,1784742808,0,2.43
Wed Jul 22 17:54:17 UTC 2026,1784742857,0,2.72
Wed Jul 22 17:55:17 UTC 2026,1784742917,0,2.44
Wed Jul 22 17:56:11 UTC 2026,1784742971,0,2.69
Wed Jul 22 17:56:57 UTC 2026,1784743017,0,2.64
Wed Jul 22 17:57:24 UTC 2026,1784743044,0,2.39
Wed Jul 22 17:58:36 UTC 2026,1784743116,0,2.31
Wed Jul 22 17:58:40 UTC 2026,1784743120,0,2.63
Wed Jul 22 17:59:53 UTC 2026,1784743193,0,2.33
Wed Jul 22 18:00:58 UTC 2026,1784743258,0,2.68
Wed Jul 22 18:02:50 UTC 2026,1784743370,0,2.61
Wed Jul 22 18:03:04 UTC 2026,1784743384,0,2.24
Wed Jul 22 18:03:13 UTC 2026,1784743393,0,2.6
Wed Jul 22 18:04:31 UTC 2026,1784743471,0,2.08
Wed Jul 22 18:04:49 UTC 2026,1784743489,0,1.73
Wed Jul 22 18:05:12 UTC 2026,1784743512,0,2.4
Wed Jul 22 18:06:29 UTC 2026,1784743589,0,2.1
Wed Jul 22 18:08:00 UTC 2026,1784743680,0,2.49
Wed Jul 22 18:08:37 UTC 2026,1784743717,0,2.41
Wed Jul 22 18:09:44 UTC 2026,1784743784,0,2.11
Wed Jul 22 18:10:48 UTC 2026,1784743848,0,2.41
Wed Jul 22 18:11:10 UTC 2026,1784743870,0,2.15
Wed Jul 22 18:11:24 UTC 2026,1784743884,0,2.4
Wed Jul 22 18:11:42 UTC 2026,1784743902,0,2.18
Wed Jul 22 18:13:31 UTC 2026,1784744011,0,2.16
Wed Jul 22 18:14:25 UTC 2026,1784744065,0,2.35
Wed Jul 22 18:15:52 UTC 2026,1784744152,0,2.11
Wed Jul 22 18:16:01 UTC 2026,1784744161,0,2.39
Wed Jul 22 18:16:42 UTC 2026,1784744202,0,2.38
Wed Jul 22 18:17:05 UTC 2026,1784744225,0,2.17
Wed Jul 22 18:18:03 UTC 2026,1784744283,0,2.38
Wed Jul 22 18:18:22 UTC 2026,1784744302,0,2.02
Wed Jul 22 18:19:39 UTC 2026,1784744379,0,2.45
Wed Jul 22 18:20:02 UTC 2026,1784744402,0,2.13
Wed Jul 22 18:22:09 UTC 2026,1784744529,0,2.57
Wed Jul 22 18:22:45 UTC 2026,1784744565,0,2.09
Wed Jul 22 18:23:04 UTC 2026,1784744584,0,2.56
Wed Jul 22 18:24:35 UTC 2026,1784744675,0,2.01
Wed Jul 22 18:24:39 UTC 2026,1784744679,0,1.93
Wed Jul 22 18:25:25 UTC 2026,1784744725,0,2.46
Wed Jul 22 18:26:27 UTC 2026,1784744787,0,2.08
Wed Jul 22 18:27:37 UTC 2026,1784744857,0,2.54
Wed Jul 22 18:28:08 UTC 2026,1784744888,0,2.52
Wed Jul 22 18:28:49 UTC 2026,1784744929,0,2.07
Wed Jul 22 18:30:11 UTC 2026,1784745011,0,2.16
Wed Jul 22 18:30:37 UTC 2026,1784745037,0,2.65
Wed Jul 22 18:31:18 UTC 2026,1784745078,0,2.21
Wed Jul 22 18:31:51 UTC 2026,1784745111,0,2.54
Wed Jul 22 18:33:08 UTC 2026,1784745188,0,2.24
Wed Jul 22 18:34:12 UTC 2026,1784745252,0,2.64
Wed Jul 22 18:35:06 UTC 2026,1784745306,0,2.32
Wed Jul 22 18:35:25 UTC 2026,1784745325,0,2.7
Wed Jul 22 18:36:14 UTC 2026,1784745374,0,2.79
Wed Jul 22 18:37:41 UTC 2026,1784745461,0,2.45
Wed Jul 22 18:38:03 UTC 2026,1784745483,0,2.48
Wed Jul 22 18:38:08 UTC 2026,1784745488,0,2.8
Wed Jul 22 18:40:15 UTC 2026,1784745615,0,2.81
Wed Jul 22 18:40:29 UTC 2026,1784745629,0,2.32
Wed Jul 22 18:41:28 UTC 2026,1784745688,0,2.94
Wed Jul 22 18:41:41 UTC 2026,1784745701,0,2.44
Wed Jul 22 18:43:08 UTC 2026,1784745788,0,2.54
Wed Jul 22 18:44:16 UTC 2026,1784745856,0,2.89
Wed Jul 22 18:45:10 UTC 2026,1784745910,0,3.05
Wed Jul 22 18:45:24 UTC 2026,1784745924,0,2.49
Wed Jul 22 18:46:42 UTC 2026,1784746002,0,2.18
Wed Jul 22 18:47:36 UTC 2026,1784746056,0,2.98
Wed Jul 22 18:48:26 UTC 2026,1784746106,0,3.18
Wed Jul 22 18:49:11 UTC 2026,1784746151,0,2.2
Wed Jul 22 18:49:48 UTC 2026,1784746188,0,1.62
Wed Jul 22 18:50:24 UTC 2026,1784746224,0,3.05
Wed Jul 22 18:51:18 UTC 2026,1784746278,0,1.92
Wed Jul 22 18:52:18 UTC 2026,1784746338,0,3.08
Wed Jul 22 18:53:21 UTC 2026,1784746401,0,3.01
Wed Jul 22 18:53:48 UTC 2026,1784746428,0,2.09
Wed Jul 22 18:54:25 UTC 2026,1784746465,0,3.54
Wed Jul 22 18:55:28 UTC 2026,1784746528,0,0.52
Wed Jul 22 18:56:01 UTC 2026,1784746561,0,3.38
Wed Jul 22 18:56:23 UTC 2026,1784746583,0,1.7
Wed Jul 22 18:57:36 UTC 2026,1784746656,0,3.11
Wed Jul 22 18:58:30 UTC 2026,1784746710,0,1.94
Wed Jul 22 18:59:21 UTC 2026,1784746761,0,3.06
Wed Jul 22 18:59:30 UTC 2026,1784746770,0,2.03
Wed Jul 22 19:01:05 UTC 2026,1784746865,0,2.2
Wed Jul 22 19:01:36 UTC 2026,1784746896,0,2.9
Wed Jul 22 19:03:13 UTC 2026,1784746993,0,3.03
Wed Jul 22 19:03:27 UTC 2026,1784747007,0,1.69
Wed Jul 22 19:04:25 UTC 2026,1784747065,0,3.08
Wed Jul 22 19:05:15 UTC 2026,1784747115,0,1.01
Wed Jul 22 19:06:00 UTC 2026,1784747160,0,0.9
Wed Jul 22 19:07:27 UTC 2026,1784747247,0,2.86
Wed Jul 22 19:07:41 UTC 2026,1784747261,0,2.02
Wed Jul 22 19:08:58 UTC 2026,1784747338,0,2.69
Wed Jul 22 19:10:42 UTC 2026,1784747442,0,1.86
Wed Jul 22 19:12:13 UTC 2026,1784747533,0,2.95
Wed Jul 22 19:12:21 UTC 2026,1784747541,0,1.27
Wed Jul 22 19:12:27 UTC 2026,1784747547,0,2.78
Wed Jul 22 19:13:02 UTC 2026,1784747582,0,1.83
Wed Jul 22 19:14:16 UTC 2026,1784747656,0,1.99
Wed Jul 22 19:14:43 UTC 2026,1784747683,0,2.6
Wed Jul 22 19:16:14 UTC 2026,1784747774,0,2.67
Wed Jul 22 19:17:22 UTC 2026,1784747842,0,1.77
Wed Jul 22 19:18:04 UTC 2026,1784747884,0,2.69
Wed Jul 22 19:18:17 UTC 2026,1784747897,0,2.15
Wed Jul 22 19:20:06 UTC 2026,1784748006,0,1.7
Wed Jul 22 19:20:10 UTC 2026,1784748010,0,2.78
Wed Jul 22 19:20:51 UTC 2026,1784748051,0,2.02
Wed Jul 22 19:21:51 UTC 2026,1784748111,0,2.85
Wed Jul 22 19:22:31 UTC 2026,1784748151,0,2.71
Wed Jul 22 19:23:21 UTC 2026,1784748201,0,1.77
Wed Jul 22 19:24:10 UTC 2026,1784748250,0,1.95
Wed Jul 22 19:24:25 UTC 2026,1784748265,0,2.72
Wed Jul 22 19:26:24 UTC 2026,1784748384,0,2.91
Wed Jul 22 19:26:50 UTC 2026,1784748410,0,1.81
Wed Jul 22 19:28:07 UTC 2026,1784748487,0,2.79
Wed Jul 22 19:28:40 UTC 2026,1784748520,0,1.97
Wed Jul 22 19:29:15 UTC 2026,1784748555,0,2.71
Wed Jul 22 19:30:10 UTC 2026,1784748610,0,1.62
Wed Jul 22 19:30:38 UTC 2026,1784748638,0,2.0
Wed Jul 22 19:30:55 UTC 2026,1784748655,0,2.64
Wed Jul 22 19:33:16 UTC 2026,1784748796,0,2.57
Wed Jul 22 19:33:43 UTC 2026,1784748823,0,1.85
Wed Jul 22 19:34:43 UTC 2026,1784748883,0,2.64
Wed Jul 22 19:35:14 UTC 2026,1784748914,0,1.66
Wed Jul 22 19:36:05 UTC 2026,1784748965,0,1.82
Wed Jul 22 19:36:23 UTC 2026,1784748983,0,2.71
Wed Jul 22 19:38:13 UTC 2026,1784749093,0,2.02
Wed Jul 22 19:38:43 UTC 2026,1784749123,0,2.74
Wed Jul 22 19:38:54 UTC 2026,1784749134,0,1.91
Wed Jul 22 19:38:58 UTC 2026,1784749138,0,2.65
Wed Jul 22 19:41:05 UTC 2026,1784749265,0,2.6
Wed Jul 22 19:41:09 UTC 2026,1784749269,0,2.05
Wed Jul 22 19:42:27 UTC 2026,1784749347,0,2.58
Wed Jul 22 19:42:44 UTC 2026,1784749364,0,2.1
Wed Jul 22 19:43:58 UTC 2026,1784749438,0,2.18
Wed Jul 22 19:44:29 UTC 2026,1784749469,0,2.55
Wed Jul 22 19:46:37 UTC 2026,1784749597,0,2.09
Wed Jul 22 19:46:54 UTC 2026,1784749614,0,2.54
Wed Jul 22 19:48:08 UTC 2026,1784749688,0,1.97
Wed Jul 22 19:48:21 UTC 2026,1784749701,0,2.6
Wed Jul 22 19:49:39 UTC 2026,1784749779,0,2.02
Wed Jul 22 19:50:15 UTC 2026,1784749815,0,2.5
Wed Jul 22 19:50:24 UTC 2026,1784749824,0,2.33
Wed Jul 22 19:50:29 UTC 2026,1784749829,0,2.2
Wed Jul 22 19:51:18 UTC 2026,1784749878,0,2.67
Wed Jul 22 19:51:32 UTC 2026,1784749892,0,2.01
Wed Jul 22 19:52:51 UTC 2026,1784749971,0,2.57
Wed Jul 22 19:53:35 UTC 2026,1784750015,0,2.08
Wed Jul 22 19:53:45 UTC 2026,1784750025,0,2.53
Wed Jul 22 19:54:53 UTC 2026,1784750093,0,2.1
Wed Jul 22 19:55:28 UTC 2026,1784750128,0,1.97
Wed Jul 22 19:56:04 UTC 2026,1784750164,0,2.7
Wed Jul 22 19:57:55 UTC 2026,1784750275,0,2.09
Wed Jul 22 19:58:03 UTC 2026,1784750283,0,2.6
Wed Jul 22 19:58:43 UTC 2026,1784750323,0,2.09
Wed Jul 22 19:59:38 UTC 2026,1784750378,0,2.78
Wed Jul 22 20:01:45 UTC 2026,1784750505,0,2.52
Wed Jul 22 20:01:51 UTC 2026,1784750511,0,2.13
Wed Jul 22 20:02:22 UTC 2026,1784750542,0,2.73
Wed Jul 22 20:02:36 UTC 2026,1784750556,0,2.17
Wed Jul 22 20:03:43 UTC 2026,1784750623,0,2.15
Wed Jul 22 20:04:57 UTC 2026,1784750697,0,2.49
Wed Jul 22 20:06:32 UTC 2026,1784750792,0,2.62
Wed Jul 22 20:06:50 UTC 2026,1784750810,0,2.12
Wed Jul 22 20:08:13 UTC 2026,1784750893,0,1.99
Wed Jul 22 20:08:22 UTC 2026,1784750902,0,2.6
Wed Jul 22 20:09:44 UTC 2026,1784750984,0,2.75
Wed Jul 22 20:09:48 UTC 2026,1784750988,0,2.14
Wed Jul 22 20:10:52 UTC 2026,1784751052,0,1.66
Wed Jul 22 20:11:46 UTC 2026,1784751106,0,2.77
Wed Jul 22 20:13:04 UTC 2026,1784751184,0,2.08
Wed Jul 22 20:13:08 UTC 2026,1784751188,0,2.59
Wed Jul 22 20:13:30 UTC 2026,1784751210,0,1.77
Wed Jul 22 20:14:21 UTC 2026,1784751261,0,2.75
Wed Jul 22 20:15:48 UTC 2026,1784751348,0,2.73
Wed Jul 22 20:16:05 UTC 2026,1784751365,0,2.17
Wed Jul 22 20:17:04 UTC 2026,1784751424,0,2.12
Wed Jul 22 20:18:08 UTC 2026,1784751488,0,2.71
Wed Jul 22 20:18:39 UTC 2026,1784751519,0,2.5
Wed Jul 22 20:19:02 UTC 2026,1784751542,0,2.12
Wed Jul 22 20:20:06 UTC 2026,1784751606,0,1.96
Wed Jul 22 20:20:47 UTC 2026,1784751647,0,2.71
Wed Jul 22 20:22:14 UTC 2026,1784751734,0,2.18
Wed Jul 22 20:22:59 UTC 2026,1784751779,0,2.7
Wed Jul 22 20:23:41 UTC 2026,1784751821,0,2.66
Wed Jul 22 20:24:02 UTC 2026,1784751842,0,2.3
Wed Jul 22 20:25:24 UTC 2026,1784751924,0,2.25
Wed Jul 22 20:25:38 UTC 2026,1784751938,0,2.6
Wed Jul 22 20:26:45 UTC 2026,1784752005,0,2.2
Wed Jul 22 20:28:18 UTC 2026,1784752098,0,2.62
Wed Jul 22 20:29:07 UTC 2026,1784752147,0,2.34
Wed Jul 22 20:29:44 UTC 2026,1784752184,0,2.62
Wed Jul 22 20:30:29 UTC 2026,1784752229,0,2.61
Wed Jul 22 20:31:33 UTC 2026,1784752293,0,2.29
Wed Jul 22 20:32:32 UTC 2026,1784752352,0,2.22
Wed Jul 22 20:33:03 UTC 2026,1784752383,0,2.74
Wed Jul 22 20:34:39 UTC 2026,1784752479,0,2.59
Wed Jul 22 20:34:44 UTC 2026,1784752484,0,2.24
Wed Jul 22 20:35:25 UTC 2026,1784752525,0,2.64
Wed Jul 22 20:36:06 UTC 2026,1784752566,0,2.24
Wed Jul 22 20:36:38 UTC 2026,1784752598,0,2.61
Wed Jul 22 20:38:13 UTC 2026,1784752693,0,2.34
Wed Jul 22 20:39:35 UTC 2026,1784752775,0,2.78
Wed Jul 22 20:39:44 UTC 2026,1784752784,0,2.32
Wed Jul 22 20:40:12 UTC 2026,1784752812,0,2.62
Wed Jul 22 20:40:42 UTC 2026,1784752842,0,2.26
Wed Jul 22 20:42:56 UTC 2026,1784752976,0,2.65
Wed Jul 22 20:43:50 UTC 2026,1784753030,0,2.75
Wed Jul 22 20:44:39 UTC 2026,1784753079,0,2.29
Wed Jul 22 20:45:33 UTC 2026,1784753133,0,2.31
Wed Jul 22 20:45:47 UTC 2026,1784753147,0,2.76
Wed Jul 22 20:46:56 UTC 2026,1784753216,0,2.64
Wed Jul 22 20:47:47 UTC 2026,1784753267,0,2.41
Wed Jul 22 20:48:36 UTC 2026,1784753316,0,2.18
Wed Jul 22 20:48:45 UTC 2026,1784753325,0,2.67
Wed Jul 22 20:50:43 UTC 2026,1784753443,0,2.82
Wed Jul 22 20:50:53 UTC 2026,1784753453,0,2.27
Wed Jul 22 20:52:28 UTC 2026,1784753548,0,2.74
Wed Jul 22 20:52:55 UTC 2026,1784753575,0,2.22
Wed Jul 22 20:54:17 UTC 2026,1784753657,0,2.93
Wed Jul 22 20:54:31 UTC 2026,1784753671,0,2.21
Wed Jul 22 20:55:12 UTC 2026,1784753712,0,2.25
Wed Jul 22 20:56:15 UTC 2026,1784753775,0,2.67
Wed Jul 22 20:56:38 UTC 2026,1784753798,0,2.38
Wed Jul 22 20:57:46 UTC 2026,1784753866,0,2.77
Wed Jul 22 20:58:50 UTC 2026,1784753930,0,2.31
Wed Jul 22 20:59:00 UTC 2026,1784753940,0,2.72
Wed Jul 22 21:00:44 UTC 2026,1784754044,0,2.24
Wed Jul 22 21:01:06 UTC 2026,1784754066,0,2.76
Wed Jul 22 21:02:00 UTC 2026,1784754120,0,2.3
Wed Jul 22 21:02:33 UTC 2026,1784754153,0,2.72
Wed Jul 22 21:03:37 UTC 2026,1784754217,0,2.7
Wed Jul 22 21:03:51 UTC 2026,1784754231,0,2.32
Wed Jul 22 21:05:21 UTC 2026,1784754321,0,2.18
Wed Jul 22 21:06:03 UTC 2026,1784754363,0,2.75
Wed Jul 22 21:07:20 UTC 2026,1784754440,0,2.24
Wed Jul 22 21:07:34 UTC 2026,1784754454,0,2.69
Wed Jul 22 21:09:22 UTC 2026,1784754562,0,2.79
Wed Jul 22 21:09:32 UTC 2026,1784754572,0,2.38
Wed Jul 22 21:09:59 UTC 2026,1784754599,0,2.69
Wed Jul 22 21:10:35 UTC 2026,1784754635,0,2.36
Wed Jul 22 21:12:48 UTC 2026,1784754768,0,2.37
Wed Jul 22 21:12:52 UTC 2026,1784754772,0,2.64
Wed Jul 22 21:13:33 UTC 2026,1784754813,0,2.36
Wed Jul 22 21:13:37 UTC 2026,1784754817,0,2.76
Wed Jul 22 21:15:17 UTC 2026,1784754917,0,2.43
Wed Jul 22 21:15:22 UTC 2026,1784754922,0,2.66
Wed Jul 22 21:16:30 UTC 2026,1784754990,0,2.33
Wed Jul 22 21:17:11 UTC 2026,1784755031,0,2.72
Wed Jul 22 21:18:33 UTC 2026,1784755113,0,2.7
Wed Jul 22 21:19:27 UTC 2026,1784755167,0,2.31
Wed Jul 22 21:20:03 UTC 2026,1784755203,0,2.33
Wed Jul 22 21:20:44 UTC 2026,1784755244,0,2.76
Wed Jul 22 21:21:34 UTC 2026,1784755294,0,2.31
Wed Jul 22 21:22:38 UTC 2026,1784755358,0,2.68
Wed Jul 22 21:23:23 UTC 2026,1784755403,0,2.71
Wed Jul 22 21:24:00 UTC 2026,1784755440,0,2.24
Wed Jul 22 21:24:31 UTC 2026,1784755471,0,2.32
Wed Jul 22 21:25:11 UTC 2026,1784755511,0,2.67
Wed Jul 22 21:26:25 UTC 2026,1784755585,0,2.8
Wed Jul 22 21:26:52 UTC 2026,1784755612,0,2.23
Wed Jul 22 21:28:19 UTC 2026,1784755699,0,2.71
Wed Jul 22 21:29:13 UTC 2026,1784755753,0,2.27
Wed Jul 22 21:29:46 UTC 2026,1784755786,0,2.24
Wed Jul 22 21:30:22 UTC 2026,1784755822,0,2.64
Wed Jul 22 21:32:06 UTC 2026,1784755926,0,2.74
Wed Jul 22 21:32:33 UTC 2026,1784755953,0,2.38
Wed Jul 22 21:33:56 UTC 2026,1784756036,0,2.7
Wed Jul 22 21:34:04 UTC 2026,1784756044,0,2.38
Wed Jul 22 21:35:04 UTC 2026,1784756104,0,2.18
Wed Jul 22 21:35:31 UTC 2026,1784756131,0,2.75
Wed Jul 22 21:36:07 UTC 2026,1784756167,0,2.71
Wed Jul 22 21:37:33 UTC 2026,1784756253,0,2.4
Wed Jul 22 21:37:43 UTC 2026,1784756263,0,2.26
Wed Jul 22 21:38:24 UTC 2026,1784756304,0,2.69
Wed Jul 22 21:40:40 UTC 2026,1784756440,0,2.63
Wed Jul 22 21:40:49 UTC 2026,1784756449,0,2.33
Wed Jul 22 21:41:43 UTC 2026,1784756503,0,2.65
Wed Jul 22 21:42:07 UTC 2026,1784756527,0,2.43
Wed Jul 22 21:42:37 UTC 2026,1784756557,0,2.36
Wed Jul 22 21:43:32 UTC 2026,1784756612,0,2.74
Wed Jul 22 21:44:22 UTC 2026,1784756662,0,2.42
Wed Jul 22 21:45:32 UTC 2026,1784756732,0,2.7
Wed Jul 22 21:46:30 UTC 2026,1784756790,0,2.31
Wed Jul 22 21:46:39 UTC 2026,1784756799,0,2.65
Wed Jul 22 21:48:19 UTC 2026,1784756899,0,2.64
Wed Jul 22 21:48:47 UTC 2026,1784756927,0,2.28
Wed Jul 22 21:49:18 UTC 2026,1784756958,0,2.36
Wed Jul 22 21:49:27 UTC 2026,1784756967,0,2.78
Wed Jul 22 21:51:34 UTC 2026,1784757094,0,2.65
Wed Jul 22 21:51:57 UTC 2026,1784757117,0,2.4
Wed Jul 22 21:53:19 UTC 2026,1784757199,0,2.68
Wed Jul 22 21:53:41 UTC 2026,1784757221,0,2.25
Wed Jul 22 21:54:09 UTC 2026,1784757249,0,2.35
Wed Jul 22 21:55:35 UTC 2026,1784757335,0,2.75
Wed Jul 22 21:55:48 UTC 2026,1784757348,0,2.46
Wed Jul 22 21:56:02 UTC 2026,1784757362,0,2.74
Wed Jul 22 21:57:29 UTC 2026,1784757449,0,2.35
Wed Jul 22 21:58:05 UTC 2026,1784757485,0,2.78
Wed Jul 22 21:59:09 UTC 2026,1784757549,0,2.83
Wed Jul 22 21:59:54 UTC 2026,1784757594,0,2.53
Wed Jul 22 22:00:54 UTC 2026,1784757654,0,2.87
Wed Jul 22 22:02:05 UTC 2026,1784757725,0,2.49
Wed Jul 22 22:03:33 UTC 2026,1784757813,0,2.5
Wed Jul 22 22:03:50 UTC 2026,1784757830,0,2.81
Wed Jul 22 22:05:08 UTC 2026,1784757908,0,2.21
Wed Jul 22 22:05:40 UTC 2026,1784757940,0,2.92
Wed Jul 22 22:05:44 UTC 2026,1784757944,0,2.53
Wed Jul 22 22:05:49 UTC 2026,1784757949,0,2.92
Wed Jul 22 22:08:05 UTC 2026,1784758085,0,2.94
Wed Jul 22 22:08:55 UTC 2026,1784758135,0,2.74
Wed Jul 22 22:09:27 UTC 2026,1784758167,0,2.71
Wed Jul 22 22:09:36 UTC 2026,1784758176,0,3.05
Wed Jul 22 22:10:39 UTC 2026,1784758239,0,2.97
Wed Jul 22 22:11:58 UTC 2026,1784758318,0,2.75
Wed Jul 22 22:12:39 UTC 2026,1784758359,0,3.01
Wed Jul 22 22:13:05 UTC 2026,1784758385,0,2.69
Wed Jul 22 22:14:08 UTC 2026,1784758448,0,2.73
Wed Jul 22 22:15:22 UTC 2026,1784758522,0,2.99
Wed Jul 22 22:16:16 UTC 2026,1784758576,0,2.68
Wed Jul 22 22:16:53 UTC 2026,1784758613,0,3.0
Wed Jul 22 22:17:47 UTC 2026,1784758667,0,2.75
Wed Jul 22 22:18:10 UTC 2026,1784758690,0,3.02
Wed Jul 22 22:19:04 UTC 2026,1784758744,0,2.98
Wed Jul 22 22:19:54 UTC 2026,1784758794,0,2.67
Wed Jul 22 22:21:25 UTC 2026,1784758885,0,2.71
Wed Jul 22 22:22:01 UTC 2026,1784758921,0,3.04
Wed Jul 22 22:22:20 UTC 2026,1784758940,0,2.82
Wed Jul 22 22:22:24 UTC 2026,1784758944,0,3.0
Wed Jul 22 22:23:51 UTC 2026,1784759031,0,2.8
Wed Jul 22 22:24:00 UTC 2026,1784759040,0,3.09
Wed Jul 22 22:25:57 UTC 2026,1784759157,0,2.73
Wed Jul 22 22:26:38 UTC 2026,1784759198,0,3.06
Wed Jul 22 22:27:24 UTC 2026,1784759244,0,2.82
Wed Jul 22 22:28:10 UTC 2026,1784759290,0,3.15
Wed Jul 22 22:29:32 UTC 2026,1784759372,0,2.89
Wed Jul 22 22:29:36 UTC 2026,1784759376,0,3.13
Wed Jul 22 22:30:44 UTC 2026,1784759444,0,2.9
Wed Jul 22 22:31:12 UTC 2026,1784759472,0,3.09
Wed Jul 22 22:32:20 UTC 2026,1784759540,0,2.92
Wed Jul 22 22:33:36 UTC 2026,1784759616,0,3.13
Wed Jul 22 22:34:44 UTC 2026,1784759684,0,2.84
Wed Jul 22 22:35:03 UTC 2026,1784759703,0,3.34
Wed Jul 22 22:35:40 UTC 2026,1784759740,0,3.01
Wed Jul 22 22:37:01 UTC 2026,1784759821,0,3.3
Wed Jul 22 22:37:42 UTC 2026,1784759862,0,3.37
Wed Jul 22 22:37:47 UTC 2026,1784759867,0,3.07
Wed Jul 22 22:38:51 UTC 2026,1784759931,0,3.36
Wed Jul 22 22:39:46 UTC 2026,1784759986,0,3.09
Wed Jul 22 22:41:29 UTC 2026,1784760089,0,3.37
Wed Jul 22 22:41:48 UTC 2026,1784760108,0,3.07
Wed Jul 22 22:42:52 UTC 2026,1784760172,0,3.08
Wed Jul 22 22:43:37 UTC 2026,1784760217,0,3.38
Wed Jul 22 22:43:56 UTC 2026,1784760236,0,3.14
Wed Jul 22 22:44:37 UTC 2026,1784760277,0,3.34
Wed Jul 22 22:46:20 UTC 2026,1784760380,0,3.18
Wed Jul 22 22:46:30 UTC 2026,1784760390,0,3.42
Wed Jul 22 22:47:52 UTC 2026,1784760472,0,3.45
Wed Jul 22 22:48:14 UTC 2026,1784760494,0,3.13
Wed Jul 22 22:49:08 UTC 2026,1784760548,0,3.26
Wed Jul 22 22:49:41 UTC 2026,1784760581,0,3.45
Wed Jul 22 22:50:27 UTC 2026,1784760627,0,3.21
Wed Jul 22 22:51:48 UTC 2026,1784760708,0,3.52
Wed Jul 22 22:53:23 UTC 2026,1784760803,0,3.29
Wed Jul 22 22:53:31 UTC 2026,1784760811,0,3.58
Wed Jul 22 22:54:04 UTC 2026,1784760844,0,3.56
Wed Jul 22 22:55:08 UTC 2026,1784760908,0,3.29
Wed Jul 22 22:55:45 UTC 2026,1784760945,0,3.27
Wed Jul 22 22:56:26 UTC 2026,1784760986,0,3.59
Wed Jul 22 22:57:37 UTC 2026,1784761057,0,3.29
Wed Jul 22 22:58:10 UTC 2026,1784761090,0,3.61
Wed Jul 22 22:59:04 UTC 2026,1784761144,0,3.59
Wed Jul 22 22:59:55 UTC 2026,1784761195,0,3.35
Wed Jul 22 23:01:24 UTC 2026,1784761284,0,3.72
Wed Jul 22 23:01:47 UTC 2026,1784761307,0,3.38
Wed Jul 22 23:02:29 UTC 2026,1784761349,0,3.7
Wed Jul 22 23:02:43 UTC 2026,1784761363,0,3.29
Wed Jul 22 23:04:13 UTC 2026,1784761453,0,3.69
Wed Jul 22 23:04:54 UTC 2026,1784761494,0,3.31
Wed Jul 22 23:06:02 UTC 2026,1784761562,0,3.22
Wed Jul 22 23:06:34 UTC 2026,1784761594,0,3.71
Wed Jul 22 23:07:20 UTC 2026,1784761640,0,3.37
Wed Jul 22 23:07:28 UTC 2026,1784761648,0,3.8
Wed Jul 22 23:08:45 UTC 2026,1784761725,0,3.46
Wed Jul 22 23:09:26 UTC 2026,1784761766,0,3.78
Wed Jul 22 23:10:22 UTC 2026,1784761822,0,3.46
Wed Jul 22 23:11:24 UTC 2026,1784761884,0,3.82
Wed Jul 22 23:11:44 UTC 2026,1784761904,0,3.88
Wed Jul 22 23:12:19 UTC 2026,1784761939,0,3.54
Wed Jul 22 23:13:37 UTC 2026,1784762017,0,3.89
Wed Jul 22 23:14:22 UTC 2026,1784762062,0,3.58
Wed Jul 22 23:15:07 UTC 2026,1784762107,0,3.71
Wed Jul 22 23:15:13 UTC 2026,1784762113,0,3.89
Wed Jul 22 23:16:43 UTC 2026,1784762203,0,3.77
Wed Jul 22 23:17:55 UTC 2026,1784762275,0,4.09
Wed Jul 22 23:18:59 UTC 2026,1784762339,0,3.82
Wed Jul 22 23:19:44 UTC 2026,1784762384,0,4.02
Wed Jul 22 23:20:21 UTC 2026,1784762421,0,3.99
Wed Jul 22 23:20:35 UTC 2026,1784762435,0,3.79
Wed Jul 22 23:22:42 UTC 2026,1784762562,0,4.1
Wed Jul 22 23:23:46 UTC 2026,1784762626,0,3.82
Wed Jul 22 23:24:14 UTC 2026,1784762654,0,4.12
Wed Jul 22 23:24:54 UTC 2026,1784762694,0,3.87
Wed Jul 22 23:26:29 UTC 2026,1784762789,0,4.16
Wed Jul 22 23:26:51 UTC 2026,1784762811,0,3.91
Wed Jul 22 23:27:28 UTC 2026,1784762848,0,4.21
Wed Jul 22 23:28:59 UTC 2026,1784762939,0,4.2
Wed Jul 22 23:29:44 UTC 2026,1784762984,0,3.9
Wed Jul 22 23:30:39 UTC 2026,1784763039,0,4.01
Wed Jul 22 23:31:11 UTC 2026,1784763071,0,4.3
Wed Jul 22 23:31:42 UTC 2026,1784763102,0,4.31
Wed Jul 22 23:32:33 UTC 2026,1784763153,0,4.01
Wed Jul 22 23:33:46 UTC 2026,1784763226,0,4.02
Wed Jul 22 23:34:21 UTC 2026,1784763261,0,4.33
Wed Jul 22 23:36:15 UTC 2026,1784763375,0,4.02
Wed Jul 22 23:37:19 UTC 2026,1784763439,0,4.09
Wed Jul 22 23:38:04 UTC 2026,1784763484,0,4.33
Wed Jul 22 23:38:14 UTC 2026,1784763494,0,4.17
Wed Jul 22 23:39:35 UTC 2026,1784763575,0,4.37
Wed Jul 22 23:40:35 UTC 2026,1784763635,0,4.42
Wed Jul 22 23:40:39 UTC 2026,1784763639,0,4.21
Wed Jul 22 23:41:56 UTC 2026,1784763716,0,4.19
Wed Jul 22 23:42:46 UTC 2026,1784763766,0,4.44
Wed Jul 22 23:43:18 UTC 2026,1784763798,0,4.16
Wed Jul 22 23:44:40 UTC 2026,1784763880,0,4.5
Wed Jul 22 23:44:58 UTC 2026,1784763898,0,4.19
Wed Jul 22 23:45:30 UTC 2026,1784763930,0,4.58
Wed Jul 22 23:47:10 UTC 2026,1784764030,0,4.23
Wed Jul 22 23:47:18 UTC 2026,1784764038,0,4.51
Wed Jul 22 23:48:50 UTC 2026,1784764130,0,4.25
Wed Jul 22 23:49:31 UTC 2026,1784764171,0,4.6
Wed Jul 22 23:49:45 UTC 2026,1784764185,0,4.23
Wed Jul 22 23:50:34 UTC 2026,1784764234,0,4.52
Wed Jul 22 23:51:42 UTC 2026,1784764302,0,4.58
Wed Jul 22 23:51:55 UTC 2026,1784764315,0,4.38
Wed Jul 22 23:53:09 UTC 2026,1784764389,0,4.37
Wed Jul 22 23:53:55 UTC 2026,1784764435,0,4.59
Wed Jul 22 23:55:35 UTC 2026,1784764535,0,4.4
Wed Jul 22 23:56:02 UTC 2026,1784764562,0,4.6
Wed Jul 22 23:56:21 UTC 2026,1784764581,0,4.59
Wed Jul 22 23:56:25 UTC 2026,1784764585,0,4.39
Wed Jul 22 23:57:59 UTC 2026,1784764679,0,4.42
Wed Jul 22 23:58:49 UTC 2026,1784764729,0,4.6
Thu Jul 23 00:00:16 UTC 2026,1784764816,0,4.59
Thu Jul 23 00:00:44 UTC 2026,1784764844,0,4.39
Thu Jul 23 00:01:33 UTC 2026,1784764893,0,4.43
Thu Jul 23 00:02:23 UTC 2026,1784764943,0,4.65
Thu Jul 23 00:03:04 UTC 2026,1784764984,0,4.4
Thu Jul 23 00:03:55 UTC 2026,1784765035,0,4.6
Thu Jul 23 00:05:17 UTC 2026,1784765117,0,4.3
Thu Jul 23 00:05:58 UTC 2026,1784765158,0,4.69
Thu Jul 23 00:06:24 UTC 2026,1784765184,0,4.12
Thu Jul 23 00:07:46 UTC 2026,1784765266,0,4.67
Thu Jul 23 00:08:40 UTC 2026,1784765320,0,4.41
Thu Jul 23 00:09:08 UTC 2026,1784765348,0,4.7
Thu Jul 23 00:09:54 UTC 2026,1784765394,0,4.47
Thu Jul 23 00:11:29 UTC 2026,1784765489,0,4.73
Thu Jul 23 00:12:33 UTC 2026,1784765553,0,4.52
Thu Jul 23 00:13:00 UTC 2026,1784765580,0,4.51
Thu Jul 23 00:13:23 UTC 2026,1784765603,0,4.74
Thu Jul 23 00:15:38 UTC 2026,1784765738,0,4.44
Thu Jul 23 00:15:44 UTC 2026,1784765744,0,4.75
Thu Jul 23 00:16:38 UTC 2026,1784765798,0,4.56
Thu Jul 23 00:16:47 UTC 2026,1784765807,0,4.8
Thu Jul 23 00:18:58 UTC 2026,1784765938,0,4.54
Thu Jul 23 00:19:18 UTC 2026,1784765958,0,4.75
Thu Jul 23 00:20:08 UTC 2026,1784766008,0,4.55
Thu Jul 23 00:20:43 UTC 2026,1784766043,0,4.74
Thu Jul 23 00:21:56 UTC 2026,1784766116,0,4.57
Thu Jul 23 00:22:37 UTC 2026,1784766157,0,4.81
Thu Jul 23 00:23:13 UTC 2026,1784766193,0,4.54
Thu Jul 23 00:23:58 UTC 2026,1784766238,0,4.88
Thu Jul 23 00:24:22 UTC 2026,1784766262,0,4.52
Thu Jul 23 00:25:52 UTC 2026,1784766352,0,4.93
Thu Jul 23 00:26:24 UTC 2026,1784766384,0,4.87
Thu Jul 23 00:27:10 UTC 2026,1784766430,0,4.58
Thu Jul 23 00:27:37 UTC 2026,1784766457,0,4.91
Thu Jul 23 00:28:27 UTC 2026,1784766507,0,4.57
Thu Jul 23 00:29:44 UTC 2026,1784766584,0,4.61
Thu Jul 23 00:30:16 UTC 2026,1784766616,0,4.91
Thu Jul 23 00:31:47 UTC 2026,1784766707,0,4.57
Thu Jul 23 00:32:14 UTC 2026,1784766734,0,4.89
Thu Jul 23 00:33:54 UTC 2026,1784766834,0,4.64
Thu Jul 23 00:34:03 UTC 2026,1784766843,0,4.93
Thu Jul 23 00:34:45 UTC 2026,1784766885,0,4.5
Thu Jul 23 00:35:12 UTC 2026,1784766912,0,4.99
Thu Jul 23 00:36:06 UTC 2026,1784766966,0,4.55
Thu Jul 23 00:36:38 UTC 2026,1784766998,0,4.98
Thu Jul 23 00:37:32 UTC 2026,1784767052,0,4.67
Thu Jul 23 00:38:55 UTC 2026,1784767135,0,4.99
Thu Jul 23 00:39:49 UTC 2026,1784767189,0,4.68
Thu Jul 23 00:40:25 UTC 2026,1784767225,0,5.02
Thu Jul 23 00:41:15 UTC 2026,1784767275,0,4.65
Thu Jul 23 00:42:14 UTC 2026,1784767334,0,4.92
Thu Jul 23 00:42:51 UTC 2026,1784767371,0,5.07
Thu Jul 23 00:43:40 UTC 2026,1784767420,0,4.73
Thu Jul 23 00:44:21 UTC 2026,1784767461,0,4.94
Thu Jul 23 00:45:29 UTC 2026,1784767529,0,4.7
Thu Jul 23 00:45:56 UTC 2026,1784767556,0,4.72
Thu Jul 23 00:46:51 UTC 2026,1784767611,0,4.96
Thu Jul 23 00:47:36 UTC 2026,1784767656,0,5.0
Thu Jul 23 00:48:13 UTC 2026,1784767693,0,4.67
Thu Jul 23 00:50:16 UTC 2026,1784767816,0,4.97
Thu Jul 23 00:50:31 UTC 2026,1784767831,0,4.68
Thu Jul 23 00:50:57 UTC 2026,1784767857,0,5.01
Thu Jul 23 00:51:56 UTC 2026,1784767916,0,4.74
Thu Jul 23 00:52:50 UTC 2026,1784767970,0,5.06
Thu Jul 23 00:53:00 UTC 2026,1784767980,0,4.59
Thu Jul 23 00:54:30 UTC 2026,1784768070,0,4.44
Thu Jul 23 00:55:11 UTC 2026,1784768111,0,5.04
Thu Jul 23 00:55:43 UTC 2026,1784768143,0,4.58
Thu Jul 23 00:57:05 UTC 2026,1784768225,0,5.03
Thu Jul 23 00:58:00 UTC 2026,1784768280,0,4.47
Thu Jul 23 00:58:41 UTC 2026,1784768321,0,5.06
Thu Jul 23 00:58:59 UTC 2026,1784768339,0,4.51
Thu Jul 23 00:59:36 UTC 2026,1784768376,0,5.02
Thu Jul 23 01:00:39 UTC 2026,1784768439,0,4.93
Thu Jul 23 01:00:53 UTC 2026,1784768453,0,4.68
Thu Jul 23 01:02:55 UTC 2026,1784768575,0,4.7
Thu Jul 23 01:03:05 UTC 2026,1784768585,0,5.02
Thu Jul 23 01:04:08 UTC 2026,1784768648,0,4.97
Thu Jul 23 01:05:17 UTC 2026,1784768717,0,4.73
Thu Jul 23 01:06:48 UTC 2026,1784768808,0,5.09
Thu Jul 23 01:07:45 UTC 2026,1784768865,0,5.01
Thu Jul 23 01:08:50 UTC 2026,1784768930,0,4.74
Thu Jul 23 01:09:49 UTC 2026,1784768989,0,5.0
Thu Jul 23 01:09:59 UTC 2026,1784768999,0,4.77
Thu Jul 23 01:11:14 UTC 2026,1784769074,0,4.8
Thu Jul 23 01:11:20 UTC 2026,1784769080,0,4.96
Thu Jul 23 01:13:04 UTC 2026,1784769184,0,5.02
Thu Jul 23 01:13:36 UTC 2026,1784769216,0,4.71
Thu Jul 23 01:14:22 UTC 2026,1784769262,0,4.77
Thu Jul 23 01:14:30 UTC 2026,1784769270,0,5.02
Thu Jul 23 01:15:44 UTC 2026,1784769344,0,4.77
Thu Jul 23 01:15:48 UTC 2026,1784769348,0,5.09
Thu Jul 23 01:17:46 UTC 2026,1784769466,0,4.77
Thu Jul 23 01:18:36 UTC 2026,1784769516,0,5.08
Thu Jul 23 01:19:58 UTC 2026,1784769598,0,4.58
Thu Jul 23 01:20:02 UTC 2026,1784769602,0,5.38
Thu Jul 23 01:20:34 UTC 2026,1784769634,0,5.25
Thu Jul 23 01:21:33 UTC 2026,1784769693,0,4.52
Thu Jul 23 01:22:28 UTC 2026,1784769748,0,5.08
Thu Jul 23 01:22:33 UTC 2026,1784769753,0,4.59
Thu Jul 23 01:24:03 UTC 2026,1784769843,0,4.82
Thu Jul 23 01:24:54 UTC 2026,1784769894,0,5.03
Thu Jul 23 01:26:25 UTC 2026,1784769985,0,5.04
Thu Jul 23 01:26:39 UTC 2026,1784769999,0,4.79
Thu Jul 23 01:27:20 UTC 2026,1784770040,0,4.72
Thu Jul 23 01:27:24 UTC 2026,1784770044,0,5.02
Thu Jul 23 01:29:31 UTC 2026,1784770171,0,4.76
Thu Jul 23 01:30:38 UTC 2026,1784770238,0,5.13
Thu Jul 23 01:30:57 UTC 2026,1784770257,0,4.83
Thu Jul 23 01:32:10 UTC 2026,1784770330,0,5.05
Thu Jul 23 01:32:42 UTC 2026,1784770362,0,4.86
Thu Jul 23 01:33:45 UTC 2026,1784770425,0,4.8
Thu Jul 23 01:34:48 UTC 2026,1784770488,0,5.02
Thu Jul 23 01:35:33 UTC 2026,1784770533,0,5.06
Thu Jul 23 01:36:01 UTC 2026,1784770561,0,4.66
Thu Jul 23 01:37:20 UTC 2026,1784770640,0,4.69
Thu Jul 23 01:37:41 UTC 2026,1784770661,0,5.09
Thu Jul 23 01:39:02 UTC 2026,1784770742,0,4.72
Thu Jul 23 01:39:39 UTC 2026,1784770779,0,5.0
Thu Jul 23 01:40:43 UTC 2026,1784770843,0,5.05
Thu Jul 23 01:41:16 UTC 2026,1784770876,0,4.81
Thu Jul 23 01:42:31 UTC 2026,1784770951,0,4.76
Thu Jul 23 01:43:08 UTC 2026,1784770988,0,4.96
Thu Jul 23 01:44:39 UTC 2026,1784771079,0,4.95
Thu Jul 23 01:45:02 UTC 2026,1784771102,0,4.68
Thu Jul 23 01:45:11 UTC 2026,1784771111,0,4.75
Thu Jul 23 01:45:30 UTC 2026,1784771130,0,5.02
Thu Jul 23 01:47:45 UTC 2026,1784771265,0,4.72
Thu Jul 23 01:48:04 UTC 2026,1784771284,0,4.97
Thu Jul 23 01:48:36 UTC 2026,1784771316,0,5.07
Thu Jul 23 01:49:53 UTC 2026,1784771393,0,4.65
Thu Jul 23 01:50:29 UTC 2026,1784771429,0,5.11
Thu Jul 23 01:50:47 UTC 2026,1784771447,0,4.63
Thu Jul 23 01:51:56 UTC 2026,1784771516,0,4.51
Thu Jul 23 01:52:28 UTC 2026,1784771548,0,4.97
Thu Jul 23 01:54:12 UTC 2026,1784771652,0,5.42
Thu Jul 23 01:54:16 UTC 2026,1784771656,0,4.58
Thu Jul 23 01:55:38 UTC 2026,1784771738,0,4.51
Thu Jul 23 01:55:47 UTC 2026,1784771747,0,5.1
Thu Jul 23 01:57:36 UTC 2026,1784771856,0,4.93
Thu Jul 23 01:57:55 UTC 2026,1784771875,0,4.58
Thu Jul 23 01:59:17 UTC 2026,1784771957,0,5.09
Thu Jul 23 01:59:21 UTC 2026,1784771961,0,4.66
Thu Jul 23 02:00:16 UTC 2026,1784772016,0,4.5
Thu Jul 23 02:01:11 UTC 2026,1784772071,0,5.11
Thu Jul 23 02:01:51 UTC 2026,1784772111,0,4.6
Thu Jul 23 02:02:19 UTC 2026,1784772139,0,5.09
Thu Jul 23 02:03:33 UTC 2026,1784772213,0,5.06
Thu Jul 23 02:04:03 UTC 2026,1784772243,0,4.62
Thu Jul 23 02:05:25 UTC 2026,1784772325,0,4.32
Thu Jul 23 02:05:29 UTC 2026,1784772329,0,4.84
Thu Jul 23 02:07:09 UTC 2026,1784772429,0,4.58
Thu Jul 23 02:08:23 UTC 2026,1784772503,0,4.62
Thu Jul 23 02:08:40 UTC 2026,1784772520,0,4.8
Thu Jul 23 02:10:47 UTC 2026,1784772647,0,4.59
Thu Jul 23 02:11:06 UTC 2026,1784772666,0,4.79
Thu Jul 23 02:11:56 UTC 2026,1784772716,0,4.75
Thu Jul 23 02:12:14 UTC 2026,1784772734,0,4.55
Thu Jul 23 02:13:18 UTC 2026,1784772798,0,4.75
Thu Jul 23 02:14:12 UTC 2026,1784772852,0,4.53
Thu Jul 23 02:15:07 UTC 2026,1784772907,0,4.59
Thu Jul 23 02:16:15 UTC 2026,1784772975,0,4.78
Thu Jul 23 02:16:33 UTC 2026,1784772993,0,4.53
Thu Jul 23 02:17:50 UTC 2026,1784773070,0,4.82
Thu Jul 23 02:18:35 UTC 2026,1784773115,0,4.8
Thu Jul 23 02:19:21 UTC 2026,1784773161,0,4.48
Thu Jul 23 02:19:53 UTC 2026,1784773193,0,4.72
Thu Jul 23 02:20:06 UTC 2026,1784773206,0,4.48
Thu Jul 23 02:22:18 UTC 2026,1784773338,0,4.49
Thu Jul 23 02:22:50 UTC 2026,1784773370,0,4.77
Thu Jul 23 02:23:22 UTC 2026,1784773402,0,4.39
Thu Jul 23 02:23:27 UTC 2026,1784773407,0,4.71
Thu Jul 23 02:25:11 UTC 2026,1784773511,0,4.43
Thu Jul 23 02:25:29 UTC 2026,1784773529,0,4.73
Thu Jul 23 02:27:51 UTC 2026,1784773671,0,4.32
Thu Jul 23 02:28:12 UTC 2026,1784773692,0,4.59
Thu Jul 23 02:28:17 UTC 2026,1784773697,0,4.34
Thu Jul 23 02:30:20 UTC 2026,1784773820,0,4.66
Thu Jul 23 02:31:06 UTC 2026,1784773866,0,4.3
Thu Jul 23 02:31:33 UTC 2026,1784773893,0,4.34
Thu Jul 23 02:32:50 UTC 2026,1784773970,0,4.63
Thu Jul 23 02:34:11 UTC 2026,1784774051,0,3.76
Thu Jul 23 02:34:35 UTC 2026,1784774075,0,4.78
Thu Jul 23 02:35:02 UTC 2026,1784774102,0,4.8
Thu Jul 23 02:35:20 UTC 2026,1784774120,0,3.79
Thu Jul 23 02:36:28 UTC 2026,1784774188,0,4.27
Thu Jul 23 02:37:05 UTC 2026,1784774225,0,4.55
Thu Jul 23 02:38:49 UTC 2026,1784774329,0,4.27
Thu Jul 23 02:38:53 UTC 2026,1784774333,0,4.53
Thu Jul 23 02:40:29 UTC 2026,1784774429,0,4.23
Thu Jul 23 02:41:15 UTC 2026,1784774475,0,4.53
Thu Jul 23 02:41:32 UTC 2026,1784774492,0,4.22
Thu Jul 23 02:43:18 UTC 2026,1784774598,0,4.23
Thu Jul 23 02:44:07 UTC 2026,1784774647,0,4.47
Thu Jul 23 02:45:16 UTC 2026,1784774716,0,4.22
Thu Jul 23 02:45:33 UTC 2026,1784774733,0,4.48
Thu Jul 23 02:47:24 UTC 2026,1784774844,0,4.12
Thu Jul 23 02:47:37 UTC 2026,1784774857,0,4.52
Thu Jul 23 02:48:18 UTC 2026,1784774898,0,4.13
Thu Jul 23 02:49:12 UTC 2026,1784774952,0,4.58
Thu Jul 23 02:50:02 UTC 2026,1784775002,0,4.02
Thu Jul 23 02:51:02 UTC 2026,1784775062,0,4.51
Thu Jul 23 02:51:10 UTC 2026,1784775070,0,4.39
Thu Jul 23 02:51:23 UTC 2026,1784775083,0,4.05
Thu Jul 23 02:53:36 UTC 2026,1784775216,0,4.44
Thu Jul 23 02:53:45 UTC 2026,1784775225,0,4.1
Thu Jul 23 02:55:12 UTC 2026,1784775312,0,4.7
Thu Jul 23 02:55:39 UTC 2026,1784775339,0,3.9
Thu Jul 23 02:57:22 UTC 2026,1784775442,0,4.01
Thu Jul 23 02:57:41 UTC 2026,1784775461,0,4.43
Thu Jul 23 02:57:51 UTC 2026,1784775471,0,4.4
Thu Jul 23 02:59:16 UTC 2026,1784775556,0,4.01
Thu Jul 23 03:00:20 UTC 2026,1784775620,0,3.84
Thu Jul 23 03:00:30 UTC 2026,1784775630,0,4.39
Thu Jul 23 03:01:29 UTC 2026,1784775689,0,4.44
Thu Jul 23 03:02:10 UTC 2026,1784775730,0,4.0
Thu Jul 23 03:03:04 UTC 2026,1784775784,0,4.4
Thu Jul 23 03:03:44 UTC 2026,1784775824,0,3.88
Thu Jul 23 03:05:26 UTC 2026,1784775926,0,3.93
Thu Jul 23 03:05:43 UTC 2026,1784775943,0,4.47
Thu Jul 23 03:06:06 UTC 2026,1784775966,0,4.54
Thu Jul 23 03:06:55 UTC 2026,1784776015,0,3.75
Thu Jul 23 03:08:22 UTC 2026,1784776102,0,4.27
Thu Jul 23 03:08:31 UTC 2026,1784776111,0,3.97
Thu Jul 23 03:09:40 UTC 2026,1784776180,0,4.32
Thu Jul 23 03:10:06 UTC 2026,1784776206,0,3.88
Thu Jul 23 03:12:09 UTC 2026,1784776329,0,4.24
Thu Jul 23 03:12:27 UTC 2026,1784776347,0,3.94
Thu Jul 23 03:13:22 UTC 2026,1784776402,0,4.36
Thu Jul 23 03:14:03 UTC 2026,1784776443,0,3.9
Thu Jul 23 03:15:01 UTC 2026,1784776501,0,3.94
Thu Jul 23 03:15:52 UTC 2026,1784776552,0,4.44
Thu Jul 23 03:16:10 UTC 2026,1784776570,0,3.61
Thu Jul 23 03:17:15 UTC 2026,1784776635,0,4.46
Thu Jul 23 03:18:41 UTC 2026,1784776721,0,4.25
Thu Jul 23 03:18:58 UTC 2026,1784776738,0,3.86
Thu Jul 23 03:19:48 UTC 2026,1784776788,0,3.84
Thu Jul 23 03:20:29 UTC 2026,1784776829,0,4.34
Thu Jul 23 03:21:11 UTC 2026,1784776871,0,3.85
Thu Jul 23 03:21:29 UTC 2026,1784776889,0,4.31
Thu Jul 23 03:22:40 UTC 2026,1784776960,0,4.34
Thu Jul 23 03:22:46 UTC 2026,1784776966,0,3.72
Thu Jul 23 03:24:12 UTC 2026,1784777052,0,4.54
Thu Jul 23 03:24:21 UTC 2026,1784777061,0,3.9
Thu Jul 23 03:26:46 UTC 2026,1784777206,0,4.31
Thu Jul 23 03:27:09 UTC 2026,1784777229,0,3.75
Thu Jul 23 03:27:31 UTC 2026,1784777251,0,4.23
Thu Jul 23 03:28:40 UTC 2026,1784777320,0,3.8
Thu Jul 23 03:29:34 UTC 2026,1784777374,0,3.76
Thu Jul 23 03:29:49 UTC 2026,1784777389,0,4.51
Thu Jul 23 03:30:52 UTC 2026,1784777452,0,3.49
Thu Jul 23 03:31:33 UTC 2026,1784777493,0,4.41
Thu Jul 23 03:32:33 UTC 2026,1784777553,0,3.72
Thu Jul 23 03:33:55 UTC 2026,1784777635,0,4.2
Thu Jul 23 03:34:52 UTC 2026,1784777692,0,4.24
Thu Jul 23 03:35:37 UTC 2026,1784777737,0,3.54
Thu Jul 23 03:36:01 UTC 2026,1784777761,0,3.39
Thu Jul 23 03:36:43 UTC 2026,1784777803,0,4.23
Thu Jul 23 03:37:41 UTC 2026,1784777861,0,3.73
Thu Jul 23 03:37:58 UTC 2026,1784777878,0,4.08
Thu Jul 23 03:39:39 UTC 2026,1784777979,0,4.19
Thu Jul 23 03:39:48 UTC 2026,1784777988,0,3.74
Thu Jul 23 03:40:43 UTC 2026,1784778043,0,4.06
Thu Jul 23 03:41:06 UTC 2026,1784778066,0,3.66
Thu Jul 23 03:42:45 UTC 2026,1784778165,0,3.98
Thu Jul 23 03:43:22 UTC 2026,1784778202,0,3.71
Thu Jul 23 03:45:07 UTC 2026,1784778307,0,4.07
Thu Jul 23 03:45:29 UTC 2026,1784778329,0,3.61
Thu Jul 23 03:47:05 UTC 2026,1784778425,0,3.59
Thu Jul 23 03:47:14 UTC 2026,1784778434,0,3.92
Thu Jul 23 03:47:32 UTC 2026,1784778452,0,3.94
Thu Jul 23 03:48:13 UTC 2026,1784778493,0,3.61
Thu Jul 23 03:48:54 UTC 2026,1784778534,0,3.88
Thu Jul 23 03:50:07 UTC 2026,1784778607,0,3.63
Thu Jul 23 03:50:39 UTC 2026,1784778639,0,3.58
Thu Jul 23 03:51:10 UTC 2026,1784778670,0,3.97
Thu Jul 23 03:52:36 UTC 2026,1784778756,0,3.57
Thu Jul 23 03:53:23 UTC 2026,1784778803,0,3.85
Thu Jul 23 03:53:58 UTC 2026,1784778838,0,3.82
Thu Jul 23 03:54:17 UTC 2026,1784778857,0,3.5
Thu Jul 23 03:55:39 UTC 2026,1784778939,0,3.87
Thu Jul 23 03:56:52 UTC 2026,1784779012,0,3.45
Thu Jul 23 03:57:55 UTC 2026,1784779075,0,3.88
Thu Jul 23 03:58:45 UTC 2026,1784779125,0,3.5
Thu Jul 23 03:59:12 UTC 2026,1784779152,0,3.93
Thu Jul 23 03:59:58 UTC 2026,1784779198,0,3.38
Thu Jul 23 04:00:30 UTC 2026,1784779230,0,3.51
Thu Jul 23 04:02:05 UTC 2026,1784779325,0,3.84
Thu Jul 23 04:03:09 UTC 2026,1784779389,0,3.41
Thu Jul 23 04:03:27 UTC 2026,1784779407,0,3.91
Thu Jul 23 04:03:55 UTC 2026,1784779435,0,3.76
Thu Jul 23 04:05:17 UTC 2026,1784779517,0,3.38
Thu Jul 23 04:05:30 UTC 2026,1784779530,0,3.44
Thu Jul 23 04:05:57 UTC 2026,1784779557,0,3.83
Thu Jul 23 04:07:10 UTC 2026,1784779630,0,3.95
Thu Jul 23 04:08:32 UTC 2026,1784779712,0,3.46
Thu Jul 23 04:09:31 UTC 2026,1784779771,0,3.74
Thu Jul 23 04:09:40 UTC 2026,1784779780,0,3.36
Thu Jul 23 04:10:38 UTC 2026,1784779838,0,3.89
Thu Jul 23 04:10:48 UTC 2026,1784779848,0,3.35
Thu Jul 23 04:12:37 UTC 2026,1784779957,0,3.45
Thu Jul 23 04:12:51 UTC 2026,1784779971,0,3.79
Thu Jul 23 04:14:35 UTC 2026,1784780075,0,3.4
Thu Jul 23 04:15:40 UTC 2026,1784780140,0,3.8
Thu Jul 23 04:15:53 UTC 2026,1784780153,0,3.44
Thu Jul 23 04:18:09 UTC 2026,1784780289,0,3.71
Thu Jul 23 04:18:23 UTC 2026,1784780303,0,3.26
Thu Jul 23 04:19:09 UTC 2026,1784780349,0,3.69
Thu Jul 23 04:20:03 UTC 2026,1784780403,0,3.36
Thu Jul 23 04:21:19 UTC 2026,1784780479,0,3.27
Thu Jul 23 04:21:52 UTC 2026,1784780512,0,3.72
Thu Jul 23 04:22:00 UTC 2026,1784780520,0,3.33
Thu Jul 23 04:22:27 UTC 2026,1784780547,0,3.69
Thu Jul 23 04:24:17 UTC 2026,1784780657,0,3.19
Thu Jul 23 04:24:34 UTC 2026,1784780674,0,3.76
Thu Jul 23 04:26:15 UTC 2026,1784780775,0,3.31
Thu Jul 23 04:26:34 UTC 2026,1784780794,0,3.61
Thu Jul 23 04:27:01 UTC 2026,1784780821,0,3.7
Thu Jul 23 04:27:22 UTC 2026,1784780842,0,3.34
Thu Jul 23 04:29:04 UTC 2026,1784780944,0,3.64
Thu Jul 23 04:29:58 UTC 2026,1784780998,0,3.25
Thu Jul 23 04:30:44 UTC 2026,1784781044,0,3.66
Thu Jul 23 04:31:20 UTC 2026,1784781080,0,3.15
Thu Jul 23 04:32:14 UTC 2026,1784781134,0,3.18
Thu Jul 23 04:32:28 UTC 2026,1784781148,0,3.58
Thu Jul 23 04:34:27 UTC 2026,1784781267,0,3.53
Thu Jul 23 04:34:31 UTC 2026,1784781271,0,3.09
Thu Jul 23 04:36:20 UTC 2026,1784781380,0,3.17
Thu Jul 23 04:36:30 UTC 2026,1784781390,0,3.56
Thu Jul 23 04:37:05 UTC 2026,1784781425,0,3.17
Thu Jul 23 04:37:19 UTC 2026,1784781439,0,3.51
Thu Jul 23 04:38:37 UTC 2026,1784781517,0,3.18
Thu Jul 23 04:38:51 UTC 2026,1784781531,0,3.61
Thu Jul 23 04:40:30 UTC 2026,1784781630,0,3.57
Thu Jul 23 04:41:25 UTC 2026,1784781685,0,3.26
Thu Jul 23 04:42:20 UTC 2026,1784781740,0,3.58
Thu Jul 23 04:43:09 UTC 2026,1784781789,0,3.23
Thu Jul 23 04:43:28 UTC 2026,1784781808,0,3.51
Thu Jul 23 04:44:58 UTC 2026,1784781898,0,3.13
Thu Jul 23 04:46:11 UTC 2026,1784781971,0,3.52
Thu Jul 23 04:46:34 UTC 2026,1784781994,0,2.96
Thu Jul 23 04:47:19 UTC 2026,1784782039,0,3.13
Thu Jul 23 04:48:09 UTC 2026,1784782089,0,3.51
Thu Jul 23 04:48:19 UTC 2026,1784782099,0,3.42
Thu Jul 23 04:48:54 UTC 2026,1784782134,0,3.12
Thu Jul 23 04:50:35 UTC 2026,1784782235,0,3.55
Thu Jul 23 04:51:29 UTC 2026,1784782289,0,3.03
Thu Jul 23 04:51:38 UTC 2026,1784782298,0,3.02
Thu Jul 23 04:51:52 UTC 2026,1784782312,0,3.55
Thu Jul 23 04:53:41 UTC 2026,1784782421,0,3.08
Thu Jul 23 04:54:00 UTC 2026,1784782440,0,3.47
Thu Jul 23 04:55:03 UTC 2026,1784782503,0,3.58
Thu Jul 23 04:55:48 UTC 2026,1784782548,0,3.12
Thu Jul 23 04:57:25 UTC 2026,1784782645,0,3.13
Thu Jul 23 04:57:51 UTC 2026,1784782671,0,3.47
Thu Jul 23 04:59:13 UTC 2026,1784782753,0,3.09
Thu Jul 23 04:59:45 UTC 2026,1784782785,0,3.39
Thu Jul 23 05:00:39 UTC 2026,1784782839,0,3.01
Thu Jul 23 05:01:29 UTC 2026,1784782889,0,3.32
Thu Jul 23 05:01:39 UTC 2026,1784782899,0,3.06
Thu Jul 23 05:02:46 UTC 2026,1784782966,0,3.43
Thu Jul 23 05:03:13 UTC 2026,1784782993,0,3.07
Thu Jul 23 05:04:31 UTC 2026,1784783071,0,3.41
Thu Jul 23 05:04:58 UTC 2026,1784783098,0,3.42
Thu Jul 23 05:05:52 UTC 2026,1784783152,0,3.1
Thu Jul 23 05:06:52 UTC 2026,1784783212,0,3.01
Thu Jul 23 05:08:04 UTC 2026,1784783284,0,3.49
Thu Jul 23 05:08:36 UTC 2026,1784783316,0,3.36
Thu Jul 23 05:09:03 UTC 2026,1784783343,0,2.89
Thu Jul 23 05:09:54 UTC 2026,1784783394,0,3.55
Thu Jul 23 05:11:06 UTC 2026,1784783466,0,2.98
Thu Jul 23 05:11:29 UTC 2026,1784783489,0,2.96
Thu Jul 23 05:13:00 UTC 2026,1784783580,0,3.52
Thu Jul 23 05:14:08 UTC 2026,1784783648,0,3.43
Thu Jul 23 05:14:35 UTC 2026,1784783675,0,2.99
Thu Jul 23 05:15:39 UTC 2026,1784783739,0,3.05
Thu Jul 23 05:15:52 UTC 2026,1784783752,0,3.48
Thu Jul 23 05:16:46 UTC 2026,1784783806,0,3.5
Thu Jul 23 05:17:33 UTC 2026,1784783853,0,3.05
Thu Jul 23 05:18:04 UTC 2026,1784783884,0,3.1
Thu Jul 23 05:18:14 UTC 2026,1784783894,0,3.41
Thu Jul 23 05:20:48 UTC 2026,1784784048,0,3.05
Thu Jul 23 05:20:56 UTC 2026,1784784056,0,3.41
Thu Jul 23 05:21:56 UTC 2026,1784784116,0,3.01
Thu Jul 23 05:22:54 UTC 2026,1784784174,0,3.36
Thu Jul 23 05:23:13 UTC 2026,1784784193,0,3.41
Thu Jul 23 05:23:59 UTC 2026,1784784239,0,3.06
Thu Jul 23 05:25:53 UTC 2026,1784784353,0,3.4
Thu Jul 23 05:26:06 UTC 2026,1784784366,0,3.07
Thu Jul 23 05:27:23 UTC 2026,1784784443,0,2.96
Thu Jul 23 05:27:28 UTC 2026,1784784448,0,3.48
Thu Jul 23 05:28:45 UTC 2026,1784784525,0,3.43
Thu Jul 23 05:28:49 UTC 2026,1784784529,0,3.01
Thu Jul 23 05:30:02 UTC 2026,1784784602,0,3.42
Thu Jul 23 05:30:33 UTC 2026,1784784633,0,2.93
Thu Jul 23 05:32:19 UTC 2026,1784784739,0,2.98
Thu Jul 23 05:32:28 UTC 2026,1784784748,0,3.44
Thu Jul 23 05:33:13 UTC 2026,1784784793,0,3.0
Thu Jul 23 05:34:17 UTC 2026,1784784857,0,3.26
Thu Jul 23 05:34:54 UTC 2026,1784784894,0,3.3
Thu Jul 23 05:35:35 UTC 2026,1784784935,0,2.92
Thu Jul 23 05:37:32 UTC 2026,1784785052,0,3.32
Thu Jul 23 05:39:12 UTC 2026,1784785152,0,3.29
Thu Jul 23 05:39:25 UTC 2026,1784785165,0,2.78
Thu Jul 23 05:39:58 UTC 2026,1784785198,0,2.9
Thu Jul 23 05:40:11 UTC 2026,1784785211,0,3.46
Thu Jul 23 05:41:20 UTC 2026,1784785280,0,2.9
Thu Jul 23 05:41:52 UTC 2026,1784785312,0,3.39
Thu Jul 23 05:43:08 UTC 2026,1784785388,0,2.85
Thu Jul 23 05:43:31 UTC 2026,1784785411,0,3.44
Thu Jul 23 05:45:02 UTC 2026,1784785502,0,3.42
Thu Jul 23 05:45:11 UTC 2026,1784785511,0,2.98
Thu Jul 23 05:46:06 UTC 2026,1784785566,0,3.02
Thu Jul 23 05:46:20 UTC 2026,1784785580,0,3.31
Thu Jul 23 05:48:23 UTC 2026,1784785703,0,3.05
Thu Jul 23 05:48:36 UTC 2026,1784785716,0,3.34
Thu Jul 23 05:50:25 UTC 2026,1784785825,0,3.37
Thu Jul 23 05:50:47 UTC 2026,1784785847,0,3.05
Thu Jul 23 05:51:06 UTC 2026,1784785866,0,2.85
Thu Jul 23 05:52:37 UTC 2026,1784785957,0,3.49
Thu Jul 23 05:53:04 UTC 2026,1784785984,0,2.8
Thu Jul 23 05:54:03 UTC 2026,1784786043,0,3.53
Thu Jul 23 05:54:22 UTC 2026,1784786062,0,3.46
Thu Jul 23 05:55:39 UTC 2026,1784786139,0,2.84
Thu Jul 23 05:56:24 UTC 2026,1784786184,0,3.48
Thu Jul 23 05:57:32 UTC 2026,1784786252,0,2.99
Thu Jul 23 05:58:45 UTC 2026,1784786325,0,3.47
Thu Jul 23 05:58:53 UTC 2026,1784786333,0,3.02
Thu Jul 23 05:59:31 UTC 2026,1784786371,0,3.45
Thu Jul 23 05:59:35 UTC 2026,1784786375,0,2.96
Thu Jul 23 06:01:24 UTC 2026,1784786484,0,3.35
Thu Jul 23 06:01:38 UTC 2026,1784786498,0,2.97
Thu Jul 23 06:03:49 UTC 2026,1784786629,0,3.38
Thu Jul 23 06:04:30 UTC 2026,1784786670,0,3.0
Thu Jul 23 06:05:43 UTC 2026,1784786743,0,3.44
Thu Jul 23 06:06:57 UTC 2026,1784786817,0,3.36
Thu Jul 23 06:07:01 UTC 2026,1784786821,0,2.95
Thu Jul 23 06:07:59 UTC 2026,1784786879,0,2.89
Thu Jul 23 06:08:26 UTC 2026,1784786906,0,3.39
Thu Jul 23 06:09:30 UTC 2026,1784786970,0,2.67
Thu Jul 23 06:09:53 UTC 2026,1784786993,0,3.22
Thu Jul 23 06:11:01 UTC 2026,1784787061,0,2.94
Thu Jul 23 06:11:33 UTC 2026,1784787093,0,3.34
Thu Jul 23 06:13:40 UTC 2026,1784787220,0,3.29
Thu Jul 23 06:13:50 UTC 2026,1784787230,0,2.9
Thu Jul 23 06:14:07 UTC 2026,1784787247,0,2.97
Thu Jul 23 06:14:49 UTC 2026,1784787289,0,3.34
Thu Jul 23 06:16:19 UTC 2026,1784787379,0,3.19
Thu Jul 23 06:17:19 UTC 2026,1784787439,0,2.93
Thu Jul 23 06:18:40 UTC 2026,1784787520,0,3.41
Thu Jul 23 06:19:48 UTC 2026,1784787588,0,2.94
Thu Jul 23 06:20:29 UTC 2026,1784787629,0,3.26
Thu Jul 23 06:20:42 UTC 2026,1784787642,0,3.31
Thu Jul 23 06:21:42 UTC 2026,1784787702,0,2.93
Thu Jul 23 06:23:09 UTC 2026,1784787789,0,3.24
Thu Jul 23 06:24:17 UTC 2026,1784787857,0,2.96
Thu Jul 23 06:24:31 UTC 2026,1784787871,0,3.36
Thu Jul 23 06:26:19 UTC 2026,1784787979,0,2.96
Thu Jul 23 06:27:06 UTC 2026,1784788026,0,3.25
Thu Jul 23 06:27:55 UTC 2026,1784788075,0,2.94
Thu Jul 23 06:28:49 UTC 2026,1784788129,0,3.22
Thu Jul 23 06:29:39 UTC 2026,1784788179,0,2.76
Thu Jul 23 06:30:08 UTC 2026,1784788208,0,3.19
Thu Jul 23 06:30:49 UTC 2026,1784788249,0,2.92
Thu Jul 23 06:31:10 UTC 2026,1784788270,0,3.21
Thu Jul 23 06:31:16 UTC 2026,1784788276,0,3.04
Thu Jul 23 06:31:20 UTC 2026,1784788280,0,3.01
Thu Jul 23 06:31:29 UTC 2026,1784788289,0,3.12
Thu Jul 23 06:32:05 UTC 2026,1784788325,0,2.93
Thu Jul 23 06:33:36 UTC 2026,1784788416,0,3.18
Thu Jul 23 06:35:03 UTC 2026,1784788503,0,3.26
Thu Jul 23 06:35:12 UTC 2026,1784788512,0,2.76
Thu Jul 23 06:35:53 UTC 2026,1784788553,0,2.87
Thu Jul 23 06:35:57 UTC 2026,1784788557,0,3.28
Thu Jul 23 06:37:19 UTC 2026,1784788639,0,2.99
Thu Jul 23 06:37:55 UTC 2026,1784788675,0,3.34
Thu Jul 23 06:39:13 UTC 2026,1784788753,0,2.92
Thu Jul 23 06:40:25 UTC 2026,1784788825,0,3.3
Thu Jul 23 06:40:38 UTC 2026,1784788838,0,3.4
Thu Jul 23 06:41:19 UTC 2026,1784788879,0,2.96
Thu Jul 23 06:42:51 UTC 2026,1784788971,0,3.19
Thu Jul 23 06:43:32 UTC 2026,1784789012,0,2.93
Thu Jul 23 06:44:48 UTC 2026,1784789088,0,3.18
Thu Jul 23 06:45:16 UTC 2026,1784789116,0,2.91
Thu Jul 23 06:45:39 UTC 2026,1784789139,0,3.28
Thu Jul 23 06:47:01 UTC 2026,1784789221,0,2.91
Thu Jul 23 06:48:09 UTC 2026,1784789289,0,3.27
Thu Jul 23 06:48:27 UTC 2026,1784789307,0,2.68
Thu Jul 23 06:49:07 UTC 2026,1784789347,0,3.44
Thu Jul 23 06:49:27 UTC 2026,1784789367,0,2.92
Thu Jul 23 06:50:30 UTC 2026,1784789430,0,2.9
Thu Jul 23 06:51:11 UTC 2026,1784789471,0,3.3
Thu Jul 23 06:52:32 UTC 2026,1784789552,0,2.9
Thu Jul 23 06:52:41 UTC 2026,1784789561,0,3.29
Thu Jul 23 06:54:31 UTC 2026,1784789671,0,3.23
Thu Jul 23 06:55:08 UTC 2026,1784789708,0,2.81
Thu Jul 23 06:55:43 UTC 2026,1784789743,0,3.25
Thu Jul 23 06:56:51 UTC 2026,1784789811,0,2.95
Thu Jul 23 06:57:47 UTC 2026,1784789867,0,3.27
Thu Jul 23 06:58:18 UTC 2026,1784789898,0,2.85
Thu Jul 23 06:58:54 UTC 2026,1784789934,0,3.22
Thu Jul 23 07:00:16 UTC 2026,1784790016,0,2.82
Thu Jul 23 07:00:20 UTC 2026,1784790020,0,2.88
Thu Jul 23 07:00:30 UTC 2026,1784790030,0,3.32
Thu Jul 23 07:03:00 UTC 2026,1784790180,0,2.88
Thu Jul 23 07:03:15 UTC 2026,1784790195,0,3.25
Thu Jul 23 07:04:13 UTC 2026,1784790253,0,3.13
Thu Jul 23 07:04:59 UTC 2026,1784790299,0,2.81
Thu Jul 23 07:05:40 UTC 2026,1784790340,0,2.65
Thu Jul 23 07:06:16 UTC 2026,1784790376,0,3.19
Thu Jul 23 07:07:15 UTC 2026,1784790435,0,2.75
Thu Jul 23 07:07:55 UTC 2026,1784790475,0,3.2
Thu Jul 23 07:08:56 UTC 2026,1784790536,0,3.3
Thu Jul 23 07:09:00 UTC 2026,1784790540,0,2.87
Thu Jul 23 07:10:27 UTC 2026,1784790627,0,3.23
Thu Jul 23 07:10:40 UTC 2026,1784790640,0,2.68
Thu Jul 23 07:12:42 UTC 2026,1784790762,0,3.22
Thu Jul 23 07:13:06 UTC 2026,1784790786,0,2.64
Thu Jul 23 07:13:42 UTC 2026,1784790822,0,3.29
Thu Jul 23 07:13:46 UTC 2026,1784790826,0,2.78
Thu Jul 23 07:15:45 UTC 2026,1784790945,0,2.85
Thu Jul 23 07:16:39 UTC 2026,1784790999,0,3.2
Thu Jul 23 07:17:06 UTC 2026,1784791026,0,2.69
Thu Jul 23 07:18:06 UTC 2026,1784791086,0,3.25
Thu Jul 23 07:18:33 UTC 2026,1784791113,0,2.79
Thu Jul 23 07:18:55 UTC 2026,1784791135,0,3.33
Thu Jul 23 07:20:12 UTC 2026,1784791212,0,2.82
Thu Jul 23 07:20:49 UTC 2026,1784791249,0,3.31
Thu Jul 23 07:21:52 UTC 2026,1784791312,0,2.9
Thu Jul 23 07:22:57 UTC 2026,1784791377,0,3.23
Thu Jul 23 07:23:28 UTC 2026,1784791408,0,2.84
Thu Jul 23 07:23:59 UTC 2026,1784791439,0,3.24
Thu Jul 23 07:25:36 UTC 2026,1784791536,0,3.27
Thu Jul 23 07:26:39 UTC 2026,1784791599,0,2.89
Thu Jul 23 07:27:20 UTC 2026,1784791640,0,3.2
Thu Jul 23 07:27:34 UTC 2026,1784791654,0,2.89
Thu Jul 23 07:28:24 UTC 2026,1784791704,0,3.18
Thu Jul 23 07:29:01 UTC 2026,1784791741,0,2.94
Thu Jul 23 07:30:40 UTC 2026,1784791840,0,3.24
Thu Jul 23 07:31:16 UTC 2026,1784791876,0,2.89
Thu Jul 23 07:31:44 UTC 2026,1784791904,0,3.18
Thu Jul 23 07:33:15 UTC 2026,1784791995,0,2.9
Thu Jul 23 07:33:24 UTC 2026,1784792004,0,2.96
Thu Jul 23 07:34:50 UTC 2026,1784792090,0,3.22
Thu Jul 23 07:35:07 UTC 2026,1784792107,0,2.86
Thu Jul 23 07:36:03 UTC 2026,1784792163,0,3.23
Thu Jul 23 07:36:44 UTC 2026,1784792204,0,2.93
Thu Jul 23 07:37:51 UTC 2026,1784792271,0,3.32
Thu Jul 23 07:38:15 UTC 2026,1784792295,0,2.87
Thu Jul 23 07:38:28 UTC 2026,1784792308,0,3.2
Thu Jul 23 07:39:55 UTC 2026,1784792395,0,3.19
Thu Jul 23 07:41:03 UTC 2026,1784792463,0,2.84
Thu Jul 23 07:41:44 UTC 2026,1784792504,0,3.19
Thu Jul 23 07:42:29 UTC 2026,1784792549,0,2.91
Thu Jul 23 07:43:14 UTC 2026,1784792594,0,3.17
Thu Jul 23 07:44:27 UTC 2026,1784792667,0,2.85
Thu Jul 23 07:44:54 UTC 2026,1784792694,0,3.22
Thu Jul 23 07:45:58 UTC 2026,1784792758,0,2.85
Thu Jul 23 07:47:02 UTC 2026,1784792822,0,3.23
Thu Jul 23 07:49:31 UTC 2026,1784792971,0,2.85
Thu Jul 23 07:49:36 UTC 2026,1784792976,0,3.1
Thu Jul 23 07:50:17 UTC 2026,1784793017,0,3.18
Thu Jul 23 07:50:31 UTC 2026,1784793031,0,2.81
Thu Jul 23 07:52:11 UTC 2026,1784793131,0,2.73
Thu Jul 23 07:52:29 UTC 2026,1784793149,0,3.17
Thu Jul 23 07:53:41 UTC 2026,1784793221,0,3.05
Thu Jul 23 07:54:18 UTC 2026,1784793258,0,2.76
Thu Jul 23 07:55:13 UTC 2026,1784793313,0,2.96
Thu Jul 23 07:56:25 UTC 2026,1784793385,0,3.01
Thu Jul 23 07:57:02 UTC 2026,1784793422,0,2.72
Thu Jul 23 07:58:19 UTC 2026,1784793499,0,2.74
Thu Jul 23 07:59:05 UTC 2026,1784793545,0,2.99
Thu Jul 23 08:00:18 UTC 2026,1784793618,0,2.53
Thu Jul 23 08:00:59 UTC 2026,1784793659,0,2.99
Thu Jul 23 08:01:34 UTC 2026,1784793694,0,2.68
Thu Jul 23 08:02:53 UTC 2026,1784793773,0,2.98
Thu Jul 23 08:03:07 UTC 2026,1784793787,0,2.66
Thu Jul 23 08:03:33 UTC 2026,1784793813,0,2.99
Thu Jul 23 08:04:42 UTC 2026,1784793882,0,2.63
Thu Jul 23 08:04:59 UTC 2026,1784793899,0,3.04
Thu Jul 23 08:07:34 UTC 2026,1784794054,0,3.12
Thu Jul 23 08:07:52 UTC 2026,1784794072,0,2.79
Thu Jul 23 08:08:39 UTC 2026,1784794119,0,2.73
Thu Jul 23 08:09:28 UTC 2026,1784794168,0,3.04
Thu Jul 23 08:09:37 UTC 2026,1784794177,0,2.75
Thu Jul 23 08:11:13 UTC 2026,1784794273,0,3.11
Thu Jul 23 08:12:48 UTC 2026,1784794368,0,2.77
Thu Jul 23 08:13:06 UTC 2026,1784794386,0,3.04
Thu Jul 23 08:13:33 UTC 2026,1784794413,0,2.71
Thu Jul 23 08:14:56 UTC 2026,1784794496,0,3.02
Thu Jul 23 08:15:17 UTC 2026,1784794517,0,2.72
Thu Jul 23 08:16:35 UTC 2026,1784794595,0,2.97
Thu Jul 23 08:17:20 UTC 2026,1784794640,0,2.73
Thu Jul 23 08:17:52 UTC 2026,1784794672,0,2.9
Thu Jul 23 08:19:23 UTC 2026,1784794763,0,2.66
Thu Jul 23 08:20:40 UTC 2026,1784794840,0,2.68
Thu Jul 23 08:20:48 UTC 2026,1784794848,0,2.89
Thu Jul 23 08:21:25 UTC 2026,1784794885,0,2.91
Thu Jul 23 08:21:53 UTC 2026,1784794913,0,2.59
Thu Jul 23 08:23:42 UTC 2026,1784795022,0,2.87
Thu Jul 23 08:24:04 UTC 2026,1784795044,0,2.58
Thu Jul 23 08:24:41 UTC 2026,1784795081,0,2.59
Thu Jul 23 08:25:31 UTC 2026,1784795131,0,2.91
Thu Jul 23 08:26:12 UTC 2026,1784795172,0,2.86
Thu Jul 23 08:26:30 UTC 2026,1784795190,0,2.48
Thu Jul 23 08:28:19 UTC 2026,1784795299,0,2.47
Thu Jul 23 08:28:28 UTC 2026,1784795308,0,2.93
Thu Jul 23 08:29:28 UTC 2026,1784795368,0,2.48
Thu Jul 23 08:30:08 UTC 2026,1784795408,0,2.94
Thu Jul 23 08:31:21 UTC 2026,1784795481,0,2.56
Thu Jul 23 08:31:53 UTC 2026,1784795513,0,2.88
Thu Jul 23 08:34:10 UTC 2026,1784795650,0,2.93
Thu Jul 23 08:34:18 UTC 2026,1784795658,0,2.43
Thu Jul 23 08:35:09 UTC 2026,1784795709,0,3.02
Thu Jul 23 08:35:59 UTC 2026,1784795759,0,2.48
Thu Jul 23 08:36:48 UTC 2026,1784795808,0,2.91
Thu Jul 23 08:37:25 UTC 2026,1784795845,0,2.64
Thu Jul 23 08:38:15 UTC 2026,1784795895,0,2.89
Thu Jul 23 08:39:15 UTC 2026,1784795955,0,2.69
Thu Jul 23 08:39:32 UTC 2026,1784795972,0,2.98
Thu Jul 23 08:40:13 UTC 2026,1784796013,0,2.65
Thu Jul 23 08:41:40 UTC 2026,1784796100,0,2.62
Thu Jul 23 08:42:03 UTC 2026,1784796123,0,2.97
Thu Jul 23 08:43:02 UTC 2026,1784796182,0,2.66
Thu Jul 23 08:43:38 UTC 2026,1784796218,0,2.99
Thu Jul 23 08:44:46 UTC 2026,1784796286,0,2.95
Thu Jul 23 08:45:41 UTC 2026,1784796341,0,2.53
Thu Jul 23 08:46:03 UTC 2026,1784796363,0,2.63
Thu Jul 23 08:47:29 UTC 2026,1784796449,0,2.99
Thu Jul 23 08:48:10 UTC 2026,1784796490,0,2.88
Thu Jul 23 08:48:56 UTC 2026,1784796536,0,2.46
Thu Jul 23 08:49:37 UTC 2026,1784796577,0,2.87
Thu Jul 23 08:50:50 UTC 2026,1784796650,0,2.56
Thu Jul 23 08:51:08 UTC 2026,1784796668,0,2.51
Thu Jul 23 08:51:49 UTC 2026,1784796709,0,2.84
Thu Jul 23 08:52:47 UTC 2026,1784796767,0,2.86
Thu Jul 23 08:53:06 UTC 2026,1784796786,0,2.49
Thu Jul 23 08:54:55 UTC 2026,1784796895,0,2.87
Thu Jul 23 08:55:45 UTC 2026,1784796945,0,2.48
Thu Jul 23 08:55:49 UTC 2026,1784796949,0,2.57
Thu Jul 23 08:56:49 UTC 2026,1784797009,0,2.85
Thu Jul 23 08:57:43 UTC 2026,1784797063,0,2.63
Thu Jul 23 08:58:11 UTC 2026,1784797091,0,2.85
Thu Jul 23 08:59:59 UTC 2026,1784797199,0,2.93
Thu Jul 23 09:00:18 UTC 2026,1784797218,0,2.63
Thu Jul 23 09:00:51 UTC 2026,1784797251,0,2.65
Thu Jul 23 09:01:31 UTC 2026,1784797291,0,2.93
Thu Jul 23 09:02:43 UTC 2026,1784797363,0,2.53
Thu Jul 23 09:03:24 UTC 2026,1784797404,0,2.87
Thu Jul 23 09:05:27 UTC 2026,1784797527,0,2.88
Thu Jul 23 09:05:41 UTC 2026,1784797541,0,2.34
Thu Jul 23 09:05:59 UTC 2026,1784797559,0,2.54
Thu Jul 23 09:06:12 UTC 2026,1784797572,0,2.94
Thu Jul 23 09:08:15 UTC 2026,1784797695,0,2.7
Thu Jul 23 09:09:11 UTC 2026,1784797751,0,2.71
Thu Jul 23 09:09:15 UTC 2026,1784797755,0,2.98
Thu Jul 23 09:11:48 UTC 2026,1784797908,0,2.93
Thu Jul 23 09:11:54 UTC 2026,1784797914,0,2.6
Thu Jul 23 09:13:42 UTC 2026,1784798022,0,2.63
Thu Jul 23 09:13:47 UTC 2026,1784798027,0,2.89
Thu Jul 23 09:14:06 UTC 2026,1784798046,0,2.6
Thu Jul 23 09:14:37 UTC 2026,1784798077,0,2.88
Thu Jul 23 09:16:17 UTC 2026,1784798177,0,2.94
Thu Jul 23 09:16:40 UTC 2026,1784798200,0,2.64
Thu Jul 23 09:17:52 UTC 2026,1784798272,0,2.96
Thu Jul 23 09:18:29 UTC 2026,1784798309,0,2.6
Thu Jul 23 09:19:14 UTC 2026,1784798354,0,2.96
Thu Jul 23 09:20:32 UTC 2026,1784798432,0,2.6
Thu Jul 23 09:20:37 UTC 2026,1784798437,0,2.61
Thu Jul 23 09:21:08 UTC 2026,1784798468,0,2.89
Thu Jul 23 09:22:26 UTC 2026,1784798546,0,2.6
Thu Jul 23 09:23:33 UTC 2026,1784798613,0,2.87
Thu Jul 23 09:24:23 UTC 2026,1784798663,0,2.81
Thu Jul 23 09:25:14 UTC 2026,1784798714,0,2.57
Thu Jul 23 09:25:40 UTC 2026,1784798740,0,2.88
Thu Jul 23 09:26:49 UTC 2026,1784798809,0,2.6
Thu Jul 23 09:27:16 UTC 2026,1784798836,0,2.84
Thu Jul 23 09:28:20 UTC 2026,1784798900,0,2.51
Thu Jul 23 09:29:55 UTC 2026,1784798995,0,2.78
Thu Jul 23 09:30:09 UTC 2026,1784799009,0,2.56
Thu Jul 23 09:30:50 UTC 2026,1784799050,0,2.88
Thu Jul 23 09:32:03 UTC 2026,1784799123,0,2.54
Thu Jul 23 09:33:16 UTC 2026,1784799196,0,2.86
Thu Jul 23 09:35:00 UTC 2026,1784799300,0,2.38
Thu Jul 23 09:35:26 UTC 2026,1784799326,0,2.51
Thu Jul 23 09:36:36 UTC 2026,1784799396,0,2.83
Thu Jul 23 09:37:12 UTC 2026,1784799432,0,2.95
Thu Jul 23 09:37:58 UTC 2026,1784799478,0,2.61
Thu Jul 23 09:39:19 UTC 2026,1784799559,0,2.89
Thu Jul 23 09:39:48 UTC 2026,1784799588,0,2.53
Thu Jul 23 09:41:40 UTC 2026,1784799700,0,2.54
Thu Jul 23 09:41:50 UTC 2026,1784799710,0,2.79
Thu Jul 23 09:42:44 UTC 2026,1784799764,0,2.92
Thu Jul 23 09:43:06 UTC 2026,1784799786,0,2.54
Thu Jul 23 09:44:06 UTC 2026,1784799846,0,2.49
Thu Jul 23 09:45:09 UTC 2026,1784799909,0,2.86
Thu Jul 23 09:45:27 UTC 2026,1784799927,0,2.56
Thu Jul 23 09:45:36 UTC 2026,1784799936,0,2.81
Thu Jul 23 09:47:31 UTC 2026,1784800051,0,2.84
Thu Jul 23 09:47:57 UTC 2026,1784800077,0,2.57
Thu Jul 23 09:48:42 UTC 2026,1784800122,0,2.75
Thu Jul 23 09:49:15 UTC 2026,1784800155,0,2.5
Thu Jul 23 09:50:23 UTC 2026,1784800223,0,2.72
Thu Jul 23 09:50:31 UTC 2026,1784800231,0,2.46
Thu Jul 23 09:51:58 UTC 2026,1784800318,0,2.38
Thu Jul 23 09:53:25 UTC 2026,1784800405,0,2.73
Thu Jul 23 09:54:41 UTC 2026,1784800481,0,2.33
Thu Jul 23 09:55:06 UTC 2026,1784800506,0,2.8
Thu Jul 23 09:55:32 UTC 2026,1784800532,0,2.06
Thu Jul 23 09:56:00 UTC 2026,1784800560,0,2.71
Thu Jul 23 09:57:26 UTC 2026,1784800646,0,2.96
Thu Jul 23 09:57:49 UTC 2026,1784800669,0,2.22
Thu Jul 23 09:59:10 UTC 2026,1784800750,0,2.34
Thu Jul 23 09:59:42 UTC 2026,1784800782,0,2.94
Thu Jul 23 10:01:18 UTC 2026,1784800878,0,2.42
Thu Jul 23 10:02:21 UTC 2026,1784800941,0,2.95
Thu Jul 23 10:04:07 UTC 2026,1784801047,0,2.84
Thu Jul 23 10:04:51 UTC 2026,1784801091,0,2.18
Thu Jul 23 10:05:14 UTC 2026,1784801114,0,2.28
Thu Jul 23 10:06:41 UTC 2026,1784801201,0,2.93
Thu Jul 23 10:07:53 UTC 2026,1784801273,0,2.5
Thu Jul 23 10:08:06 UTC 2026,1784801286,0,3.16
Thu Jul 23 10:08:34 UTC 2026,1784801314,0,3.04
Thu Jul 23 10:09:38 UTC 2026,1784801378,0,2.67
Thu Jul 23 10:10:05 UTC 2026,1784801405,0,3.01
Thu Jul 23 10:11:09 UTC 2026,1784801469,0,2.54
Thu Jul 23 10:12:48 UTC 2026,1784801568,0,2.92
Thu Jul 23 10:12:53 UTC 2026,1784801573,0,2.6
Thu Jul 23 10:13:34 UTC 2026,1784801614,0,2.87
Thu Jul 23 10:14:24 UTC 2026,1784801664,0,2.52
Thu Jul 23 10:15:28 UTC 2026,1784801728,0,2.86
Thu Jul 23 10:16:13 UTC 2026,1784801773,0,2.6
Thu Jul 23 10:17:48 UTC 2026,1784801868,0,2.92
Thu Jul 23 10:18:17 UTC 2026,1784801897,0,2.58
Thu Jul 23 10:19:19 UTC 2026,1784801959,0,2.9
Thu Jul 23 10:19:56 UTC 2026,1784801996,0,2.52
Thu Jul 23 10:20:10 UTC 2026,1784802010,0,2.4
Thu Jul 23 10:20:37 UTC 2026,1784802037,0,2.77
Thu Jul 23 10:22:17 UTC 2026,1784802137,0,2.63
Thu Jul 23 10:22:54 UTC 2026,1784802174,0,2.86
Thu Jul 23 10:24:06 UTC 2026,1784802246,0,2.91
Thu Jul 23 10:24:51 UTC 2026,1784802291,0,2.58
Thu Jul 23 10:25:01 UTC 2026,1784802301,0,2.51
Thu Jul 23 10:26:23 UTC 2026,1784802383,0,2.87
Thu Jul 23 10:26:37 UTC 2026,1784802397,0,2.47
Thu Jul 23 10:27:59 UTC 2026,1784802479,0,2.86
Thu Jul 23 10:28:44 UTC 2026,1784802524,0,2.73
Thu Jul 23 10:29:24 UTC 2026,1784802564,0,2.49
Thu Jul 23 10:30:06 UTC 2026,1784802606,0,2.88
Thu Jul 23 10:31:04 UTC 2026,1784802664,0,2.48
Thu Jul 23 10:31:36 UTC 2026,1784802696,0,2.34
Thu Jul 23 10:31:55 UTC 2026,1784802715,0,2.74
Thu Jul 23 10:34:34 UTC 2026,1784802874,0,2.49
Thu Jul 23 10:34:44 UTC 2026,1784802884,0,2.92
Thu Jul 23 10:34:48 UTC 2026,1784802888,0,2.98
Thu Jul 23 10:34:57 UTC 2026,1784802897,0,2.58
Thu Jul 23 10:37:03 UTC 2026,1784803023,0,2.59
Thu Jul 23 10:37:17 UTC 2026,1784803037,0,2.92
Thu Jul 23 10:38:13 UTC 2026,1784803093,0,2.54
Thu Jul 23 10:38:30 UTC 2026,1784803110,0,2.91
Thu Jul 23 10:40:15 UTC 2026,1784803215,0,2.58
Thu Jul 23 10:41:00 UTC 2026,1784803260,0,2.9
Thu Jul 23 10:42:23 UTC 2026,1784803343,0,2.44
Thu Jul 23 10:42:53 UTC 2026,1784803373,0,2.97
Thu Jul 23 10:44:25 UTC 2026,1784803465,0,3.07
Thu Jul 23 10:44:38 UTC 2026,1784803478,0,2.65
Thu Jul 23 10:45:33 UTC 2026,1784803533,0,3.04
Thu Jul 23 10:46:05 UTC 2026,1784803565,0,2.66
Thu Jul 23 10:46:54 UTC 2026,1784803614,0,2.6
Thu Jul 23 10:47:35 UTC 2026,1784803655,0,3.04
Thu Jul 23 10:48:16 UTC 2026,1784803696,0,2.69
Thu Jul 23 10:48:52 UTC 2026,1784803732,0,3.04
Thu Jul 23 10:50:19 UTC 2026,1784803819,0,2.76
Thu Jul 23 10:51:09 UTC 2026,1784803869,0,3.17
Thu Jul 23 10:51:23 UTC 2026,1784803883,0,2.77
Thu Jul 23 10:52:04 UTC 2026,1784803924,0,3.07
Thu Jul 23 10:53:20 UTC 2026,1784804000,0,2.77
Thu Jul 23 10:55:33 UTC 2026,1784804133,0,2.86
Thu Jul 23 10:55:50 UTC 2026,1784804150,0,3.09
Thu Jul 23 10:57:13 UTC 2026,1784804233,0,2.78
Thu Jul 23 10:57:49 UTC 2026,1784804269,0,3.06
Thu Jul 23 10:58:02 UTC 2026,1784804282,0,2.83
Thu Jul 23 10:59:20 UTC 2026,1784804360,0,3.11
Thu Jul 23 11:00:43 UTC 2026,1784804443,0,2.82
Thu Jul 23 11:00:56 UTC 2026,1784804456,0,3.06
Thu Jul 23 11:01:14 UTC 2026,1784804474,0,3.17
Thu Jul 23 11:01:41 UTC 2026,1784804501,0,2.85
Thu Jul 23 11:03:21 UTC 2026,1784804601,0,3.21
Thu Jul 23 11:04:29 UTC 2026,1784804669,0,2.91
Thu Jul 23 11:05:01 UTC 2026,1784804701,0,3.13
Thu Jul 23 11:05:33 UTC 2026,1784804733,0,2.87
Thu Jul 23 11:07:12 UTC 2026,1784804832,0,3.12
Thu Jul 23 11:07:27 UTC 2026,1784804847,0,2.83
Thu Jul 23 11:07:49 UTC 2026,1784804869,0,2.89
Thu Jul 23 11:09:24 UTC 2026,1784804964,0,3.19
Thu Jul 23 11:10:15 UTC 2026,1784805015,0,3.32
Thu Jul 23 11:10:33 UTC 2026,1784805033,0,2.87
Thu Jul 23 11:12:23 UTC 2026,1784805143,0,2.94
Thu Jul 23 11:12:36 UTC 2026,1784805156,0,3.22
Thu Jul 23 11:12:54 UTC 2026,1784805174,0,3.25
Thu Jul 23 11:13:58 UTC 2026,1784805238,0,2.95
Thu Jul 23 11:15:32 UTC 2026,1784805332,0,3.03
Thu Jul 23 11:15:56 UTC 2026,1784805356,0,3.32
Thu Jul 23 11:16:23 UTC 2026,1784805383,0,2.95
Thu Jul 23 11:16:42 UTC 2026,1784805402,0,3.25
Thu Jul 23 11:18:35 UTC 2026,1784805515,0,2.94
Thu Jul 23 11:18:52 UTC 2026,1784805532,0,3.41
Thu Jul 23 11:20:02 UTC 2026,1784805602,0,2.93
Thu Jul 23 11:20:24 UTC 2026,1784805624,0,3.25
Thu Jul 23 11:21:05 UTC 2026,1784805665,0,3.32
Thu Jul 23 11:21:23 UTC 2026,1784805683,0,2.97
Thu Jul 23 11:23:30 UTC 2026,1784805810,0,3.0
Thu Jul 23 11:24:02 UTC 2026,1784805842,0,3.37
Thu Jul 23 11:25:33 UTC 2026,1784805933,0,3.4
Thu Jul 23 11:25:51 UTC 2026,1784805951,0,3.0
Thu Jul 23 11:26:32 UTC 2026,1784805992,0,3.09
Thu Jul 23 11:27:32 UTC 2026,1784806052,0,3.37
Thu Jul 23 11:28:39 UTC 2026,1784806119,0,3.04
Thu Jul 23 11:29:12 UTC 2026,1784806152,0,3.33
Thu Jul 23 11:29:29 UTC 2026,1784806169,0,3.03
Thu Jul 23 11:30:20 UTC 2026,1784806220,0,3.31
Thu Jul 23 11:32:00 UTC 2026,1784806320,0,3.64
Thu Jul 23 11:32:32 UTC 2026,1784806352,0,3.24
Thu Jul 23 11:32:59 UTC 2026,1784806379,0,3.38
Thu Jul 23 11:34:11 UTC 2026,1784806451,0,2.94
Thu Jul 23 11:34:52 UTC 2026,1784806492,0,3.03
Thu Jul 23 11:35:01 UTC 2026,1784806501,0,3.46
Thu Jul 23 11:36:24 UTC 2026,1784806584,0,3.44
Thu Jul 23 11:36:46 UTC 2026,1784806606,0,3.06
Thu Jul 23 11:37:40 UTC 2026,1784806660,0,3.14
Thu Jul 23 11:38:13 UTC 2026,1784806693,0,3.45
Thu Jul 23 11:39:35 UTC 2026,1784806775,0,3.51
Thu Jul 23 11:40:07 UTC 2026,1784806807,0,3.1
Thu Jul 23 11:41:29 UTC 2026,1784806889,0,3.51
Thu Jul 23 11:42:18 UTC 2026,1784806938,0,3.09
Thu Jul 23 11:42:59 UTC 2026,1784806979,0,3.43
Thu Jul 23 11:43:54 UTC 2026,1784807034,0,3.17
Thu Jul 23 11:44:48 UTC 2026,1784807088,0,3.0
Thu Jul 23 11:45:11 UTC 2026,1784807111,0,3.49
Thu Jul 23 11:45:52 UTC 2026,1784807152,0,3.05
Thu Jul 23 11:47:05 UTC 2026,1784807225,0,3.69
Thu Jul 23 11:47:40 UTC 2026,1784807260,0,3.12
Thu Jul 23 11:48:44 UTC 2026,1784807324,0,3.73
Thu Jul 23 11:49:08 UTC 2026,1784807348,0,3.56
Thu Jul 23 11:49:21 UTC 2026,1784807361,0,3.2
Thu Jul 23 11:52:04 UTC 2026,1784807524,0,3.59
Thu Jul 23 11:52:27 UTC 2026,1784807547,0,3.1
Thu Jul 23 11:53:39 UTC 2026,1784807619,0,3.61
Thu Jul 23 11:54:16 UTC 2026,1784807656,0,3.2
Thu Jul 23 11:55:30 UTC 2026,1784807730,0,3.61
Thu Jul 23 11:55:56 UTC 2026,1784807756,0,3.19
Thu Jul 23 11:57:13 UTC 2026,1784807833,0,3.64
Thu Jul 23 11:58:09 UTC 2026,1784807889,0,3.62
Thu Jul 23 11:58:44 UTC 2026,1784807924,0,3.22
Thu Jul 23 11:59:25 UTC 2026,1784807965,0,3.24
Thu Jul 23 12:00:06 UTC 2026,1784808006,0,3.67
Thu Jul 23 12:01:46 UTC 2026,1784808106,0,3.61
Thu Jul 23 12:01:59 UTC 2026,1784808119,0,3.23
Thu Jul 23 12:02:50 UTC 2026,1784808170,0,3.78
Thu Jul 23 12:03:22 UTC 2026,1784808202,0,3.26
Thu Jul 23 12:04:26 UTC 2026,1784808266,0,3.71
Thu Jul 23 12:04:34 UTC 2026,1784808274,0,2.95
Thu Jul 23 12:05:52 UTC 2026,1784808352,0,3.18
Thu Jul 23 12:06:09 UTC 2026,1784808369,0,3.8
Thu Jul 23 12:07:45 UTC 2026,1784808465,0,3.72
Thu Jul 23 12:08:26 UTC 2026,1784808506,0,3.21
Thu Jul 23 12:10:16 UTC 2026,1784808616,0,3.3
Thu Jul 23 12:10:24 UTC 2026,1784808624,0,3.7
Thu Jul 23 12:10:48 UTC 2026,1784808648,0,3.39
Thu Jul 23 12:11:25 UTC 2026,1784808685,0,3.62
Thu Jul 23 12:13:27 UTC 2026,1784808807,0,3.69
Thu Jul 23 12:13:35 UTC 2026,1784808815,0,3.33
Thu Jul 23 12:14:30 UTC 2026,1784808870,0,3.72
Thu Jul 23 12:15:25 UTC 2026,1784808925,0,3.28
Thu Jul 23 12:15:29 UTC 2026,1784808929,0,3.4
Thu Jul 23 12:15:39 UTC 2026,1784808939,0,3.63
Thu Jul 23 12:17:31 UTC 2026,1784809051,0,3.45
Thu Jul 23 12:17:37 UTC 2026,1784809057,0,3.75
Thu Jul 23 12:19:08 UTC 2026,1784809148,0,3.35
Thu Jul 23 12:19:21 UTC 2026,1784809161,0,3.73
Thu Jul 23 12:20:47 UTC 2026,1784809247,0,3.37
Thu Jul 23 12:21:56 UTC 2026,1784809316,0,3.73
Thu Jul 23 12:22:55 UTC 2026,1784809375,0,3.49
Thu Jul 23 12:23:08 UTC 2026,1784809388,0,3.82
Thu Jul 23 12:24:21 UTC 2026,1784809461,0,3.7
Thu Jul 23 12:25:10 UTC 2026,1784809510,0,3.47
Thu Jul 23 12:25:52 UTC 2026,1784809552,0,3.3
Thu Jul 23 12:26:56 UTC 2026,1784809616,0,3.77
Thu Jul 23 12:28:08 UTC 2026,1784809688,0,3.73
Thu Jul 23 12:28:26 UTC 2026,1784809706,0,3.48
Thu Jul 23 12:29:07 UTC 2026,1784809747,0,3.92
Thu Jul 23 12:30:06 UTC 2026,1784809806,0,3.22
Thu Jul 23 12:30:47 UTC 2026,1784809847,0,3.77
Thu Jul 23 12:31:14 UTC 2026,1784809874,0,3.4
Thu Jul 23 12:32:28 UTC 2026,1784809948,0,3.51
Thu Jul 23 12:32:45 UTC 2026,1784809965,0,3.77
Thu Jul 23 12:33:55 UTC 2026,1784810035,0,3.74
Thu Jul 23 12:35:03 UTC 2026,1784810103,0,3.6
Thu Jul 23 12:35:29 UTC 2026,1784810129,0,3.47
Thu Jul 23 12:36:28 UTC 2026,1784810188,0,3.89
Thu Jul 23 12:37:19 UTC 2026,1784810239,0,3.66
Thu Jul 23 12:37:51 UTC 2026,1784810271,0,3.83
Thu Jul 23 12:38:36 UTC 2026,1784810316,0,3.65
Thu Jul 23 12:39:39 UTC 2026,1784810379,0,3.94
Thu Jul 23 12:41:06 UTC 2026,1784810466,0,3.84
Thu Jul 23 12:41:25 UTC 2026,1784810485,0,3.68
Thu Jul 23 12:42:05 UTC 2026,1784810525,0,3.66
Thu Jul 23 12:42:50 UTC 2026,1784810570,0,3.86
Thu Jul 23 12:43:49 UTC 2026,1784810629,0,3.69
Thu Jul 23 12:44:44 UTC 2026,1784810684,0,3.84
Thu Jul 23 12:45:24 UTC 2026,1784810724,0,3.87
Thu Jul 23 12:45:38 UTC 2026,1784810738,0,3.67
Thu Jul 23 12:47:05 UTC 2026,1784810825,0,3.87
Thu Jul 23 12:47:23 UTC 2026,1784810843,0,3.6
Thu Jul 23 12:49:13 UTC 2026,1784810953,0,3.92
Thu Jul 23 12:49:30 UTC 2026,1784810970,0,3.68
Thu Jul 23 12:51:06 UTC 2026,1784811066,0,3.73
Thu Jul 23 12:51:23 UTC 2026,1784811083,0,3.85
Thu Jul 23 12:51:51 UTC 2026,1784811111,0,3.95
Thu Jul 23 12:53:14 UTC 2026,1784811194,0,3.69
Thu Jul 23 12:53:31 UTC 2026,1784811211,0,3.94
Thu Jul 23 12:54:25 UTC 2026,1784811265,0,3.72
Thu Jul 23 12:55:38 UTC 2026,1784811338,0,3.9
Thu Jul 23 12:56:01 UTC 2026,1784811361,0,3.72
Thu Jul 23 12:57:41 UTC 2026,1784811461,0,3.74
Thu Jul 23 12:57:50 UTC 2026,1784811470,0,3.89
Thu Jul 23 12:59:02 UTC 2026,1784811542,0,3.7
Thu Jul 23 12:59:22 UTC 2026,1784811562,0,3.88
Thu Jul 23 13:00:02 UTC 2026,1784811602,0,3.72
Thu Jul 23 13:00:43 UTC 2026,1784811643,0,3.87
Thu Jul 23 13:02:51 UTC 2026,1784811771,0,3.89
Thu Jul 23 13:03:04 UTC 2026,1784811784,0,3.75
Thu Jul 23 13:03:40 UTC 2026,1784811820,0,3.71
Thu Jul 23 13:03:45 UTC 2026,1784811825,0,3.94
Thu Jul 23 13:05:39 UTC 2026,1784811939,0,3.61
Thu Jul 23 13:05:52 UTC 2026,1784811952,0,3.93
Thu Jul 23 13:06:51 UTC 2026,1784812011,0,3.73
Thu Jul 23 13:06:55 UTC 2026,1784812015,0,3.92
Thu Jul 23 13:08:36 UTC 2026,1784812116,0,3.91
Thu Jul 23 13:09:35 UTC 2026,1784812175,0,3.73
Thu Jul 23 13:09:57 UTC 2026,1784812197,0,3.93
Thu Jul 23 13:10:38 UTC 2026,1784812238,0,3.66
Thu Jul 23 13:11:42 UTC 2026,1784812302,0,3.97
Thu Jul 23 13:12:28 UTC 2026,1784812348,0,3.69
Thu Jul 23 13:13:12 UTC 2026,1784812392,0,3.97
Thu Jul 23 13:14:16 UTC 2026,1784812456,0,3.71
Thu Jul 23 13:15:25 UTC 2026,1784812525,0,3.9
Thu Jul 23 13:15:42 UTC 2026,1784812542,0,3.7
Thu Jul 23 13:16:41 UTC 2026,1784812601,0,3.94
Thu Jul 23 13:18:03 UTC 2026,1784812683,0,3.7
Thu Jul 23 13:18:26 UTC 2026,1784812706,0,3.78
Thu Jul 23 13:18:44 UTC 2026,1784812724,0,3.94
Thu Jul 23 13:20:34 UTC 2026,1784812834,0,3.98
Thu Jul 23 13:20:43 UTC 2026,1784812843,0,3.81
Thu Jul 23 13:21:28 UTC 2026,1784812888,0,3.79
Thu Jul 23 13:22:37 UTC 2026,1784812957,0,4.01
Thu Jul 23 13:23:54 UTC 2026,1784813034,0,4.04
Thu Jul 23 13:24:12 UTC 2026,1784813052,0,3.77
Thu Jul 23 13:25:53 UTC 2026,1784813153,0,3.76
Thu Jul 23 13:26:15 UTC 2026,1784813175,0,3.95
Thu Jul 23 13:26:29 UTC 2026,1784813189,0,3.97
Thu Jul 23 13:26:47 UTC 2026,1784813207,0,3.72
Thu Jul 23 13:28:04 UTC 2026,1784813284,0,4.02
Thu Jul 23 13:28:09 UTC 2026,1784813289,0,3.73
Thu Jul 23 13:30:33 UTC 2026,1784813433,0,3.94
Thu Jul 23 13:31:19 UTC 2026,1784813479,0,3.73
Thu Jul 23 13:32:14 UTC 2026,1784813534,0,4.01
Thu Jul 23 13:32:37 UTC 2026,1784813557,0,3.72
Thu Jul 23 13:33:08 UTC 2026,1784813588,0,3.76
Thu Jul 23 13:34:30 UTC 2026,1784813670,0,3.91
Thu Jul 23 13:35:12 UTC 2026,1784813712,0,4.05
Thu Jul 23 13:36:02 UTC 2026,1784813762,0,3.77
Thu Jul 23 13:37:10 UTC 2026,1784813830,0,4.01
Thu Jul 23 13:37:46 UTC 2026,1784813866,0,3.75
Thu Jul 23 13:38:23 UTC 2026,1784813903,0,3.76
Thu Jul 23 13:39:18 UTC 2026,1784813958,0,4.0
Thu Jul 23 13:39:39 UTC 2026,1784813979,0,3.79
Thu Jul 23 13:40:26 UTC 2026,1784814026,0,3.99
Thu Jul 23 13:41:33 UTC 2026,1784814093,0,4.0
Thu Jul 23 13:41:42 UTC 2026,1784814102,0,3.7
Thu Jul 23 13:44:17 UTC 2026,1784814257,0,3.95
Thu Jul 23 13:44:30 UTC 2026,1784814270,0,3.76
Thu Jul 23 13:44:36 UTC 2026,1784814276,0,3.75
Thu Jul 23 13:46:02 UTC 2026,1784814362,0,3.99
Thu Jul 23 13:46:32 UTC 2026,1784814392,0,3.97
Thu Jul 23 13:47:46 UTC 2026,1784814466,0,3.77
Thu Jul 23 13:48:18 UTC 2026,1784814498,0,3.96
Thu Jul 23 13:49:21 UTC 2026,1784814561,0,3.7
Thu Jul 23 13:49:31 UTC 2026,1784814571,0,3.74
Thu Jul 23 13:50:47 UTC 2026,1784814647,0,4.02
Thu Jul 23 13:51:42 UTC 2026,1784814702,0,3.76
Thu Jul 23 13:52:32 UTC 2026,1784814752,0,3.98
Thu Jul 23 13:53:09 UTC 2026,1784814789,0,3.97
Thu Jul 23 13:54:12 UTC 2026,1784814852,0,3.74
Thu Jul 23 13:54:44 UTC 2026,1784814884,0,3.73
Thu Jul 23 13:54:53 UTC 2026,1784814893,0,3.99
Thu Jul 23 13:56:11 UTC 2026,1784814971,0,3.94
Thu Jul 23 13:57:19 UTC 2026,1784815039,0,3.7
Thu Jul 23 13:58:13 UTC 2026,1784815093,0,3.96
Thu Jul 23 13:59:03 UTC 2026,1784815143,0,3.76
Thu Jul 23 13:59:27 UTC 2026,1784815167,0,4.0
Thu Jul 23 13:59:31 UTC 2026,1784815171,0,3.75
Thu Jul 23 14:01:20 UTC 2026,1784815280,0,4.01
Thu Jul 23 14:02:37 UTC 2026,1784815357,0,3.77
Thu Jul 23 14:03:13 UTC 2026,1784815393,0,4.0
Thu Jul 23 14:04:04 UTC 2026,1784815444,0,3.74
Thu Jul 23 14:04:53 UTC 2026,1784815493,0,4.1
Thu Jul 23 14:05:47 UTC 2026,1784815547,0,3.67
Thu Jul 23 14:06:06 UTC 2026,1784815566,0,3.75
Thu Jul 23 14:06:25 UTC 2026,1784815585,0,3.94
Thu Jul 23 14:08:00 UTC 2026,1784815680,0,3.92
Thu Jul 23 14:08:55 UTC 2026,1784815735,0,3.7
Thu Jul 23 14:09:40 UTC 2026,1784815780,0,3.87
Thu Jul 23 14:10:26 UTC 2026,1784815826,0,3.7
Thu Jul 23 14:11:43 UTC 2026,1784815903,0,3.94
Thu Jul 23 14:11:56 UTC 2026,1784815916,0,3.71
Thu Jul 23 14:12:37 UTC 2026,1784815957,0,3.87
Thu Jul 23 14:12:59 UTC 2026,1784815979,0,3.69
Thu Jul 23 14:14:49 UTC 2026,1784816089,0,3.86
Thu Jul 23 14:15:30 UTC 2026,1784816130,0,3.69
Thu Jul 23 14:16:51 UTC 2026,1784816211,0,3.85
Thu Jul 23 14:16:55 UTC 2026,1784816215,0,3.66
Thu Jul 23 14:18:05 UTC 2026,1784816285,0,3.61
Thu Jul 23 14:18:41 UTC 2026,1784816321,0,3.82
Thu Jul 23 14:19:22 UTC 2026,1784816362,0,3.67
Thu Jul 23 14:20:30 UTC 2026,1784816430,0,3.84
Thu Jul 23 14:21:25 UTC 2026,1784816485,0,3.6
Thu Jul 23 14:21:38 UTC 2026,1784816498,0,3.9
Thu Jul 23 14:23:00 UTC 2026,1784816580,0,3.8
Thu Jul 23 14:23:26 UTC 2026,1784816606,0,3.66
Thu Jul 23 14:24:26 UTC 2026,1784816666,0,3.59
Thu Jul 23 14:25:30 UTC 2026,1784816730,0,3.8
Thu Jul 23 14:25:57 UTC 2026,1784816757,0,3.58
Thu Jul 23 14:26:14 UTC 2026,1784816774,0,3.78
Thu Jul 23 14:27:28 UTC 2026,1784816848,0,3.77
Thu Jul 23 14:28:00 UTC 2026,1784816880,0,3.6
Thu Jul 23 14:29:17 UTC 2026,1784816957,0,3.8
Thu Jul 23 14:29:22 UTC 2026,1784816962,0,3.54
Thu Jul 23 14:30:52 UTC 2026,1784817052,0,3.55
Thu Jul 23 14:31:56 UTC 2026,1784817116,0,3.77
Thu Jul 23 14:33:49 UTC 2026,1784817229,0,3.43
Thu Jul 23 14:34:07 UTC 2026,1784817247,0,3.5
Thu Jul 23 14:35:11 UTC 2026,1784817311,0,3.79
Thu Jul 23 14:36:32 UTC 2026,1784817392,0,3.52
Thu Jul 23 14:36:46 UTC 2026,1784817406,0,3.76
Thu Jul 23 14:37:37 UTC 2026,1784817457,0,3.57
Thu Jul 23 14:38:17 UTC 2026,1784817497,0,3.81
Thu Jul 23 14:39:30 UTC 2026,1784817570,0,3.84
Thu Jul 23 14:39:35 UTC 2026,1784817575,0,3.5
Thu Jul 23 14:41:01 UTC 2026,1784817661,0,3.43
Thu Jul 23 14:41:55 UTC 2026,1784817715,0,3.73
Thu Jul 23 14:42:19 UTC 2026,1784817739,0,3.7
Thu Jul 23 14:43:17 UTC 2026,1784817797,0,3.44
Thu Jul 23 14:44:29 UTC 2026,1784817869,0,3.67
Thu Jul 23 14:44:53 UTC 2026,1784817893,0,3.33
Thu Jul 23 14:46:46 UTC 2026,1784818006,0,3.72
Thu Jul 23 14:46:50 UTC 2026,1784818010,0,3.4
Thu Jul 23 14:47:17 UTC 2026,1784818037,0,3.68
Thu Jul 23 14:48:21 UTC 2026,1784818101,0,3.46
Thu Jul 23 14:50:11 UTC 2026,1784818211,0,3.39
Thu Jul 23 14:50:24 UTC 2026,1784818224,0,3.72
Thu Jul 23 14:51:19 UTC 2026,1784818279,0,3.59
Thu Jul 23 14:52:00 UTC 2026,1784818320,0,3.4
Thu Jul 23 14:52:40 UTC 2026,1784818360,0,3.41
Thu Jul 23 14:53:48 UTC 2026,1784818428,0,3.57
Thu Jul 23 14:54:25 UTC 2026,1784818465,0,3.39
Thu Jul 23 14:54:29 UTC 2026,1784818469,0,3.58
Thu Jul 23 14:55:47 UTC 2026,1784818547,0,3.39
Thu Jul 23 14:56:56 UTC 2026,1784818616,0,3.55
Thu Jul 23 14:57:45 UTC 2026,1784818665,0,3.56
Thu Jul 23 14:58:11 UTC 2026,1784818691,0,3.35
Thu Jul 23 14:58:52 UTC 2026,1784818732,0,3.39
Thu Jul 23 14:59:06 UTC 2026,1784818746,0,3.49
Thu Jul 23 15:01:00 UTC 2026,1784818860,0,3.56
Thu Jul 23 15:01:51 UTC 2026,1784818911,0,3.28
Thu Jul 23 15:02:32 UTC 2026,1784818952,0,3.56
Thu Jul 23 15:03:02 UTC 2026,1784818982,0,3.36
Thu Jul 23 15:03:49 UTC 2026,1784819029,0,3.29
Thu Jul 23 15:04:29 UTC 2026,1784819069,0,3.56
Thu Jul 23 15:05:43 UTC 2026,1784819143,0,3.31
Thu Jul 23 15:06:51 UTC 2026,1784819211,0,3.54
Thu Jul 23 15:07:04 UTC 2026,1784819224,0,3.28
Thu Jul 23 15:08:08 UTC 2026,1784819288,0,3.46
Thu Jul 23 15:08:58 UTC 2026,1784819338,0,3.24
Thu Jul 23 15:09:53 UTC 2026,1784819393,0,3.42
Thu Jul 23 15:10:33 UTC 2026,1784819433,0,3.43
Thu Jul 23 15:11:09 UTC 2026,1784819469,0,3.26
Thu Jul 23 15:12:18 UTC 2026,1784819538,0,3.43
Thu Jul 23 15:13:22 UTC 2026,1784819602,0,3.28
Thu Jul 23 15:14:25 UTC 2026,1784819665,0,3.43
Thu Jul 23 15:14:43 UTC 2026,1784819683,0,3.31
Thu Jul 23 15:15:19 UTC 2026,1784819719,0,3.24
Thu Jul 23 15:16:14 UTC 2026,1784819774,0,3.39
Thu Jul 23 15:17:19 UTC 2026,1784819839,0,3.18
Thu Jul 23 15:17:54 UTC 2026,1784819874,0,3.46
Thu Jul 23 15:19:08 UTC 2026,1784819948,0,3.41
Thu Jul 23 15:19:21 UTC 2026,1784819961,0,3.2
Thu Jul 23 15:21:09 UTC 2026,1784820069,0,3.18
Thu Jul 23 15:21:19 UTC 2026,1784820079,0,3.39
Thu Jul 23 15:22:22 UTC 2026,1784820142,0,3.14
Thu Jul 23 15:23:03 UTC 2026,1784820183,0,3.37
Thu Jul 23 15:23:58 UTC 2026,1784820238,0,3.1
Thu Jul 23 15:24:25 UTC 2026,1784820265,0,3.39
Thu Jul 23 15:25:38 UTC 2026,1784820338,0,3.3
Thu Jul 23 15:26:37 UTC 2026,1784820397,0,3.17
Thu Jul 23 15:26:55 UTC 2026,1784820415,0,3.33
Thu Jul 23 15:28:22 UTC 2026,1784820502,0,3.12
Thu Jul 23 15:28:54 UTC 2026,1784820534,0,3.11
Thu Jul 23 15:29:29 UTC 2026,1784820569,0,3.28
Thu Jul 23 15:31:33 UTC 2026,1784820693,0,3.08
Thu Jul 23 15:32:04 UTC 2026,1784820724,0,3.26
Thu Jul 23 15:33:08 UTC 2026,1784820788,0,3.05
Thu Jul 23 15:33:31 UTC 2026,1784820811,0,3.22
Thu Jul 23 15:34:58 UTC 2026,1784820898,0,3.04
Thu Jul 23 15:36:14 UTC 2026,1784820974,0,2.92
Thu Jul 23 15:36:41 UTC 2026,1784821001,0,3.16
Thu Jul 23 15:36:47 UTC 2026,1784821007,0,3.01
Thu Jul 23 15:37:41 UTC 2026,1784821061,0,3.16
Thu Jul 23 15:38:30 UTC 2026,1784821110,0,2.97
Thu Jul 23 15:38:35 UTC 2026,1784821115,0,3.12
Thu Jul 23 15:40:20 UTC 2026,1784821220,0,3.22
Thu Jul 23 15:41:28 UTC 2026,1784821288,0,2.97
Thu Jul 23 15:41:45 UTC 2026,1784821305,0,3.09
Thu Jul 23 15:41:50 UTC 2026,1784821310,0,3.0
Thu Jul 23 15:43:40 UTC 2026,1784821420,0,3.07
Thu Jul 23 15:44:02 UTC 2026,1784821442,0,2.91
Thu Jul 23 15:46:09 UTC 2026,1784821569,0,3.11
Thu Jul 23 15:46:14 UTC 2026,1784821574,0,2.93
Thu Jul 23 15:47:27 UTC 2026,1784821647,0,2.95
Thu Jul 23 15:48:03 UTC 2026,1784821683,0,3.14
Thu Jul 23 15:48:36 UTC 2026,1784821716,0,2.86
Thu Jul 23 15:49:07 UTC 2026,1784821747,0,3.11
Thu Jul 23 15:50:47 UTC 2026,1784821847,0,3.12
Thu Jul 23 15:51:28 UTC 2026,1784821888,0,2.92
Thu Jul 23 15:51:46 UTC 2026,1784821906,0,3.11
Thu Jul 23 15:52:50 UTC 2026,1784821970,0,2.86
Thu Jul 23 15:53:26 UTC 2026,1784822006,0,2.87
Thu Jul 23 15:54:17 UTC 2026,1784822057,0,3.04
Thu Jul 23 15:55:56 UTC 2026,1784822156,0,3.05
Thu Jul 23 15:56:28 UTC 2026,1784822188,0,2.76
Thu Jul 23 15:56:46 UTC 2026,1784822206,0,2.78
Thu Jul 23 15:57:09 UTC 2026,1784822229,0,2.95
Thu Jul 23 15:58:58 UTC 2026,1784822338,0,2.98
Thu Jul 23 15:59:35 UTC 2026,1784822375,0,2.79
Thu Jul 23 16:00:20 UTC 2026,1784822420,0,2.92
Thu Jul 23 16:00:42 UTC 2026,1784822442,0,2.81
Thu Jul 23 16:02:09 UTC 2026,1784822529,0,2.92
Thu Jul 23 16:02:54 UTC 2026,1784822574,0,2.79
Thu Jul 23 16:03:13 UTC 2026,1784822593,0,2.74
Thu Jul 23 16:04:26 UTC 2026,1784822666,0,2.92
Thu Jul 23 16:05:20 UTC 2026,1784822720,0,2.75
Thu Jul 23 16:06:19 UTC 2026,1784822779,0,2.98
Thu Jul 23 16:06:46 UTC 2026,1784822806,0,2.96
Thu Jul 23 16:08:04 UTC 2026,1784822884,0,2.81
Thu Jul 23 16:08:53 UTC 2026,1784822933,0,2.78
Thu Jul 23 16:09:02 UTC 2026,1784822942,0,3.02
Thu Jul 23 16:10:06 UTC 2026,1784823006,0,2.99
Thu Jul 23 16:10:15 UTC 2026,1784823015,0,2.79
Thu Jul 23 16:11:41 UTC 2026,1784823101,0,2.96
Thu Jul 23 16:11:54 UTC 2026,1784823114,0,2.74
Thu Jul 23 16:13:40 UTC 2026,1784823220,0,2.96
Thu Jul 23 16:14:08 UTC 2026,1784823248,0,2.73
Thu Jul 23 16:15:06 UTC 2026,1784823306,0,2.75
Thu Jul 23 16:16:10 UTC 2026,1784823370,0,2.95
Thu Jul 23 16:16:55 UTC 2026,1784823415,0,2.71
Thu Jul 23 16:17:31 UTC 2026,1784823451,0,2.88
Thu Jul 23 16:18:49 UTC 2026,1784823529,0,2.93
Thu Jul 23 16:19:12 UTC 2026,1784823552,0,2.71
Thu Jul 23 16:19:48 UTC 2026,1784823588,0,2.74
Thu Jul 23 16:19:53 UTC 2026,1784823593,0,2.97
Thu Jul 23 16:22:01 UTC 2026,1784823721,0,2.87
Thu Jul 23 16:22:41 UTC 2026,1784823761,0,2.71
Thu Jul 23 16:23:50 UTC 2026,1784823830,0,2.93
Thu Jul 23 16:24:11 UTC 2026,1784823851,0,2.71
Thu Jul 23 16:24:44 UTC 2026,1784823884,0,2.94
Thu Jul 23 16:24:57 UTC 2026,1784823897,0,2.7
Thu Jul 23 16:26:19 UTC 2026,1784823979,0,2.92
Thu Jul 23 16:26:24 UTC 2026,1784823984,0,2.76
Thu Jul 23 16:27:54 UTC 2026,1784824074,0,2.78
Thu Jul 23 16:28:13 UTC 2026,1784824093,0,2.91
Thu Jul 23 16:30:24 UTC 2026,1784824224,0,2.7
Thu Jul 23 16:30:38 UTC 2026,1784824238,0,2.88
Thu Jul 23 16:31:42 UTC 2026,1784824302,0,2.93
Thu Jul 23 16:31:59 UTC 2026,1784824319,0,2.7
Thu Jul 23 16:33:13 UTC 2026,1784824393,0,2.85
Thu Jul 23 16:33:30 UTC 2026,1784824410,0,2.71
Thu Jul 23 16:34:30 UTC 2026,1784824470,0,2.86
Thu Jul 23 16:35:06 UTC 2026,1784824506,0,2.62
Thu Jul 23 16:36:09 UTC 2026,1784824569,0,2.68
Thu Jul 23 16:36:59 UTC 2026,1784824619,0,2.89
Thu Jul 23 16:38:16 UTC 2026,1784824696,0,2.7
Thu Jul 23 16:39:34 UTC 2026,1784824774,0,2.87
Thu Jul 23 16:40:52 UTC 2026,1784824852,0,2.71
Thu Jul 23 16:41:28 UTC 2026,1784824888,0,2.92
Thu Jul 23 16:41:56 UTC 2026,1784824916,0,2.6
Thu Jul 23 16:43:08 UTC 2026,1784824988,0,2.68
Thu Jul 23 16:43:44 UTC 2026,1784825024,0,2.96
Thu Jul 23 16:45:02 UTC 2026,1784825102,0,2.9
Thu Jul 23 16:45:11 UTC 2026,1784825111,0,2.64
Thu Jul 23 16:46:51 UTC 2026,1784825211,0,2.93
Thu Jul 23 16:47:08 UTC 2026,1784825228,0,2.71
Thu Jul 23 16:48:54 UTC 2026,1784825334,0,2.85
Thu Jul 23 16:49:03 UTC 2026,1784825343,0,2.65
Thu Jul 23 16:49:35 UTC 2026,1784825375,0,2.69
Thu Jul 23 16:49:43 UTC 2026,1784825383,0,2.85
Thu Jul 23 16:51:05 UTC 2026,1784825465,0,2.84
Thu Jul 23 16:51:27 UTC 2026,1784825487,0,2.66
Thu Jul 23 16:52:54 UTC 2026,1784825574,0,2.6
Thu Jul 23 16:53:13 UTC 2026,1784825593,0,2.87
Thu Jul 23 16:54:30 UTC 2026,1784825670,0,2.59
Thu Jul 23 16:55:15 UTC 2026,1784825715,0,2.83
Thu Jul 23 16:57:28 UTC 2026,1784825848,0,2.64
Thu Jul 23 16:58:40 UTC 2026,1784825920,0,2.8
Thu Jul 23 16:58:53 UTC 2026,1784825933,0,2.64
Thu Jul 23 16:59:25 UTC 2026,1784825965,0,2.81
Thu Jul 23 17:00:11 UTC 2026,1784826011,0,2.62
Thu Jul 23 17:01:38 UTC 2026,1784826098,0,2.6
Thu Jul 23 17:02:23 UTC 2026,1784826143,0,2.81
Thu Jul 23 17:02:54 UTC 2026,1784826174,0,2.64
Thu Jul 23 17:03:16 UTC 2026,1784826196,0,2.89
Thu Jul 23 17:04:26 UTC 2026,1784826266,0,2.84
Thu Jul 23 17:05:15 UTC 2026,1784826315,0,2.57
Thu Jul 23 17:06:19 UTC 2026,1784826379,0,2.55
Thu Jul 23 17:07:00 UTC 2026,1784826420,0,2.79
Thu Jul 23 17:08:36 UTC 2026,1784826516,0,2.82
Thu Jul 23 17:08:53 UTC 2026,1784826533,0,2.63
Thu Jul 23 17:09:12 UTC 2026,1784826552,0,2.77
Thu Jul 23 17:10:11 UTC 2026,1784826611,0,2.55
Thu Jul 23 17:10:52 UTC 2026,1784826652,0,2.77
Thu Jul 23 17:11:19 UTC 2026,1784826679,0,2.6
Thu Jul 23 17:12:54 UTC 2026,1784826774,0,2.54
Thu Jul 23 17:13:13 UTC 2026,1784826793,0,2.76
Thu Jul 23 17:14:29 UTC 2026,1784826869,0,2.71
Thu Jul 23 17:15:25 UTC 2026,1784826925,0,2.48
Thu Jul 23 17:16:02 UTC 2026,1784826962,0,2.51
Thu Jul 23 17:16:10 UTC 2026,1784826970,0,2.67
Thu Jul 23 17:17:32 UTC 2026,1784827052,0,2.54
Thu Jul 23 17:17:37 UTC 2026,1784827057,0,2.59
Thu Jul 23 17:17:41 UTC 2026,1784827061,0,2.63
Thu Jul 23 17:18:58 UTC 2026,1784827138,0,2.36
Thu Jul 23 17:19:17 UTC 2026,1784827157,0,2.61
Thu Jul 23 17:20:20 UTC 2026,1784827220,0,2.35
Thu Jul 23 17:20:53 UTC 2026,1784827253,0,2.57
Thu Jul 23 17:21:28 UTC 2026,1784827288,0,2.28
Thu Jul 23 17:22:45 UTC 2026,1784827365,0,2.49
Thu Jul 23 17:23:45 UTC 2026,1784827425,0,2.32
Thu Jul 23 17:24:16 UTC 2026,1784827456,0,2.26
Thu Jul 23 17:25:03 UTC 2026,1784827503,0,2.57
Thu Jul 23 17:26:01 UTC 2026,1784827561,0,2.55
Thu Jul 23 17:26:46 UTC 2026,1784827606,0,2.36
Thu Jul 23 17:27:41 UTC 2026,1784827661,0,2.46
Thu Jul 23 17:28:32 UTC 2026,1784827712,0,2.23
Thu Jul 23 17:29:30 UTC 2026,1784827770,0,2.53
Thu Jul 23 17:30:15 UTC 2026,1784827815,0,2.27
Thu Jul 23 17:31:29 UTC 2026,1784827889,0,2.46
Thu Jul 23 17:31:42 UTC 2026,1784827902,0,2.3
Thu Jul 23 17:32:32 UTC 2026,1784827952,0,2.45
Thu Jul 23 17:32:46 UTC 2026,1784827966,0,2.24
Thu Jul 23 17:34:58 UTC 2026,1784828098,0,2.21
Thu Jul 23 17:35:30 UTC 2026,1784828130,0,2.48
Thu Jul 23 17:35:39 UTC 2026,1784828139,0,2.56
Thu Jul 23 17:36:05 UTC 2026,1784828165,0,2.2
Thu Jul 23 17:37:46 UTC 2026,1784828266,0,2.42
Thu Jul 23 17:38:18 UTC 2026,1784828298,0,2.24
Thu Jul 23 17:39:17 UTC 2026,1784828357,0,2.51
Thu Jul 23 17:40:07 UTC 2026,1784828407,0,2.32
Thu Jul 23 17:40:43 UTC 2026,1784828443,0,2.48
Thu Jul 23 17:42:00 UTC 2026,1784828520,0,2.24
Thu Jul 23 17:42:29 UTC 2026,1784828549,0,2.28
Thu Jul 23 17:43:00 UTC 2026,1784828580,0,2.49
Thu Jul 23 17:44:39 UTC 2026,1784828679,0,2.18
Thu Jul 23 17:45:16 UTC 2026,1784828716,0,2.48
Thu Jul 23 17:45:57 UTC 2026,1784828757,0,2.54
Thu Jul 23 17:46:47 UTC 2026,1784828807,0,2.29
Thu Jul 23 17:48:09 UTC 2026,1784828889,0,2.24
Thu Jul 23 17:48:35 UTC 2026,1784828915,0,2.52
Thu Jul 23 17:49:08 UTC 2026,1784828948,0,2.49
Thu Jul 23 17:49:39 UTC 2026,1784828979,0,2.29
Thu Jul 23 17:50:43 UTC 2026,1784829043,0,2.2
Thu Jul 23 17:51:47 UTC 2026,1784829107,0,2.53
Thu Jul 23 17:53:04 UTC 2026,1784829184,0,2.32
Thu Jul 23 17:53:36 UTC 2026,1784829216,0,2.5
Thu Jul 23 17:53:53 UTC 2026,1784829233,0,2.46
Thu Jul 23 17:54:04 UTC 2026,1784829244,0,2.27
Thu Jul 23 17:55:39 UTC 2026,1784829339,0,2.49
Thu Jul 23 17:56:51 UTC 2026,1784829411,0,2.35
Thu Jul 23 17:57:18 UTC 2026,1784829438,0,2.23
Thu Jul 23 17:58:22 UTC 2026,1784829502,0,2.49
Thu Jul 23 17:59:43 UTC 2026,1784829583,0,2.3
Thu Jul 23 18:00:11 UTC 2026,1784829611,0,2.49
Thu Jul 23 18:00:24 UTC 2026,1784829624,0,2.38
Thu Jul 23 18:01:51 UTC 2026,1784829711,0,2.18
Thu Jul 23 18:03:04 UTC 2026,1784829784,0,2.44
Thu Jul 23 18:04:53 UTC 2026,1784829893,0,2.42
Thu Jul 23 18:05:01 UTC 2026,1784829901,0,2.17
Thu Jul 23 18:05:29 UTC 2026,1784829929,0,2.41
Thu Jul 23 18:06:33 UTC 2026,1784829993,0,2.07
Thu Jul 23 18:07:01 UTC 2026,1784830021,0,2.09
Thu Jul 23 18:08:03 UTC 2026,1784830083,0,2.31
Thu Jul 23 18:09:11 UTC 2026,1784830151,0,2.09
Thu Jul 23 18:09:40 UTC 2026,1784830180,0,2.36
Thu Jul 23 18:10:34 UTC 2026,1784830234,0,2.25
Thu Jul 23 18:11:19 UTC 2026,1784830279,0,1.99
Thu Jul 23 18:12:27 UTC 2026,1784830347,0,2.28
Thu Jul 23 18:13:00 UTC 2026,1784830380,0,2.07
Thu Jul 23 18:13:59 UTC 2026,1784830439,0,2.28
Thu Jul 23 18:14:44 UTC 2026,1784830484,0,2.07
Thu Jul 23 18:15:56 UTC 2026,1784830556,0,2.06
Thu Jul 23 18:16:46 UTC 2026,1784830606,0,2.25
Thu Jul 23 18:16:59 UTC 2026,1784830619,0,2.24
Thu Jul 23 18:17:36 UTC 2026,1784830656,0,2.09
Thu Jul 23 18:19:21 UTC 2026,1784830761,0,2.07
Thu Jul 23 18:19:52 UTC 2026,1784830792,0,2.25
Thu Jul 23 18:20:52 UTC 2026,1784830852,0,2.13
Thu Jul 23 18:21:29 UTC 2026,1784830889,0,2.26
Thu Jul 23 18:21:59 UTC 2026,1784830919,0,2.23
Thu Jul 23 18:22:59 UTC 2026,1784830979,0,2.09
Thu Jul 23 18:23:35 UTC 2026,1784831015,0,2.31
Thu Jul 23 18:24:34 UTC 2026,1784831074,0,2.08
Thu Jul 23 18:25:29 UTC 2026,1784831129,0,2.11
Thu Jul 23 18:26:28 UTC 2026,1784831188,0,2.33
Thu Jul 23 18:27:37 UTC 2026,1784831257,0,2.16
Thu Jul 23 18:27:45 UTC 2026,1784831265,0,2.37
Thu Jul 23 18:28:54 UTC 2026,1784831334,0,2.17
Thu Jul 23 18:29:53 UTC 2026,1784831393,0,2.34
Thu Jul 23 18:30:43 UTC 2026,1784831443,0,2.23
Thu Jul 23 18:30:52 UTC 2026,1784831452,0,2.39
Thu Jul 23 18:32:08 UTC 2026,1784831528,0,2.2
Thu Jul 23 18:32:50 UTC 2026,1784831570,0,2.41
Thu Jul 23 18:33:18 UTC 2026,1784831598,0,2.44
Thu Jul 23 18:34:44 UTC 2026,1784831684,0,2.2
Thu Jul 23 18:35:51 UTC 2026,1784831751,0,2.49
Thu Jul 23 18:36:05 UTC 2026,1784831765,0,2.09
Thu Jul 23 18:37:24 UTC 2026,1784831844,0,2.33
Thu Jul 23 18:38:13 UTC 2026,1784831893,0,2.57
Thu Jul 23 18:38:22 UTC 2026,1784831902,0,2.59
Thu Jul 23 18:38:59 UTC 2026,1784831939,0,2.37
Thu Jul 23 18:40:01 UTC 2026,1784832001,0,2.67
Thu Jul 23 18:41:10 UTC 2026,1784832070,0,2.42
Thu Jul 23 18:42:08 UTC 2026,1784832128,0,2.6
Thu Jul 23 18:42:32 UTC 2026,1784832152,0,2.47
Thu Jul 23 18:43:22 UTC 2026,1784832202,0,2.65
Thu Jul 23 18:44:30 UTC 2026,1784832270,0,2.45
Thu Jul 23 18:44:57 UTC 2026,1784832297,0,2.51
Thu Jul 23 18:46:10 UTC 2026,1784832370,0,2.69
Thu Jul 23 18:46:59 UTC 2026,1784832419,0,2.52
Thu Jul 23 18:47:13 UTC 2026,1784832433,0,2.69
Thu Jul 23 18:48:13 UTC 2026,1784832493,0,2.53
Thu Jul 23 18:48:32 UTC 2026,1784832512,0,2.72
Thu Jul 23 18:50:07 UTC 2026,1784832607,0,2.69
Thu Jul 23 18:51:19 UTC 2026,1784832679,0,2.5
Thu Jul 23 18:51:50 UTC 2026,1784832710,0,2.48
Thu Jul 23 18:52:36 UTC 2026,1784832756,0,2.68
Thu Jul 23 18:53:09 UTC 2026,1784832789,0,2.43
Thu Jul 23 18:53:23 UTC 2026,1784832803,0,2.65
Thu Jul 23 18:55:42 UTC 2026,1784832942,0,2.6
Thu Jul 23 18:56:19 UTC 2026,1784832979,0,2.4
Thu Jul 23 18:56:52 UTC 2026,1784833012,0,2.37
Thu Jul 23 18:57:33 UTC 2026,1784833053,0,2.58
Thu Jul 23 18:58:03 UTC 2026,1784833083,0,2.57
Thu Jul 23 18:59:29 UTC 2026,1784833169,0,2.37
Thu Jul 23 18:59:48 UTC 2026,1784833188,0,2.56
Thu Jul 23 19:01:19 UTC 2026,1784833279,0,2.35
Thu Jul 23 19:01:23 UTC 2026,1784833283,0,2.36
Thu Jul 23 19:01:47 UTC 2026,1784833307,0,2.55
Thu Jul 23 19:03:26 UTC 2026,1784833406,0,2.34
Thu Jul 23 19:04:08 UTC 2026,1784833448,0,2.51
Thu Jul 23 19:05:33 UTC 2026,1784833533,0,2.5
Thu Jul 23 19:05:57 UTC 2026,1784833557,0,2.12
Thu Jul 23 19:06:28 UTC 2026,1784833588,0,2.13
Thu Jul 23 19:07:04 UTC 2026,1784833624,0,2.51
Thu Jul 23 19:08:08 UTC 2026,1784833688,0,2.25
Thu Jul 23 19:09:08 UTC 2026,1784833748,0,2.44
Thu Jul 23 19:10:33 UTC 2026,1784833833,0,2.31
Thu Jul 23 19:11:10 UTC 2026,1784833870,0,2.47
Thu Jul 23 19:12:04 UTC 2026,1784833924,0,2.28
Thu Jul 23 19:12:32 UTC 2026,1784833952,0,2.48
Thu Jul 23 19:13:26 UTC 2026,1784834006,0,2.46
Thu Jul 23 19:14:02 UTC 2026,1784834042,0,2.25
Thu Jul 23 19:15:20 UTC 2026,1784834120,0,2.32
Thu Jul 23 19:15:39 UTC 2026,1784834139,0,2.5
Thu Jul 23 19:16:28 UTC 2026,1784834188,0,2.3
Thu Jul 23 19:16:42 UTC 2026,1784834202,0,2.49
Thu Jul 23 19:18:16 UTC 2026,1784834296,0,2.3
Thu Jul 23 19:18:49 UTC 2026,1784834329,0,2.52
Thu Jul 23 19:19:39 UTC 2026,1784834379,0,2.48
Thu Jul 23 19:20:24 UTC 2026,1784834424,0,2.33
Thu Jul 23 19:21:56 UTC 2026,1784834516,0,2.3
Thu Jul 23 19:22:41 UTC 2026,1784834561,0,2.49
Thu Jul 23 19:23:32 UTC 2026,1784834612,0,2.28
Thu Jul 23 19:23:54 UTC 2026,1784834634,0,2.47
Thu Jul 23 19:25:15 UTC 2026,1784834715,0,2.32
Thu Jul 23 19:25:42 UTC 2026,1784834742,0,2.51
Thu Jul 23 19:26:06 UTC 2026,1784834766,0,2.46
Thu Jul 23 19:27:10 UTC 2026,1784834830,0,2.29
Thu Jul 23 19:28:18 UTC 2026,1784834898,0,2.31
Thu Jul 23 19:28:36 UTC 2026,1784834916,0,2.44
Thu Jul 23 19:29:35 UTC 2026,1784834975,0,2.47
Thu Jul 23 19:30:48 UTC 2026,1784835048,0,2.24
Thu Jul 23 19:31:11 UTC 2026,1784835071,0,2.46
Thu Jul 23 19:32:37 UTC 2026,1784835157,0,2.28
Thu Jul 23 19:33:18 UTC 2026,1784835198,0,2.44
Thu Jul 23 19:34:16 UTC 2026,1784835256,0,2.26
Thu Jul 23 19:35:49 UTC 2026,1784835349,0,2.2
Thu Jul 23 19:35:57 UTC 2026,1784835357,0,2.51
Thu Jul 23 19:36:06 UTC 2026,1784835366,0,2.31
Thu Jul 23 19:36:11 UTC 2026,1784835371,0,2.45
Thu Jul 23 19:38:31 UTC 2026,1784835511,0,2.3
Thu Jul 23 19:38:55 UTC 2026,1784835535,0,2.48
Thu Jul 23 19:40:16 UTC 2026,1784835616,0,2.28
Thu Jul 23 19:40:20 UTC 2026,1784835620,0,2.49
Thu Jul 23 19:41:14 UTC 2026,1784835674,0,2.4
Thu Jul 23 19:41:47 UTC 2026,1784835707,0,2.27
Thu Jul 23 19:42:47 UTC 2026,1784835767,0,2.24
Thu Jul 23 19:43:00 UTC 2026,1784835780,0,2.43
Thu Jul 23 19:44:39 UTC 2026,1784835879,0,2.19
Thu Jul 23 19:45:11 UTC 2026,1784835911,0,2.42
Thu Jul 23 19:46:24 UTC 2026,1784835984,0,2.2
Thu Jul 23 19:47:05 UTC 2026,1784836025,0,2.39
Thu Jul 23 19:48:53 UTC 2026,1784836133,0,2.17
Thu Jul 23 19:49:30 UTC 2026,1784836170,0,2.37
Thu Jul 23 19:50:43 UTC 2026,1784836243,0,2.19
Thu Jul 23 19:52:14 UTC 2026,1784836334,0,2.18
Thu Jul 23 19:52:28 UTC 2026,1784836348,0,2.41
Thu Jul 23 19:52:59 UTC 2026,1784836379,0,2.43
Thu Jul 23 19:53:13 UTC 2026,1784836393,0,2.19
Thu Jul 23 19:54:26 UTC 2026,1784836466,0,2.43
Thu Jul 23 19:55:17 UTC 2026,1784836517,0,2.22
Thu Jul 23 19:56:43 UTC 2026,1784836603,0,2.24
Thu Jul 23 19:57:05 UTC 2026,1784836625,0,2.42
Thu Jul 23 19:58:14 UTC 2026,1784836694,0,2.24
Thu Jul 23 19:58:32 UTC 2026,1784836712,0,2.48
Thu Jul 23 19:59:58 UTC 2026,1784836798,0,2.45
Thu Jul 23 20:00:34 UTC 2026,1784836834,0,2.2
Thu Jul 23 20:01:43 UTC 2026,1784836903,0,2.42
Thu Jul 23 20:02:05 UTC 2026,1784836925,0,2.27
Thu Jul 23 20:02:37 UTC 2026,1784836957,0,2.46
Thu Jul 23 20:03:50 UTC 2026,1784837030,0,2.25
Thu Jul 23 20:05:03 UTC 2026,1784837103,0,1.99
Thu Jul 23 20:05:16 UTC 2026,1784837116,0,2.45
Thu Jul 23 20:06:02 UTC 2026,1784837162,0,1.97
Thu Jul 23 20:07:00 UTC 2026,1784837220,0,2.45
Thu Jul 23 20:07:41 UTC 2026,1784837261,0,2.21
Thu Jul 23 20:08:18 UTC 2026,1784837298,0,2.44
Thu Jul 23 20:09:03 UTC 2026,1784837343,0,2.23
Thu Jul 23 20:09:22 UTC 2026,1784837362,0,2.45
Thu Jul 23 20:10:44 UTC 2026,1784837444,0,2.26
Thu Jul 23 20:10:53 UTC 2026,1784837453,0,2.43
Thu Jul 23 20:12:51 UTC 2026,1784837571,0,2.21
Thu Jul 23 20:13:24 UTC 2026,1784837604,0,2.44
Thu Jul 23 20:15:12 UTC 2026,1784837712,0,2.24
Thu Jul 23 20:16:07 UTC 2026,1784837767,0,2.46
Thu Jul 23 20:17:28 UTC 2026,1784837848,0,2.28
Thu Jul 23 20:17:38 UTC 2026,1784837858,0,2.43
Thu Jul 23 20:19:36 UTC 2026,1784837976,0,2.3
Thu Jul 23 20:20:30 UTC 2026,1784838030,0,2.46
Thu Jul 23 20:21:48 UTC 2026,1784838108,0,2.23
Thu Jul 23 20:23:23 UTC 2026,1784838203,0,2.26
Thu Jul 23 20:23:32 UTC 2026,1784838212,0,2.51
Thu Jul 23 20:23:55 UTC 2026,1784838235,0,2.31
Thu Jul 23 20:25:07 UTC 2026,1784838307,0,2.49
Thu Jul 23 20:27:01 UTC 2026,1784838421,0,2.32
Thu Jul 23 20:27:16 UTC 2026,1784838436,0,2.5
Thu Jul 23 20:28:10 UTC 2026,1784838490,0,2.3
Thu Jul 23 20:29:13 UTC 2026,1784838553,0,2.23
Thu Jul 23 20:30:04 UTC 2026,1784838604,0,2.48
Thu Jul 23 20:30:49 UTC 2026,1784838649,0,2.52
Thu Jul 23 20:31:56 UTC 2026,1784838716,0,2.19
Thu Jul 23 20:32:11 UTC 2026,1784838731,0,2.49
Thu Jul 23 20:32:29 UTC 2026,1784838749,0,2.35
Thu Jul 23 20:34:45 UTC 2026,1784838885,0,2.21
Thu Jul 23 20:34:55 UTC 2026,1784838895,0,2.49
Thu Jul 23 20:35:49 UTC 2026,1784838949,0,2.23
Thu Jul 23 20:35:57 UTC 2026,1784838957,0,2.5
Thu Jul 23 20:37:33 UTC 2026,1784839053,0,2.45
Thu Jul 23 20:38:37 UTC 2026,1784839117,0,2.29
Thu Jul 23 20:38:46 UTC 2026,1784839126,0,2.47
Thu Jul 23 20:40:03 UTC 2026,1784839203,0,2.24
Thu Jul 23 20:40:36 UTC 2026,1784839236,0,2.27
Thu Jul 23 20:41:39 UTC 2026,1784839299,0,2.44
Thu Jul 23 20:42:11 UTC 2026,1784839331,0,2.47
Thu Jul 23 20:42:47 UTC 2026,1784839367,0,2.27
Thu Jul 23 20:44:46 UTC 2026,1784839486,0,2.33
Thu Jul 23 20:44:59 UTC 2026,1784839499,0,2.49
Thu Jul 23 20:46:30 UTC 2026,1784839590,0,2.52
Thu Jul 23 20:46:48 UTC 2026,1784839608,0,2.31
Thu Jul 23 20:47:33 UTC 2026,1784839653,0,2.55
Thu Jul 23 20:48:11 UTC 2026,1784839691,0,2.32
Thu Jul 23 20:50:03 UTC 2026,1784839803,0,2.33
Thu Jul 23 20:50:14 UTC 2026,1784839814,0,2.52
Thu Jul 23 20:50:45 UTC 2026,1784839845,0,2.32
Thu Jul 23 20:50:55 UTC 2026,1784839855,0,2.52
Thu Jul 23 20:52:39 UTC 2026,1784839959,0,2.33
Thu Jul 23 20:52:56 UTC 2026,1784839976,0,2.5
Thu Jul 23 20:53:33 UTC 2026,1784840013,0,2.34
Thu Jul 23 20:54:59 UTC 2026,1784840099,0,2.47
Thu Jul 23 20:55:18 UTC 2026,1784840118,0,2.55
Thu Jul 23 20:55:50 UTC 2026,1784840150,0,2.3
Thu Jul 23 20:57:12 UTC 2026,1784840232,0,2.51
Thu Jul 23 20:57:42 UTC 2026,1784840262,0,2.35
Thu Jul 23 20:58:37 UTC 2026,1784840317,0,2.53
Thu Jul 23 21:00:08 UTC 2026,1784840408,0,2.34
Thu Jul 23 21:00:54 UTC 2026,1784840454,0,2.33
Thu Jul 23 21:01:35 UTC 2026,1784840495,0,2.52
Thu Jul 23 21:02:43 UTC 2026,1784840563,0,2.33
Thu Jul 23 21:02:51 UTC 2026,1784840571,0,2.5
Thu Jul 23 21:04:04 UTC 2026,1784840644,0,2.55
Thu Jul 23 21:05:04 UTC 2026,1784840704,0,2.12
Thu Jul 23 21:05:08 UTC 2026,1784840708,0,2.08
Thu Jul 23 21:06:06 UTC 2026,1784840766,0,2.58
Thu Jul 23 21:07:06 UTC 2026,1784840826,0,2.45
Thu Jul 23 21:08:01 UTC 2026,1784840881,0,2.59
Thu Jul 23 21:08:28 UTC 2026,1784840908,0,2.36
Thu Jul 23 21:09:41 UTC 2026,1784840981,0,2.57
Thu Jul 23 21:10:49 UTC 2026,1784841049,0,2.39
Thu Jul 23 21:10:57 UTC 2026,1784841057,0,2.56
Thu Jul 23 21:12:34 UTC 2026,1784841154,0,2.44
Thu Jul 23 21:13:15 UTC 2026,1784841195,0,2.6
Thu Jul 23 21:13:52 UTC 2026,1784841232,0,2.56
Thu Jul 23 21:14:22 UTC 2026,1784841262,0,2.38
Thu Jul 23 21:16:12 UTC 2026,1784841372,0,2.59
Thu Jul 23 21:16:34 UTC 2026,1784841394,0,2.37
Thu Jul 23 21:17:25 UTC 2026,1784841445,0,2.57
Thu Jul 23 21:17:51 UTC 2026,1784841471,0,2.37
Thu Jul 23 21:18:32 UTC 2026,1784841512,0,2.58
Thu Jul 23 21:19:32 UTC 2026,1784841572,0,2.36
Thu Jul 23 21:20:09 UTC 2026,1784841609,0,2.37
Thu Jul 23 21:21:25 UTC 2026,1784841685,0,2.6
Thu Jul 23 21:21:57 UTC 2026,1784841717,0,2.56
Thu Jul 23 21:23:02 UTC 2026,1784841782,0,2.35
Thu Jul 23 21:23:15 UTC 2026,1784841795,0,2.57
Thu Jul 23 21:23:38 UTC 2026,1784841818,0,2.35
Thu Jul 23 21:25:54 UTC 2026,1784841954,0,2.6
Thu Jul 23 21:26:26 UTC 2026,1784841986,0,2.34
Thu Jul 23 21:28:01 UTC 2026,1784842081,0,2.36
Thu Jul 23 21:28:10 UTC 2026,1784842090,0,2.56
Thu Jul 23 21:29:04 UTC 2026,1784842144,0,2.3
Thu Jul 23 21:29:50 UTC 2026,1784842190,0,2.57
Thu Jul 23 21:30:26 UTC 2026,1784842226,0,2.59
Thu Jul 23 21:30:54 UTC 2026,1784842254,0,2.29
Thu Jul 23 21:31:34 UTC 2026,1784842294,0,2.57
Thu Jul 23 21:33:05 UTC 2026,1784842385,0,2.33
Thu Jul 23 21:33:09 UTC 2026,1784842389,0,2.62
Thu Jul 23 21:33:37 UTC 2026,1784842417,0,2.35
Thu Jul 23 21:35:03 UTC 2026,1784842503,0,1.97
Thu Jul 23 21:35:44 UTC 2026,1784842544,0,2.59
Thu Jul 23 21:36:42 UTC 2026,1784842602,0,2.43
Thu Jul 23 21:38:00 UTC 2026,1784842680,0,2.69
Thu Jul 23 21:38:15 UTC 2026,1784842695,0,2.48
Thu Jul 23 21:38:56 UTC 2026,1784842736,0,2.66
Thu Jul 23 21:40:12 UTC 2026,1784842812,0,2.69
Thu Jul 23 21:40:35 UTC 2026,1784842835,0,2.45
Thu Jul 23 21:41:29 UTC 2026,1784842889,0,2.66
Thu Jul 23 21:41:39 UTC 2026,1784842899,0,2.43
Thu Jul 23 21:43:19 UTC 2026,1784842999,0,2.68
Thu Jul 23 21:43:51 UTC 2026,1784843031,0,2.43
Thu Jul 23 21:46:08 UTC 2026,1784843168,0,2.67
Thu Jul 23 21:47:06 UTC 2026,1784843226,0,2.45
Thu Jul 23 21:47:24 UTC 2026,1784843244,0,2.66
Thu Jul 23 21:48:10 UTC 2026,1784843290,0,2.45
Thu Jul 23 21:48:46 UTC 2026,1784843326,0,2.67
Thu Jul 23 21:49:58 UTC 2026,1784843398,0,2.69
Thu Jul 23 21:50:49 UTC 2026,1784843449,0,2.44
Thu Jul 23 21:51:26 UTC 2026,1784843486,0,2.72
Thu Jul 23 21:52:24 UTC 2026,1784843544,0,2.51
Thu Jul 23 21:54:00 UTC 2026,1784843640,0,2.81
Thu Jul 23 21:54:27 UTC 2026,1784843667,0,2.53
Thu Jul 23 21:54:59 UTC 2026,1784843699,0,2.58
Thu Jul 23 21:55:03 UTC 2026,1784843703,0,2.78
Thu Jul 23 21:56:25 UTC 2026,1784843785,0,2.6
Thu Jul 23 21:56:38 UTC 2026,1784843798,0,2.82
Thu Jul 23 21:58:28 UTC 2026,1784843908,0,2.81
Thu Jul 23 21:58:37 UTC 2026,1784843917,0,2.61
Thu Jul 23 22:00:53 UTC 2026,1784844053,0,2.87
Thu Jul 23 22:01:21 UTC 2026,1784844081,0,2.67
Thu Jul 23 22:02:06 UTC 2026,1784844126,0,2.84
Thu Jul 23 22:03:28 UTC 2026,1784844208,0,2.67
Thu Jul 23 22:04:04 UTC 2026,1784844244,0,2.84
Thu Jul 23 22:05:03 UTC 2026,1784844303,0,2.54
Thu Jul 23 22:05:31 UTC 2026,1784844331,0,3.03
Thu Jul 23 22:06:48 UTC 2026,1784844408,0,2.99
Thu Jul 23 22:07:11 UTC 2026,1784844431,0,2.74
Thu Jul 23 22:08:51 UTC 2026,1784844531,0,2.95
Thu Jul 23 22:09:13 UTC 2026,1784844553,0,2.76
Thu Jul 23 22:10:17 UTC 2026,1784844617,0,3.05
Thu Jul 23 22:10:48 UTC 2026,1784844648,0,2.84
Thu Jul 23 22:11:16 UTC 2026,1784844676,0,2.81
Thu Jul 23 22:12:24 UTC 2026,1784844744,0,3.0
Thu Jul 23 22:14:00 UTC 2026,1784844840,0,3.05
Thu Jul 23 22:14:23 UTC 2026,1784844863,0,2.78
Thu Jul 23 22:14:54 UTC 2026,1784844894,0,2.8
Thu Jul 23 22:14:58 UTC 2026,1784844898,0,3.03
Thu Jul 23 22:16:20 UTC 2026,1784844980,0,2.85
Thu Jul 23 22:17:06 UTC 2026,1784845026,0,3.04
Thu Jul 23 22:17:57 UTC 2026,1784845077,0,3.12
Thu Jul 23 22:18:23 UTC 2026,1784845103,0,2.88
Thu Jul 23 22:20:58 UTC 2026,1784845258,0,3.11
Thu Jul 23 22:21:22 UTC 2026,1784845282,0,2.87
Thu Jul 23 22:21:52 UTC 2026,1784845312,0,3.08
Thu Jul 23 22:22:43 UTC 2026,1784845363,0,2.89
Thu Jul 23 22:23:32 UTC 2026,1784845412,0,3.11
Thu Jul 23 22:24:18 UTC 2026,1784845458,0,2.96
Thu Jul 23 22:25:53 UTC 2026,1784845553,0,3.16
Thu Jul 23 22:27:14 UTC 2026,1784845634,0,2.95
Thu Jul 23 22:27:38 UTC 2026,1784845658,0,2.99
Thu Jul 23 22:27:51 UTC 2026,1784845671,0,3.18
Thu Jul 23 22:29:58 UTC 2026,1784845798,0,3.22
Thu Jul 23 22:30:08 UTC 2026,1784845808,0,3.01
Thu Jul 23 22:31:07 UTC 2026,1784845867,0,3.06
Thu Jul 23 22:32:19 UTC 2026,1784845939,0,3.3
Thu Jul 23 22:33:10 UTC 2026,1784845990,0,3.07
Thu Jul 23 22:33:45 UTC 2026,1784846025,0,3.31
Thu Jul 23 22:34:49 UTC 2026,1784846089,0,2.87
Thu Jul 23 22:35:12 UTC 2026,1784846112,0,3.31
Thu Jul 23 22:35:53 UTC 2026,1784846153,0,3.1
Thu Jul 23 22:37:14 UTC 2026,1784846234,0,3.36
Thu Jul 23 22:38:27 UTC 2026,1784846307,0,3.4
Thu Jul 23 22:38:55 UTC 2026,1784846335,0,3.2
Thu Jul 23 22:39:58 UTC 2026,1784846398,0,3.37
Thu Jul 23 22:41:19 UTC 2026,1784846479,0,3.23
Thu Jul 23 22:41:51 UTC 2026,1784846511,0,3.42
Thu Jul 23 22:42:55 UTC 2026,1784846575,0,3.48
Thu Jul 23 22:43:13 UTC 2026,1784846593,0,3.29
Thu Jul 23 22:44:08 UTC 2026,1784846648,0,3.32
Thu Jul 23 22:45:39 UTC 2026,1784846739,0,3.5
Thu Jul 23 22:45:52 UTC 2026,1784846752,0,3.32
Thu Jul 23 22:46:10 UTC 2026,1784846770,0,3.55
Thu Jul 23 22:48:04 UTC 2026,1784846884,0,3.54
Thu Jul 23 22:48:54 UTC 2026,1784846934,0,3.41
Thu Jul 23 22:49:08 UTC 2026,1784846948,0,3.45
Thu Jul 23 22:50:24 UTC 2026,1784847024,0,3.67
Thu Jul 23 22:51:05 UTC 2026,1784847065,0,3.48
Thu Jul 23 22:51:15 UTC 2026,1784847075,0,3.67
Thu Jul 23 22:52:59 UTC 2026,1784847179,0,3.54
Thu Jul 23 22:53:36 UTC 2026,1784847216,0,3.7
Thu Jul 23 22:54:53 UTC 2026,1784847293,0,3.56
Thu Jul 23 22:55:26 UTC 2026,1784847326,0,3.7
Thu Jul 23 22:56:11 UTC 2026,1784847371,0,3.53
Thu Jul 23 22:56:24 UTC 2026,1784847384,0,3.71
Thu Jul 23 22:57:28 UTC 2026,1784847448,0,3.69
Thu Jul 23 22:58:03 UTC 2026,1784847483,0,3.54
Thu Jul 23 22:59:36 UTC 2026,1784847576,0,3.72
Thu Jul 23 23:00:21 UTC 2026,1784847621,0,3.54
Thu Jul 23 23:01:19 UTC 2026,1784847679,0,3.7
Thu Jul 23 23:02:23 UTC 2026,1784847743,0,3.58
Thu Jul 23 23:03:32 UTC 2026,1784847812,0,3.74
Thu Jul 23 23:05:07 UTC 2026,1784847907,0,3.46
Thu Jul 23 23:05:16 UTC 2026,1784847916,0,3.78
Thu Jul 23 23:05:57 UTC 2026,1784847957,0,3.35
Thu Jul 23 23:06:10 UTC 2026,1784847970,0,3.82
Thu Jul 23 23:07:15 UTC 2026,1784848035,0,3.71
Thu Jul 23 23:08:41 UTC 2026,1784848121,0,3.88
Thu Jul 23 23:08:58 UTC 2026,1784848138,0,3.78
Thu Jul 23 23:09:52 UTC 2026,1784848192,0,3.89
Thu Jul 23 23:11:15 UTC 2026,1784848275,0,3.83
Thu Jul 23 23:11:34 UTC 2026,1784848294,0,3.96
Thu Jul 23 23:12:33 UTC 2026,1784848353,0,3.83
Thu Jul 23 23:13:08 UTC 2026,1784848388,0,3.99
Thu Jul 23 23:13:58 UTC 2026,1784848438,0,3.85
Thu Jul 23 23:14:35 UTC 2026,1784848475,0,4.01
Thu Jul 23 23:15:49 UTC 2026,1784848549,0,3.93
Thu Jul 23 23:16:16 UTC 2026,1784848576,0,4.09
Thu Jul 23 23:17:42 UTC 2026,1784848662,0,3.97
Thu Jul 23 23:18:37 UTC 2026,1784848717,0,4.12
Thu Jul 23 23:18:50 UTC 2026,1784848730,0,3.98
Thu Jul 23 23:18:58 UTC 2026,1784848738,0,4.12
Thu Jul 23 23:21:20 UTC 2026,1784848880,0,4.15
Thu Jul 23 23:21:51 UTC 2026,1784848911,0,4.01
Thu Jul 23 23:22:37 UTC 2026,1784848957,0,4.05
Thu Jul 23 23:22:51 UTC 2026,1784848971,0,4.22
Thu Jul 23 23:23:49 UTC 2026,1784849029,0,4.08
Thu Jul 23 23:24:26 UTC 2026,1784849066,0,4.24
Thu Jul 23 23:26:11 UTC 2026,1784849171,0,4.15
Thu Jul 23 23:27:05 UTC 2026,1784849225,0,4.11
Thu Jul 23 23:27:59 UTC 2026,1784849279,0,4.26
Thu Jul 23 23:29:03 UTC 2026,1784849343,0,4.18
Thu Jul 23 23:29:30 UTC 2026,1784849370,0,4.29
Thu Jul 23 23:30:26 UTC 2026,1784849426,0,4.21
Thu Jul 23 23:31:07 UTC 2026,1784849467,0,4.32
Thu Jul 23 23:32:05 UTC 2026,1784849525,0,4.24
Thu Jul 23 23:32:23 UTC 2026,1784849543,0,4.33
Thu Jul 23 23:34:23 UTC 2026,1784849663,0,4.38
Thu Jul 23 23:35:03 UTC 2026,1784849703,0,4.18
Thu Jul 23 23:35:30 UTC 2026,1784849730,0,4.19
Thu Jul 23 23:36:46 UTC 2026,1784849806,0,4.38
Thu Jul 23 23:37:14 UTC 2026,1784849834,0,4.44
Thu Jul 23 23:38:09 UTC 2026,1784849889,0,4.32
Thu Jul 23 23:38:54 UTC 2026,1784849934,0,4.33
Thu Jul 23 23:40:11 UTC 2026,1784850011,0,4.44
Thu Jul 23 23:40:35 UTC 2026,1784850035,0,4.33
Thu Jul 23 23:40:48 UTC 2026,1784850048,0,4.46
Thu Jul 23 23:41:52 UTC 2026,1784850112,0,4.36
Thu Jul 23 23:42:06 UTC 2026,1784850126,0,4.45
Thu Jul 23 23:44:17 UTC 2026,1784850257,0,4.48
Thu Jul 23 23:45:07 UTC 2026,1784850307,0,4.39
Thu Jul 23 23:46:02 UTC 2026,1784850362,0,4.44
Thu Jul 23 23:46:33 UTC 2026,1784850393,0,4.52
Thu Jul 23 23:47:01 UTC 2026,1784850421,0,4.42
Thu Jul 23 23:47:47 UTC 2026,1784850467,0,4.56
Thu Jul 23 23:49:31 UTC 2026,1784850571,0,4.43
Thu Jul 23 23:49:49 UTC 2026,1784850589,0,4.57
Thu Jul 23 23:50:08 UTC 2026,1784850608,0,4.48
Thu Jul 23 23:51:33 UTC 2026,1784850693,0,4.59
Thu Jul 23 23:51:57 UTC 2026,1784850717,0,4.61
Thu Jul 23 23:52:24 UTC 2026,1784850744,0,4.51
Thu Jul 23 23:53:59 UTC 2026,1784850839,0,4.62
Thu Jul 23 23:54:49 UTC 2026,1784850889,0,4.51
Thu Jul 23 23:55:17 UTC 2026,1784850917,0,4.62
Thu Jul 23 23:55:26 UTC 2026,1784850926,0,4.53
Thu Jul 23 23:57:28 UTC 2026,1784851048,0,4.55
Thu Jul 23 23:58:01 UTC 2026,1784851081,0,4.63
Thu Jul 23 23:58:46 UTC 2026,1784851126,0,4.66
Thu Jul 23 23:59:36 UTC 2026,1784851176,0,4.53
Fri Jul 24 00:00:21 UTC 2026,1784851221,0,4.69
Fri Jul 24 00:01:07 UTC 2026,1784851267,0,4.51
Fri Jul 24 00:01:43 UTC 2026,1784851303,0,4.68
Fri Jul 24 00:02:05 UTC 2026,1784851325,0,4.57
Fri Jul 24 00:03:37 UTC 2026,1784851417,0,4.68
Fri Jul 24 00:04:31 UTC 2026,1784851471,0,4.59
Fri Jul 24 00:05:21 UTC 2026,1784851521,0,4.47
Fri Jul 24 00:05:40 UTC 2026,1784851540,0,4.74
Fri Jul 24 00:07:15 UTC 2026,1784851635,0,4.75
Fri Jul 24 00:07:28 UTC 2026,1784851648,0,4.61
Fri Jul 24 00:08:41 UTC 2026,1784851721,0,4.59
Fri Jul 24 00:09:18 UTC 2026,1784851758,0,4.79
Fri Jul 24 00:10:17 UTC 2026,1784851817,0,4.76
Fri Jul 24 00:11:01 UTC 2026,1784851861,0,4.62
Fri Jul 24 00:12:00 UTC 2026,1784851920,0,4.67
Fri Jul 24 00:12:19 UTC 2026,1784851939,0,4.77
Fri Jul 24 00:13:19 UTC 2026,1784851999,0,4.69
Fri Jul 24 00:14:00 UTC 2026,1784852040,0,4.79
Fri Jul 24 00:15:26 UTC 2026,1784852126,0,4.82
Fri Jul 24 00:15:56 UTC 2026,1784852156,0,4.66
Fri Jul 24 00:16:57 UTC 2026,1784852217,0,4.72
Fri Jul 24 00:17:51 UTC 2026,1784852271,0,4.81
Fri Jul 24 00:18:31 UTC 2026,1784852311,0,4.71
Fri Jul 24 00:18:55 UTC 2026,1784852335,0,4.87
Fri Jul 24 00:20:26 UTC 2026,1784852426,0,4.85
Fri Jul 24 00:20:48 UTC 2026,1784852448,0,4.67
Fri Jul 24 00:22:14 UTC 2026,1784852534,0,4.7
Fri Jul 24 00:22:33 UTC 2026,1784852553,0,4.87
Fri Jul 24 00:23:22 UTC 2026,1784852602,0,4.73
Fri Jul 24 00:24:03 UTC 2026,1784852643,0,4.89
Fri Jul 24 00:25:53 UTC 2026,1784852753,0,4.75
Fri Jul 24 00:26:02 UTC 2026,1784852762,0,4.94
Fri Jul 24 00:26:30 UTC 2026,1784852790,0,4.71
Fri Jul 24 00:27:24 UTC 2026,1784852844,0,4.91
Fri Jul 24 00:28:51 UTC 2026,1784852931,0,4.76
Fri Jul 24 00:29:36 UTC 2026,1784852976,0,4.94
Fri Jul 24 00:30:44 UTC 2026,1784853044,0,4.96
Fri Jul 24 00:31:11 UTC 2026,1784853071,0,4.77
Fri Jul 24 00:32:42 UTC 2026,1784853162,0,5.0
Fri Jul 24 00:34:18 UTC 2026,1784853258,0,5.01
Fri Jul 24 00:34:23 UTC 2026,1784853263,0,4.79
Fri Jul 24 00:35:07 UTC 2026,1784853307,0,4.95
Fri Jul 24 00:35:39 UTC 2026,1784853339,0,4.72
Fri Jul 24 00:36:21 UTC 2026,1784853381,0,4.83
Fri Jul 24 00:36:58 UTC 2026,1784853418,0,5.02
Fri Jul 24 00:38:36 UTC 2026,1784853516,0,4.82
Fri Jul 24 00:38:54 UTC 2026,1784853534,0,5.02
Fri Jul 24 00:40:31 UTC 2026,1784853631,0,4.88
Fri Jul 24 00:42:33 UTC 2026,1784853753,0,4.77
Fri Jul 24 00:42:37 UTC 2026,1784853757,0,5.01
Fri Jul 24 00:43:46 UTC 2026,1784853826,0,4.83
Fri Jul 24 00:43:50 UTC 2026,1784853830,0,4.99
Fri Jul 24 00:44:37 UTC 2026,1784853877,0,4.79
Fri Jul 24 00:44:58 UTC 2026,1784853898,0,5.04
Fri Jul 24 00:46:25 UTC 2026,1784853985,0,5.06
Fri Jul 24 00:46:39 UTC 2026,1784853999,0,4.81
Fri Jul 24 00:48:33 UTC 2026,1784854113,0,5.0
Fri Jul 24 00:49:08 UTC 2026,1784854148,0,4.81
Fri Jul 24 00:50:30 UTC 2026,1784854230,0,5.05
Fri Jul 24 00:51:29 UTC 2026,1784854289,0,5.04
Fri Jul 24 00:51:57 UTC 2026,1784854317,0,4.85
Fri Jul 24 00:53:28 UTC 2026,1784854408,0,5.01
Fri Jul 24 00:54:04 UTC 2026,1784854444,0,4.85
Fri Jul 24 00:54:45 UTC 2026,1784854485,0,5.04
Fri Jul 24 00:55:13 UTC 2026,1784854513,0,4.81
Fri Jul 24 00:57:07 UTC 2026,1784854627,0,4.87
Fri Jul 24 00:57:33 UTC 2026,1784854653,0,5.03
Fri Jul 24 00:58:09 UTC 2026,1784854689,0,5.01
Fri Jul 24 00:58:55 UTC 2026,1784854735,0,4.83
Fri Jul 24 00:59:41 UTC 2026,1784854781,0,5.0
Fri Jul 24 01:00:22 UTC 2026,1784854822,0,4.84
Fri Jul 24 01:01:58 UTC 2026,1784854918,0,4.75
Fri Jul 24 01:02:24 UTC 2026,1784854944,0,5.04
Fri Jul 24 01:03:51 UTC 2026,1784855031,0,5.02
Fri Jul 24 01:03:55 UTC 2026,1784855035,0,4.79
Fri Jul 24 01:04:36 UTC 2026,1784855076,0,4.84
Fri Jul 24 01:05:27 UTC 2026,1784855127,0,5.06
Fri Jul 24 01:06:25 UTC 2026,1784855185,0,4.73
Fri Jul 24 01:06:48 UTC 2026,1784855208,0,5.05
Fri Jul 24 01:08:20 UTC 2026,1784855300,0,5.01
Fri Jul 24 01:08:50 UTC 2026,1784855330,0,4.73
Fri Jul 24 01:09:50 UTC 2026,1784855390,0,5.08
Fri Jul 24 01:10:40 UTC 2026,1784855440,0,4.81
Fri Jul 24 01:11:39 UTC 2026,1784855499,0,4.82
Fri Jul 24 01:11:49 UTC 2026,1784855509,0,4.98
Fri Jul 24 01:13:01 UTC 2026,1784855581,0,4.95
Fri Jul 24 01:13:20 UTC 2026,1784855600,0,4.8
Fri Jul 24 01:14:47 UTC 2026,1784855687,0,5.01
Fri Jul 24 01:15:41 UTC 2026,1784855741,0,4.79
Fri Jul 24 01:16:26 UTC 2026,1784855786,0,4.99
Fri Jul 24 01:16:49 UTC 2026,1784855809,0,4.85
Fri Jul 24 01:17:38 UTC 2026,1784855858,0,4.83
Fri Jul 24 01:18:24 UTC 2026,1784855904,0,5.04
Fri Jul 24 01:19:46 UTC 2026,1784855986,0,5.05
Fri Jul 24 01:20:46 UTC 2026,1784856046,0,4.79
Fri Jul 24 01:21:07 UTC 2026,1784856067,0,4.97
Fri Jul 24 01:21:48 UTC 2026,1784856108,0,4.8
Fri Jul 24 01:22:39 UTC 2026,1784856159,0,5.01
Fri Jul 24 01:23:20 UTC 2026,1784856200,0,4.81
Fri Jul 24 01:24:23 UTC 2026,1784856263,0,4.82
Fri Jul 24 01:24:46 UTC 2026,1784856286,0,4.97
Fri Jul 24 01:26:36 UTC 2026,1784856396,0,4.98
Fri Jul 24 01:26:57 UTC 2026,1784856417,0,4.79
Fri Jul 24 01:27:48 UTC 2026,1784856468,0,4.77
Fri Jul 24 01:27:57 UTC 2026,1784856477,0,5.0
Fri Jul 24 01:29:50 UTC 2026,1784856590,0,4.97
Fri Jul 24 01:30:05 UTC 2026,1784856605,0,4.79
Fri Jul 24 01:30:59 UTC 2026,1784856659,0,4.98
Fri Jul 24 01:32:07 UTC 2026,1784856727,0,4.77
Fri Jul 24 01:32:52 UTC 2026,1784856772,0,4.96
Fri Jul 24 01:33:37 UTC 2026,1784856817,0,4.77
Fri Jul 24 01:35:36 UTC 2026,1784856936,0,4.92
Fri Jul 24 01:36:45 UTC 2026,1784857005,0,4.96
Fri Jul 24 01:37:15 UTC 2026,1784857035,0,4.78
Fri Jul 24 01:38:20 UTC 2026,1784857100,0,4.98
Fri Jul 24 01:38:33 UTC 2026,1784857113,0,4.74
Fri Jul 24 01:39:37 UTC 2026,1784857177,0,4.91
Fri Jul 24 01:40:35 UTC 2026,1784857235,0,4.79
Fri Jul 24 01:40:40 UTC 2026,1784857240,0,4.88
Fri Jul 24 01:42:11 UTC 2026,1784857331,0,4.75
Fri Jul 24 01:42:39 UTC 2026,1784857359,0,4.73
Fri Jul 24 01:42:52 UTC 2026,1784857372,0,4.91
Fri Jul 24 01:44:05 UTC 2026,1784857445,0,4.78
Fri Jul 24 01:44:10 UTC 2026,1784857450,0,4.91
Fri Jul 24 01:46:49 UTC 2026,1784857609,0,4.7
Fri Jul 24 01:47:02 UTC 2026,1784857622,0,4.89
Fri Jul 24 01:47:20 UTC 2026,1784857640,0,4.87
Fri Jul 24 01:48:10 UTC 2026,1784857690,0,4.7
Fri Jul 24 01:49:28 UTC 2026,1784857768,0,4.68
Fri Jul 24 01:49:41 UTC 2026,1784857781,0,4.84
Fri Jul 24 01:51:12 UTC 2026,1784857872,0,4.66
Fri Jul 24 01:51:57 UTC 2026,1784857917,0,4.85
Fri Jul 24 01:52:43 UTC 2026,1784857963,0,4.66
Fri Jul 24 01:52:48 UTC 2026,1784857968,0,4.84
Fri Jul 24 01:54:24 UTC 2026,1784858064,0,4.6
Fri Jul 24 01:54:37 UTC 2026,1784858077,0,4.8
Fri Jul 24 01:55:36 UTC 2026,1784858136,0,4.6
Fri Jul 24 01:56:17 UTC 2026,1784858177,0,4.81
Fri Jul 24 01:57:34 UTC 2026,1784858254,0,4.6
Fri Jul 24 01:57:44 UTC 2026,1784858264,0,4.83
Fri Jul 24 01:59:46 UTC 2026,1784858386,0,4.81
Fri Jul 24 01:59:55 UTC 2026,1784858395,0,4.56
Fri Jul 24 02:01:30 UTC 2026,1784858490,0,4.77
Fri Jul 24 02:02:24 UTC 2026,1784858544,0,4.53
Fri Jul 24 02:02:57 UTC 2026,1784858577,0,4.73
Fri Jul 24 02:05:09 UTC 2026,1784858709,0,4.41
Fri Jul 24 02:05:23 UTC 2026,1784858723,0,4.76
Fri Jul 24 02:05:32 UTC 2026,1784858732,0,4.73
Fri Jul 24 02:06:17 UTC 2026,1784858777,0,4.43
Fri Jul 24 02:07:25 UTC 2026,1784858845,0,4.52
Fri Jul 24 02:07:56 UTC 2026,1784858876,0,4.67
Fri Jul 24 02:09:01 UTC 2026,1784858941,0,4.63
Fri Jul 24 02:09:28 UTC 2026,1784858968,0,4.45
Fri Jul 24 02:10:58 UTC 2026,1784859058,0,4.63
Fri Jul 24 02:11:12 UTC 2026,1784859072,0,4.47
Fri Jul 24 02:12:02 UTC 2026,1784859122,0,4.5
Fri Jul 24 02:12:12 UTC 2026,1784859132,0,4.61
Fri Jul 24 02:14:33 UTC 2026,1784859273,0,4.44
Fri Jul 24 02:15:00 UTC 2026,1784859300,0,4.63
Fri Jul 24 02:16:02 UTC 2026,1784859362,0,4.66
Fri Jul 24 02:16:27 UTC 2026,1784859387,0,4.44
Fri Jul 24 02:17:42 UTC 2026,1784859462,0,4.6
Fri Jul 24 02:18:33 UTC 2026,1784859513,0,4.35
Fri Jul 24 02:19:00 UTC 2026,1784859540,0,4.55
Fri Jul 24 02:19:45 UTC 2026,1784859585,0,4.4
Fri Jul 24 02:20:23 UTC 2026,1784859623,0,4.36
Fri Jul 24 02:20:54 UTC 2026,1784859654,0,4.57
Fri Jul 24 02:22:25 UTC 2026,1784859745,0,4.58
Fri Jul 24 02:23:10 UTC 2026,1784859790,0,4.31
Fri Jul 24 02:25:00 UTC 2026,1784859900,0,4.47
Fri Jul 24 02:25:36 UTC 2026,1784859936,0,4.48
Fri Jul 24 02:25:45 UTC 2026,1784859945,0,4.29
Fri Jul 24 02:27:07 UTC 2026,1784860027,0,4.3
Fri Jul 24 02:27:30 UTC 2026,1784860050,0,4.56
Fri Jul 24 02:29:28 UTC 2026,1784860168,0,4.51
Fri Jul 24 02:29:55 UTC 2026,1784860195,0,4.25
Fri Jul 24 02:30:09 UTC 2026,1784860209,0,4.5
Fri Jul 24 02:30:36 UTC 2026,1784860236,0,4.2
Fri Jul 24 02:31:54 UTC 2026,1784860314,0,4.23
Fri Jul 24 02:32:48 UTC 2026,1784860368,0,4.47
Fri Jul 24 02:33:38 UTC 2026,1784860418,0,4.43
Fri Jul 24 02:34:50 UTC 2026,1784860490,0,4.04
Fri Jul 24 02:35:41 UTC 2026,1784860541,0,4.0
Fri Jul 24 02:36:30 UTC 2026,1784860590,0,4.28
Fri Jul 24 02:37:03 UTC 2026,1784860623,0,4.0
Fri Jul 24 02:37:43 UTC 2026,1784860663,0,4.4
Fri Jul 24 02:38:52 UTC 2026,1784860732,0,4.34
Fri Jul 24 02:39:13 UTC 2026,1784860753,0,4.02
Fri Jul 24 02:40:59 UTC 2026,1784860859,0,3.91
Fri Jul 24 02:41:27 UTC 2026,1784860887,0,4.31
Fri Jul 24 02:41:48 UTC 2026,1784860908,0,4.3
Fri Jul 24 02:42:48 UTC 2026,1784860968,0,4.02
Fri Jul 24 02:43:29 UTC 2026,1784861009,0,3.94
Fri Jul 24 02:43:39 UTC 2026,1784861019,0,4.23
Fri Jul 24 02:45:37 UTC 2026,1784861137,0,4.02
Fri Jul 24 02:45:50 UTC 2026,1784861150,0,4.23
Fri Jul 24 02:46:39 UTC 2026,1784861199,0,4.24
Fri Jul 24 02:47:07 UTC 2026,1784861227,0,3.96
Fri Jul 24 02:48:52 UTC 2026,1784861332,0,4.19
Fri Jul 24 02:49:06 UTC 2026,1784861346,0,3.98
Fri Jul 24 02:51:08 UTC 2026,1784861468,0,4.16
Fri Jul 24 02:51:35 UTC 2026,1784861495,0,3.88
Fri Jul 24 02:51:40 UTC 2026,1784861500,0,4.11
Fri Jul 24 02:53:10 UTC 2026,1784861590,0,3.9
Fri Jul 24 02:54:37 UTC 2026,1784861677,0,4.14
Fri Jul 24 02:55:23 UTC 2026,1784861723,0,4.12
Fri Jul 24 02:55:32 UTC 2026,1784861732,0,3.95
Fri Jul 24 02:57:20 UTC 2026,1784861840,0,4.16
Fri Jul 24 02:57:52 UTC 2026,1784861872,0,3.89
Fri Jul 24 02:59:01 UTC 2026,1784861941,0,4.04
Fri Jul 24 02:59:33 UTC 2026,1784861973,0,3.83
Fri Jul 24 03:00:36 UTC 2026,1784862036,0,4.06
Fri Jul 24 03:01:03 UTC 2026,1784862063,0,3.82
Fri Jul 24 03:02:02 UTC 2026,1784862122,0,3.8
Fri Jul 24 03:02:52 UTC 2026,1784862172,0,4.04
Fri Jul 24 03:03:16 UTC 2026,1784862196,0,4.05
Fri Jul 24 03:04:18 UTC 2026,1784862258,0,3.82
Fri Jul 24 03:05:05 UTC 2026,1784862305,0,3.7
Fri Jul 24 03:05:54 UTC 2026,1784862354,0,4.02
Fri Jul 24 03:06:27 UTC 2026,1784862387,0,3.84
Fri Jul 24 03:06:36 UTC 2026,1784862396,0,4.07
Fri Jul 24 03:08:38 UTC 2026,1784862518,0,4.05
Fri Jul 24 03:09:01 UTC 2026,1784862541,0,3.81
Fri Jul 24 03:10:59 UTC 2026,1784862659,0,3.78
Fri Jul 24 03:11:12 UTC 2026,1784862672,0,3.98
Fri Jul 24 03:11:31 UTC 2026,1784862691,0,3.8
Fri Jul 24 03:11:36 UTC 2026,1784862696,0,4.07
Fri Jul 24 03:13:05 UTC 2026,1784862785,0,3.97
Fri Jul 24 03:13:42 UTC 2026,1784862822,0,3.82
Fri Jul 24 03:15:50 UTC 2026,1784862950,0,3.69
Fri Jul 24 03:15:54 UTC 2026,1784862954,0,4.03
Fri Jul 24 03:16:44 UTC 2026,1784863004,0,3.81
Fri Jul 24 03:17:35 UTC 2026,1784863055,0,3.97
Fri Jul 24 03:18:21 UTC 2026,1784863101,0,3.67
Fri Jul 24 03:19:15 UTC 2026,1784863155,0,4.05
Fri Jul 24 03:20:13 UTC 2026,1784863213,0,3.75
Fri Jul 24 03:20:31 UTC 2026,1784863231,0,4.03
Fri Jul 24 03:21:25 UTC 2026,1784863285,0,3.72
Fri Jul 24 03:22:11 UTC 2026,1784863331,0,3.87
Fri Jul 24 03:22:57 UTC 2026,1784863377,0,3.71
Fri Jul 24 03:24:14 UTC 2026,1784863454,0,3.9
Fri Jul 24 03:24:46 UTC 2026,1784863486,0,3.62
Fri Jul 24 03:24:55 UTC 2026,1784863495,0,3.96
Fri Jul 24 03:26:21 UTC 2026,1784863581,0,3.74
Fri Jul 24 03:26:30 UTC 2026,1784863590,0,3.98
Fri Jul 24 03:28:24 UTC 2026,1784863704,0,3.66
Fri Jul 24 03:28:37 UTC 2026,1784863717,0,3.88
Fri Jul 24 03:29:55 UTC 2026,1784863795,0,3.87
Fri Jul 24 03:30:10 UTC 2026,1784863810,0,3.72
Fri Jul 24 03:31:53 UTC 2026,1784863913,0,3.58
Fri Jul 24 03:32:47 UTC 2026,1784863967,0,3.85
Fri Jul 24 03:34:24 UTC 2026,1784864064,0,3.69
Fri Jul 24 03:35:27 UTC 2026,1784864127,0,3.81
Fri Jul 24 03:35:41 UTC 2026,1784864141,0,3.58
Fri Jul 24 03:37:34 UTC 2026,1784864254,0,3.6
Fri Jul 24 03:37:39 UTC 2026,1784864259,0,3.83
Fri Jul 24 03:38:15 UTC 2026,1784864295,0,3.78
Fri Jul 24 03:39:00 UTC 2026,1784864340,0,3.61
Fri Jul 24 03:39:37 UTC 2026,1784864377,0,3.55
Fri Jul 24 03:39:59 UTC 2026,1784864399,0,3.77
Fri Jul 24 03:41:39 UTC 2026,1784864499,0,3.78
Fri Jul 24 03:42:16 UTC 2026,1784864536,0,3.51
Fri Jul 24 03:43:20 UTC 2026,1784864600,0,3.7
Fri Jul 24 03:43:28 UTC 2026,1784864608,0,3.53
Fri Jul 24 03:45:18 UTC 2026,1784864718,0,3.72
Fri Jul 24 03:45:58 UTC 2026,1784864758,0,3.45
Fri Jul 24 03:46:22 UTC 2026,1784864782,0,3.72
Fri Jul 24 03:47:34 UTC 2026,1784864854,0,3.49
Fri Jul 24 03:47:43 UTC 2026,1784864863,0,3.69
Fri Jul 24 03:48:37 UTC 2026,1784864917,0,3.37
Fri Jul 24 03:49:55 UTC 2026,1784864995,0,3.33
Fri Jul 24 03:50:08 UTC 2026,1784865008,0,3.6
Fri Jul 24 03:51:40 UTC 2026,1784865100,0,3.64
Fri Jul 24 03:52:38 UTC 2026,1784865158,0,3.42
Fri Jul 24 03:52:42 UTC 2026,1784865162,0,3.36
Fri Jul 24 03:53:38 UTC 2026,1784865218,0,3.65
Fri Jul 24 03:54:28 UTC 2026,1784865268,0,3.61
Fri Jul 24 03:55:13 UTC 2026,1784865313,0,3.4
Fri Jul 24 03:56:08 UTC 2026,1784865368,0,3.54
Fri Jul 24 03:56:21 UTC 2026,1784865381,0,3.31
Fri Jul 24 03:58:11 UTC 2026,1784865491,0,3.35
Fri Jul 24 03:58:46 UTC 2026,1784865526,0,3.56
Fri Jul 24 03:59:37 UTC 2026,1784865577,0,3.38
Fri Jul 24 04:00:21 UTC 2026,1784865621,0,3.62
Fri Jul 24 04:01:07 UTC 2026,1784865667,0,3.32
Fri Jul 24 04:01:21 UTC 2026,1784865681,0,3.58
Fri Jul 24 04:02:42 UTC 2026,1784865762,0,3.51
Fri Jul 24 04:03:23 UTC 2026,1784865803,0,3.29
Fri Jul 24 04:04:32 UTC 2026,1784865872,0,3.52
Fri Jul 24 04:05:41 UTC 2026,1784865941,0,3.25
Fri Jul 24 04:05:58 UTC 2026,1784865958,0,3.7
Fri Jul 24 04:06:52 UTC 2026,1784866012,0,3.33
Fri Jul 24 04:08:42 UTC 2026,1784866122,0,3.28
Fri Jul 24 04:08:56 UTC 2026,1784866136,0,3.62
Fri Jul 24 04:09:41 UTC 2026,1784866181,0,3.51
Fri Jul 24 04:10:22 UTC 2026,1784866222,0,3.32
Fri Jul 24 04:10:58 UTC 2026,1784866258,0,3.5
Fri Jul 24 04:11:35 UTC 2026,1784866295,0,3.26
Fri Jul 24 04:13:02 UTC 2026,1784866382,0,3.47
Fri Jul 24 04:13:10 UTC 2026,1784866390,0,3.14
Fri Jul 24 04:15:04 UTC 2026,1784866504,0,3.44
Fri Jul 24 04:15:08 UTC 2026,1784866508,0,3.25
Fri Jul 24 04:16:12 UTC 2026,1784866572,0,3.5
Fri Jul 24 04:16:58 UTC 2026,1784866618,0,3.19
Fri Jul 24 04:17:43 UTC 2026,1784866663,0,3.23
Fri Jul 24 04:18:41 UTC 2026,1784866721,0,3.5
Fri Jul 24 04:18:47 UTC 2026,1784866727,0,3.41
Fri Jul 24 04:18:52 UTC 2026,1784866732,0,3.4
Fri Jul 24 04:18:56 UTC 2026,1784866736,0,3.24
Fri Jul 24 04:19:01 UTC 2026,1784866741,0,3.32
Fri Jul 24 04:19:18 UTC 2026,1784866758,0,3.45
Fri Jul 24 04:20:41 UTC 2026,1784866841,0,3.23
Fri Jul 24 04:21:53 UTC 2026,1784866913,0,3.43
Fri Jul 24 04:22:06 UTC 2026,1784866926,0,3.21
Fri Jul 24 04:22:30 UTC 2026,1784866950,0,3.16
Fri Jul 24 04:22:57 UTC 2026,1784866977,0,3.46
Fri Jul 24 04:24:05 UTC 2026,1784867045,0,3.38
Fri Jul 24 04:25:18 UTC 2026,1784867118,0,3.1
Fri Jul 24 04:26:12 UTC 2026,1784867172,0,3.45
Fri Jul 24 04:26:21 UTC 2026,1784867181,0,3.06
Fri Jul 24 04:27:34 UTC 2026,1784867254,0,3.36
Fri Jul 24 04:28:15 UTC 2026,1784867295,0,3.16
Fri Jul 24 04:29:05 UTC 2026,1784867345,0,3.14
Fri Jul 24 04:30:04 UTC 2026,1784867404,0,3.37
Fri Jul 24 04:31:40 UTC 2026,1784867500,0,3.11
Fri Jul 24 04:31:53 UTC 2026,1784867513,0,3.36
Fri Jul 24 04:32:38 UTC 2026,1784867558,0,3.12
Fri Jul 24 04:33:01 UTC 2026,1784867581,0,3.42
Fri Jul 24 04:34:00 UTC 2026,1784867640,0,3.37
Fri Jul 24 04:35:26 UTC 2026,1784867726,0,3.08
Fri Jul 24 04:35:46 UTC 2026,1784867746,0,3.13
Fri Jul 24 04:36:58 UTC 2026,1784867818,0,3.35
Fri Jul 24 04:37:35 UTC 2026,1784867855,0,3.16
Fri Jul 24 04:38:46 UTC 2026,1784867926,0,3.36
Fri Jul 24 04:39:10 UTC 2026,1784867950,0,3.3
Fri Jul 24 04:39:23 UTC 2026,1784867963,0,3.18
Fri Jul 24 04:41:26 UTC 2026,1784868086,0,3.15
Fri Jul 24 04:42:02 UTC 2026,1784868122,0,3.32
Fri Jul 24 04:43:16 UTC 2026,1784868196,0,3.08
Fri Jul 24 04:43:29 UTC 2026,1784868209,0,3.31
Fri Jul 24 04:44:33 UTC 2026,1784868273,0,3.33
Fri Jul 24 04:45:04 UTC 2026,1784868304,0,3.11
Fri Jul 24 04:45:32 UTC 2026,1784868332,0,3.13
Fri Jul 24 04:46:12 UTC 2026,1784868372,0,3.32
Fri Jul 24 04:47:48 UTC 2026,1784868468,0,3.35
Fri Jul 24 04:48:29 UTC 2026,1784868509,0,3.12
Fri Jul 24 04:49:32 UTC 2026,1784868572,0,3.06
Fri Jul 24 04:50:09 UTC 2026,1784868609,0,3.3
Fri Jul 24 04:51:40 UTC 2026,1784868700,0,3.36
Fri Jul 24 04:51:45 UTC 2026,1784868705,0,3.09
Fri Jul 24 04:52:53 UTC 2026,1784868773,0,3.02
Fri Jul 24 04:53:02 UTC 2026,1784868782,0,3.36
Fri Jul 24 04:54:37 UTC 2026,1784868877,0,3.07
Fri Jul 24 04:55:09 UTC 2026,1784868909,0,3.21
Fri Jul 24 04:56:23 UTC 2026,1784868983,0,3.0
Fri Jul 24 04:56:27 UTC 2026,1784868987,0,3.25
Fri Jul 24 04:57:57 UTC 2026,1784869077,0,3.07
Fri Jul 24 04:58:19 UTC 2026,1784869099,0,3.34
Fri Jul 24 04:58:39 UTC 2026,1784869119,0,3.32
Fri Jul 24 04:59:42 UTC 2026,1784869182,0,3.01
Fri Jul 24 05:00:18 UTC 2026,1784869218,0,3.24
Fri Jul 24 05:00:22 UTC 2026,1784869222,0,3.08
Fri Jul 24 05:02:07 UTC 2026,1784869327,0,3.04
Fri Jul 24 05:02:21 UTC 2026,1784869341,0,3.26
Fri Jul 24 05:05:04 UTC 2026,1784869504,0,2.98
Fri Jul 24 05:05:31 UTC 2026,1784869531,0,3.08
Fri Jul 24 05:05:45 UTC 2026,1784869545,0,3.28
Fri Jul 24 05:06:58 UTC 2026,1784869618,0,3.25
Fri Jul 24 05:08:20 UTC 2026,1784869700,0,3.05
Fri Jul 24 05:08:33 UTC 2026,1784869713,0,3.22
Fri Jul 24 05:09:10 UTC 2026,1784869750,0,3.04
Fri Jul 24 05:11:08 UTC 2026,1784869868,0,3.26
Fri Jul 24 05:11:45 UTC 2026,1784869905,0,2.99
Fri Jul 24 05:12:43 UTC 2026,1784869963,0,3.0
Fri Jul 24 05:12:48 UTC 2026,1784869968,0,3.22
Fri Jul 24 05:13:47 UTC 2026,1784870027,0,3.02
Fri Jul 24 05:14:19 UTC 2026,1784870059,0,3.18
Fri Jul 24 05:15:10 UTC 2026,1784870110,0,3.05
Fri Jul 24 05:16:45 UTC 2026,1784870205,0,3.26
Fri Jul 24 05:17:20 UTC 2026,1784870240,0,3.05
Fri Jul 24 05:17:39 UTC 2026,1784870259,0,3.25
Fri Jul 24 05:19:06 UTC 2026,1784870346,0,3.24
Fri Jul 24 05:19:46 UTC 2026,1784870386,0,3.01
Fri Jul 24 05:20:31 UTC 2026,1784870431,0,2.92
Fri Jul 24 05:21:30 UTC 2026,1784870490,0,3.19
Fri Jul 24 05:22:57 UTC 2026,1784870577,0,2.99
Fri Jul 24 05:23:06 UTC 2026,1784870586,0,3.24
Fri Jul 24 05:23:30 UTC 2026,1784870610,0,3.07
Fri Jul 24 05:24:00 UTC 2026,1784870640,0,3.28
Fri Jul 24 05:25:09 UTC 2026,1784870709,0,3.24
Fri Jul 24 05:26:04 UTC 2026,1784870764,0,2.99
Fri Jul 24 05:28:06 UTC 2026,1784870886,0,3.23
Fri Jul 24 05:29:19 UTC 2026,1784870959,0,3.0
Fri Jul 24 05:29:37 UTC 2026,1784870977,0,3.16
Fri Jul 24 05:31:09 UTC 2026,1784871069,0,2.87
Fri Jul 24 05:31:54 UTC 2026,1784871114,0,2.91
Fri Jul 24 05:32:11 UTC 2026,1784871131,0,3.11
Fri Jul 24 05:33:43 UTC 2026,1784871223,0,2.83
Fri Jul 24 05:34:56 UTC 2026,1784871296,0,3.23
Fri Jul 24 05:35:19 UTC 2026,1784871319,0,2.86
Fri Jul 24 05:35:40 UTC 2026,1784871340,0,3.31
Fri Jul 24 05:36:41 UTC 2026,1784871401,0,3.2
Fri Jul 24 05:37:35 UTC 2026,1784871455,0,3.04
Fri Jul 24 05:39:29 UTC 2026,1784871569,0,3.27
Fri Jul 24 05:40:51 UTC 2026,1784871651,0,3.23
Fri Jul 24 05:40:59 UTC 2026,1784871659,0,3.02
Fri Jul 24 05:42:03 UTC 2026,1784871723,0,3.31
Fri Jul 24 05:42:35 UTC 2026,1784871755,0,3.01
Fri Jul 24 05:43:39 UTC 2026,1784871819,0,3.02
Fri Jul 24 05:44:00 UTC 2026,1784871840,0,3.31
Fri Jul 24 05:46:04 UTC 2026,1784871964,0,3.06
Fri Jul 24 05:47:16 UTC 2026,1784872036,0,2.99
Fri Jul 24 05:48:02 UTC 2026,1784872082,0,3.34
Fri Jul 24 05:48:56 UTC 2026,1784872136,0,2.96
Fri Jul 24 05:49:42 UTC 2026,1784872182,0,3.29
Fri Jul 24 05:50:05 UTC 2026,1784872205,0,3.4
Fri Jul 24 05:51:04 UTC 2026,1784872264,0,3.03
Fri Jul 24 05:51:53 UTC 2026,1784872313,0,3.29
Fri Jul 24 05:52:58 UTC 2026,1784872378,0,3.01
Fri Jul 24 05:54:01 UTC 2026,1784872441,0,3.33
Fri Jul 24 05:54:33 UTC 2026,1784872473,0,3.08
Fri Jul 24 05:55:54 UTC 2026,1784872554,0,3.03
Fri Jul 24 05:56:03 UTC 2026,1784872563,0,3.31
Fri Jul 24 05:57:53 UTC 2026,1784872673,0,3.03
Fri Jul 24 05:58:02 UTC 2026,1784872682,0,3.3
Fri Jul 24 05:58:20 UTC 2026,1784872700,0,3.28
Fri Jul 24 05:59:18 UTC 2026,1784872758,0,3.11
Fri Jul 24 06:00:12 UTC 2026,1784872812,0,3.27
Fri Jul 24 06:00:50 UTC 2026,1784872850,0,3.11
Fri Jul 24 06:01:58 UTC 2026,1784872918,0,3.3
Fri Jul 24 06:02:47 UTC 2026,1784872967,0,3.0
Fri Jul 24 06:03:52 UTC 2026,1784873032,0,3.31
Fri Jul 24 06:05:55 UTC 2026,1784873155,0,3.35
Fri Jul 24 06:05:59 UTC 2026,1784873159,0,2.87
Fri Jul 24 06:06:49 UTC 2026,1784873209,0,3.03
Fri Jul 24 06:07:44 UTC 2026,1784873264,0,3.27
Fri Jul 24 06:08:02 UTC 2026,1784873282,0,3.31
Fri Jul 24 06:09:05 UTC 2026,1784873345,0,3.0
Fri Jul 24 06:09:42 UTC 2026,1784873382,0,3.21
Fri Jul 24 06:10:32 UTC 2026,1784873432,0,3.03
Fri Jul 24 06:11:44 UTC 2026,1784873504,0,2.98
Fri Jul 24 06:12:07 UTC 2026,1784873527,0,3.33
Fri Jul 24 06:13:24 UTC 2026,1784873604,0,2.95
Fri Jul 24 06:14:05 UTC 2026,1784873645,0,3.28
Fri Jul 24 06:15:31 UTC 2026,1784873731,0,2.9
Fri Jul 24 06:15:56 UTC 2026,1784873756,0,3.39
Fri Jul 24 06:16:17 UTC 2026,1784873777,0,2.89
Fri Jul 24 06:16:31 UTC 2026,1784873791,0,3.52
Fri Jul 24 06:18:11 UTC 2026,1784873891,0,3.22
Fri Jul 24 06:19:15 UTC 2026,1784873955,0,2.94
Fri Jul 24 06:20:33 UTC 2026,1784874033,0,2.86
Fri Jul 24 06:21:00 UTC 2026,1784874060,0,3.22
Fri Jul 24 06:21:31 UTC 2026,1784874091,0,2.94
Fri Jul 24 06:22:12 UTC 2026,1784874132,0,3.25
Fri Jul 24 06:23:16 UTC 2026,1784874196,0,3.22
Fri Jul 24 06:23:25 UTC 2026,1784874205,0,2.93
Fri Jul 24 06:24:37 UTC 2026,1784874277,0,3.26
Fri Jul 24 06:25:46 UTC 2026,1784874346,0,2.98
Fri Jul 24 06:26:09 UTC 2026,1784874369,0,3.17
Fri Jul 24 06:26:22 UTC 2026,1784874382,0,2.93
Fri Jul 24 06:28:26 UTC 2026,1784874506,0,3.19
Fri Jul 24 06:28:57 UTC 2026,1784874537,0,2.95
Fri Jul 24 06:29:24 UTC 2026,1784874564,0,2.94
Fri Jul 24 06:30:45 UTC 2026,1784874645,0,3.18
Fri Jul 24 06:32:08 UTC 2026,1784874728,0,3.22
Fri Jul 24 06:32:40 UTC 2026,1784874760,0,2.85
Fri Jul 24 06:33:07 UTC 2026,1784874787,0,3.2
Fri Jul 24 06:33:44 UTC 2026,1784874824,0,2.86
Fri Jul 24 06:34:59 UTC 2026,1784874899,0,3.18
Fri Jul 24 06:35:41 UTC 2026,1784874941,0,2.81
Fri Jul 24 06:36:40 UTC 2026,1784875000,0,2.87
Fri Jul 24 06:37:17 UTC 2026,1784875037,0,3.06
Fri Jul 24 06:37:39 UTC 2026,1784875059,0,3.1
Fri Jul 24 06:38:43 UTC 2026,1784875123,0,2.86
Fri Jul 24 06:40:05 UTC 2026,1784875205,0,3.07
Fri Jul 24 06:40:46 UTC 2026,1784875246,0,2.78
Fri Jul 24 06:41:31 UTC 2026,1784875291,0,2.85
Fri Jul 24 06:41:44 UTC 2026,1784875304,0,3.13
Fri Jul 24 06:42:49 UTC 2026,1784875369,0,2.82
Fri Jul 24 06:43:16 UTC 2026,1784875396,0,3.09
Fri Jul 24 06:44:56 UTC 2026,1784875496,0,2.76
Fri Jul 24 06:45:33 UTC 2026,1784875533,0,3.11
Fri Jul 24 06:45:55 UTC 2026,1784875555,0,2.88
Fri Jul 24 06:47:21 UTC 2026,1784875641,0,3.19
Fri Jul 24 06:48:15 UTC 2026,1784875695,0,3.09
Fri Jul 24 06:49:06 UTC 2026,1784875746,0,2.73
Fri Jul 24 06:49:20 UTC 2026,1784875760,0,3.18
Fri Jul 24 06:50:42 UTC 2026,1784875842,0,2.85
Fri Jul 24 06:50:51 UTC 2026,1784875851,0,2.74
Fri Jul 24 06:52:12 UTC 2026,1784875932,0,3.19
Fri Jul 24 06:54:01 UTC 2026,1784876041,0,2.77
Fri Jul 24 06:54:23 UTC 2026,1784876063,0,3.22
Fri Jul 24 06:55:00 UTC 2026,1784876100,0,2.84
Fri Jul 24 06:55:54 UTC 2026,1784876154,0,2.85
Fri Jul 24 06:57:16 UTC 2026,1784876236,0,3.11
Fri Jul 24 06:57:57 UTC 2026,1784876277,0,2.84
Fri Jul 24 06:58:03 UTC 2026,1784876283,0,3.14
Fri Jul 24 06:59:43 UTC 2026,1784876383,0,2.82
Fri Jul 24 07:00:05 UTC 2026,1784876405,0,3.14
Fri Jul 24 07:01:40 UTC 2026,1784876500,0,2.8
Fri Jul 24 07:02:18 UTC 2026,1784876538,0,3.07
Fri Jul 24 07:02:39 UTC 2026,1784876559,0,3.15
Fri Jul 24 07:03:29 UTC 2026,1784876609,0,2.84
Fri Jul 24 07:05:27 UTC 2026,1784876727,0,3.08
Fri Jul 24 07:05:31 UTC 2026,1784876731,0,2.7
Fri Jul 24 07:05:55 UTC 2026,1784876755,0,3.2
Fri Jul 24 07:06:49 UTC 2026,1784876809,0,2.82
Fri Jul 24 07:08:30 UTC 2026,1784876910,0,2.88
Fri Jul 24 07:08:51 UTC 2026,1784876931,0,3.1
Fri Jul 24 07:09:37 UTC 2026,1784876977,0,3.04
Fri Jul 24 07:10:14 UTC 2026,1784877014,0,2.78
Fri Jul 24 07:11:08 UTC 2026,1784877068,0,2.85
Fri Jul 24 07:11:23 UTC 2026,1784877083,0,3.12
Fri Jul 24 07:12:53 UTC 2026,1784877173,0,2.85
Fri Jul 24 07:13:34 UTC 2026,1784877214,0,3.08
Fri Jul 24 07:14:01 UTC 2026,1784877241,0,3.07
Fri Jul 24 07:14:38 UTC 2026,1784877278,0,2.84
Fri Jul 24 07:16:26 UTC 2026,1784877386,0,3.07
Fri Jul 24 07:18:30 UTC 2026,1784877510,0,2.76
Fri Jul 24 07:18:47 UTC 2026,1784877527,0,3.05
Fri Jul 24 07:18:57 UTC 2026,1784877537,0,3.07
Fri Jul 24 07:19:56 UTC 2026,1784877596,0,2.84
Fri Jul 24 07:21:00 UTC 2026,1784877660,0,3.13
Fri Jul 24 07:21:08 UTC 2026,1784877668,0,2.74
Fri Jul 24 07:22:27 UTC 2026,1784877747,0,2.64
Fri Jul 24 07:23:48 UTC 2026,1784877828,0,3.14
Fri Jul 24 07:24:19 UTC 2026,1784877859,0,3.07
Fri Jul 24 07:25:00 UTC 2026,1784877900,0,2.73
Fri Jul 24 07:25:56 UTC 2026,1784877956,0,3.05
Fri Jul 24 07:26:27 UTC 2026,1784877987,0,2.75
Fri Jul 24 07:28:16 UTC 2026,1784878096,0,3.0
Fri Jul 24 07:28:43 UTC 2026,1784878123,0,2.69
Fri Jul 24 07:29:19 UTC 2026,1784878159,0,2.74
Fri Jul 24 07:29:38 UTC 2026,1784878178,0,3.0
Fri Jul 24 07:30:33 UTC 2026,1784878233,0,3.01
Fri Jul 24 07:31:41 UTC 2026,1784878301,0,2.68
Fri Jul 24 07:33:16 UTC 2026,1784878396,0,2.98
Fri Jul 24 07:33:43 UTC 2026,1784878423,0,2.7
Fri Jul 24 07:35:01 UTC 2026,1784878501,0,3.03
Fri Jul 24 07:36:04 UTC 2026,1784878564,0,2.97
Fri Jul 24 07:36:36 UTC 2026,1784878596,0,2.76
Fri Jul 24 07:37:31 UTC 2026,1784878651,0,2.99
Fri Jul 24 07:38:39 UTC 2026,1784878719,0,2.74
Fri Jul 24 07:38:57 UTC 2026,1784878737,0,3.0
Fri Jul 24 07:39:28 UTC 2026,1784878768,0,2.75
Fri Jul 24 07:40:46 UTC 2026,1784878846,0,2.67
Fri Jul 24 07:41:04 UTC 2026,1784878864,0,3.13
Fri Jul 24 07:42:44 UTC 2026,1784878964,0,3.03
Fri Jul 24 07:43:30 UTC 2026,1784879010,0,2.58
Fri Jul 24 07:44:11 UTC 2026,1784879051,0,2.62
Fri Jul 24 07:44:48 UTC 2026,1784879088,0,2.98
Fri Jul 24 07:45:55 UTC 2026,1784879155,0,2.92
Fri Jul 24 07:46:23 UTC 2026,1784879183,0,2.68
Fri Jul 24 07:47:12 UTC 2026,1784879232,0,2.59
Fri Jul 24 07:48:02 UTC 2026,1784879282,0,2.92
Fri Jul 24 07:49:29 UTC 2026,1784879369,0,2.95
Fri Jul 24 07:49:52 UTC 2026,1784879392,0,2.62
Fri Jul 24 07:50:15 UTC 2026,1784879415,0,2.92
Fri Jul 24 07:51:18 UTC 2026,1784879478,0,2.49
Fri Jul 24 07:51:54 UTC 2026,1784879514,0,2.51
Fri Jul 24 07:53:12 UTC 2026,1784879592,0,2.89
Fri Jul 24 07:53:49 UTC 2026,1784879629,0,2.44
Fri Jul 24 07:54:06 UTC 2026,1784879646,0,2.85
Fri Jul 24 07:55:14 UTC 2026,1784879714,0,2.59
Fri Jul 24 07:56:08 UTC 2026,1784879768,0,2.93
Fri Jul 24 07:57:27 UTC 2026,1784879847,0,2.89
Fri Jul 24 07:57:35 UTC 2026,1784879855,0,2.43
Fri Jul 24 07:59:29 UTC 2026,1784879969,0,2.5
Fri Jul 24 08:00:01 UTC 2026,1784880001,0,3.0
Fri Jul 24 08:00:51 UTC 2026,1784880051,0,2.41
Fri Jul 24 08:01:00 UTC 2026,1784880060,0,3.04
Fri Jul 24 08:02:21 UTC 2026,1784880141,0,2.87
Fri Jul 24 08:02:39 UTC 2026,1784880159,0,2.53
Fri Jul 24 08:03:43 UTC 2026,1784880223,0,2.8
Fri Jul 24 08:04:42 UTC 2026,1784880282,0,2.46
Fri Jul 24 08:06:04 UTC 2026,1784880364,0,2.17
Fri Jul 24 08:06:18 UTC 2026,1784880378,0,2.95
Fri Jul 24 08:06:49 UTC 2026,1784880409,0,2.67
Fri Jul 24 08:08:15 UTC 2026,1784880495,0,3.09
Fri Jul 24 08:08:26 UTC 2026,1784880506,0,2.96
Fri Jul 24 08:09:02 UTC 2026,1784880542,0,2.69
Fri Jul 24 08:10:42 UTC 2026,1784880642,0,2.93
Fri Jul 24 08:11:31 UTC 2026,1784880691,0,2.52
Fri Jul 24 08:12:40 UTC 2026,1784880760,0,2.96
Fri Jul 24 08:12:49 UTC 2026,1784880769,0,2.6
Fri Jul 24 08:13:53 UTC 2026,1784880833,0,2.51
Fri Jul 24 08:14:20 UTC 2026,1784880860,0,2.89
Fri Jul 24 08:15:05 UTC 2026,1784880905,0,2.76
Fri Jul 24 08:16:22 UTC 2026,1784880982,0,2.52
Fri Jul 24 08:17:22 UTC 2026,1784881042,0,2.44
Fri Jul 24 08:18:16 UTC 2026,1784881096,0,2.76
Fri Jul 24 08:19:24 UTC 2026,1784881164,0,2.71
Fri Jul 24 08:19:56 UTC 2026,1784881196,0,2.32
Fri Jul 24 08:20:24 UTC 2026,1784881224,0,2.41
Fri Jul 24 08:20:37 UTC 2026,1784881237,0,2.71
Fri Jul 24 08:21:45 UTC 2026,1784881305,0,2.64
Fri Jul 24 08:22:44 UTC 2026,1784881364,0,2.34
Fri Jul 24 08:23:15 UTC 2026,1784881395,0,2.42
Fri Jul 24 08:23:30 UTC 2026,1784881410,0,2.64
Fri Jul 24 08:25:14 UTC 2026,1784881514,0,2.58
Fri Jul 24 08:26:08 UTC 2026,1784881568,0,2.32
Fri Jul 24 08:26:49 UTC 2026,1784881609,0,2.57
Fri Jul 24 08:27:07 UTC 2026,1784881627,0,2.31
Fri Jul 24 08:28:24 UTC 2026,1784881704,0,2.33
Fri Jul 24 08:29:05 UTC 2026,1784881745,0,2.59
Fri Jul 24 08:31:09 UTC 2026,1784881869,0,2.23
Fri Jul 24 08:31:23 UTC 2026,1784881883,0,2.58
Fri Jul 24 08:31:45 UTC 2026,1784881905,0,2.18
Fri Jul 24 08:31:59 UTC 2026,1784881919,0,2.52
Fri Jul 24 08:33:21 UTC 2026,1784882001,0,2.32
Fri Jul 24 08:34:42 UTC 2026,1784882082,0,2.71
Fri Jul 24 08:35:01 UTC 2026,1784882101,0,2.08
Fri Jul 24 08:35:14 UTC 2026,1784882114,0,2.71
Fri Jul 24 08:36:27 UTC 2026,1784882187,0,2.62
Fri Jul 24 08:38:02 UTC 2026,1784882282,0,2.42
Fri Jul 24 08:38:33 UTC 2026,1784882313,0,2.38
Fri Jul 24 08:39:06 UTC 2026,1784882346,0,2.64
Fri Jul 24 08:39:47 UTC 2026,1784882387,0,2.72
Fri Jul 24 08:41:08 UTC 2026,1784882468,0,2.35
Fri Jul 24 08:42:22 UTC 2026,1784882542,0,2.7
Fri Jul 24 08:43:53 UTC 2026,1784882633,0,2.34
Fri Jul 24 08:43:57 UTC 2026,1784882637,0,2.62
Fri Jul 24 08:45:59 UTC 2026,1784882759,0,2.34
Fri Jul 24 08:47:08 UTC 2026,1784882828,0,2.64
Fri Jul 24 08:47:35 UTC 2026,1784882855,0,2.26
Fri Jul 24 08:48:07 UTC 2026,1784882887,0,2.28
Fri Jul 24 08:48:12 UTC 2026,1784882892,0,2.55
Fri Jul 24 08:49:51 UTC 2026,1784882991,0,2.66
Fri Jul 24 08:50:41 UTC 2026,1784883041,0,2.25
Fri Jul 24 08:52:08 UTC 2026,1784883128,0,2.28
Fri Jul 24 08:52:26 UTC 2026,1784883146,0,2.64
Fri Jul 24 08:53:47 UTC 2026,1784883227,0,2.24
Fri Jul 24 08:53:56 UTC 2026,1784883236,0,2.6
Fri Jul 24 08:54:47 UTC 2026,1784883287,0,2.32
Fri Jul 24 08:54:51 UTC 2026,1784883291,0,2.55
Fri Jul 24 08:57:20 UTC 2026,1784883440,0,2.53
Fri Jul 24 08:57:40 UTC 2026,1784883460,0,2.33
Fri Jul 24 08:58:26 UTC 2026,1784883506,0,2.54
Fri Jul 24 08:59:15 UTC 2026,1784883555,0,2.3
Fri Jul 24 08:59:56 UTC 2026,1784883596,0,2.57
Fri Jul 24 09:00:14 UTC 2026,1784883614,0,2.3
Fri Jul 24 09:01:44 UTC 2026,1784883704,0,2.34
Fri Jul 24 09:02:30 UTC 2026,1784883750,0,2.58
Fri Jul 24 09:02:53 UTC 2026,1784883773,0,2.57
Fri Jul 24 09:03:21 UTC 2026,1784883801,0,2.32
Fri Jul 24 09:05:13 UTC 2026,1784883913,0,2.59
Fri Jul 24 09:05:32 UTC 2026,1784883932,0,2.18
Fri Jul 24 09:06:50 UTC 2026,1784884010,0,2.55
Fri Jul 24 09:06:59 UTC 2026,1784884019,0,2.36
Fri Jul 24 09:08:34 UTC 2026,1784884114,0,2.35
Fri Jul 24 09:09:02 UTC 2026,1784884142,0,2.59
Fri Jul 24 09:09:48 UTC 2026,1784884188,0,2.61
Fri Jul 24 09:10:33 UTC 2026,1784884233,0,2.32
Fri Jul 24 09:11:23 UTC 2026,1784884283,0,2.31
Fri Jul 24 09:11:41 UTC 2026,1784884301,0,2.62
Fri Jul 24 09:13:07 UTC 2026,1784884387,0,2.6
Fri Jul 24 09:13:48 UTC 2026,1784884428,0,2.35
Fri Jul 24 09:15:19 UTC 2026,1784884519,0,2.61
Fri Jul 24 09:15:55 UTC 2026,1784884555,0,2.3
Fri Jul 24 09:17:02 UTC 2026,1784884622,0,2.54
Fri Jul 24 09:17:40 UTC 2026,1784884660,0,2.33
Fri Jul 24 09:17:48 UTC 2026,1784884668,0,2.53
Fri Jul 24 09:19:10 UTC 2026,1784884750,0,2.31
Fri Jul 24 09:19:33 UTC 2026,1784884773,0,2.5
Fri Jul 24 09:20:14 UTC 2026,1784884814,0,2.29
Fri Jul 24 09:22:04 UTC 2026,1784884924,0,2.28
Fri Jul 24 09:22:13 UTC 2026,1784884933,0,2.5
Fri Jul 24 09:23:03 UTC 2026,1784884983,0,2.28
Fri Jul 24 09:24:07 UTC 2026,1784885047,0,2.52
Fri Jul 24 09:24:33 UTC 2026,1784885073,0,2.25
Fri Jul 24 09:25:33 UTC 2026,1784885133,0,2.51
Fri Jul 24 09:26:36 UTC 2026,1784885196,0,2.46
Fri Jul 24 09:26:55 UTC 2026,1784885215,0,2.29
Fri Jul 24 09:27:57 UTC 2026,1784885277,0,2.44
Fri Jul 24 09:28:34 UTC 2026,1784885314,0,2.2
Fri Jul 24 09:30:18 UTC 2026,1784885418,0,2.45
Fri Jul 24 09:30:45 UTC 2026,1784885445,0,2.22
Fri Jul 24 09:31:05 UTC 2026,1784885465,0,2.21
Fri Jul 24 09:32:12 UTC 2026,1784885532,0,2.48
Fri Jul 24 09:33:16 UTC 2026,1784885596,0,2.45
Fri Jul 24 09:34:01 UTC 2026,1784885641,0,2.21
Fri Jul 24 09:35:04 UTC 2026,1784885704,0,2.17
Fri Jul 24 09:35:14 UTC 2026,1784885714,0,2.63
Fri Jul 24 09:36:04 UTC 2026,1784885764,0,2.28
Fri Jul 24 09:36:09 UTC 2026,1784885769,0,2.49
Fri Jul 24 09:38:20 UTC 2026,1784885900,0,2.28
Fri Jul 24 09:39:33 UTC 2026,1784885973,0,2.17
Fri Jul 24 09:40:32 UTC 2026,1784886032,0,2.52
Fri Jul 24 09:41:53 UTC 2026,1784886113,0,2.21
Fri Jul 24 09:41:58 UTC 2026,1784886118,0,2.48
Fri Jul 24 09:42:39 UTC 2026,1784886159,0,2.24
Fri Jul 24 09:43:28 UTC 2026,1784886208,0,2.46
Fri Jul 24 09:44:09 UTC 2026,1784886249,0,2.12
Fri Jul 24 09:44:19 UTC 2026,1784886259,0,2.46
Fri Jul 24 09:45:59 UTC 2026,1784886359,0,2.47
Fri Jul 24 09:46:03 UTC 2026,1784886363,0,2.21
Fri Jul 24 09:47:58 UTC 2026,1784886478,0,2.53
Fri Jul 24 09:48:48 UTC 2026,1784886528,0,2.2
Fri Jul 24 09:49:19 UTC 2026,1784886559,0,2.38
Fri Jul 24 09:50:09 UTC 2026,1784886609,0,2.16
Fri Jul 24 09:51:17 UTC 2026,1784886677,0,2.4
Fri Jul 24 09:51:58 UTC 2026,1784886718,0,2.2
Fri Jul 24 09:52:21 UTC 2026,1784886741,0,2.22
Fri Jul 24 09:52:57 UTC 2026,1784886777,0,2.42
Fri Jul 24 09:55:17 UTC 2026,1784886917,0,2.41
Fri Jul 24 09:55:36 UTC 2026,1784886936,0,2.22
Fri Jul 24 09:56:23 UTC 2026,1784886983,0,2.19
Fri Jul 24 09:56:36 UTC 2026,1784886996,0,2.38
Fri Jul 24 09:57:25 UTC 2026,1784887045,0,2.2
Fri Jul 24 09:57:39 UTC 2026,1784887059,0,2.38
Fri Jul 24 09:59:50 UTC 2026,1784887190,0,2.18
Fri Jul 24 10:00:09 UTC 2026,1784887209,0,2.45
Fri Jul 24 10:00:50 UTC 2026,1784887250,0,2.27
Fri Jul 24 10:01:21 UTC 2026,1784887281,0,2.41
Fri Jul 24 10:02:21 UTC 2026,1784887341,0,2.29
Fri Jul 24 10:02:52 UTC 2026,1784887372,0,2.47
Fri Jul 24 10:04:42 UTC 2026,1784887482,0,2.17
Fri Jul 24 10:05:31 UTC 2026,1784887531,0,2.63
Fri Jul 24 10:05:36 UTC 2026,1784887536,0,2.35
Fri Jul 24 10:05:40 UTC 2026,1784887540,0,2.56
Fri Jul 24 10:07:20 UTC 2026,1784887640,0,2.54
Fri Jul 24 10:08:11 UTC 2026,1784887691,0,2.37
Fri Jul 24 10:09:05 UTC 2026,1784887745,0,2.39
Fri Jul 24 10:09:41 UTC 2026,1784887781,0,2.61
Fri Jul 24 10:11:40 UTC 2026,1784887900,0,2.34
Fri Jul 24 10:11:53 UTC 2026,1784887913,0,2.58
Fri Jul 24 10:12:12 UTC 2026,1784887932,0,2.35
Fri Jul 24 10:13:19 UTC 2026,1784887999,0,2.56
Fri Jul 24 10:14:37 UTC 2026,1784888077,0,2.53
Fri Jul 24 10:15:12 UTC 2026,1784888112,0,2.36
Fri Jul 24 10:15:31 UTC 2026,1784888131,0,2.49
Fri Jul 24 10:15:41 UTC 2026,1784888141,0,2.34
Fri Jul 24 10:17:33 UTC 2026,1784888253,0,2.5
Fri Jul 24 10:17:53 UTC 2026,1784888273,0,2.28
Fri Jul 24 10:19:24 UTC 2026,1784888364,0,2.49
Fri Jul 24 10:19:41 UTC 2026,1784888381,0,2.3
Fri Jul 24 10:21:22 UTC 2026,1784888482,0,2.31
Fri Jul 24 10:21:35 UTC 2026,1784888495,0,2.57
Fri Jul 24 10:22:03 UTC 2026,1784888523,0,2.58
Fri Jul 24 10:22:39 UTC 2026,1784888559,0,2.31
Fri Jul 24 10:24:28 UTC 2026,1784888668,0,2.29
Fri Jul 24 10:24:42 UTC 2026,1784888682,0,2.56
Fri Jul 24 10:25:45 UTC 2026,1784888745,0,2.52
Fri Jul 24 10:26:03 UTC 2026,1784888763,0,2.36
Fri Jul 24 10:27:34 UTC 2026,1784888854,0,2.47
Fri Jul 24 10:27:53 UTC 2026,1784888873,0,2.28
Fri Jul 24 10:28:42 UTC 2026,1784888922,0,2.26
Fri Jul 24 10:29:09 UTC 2026,1784888949,0,2.49
Fri Jul 24 10:30:26 UTC 2026,1784889026,0,2.53
Fri Jul 24 10:30:44 UTC 2026,1784889044,0,2.26
Fri Jul 24 10:32:03 UTC 2026,1784889123,0,2.28
Fri Jul 24 10:32:30 UTC 2026,1784889150,0,2.54
Fri Jul 24 10:34:36 UTC 2026,1784889276,0,2.26
Fri Jul 24 10:34:51 UTC 2026,1784889291,0,2.57
Fri Jul 24 10:35:40 UTC 2026,1784889340,0,2.31
Fri Jul 24 10:36:40 UTC 2026,1784889400,0,2.62
Fri Jul 24 10:37:38 UTC 2026,1784889458,0,2.43
Fri Jul 24 10:38:19 UTC 2026,1784889499,0,2.65
Fri Jul 24 10:38:38 UTC 2026,1784889518,0,2.45
Fri Jul 24 10:40:09 UTC 2026,1784889609,0,2.64
Fri Jul 24 10:40:26 UTC 2026,1784889626,0,2.48
Fri Jul 24 10:40:30 UTC 2026,1784889630,0,2.65
Fri Jul 24 10:43:29 UTC 2026,1784889809,0,2.43
Fri Jul 24 10:44:50 UTC 2026,1784889890,0,2.49
Fri Jul 24 10:44:59 UTC 2026,1784889899,0,2.69
Fri Jul 24 10:45:27 UTC 2026,1784889927,0,2.71
Fri Jul 24 10:46:34 UTC 2026,1784889994,0,2.48
Fri Jul 24 10:48:09 UTC 2026,1784890089,0,2.71
Fri Jul 24 10:48:19 UTC 2026,1784890099,0,2.52
Fri Jul 24 10:49:31 UTC 2026,1784890171,0,2.61
Fri Jul 24 10:49:41 UTC 2026,1784890181,0,2.78
Fri Jul 24 10:50:49 UTC 2026,1784890249,0,2.6
Fri Jul 24 10:51:21 UTC 2026,1784890281,0,2.78
Fri Jul 24 10:51:52 UTC 2026,1784890312,0,2.65
Fri Jul 24 10:52:11 UTC 2026,1784890331,0,2.78
Fri Jul 24 10:54:09 UTC 2026,1784890449,0,2.61
Fri Jul 24 10:54:54 UTC 2026,1784890494,0,2.83
Fri Jul 24 10:55:17 UTC 2026,1784890517,0,2.81
Fri Jul 24 10:55:35 UTC 2026,1784890535,0,2.64
Fri Jul 24 10:58:05 UTC 2026,1784890685,0,2.65
Fri Jul 24 10:58:19 UTC 2026,1784890699,0,2.85
Fri Jul 24 10:59:04 UTC 2026,1784890744,0,2.67
Fri Jul 24 10:59:58 UTC 2026,1784890798,0,2.85
Fri Jul 24 11:00:17 UTC 2026,1784890817,0,2.68
Fri Jul 24 11:01:38 UTC 2026,1784890898,0,2.89
Fri Jul 24 11:02:29 UTC 2026,1784890949,0,2.79
Fri Jul 24 11:03:05 UTC 2026,1784890985,0,2.91
Fri Jul 24 11:03:50 UTC 2026,1784891030,0,2.69
Fri Jul 24 11:03:54 UTC 2026,1784891034,0,2.9
Fri Jul 24 11:05:44 UTC 2026,1784891144,0,2.93
Fri Jul 24 11:05:58 UTC 2026,1784891158,0,2.55
Fri Jul 24 11:06:38 UTC 2026,1784891198,0,2.76
Fri Jul 24 11:07:19 UTC 2026,1784891239,0,2.98
Fri Jul 24 11:08:37 UTC 2026,1784891317,0,2.95
Fri Jul 24 11:08:58 UTC 2026,1784891338,0,2.83
Fri Jul 24 11:10:08 UTC 2026,1784891408,0,2.8
Fri Jul 24 11:11:29 UTC 2026,1784891489,0,2.95
Fri Jul 24 11:12:10 UTC 2026,1784891530,0,2.83
Fri Jul 24 11:12:51 UTC 2026,1784891571,0,3.01
Fri Jul 24 11:13:54 UTC 2026,1784891634,0,2.86
Fri Jul 24 11:14:31 UTC 2026,1784891671,0,3.0
Fri Jul 24 11:14:58 UTC 2026,1784891698,0,3.02
Fri Jul 24 11:15:48 UTC 2026,1784891748,0,2.85
Fri Jul 24 11:17:05 UTC 2026,1784891825,0,2.89
Fri Jul 24 11:18:00 UTC 2026,1784891880,0,3.04
Fri Jul 24 11:18:10 UTC 2026,1784891890,0,2.91
Fri Jul 24 11:19:04 UTC 2026,1784891944,0,3.07
Fri Jul 24 11:19:53 UTC 2026,1784891993,0,2.88
Fri Jul 24 11:21:16 UTC 2026,1784892076,0,3.04
Fri Jul 24 11:22:34 UTC 2026,1784892154,0,3.11
Fri Jul 24 11:22:51 UTC 2026,1784892171,0,2.94
Fri Jul 24 11:23:14 UTC 2026,1784892194,0,2.9
Fri Jul 24 11:23:50 UTC 2026,1784892230,0,3.06
Fri Jul 24 11:25:35 UTC 2026,1784892335,0,3.12
Fri Jul 24 11:26:20 UTC 2026,1784892380,0,2.95
Fri Jul 24 11:26:30 UTC 2026,1784892390,0,2.94
Fri Jul 24 11:27:33 UTC 2026,1784892453,0,3.12
Fri Jul 24 11:28:14 UTC 2026,1784892494,0,2.97
Fri Jul 24 11:28:55 UTC 2026,1784892535,0,3.12
Fri Jul 24 11:30:26 UTC 2026,1784892626,0,3.16
Fri Jul 24 11:31:07 UTC 2026,1784892667,0,2.98
Fri Jul 24 11:31:48 UTC 2026,1784892708,0,2.97
Fri Jul 24 11:32:19 UTC 2026,1784892739,0,3.18
Fri Jul 24 11:33:14 UTC 2026,1784892794,0,3.15
Fri Jul 24 11:33:55 UTC 2026,1784892835,0,3.01
Fri Jul 24 11:34:54 UTC 2026,1784892894,0,2.99
Fri Jul 24 11:36:12 UTC 2026,1784892972,0,3.14
Fri Jul 24 11:37:33 UTC 2026,1784893053,0,3.04
Fri Jul 24 11:37:47 UTC 2026,1784893067,0,3.18
Fri Jul 24 11:38:10 UTC 2026,1784893090,0,3.29
Fri Jul 24 11:38:46 UTC 2026,1784893126,0,3.08
Fri Jul 24 11:39:59 UTC 2026,1784893199,0,3.24
Fri Jul 24 11:41:02 UTC 2026,1784893262,0,3.02
Fri Jul 24 11:41:57 UTC 2026,1784893317,0,3.01
Fri Jul 24 11:42:06 UTC 2026,1784893326,0,3.26
Fri Jul 24 11:43:45 UTC 2026,1784893425,0,3.08
Fri Jul 24 11:44:09 UTC 2026,1784893449,0,3.24
Fri Jul 24 11:45:08 UTC 2026,1784893508,0,3.07
Fri Jul 24 11:45:36 UTC 2026,1784893536,0,3.34
Fri Jul 24 11:46:16 UTC 2026,1784893576,0,3.08
Fri Jul 24 11:47:06 UTC 2026,1784893626,0,3.32
Fri Jul 24 11:49:05 UTC 2026,1784893745,0,3.37
Fri Jul 24 11:49:18 UTC 2026,1784893758,0,3.05
Fri Jul 24 11:49:32 UTC 2026,1784893772,0,3.07
Fri Jul 24 11:50:22 UTC 2026,1784893822,0,3.46
Fri Jul 24 11:52:03 UTC 2026,1784893923,0,3.11
Fri Jul 24 11:52:25 UTC 2026,1784893945,0,3.36
Fri Jul 24 11:52:58 UTC 2026,1784893978,0,3.17
Fri Jul 24 11:53:02 UTC 2026,1784893982,0,3.35
Fri Jul 24 11:54:54 UTC 2026,1784894094,0,3.39
Fri Jul 24 11:55:00 UTC 2026,1784894100,0,3.17
Fri Jul 24 11:56:08 UTC 2026,1784894168,0,3.19
Fri Jul 24 11:56:40 UTC 2026,1784894200,0,3.45
Fri Jul 24 11:57:48 UTC 2026,1784894268,0,3.15
Fri Jul 24 11:59:14 UTC 2026,1784894354,0,3.39
Fri Jul 24 12:00:13 UTC 2026,1784894413,0,3.24
Fri Jul 24 12:00:50 UTC 2026,1784894450,0,3.44
Fri Jul 24 12:01:11 UTC 2026,1784894471,0,3.17
Fri Jul 24 12:01:35 UTC 2026,1784894495,0,3.43
Fri Jul 24 12:03:24 UTC 2026,1784894604,0,3.21
Fri Jul 24 12:03:56 UTC 2026,1784894636,0,3.5
Fri Jul 24 12:04:41 UTC 2026,1784894681,0,3.04
Fri Jul 24 12:05:36 UTC 2026,1784894736,0,3.43
Fri Jul 24 12:06:12 UTC 2026,1784894772,0,3.2
Fri Jul 24 12:06:30 UTC 2026,1784894790,0,3.46
Fri Jul 24 12:08:02 UTC 2026,1784894882,0,3.49
Fri Jul 24 12:09:05 UTC 2026,1784894945,0,3.27
Fri Jul 24 12:09:55 UTC 2026,1784894995,0,3.52
Fri Jul 24 12:10:40 UTC 2026,1784895040,0,3.27
Fri Jul 24 12:11:31 UTC 2026,1784895091,0,3.25
Fri Jul 24 12:11:53 UTC 2026,1784895113,0,3.48
Fri Jul 24 12:13:24 UTC 2026,1784895204,0,3.32
Fri Jul 24 12:13:56 UTC 2026,1784895236,0,3.54
Fri Jul 24 12:14:50 UTC 2026,1784895290,0,3.3
Fri Jul 24 12:15:14 UTC 2026,1784895314,0,3.54
Fri Jul 24 12:16:30 UTC 2026,1784895390,0,3.6
Fri Jul 24 12:17:06 UTC 2026,1784895426,0,3.32
Fri Jul 24 12:17:47 UTC 2026,1784895467,0,3.55
Fri Jul 24 12:18:38 UTC 2026,1784895518,0,3.35
Fri Jul 24 12:19:18 UTC 2026,1784895558,0,3.36
Fri Jul 24 12:19:59 UTC 2026,1784895599,0,3.59
Fri Jul 24 12:21:07 UTC 2026,1784895667,0,3.34
Fri Jul 24 12:21:40 UTC 2026,1784895700,0,3.65
Fri Jul 24 12:23:38 UTC 2026,1784895818,0,3.37
Fri Jul 24 12:23:52 UTC 2026,1784895832,0,3.58
Fri Jul 24 12:24:50 UTC 2026,1784895890,0,3.61
Fri Jul 24 12:25:45 UTC 2026,1784895945,0,3.35
Fri Jul 24 12:25:54 UTC 2026,1784895954,0,3.36
Fri Jul 24 12:27:21 UTC 2026,1784896041,0,3.6
Fri Jul 24 12:28:29 UTC 2026,1784896109,0,3.34
Fri Jul 24 12:29:00 UTC 2026,1784896140,0,3.61
Fri Jul 24 12:29:36 UTC 2026,1784896176,0,3.4
Fri Jul 24 12:30:08 UTC 2026,1784896208,0,3.64
Fri Jul 24 12:30:54 UTC 2026,1784896254,0,3.35
Fri Jul 24 12:31:35 UTC 2026,1784896295,0,3.65
Fri Jul 24 12:33:02 UTC 2026,1784896382,0,3.4
Fri Jul 24 12:33:29 UTC 2026,1784896409,0,3.66
Fri Jul 24 12:34:43 UTC 2026,1784896483,0,3.39
Fri Jul 24 12:35:18 UTC 2026,1784896518,0,3.72
Fri Jul 24 12:35:50 UTC 2026,1784896550,0,3.43
Fri Jul 24 12:36:49 UTC 2026,1784896609,0,3.71
Fri Jul 24 12:37:30 UTC 2026,1784896650,0,3.42
Fri Jul 24 12:37:48 UTC 2026,1784896668,0,3.72
Fri Jul 24 12:40:00 UTC 2026,1784896800,0,3.76
Fri Jul 24 12:40:09 UTC 2026,1784896809,0,3.52
Fri Jul 24 12:41:00 UTC 2026,1784896860,0,3.43
Fri Jul 24 12:41:50 UTC 2026,1784896910,0,3.7
Fri Jul 24 12:42:44 UTC 2026,1784896964,0,3.82
Fri Jul 24 12:42:57 UTC 2026,1784896977,0,3.49
Fri Jul 24 12:43:57 UTC 2026,1784897037,0,3.4
Fri Jul 24 12:44:55 UTC 2026,1784897095,0,3.74
Fri Jul 24 12:45:59 UTC 2026,1784897159,0,3.48
Fri Jul 24 12:46:09 UTC 2026,1784897169,0,3.77
Fri Jul 24 12:47:17 UTC 2026,1784897237,0,3.74
Fri Jul 24 12:47:21 UTC 2026,1784897241,0,3.46
Fri Jul 24 12:49:29 UTC 2026,1784897369,0,3.73
Fri Jul 24 12:50:28 UTC 2026,1784897428,0,3.53
Fri Jul 24 12:50:42 UTC 2026,1784897442,0,3.76
Fri Jul 24 12:51:09 UTC 2026,1784897469,0,3.53
Fri Jul 24 12:53:20 UTC 2026,1784897600,0,3.56
Fri Jul 24 12:53:34 UTC 2026,1784897614,0,3.73
Fri Jul 24 12:53:57 UTC 2026,1784897637,0,3.85
Fri Jul 24 12:55:06 UTC 2026,1784897706,0,3.54
Fri Jul 24 12:55:33 UTC 2026,1784897733,0,3.79
Fri Jul 24 12:55:37 UTC 2026,1784897737,0,3.53
Fri Jul 24 12:57:17 UTC 2026,1784897837,0,3.76
Fri Jul 24 12:57:58 UTC 2026,1784897878,0,3.58
Fri Jul 24 12:59:56 UTC 2026,1784897996,0,3.75
Fri Jul 24 13:00:18 UTC 2026,1784898018,0,3.47
Fri Jul 24 13:00:55 UTC 2026,1784898055,0,3.54
Fri Jul 24 13:02:04 UTC 2026,1784898124,0,3.79
Fri Jul 24 13:02:12 UTC 2026,1784898132,0,3.8
Fri Jul 24 13:03:34 UTC 2026,1784898214,0,3.53
Fri Jul 24 13:03:57 UTC 2026,1784898237,0,3.73
Fri Jul 24 13:05:00 UTC 2026,1784898300,0,3.47
Fri Jul 24 13:05:51 UTC 2026,1784898351,0,3.29
Fri Jul 24 13:05:55 UTC 2026,1784898355,0,3.74
Fri Jul 24 13:07:12 UTC 2026,1784898432,0,3.54
Fri Jul 24 13:07:30 UTC 2026,1784898450,0,3.74
Fri Jul 24 13:09:30 UTC 2026,1784898570,0,3.5
Fri Jul 24 13:10:15 UTC 2026,1784898615,0,3.77
Fri Jul 24 13:11:54 UTC 2026,1784898714,0,3.51
Fri Jul 24 13:11:59 UTC 2026,1784898719,0,3.77
Fri Jul 24 13:12:58 UTC 2026,1784898778,0,3.58
Fri Jul 24 13:13:16 UTC 2026,1784898796,0,3.83
Fri Jul 24 13:13:53 UTC 2026,1784898833,0,3.75
Fri Jul 24 13:14:47 UTC 2026,1784898887,0,3.54
Fri Jul 24 13:15:50 UTC 2026,1784898950,0,3.57
Fri Jul 24 13:16:27 UTC 2026,1784898987,0,3.77
Fri Jul 24 13:17:03 UTC 2026,1784899023,0,3.56
Fri Jul 24 13:17:22 UTC 2026,1784899042,0,3.73
Fri Jul 24 13:18:48 UTC 2026,1784899128,0,3.55
Fri Jul 24 13:19:46 UTC 2026,1784899186,0,3.78
Fri Jul 24 13:21:45 UTC 2026,1784899305,0,3.6
Fri Jul 24 13:22:49 UTC 2026,1784899369,0,3.58
Fri Jul 24 13:23:11 UTC 2026,1784899391,0,3.83
Fri Jul 24 13:24:23 UTC 2026,1784899463,0,3.5
Fri Jul 24 13:25:01 UTC 2026,1784899501,0,3.8
Fri Jul 24 13:25:46 UTC 2026,1784899546,0,3.76
Fri Jul 24 13:26:27 UTC 2026,1784899587,0,3.5
Fri Jul 24 13:27:31 UTC 2026,1784899651,0,3.79
Fri Jul 24 13:27:39 UTC 2026,1784899659,0,3.43
Fri Jul 24 13:29:15 UTC 2026,1784899755,0,3.7
Fri Jul 24 13:30:05 UTC 2026,1784899805,0,3.46
Fri Jul 24 13:30:19 UTC 2026,1784899819,0,3.7
Fri Jul 24 13:30:41 UTC 2026,1784899841,0,3.53
Fri Jul 24 13:31:49 UTC 2026,1784899909,0,3.71
Fri Jul 24 13:32:40 UTC 2026,1784899960,0,3.5
Fri Jul 24 13:34:47 UTC 2026,1784900087,0,3.45
Fri Jul 24 13:35:04 UTC 2026,1784900104,0,3.71
Fri Jul 24 13:35:28 UTC 2026,1784900128,0,3.81
Fri Jul 24 13:36:13 UTC 2026,1784900173,0,3.43
Fri Jul 24 13:36:45 UTC 2026,1784900205,0,3.55
Fri Jul 24 13:37:59 UTC 2026,1784900279,0,3.72
Fri Jul 24 13:39:34 UTC 2026,1784900374,0,3.5
Fri Jul 24 13:40:01 UTC 2026,1784900401,0,3.7
Fri Jul 24 13:40:47 UTC 2026,1784900447,0,3.65
Fri Jul 24 13:41:28 UTC 2026,1784900488,0,3.5
Fri Jul 24 13:41:45 UTC 2026,1784900505,0,3.69
Fri Jul 24 13:42:13 UTC 2026,1784900533,0,3.54
Fri Jul 24 13:43:30 UTC 2026,1784900610,0,3.48
Fri Jul 24 13:44:43 UTC 2026,1784900683,0,3.67
Fri Jul 24 13:45:01 UTC 2026,1784900701,0,3.55
Fri Jul 24 13:45:24 UTC 2026,1784900724,0,3.67
Fri Jul 24 13:46:40 UTC 2026,1784900800,0,3.53
Fri Jul 24 13:47:13 UTC 2026,1784900833,0,3.71
Fri Jul 24 13:49:34 UTC 2026,1784900974,0,3.68
Fri Jul 24 13:49:38 UTC 2026,1784900978,0,3.49
Fri Jul 24 13:50:23 UTC 2026,1784901023,0,3.65
Fri Jul 24 13:50:29 UTC 2026,1784901029,0,3.53
Fri Jul 24 13:52:09 UTC 2026,1784901129,0,3.49
Fri Jul 24 13:52:36 UTC 2026,1784901156,0,3.65
Fri Jul 24 13:53:17 UTC 2026,1784901197,0,3.46
Fri Jul 24 13:54:39 UTC 2026,1784901279,0,3.6
Fri Jul 24 13:55:05 UTC 2026,1784901305,0,3.64
Fri Jul 24 13:56:32 UTC 2026,1784901392,0,3.43
Fri Jul 24 13:56:40 UTC 2026,1784901400,0,3.59
Fri Jul 24 13:58:02 UTC 2026,1784901482,0,3.45
Fri Jul 24 13:59:19 UTC 2026,1784901559,0,3.62
Fri Jul 24 14:00:51 UTC 2026,1784901651,0,3.57
Fri Jul 24 14:01:14 UTC 2026,1784901674,0,3.43
Fri Jul 24 14:01:51 UTC 2026,1784901711,0,3.42
Fri Jul 24 14:02:31 UTC 2026,1784901751,0,3.58
Fri Jul 24 14:03:16 UTC 2026,1784901796,0,3.37
Fri Jul 24 14:04:07 UTC 2026,1784901847,0,3.61
Fri Jul 24 14:04:53 UTC 2026,1784901893,0,3.29
Fri Jul 24 14:06:18 UTC 2026,1784901978,0,3.54
Fri Jul 24 14:06:59 UTC 2026,1784902019,0,3.66
Fri Jul 24 14:07:09 UTC 2026,1784902029,0,3.37
Fri Jul 24 14:08:08 UTC 2026,1784902088,0,3.33
Fri Jul 24 14:08:36 UTC 2026,1784902116,0,3.57
Fri Jul 24 14:10:55 UTC 2026,1784902255,0,3.51
Fri Jul 24 14:11:14 UTC 2026,1784902274,0,3.29
Fri Jul 24 14:11:42 UTC 2026,1784902302,0,3.55
Fri Jul 24 14:12:31 UTC 2026,1784902351,0,3.22
Fri Jul 24 14:13:57 UTC 2026,1784902437,0,3.53
Fri Jul 24 14:14:38 UTC 2026,1784902478,0,3.25
Fri Jul 24 14:15:42 UTC 2026,1784902542,0,3.29
Fri Jul 24 14:16:05 UTC 2026,1784902565,0,3.45
Fri Jul 24 14:16:36 UTC 2026,1784902596,0,3.5
Fri Jul 24 14:17:31 UTC 2026,1784902651,0,3.19
Fri Jul 24 14:18:07 UTC 2026,1784902687,0,3.25
Fri Jul 24 14:19:30 UTC 2026,1784902770,0,3.48
Fri Jul 24 14:19:48 UTC 2026,1784902788,0,3.47
Fri Jul 24 14:19:52 UTC 2026,1784902792,0,3.28
Fri Jul 24 14:21:36 UTC 2026,1784902896,0,3.44
Fri Jul 24 14:21:55 UTC 2026,1784902915,0,3.28
Fri Jul 24 14:24:02 UTC 2026,1784903042,0,3.43
Fri Jul 24 14:24:11 UTC 2026,1784903051,0,3.24
Fri Jul 24 14:24:48 UTC 2026,1784903088,0,3.34
Fri Jul 24 14:25:01 UTC 2026,1784903101,0,3.16
Fri Jul 24 14:26:27 UTC 2026,1784903187,0,3.39
Fri Jul 24 14:26:46 UTC 2026,1784903206,0,3.22
Fri Jul 24 14:27:58 UTC 2026,1784903278,0,3.37
Fri Jul 24 14:28:17 UTC 2026,1784903297,0,3.14
Fri Jul 24 14:30:00 UTC 2026,1784903400,0,3.09
Fri Jul 24 14:30:52 UTC 2026,1784903452,0,3.38
Fri Jul 24 14:31:33 UTC 2026,1784903493,0,3.19
Fri Jul 24 14:32:49 UTC 2026,1784903569,0,3.37
Fri Jul 24 14:33:03 UTC 2026,1784903583,0,3.35
Fri Jul 24 14:33:57 UTC 2026,1784903637,0,3.14
Fri Jul 24 14:34:30 UTC 2026,1784903670,0,3.08
Fri Jul 24 14:35:33 UTC 2026,1784903733,0,3.37
Fri Jul 24 14:36:37 UTC 2026,1784903797,0,3.28
Fri Jul 24 14:36:41 UTC 2026,1784903801,0,3.07
Fri Jul 24 14:37:59 UTC 2026,1784903879,0,3.27
Fri Jul 24 14:38:03 UTC 2026,1784903883,0,3.12
Fri Jul 24 14:39:34 UTC 2026,1784903974,0,3.35
Fri Jul 24 14:40:34 UTC 2026,1784904034,0,3.09
Fri Jul 24 14:41:15 UTC 2026,1784904075,0,3.1
Fri Jul 24 14:41:28 UTC 2026,1784904088,0,3.31
Fri Jul 24 14:43:23 UTC 2026,1784904203,0,3.22
Fri Jul 24 14:43:31 UTC 2026,1784904211,0,3.07
Fri Jul 24 14:44:34 UTC 2026,1784904274,0,3.26
Fri Jul 24 14:45:11 UTC 2026,1784904311,0,3.06
Fri Jul 24 14:46:46 UTC 2026,1784904406,0,3.03
Fri Jul 24 14:47:18 UTC 2026,1784904438,0,3.27
Fri Jul 24 14:48:03 UTC 2026,1784904483,0,3.25
Fri Jul 24 14:49:02 UTC 2026,1784904542,0,3.06
Fri Jul 24 14:49:29 UTC 2026,1784904569,0,3.09
Fri Jul 24 14:50:48 UTC 2026,1784904648,0,3.21
Fri Jul 24 14:51:37 UTC 2026,1784904697,0,3.06
Fri Jul 24 14:52:04 UTC 2026,1784904724,0,3.23
Fri Jul 24 14:52:45 UTC 2026,1784904765,0,3.2
Fri Jul 24 14:53:31 UTC 2026,1784904811,0,3.04
Fri Jul 24 14:55:25 UTC 2026,1784904925,0,3.17
Fri Jul 24 14:55:53 UTC 2026,1784904953,0,3.04
Fri Jul 24 14:56:42 UTC 2026,1784905002,0,3.14
Fri Jul 24 14:57:00 UTC 2026,1784905020,0,2.98
Fri Jul 24 14:57:41 UTC 2026,1784905061,0,3.18
Fri Jul 24 14:57:50 UTC 2026,1784905070,0,2.99
Fri Jul 24 14:59:16 UTC 2026,1784905156,0,3.11
Fri Jul 24 14:59:22 UTC 2026,1784905162,0,2.96
Fri Jul 24 15:01:05 UTC 2026,1784905265,0,3.11
Fri Jul 24 15:01:34 UTC 2026,1784905294,0,2.97
Fri Jul 24 15:03:18 UTC 2026,1784905398,0,2.92
Fri Jul 24 15:03:26 UTC 2026,1784905406,0,3.12
Fri Jul 24 15:04:58 UTC 2026,1784905498,0,2.93
Fri Jul 24 15:05:16 UTC 2026,1784905516,0,3.08
Fri Jul 24 15:06:29 UTC 2026,1784905589,0,3.06
Fri Jul 24 15:07:01 UTC 2026,1784905621,0,2.9
Fri Jul 24 15:07:42 UTC 2026,1784905662,0,2.96
Fri Jul 24 15:08:27 UTC 2026,1784905707,0,2.82
Fri Jul 24 15:09:13 UTC 2026,1784905753,0,2.83
Fri Jul 24 15:09:40 UTC 2026,1784905780,0,2.96
Fri Jul 24 15:11:05 UTC 2026,1784905865,0,2.84
Fri Jul 24 15:11:15 UTC 2026,1784905875,0,2.96
Fri Jul 24 15:11:20 UTC 2026,1784905880,0,2.88
Fri Jul 24 15:11:25 UTC 2026,1784905885,0,2.82
Fri Jul 24 15:11:46 UTC 2026,1784905906,0,2.86
Fri Jul 24 15:12:19 UTC 2026,1784905939,0,2.96
Fri Jul 24 15:12:41 UTC 2026,1784905961,0,2.87
Fri Jul 24 15:14:04 UTC 2026,1784906044,0,3.04
Fri Jul 24 15:14:21 UTC 2026,1784906061,0,3.05
Fri Jul 24 15:15:15 UTC 2026,1784906115,0,2.87
Fri Jul 24 15:16:10 UTC 2026,1784906170,0,2.95
Fri Jul 24 15:16:19 UTC 2026,1784906179,0,2.84
Fri Jul 24 15:18:14 UTC 2026,1784906294,0,2.92
Fri Jul 24 15:18:45 UTC 2026,1784906325,0,2.85
Fri Jul 24 15:19:39 UTC 2026,1784906379,0,2.92
Fri Jul 24 15:19:44 UTC 2026,1784906384,0,2.76
Fri Jul 24 15:21:25 UTC 2026,1784906485,0,2.74
Fri Jul 24 15:21:56 UTC 2026,1784906516,0,2.94
Fri Jul 24 15:22:33 UTC 2026,1784906553,0,2.76
Fri Jul 24 15:23:45 UTC 2026,1784906625,0,2.9
Fri Jul 24 15:24:44 UTC 2026,1784906684,0,2.85
Fri Jul 24 15:24:58 UTC 2026,1784906698,0,2.72
Fri Jul 24 15:26:33 UTC 2026,1784906793,0,2.71
Fri Jul 24 15:26:38 UTC 2026,1784906798,0,2.88
Fri Jul 24 15:27:23 UTC 2026,1784906843,0,2.69
Fri Jul 24 15:27:28 UTC 2026,1784906848,0,2.88
Fri Jul 24 15:29:04 UTC 2026,1784906944,0,2.85
Fri Jul 24 15:29:12 UTC 2026,1784906952,0,2.7
Fri Jul 24 15:30:39 UTC 2026,1784907039,0,2.89
Fri Jul 24 15:31:14 UTC 2026,1784907074,0,2.66
Fri Jul 24 15:32:33 UTC 2026,1784907153,0,2.63
Fri Jul 24 15:33:14 UTC 2026,1784907194,0,2.78
Fri Jul 24 15:34:13 UTC 2026,1784907253,0,2.76
Fri Jul 24 15:35:03 UTC 2026,1784907303,0,2.56
Fri Jul 24 15:36:16 UTC 2026,1784907376,0,2.57
Fri Jul 24 15:36:47 UTC 2026,1784907407,0,2.79
Fri Jul 24 15:37:38 UTC 2026,1784907458,0,2.62
Fri Jul 24 15:38:41 UTC 2026,1784907521,0,2.78
Fri Jul 24 15:39:49 UTC 2026,1784907589,0,2.77
Fri Jul 24 15:39:54 UTC 2026,1784907594,0,2.61
Fri Jul 24 15:40:53 UTC 2026,1784907653,0,2.77
Fri Jul 24 15:41:38 UTC 2026,1784907698,0,2.57
Fri Jul 24 15:42:37 UTC 2026,1784907757,0,2.51
Fri Jul 24 15:42:59 UTC 2026,1784907779,0,2.69
Fri Jul 24 15:43:59 UTC 2026,1784907839,0,2.65
Fri Jul 24 15:44:58 UTC 2026,1784907898,0,2.55
Fri Jul 24 15:45:58 UTC 2026,1784907958,0,2.65
Fri Jul 24 15:46:33 UTC 2026,1784907993,0,2.51
Fri Jul 24 15:47:19 UTC 2026,1784908039,0,2.63
Fri Jul 24 15:48:00 UTC 2026,1784908080,0,2.45
Fri Jul 24 15:49:31 UTC 2026,1784908171,0,2.63
Fri Jul 24 15:50:08 UTC 2026,1784908208,0,2.46
Fri Jul 24 15:50:43 UTC 2026,1784908243,0,2.45
Fri Jul 24 15:51:56 UTC 2026,1784908316,0,2.63
Fri Jul 24 15:52:46 UTC 2026,1784908366,0,2.44
Fri Jul 24 15:53:14 UTC 2026,1784908394,0,2.67
Fri Jul 24 15:54:48 UTC 2026,1784908488,0,2.6
Fri Jul 24 15:54:58 UTC 2026,1784908498,0,2.41
Fri Jul 24 15:55:34 UTC 2026,1784908534,0,2.63
Fri Jul 24 15:56:02 UTC 2026,1784908562,0,2.48
Fri Jul 24 15:57:10 UTC 2026,1784908630,0,2.58
Fri Jul 24 15:57:55 UTC 2026,1784908675,0,2.37
Fri Jul 24 15:59:45 UTC 2026,1784908785,0,2.45
Fri Jul 24 16:00:12 UTC 2026,1784908812,0,2.63
Fri Jul 24 16:00:49 UTC 2026,1784908849,0,2.54
Fri Jul 24 16:01:47 UTC 2026,1784908907,0,2.37
Fri Jul 24 16:02:51 UTC 2026,1784908971,0,2.56
Fri Jul 24 16:03:32 UTC 2026,1784909012,0,2.36
Fri Jul 24 16:04:54 UTC 2026,1784909094,0,2.54
Fri Jul 24 16:04:59 UTC 2026,1784909099,0,2.34
Fri Jul 24 16:05:35 UTC 2026,1784909135,0,2.5
Fri Jul 24 16:06:01 UTC 2026,1784909161,0,2.24
Fri Jul 24 16:07:07 UTC 2026,1784909227,0,2.31
Fri Jul 24 16:07:15 UTC 2026,1784909235,0,2.58
Fri Jul 24 16:08:50 UTC 2026,1784909330,0,2.35
Fri Jul 24 16:10:03 UTC 2026,1784909403,0,2.59
Fri Jul 24 16:10:35 UTC 2026,1784909435,0,2.53
Fri Jul 24 16:11:16 UTC 2026,1784909476,0,2.29
Fri Jul 24 16:12:51 UTC 2026,1784909571,0,2.33
Fri Jul 24 16:13:00 UTC 2026,1784909580,0,2.53
Fri Jul 24 16:14:08 UTC 2026,1784909648,0,2.54
Fri Jul 24 16:14:54 UTC 2026,1784909694,0,2.32
Fri Jul 24 16:15:13 UTC 2026,1784909713,0,2.42
Fri Jul 24 16:16:25 UTC 2026,1784909785,0,2.57
Fri Jul 24 16:16:48 UTC 2026,1784909808,0,2.38
Fri Jul 24 16:16:56 UTC 2026,1784909816,0,2.62
Fri Jul 24 16:19:09 UTC 2026,1784909949,0,2.58
Fri Jul 24 16:19:32 UTC 2026,1784909972,0,2.39
Fri Jul 24 16:20:31 UTC 2026,1784910031,0,2.37
Fri Jul 24 16:20:49 UTC 2026,1784910049,0,2.55
Fri Jul 24 16:22:38 UTC 2026,1784910158,0,2.52
Fri Jul 24 16:23:10 UTC 2026,1784910190,0,2.27
Fri Jul 24 16:23:33 UTC 2026,1784910213,0,2.36
Fri Jul 24 16:23:55 UTC 2026,1784910235,0,2.56
Fri Jul 24 16:25:03 UTC 2026,1784910303,0,2.55
Fri Jul 24 16:25:17 UTC 2026,1784910317,0,2.32
Fri Jul 24 16:26:49 UTC 2026,1784910409,0,2.5
Fri Jul 24 16:27:24 UTC 2026,1784910444,0,2.3
Fri Jul 24 16:28:42 UTC 2026,1784910522,0,2.32
Fri Jul 24 16:29:40 UTC 2026,1784910580,0,2.58
Fri Jul 24 16:30:32 UTC 2026,1784910632,0,2.29
Fri Jul 24 16:31:34 UTC 2026,1784910694,0,2.52
Fri Jul 24 16:32:15 UTC 2026,1784910735,0,2.26
Fri Jul 24 16:33:01 UTC 2026,1784910781,0,2.5
Fri Jul 24 16:33:19 UTC 2026,1784910799,0,2.57
Fri Jul 24 16:34:50 UTC 2026,1784910890,0,2.32
Fri Jul 24 16:35:40 UTC 2026,1784910940,0,2.25
Fri Jul 24 16:36:04 UTC 2026,1784910964,0,2.5
Fri Jul 24 16:36:39 UTC 2026,1784910999,0,2.57
Fri Jul 24 16:37:52 UTC 2026,1784911072,0,2.34
Fri Jul 24 16:38:25 UTC 2026,1784911105,0,2.54
Fri Jul 24 16:38:46 UTC 2026,1784911126,0,2.35
Fri Jul 24 16:39:59 UTC 2026,1784911199,0,2.31
Fri Jul 24 16:40:45 UTC 2026,1784911245,0,2.53
Fri Jul 24 16:41:39 UTC 2026,1784911299,0,2.32
Fri Jul 24 16:42:48 UTC 2026,1784911368,0,2.52
Fri Jul 24 16:43:47 UTC 2026,1784911427,0,2.33
Fri Jul 24 16:43:51 UTC 2026,1784911431,0,2.6
Fri Jul 24 16:45:13 UTC 2026,1784911513,0,2.53
Fri Jul 24 16:46:17 UTC 2026,1784911577,0,2.34
Fri Jul 24 16:46:53 UTC 2026,1784911613,0,2.52
Fri Jul 24 16:47:29 UTC 2026,1784911649,0,2.29
Fri Jul 24 16:48:42 UTC 2026,1784911722,0,2.27
Fri Jul 24 16:49:37 UTC 2026,1784911777,0,2.53
Fri Jul 24 16:50:09 UTC 2026,1784911809,0,2.3
Fri Jul 24 16:50:22 UTC 2026,1784911822,0,2.51
Fri Jul 24 16:52:48 UTC 2026,1784911968,0,2.56
Fri Jul 24 16:52:52 UTC 2026,1784911972,0,2.3
Fri Jul 24 16:53:10 UTC 2026,1784911990,0,2.36
Fri Jul 24 16:54:19 UTC 2026,1784912059,0,2.49
Fri Jul 24 16:55:26 UTC 2026,1784912126,0,2.32
Fri Jul 24 16:56:07 UTC 2026,1784912167,0,2.55
Fri Jul 24 16:56:34 UTC 2026,1784912194,0,2.32
Fri Jul 24 16:56:48 UTC 2026,1784912208,0,2.58
Fri Jul 24 16:58:14 UTC 2026,1784912294,0,2.48
Fri Jul 24 16:58:20 UTC 2026,1784912300,0,2.32
Fri Jul 24 16:59:42 UTC 2026,1784912382,0,2.47
Fri Jul 24 17:00:17 UTC 2026,1784912417,0,2.32
Fri Jul 24 17:01:50 UTC 2026,1784912510,0,2.34
Fri Jul 24 17:02:03 UTC 2026,1784912523,0,2.45
Fri Jul 24 17:03:19 UTC 2026,1784912599,0,2.31
Fri Jul 24 17:04:18 UTC 2026,1784912658,0,2.44
Fri Jul 24 17:05:04 UTC 2026,1784912704,0,2.15
Fri Jul 24 17:05:32 UTC 2026,1784912732,0,2.38
Fri Jul 24 17:07:07 UTC 2026,1784912827,0,2.41
Fri Jul 24 17:07:47 UTC 2026,1784912867,0,2.3
Fri Jul 24 17:08:42 UTC 2026,1784912922,0,2.28
Fri Jul 24 17:09:14 UTC 2026,1784912954,0,2.44
Fri Jul 24 17:10:13 UTC 2026,1784913013,0,2.41
Fri Jul 24 17:11:07 UTC 2026,1784913067,0,2.23
Fri Jul 24 17:12:06 UTC 2026,1784913126,0,2.46
Fri Jul 24 17:12:11 UTC 2026,1784913131,0,2.25
Fri Jul 24 17:14:13 UTC 2026,1784913253,0,2.22
Fri Jul 24 17:14:27 UTC 2026,1784913267,0,2.38
Fri Jul 24 17:15:35 UTC 2026,1784913335,0,2.14
Fri Jul 24 17:16:11 UTC 2026,1784913371,0,2.33
Fri Jul 24 17:17:01 UTC 2026,1784913421,0,2.19
Fri Jul 24 17:17:42 UTC 2026,1784913462,0,2.33
Fri Jul 24 17:18:06 UTC 2026,1784913486,0,2.28
Fri Jul 24 17:19:14 UTC 2026,1784913554,0,2.03
Fri Jul 24 17:19:51 UTC 2026,1784913591,0,2.02
Fri Jul 24 17:21:03 UTC 2026,1784913663,0,2.22
Fri Jul 24 17:22:06 UTC 2026,1784913726,0,1.96
Fri Jul 24 17:22:39 UTC 2026,1784913759,0,2.24
Fri Jul 24 17:23:28 UTC 2026,1784913808,0,2.22
Fri Jul 24 17:24:23 UTC 2026,1784913863,0,2.01
Fri Jul 24 17:24:32 UTC 2026,1784913872,0,2.26
Fri Jul 24 17:25:27 UTC 2026,1784913927,0,1.89
Fri Jul 24 17:26:16 UTC 2026,1784913976,0,2.09
Fri Jul 24 17:27:02 UTC 2026,1784914022,0,1.87
Fri Jul 24 17:28:00 UTC 2026,1784914080,0,2.18
Fri Jul 24 17:28:42 UTC 2026,1784914122,0,1.89
Fri Jul 24 17:29:41 UTC 2026,1784914181,0,2.09
Fri Jul 24 17:30:26 UTC 2026,1784914226,0,1.8
Fri Jul 24 17:31:07 UTC 2026,1784914267,0,1.76
Fri Jul 24 17:31:25 UTC 2026,1784914285,0,2.15
Fri Jul 24 17:33:37 UTC 2026,1784914417,0,2.09
Fri Jul 24 17:34:18 UTC 2026,1784914458,0,1.85
Fri Jul 24 17:34:45 UTC 2026,1784914485,0,2.12
Fri Jul 24 17:35:03 UTC 2026,1784914503,0,1.72
Fri Jul 24 17:36:03 UTC 2026,1784914563,0,1.69
Fri Jul 24 17:36:53 UTC 2026,1784914613,0,2.18
Fri Jul 24 17:38:46 UTC 2026,1784914726,0,1.83
Fri Jul 24 17:39:13 UTC 2026,1784914753,0,2.11
Fri Jul 24 17:39:23 UTC 2026,1784914763,0,1.67
Fri Jul 24 17:40:22 UTC 2026,1784914822,0,2.18
Fri Jul 24 17:41:20 UTC 2026,1784914880,0,2.2
Fri Jul 24 17:42:11 UTC 2026,1784914931,0,1.88
Fri Jul 24 17:43:01 UTC 2026,1784914981,0,2.22
Fri Jul 24 17:43:29 UTC 2026,1784915009,0,2.0
Fri Jul 24 17:44:49 UTC 2026,1784915089,0,1.84
Fri Jul 24 17:45:30 UTC 2026,1784915130,0,2.2
Fri Jul 24 17:46:25 UTC 2026,1784915185,0,1.95
Fri Jul 24 17:46:38 UTC 2026,1784915198,0,2.17
Fri Jul 24 17:47:34 UTC 2026,1784915254,0,1.98
Fri Jul 24 17:47:57 UTC 2026,1784915277,0,2.3
Fri Jul 24 17:49:54 UTC 2026,1784915394,0,1.93
Fri Jul 24 17:50:27 UTC 2026,1784915427,0,2.19
Fri Jul 24 17:50:57 UTC 2026,1784915457,0,2.12
Fri Jul 24 17:51:39 UTC 2026,1784915499,0,1.92
Fri Jul 24 17:53:05 UTC 2026,1784915585,0,1.99
Fri Jul 24 17:53:15 UTC 2026,1784915595,0,2.23
Fri Jul 24 17:54:09 UTC 2026,1784915649,0,1.91
Fri Jul 24 17:55:07 UTC 2026,1784915707,0,2.16
Fri Jul 24 17:56:44 UTC 2026,1784915804,0,2.24
Fri Jul 24 17:57:19 UTC 2026,1784915839,0,1.95
Fri Jul 24 17:57:33 UTC 2026,1784915853,0,1.92
Fri Jul 24 17:59:00 UTC 2026,1784915940,0,2.24
Fri Jul 24 17:59:22 UTC 2026,1784915962,0,2.1
Fri Jul 24 18:00:03 UTC 2026,1784916003,0,1.92
Fri Jul 24 18:00:58 UTC 2026,1784916058,0,2.19
Fri Jul 24 18:02:20 UTC 2026,1784916140,0,1.86
Fri Jul 24 18:02:37 UTC 2026,1784916157,0,1.77
Fri Jul 24 18:03:15 UTC 2026,1784916195,0,2.12
Fri Jul 24 18:04:13 UTC 2026,1784916253,0,2.05
Fri Jul 24 18:05:22 UTC 2026,1784916322,0,1.58
Fri Jul 24 18:05:45 UTC 2026,1784916345,0,1.48
Fri Jul 24 18:07:20 UTC 2026,1784916440,0,2.0
Fri Jul 24 18:08:23 UTC 2026,1784916503,0,1.77
Fri Jul 24 18:08:33 UTC 2026,1784916513,0,1.93
Fri Jul 24 18:09:59 UTC 2026,1784916599,0,1.68
Fri Jul 24 18:10:21 UTC 2026,1784916621,0,1.95
Fri Jul 24 18:10:54 UTC 2026,1784916654,0,1.97
Fri Jul 24 18:12:02 UTC 2026,1784916722,0,1.68
Fri Jul 24 18:12:37 UTC 2026,1784916757,0,1.89
Fri Jul 24 18:13:45 UTC 2026,1784916825,0,1.7
Fri Jul 24 18:14:26 UTC 2026,1784916866,0,1.96
Fri Jul 24 18:15:21 UTC 2026,1784916921,0,1.75
Fri Jul 24 18:15:58 UTC 2026,1784916958,0,1.97
Fri Jul 24 18:16:52 UTC 2026,1784917012,0,1.73
Fri Jul 24 18:17:19 UTC 2026,1784917039,0,1.98
Fri Jul 24 18:17:33 UTC 2026,1784917053,0,1.75
Fri Jul 24 18:19:27 UTC 2026,1784917167,0,1.95
Fri Jul 24 18:19:49 UTC 2026,1784917189,0,1.76
Fri Jul 24 18:20:35 UTC 2026,1784917235,0,1.69
Fri Jul 24 18:22:10 UTC 2026,1784917330,0,1.98
Fri Jul 24 18:22:23 UTC 2026,1784917343,0,1.94
Fri Jul 24 18:23:18 UTC 2026,1784917398,0,1.74
Fri Jul 24 18:24:53 UTC 2026,1784917493,0,1.98
Fri Jul 24 18:25:39 UTC 2026,1784917539,0,2.0
Fri Jul 24 18:26:16 UTC 2026,1784917576,0,1.77
Fri Jul 24 18:27:20 UTC 2026,1784917640,0,1.73
Fri Jul 24 18:27:24 UTC 2026,1784917644,0,1.98
Fri Jul 24 18:28:59 UTC 2026,1784917739,0,1.82
Fri Jul 24 18:29:23 UTC 2026,1784917763,0,2.06
Fri Jul 24 18:30:58 UTC 2026,1784917858,0,2.03
Fri Jul 24 18:31:35 UTC 2026,1784917895,0,1.88
Fri Jul 24 18:32:46 UTC 2026,1784917966,0,1.85
Fri Jul 24 18:33:23 UTC 2026,1784918003,0,2.09
Fri Jul 24 18:34:53 UTC 2026,1784918093,0,1.84
Fri Jul 24 18:35:21 UTC 2026,1784918121,0,2.11
Fri Jul 24 18:35:30 UTC 2026,1784918130,0,2.14
Fri Jul 24 18:36:02 UTC 2026,1784918162,0,1.86
Fri Jul 24 18:37:10 UTC 2026,1784918230,0,1.96
Fri Jul 24 18:38:05 UTC 2026,1784918285,0,2.19
Fri Jul 24 18:39:36 UTC 2026,1784918376,0,2.27
Fri Jul 24 18:40:17 UTC 2026,1784918417,0,2.0
Fri Jul 24 18:40:39 UTC 2026,1784918439,0,2.26
Fri Jul 24 18:41:38 UTC 2026,1784918498,0,2.02
Fri Jul 24 18:42:56 UTC 2026,1784918576,0,2.03
Fri Jul 24 18:43:09 UTC 2026,1784918589,0,2.32
Fri Jul 24 18:44:58 UTC 2026,1784918698,0,2.08
Fri Jul 24 18:45:02 UTC 2026,1784918702,0,2.32
Fri Jul 24 18:46:29 UTC 2026,1784918789,0,2.14
Fri Jul 24 18:46:42 UTC 2026,1784918802,0,2.33
Fri Jul 24 18:47:29 UTC 2026,1784918849,0,2.15
Fri Jul 24 18:48:18 UTC 2026,1784918898,0,2.38
Fri Jul 24 18:48:40 UTC 2026,1784918920,0,2.3
Fri Jul 24 18:49:54 UTC 2026,1784918994,0,2.06
Fri Jul 24 18:50:35 UTC 2026,1784919035,0,2.31
Fri Jul 24 18:50:48 UTC 2026,1784919048,0,2.1
Fri Jul 24 18:52:20 UTC 2026,1784919140,0,2.07
Fri Jul 24 18:52:28 UTC 2026,1784919148,0,2.37
Fri Jul 24 18:54:17 UTC 2026,1784919257,0,2.06
Fri Jul 24 18:54:40 UTC 2026,1784919280,0,2.36
Fri Jul 24 18:55:12 UTC 2026,1784919312,0,2.28
Fri Jul 24 18:56:38 UTC 2026,1784919398,0,2.03
Fri Jul 24 18:56:51 UTC 2026,1784919411,0,2.02
Fri Jul 24 18:57:37 UTC 2026,1784919457,0,2.23
Fri Jul 24 18:59:26 UTC 2026,1784919566,0,2.03
Fri Jul 24 18:59:45 UTC 2026,1784919585,0,2.24
Fri Jul 24 19:00:34 UTC 2026,1784919634,0,1.99
Fri Jul 24 19:01:30 UTC 2026,1784919690,0,2.28
Fri Jul 24 19:01:56 UTC 2026,1784919716,0,2.16
Fri Jul 24 19:02:55 UTC 2026,1784919775,0,1.91
Fri Jul 24 19:03:54 UTC 2026,1784919834,0,2.13
Fri Jul 24 19:04:49 UTC 2026,1784919889,0,1.77
Fri Jul 24 19:05:35 UTC 2026,1784919935,0,1.84
Fri Jul 24 19:06:16 UTC 2026,1784919976,0,2.16
Fri Jul 24 19:07:19 UTC 2026,1784920039,0,1.89
Fri Jul 24 19:07:46 UTC 2026,1784920066,0,2.17
Fri Jul 24 19:09:04 UTC 2026,1784920144,0,1.93
Fri Jul 24 19:09:49 UTC 2026,1784920189,0,2.13
Fri Jul 24 19:10:44 UTC 2026,1784920244,0,2.1
Fri Jul 24 19:11:20 UTC 2026,1784920280,0,1.87
Fri Jul 24 19:12:38 UTC 2026,1784920358,0,1.93
Fri Jul 24 19:12:42 UTC 2026,1784920362,0,2.1
Fri Jul 24 19:13:28 UTC 2026,1784920408,0,1.87
Fri Jul 24 19:14:03 UTC 2026,1784920443,0,2.16
Fri Jul 24 19:15:02 UTC 2026,1784920502,0,1.95
Fri Jul 24 19:15:47 UTC 2026,1784920547,0,2.16
Fri Jul 24 19:16:57 UTC 2026,1784920617,0,1.91
Fri Jul 24 19:17:51 UTC 2026,1784920671,0,2.18
Fri Jul 24 19:18:26 UTC 2026,1784920706,0,1.91
Fri Jul 24 19:19:20 UTC 2026,1784920760,0,2.17
Fri Jul 24 19:20:39 UTC 2026,1784920839,0,1.94
Fri Jul 24 19:20:53 UTC 2026,1784920853,0,2.2
Fri Jul 24 19:22:28 UTC 2026,1784920948,0,1.97
Fri Jul 24 19:22:49 UTC 2026,1784920969,0,2.2
Fri Jul 24 19:23:30 UTC 2026,1784921010,0,2.18
Fri Jul 24 19:24:08 UTC 2026,1784921048,0,1.94
Fri Jul 24 19:26:01 UTC 2026,1784921161,0,1.9
Fri Jul 24 19:26:10 UTC 2026,1784921170,0,2.24
Fri Jul 24 19:27:36 UTC 2026,1784921256,0,1.86
Fri Jul 24 19:27:46 UTC 2026,1784921266,0,2.26
Fri Jul 24 19:28:59 UTC 2026,1784921339,0,1.89
Fri Jul 24 19:29:43 UTC 2026,1784921383,0,2.12
Fri Jul 24 19:30:48 UTC 2026,1784921448,0,1.9
Fri Jul 24 19:32:23 UTC 2026,1784921543,0,1.87
Fri Jul 24 19:32:46 UTC 2026,1784921566,0,2.12
Fri Jul 24 19:33:13 UTC 2026,1784921593,0,1.81
Fri Jul 24 19:33:40 UTC 2026,1784921620,0,2.14
Fri Jul 24 19:35:34 UTC 2026,1784921734,0,2.16
Fri Jul 24 19:36:02 UTC 2026,1784921762,0,1.85
Fri Jul 24 19:36:33 UTC 2026,1784921793,0,2.21
Fri Jul 24 19:37:10 UTC 2026,1784921830,0,1.89
Fri Jul 24 19:39:41 UTC 2026,1784921981,0,2.14
Fri Jul 24 19:40:48 UTC 2026,1784922048,0,1.85
Fri Jul 24 19:41:02 UTC 2026,1784922062,0,2.16
Fri Jul 24 19:41:24 UTC 2026,1784922084,0,2.11
Fri Jul 24 19:42:32 UTC 2026,1784922152,0,1.77
Fri Jul 24 19:43:36 UTC 2026,1784922216,0,2.1
Fri Jul 24 19:43:45 UTC 2026,1784922225,0,1.89
Fri Jul 24 19:45:21 UTC 2026,1784922321,0,1.77
Fri Jul 24 19:46:06 UTC 2026,1784922366,0,2.07
Fri Jul 24 19:46:38 UTC 2026,1784922398,0,1.87
Fri Jul 24 19:47:46 UTC 2026,1784922466,0,2.09
Fri Jul 24 19:48:27 UTC 2026,1784922507,0,1.89
Fri Jul 24 19:48:46 UTC 2026,1784922526,0,2.11
Fri Jul 24 19:51:01 UTC 2026,1784922661,0,1.81
Fri Jul 24 19:51:15 UTC 2026,1784922675,0,2.12
Fri Jul 24 19:51:38 UTC 2026,1784922698,0,1.8
Fri Jul 24 19:51:51 UTC 2026,1784922711,0,2.14
Fri Jul 24 19:53:18 UTC 2026,1784922798,0,2.09
Fri Jul 24 19:53:58 UTC 2026,1784922838,0,1.79
Fri Jul 24 19:54:39 UTC 2026,1784922879,0,2.2
Fri Jul 24 19:55:53 UTC 2026,1784922953,0,1.84
Fri Jul 24 19:56:29 UTC 2026,1784922989,0,1.85
Fri Jul 24 19:57:28 UTC 2026,1784923048,0,2.1
Fri Jul 24 19:57:55 UTC 2026,1784923075,0,2.06
Fri Jul 24 19:58:17 UTC 2026,1784923097,0,1.81
Fri Jul 24 20:00:07 UTC 2026,1784923207,0,1.85
Fri Jul 24 20:00:11 UTC 2026,1784923211,0,2.12
Fri Jul 24 20:01:46 UTC 2026,1784923306,0,2.07
Fri Jul 24 20:02:27 UTC 2026,1784923347,0,1.77
Fri Jul 24 20:04:03 UTC 2026,1784923443,0,1.8
Fri Jul 24 20:04:12 UTC 2026,1784923452,0,2.13
Fri Jul 24 20:05:52 UTC 2026,1784923552,0,2.18
Fri Jul 24 20:05:56 UTC 2026,1784923556,0,1.63
Fri Jul 24 20:06:14 UTC 2026,1784923574,0,2.17
Fri Jul 24 20:06:52 UTC 2026,1784923612,0,1.92
Fri Jul 24 20:08:08 UTC 2026,1784923688,0,1.91
Fri Jul 24 20:09:21 UTC 2026,1784923761,0,2.17
Fri Jul 24 20:09:57 UTC 2026,1784923797,0,2.18
Fri Jul 24 20:10:16 UTC 2026,1784923816,0,1.94
Fri Jul 24 20:11:37 UTC 2026,1784923897,0,2.18
Fri Jul 24 20:12:14 UTC 2026,1784923934,0,1.95
Fri Jul 24 20:12:51 UTC 2026,1784923971,0,1.98
Fri Jul 24 20:12:59 UTC 2026,1784923979,0,2.14
Fri Jul 24 20:14:35 UTC 2026,1784924075,0,2.16
Fri Jul 24 20:14:58 UTC 2026,1784924098,0,1.97
Fri Jul 24 20:16:51 UTC 2026,1784924211,0,2.16
Fri Jul 24 20:17:19 UTC 2026,1784924239,0,1.98
Fri Jul 24 20:18:45 UTC 2026,1784924325,0,2.0
Fri Jul 24 20:18:59 UTC 2026,1784924339,0,2.22
Fri Jul 24 20:19:44 UTC 2026,1784924384,0,2.18
Fri Jul 24 20:20:11 UTC 2026,1784924411,0,1.96
Fri Jul 24 20:22:19 UTC 2026,1784924539,0,2.02
Fri Jul 24 20:22:37 UTC 2026,1784924557,0,2.26
Fri Jul 24 20:23:05 UTC 2026,1784924585,0,2.23
Fri Jul 24 20:23:45 UTC 2026,1784924625,0,2.05
Fri Jul 24 20:25:02 UTC 2026,1784924702,0,2.25
Fri Jul 24 20:25:43 UTC 2026,1784924743,0,2.07
Fri Jul 24 20:26:06 UTC 2026,1784924766,0,2.23
Fri Jul 24 20:27:19 UTC 2026,1784924839,0,2.0
Fri Jul 24 20:28:40 UTC 2026,1784924920,0,2.03
Fri Jul 24 20:28:44 UTC 2026,1784924924,0,2.24
Fri Jul 24 20:30:48 UTC 2026,1784925048,0,1.98
Fri Jul 24 20:31:33 UTC 2026,1784925093,0,2.24
Fri Jul 24 20:32:06 UTC 2026,1784925126,0,1.98
Fri Jul 24 20:32:41 UTC 2026,1784925161,0,2.22
Fri Jul 24 20:34:04 UTC 2026,1784925244,0,2.05
Fri Jul 24 20:34:58 UTC 2026,1784925298,0,1.88
Fri Jul 24 20:35:11 UTC 2026,1784925311,0,2.28
Fri Jul 24 20:37:00 UTC 2026,1784925420,0,2.04
Fri Jul 24 20:37:14 UTC 2026,1784925434,0,2.24
Fri Jul 24 20:38:14 UTC 2026,1784925494,0,1.97
Fri Jul 24 20:38:31 UTC 2026,1784925511,0,2.17
Fri Jul 24 20:39:12 UTC 2026,1784925552,0,2.04
Fri Jul 24 20:40:06 UTC 2026,1784925606,0,2.18
Fri Jul 24 20:41:19 UTC 2026,1784925679,0,2.16
Fri Jul 24 20:41:56 UTC 2026,1784925716,0,1.97
Fri Jul 24 20:43:27 UTC 2026,1784925807,0,2.19
Fri Jul 24 20:44:08 UTC 2026,1784925848,0,2.2
Fri Jul 24 20:44:26 UTC 2026,1784925866,0,2.04
Fri Jul 24 20:45:57 UTC 2026,1784925957,0,2.24
Fri Jul 24 20:46:29 UTC 2026,1784925989,0,2.11
Fri Jul 24 20:47:51 UTC 2026,1784926071,0,2.29
Fri Jul 24 20:49:02 UTC 2026,1784926142,0,2.02
Fri Jul 24 20:49:12 UTC 2026,1784926152,0,2.2
Fri Jul 24 20:50:33 UTC 2026,1784926233,0,2.06
Fri Jul 24 20:51:01 UTC 2026,1784926261,0,2.05
Fri Jul 24 20:51:38 UTC 2026,1784926298,0,2.26
Fri Jul 24 20:53:04 UTC 2026,1784926384,0,1.98
Fri Jul 24 20:53:32 UTC 2026,1784926412,0,2.32
Fri Jul 24 20:55:16 UTC 2026,1784926516,0,2.28
Fri Jul 24 20:55:20 UTC 2026,1784926520,0,1.99
Fri Jul 24 20:55:43 UTC 2026,1784926543,0,2.22
Fri Jul 24 20:57:05 UTC 2026,1784926625,0,2.0
Fri Jul 24 20:57:59 UTC 2026,1784926679,0,2.08
Fri Jul 24 20:58:32 UTC 2026,1784926712,0,2.26
Fri Jul 24 20:59:44 UTC 2026,1784926784,0,2.01
Fri Jul 24 21:00:29 UTC 2026,1784926829,0,2.31
Fri Jul 24 21:00:57 UTC 2026,1784926857,0,2.29
Fri Jul 24 21:01:34 UTC 2026,1784926894,0,2.03
Fri Jul 24 21:02:42 UTC 2026,1784926962,0,2.02
Fri Jul 24 21:03:44 UTC 2026,1784927024,0,2.34
Fri Jul 24 21:05:11 UTC 2026,1784927111,0,1.88
Fri Jul 24 21:05:25 UTC 2026,1784927125,0,2.27
Fri Jul 24 21:05:34 UTC 2026,1784927134,0,1.99
Fri Jul 24 21:06:38 UTC 2026,1784927198,0,2.3
Fri Jul 24 21:07:33 UTC 2026,1784927253,0,2.27
Fri Jul 24 21:08:13 UTC 2026,1784927293,0,1.93
Fri Jul 24 21:09:17 UTC 2026,1784927357,0,2.1
Fri Jul 24 21:09:54 UTC 2026,1784927394,0,2.26
Fri Jul 24 21:10:48 UTC 2026,1784927448,0,2.28
Fri Jul 24 21:11:15 UTC 2026,1784927475,0,2.1
Fri Jul 24 21:13:04 UTC 2026,1784927584,0,2.33
Fri Jul 24 21:13:13 UTC 2026,1784927593,0,2.07
Fri Jul 24 21:14:12 UTC 2026,1784927652,0,2.35
Fri Jul 24 21:14:39 UTC 2026,1784927679,0,2.05
Fri Jul 24 21:15:43 UTC 2026,1784927743,0,2.01
Fri Jul 24 21:16:47 UTC 2026,1784927807,0,2.3
Fri Jul 24 21:18:08 UTC 2026,1784927888,0,2.04
Fri Jul 24 21:18:17 UTC 2026,1784927897,0,2.29
Fri Jul 24 21:19:08 UTC 2026,1784927948,0,2.0
Fri Jul 24 21:19:30 UTC 2026,1784927970,0,2.31
Fri Jul 24 21:20:48 UTC 2026,1784928048,0,2.24
Fri Jul 24 21:22:01 UTC 2026,1784928121,0,2.04
Fri Jul 24 21:23:12 UTC 2026,1784928192,0,2.02
Fri Jul 24 21:23:18 UTC 2026,1784928198,0,2.26
Fri Jul 24 21:24:26 UTC 2026,1784928266,0,2.28
Fri Jul 24 21:25:11 UTC 2026,1784928311,0,2.01
Fri Jul 24 21:25:26 UTC 2026,1784928326,0,2.05
Fri Jul 24 21:25:34 UTC 2026,1784928334,0,2.32
Fri Jul 24 21:27:14 UTC 2026,1784928434,0,2.27
Fri Jul 24 21:28:08 UTC 2026,1784928488,0,2.02
Fri Jul 24 21:28:55 UTC 2026,1784928535,0,2.36
Fri Jul 24 21:29:44 UTC 2026,1784928584,0,2.04
Fri Jul 24 21:30:43 UTC 2026,1784928643,0,1.99
Fri Jul 24 21:31:32 UTC 2026,1784928692,0,2.47
Fri Jul 24 21:32:18 UTC 2026,1784928738,0,2.29
Fri Jul 24 21:33:22 UTC 2026,1784928802,0,2.03
Fri Jul 24 21:34:48 UTC 2026,1784928888,0,2.49
Fri Jul 24 21:35:11 UTC 2026,1784928911,0,1.8
Fri Jul 24 21:35:39 UTC 2026,1784928939,0,1.58
Fri Jul 24 21:36:42 UTC 2026,1784929002,0,2.35
Fri Jul 24 21:37:41 UTC 2026,1784929061,0,1.98
Fri Jul 24 21:37:59 UTC 2026,1784929079,0,2.31
Fri Jul 24 21:39:53 UTC 2026,1784929193,0,1.96
Fri Jul 24 21:40:03 UTC 2026,1784929203,0,2.39
Fri Jul 24 21:40:57 UTC 2026,1784929257,0,2.06
Fri Jul 24 21:41:05 UTC 2026,1784929265,0,2.38
Fri Jul 24 21:42:05 UTC 2026,1784929325,0,2.11
Fri Jul 24 21:42:40 UTC 2026,1784929360,0,2.28
Fri Jul 24 21:43:40 UTC 2026,1784929420,0,2.06
Fri Jul 24 21:44:21 UTC 2026,1784929461,0,2.32
Fri Jul 24 21:46:01 UTC 2026,1784929561,0,2.34
Fri Jul 24 21:46:23 UTC 2026,1784929583,0,2.1
Fri Jul 24 21:47:00 UTC 2026,1784929620,0,2.32
Fri Jul 24 21:47:15 UTC 2026,1784929635,0,2.13
Fri Jul 24 21:49:17 UTC 2026,1784929757,0,2.38
Fri Jul 24 21:49:58 UTC 2026,1784929798,0,2.1
Fri Jul 24 21:50:19 UTC 2026,1784929819,0,2.43
Fri Jul 24 21:51:11 UTC 2026,1784929871,0,2.08
Fri Jul 24 21:51:56 UTC 2026,1784929916,0,2.42
Fri Jul 24 21:52:09 UTC 2026,1784929929,0,1.87
Fri Jul 24 21:53:40 UTC 2026,1784930020,0,2.16
Fri Jul 24 21:53:48 UTC 2026,1784930028,0,2.47
Fri Jul 24 21:55:34 UTC 2026,1784930134,0,2.22
Fri Jul 24 21:56:28 UTC 2026,1784930188,0,2.48
Fri Jul 24 21:57:32 UTC 2026,1784930252,0,2.51
Fri Jul 24 21:57:50 UTC 2026,1784930270,0,2.26
Fri Jul 24 21:59:21 UTC 2026,1784930361,0,2.51
Fri Jul 24 21:59:25 UTC 2026,1784930365,0,2.25
Fri Jul 24 22:00:12 UTC 2026,1784930412,0,2.52
Fri Jul 24 22:01:06 UTC 2026,1784930466,0,2.27
Fri Jul 24 22:02:41 UTC 2026,1784930561,0,2.26
Fri Jul 24 22:02:46 UTC 2026,1784930566,0,2.53
Fri Jul 24 22:03:22 UTC 2026,1784930602,0,2.5
Fri Jul 24 22:04:39 UTC 2026,1784930679,0,2.24
Fri Jul 24 22:05:11 UTC 2026,1784930711,0,1.93
Fri Jul 24 22:06:10 UTC 2026,1784930770,0,2.6
Fri Jul 24 22:07:41 UTC 2026,1784930861,0,2.65
Fri Jul 24 22:08:08 UTC 2026,1784930888,0,2.38
Fri Jul 24 22:08:22 UTC 2026,1784930902,0,2.66
Fri Jul 24 22:09:02 UTC 2026,1784930942,0,2.38
Fri Jul 24 22:10:47 UTC 2026,1784931047,0,2.61
Fri Jul 24 22:11:01 UTC 2026,1784931061,0,2.4
Fri Jul 24 22:11:37 UTC 2026,1784931097,0,2.41
Fri Jul 24 22:11:51 UTC 2026,1784931111,0,2.68
Fri Jul 24 22:13:16 UTC 2026,1784931196,0,2.4
Fri Jul 24 22:14:30 UTC 2026,1784931270,0,2.64
Fri Jul 24 22:15:38 UTC 2026,1784931338,0,2.38
Fri Jul 24 22:16:24 UTC 2026,1784931384,0,2.67
Fri Jul 24 22:16:37 UTC 2026,1784931397,0,2.43
Fri Jul 24 22:16:41 UTC 2026,1784931401,0,2.75
Fri Jul 24 22:19:12 UTC 2026,1784931552,0,2.77
Fri Jul 24 22:19:21 UTC 2026,1784931561,0,2.42
Fri Jul 24 22:20:34 UTC 2026,1784931634,0,2.79
Fri Jul 24 22:20:47 UTC 2026,1784931647,0,2.51
Fri Jul 24 22:21:28 UTC 2026,1784931688,0,2.55
Fri Jul 24 22:23:03 UTC 2026,1784931783,0,2.84
Fri Jul 24 22:23:54 UTC 2026,1784931834,0,2.79
Fri Jul 24 22:24:03 UTC 2026,1784931843,0,2.57
Fri Jul 24 22:25:38 UTC 2026,1784931938,0,2.54
Fri Jul 24 22:25:47 UTC 2026,1784931947,0,2.88
Fri Jul 24 22:27:09 UTC 2026,1784932029,0,2.59
Fri Jul 24 22:27:19 UTC 2026,1784932039,0,2.8
Fri Jul 24 22:28:58 UTC 2026,1784932138,0,2.51
Fri Jul 24 22:29:07 UTC 2026,1784932147,0,2.91
Fri Jul 24 22:30:07 UTC 2026,1784932207,0,2.82
Fri Jul 24 22:31:05 UTC 2026,1784932265,0,2.57
Fri Jul 24 22:31:42 UTC 2026,1784932302,0,2.64
Fri Jul 24 22:32:59 UTC 2026,1784932379,0,2.95
Fri Jul 24 22:33:17 UTC 2026,1784932397,0,2.91
Fri Jul 24 22:34:21 UTC 2026,1784932461,0,2.64
Fri Jul 24 22:34:52 UTC 2026,1784932492,0,2.45
Fri Jul 24 22:35:15 UTC 2026,1784932515,0,3.09
Fri Jul 24 22:36:20 UTC 2026,1784932580,0,3.02
Fri Jul 24 22:37:46 UTC 2026,1784932666,0,2.76
Fri Jul 24 22:38:27 UTC 2026,1784932707,0,3.0
Fri Jul 24 22:39:21 UTC 2026,1784932761,0,2.73
Fri Jul 24 22:39:43 UTC 2026,1784932783,0,3.04
Fri Jul 24 22:39:49 UTC 2026,1784932789,0,2.72
Fri Jul 24 22:41:29 UTC 2026,1784932889,0,3.11
Fri Jul 24 22:41:33 UTC 2026,1784932893,0,2.67
Fri Jul 24 22:43:18 UTC 2026,1784932998,0,3.08
Fri Jul 24 22:43:40 UTC 2026,1784933020,0,2.81
Fri Jul 24 22:44:34 UTC 2026,1784933074,0,2.96
Fri Jul 24 22:44:57 UTC 2026,1784933097,0,3.1
Fri Jul 24 22:47:09 UTC 2026,1784933229,0,2.95
Fri Jul 24 22:47:50 UTC 2026,1784933270,0,3.22
Fri Jul 24 22:48:09 UTC 2026,1784933289,0,2.99
Fri Jul 24 22:48:22 UTC 2026,1784933302,0,3.19
Fri Jul 24 22:49:36 UTC 2026,1784933376,0,3.23
Fri Jul 24 22:50:21 UTC 2026,1784933421,0,3.02
Fri Jul 24 22:51:19 UTC 2026,1784933479,0,3.07
Fri Jul 24 22:52:13 UTC 2026,1784933533,0,3.26
Fri Jul 24 22:53:54 UTC 2026,1784933634,0,3.3
Fri Jul 24 22:53:59 UTC 2026,1784933639,0,3.11
Fri Jul 24 22:54:40 UTC 2026,1784933680,0,3.0
Fri Jul 24 22:55:11 UTC 2026,1784933711,0,3.27
Fri Jul 24 22:56:42 UTC 2026,1784933802,0,3.07
Fri Jul 24 22:57:01 UTC 2026,1784933821,0,3.26
Fri Jul 24 22:58:36 UTC 2026,1784933916,0,3.04
Fri Jul 24 22:58:49 UTC 2026,1784933929,0,3.26
Fri Jul 24 23:00:19 UTC 2026,1784934019,0,3.08
Fri Jul 24 23:00:52 UTC 2026,1784934052,0,3.29
Fri Jul 24 23:02:36 UTC 2026,1784934156,0,3.17
Fri Jul 24 23:02:46 UTC 2026,1784934166,0,3.18
Fri Jul 24 23:04:08 UTC 2026,1784934248,0,3.4
Fri Jul 24 23:04:39 UTC 2026,1784934279,0,3.36
Fri Jul 24 23:04:58 UTC 2026,1784934298,0,2.97
Fri Jul 24 23:06:32 UTC 2026,1784934392,0,2.91
Fri Jul 24 23:07:04 UTC 2026,1784934424,0,3.4
Fri Jul 24 23:07:41 UTC 2026,1784934461,0,3.29
Fri Jul 24 23:08:57 UTC 2026,1784934537,0,3.49
Fri Jul 24 23:09:44 UTC 2026,1784934584,0,3.31
Fri Jul 24 23:10:33 UTC 2026,1784934633,0,3.47
Fri Jul 24 23:11:19 UTC 2026,1784934679,0,3.39
Fri Jul 24 23:12:13 UTC 2026,1784934733,0,3.52
Fri Jul 24 23:12:54 UTC 2026,1784934774,0,3.43
Fri Jul 24 23:13:48 UTC 2026,1784934828,0,3.62
Fri Jul 24 23:14:16 UTC 2026,1784934856,0,3.67
Fri Jul 24 23:14:35 UTC 2026,1784934875,0,3.52
Fri Jul 24 23:16:28 UTC 2026,1784934988,0,3.7
Fri Jul 24 23:17:09 UTC 2026,1784935029,0,3.5
Fri Jul 24 23:17:41 UTC 2026,1784935061,0,3.54
Fri Jul 24 23:18:12 UTC 2026,1784935092,0,3.76
Fri Jul 24 23:20:25 UTC 2026,1784935225,0,3.59
Fri Jul 24 23:20:29 UTC 2026,1784935229,0,3.76
Fri Jul 24 23:20:57 UTC 2026,1784935257,0,3.66
Fri Jul 24 23:22:27 UTC 2026,1784935347,0,3.83
Fri Jul 24 23:23:08 UTC 2026,1784935388,0,3.63
Fri Jul 24 23:23:45 UTC 2026,1784935425,0,3.85
Fri Jul 24 23:24:43 UTC 2026,1784935483,0,3.66
Fri Jul 24 23:25:16 UTC 2026,1784935516,0,3.87
Fri Jul 24 23:26:51 UTC 2026,1784935611,0,3.91
Fri Jul 24 23:27:18 UTC 2026,1784935638,0,3.71
Fri Jul 24 23:27:45 UTC 2026,1784935665,0,3.78
Fri Jul 24 23:28:53 UTC 2026,1784935733,0,3.97
Fri Jul 24 23:29:06 UTC 2026,1784935746,0,3.81
Fri Jul 24 23:29:39 UTC 2026,1784935779,0,3.96
Fri Jul 24 23:31:05 UTC 2026,1784935865,0,3.81
Fri Jul 24 23:32:01 UTC 2026,1784935921,0,4.0
Fri Jul 24 23:32:42 UTC 2026,1784935962,0,3.88
Fri Jul 24 23:33:36 UTC 2026,1784936016,0,4.03
Fri Jul 24 23:34:52 UTC 2026,1784936092,0,4.08
Fri Jul 24 23:35:30 UTC 2026,1784936130,0,3.79
Fri Jul 24 23:35:57 UTC 2026,1784936157,0,3.78
Fri Jul 24 23:37:09 UTC 2026,1784936229,0,4.13
Fri Jul 24 23:37:26 UTC 2026,1784936246,0,3.84
Fri Jul 24 23:38:03 UTC 2026,1784936283,0,4.08
Fri Jul 24 23:39:02 UTC 2026,1784936342,0,4.12
Fri Jul 24 23:39:30 UTC 2026,1784936370,0,3.96
Fri Jul 24 23:40:42 UTC 2026,1784936442,0,4.14
Fri Jul 24 23:40:51 UTC 2026,1784936451,0,3.97
Fri Jul 24 23:42:40 UTC 2026,1784936560,0,4.08
Fri Jul 24 23:43:30 UTC 2026,1784936610,0,4.19
Fri Jul 24 23:44:11 UTC 2026,1784936651,0,4.03
Fri Jul 24 23:44:30 UTC 2026,1784936670,0,4.2
Fri Jul 24 23:46:09 UTC 2026,1784936769,0,4.05
Fri Jul 24 23:46:18 UTC 2026,1784936778,0,4.22
Fri Jul 24 23:47:27 UTC 2026,1784936847,0,4.24
Fri Jul 24 23:48:40 UTC 2026,1784936920,0,4.09
Fri Jul 24 23:49:52 UTC 2026,1784936992,0,4.27
Fri Jul 24 23:50:15 UTC 2026,1784937015,0,4.09
Fri Jul 24 23:51:22 UTC 2026,1784937082,0,4.13
Fri Jul 24 23:51:46 UTC 2026,1784937106,0,4.26
Fri Jul 24 23:52:27 UTC 2026,1784937147,0,4.11
Fri Jul 24 23:53:39 UTC 2026,1784937219,0,4.33
Fri Jul 24 23:54:05 UTC 2026,1784937245,0,4.3
Fri Jul 24 23:55:15 UTC 2026,1784937315,0,4.12
Fri Jul 24 23:55:46 UTC 2026,1784937346,0,4.11
Fri Jul 24 23:56:23 UTC 2026,1784937383,0,4.35
Fri Jul 24 23:57:53 UTC 2026,1784937473,0,4.15
Fri Jul 24 23:58:11 UTC 2026,1784937491,0,4.36
Fri Jul 24 23:58:53 UTC 2026,1784937533,0,4.16
Fri Jul 24 23:59:29 UTC 2026,1784937569,0,4.34
Sat Jul 25 00:01:50 UTC 2026,1784937710,0,4.37
Sat Jul 25 00:01:59 UTC 2026,1784937719,0,4.16
Sat Jul 25 00:02:31 UTC 2026,1784937751,0,4.23
Sat Jul 25 00:03:21 UTC 2026,1784937801,0,4.34
Sat Jul 25 00:04:11 UTC 2026,1784937851,0,4.35
Sat Jul 25 00:04:33 UTC 2026,1784937873,0,4.24
Sat Jul 25 00:05:28 UTC 2026,1784937928,0,4.17
Sat Jul 25 00:05:46 UTC 2026,1784937946,0,4.39
Sat Jul 25 00:07:04 UTC 2026,1784938024,0,4.25
Sat Jul 25 00:07:21 UTC 2026,1784938041,0,4.43
Sat Jul 25 00:08:57 UTC 2026,1784938137,0,4.44
Sat Jul 25 00:09:19 UTC 2026,1784938159,0,4.29
Sat Jul 25 00:10:46 UTC 2026,1784938246,0,4.32
Sat Jul 25 00:11:18 UTC 2026,1784938278,0,4.45
Sat Jul 25 00:12:58 UTC 2026,1784938378,0,4.27
Sat Jul 25 00:13:20 UTC 2026,1784938400,0,4.63
Sat Jul 25 00:13:39 UTC 2026,1784938419,0,4.61
Sat Jul 25 00:13:43 UTC 2026,1784938423,0,4.19
Sat Jul 25 00:15:37 UTC 2026,1784938537,0,4.51
Sat Jul 25 00:16:00 UTC 2026,1784938560,0,4.36
Sat Jul 25 00:17:48 UTC 2026,1784938668,0,4.5
Sat Jul 25 00:18:16 UTC 2026,1784938696,0,4.37
Sat Jul 25 00:18:43 UTC 2026,1784938723,0,4.38
Sat Jul 25 00:19:51 UTC 2026,1784938791,0,4.53
Sat Jul 25 00:21:26 UTC 2026,1784938886,0,4.55
Sat Jul 25 00:21:41 UTC 2026,1784938901,0,4.41
Sat Jul 25 00:22:13 UTC 2026,1784938933,0,4.3
Sat Jul 25 00:22:22 UTC 2026,1784938942,0,4.61
Sat Jul 25 00:23:34 UTC 2026,1784939014,0,4.43
Sat Jul 25 00:24:07 UTC 2026,1784939047,0,4.59
Sat Jul 25 00:25:47 UTC 2026,1784939147,0,4.48
Sat Jul 25 00:26:49 UTC 2026,1784939209,0,4.62
Sat Jul 25 00:27:03 UTC 2026,1784939223,0,4.64
Sat Jul 25 00:27:13 UTC 2026,1784939233,0,4.48
Sat Jul 25 00:29:24 UTC 2026,1784939364,0,4.65
Sat Jul 25 00:31:27 UTC 2026,1784939487,0,4.46
Sat Jul 25 00:31:46 UTC 2026,1784939506,0,4.64
Sat Jul 25 00:32:03 UTC 2026,1784939523,0,4.66
Sat Jul 25 00:32:21 UTC 2026,1784939541,0,4.54
Sat Jul 25 00:34:28 UTC 2026,1784939668,0,4.71
Sat Jul 25 00:34:48 UTC 2026,1784939688,0,4.47
Sat Jul 25 00:35:15 UTC 2026,1784939715,0,4.46
Sat Jul 25 00:36:09 UTC 2026,1784939769,0,4.66
Sat Jul 25 00:37:31 UTC 2026,1784939851,0,4.53
Sat Jul 25 00:38:08 UTC 2026,1784939888,0,4.73
Sat Jul 25 00:39:11 UTC 2026,1784939951,0,4.52
Sat Jul 25 00:40:06 UTC 2026,1784940006,0,4.59
Sat Jul 25 00:41:37 UTC 2026,1784940097,0,4.73
Sat Jul 25 00:41:50 UTC 2026,1784940110,0,4.75
Sat Jul 25 00:42:27 UTC 2026,1784940147,0,4.55
Sat Jul 25 00:43:25 UTC 2026,1784940205,0,4.73
Sat Jul 25 00:43:39 UTC 2026,1784940219,0,4.54
Sat Jul 25 00:45:43 UTC 2026,1784940343,0,4.76
Sat Jul 25 00:46:00 UTC 2026,1784940360,0,4.59
Sat Jul 25 00:47:12 UTC 2026,1784940432,0,4.73
Sat Jul 25 00:47:26 UTC 2026,1784940446,0,4.58
Sat Jul 25 00:48:44 UTC 2026,1784940524,0,4.73
Sat Jul 25 00:49:57 UTC 2026,1784940597,0,4.62
Sat Jul 25 00:51:14 UTC 2026,1784940674,0,4.75
Sat Jul 25 00:52:54 UTC 2026,1784940774,0,4.63
Sat Jul 25 00:53:16 UTC 2026,1784940796,0,4.76
Sat Jul 25 00:53:43 UTC 2026,1784940823,0,4.6
Sat Jul 25 00:55:01 UTC 2026,1784940901,0,4.56
Sat Jul 25 00:55:24 UTC 2026,1784940924,0,4.74
Sat Jul 25 00:57:32 UTC 2026,1784941052,0,4.57
Sat Jul 25 00:58:07 UTC 2026,1784941087,0,4.77
Sat Jul 25 00:58:13 UTC 2026,1784941093,0,4.56
Sat Jul 25 00:58:26 UTC 2026,1784941106,0,4.85
Sat Jul 25 01:00:24 UTC 2026,1784941224,0,4.53
Sat Jul 25 01:02:13 UTC 2026,1784941333,0,4.8
Sat Jul 25 01:03:03 UTC 2026,1784941383,0,4.58
Sat Jul 25 01:03:12 UTC 2026,1784941392,0,4.81
Sat Jul 25 01:04:24 UTC 2026,1784941464,0,4.59
Sat Jul 25 01:05:25 UTC 2026,1784941525,0,4.74
Sat Jul 25 01:06:14 UTC 2026,1784941574,0,4.38
Sat Jul 25 01:06:37 UTC 2026,1784941597,0,4.78
Sat Jul 25 01:07:22 UTC 2026,1784941642,0,4.59
Sat Jul 25 01:08:40 UTC 2026,1784941720,0,4.78
Sat Jul 25 01:09:43 UTC 2026,1784941783,0,4.57
Sat Jul 25 01:09:48 UTC 2026,1784941788,0,4.6
Sat Jul 25 01:10:02 UTC 2026,1784941802,0,4.82
Sat Jul 25 01:11:37 UTC 2026,1784941897,0,4.55
Sat Jul 25 01:13:12 UTC 2026,1784941992,0,4.61
Sat Jul 25 01:14:33 UTC 2026,1784942073,0,4.83
Sat Jul 25 01:15:56 UTC 2026,1784942156,0,4.63
Sat Jul 25 01:16:00 UTC 2026,1784942160,0,4.85
Sat Jul 25 01:17:18 UTC 2026,1784942238,0,4.66
Sat Jul 25 01:17:35 UTC 2026,1784942255,0,4.84
Sat Jul 25 01:18:02 UTC 2026,1784942282,0,4.67
Sat Jul 25 01:19:11 UTC 2026,1784942351,0,4.83
Sat Jul 25 01:19:39 UTC 2026,1784942379,0,4.63
Sat Jul 25 01:20:24 UTC 2026,1784942424,0,4.81
Sat Jul 25 01:22:22 UTC 2026,1784942542,0,4.69
Sat Jul 25 01:22:26 UTC 2026,1784942546,0,4.84
Sat Jul 25 01:23:07 UTC 2026,1784942587,0,4.82
Sat Jul 25 01:23:17 UTC 2026,1784942597,0,4.7
Sat Jul 25 01:24:40 UTC 2026,1784942680,0,4.82
Sat Jul 25 01:25:01 UTC 2026,1784942701,0,4.7
Sat Jul 25 01:26:19 UTC 2026,1784942779,0,4.82
Sat Jul 25 01:27:13 UTC 2026,1784942833,0,4.69
Sat Jul 25 01:27:55 UTC 2026,1784942875,0,4.62
Sat Jul 25 01:29:16 UTC 2026,1784942956,0,4.87
Sat Jul 25 01:29:52 UTC 2026,1784942992,0,4.8
Sat Jul 25 01:30:42 UTC 2026,1784943042,0,4.64
Sat Jul 25 01:31:14 UTC 2026,1784943074,0,4.67
Sat Jul 25 01:31:24 UTC 2026,1784943084,0,4.81
Sat Jul 25 01:33:17 UTC 2026,1784943197,0,4.59
Sat Jul 25 01:34:30 UTC 2026,1784943270,0,4.75
Sat Jul 25 01:35:48 UTC 2026,1784943348,0,4.4
Sat Jul 25 01:36:37 UTC 2026,1784943397,0,4.47
Sat Jul 25 01:36:42 UTC 2026,1784943402,0,4.74
Sat Jul 25 01:37:55 UTC 2026,1784943475,0,4.63
Sat Jul 25 01:38:35 UTC 2026,1784943515,0,4.76
Sat Jul 25 01:39:48 UTC 2026,1784943588,0,4.74
Sat Jul 25 01:40:12 UTC 2026,1784943612,0,4.56
Sat Jul 25 01:41:28 UTC 2026,1784943688,0,4.72
Sat Jul 25 01:41:55 UTC 2026,1784943715,0,4.58
Sat Jul 25 01:43:13 UTC 2026,1784943793,0,4.69
Sat Jul 25 01:43:54 UTC 2026,1784943834,0,4.53
Sat Jul 25 01:44:43 UTC 2026,1784943883,0,4.72
Sat Jul 25 01:45:56 UTC 2026,1784943956,0,4.53
Sat Jul 25 01:47:14 UTC 2026,1784944034,0,4.7
Sat Jul 25 01:47:38 UTC 2026,1784944058,0,4.51
Sat Jul 25 01:47:59 UTC 2026,1784944079,0,4.73
Sat Jul 25 01:48:23 UTC 2026,1784944103,0,4.46
Sat Jul 25 01:49:40 UTC 2026,1784944180,0,4.76
Sat Jul 25 01:50:34 UTC 2026,1784944234,0,4.55
Sat Jul 25 01:52:22 UTC 2026,1784944342,0,4.66
Sat Jul 25 01:52:32 UTC 2026,1784944352,0,4.4
Sat Jul 25 01:52:50 UTC 2026,1784944370,0,4.5
Sat Jul 25 01:52:55 UTC 2026,1784944375,0,4.64
Sat Jul 25 01:54:57 UTC 2026,1784944497,0,4.46
Sat Jul 25 01:55:17 UTC 2026,1784944517,0,4.64
Sat Jul 25 01:56:11 UTC 2026,1784944571,0,4.48
Sat Jul 25 01:56:46 UTC 2026,1784944606,0,4.65
Sat Jul 25 01:57:45 UTC 2026,1784944665,0,4.59
Sat Jul 25 01:58:54 UTC 2026,1784944734,0,4.43
Sat Jul 25 01:59:20 UTC 2026,1784944760,0,4.58
Sat Jul 25 02:00:15 UTC 2026,1784944815,0,4.46
Sat Jul 25 02:01:29 UTC 2026,1784944889,0,4.44
Sat Jul 25 02:01:42 UTC 2026,1784944902,0,4.57
Sat Jul 25 02:02:41 UTC 2026,1784944961,0,4.4
Sat Jul 25 02:03:00 UTC 2026,1784944980,0,4.52
Sat Jul 25 02:03:26 UTC 2026,1784945006,0,4.47
Sat Jul 25 02:03:30 UTC 2026,1784945010,0,4.52
Sat Jul 25 02:04:03 UTC 2026,1784945043,0,4.41
Sat Jul 25 02:04:07 UTC 2026,1784945047,0,4.59
Sat Jul 25 02:04:35 UTC 2026,1784945075,0,4.55
Sat Jul 25 02:05:25 UTC 2026,1784945125,0,4.2
Sat Jul 25 02:06:15 UTC 2026,1784945175,0,4.55
Sat Jul 25 02:06:25 UTC 2026,1784945185,0,4.21
Sat Jul 25 02:08:27 UTC 2026,1784945307,0,4.49
Sat Jul 25 02:08:58 UTC 2026,1784945338,0,4.36
Sat Jul 25 02:09:39 UTC 2026,1784945379,0,4.37
Sat Jul 25 02:10:39 UTC 2026,1784945439,0,4.62
Sat Jul 25 02:11:47 UTC 2026,1784945507,0,4.33
Sat Jul 25 02:12:05 UTC 2026,1784945525,0,4.52
Sat Jul 25 02:12:59 UTC 2026,1784945579,0,4.32
Sat Jul 25 02:13:18 UTC 2026,1784945598,0,4.5
Sat Jul 25 02:15:16 UTC 2026,1784945716,0,4.53
Sat Jul 25 02:15:34 UTC 2026,1784945734,0,4.28
Sat Jul 25 02:16:11 UTC 2026,1784945771,0,4.3
Sat Jul 25 02:17:18 UTC 2026,1784945838,0,4.46
Sat Jul 25 02:18:18 UTC 2026,1784945898,0,4.52
Sat Jul 25 02:18:59 UTC 2026,1784945939,0,4.25
Sat Jul 25 02:19:21 UTC 2026,1784945961,0,4.42
Sat Jul 25 02:19:44 UTC 2026,1784945984,0,4.25
Sat Jul 25 02:20:57 UTC 2026,1784946057,0,4.2
Sat Jul 25 02:21:56 UTC 2026,1784946116,0,4.41
Sat Jul 25 02:22:32 UTC 2026,1784946152,0,4.17
Sat Jul 25 02:22:37 UTC 2026,1784946157,0,4.36
Sat Jul 25 02:24:53 UTC 2026,1784946293,0,4.35
Sat Jul 25 02:25:11 UTC 2026,1784946311,0,4.18
Sat Jul 25 02:27:08 UTC 2026,1784946428,0,4.3
Sat Jul 25 02:27:14 UTC 2026,1784946434,0,4.13
Sat Jul 25 02:28:17 UTC 2026,1784946497,0,4.31
Sat Jul 25 02:29:26 UTC 2026,1784946566,0,4.25
Sat Jul 25 02:29:57 UTC 2026,1784946597,0,4.12
Sat Jul 25 02:30:52 UTC 2026,1784946652,0,4.08
Sat Jul 25 02:30:57 UTC 2026,1784946657,0,4.26
Sat Jul 25 02:32:54 UTC 2026,1784946774,0,4.2
Sat Jul 25 02:33:08 UTC 2026,1784946788,0,3.96
Sat Jul 25 02:34:53 UTC 2026,1784946893,0,4.24
Sat Jul 25 02:34:57 UTC 2026,1784946897,0,3.98
Sat Jul 25 02:36:09 UTC 2026,1784946969,0,3.92
Sat Jul 25 02:36:15 UTC 2026,1784946975,0,4.12
Sat Jul 25 02:37:36 UTC 2026,1784947056,0,4.09
Sat Jul 25 02:38:44 UTC 2026,1784947124,0,3.94
Sat Jul 25 02:38:53 UTC 2026,1784947133,0,3.95
Sat Jul 25 02:39:03 UTC 2026,1784947143,0,4.08
Sat Jul 25 02:40:52 UTC 2026,1784947252,0,4.04
Sat Jul 25 02:41:52 UTC 2026,1784947312,0,3.84
Sat Jul 25 02:42:26 UTC 2026,1784947346,0,3.85
Sat Jul 25 02:42:54 UTC 2026,1784947374,0,4.05
Sat Jul 25 02:43:48 UTC 2026,1784947428,0,4.07
Sat Jul 25 02:44:20 UTC 2026,1784947460,0,3.76
Sat Jul 25 02:45:55 UTC 2026,1784947555,0,3.81
Sat Jul 25 02:46:28 UTC 2026,1784947588,0,4.03
Sat Jul 25 02:47:17 UTC 2026,1784947637,0,4.05
Sat Jul 25 02:48:31 UTC 2026,1784947711,0,3.79
Sat Jul 25 02:48:50 UTC 2026,1784947730,0,3.97
Sat Jul 25 02:49:25 UTC 2026,1784947765,0,3.76
Sat Jul 25 02:50:25 UTC 2026,1784947825,0,3.9
Sat Jul 25 02:51:41 UTC 2026,1784947901,0,3.68
Sat Jul 25 02:52:40 UTC 2026,1784947960,0,3.86
Sat Jul 25 02:53:17 UTC 2026,1784947997,0,3.68
Sat Jul 25 02:54:02 UTC 2026,1784948042,0,3.67
Sat Jul 25 02:54:11 UTC 2026,1784948051,0,3.88
Sat Jul 25 02:56:37 UTC 2026,1784948197,0,3.68
Sat Jul 25 02:56:42 UTC 2026,1784948202,0,3.85
Sat Jul 25 02:57:40 UTC 2026,1784948260,0,3.87
Sat Jul 25 02:57:51 UTC 2026,1784948271,0,3.68
Sat Jul 25 02:59:47 UTC 2026,1784948387,0,3.77
Sat Jul 25 03:00:06 UTC 2026,1784948406,0,3.52
Sat Jul 25 03:00:43 UTC 2026,1784948443,0,3.84
Sat Jul 25 03:01:28 UTC 2026,1784948488,0,3.62
Sat Jul 25 03:02:41 UTC 2026,1784948561,0,3.9
Sat Jul 25 03:03:31 UTC 2026,1784948611,0,3.61
Sat Jul 25 03:04:35 UTC 2026,1784948675,0,3.91
Sat Jul 25 03:04:49 UTC 2026,1784948689,0,3.57
Sat Jul 25 03:05:38 UTC 2026,1784948738,0,3.41
Sat Jul 25 03:06:11 UTC 2026,1784948771,0,3.85
Sat Jul 25 03:07:05 UTC 2026,1784948825,0,3.37
Sat Jul 25 03:07:26 UTC 2026,1784948846,0,3.84
Sat Jul 25 03:08:40 UTC 2026,1784948920,0,3.75
Sat Jul 25 03:08:49 UTC 2026,1784948929,0,3.54
Sat Jul 25 03:10:47 UTC 2026,1784949047,0,3.57
Sat Jul 25 03:11:19 UTC 2026,1784949079,0,3.73
Sat Jul 25 03:12:14 UTC 2026,1784949134,0,3.69
Sat Jul 25 03:13:03 UTC 2026,1784949183,0,3.51
Sat Jul 25 03:14:48 UTC 2026,1784949288,0,3.68
Sat Jul 25 03:14:52 UTC 2026,1784949292,0,3.5
Sat Jul 25 03:15:34 UTC 2026,1784949334,0,3.71
Sat Jul 25 03:16:05 UTC 2026,1784949365,0,3.47
Sat Jul 25 03:16:51 UTC 2026,1784949411,0,3.48
Sat Jul 25 03:17:13 UTC 2026,1784949433,0,3.66
Sat Jul 25 03:19:07 UTC 2026,1784949547,0,3.43
Sat Jul 25 03:19:57 UTC 2026,1784949597,0,3.69
Sat Jul 25 03:20:37 UTC 2026,1784949637,0,3.7
Sat Jul 25 03:21:42 UTC 2026,1784949702,0,3.44
Sat Jul 25 03:21:50 UTC 2026,1784949710,0,3.4
Sat Jul 25 03:22:09 UTC 2026,1784949729,0,3.63
Sat Jul 25 03:24:11 UTC 2026,1784949851,0,3.61
Sat Jul 25 03:24:57 UTC 2026,1784949897,0,3.36
Sat Jul 25 03:25:06 UTC 2026,1784949906,0,3.39
Sat Jul 25 03:25:19 UTC 2026,1784949919,0,3.69
Sat Jul 25 03:26:46 UTC 2026,1784950006,0,3.7
Sat Jul 25 03:27:00 UTC 2026,1784950020,0,3.42
Sat Jul 25 03:28:48 UTC 2026,1784950128,0,3.65
Sat Jul 25 03:29:57 UTC 2026,1784950197,0,3.32
Sat Jul 25 03:30:06 UTC 2026,1784950206,0,3.3
Sat Jul 25 03:30:15 UTC 2026,1784950215,0,3.58
Sat Jul 25 03:32:04 UTC 2026,1784950324,0,3.49
Sat Jul 25 03:32:37 UTC 2026,1784950357,0,3.36
Sat Jul 25 03:33:48 UTC 2026,1784950428,0,3.51
Sat Jul 25 03:34:39 UTC 2026,1784950479,0,3.26
Sat Jul 25 03:35:15 UTC 2026,1784950515,0,3.34
Sat Jul 25 03:36:14 UTC 2026,1784950574,0,3.51
Sat Jul 25 03:36:41 UTC 2026,1784950601,0,3.52
Sat Jul 25 03:37:54 UTC 2026,1784950674,0,3.25
Sat Jul 25 03:38:26 UTC 2026,1784950706,0,3.52
Sat Jul 25 03:39:16 UTC 2026,1784950756,0,3.25
Sat Jul 25 03:39:56 UTC 2026,1784950796,0,3.42
Sat Jul 25 03:40:56 UTC 2026,1784950856,0,3.15
Sat Jul 25 03:41:59 UTC 2026,1784950919,0,3.48
Sat Jul 25 03:42:41 UTC 2026,1784950961,0,3.05
Sat Jul 25 03:43:31 UTC 2026,1784951011,0,3.04
Sat Jul 25 03:43:49 UTC 2026,1784951029,0,3.46
Sat Jul 25 03:44:52 UTC 2026,1784951092,0,3.33
Sat Jul 25 03:45:55 UTC 2026,1784951155,0,3.11
Sat Jul 25 03:46:33 UTC 2026,1784951193,0,3.13
Sat Jul 25 03:47:08 UTC 2026,1784951228,0,3.34
Sat Jul 25 03:49:47 UTC 2026,1784951387,0,3.06
Sat Jul 25 03:50:24 UTC 2026,1784951424,0,3.33
Sat Jul 25 03:50:37 UTC 2026,1784951437,0,3.03
Sat Jul 25 03:52:22 UTC 2026,1784951542,0,3.3
Sat Jul 25 03:52:59 UTC 2026,1784951579,0,3.03
Sat Jul 25 03:53:35 UTC 2026,1784951615,0,3.06
Sat Jul 25 03:53:48 UTC 2026,1784951628,0,3.39
Sat Jul 25 03:55:47 UTC 2026,1784951747,0,2.99
Sat Jul 25 03:56:15 UTC 2026,1784951775,0,3.26
Sat Jul 25 03:57:04 UTC 2026,1784951824,0,2.61
Sat Jul 25 03:57:22 UTC 2026,1784951842,0,3.32
Sat Jul 25 03:58:40 UTC 2026,1784951920,0,2.94
Sat Jul 25 03:58:53 UTC 2026,1784951933,0,3.28
Sat Jul 25 04:00:33 UTC 2026,1784952033,0,2.96
Sat Jul 25 04:00:42 UTC 2026,1784952042,0,3.26
Sat Jul 25 04:02:13 UTC 2026,1784952133,0,2.97
Sat Jul 25 04:02:50 UTC 2026,1784952170,0,3.37
Sat Jul 25 04:03:22 UTC 2026,1784952202,0,2.96
Sat Jul 25 04:03:40 UTC 2026,1784952220,0,3.25
Sat Jul 25 04:04:52 UTC 2026,1784952292,0,3.29
Sat Jul 25 04:05:24 UTC 2026,1784952324,0,2.95
Sat Jul 25 04:06:56 UTC 2026,1784952416,0,3.2
Sat Jul 25 04:07:13 UTC 2026,1784952433,0,3.0
Sat Jul 25 04:08:12 UTC 2026,1784952492,0,3.26
Sat Jul 25 04:08:26 UTC 2026,1784952506,0,2.93
Sat Jul 25 04:09:39 UTC 2026,1784952579,0,3.19
Sat Jul 25 04:09:58 UTC 2026,1784952598,0,2.92
Sat Jul 25 04:11:19 UTC 2026,1784952679,0,3.31
Sat Jul 25 04:11:27 UTC 2026,1784952687,0,2.94
Sat Jul 25 04:13:08 UTC 2026,1784952788,0,3.14
Sat Jul 25 04:14:30 UTC 2026,1784952870,0,2.7
Sat Jul 25 04:15:37 UTC 2026,1784952937,0,2.85
Sat Jul 25 04:16:05 UTC 2026,1784952965,0,3.14
Sat Jul 25 04:16:59 UTC 2026,1784953019,0,2.76
Sat Jul 25 04:17:32 UTC 2026,1784953052,0,3.17
Sat Jul 25 04:17:51 UTC 2026,1784953071,0,2.75
Sat Jul 25 04:17:59 UTC 2026,1784953079,0,3.19
Sat Jul 25 04:19:30 UTC 2026,1784953170,0,3.07
Sat Jul 25 04:19:54 UTC 2026,1784953194,0,2.75
Sat Jul 25 04:21:25 UTC 2026,1784953285,0,3.15
Sat Jul 25 04:22:42 UTC 2026,1784953362,0,2.77
Sat Jul 25 04:22:59 UTC 2026,1784953379,0,3.07
Sat Jul 25 04:23:40 UTC 2026,1784953420,0,2.69
Sat Jul 25 04:25:39 UTC 2026,1784953539,0,3.09
Sat Jul 25 04:26:05 UTC 2026,1784953565,0,2.65
Sat Jul 25 04:26:24 UTC 2026,1784953584,0,3.06
Sat Jul 25 04:26:33 UTC 2026,1784953593,0,2.73
Sat Jul 25 04:27:54 UTC 2026,1784953674,0,3.0
Sat Jul 25 04:29:21 UTC 2026,1784953761,0,2.7
Sat Jul 25 04:29:54 UTC 2026,1784953794,0,2.74
Sat Jul 25 04:30:02 UTC 2026,1784953802,0,3.07
Sat Jul 25 04:31:06 UTC 2026,1784953866,0,3.01
Sat Jul 25 04:31:33 UTC 2026,1784953893,0,2.53
Sat Jul 25 04:33:04 UTC 2026,1784953984,0,3.02
Sat Jul 25 04:33:18 UTC 2026,1784953998,0,2.7
Sat Jul 25 04:34:21 UTC 2026,1784954061,0,2.92
Sat Jul 25 04:34:40 UTC 2026,1784954080,0,2.59
Sat Jul 25 04:36:28 UTC 2026,1784954188,0,2.6
Sat Jul 25 04:37:33 UTC 2026,1784954253,0,3.03
Sat Jul 25 04:37:42 UTC 2026,1784954262,0,3.14
Sat Jul 25 04:39:08 UTC 2026,1784954348,0,2.6
Sat Jul 25 04:39:53 UTC 2026,1784954393,0,2.99
Sat Jul 25 04:40:35 UTC 2026,1784954435,0,2.55
Sat Jul 25 04:41:30 UTC 2026,1784954490,0,2.54
Sat Jul 25 04:41:34 UTC 2026,1784954494,0,3.06
Sat Jul 25 04:43:50 UTC 2026,1784954630,0,2.63
Sat Jul 25 04:44:03 UTC 2026,1784954643,0,3.0
Sat Jul 25 04:44:45 UTC 2026,1784954685,0,2.99
Sat Jul 25 04:45:40 UTC 2026,1784954740,0,2.55
Sat Jul 25 04:46:42 UTC 2026,1784954802,0,2.62
Sat Jul 25 04:47:28 UTC 2026,1784954848,0,2.87
Sat Jul 25 04:47:42 UTC 2026,1784954862,0,2.85
Sat Jul 25 04:48:28 UTC 2026,1784954908,0,2.64
Sat Jul 25 04:49:13 UTC 2026,1784954953,0,2.56
Sat Jul 25 04:49:58 UTC 2026,1784954998,0,2.91
Sat Jul 25 04:51:46 UTC 2026,1784955106,0,2.7
Sat Jul 25 04:52:24 UTC 2026,1784955144,0,2.92
Sat Jul 25 04:52:38 UTC 2026,1784955158,0,2.94
Sat Jul 25 04:53:13 UTC 2026,1784955193,0,2.65
Sat Jul 25 04:54:26 UTC 2026,1784955266,0,2.92
Sat Jul 25 04:55:16 UTC 2026,1784955316,0,2.69
Sat Jul 25 04:56:38 UTC 2026,1784955398,0,2.66
Sat Jul 25 04:57:23 UTC 2026,1784955443,0,2.97
Sat Jul 25 04:57:33 UTC 2026,1784955453,0,3.15
Sat Jul 25 04:57:42 UTC 2026,1784955462,0,2.71
Sat Jul 25 04:59:58 UTC 2026,1784955598,0,3.08
Sat Jul 25 05:00:35 UTC 2026,1784955635,0,2.57
Sat Jul 25 05:01:43 UTC 2026,1784955703,0,2.99
Sat Jul 25 05:02:20 UTC 2026,1784955740,0,2.56
Sat Jul 25 05:02:28 UTC 2026,1784955748,0,2.58
Sat Jul 25 05:03:27 UTC 2026,1784955807,0,2.97
Sat Jul 25 05:04:36 UTC 2026,1784955876,0,2.58
Sat Jul 25 05:05:03 UTC 2026,1784955903,0,2.98
Sat Jul 25 05:06:20 UTC 2026,1784955980,0,3.0
Sat Jul 25 05:06:24 UTC 2026,1784955984,0,2.67
Sat Jul 25 05:08:23 UTC 2026,1784956103,0,2.96
Sat Jul 25 05:08:46 UTC 2026,1784956126,0,2.63
Sat Jul 25 05:10:12 UTC 2026,1784956212,0,2.99
Sat Jul 25 05:10:34 UTC 2026,1784956234,0,2.68
Sat Jul 25 05:11:34 UTC 2026,1784956294,0,2.96
Sat Jul 25 05:12:11 UTC 2026,1784956331,0,2.52
Sat Jul 25 05:13:01 UTC 2026,1784956381,0,2.67
Sat Jul 25 05:13:28 UTC 2026,1784956408,0,2.92
Sat Jul 25 05:14:54 UTC 2026,1784956494,0,2.96
Sat Jul 25 05:15:03 UTC 2026,1784956503,0,2.66
Sat Jul 25 05:16:07 UTC 2026,1784956567,0,2.91
Sat Jul 25 05:16:11 UTC 2026,1784956571,0,2.62
Sat Jul 25 05:17:32 UTC 2026,1784956652,0,2.69
Sat Jul 25 05:18:05 UTC 2026,1784956685,0,2.92
Sat Jul 25 05:19:32 UTC 2026,1784956772,0,2.97
Sat Jul 25 05:19:50 UTC 2026,1784956790,0,2.6
Sat Jul 25 05:21:38 UTC 2026,1784956898,0,2.66
Sat Jul 25 05:22:02 UTC 2026,1784956922,0,2.93
Sat Jul 25 05:22:23 UTC 2026,1784956943,0,2.89
Sat Jul 25 05:23:15 UTC 2026,1784956995,0,2.66
Sat Jul 25 05:24:00 UTC 2026,1784957040,0,2.65
Sat Jul 25 05:24:37 UTC 2026,1784957077,0,3.04
Sat Jul 25 05:25:58 UTC 2026,1784957158,0,2.67
Sat Jul 25 05:26:07 UTC 2026,1784957167,0,3.02
Sat Jul 25 05:27:47 UTC 2026,1784957267,0,2.71
Sat Jul 25 05:27:52 UTC 2026,1784957272,0,2.92
Sat Jul 25 05:29:45 UTC 2026,1784957385,0,2.86
Sat Jul 25 05:30:12 UTC 2026,1784957412,0,2.66
Sat Jul 25 05:30:35 UTC 2026,1784957435,0,2.85
Sat Jul 25 05:31:16 UTC 2026,1784957476,0,2.67
Sat Jul 25 05:32:51 UTC 2026,1784957571,0,2.98
Sat Jul 25 05:33:32 UTC 2026,1784957612,0,2.61
Sat Jul 25 05:33:59 UTC 2026,1784957639,0,3.06
Sat Jul 25 05:35:12 UTC 2026,1784957712,0,2.56
Sat Jul 25 05:35:39 UTC 2026,1784957739,0,2.66
Sat Jul 25 05:35:45 UTC 2026,1784957745,0,2.95
Sat Jul 25 05:37:28 UTC 2026,1784957848,0,2.67
Sat Jul 25 05:37:37 UTC 2026,1784957857,0,2.97
Sat Jul 25 05:38:42 UTC 2026,1784957922,0,2.68
Sat Jul 25 05:40:12 UTC 2026,1784958012,0,3.05
Sat Jul 25 05:40:53 UTC 2026,1784958053,0,2.61
Sat Jul 25 05:41:30 UTC 2026,1784958090,0,2.96
Sat Jul 25 05:42:15 UTC 2026,1784958135,0,2.97
Sat Jul 25 05:43:10 UTC 2026,1784958190,0,2.64
Sat Jul 25 05:43:41 UTC 2026,1784958221,0,2.72
Sat Jul 25 05:43:46 UTC 2026,1784958226,0,2.98
Sat Jul 25 05:45:57 UTC 2026,1784958357,0,2.72
Sat Jul 25 05:46:30 UTC 2026,1784958390,0,3.18
Sat Jul 25 05:47:06 UTC 2026,1784958426,0,3.06
Sat Jul 25 05:48:23 UTC 2026,1784958503,0,2.69
Sat Jul 25 05:49:40 UTC 2026,1784958580,0,3.04
Sat Jul 25 05:49:57 UTC 2026,1784958597,0,2.67
Sat Jul 25 05:50:30 UTC 2026,1784958630,0,2.57
Sat Jul 25 05:50:49 UTC 2026,1784958649,0,3.08
Sat Jul 25 05:52:24 UTC 2026,1784958744,0,2.61
Sat Jul 25 05:52:42 UTC 2026,1784958762,0,3.0
Sat Jul 25 05:53:36 UTC 2026,1784958816,0,2.66
Sat Jul 25 05:54:09 UTC 2026,1784958849,0,3.07
Sat Jul 25 05:56:28 UTC 2026,1784958988,0,3.0
Sat Jul 25 05:56:43 UTC 2026,1784959003,0,2.58
Sat Jul 25 05:57:24 UTC 2026,1784959044,0,2.64
Sat Jul 25 05:57:42 UTC 2026,1784959062,0,3.08
Sat Jul 25 05:58:46 UTC 2026,1784959126,0,3.03
Sat Jul 25 05:59:40 UTC 2026,1784959180,0,2.72
Sat Jul 25 06:00:21 UTC 2026,1784959221,0,3.03
Sat Jul 25 06:00:38 UTC 2026,1784959238,0,2.76
Sat Jul 25 06:01:48 UTC 2026,1784959308,0,3.09
Sat Jul 25 06:02:24 UTC 2026,1784959344,0,2.69
Sat Jul 25 06:03:32 UTC 2026,1784959412,0,2.99
Sat Jul 25 06:04:35 UTC 2026,1784959475,0,2.71
Sat Jul 25 06:05:08 UTC 2026,1784959508,0,3.0
Sat Jul 25 06:06:21 UTC 2026,1784959581,0,2.71
Sat Jul 25 06:07:29 UTC 2026,1784959649,0,3.03
Sat Jul 25 06:08:00 UTC 2026,1784959680,0,2.75
Sat Jul 25 06:08:32 UTC 2026,1784959712,0,3.03
Sat Jul 25 06:08:55 UTC 2026,1784959735,0,2.72
Sat Jul 25 06:10:08 UTC 2026,1784959808,0,2.64
Sat Jul 25 06:11:02 UTC 2026,1784959862,0,3.13
Sat Jul 25 06:12:01 UTC 2026,1784959921,0,2.73
Sat Jul 25 06:12:20 UTC 2026,1784959940,0,3.02
Sat Jul 25 06:13:41 UTC 2026,1784960021,0,2.77
Sat Jul 25 06:13:55 UTC 2026,1784960035,0,3.07
Sat Jul 25 06:15:22 UTC 2026,1784960122,0,2.75
Sat Jul 25 06:15:30 UTC 2026,1784960130,0,3.04
Sat Jul 25 06:17:33 UTC 2026,1784960253,0,2.73
Sat Jul 25 06:17:51 UTC 2026,1784960271,0,3.01
Sat Jul 25 06:18:28 UTC 2026,1784960308,0,3.06
Sat Jul 25 06:18:55 UTC 2026,1784960335,0,2.68
Sat Jul 25 06:20:02 UTC 2026,1784960402,0,3.0
Sat Jul 25 06:21:34 UTC 2026,1784960494,0,2.67
Sat Jul 25 06:21:44 UTC 2026,1784960504,0,3.14
Sat Jul 25 06:23:01 UTC 2026,1784960581,0,2.6
Sat Jul 25 06:23:42 UTC 2026,1784960622,0,2.66
Sat Jul 25 06:24:22 UTC 2026,1784960662,0,2.99
Sat Jul 25 06:25:09 UTC 2026,1784960709,0,2.96
Sat Jul 25 06:25:26 UTC 2026,1784960726,0,2.64
Sat Jul 25 06:27:19 UTC 2026,1784960839,0,2.6
Sat Jul 25 06:27:37 UTC 2026,1784960857,0,3.04
Sat Jul 25 06:28:37 UTC 2026,1784960917,0,2.98
Sat Jul 25 06:29:36 UTC 2026,1784960976,0,2.61
Sat Jul 25 06:31:07 UTC 2026,1784961067,0,3.04
Sat Jul 25 06:31:29 UTC 2026,1784961089,0,2.61
Sat Jul 25 06:31:56 UTC 2026,1784961116,0,2.57
Sat Jul 25 06:33:01 UTC 2026,1784961181,0,3.04
Sat Jul 25 06:33:59 UTC 2026,1784961239,0,2.48
Sat Jul 25 06:34:27 UTC 2026,1784961267,0,2.93
Sat Jul 25 06:35:08 UTC 2026,1784961308,0,2.61
Sat Jul 25 06:36:16 UTC 2026,1784961376,0,2.93
Sat Jul 25 06:37:32 UTC 2026,1784961452,0,3.03
Sat Jul 25 06:38:05 UTC 2026,1784961485,0,2.52
Sat Jul 25 06:38:32 UTC 2026,1784961512,0,3.01
Sat Jul 25 06:39:22 UTC 2026,1784961562,0,2.39
Sat Jul 25 06:39:45 UTC 2026,1784961585,0,2.92
Sat Jul 25 06:40:11 UTC 2026,1784961611,0,2.45
Sat Jul 25 06:41:24 UTC 2026,1784961684,0,2.53
Sat Jul 25 06:42:37 UTC 2026,1784961757,0,3.01
Sat Jul 25 06:43:09 UTC 2026,1784961789,0,2.58
Sat Jul 25 06:44:30 UTC 2026,1784961870,0,3.01
Sat Jul 25 06:44:58 UTC 2026,1784961898,0,2.48
Sat Jul 25 06:45:21 UTC 2026,1784961921,0,3.07
Sat Jul 25 06:47:23 UTC 2026,1784962043,0,2.51
Sat Jul 25 06:47:27 UTC 2026,1784962047,0,3.01
Sat Jul 25 06:49:08 UTC 2026,1784962148,0,2.68
Sat Jul 25 06:49:13 UTC 2026,1784962153,0,3.03
Sat Jul 25 06:50:16 UTC 2026,1784962216,0,3.1
Sat Jul 25 06:50:34 UTC 2026,1784962234,0,2.52
Sat Jul 25 06:51:33 UTC 2026,1784962293,0,3.33
Sat Jul 25 06:52:01 UTC 2026,1784962321,0,2.35
Sat Jul 25 06:54:26 UTC 2026,1784962466,0,2.13
Sat Jul 25 06:54:31 UTC 2026,1784962471,0,3.2
Sat Jul 25 06:54:39 UTC 2026,1784962479,0,2.38
Sat Jul 25 06:55:48 UTC 2026,1784962548,0,3.01
Sat Jul 25 06:56:15 UTC 2026,1784962575,0,3.43
Sat Jul 25 06:56:25 UTC 2026,1784962585,0,2.45
Sat Jul 25 06:58:13 UTC 2026,1784962693,0,2.99
Sat Jul 25 06:58:45 UTC 2026,1784962725,0,2.54
Sat Jul 25 07:00:12 UTC 2026,1784962812,0,2.53
Sat Jul 25 07:01:10 UTC 2026,1784962870,0,2.83
Sat Jul 25 07:02:27 UTC 2026,1784962947,0,2.92
Sat Jul 25 07:02:31 UTC 2026,1784962951,0,2.55
Sat Jul 25 07:03:08 UTC 2026,1784962988,0,2.82
Sat Jul 25 07:04:17 UTC 2026,1784963057,0,2.29
Sat Jul 25 07:05:34 UTC 2026,1784963134,0,2.69
Sat Jul 25 07:05:47 UTC 2026,1784963147,0,2.35
Sat Jul 25 07:06:15 UTC 2026,1784963175,0,2.82
Sat Jul 25 07:07:46 UTC 2026,1784963266,0,1.84
Sat Jul 25 07:07:50 UTC 2026,1784963270,0,2.97
Sat Jul 25 07:09:03 UTC 2026,1784963343,0,1.4
Sat Jul 25 07:09:29 UTC 2026,1784963369,0,2.13
Sat Jul 25 07:11:05 UTC 2026,1784963465,0,-0.9
Sat Jul 25 07:11:15 UTC 2026,1784963475,0,-1.71
Sat Jul 25 07:11:47 UTC 2026,1784963507,0,1.9
Sat Jul 25 07:12:45 UTC 2026,1784963565,0,1.59
Sat Jul 25 07:13:26 UTC 2026,1784963606,0,0.5
Sat Jul 25 07:14:48 UTC 2026,1784963688,0,1.55
Sat Jul 25 07:16:01 UTC 2026,1784963761,0,-0.96
Sat Jul 25 07:16:06 UTC 2026,1784963766,0,-0.61
Sat Jul 25 07:16:55 UTC 2026,1784963815,0,-1.5
Sat Jul 25 07:18:22 UTC 2026,1784963902,0,-2.23
Sat Jul 25 07:19:16 UTC 2026,1784963956,0,-0.68
Sat Jul 25 07:19:22 UTC 2026,1784963962,0,-0.33
Sat Jul 25 07:20:30 UTC 2026,1784964030,0,0.81
Sat Jul 25 07:21:01 UTC 2026,1784964061,0,0.7
Sat Jul 25 07:22:32 UTC 2026,1784964152,0,1.9
Sat Jul 25 07:22:55 UTC 2026,1784964175,0,1.77
Sat Jul 25 07:23:45 UTC 2026,1784964225,0,2.45
Sat Jul 25 07:24:21 UTC 2026,1784964261,0,2.25
Sat Jul 25 07:25:11 UTC 2026,1784964311,0,2.79
Sat Jul 25 07:26:19 UTC 2026,1784964379,0,2.43
Sat Jul 25 07:27:28 UTC 2026,1784964448,0,3.04
Sat Jul 25 07:27:55 UTC 2026,1784964475,0,2.66
Sat Jul 25 07:28:49 UTC 2026,1784964529,0,3.06
Sat Jul 25 07:29:52 UTC 2026,1784964592,0,3.05
Sat Jul 25 07:30:52 UTC 2026,1784964652,0,2.57
Sat Jul 25 07:32:00 UTC 2026,1784964720,0,3.1
Sat Jul 25 07:32:18 UTC 2026,1784964738,0,2.75
Sat Jul 25 07:32:46 UTC 2026,1784964766,0,2.69
Sat Jul 25 07:33:54 UTC 2026,1784964834,0,3.14
Sat Jul 25 07:35:07 UTC 2026,1784964907,0,3.13
Sat Jul 25 07:35:34 UTC 2026,1784964934,0,2.9
Sat Jul 25 07:36:15 UTC 2026,1784964975,0,2.86
Sat Jul 25 07:36:42 UTC 2026,1784965002,0,3.21
Sat Jul 25 07:37:45 UTC 2026,1784965065,0,2.82
Sat Jul 25 07:38:22 UTC 2026,1784965102,0,3.13
Sat Jul 25 07:39:48 UTC 2026,1784965188,0,2.79
Sat Jul 25 07:40:05 UTC 2026,1784965205,0,3.09
Sat Jul 25 07:41:23 UTC 2026,1784965283,0,2.75
Sat Jul 25 07:41:50 UTC 2026,1784965310,0,3.09
Sat Jul 25 07:42:50 UTC 2026,1784965370,0,2.69
Sat Jul 25 07:43:35 UTC 2026,1784965415,0,3.07
Sat Jul 25 07:44:26 UTC 2026,1784965466,0,2.8
Sat Jul 25 07:44:30 UTC 2026,1784965470,0,3.02
Sat Jul 25 07:46:15 UTC 2026,1784965575,0,3.16
Sat Jul 25 07:46:23 UTC 2026,1784965583,0,2.78
Sat Jul 25 07:48:40 UTC 2026,1784965720,0,2.76
Sat Jul 25 07:48:49 UTC 2026,1784965729,0,3.18
Sat Jul 25 07:49:58 UTC 2026,1784965798,0,3.09
Sat Jul 25 07:50:39 UTC 2026,1784965839,0,2.7
Sat Jul 25 07:51:10 UTC 2026,1784965870,0,3.06
Sat Jul 25 07:52:01 UTC 2026,1784965921,0,2.52
Sat Jul 25 07:52:27 UTC 2026,1784965947,0,2.8
Sat Jul 25 07:53:16 UTC 2026,1784965996,0,-0.12
Sat Jul 25 07:54:02 UTC 2026,1784966042,0,1.48
Sat Jul 25 07:55:38 UTC 2026,1784966138,0,-8.25
Sat Jul 25 07:55:43 UTC 2026,1784966143,0,-9.13
Sat Jul 25 07:57:04 UTC 2026,1784966224,0,-14.49
Sat Jul 25 07:57:22 UTC 2026,1784966242,0,-11.62
Sat Jul 25 07:57:59 UTC 2026,1784966279,0,-15.73
Sat Jul 25 07:58:59 UTC 2026,1784966339,0,-10.97
Sat Jul 25 07:59:39 UTC 2026,1784966379,0,-7.96
Sat Jul 25 08:00:41 UTC 2026,1784966441,0,-8.07
Sat Jul 25 08:02:13 UTC 2026,1784966533,0,-0.48
Sat Jul 25 08:02:21 UTC 2026,1784966541,0,-0.36
Sat Jul 25 08:03:48 UTC 2026,1784966628,0,-2.74
Sat Jul 25 08:03:57 UTC 2026,1784966637,0,-2.57
Sat Jul 25 08:05:28 UTC 2026,1784966728,0,-4.8
Sat Jul 25 08:05:37 UTC 2026,1784966737,0,-4.53
Sat Jul 25 08:06:54 UTC 2026,1784966814,0,-1.21
Sat Jul 25 08:07:52 UTC 2026,1784966872,0,-0.77
Sat Jul 25 08:08:47 UTC 2026,1784966927,0,-1.67
Sat Jul 25 08:08:52 UTC 2026,1784966932,0,-1.62
Sat Jul 25 08:09:42 UTC 2026,1784966982,0,0.83
Sat Jul 25 08:10:41 UTC 2026,1784967041,0,0.51
Sat Jul 25 08:12:08 UTC 2026,1784967128,0,1.5
Sat Jul 25 08:12:16 UTC 2026,1784967136,0,1.18
Sat Jul 25 08:13:43 UTC 2026,1784967223,0,2.16
Sat Jul 25 08:13:48 UTC 2026,1784967228,0,1.54
Sat Jul 25 08:14:46 UTC 2026,1784967286,0,2.19
Sat Jul 25 08:15:51 UTC 2026,1784967351,0,2.35
Sat Jul 25 08:16:58 UTC 2026,1784967418,0,1.67
Sat Jul 25 08:17:21 UTC 2026,1784967441,0,1.58
Sat Jul 25 08:18:11 UTC 2026,1784967491,0,2.08
Sat Jul 25 08:19:41 UTC 2026,1784967581,0,1.74
Sat Jul 25 08:20:22 UTC 2026,1784967622,0,2.19
Sat Jul 25 08:20:28 UTC 2026,1784967628,0,2.03
Sat Jul 25 08:21:55 UTC 2026,1784967715,0,2.58
Sat Jul 25 08:22:08 UTC 2026,1784967728,0,2.48
Sat Jul 25 08:22:53 UTC 2026,1784967773,0,2.2
Sat Jul 25 08:24:52 UTC 2026,1784967892,0,2.22
Sat Jul 25 08:25:01 UTC 2026,1784967901,0,2.51
Sat Jul 25 08:26:46 UTC 2026,1784968006,0,2.53
Sat Jul 25 08:26:59 UTC 2026,1784968019,0,2.06
Sat Jul 25 08:27:57 UTC 2026,1784968077,0,2.24
Sat Jul 25 08:28:30 UTC 2026,1784968110,0,2.41
Sat Jul 25 08:29:34 UTC 2026,1784968174,0,2.17
Sat Jul 25 08:29:51 UTC 2026,1784968191,0,2.57
Sat Jul 25 08:30:19 UTC 2026,1784968219,0,2.39
Sat Jul 25 08:31:30 UTC 2026,1784968290,0,2.69
Sat Jul 25 08:31:58 UTC 2026,1784968318,0,2.6
Sat Jul 25 08:33:11 UTC 2026,1784968391,0,2.96
Sat Jul 25 08:34:11 UTC 2026,1784968451,0,2.85
Sat Jul 25 08:34:59 UTC 2026,1784968499,0,3.12
Sat Jul 25 08:35:27 UTC 2026,1784968527,0,3.22
Sat Jul 25 08:35:59 UTC 2026,1784968559,0,2.98
Sat Jul 25 08:37:30 UTC 2026,1784968650,0,3.08
Sat Jul 25 08:37:40 UTC 2026,1784968660,0,3.25
Sat Jul 25 08:38:34 UTC 2026,1784968714,0,3.13
Sat Jul 25 08:39:45 UTC 2026,1784968785,0,3.4
Sat Jul 25 08:41:44 UTC 2026,1784968904,0,3.07
Sat Jul 25 08:42:57 UTC 2026,1784968977,0,3.11
Sat Jul 25 08:43:05 UTC 2026,1784968985,0,3.43
Sat Jul 25 08:43:38 UTC 2026,1784969018,0,3.19
Sat Jul 25 08:44:52 UTC 2026,1784969092,0,3.44
Sat Jul 25 08:45:13 UTC 2026,1784969113,0,3.32
Sat Jul 25 08:45:59 UTC 2026,1784969159,0,3.57
Sat Jul 25 08:46:48 UTC 2026,1784969208,0,3.43
Sat Jul 25 08:48:25 UTC 2026,1784969305,0,3.62
Sat Jul 25 08:49:09 UTC 2026,1784969349,0,3.48
Sat Jul 25 08:49:55 UTC 2026,1784969395,0,3.66
Sat Jul 25 08:51:21 UTC 2026,1784969481,0,3.52
Sat Jul 25 08:51:30 UTC 2026,1784969490,0,3.68
Sat Jul 25 08:51:49 UTC 2026,1784969509,0,3.51
Sat Jul 25 08:52:34 UTC 2026,1784969554,0,3.71
Sat Jul 25 08:54:50 UTC 2026,1784969690,0,3.54
Sat Jul 25 08:54:59 UTC 2026,1784969699,0,3.72
Sat Jul 25 08:56:12 UTC 2026,1784969772,0,3.53
Sat Jul 25 08:56:26 UTC 2026,1784969786,0,3.69
Sat Jul 25 08:57:06 UTC 2026,1784969826,0,3.71
Sat Jul 25 08:57:11 UTC 2026,1784969831,0,3.61
Sat Jul 25 08:59:36 UTC 2026,1784969976,0,3.73
Sat Jul 25 08:59:55 UTC 2026,1784969995,0,3.59
Sat Jul 25 09:00:22 UTC 2026,1784970022,0,3.55
Sat Jul 25 09:01:03 UTC 2026,1784970063,0,3.72
Sat Jul 25 09:01:48 UTC 2026,1784970108,0,3.56
Sat Jul 25 09:02:01 UTC 2026,1784970121,0,3.73
Sat Jul 25 09:04:41 UTC 2026,1784970281,0,3.75
Sat Jul 25 09:04:54 UTC 2026,1784970294,0,3.59
Sat Jul 25 09:05:00 UTC 2026,1784970300,0,3.67
Sat Jul 25 09:05:21 UTC 2026,1784970321,0,3.5
Sat Jul 25 09:06:43 UTC 2026,1784970403,0,3.67
Sat Jul 25 09:08:01 UTC 2026,1784970481,0,3.39
Sat Jul 25 09:08:19 UTC 2026,1784970499,0,3.48
Sat Jul 25 09:09:51 UTC 2026,1784970591,0,3.06
Sat Jul 25 09:11:11 UTC 2026,1784970671,0,3.34
Sat Jul 25 09:11:44 UTC 2026,1784970704,0,3.36
Sat Jul 25 09:13:06 UTC 2026,1784970786,0,3.05
Sat Jul 25 09:13:14 UTC 2026,1784970794,0,3.16
Sat Jul 25 09:13:41 UTC 2026,1784970821,0,3.54
Sat Jul 25 09:15:21 UTC 2026,1784970921,0,3.36
Sat Jul 25 09:16:02 UTC 2026,1784970962,0,3.55
Sat Jul 25 09:17:02 UTC 2026,1784971022,0,3.37
Sat Jul 25 09:18:00 UTC 2026,1784971080,0,3.59
Sat Jul 25 09:18:24 UTC 2026,1784971104,0,3.57
Sat Jul 25 09:18:56 UTC 2026,1784971136,0,3.44
Sat Jul 25 09:20:12 UTC 2026,1784971212,0,3.45
Sat Jul 25 09:20:26 UTC 2026,1784971226,0,3.61
Sat Jul 25 09:21:43 UTC 2026,1784971303,0,3.65
Sat Jul 25 09:22:52 UTC 2026,1784971372,0,3.45
Sat Jul 25 09:23:33 UTC 2026,1784971413,0,3.61
Sat Jul 25 09:23:51 UTC 2026,1784971431,0,3.47
Sat Jul 25 09:24:58 UTC 2026,1784971498,0,3.46
Sat Jul 25 09:25:53 UTC 2026,1784971553,0,3.6
Sat Jul 25 09:26:57 UTC 2026,1784971617,0,3.66
Sat Jul 25 09:27:06 UTC 2026,1784971626,0,3.48
Sat Jul 25 09:28:10 UTC 2026,1784971690,0,3.4
Sat Jul 25 09:28:23 UTC 2026,1784971703,0,3.6
Sat Jul 25 09:30:45 UTC 2026,1784971845,0,3.41
Sat Jul 25 09:32:01 UTC 2026,1784971921,0,3.42
Sat Jul 25 09:32:28 UTC 2026,1784971948,0,3.61
Sat Jul 25 09:33:09 UTC 2026,1784971989,0,3.55
Sat Jul 25 09:33:41 UTC 2026,1784972021,0,3.35
Sat Jul 25 09:34:55 UTC 2026,1784972095,0,3.6
Sat Jul 25 09:35:30 UTC 2026,1784972130,0,3.4
Sat Jul 25 09:37:10 UTC 2026,1784972230,0,3.34
Sat Jul 25 09:37:51 UTC 2026,1784972271,0,3.54
Sat Jul 25 09:38:37 UTC 2026,1784972317,0,3.37
Sat Jul 25 09:40:48 UTC 2026,1784972448,0,3.33
Sat Jul 25 09:41:01 UTC 2026,1784972461,0,3.54
Sat Jul 25 09:41:38 UTC 2026,1784972498,0,3.52
Sat Jul 25 09:42:38 UTC 2026,1784972558,0,3.15
Sat Jul 25 09:44:13 UTC 2026,1784972653,0,3.5
Sat Jul 25 09:44:36 UTC 2026,1784972676,0,3.35
Sat Jul 25 09:44:40 UTC 2026,1784972680,0,3.51
Sat Jul 25 09:47:05 UTC 2026,1784972825,0,3.56
Sat Jul 25 09:47:19 UTC 2026,1784972839,0,3.36
Sat Jul 25 09:48:50 UTC 2026,1784972930,0,3.34
Sat Jul 25 09:49:27 UTC 2026,1784972967,0,3.53
Sat Jul 25 09:49:54 UTC 2026,1784972994,0,3.36
Sat Jul 25 09:50:22 UTC 2026,1784973022,0,3.53
Sat Jul 25 09:52:29 UTC 2026,1784973149,0,3.37
Sat Jul 25 09:52:46 UTC 2026,1784973166,0,3.54
Sat Jul 25 09:52:50 UTC 2026,1784973170,0,3.38
Sat Jul 25 09:53:05 UTC 2026,1784973185,0,3.57
Sat Jul 25 09:54:27 UTC 2026,1784973267,0,3.53
Sat Jul 25 09:55:39 UTC 2026,1784973339,0,3.36
Sat Jul 25 09:57:20 UTC 2026,1784973440,0,3.38
Sat Jul 25 09:57:33 UTC 2026,1784973453,0,3.56
Sat Jul 25 09:58:14 UTC 2026,1784973494,0,3.37
Sat Jul 25 09:59:03 UTC 2026,1784973543,0,3.57
Sat Jul 25 09:59:40 UTC 2026,1784973580,0,3.39
Sat Jul 25 10:00:44 UTC 2026,1784973644,0,3.57
Sat Jul 25 10:01:52 UTC 2026,1784973712,0,3.42
Sat Jul 25 10:02:37 UTC 2026,1784973757,0,3.6
Sat Jul 25 10:03:41 UTC 2026,1784973821,0,3.36
Sat Jul 25 10:04:09 UTC 2026,1784973849,0,3.61
Sat Jul 25 10:04:22 UTC 2026,1784973862,0,3.46
Sat Jul 25 10:05:17 UTC 2026,1784973917,0,3.6
Sat Jul 25 10:06:16 UTC 2026,1784973976,0,3.41
Sat Jul 25 10:06:20 UTC 2026,1784973980,0,3.62
Sat Jul 25 10:07:51 UTC 2026,1784974071,0,3.57
Sat Jul 25 10:08:14 UTC 2026,1784974094,0,3.37
Sat Jul 25 10:09:27 UTC 2026,1784974167,0,3.55
Sat Jul 25 10:09:35 UTC 2026,1784974175,0,3.4
Sat Jul 25 10:11:16 UTC 2026,1784974276,0,3.37
Sat Jul 25 10:12:14 UTC 2026,1784974334,0,3.55
Sat Jul 25 10:12:47 UTC 2026,1784974367,0,3.65
Sat Jul 25 10:13:10 UTC 2026,1784974390,0,3.26
Sat Jul 25 10:14:45 UTC 2026,1784974485,0,3.55
Sat Jul 25 10:15:34 UTC 2026,1784974534,0,3.27
Sat Jul 25 10:16:07 UTC 2026,1784974567,0,3.49
Sat Jul 25 10:16:24 UTC 2026,1784974584,0,3.33
Sat Jul 25 10:17:34 UTC 2026,1784974654,0,3.5
Sat Jul 25 10:17:42 UTC 2026,1784974662,0,3.36
Sat Jul 25 10:19:40 UTC 2026,1784974780,0,3.58
Sat Jul 25 10:20:03 UTC 2026,1784974803,0,3.31
Sat Jul 25 10:20:58 UTC 2026,1784974858,0,3.53
Sat Jul 25 10:21:20 UTC 2026,1784974880,0,3.33
Sat Jul 25 10:23:13 UTC 2026,1784974993,0,3.62
Sat Jul 25 10:23:32 UTC 2026,1784975012,0,3.38
Sat Jul 25 10:24:27 UTC 2026,1784975067,0,3.39
Sat Jul 25 10:24:45 UTC 2026,1784975085,0,3.56
Sat Jul 25 10:25:53 UTC 2026,1784975153,0,3.55
Sat Jul 25 10:27:01 UTC 2026,1784975221,0,3.35
Sat Jul 25 10:27:42 UTC 2026,1784975262,0,3.53
Sat Jul 25 10:28:23 UTC 2026,1784975303,0,3.34
Sat Jul 25 10:29:40 UTC 2026,1784975380,0,3.38
Sat Jul 25 10:30:08 UTC 2026,1784975408,0,3.59
Sat Jul 25 10:31:02 UTC 2026,1784975462,0,3.36
Sat Jul 25 10:31:57 UTC 2026,1784975517,0,3.54
Sat Jul 25 10:32:28 UTC 2026,1784975548,0,3.39
Sat Jul 25 10:32:52 UTC 2026,1784975572,0,3.53
Sat Jul 25 10:34:13 UTC 2026,1784975653,0,3.45
Sat Jul 25 10:35:35 UTC 2026,1784975735,0,3.55
Sat Jul 25 10:36:38 UTC 2026,1784975798,0,3.57
Sat Jul 25 10:36:57 UTC 2026,1784975817,0,3.43
Sat Jul 25 10:37:56 UTC 2026,1784975876,0,3.55
Sat Jul 25 10:38:04 UTC 2026,1784975884,0,3.42
Sat Jul 25 10:39:12 UTC 2026,1784975952,0,3.57
Sat Jul 25 10:39:17 UTC 2026,1784975957,0,3.46
Sat Jul 25 10:41:06 UTC 2026,1784976066,0,3.54
Sat Jul 25 10:41:11 UTC 2026,1784976071,0,3.44
Sat Jul 25 10:43:22 UTC 2026,1784976202,0,3.41
Sat Jul 25 10:43:27 UTC 2026,1784976207,0,3.56
Sat Jul 25 10:44:04 UTC 2026,1784976244,0,3.42
Sat Jul 25 10:45:13 UTC 2026,1784976313,0,3.58
Sat Jul 25 10:45:43 UTC 2026,1784976343,0,3.54
Sat Jul 25 10:45:53 UTC 2026,1784976353,0,3.42
Sat Jul 25 10:47:57 UTC 2026,1784976477,0,3.44
Sat Jul 25 10:48:46 UTC 2026,1784976526,0,3.53
Sat Jul 25 10:49:09 UTC 2026,1784976549,0,3.54
Sat Jul 25 10:49:59 UTC 2026,1784976599,0,3.4
Sat Jul 25 10:51:26 UTC 2026,1784976686,0,3.44
Sat Jul 25 10:51:57 UTC 2026,1784976717,0,3.57
Sat Jul 25 10:53:05 UTC 2026,1784976785,0,3.43
Sat Jul 25 10:53:46 UTC 2026,1784976826,0,3.59
Sat Jul 25 10:54:13 UTC 2026,1784976853,0,3.41
Sat Jul 25 10:54:17 UTC 2026,1784976857,0,3.56
Sat Jul 25 10:55:49 UTC 2026,1784976949,0,3.42
Sat Jul 25 10:56:25 UTC 2026,1784976985,0,3.58
Sat Jul 25 10:57:43 UTC 2026,1784977063,0,3.6
Sat Jul 25 10:58:19 UTC 2026,1784977099,0,3.43
Sat Jul 25 11:00:03 UTC 2026,1784977203,0,3.49
Sat Jul 25 11:00:12 UTC 2026,1784977212,0,3.61
Sat Jul 25 11:01:02 UTC 2026,1784977262,0,3.63
Sat Jul 25 11:01:48 UTC 2026,1784977308,0,3.45
Sat Jul 25 11:03:09 UTC 2026,1784977389,0,3.48
Sat Jul 25 11:03:32 UTC 2026,1784977412,0,3.62
Sat Jul 25 11:04:45 UTC 2026,1784977485,0,3.48
Sat Jul 25 11:05:30 UTC 2026,1784977530,0,3.44
Sat Jul 25 11:06:06 UTC 2026,1784977566,0,3.61
Sat Jul 25 11:07:15 UTC 2026,1784977635,0,3.6
Sat Jul 25 11:07:55 UTC 2026,1784977675,0,3.51
Sat Jul 25 11:08:46 UTC 2026,1784977726,0,3.5
Sat Jul 25 11:09:40 UTC 2026,1784977780,0,3.64
Sat Jul 25 11:10:25 UTC 2026,1784977825,0,3.49
Sat Jul 25 11:11:48 UTC 2026,1784977908,0,3.63
Sat Jul 25 11:12:05 UTC 2026,1784977925,0,3.64
Sat Jul 25 11:12:23 UTC 2026,1784977943,0,3.41
Sat Jul 25 11:13:45 UTC 2026,1784978025,0,3.43
Sat Jul 25 11:15:07 UTC 2026,1784978107,0,3.64
Sat Jul 25 11:15:25 UTC 2026,1784978125,0,3.49
Sat Jul 25 11:15:30 UTC 2026,1784978130,0,3.67
Sat Jul 25 11:17:27 UTC 2026,1784978247,0,3.64
Sat Jul 25 11:18:17 UTC 2026,1784978297,0,3.49
Sat Jul 25 11:18:54 UTC 2026,1784978334,0,3.69
Sat Jul 25 11:19:22 UTC 2026,1784978362,0,3.55
Sat Jul 25 11:20:25 UTC 2026,1784978425,0,3.63
Sat Jul 25 11:20:29 UTC 2026,1784978429,0,3.54
Sat Jul 25 11:22:05 UTC 2026,1784978525,0,3.47
Sat Jul 25 11:22:51 UTC 2026,1784978571,0,3.66
Sat Jul 25 11:24:17 UTC 2026,1784978657,0,3.55
Sat Jul 25 11:24:49 UTC 2026,1784978689,0,3.7
Sat Jul 25 11:26:12 UTC 2026,1784978772,0,3.58
Sat Jul 25 11:26:52 UTC 2026,1784978812,0,3.71
Sat Jul 25 11:28:14 UTC 2026,1784978894,0,3.58
Sat Jul 25 11:29:53 UTC 2026,1784978993,0,3.73
Sat Jul 25 11:30:11 UTC 2026,1784979011,0,3.59
Sat Jul 25 11:31:20 UTC 2026,1784979080,0,3.75
Sat Jul 25 11:32:14 UTC 2026,1784979134,0,3.55
Sat Jul 25 11:32:54 UTC 2026,1784979174,0,3.71
Sat Jul 25 11:34:12 UTC 2026,1784979252,0,3.59
Sat Jul 25 11:34:53 UTC 2026,1784979293,0,3.73
Sat Jul 25 11:35:53 UTC 2026,1784979353,0,3.61
Sat Jul 25 11:36:28 UTC 2026,1784979388,0,3.75
Sat Jul 25 11:37:14 UTC 2026,1784979434,0,3.77
Sat Jul 25 11:37:51 UTC 2026,1784979471,0,3.6
Sat Jul 25 11:39:16 UTC 2026,1784979556,0,3.72
Sat Jul 25 11:39:40 UTC 2026,1784979580,0,3.58
Sat Jul 25 11:40:03 UTC 2026,1784979603,0,3.62
Sat Jul 25 11:41:19 UTC 2026,1784979679,0,3.75
Sat Jul 25 11:42:05 UTC 2026,1784979725,0,3.76
Sat Jul 25 11:42:59 UTC 2026,1784979779,0,3.4
Sat Jul 25 11:43:32 UTC 2026,1784979812,0,3.63
Sat Jul 25 11:44:47 UTC 2026,1784979887,0,3.76
Sat Jul 25 11:45:11 UTC 2026,1784979911,0,3.65
Sat Jul 25 11:46:37 UTC 2026,1784979997,0,3.8
Sat Jul 25 11:46:41 UTC 2026,1784980001,0,3.75
Sat Jul 25 11:48:08 UTC 2026,1784980088,0,3.64
Sat Jul 25 11:48:44 UTC 2026,1784980124,0,3.62
Sat Jul 25 11:48:57 UTC 2026,1784980137,0,3.77
Sat Jul 25 11:50:56 UTC 2026,1784980256,0,3.58
Sat Jul 25 11:51:32 UTC 2026,1784980292,0,3.79
Sat Jul 25 11:52:05 UTC 2026,1784980325,0,3.63
Sat Jul 25 11:52:37 UTC 2026,1784980357,0,3.76
Sat Jul 25 11:53:40 UTC 2026,1784980420,0,3.68
Sat Jul 25 11:54:03 UTC 2026,1784980443,0,3.87
Sat Jul 25 11:55:07 UTC 2026,1784980507,0,3.82
Sat Jul 25 11:55:38 UTC 2026,1784980538,0,3.66
Sat Jul 25 11:57:37 UTC 2026,1784980657,0,3.82
Sat Jul 25 11:58:17 UTC 2026,1784980697,0,3.67
Sat Jul 25 11:59:03 UTC 2026,1784980743,0,3.84
Sat Jul 25 11:59:52 UTC 2026,1784980792,0,3.68
Sat Jul 25 12:01:19 UTC 2026,1784980879,0,3.85
Sat Jul 25 12:01:47 UTC 2026,1784980907,0,3.68
Sat Jul 25 12:02:05 UTC 2026,1784980925,0,3.85
Sat Jul 25 12:03:41 UTC 2026,1784981021,0,3.69
Sat Jul 25 12:03:49 UTC 2026,1784981029,0,3.86
Sat Jul 25 12:04:53 UTC 2026,1784981093,0,3.88
Sat Jul 25 12:05:25 UTC 2026,1784981125,0,3.66
Sat Jul 25 12:06:46 UTC 2026,1784981206,0,3.77
Sat Jul 25 12:08:04 UTC 2026,1784981284,0,3.52
Sat Jul 25 12:08:08 UTC 2026,1784981288,0,3.71
Sat Jul 25 12:09:35 UTC 2026,1784981375,0,3.45
Sat Jul 25 12:10:25 UTC 2026,1784981425,0,3.38
Sat Jul 25 12:11:00 UTC 2026,1784981460,0,3.63
Sat Jul 25 12:11:24 UTC 2026,1784981484,0,3.56
Sat Jul 25 12:12:46 UTC 2026,1784981566,0,3.32
Sat Jul 25 12:13:21 UTC 2026,1784981601,0,3.23
Sat Jul 25 12:14:08 UTC 2026,1784981648,0,3.6
Sat Jul 25 12:15:06 UTC 2026,1784981706,0,3.42
Sat Jul 25 12:15:29 UTC 2026,1784981729,0,3.61
Sat Jul 25 12:16:33 UTC 2026,1784981793,0,3.58
Sat Jul 25 12:17:37 UTC 2026,1784981857,0,3.42
Sat Jul 25 12:18:44 UTC 2026,1784981924,0,3.23
Sat Jul 25 12:19:16 UTC 2026,1784981956,0,3.55
Sat Jul 25 12:19:47 UTC 2026,1784981987,0,3.47
Sat Jul 25 12:20:47 UTC 2026,1784982047,0,3.29
Sat Jul 25 12:22:08 UTC 2026,1784982128,0,3.59
Sat Jul 25 12:22:45 UTC 2026,1784982165,0,3.31
Sat Jul 25 12:23:26 UTC 2026,1784982206,0,3.61
Sat Jul 25 12:24:35 UTC 2026,1784982275,0,3.21
Sat Jul 25 12:24:49 UTC 2026,1784982289,0,3.04
Sat Jul 25 12:26:14 UTC 2026,1784982374,0,3.5
Sat Jul 25 12:26:42 UTC 2026,1784982402,0,3.61
Sat Jul 25 12:27:19 UTC 2026,1784982439,0,3.34
Sat Jul 25 12:28:05 UTC 2026,1784982485,0,3.58
Sat Jul 25 12:28:09 UTC 2026,1784982489,0,3.43
Sat Jul 25 12:29:48 UTC 2026,1784982588,0,3.34
Sat Jul 25 12:30:01 UTC 2026,1784982601,0,3.57
Sat Jul 25 12:31:14 UTC 2026,1784982674,0,3.43
Sat Jul 25 12:32:36 UTC 2026,1784982756,0,3.72
Sat Jul 25 12:33:30 UTC 2026,1784982810,0,3.74
Sat Jul 25 12:34:21 UTC 2026,1784982861,0,3.52
Sat Jul 25 12:34:48 UTC 2026,1784982888,0,3.64
Sat Jul 25 12:36:01 UTC 2026,1784982961,0,3.42
Sat Jul 25 12:36:33 UTC 2026,1784982993,0,3.57
Sat Jul 25 12:37:46 UTC 2026,1784983066,0,3.24
Sat Jul 25 12:38:21 UTC 2026,1784983101,0,3.13
Sat Jul 25 12:38:35 UTC 2026,1784983115,0,3.38
Sat Jul 25 12:39:58 UTC 2026,1784983198,0,3.31
Sat Jul 25 12:41:01 UTC 2026,1784983261,0,3.03
Sat Jul 25 12:41:46 UTC 2026,1784983306,0,3.21
Sat Jul 25 12:42:23 UTC 2026,1784983343,0,2.94
Sat Jul 25 12:43:08 UTC 2026,1784983388,0,3.26
Sat Jul 25 12:45:20 UTC 2026,1784983520,0,3.17
Sat Jul 25 12:45:34 UTC 2026,1784983534,0,3.01
Sat Jul 25 12:46:51 UTC 2026,1784983611,0,2.61
Sat Jul 25 12:47:41 UTC 2026,1784983661,0,3.12
Sat Jul 25 12:48:00 UTC 2026,1784983680,0,3.14
Sat Jul 25 12:48:40 UTC 2026,1784983720,0,2.87
Sat Jul 25 12:49:21 UTC 2026,1784983761,0,3.1
Sat Jul 25 12:49:57 UTC 2026,1784983797,0,2.74
Sat Jul 25 12:51:01 UTC 2026,1784983861,0,2.6
Sat Jul 25 12:51:20 UTC 2026,1784983880,0,2.84
Sat Jul 25 12:52:01 UTC 2026,1784983921,0,2.64
Sat Jul 25 12:52:05 UTC 2026,1784983925,0,2.73
Sat Jul 25 12:52:10 UTC 2026,1784983930,0,2.61
Sat Jul 25 12:52:28 UTC 2026,1784983948,0,2.79
Sat Jul 25 12:52:59 UTC 2026,1784983979,0,2.92
Sat Jul 25 12:53:54 UTC 2026,1784984034,0,2.52
Sat Jul 25 12:55:17 UTC 2026,1784984117,0,2.74
Sat Jul 25 12:56:06 UTC 2026,1784984166,0,2.56
Sat Jul 25 12:56:51 UTC 2026,1784984211,0,2.92
Sat Jul 25 12:57:49 UTC 2026,1784984269,0,2.62
Sat Jul 25 12:58:30 UTC 2026,1784984310,0,2.93
Sat Jul 25 12:59:16 UTC 2026,1784984356,0,2.73
Sat Jul 25 12:59:35 UTC 2026,1784984375,0,2.91
Sat Jul 25 13:01:05 UTC 2026,1784984465,0,2.78
Sat Jul 25 13:01:55 UTC 2026,1784984515,0,3.09
Sat Jul 25 13:02:59 UTC 2026,1784984579,0,2.87
Sat Jul 25 13:03:13 UTC 2026,1784984593,0,3.14
Sat Jul 25 13:05:20 UTC 2026,1784984720,0,2.94
Sat Jul 25 13:05:43 UTC 2026,1784984743,0,3.17
Sat Jul 25 13:06:38 UTC 2026,1784984798,0,2.91
Sat Jul 25 13:07:09 UTC 2026,1784984829,0,3.13
Sat Jul 25 13:07:36 UTC 2026,1784984856,0,2.89
Sat Jul 25 13:08:36 UTC 2026,1784984916,0,3.16
Sat Jul 25 13:09:38 UTC 2026,1784984978,0,2.93
Sat Jul 25 13:10:39 UTC 2026,1784985039,0,3.18
Sat Jul 25 13:10:48 UTC 2026,1784985048,0,3.17
Sat Jul 25 13:11:05 UTC 2026,1784985065,0,2.98
Sat Jul 25 13:12:54 UTC 2026,1784985174,0,3.01
Sat Jul 25 13:13:58 UTC 2026,1784985238,0,3.34
Sat Jul 25 13:14:12 UTC 2026,1784985252,0,3.32
Sat Jul 25 13:15:07 UTC 2026,1784985307,0,2.99
Sat Jul 25 13:16:29 UTC 2026,1784985389,0,3.28
Sat Jul 25 13:17:23 UTC 2026,1784985443,0,2.92
Sat Jul 25 13:17:54 UTC 2026,1784985474,0,2.88
Sat Jul 25 13:18:59 UTC 2026,1784985539,0,3.23
Sat Jul 25 13:19:04 UTC 2026,1784985544,0,3.29
Sat Jul 25 13:20:33 UTC 2026,1784985633,0,2.96
Sat Jul 25 13:21:23 UTC 2026,1784985683,0,3.26
Sat Jul 25 13:22:14 UTC 2026,1784985734,0,3.05
Sat Jul 25 13:22:28 UTC 2026,1784985748,0,3.15
Sat Jul 25 13:23:27 UTC 2026,1784985807,0,2.74
Sat Jul 25 13:24:12 UTC 2026,1784985852,0,3.01
Sat Jul 25 13:24:35 UTC 2026,1784985875,0,2.75
Sat Jul 25 13:25:57 UTC 2026,1784985957,0,3.03
Sat Jul 25 13:27:14 UTC 2026,1784986034,0,2.7
Sat Jul 25 13:27:37 UTC 2026,1784986057,0,2.64
Sat Jul 25 13:28:22 UTC 2026,1784986102,0,3.08
Sat Jul 25 13:29:07 UTC 2026,1784986147,0,3.14
Sat Jul 25 13:29:30 UTC 2026,1784986170,0,2.9
Sat Jul 25 13:31:28 UTC 2026,1784986288,0,3.23
Sat Jul 25 13:31:51 UTC 2026,1784986311,0,2.92
Sat Jul 25 13:32:18 UTC 2026,1784986338,0,2.9
Sat Jul 25 13:33:45 UTC 2026,1784986425,0,3.13
Sat Jul 25 13:34:17 UTC 2026,1784986457,0,2.84
Sat Jul 25 13:35:07 UTC 2026,1784986507,0,3.2
Sat Jul 25 13:35:34 UTC 2026,1784986534,0,3.26
Sat Jul 25 13:36:28 UTC 2026,1784986588,0,2.91
Sat Jul 25 13:37:42 UTC 2026,1784986662,0,2.93
Sat Jul 25 13:38:49 UTC 2026,1784986729,0,3.29
Sat Jul 25 13:39:54 UTC 2026,1784986794,0,2.97
Sat Jul 25 13:40:15 UTC 2026,1784986815,0,3.26
Sat Jul 25 13:40:48 UTC 2026,1784986848,0,3.4
Sat Jul 25 13:41:06 UTC 2026,1784986866,0,3.15
Sat Jul 25 13:42:33 UTC 2026,1784986953,0,3.37
Sat Jul 25 13:43:18 UTC 2026,1784986998,0,2.87
Sat Jul 25 13:43:50 UTC 2026,1784987030,0,3.22
Sat Jul 25 13:44:25 UTC 2026,1784987065,0,2.94
Sat Jul 25 13:45:30 UTC 2026,1784987130,0,3.07
Sat Jul 25 13:47:05 UTC 2026,1784987225,0,2.78
Sat Jul 25 13:47:33 UTC 2026,1784987253,0,2.67
Sat Jul 25 13:48:27 UTC 2026,1784987307,0,2.98
Sat Jul 25 13:49:27 UTC 2026,1784987367,0,2.72
Sat Jul 25 13:50:12 UTC 2026,1784987412,0,3.09
Sat Jul 25 13:50:25 UTC 2026,1784987425,0,2.94
Sat Jul 25 13:52:00 UTC 2026,1784987520,0,3.36
Sat Jul 25 13:52:04 UTC 2026,1784987524,0,3.1
Sat Jul 25 13:53:41 UTC 2026,1784987621,0,3.37
Sat Jul 25 13:54:48 UTC 2026,1784987688,0,3.1
Sat Jul 25 13:55:39 UTC 2026,1784987739,0,3.21
Sat Jul 25 13:56:24 UTC 2026,1784987784,0,3.47
Sat Jul 25 13:57:00 UTC 2026,1784987820,0,3.54
Sat Jul 25 13:57:33 UTC 2026,1784987853,0,3.27
Sat Jul 25 13:59:21 UTC 2026,1784987961,0,3.55
Sat Jul 25 13:59:35 UTC 2026,1784987975,0,3.26
Sat Jul 25 14:00:48 UTC 2026,1784988048,0,3.37
Sat Jul 25 14:01:06 UTC 2026,1784988066,0,3.63
Sat Jul 25 14:02:37 UTC 2026,1784988157,0,3.64
Sat Jul 25 14:02:51 UTC 2026,1784988171,0,3.38
Sat Jul 25 14:03:40 UTC 2026,1784988220,0,3.45
Sat Jul 25 14:04:39 UTC 2026,1784988279,0,3.72
Sat Jul 25 14:05:39 UTC 2026,1784988339,0,3.43
Sat Jul 25 14:06:28 UTC 2026,1784988388,0,3.73
Sat Jul 25 14:07:09 UTC 2026,1784988429,0,3.36
Sat Jul 25 14:08:03 UTC 2026,1784988483,0,3.73
Sat Jul 25 14:08:41 UTC 2026,1784988521,0,3.52
Sat Jul 25 14:10:10 UTC 2026,1784988610,0,3.82
Sat Jul 25 14:10:47 UTC 2026,1784988647,0,3.78
Sat Jul 25 14:11:15 UTC 2026,1784988675,0,3.49
Sat Jul 25 14:12:04 UTC 2026,1784988724,0,3.54
Sat Jul 25 14:12:51 UTC 2026,1784988771,0,3.75
Sat Jul 25 14:13:31 UTC 2026,1784988811,0,3.54
Sat Jul 25 14:13:54 UTC 2026,1784988834,0,3.8
Sat Jul 25 14:15:15 UTC 2026,1784988915,0,3.5
Sat Jul 25 14:16:10 UTC 2026,1784988970,0,3.74
Sat Jul 25 14:17:00 UTC 2026,1784989020,0,3.72
Sat Jul 25 14:18:26 UTC 2026,1784989106,0,3.52
Sat Jul 25 14:18:36 UTC 2026,1784989116,0,3.76
Sat Jul 25 14:19:17 UTC 2026,1784989157,0,3.52
Sat Jul 25 14:20:20 UTC 2026,1784989220,0,3.69
Sat Jul 25 14:21:42 UTC 2026,1784989302,0,3.5
Sat Jul 25 14:22:18 UTC 2026,1784989338,0,3.45
Sat Jul 25 14:22:40 UTC 2026,1784989360,0,3.73
Sat Jul 25 14:23:31 UTC 2026,1784989411,0,3.65
Sat Jul 25 14:24:34 UTC 2026,1784989474,0,3.47
Sat Jul 25 14:25:24 UTC 2026,1784989524,0,3.38
Sat Jul 25 14:26:32 UTC 2026,1784989592,0,3.61
Sat Jul 25 14:27:00 UTC 2026,1784989620,0,3.58
Sat Jul 25 14:27:13 UTC 2026,1784989633,0,3.36
Sat Jul 25 14:28:49 UTC 2026,1784989729,0,3.34
Sat Jul 25 14:29:48 UTC 2026,1784989788,0,3.58
Sat Jul 25 14:30:38 UTC 2026,1784989838,0,3.64
Sat Jul 25 14:30:55 UTC 2026,1784989855,0,3.36
Sat Jul 25 14:32:45 UTC 2026,1784989965,0,3.61
Sat Jul 25 14:34:43 UTC 2026,1784990083,0,3.36
Sat Jul 25 14:34:56 UTC 2026,1784990096,0,3.56
Sat Jul 25 14:35:34 UTC 2026,1784990134,0,3.33
Sat Jul 25 14:36:01 UTC 2026,1784990161,0,3.54
Sat Jul 25 14:37:27 UTC 2026,1784990247,0,3.32
Sat Jul 25 14:37:44 UTC 2026,1784990264,0,3.58
Sat Jul 25 14:39:02 UTC 2026,1784990342,0,3.25
Sat Jul 25 14:39:35 UTC 2026,1784990375,0,3.57
Sat Jul 25 14:40:29 UTC 2026,1784990429,0,3.54
Sat Jul 25 14:41:09 UTC 2026,1784990469,0,3.3
Sat Jul 25 14:41:46 UTC 2026,1784990506,0,3.39
Sat Jul 25 14:42:18 UTC 2026,1784990538,0,3.59
Sat Jul 25 14:43:58 UTC 2026,1784990638,0,3.34
Sat Jul 25 14:44:11 UTC 2026,1784990651,0,3.53
Sat Jul 25 14:45:06 UTC 2026,1784990706,0,3.3
Sat Jul 25 14:46:00 UTC 2026,1784990760,0,3.5
Sat Jul 25 14:47:04 UTC 2026,1784990824,0,3.44
Sat Jul 25 14:47:54 UTC 2026,1784990874,0,3.27
Sat Jul 25 14:48:35 UTC 2026,1784990915,0,3.26
Sat Jul 25 14:48:53 UTC 2026,1784990933,0,3.4
Sat Jul 25 14:50:10 UTC 2026,1784991010,0,3.36
Sat Jul 25 14:50:23 UTC 2026,1784991023,0,3.08
Sat Jul 25 14:52:49 UTC 2026,1784991169,0,3.1
Sat Jul 25 14:52:58 UTC 2026,1784991178,0,3.28
Sat Jul 25 14:53:39 UTC 2026,1784991219,0,3.31
Sat Jul 25 14:54:11 UTC 2026,1784991251,0,3.04
Sat Jul 25 14:55:56 UTC 2026,1784991356,0,2.94
Sat Jul 25 14:56:10 UTC 2026,1784991370,0,3.34
Sat Jul 25 14:56:41 UTC 2026,1784991401,0,3.11
Sat Jul 25 14:57:53 UTC 2026,1784991473,0,2.94
Sat Jul 25 14:58:58 UTC 2026,1784991538,0,2.89
Sat Jul 25 14:59:29 UTC 2026,1784991569,0,3.08
Sat Jul 25 14:59:43 UTC 2026,1784991583,0,3.04
Sat Jul 25 15:00:51 UTC 2026,1784991651,0,2.79
Sat Jul 25 15:02:16 UTC 2026,1784991736,0,3.07
Sat Jul 25 15:02:58 UTC 2026,1784991778,0,2.7
Sat Jul 25 15:03:49 UTC 2026,1784991829,0,3.03
Sat Jul 25 15:03:58 UTC 2026,1784991838,0,2.82
Sat Jul 25 15:05:42 UTC 2026,1784991942,0,2.97
Sat Jul 25 15:06:00 UTC 2026,1784991960,0,2.79
Sat Jul 25 15:06:24 UTC 2026,1784991984,0,2.89
Sat Jul 25 15:07:54 UTC 2026,1784992074,0,2.61
Sat Jul 25 15:08:21 UTC 2026,1784992101,0,2.75
Sat Jul 25 15:09:07 UTC 2026,1784992147,0,2.4
Sat Jul 25 15:10:42 UTC 2026,1784992242,0,2.59
Sat Jul 25 15:10:48 UTC 2026,1784992248,0,2.39
Sat Jul 25 15:11:55 UTC 2026,1784992315,0,2.37
Sat Jul 25 15:12:50 UTC 2026,1784992370,0,2.71
Sat Jul 25 15:13:57 UTC 2026,1784992437,0,2.39
Sat Jul 25 15:14:11 UTC 2026,1784992451,0,2.65
Sat Jul 25 15:14:48 UTC 2026,1784992488,0,2.41
Sat Jul 25 15:14:58 UTC 2026,1784992498,0,2.68
Sat Jul 25 15:16:37 UTC 2026,1784992597,0,2.59
Sat Jul 25 15:17:35 UTC 2026,1784992655,0,2.41
Sat Jul 25 15:18:08 UTC 2026,1784992688,0,2.4
Sat Jul 25 15:19:12 UTC 2026,1784992752,0,2.66
Sat Jul 25 15:20:47 UTC 2026,1784992847,0,2.34
Sat Jul 25 15:21:00 UTC 2026,1784992860,0,2.61
Sat Jul 25 15:21:23 UTC 2026,1784992883,0,2.72
Sat Jul 25 15:22:41 UTC 2026,1784992961,0,2.52
Sat Jul 25 15:22:50 UTC 2026,1784992970,0,2.59
Sat Jul 25 15:24:07 UTC 2026,1784993047,0,2.76
Sat Jul 25 15:24:57 UTC 2026,1784993097,0,2.65
Sat Jul 25 15:25:14 UTC 2026,1784993114,0,2.8
Sat Jul 25 15:26:10 UTC 2026,1784993170,0,2.86
Sat Jul 25 15:26:24 UTC 2026,1784993184,0,2.67
Sat Jul 25 15:28:26 UTC 2026,1784993306,0,2.93
Sat Jul 25 15:29:20 UTC 2026,1784993360,0,2.66
Sat Jul 25 15:29:43 UTC 2026,1784993383,0,2.65
Sat Jul 25 15:30:20 UTC 2026,1784993420,0,2.75
Sat Jul 25 15:32:19 UTC 2026,1784993539,0,2.64
Sat Jul 25 15:32:36 UTC 2026,1784993556,0,2.85
Sat Jul 25 15:33:17 UTC 2026,1784993597,0,2.59
Sat Jul 25 15:33:49 UTC 2026,1784993629,0,2.87
Sat Jul 25 15:34:34 UTC 2026,1784993674,0,2.85
Sat Jul 25 15:35:11 UTC 2026,1784993711,0,2.58
Sat Jul 25 15:36:55 UTC 2026,1784993815,0,2.56
Sat Jul 25 15:37:19 UTC 2026,1784993839,0,2.71
Sat Jul 25 15:39:11 UTC 2026,1784993951,0,2.44
Sat Jul 25 15:39:21 UTC 2026,1784993961,0,2.28
Sat Jul 25 15:40:38 UTC 2026,1784994038,0,2.63
Sat Jul 25 15:41:42 UTC 2026,1784994102,0,2.41
Sat Jul 25 15:42:05 UTC 2026,1784994125,0,2.57
Sat Jul 25 15:43:16 UTC 2026,1784994196,0,2.37
Sat Jul 25 15:43:27 UTC 2026,1784994207,0,2.62
Sat Jul 25 15:44:29 UTC 2026,1784994269,0,2.46
Sat Jul 25 15:44:34 UTC 2026,1784994274,0,2.66
Sat Jul 25 15:46:19 UTC 2026,1784994379,0,2.52
Sat Jul 25 15:47:00 UTC 2026,1784994420,0,2.75
Sat Jul 25 15:47:40 UTC 2026,1784994460,0,2.64
Sat Jul 25 15:48:53 UTC 2026,1784994533,0,2.5
Sat Jul 25 15:49:52 UTC 2026,1784994592,0,2.45
Sat Jul 25 15:50:11 UTC 2026,1784994611,0,2.73
Sat Jul 25 15:50:55 UTC 2026,1784994655,0,2.55
Sat Jul 25 15:52:17 UTC 2026,1784994737,0,2.24
Sat Jul 25 15:52:35 UTC 2026,1784994755,0,2.38
Sat Jul 25 15:53:58 UTC 2026,1784994838,0,1.9
Sat Jul 25 15:54:21 UTC 2026,1784994861,0,2.11
Sat Jul 25 15:55:46 UTC 2026,1784994946,0,1.75
Sat Jul 25 15:55:56 UTC 2026,1784994956,0,1.77
Sat Jul 25 15:56:36 UTC 2026,1784994996,0,2.14
Sat Jul 25 15:58:08 UTC 2026,1784995088,0,2.13
Sat Jul 25 15:58:53 UTC 2026,1784995133,0,1.79
Sat Jul 25 15:59:15 UTC 2026,1784995155,0,1.72
Sat Jul 25 16:00:11 UTC 2026,1784995211,0,2.05
Sat Jul 25 16:00:52 UTC 2026,1784995252,0,2.12
Sat Jul 25 16:01:51 UTC 2026,1784995311,0,1.78
Sat Jul 25 16:02:32 UTC 2026,1784995352,0,2.06
Sat Jul 25 16:03:03 UTC 2026,1784995383,0,2.26
Sat Jul 25 16:04:49 UTC 2026,1784995489,0,2.06
Sat Jul 25 16:05:24 UTC 2026,1784995524,0,2.21
Sat Jul 25 16:06:01 UTC 2026,1784995561,0,2.17
Sat Jul 25 16:06:51 UTC 2026,1784995611,0,1.96
Sat Jul 25 16:07:36 UTC 2026,1784995656,0,2.05
Sat Jul 25 16:08:45 UTC 2026,1784995725,0,1.5
Sat Jul 25 16:10:15 UTC 2026,1784995815,0,1.53
Sat Jul 25 16:10:20 UTC 2026,1784995820,0,1.23
Sat Jul 25 16:10:43 UTC 2026,1784995843,0,1.57
Sat Jul 25 16:12:14 UTC 2026,1784995934,0,0.66
Sat Jul 25 16:12:18 UTC 2026,1784995938,0,0.76
Sat Jul 25 16:12:59 UTC 2026,1784995979,0,1.61
Sat Jul 25 16:14:17 UTC 2026,1784996057,0,1.55
Sat Jul 25 16:15:33 UTC 2026,1784996133,0,1.86
Sat Jul 25 16:17:13 UTC 2026,1784996233,0,1.55
Sat Jul 25 16:17:54 UTC 2026,1784996274,0,1.87
Sat Jul 25 16:17:59 UTC 2026,1784996279,0,1.62
Sat Jul 25 16:19:11 UTC 2026,1784996351,0,1.7
Sat Jul 25 16:19:57 UTC 2026,1784996397,0,1.25
Sat Jul 25 16:20:48 UTC 2026,1784996448,0,1.54
Sat Jul 25 16:21:51 UTC 2026,1784996511,0,1.08
Sat Jul 25 16:22:13 UTC 2026,1784996533,0,1.35
Sat Jul 25 16:23:22 UTC 2026,1784996602,0,0.12
Sat Jul 25 16:24:31 UTC 2026,1784996671,0,1.45
Sat Jul 25 16:25:29 UTC 2026,1784996729,0,0.83
Sat Jul 25 16:26:19 UTC 2026,1784996779,0,0.54
Sat Jul 25 16:27:08 UTC 2026,1784996828,0,1.18
Sat Jul 25 16:27:14 UTC 2026,1784996834,0,1.27
Sat Jul 25 16:28:45 UTC 2026,1784996925,0,0.92
Sat Jul 25 16:29:07 UTC 2026,1784996947,0,1.11
Sat Jul 25 16:30:06 UTC 2026,1784997006,0,0.33
Sat Jul 25 16:30:43 UTC 2026,1784997043,0,1.03
Sat Jul 25 16:32:04 UTC 2026,1784997124,0,0.21
Sat Jul 25 16:32:10 UTC 2026,1784997130,0,-0.21
Sat Jul 25 16:33:35 UTC 2026,1784997215,0,0.43
Sat Jul 25 16:34:53 UTC 2026,1784997293,0,0.51
Sat Jul 25 16:35:20 UTC 2026,1784997320,0,-0.32
Sat Jul 25 16:36:19 UTC 2026,1784997379,0,0.22
Sat Jul 25 16:36:46 UTC 2026,1784997406,0,-0.92
Sat Jul 25 16:37:09 UTC 2026,1784997429,0,-1.05
Sat Jul 25 16:38:12 UTC 2026,1784997492,0,-0.34
Sat Jul 25 16:38:57 UTC 2026,1784997537,0,-0.16
Sat Jul 25 16:39:35 UTC 2026,1784997575,0,-1.2
Sat Jul 25 16:40:56 UTC 2026,1784997656,0,-1.3
Sat Jul 25 16:41:41 UTC 2026,1784997701,0,0.08
Sat Jul 25 16:42:00 UTC 2026,1784997720,0,-0.42
Sat Jul 25 16:42:45 UTC 2026,1784997765,0,-0.07
Sat Jul 25 16:44:12 UTC 2026,1784997852,0,0.28
Sat Jul 25 16:45:15 UTC 2026,1784997915,0,-1.4
Sat Jul 25 16:45:21 UTC 2026,1784997921,0,-1.0
Sat Jul 25 16:46:52 UTC 2026,1784998012,0,0.8
Sat Jul 25 16:47:01 UTC 2026,1784998021,0,0.77
Sat Jul 25 16:48:27 UTC 2026,1784998107,0,1.11
Sat Jul 25 16:49:53 UTC 2026,1784998193,0,0.75
Sat Jul 25 16:50:12 UTC 2026,1784998212,0,1.17
Sat Jul 25 16:50:25 UTC 2026,1784998225,0,1.38
Sat Jul 25 16:51:33 UTC 2026,1784998293,0,0.24
Sat Jul 25 16:52:05 UTC 2026,1784998325,0,0.57
Sat Jul 25 16:53:18 UTC 2026,1784998398,0,1.26
Sat Jul 25 16:53:58 UTC 2026,1784998438,0,1.19
Sat Jul 25 16:54:48 UTC 2026,1784998488,0,0.77
Sat Jul 25 16:55:12 UTC 2026,1784998512,0,1.01
Sat Jul 25 16:56:33 UTC 2026,1784998593,0,0.52
Sat Jul 25 16:56:51 UTC 2026,1784998611,0,0.81
Sat Jul 25 16:57:55 UTC 2026,1784998675,0,1.24
Sat Jul 25 16:59:03 UTC 2026,1784998743,0,1.27
Sat Jul 25 17:00:07 UTC 2026,1784998807,0,1.03
Sat Jul 25 17:01:06 UTC 2026,1784998866,0,1.4
Sat Jul 25 17:01:42 UTC 2026,1784998902,0,0.88
Sat Jul 25 17:02:09 UTC 2026,1784998929,0,0.79
Sat Jul 25 17:03:13 UTC 2026,1784998993,0,1.62
Sat Jul 25 17:03:41 UTC 2026,1784999021,0,1.73
Sat Jul 25 17:04:53 UTC 2026,1784999093,0,0.87
Sat Jul 25 17:05:24 UTC 2026,1784999124,0,1.64
Sat Jul 25 17:06:37 UTC 2026,1784999197,0,0.91
Sat Jul 25 17:06:46 UTC 2026,1784999206,0,1.16
Sat Jul 25 17:08:12 UTC 2026,1784999292,0,1.88
Sat Jul 25 17:08:45 UTC 2026,1784999325,0,1.93
Sat Jul 25 17:09:12 UTC 2026,1784999352,0,1.62
Sat Jul 25 17:10:07 UTC 2026,1784999407,0,1.93
Sat Jul 25 17:11:41 UTC 2026,1784999501,0,1.7
Sat Jul 25 17:12:05 UTC 2026,1784999525,0,1.92
Sat Jul 25 17:12:22 UTC 2026,1784999542,0,1.52
Sat Jul 25 17:13:55 UTC 2026,1784999635,0,2.02
Sat Jul 25 17:14:36 UTC 2026,1784999676,0,1.5
Sat Jul 25 17:15:25 UTC 2026,1784999725,0,1.98
Sat Jul 25 17:16:38 UTC 2026,1784999798,0,1.66
Sat Jul 25 17:16:42 UTC 2026,1784999802,0,1.84
Sat Jul 25 17:18:13 UTC 2026,1784999893,0,0.38
Sat Jul 25 17:19:21 UTC 2026,1784999961,0,0.13
Sat Jul 25 17:19:53 UTC 2026,1784999993,0,0.7
Sat Jul 25 17:20:42 UTC 2026,1785000042,0,0.16
Sat Jul 25 17:21:10 UTC 2026,1785000070,0,0.7
Sat Jul 25 17:21:51 UTC 2026,1785000111,0,0.44
Sat Jul 25 17:22:05 UTC 2026,1785000125,0,0.91
Sat Jul 25 17:23:31 UTC 2026,1785000211,0,0.66
Sat Jul 25 17:24:11 UTC 2026,1785000251,0,1.09
Sat Jul 25 17:25:06 UTC 2026,1785000306,0,1.08
Sat Jul 25 17:26:29 UTC 2026,1785000389,0,0.52
Sat Jul 25 17:27:36 UTC 2026,1785000456,0,0.01
Sat Jul 25 17:28:00 UTC 2026,1785000480,0,0.91
Sat Jul 25 17:28:21 UTC 2026,1785000501,0,0.82
Sat Jul 25 17:29:40 UTC 2026,1785000580,0,0.19
Sat Jul 25 17:30:16 UTC 2026,1785000616,0,0.44
Sat Jul 25 17:31:24 UTC 2026,1785000684,0,-0.35
Sat Jul 25 17:31:37 UTC 2026,1785000697,0,0.08
Sat Jul 25 17:32:59 UTC 2026,1785000779,0,-0.51
Sat Jul 25 17:33:40 UTC 2026,1785000820,0,0.07
Sat Jul 25 17:34:12 UTC 2026,1785000852,0,-0.51
Sat Jul 25 17:35:06 UTC 2026,1785000906,0,0.12
Sat Jul 25 17:36:00 UTC 2026,1785000960,0,-0.32
Sat Jul 25 17:36:28 UTC 2026,1785000988,0,-0.14
Sat Jul 25 17:38:04 UTC 2026,1785001084,0,0.38
Sat Jul 25 17:38:14 UTC 2026,1785001094,0,0.35
Sat Jul 25 17:39:35 UTC 2026,1785001175,0,0.77
Sat Jul 25 17:39:53 UTC 2026,1785001193,0,0.82
Sat Jul 25 17:40:20 UTC 2026,1785001220,0,1.24
Sat Jul 25 17:42:41 UTC 2026,1785001361,0,1.17
Sat Jul 25 17:42:50 UTC 2026,1785001370,0,0.8
Sat Jul 25 17:43:22 UTC 2026,1785001402,0,1.14
Sat Jul 25 17:43:54 UTC 2026,1785001434,0,0.7
Sat Jul 25 17:44:58 UTC 2026,1785001498,0,1.03
Sat Jul 25 17:45:34 UTC 2026,1785001534,0,0.53
Sat Jul 25 17:47:23 UTC 2026,1785001643,0,0.52
Sat Jul 25 17:47:46 UTC 2026,1785001666,0,0.97
Sat Jul 25 17:48:22 UTC 2026,1785001702,0,0.52
Sat Jul 25 17:49:35 UTC 2026,1785001775,0,1.21
Sat Jul 25 17:49:44 UTC 2026,1785001784,0,1.27
Sat Jul 25 17:50:16 UTC 2026,1785001816,0,0.91
Sat Jul 25 17:51:33 UTC 2026,1785001893,0,1.44
Sat Jul 25 17:51:55 UTC 2026,1785001915,0,0.88
Sat Jul 25 17:53:18 UTC 2026,1785001998,0,1.29
Sat Jul 25 17:53:36 UTC 2026,1785002016,0,0.84
Sat Jul 25 17:54:44 UTC 2026,1785002084,0,1.23
Sat Jul 25 17:56:01 UTC 2026,1785002161,0,0.66
Sat Jul 25 17:56:25 UTC 2026,1785002185,0,0.71
Sat Jul 25 17:57:28 UTC 2026,1785002248,0,0.29
Sat Jul 25 17:57:56 UTC 2026,1785002276,0,0.41
Sat Jul 25 17:58:27 UTC 2026,1785002307,0,0.76
Sat Jul 25 17:59:34 UTC 2026,1785002374,0,0.87
Sat Jul 25 18:00:44 UTC 2026,1785002444,0,0.25
Sat Jul 25 18:01:25 UTC 2026,1785002485,0,0.69
Sat Jul 25 18:02:41 UTC 2026,1785002561,0,0.2
Sat Jul 25 18:03:08 UTC 2026,1785002588,0,0.43
Sat Jul 25 18:03:40 UTC 2026,1785002620,0,-0.06
Sat Jul 25 18:04:40 UTC 2026,1785002680,0,0.06
Sat Jul 25 18:05:48 UTC 2026,1785002748,0,0.83
Sat Jul 25 18:06:10 UTC 2026,1785002770,0,0.53
Sat Jul 25 18:07:18 UTC 2026,1785002838,0,1.37
Sat Jul 25 18:08:10 UTC 2026,1785002890,0,0.89
Sat Jul 25 18:09:04 UTC 2026,1785002944,0,1.29
Sat Jul 25 18:09:31 UTC 2026,1785002971,0,0.8
Sat Jul 25 18:10:38 UTC 2026,1785003038,0,1.3
Sat Jul 25 18:12:24 UTC 2026,1785003144,0,1.09
Sat Jul 25 18:12:41 UTC 2026,1785003161,0,1.36
Sat Jul 25 18:13:18 UTC 2026,1785003198,0,1.49
Sat Jul 25 18:13:27 UTC 2026,1785003207,0,0.96
Sat Jul 25 18:14:30 UTC 2026,1785003270,0,1.12
Sat Jul 25 18:15:24 UTC 2026,1785003324,0,1.53
Sat Jul 25 18:17:14 UTC 2026,1785003434,0,1.38
Sat Jul 25 18:17:41 UTC 2026,1785003461,0,1.06
Sat Jul 25 18:17:55 UTC 2026,1785003475,0,1.02
Sat Jul 25 18:19:02 UTC 2026,1785003542,0,1.36
Sat Jul 25 18:19:44 UTC 2026,1785003584,0,1.34
Sat Jul 25 18:20:33 UTC 2026,1785003633,0,0.73
Sat Jul 25 18:22:09 UTC 2026,1785003729,0,1.15
Sat Jul 25 18:22:27 UTC 2026,1785003747,0,0.67
Sat Jul 25 18:22:55 UTC 2026,1785003775,0,1.17
Sat Jul 25 18:23:32 UTC 2026,1785003812,0,0.73
Sat Jul 25 18:24:43 UTC 2026,1785003883,0,0.85
Sat Jul 25 18:25:48 UTC 2026,1785003948,0,1.33
Sat Jul 25 18:26:15 UTC 2026,1785003975,0,1.34
Sat Jul 25 18:27:18 UTC 2026,1785004038,0,0.94
Sat Jul 25 18:28:08 UTC 2026,1785004088,0,1.61
Sat Jul 25 18:28:59 UTC 2026,1785004139,0,1.27
Sat Jul 25 18:29:17 UTC 2026,1785004157,0,1.63
Sat Jul 25 18:30:48 UTC 2026,1785004248,0,1.14
Sat Jul 25 18:31:48 UTC 2026,1785004308,0,1.32
Sat Jul 25 18:32:18 UTC 2026,1785004338,0,1.04
Sat Jul 25 18:33:09 UTC 2026,1785004389,0,0.95
Sat Jul 25 18:33:44 UTC 2026,1785004424,0,1.32
Sat Jul 25 18:34:17 UTC 2026,1785004457,0,1.08
Sat Jul 25 18:35:43 UTC 2026,1785004543,0,1.53
Sat Jul 25 18:36:02 UTC 2026,1785004562,0,1.4
Sat Jul 25 18:37:23 UTC 2026,1785004643,0,1.74
Sat Jul 25 18:37:50 UTC 2026,1785004670,0,1.47
Sat Jul 25 18:39:04 UTC 2026,1785004744,0,1.89
Sat Jul 25 18:39:40 UTC 2026,1785004780,0,1.63
Sat Jul 25 18:40:43 UTC 2026,1785004843,0,1.95
Sat Jul 25 18:41:34 UTC 2026,1785004894,0,2.26
Sat Jul 25 18:42:10 UTC 2026,1785004930,0,1.91
Sat Jul 25 18:43:18 UTC 2026,1785004998,0,1.63
Sat Jul 25 18:44:04 UTC 2026,1785005044,0,2.19
Sat Jul 25 18:44:49 UTC 2026,1785005089,0,1.9
Sat Jul 25 18:45:25 UTC 2026,1785005125,0,2.34
Sat Jul 25 18:46:52 UTC 2026,1785005212,0,2.35
Sat Jul 25 18:47:06 UTC 2026,1785005226,0,2.12
Sat Jul 25 18:48:00 UTC 2026,1785005280,0,2.37
Sat Jul 25 18:49:02 UTC 2026,1785005342,0,2.06
Sat Jul 25 18:49:22 UTC 2026,1785005362,0,1.99
Sat Jul 25 18:50:39 UTC 2026,1785005439,0,2.23
Sat Jul 25 18:50:44 UTC 2026,1785005444,0,2.27
Sat Jul 25 18:52:14 UTC 2026,1785005534,0,1.89
Sat Jul 25 18:52:27 UTC 2026,1785005547,0,2.21
Sat Jul 25 18:53:36 UTC 2026,1785005616,0,1.57
Sat Jul 25 18:54:49 UTC 2026,1785005689,0,1.84
Sat Jul 25 18:54:58 UTC 2026,1785005698,0,1.56
Sat Jul 25 18:56:28 UTC 2026,1785005788,0,1.4
Sat Jul 25 18:56:41 UTC 2026,1785005801,0,1.68
Sat Jul 25 18:57:18 UTC 2026,1785005838,0,1.47
Sat Jul 25 18:58:03 UTC 2026,1785005883,0,1.01
Sat Jul 25 18:59:30 UTC 2026,1785005970,0,1.23
Sat Jul 25 19:00:34 UTC 2026,1785006034,0,0.42
Sat Jul 25 19:00:38 UTC 2026,1785006038,0,0.29
Sat Jul 25 19:01:19 UTC 2026,1785006079,0,-0.29
Sat Jul 25 19:02:24 UTC 2026,1785006144,0,-0.01
Sat Jul 25 19:02:41 UTC 2026,1785006161,0,0.36
Sat Jul 25 19:04:48 UTC 2026,1785006288,0,0.43
Sat Jul 25 19:05:01 UTC 2026,1785006301,0,0.03
Sat Jul 25 19:05:48 UTC 2026,1785006348,0,0.6
Sat Jul 25 19:07:04 UTC 2026,1785006424,0,0.09
Sat Jul 25 19:07:45 UTC 2026,1785006465,0,-0.78
Sat Jul 25 19:08:36 UTC 2026,1785006516,0,0.67
Sat Jul 25 19:09:17 UTC 2026,1785006557,0,0.01
Sat Jul 25 19:10:16 UTC 2026,1785006616,0,0.77
Sat Jul 25 19:10:34 UTC 2026,1785006634,0,0.63
Sat Jul 25 19:11:51 UTC 2026,1785006711,0,1.24
Sat Jul 25 19:12:32 UTC 2026,1785006752,0,1.16
Sat Jul 25 19:13:40 UTC 2026,1785006820,0,0.29
Sat Jul 25 19:14:03 UTC 2026,1785006843,0,0.79
Sat Jul 25 19:15:25 UTC 2026,1785006925,0,-0.04
Sat Jul 25 19:15:43 UTC 2026,1785006943,0,0.52
Sat Jul 25 19:16:10 UTC 2026,1785006970,0,0.02
Sat Jul 25 19:17:50 UTC 2026,1785007070,0,0.38
Sat Jul 25 19:18:27 UTC 2026,1785007107,0,-0.27
Sat Jul 25 19:18:58 UTC 2026,1785007138,0,0.26
Sat Jul 25 19:20:02 UTC 2026,1785007202,0,-0.39
Sat Jul 25 19:20:25 UTC 2026,1785007225,0,-0.04
Sat Jul 25 19:21:52 UTC 2026,1785007312,0,-0.76
Sat Jul 25 19:22:54 UTC 2026,1785007374,0,-1.89
Sat Jul 25 19:23:08 UTC 2026,1785007388,0,-0.43
Sat Jul 25 19:24:16 UTC 2026,1785007456,0,-0.37
Sat Jul 25 19:25:06 UTC 2026,1785007506,0,-1.37
Sat Jul 25 19:25:29 UTC 2026,1785007529,0,-1.91
Sat Jul 25 19:26:15 UTC 2026,1785007575,0,-0.5
Sat Jul 25 19:27:41 UTC 2026,1785007661,0,-0.93
Sat Jul 25 19:28:35 UTC 2026,1785007715,0,-0.41
Sat Jul 25 19:28:45 UTC 2026,1785007725,0,-0.22
Sat Jul 25 19:30:06 UTC 2026,1785007806,0,-0.83
Sat Jul 25 19:31:19 UTC 2026,1785007879,0,0.0
Sat Jul 25 19:31:27 UTC 2026,1785007887,0,-0.59
Sat Jul 25 19:33:14 UTC 2026,1785007994,0,-0.51
Sat Jul 25 19:33:35 UTC 2026,1785008015,0,0.27
Sat Jul 25 19:33:45 UTC 2026,1785008025,0,0.54
Sat Jul 25 19:34:52 UTC 2026,1785008092,0,-0.1
Sat Jul 25 19:35:24 UTC 2026,1785008124,0,0.08
Sat Jul 25 19:36:24 UTC 2026,1785008184,0,-0.87
Sat Jul 25 19:36:56 UTC 2026,1785008216,0,-0.2
Sat Jul 25 19:37:27 UTC 2026,1785008247,0,-0.8
Sat Jul 25 19:39:30 UTC 2026,1785008370,0,-0.81
Sat Jul 25 19:40:01 UTC 2026,1785008401,0,-0.26
Sat Jul 25 19:40:15 UTC 2026,1785008415,0,-0.09
Sat Jul 25 19:41:46 UTC 2026,1785008506,0,-0.77
Sat Jul 25 19:42:14 UTC 2026,1785008534,0,-0.51
Sat Jul 25 19:43:12 UTC 2026,1785008592,0,-1.84
Sat Jul 25 19:43:36 UTC 2026,1785008616,0,-1.11
Sat Jul 25 19:45:07 UTC 2026,1785008707,0,-0.01
Sat Jul 25 19:45:20 UTC 2026,1785008720,0,-0.03
Sat Jul 25 19:45:34 UTC 2026,1785008734,0,-0.7
Sat Jul 25 19:47:27 UTC 2026,1785008847,0,-0.69
Sat Jul 25 19:47:46 UTC 2026,1785008866,0,-0.31
Sat Jul 25 19:48:53 UTC 2026,1785008933,0,-0.79
Sat Jul 25 19:49:03 UTC 2026,1785008943,0,-0.35
Sat Jul 25 19:50:21 UTC 2026,1785009021,0,-0.15
Sat Jul 25 19:51:33 UTC 2026,1785009093,0,-0.91
Sat Jul 25 19:51:56 UTC 2026,1785009116,0,-0.79
Sat Jul 25 19:52:29 UTC 2026,1785009149,0,-1.43
Sat Jul 25 19:53:36 UTC 2026,1785009216,0,-1.57
Sat Jul 25 19:54:44 UTC 2026,1785009284,0,-0.69
Sat Jul 25 19:55:06 UTC 2026,1785009306,0,-0.61
Sat Jul 25 19:55:53 UTC 2026,1785009353,0,-0.08
Sat Jul 25 19:57:09 UTC 2026,1785009429,0,-0.68
Sat Jul 25 19:57:50 UTC 2026,1785009470,0,0.1
Sat Jul 25 19:58:27 UTC 2026,1785009507,0,-0.31
Sat Jul 25 19:59:35 UTC 2026,1785009575,0,0.15
Sat Jul 25 20:00:29 UTC 2026,1785009629,0,-0.02
Sat Jul 25 20:01:15 UTC 2026,1785009675,0,0.33
Sat Jul 25 20:02:32 UTC 2026,1785009752,0,0.34
Sat Jul 25 20:02:55 UTC 2026,1785009775,0,-0.33
Sat Jul 25 20:03:45 UTC 2026,1785009825,0,0.36
Sat Jul 25 20:04:44 UTC 2026,1785009884,0,-0.45
Sat Jul 25 20:05:07 UTC 2026,1785009907,0,0.26
Sat Jul 25 20:05:56 UTC 2026,1785009956,0,-0.58
Sat Jul 25 20:06:37 UTC 2026,1785009997,0,-0.2
Sat Jul 25 20:07:22 UTC 2026,1785010042,0,0.33
Sat Jul 25 20:08:41 UTC 2026,1785010121,0,0.0
Sat Jul 25 20:09:39 UTC 2026,1785010179,0,-0.46
Sat Jul 25 20:11:01 UTC 2026,1785010261,0,-0.42
Sat Jul 25 20:11:15 UTC 2026,1785010275,0,0.1
Sat Jul 25 20:12:05 UTC 2026,1785010325,0,0.01
Sat Jul 25 20:13:04 UTC 2026,1785010384,0,-0.69
Sat Jul 25 20:13:18 UTC 2026,1785010398,0,-0.89
Sat Jul 25 20:14:16 UTC 2026,1785010456,0,-0.11
Sat Jul 25 20:15:30 UTC 2026,1785010530,0,-0.54
Sat Jul 25 20:15:39 UTC 2026,1785010539,0,-0.05
Sat Jul 25 20:17:14 UTC 2026,1785010634,0,-0.13
Sat Jul 25 20:18:03 UTC 2026,1785010683,0,-1.1
Sat Jul 25 20:18:13 UTC 2026,1785010693,0,-0.75
Sat Jul 25 20:18:53 UTC 2026,1785010733,0,-1.25
Sat Jul 25 20:20:16 UTC 2026,1785010816,0,-0.94
Sat Jul 25 20:21:05 UTC 2026,1785010865,0,-0.09
Sat Jul 25 20:21:32 UTC 2026,1785010892,0,-0.41
Sat Jul 25 20:22:59 UTC 2026,1785010979,0,0.04
Sat Jul 25 20:23:26 UTC 2026,1785011006,0,0.29
Sat Jul 25 20:24:34 UTC 2026,1785011074,0,-0.52
Sat Jul 25 20:24:47 UTC 2026,1785011087,0,-0.43
Sat Jul 25 20:26:01 UTC 2026,1785011161,0,-1.86
Sat Jul 25 20:26:41 UTC 2026,1785011201,0,-1.62
Sat Jul 25 20:27:36 UTC 2026,1785011256,0,-0.07
Sat Jul 25 20:28:49 UTC 2026,1785011329,0,0.09
Sat Jul 25 20:29:11 UTC 2026,1785011351,0,-0.61
Sat Jul 25 20:30:28 UTC 2026,1785011428,0,0.28
Sat Jul 25 20:31:05 UTC 2026,1785011465,0,-0.23
Sat Jul 25 20:31:51 UTC 2026,1785011511,0,-0.72
Sat Jul 25 20:32:50 UTC 2026,1785011570,0,-0.03
Sat Jul 25 20:34:01 UTC 2026,1785011641,0,-0.49
Sat Jul 25 20:34:24 UTC 2026,1785011664,0,0.04
Sat Jul 25 20:35:11 UTC 2026,1785011711,0,-0.72
Sat Jul 25 20:35:38 UTC 2026,1785011738,0,0.02
Sat Jul 25 20:36:19 UTC 2026,1785011779,0,-0.14
Sat Jul 25 20:37:54 UTC 2026,1785011874,0,-1.19
Sat Jul 25 20:37:58 UTC 2026,1785011878,0,-0.94
Sat Jul 25 20:39:25 UTC 2026,1785011965,0,-1.74
Sat Jul 25 20:40:33 UTC 2026,1785012033,0,-1.27
Sat Jul 25 20:40:51 UTC 2026,1785012051,0,-0.52
Sat Jul 25 20:42:32 UTC 2026,1785012152,0,-1.32
Sat Jul 25 20:42:50 UTC 2026,1785012170,0,-0.72
Sat Jul 25 20:43:34 UTC 2026,1785012214,0,-1.28
Sat Jul 25 20:44:24 UTC 2026,1785012264,0,-0.42
Sat Jul 25 20:44:39 UTC 2026,1785012279,0,-0.51
Sat Jul 25 20:46:04 UTC 2026,1785012364,0,-1.31
Sat Jul 25 20:46:59 UTC 2026,1785012419,0,-1.48
Sat Jul 25 20:47:40 UTC 2026,1785012460,0,-0.71
Sat Jul 25 20:47:57 UTC 2026,1785012477,0,-1.31
Sat Jul 25 20:49:29 UTC 2026,1785012569,0,0.04
Sat Jul 25 20:49:33 UTC 2026,1785012573,0,0.08
Sat Jul 25 20:50:29 UTC 2026,1785012629,0,-0.54
Sat Jul 25 20:51:46 UTC 2026,1785012706,0,-0.66
Sat Jul 25 20:52:13 UTC 2026,1785012733,0,-0.23
Sat Jul 25 20:53:57 UTC 2026,1785012837,0,-0.39
Sat Jul 25 20:54:07 UTC 2026,1785012847,0,-1.33
Sat Jul 25 20:54:52 UTC 2026,1785012892,0,-1.05
Sat Jul 25 20:55:23 UTC 2026,1785012923,0,-0.24
Sat Jul 25 20:56:45 UTC 2026,1785013005,0,-1.35
Sat Jul 25 20:57:35 UTC 2026,1785013055,0,-0.34
Sat Jul 25 20:58:52 UTC 2026,1785013132,0,-0.2
Sat Jul 25 20:59:20 UTC 2026,1785013160,0,-0.68
Sat Jul 25 21:00:10 UTC 2026,1785013210,0,-0.26
Sat Jul 25 21:00:47 UTC 2026,1785013247,0,-0.74
Sat Jul 25 21:01:08 UTC 2026,1785013268,0,-0.22
Sat Jul 25 21:02:22 UTC 2026,1785013342,0,-1.23
Sat Jul 25 21:04:11 UTC 2026,1785013451,0,-1.42
Sat Jul 25 21:04:20 UTC 2026,1785013460,0,-0.56
Sat Jul 25 21:04:24 UTC 2026,1785013464,0,-0.76
Sat Jul 25 21:05:18 UTC 2026,1785013518,0,-1.5
Sat Jul 25 21:06:10 UTC 2026,1785013570,0,-1.51
Sat Jul 25 21:07:32 UTC 2026,1785013652,0,0.08
Sat Jul 25 21:07:49 UTC 2026,1785013669,0,0.38
Sat Jul 25 21:08:57 UTC 2026,1785013737,0,-0.79
Sat Jul 25 21:10:01 UTC 2026,1785013801,0,-0.01
Sat Jul 25 21:10:28 UTC 2026,1785013828,0,-0.86
Sat Jul 25 21:12:08 UTC 2026,1785013928,0,0.46
Sat Jul 25 21:12:22 UTC 2026,1785013942,0,-0.27
Sat Jul 25 21:13:30 UTC 2026,1785014010,0,0.47
Sat Jul 25 21:14:11 UTC 2026,1785014051,0,-0.16
Sat Jul 25 21:14:20 UTC 2026,1785014060,0,0.3
Sat Jul 25 21:14:43 UTC 2026,1785014083,0,-0.48
Sat Jul 25 21:16:00 UTC 2026,1785014160,0,-0.15
Sat Jul 25 21:17:07 UTC 2026,1785014227,0,-1.19
Sat Jul 25 21:18:17 UTC 2026,1785014297,0,-1.49
Sat Jul 25 21:18:34 UTC 2026,1785014314,0,-0.67
Sat Jul 25 21:19:25 UTC 2026,1785014365,0,-0.95
Sat Jul 25 21:20:10 UTC 2026,1785014410,0,-0.25
Sat Jul 25 21:21:42 UTC 2026,1785014502,0,-0.63
Sat Jul 25 21:22:04 UTC 2026,1785014524,0,0.09
Sat Jul 25 21:23:03 UTC 2026,1785014583,0,-0.77
Sat Jul 25 21:23:31 UTC 2026,1785014611,0,-0.13
Sat Jul 25 21:24:16 UTC 2026,1785014656,0,0.36
Sat Jul 25 21:25:11 UTC 2026,1785014711,0,-0.34
Sat Jul 25 21:26:09 UTC 2026,1785014769,0,0.08
Sat Jul 25 21:26:54 UTC 2026,1785014814,0,-0.65
Sat Jul 25 21:27:55 UTC 2026,1785014875,0,-0.06
Sat Jul 25 21:28:58 UTC 2026,1785014938,0,-2.11
Sat Jul 25 21:29:16 UTC 2026,1785014956,0,-1.53
Sat Jul 25 21:30:20 UTC 2026,1785015020,0,-3.41
Sat Jul 25 21:30:51 UTC 2026,1785015051,0,-3.0
Sat Jul 25 21:32:22 UTC 2026,1785015142,0,-6.39
Sat Jul 25 21:32:26 UTC 2026,1785015146,0,-6.08
Sat Jul 25 21:33:40 UTC 2026,1785015220,0,-7.54
Sat Jul 25 21:34:57 UTC 2026,1785015297,0,-6.82
Sat Jul 25 21:35:38 UTC 2026,1785015338,0,-8.09
Sat Jul 25 21:37:20 UTC 2026,1785015440,0,-6.4
Sat Jul 25 21:37:30 UTC 2026,1785015450,0,-6.83
Sat Jul 25 21:38:52 UTC 2026,1785015532,0,-4.59
Sat Jul 25 21:39:05 UTC 2026,1785015545,0,-4.66
Sat Jul 25 21:39:50 UTC 2026,1785015590,0,-5.51
Sat Jul 25 21:40:45 UTC 2026,1785015645,0,-5.16
Sat Jul 25 21:41:26 UTC 2026,1785015686,0,-6.81
Sat Jul 25 21:42:21 UTC 2026,1785015741,0,-5.94
Sat Jul 25 21:43:24 UTC 2026,1785015804,0,-4.42
Sat Jul 25 21:44:05 UTC 2026,1785015845,0,-5.6
Sat Jul 25 21:45:19 UTC 2026,1785015919,0,-4.15
Sat Jul 25 21:45:46 UTC 2026,1785015946,0,-3.97
Sat Jul 25 21:46:48 UTC 2026,1785016008,0,-5.49
Sat Jul 25 21:47:34 UTC 2026,1785016054,0,-4.95
Sat Jul 25 21:48:52 UTC 2026,1785016132,0,-7.47
Sat Jul 25 21:49:15 UTC 2026,1785016155,0,-7.71
Sat Jul 25 21:49:42 UTC 2026,1785016182,0,-5.97
Sat Jul 25 21:50:37 UTC 2026,1785016237,0,-6.71
Sat Jul 25 21:52:08 UTC 2026,1785016328,0,-4.23
Sat Jul 25 21:52:25 UTC 2026,1785016345,0,-4.3
Sat Jul 25 21:53:02 UTC 2026,1785016382,0,-3.36
Sat Jul 25 21:53:52 UTC 2026,1785016432,0,-4.55
Sat Jul 25 21:54:14 UTC 2026,1785016454,0,-3.08
Sat Jul 25 21:55:32 UTC 2026,1785016532,0,-4.2
Sat Jul 25 21:56:14 UTC 2026,1785016574,0,-5.46
Sat Jul 25 21:57:16 UTC 2026,1785016636,0,-4.22
Sat Jul 25 21:58:42 UTC 2026,1785016722,0,-7.23
Sat Jul 25 21:59:37 UTC 2026,1785016777,0,-7.76
Sat Jul 25 22:00:23 UTC 2026,1785016823,0,-6.25
Sat Jul 25 22:00:50 UTC 2026,1785016850,0,-7.62
Sat Jul 25 22:01:21 UTC 2026,1785016881,0,-5.77
Sat Jul 25 22:02:12 UTC 2026,1785016932,0,-5.8
Sat Jul 25 22:03:07 UTC 2026,1785016987,0,-7.46
Sat Jul 25 22:04:14 UTC 2026,1785017054,0,-6.29
Sat Jul 25 22:05:22 UTC 2026,1785017122,0,-8.89
Sat Jul 25 22:05:40 UTC 2026,1785017140,0,-7.8
Sat Jul 25 22:07:01 UTC 2026,1785017221,0,-11.19
Sat Jul 25 22:07:33 UTC 2026,1785017253,0,-12.19
Sat Jul 25 22:08:36 UTC 2026,1785017316,0,-9.09
Sat Jul 25 22:09:08 UTC 2026,1785017348,0,-9.64
Sat Jul 25 22:10:07 UTC 2026,1785017407,0,-7.86
Sat Jul 25 22:10:24 UTC 2026,1785017424,0,-8.36
Sat Jul 25 22:11:56 UTC 2026,1785017516,0,-5.58
Sat Jul 25 22:12:10 UTC 2026,1785017530,0,-5.73
Sat Jul 25 22:12:45 UTC 2026,1785017565,0,-4.1
Sat Jul 25 22:14:17 UTC 2026,1785017657,0,-6.17
Sat Jul 25 22:15:16 UTC 2026,1785017716,0,-2.89
Sat Jul 25 22:15:44 UTC 2026,1785017744,0,-3.11
Sat Jul 25 22:16:24 UTC 2026,1785017784,0,-1.95
Sat Jul 25 22:17:01 UTC 2026,1785017821,0,-2.48
Sat Jul 25 22:18:31 UTC 2026,1785017911,0,-0.68
Sat Jul 25 22:19:13 UTC 2026,1785017953,0,-0.46
Sat Jul 25 22:20:11 UTC 2026,1785018011,0,-1.35
Sat Jul 25 22:20:20 UTC 2026,1785018020,0,-1.46
Sat Jul 25 22:21:29 UTC 2026,1785018089,0,0.36
Sat Jul 25 22:22:37 UTC 2026,1785018157,0,-0.3
Sat Jul 25 22:22:59 UTC 2026,1785018179,0,0.33
Sat Jul 25 22:24:35 UTC 2026,1785018275,0,-0.5
Sat Jul 25 22:25:02 UTC 2026,1785018302,0,0.39
Sat Jul 25 22:25:35 UTC 2026,1785018335,0,0.56
Sat Jul 25 22:26:20 UTC 2026,1785018380,0,-0.16
Sat Jul 25 22:27:06 UTC 2026,1785018426,0,-0.35
Sat Jul 25 22:28:23 UTC 2026,1785018503,0,0.63
Sat Jul 25 22:28:41 UTC 2026,1785018521,0,0.72
Sat Jul 25 22:30:06 UTC 2026,1785018606,0,-0.01
Sat Jul 25 22:30:48 UTC 2026,1785018648,0,0.18
Sat Jul 25 22:31:29 UTC 2026,1785018689,0,-0.4
Sat Jul 25 22:31:52 UTC 2026,1785018712,0,0.08
Sat Jul 25 22:32:24 UTC 2026,1785018744,0,0.95
Sat Jul 25 22:33:27 UTC 2026,1785018807,0,0.42
Sat Jul 25 22:34:58 UTC 2026,1785018898,0,-1.73
Sat Jul 25 22:35:49 UTC 2026,1785018949,0,-1.61
Sat Jul 25 22:36:16 UTC 2026,1785018976,0,-0.52
Sat Jul 25 22:37:32 UTC 2026,1785019052,0,-0.34
Sat Jul 25 22:38:13 UTC 2026,1785019093,0,-1.61
Sat Jul 25 22:38:59 UTC 2026,1785019139,0,-1.0
Sat Jul 25 22:39:35 UTC 2026,1785019175,0,-0.07
Sat Jul 25 22:40:48 UTC 2026,1785019248,0,0.47
Sat Jul 25 22:41:34 UTC 2026,1785019294,0,-1.11
Sat Jul 25 22:41:51 UTC 2026,1785019311,0,-1.04
Sat Jul 25 22:43:05 UTC 2026,1785019385,0,-0.11
Sat Jul 25 22:44:13 UTC 2026,1785019453,0,-0.45
Sat Jul 25 22:44:58 UTC 2026,1785019498,0,1.21
Sat Jul 25 22:45:11 UTC 2026,1785019511,0,1.14
Sat Jul 25 22:46:30 UTC 2026,1785019590,0,1.99
Sat Jul 25 22:46:43 UTC 2026,1785019603,0,1.92
Sat Jul 25 22:48:09 UTC 2026,1785019689,0,1.1
Sat Jul 25 22:48:27 UTC 2026,1785019707,0,0.89
Sat Jul 25 22:49:00 UTC 2026,1785019740,0,1.7
Sat Jul 25 22:49:59 UTC 2026,1785019799,0,1.03
Sat Jul 25 22:50:53 UTC 2026,1785019853,0,-0.96
Sat Jul 25 22:52:06 UTC 2026,1785019926,0,-0.51
Sat Jul 25 22:52:42 UTC 2026,1785019962,0,0.34
Sat Jul 25 22:53:31 UTC 2026,1785020011,0,0.43
Sat Jul 25 22:54:37 UTC 2026,1785020077,0,-0.79
Sat Jul 25 22:54:58 UTC 2026,1785020098,0,-0.87
Sat Jul 25 22:55:31 UTC 2026,1785020131,0,0.1
Sat Jul 25 22:57:00 UTC 2026,1785020220,0,-1.09
Sat Jul 25 22:58:10 UTC 2026,1785020290,0,-0.27
Sat Jul 25 22:58:27 UTC 2026,1785020307,0,-0.45
Sat Jul 25 22:58:47 UTC 2026,1785020327,0,0.22
Sat Jul 25 23:00:49 UTC 2026,1785020449,0,0.36
Sat Jul 25 23:01:24 UTC 2026,1785020484,0,-1.1
Sat Jul 25 23:02:02 UTC 2026,1785020522,0,-0.65
Sat Jul 25 23:03:01 UTC 2026,1785020581,0,-1.75
Sat Jul 25 23:03:10 UTC 2026,1785020590,0,-1.43
Sat Jul 25 23:03:59 UTC 2026,1785020639,0,-2.38
Sat Jul 25 23:05:39 UTC 2026,1785020739,0,-1.34
Sat Jul 25 23:06:26 UTC 2026,1785020786,0,-2.48
Sat Jul 25 23:07:01 UTC 2026,1785020821,0,-1.06
Sat Jul 25 23:08:05 UTC 2026,1785020885,0,-2.55
Sat Jul 25 23:08:18 UTC 2026,1785020898,0,-2.8
Sat Jul 25 23:09:19 UTC 2026,1785020959,0,-1.37
Sat Jul 25 23:09:45 UTC 2026,1785020985,0,-1.23
Sat Jul 25 23:11:21 UTC 2026,1785021081,0,0.47
Sat Jul 25 23:11:39 UTC 2026,1785021099,0,-0.1
Sat Jul 25 23:12:52 UTC 2026,1785021172,0,0.91
Sat Jul 25 23:13:25 UTC 2026,1785021205,0,0.16
Sat Jul 25 23:13:51 UTC 2026,1785021231,0,1.22
Sat Jul 25 23:14:54 UTC 2026,1785021294,0,1.41
Sat Jul 25 23:15:31 UTC 2026,1785021331,0,0.63
Sat Jul 25 23:16:21 UTC 2026,1785021381,0,0.65
Sat Jul 25 23:17:20 UTC 2026,1785021440,0,2.0
Sat Jul 25 23:18:15 UTC 2026,1785021495,0,1.3
Sat Jul 25 23:18:46 UTC 2026,1785021526,0,1.95
Sat Jul 25 23:19:54 UTC 2026,1785021594,0,1.09
Sat Jul 25 23:21:17 UTC 2026,1785021677,0,2.31
Sat Jul 25 23:22:11 UTC 2026,1785021731,0,2.57
Sat Jul 25 23:22:56 UTC 2026,1785021776,0,1.95
Sat Jul 25 23:23:06 UTC 2026,1785021786,0,2.74
Sat Jul 25 23:24:22 UTC 2026,1785021862,0,1.9
Sat Jul 25 23:24:54 UTC 2026,1785021894,0,1.53
Sat Jul 25 23:25:58 UTC 2026,1785021958,0,2.05
Sat Jul 25 23:26:25 UTC 2026,1785021985,0,2.18
Sat Jul 25 23:27:51 UTC 2026,1785022071,0,0.87
Sat Jul 25 23:27:57 UTC 2026,1785022077,0,0.98
Sat Jul 25 23:29:27 UTC 2026,1785022167,0,-2.14
Sat Jul 25 23:30:04 UTC 2026,1785022204,0,-0.48
Sat Jul 25 23:31:11 UTC 2026,1785022271,0,-2.15
Sat Jul 25 23:31:34 UTC 2026,1785022294,0,-2.69
Sat Jul 25 23:32:47 UTC 2026,1785022367,0,0.25
Sat Jul 25 23:32:53 UTC 2026,1785022373,0,0.35
Sat Jul 25 23:33:47 UTC 2026,1785022427,0,1.24
Sat Jul 25 23:33:51 UTC 2026,1785022431,0,1.36
Sat Jul 25 23:34:00 UTC 2026,1785022440,0,1.56
Sat Jul 25 23:34:28 UTC 2026,1785022468,0,1.01
Sat Jul 25 23:34:55 UTC 2026,1785022495,0,1.54
Sat Jul 25 23:35:44 UTC 2026,1785022544,0,0.26
Sat Jul 25 23:36:22 UTC 2026,1785022582,0,0.67
Sat Jul 25 23:37:37 UTC 2026,1785022657,0,2.21
Sat Jul 25 23:37:57 UTC 2026,1785022677,0,2.08
Sat Jul 25 23:39:22 UTC 2026,1785022762,0,2.75
Sat Jul 25 23:40:22 UTC 2026,1785022822,0,2.84
Sat Jul 25 23:40:36 UTC 2026,1785022836,0,2.14
Sat Jul 25 23:41:58 UTC 2026,1785022918,0,2.74
Sat Jul 25 23:42:28 UTC 2026,1785022948,0,1.59
Sat Jul 25 23:42:47 UTC 2026,1785022967,0,1.89
Sat Jul 25 23:43:28 UTC 2026,1785023008,0,0.35
Sat Jul 25 23:44:50 UTC 2026,1785023090,0,1.97
Sat Jul 25 23:45:57 UTC 2026,1785023157,0,0.07
Sat Jul 25 23:46:34 UTC 2026,1785023194,0,0.7
Sat Jul 25 23:47:05 UTC 2026,1785023225,0,-0.17
Sat Jul 25 23:48:19 UTC 2026,1785023299,0,-0.65
Sat Jul 25 23:49:00 UTC 2026,1785023340,0,0.62
Sat Jul 25 23:50:13 UTC 2026,1785023413,0,-0.2
Sat Jul 25 23:50:48 UTC 2026,1785023448,0,1.27
Sat Jul 25 23:51:48 UTC 2026,1785023508,0,1.66
Sat Jul 25 23:52:29 UTC 2026,1785023549,0,0.89
Sat Jul 25 23:53:15 UTC 2026,1785023595,0,2.22
Sat Jul 25 23:53:59 UTC 2026,1785023639,0,1.36
Sat Jul 25 23:54:54 UTC 2026,1785023694,0,0.7
Sat Jul 25 23:55:54 UTC 2026,1785023754,0,2.55
Sat Jul 25 23:56:07 UTC 2026,1785023767,0,1.89
Sat Jul 25 23:57:20 UTC 2026,1785023840,0,2.92
Sat Jul 25 23:57:56 UTC 2026,1785023876,0,2.55
Sat Jul 25 23:58:46 UTC 2026,1785023926,0,3.13
Sat Jul 25 23:59:32 UTC 2026,1785023972,0,2.79
Sun Jul 26 00:00:26 UTC 2026,1785024026,0,1.46
Sun Jul 26 00:01:21 UTC 2026,1785024081,0,2.35
Sun Jul 26 00:02:20 UTC 2026,1785024140,0,1.63
Sun Jul 26 00:03:23 UTC 2026,1785024203,0,1.85
Sun Jul 26 00:04:10 UTC 2026,1785024250,0,1.4
Sun Jul 26 00:04:18 UTC 2026,1785024258,0,1.27
Sun Jul 26 00:05:08 UTC 2026,1785024308,0,0.04
Sun Jul 26 00:05:53 UTC 2026,1785024353,0,0.37
Sun Jul 26 00:07:29 UTC 2026,1785024449,0,1.36
Sun Jul 26 00:07:33 UTC 2026,1785024453,0,1.12
Sun Jul 26 00:08:05 UTC 2026,1785024485,0,2.17
Sun Jul 26 00:09:22 UTC 2026,1785024562,0,2.21
Sun Jul 26 00:10:12 UTC 2026,1785024612,0,2.73
Sun Jul 26 00:10:56 UTC 2026,1785024656,0,2.51
Sun Jul 26 00:11:21 UTC 2026,1785024681,0,3.07
Sun Jul 26 00:13:37 UTC 2026,1785024817,0,2.69
Sun Jul 26 00:13:59 UTC 2026,1785024839,0,3.42
Sun Jul 26 00:14:17 UTC 2026,1785024857,0,3.49
Sun Jul 26 00:15:44 UTC 2026,1785024944,0,2.57
Sun Jul 26 00:16:47 UTC 2026,1785025007,0,2.78
Sun Jul 26 00:17:20 UTC 2026,1785025040,0,0.96
Sun Jul 26 00:18:18 UTC 2026,1785025098,0,0.1
Sun Jul 26 00:19:00 UTC 2026,1785025140,0,1.2
Sun Jul 26 00:19:41 UTC 2026,1785025181,0,1.66
Sun Jul 26 00:20:39 UTC 2026,1785025239,0,0.1
Sun Jul 26 00:21:15 UTC 2026,1785025275,0,0.58
Sun Jul 26 00:22:00 UTC 2026,1785025320,0,-0.14
Sun Jul 26 00:22:51 UTC 2026,1785025371,0,-0.25
Sun Jul 26 00:23:59 UTC 2026,1785025439,0,1.34
Sun Jul 26 00:24:04 UTC 2026,1785025444,0,1.18
Sun Jul 26 00:25:12 UTC 2026,1785025512,0,2.47
Sun Jul 26 00:25:40 UTC 2026,1785025540,0,2.5
Sun Jul 26 00:26:52 UTC 2026,1785025612,0,3.17
Sun Jul 26 00:27:33 UTC 2026,1785025653,0,2.47
Sun Jul 26 00:28:54 UTC 2026,1785025734,0,3.48
Sun Jul 26 00:29:13 UTC 2026,1785025753,0,3.0
Sun Jul 26 00:30:16 UTC 2026,1785025816,0,3.63
Sun Jul 26 00:30:44 UTC 2026,1785025844,0,3.61
Sun Jul 26 00:31:34 UTC 2026,1785025894,0,2.92
Sun Jul 26 00:32:42 UTC 2026,1785025962,0,3.24
Sun Jul 26 00:33:45 UTC 2026,1785026025,0,1.65
Sun Jul 26 00:34:50 UTC 2026,1785026090,0,2.1
Sun Jul 26 00:35:30 UTC 2026,1785026130,0,0.5
Sun Jul 26 00:36:15 UTC 2026,1785026175,0,1.49
Sun Jul 26 00:37:09 UTC 2026,1785026229,0,0.22
Sun Jul 26 00:37:19 UTC 2026,1785026239,0,-0.02
Sun Jul 26 00:38:28 UTC 2026,1785026308,0,-0.89
Sun Jul 26 00:39:22 UTC 2026,1785026362,0,-0.2
Sun Jul 26 00:39:54 UTC 2026,1785026394,0,0.94
Sun Jul 26 00:40:35 UTC 2026,1785026435,0,0.18
Sun Jul 26 00:41:43 UTC 2026,1785026503,0,-1.59
Sun Jul 26 00:42:29 UTC 2026,1785026549,0,-1.09
Sun Jul 26 00:43:46 UTC 2026,1785026626,0,-0.27
Sun Jul 26 00:43:51 UTC 2026,1785026631,0,-0.53
Sun Jul 26 00:45:12 UTC 2026,1785026712,0,2.4
Sun Jul 26 00:45:35 UTC 2026,1785026735,0,2.53
Sun Jul 26 00:46:29 UTC 2026,1785026789,0,1.91
Sun Jul 26 00:47:06 UTC 2026,1785026826,0,2.21
Sun Jul 26 00:48:31 UTC 2026,1785026911,0,2.95
Sun Jul 26 00:48:51 UTC 2026,1785026931,0,3.15
Sun Jul 26 00:50:21 UTC 2026,1785027021,0,1.63
Sun Jul 26 00:51:20 UTC 2026,1785027080,0,2.17
Sun Jul 26 00:51:43 UTC 2026,1785027103,0,1.12
Sun Jul 26 00:52:37 UTC 2026,1785027157,0,2.13
Sun Jul 26 00:54:08 UTC 2026,1785027248,0,1.72
Sun Jul 26 00:55:13 UTC 2026,1785027313,0,2.66
Sun Jul 26 00:55:53 UTC 2026,1785027353,0,2.82
Sun Jul 26 00:56:07 UTC 2026,1785027367,0,2.31
Sun Jul 26 00:57:29 UTC 2026,1785027449,0,2.91
Sun Jul 26 00:58:38 UTC 2026,1785027518,0,0.56
Sun Jul 26 00:58:55 UTC 2026,1785027535,0,1.48
Sun Jul 26 01:00:07 UTC 2026,1785027607,0,-0.08
Sun Jul 26 01:00:35 UTC 2026,1785027635,0,-0.79
Sun Jul 26 01:01:30 UTC 2026,1785027690,0,1.52
Sun Jul 26 01:02:28 UTC 2026,1785027748,0,2.07
Sun Jul 26 01:03:32 UTC 2026,1785027812,0,1.12
Sun Jul 26 01:03:36 UTC 2026,1785027816,0,0.85
Sun Jul 26 01:05:13 UTC 2026,1785027913,0,-0.63
Sun Jul 26 01:05:58 UTC 2026,1785027958,0,-1.17
Sun Jul 26 01:06:53 UTC 2026,1785028013,0,1.4
Sun Jul 26 01:06:58 UTC 2026,1785028018,0,1.54
Sun Jul 26 01:07:56 UTC 2026,1785028076,0,0.63
Sun Jul 26 01:08:33 UTC 2026,1785028113,0,1.28
Sun Jul 26 01:09:33 UTC 2026,1785028173,0,3.01
Sun Jul 26 01:10:31 UTC 2026,1785028231,0,2.95
Sun Jul 26 01:11:49 UTC 2026,1785028309,0,1.28
Sun Jul 26 01:12:06 UTC 2026,1785028326,0,1.55
Sun Jul 26 01:13:19 UTC 2026,1785028399,0,-0.18
Sun Jul 26 01:13:37 UTC 2026,1785028417,0,0.36
Sun Jul 26 01:14:32 UTC 2026,1785028472,0,-0.89
Sun Jul 26 01:15:26 UTC 2026,1785028526,0,0.88
Sun Jul 26 01:15:59 UTC 2026,1785028559,0,0.17
Sun Jul 26 01:16:49 UTC 2026,1785028609,0,1.02
Sun Jul 26 01:18:06 UTC 2026,1785028686,0,2.16
Sun Jul 26 01:19:01 UTC 2026,1785028741,0,1.63
Sun Jul 26 01:20:04 UTC 2026,1785028804,0,2.84
Sun Jul 26 01:20:17 UTC 2026,1785028817,0,2.76
Sun Jul 26 01:21:12 UTC 2026,1785028872,0,1.6
Sun Jul 26 01:21:49 UTC 2026,1785028909,0,2.41
Sun Jul 26 01:22:57 UTC 2026,1785028977,0,3.07
Sun Jul 26 01:23:24 UTC 2026,1785029004,0,2.83
Sun Jul 26 01:24:55 UTC 2026,1785029095,0,3.7
Sun Jul 26 01:25:40 UTC 2026,1785029140,0,3.21
Sun Jul 26 01:26:30 UTC 2026,1785029190,0,3.88
Sun Jul 26 01:26:48 UTC 2026,1785029208,0,3.5
Sun Jul 26 01:28:09 UTC 2026,1785029289,0,3.97
Sun Jul 26 01:28:42 UTC 2026,1785029322,0,4.03
Sun Jul 26 01:29:59 UTC 2026,1785029399,0,3.67
Sun Jul 26 01:30:09 UTC 2026,1785029409,0,3.71
Sun Jul 26 01:30:58 UTC 2026,1785029458,0,4.24
Sun Jul 26 01:32:06 UTC 2026,1785029526,0,4.35
Sun Jul 26 01:33:05 UTC 2026,1785029585,0,3.96
Sun Jul 26 01:33:46 UTC 2026,1785029626,0,3.99
Sun Jul 26 01:34:54 UTC 2026,1785029694,0,4.38
Sun Jul 26 01:35:22 UTC 2026,1785029722,0,4.4
Sun Jul 26 01:36:30 UTC 2026,1785029790,0,4.16
Sun Jul 26 01:36:54 UTC 2026,1785029814,0,4.18
Sun Jul 26 01:37:48 UTC 2026,1785029868,0,3.71
Sun Jul 26 01:38:43 UTC 2026,1785029923,0,3.39
Sun Jul 26 01:39:32 UTC 2026,1785029972,0,4.03
Sun Jul 26 01:40:44 UTC 2026,1785030044,0,3.71
Sun Jul 26 01:41:12 UTC 2026,1785030072,0,4.01
Sun Jul 26 01:41:35 UTC 2026,1785030095,0,3.69
Sun Jul 26 01:42:42 UTC 2026,1785030162,0,4.0
Sun Jul 26 01:43:42 UTC 2026,1785030222,0,4.1
Sun Jul 26 01:44:46 UTC 2026,1785030286,0,3.63
Sun Jul 26 01:44:54 UTC 2026,1785030294,0,3.68
Sun Jul 26 01:45:31 UTC 2026,1785030331,0,4.26
Sun Jul 26 01:47:20 UTC 2026,1785030440,0,3.5
Sun Jul 26 01:48:02 UTC 2026,1785030482,0,4.06
Sun Jul 26 01:48:10 UTC 2026,1785030490,0,3.92
Sun Jul 26 01:49:45 UTC 2026,1785030585,0,4.48
Sun Jul 26 01:49:55 UTC 2026,1785030595,0,4.21
Sun Jul 26 01:50:36 UTC 2026,1785030636,0,4.59
Sun Jul 26 01:51:45 UTC 2026,1785030705,0,4.46
Sun Jul 26 01:53:01 UTC 2026,1785030781,0,4.0
Sun Jul 26 01:53:10 UTC 2026,1785030790,0,4.26
Sun Jul 26 01:54:32 UTC 2026,1785030872,0,3.76
Sun Jul 26 01:54:50 UTC 2026,1785030890,0,4.1
Sun Jul 26 01:56:09 UTC 2026,1785030969,0,3.36
Sun Jul 26 01:57:03 UTC 2026,1785031023,0,3.47
Sun Jul 26 01:57:20 UTC 2026,1785031040,0,3.84
Sun Jul 26 01:58:29 UTC 2026,1785031109,0,4.0
Sun Jul 26 01:58:52 UTC 2026,1785031132,0,3.64
Sun Jul 26 02:00:19 UTC 2026,1785031219,0,3.96
Sun Jul 26 02:00:36 UTC 2026,1785031236,0,3.67
Sun Jul 26 02:02:25 UTC 2026,1785031345,0,3.45
Sun Jul 26 02:02:48 UTC 2026,1785031368,0,3.93
Sun Jul 26 02:03:02 UTC 2026,1785031382,0,3.56
Sun Jul 26 02:04:05 UTC 2026,1785031445,0,3.85
Sun Jul 26 02:04:42 UTC 2026,1785031482,0,3.7
Sun Jul 26 02:06:08 UTC 2026,1785031568,0,3.28
Sun Jul 26 02:06:31 UTC 2026,1785031591,0,3.23
Sun Jul 26 02:07:26 UTC 2026,1785031646,0,3.56
Sun Jul 26 02:08:11 UTC 2026,1785031691,0,3.66
Sun Jul 26 02:09:24 UTC 2026,1785031764,0,2.95
Sun Jul 26 02:09:55 UTC 2026,1785031795,0,3.21
Sun Jul 26 02:10:41 UTC 2026,1785031841,0,2.19
Sun Jul 26 02:11:36 UTC 2026,1785031896,0,2.87
Sun Jul 26 02:12:49 UTC 2026,1785031969,0,1.8
Sun Jul 26 02:12:57 UTC 2026,1785031977,0,2.24
Sun Jul 26 02:14:28 UTC 2026,1785032068,0,3.06
Sun Jul 26 02:14:51 UTC 2026,1785032091,0,2.61
Sun Jul 26 02:15:51 UTC 2026,1785032151,0,3.3
Sun Jul 26 02:16:12 UTC 2026,1785032172,0,3.37
Sun Jul 26 02:17:48 UTC 2026,1785032268,0,2.62
Sun Jul 26 02:17:53 UTC 2026,1785032273,0,2.7
Sun Jul 26 02:19:24 UTC 2026,1785032364,0,3.35
Sun Jul 26 02:20:46 UTC 2026,1785032446,0,3.78
Sun Jul 26 02:21:44 UTC 2026,1785032504,0,3.87
Sun Jul 26 02:22:40 UTC 2026,1785032560,0,3.37
Sun Jul 26 02:23:06 UTC 2026,1785032586,0,3.33
Sun Jul 26 02:24:24 UTC 2026,1785032664,0,3.79
Sun Jul 26 02:24:55 UTC 2026,1785032695,0,3.63
Sun Jul 26 02:25:54 UTC 2026,1785032754,0,4.12
Sun Jul 26 02:26:40 UTC 2026,1785032800,0,4.18
Sun Jul 26 02:27:03 UTC 2026,1785032823,0,3.96
Sun Jul 26 02:28:42 UTC 2026,1785032922,0,4.3
Sun Jul 26 02:29:19 UTC 2026,1785032959,0,3.9
Sun Jul 26 02:30:36 UTC 2026,1785033036,0,4.19
Sun Jul 26 02:31:00 UTC 2026,1785033060,0,3.81
Sun Jul 26 02:31:13 UTC 2026,1785033073,0,3.7
Sun Jul 26 02:32:21 UTC 2026,1785033141,0,4.08
Sun Jul 26 02:33:11 UTC 2026,1785033191,0,3.89
Sun Jul 26 02:33:52 UTC 2026,1785033232,0,4.21
Sun Jul 26 02:34:25 UTC 2026,1785033265,0,4.19
Sun Jul 26 02:35:55 UTC 2026,1785033355,0,4.46
Sun Jul 26 02:36:17 UTC 2026,1785033377,0,4.28
Sun Jul 26 02:37:35 UTC 2026,1785033455,0,4.52
Sun Jul 26 02:38:16 UTC 2026,1785033496,0,4.41
Sun Jul 26 02:39:10 UTC 2026,1785033550,0,4.16
Sun Jul 26 02:39:42 UTC 2026,1785033582,0,4.35
Sun Jul 26 02:40:27 UTC 2026,1785033627,0,4.08
Sun Jul 26 02:41:08 UTC 2026,1785033668,0,4.19
Sun Jul 26 02:42:08 UTC 2026,1785033728,0,3.6
Sun Jul 26 02:43:47 UTC 2026,1785033827,0,4.13
Sun Jul 26 02:43:57 UTC 2026,1785033837,0,3.65
Sun Jul 26 02:44:15 UTC 2026,1785033855,0,3.93
Sun Jul 26 02:44:51 UTC 2026,1785033891,0,4.33
Sun Jul 26 02:45:55 UTC 2026,1785033955,0,4.05
Sun Jul 26 02:47:30 UTC 2026,1785034050,0,4.3
Sun Jul 26 02:47:36 UTC 2026,1785034056,0,4.31
Sun Jul 26 02:49:11 UTC 2026,1785034151,0,3.83
Sun Jul 26 02:49:15 UTC 2026,1785034155,0,3.87
Sun Jul 26 02:50:42 UTC 2026,1785034242,0,4.14
Sun Jul 26 02:51:18 UTC 2026,1785034278,0,4.2
Sun Jul 26 02:52:20 UTC 2026,1785034340,0,3.88
Sun Jul 26 02:52:44 UTC 2026,1785034364,0,4.08
Sun Jul 26 02:52:53 UTC 2026,1785034373,0,3.87
Sun Jul 26 02:54:34 UTC 2026,1785034474,0,4.04
Sun Jul 26 02:55:41 UTC 2026,1785034541,0,3.44
Sun Jul 26 02:55:49 UTC 2026,1785034549,0,3.4
Sun Jul 26 02:57:22 UTC 2026,1785034642,0,4.01
Sun Jul 26 02:57:30 UTC 2026,1785034650,0,3.89
Sun Jul 26 02:58:11 UTC 2026,1785034691,0,4.07
Sun Jul 26 02:59:18 UTC 2026,1785034758,0,3.92
Sun Jul 26 03:00:18 UTC 2026,1785034818,0,4.26
Sun Jul 26 03:01:18 UTC 2026,1785034878,0,3.99
Sun Jul 26 03:02:13 UTC 2026,1785034933,0,4.22
Sun Jul 26 03:02:54 UTC 2026,1785034974,0,4.03
Sun Jul 26 03:03:15 UTC 2026,1785034995,0,4.29
Sun Jul 26 03:04:15 UTC 2026,1785035055,0,4.28
Sun Jul 26 03:05:19 UTC 2026,1785035119,0,4.0
Sun Jul 26 03:05:46 UTC 2026,1785035146,0,4.1
Sun Jul 26 03:07:17 UTC 2026,1785035237,0,3.56
Sun Jul 26 03:07:30 UTC 2026,1785035250,0,3.55
Sun Jul 26 03:08:52 UTC 2026,1785035332,0,4.03
Sun Jul 26 03:09:33 UTC 2026,1785035373,0,4.09
Sun Jul 26 03:10:05 UTC 2026,1785035405,0,3.83
Sun Jul 26 03:10:41 UTC 2026,1785035441,0,3.93
Sun Jul 26 03:11:22 UTC 2026,1785035482,0,4.11
Sun Jul 26 03:12:21 UTC 2026,1785035541,0,4.19
Sun Jul 26 03:13:02 UTC 2026,1785035582,0,3.82
Sun Jul 26 03:14:02 UTC 2026,1785035642,0,3.84
Sun Jul 26 03:14:19 UTC 2026,1785035659,0,4.03
Sun Jul 26 03:15:45 UTC 2026,1785035745,0,3.89
Sun Jul 26 03:16:26 UTC 2026,1785035786,0,4.08
Sun Jul 26 03:17:53 UTC 2026,1785035873,0,3.78
Sun Jul 26 03:18:25 UTC 2026,1785035905,0,3.95
Sun Jul 26 03:19:19 UTC 2026,1785035959,0,3.72
Sun Jul 26 03:20:28 UTC 2026,1785036028,0,3.96
Sun Jul 26 03:20:55 UTC 2026,1785036055,0,4.02
Sun Jul 26 03:21:41 UTC 2026,1785036101,0,3.8
Sun Jul 26 03:23:11 UTC 2026,1785036191,0,3.88
Sun Jul 26 03:23:48 UTC 2026,1785036228,0,3.58
Sun Jul 26 03:23:52 UTC 2026,1785036232,0,3.6
Sun Jul 26 03:25:00 UTC 2026,1785036300,0,3.98
Sun Jul 26 03:25:45 UTC 2026,1785036345,0,4.0
Sun Jul 26 03:27:03 UTC 2026,1785036423,0,3.81
Sun Jul 26 03:27:26 UTC 2026,1785036446,0,3.9
Sun Jul 26 03:28:25 UTC 2026,1785036505,0,3.71
Sun Jul 26 03:28:48 UTC 2026,1785036528,0,3.75
Sun Jul 26 03:29:47 UTC 2026,1785036587,0,3.93
Sun Jul 26 03:30:28 UTC 2026,1785036628,0,3.83
Sun Jul 26 03:31:53 UTC 2026,1785036713,0,3.34
Sun Jul 26 03:32:26 UTC 2026,1785036746,0,3.1
Sun Jul 26 03:33:34 UTC 2026,1785036814,0,3.43
Sun Jul 26 03:33:48 UTC 2026,1785036828,0,3.4
Sun Jul 26 03:34:19 UTC 2026,1785036859,0,3.64
Sun Jul 26 03:35:41 UTC 2026,1785036941,0,3.6
Sun Jul 26 03:36:50 UTC 2026,1785037010,0,3.77
Sun Jul 26 03:37:17 UTC 2026,1785037037,0,3.75
Sun Jul 26 03:38:25 UTC 2026,1785037105,0,3.91
Sun Jul 26 03:39:19 UTC 2026,1785037159,0,3.84
Sun Jul 26 03:39:52 UTC 2026,1785037192,0,3.98
Sun Jul 26 03:40:33 UTC 2026,1785037233,0,3.87
Sun Jul 26 03:41:00 UTC 2026,1785037260,0,4.03
Sun Jul 26 03:43:02 UTC 2026,1785037382,0,3.76
Sun Jul 26 03:43:29 UTC 2026,1785037409,0,4.01
Sun Jul 26 03:43:39 UTC 2026,1785037419,0,3.97
Sun Jul 26 03:44:33 UTC 2026,1785037473,0,3.76
Sun Jul 26 03:45:20 UTC 2026,1785037520,0,3.84
Sun Jul 26 03:46:55 UTC 2026,1785037615,0,3.68
Sun Jul 26 03:46:59 UTC 2026,1785037619,0,3.63
Sun Jul 26 03:48:35 UTC 2026,1785037715,0,2.96
Sun Jul 26 03:48:57 UTC 2026,1785037737,0,3.04
Sun Jul 26 03:49:34 UTC 2026,1785037774,0,2.88
Sun Jul 26 03:50:51 UTC 2026,1785037851,0,3.14
Sun Jul 26 03:51:31 UTC 2026,1785037891,0,2.91
Sun Jul 26 03:51:55 UTC 2026,1785037915,0,3.01
Sun Jul 26 03:52:45 UTC 2026,1785037965,0,3.29
Sun Jul 26 03:53:40 UTC 2026,1785038020,0,3.32
Sun Jul 26 03:53:44 UTC 2026,1785038024,0,3.11
Sun Jul 26 03:56:13 UTC 2026,1785038173,0,3.35
Sun Jul 26 03:56:49 UTC 2026,1785038209,0,3.04
Sun Jul 26 03:57:49 UTC 2026,1785038269,0,3.25
Sun Jul 26 03:58:07 UTC 2026,1785038287,0,2.95
Sun Jul 26 03:58:30 UTC 2026,1785038310,0,3.25
Sun Jul 26 04:00:01 UTC 2026,1785038401,0,3.54
Sun Jul 26 04:00:32 UTC 2026,1785038432,0,3.39
Sun Jul 26 04:01:32 UTC 2026,1785038492,0,3.58
Sun Jul 26 04:01:49 UTC 2026,1785038509,0,3.57
Sun Jul 26 04:03:16 UTC 2026,1785038596,0,3.4
Sun Jul 26 04:04:07 UTC 2026,1785038647,0,3.38
Sun Jul 26 04:05:01 UTC 2026,1785038701,0,3.52
Sun Jul 26 04:05:28 UTC 2026,1785038728,0,3.5
Sun Jul 26 04:05:55 UTC 2026,1785038755,0,3.37
Sun Jul 26 04:07:13 UTC 2026,1785038833,0,3.51
Sun Jul 26 04:08:17 UTC 2026,1785038897,0,3.33
Sun Jul 26 04:08:25 UTC 2026,1785038905,0,3.34
Sun Jul 26 04:09:24 UTC 2026,1785038964,0,3.0
Sun Jul 26 04:11:05 UTC 2026,1785039065,0,3.11
Sun Jul 26 04:11:27 UTC 2026,1785039087,0,3.34
Sun Jul 26 04:11:54 UTC 2026,1785039114,0,3.23
Sun Jul 26 04:12:17 UTC 2026,1785039137,0,3.07
Sun Jul 26 04:13:21 UTC 2026,1785039201,0,3.15
Sun Jul 26 04:14:10 UTC 2026,1785039250,0,3.42
Sun Jul 26 04:15:56 UTC 2026,1785039356,0,3.29
Sun Jul 26 04:16:36 UTC 2026,1785039396,0,2.95
Sun Jul 26 04:16:58 UTC 2026,1785039418,0,2.46
Sun Jul 26 04:18:11 UTC 2026,1785039491,0,2.97
Sun Jul 26 04:18:25 UTC 2026,1785039505,0,3.04
Sun Jul 26 04:19:56 UTC 2026,1785039596,0,3.36
Sun Jul 26 04:20:10 UTC 2026,1785039610,0,3.28
Sun Jul 26 04:21:32 UTC 2026,1785039692,0,3.55
Sun Jul 26 04:21:45 UTC 2026,1785039705,0,3.4
Sun Jul 26 04:22:44 UTC 2026,1785039764,0,3.58
Sun Jul 26 04:23:48 UTC 2026,1785039828,0,3.55
Sun Jul 26 04:24:38 UTC 2026,1785039878,0,3.32
Sun Jul 26 04:25:10 UTC 2026,1785039910,0,3.26
Sun Jul 26 04:26:28 UTC 2026,1785039988,0,3.52
Sun Jul 26 04:26:37 UTC 2026,1785039997,0,3.34
Sun Jul 26 04:27:12 UTC 2026,1785040032,0,3.54
Sun Jul 26 04:28:43 UTC 2026,1785040123,0,3.51
Sun Jul 26 04:29:47 UTC 2026,1785040187,0,3.11
Sun Jul 26 04:30:14 UTC 2026,1785040214,0,2.46
Sun Jul 26 04:31:08 UTC 2026,1785040268,0,3.17
Sun Jul 26 04:31:41 UTC 2026,1785040301,0,3.09
Sun Jul 26 04:32:44 UTC 2026,1785040364,0,2.82
Sun Jul 26 04:33:11 UTC 2026,1785040391,0,2.85
Sun Jul 26 04:33:38 UTC 2026,1785040418,0,3.12
Sun Jul 26 04:35:01 UTC 2026,1785040501,0,3.06
Sun Jul 26 04:36:23 UTC 2026,1785040583,0,2.38
Sun Jul 26 04:36:27 UTC 2026,1785040587,0,2.43
Sun Jul 26 04:38:03 UTC 2026,1785040683,0,1.31
Sun Jul 26 04:39:24 UTC 2026,1785040764,0,0.7
Sun Jul 26 04:39:43 UTC 2026,1785040783,0,1.48
Sun Jul 26 04:40:01 UTC 2026,1785040801,0,1.45
Sun Jul 26 04:41:00 UTC 2026,1785040860,0,0.82
Sun Jul 26 04:41:27 UTC 2026,1785040887,0,1.23
Sun Jul 26 04:42:50 UTC 2026,1785040970,0,2.5
Sun Jul 26 04:43:39 UTC 2026,1785041019,0,2.33
Sun Jul 26 04:44:29 UTC 2026,1785041069,0,2.69
Sun Jul 26 04:44:52 UTC 2026,1785041092,0,2.58
Sun Jul 26 04:46:00 UTC 2026,1785041160,0,1.79
Sun Jul 26 04:47:04 UTC 2026,1785041224,0,2.66
Sun Jul 26 04:47:58 UTC 2026,1785041278,0,2.26
Sun Jul 26 04:48:25 UTC 2026,1785041305,0,2.07
Sun Jul 26 04:49:02 UTC 2026,1785041342,0,2.8
Sun Jul 26 04:49:43 UTC 2026,1785041383,0,2.56
Sun Jul 26 04:51:17 UTC 2026,1785041477,0,1.56
Sun Jul 26 04:51:23 UTC 2026,1785041483,0,1.53
Sun Jul 26 04:52:22 UTC 2026,1785041542,0,0.66
Sun Jul 26 04:53:21 UTC 2026,1785041601,0,0.76
Sun Jul 26 04:54:16 UTC 2026,1785041656,0,1.9
Sun Jul 26 04:55:51 UTC 2026,1785041751,0,2.04
Sun Jul 26 04:56:14 UTC 2026,1785041774,0,1.59
Sun Jul 26 04:56:19 UTC 2026,1785041779,0,1.27
Sun Jul 26 04:57:31 UTC 2026,1785041851,0,-1.1
Sun Jul 26 04:58:03 UTC 2026,1785041883,0,-0.42
Sun Jul 26 04:59:30 UTC 2026,1785041970,0,-1.71
Sun Jul 26 05:01:05 UTC 2026,1785042065,0,-3.49
Sun Jul 26 05:01:19 UTC 2026,1785042079,0,-3.2
Sun Jul 26 05:02:36 UTC 2026,1785042156,0,-1.07
Sun Jul 26 05:02:54 UTC 2026,1785042174,0,-1.52
Sun Jul 26 05:03:54 UTC 2026,1785042234,0,-5.58
Sun Jul 26 05:04:34 UTC 2026,1785042274,0,-5.15
Sun Jul 26 05:06:05 UTC 2026,1785042365,0,-1.52
Sun Jul 26 05:06:09 UTC 2026,1785042369,0,-1.22
Sun Jul 26 05:07:23 UTC 2026,1785042443,0,1.12
Sun Jul 26 05:07:49 UTC 2026,1785042469,0,0.54
Sun Jul 26 05:09:16 UTC 2026,1785042556,0,-1.27
Sun Jul 26 05:09:30 UTC 2026,1785042570,0,-0.66
Sun Jul 26 05:10:01 UTC 2026,1785042601,0,-1.75
Sun Jul 26 05:11:37 UTC 2026,1785042697,0,-2.46
Sun Jul 26 05:12:32 UTC 2026,1785042752,0,-0.44
Sun Jul 26 05:12:45 UTC 2026,1785042765,0,-0.46
Sun Jul 26 05:14:21 UTC 2026,1785042861,0,1.86
Sun Jul 26 05:14:25 UTC 2026,1785042865,0,1.98
Sun Jul 26 05:15:51 UTC 2026,1785042951,0,2.81
Sun Jul 26 05:16:55 UTC 2026,1785043015,0,2.99
Sun Jul 26 05:17:18 UTC 2026,1785043038,0,2.69
Sun Jul 26 05:17:44 UTC 2026,1785043064,0,2.78
Sun Jul 26 05:18:31 UTC 2026,1785043111,0,2.96
Sun Jul 26 05:19:38 UTC 2026,1785043178,0,2.9
Sun Jul 26 05:20:15 UTC 2026,1785043215,0,3.15
Sun Jul 26 05:21:09 UTC 2026,1785043269,0,3.05
Sun Jul 26 05:21:27 UTC 2026,1785043287,0,3.32
Sun Jul 26 05:22:41 UTC 2026,1785043361,0,3.29
Sun Jul 26 05:23:48 UTC 2026,1785043428,0,3.45
Sun Jul 26 05:25:06 UTC 2026,1785043506,0,3.16
Sun Jul 26 05:25:56 UTC 2026,1785043556,0,3.65
Sun Jul 26 05:26:40 UTC 2026,1785043600,0,3.59
Sun Jul 26 05:27:17 UTC 2026,1785043637,0,3.83
Sun Jul 26 05:27:45 UTC 2026,1785043665,0,3.78
Sun Jul 26 05:28:35 UTC 2026,1785043715,0,3.97
Sun Jul 26 05:30:05 UTC 2026,1785043805,0,3.78
Sun Jul 26 05:30:50 UTC 2026,1785043850,0,3.94
Sun Jul 26 05:30:54 UTC 2026,1785043854,0,3.82
Sun Jul 26 05:32:13 UTC 2026,1785043933,0,4.03
Sun Jul 26 05:32:44 UTC 2026,1785043964,0,3.9
Sun Jul 26 05:33:48 UTC 2026,1785044028,0,4.08
Sun Jul 26 05:35:14 UTC 2026,1785044114,0,3.87
Sun Jul 26 05:35:23 UTC 2026,1785044123,0,4.03
Sun Jul 26 05:36:04 UTC 2026,1785044164,0,3.83
Sun Jul 26 05:37:21 UTC 2026,1785044241,0,4.04
Sun Jul 26 05:37:39 UTC 2026,1785044259,0,4.07
Sun Jul 26 05:38:29 UTC 2026,1785044309,0,3.89
Sun Jul 26 05:40:10 UTC 2026,1785044410,0,4.02
Sun Jul 26 05:40:46 UTC 2026,1785044446,0,3.87
Sun Jul 26 05:41:08 UTC 2026,1785044468,0,3.89
Sun Jul 26 05:41:27 UTC 2026,1785044487,0,4.04
Sun Jul 26 05:43:06 UTC 2026,1785044586,0,4.12
Sun Jul 26 05:43:39 UTC 2026,1785044619,0,3.96
Sun Jul 26 05:44:56 UTC 2026,1785044696,0,4.12
Sun Jul 26 05:45:18 UTC 2026,1785044718,0,3.94
Sun Jul 26 05:46:12 UTC 2026,1785044772,0,3.97
Sun Jul 26 05:46:26 UTC 2026,1785044786,0,4.19
Sun Jul 26 05:47:49 UTC 2026,1785044869,0,4.15
Sun Jul 26 05:48:57 UTC 2026,1785044937,0,3.95
Sun Jul 26 05:50:28 UTC 2026,1785045028,0,4.15
Sun Jul 26 05:51:59 UTC 2026,1785045119,0,4.13
Sun Jul 26 05:52:08 UTC 2026,1785045128,0,4.01
Sun Jul 26 05:52:40 UTC 2026,1785045160,0,3.96
Sun Jul 26 05:53:51 UTC 2026,1785045231,0,4.13
Sun Jul 26 05:54:46 UTC 2026,1785045286,0,4.16
Sun Jul 26 05:55:32 UTC 2026,1785045332,0,3.96
Sun Jul 26 05:55:51 UTC 2026,1785045351,0,3.9
Sun Jul 26 05:56:36 UTC 2026,1785045396,0,4.17
Sun Jul 26 05:58:42 UTC 2026,1785045522,0,4.19
Sun Jul 26 05:58:53 UTC 2026,1785045533,0,4.01
Sun Jul 26 05:59:15 UTC 2026,1785045555,0,3.95
Sun Jul 26 05:59:56 UTC 2026,1785045596,0,4.17
Sun Jul 26 06:00:50 UTC 2026,1785045650,0,4.2
Sun Jul 26 06:02:11 UTC 2026,1785045731,0,4.01
Sun Jul 26 06:02:34 UTC 2026,1785045754,0,3.98
Sun Jul 26 06:03:25 UTC 2026,1785045805,0,4.18
Sun Jul 26 06:04:15 UTC 2026,1785045855,0,3.96
Sun Jul 26 06:04:38 UTC 2026,1785045878,0,4.12
Sun Jul 26 06:06:00 UTC 2026,1785045960,0,3.99
Sun Jul 26 06:06:17 UTC 2026,1785045977,0,4.11
Sun Jul 26 06:08:02 UTC 2026,1785046082,0,3.98
Sun Jul 26 06:09:01 UTC 2026,1785046141,0,4.07
Sun Jul 26 06:10:28 UTC 2026,1785046228,0,3.92
Sun Jul 26 06:11:36 UTC 2026,1785046296,0,4.04
Sun Jul 26 06:11:45 UTC 2026,1785046305,0,3.92
Sun Jul 26 06:13:34 UTC 2026,1785046414,0,4.05
Sun Jul 26 06:14:00 UTC 2026,1785046440,0,3.95
Sun Jul 26 06:14:56 UTC 2026,1785046496,0,4.08
Sun Jul 26 06:15:46 UTC 2026,1785046546,0,3.94
Sun Jul 26 06:16:31 UTC 2026,1785046591,0,4.07
Sun Jul 26 06:17:53 UTC 2026,1785046673,0,4.06
Sun Jul 26 06:18:30 UTC 2026,1785046710,0,3.93
Sun Jul 26 06:19:06 UTC 2026,1785046746,0,3.95
Sun Jul 26 06:19:24 UTC 2026,1785046764,0,4.05
Sun Jul 26 06:20:24 UTC 2026,1785046824,0,4.08
Sun Jul 26 06:20:41 UTC 2026,1785046841,0,3.91
Sun Jul 26 06:22:21 UTC 2026,1785046941,0,3.94
Sun Jul 26 06:22:45 UTC 2026,1785046965,0,4.1
Sun Jul 26 06:24:42 UTC 2026,1785047082,0,4.08
Sun Jul 26 06:24:51 UTC 2026,1785047091,0,3.87
Sun Jul 26 06:25:45 UTC 2026,1785047145,0,4.09
Sun Jul 26 06:26:00 UTC 2026,1785047160,0,3.85
Sun Jul 26 06:27:48 UTC 2026,1785047268,0,4.1
Sun Jul 26 06:28:07 UTC 2026,1785047287,0,3.9
Sun Jul 26 06:29:14 UTC 2026,1785047354,0,3.79
Sun Jul 26 06:30:00 UTC 2026,1785047400,0,4.12
Sun Jul 26 06:30:59 UTC 2026,1785047459,0,4.1
Sun Jul 26 06:31:18 UTC 2026,1785047478,0,3.87
Sun Jul 26 06:32:13 UTC 2026,1785047533,0,4.08
Sun Jul 26 06:33:11 UTC 2026,1785047591,0,3.9
Sun Jul 26 06:33:53 UTC 2026,1785047633,0,4.03
Sun Jul 26 06:34:47 UTC 2026,1785047687,0,3.86
Sun Jul 26 06:36:12 UTC 2026,1785047772,0,4.05
Sun Jul 26 06:36:44 UTC 2026,1785047804,0,3.9
Sun Jul 26 06:37:44 UTC 2026,1785047864,0,3.85
Sun Jul 26 06:38:20 UTC 2026,1785047900,0,4.0
Sun Jul 26 06:38:34 UTC 2026,1785047914,0,4.03
Sun Jul 26 06:39:46 UTC 2026,1785047986,0,3.9
Sun Jul 26 06:41:32 UTC 2026,1785048092,0,4.04
Sun Jul 26 06:41:45 UTC 2026,1785048105,0,3.86
Sun Jul 26 06:42:40 UTC 2026,1785048160,0,3.93
Sun Jul 26 06:43:07 UTC 2026,1785048187,0,4.1
Sun Jul 26 06:43:42 UTC 2026,1785048222,0,3.89
Sun Jul 26 06:44:56 UTC 2026,1785048296,0,4.05
Sun Jul 26 06:46:22 UTC 2026,1785048382,0,3.88
Sun Jul 26 06:46:31 UTC 2026,1785048391,0,4.07
Sun Jul 26 06:47:57 UTC 2026,1785048477,0,4.06
Sun Jul 26 06:48:11 UTC 2026,1785048491,0,3.92
Sun Jul 26 06:48:29 UTC 2026,1785048509,0,4.08
Sun Jul 26 06:50:05 UTC 2026,1785048605,0,3.87
Sun Jul 26 06:50:13 UTC 2026,1785048613,0,4.1
Sun Jul 26 06:50:50 UTC 2026,1785048650,0,3.9
Sun Jul 26 06:52:11 UTC 2026,1785048731,0,4.09
Sun Jul 26 06:52:39 UTC 2026,1785048759,0,3.89
Sun Jul 26 06:54:46 UTC 2026,1785048886,0,3.76
Sun Jul 26 06:54:59 UTC 2026,1785048899,0,4.09
Sun Jul 26 06:55:18 UTC 2026,1785048918,0,4.16
Sun Jul 26 06:55:54 UTC 2026,1785048954,0,3.8
Sun Jul 26 06:57:58 UTC 2026,1785049078,0,4.01
Sun Jul 26 06:58:52 UTC 2026,1785049132,0,3.97
Sun Jul 26 06:59:28 UTC 2026,1785049168,0,3.81
Sun Jul 26 07:01:17 UTC 2026,1785049277,0,3.79
Sun Jul 26 07:01:27 UTC 2026,1785049287,0,4.04
Sun Jul 26 07:02:21 UTC 2026,1785049341,0,3.99
Sun Jul 26 07:02:53 UTC 2026,1785049373,0,3.79
Sun Jul 26 07:03:23 UTC 2026,1785049403,0,3.8
Sun Jul 26 07:04:37 UTC 2026,1785049477,0,4.04
Sun Jul 26 07:05:00 UTC 2026,1785049500,0,3.81
Sun Jul 26 07:05:13 UTC 2026,1785049513,0,4.05
Sun Jul 26 07:07:12 UTC 2026,1785049632,0,4.01
Sun Jul 26 07:07:33 UTC 2026,1785049653,0,3.78
Sun Jul 26 07:08:56 UTC 2026,1785049736,0,3.81
Sun Jul 26 07:09:47 UTC 2026,1785049787,0,4.08
Sun Jul 26 07:10:36 UTC 2026,1785049836,0,4.06
Sun Jul 26 07:10:58 UTC 2026,1785049858,0,3.85
Sun Jul 26 07:12:43 UTC 2026,1785049963,0,4.07
Sun Jul 26 07:13:51 UTC 2026,1785050031,0,4.05
Sun Jul 26 07:13:57 UTC 2026,1785050037,0,3.94
Sun Jul 26 07:14:55 UTC 2026,1785050095,0,3.78
Sun Jul 26 07:15:45 UTC 2026,1785050145,0,4.03
Sun Jul 26 07:17:34 UTC 2026,1785050254,0,3.84
Sun Jul 26 07:18:11 UTC 2026,1785050291,0,3.99
Sun Jul 26 07:19:18 UTC 2026,1785050358,0,3.82
Sun Jul 26 07:20:32 UTC 2026,1785050432,0,3.8
Sun Jul 26 07:21:08 UTC 2026,1785050468,0,3.99
Sun Jul 26 07:22:06 UTC 2026,1785050526,0,4.05
Sun Jul 26 07:22:16 UTC 2026,1785050536,0,3.77
Sun Jul 26 07:23:11 UTC 2026,1785050591,0,3.95
Sun Jul 26 07:24:14 UTC 2026,1785050654,0,3.59
Sun Jul 26 07:25:22 UTC 2026,1785050722,0,3.87
Sun Jul 26 07:25:59 UTC 2026,1785050759,0,3.38
Sun Jul 26 07:26:26 UTC 2026,1785050786,0,3.73
Sun Jul 26 07:27:20 UTC 2026,1785050840,0,2.64
Sun Jul 26 07:28:06 UTC 2026,1785050886,0,2.93
Sun Jul 26 07:29:41 UTC 2026,1785050981,0,-0.18
Sun Jul 26 07:30:13 UTC 2026,1785051013,0,0.52
Sun Jul 26 07:30:54 UTC 2026,1785051054,0,-2.15
Sun Jul 26 07:31:21 UTC 2026,1785051081,0,0.02
Sun Jul 26 07:31:49 UTC 2026,1785051109,0,1.61
Sun Jul 26 07:34:06 UTC 2026,1785051246,0,-0.82
Sun Jul 26 07:34:32 UTC 2026,1785051272,0,1.76
Sun Jul 26 07:34:51 UTC 2026,1785051291,0,2.02
Sun Jul 26 07:36:13 UTC 2026,1785051373,0,3.56
Sun Jul 26 07:37:16 UTC 2026,1785051436,0,3.33
Sun Jul 26 07:37:48 UTC 2026,1785051468,0,3.59
Sun Jul 26 07:38:24 UTC 2026,1785051504,0,3.44
Sun Jul 26 07:39:28 UTC 2026,1785051568,0,3.25
Sun Jul 26 07:39:37 UTC 2026,1785051577,0,3.33
Sun Jul 26 07:41:04 UTC 2026,1785051664,0,3.05
Sun Jul 26 07:41:39 UTC 2026,1785051699,0,3.01
Sun Jul 26 07:42:52 UTC 2026,1785051772,0,3.32
Sun Jul 26 07:42:56 UTC 2026,1785051776,0,3.27
Sun Jul 26 07:44:10 UTC 2026,1785051850,0,2.97
Sun Jul 26 07:44:33 UTC 2026,1785051873,0,3.19
Sun Jul 26 07:45:40 UTC 2026,1785051940,0,2.78
Sun Jul 26 07:46:29 UTC 2026,1785051989,0,3.08
Sun Jul 26 07:47:21 UTC 2026,1785052041,0,2.63
Sun Jul 26 07:47:52 UTC 2026,1785052072,0,2.68
Sun Jul 26 07:49:24 UTC 2026,1785052164,0,2.14
Sun Jul 26 07:49:37 UTC 2026,1785052177,0,2.28
Sun Jul 26 07:51:04 UTC 2026,1785052264,0,1.56
Sun Jul 26 07:51:17 UTC 2026,1785052277,0,1.65
Sun Jul 26 07:52:34 UTC 2026,1785052354,0,2.38
Sun Jul 26 07:53:01 UTC 2026,1785052381,0,2.35
Sun Jul 26 07:53:47 UTC 2026,1785052427,0,1.94
Sun Jul 26 07:54:31 UTC 2026,1785052471,0,2.33
Sun Jul 26 07:55:45 UTC 2026,1785052545,0,1.82
Sun Jul 26 07:56:22 UTC 2026,1785052582,0,2.21
Sun Jul 26 07:57:06 UTC 2026,1785052626,0,1.78
Sun Jul 26 07:57:51 UTC 2026,1785052671,0,1.67
Sun Jul 26 07:59:14 UTC 2026,1785052754,0,2.53
Sun Jul 26 08:00:26 UTC 2026,1785052826,0,2.34
Sun Jul 26 08:01:02 UTC 2026,1785052862,0,2.67
Sun Jul 26 08:01:06 UTC 2026,1785052866,0,2.59
Sun Jul 26 08:01:53 UTC 2026,1785052913,0,2.92
Sun Jul 26 08:03:33 UTC 2026,1785053013,0,2.87
Sun Jul 26 08:03:46 UTC 2026,1785053026,0,2.69
Sun Jul 26 08:04:59 UTC 2026,1785053099,0,2.58
Sun Jul 26 08:05:30 UTC 2026,1785053130,0,2.85
Sun Jul 26 08:06:11 UTC 2026,1785053171,0,2.73
Sun Jul 26 08:07:34 UTC 2026,1785053254,0,3.25
Sun Jul 26 08:07:51 UTC 2026,1785053271,0,3.09
Sun Jul 26 08:08:37 UTC 2026,1785053317,0,3.26
Sun Jul 26 08:09:49 UTC 2026,1785053389,0,3.03
Sun Jul 26 08:10:49 UTC 2026,1785053449,0,3.35
Sun Jul 26 08:11:03 UTC 2026,1785053463,0,3.32
Sun Jul 26 08:12:24 UTC 2026,1785053544,0,3.02
Sun Jul 26 08:13:01 UTC 2026,1785053581,0,2.94
Sun Jul 26 08:13:23 UTC 2026,1785053603,0,3.22
Sun Jul 26 08:14:18 UTC 2026,1785053658,0,2.96
Sun Jul 26 08:15:13 UTC 2026,1785053713,0,1.74
Sun Jul 26 08:16:03 UTC 2026,1785053763,0,2.63
Sun Jul 26 08:17:28 UTC 2026,1785053848,0,-0.34
Sun Jul 26 08:18:01 UTC 2026,1785053881,0,-0.09
Sun Jul 26 08:19:00 UTC 2026,1785053940,0,-0.77
Sun Jul 26 08:19:13 UTC 2026,1785053953,0,-0.41
Sun Jul 26 08:20:44 UTC 2026,1785054044,0,1.25
Sun Jul 26 08:21:11 UTC 2026,1785054071,0,0.75
Sun Jul 26 08:22:20 UTC 2026,1785054140,0,1.4
Sun Jul 26 08:22:42 UTC 2026,1785054162,0,1.25
Sun Jul 26 08:24:03 UTC 2026,1785054243,0,-0.18
Sun Jul 26 08:25:07 UTC 2026,1785054307,0,0.1
Sun Jul 26 08:25:31 UTC 2026,1785054331,0,-0.93
Sun Jul 26 08:26:34 UTC 2026,1785054394,0,0.23
Sun Jul 26 08:27:06 UTC 2026,1785054426,0,-0.24
Sun Jul 26 08:27:47 UTC 2026,1785054467,0,-0.53
Sun Jul 26 08:28:54 UTC 2026,1785054534,0,0.58
Sun Jul 26 08:29:40 UTC 2026,1785054580,0,0.34
Sun Jul 26 08:30:44 UTC 2026,1785054644,0,0.96
Sun Jul 26 08:31:07 UTC 2026,1785054667,0,1.37
Sun Jul 26 08:32:15 UTC 2026,1785054735,0,0.59
Sun Jul 26 08:33:10 UTC 2026,1785054790,0,1.12
Sun Jul 26 08:33:56 UTC 2026,1785054836,0,0.58
Sun Jul 26 08:34:31 UTC 2026,1785054871,0,0.36
Sun Jul 26 08:35:25 UTC 2026,1785054925,0,1.38
Sun Jul 26 08:35:44 UTC 2026,1785054944,0,1.36
Sun Jul 26 08:37:19 UTC 2026,1785055039,0,2.36
Sun Jul 26 08:37:29 UTC 2026,1785055049,0,2.32
Sun Jul 26 08:38:23 UTC 2026,1785055103,0,2.89
Sun Jul 26 08:39:00 UTC 2026,1785055140,0,2.69
Sun Jul 26 08:40:25 UTC 2026,1785055225,0,2.01
Sun Jul 26 08:40:57 UTC 2026,1785055257,0,2.55
Sun Jul 26 08:41:56 UTC 2026,1785055316,0,1.72
Sun Jul 26 08:42:20 UTC 2026,1785055340,0,1.91
Sun Jul 26 08:43:54 UTC 2026,1785055434,0,2.76
Sun Jul 26 08:43:59 UTC 2026,1785055439,0,2.47
Sun Jul 26 08:45:12 UTC 2026,1785055512,0,3.07
Sun Jul 26 08:45:44 UTC 2026,1785055544,0,3.19
Sun Jul 26 08:47:06 UTC 2026,1785055626,0,2.78
Sun Jul 26 08:48:08 UTC 2026,1785055688,0,2.58
Sun Jul 26 08:48:50 UTC 2026,1785055730,0,2.91
Sun Jul 26 08:49:18 UTC 2026,1785055758,0,2.89
Sun Jul 26 08:50:29 UTC 2026,1785055829,0,2.52
Sun Jul 26 08:50:35 UTC 2026,1785055835,0,2.5
Sun Jul 26 08:52:10 UTC 2026,1785055930,0,2.92
Sun Jul 26 08:52:23 UTC 2026,1785055943,0,2.82
Sun Jul 26 08:53:50 UTC 2026,1785056030,0,3.22
Sun Jul 26 08:54:35 UTC 2026,1785056075,0,3.1
Sun Jul 26 08:55:07 UTC 2026,1785056107,0,3.45
Sun Jul 26 08:55:34 UTC 2026,1785056134,0,3.19
Sun Jul 26 08:57:01 UTC 2026,1785056221,0,3.54
Sun Jul 26 08:57:46 UTC 2026,1785056266,0,3.35
Sun Jul 26 08:58:18 UTC 2026,1785056298,0,3.65
Sun Jul 26 08:58:59 UTC 2026,1785056339,0,3.63
Sun Jul 26 08:59:44 UTC 2026,1785056384,0,3.37
Sun Jul 26 09:00:30 UTC 2026,1785056430,0,3.64
Sun Jul 26 09:00:43 UTC 2026,1785056443,0,3.43
Sun Jul 26 09:02:41 UTC 2026,1785056561,0,3.48
Sun Jul 26 09:03:04 UTC 2026,1785056584,0,3.65
Sun Jul 26 09:04:21 UTC 2026,1785056661,0,3.67
Sun Jul 26 09:04:58 UTC 2026,1785056698,0,3.51
Sun Jul 26 09:05:47 UTC 2026,1785056747,0,3.71
Sun Jul 26 09:05:53 UTC 2026,1785056753,0,3.54
Sun Jul 26 09:07:04 UTC 2026,1785056824,0,3.49
Sun Jul 26 09:07:49 UTC 2026,1785056869,0,3.72
Sun Jul 26 09:10:11 UTC 2026,1785057011,0,3.5
Sun Jul 26 09:10:20 UTC 2026,1785057020,0,3.75
Sun Jul 26 09:11:14 UTC 2026,1785057074,0,3.53
Sun Jul 26 09:11:51 UTC 2026,1785057111,0,3.73
Sun Jul 26 09:12:15 UTC 2026,1785057135,0,3.57
Sun Jul 26 09:12:51 UTC 2026,1785057171,0,3.79
Sun Jul 26 09:14:16 UTC 2026,1785057256,0,3.54
Sun Jul 26 09:14:26 UTC 2026,1785057266,0,3.78
Sun Jul 26 09:15:24 UTC 2026,1785057324,0,3.58
Sun Jul 26 09:15:42 UTC 2026,1785057342,0,3.81
Sun Jul 26 09:17:09 UTC 2026,1785057429,0,3.76
Sun Jul 26 09:17:28 UTC 2026,1785057448,0,3.57
Sun Jul 26 09:19:12 UTC 2026,1785057552,0,3.72
Sun Jul 26 09:19:21 UTC 2026,1785057561,0,3.55
Sun Jul 26 09:20:48 UTC 2026,1785057648,0,3.44
Sun Jul 26 09:20:57 UTC 2026,1785057657,0,3.65
Sun Jul 26 09:22:46 UTC 2026,1785057766,0,3.69
Sun Jul 26 09:23:14 UTC 2026,1785057794,0,3.52
Sun Jul 26 09:23:46 UTC 2026,1785057826,0,3.72
Sun Jul 26 09:24:45 UTC 2026,1785057885,0,3.28
Sun Jul 26 09:25:15 UTC 2026,1785057915,0,3.29
Sun Jul 26 09:26:47 UTC 2026,1785058007,0,3.65
Sun Jul 26 09:26:51 UTC 2026,1785058011,0,3.48
Sun Jul 26 09:27:18 UTC 2026,1785058038,0,3.65
Sun Jul 26 09:29:21 UTC 2026,1785058161,0,3.7
Sun Jul 26 09:29:31 UTC 2026,1785058171,0,3.44
Sun Jul 26 09:30:39 UTC 2026,1785058239,0,3.47
Sun Jul 26 09:31:47 UTC 2026,1785058307,0,3.6
Sun Jul 26 09:32:46 UTC 2026,1785058366,0,3.58
Sun Jul 26 09:33:22 UTC 2026,1785058402,0,3.46
Sun Jul 26 09:33:41 UTC 2026,1785058421,0,3.56
Sun Jul 26 09:35:02 UTC 2026,1785058502,0,3.29
Sun Jul 26 09:35:34 UTC 2026,1785058534,0,3.47
Sun Jul 26 09:36:19 UTC 2026,1785058579,0,3.29
Sun Jul 26 09:37:18 UTC 2026,1785058638,0,3.24
Sun Jul 26 09:37:27 UTC 2026,1785058647,0,3.57
Sun Jul 26 09:38:53 UTC 2026,1785058733,0,3.45
Sun Jul 26 09:39:07 UTC 2026,1785058747,0,3.22
Sun Jul 26 09:41:01 UTC 2026,1785058861,0,3.49
Sun Jul 26 09:41:33 UTC 2026,1785058893,0,3.22
Sun Jul 26 09:41:46 UTC 2026,1785058906,0,3.43
Sun Jul 26 09:43:13 UTC 2026,1785058993,0,3.24
Sun Jul 26 09:43:36 UTC 2026,1785059016,0,3.48
Sun Jul 26 09:44:26 UTC 2026,1785059066,0,3.2
Sun Jul 26 09:45:20 UTC 2026,1785059120,0,3.18
Sun Jul 26 09:45:56 UTC 2026,1785059156,0,3.56
Sun Jul 26 09:47:05 UTC 2026,1785059225,0,3.22
Sun Jul 26 09:47:51 UTC 2026,1785059271,0,3.48
Sun Jul 26 09:48:18 UTC 2026,1785059298,0,3.44
Sun Jul 26 09:49:26 UTC 2026,1785059366,0,3.23
Sun Jul 26 09:51:01 UTC 2026,1785059461,0,3.46
Sun Jul 26 09:51:15 UTC 2026,1785059475,0,3.16
Sun Jul 26 09:51:56 UTC 2026,1785059516,0,3.4
Sun Jul 26 09:52:46 UTC 2026,1785059566,0,3.13
Sun Jul 26 09:54:07 UTC 2026,1785059647,0,3.47
Sun Jul 26 09:54:49 UTC 2026,1785059689,0,3.07
Sun Jul 26 09:55:21 UTC 2026,1785059721,0,3.29
Sun Jul 26 09:56:06 UTC 2026,1785059766,0,2.85
Sun Jul 26 09:57:05 UTC 2026,1785059825,0,3.01
Sun Jul 26 09:57:50 UTC 2026,1785059870,0,2.0
Sun Jul 26 09:58:36 UTC 2026,1785059916,0,2.57
Sun Jul 26 09:59:44 UTC 2026,1785059984,0,1.84
Sun Jul 26 09:59:53 UTC 2026,1785059993,0,1.87
Sun Jul 26 10:01:15 UTC 2026,1785060075,0,1.09
Sun Jul 26 10:02:04 UTC 2026,1785060124,0,1.42
Sun Jul 26 10:02:50 UTC 2026,1785060170,0,0.9
Sun Jul 26 10:03:09 UTC 2026,1785060189,0,1.27
Sun Jul 26 10:04:40 UTC 2026,1785060280,0,0.22
Sun Jul 26 10:04:53 UTC 2026,1785060293,0,0.42
Sun Jul 26 10:06:16 UTC 2026,1785060376,0,-1.22
Sun Jul 26 10:06:43 UTC 2026,1785060403,0,-1.21
Sun Jul 26 10:07:47 UTC 2026,1785060467,0,0.69
Sun Jul 26 10:08:49 UTC 2026,1785060529,0,0.94
Sun Jul 26 10:09:44 UTC 2026,1785060584,0,-1.25
Sun Jul 26 10:10:12 UTC 2026,1785060612,0,-4.88
Sun Jul 26 10:10:57 UTC 2026,1785060657,0,0.29
Sun Jul 26 10:11:47 UTC 2026,1785060707,0,-2.41
Sun Jul 26 10:12:46 UTC 2026,1785060766,0,-0.52
Sun Jul 26 10:13:09 UTC 2026,1785060789,0,-2.38
Sun Jul 26 10:14:13 UTC 2026,1785060853,0,-0.55
Sun Jul 26 10:14:54 UTC 2026,1785060894,0,-1.5
Sun Jul 26 10:15:48 UTC 2026,1785060948,0,-5.73
Sun Jul 26 10:16:38 UTC 2026,1785060998,0,-5.0
Sun Jul 26 10:17:52 UTC 2026,1785061072,0,-7.91
Sun Jul 26 10:18:01 UTC 2026,1785061081,0,-7.55
Sun Jul 26 10:19:13 UTC 2026,1785061153,0,-2.76
Sun Jul 26 10:19:41 UTC 2026,1785061181,0,-4.52
Sun Jul 26 10:19:45 UTC 2026,1785061185,0,-4.65
Sun Jul 26 10:19:50 UTC 2026,1785061190,0,-5.18
Sun Jul 26 10:20:48 UTC 2026,1785061248,0,-8.93
Sun Jul 26 10:21:19 UTC 2026,1785061279,0,-6.72
Sun Jul 26 10:22:01 UTC 2026,1785061321,0,-11.27
Sun Jul 26 10:22:59 UTC 2026,1785061379,0,-7.12
Sun Jul 26 10:24:03 UTC 2026,1785061443,0,-9.16
Sun Jul 26 10:24:42 UTC 2026,1785061482,0,-7.19
Sun Jul 26 10:26:00 UTC 2026,1785061560,0,-14.34
Sun Jul 26 10:26:18 UTC 2026,1785061578,0,-14.23
Sun Jul 26 10:27:26 UTC 2026,1785061646,0,-11.24
Sun Jul 26 10:28:11 UTC 2026,1785061691,0,-12.77
Sun Jul 26 10:29:25 UTC 2026,1785061765,0,-4.65
Sun Jul 26 10:30:05 UTC 2026,1785061805,0,-4.06
Sun Jul 26 10:30:55 UTC 2026,1785061855,0,-7.53
Sun Jul 26 10:31:13 UTC 2026,1785061873,0,-6.64
Sun Jul 26 10:32:34 UTC 2026,1785061954,0,-3.0
Sun Jul 26 10:32:53 UTC 2026,1785061973,0,-2.82
Sun Jul 26 10:33:35 UTC 2026,1785062015,0,0.19
Sun Jul 26 10:34:38 UTC 2026,1785062078,0,-0.26
Sun Jul 26 10:36:08 UTC 2026,1785062168,0,1.95
Sun Jul 26 10:36:44 UTC 2026,1785062204,0,1.34
Sun Jul 26 10:37:40 UTC 2026,1785062260,0,2.1
Sun Jul 26 10:37:49 UTC 2026,1785062269,0,1.9
Sun Jul 26 10:38:34 UTC 2026,1785062314,0,2.87
Sun Jul 26 10:39:47 UTC 2026,1785062387,0,2.36
Sun Jul 26 10:40:41 UTC 2026,1785062441,0,2.85
Sun Jul 26 10:41:45 UTC 2026,1785062505,0,2.68
Sun Jul 26 10:41:51 UTC 2026,1785062511,0,2.98
Sun Jul 26 10:42:45 UTC 2026,1785062565,0,2.64
Sun Jul 26 10:43:21 UTC 2026,1785062601,0,3.08
Sun Jul 26 10:45:28 UTC 2026,1785062728,0,2.75
Sun Jul 26 10:45:41 UTC 2026,1785062741,0,3.22
Sun Jul 26 10:46:31 UTC 2026,1785062791,0,2.73
Sun Jul 26 10:47:12 UTC 2026,1785062832,0,3.13
Sun Jul 26 10:47:57 UTC 2026,1785062877,0,2.8
Sun Jul 26 10:49:20 UTC 2026,1785062960,0,3.27
Sun Jul 26 10:50:19 UTC 2026,1785063019,0,2.92
Sun Jul 26 10:50:28 UTC 2026,1785063028,0,3.23
Sun Jul 26 10:51:46 UTC 2026,1785063106,0,3.29
Sun Jul 26 10:52:36 UTC 2026,1785063156,0,2.92
Sun Jul 26 10:53:53 UTC 2026,1785063233,0,2.99
Sun Jul 26 10:54:06 UTC 2026,1785063246,0,3.43
Sun Jul 26 10:55:05 UTC 2026,1785063305,0,3.07
Sun Jul 26 10:55:15 UTC 2026,1785063315,0,3.42
Sun Jul 26 10:56:28 UTC 2026,1785063388,0,3.58
Sun Jul 26 10:57:26 UTC 2026,1785063446,0,3.08
Sun Jul 26 10:58:44 UTC 2026,1785063524,0,3.06
Sun Jul 26 10:59:11 UTC 2026,1785063551,0,3.71
Sun Jul 26 11:00:19 UTC 2026,1785063619,0,3.75
Sun Jul 26 11:00:32 UTC 2026,1785063632,0,3.46
Sun Jul 26 11:01:13 UTC 2026,1785063673,0,3.41
Sun Jul 26 11:01:23 UTC 2026,1785063683,0,3.69
Sun Jul 26 11:02:34 UTC 2026,1785063754,0,3.7
Sun Jul 26 11:03:34 UTC 2026,1785063814,0,3.46
Sun Jul 26 11:04:56 UTC 2026,1785063896,0,3.73
Sun Jul 26 11:05:55 UTC 2026,1785063955,0,3.44
Sun Jul 26 11:07:12 UTC 2026,1785064032,0,3.74
Sun Jul 26 11:09:02 UTC 2026,1785064142,0,3.4
Sun Jul 26 11:10:09 UTC 2026,1785064209,0,3.54
Sun Jul 26 11:10:32 UTC 2026,1785064232,0,3.78
Sun Jul 26 11:11:17 UTC 2026,1785064277,0,3.5
Sun Jul 26 11:11:35 UTC 2026,1785064295,0,3.76
Sun Jul 26 11:13:48 UTC 2026,1785064428,0,3.48
Sun Jul 26 11:13:56 UTC 2026,1785064436,0,3.73
Sun Jul 26 11:14:42 UTC 2026,1785064482,0,3.42
Sun Jul 26 11:15:27 UTC 2026,1785064527,0,3.76
Sun Jul 26 11:15:46 UTC 2026,1785064546,0,3.41
Sun Jul 26 11:16:09 UTC 2026,1785064569,0,3.73
Sun Jul 26 11:18:24 UTC 2026,1785064704,0,3.45
Sun Jul 26 11:19:19 UTC 2026,1785064759,0,3.47
Sun Jul 26 11:19:29 UTC 2026,1785064769,0,3.76
Sun Jul 26 11:21:54 UTC 2026,1785064914,0,3.43
Sun Jul 26 11:21:58 UTC 2026,1785064918,0,3.78
Sun Jul 26 11:23:06 UTC 2026,1785064986,0,3.43
Sun Jul 26 11:23:10 UTC 2026,1785064990,0,3.85
Sun Jul 26 11:24:09 UTC 2026,1785065049,0,3.44
Sun Jul 26 11:25:37 UTC 2026,1785065137,0,3.81
Sun Jul 26 11:26:35 UTC 2026,1785065195,0,3.43
Sun Jul 26 11:26:39 UTC 2026,1785065199,0,3.77
Sun Jul 26 11:28:02 UTC 2026,1785065282,0,3.76
Sun Jul 26 11:28:56 UTC 2026,1785065336,0,3.37
Sun Jul 26 11:30:09 UTC 2026,1785065409,0,3.24
Sun Jul 26 11:30:14 UTC 2026,1785065414,0,3.87
Sun Jul 26 11:31:08 UTC 2026,1785065468,0,3.96
Sun Jul 26 11:31:55 UTC 2026,1785065515,0,3.7
Sun Jul 26 11:33:16 UTC 2026,1785065596,0,3.74
Sun Jul 26 11:33:20 UTC 2026,1785065600,0,3.95
Sun Jul 26 11:34:19 UTC 2026,1785065659,0,3.7
Sun Jul 26 11:34:32 UTC 2026,1785065672,0,3.93
Sun Jul 26 11:35:41 UTC 2026,1785065741,0,3.92
Sun Jul 26 11:36:26 UTC 2026,1785065786,0,3.72
Sun Jul 26 11:37:52 UTC 2026,1785065872,0,3.67
Sun Jul 26 11:38:11 UTC 2026,1785065891,0,3.95
Sun Jul 26 11:39:24 UTC 2026,1785065964,0,3.97
Sun Jul 26 11:40:14 UTC 2026,1785066014,0,3.68
Sun Jul 26 11:41:13 UTC 2026,1785066073,0,3.69
Sun Jul 26 11:41:49 UTC 2026,1785066109,0,3.94
Sun Jul 26 11:42:40 UTC 2026,1785066160,0,3.63
Sun Jul 26 11:43:21 UTC 2026,1785066201,0,3.94
Sun Jul 26 11:43:48 UTC 2026,1785066228,0,3.66
Sun Jul 26 11:44:01 UTC 2026,1785066241,0,3.93
Sun Jul 26 11:46:45 UTC 2026,1785066405,0,3.91
Sun Jul 26 11:47:03 UTC 2026,1785066423,0,3.65
Sun Jul 26 11:47:07 UTC 2026,1785066427,0,3.69
Sun Jul 26 11:47:54 UTC 2026,1785066474,0,3.92
Sun Jul 26 11:48:52 UTC 2026,1785066532,0,3.98
Sun Jul 26 11:49:37 UTC 2026,1785066577,0,3.73
Sun Jul 26 11:50:51 UTC 2026,1785066651,0,3.65
Sun Jul 26 11:51:00 UTC 2026,1785066660,0,3.94
Sun Jul 26 11:52:21 UTC 2026,1785066741,0,3.96
Sun Jul 26 11:53:20 UTC 2026,1785066800,0,3.72
Sun Jul 26 11:54:29 UTC 2026,1785066869,0,3.65
Sun Jul 26 11:54:38 UTC 2026,1785066878,0,3.99
Sun Jul 26 11:55:46 UTC 2026,1785066946,0,3.63
Sun Jul 26 11:55:50 UTC 2026,1785066950,0,3.97
Sun Jul 26 11:58:11 UTC 2026,1785067091,0,3.73
Sun Jul 26 11:58:26 UTC 2026,1785067106,0,3.98
Sun Jul 26 11:58:52 UTC 2026,1785067132,0,3.68
Sun Jul 26 11:59:06 UTC 2026,1785067146,0,4.07
Sun Jul 26 12:00:54 UTC 2026,1785067254,0,4.05
Sun Jul 26 12:01:49 UTC 2026,1785067309,0,3.78
Sun Jul 26 12:02:08 UTC 2026,1785067328,0,4.07
Sun Jul 26 12:02:53 UTC 2026,1785067373,0,3.79
Sun Jul 26 12:03:47 UTC 2026,1785067427,0,4.16
Sun Jul 26 12:04:11 UTC 2026,1785067451,0,3.85
Sun Jul 26 12:05:55 UTC 2026,1785067555,0,4.12
Sun Jul 26 12:06:50 UTC 2026,1785067610,0,3.83
Sun Jul 26 12:07:53 UTC 2026,1785067673,0,4.08
Sun Jul 26 12:08:07 UTC 2026,1785067687,0,3.87
Sun Jul 26 12:09:24 UTC 2026,1785067764,0,4.13
Sun Jul 26 12:09:56 UTC 2026,1785067796,0,3.83
Sun Jul 26 12:10:19 UTC 2026,1785067819,0,3.79
Sun Jul 26 12:10:56 UTC 2026,1785067856,0,4.13
Sun Jul 26 12:11:54 UTC 2026,1785067914,0,3.79
Sun Jul 26 12:13:15 UTC 2026,1785067995,0,4.08
Sun Jul 26 12:14:06 UTC 2026,1785068046,0,3.83
Sun Jul 26 12:15:01 UTC 2026,1785068101,0,4.1
Sun Jul 26 12:15:23 UTC 2026,1785068123,0,3.82
Sun Jul 26 12:15:36 UTC 2026,1785068136,0,4.08
Sun Jul 26 12:17:54 UTC 2026,1785068274,0,3.92
Sun Jul 26 12:18:07 UTC 2026,1785068287,0,4.16
Sun Jul 26 12:19:33 UTC 2026,1785068373,0,4.12
Sun Jul 26 12:19:56 UTC 2026,1785068396,0,3.91
Sun Jul 26 12:21:32 UTC 2026,1785068492,0,3.81
Sun Jul 26 12:21:36 UTC 2026,1785068496,0,4.17
Sun Jul 26 12:22:40 UTC 2026,1785068560,0,3.9
Sun Jul 26 12:23:21 UTC 2026,1785068601,0,4.16
Sun Jul 26 12:23:56 UTC 2026,1785068636,0,3.84
Sun Jul 26 12:24:15 UTC 2026,1785068655,0,4.13
Sun Jul 26 12:25:23 UTC 2026,1785068723,0,4.12
Sun Jul 26 12:26:23 UTC 2026,1785068783,0,3.89
Sun Jul 26 12:27:17 UTC 2026,1785068837,0,3.83
Sun Jul 26 12:28:12 UTC 2026,1785068892,0,4.16
Sun Jul 26 12:28:33 UTC 2026,1785068913,0,4.03
Sun Jul 26 12:29:47 UTC 2026,1785068987,0,3.52
Sun Jul 26 12:30:05 UTC 2026,1785069005,0,3.43
Sun Jul 26 12:30:50 UTC 2026,1785069050,0,4.15
Sun Jul 26 12:31:41 UTC 2026,1785069101,0,3.9
Sun Jul 26 12:32:02 UTC 2026,1785069122,0,4.17
Sun Jul 26 12:33:21 UTC 2026,1785069201,0,4.24
Sun Jul 26 12:34:19 UTC 2026,1785069259,0,3.9
Sun Jul 26 12:35:59 UTC 2026,1785069359,0,3.96
Sun Jul 26 12:36:17 UTC 2026,1785069377,0,4.28
Sun Jul 26 12:37:26 UTC 2026,1785069446,0,4.21
Sun Jul 26 12:38:11 UTC 2026,1785069491,0,3.9
Sun Jul 26 12:38:25 UTC 2026,1785069505,0,4.24
Sun Jul 26 12:38:52 UTC 2026,1785069532,0,3.96
Sun Jul 26 12:41:00 UTC 2026,1785069660,0,3.93
Sun Jul 26 12:41:13 UTC 2026,1785069673,0,4.27
Sun Jul 26 12:41:45 UTC 2026,1785069705,0,4.18
Sun Jul 26 12:43:10 UTC 2026,1785069790,0,3.91
Sun Jul 26 12:43:15 UTC 2026,1785069795,0,3.92
Sun Jul 26 12:44:00 UTC 2026,1785069840,0,4.23
Sun Jul 26 12:45:00 UTC 2026,1785069900,0,3.94
Sun Jul 26 12:45:14 UTC 2026,1785069914,0,4.14
Sun Jul 26 12:47:20 UTC 2026,1785070040,0,4.16
Sun Jul 26 12:47:43 UTC 2026,1785070063,0,3.87
Sun Jul 26 12:48:29 UTC 2026,1785070109,0,4.12
Sun Jul 26 12:49:06 UTC 2026,1785070146,0,3.97
Sun Jul 26 12:51:08 UTC 2026,1785070268,0,4.22
Sun Jul 26 12:51:25 UTC 2026,1785070285,0,3.95
Sun Jul 26 12:51:39 UTC 2026,1785070299,0,3.94
Sun Jul 26 12:51:49 UTC 2026,1785070309,0,4.18
Sun Jul 26 12:53:24 UTC 2026,1785070404,0,3.81
Sun Jul 26 12:53:50 UTC 2026,1785070430,0,4.13
Sun Jul 26 12:55:12 UTC 2026,1785070512,0,3.76
Sun Jul 26 12:55:53 UTC 2026,1785070553,0,4.15
Sun Jul 26 12:56:31 UTC 2026,1785070591,0,4.16
Sun Jul 26 12:58:00 UTC 2026,1785070680,0,3.83
Sun Jul 26 12:59:32 UTC 2026,1785070772,0,4.21
Sun Jul 26 12:59:41 UTC 2026,1785070781,0,3.76
Sun Jul 26 12:59:45 UTC 2026,1785070785,0,4.17
Sun Jul 26 13:00:04 UTC 2026,1785070804,0,3.8
Sun Jul 26 13:02:10 UTC 2026,1785070930,0,4.1
Sun Jul 26 13:03:38 UTC 2026,1785071018,0,3.88
Sun Jul 26 13:03:56 UTC 2026,1785071036,0,4.18
Sun Jul 26 13:05:18 UTC 2026,1785071118,0,3.85
Sun Jul 26 13:05:39 UTC 2026,1785071139,0,4.16
Sun Jul 26 13:06:48 UTC 2026,1785071208,0,3.76
Sun Jul 26 13:06:57 UTC 2026,1785071217,0,4.06
Sun Jul 26 13:08:10 UTC 2026,1785071290,0,4.16
Sun Jul 26 13:08:28 UTC 2026,1785071308,0,3.86
Sun Jul 26 13:09:41 UTC 2026,1785071381,0,4.18
Sun Jul 26 13:10:04 UTC 2026,1785071404,0,3.83
Sun Jul 26 13:11:17 UTC 2026,1785071477,0,3.74
Sun Jul 26 13:12:16 UTC 2026,1785071536,0,4.06
Sun Jul 26 13:13:24 UTC 2026,1785071604,0,4.03
Sun Jul 26 13:14:32 UTC 2026,1785071672,0,3.73
Sun Jul 26 13:15:32 UTC 2026,1785071732,0,3.83
Sun Jul 26 13:16:07 UTC 2026,1785071767,0,4.07
Sun Jul 26 13:16:47 UTC 2026,1785071807,0,3.71
Sun Jul 26 13:17:01 UTC 2026,1785071821,0,4.1
Sun Jul 26 13:18:23 UTC 2026,1785071903,0,4.06
Sun Jul 26 13:19:27 UTC 2026,1785071967,0,3.74
Sun Jul 26 13:20:03 UTC 2026,1785072003,0,3.72
Sun Jul 26 13:20:08 UTC 2026,1785072008,0,4.01
Sun Jul 26 13:21:11 UTC 2026,1785072071,0,3.71
Sun Jul 26 13:22:33 UTC 2026,1785072153,0,4.02
Sun Jul 26 13:23:41 UTC 2026,1785072221,0,3.69
Sun Jul 26 13:23:55 UTC 2026,1785072235,0,4.01
Sun Jul 26 13:25:34 UTC 2026,1785072334,0,3.93
Sun Jul 26 13:25:54 UTC 2026,1785072354,0,3.69
Sun Jul 26 13:26:11 UTC 2026,1785072371,0,3.9
Sun Jul 26 13:26:34 UTC 2026,1785072394,0,3.72
Sun Jul 26 13:29:04 UTC 2026,1785072544,0,3.47
Sun Jul 26 13:29:17 UTC 2026,1785072557,0,3.97
Sun Jul 26 13:29:31 UTC 2026,1785072571,0,4.08
Sun Jul 26 13:29:58 UTC 2026,1785072598,0,3.58
Sun Jul 26 13:31:03 UTC 2026,1785072663,0,3.63
Sun Jul 26 13:31:16 UTC 2026,1785072676,0,3.93
Sun Jul 26 13:32:56 UTC 2026,1785072776,0,3.65
Sun Jul 26 13:33:59 UTC 2026,1785072839,0,3.95
Sun Jul 26 13:35:30 UTC 2026,1785072930,0,3.64
Sun Jul 26 13:35:54 UTC 2026,1785072954,0,3.94
Sun Jul 26 13:36:48 UTC 2026,1785073008,0,3.68
Sun Jul 26 13:36:56 UTC 2026,1785073016,0,3.92
Sun Jul 26 13:38:42 UTC 2026,1785073122,0,3.54
Sun Jul 26 13:38:51 UTC 2026,1785073131,0,3.94
Sun Jul 26 13:39:50 UTC 2026,1785073190,0,3.68
Sun Jul 26 13:41:16 UTC 2026,1785073276,0,3.65
Sun Jul 26 13:41:25 UTC 2026,1785073285,0,3.92
Sun Jul 26 13:43:54 UTC 2026,1785073434,0,3.68
Sun Jul 26 13:44:04 UTC 2026,1785073444,0,3.97
Sun Jul 26 13:44:27 UTC 2026,1785073467,0,3.62
Sun Jul 26 13:44:45 UTC 2026,1785073485,0,3.97
Sun Jul 26 13:45:57 UTC 2026,1785073557,0,3.6
Sun Jul 26 13:46:21 UTC 2026,1785073581,0,3.8
Sun Jul 26 13:47:56 UTC 2026,1785073676,0,3.58
Sun Jul 26 13:48:51 UTC 2026,1785073731,0,3.86
Sun Jul 26 13:49:18 UTC 2026,1785073758,0,3.63
Sun Jul 26 13:49:32 UTC 2026,1785073772,0,3.88
Sun Jul 26 13:51:20 UTC 2026,1785073880,0,3.63
Sun Jul 26 13:52:14 UTC 2026,1785073934,0,3.95
Sun Jul 26 13:53:23 UTC 2026,1785074003,0,3.54
Sun Jul 26 13:53:42 UTC 2026,1785074022,0,3.92
Sun Jul 26 13:54:32 UTC 2026,1785074072,0,3.64
Sun Jul 26 13:54:54 UTC 2026,1785074094,0,3.84
Sun Jul 26 13:56:16 UTC 2026,1785074176,0,3.54
Sun Jul 26 13:57:01 UTC 2026,1785074221,0,3.86
Sun Jul 26 13:57:57 UTC 2026,1785074277,0,3.56
Sun Jul 26 13:58:38 UTC 2026,1785074318,0,3.85
Sun Jul 26 13:59:19 UTC 2026,1785074359,0,3.45
Sun Jul 26 13:59:36 UTC 2026,1785074376,0,3.91
Sun Jul 26 14:00:49 UTC 2026,1785074449,0,3.51
Sun Jul 26 14:01:53 UTC 2026,1785074513,0,3.85
Sun Jul 26 14:02:52 UTC 2026,1785074572,0,3.58
Sun Jul 26 14:03:19 UTC 2026,1785074599,0,3.93
Sun Jul 26 14:04:31 UTC 2026,1785074671,0,3.42
Sun Jul 26 14:04:50 UTC 2026,1785074690,0,3.84
Sun Jul 26 14:05:53 UTC 2026,1785074753,0,3.55
Sun Jul 26 14:06:58 UTC 2026,1785074818,0,3.83
Sun Jul 26 14:07:43 UTC 2026,1785074863,0,3.78
Sun Jul 26 14:08:41 UTC 2026,1785074921,0,3.61
Sun Jul 26 14:09:32 UTC 2026,1785074972,0,3.54
Sun Jul 26 14:09:50 UTC 2026,1785074990,0,3.79
Sun Jul 26 14:11:02 UTC 2026,1785075062,0,3.45
Sun Jul 26 14:12:02 UTC 2026,1785075122,0,3.81
Sun Jul 26 14:12:29 UTC 2026,1785075149,0,3.6
Sun Jul 26 14:12:51 UTC 2026,1785075171,0,3.83
Sun Jul 26 14:14:27 UTC 2026,1785075267,0,3.92
Sun Jul 26 14:15:31 UTC 2026,1785075331,0,3.58
Sun Jul 26 14:15:48 UTC 2026,1785075348,0,3.81
Sun Jul 26 14:17:11 UTC 2026,1785075431,0,3.48
Sun Jul 26 14:17:43 UTC 2026,1785075463,0,3.85
Sun Jul 26 14:18:28 UTC 2026,1785075508,0,3.47
Sun Jul 26 14:19:54 UTC 2026,1785075594,0,3.87
Sun Jul 26 14:20:08 UTC 2026,1785075608,0,3.49
Sun Jul 26 14:20:35 UTC 2026,1785075635,0,3.87
Sun Jul 26 14:20:49 UTC 2026,1785075649,0,3.48
Sun Jul 26 14:22:16 UTC 2026,1785075736,0,3.81
Sun Jul 26 14:23:18 UTC 2026,1785075798,0,3.46
Sun Jul 26 14:24:23 UTC 2026,1785075863,0,3.72
Sun Jul 26 14:24:59 UTC 2026,1785075899,0,3.5
Sun Jul 26 14:26:07 UTC 2026,1785075967,0,3.68
Sun Jul 26 14:26:57 UTC 2026,1785076017,0,3.48
Sun Jul 26 14:27:28 UTC 2026,1785076048,0,3.67
Sun Jul 26 14:28:18 UTC 2026,1785076098,0,3.44
Sun Jul 26 14:29:41 UTC 2026,1785076181,0,3.65
Sun Jul 26 14:30:08 UTC 2026,1785076208,0,3.18
Sun Jul 26 14:30:44 UTC 2026,1785076244,0,3.64
Sun Jul 26 14:31:16 UTC 2026,1785076276,0,3.4
Sun Jul 26 14:32:11 UTC 2026,1785076331,0,3.38
Sun Jul 26 14:33:14 UTC 2026,1785076394,0,3.64
Sun Jul 26 14:34:05 UTC 2026,1785076445,0,3.61
Sun Jul 26 14:34:31 UTC 2026,1785076471,0,3.38
Sun Jul 26 14:35:26 UTC 2026,1785076526,0,3.4
Sun Jul 26 14:35:44 UTC 2026,1785076544,0,3.61
Sun Jul 26 14:37:42 UTC 2026,1785076662,0,3.66
Sun Jul 26 14:38:05 UTC 2026,1785076685,0,3.4
Sun Jul 26 14:39:17 UTC 2026,1785076757,0,3.62
Sun Jul 26 14:39:44 UTC 2026,1785076784,0,3.43
Sun Jul 26 14:40:44 UTC 2026,1785076844,0,3.4
Sun Jul 26 14:41:57 UTC 2026,1785076917,0,3.7
Sun Jul 26 14:42:06 UTC 2026,1785076926,0,3.36
Sun Jul 26 14:42:59 UTC 2026,1785076979,0,3.71
Sun Jul 26 14:43:50 UTC 2026,1785077030,0,3.63
Sun Jul 26 14:44:13 UTC 2026,1785077053,0,3.47
Sun Jul 26 14:46:24 UTC 2026,1785077184,0,3.35
Sun Jul 26 14:46:52 UTC 2026,1785077212,0,3.65
Sun Jul 26 14:47:46 UTC 2026,1785077266,0,3.54
Sun Jul 26 14:48:32 UTC 2026,1785077312,0,3.31
Sun Jul 26 14:48:42 UTC 2026,1785077322,0,3.57
Sun Jul 26 14:49:27 UTC 2026,1785077367,0,3.31
Sun Jul 26 14:50:17 UTC 2026,1785077417,0,3.27
Sun Jul 26 14:50:53 UTC 2026,1785077453,0,3.52
Sun Jul 26 14:52:20 UTC 2026,1785077540,0,3.47
Sun Jul 26 14:53:14 UTC 2026,1785077594,0,3.22
Sun Jul 26 14:53:46 UTC 2026,1785077626,0,3.48
Sun Jul 26 14:54:18 UTC 2026,1785077658,0,3.25
Sun Jul 26 14:55:25 UTC 2026,1785077725,0,3.49
Sun Jul 26 14:56:48 UTC 2026,1785077808,0,3.19
Sun Jul 26 14:57:51 UTC 2026,1785077871,0,3.24
Sun Jul 26 14:57:56 UTC 2026,1785077876,0,3.4
Sun Jul 26 14:59:45 UTC 2026,1785077985,0,3.39
Sun Jul 26 14:59:59 UTC 2026,1785077999,0,2.96
Sun Jul 26 15:00:25 UTC 2026,1785078025,0,3.22
Sun Jul 26 15:01:02 UTC 2026,1785078062,0,3.38
Sun Jul 26 15:02:47 UTC 2026,1785078167,0,3.15
Sun Jul 26 15:03:04 UTC 2026,1785078184,0,3.36
Sun Jul 26 15:03:46 UTC 2026,1785078226,0,3.13
Sun Jul 26 15:05:26 UTC 2026,1785078326,0,3.35
Sun Jul 26 15:06:20 UTC 2026,1785078380,0,3.06
Sun Jul 26 15:07:30 UTC 2026,1785078450,0,3.11
Sun Jul 26 15:07:51 UTC 2026,1785078471,0,3.31
Sun Jul 26 15:09:45 UTC 2026,1785078585,0,3.11
Sun Jul 26 15:09:59 UTC 2026,1785078599,0,3.3
Sun Jul 26 15:10:07 UTC 2026,1785078607,0,3.33
Sun Jul 26 15:11:07 UTC 2026,1785078667,0,3.1
Sun Jul 26 15:12:38 UTC 2026,1785078758,0,3.3
Sun Jul 26 15:13:01 UTC 2026,1785078781,0,3.12
Sun Jul 26 15:13:36 UTC 2026,1785078816,0,3.29
Sun Jul 26 15:14:04 UTC 2026,1785078844,0,3.08
Sun Jul 26 15:15:13 UTC 2026,1785078913,0,3.18
Sun Jul 26 15:16:30 UTC 2026,1785078990,0,2.87
Sun Jul 26 15:17:01 UTC 2026,1785079021,0,3.13
Sun Jul 26 15:18:05 UTC 2026,1785079085,0,2.93
Sun Jul 26 15:19:04 UTC 2026,1785079144,0,2.91
Sun Jul 26 15:19:36 UTC 2026,1785079176,0,3.2
Sun Jul 26 15:20:08 UTC 2026,1785079208,0,2.9
Sun Jul 26 15:20:21 UTC 2026,1785079221,0,3.14
Sun Jul 26 15:22:43 UTC 2026,1785079363,0,3.02
Sun Jul 26 15:22:56 UTC 2026,1785079376,0,3.19
Sun Jul 26 15:23:50 UTC 2026,1785079430,0,2.95
Sun Jul 26 15:24:09 UTC 2026,1785079449,0,3.24
Sun Jul 26 15:24:59 UTC 2026,1785079499,0,2.89
Sun Jul 26 15:25:08 UTC 2026,1785079508,0,3.24
Sun Jul 26 15:26:33 UTC 2026,1785079593,0,3.07
Sun Jul 26 15:27:52 UTC 2026,1785079672,0,2.89
Sun Jul 26 15:28:24 UTC 2026,1785079704,0,3.04
Sun Jul 26 15:29:00 UTC 2026,1785079740,0,2.78
Sun Jul 26 15:29:54 UTC 2026,1785079794,0,2.61
Sun Jul 26 15:31:12 UTC 2026,1785079872,0,3.14
Sun Jul 26 15:31:35 UTC 2026,1785079895,0,2.87
Sun Jul 26 15:32:15 UTC 2026,1785079935,0,3.08
Sun Jul 26 15:33:14 UTC 2026,1785079994,0,3.07
Sun Jul 26 15:33:41 UTC 2026,1785080021,0,2.9
Sun Jul 26 15:34:55 UTC 2026,1785080095,0,3.11
Sun Jul 26 15:35:04 UTC 2026,1785080104,0,2.91
Sun Jul 26 15:36:39 UTC 2026,1785080199,0,2.84
Sun Jul 26 15:37:29 UTC 2026,1785080249,0,3.02
Sun Jul 26 15:38:28 UTC 2026,1785080308,0,2.8
Sun Jul 26 15:39:36 UTC 2026,1785080376,0,3.01
Sun Jul 26 15:40:30 UTC 2026,1785080430,0,2.82
Sun Jul 26 15:41:07 UTC 2026,1785080467,0,3.03
Sun Jul 26 15:41:34 UTC 2026,1785080494,0,2.76
Sun Jul 26 15:42:25 UTC 2026,1785080545,0,2.96
Sun Jul 26 15:43:24 UTC 2026,1785080604,0,3.09
Sun Jul 26 15:44:27 UTC 2026,1785080667,0,2.41
Sun Jul 26 15:45:13 UTC 2026,1785080713,0,2.59
Sun Jul 26 15:45:21 UTC 2026,1785080721,0,3.44
Sun Jul 26 15:46:34 UTC 2026,1785080794,0,2.97
Sun Jul 26 15:47:52 UTC 2026,1785080872,0,2.66
Sun Jul 26 15:48:01 UTC 2026,1785080881,0,2.99
Sun Jul 26 15:48:14 UTC 2026,1785080894,0,2.63
Sun Jul 26 15:50:22 UTC 2026,1785081022,0,2.72
Sun Jul 26 15:51:11 UTC 2026,1785081071,0,2.93
Sun Jul 26 15:52:24 UTC 2026,1785081144,0,2.62
Sun Jul 26 15:52:33 UTC 2026,1785081153,0,3.02
Sun Jul 26 15:53:05 UTC 2026,1785081185,0,3.0
Sun Jul 26 15:53:28 UTC 2026,1785081208,0,2.06
Sun Jul 26 15:55:08 UTC 2026,1785081308,0,2.48
Sun Jul 26 15:55:31 UTC 2026,1785081331,0,2.91
Sun Jul 26 15:56:29 UTC 2026,1785081389,0,2.68
Sun Jul 26 15:58:01 UTC 2026,1785081481,0,2.91
Sun Jul 26 15:59:00 UTC 2026,1785081540,0,2.53
Sun Jul 26 16:00:48 UTC 2026,1785081648,0,2.9
Sun Jul 26 16:00:59 UTC 2026,1785081659,0,2.59
Sun Jul 26 16:01:20 UTC 2026,1785081680,0,2.84
Sun Jul 26 16:02:43 UTC 2026,1785081763,0,2.46
Sun Jul 26 16:03:20 UTC 2026,1785081800,0,2.95
Sun Jul 26 16:04:00 UTC 2026,1785081840,0,2.59
Sun Jul 26 16:04:41 UTC 2026,1785081881,0,2.41
Sun Jul 26 16:05:59 UTC 2026,1785081959,0,2.86
Sun Jul 26 16:06:30 UTC 2026,1785081990,0,2.55
Sun Jul 26 16:06:53 UTC 2026,1785082013,0,2.96
Sun Jul 26 16:07:51 UTC 2026,1785082071,0,2.35
Sun Jul 26 16:09:14 UTC 2026,1785082154,0,2.9
Sun Jul 26 16:09:32 UTC 2026,1785082172,0,2.87
Sun Jul 26 16:10:50 UTC 2026,1785082250,0,2.23
Sun Jul 26 16:11:39 UTC 2026,1785082299,0,2.08
Sun Jul 26 16:12:42 UTC 2026,1785082362,0,2.5
Sun Jul 26 16:13:20 UTC 2026,1785082400,0,1.92
Sun Jul 26 16:14:14 UTC 2026,1785082454,0,2.54
Sun Jul 26 16:14:41 UTC 2026,1785082481,0,2.61
Sun Jul 26 16:15:49 UTC 2026,1785082549,0,2.25
Sun Jul 26 16:16:21 UTC 2026,1785082581,0,2.42
Sun Jul 26 16:17:38 UTC 2026,1785082658,0,1.78
Sun Jul 26 16:17:44 UTC 2026,1785082664,0,2.18
Sun Jul 26 16:19:19 UTC 2026,1785082759,0,0.53
Sun Jul 26 16:19:23 UTC 2026,1785082763,0,0.59
Sun Jul 26 16:20:04 UTC 2026,1785082804,0,-5.19
Sun Jul 26 16:21:03 UTC 2026,1785082863,0,-0.89
Sun Jul 26 16:22:25 UTC 2026,1785082945,0,2.02
Sun Jul 26 16:22:39 UTC 2026,1785082959,0,1.68
Sun Jul 26 16:24:05 UTC 2026,1785083045,0,2.32
Sun Jul 26 16:24:27 UTC 2026,1785083067,0,1.91
Sun Jul 26 16:24:47 UTC 2026,1785083087,0,2.53
Sun Jul 26 16:26:04 UTC 2026,1785083164,0,2.4
Sun Jul 26 16:26:34 UTC 2026,1785083194,0,1.72
Sun Jul 26 16:27:39 UTC 2026,1785083259,0,1.99
Sun Jul 26 16:28:33 UTC 2026,1785083313,0,2.47
Sun Jul 26 16:29:27 UTC 2026,1785083367,0,2.54
Sun Jul 26 16:30:31 UTC 2026,1785083431,0,2.26
Sun Jul 26 16:31:57 UTC 2026,1785083517,0,2.28
Sun Jul 26 16:32:16 UTC 2026,1785083536,0,2.57
Sun Jul 26 16:32:52 UTC 2026,1785083572,0,2.76
Sun Jul 26 16:33:47 UTC 2026,1785083627,0,2.2
Sun Jul 26 16:34:32 UTC 2026,1785083672,0,1.87
Sun Jul 26 16:35:35 UTC 2026,1785083735,0,2.51
Sun Jul 26 16:36:03 UTC 2026,1785083763,0,2.37
Sun Jul 26 16:36:49 UTC 2026,1785083809,0,1.98
Sun Jul 26 16:37:34 UTC 2026,1785083854,0,2.24
Sun Jul 26 16:38:34 UTC 2026,1785083914,0,2.51
Sun Jul 26 16:39:41 UTC 2026,1785083981,0,2.31
Sun Jul 26 16:39:45 UTC 2026,1785083985,0,2.58
Sun Jul 26 16:40:49 UTC 2026,1785084049,0,2.29
Sun Jul 26 16:41:57 UTC 2026,1785084117,0,2.61
Sun Jul 26 16:43:42 UTC 2026,1785084222,0,2.59
Sun Jul 26 16:43:51 UTC 2026,1785084231,0,2.33
Sun Jul 26 16:44:24 UTC 2026,1785084264,0,2.64
Sun Jul 26 16:44:32 UTC 2026,1785084272,0,2.36
Sun Jul 26 16:45:50 UTC 2026,1785084350,0,2.47
Sun Jul 26 16:47:20 UTC 2026,1785084440,0,2.59
Sun Jul 26 16:47:39 UTC 2026,1785084459,0,2.44
Sun Jul 26 16:49:02 UTC 2026,1785084542,0,2.69
Sun Jul 26 16:50:17 UTC 2026,1785084617,0,2.46
Sun Jul 26 16:50:36 UTC 2026,1785084636,0,2.73
Sun Jul 26 16:50:54 UTC 2026,1785084654,0,2.53
Sun Jul 26 16:51:21 UTC 2026,1785084681,0,2.73
Sun Jul 26 16:53:05 UTC 2026,1785084785,0,2.35
Sun Jul 26 16:53:25 UTC 2026,1785084805,0,2.79
Sun Jul 26 16:54:37 UTC 2026,1785084877,0,2.39
Sun Jul 26 16:55:14 UTC 2026,1785084914,0,2.69
Sun Jul 26 16:55:46 UTC 2026,1785084946,0,2.36
Sun Jul 26 16:56:17 UTC 2026,1785084977,0,2.78
Sun Jul 26 16:57:56 UTC 2026,1785085076,0,2.86
Sun Jul 26 16:58:10 UTC 2026,1785085090,0,2.28
Sun Jul 26 16:59:55 UTC 2026,1785085195,0,2.64
Sun Jul 26 16:59:59 UTC 2026,1785085199,0,2.17
Sun Jul 26 17:00:58 UTC 2026,1785085258,0,2.61
Sun Jul 26 17:02:02 UTC 2026,1785085322,0,1.8
Sun Jul 26 17:02:20 UTC 2026,1785085340,0,1.53
Sun Jul 26 17:03:33 UTC 2026,1785085413,0,2.42
Sun Jul 26 17:04:33 UTC 2026,1785085473,0,2.26
Sun Jul 26 17:05:18 UTC 2026,1785085518,0,1.68
Sun Jul 26 17:06:03 UTC 2026,1785085563,0,1.63
Sun Jul 26 17:06:35 UTC 2026,1785085595,0,2.31
Sun Jul 26 17:07:12 UTC 2026,1785085632,0,2.01
Sun Jul 26 17:08:23 UTC 2026,1785085703,0,2.37
Sun Jul 26 17:09:14 UTC 2026,1785085754,0,1.89
Sun Jul 26 17:09:41 UTC 2026,1785085781,0,2.37
Sun Jul 26 17:11:18 UTC 2026,1785085878,0,1.83
Sun Jul 26 17:11:48 UTC 2026,1785085908,0,2.1
Sun Jul 26 17:12:25 UTC 2026,1785085945,0,2.02
Sun Jul 26 17:13:47 UTC 2026,1785086027,0,0.99
Sun Jul 26 17:13:51 UTC 2026,1785086031,0,1.17
Sun Jul 26 17:15:22 UTC 2026,1785086122,0,1.83
Sun Jul 26 17:16:08 UTC 2026,1785086168,0,1.45
Sun Jul 26 17:16:49 UTC 2026,1785086209,0,2.09
Sun Jul 26 17:17:20 UTC 2026,1785086240,0,2.15
Sun Jul 26 17:17:43 UTC 2026,1785086263,0,1.81
Sun Jul 26 17:18:51 UTC 2026,1785086331,0,1.84
Sun Jul 26 17:19:51 UTC 2026,1785086391,0,2.18
Sun Jul 26 17:20:45 UTC 2026,1785086445,0,2.0
Sun Jul 26 17:22:01 UTC 2026,1785086521,0,2.32
Sun Jul 26 17:23:15 UTC 2026,1785086595,0,2.38
Sun Jul 26 17:23:20 UTC 2026,1785086600,0,2.15
Sun Jul 26 17:24:14 UTC 2026,1785086654,0,2.38
Sun Jul 26 17:24:18 UTC 2026,1785086658,0,2.08
Sun Jul 26 17:26:16 UTC 2026,1785086776,0,2.13
Sun Jul 26 17:26:49 UTC 2026,1785086809,0,2.42
Sun Jul 26 17:28:15 UTC 2026,1785086895,0,2.05
Sun Jul 26 17:28:38 UTC 2026,1785086918,0,2.43
Sun Jul 26 17:29:04 UTC 2026,1785086944,0,2.18
Sun Jul 26 17:30:08 UTC 2026,1785087008,0,2.43
Sun Jul 26 17:30:46 UTC 2026,1785087046,0,2.02
Sun Jul 26 17:31:40 UTC 2026,1785087100,0,2.45
Sun Jul 26 17:32:11 UTC 2026,1785087131,0,2.44
Sun Jul 26 17:32:34 UTC 2026,1785087154,0,2.12
Sun Jul 26 17:33:51 UTC 2026,1785087231,0,2.36
Sun Jul 26 17:34:04 UTC 2026,1785087244,0,2.16
Sun Jul 26 17:36:30 UTC 2026,1785087390,0,2.43
Sun Jul 26 17:36:35 UTC 2026,1785087395,0,2.05
Sun Jul 26 17:36:58 UTC 2026,1785087418,0,2.1
Sun Jul 26 17:38:11 UTC 2026,1785087491,0,2.43
Sun Jul 26 17:39:27 UTC 2026,1785087567,0,2.53
Sun Jul 26 17:40:04 UTC 2026,1785087604,0,2.15
Sun Jul 26 17:40:41 UTC 2026,1785087641,0,2.08
Sun Jul 26 17:41:02 UTC 2026,1785087662,0,2.46
Sun Jul 26 17:42:25 UTC 2026,1785087745,0,2.53
Sun Jul 26 17:43:29 UTC 2026,1785087809,0,2.17
Sun Jul 26 17:43:57 UTC 2026,1785087837,0,2.19
Sun Jul 26 17:44:51 UTC 2026,1785087891,0,2.55
Sun Jul 26 17:46:21 UTC 2026,1785087981,0,2.53
Sun Jul 26 17:46:45 UTC 2026,1785088005,0,2.24
Sun Jul 26 17:47:02 UTC 2026,1785088022,0,2.53
Sun Jul 26 17:48:11 UTC 2026,1785088091,0,2.23
Sun Jul 26 17:49:14 UTC 2026,1785088154,0,2.28
Sun Jul 26 17:49:41 UTC 2026,1785088181,0,2.53
Sun Jul 26 17:50:49 UTC 2026,1785088249,0,2.49
Sun Jul 26 17:51:17 UTC 2026,1785088277,0,2.32
Sun Jul 26 17:51:57 UTC 2026,1785088317,0,2.49
Sun Jul 26 17:52:21 UTC 2026,1785088341,0,2.31
Sun Jul 26 17:53:51 UTC 2026,1785088431,0,2.33
Sun Jul 26 17:54:37 UTC 2026,1785088477,0,2.53
Sun Jul 26 17:55:13 UTC 2026,1785088513,0,2.49
Sun Jul 26 17:56:26 UTC 2026,1785088586,0,2.3
Sun Jul 26 17:57:01 UTC 2026,1785088621,0,2.46
Sun Jul 26 17:57:43 UTC 2026,1785088663,0,2.23
Sun Jul 26 17:59:15 UTC 2026,1785088755,0,2.16
Sun Jul 26 17:59:32 UTC 2026,1785088772,0,2.46
Sun Jul 26 18:01:22 UTC 2026,1785088882,0,2.1
Sun Jul 26 18:01:36 UTC 2026,1785088896,0,2.4
Sun Jul 26 18:01:49 UTC 2026,1785088909,0,2.17
Sun Jul 26 18:02:08 UTC 2026,1785088928,0,2.39
Sun Jul 26 18:03:52 UTC 2026,1785089032,0,2.38
Sun Jul 26 18:04:00 UTC 2026,1785089040,0,2.2
Sun Jul 26 18:05:27 UTC 2026,1785089127,0,2.37
Sun Jul 26 18:06:31 UTC 2026,1785089191,0,2.01
Sun Jul 26 18:06:44 UTC 2026,1785089204,0,2.11
Sun Jul 26 18:07:07 UTC 2026,1785089227,0,2.37
Sun Jul 26 18:08:33 UTC 2026,1785089313,0,2.11
Sun Jul 26 18:09:10 UTC 2026,1785089350,0,2.35
Sun Jul 26 18:10:31 UTC 2026,1785089431,0,2.38
Sun Jul 26 18:11:21 UTC 2026,1785089481,0,2.12
Sun Jul 26 18:12:43 UTC 2026,1785089563,0,2.25
Sun Jul 26 18:13:06 UTC 2026,1785089586,0,2.07
Sun Jul 26 18:13:33 UTC 2026,1785089613,0,2.24
Sun Jul 26 18:14:46 UTC 2026,1785089686,0,2.02
Sun Jul 26 18:15:22 UTC 2026,1785089722,0,2.25
Sun Jul 26 18:16:08 UTC 2026,1785089768,0,2.09
Sun Jul 26 18:17:56 UTC 2026,1785089876,0,2.37
Sun Jul 26 18:18:02 UTC 2026,1785089882,0,2.06
Sun Jul 26 18:19:41 UTC 2026,1785089981,0,2.05
Sun Jul 26 18:19:45 UTC 2026,1785089985,0,2.35
Sun Jul 26 18:20:50 UTC 2026,1785090050,0,2.11
Sun Jul 26 18:21:12 UTC 2026,1785090072,0,2.36
Sun Jul 26 18:21:35 UTC 2026,1785090095,0,2.01
Sun Jul 26 18:22:53 UTC 2026,1785090173,0,2.38
Sun Jul 26 18:23:10 UTC 2026,1785090190,0,2.35
Sun Jul 26 18:24:28 UTC 2026,1785090268,0,2.1
Sun Jul 26 18:25:31 UTC 2026,1785090331,0,2.36
Sun Jul 26 18:26:03 UTC 2026,1785090363,0,2.09
Sun Jul 26 18:26:30 UTC 2026,1785090390,0,2.2
Sun Jul 26 18:27:07 UTC 2026,1785090427,0,2.35
Sun Jul 26 18:29:28 UTC 2026,1785090568,0,2.12
Sun Jul 26 18:29:37 UTC 2026,1785090577,0,2.41
Sun Jul 26 18:30:13 UTC 2026,1785090613,0,2.17
Sun Jul 26 18:31:13 UTC 2026,1785090673,0,2.47
Sun Jul 26 18:31:21 UTC 2026,1785090681,0,2.52
Sun Jul 26 18:31:44 UTC 2026,1785090704,0,2.27
Sun Jul 26 18:33:38 UTC 2026,1785090818,0,2.31
Sun Jul 26 18:33:47 UTC 2026,1785090827,0,2.62
Sun Jul 26 18:34:50 UTC 2026,1785090890,0,2.4
Sun Jul 26 18:35:44 UTC 2026,1785090944,0,2.61
Sun Jul 26 18:36:31 UTC 2026,1785090991,0,2.32
Sun Jul 26 18:37:17 UTC 2026,1785091037,0,2.62
Sun Jul 26 18:38:11 UTC 2026,1785091091,0,2.68
Sun Jul 26 18:38:25 UTC 2026,1785091105,0,2.37
Sun Jul 26 18:40:50 UTC 2026,1785091250,0,2.28
Sun Jul 26 18:40:54 UTC 2026,1785091254,0,2.76
Sun Jul 26 18:41:17 UTC 2026,1785091277,0,2.29
Sun Jul 26 18:42:25 UTC 2026,1785091345,0,2.67
Sun Jul 26 18:43:06 UTC 2026,1785091386,0,2.77
Sun Jul 26 18:44:01 UTC 2026,1785091441,0,2.37
Sun Jul 26 18:45:27 UTC 2026,1785091527,0,2.51
Sun Jul 26 18:46:08 UTC 2026,1785091568,0,2.8
Sun Jul 26 18:46:21 UTC 2026,1785091581,0,2.76
Sun Jul 26 18:47:02 UTC 2026,1785091622,0,2.45
Sun Jul 26 18:48:43 UTC 2026,1785091723,0,2.77
Sun Jul 26 18:49:19 UTC 2026,1785091759,0,2.41
Sun Jul 26 18:49:37 UTC 2026,1785091777,0,2.82
Sun Jul 26 18:50:08 UTC 2026,1785091808,0,2.29
Sun Jul 26 18:52:08 UTC 2026,1785091928,0,2.71
Sun Jul 26 18:52:39 UTC 2026,1785091959,0,2.35
Sun Jul 26 18:52:49 UTC 2026,1785091969,0,2.46
Sun Jul 26 18:53:10 UTC 2026,1785091990,0,1.9
Sun Jul 26 18:54:37 UTC 2026,1785092077,0,2.38
Sun Jul 26 18:55:59 UTC 2026,1785092159,0,1.15
Sun Jul 26 18:56:22 UTC 2026,1785092182,0,1.55
Sun Jul 26 18:56:48 UTC 2026,1785092208,0,0.82
Sun Jul 26 18:58:14 UTC 2026,1785092294,0,1.76
Sun Jul 26 18:58:55 UTC 2026,1785092335,0,1.21
Sun Jul 26 18:59:51 UTC 2026,1785092391,0,1.04
Sun Jul 26 19:00:54 UTC 2026,1785092454,0,1.88
Sun Jul 26 19:01:13 UTC 2026,1785092473,0,1.59
Sun Jul 26 19:02:30 UTC 2026,1785092550,0,2.08
Sun Jul 26 19:03:29 UTC 2026,1785092609,0,2.19
Sun Jul 26 19:03:43 UTC 2026,1785092623,0,1.51
Sun Jul 26 19:05:19 UTC 2026,1785092719,0,2.07
Sun Jul 26 19:06:30 UTC 2026,1785092790,0,1.86
Sun Jul 26 19:06:48 UTC 2026,1785092808,0,2.27
Sun Jul 26 19:09:05 UTC 2026,1785092945,0,2.35
Sun Jul 26 19:09:09 UTC 2026,1785092949,0,1.95
Sun Jul 26 19:09:18 UTC 2026,1785092958,0,2.16
Sun Jul 26 19:10:49 UTC 2026,1785093049,0,1.69
Sun Jul 26 19:11:17 UTC 2026,1785093077,0,1.7
Sun Jul 26 19:12:34 UTC 2026,1785093154,0,2.07
Sun Jul 26 19:13:28 UTC 2026,1785093208,0,1.88
Sun Jul 26 19:13:47 UTC 2026,1785093227,0,2.14
Sun Jul 26 19:14:32 UTC 2026,1785093272,0,1.92
Sun Jul 26 19:15:09 UTC 2026,1785093309,0,2.21
Sun Jul 26 19:16:35 UTC 2026,1785093395,0,2.26
Sun Jul 26 19:17:02 UTC 2026,1785093422,0,2.07
Sun Jul 26 19:18:48 UTC 2026,1785093528,0,2.01
Sun Jul 26 19:19:05 UTC 2026,1785093545,0,2.38
Sun Jul 26 19:19:56 UTC 2026,1785093596,0,2.29
Sun Jul 26 19:20:27 UTC 2026,1785093627,0,1.95
Sun Jul 26 19:20:54 UTC 2026,1785093654,0,1.94
Sun Jul 26 19:22:06 UTC 2026,1785093726,0,2.43
Sun Jul 26 19:23:46 UTC 2026,1785093826,0,2.35
Sun Jul 26 19:24:00 UTC 2026,1785093840,0,2.1
Sun Jul 26 19:24:36 UTC 2026,1785093876,0,2.56
Sun Jul 26 19:25:04 UTC 2026,1785093904,0,2.23
Sun Jul 26 19:26:21 UTC 2026,1785093981,0,2.51
Sun Jul 26 19:26:35 UTC 2026,1785093995,0,2.19
Sun Jul 26 19:27:52 UTC 2026,1785094072,0,2.48
Sun Jul 26 19:28:28 UTC 2026,1785094108,0,2.17
Sun Jul 26 19:29:41 UTC 2026,1785094181,0,2.03
Sun Jul 26 19:29:54 UTC 2026,1785094194,0,2.44
Sun Jul 26 19:31:04 UTC 2026,1785094264,0,2.35
Sun Jul 26 19:32:19 UTC 2026,1785094339,0,2.12
Sun Jul 26 19:33:28 UTC 2026,1785094408,0,2.4
Sun Jul 26 19:34:00 UTC 2026,1785094440,0,2.13
Sun Jul 26 19:34:37 UTC 2026,1785094477,0,2.09
Sun Jul 26 19:35:18 UTC 2026,1785094518,0,2.38
Sun Jul 26 19:36:12 UTC 2026,1785094572,0,2.37
Sun Jul 26 19:36:35 UTC 2026,1785094595,0,2.05
Sun Jul 26 19:37:30 UTC 2026,1785094650,0,2.4
Sun Jul 26 19:38:06 UTC 2026,1785094686,0,2.17
Sun Jul 26 19:39:18 UTC 2026,1785094758,0,2.36
Sun Jul 26 19:40:26 UTC 2026,1785094826,0,2.02
Sun Jul 26 19:41:30 UTC 2026,1785094890,0,2.14
Sun Jul 26 19:41:58 UTC 2026,1785094918,0,2.36
Sun Jul 26 19:42:25 UTC 2026,1785094945,0,2.4
Sun Jul 26 19:42:34 UTC 2026,1785094954,0,2.17
Sun Jul 26 19:44:49 UTC 2026,1785095089,0,2.09
Sun Jul 26 19:45:35 UTC 2026,1785095135,0,2.4
Sun Jul 26 19:45:45 UTC 2026,1785095145,0,2.38
Sun Jul 26 19:45:59 UTC 2026,1785095159,0,2.1
Sun Jul 26 19:47:34 UTC 2026,1785095254,0,2.17
Sun Jul 26 19:48:33 UTC 2026,1785095313,0,2.47
Sun Jul 26 19:49:05 UTC 2026,1785095345,0,2.19
Sun Jul 26 19:50:32 UTC 2026,1785095432,0,2.44
Sun Jul 26 19:50:54 UTC 2026,1785095454,0,2.24
Sun Jul 26 19:52:02 UTC 2026,1785095522,0,2.44
Sun Jul 26 19:53:01 UTC 2026,1785095581,0,2.49
Sun Jul 26 19:53:05 UTC 2026,1785095585,0,2.19
Sun Jul 26 19:54:19 UTC 2026,1785095659,0,2.24
Sun Jul 26 19:55:27 UTC 2026,1785095727,0,2.4
Sun Jul 26 19:56:38 UTC 2026,1785095798,0,2.44
Sun Jul 26 19:56:44 UTC 2026,1785095804,0,2.24
Sun Jul 26 19:57:16 UTC 2026,1785095836,0,2.56
Sun Jul 26 19:57:57 UTC 2026,1785095877,0,2.23
Sun Jul 26 19:59:10 UTC 2026,1785095950,0,2.19
Sun Jul 26 19:59:54 UTC 2026,1785095994,0,2.55
Sun Jul 26 20:01:30 UTC 2026,1785096090,0,2.53
Sun Jul 26 20:01:35 UTC 2026,1785096095,0,2.34
Sun Jul 26 20:02:52 UTC 2026,1785096172,0,2.45
Sun Jul 26 20:03:10 UTC 2026,1785096190,0,2.17
Sun Jul 26 20:03:56 UTC 2026,1785096236,0,2.58
Sun Jul 26 20:05:23 UTC 2026,1785096323,0,2.17
Sun Jul 26 20:06:31 UTC 2026,1785096391,0,2.26
Sun Jul 26 20:06:53 UTC 2026,1785096413,0,2.52
Sun Jul 26 20:08:33 UTC 2026,1785096513,0,2.24
Sun Jul 26 20:08:38 UTC 2026,1785096518,0,2.62
Sun Jul 26 20:09:20 UTC 2026,1785096560,0,2.28
Sun Jul 26 20:09:28 UTC 2026,1785096568,0,2.52
Sun Jul 26 20:10:31 UTC 2026,1785096631,0,2.28
Sun Jul 26 20:10:55 UTC 2026,1785096655,0,2.52
Sun Jul 26 20:12:20 UTC 2026,1785096740,0,2.48
Sun Jul 26 20:13:16 UTC 2026,1785096796,0,2.24
Sun Jul 26 20:13:51 UTC 2026,1785096831,0,2.46
Sun Jul 26 20:13:56 UTC 2026,1785096836,0,2.26
Sun Jul 26 20:15:32 UTC 2026,1785096932,0,2.63
Sun Jul 26 20:16:17 UTC 2026,1785096977,0,2.31
Sun Jul 26 20:17:44 UTC 2026,1785097064,0,2.47
Sun Jul 26 20:18:01 UTC 2026,1785097081,0,2.27
Sun Jul 26 20:18:51 UTC 2026,1785097131,0,2.31
Sun Jul 26 20:19:06 UTC 2026,1785097146,0,2.44
Sun Jul 26 20:20:55 UTC 2026,1785097255,0,2.27
Sun Jul 26 20:21:09 UTC 2026,1785097269,0,2.45
Sun Jul 26 20:22:16 UTC 2026,1785097336,0,2.33
Sun Jul 26 20:22:48 UTC 2026,1785097368,0,2.53
Sun Jul 26 20:23:52 UTC 2026,1785097432,0,2.27
Sun Jul 26 20:23:56 UTC 2026,1785097436,0,2.49
Sun Jul 26 20:26:00 UTC 2026,1785097560,0,2.29
Sun Jul 26 20:26:08 UTC 2026,1785097568,0,2.58
Sun Jul 26 20:27:02 UTC 2026,1785097622,0,2.57
Sun Jul 26 20:27:11 UTC 2026,1785097631,0,2.06
Sun Jul 26 20:29:23 UTC 2026,1785097763,0,2.59
Sun Jul 26 20:29:29 UTC 2026,1785097769,0,2.1
Sun Jul 26 20:30:27 UTC 2026,1785097827,0,2.16
Sun Jul 26 20:30:50 UTC 2026,1785097850,0,2.59
Sun Jul 26 20:32:07 UTC 2026,1785097927,0,2.53
Sun Jul 26 20:32:39 UTC 2026,1785097959,0,2.25
Sun Jul 26 20:34:28 UTC 2026,1785098068,0,2.28
Sun Jul 26 20:34:54 UTC 2026,1785098094,0,2.52
Sun Jul 26 20:35:22 UTC 2026,1785098122,0,2.19
Sun Jul 26 20:35:41 UTC 2026,1785098141,0,2.51
Sun Jul 26 20:37:08 UTC 2026,1785098228,0,2.57
Sun Jul 26 20:37:21 UTC 2026,1785098241,0,2.24
Sun Jul 26 20:39:10 UTC 2026,1785098350,0,2.4
Sun Jul 26 20:39:56 UTC 2026,1785098396,0,2.11
Sun Jul 26 20:40:05 UTC 2026,1785098405,0,2.32
Sun Jul 26 20:41:39 UTC 2026,1785098499,0,1.81
Sun Jul 26 20:42:07 UTC 2026,1785098527,0,2.12
Sun Jul 26 20:43:14 UTC 2026,1785098594,0,1.33
Sun Jul 26 20:43:43 UTC 2026,1785098623,0,1.89
Sun Jul 26 20:44:55 UTC 2026,1785098695,0,1.15
Sun Jul 26 20:45:14 UTC 2026,1785098714,0,1.26
Sun Jul 26 20:46:30 UTC 2026,1785098790,0,0.26
Sun Jul 26 20:47:03 UTC 2026,1785098823,0,-0.05
Sun Jul 26 20:47:11 UTC 2026,1785098831,0,0.62
Sun Jul 26 20:48:34 UTC 2026,1785098914,0,0.65
Sun Jul 26 20:49:51 UTC 2026,1785098991,0,-0.05
Sun Jul 26 20:50:18 UTC 2026,1785099018,0,-0.41
Sun Jul 26 20:50:49 UTC 2026,1785099049,0,0.17
Sun Jul 26 20:52:03 UTC 2026,1785099123,0,-0.55
Sun Jul 26 20:53:11 UTC 2026,1785099191,0,0.24
Sun Jul 26 20:53:28 UTC 2026,1785099208,0,-0.16
Sun Jul 26 20:54:46 UTC 2026,1785099286,0,0.59
Sun Jul 26 20:55:08 UTC 2026,1785099308,0,0.41
Sun Jul 26 20:55:55 UTC 2026,1785099355,0,0.92
Sun Jul 26 20:56:40 UTC 2026,1785099400,0,0.81
Sun Jul 26 20:58:11 UTC 2026,1785099491,0,0.05
Sun Jul 26 20:58:38 UTC 2026,1785099518,0,-0.15
Sun Jul 26 20:59:46 UTC 2026,1785099586,0,0.94
Sun Jul 26 21:00:18 UTC 2026,1785099618,0,0.98
Sun Jul 26 21:00:36 UTC 2026,1785099636,0,0.21
Sun Jul 26 21:02:07 UTC 2026,1785099727,0,0.71
Sun Jul 26 21:02:29 UTC 2026,1785099749,0,0.3
Sun Jul 26 21:02:42 UTC 2026,1785099762,0,0.68
Sun Jul 26 21:02:53 UTC 2026,1785099773,0,0.66
Sun Jul 26 21:02:58 UTC 2026,1785099778,0,0.67
Sun Jul 26 21:03:02 UTC 2026,1785099782,0,0.54
Sun Jul 26 21:03:11 UTC 2026,1785099791,0,0.77
Sun Jul 26 21:04:01 UTC 2026,1785099841,0,1.29
Sun Jul 26 21:05:18 UTC 2026,1785099918,0,1.0
Sun Jul 26 21:05:31 UTC 2026,1785099931,0,1.37
Sun Jul 26 21:07:21 UTC 2026,1785100041,0,1.19
Sun Jul 26 21:07:53 UTC 2026,1785100073,0,0.76
Sun Jul 26 21:08:29 UTC 2026,1785100109,0,0.69
Sun Jul 26 21:09:10 UTC 2026,1785100150,0,1.2
Sun Jul 26 21:10:41 UTC 2026,1785100241,0,1.0
Sun Jul 26 21:10:46 UTC 2026,1785100246,0,1.33
Sun Jul 26 21:11:48 UTC 2026,1785100308,0,0.92
Sun Jul 26 21:12:29 UTC 2026,1785100349,0,1.36
Sun Jul 26 21:13:16 UTC 2026,1785100396,0,0.92
Sun Jul 26 21:13:37 UTC 2026,1785100417,0,1.17
Sun Jul 26 21:14:51 UTC 2026,1785100491,0,1.31
Sun Jul 26 21:15:27 UTC 2026,1785100527,0,0.97
Sun Jul 26 21:17:26 UTC 2026,1785100646,0,1.03
Sun Jul 26 21:17:34 UTC 2026,1785100654,0,1.44
Sun Jul 26 21:18:29 UTC 2026,1785100709,0,1.04
Sun Jul 26 21:19:10 UTC 2026,1785100750,0,1.45
Sun Jul 26 21:20:36 UTC 2026,1785100836,0,1.26
Sun Jul 26 21:20:59 UTC 2026,1785100859,0,1.67
Sun Jul 26 21:21:53 UTC 2026,1785100913,0,1.8
Sun Jul 26 21:22:16 UTC 2026,1785100936,0,1.39
Sun Jul 26 21:22:57 UTC 2026,1785100977,0,1.48
Sun Jul 26 21:24:18 UTC 2026,1785101058,0,2.1
Sun Jul 26 21:24:55 UTC 2026,1785101095,0,1.93
Sun Jul 26 21:26:12 UTC 2026,1785101172,0,2.24
Sun Jul 26 21:26:36 UTC 2026,1785101196,0,1.95
Sun Jul 26 21:26:45 UTC 2026,1785101205,0,2.34
Sun Jul 26 21:29:09 UTC 2026,1785101349,0,1.67
Sun Jul 26 21:29:32 UTC 2026,1785101372,0,2.34
Sun Jul 26 21:29:46 UTC 2026,1785101386,0,1.83
Sun Jul 26 21:30:59 UTC 2026,1785101459,0,2.37
Sun Jul 26 21:31:22 UTC 2026,1785101482,0,2.47
Sun Jul 26 21:32:11 UTC 2026,1785101531,0,2.16
Sun Jul 26 21:33:15 UTC 2026,1785101595,0,2.17
Sun Jul 26 21:33:19 UTC 2026,1785101599,0,2.52
Sun Jul 26 21:35:00 UTC 2026,1785101700,0,2.23
Sun Jul 26 21:35:40 UTC 2026,1785101740,0,2.6
Sun Jul 26 21:37:07 UTC 2026,1785101827,0,2.17
Sun Jul 26 21:37:40 UTC 2026,1785101860,0,2.45
Sun Jul 26 21:38:10 UTC 2026,1785101890,0,2.58
Sun Jul 26 21:39:05 UTC 2026,1785101945,0,2.28
Sun Jul 26 21:40:50 UTC 2026,1785102050,0,2.58
Sun Jul 26 21:40:54 UTC 2026,1785102054,0,2.33
Sun Jul 26 21:41:44 UTC 2026,1785102104,0,2.64
Sun Jul 26 21:42:39 UTC 2026,1785102159,0,2.34
Sun Jul 26 21:43:42 UTC 2026,1785102222,0,2.32
Sun Jul 26 21:44:19 UTC 2026,1785102259,0,2.69
Sun Jul 26 21:45:14 UTC 2026,1785102314,0,2.34
Sun Jul 26 21:45:23 UTC 2026,1785102323,0,2.66
Sun Jul 26 21:46:41 UTC 2026,1785102401,0,2.36
Sun Jul 26 21:47:30 UTC 2026,1785102450,0,2.71
Sun Jul 26 21:47:43 UTC 2026,1785102463,0,2.38
Sun Jul 26 21:48:56 UTC 2026,1785102536,0,2.7
Sun Jul 26 21:49:37 UTC 2026,1785102577,0,2.52
Sun Jul 26 21:49:56 UTC 2026,1785102596,0,2.77
Sun Jul 26 21:51:12 UTC 2026,1785102672,0,2.5
Sun Jul 26 21:52:33 UTC 2026,1785102753,0,2.74
Sun Jul 26 21:52:53 UTC 2026,1785102773,0,2.54
Sun Jul 26 21:53:33 UTC 2026,1785102813,0,2.75
Sun Jul 26 21:55:09 UTC 2026,1785102909,0,2.51
Sun Jul 26 21:55:27 UTC 2026,1785102927,0,2.76
Sun Jul 26 21:56:03 UTC 2026,1785102963,0,2.45
Sun Jul 26 21:57:02 UTC 2026,1785103022,0,2.78
Sun Jul 26 21:57:57 UTC 2026,1785103077,0,2.81
Sun Jul 26 21:58:51 UTC 2026,1785103131,0,2.35
Sun Jul 26 22:00:09 UTC 2026,1785103209,0,2.05
Sun Jul 26 22:00:13 UTC 2026,1785103213,0,2.78
Sun Jul 26 22:01:35 UTC 2026,1785103295,0,2.57
Sun Jul 26 22:02:16 UTC 2026,1785103336,0,2.96
Sun Jul 26 22:03:20 UTC 2026,1785103400,0,2.89
Sun Jul 26 22:04:09 UTC 2026,1785103449,0,2.53
Sun Jul 26 22:04:32 UTC 2026,1785103472,0,2.52
Sun Jul 26 22:05:18 UTC 2026,1785103518,0,2.95
Sun Jul 26 22:07:02 UTC 2026,1785103622,0,2.53
Sun Jul 26 22:07:11 UTC 2026,1785103631,0,2.92
Sun Jul 26 22:07:43 UTC 2026,1785103663,0,2.89
Sun Jul 26 22:08:05 UTC 2026,1785103685,0,2.62
Sun Jul 26 22:09:10 UTC 2026,1785103750,0,2.92
Sun Jul 26 22:10:04 UTC 2026,1785103804,0,2.57
Sun Jul 26 22:11:20 UTC 2026,1785103880,0,2.31
Sun Jul 26 22:11:40 UTC 2026,1785103900,0,2.65
Sun Jul 26 22:12:39 UTC 2026,1785103959,0,2.44
Sun Jul 26 22:13:28 UTC 2026,1785104008,0,1.69
Sun Jul 26 22:14:22 UTC 2026,1785104062,0,1.67
Sun Jul 26 22:15:03 UTC 2026,1785104103,0,2.06
Sun Jul 26 22:15:54 UTC 2026,1785104154,0,1.93
Sun Jul 26 22:16:36 UTC 2026,1785104196,0,2.37
Sun Jul 26 22:17:34 UTC 2026,1785104254,0,2.43
Sun Jul 26 22:17:57 UTC 2026,1785104277,0,2.06
Sun Jul 26 22:19:09 UTC 2026,1785104349,0,2.36
Sun Jul 26 22:19:54 UTC 2026,1785104394,0,1.95
Sun Jul 26 22:21:12 UTC 2026,1785104472,0,2.18
Sun Jul 26 22:22:07 UTC 2026,1785104527,0,1.89
Sun Jul 26 22:22:42 UTC 2026,1785104562,0,2.02
Sun Jul 26 22:23:01 UTC 2026,1785104581,0,1.68
Sun Jul 26 22:24:09 UTC 2026,1785104649,0,1.91
Sun Jul 26 22:25:31 UTC 2026,1785104731,0,1.25
Sun Jul 26 22:25:58 UTC 2026,1785104758,0,1.12
Sun Jul 26 22:26:03 UTC 2026,1785104763,0,1.55
Sun Jul 26 22:27:33 UTC 2026,1785104853,0,1.7
Sun Jul 26 22:28:56 UTC 2026,1785104936,0,1.23
Sun Jul 26 22:29:06 UTC 2026,1785104946,0,1.68
Sun Jul 26 22:29:19 UTC 2026,1785104959,0,1.08
Sun Jul 26 22:30:36 UTC 2026,1785105036,0,1.33
Sun Jul 26 22:32:12 UTC 2026,1785105132,0,1.93
Sun Jul 26 22:32:29 UTC 2026,1785105149,0,1.6
Sun Jul 26 22:33:37 UTC 2026,1785105217,0,2.26
Sun Jul 26 22:34:50 UTC 2026,1785105290,0,1.86
Sun Jul 26 22:35:26 UTC 2026,1785105326,0,2.12
Sun Jul 26 22:36:12 UTC 2026,1785105372,0,1.88
Sun Jul 26 22:36:53 UTC 2026,1785105413,0,1.55
Sun Jul 26 22:37:15 UTC 2026,1785105435,0,1.64
Sun Jul 26 22:37:47 UTC 2026,1785105467,0,2.0
Sun Jul 26 22:39:14 UTC 2026,1785105554,0,1.87
Sun Jul 26 22:40:00 UTC 2026,1785105600,0,1.46
Sun Jul 26 22:41:08 UTC 2026,1785105668,0,1.55
Sun Jul 26 22:41:40 UTC 2026,1785105700,0,1.95
Sun Jul 26 22:42:16 UTC 2026,1785105736,0,1.82
Sun Jul 26 22:43:47 UTC 2026,1785105827,0,2.36
Sun Jul 26 22:44:28 UTC 2026,1785105868,0,2.38
Sun Jul 26 22:45:05 UTC 2026,1785105905,0,1.94
Sun Jul 26 22:46:07 UTC 2026,1785105967,0,1.98
Sun Jul 26 22:46:44 UTC 2026,1785106004,0,2.25
Sun Jul 26 22:47:39 UTC 2026,1785106059,0,2.1
Sun Jul 26 22:47:43 UTC 2026,1785106063,0,2.33
Sun Jul 26 22:50:09 UTC 2026,1785106209,0,2.06
Sun Jul 26 22:50:17 UTC 2026,1785106217,0,2.38
Sun Jul 26 22:50:40 UTC 2026,1785106240,0,2.3
Sun Jul 26 22:51:57 UTC 2026,1785106317,0,1.45
Sun Jul 26 22:52:16 UTC 2026,1785106336,0,1.41
Sun Jul 26 22:53:38 UTC 2026,1785106418,0,2.02
Sun Jul 26 22:53:42 UTC 2026,1785106422,0,1.9
Sun Jul 26 22:54:32 UTC 2026,1785106472,0,2.41
Sun Jul 26 22:55:22 UTC 2026,1785106522,0,2.1
Sun Jul 26 22:56:58 UTC 2026,1785106618,0,2.48
Sun Jul 26 22:57:29 UTC 2026,1785106649,0,2.54
Sun Jul 26 22:58:15 UTC 2026,1785106695,0,2.26
Sun Jul 26 22:59:51 UTC 2026,1785106791,0,1.82
Sun Jul 26 23:00:09 UTC 2026,1785106809,0,2.28
Sun Jul 26 23:00:27 UTC 2026,1785106827,0,1.86
Sun Jul 26 23:01:12 UTC 2026,1785106872,0,2.64
Sun Jul 26 23:01:58 UTC 2026,1785106918,0,2.48
Sun Jul 26 23:03:29 UTC 2026,1785107009,0,2.8
Sun Jul 26 23:03:38 UTC 2026,1785107018,0,2.71
Sun Jul 26 23:04:00 UTC 2026,1785107040,0,2.96
Sun Jul 26 23:06:08 UTC 2026,1785107168,0,2.64
Sun Jul 26 23:06:44 UTC 2026,1785107204,0,3.04
Sun Jul 26 23:07:11 UTC 2026,1785107231,0,3.09
Sun Jul 26 23:07:15 UTC 2026,1785107235,0,2.77
Sun Jul 26 23:08:43 UTC 2026,1785107323,0,3.0
Sun Jul 26 23:10:08 UTC 2026,1785107408,0,3.25
Sun Jul 26 23:10:36 UTC 2026,1785107436,0,3.09
Sun Jul 26 23:11:35 UTC 2026,1785107495,0,3.47
Sun Jul 26 23:11:58 UTC 2026,1785107518,0,3.5
Sun Jul 26 23:12:47 UTC 2026,1785107567,0,3.18
Sun Jul 26 23:14:00 UTC 2026,1785107640,0,3.36
Sun Jul 26 23:14:28 UTC 2026,1785107668,0,2.96
Sun Jul 26 23:15:35 UTC 2026,1785107735,0,3.04
Sun Jul 26 23:16:39 UTC 2026,1785107799,0,3.38
Sun Jul 26 23:16:48 UTC 2026,1785107808,0,3.27
Sun Jul 26 23:17:52 UTC 2026,1785107872,0,3.55
Sun Jul 26 23:18:38 UTC 2026,1785107918,0,3.4
Sun Jul 26 23:19:59 UTC 2026,1785107999,0,3.8
Sun Jul 26 23:20:45 UTC 2026,1785108045,0,3.44
Sun Jul 26 23:21:21 UTC 2026,1785108081,0,3.8
Sun Jul 26 23:22:25 UTC 2026,1785108145,0,3.86
Sun Jul 26 23:22:48 UTC 2026,1785108168,0,3.62
Sun Jul 26 23:24:05 UTC 2026,1785108245,0,3.68
Sun Jul 26 23:24:46 UTC 2026,1785108286,0,3.95
Sun Jul 26 23:25:12 UTC 2026,1785108312,0,3.92
Sun Jul 26 23:25:22 UTC 2026,1785108322,0,3.7
Sun Jul 26 23:27:11 UTC 2026,1785108431,0,3.77
Sun Jul 26 23:27:47 UTC 2026,1785108467,0,4.05
Sun Jul 26 23:28:41 UTC 2026,1785108521,0,4.1
Sun Jul 26 23:29:59 UTC 2026,1785108599,0,3.66
Sun Jul 26 23:30:04 UTC 2026,1785108604,0,3.63
Sun Jul 26 23:31:34 UTC 2026,1785108694,0,3.97
Sun Jul 26 23:31:57 UTC 2026,1785108717,0,3.65
Sun Jul 26 23:32:51 UTC 2026,1785108771,0,4.04
Sun Jul 26 23:33:42 UTC 2026,1785108822,0,4.05
Sun Jul 26 23:34:22 UTC 2026,1785108862,0,3.75
Sun Jul 26 23:35:09 UTC 2026,1785108909,0,3.87
Sun Jul 26 23:36:03 UTC 2026,1785108963,0,4.15
Sun Jul 26 23:37:12 UTC 2026,1785109032,0,3.92
Sun Jul 26 23:38:11 UTC 2026,1785109091,0,4.23
Sun Jul 26 23:38:19 UTC 2026,1785109099,0,4.1
Sun Jul 26 23:38:56 UTC 2026,1785109136,0,4.29
Sun Jul 26 23:40:22 UTC 2026,1785109222,0,4.34
Sun Jul 26 23:40:49 UTC 2026,1785109249,0,4.15
Sun Jul 26 23:41:40 UTC 2026,1785109300,0,4.07
Sun Jul 26 23:42:29 UTC 2026,1785109349,0,4.38
Sun Jul 26 23:43:19 UTC 2026,1785109399,0,4.42
Sun Jul 26 23:44:14 UTC 2026,1785109454,0,4.03
Sun Jul 26 23:45:14 UTC 2026,1785109514,0,4.43
Sun Jul 26 23:45:54 UTC 2026,1785109554,0,4.07
Sun Jul 26 23:46:31 UTC 2026,1785109591,0,4.38
Sun Jul 26 23:47:20 UTC 2026,1785109640,0,4.2
Sun Jul 26 23:48:10 UTC 2026,1785109690,0,4.31
Sun Jul 26 23:49:47 UTC 2026,1785109787,0,4.04
Sun Jul 26 23:49:55 UTC 2026,1785109795,0,4.23
Sun Jul 26 23:50:08 UTC 2026,1785109808,0,3.88
Sun Jul 26 23:51:35 UTC 2026,1785109895,0,4.1
Sun Jul 26 23:52:53 UTC 2026,1785109973,0,3.63
Sun Jul 26 23:53:16 UTC 2026,1785109996,0,3.83
Sun Jul 26 23:53:57 UTC 2026,1785110037,0,3.61
Sun Jul 26 23:55:32 UTC 2026,1785110132,0,3.59
Sun Jul 26 23:56:21 UTC 2026,1785110181,0,3.8
Sun Jul 26 23:56:26 UTC 2026,1785110186,0,3.62
Sun Jul 26 23:57:53 UTC 2026,1785110273,0,3.87
Sun Jul 26 23:58:42 UTC 2026,1785110322,0,4.01
Sun Jul 26 23:59:33 UTC 2026,1785110373,0,3.67
Mon Jul 27 00:00:23 UTC 2026,1785110423,0,3.72
Mon Jul 27 00:00:45 UTC 2026,1785110445,0,4.03
Mon Jul 27 00:01:26 UTC 2026,1785110486,0,3.78
Mon Jul 27 00:02:58 UTC 2026,1785110578,0,4.14
Mon Jul 27 00:03:28 UTC 2026,1785110608,0,3.94
Mon Jul 27 00:04:09 UTC 2026,1785110649,0,4.14
Mon Jul 27 00:05:18 UTC 2026,1785110718,0,4.05
Mon Jul 27 00:05:59 UTC 2026,1785110759,0,4.33
Mon Jul 27 00:07:02 UTC 2026,1785110822,0,4.19
Mon Jul 27 00:07:16 UTC 2026,1785110836,0,4.38
Mon Jul 27 00:08:24 UTC 2026,1785110904,0,4.23
Mon Jul 27 00:09:28 UTC 2026,1785110968,0,4.53
Mon Jul 27 00:10:54 UTC 2026,1785111054,0,4.57
Mon Jul 27 00:10:58 UTC 2026,1785111058,0,4.15
Mon Jul 27 00:11:31 UTC 2026,1785111091,0,4.37
Mon Jul 27 00:12:44 UTC 2026,1785111164,0,4.77
Mon Jul 27 00:13:33 UTC 2026,1785111213,0,4.44
Mon Jul 27 00:14:32 UTC 2026,1785111272,0,4.75
Mon Jul 27 00:15:08 UTC 2026,1785111308,0,4.52
Mon Jul 27 00:15:21 UTC 2026,1785111321,0,4.81
Mon Jul 27 00:16:13 UTC 2026,1785111373,0,4.48
Mon Jul 27 00:17:39 UTC 2026,1785111459,0,4.84
Mon Jul 27 00:17:56 UTC 2026,1785111476,0,4.51
Mon Jul 27 00:19:10 UTC 2026,1785111550,0,5.06
Mon Jul 27 00:20:17 UTC 2026,1785111617,0,4.94
Mon Jul 27 00:20:31 UTC 2026,1785111631,0,4.59
Mon Jul 27 00:22:25 UTC 2026,1785111745,0,4.93
Mon Jul 27 00:22:43 UTC 2026,1785111763,0,4.46
Mon Jul 27 00:23:00 UTC 2026,1785111780,0,4.94
Mon Jul 27 00:24:10 UTC 2026,1785111850,0,4.55
Mon Jul 27 00:24:37 UTC 2026,1785111877,0,4.56
Mon Jul 27 00:24:54 UTC 2026,1785111894,0,4.92
Mon Jul 27 00:26:21 UTC 2026,1785111981,0,5.0
Mon Jul 27 00:26:35 UTC 2026,1785111995,0,4.47
Mon Jul 27 00:28:56 UTC 2026,1785112136,0,4.92
Mon Jul 27 00:29:04 UTC 2026,1785112144,0,4.61
Mon Jul 27 00:29:50 UTC 2026,1785112190,0,4.48
Mon Jul 27 00:30:22 UTC 2026,1785112222,0,4.91
Mon Jul 27 00:31:31 UTC 2026,1785112291,0,4.84
Mon Jul 27 00:32:29 UTC 2026,1785112349,0,4.6
Mon Jul 27 00:32:47 UTC 2026,1785112367,0,4.61
Mon Jul 27 00:33:51 UTC 2026,1785112431,0,5.07
Mon Jul 27 00:34:22 UTC 2026,1785112462,0,5.02
Mon Jul 27 00:35:45 UTC 2026,1785112545,0,4.76
Mon Jul 27 00:36:48 UTC 2026,1785112608,0,4.81
Mon Jul 27 00:36:52 UTC 2026,1785112612,0,5.05
Mon Jul 27 00:37:43 UTC 2026,1785112663,0,4.73
Mon Jul 27 00:38:24 UTC 2026,1785112704,0,5.13
Mon Jul 27 00:39:32 UTC 2026,1785112772,0,4.78
Mon Jul 27 00:40:53 UTC 2026,1785112853,0,5.09
Mon Jul 27 00:41:26 UTC 2026,1785112886,0,4.9
Mon Jul 27 00:42:01 UTC 2026,1785112921,0,5.21
Mon Jul 27 00:42:42 UTC 2026,1785112962,0,4.89
Mon Jul 27 00:44:14 UTC 2026,1785113054,0,5.29
Mon Jul 27 00:44:18 UTC 2026,1785113058,0,4.95
Mon Jul 27 00:45:39 UTC 2026,1785113139,0,5.42
Mon Jul 27 00:47:10 UTC 2026,1785113230,0,5.37
Mon Jul 27 00:47:24 UTC 2026,1785113244,0,5.06
Mon Jul 27 00:47:38 UTC 2026,1785113258,0,5.32
Mon Jul 27 00:48:04 UTC 2026,1785113284,0,5.09
Mon Jul 27 00:49:22 UTC 2026,1785113362,0,5.34
Mon Jul 27 00:50:07 UTC 2026,1785113407,0,5.13
Mon Jul 27 00:51:33 UTC 2026,1785113493,0,5.1
Mon Jul 27 00:52:20 UTC 2026,1785113540,0,5.4
Mon Jul 27 00:52:38 UTC 2026,1785113558,0,5.47
Mon Jul 27 00:52:42 UTC 2026,1785113562,0,5.1
Mon Jul 27 00:54:17 UTC 2026,1785113657,0,5.08
Mon Jul 27 00:54:23 UTC 2026,1785113663,0,5.38
Mon Jul 27 00:55:50 UTC 2026,1785113750,0,5.17
Mon Jul 27 00:55:58 UTC 2026,1785113758,0,5.43
Mon Jul 27 00:57:52 UTC 2026,1785113872,0,5.18
Mon Jul 27 00:58:19 UTC 2026,1785113899,0,5.43
Mon Jul 27 01:00:21 UTC 2026,1785114021,0,5.4
Mon Jul 27 01:00:41 UTC 2026,1785114041,0,4.96
Mon Jul 27 01:00:45 UTC 2026,1785114045,0,5.21
Mon Jul 27 01:01:21 UTC 2026,1785114081,0,5.45
Mon Jul 27 01:03:19 UTC 2026,1785114199,0,5.2
Mon Jul 27 01:03:46 UTC 2026,1785114226,0,5.46
Mon Jul 27 01:04:40 UTC 2026,1785114280,0,5.19
Mon Jul 27 01:04:50 UTC 2026,1785114290,0,5.44
Mon Jul 27 01:06:01 UTC 2026,1785114361,0,5.45
Mon Jul 27 01:06:17 UTC 2026,1785114377,0,5.22
Mon Jul 27 01:07:38 UTC 2026,1785114458,0,5.44
Mon Jul 27 01:08:09 UTC 2026,1785114489,0,5.13
Mon Jul 27 01:09:00 UTC 2026,1785114540,0,5.24
Mon Jul 27 01:09:21 UTC 2026,1785114561,0,5.49
Mon Jul 27 01:11:48 UTC 2026,1785114708,0,5.1
Mon Jul 27 01:12:15 UTC 2026,1785114735,0,5.43
Mon Jul 27 01:12:46 UTC 2026,1785114766,0,5.14
Mon Jul 27 01:13:00 UTC 2026,1785114780,0,5.43
Mon Jul 27 01:14:17 UTC 2026,1785114857,0,5.13
Mon Jul 27 01:14:31 UTC 2026,1785114871,0,5.41
Mon Jul 27 01:16:02 UTC 2026,1785114962,0,5.13
Mon Jul 27 01:16:11 UTC 2026,1785114971,0,5.41
Mon Jul 27 01:17:33 UTC 2026,1785115053,0,5.46
Mon Jul 27 01:18:50 UTC 2026,1785115130,0,5.15
Mon Jul 27 01:19:17 UTC 2026,1785115157,0,5.08
Mon Jul 27 01:20:08 UTC 2026,1785115208,0,5.43
Mon Jul 27 01:22:01 UTC 2026,1785115321,0,5.08
Mon Jul 27 01:22:05 UTC 2026,1785115325,0,5.39
Mon Jul 27 01:23:09 UTC 2026,1785115389,0,5.17
Mon Jul 27 01:23:55 UTC 2026,1785115435,0,5.12
Mon Jul 27 01:24:49 UTC 2026,1785115489,0,5.45
Mon Jul 27 01:25:45 UTC 2026,1785115545,0,5.34
Mon Jul 27 01:26:11 UTC 2026,1785115571,0,5.16
Mon Jul 27 01:27:14 UTC 2026,1785115634,0,5.18
Mon Jul 27 01:28:09 UTC 2026,1785115689,0,5.38
Mon Jul 27 01:29:13 UTC 2026,1785115753,0,5.36
Mon Jul 27 01:30:12 UTC 2026,1785115812,0,5.16
Mon Jul 27 01:30:57 UTC 2026,1785115857,0,5.14
Mon Jul 27 01:31:10 UTC 2026,1785115870,0,5.36
Mon Jul 27 01:33:32 UTC 2026,1785116012,0,5.13
Mon Jul 27 01:33:41 UTC 2026,1785116021,0,5.43
Mon Jul 27 01:35:07 UTC 2026,1785116107,0,5.14
Mon Jul 27 01:36:24 UTC 2026,1785116184,0,5.35
Mon Jul 27 01:37:01 UTC 2026,1785116221,0,5.12
Mon Jul 27 01:37:38 UTC 2026,1785116258,0,5.14
Mon Jul 27 01:37:51 UTC 2026,1785116271,0,5.36
Mon Jul 27 01:39:13 UTC 2026,1785116353,0,5.33
Mon Jul 27 01:40:07 UTC 2026,1785116407,0,5.15
Mon Jul 27 01:41:29 UTC 2026,1785116489,0,5.31
Mon Jul 27 01:41:38 UTC 2026,1785116498,0,5.12
Mon Jul 27 01:42:33 UTC 2026,1785116553,0,5.27
Mon Jul 27 01:43:05 UTC 2026,1785116585,0,5.12
Mon Jul 27 01:44:40 UTC 2026,1785116680,0,5.1
Mon Jul 27 01:44:53 UTC 2026,1785116693,0,5.29
Mon Jul 27 01:46:02 UTC 2026,1785116762,0,5.3
Mon Jul 27 01:46:24 UTC 2026,1785116784,0,5.09
Mon Jul 27 01:47:19 UTC 2026,1785116839,0,5.3
Mon Jul 27 01:48:13 UTC 2026,1785116893,0,5.04
Mon Jul 27 01:49:53 UTC 2026,1785116993,0,5.25
Mon Jul 27 01:50:57 UTC 2026,1785117057,0,5.31
Mon Jul 27 01:51:19 UTC 2026,1785117079,0,5.08
Mon Jul 27 01:52:37 UTC 2026,1785117157,0,5.28
Mon Jul 27 01:52:41 UTC 2026,1785117161,0,5.04
Mon Jul 27 01:54:03 UTC 2026,1785117243,0,5.07
Mon Jul 27 01:54:53 UTC 2026,1785117293,0,5.26
Mon Jul 27 01:56:09 UTC 2026,1785117369,0,5.03
Mon Jul 27 01:56:19 UTC 2026,1785117379,0,5.26
Mon Jul 27 01:57:23 UTC 2026,1785117443,0,5.25
Mon Jul 27 01:57:59 UTC 2026,1785117479,0,4.85
Mon Jul 27 01:58:53 UTC 2026,1785117533,0,4.84
Mon Jul 27 01:59:38 UTC 2026,1785117578,0,5.17
Mon Jul 27 02:00:44 UTC 2026,1785117644,0,4.76
Mon Jul 27 02:01:15 UTC 2026,1785117675,0,5.15
Mon Jul 27 02:01:52 UTC 2026,1785117712,0,5.24
Mon Jul 27 02:02:27 UTC 2026,1785117747,0,5.01
Mon Jul 27 02:03:35 UTC 2026,1785117815,0,4.99
Mon Jul 27 02:03:54 UTC 2026,1785117834,0,5.13
Mon Jul 27 02:06:15 UTC 2026,1785117975,0,5.22
Mon Jul 27 02:06:28 UTC 2026,1785117988,0,4.82
Mon Jul 27 02:07:27 UTC 2026,1785118047,0,5.14
Mon Jul 27 02:07:40 UTC 2026,1785118060,0,4.92
Mon Jul 27 02:08:50 UTC 2026,1785118130,0,4.84
Mon Jul 27 02:09:35 UTC 2026,1785118175,0,5.12
Mon Jul 27 02:10:46 UTC 2026,1785118246,0,5.1
Mon Jul 27 02:11:06 UTC 2026,1785118266,0,4.9
Mon Jul 27 02:12:13 UTC 2026,1785118333,0,5.04
Mon Jul 27 02:13:17 UTC 2026,1785118397,0,4.82
Mon Jul 27 02:13:26 UTC 2026,1785118406,0,5.04
Mon Jul 27 02:14:26 UTC 2026,1785118466,0,4.76
Mon Jul 27 02:16:06 UTC 2026,1785118566,0,5.09
Mon Jul 27 02:16:15 UTC 2026,1785118575,0,4.82
Mon Jul 27 02:17:14 UTC 2026,1785118634,0,5.07
Mon Jul 27 02:17:45 UTC 2026,1785118665,0,4.77
Mon Jul 27 02:18:25 UTC 2026,1785118705,0,4.72
Mon Jul 27 02:19:20 UTC 2026,1785118760,0,4.95
Mon Jul 27 02:20:12 UTC 2026,1785118812,0,4.73
Mon Jul 27 02:20:33 UTC 2026,1785118833,0,5.03
Mon Jul 27 02:21:51 UTC 2026,1785118911,0,4.96
Mon Jul 27 02:22:27 UTC 2026,1785118947,0,4.74
Mon Jul 27 02:24:17 UTC 2026,1785119057,0,4.94
Mon Jul 27 02:24:30 UTC 2026,1785119070,0,4.71
Mon Jul 27 02:25:47 UTC 2026,1785119147,0,4.68
Mon Jul 27 02:25:56 UTC 2026,1785119156,0,4.92
Mon Jul 27 02:27:05 UTC 2026,1785119225,0,5.02
Mon Jul 27 02:27:59 UTC 2026,1785119279,0,4.68
Mon Jul 27 02:29:03 UTC 2026,1785119343,0,4.55
Mon Jul 27 02:29:12 UTC 2026,1785119352,0,4.95
Mon Jul 27 02:30:01 UTC 2026,1785119401,0,4.53
Mon Jul 27 02:31:28 UTC 2026,1785119488,0,4.88
Mon Jul 27 02:32:14 UTC 2026,1785119534,0,4.94
Mon Jul 27 02:32:22 UTC 2026,1785119542,0,4.57
Mon Jul 27 02:33:58 UTC 2026,1785119638,0,4.79
Mon Jul 27 02:34:11 UTC 2026,1785119651,0,4.57
Mon Jul 27 02:35:25 UTC 2026,1785119725,0,4.88
Mon Jul 27 02:36:10 UTC 2026,1785119770,0,4.48
Mon Jul 27 02:37:23 UTC 2026,1785119843,0,4.95
Mon Jul 27 02:37:36 UTC 2026,1785119856,0,4.61
Mon Jul 27 02:38:26 UTC 2026,1785119906,0,4.73
Mon Jul 27 02:39:40 UTC 2026,1785119980,0,4.52
Mon Jul 27 02:40:07 UTC 2026,1785120007,0,4.5
Mon Jul 27 02:40:29 UTC 2026,1785120029,0,4.77
Mon Jul 27 02:41:29 UTC 2026,1785120089,0,4.75
Mon Jul 27 02:42:36 UTC 2026,1785120156,0,4.49
Mon Jul 27 02:43:13 UTC 2026,1785120193,0,4.73
Mon Jul 27 02:43:36 UTC 2026,1785120216,0,4.53
Mon Jul 27 02:45:02 UTC 2026,1785120302,0,4.43
Mon Jul 27 02:45:47 UTC 2026,1785120347,0,4.7
Mon Jul 27 02:46:51 UTC 2026,1785120411,0,4.44
Mon Jul 27 02:46:59 UTC 2026,1785120419,0,4.77
Mon Jul 27 02:48:21 UTC 2026,1785120501,0,4.48
Mon Jul 27 02:49:12 UTC 2026,1785120552,0,4.7
Mon Jul 27 02:49:53 UTC 2026,1785120593,0,4.32
Mon Jul 27 02:51:16 UTC 2026,1785120676,0,4.72
Mon Jul 27 02:51:37 UTC 2026,1785120697,0,4.61
Mon Jul 27 02:52:37 UTC 2026,1785120757,0,4.35
Mon Jul 27 02:53:40 UTC 2026,1785120820,0,4.58
Mon Jul 27 02:54:16 UTC 2026,1785120856,0,4.32
Mon Jul 27 02:54:53 UTC 2026,1785120893,0,4.66
Mon Jul 27 02:55:02 UTC 2026,1785120902,0,4.23
Mon Jul 27 02:56:20 UTC 2026,1785120980,0,4.62
Mon Jul 27 02:56:51 UTC 2026,1785121011,0,4.25
Mon Jul 27 02:57:54 UTC 2026,1785121074,0,4.51
Mon Jul 27 02:58:41 UTC 2026,1785121121,0,4.23
Mon Jul 27 03:00:02 UTC 2026,1785121202,0,4.44
Mon Jul 27 03:00:21 UTC 2026,1785121221,0,4.25
Mon Jul 27 03:01:15 UTC 2026,1785121275,0,4.26
Mon Jul 27 03:02:37 UTC 2026,1785121357,0,4.5
Mon Jul 27 03:03:31 UTC 2026,1785121411,0,4.23
Mon Jul 27 03:03:40 UTC 2026,1785121420,0,4.45
Mon Jul 27 03:05:11 UTC 2026,1785121511,0,4.17
Mon Jul 27 03:05:33 UTC 2026,1785121533,0,4.43
Mon Jul 27 03:06:10 UTC 2026,1785121570,0,4.22
Mon Jul 27 03:07:18 UTC 2026,1785121638,0,4.43
Mon Jul 27 03:08:49 UTC 2026,1785121729,0,4.29
Mon Jul 27 03:09:21 UTC 2026,1785121761,0,4.54
Mon Jul 27 03:09:53 UTC 2026,1785121793,0,4.49
Mon Jul 27 03:10:16 UTC 2026,1785121816,0,4.3
Mon Jul 27 03:11:46 UTC 2026,1785121906,0,4.55
Mon Jul 27 03:11:59 UTC 2026,1785121919,0,4.3
Mon Jul 27 03:13:45 UTC 2026,1785122025,0,4.46
Mon Jul 27 03:14:12 UTC 2026,1785122052,0,4.24
Mon Jul 27 03:15:38 UTC 2026,1785122138,0,4.52
Mon Jul 27 03:15:47 UTC 2026,1785122147,0,4.23
Mon Jul 27 03:17:22 UTC 2026,1785122242,0,4.2
Mon Jul 27 03:17:36 UTC 2026,1785122256,0,4.46
Mon Jul 27 03:17:42 UTC 2026,1785122262,0,4.16
Mon Jul 27 03:18:26 UTC 2026,1785122306,0,4.51
Mon Jul 27 03:19:44 UTC 2026,1785122384,0,4.17
Mon Jul 27 03:19:57 UTC 2026,1785122397,0,4.4
Mon Jul 27 03:22:04 UTC 2026,1785122524,0,4.12
Mon Jul 27 03:22:18 UTC 2026,1785122538,0,4.45
Mon Jul 27 03:22:40 UTC 2026,1785122560,0,4.42
Mon Jul 27 03:23:53 UTC 2026,1785122633,0,4.16
Mon Jul 27 03:24:56 UTC 2026,1785122696,0,4.23
Mon Jul 27 03:25:55 UTC 2026,1785122755,0,4.41
Mon Jul 27 03:26:36 UTC 2026,1785122796,0,4.16
Mon Jul 27 03:26:55 UTC 2026,1785122815,0,4.42
Mon Jul 27 03:27:44 UTC 2026,1785122864,0,4.34
Mon Jul 27 03:28:52 UTC 2026,1785122932,0,4.08
Mon Jul 27 03:29:48 UTC 2026,1785122988,0,4.4
Mon Jul 27 03:31:27 UTC 2026,1785123087,0,4.02
Mon Jul 27 03:31:46 UTC 2026,1785123106,0,4.37
Mon Jul 27 03:33:17 UTC 2026,1785123197,0,4.11
Mon Jul 27 03:34:02 UTC 2026,1785123242,0,4.33
Mon Jul 27 03:35:36 UTC 2026,1785123336,0,4.09
Mon Jul 27 03:35:56 UTC 2026,1785123356,0,4.31
Mon Jul 27 03:36:13 UTC 2026,1785123373,0,4.12
Mon Jul 27 03:37:40 UTC 2026,1785123460,0,4.24
Mon Jul 27 03:37:50 UTC 2026,1785123470,0,4.04
Mon Jul 27 03:39:16 UTC 2026,1785123556,0,4.25
Mon Jul 27 03:40:14 UTC 2026,1785123614,0,4.05
Mon Jul 27 03:41:05 UTC 2026,1785123665,0,3.92
Mon Jul 27 03:41:41 UTC 2026,1785123701,0,4.26
Mon Jul 27 03:42:45 UTC 2026,1785123765,0,4.22
Mon Jul 27 03:43:21 UTC 2026,1785123801,0,3.93
Mon Jul 27 03:44:52 UTC 2026,1785123892,0,3.99
Mon Jul 27 03:45:29 UTC 2026,1785123929,0,4.22
Mon Jul 27 03:45:51 UTC 2026,1785123951,0,4.15
Mon Jul 27 03:46:59 UTC 2026,1785124019,0,4.02
Mon Jul 27 03:47:40 UTC 2026,1785124060,0,4.2
Mon Jul 27 03:48:35 UTC 2026,1785124115,0,3.95
Mon Jul 27 03:50:10 UTC 2026,1785124210,0,4.2
Mon Jul 27 03:50:41 UTC 2026,1785124241,0,3.96
Mon Jul 27 03:50:50 UTC 2026,1785124250,0,4.08
Mon Jul 27 03:52:12 UTC 2026,1785124332,0,3.91
Mon Jul 27 03:53:02 UTC 2026,1785124382,0,3.85
Mon Jul 27 03:53:53 UTC 2026,1785124433,0,4.07
Mon Jul 27 03:54:43 UTC 2026,1785124483,0,3.7
Mon Jul 27 03:55:24 UTC 2026,1785124524,0,4.16
Mon Jul 27 03:56:05 UTC 2026,1785124565,0,4.18
Mon Jul 27 03:56:42 UTC 2026,1785124602,0,3.84
Mon Jul 27 03:57:45 UTC 2026,1785124665,0,4.15
Mon Jul 27 03:58:34 UTC 2026,1785124714,0,3.85
Mon Jul 27 03:59:11 UTC 2026,1785124751,0,3.76
Mon Jul 27 03:59:29 UTC 2026,1785124769,0,4.02
Mon Jul 27 04:01:09 UTC 2026,1785124869,0,4.12
Mon Jul 27 04:01:22 UTC 2026,1785124882,0,3.82
Mon Jul 27 04:02:26 UTC 2026,1785124946,0,4.07
Mon Jul 27 04:02:44 UTC 2026,1785124964,0,3.77
Mon Jul 27 04:04:51 UTC 2026,1785125091,0,3.76
Mon Jul 27 04:05:01 UTC 2026,1785125101,0,4.01
Mon Jul 27 04:06:53 UTC 2026,1785125213,0,3.82
Mon Jul 27 04:07:30 UTC 2026,1785125250,0,4.01
Mon Jul 27 04:08:34 UTC 2026,1785125314,0,3.76
Mon Jul 27 04:09:29 UTC 2026,1785125369,0,4.0
Mon Jul 27 04:09:48 UTC 2026,1785125388,0,3.75
Mon Jul 27 04:10:42 UTC 2026,1785125442,0,3.72
Mon Jul 27 04:11:18 UTC 2026,1785125478,0,4.01
Mon Jul 27 04:12:30 UTC 2026,1785125550,0,3.73
Mon Jul 27 04:13:07 UTC 2026,1785125587,0,3.96
Mon Jul 27 04:14:19 UTC 2026,1785125659,0,3.79
Mon Jul 27 04:14:38 UTC 2026,1785125678,0,3.98
Mon Jul 27 04:16:36 UTC 2026,1785125796,0,3.69
Mon Jul 27 04:17:03 UTC 2026,1785125823,0,3.96
Mon Jul 27 04:17:16 UTC 2026,1785125836,0,3.72
Mon Jul 27 04:17:48 UTC 2026,1785125868,0,3.9
Mon Jul 27 04:19:10 UTC 2026,1785125950,0,3.69
Mon Jul 27 04:19:34 UTC 2026,1785125974,0,3.94
Mon Jul 27 04:20:32 UTC 2026,1785126032,0,3.92
Mon Jul 27 04:21:58 UTC 2026,1785126118,0,3.64
Mon Jul 27 04:22:11 UTC 2026,1785126131,0,3.89
Mon Jul 27 04:23:30 UTC 2026,1785126210,0,3.66
Mon Jul 27 04:23:44 UTC 2026,1785126224,0,3.75
Mon Jul 27 04:25:14 UTC 2026,1785126314,0,3.32
Mon Jul 27 04:25:23 UTC 2026,1785126323,0,3.44
Mon Jul 27 04:25:59 UTC 2026,1785126359,0,3.19
Mon Jul 27 04:27:22 UTC 2026,1785126442,0,3.33
Mon Jul 27 04:28:29 UTC 2026,1785126509,0,3.55
Mon Jul 27 04:30:00 UTC 2026,1785126600,0,3.4
Mon Jul 27 04:30:10 UTC 2026,1785126610,0,3.7
Mon Jul 27 04:30:18 UTC 2026,1785126618,0,3.43
Mon Jul 27 04:31:13 UTC 2026,1785126673,0,3.67
Mon Jul 27 04:33:11 UTC 2026,1785126791,0,3.79
Mon Jul 27 04:33:34 UTC 2026,1785126814,0,3.41
Mon Jul 27 04:33:47 UTC 2026,1785126827,0,3.81
Mon Jul 27 04:34:37 UTC 2026,1785126877,0,3.44
Mon Jul 27 04:35:50 UTC 2026,1785126950,0,3.75
Mon Jul 27 04:36:22 UTC 2026,1785126982,0,3.45
Mon Jul 27 04:37:35 UTC 2026,1785127055,0,3.38
Mon Jul 27 04:37:39 UTC 2026,1785127059,0,3.69
Mon Jul 27 04:38:52 UTC 2026,1785127132,0,3.42
Mon Jul 27 04:40:00 UTC 2026,1785127200,0,3.67
Mon Jul 27 04:40:58 UTC 2026,1785127258,0,3.47
Mon Jul 27 04:41:39 UTC 2026,1785127299,0,3.75
Mon Jul 27 04:42:16 UTC 2026,1785127336,0,3.5
Mon Jul 27 04:43:29 UTC 2026,1785127409,0,3.83
Mon Jul 27 04:43:43 UTC 2026,1785127423,0,3.56
Mon Jul 27 04:44:01 UTC 2026,1785127441,0,3.85
Mon Jul 27 04:45:45 UTC 2026,1785127545,0,3.6
Mon Jul 27 04:46:27 UTC 2026,1785127587,0,3.81
Mon Jul 27 04:46:49 UTC 2026,1785127609,0,3.54
Mon Jul 27 04:47:39 UTC 2026,1785127659,0,3.76
Mon Jul 27 04:49:14 UTC 2026,1785127754,0,3.5
Mon Jul 27 04:49:28 UTC 2026,1785127768,0,3.87
Mon Jul 27 04:50:32 UTC 2026,1785127832,0,3.85
Mon Jul 27 04:51:08 UTC 2026,1785127868,0,3.62
Mon Jul 27 04:52:13 UTC 2026,1785127933,0,3.64
Mon Jul 27 04:53:20 UTC 2026,1785128000,0,3.86
Mon Jul 27 04:53:47 UTC 2026,1785128027,0,3.84
Mon Jul 27 04:54:10 UTC 2026,1785128050,0,3.64
Mon Jul 27 04:55:27 UTC 2026,1785128127,0,3.8
Mon Jul 27 04:55:32 UTC 2026,1785128132,0,3.66
Mon Jul 27 04:56:57 UTC 2026,1785128217,0,3.68
Mon Jul 27 04:57:03 UTC 2026,1785128223,0,3.83
Mon Jul 27 04:58:30 UTC 2026,1785128310,0,3.82
Mon Jul 27 04:59:15 UTC 2026,1785128355,0,3.63
Mon Jul 27 05:00:05 UTC 2026,1785128405,0,3.85
Mon Jul 27 05:00:32 UTC 2026,1785128432,0,3.69
Mon Jul 27 05:03:06 UTC 2026,1785128586,0,3.64
Mon Jul 27 05:03:15 UTC 2026,1785128595,0,3.83
Mon Jul 27 05:04:10 UTC 2026,1785128650,0,3.63
Mon Jul 27 05:04:36 UTC 2026,1785128676,0,3.82
Mon Jul 27 05:05:13 UTC 2026,1785128713,0,3.53
Mon Jul 27 05:06:17 UTC 2026,1785128777,0,3.78
Mon Jul 27 05:06:40 UTC 2026,1785128800,0,3.75
Mon Jul 27 05:07:11 UTC 2026,1785128831,0,3.56
Mon Jul 27 05:08:56 UTC 2026,1785128936,0,3.75
Mon Jul 27 05:09:38 UTC 2026,1785128978,0,3.59
Mon Jul 27 05:11:26 UTC 2026,1785129086,0,3.74
Mon Jul 27 05:11:30 UTC 2026,1785129090,0,3.59
Mon Jul 27 05:11:44 UTC 2026,1785129104,0,3.52
Mon Jul 27 05:12:21 UTC 2026,1785129141,0,3.69
Mon Jul 27 05:13:15 UTC 2026,1785129195,0,3.72
Mon Jul 27 05:14:28 UTC 2026,1785129268,0,3.48
Mon Jul 27 05:14:55 UTC 2026,1785129295,0,3.75
Mon Jul 27 05:15:31 UTC 2026,1785129331,0,3.51
Mon Jul 27 05:16:35 UTC 2026,1785129395,0,3.69
Mon Jul 27 05:18:02 UTC 2026,1785129482,0,3.48
Mon Jul 27 05:18:28 UTC 2026,1785129508,0,3.63
Mon Jul 27 05:18:52 UTC 2026,1785129532,0,3.46
Mon Jul 27 05:21:21 UTC 2026,1785129681,0,3.74
Mon Jul 27 05:22:25 UTC 2026,1785129745,0,3.72
Mon Jul 27 05:22:34 UTC 2026,1785129754,0,3.52
Mon Jul 27 05:23:37 UTC 2026,1785129817,0,3.55
Mon Jul 27 05:23:56 UTC 2026,1785129836,0,3.77
Mon Jul 27 05:24:55 UTC 2026,1785129895,0,3.75
Mon Jul 27 05:25:04 UTC 2026,1785129904,0,3.54
Mon Jul 27 05:26:26 UTC 2026,1785129986,0,3.58
Mon Jul 27 05:27:16 UTC 2026,1785130036,0,3.84
Mon Jul 27 05:28:56 UTC 2026,1785130136,0,3.86
Mon Jul 27 05:29:28 UTC 2026,1785130168,0,3.52
Mon Jul 27 05:29:47 UTC 2026,1785130187,0,3.65
Mon Jul 27 05:30:32 UTC 2026,1785130232,0,3.86
Mon Jul 27 05:31:39 UTC 2026,1785130299,0,3.61
Mon Jul 27 05:32:24 UTC 2026,1785130344,0,3.84
Mon Jul 27 05:33:02 UTC 2026,1785130382,0,3.83
Mon Jul 27 05:34:18 UTC 2026,1785130458,0,3.63
Mon Jul 27 05:35:12 UTC 2026,1785130512,0,3.84
Mon Jul 27 05:36:12 UTC 2026,1785130572,0,3.66
Mon Jul 27 05:36:53 UTC 2026,1785130613,0,3.64
Mon Jul 27 05:37:30 UTC 2026,1785130650,0,3.87
Mon Jul 27 05:38:51 UTC 2026,1785130731,0,3.81
Mon Jul 27 05:39:09 UTC 2026,1785130749,0,3.67
Mon Jul 27 05:39:54 UTC 2026,1785130794,0,3.69
Mon Jul 27 05:40:31 UTC 2026,1785130831,0,3.8
Mon Jul 27 05:41:39 UTC 2026,1785130899,0,3.65
Mon Jul 27 05:42:20 UTC 2026,1785130940,0,3.84
Mon Jul 27 05:42:57 UTC 2026,1785130977,0,3.83
Mon Jul 27 05:44:08 UTC 2026,1785131048,0,3.67
Mon Jul 27 05:46:11 UTC 2026,1785131171,0,3.84
Mon Jul 27 05:47:01 UTC 2026,1785131221,0,3.65
Mon Jul 27 05:47:24 UTC 2026,1785131244,0,3.9
Mon Jul 27 05:48:19 UTC 2026,1785131299,0,3.85
Mon Jul 27 05:49:22 UTC 2026,1785131362,0,3.63
Mon Jul 27 05:49:49 UTC 2026,1785131389,0,3.54
Mon Jul 27 05:50:17 UTC 2026,1785131417,0,3.86
Mon Jul 27 05:51:43 UTC 2026,1785131503,0,3.62
Mon Jul 27 05:52:11 UTC 2026,1785131531,0,3.88
Mon Jul 27 05:53:32 UTC 2026,1785131612,0,3.61
Mon Jul 27 05:54:09 UTC 2026,1785131649,0,3.88
Mon Jul 27 05:55:26 UTC 2026,1785131726,0,3.92
Mon Jul 27 05:55:48 UTC 2026,1785131748,0,3.68
Mon Jul 27 05:57:20 UTC 2026,1785131840,0,3.82
Mon Jul 27 05:58:09 UTC 2026,1785131889,0,3.64
Mon Jul 27 05:59:13 UTC 2026,1785131953,0,3.85
Mon Jul 27 05:59:36 UTC 2026,1785131976,0,3.63
Mon Jul 27 05:59:49 UTC 2026,1785131989,0,3.88
Mon Jul 27 06:01:07 UTC 2026,1785132067,0,3.56
Mon Jul 27 06:01:25 UTC 2026,1785132085,0,3.87
Mon Jul 27 06:03:32 UTC 2026,1785132212,0,3.92
Mon Jul 27 06:04:05 UTC 2026,1785132245,0,3.66
Mon Jul 27 06:05:13 UTC 2026,1785132313,0,3.61
Mon Jul 27 06:05:44 UTC 2026,1785132344,0,3.87
Mon Jul 27 06:06:48 UTC 2026,1785132408,0,3.9
Mon Jul 27 06:07:19 UTC 2026,1785132439,0,3.66
Mon Jul 27 06:07:56 UTC 2026,1785132476,0,3.67
Mon Jul 27 06:08:28 UTC 2026,1785132508,0,3.87
Mon Jul 27 06:09:27 UTC 2026,1785132567,0,3.83
Mon Jul 27 06:10:08 UTC 2026,1785132608,0,3.65
Mon Jul 27 06:11:35 UTC 2026,1785132695,0,3.64
Mon Jul 27 06:12:06 UTC 2026,1785132726,0,3.96
Mon Jul 27 06:13:27 UTC 2026,1785132807,0,3.92
Mon Jul 27 06:13:54 UTC 2026,1785132834,0,3.65
Mon Jul 27 06:14:40 UTC 2026,1785132880,0,3.83
Mon Jul 27 06:15:41 UTC 2026,1785132941,0,3.61
Mon Jul 27 06:17:10 UTC 2026,1785133030,0,3.81
Mon Jul 27 06:17:56 UTC 2026,1785133076,0,3.58
Mon Jul 27 06:18:59 UTC 2026,1785133139,0,3.79
Mon Jul 27 06:19:23 UTC 2026,1785133163,0,3.59
Mon Jul 27 06:20:35 UTC 2026,1785133235,0,3.83
Mon Jul 27 06:21:16 UTC 2026,1785133276,0,3.53
Mon Jul 27 06:21:47 UTC 2026,1785133307,0,3.76
Mon Jul 27 06:22:34 UTC 2026,1785133354,0,3.54
Mon Jul 27 06:23:14 UTC 2026,1785133394,0,3.78
Mon Jul 27 06:24:09 UTC 2026,1785133449,0,3.74
Mon Jul 27 06:24:35 UTC 2026,1785133475,0,3.54
Mon Jul 27 06:27:02 UTC 2026,1785133622,0,3.53
Mon Jul 27 06:27:10 UTC 2026,1785133630,0,3.78
Mon Jul 27 06:27:47 UTC 2026,1785133667,0,3.5
Mon Jul 27 06:28:55 UTC 2026,1785133735,0,3.83
Mon Jul 27 06:29:26 UTC 2026,1785133766,0,3.81
Mon Jul 27 06:30:30 UTC 2026,1785133830,0,3.49
Mon Jul 27 06:30:59 UTC 2026,1785133859,0,3.81
Mon Jul 27 06:31:39 UTC 2026,1785133899,0,3.57
Mon Jul 27 06:32:38 UTC 2026,1785133958,0,3.51
Mon Jul 27 06:32:51 UTC 2026,1785133971,0,3.76
Mon Jul 27 06:35:08 UTC 2026,1785134108,0,3.54
Mon Jul 27 06:36:48 UTC 2026,1785134208,0,3.75
Mon Jul 27 06:37:15 UTC 2026,1785134235,0,3.56
Mon Jul 27 06:37:42 UTC 2026,1785134262,0,3.73
Mon Jul 27 06:37:46 UTC 2026,1785134266,0,3.56
Mon Jul 27 06:39:27 UTC 2026,1785134367,0,3.72
Mon Jul 27 06:39:45 UTC 2026,1785134385,0,3.57
Mon Jul 27 06:41:34 UTC 2026,1785134494,0,3.51
Mon Jul 27 06:41:56 UTC 2026,1785134516,0,3.75
Mon Jul 27 06:43:37 UTC 2026,1785134617,0,3.55
Mon Jul 27 06:43:56 UTC 2026,1785134636,0,3.75
Mon Jul 27 06:44:27 UTC 2026,1785134667,0,3.56
Mon Jul 27 06:44:36 UTC 2026,1785134676,0,3.7
Mon Jul 27 06:45:39 UTC 2026,1785134739,0,3.68
Mon Jul 27 06:46:58 UTC 2026,1785134818,0,3.53
Mon Jul 27 06:47:43 UTC 2026,1785134863,0,3.5
Mon Jul 27 06:48:00 UTC 2026,1785134880,0,3.76
Mon Jul 27 06:49:41 UTC 2026,1785134981,0,3.7
Mon Jul 27 06:50:13 UTC 2026,1785135013,0,3.5
Mon Jul 27 06:52:02 UTC 2026,1785135122,0,3.7
Mon Jul 27 06:52:34 UTC 2026,1785135154,0,3.45
Mon Jul 27 06:53:37 UTC 2026,1785135217,0,3.65
Mon Jul 27 06:54:23 UTC 2026,1785135263,0,3.71
Mon Jul 27 06:55:04 UTC 2026,1785135304,0,3.5
Mon Jul 27 06:56:07 UTC 2026,1785135367,0,3.69
Mon Jul 27 06:56:29 UTC 2026,1785135389,0,3.48
Mon Jul 27 06:57:28 UTC 2026,1785135448,0,3.43
Mon Jul 27 06:58:20 UTC 2026,1785135500,0,3.68
Mon Jul 27 06:59:49 UTC 2026,1785135589,0,3.36
Mon Jul 27 06:59:58 UTC 2026,1785135598,0,3.69
Mon Jul 27 07:00:30 UTC 2026,1785135630,0,3.66
Mon Jul 27 07:01:16 UTC 2026,1785135676,0,3.51
Mon Jul 27 07:02:06 UTC 2026,1785135726,0,3.7
Mon Jul 27 07:02:33 UTC 2026,1785135753,0,3.5
Mon Jul 27 07:03:46 UTC 2026,1785135826,0,3.65
Mon Jul 27 07:04:04 UTC 2026,1785135844,0,3.5
Mon Jul 27 07:05:45 UTC 2026,1785135945,0,3.67
Mon Jul 27 07:06:16 UTC 2026,1785135976,0,3.48
Mon Jul 27 07:07:07 UTC 2026,1785136027,0,3.44
Mon Jul 27 07:07:15 UTC 2026,1785136035,0,3.64
Mon Jul 27 07:09:55 UTC 2026,1785136195,0,3.49
Mon Jul 27 07:10:12 UTC 2026,1785136212,0,3.73
Mon Jul 27 07:10:40 UTC 2026,1785136240,0,3.69
Mon Jul 27 07:11:21 UTC 2026,1785136281,0,3.45
Mon Jul 27 07:12:02 UTC 2026,1785136322,0,3.47
Mon Jul 27 07:12:19 UTC 2026,1785136339,0,3.69
Mon Jul 27 07:14:50 UTC 2026,1785136490,0,3.44
Mon Jul 27 07:15:44 UTC 2026,1785136544,0,3.63
Mon Jul 27 07:16:16 UTC 2026,1785136576,0,3.45
Mon Jul 27 07:17:07 UTC 2026,1785136627,0,3.5
Mon Jul 27 07:17:11 UTC 2026,1785136631,0,3.7
Mon Jul 27 07:18:37 UTC 2026,1785136717,0,3.65
Mon Jul 27 07:19:09 UTC 2026,1785136749,0,3.44
Mon Jul 27 07:20:31 UTC 2026,1785136831,0,3.46
Mon Jul 27 07:21:25 UTC 2026,1785136885,0,3.7
Mon Jul 27 07:22:02 UTC 2026,1785136922,0,3.66
Mon Jul 27 07:22:29 UTC 2026,1785136949,0,3.49
Mon Jul 27 07:23:41 UTC 2026,1785137021,0,3.61
Mon Jul 27 07:24:36 UTC 2026,1785137076,0,3.49
Mon Jul 27 07:26:07 UTC 2026,1785137167,0,3.69
Mon Jul 27 07:26:43 UTC 2026,1785137203,0,3.48
Mon Jul 27 07:26:52 UTC 2026,1785137212,0,3.7
Mon Jul 27 07:28:10 UTC 2026,1785137290,0,3.45
Mon Jul 27 07:29:00 UTC 2026,1785137340,0,3.3
Mon Jul 27 07:29:41 UTC 2026,1785137381,0,3.68
Mon Jul 27 07:30:13 UTC 2026,1785137413,0,3.39
Mon Jul 27 07:30:49 UTC 2026,1785137449,0,3.64
Mon Jul 27 07:32:39 UTC 2026,1785137559,0,3.45
Mon Jul 27 07:32:47 UTC 2026,1785137567,0,3.61
Mon Jul 27 07:34:08 UTC 2026,1785137648,0,3.65
Mon Jul 27 07:34:18 UTC 2026,1785137658,0,3.44
Mon Jul 27 07:35:09 UTC 2026,1785137709,0,3.58
Mon Jul 27 07:36:03 UTC 2026,1785137763,0,3.42
Mon Jul 27 07:36:53 UTC 2026,1785137813,0,3.62
Mon Jul 27 07:37:48 UTC 2026,1785137868,0,3.43
Mon Jul 27 07:38:51 UTC 2026,1785137931,0,3.59
Mon Jul 27 07:39:18 UTC 2026,1785137958,0,3.41
Mon Jul 27 07:40:07 UTC 2026,1785138007,0,3.58
Mon Jul 27 07:40:26 UTC 2026,1785138026,0,3.4
Mon Jul 27 07:42:47 UTC 2026,1785138167,0,3.33
Mon Jul 27 07:42:56 UTC 2026,1785138176,0,3.51
Mon Jul 27 07:43:32 UTC 2026,1785138212,0,3.53
Mon Jul 27 07:44:42 UTC 2026,1785138282,0,3.29
Mon Jul 27 07:45:27 UTC 2026,1785138327,0,3.51
Mon Jul 27 07:46:03 UTC 2026,1785138363,0,3.26
Mon Jul 27 07:47:11 UTC 2026,1785138431,0,3.32
Mon Jul 27 07:47:25 UTC 2026,1785138445,0,3.51
Mon Jul 27 07:48:41 UTC 2026,1785138521,0,3.47
Mon Jul 27 07:49:50 UTC 2026,1785138590,0,3.23
Mon Jul 27 07:49:54 UTC 2026,1785138594,0,3.36
Mon Jul 27 07:49:59 UTC 2026,1785138599,0,3.38
Mon Jul 27 07:50:35 UTC 2026,1785138635,0,3.45
Mon Jul 27 07:51:02 UTC 2026,1785138662,0,3.22
Mon Jul 27 07:51:53 UTC 2026,1785138713,0,3.42
Mon Jul 27 07:52:51 UTC 2026,1785138771,0,3.12
Mon Jul 27 07:53:46 UTC 2026,1785138826,0,3.41
Mon Jul 27 07:54:13 UTC 2026,1785138853,0,3.15
Mon Jul 27 07:55:17 UTC 2026,1785138917,0,3.14
Mon Jul 27 07:56:11 UTC 2026,1785138971,0,3.42
Mon Jul 27 07:57:05 UTC 2026,1785139025,0,3.2
Mon Jul 27 07:57:11 UTC 2026,1785139031,0,3.44
Mon Jul 27 07:59:36 UTC 2026,1785139176,0,3.04
Mon Jul 27 07:59:40 UTC 2026,1785139180,0,3.5
Mon Jul 27 08:00:17 UTC 2026,1785139217,0,3.24
Mon Jul 27 08:00:54 UTC 2026,1785139254,0,3.5
Mon Jul 27 08:01:43 UTC 2026,1785139303,0,3.48
Mon Jul 27 08:02:32 UTC 2026,1785139352,0,3.22
Mon Jul 27 08:04:31 UTC 2026,1785139471,0,3.42
Mon Jul 27 08:04:54 UTC 2026,1785139494,0,3.44
Mon Jul 27 08:05:52 UTC 2026,1785139552,0,3.19
Mon Jul 27 08:07:05 UTC 2026,1785139625,0,3.42
Mon Jul 27 08:07:32 UTC 2026,1785139652,0,3.18
Mon Jul 27 08:08:23 UTC 2026,1785139703,0,3.44
Mon Jul 27 08:08:41 UTC 2026,1785139721,0,3.19
Mon Jul 27 08:10:30 UTC 2026,1785139830,0,3.46
Mon Jul 27 08:10:48 UTC 2026,1785139848,0,3.12
Mon Jul 27 08:11:25 UTC 2026,1785139885,0,3.14
Mon Jul 27 08:12:15 UTC 2026,1785139935,0,3.45
Mon Jul 27 08:14:12 UTC 2026,1785140052,0,3.12
Mon Jul 27 08:14:17 UTC 2026,1785140057,0,3.47
Mon Jul 27 08:15:03 UTC 2026,1785140103,0,3.41
Mon Jul 27 08:15:18 UTC 2026,1785140118,0,3.11
Mon Jul 27 08:16:33 UTC 2026,1785140193,0,3.4
Mon Jul 27 08:17:20 UTC 2026,1785140240,0,3.15
Mon Jul 27 08:18:22 UTC 2026,1785140302,0,3.4
Mon Jul 27 08:18:31 UTC 2026,1785140311,0,3.16
Mon Jul 27 08:20:08 UTC 2026,1785140408,0,3.1
Mon Jul 27 08:20:57 UTC 2026,1785140457,0,3.38
Mon Jul 27 08:21:34 UTC 2026,1785140494,0,3.37
Mon Jul 27 08:22:28 UTC 2026,1785140548,0,3.04
Mon Jul 27 08:24:08 UTC 2026,1785140648,0,3.02
Mon Jul 27 08:24:18 UTC 2026,1785140658,0,3.3
Mon Jul 27 08:24:49 UTC 2026,1785140689,0,3.28
Mon Jul 27 08:25:53 UTC 2026,1785140753,0,2.96
Mon Jul 27 08:26:29 UTC 2026,1785140789,0,2.99
Mon Jul 27 08:27:37 UTC 2026,1785140857,0,3.22
Mon Jul 27 08:28:59 UTC 2026,1785140939,0,3.31
Mon Jul 27 08:29:03 UTC 2026,1785140943,0,2.88
Mon Jul 27 08:29:35 UTC 2026,1785140975,0,3.35
Mon Jul 27 08:31:06 UTC 2026,1785141066,0,3.08
Mon Jul 27 08:31:38 UTC 2026,1785141098,0,3.0
Mon Jul 27 08:31:47 UTC 2026,1785141107,0,3.34
Mon Jul 27 08:32:51 UTC 2026,1785141171,0,3.23
Mon Jul 27 08:34:03 UTC 2026,1785141243,0,3.01
Mon Jul 27 08:34:39 UTC 2026,1785141279,0,3.07
Mon Jul 27 08:34:45 UTC 2026,1785141285,0,3.3
Mon Jul 27 08:36:15 UTC 2026,1785141375,0,3.06
Mon Jul 27 08:36:56 UTC 2026,1785141416,0,3.25
Mon Jul 27 08:38:23 UTC 2026,1785141503,0,3.32
Mon Jul 27 08:39:00 UTC 2026,1785141540,0,3.01
Mon Jul 27 08:39:49 UTC 2026,1785141589,0,3.22
Mon Jul 27 08:40:47 UTC 2026,1785141647,0,3.03
Mon Jul 27 08:41:46 UTC 2026,1785141706,0,2.99
Mon Jul 27 08:42:29 UTC 2026,1785141749,0,3.25
Mon Jul 27 08:43:18 UTC 2026,1785141798,0,3.3
Mon Jul 27 08:44:07 UTC 2026,1785141847,0,3.05
Mon Jul 27 08:45:01 UTC 2026,1785141901,0,3.03
Mon Jul 27 08:45:21 UTC 2026,1785141921,0,3.27
Mon Jul 27 08:46:52 UTC 2026,1785142012,0,3.36
Mon Jul 27 08:47:15 UTC 2026,1785142035,0,3.04
Mon Jul 27 08:48:00 UTC 2026,1785142080,0,3.25
Mon Jul 27 08:48:17 UTC 2026,1785142097,0,3.02
Mon Jul 27 08:50:30 UTC 2026,1785142230,0,3.24
Mon Jul 27 08:50:48 UTC 2026,1785142248,0,3.04
Mon Jul 27 08:51:01 UTC 2026,1785142261,0,3.25
Mon Jul 27 08:51:55 UTC 2026,1785142315,0,3.0
Mon Jul 27 08:52:50 UTC 2026,1785142370,0,3.07
Mon Jul 27 08:54:03 UTC 2026,1785142443,0,3.27
Mon Jul 27 08:54:26 UTC 2026,1785142466,0,3.25
Mon Jul 27 08:55:39 UTC 2026,1785142539,0,3.09
Mon Jul 27 08:56:50 UTC 2026,1785142610,0,3.27
Mon Jul 27 08:57:10 UTC 2026,1785142630,0,3.02
Mon Jul 27 08:57:42 UTC 2026,1785142662,0,3.04
Mon Jul 27 08:58:44 UTC 2026,1785142724,0,3.29
Mon Jul 27 08:59:30 UTC 2026,1785142770,0,2.98
Mon Jul 27 09:00:02 UTC 2026,1785142802,0,3.38
Mon Jul 27 09:01:25 UTC 2026,1785142885,0,3.07
Mon Jul 27 09:01:29 UTC 2026,1785142889,0,3.41
Mon Jul 27 09:02:59 UTC 2026,1785142979,0,3.31
Mon Jul 27 09:03:08 UTC 2026,1785142988,0,3.12
Mon Jul 27 09:04:35 UTC 2026,1785143075,0,3.31
Mon Jul 27 09:05:39 UTC 2026,1785143139,0,3.09
Mon Jul 27 09:06:02 UTC 2026,1785143162,0,3.31
Mon Jul 27 09:07:24 UTC 2026,1785143244,0,3.09
Mon Jul 27 09:07:45 UTC 2026,1785143265,0,3.04
Mon Jul 27 09:08:31 UTC 2026,1785143311,0,3.26
Mon Jul 27 09:09:53 UTC 2026,1785143393,0,3.31
Mon Jul 27 09:10:20 UTC 2026,1785143420,0,3.04
Mon Jul 27 09:11:19 UTC 2026,1785143479,0,3.23
Mon Jul 27 09:12:27 UTC 2026,1785143547,0,3.26
Mon Jul 27 09:13:30 UTC 2026,1785143610,0,3.06
Mon Jul 27 09:14:30 UTC 2026,1785143670,0,3.03
Mon Jul 27 09:15:02 UTC 2026,1785143702,0,3.26
Mon Jul 27 09:16:04 UTC 2026,1785143764,0,3.21
Mon Jul 27 09:16:18 UTC 2026,1785143778,0,3.0
Mon Jul 27 09:17:31 UTC 2026,1785143851,0,3.25
Mon Jul 27 09:18:31 UTC 2026,1785143911,0,3.07
Mon Jul 27 09:19:06 UTC 2026,1785143946,0,3.0
Mon Jul 27 09:19:20 UTC 2026,1785143960,0,3.2
Mon Jul 27 09:21:00 UTC 2026,1785144060,0,3.0
Mon Jul 27 09:21:09 UTC 2026,1785144069,0,3.29
Mon Jul 27 09:22:27 UTC 2026,1785144147,0,3.01
Mon Jul 27 09:22:31 UTC 2026,1785144151,0,3.25
Mon Jul 27 09:24:03 UTC 2026,1785144243,0,3.19
Mon Jul 27 09:25:15 UTC 2026,1785144315,0,3.0
Mon Jul 27 09:26:00 UTC 2026,1785144360,0,3.33
Mon Jul 27 09:26:04 UTC 2026,1785144364,0,3.04
Mon Jul 27 09:28:17 UTC 2026,1785144497,0,3.21
Mon Jul 27 09:28:49 UTC 2026,1785144529,0,2.96
Mon Jul 27 09:29:07 UTC 2026,1785144547,0,2.92
Mon Jul 27 09:29:12 UTC 2026,1785144552,0,3.21
Mon Jul 27 09:30:51 UTC 2026,1785144651,0,3.22
Mon Jul 27 09:31:55 UTC 2026,1785144715,0,2.97
Mon Jul 27 09:32:22 UTC 2026,1785144742,0,3.0
Mon Jul 27 09:33:30 UTC 2026,1785144810,0,3.2
Mon Jul 27 09:34:16 UTC 2026,1785144856,0,2.98
Mon Jul 27 09:35:25 UTC 2026,1785144925,0,3.22
Mon Jul 27 09:36:28 UTC 2026,1785144988,0,3.18
Mon Jul 27 09:36:38 UTC 2026,1785144998,0,2.96
Mon Jul 27 09:37:13 UTC 2026,1785145033,0,3.16
Mon Jul 27 09:38:04 UTC 2026,1785145084,0,2.94
Mon Jul 27 09:39:29 UTC 2026,1785145169,0,2.96
Mon Jul 27 09:40:01 UTC 2026,1785145201,0,3.18
Mon Jul 27 09:41:14 UTC 2026,1785145274,0,2.98
Mon Jul 27 09:41:33 UTC 2026,1785145293,0,3.18
Mon Jul 27 09:42:14 UTC 2026,1785145334,0,3.22
Mon Jul 27 09:43:25 UTC 2026,1785145405,0,2.96
Mon Jul 27 09:44:58 UTC 2026,1785145498,0,3.18
Mon Jul 27 09:45:28 UTC 2026,1785145528,0,3.2
Mon Jul 27 09:46:33 UTC 2026,1785145593,0,2.93
Mon Jul 27 09:47:08 UTC 2026,1785145628,0,2.92
Mon Jul 27 09:47:17 UTC 2026,1785145637,0,3.2
Mon Jul 27 09:49:21 UTC 2026,1785145761,0,2.9
Mon Jul 27 09:49:34 UTC 2026,1785145774,0,3.14
Mon Jul 27 09:51:37 UTC 2026,1785145897,0,3.16
Mon Jul 27 09:52:00 UTC 2026,1785145920,0,2.99
Mon Jul 27 09:52:13 UTC 2026,1785145933,0,2.96
Mon Jul 27 09:52:54 UTC 2026,1785145974,0,3.26
Mon Jul 27 09:53:48 UTC 2026,1785146028,0,3.15
Mon Jul 27 09:54:12 UTC 2026,1785146052,0,2.96
Mon Jul 27 09:55:56 UTC 2026,1785146156,0,2.93
Mon Jul 27 09:56:00 UTC 2026,1785146160,0,3.2
Mon Jul 27 09:58:16 UTC 2026,1785146296,0,3.16
Mon Jul 27 09:58:35 UTC 2026,1785146315,0,2.88
Mon Jul 27 09:58:57 UTC 2026,1785146337,0,2.76
Mon Jul 27 09:59:56 UTC 2026,1785146396,0,3.23
Mon Jul 27 10:00:24 UTC 2026,1785146424,0,2.88
Mon Jul 27 10:00:56 UTC 2026,1785146456,0,3.26
Mon Jul 27 10:02:04 UTC 2026,1785146524,0,2.98
Mon Jul 27 10:03:03 UTC 2026,1785146583,0,3.22
Mon Jul 27 10:03:58 UTC 2026,1785146638,0,3.03
Mon Jul 27 10:05:10 UTC 2026,1785146710,0,3.22
Mon Jul 27 10:06:41 UTC 2026,1785146801,0,2.96
Mon Jul 27 10:06:49 UTC 2026,1785146809,0,3.28
Mon Jul 27 10:06:54 UTC 2026,1785146814,0,3.33
Mon Jul 27 10:08:25 UTC 2026,1785146905,0,3.02
Mon Jul 27 10:09:10 UTC 2026,1785146950,0,3.01
Mon Jul 27 10:09:25 UTC 2026,1785146965,0,3.29
Mon Jul 27 10:10:57 UTC 2026,1785147057,0,3.05
Mon Jul 27 10:11:05 UTC 2026,1785147065,0,3.31
Mon Jul 27 10:12:05 UTC 2026,1785147125,0,3.28
Mon Jul 27 10:12:40 UTC 2026,1785147160,0,3.05
Mon Jul 27 10:14:15 UTC 2026,1785147255,0,3.26
Mon Jul 27 10:15:01 UTC 2026,1785147301,0,3.06
Mon Jul 27 10:15:28 UTC 2026,1785147328,0,3.03
Mon Jul 27 10:15:38 UTC 2026,1785147338,0,3.3
Mon Jul 27 10:16:50 UTC 2026,1785147410,0,3.29
Mon Jul 27 10:17:13 UTC 2026,1785147433,0,3.07
Mon Jul 27 10:18:53 UTC 2026,1785147533,0,3.05
Mon Jul 27 10:19:07 UTC 2026,1785147547,0,3.31
Mon Jul 27 10:20:38 UTC 2026,1785147638,0,3.09
Mon Jul 27 10:21:14 UTC 2026,1785147674,0,3.36
Mon Jul 27 10:22:04 UTC 2026,1785147724,0,3.01
Mon Jul 27 10:23:03 UTC 2026,1785147783,0,3.3
Mon Jul 27 10:23:35 UTC 2026,1785147815,0,3.1
Mon Jul 27 10:23:48 UTC 2026,1785147828,0,3.38
Mon Jul 27 10:25:46 UTC 2026,1785147946,0,3.15
Mon Jul 27 10:25:56 UTC 2026,1785147956,0,3.43
Mon Jul 27 10:27:00 UTC 2026,1785148020,0,3.19
Mon Jul 27 10:27:04 UTC 2026,1785148024,0,3.42
Mon Jul 27 10:28:58 UTC 2026,1785148138,0,3.38
Mon Jul 27 10:29:47 UTC 2026,1785148187,0,3.04
Mon Jul 27 10:30:00 UTC 2026,1785148200,0,3.24
Mon Jul 27 10:30:25 UTC 2026,1785148225,0,3.39
Mon Jul 27 10:32:18 UTC 2026,1785148338,0,3.46
Mon Jul 27 10:32:55 UTC 2026,1785148375,0,3.24
Mon Jul 27 10:33:36 UTC 2026,1785148416,0,3.47
Mon Jul 27 10:33:49 UTC 2026,1785148429,0,3.15
Mon Jul 27 10:35:37 UTC 2026,1785148537,0,3.23
Mon Jul 27 10:35:43 UTC 2026,1785148543,0,3.48
Mon Jul 27 10:37:22 UTC 2026,1785148642,0,3.21
Mon Jul 27 10:37:40 UTC 2026,1785148660,0,3.48
Mon Jul 27 10:38:58 UTC 2026,1785148738,0,3.28
Mon Jul 27 10:39:47 UTC 2026,1785148787,0,3.55
Mon Jul 27 10:40:28 UTC 2026,1785148828,0,3.25
Mon Jul 27 10:41:04 UTC 2026,1785148864,0,3.57
Mon Jul 27 10:42:22 UTC 2026,1785148942,0,3.62
Mon Jul 27 10:42:27 UTC 2026,1785148947,0,3.25
Mon Jul 27 10:43:30 UTC 2026,1785149010,0,3.33
Mon Jul 27 10:44:24 UTC 2026,1785149064,0,3.61
Mon Jul 27 10:45:47 UTC 2026,1785149147,0,3.62
Mon Jul 27 10:46:28 UTC 2026,1785149188,0,3.35
Mon Jul 27 10:46:55 UTC 2026,1785149215,0,3.62
Mon Jul 27 10:47:45 UTC 2026,1785149265,0,3.35
Mon Jul 27 10:48:35 UTC 2026,1785149315,0,3.61
Mon Jul 27 10:48:48 UTC 2026,1785149328,0,3.22
Mon Jul 27 10:50:21 UTC 2026,1785149421,0,3.58
Mon Jul 27 10:50:42 UTC 2026,1785149442,0,3.37
Mon Jul 27 10:51:46 UTC 2026,1785149506,0,3.39
Mon Jul 27 10:52:54 UTC 2026,1785149574,0,3.66
Mon Jul 27 10:53:36 UTC 2026,1785149616,0,3.69
Mon Jul 27 10:53:44 UTC 2026,1785149624,0,3.47
Mon Jul 27 10:54:48 UTC 2026,1785149688,0,3.44
Mon Jul 27 10:55:52 UTC 2026,1785149752,0,3.63
Mon Jul 27 10:57:45 UTC 2026,1785149865,0,3.67
Mon Jul 27 10:57:53 UTC 2026,1785149873,0,3.43
Mon Jul 27 10:58:04 UTC 2026,1785149884,0,3.45
Mon Jul 27 10:58:44 UTC 2026,1785149924,0,3.79
Mon Jul 27 11:00:02 UTC 2026,1785150002,0,3.53
Mon Jul 27 11:00:37 UTC 2026,1785150037,0,3.69
Mon Jul 27 11:02:31 UTC 2026,1785150151,0,3.46
Mon Jul 27 11:03:53 UTC 2026,1785150233,0,3.42
Mon Jul 27 11:04:29 UTC 2026,1785150269,0,3.76
Mon Jul 27 11:05:02 UTC 2026,1785150302,0,3.5
Mon Jul 27 11:05:24 UTC 2026,1785150324,0,3.73
Mon Jul 27 11:07:00 UTC 2026,1785150420,0,3.76
Mon Jul 27 11:07:18 UTC 2026,1785150438,0,3.48
Mon Jul 27 11:08:26 UTC 2026,1785150506,0,3.54
Mon Jul 27 11:09:08 UTC 2026,1785150548,0,3.74
Mon Jul 27 11:09:39 UTC 2026,1785150579,0,3.54
Mon Jul 27 11:09:43 UTC 2026,1785150583,0,3.7
Mon Jul 27 11:11:19 UTC 2026,1785150679,0,3.58
Mon Jul 27 11:12:26 UTC 2026,1785150746,0,3.79
Mon Jul 27 11:12:54 UTC 2026,1785150774,0,3.49
Mon Jul 27 11:13:08 UTC 2026,1785150788,0,3.81
Mon Jul 27 11:14:48 UTC 2026,1785150888,0,3.61
Mon Jul 27 11:15:06 UTC 2026,1785150906,0,3.78
Mon Jul 27 11:16:51 UTC 2026,1785151011,0,3.79
Mon Jul 27 11:17:41 UTC 2026,1785151061,0,3.65
Mon Jul 27 11:18:43 UTC 2026,1785151123,0,3.59
Mon Jul 27 11:19:02 UTC 2026,1785151142,0,3.81
Mon Jul 27 11:19:38 UTC 2026,1785151178,0,3.87
Mon Jul 27 11:21:05 UTC 2026,1785151265,0,3.63
Mon Jul 27 11:21:14 UTC 2026,1785151274,0,3.86
Mon Jul 27 11:22:27 UTC 2026,1785151347,0,3.61
Mon Jul 27 11:22:59 UTC 2026,1785151379,0,3.87
Mon Jul 27 11:23:34 UTC 2026,1785151414,0,3.6
Mon Jul 27 11:25:24 UTC 2026,1785151524,0,3.84
Mon Jul 27 11:26:14 UTC 2026,1785151574,0,3.86
Mon Jul 27 11:26:50 UTC 2026,1785151610,0,3.65
Mon Jul 27 11:29:11 UTC 2026,1785151751,0,3.88
Mon Jul 27 11:29:17 UTC 2026,1785151757,0,3.64
Mon Jul 27 11:29:43 UTC 2026,1785151783,0,3.51
Mon Jul 27 11:30:11 UTC 2026,1785151811,0,3.87
Mon Jul 27 11:31:50 UTC 2026,1785151910,0,3.65
Mon Jul 27 11:32:32 UTC 2026,1785151952,0,3.85
Mon Jul 27 11:33:27 UTC 2026,1785152007,0,3.87
Mon Jul 27 11:34:08 UTC 2026,1785152048,0,3.66
Mon Jul 27 11:34:25 UTC 2026,1785152065,0,3.68
Mon Jul 27 11:34:43 UTC 2026,1785152083,0,3.88
Mon Jul 27 11:36:19 UTC 2026,1785152179,0,3.87
Mon Jul 27 11:36:37 UTC 2026,1785152197,0,3.76
Mon Jul 27 11:37:45 UTC 2026,1785152265,0,3.74
Mon Jul 27 11:38:12 UTC 2026,1785152292,0,3.9
Mon Jul 27 11:39:25 UTC 2026,1785152365,0,3.75
Mon Jul 27 11:39:48 UTC 2026,1785152388,0,4.02
Mon Jul 27 11:41:10 UTC 2026,1785152470,0,3.75
Mon Jul 27 11:41:41 UTC 2026,1785152501,0,3.92
Mon Jul 27 11:42:36 UTC 2026,1785152556,0,3.77
Mon Jul 27 11:44:02 UTC 2026,1785152642,0,3.94
Mon Jul 27 11:44:39 UTC 2026,1785152679,0,3.97
Mon Jul 27 11:45:02 UTC 2026,1785152702,0,3.71
Mon Jul 27 11:46:27 UTC 2026,1785152787,0,3.73
Mon Jul 27 11:46:37 UTC 2026,1785152797,0,3.96
Mon Jul 27 11:48:35 UTC 2026,1785152915,0,3.76
Mon Jul 27 11:48:58 UTC 2026,1785152938,0,3.96
Mon Jul 27 11:50:06 UTC 2026,1785153006,0,3.65
Mon Jul 27 11:50:37 UTC 2026,1785153037,0,4.01
Mon Jul 27 11:51:51 UTC 2026,1785153111,0,3.99
Mon Jul 27 11:52:08 UTC 2026,1785153128,0,3.78
Mon Jul 27 11:52:49 UTC 2026,1785153169,0,3.79
Mon Jul 27 11:53:39 UTC 2026,1785153219,0,4.11
Mon Jul 27 11:55:19 UTC 2026,1785153319,0,3.6
Mon Jul 27 11:55:29 UTC 2026,1785153329,0,4.11
Mon Jul 27 11:56:59 UTC 2026,1785153419,0,3.78
Mon Jul 27 11:57:22 UTC 2026,1785153442,0,4.0
Mon Jul 27 11:57:58 UTC 2026,1785153478,0,3.82
Mon Jul 27 11:58:16 UTC 2026,1785153496,0,4.07
Mon Jul 27 11:59:20 UTC 2026,1785153560,0,3.73
Mon Jul 27 12:00:28 UTC 2026,1785153628,0,4.12
Mon Jul 27 12:00:55 UTC 2026,1785153655,0,3.79
Mon Jul 27 12:01:45 UTC 2026,1785153705,0,4.08
Mon Jul 27 12:02:59 UTC 2026,1785153779,0,4.09
Mon Jul 27 12:03:35 UTC 2026,1785153815,0,3.8
Mon Jul 27 12:04:20 UTC 2026,1785153860,0,4.11
Mon Jul 27 12:05:37 UTC 2026,1785153937,0,3.76
Mon Jul 27 12:06:36 UTC 2026,1785153996,0,3.88
Mon Jul 27 12:06:51 UTC 2026,1785154011,0,4.15
Mon Jul 27 12:08:26 UTC 2026,1785154106,0,4.07
Mon Jul 27 12:08:43 UTC 2026,1785154123,0,3.73
Mon Jul 27 12:09:24 UTC 2026,1785154164,0,4.13
Mon Jul 27 12:10:15 UTC 2026,1785154215,0,3.78
Mon Jul 27 12:11:41 UTC 2026,1785154301,0,4.06
Mon Jul 27 12:11:55 UTC 2026,1785154315,0,3.87
Mon Jul 27 12:12:40 UTC 2026,1785154360,0,3.8
Mon Jul 27 12:12:57 UTC 2026,1785154377,0,4.07
Mon Jul 27 12:14:56 UTC 2026,1785154496,0,3.81
Mon Jul 27 12:15:11 UTC 2026,1785154511,0,4.07
Mon Jul 27 12:15:37 UTC 2026,1785154537,0,3.83
Mon Jul 27 12:16:59 UTC 2026,1785154619,0,4.06
Mon Jul 27 12:17:54 UTC 2026,1785154674,0,4.03
Mon Jul 27 12:18:44 UTC 2026,1785154724,0,3.88
Mon Jul 27 12:19:52 UTC 2026,1785154792,0,4.17
Mon Jul 27 12:20:10 UTC 2026,1785154810,0,3.86
Mon Jul 27 12:21:27 UTC 2026,1785154887,0,3.9
Mon Jul 27 12:22:04 UTC 2026,1785154924,0,4.09
Mon Jul 27 12:22:40 UTC 2026,1785154960,0,3.87
Mon Jul 27 12:23:31 UTC 2026,1785155011,0,4.08
Mon Jul 27 12:25:14 UTC 2026,1785155114,0,4.12
Mon Jul 27 12:25:23 UTC 2026,1785155123,0,3.89
Mon Jul 27 12:25:37 UTC 2026,1785155137,0,4.05
Mon Jul 27 12:27:08 UTC 2026,1785155228,0,3.87
Mon Jul 27 12:28:26 UTC 2026,1785155306,0,3.8
Mon Jul 27 12:28:39 UTC 2026,1785155319,0,4.07
Mon Jul 27 12:28:48 UTC 2026,1785155328,0,4.12
Mon Jul 27 12:30:19 UTC 2026,1785155419,0,3.83
Mon Jul 27 12:31:10 UTC 2026,1785155470,0,4.16
Mon Jul 27 12:31:27 UTC 2026,1785155487,0,3.88
Mon Jul 27 12:32:12 UTC 2026,1785155532,0,4.13
Mon Jul 27 12:33:39 UTC 2026,1785155619,0,3.91
Mon Jul 27 12:34:47 UTC 2026,1785155687,0,4.16
Mon Jul 27 12:35:10 UTC 2026,1785155710,0,3.83
Mon Jul 27 12:36:22 UTC 2026,1785155782,0,4.18
Mon Jul 27 12:36:35 UTC 2026,1785155795,0,3.87
Mon Jul 27 12:37:31 UTC 2026,1785155851,0,4.09
Mon Jul 27 12:37:58 UTC 2026,1785155878,0,3.85
Mon Jul 27 12:38:53 UTC 2026,1785155933,0,4.13
Mon Jul 27 12:40:05 UTC 2026,1785156005,0,3.81
Mon Jul 27 12:40:28 UTC 2026,1785156028,0,4.1
Mon Jul 27 12:40:41 UTC 2026,1785156041,0,3.86
Mon Jul 27 12:42:22 UTC 2026,1785156142,0,4.11
Mon Jul 27 12:43:25 UTC 2026,1785156205,0,3.82
Mon Jul 27 12:43:40 UTC 2026,1785156220,0,4.22
Mon Jul 27 12:44:20 UTC 2026,1785156260,0,3.68
Mon Jul 27 12:45:47 UTC 2026,1785156347,0,4.25
Mon Jul 27 12:46:46 UTC 2026,1785156406,0,3.84
Mon Jul 27 12:47:36 UTC 2026,1785156456,0,3.82
Mon Jul 27 12:48:31 UTC 2026,1785156511,0,4.15
Mon Jul 27 12:49:06 UTC 2026,1785156546,0,4.14
Mon Jul 27 12:50:06 UTC 2026,1785156606,0,3.9
Mon Jul 27 12:50:28 UTC 2026,1785156628,0,3.79
Mon Jul 27 12:51:23 UTC 2026,1785156683,0,4.09
Mon Jul 27 12:52:18 UTC 2026,1785156738,0,3.84
Mon Jul 27 12:53:02 UTC 2026,1785156782,0,4.14
Mon Jul 27 12:53:48 UTC 2026,1785156828,0,3.81
Mon Jul 27 12:54:07 UTC 2026,1785156847,0,4.07
Mon Jul 27 12:55:37 UTC 2026,1785156937,0,3.76
Mon Jul 27 12:56:23 UTC 2026,1785156983,0,4.09
Mon Jul 27 12:56:55 UTC 2026,1785157015,0,3.84
Mon Jul 27 12:58:07 UTC 2026,1785157087,0,4.03
Mon Jul 27 12:59:02 UTC 2026,1785157142,0,3.76
Mon Jul 27 12:59:29 UTC 2026,1785157169,0,4.19
Mon Jul 27 13:00:10 UTC 2026,1785157210,0,3.82
Mon Jul 27 13:00:24 UTC 2026,1785157224,0,4.1
Mon Jul 27 13:03:02 UTC 2026,1785157382,0,3.78
Mon Jul 27 13:03:16 UTC 2026,1785157396,0,4.09
Mon Jul 27 13:03:49 UTC 2026,1785157429,0,4.05
Mon Jul 27 13:04:15 UTC 2026,1785157455,0,3.83
Mon Jul 27 13:05:10 UTC 2026,1785157510,0,4.05
Mon Jul 27 13:06:37 UTC 2026,1785157597,0,3.82
Mon Jul 27 13:07:04 UTC 2026,1785157624,0,3.8
Mon Jul 27 13:07:18 UTC 2026,1785157638,0,4.05
Mon Jul 27 13:09:26 UTC 2026,1785157766,0,3.54
Mon Jul 27 13:09:52 UTC 2026,1785157792,0,4.05
Mon Jul 27 13:10:20 UTC 2026,1785157820,0,3.64
Mon Jul 27 13:10:55 UTC 2026,1785157855,0,4.13
Mon Jul 27 13:12:22 UTC 2026,1785157942,0,3.62
Mon Jul 27 13:12:32 UTC 2026,1785157952,0,4.04
Mon Jul 27 13:13:26 UTC 2026,1785158006,0,3.69
Mon Jul 27 13:13:53 UTC 2026,1785158033,0,4.1
Mon Jul 27 13:15:28 UTC 2026,1785158128,0,3.83
Mon Jul 27 13:16:24 UTC 2026,1785158184,0,4.0
Mon Jul 27 13:17:39 UTC 2026,1785158259,0,3.8
Mon Jul 27 13:18:07 UTC 2026,1785158287,0,4.16
Mon Jul 27 13:19:24 UTC 2026,1785158364,0,3.69
Mon Jul 27 13:19:56 UTC 2026,1785158396,0,4.06
Mon Jul 27 13:20:42 UTC 2026,1785158442,0,3.67
Mon Jul 27 13:21:00 UTC 2026,1785158460,0,4.11
Mon Jul 27 13:21:45 UTC 2026,1785158505,0,4.24
Mon Jul 27 13:21:55 UTC 2026,1785158515,0,3.78
Mon Jul 27 13:23:17 UTC 2026,1785158597,0,3.67
Mon Jul 27 13:23:43 UTC 2026,1785158623,0,4.29
Mon Jul 27 13:25:10 UTC 2026,1785158710,0,4.04
Mon Jul 27 13:25:37 UTC 2026,1785158737,0,3.7
Mon Jul 27 13:27:48 UTC 2026,1785158868,0,4.06
Mon Jul 27 13:28:02 UTC 2026,1785158882,0,3.71
Mon Jul 27 13:29:28 UTC 2026,1785158968,0,4.13
Mon Jul 27 13:29:42 UTC 2026,1785158982,0,3.67
Mon Jul 27 13:29:51 UTC 2026,1785158991,0,3.54
Mon Jul 27 13:30:45 UTC 2026,1785159045,0,3.96
Mon Jul 27 13:32:40 UTC 2026,1785159160,0,3.91
Mon Jul 27 13:33:07 UTC 2026,1785159187,0,3.66
Mon Jul 27 13:33:11 UTC 2026,1785159191,0,3.7
Mon Jul 27 13:34:19 UTC 2026,1785159259,0,3.97
Mon Jul 27 13:35:06 UTC 2026,1785159306,0,3.72
Mon Jul 27 13:36:26 UTC 2026,1785159386,0,4.1
Mon Jul 27 13:36:40 UTC 2026,1785159400,0,3.69
Mon Jul 27 13:37:48 UTC 2026,1785159468,0,4.06
Mon Jul 27 13:38:35 UTC 2026,1785159515,0,3.72
Mon Jul 27 13:38:52 UTC 2026,1785159532,0,4.03
Mon Jul 27 13:39:47 UTC 2026,1785159587,0,3.98
Mon Jul 27 13:40:19 UTC 2026,1785159619,0,3.69
Mon Jul 27 13:42:21 UTC 2026,1785159741,0,3.93
Mon Jul 27 13:42:49 UTC 2026,1785159769,0,3.65
Mon Jul 27 13:44:01 UTC 2026,1785159841,0,3.61
Mon Jul 27 13:44:25 UTC 2026,1785159865,0,3.9
Mon Jul 27 13:45:10 UTC 2026,1785159910,0,3.82
Mon Jul 27 13:45:37 UTC 2026,1785159937,0,3.52
Mon Jul 27 13:46:45 UTC 2026,1785160005,0,3.62
Mon Jul 27 13:47:49 UTC 2026,1785160069,0,3.85
Mon Jul 27 13:48:30 UTC 2026,1785160110,0,3.93
Mon Jul 27 13:49:16 UTC 2026,1785160156,0,3.69
Mon Jul 27 13:49:51 UTC 2026,1785160191,0,3.92
Mon Jul 27 13:50:50 UTC 2026,1785160250,0,3.72
Mon Jul 27 13:51:31 UTC 2026,1785160291,0,3.92
Mon Jul 27 13:52:08 UTC 2026,1785160328,0,3.64
Mon Jul 27 13:53:57 UTC 2026,1785160437,0,3.67
Mon Jul 27 13:54:06 UTC 2026,1785160446,0,3.91
Mon Jul 27 13:54:38 UTC 2026,1785160478,0,3.62
Mon Jul 27 13:55:46 UTC 2026,1785160546,0,3.91
Mon Jul 27 13:57:26 UTC 2026,1785160646,0,3.59
Mon Jul 27 13:57:49 UTC 2026,1785160669,0,3.86
Mon Jul 27 13:59:19 UTC 2026,1785160759,0,3.59
Mon Jul 27 13:59:23 UTC 2026,1785160763,0,3.86
Mon Jul 27 13:59:38 UTC 2026,1785160778,0,3.52
Mon Jul 27 13:59:56 UTC 2026,1785160796,0,3.83
Mon Jul 27 14:01:17 UTC 2026,1785160877,0,3.91
Mon Jul 27 14:01:22 UTC 2026,1785160882,0,3.59
Mon Jul 27 14:03:25 UTC 2026,1785161005,0,3.83
Mon Jul 27 14:04:20 UTC 2026,1785161060,0,3.57
Mon Jul 27 14:04:51 UTC 2026,1785161091,0,3.78
Mon Jul 27 14:05:22 UTC 2026,1785161122,0,3.51
Mon Jul 27 14:06:22 UTC 2026,1785161182,0,3.9
Mon Jul 27 14:07:22 UTC 2026,1785161242,0,3.48
Mon Jul 27 14:07:49 UTC 2026,1785161269,0,3.53
Mon Jul 27 14:09:15 UTC 2026,1785161355,0,3.84
Mon Jul 27 14:09:28 UTC 2026,1785161368,0,3.79
Mon Jul 27 14:10:59 UTC 2026,1785161459,0,3.53
Mon Jul 27 14:11:08 UTC 2026,1785161468,0,3.48
Mon Jul 27 14:11:27 UTC 2026,1785161487,0,3.71
Mon Jul 27 14:13:21 UTC 2026,1785161601,0,3.57
Mon Jul 27 14:14:02 UTC 2026,1785161642,0,3.86
Mon Jul 27 14:14:52 UTC 2026,1785161692,0,3.74
Mon Jul 27 14:15:32 UTC 2026,1785161732,0,3.58
Mon Jul 27 14:16:03 UTC 2026,1785161763,0,3.72
Mon Jul 27 14:17:35 UTC 2026,1785161855,0,3.48
Mon Jul 27 14:17:52 UTC 2026,1785161872,0,3.45
Mon Jul 27 14:18:11 UTC 2026,1785161891,0,3.66
Mon Jul 27 14:20:09 UTC 2026,1785162009,0,3.62
Mon Jul 27 14:20:23 UTC 2026,1785162023,0,3.4
Mon Jul 27 14:21:04 UTC 2026,1785162064,0,3.63
Mon Jul 27 14:21:49 UTC 2026,1785162109,0,3.47
Mon Jul 27 14:23:02 UTC 2026,1785162182,0,3.62
Mon Jul 27 14:24:10 UTC 2026,1785162250,0,3.44
Mon Jul 27 14:25:10 UTC 2026,1785162310,0,3.57
Mon Jul 27 14:25:40 UTC 2026,1785162340,0,3.38
Mon Jul 27 14:27:07 UTC 2026,1785162427,0,3.42
Mon Jul 27 14:27:11 UTC 2026,1785162431,0,3.55
Mon Jul 27 14:28:43 UTC 2026,1785162523,0,3.54
Mon Jul 27 14:29:05 UTC 2026,1785162545,0,3.33
Mon Jul 27 14:29:28 UTC 2026,1785162568,0,3.53
Mon Jul 27 14:30:32 UTC 2026,1785162632,0,3.19
Mon Jul 27 14:31:00 UTC 2026,1785162660,0,3.54
Mon Jul 27 14:31:27 UTC 2026,1785162687,0,3.31
Mon Jul 27 14:32:53 UTC 2026,1785162773,0,3.49
Mon Jul 27 14:32:57 UTC 2026,1785162777,0,3.27
Mon Jul 27 14:34:16 UTC 2026,1785162856,0,3.5
Mon Jul 27 14:34:47 UTC 2026,1785162887,0,3.23
Mon Jul 27 14:36:26 UTC 2026,1785162986,0,3.15
Mon Jul 27 14:36:45 UTC 2026,1785163005,0,3.44
Mon Jul 27 14:37:31 UTC 2026,1785163051,0,3.39
Mon Jul 27 14:38:16 UTC 2026,1785163096,0,3.23
Mon Jul 27 14:39:20 UTC 2026,1785163160,0,3.41
Mon Jul 27 14:39:51 UTC 2026,1785163191,0,3.18
Mon Jul 27 14:41:55 UTC 2026,1785163315,0,3.37
Mon Jul 27 14:42:12 UTC 2026,1785163332,0,3.15
Mon Jul 27 14:42:30 UTC 2026,1785163350,0,3.45
Mon Jul 27 14:43:38 UTC 2026,1785163418,0,3.16
Mon Jul 27 14:44:06 UTC 2026,1785163446,0,3.39
Mon Jul 27 14:44:28 UTC 2026,1785163468,0,3.1
Mon Jul 27 14:46:31 UTC 2026,1785163591,0,3.36
Mon Jul 27 14:47:03 UTC 2026,1785163623,0,3.03
Mon Jul 27 14:47:44 UTC 2026,1785163664,0,3.45
Mon Jul 27 14:48:42 UTC 2026,1785163722,0,2.8
Mon Jul 27 14:49:07 UTC 2026,1785163747,0,3.48
Mon Jul 27 14:50:41 UTC 2026,1785163841,0,2.78
Mon Jul 27 14:50:49 UTC 2026,1785163849,0,2.94
Mon Jul 27 14:51:49 UTC 2026,1785163909,0,3.29
Mon Jul 27 14:53:07 UTC 2026,1785163987,0,3.23
Mon Jul 27 14:53:29 UTC 2026,1785164009,0,2.9
Mon Jul 27 14:54:14 UTC 2026,1785164054,0,2.89
Mon Jul 27 14:55:09 UTC 2026,1785164109,0,3.25
Mon Jul 27 14:55:40 UTC 2026,1785164140,0,3.36
Mon Jul 27 14:55:54 UTC 2026,1785164154,0,2.88
Mon Jul 27 14:58:43 UTC 2026,1785164323,0,3.34
Mon Jul 27 14:58:52 UTC 2026,1785164332,0,2.91
Mon Jul 27 14:59:32 UTC 2026,1785164372,0,3.27
Mon Jul 27 15:00:04 UTC 2026,1785164404,0,2.89
Mon Jul 27 15:00:59 UTC 2026,1785164459,0,3.19
Mon Jul 27 15:01:44 UTC 2026,1785164504,0,2.92
Mon Jul 27 15:03:02 UTC 2026,1785164582,0,3.24
Mon Jul 27 15:03:33 UTC 2026,1785164613,0,2.81
Mon Jul 27 15:04:06 UTC 2026,1785164646,0,2.71
Mon Jul 27 15:04:14 UTC 2026,1785164654,0,3.15
Mon Jul 27 15:06:18 UTC 2026,1785164778,0,3.21
Mon Jul 27 15:06:44 UTC 2026,1785164804,0,2.82
Mon Jul 27 15:07:29 UTC 2026,1785164849,0,2.78
Mon Jul 27 15:08:16 UTC 2026,1785164896,0,3.08
Mon Jul 27 15:09:06 UTC 2026,1785164946,0,2.57
Mon Jul 27 15:10:09 UTC 2026,1785165009,0,3.17
Mon Jul 27 15:11:12 UTC 2026,1785165072,0,2.84
Mon Jul 27 15:12:02 UTC 2026,1785165122,0,3.28
Mon Jul 27 15:12:21 UTC 2026,1785165141,0,3.2
Mon Jul 27 15:12:48 UTC 2026,1785165168,0,2.72
Mon Jul 27 15:13:52 UTC 2026,1785165232,0,2.35
Mon Jul 27 15:15:00 UTC 2026,1785165300,0,3.07
Mon Jul 27 15:15:55 UTC 2026,1785165355,0,2.57
Mon Jul 27 15:15:59 UTC 2026,1785165359,0,3.09
Mon Jul 27 15:17:07 UTC 2026,1785165427,0,3.03
Mon Jul 27 15:18:06 UTC 2026,1785165486,0,2.44
Mon Jul 27 15:18:51 UTC 2026,1785165531,0,2.54
Mon Jul 27 15:19:41 UTC 2026,1785165581,0,2.93
Mon Jul 27 15:21:35 UTC 2026,1785165695,0,2.95
Mon Jul 27 15:21:58 UTC 2026,1785165718,0,2.67
Mon Jul 27 15:22:38 UTC 2026,1785165758,0,2.66
Mon Jul 27 15:23:23 UTC 2026,1785165803,0,3.05
Mon Jul 27 15:23:56 UTC 2026,1785165836,0,3.03
Mon Jul 27 15:24:37 UTC 2026,1785165877,0,2.67
Mon Jul 27 15:26:07 UTC 2026,1785165967,0,2.96
Mon Jul 27 15:26:43 UTC 2026,1785166003,0,2.64
Mon Jul 27 15:27:16 UTC 2026,1785166036,0,3.02
Mon Jul 27 15:28:15 UTC 2026,1785166095,0,2.42
Mon Jul 27 15:29:00 UTC 2026,1785166140,0,2.48
Mon Jul 27 15:29:14 UTC 2026,1785166154,0,2.86
Mon Jul 27 15:30:45 UTC 2026,1785166245,0,2.53
Mon Jul 27 15:31:52 UTC 2026,1785166312,0,2.89
Mon Jul 27 15:33:00 UTC 2026,1785166380,0,2.58
Mon Jul 27 15:34:05 UTC 2026,1785166445,0,2.97
Mon Jul 27 15:34:09 UTC 2026,1785166449,0,2.38
Mon Jul 27 15:35:16 UTC 2026,1785166516,0,2.88
Mon Jul 27 15:36:12 UTC 2026,1785166572,0,2.59
Mon Jul 27 15:37:30 UTC 2026,1785166650,0,2.94
Mon Jul 27 15:38:04 UTC 2026,1785166684,0,2.4
Mon Jul 27 15:39:23 UTC 2026,1785166763,0,2.53
Mon Jul 27 15:39:27 UTC 2026,1785166767,0,2.88
Mon Jul 27 15:41:16 UTC 2026,1785166876,0,2.53
Mon Jul 27 15:41:34 UTC 2026,1785166894,0,2.91
Mon Jul 27 15:42:33 UTC 2026,1785166953,0,2.83
Mon Jul 27 15:42:47 UTC 2026,1785166967,0,2.57
Mon Jul 27 15:43:37 UTC 2026,1785167017,0,2.43
Mon Jul 27 15:43:51 UTC 2026,1785167031,0,2.87
Mon Jul 27 15:45:13 UTC 2026,1785167113,0,2.8
Mon Jul 27 15:46:24 UTC 2026,1785167184,0,2.55
Mon Jul 27 15:46:52 UTC 2026,1785167212,0,2.93
Mon Jul 27 15:48:14 UTC 2026,1785167294,0,2.53
Mon Jul 27 15:48:42 UTC 2026,1785167322,0,2.49
Mon Jul 27 15:48:51 UTC 2026,1785167331,0,2.77
Mon Jul 27 15:51:31 UTC 2026,1785167491,0,2.46
Mon Jul 27 15:52:34 UTC 2026,1785167554,0,2.43
Mon Jul 27 15:53:14 UTC 2026,1785167594,0,2.74
Mon Jul 27 15:53:37 UTC 2026,1785167617,0,2.45
Mon Jul 27 15:53:55 UTC 2026,1785167635,0,2.75
Mon Jul 27 15:55:58 UTC 2026,1785167758,0,2.7
Mon Jul 27 15:56:30 UTC 2026,1785167790,0,2.39
Mon Jul 27 15:58:05 UTC 2026,1785167885,0,2.71
Mon Jul 27 15:58:13 UTC 2026,1785167893,0,2.43
Mon Jul 27 15:59:09 UTC 2026,1785167949,0,2.38
Mon Jul 27 15:59:40 UTC 2026,1785167980,0,2.65
Mon Jul 27 16:00:21 UTC 2026,1785168021,0,2.38
Mon Jul 27 16:01:38 UTC 2026,1785168098,0,2.82
Mon Jul 27 16:02:06 UTC 2026,1785168126,0,2.29
Mon Jul 27 16:02:42 UTC 2026,1785168162,0,2.84
Mon Jul 27 16:03:19 UTC 2026,1785168199,0,2.79
Mon Jul 27 16:04:54 UTC 2026,1785168294,0,2.51
Mon Jul 27 16:05:17 UTC 2026,1785168317,0,2.83
Mon Jul 27 16:05:22 UTC 2026,1785168322,0,2.38
Mon Jul 27 16:07:19 UTC 2026,1785168439,0,2.73
Mon Jul 27 16:08:00 UTC 2026,1785168480,0,2.5
Mon Jul 27 16:08:27 UTC 2026,1785168507,0,2.42
Mon Jul 27 16:09:32 UTC 2026,1785168572,0,2.76
Mon Jul 27 16:10:27 UTC 2026,1785168627,0,2.38
Mon Jul 27 16:10:31 UTC 2026,1785168631,0,2.83
Mon Jul 27 16:12:10 UTC 2026,1785168730,0,2.31
Mon Jul 27 16:12:20 UTC 2026,1785168740,0,2.65
Mon Jul 27 16:13:27 UTC 2026,1785168807,0,2.67
Mon Jul 27 16:13:42 UTC 2026,1785168822,0,2.31
Mon Jul 27 16:15:31 UTC 2026,1785168931,0,2.42
Mon Jul 27 16:15:35 UTC 2026,1785168935,0,2.67
Mon Jul 27 16:16:39 UTC 2026,1785168999,0,2.38
Mon Jul 27 16:17:33 UTC 2026,1785169053,0,2.68
Mon Jul 27 16:19:19 UTC 2026,1785169159,0,2.38
Mon Jul 27 16:19:32 UTC 2026,1785169172,0,2.69
Mon Jul 27 16:20:30 UTC 2026,1785169230,0,2.38
Mon Jul 27 16:21:11 UTC 2026,1785169271,0,2.74
Mon Jul 27 16:22:07 UTC 2026,1785169327,0,2.72
Mon Jul 27 16:22:16 UTC 2026,1785169336,0,2.41
Mon Jul 27 16:24:14 UTC 2026,1785169454,0,2.76
Mon Jul 27 16:24:40 UTC 2026,1785169480,0,2.37
Mon Jul 27 16:24:59 UTC 2026,1785169499,0,2.85
Mon Jul 27 16:26:17 UTC 2026,1785169577,0,2.25
Mon Jul 27 16:26:44 UTC 2026,1785169604,0,2.71
Mon Jul 27 16:27:15 UTC 2026,1785169635,0,2.41
Mon Jul 27 16:28:15 UTC 2026,1785169695,0,2.75
Mon Jul 27 16:29:00 UTC 2026,1785169740,0,2.1
Mon Jul 27 16:30:04 UTC 2026,1785169804,0,2.69
Mon Jul 27 16:31:17 UTC 2026,1785169877,0,2.2
Mon Jul 27 16:31:44 UTC 2026,1785169904,0,2.16
Mon Jul 27 16:32:02 UTC 2026,1785169922,0,2.76
Mon Jul 27 16:34:23 UTC 2026,1785170063,0,2.84
Mon Jul 27 16:34:37 UTC 2026,1785170077,0,2.23
Mon Jul 27 16:34:50 UTC 2026,1785170090,0,2.24
Mon Jul 27 16:35:18 UTC 2026,1785170118,0,2.88
Mon Jul 27 16:36:21 UTC 2026,1785170181,0,2.67
Mon Jul 27 16:36:29 UTC 2026,1785170189,0,2.37
Mon Jul 27 16:38:24 UTC 2026,1785170304,0,2.35
Mon Jul 27 16:39:13 UTC 2026,1785170353,0,2.66
Mon Jul 27 16:39:37 UTC 2026,1785170377,0,2.39
Mon Jul 27 16:40:26 UTC 2026,1785170426,0,2.63
Mon Jul 27 16:41:17 UTC 2026,1785170477,0,2.69
Mon Jul 27 16:42:39 UTC 2026,1785170559,0,2.39
Mon Jul 27 16:43:34 UTC 2026,1785170614,0,2.36
Mon Jul 27 16:44:09 UTC 2026,1785170649,0,2.67
Mon Jul 27 16:44:45 UTC 2026,1785170685,0,2.43
Mon Jul 27 16:45:01 UTC 2026,1785170701,0,2.64
Mon Jul 27 16:46:57 UTC 2026,1785170817,0,2.6
Mon Jul 27 16:47:24 UTC 2026,1785170844,0,2.42
Mon Jul 27 16:47:57 UTC 2026,1785170877,0,2.64
Mon Jul 27 16:48:18 UTC 2026,1785170898,0,2.42
Mon Jul 27 16:50:32 UTC 2026,1785171032,0,2.36
Mon Jul 27 16:50:49 UTC 2026,1785171049,0,2.56
Mon Jul 27 16:52:20 UTC 2026,1785171140,0,2.63
Mon Jul 27 16:52:43 UTC 2026,1785171163,0,2.43
Mon Jul 27 16:53:06 UTC 2026,1785171186,0,2.61
Mon Jul 27 16:53:24 UTC 2026,1785171204,0,2.37
Mon Jul 27 16:54:27 UTC 2026,1785171267,0,2.42
Mon Jul 27 16:54:50 UTC 2026,1785171290,0,2.67
Mon Jul 27 16:56:11 UTC 2026,1785171371,0,2.37
Mon Jul 27 16:56:24 UTC 2026,1785171384,0,2.67
Mon Jul 27 16:58:11 UTC 2026,1785171491,0,2.59
Mon Jul 27 16:58:55 UTC 2026,1785171535,0,2.39
Mon Jul 27 16:59:36 UTC 2026,1785171576,0,2.28
Mon Jul 27 16:59:58 UTC 2026,1785171598,0,2.61
Mon Jul 27 17:01:03 UTC 2026,1785171663,0,2.55
Mon Jul 27 17:02:20 UTC 2026,1785171740,0,2.36
Mon Jul 27 17:02:47 UTC 2026,1785171767,0,2.49
Mon Jul 27 17:03:59 UTC 2026,1785171839,0,2.39
Mon Jul 27 17:04:28 UTC 2026,1785171868,0,2.34
Mon Jul 27 17:04:32 UTC 2026,1785171872,0,2.54
Mon Jul 27 17:06:38 UTC 2026,1785171998,0,2.5
Mon Jul 27 17:07:05 UTC 2026,1785172025,0,2.32
Mon Jul 27 17:08:59 UTC 2026,1785172139,0,2.46
Mon Jul 27 17:09:59 UTC 2026,1785172199,0,2.18
Mon Jul 27 17:10:03 UTC 2026,1785172203,0,2.44
Mon Jul 27 17:11:06 UTC 2026,1785172266,0,2.22
Mon Jul 27 17:12:07 UTC 2026,1785172327,0,2.45
Mon Jul 27 17:13:50 UTC 2026,1785172430,0,2.42
Mon Jul 27 17:14:03 UTC 2026,1785172443,0,2.17
Mon Jul 27 17:15:16 UTC 2026,1785172516,0,2.22
Mon Jul 27 17:15:35 UTC 2026,1785172535,0,2.43
Mon Jul 27 17:16:07 UTC 2026,1785172567,0,2.24
Mon Jul 27 17:16:52 UTC 2026,1785172612,0,2.54
Mon Jul 27 17:17:46 UTC 2026,1785172666,0,2.44
Mon Jul 27 17:18:23 UTC 2026,1785172703,0,2.29
Mon Jul 27 17:19:46 UTC 2026,1785172786,0,2.21
Mon Jul 27 17:19:59 UTC 2026,1785172799,0,2.38
Mon Jul 27 17:21:52 UTC 2026,1785172912,0,2.4
Mon Jul 27 17:22:01 UTC 2026,1785172921,0,2.24
Mon Jul 27 17:23:04 UTC 2026,1785172984,0,2.2
Mon Jul 27 17:23:42 UTC 2026,1785173022,0,2.34
Mon Jul 27 17:24:36 UTC 2026,1785173076,0,2.31
Mon Jul 27 17:25:26 UTC 2026,1785173126,0,2.14
Mon Jul 27 17:26:20 UTC 2026,1785173180,0,2.16
Mon Jul 27 17:27:01 UTC 2026,1785173221,0,2.34
Mon Jul 27 17:27:33 UTC 2026,1785173253,0,2.31
Mon Jul 27 17:29:04 UTC 2026,1785173344,0,1.95
Mon Jul 27 17:30:17 UTC 2026,1785173417,0,2.34
Mon Jul 27 17:30:43 UTC 2026,1785173443,0,2.05
Mon Jul 27 17:31:25 UTC 2026,1785173485,0,2.35
Mon Jul 27 17:32:20 UTC 2026,1785173540,0,1.96
Mon Jul 27 17:32:37 UTC 2026,1785173557,0,2.35
Mon Jul 27 17:33:41 UTC 2026,1785173621,0,2.05
Mon Jul 27 17:34:18 UTC 2026,1785173658,0,2.14
Mon Jul 27 17:35:12 UTC 2026,1785173712,0,2.28
Mon Jul 27 17:36:52 UTC 2026,1785173812,0,2.07
Mon Jul 27 17:38:45 UTC 2026,1785173925,0,2.37
Mon Jul 27 17:38:54 UTC 2026,1785173934,0,2.06
Mon Jul 27 17:40:29 UTC 2026,1785174029,0,2.31
Mon Jul 27 17:40:35 UTC 2026,1785174035,0,2.01
Mon Jul 27 17:40:44 UTC 2026,1785174044,0,2.33
Mon Jul 27 17:40:49 UTC 2026,1785174049,0,2.11
Mon Jul 27 17:42:32 UTC 2026,1785174152,0,2.12
Mon Jul 27 17:43:32 UTC 2026,1785174212,0,2.35
Mon Jul 27 17:44:54 UTC 2026,1785174294,0,2.13
Mon Jul 27 17:45:16 UTC 2026,1785174316,0,2.46
Mon Jul 27 17:46:28 UTC 2026,1785174388,0,2.13
Mon Jul 27 17:46:47 UTC 2026,1785174407,0,2.44
Mon Jul 27 17:47:19 UTC 2026,1785174439,0,2.31
Mon Jul 27 17:48:36 UTC 2026,1785174516,0,2.15
Mon Jul 27 17:49:12 UTC 2026,1785174552,0,2.32
Mon Jul 27 17:50:39 UTC 2026,1785174639,0,2.17
Mon Jul 27 17:52:05 UTC 2026,1785174725,0,2.34
Mon Jul 27 17:52:32 UTC 2026,1785174752,0,2.16
Mon Jul 27 17:53:05 UTC 2026,1785174785,0,2.31
Mon Jul 27 17:54:08 UTC 2026,1785174848,0,2.14
Mon Jul 27 17:54:59 UTC 2026,1785174899,0,2.33
Mon Jul 27 17:55:54 UTC 2026,1785174954,0,2.15
Mon Jul 27 17:56:34 UTC 2026,1785174994,0,2.35
Mon Jul 27 17:57:23 UTC 2026,1785175043,0,2.13
Mon Jul 27 17:58:32 UTC 2026,1785175112,0,2.31
Mon Jul 27 17:59:23 UTC 2026,1785175163,0,2.05
Mon Jul 27 17:59:40 UTC 2026,1785175180,0,2.33
Mon Jul 27 18:00:44 UTC 2026,1785175244,0,2.29
Mon Jul 27 18:01:56 UTC 2026,1785175316,0,2.1
Mon Jul 27 18:02:38 UTC 2026,1785175358,0,2.3
Mon Jul 27 18:03:37 UTC 2026,1785175417,0,2.12
Mon Jul 27 18:03:59 UTC 2026,1785175439,0,2.35
Mon Jul 27 18:04:35 UTC 2026,1785175475,0,2.07
Mon Jul 27 18:05:25 UTC 2026,1785175525,0,2.09
Mon Jul 27 18:06:34 UTC 2026,1785175594,0,2.23
Mon Jul 27 18:07:28 UTC 2026,1785175648,0,2.18
Mon Jul 27 18:07:37 UTC 2026,1785175657,0,2.01
Mon Jul 27 18:09:04 UTC 2026,1785175744,0,2.19
Mon Jul 27 18:09:35 UTC 2026,1785175775,0,1.99
Mon Jul 27 18:11:25 UTC 2026,1785175885,0,2.13
Mon Jul 27 18:11:57 UTC 2026,1785175917,0,2.0
Mon Jul 27 18:12:06 UTC 2026,1785175926,0,2.02
Mon Jul 27 18:13:31 UTC 2026,1785176011,0,2.17
Mon Jul 27 18:14:00 UTC 2026,1785176040,0,1.98
Mon Jul 27 18:14:21 UTC 2026,1785176061,0,2.16
Mon Jul 27 18:15:26 UTC 2026,1785176126,0,1.98
Mon Jul 27 18:16:29 UTC 2026,1785176189,0,2.19
Mon Jul 27 18:17:18 UTC 2026,1785176238,0,2.17
Mon Jul 27 18:18:14 UTC 2026,1785176294,0,1.99
Mon Jul 27 18:18:37 UTC 2026,1785176317,0,2.23
Mon Jul 27 18:19:36 UTC 2026,1785176376,0,2.02
Mon Jul 27 18:20:43 UTC 2026,1785176443,0,1.97
Mon Jul 27 18:21:24 UTC 2026,1785176484,0,2.22
Mon Jul 27 18:22:41 UTC 2026,1785176561,0,2.24
Mon Jul 27 18:23:22 UTC 2026,1785176602,0,2.0
Mon Jul 27 18:23:55 UTC 2026,1785176635,0,2.04
Mon Jul 27 18:24:16 UTC 2026,1785176656,0,2.17
Mon Jul 27 18:25:39 UTC 2026,1785176739,0,2.2
Mon Jul 27 18:26:38 UTC 2026,1785176798,0,2.03
Mon Jul 27 18:26:56 UTC 2026,1785176816,0,2.07
Mon Jul 27 18:27:24 UTC 2026,1785176844,0,2.25
Mon Jul 27 18:29:03 UTC 2026,1785176943,0,2.29
Mon Jul 27 18:29:59 UTC 2026,1785176999,0,1.97
Mon Jul 27 18:30:57 UTC 2026,1785177057,0,2.07
Mon Jul 27 18:31:29 UTC 2026,1785177089,0,2.34
Mon Jul 27 18:32:23 UTC 2026,1785177143,0,2.17
Mon Jul 27 18:32:37 UTC 2026,1785177157,0,2.33
Mon Jul 27 18:33:33 UTC 2026,1785177213,0,2.2
Mon Jul 27 18:34:27 UTC 2026,1785177267,0,2.43
Mon Jul 27 18:35:48 UTC 2026,1785177348,0,2.2
Mon Jul 27 18:36:42 UTC 2026,1785177402,0,2.51
Mon Jul 27 18:36:47 UTC 2026,1785177407,0,2.46
Mon Jul 27 18:38:00 UTC 2026,1785177480,0,2.34
Mon Jul 27 18:38:33 UTC 2026,1785177513,0,2.42
Mon Jul 27 18:38:37 UTC 2026,1785177517,0,2.47
Mon Jul 27 18:38:41 UTC 2026,1785177521,0,2.44
Mon Jul 27 18:38:46 UTC 2026,1785177526,0,2.39
Mon Jul 27 18:38:50 UTC 2026,1785177530,0,2.38
Mon Jul 27 18:39:58 UTC 2026,1785177598,0,2.56
Mon Jul 27 18:40:08 UTC 2026,1785177608,0,2.59
Mon Jul 27 18:40:35 UTC 2026,1785177635,0,2.33
Mon Jul 27 18:42:02 UTC 2026,1785177722,0,2.6
Mon Jul 27 18:43:04 UTC 2026,1785177784,0,2.32
Mon Jul 27 18:43:32 UTC 2026,1785177812,0,2.62
Mon Jul 27 18:44:45 UTC 2026,1785177885,0,2.45
Mon Jul 27 18:45:04 UTC 2026,1785177904,0,2.39
Mon Jul 27 18:45:35 UTC 2026,1785177935,0,2.64
Mon Jul 27 18:47:28 UTC 2026,1785178048,0,2.39
Mon Jul 27 18:48:01 UTC 2026,1785178081,0,2.63
Mon Jul 27 18:48:18 UTC 2026,1785178098,0,2.61
Mon Jul 27 18:49:28 UTC 2026,1785178168,0,2.41
Mon Jul 27 18:50:13 UTC 2026,1785178213,0,2.6
Mon Jul 27 18:50:49 UTC 2026,1785178249,0,2.42
Mon Jul 27 18:51:38 UTC 2026,1785178298,0,2.6
Mon Jul 27 18:52:01 UTC 2026,1785178321,0,2.32
Mon Jul 27 18:53:24 UTC 2026,1785178404,0,2.58
Mon Jul 27 18:53:55 UTC 2026,1785178435,0,2.39
Mon Jul 27 18:55:17 UTC 2026,1785178517,0,2.35
Mon Jul 27 18:55:30 UTC 2026,1785178530,0,2.52
Mon Jul 27 18:56:57 UTC 2026,1785178617,0,2.54
Mon Jul 27 18:57:34 UTC 2026,1785178654,0,2.31
Mon Jul 27 18:59:14 UTC 2026,1785178754,0,2.57
Mon Jul 27 19:00:30 UTC 2026,1785178830,0,2.32
Mon Jul 27 19:00:58 UTC 2026,1785178858,0,2.52
Mon Jul 27 19:02:15 UTC 2026,1785178935,0,2.3
Mon Jul 27 19:02:56 UTC 2026,1785178976,0,2.47
Mon Jul 27 19:03:28 UTC 2026,1785179008,0,2.13
Mon Jul 27 19:04:40 UTC 2026,1785179080,0,2.45
Mon Jul 27 19:05:00 UTC 2026,1785179100,0,2.53
Mon Jul 27 19:05:35 UTC 2026,1785179135,0,2.23
Mon Jul 27 19:06:38 UTC 2026,1785179198,0,2.4
Mon Jul 27 19:08:01 UTC 2026,1785179281,0,2.21
Mon Jul 27 19:08:15 UTC 2026,1785179295,0,2.18
Mon Jul 27 19:09:04 UTC 2026,1785179344,0,2.38
Mon Jul 27 19:09:45 UTC 2026,1785179385,0,2.19
Mon Jul 27 19:09:50 UTC 2026,1785179390,0,2.42
Mon Jul 27 19:11:33 UTC 2026,1785179493,0,2.19
Mon Jul 27 19:12:47 UTC 2026,1785179567,0,2.44
Mon Jul 27 19:13:27 UTC 2026,1785179607,0,2.16
Mon Jul 27 19:14:08 UTC 2026,1785179648,0,2.46
Mon Jul 27 19:15:03 UTC 2026,1785179703,0,2.38
Mon Jul 27 19:15:30 UTC 2026,1785179730,0,2.12
Mon Jul 27 19:17:29 UTC 2026,1785179849,0,2.41
Mon Jul 27 19:17:47 UTC 2026,1785179867,0,2.15
Mon Jul 27 19:18:24 UTC 2026,1785179904,0,2.12
Mon Jul 27 19:19:32 UTC 2026,1785179972,0,2.39
Mon Jul 27 19:20:09 UTC 2026,1785180009,0,2.17
Mon Jul 27 19:21:03 UTC 2026,1785180063,0,2.42
Mon Jul 27 19:22:15 UTC 2026,1785180135,0,2.16
Mon Jul 27 19:22:20 UTC 2026,1785180140,0,2.49
Mon Jul 27 19:23:42 UTC 2026,1785180222,0,2.2
Mon Jul 27 19:24:28 UTC 2026,1785180268,0,2.42
Mon Jul 27 19:24:59 UTC 2026,1785180299,0,2.39
Mon Jul 27 19:25:30 UTC 2026,1785180330,0,2.13
Mon Jul 27 19:27:16 UTC 2026,1785180436,0,2.23
Mon Jul 27 19:27:48 UTC 2026,1785180468,0,2.38
Mon Jul 27 19:28:05 UTC 2026,1785180485,0,2.35
Mon Jul 27 19:29:32 UTC 2026,1785180572,0,2.0
Mon Jul 27 19:29:59 UTC 2026,1785180599,0,2.36
Mon Jul 27 19:30:21 UTC 2026,1785180621,0,1.89
Mon Jul 27 19:31:44 UTC 2026,1785180704,0,2.38
Mon Jul 27 19:32:24 UTC 2026,1785180744,0,2.12
Mon Jul 27 19:34:04 UTC 2026,1785180844,0,2.17
Mon Jul 27 19:34:13 UTC 2026,1785180853,0,2.42
Mon Jul 27 19:34:31 UTC 2026,1785180871,0,2.12
Mon Jul 27 19:35:09 UTC 2026,1785180909,0,2.48
Mon Jul 27 19:36:44 UTC 2026,1785181004,0,2.2
Mon Jul 27 19:37:38 UTC 2026,1785181058,0,2.41
Mon Jul 27 19:38:52 UTC 2026,1785181132,0,2.1
Mon Jul 27 19:39:19 UTC 2026,1785181159,0,2.43
Mon Jul 27 19:40:04 UTC 2026,1785181204,0,2.18
Mon Jul 27 19:41:03 UTC 2026,1785181263,0,2.38
Mon Jul 27 19:41:08 UTC 2026,1785181268,0,2.36
Mon Jul 27 19:41:39 UTC 2026,1785181299,0,2.1
Mon Jul 27 19:42:48 UTC 2026,1785181368,0,2.37
Mon Jul 27 19:43:02 UTC 2026,1785181382,0,2.1
Mon Jul 27 19:44:50 UTC 2026,1785181490,0,2.07
Mon Jul 27 19:45:17 UTC 2026,1785181517,0,2.35
Mon Jul 27 19:46:52 UTC 2026,1785181612,0,2.32
Mon Jul 27 19:47:29 UTC 2026,1785181649,0,2.01
Mon Jul 27 19:47:46 UTC 2026,1785181666,0,2.1
Mon Jul 27 19:48:19 UTC 2026,1785181699,0,2.35
Mon Jul 27 19:49:41 UTC 2026,1785181781,0,2.09
Mon Jul 27 19:50:41 UTC 2026,1785181841,0,2.37
Mon Jul 27 19:52:11 UTC 2026,1785181931,0,2.05
Mon Jul 27 19:52:16 UTC 2026,1785181936,0,2.44
Mon Jul 27 19:53:05 UTC 2026,1785181985,0,2.43
Mon Jul 27 19:53:51 UTC 2026,1785182031,0,1.99
Mon Jul 27 19:54:37 UTC 2026,1785182077,0,2.1
Mon Jul 27 19:54:55 UTC 2026,1785182095,0,2.39
Mon Jul 27 19:56:17 UTC 2026,1785182177,0,2.09
Mon Jul 27 19:57:15 UTC 2026,1785182235,0,2.31
Mon Jul 27 19:57:42 UTC 2026,1785182262,0,2.43
Mon Jul 27 19:57:56 UTC 2026,1785182276,0,1.99
Mon Jul 27 19:59:22 UTC 2026,1785182362,0,1.98
Mon Jul 27 20:00:12 UTC 2026,1785182412,0,2.42
Mon Jul 27 20:01:03 UTC 2026,1785182463,0,2.18
Mon Jul 27 20:01:30 UTC 2026,1785182490,0,2.38
Mon Jul 27 20:03:37 UTC 2026,1785182617,0,2.48
Mon Jul 27 20:03:56 UTC 2026,1785182636,0,2.17
Mon Jul 27 20:05:26 UTC 2026,1785182726,0,2.42
Mon Jul 27 20:05:31 UTC 2026,1785182731,0,2.15
Mon Jul 27 20:07:11 UTC 2026,1785182831,0,2.05
Mon Jul 27 20:07:29 UTC 2026,1785182849,0,2.41
Mon Jul 27 20:07:51 UTC 2026,1785182871,0,2.14
Mon Jul 27 20:08:02 UTC 2026,1785182882,0,2.49
Mon Jul 27 20:09:36 UTC 2026,1785182976,0,2.4
Mon Jul 27 20:10:40 UTC 2026,1785183040,0,2.14
Mon Jul 27 20:11:39 UTC 2026,1785183099,0,2.38
Mon Jul 27 20:12:15 UTC 2026,1785183135,0,2.12
Mon Jul 27 20:14:00 UTC 2026,1785183240,0,2.46
Mon Jul 27 20:14:32 UTC 2026,1785183272,0,2.12
Mon Jul 27 20:15:31 UTC 2026,1785183331,0,2.4
Mon Jul 27 20:15:45 UTC 2026,1785183345,0,2.39
Mon Jul 27 20:17:19 UTC 2026,1785183439,0,2.05
Mon Jul 27 20:18:37 UTC 2026,1785183517,0,2.09
Mon Jul 27 20:19:00 UTC 2026,1785183540,0,2.43
Mon Jul 27 20:20:12 UTC 2026,1785183612,0,2.15
Mon Jul 27 20:20:21 UTC 2026,1785183621,0,2.4
Mon Jul 27 20:21:39 UTC 2026,1785183699,0,2.07
Mon Jul 27 20:21:48 UTC 2026,1785183708,0,2.42
Mon Jul 27 20:23:28 UTC 2026,1785183808,0,2.11
Mon Jul 27 20:23:50 UTC 2026,1785183830,0,2.47
Mon Jul 27 20:24:00 UTC 2026,1785183840,0,2.41
Mon Jul 27 20:24:58 UTC 2026,1785183898,0,2.15
Mon Jul 27 20:25:44 UTC 2026,1785183944,0,2.06
Mon Jul 27 20:27:15 UTC 2026,1785184035,0,2.37
Mon Jul 27 20:27:23 UTC 2026,1785184043,0,2.35
Mon Jul 27 20:28:32 UTC 2026,1785184112,0,2.09
Mon Jul 27 20:29:14 UTC 2026,1785184154,0,2.47
Mon Jul 27 20:29:27 UTC 2026,1785184167,0,2.12
Mon Jul 27 20:30:39 UTC 2026,1785184239,0,2.09
Mon Jul 27 20:31:44 UTC 2026,1785184304,0,2.42
Mon Jul 27 20:32:56 UTC 2026,1785184376,0,2.37
Mon Jul 27 20:33:15 UTC 2026,1785184395,0,2.12
Mon Jul 27 20:34:59 UTC 2026,1785184499,0,2.47
Mon Jul 27 20:35:22 UTC 2026,1785184522,0,2.15
Mon Jul 27 20:36:11 UTC 2026,1785184571,0,2.4
Mon Jul 27 20:37:02 UTC 2026,1785184622,0,2.12
Mon Jul 27 20:37:24 UTC 2026,1785184644,0,2.46
Mon Jul 27 20:37:51 UTC 2026,1785184671,0,2.12
Mon Jul 27 20:40:21 UTC 2026,1785184821,0,2.38
Mon Jul 27 20:41:12 UTC 2026,1785184872,0,2.06
Mon Jul 27 20:41:20 UTC 2026,1785184880,0,2.45
Mon Jul 27 20:42:29 UTC 2026,1785184949,0,2.01
Mon Jul 27 20:42:34 UTC 2026,1785184954,0,2.38
Mon Jul 27 20:43:50 UTC 2026,1785185030,0,2.35
Mon Jul 27 20:45:00 UTC 2026,1785185100,0,2.05
Mon Jul 27 20:46:52 UTC 2026,1785185212,0,2.04
Mon Jul 27 20:46:58 UTC 2026,1785185218,0,2.36
Mon Jul 27 20:47:20 UTC 2026,1785185240,0,2.38
Mon Jul 27 20:48:00 UTC 2026,1785185280,0,2.06
Mon Jul 27 20:49:41 UTC 2026,1785185381,0,2.42
Mon Jul 27 20:50:28 UTC 2026,1785185428,0,2.02
Mon Jul 27 20:51:57 UTC 2026,1785185517,0,2.37
Mon Jul 27 20:52:35 UTC 2026,1785185555,0,2.33
Mon Jul 27 20:53:37 UTC 2026,1785185617,0,2.02
Mon Jul 27 20:54:01 UTC 2026,1785185641,0,1.97
Mon Jul 27 20:54:55 UTC 2026,1785185695,0,2.35
Mon Jul 27 20:55:22 UTC 2026,1785185722,0,2.05
Mon Jul 27 20:55:40 UTC 2026,1785185740,0,2.35
Mon Jul 27 20:57:56 UTC 2026,1785185876,0,2.31
Mon Jul 27 20:58:20 UTC 2026,1785185900,0,2.06
Mon Jul 27 20:59:41 UTC 2026,1785185981,0,1.73
Mon Jul 27 21:00:14 UTC 2026,1785186014,0,2.44
Mon Jul 27 21:00:31 UTC 2026,1785186031,0,2.52
Mon Jul 27 21:00:41 UTC 2026,1785186041,0,2.1
Mon Jul 27 21:02:47 UTC 2026,1785186167,0,2.47
Mon Jul 27 21:03:05 UTC 2026,1785186185,0,2.01
Mon Jul 27 21:04:18 UTC 2026,1785186258,0,2.19
Mon Jul 27 21:04:28 UTC 2026,1785186268,0,2.56
Mon Jul 27 21:06:30 UTC 2026,1785186390,0,2.14
Mon Jul 27 21:06:43 UTC 2026,1785186403,0,2.56
Mon Jul 27 21:07:53 UTC 2026,1785186473,0,2.55
Mon Jul 27 21:08:10 UTC 2026,1785186490,0,2.14
Mon Jul 27 21:08:47 UTC 2026,1785186527,0,2.07
Mon Jul 27 21:09:49 UTC 2026,1785186589,0,2.55
Mon Jul 27 21:10:17 UTC 2026,1785186617,0,2.53
Mon Jul 27 21:11:17 UTC 2026,1785186677,0,2.02
Mon Jul 27 21:12:03 UTC 2026,1785186723,0,2.44
Mon Jul 27 21:12:24 UTC 2026,1785186744,0,1.98
Mon Jul 27 21:14:18 UTC 2026,1785186858,0,2.43
Mon Jul 27 21:14:36 UTC 2026,1785186876,0,1.99
Mon Jul 27 21:15:16 UTC 2026,1785186916,0,2.52
Mon Jul 27 21:16:07 UTC 2026,1785186967,0,1.97
Mon Jul 27 21:17:02 UTC 2026,1785187022,0,2.48
Mon Jul 27 21:18:01 UTC 2026,1785187081,0,2.07
Mon Jul 27 21:19:46 UTC 2026,1785187186,0,1.94
Mon Jul 27 21:19:50 UTC 2026,1785187190,0,2.51
Mon Jul 27 21:20:22 UTC 2026,1785187222,0,2.72
Mon Jul 27 21:20:31 UTC 2026,1785187231,0,1.87
Mon Jul 27 21:22:19 UTC 2026,1785187339,0,1.94
Mon Jul 27 21:22:38 UTC 2026,1785187358,0,2.58
Mon Jul 27 21:23:46 UTC 2026,1785187426,0,2.48
Mon Jul 27 21:23:56 UTC 2026,1785187436,0,2.09
Mon Jul 27 21:25:31 UTC 2026,1785187531,0,2.46
Mon Jul 27 21:26:12 UTC 2026,1785187572,0,2.14
Mon Jul 27 21:26:43 UTC 2026,1785187603,0,2.06
Mon Jul 27 21:26:52 UTC 2026,1785187612,0,2.37
Mon Jul 27 21:28:51 UTC 2026,1785187731,0,2.45
Mon Jul 27 21:29:54 UTC 2026,1785187794,0,1.77
Mon Jul 27 21:30:04 UTC 2026,1785187804,0,1.88
Mon Jul 27 21:31:31 UTC 2026,1785187891,0,2.56
Mon Jul 27 21:31:52 UTC 2026,1785187912,0,2.57
Mon Jul 27 21:33:14 UTC 2026,1785187994,0,2.1
Mon Jul 27 21:33:19 UTC 2026,1785187999,0,2.23
Mon Jul 27 21:33:27 UTC 2026,1785188007,0,2.55
Mon Jul 27 21:35:31 UTC 2026,1785188131,0,2.65
Mon Jul 27 21:35:49 UTC 2026,1785188149,0,2.26
Mon Jul 27 21:37:10 UTC 2026,1785188230,0,2.82
Mon Jul 27 21:37:20 UTC 2026,1785188240,0,2.22
Mon Jul 27 21:38:47 UTC 2026,1785188327,0,2.37
Mon Jul 27 21:39:10 UTC 2026,1785188350,0,2.61
Mon Jul 27 21:40:40 UTC 2026,1785188440,0,2.2
Mon Jul 27 21:40:45 UTC 2026,1785188445,0,2.62
Mon Jul 27 21:41:39 UTC 2026,1785188499,0,2.31
Mon Jul 27 21:42:20 UTC 2026,1785188540,0,2.63
Mon Jul 27 21:43:55 UTC 2026,1785188635,0,2.38
Mon Jul 27 21:44:01 UTC 2026,1785188641,0,2.78
Mon Jul 27 21:44:54 UTC 2026,1785188694,0,2.21
Mon Jul 27 21:45:35 UTC 2026,1785188735,0,2.69
Mon Jul 27 21:46:43 UTC 2026,1785188803,0,2.7
Mon Jul 27 21:47:30 UTC 2026,1785188850,0,2.22
Mon Jul 27 21:48:55 UTC 2026,1785188935,0,2.82
Mon Jul 27 21:49:22 UTC 2026,1785188962,0,2.2
Mon Jul 27 21:50:26 UTC 2026,1785189026,0,2.97
Mon Jul 27 21:51:03 UTC 2026,1785189063,0,1.8
Mon Jul 27 21:51:39 UTC 2026,1785189099,0,1.77
Mon Jul 27 21:52:14 UTC 2026,1785189134,0,2.62
Mon Jul 27 21:53:32 UTC 2026,1785189212,0,2.48
Mon Jul 27 21:53:42 UTC 2026,1785189222,0,2.03
Mon Jul 27 21:54:49 UTC 2026,1785189289,0,1.84
Mon Jul 27 21:54:55 UTC 2026,1785189295,0,2.61
Mon Jul 27 21:57:20 UTC 2026,1785189440,0,2.78
Mon Jul 27 21:58:01 UTC 2026,1785189481,0,2.07
Mon Jul 27 21:59:09 UTC 2026,1785189549,0,1.86
Mon Jul 27 21:59:23 UTC 2026,1785189563,0,2.68
Mon Jul 27 21:59:45 UTC 2026,1785189585,0,1.98
Mon Jul 27 21:59:54 UTC 2026,1785189594,0,2.7
Mon Jul 27 22:01:48 UTC 2026,1785189708,0,2.69
Mon Jul 27 22:02:38 UTC 2026,1785189758,0,2.11
Mon Jul 27 22:03:37 UTC 2026,1785189817,0,2.1
Mon Jul 27 22:03:56 UTC 2026,1785189836,0,2.46
Mon Jul 27 22:05:50 UTC 2026,1785189950,0,2.11
Mon Jul 27 22:05:54 UTC 2026,1785189954,0,2.57
Mon Jul 27 22:06:25 UTC 2026,1785189985,0,2.64
Mon Jul 27 22:06:44 UTC 2026,1785190004,0,1.99
Mon Jul 27 22:08:05 UTC 2026,1785190085,0,2.62
Mon Jul 27 22:08:50 UTC 2026,1785190130,0,2.21
Mon Jul 27 22:10:08 UTC 2026,1785190208,0,2.59
Mon Jul 27 22:10:54 UTC 2026,1785190254,0,2.24
Mon Jul 27 22:12:02 UTC 2026,1785190322,0,2.75
Mon Jul 27 22:12:51 UTC 2026,1785190371,0,2.3
Mon Jul 27 22:13:46 UTC 2026,1785190426,0,2.33
Mon Jul 27 22:14:00 UTC 2026,1785190440,0,2.74
Mon Jul 27 22:15:04 UTC 2026,1785190504,0,2.39
Mon Jul 27 22:15:44 UTC 2026,1785190544,0,2.79
Mon Jul 27 22:16:39 UTC 2026,1785190599,0,2.37
Mon Jul 27 22:16:48 UTC 2026,1785190608,0,2.81
Mon Jul 27 22:18:14 UTC 2026,1785190694,0,2.85
Mon Jul 27 22:18:41 UTC 2026,1785190721,0,2.4
Mon Jul 27 22:19:49 UTC 2026,1785190789,0,2.75
Mon Jul 27 22:19:59 UTC 2026,1785190799,0,2.43
Mon Jul 27 22:22:10 UTC 2026,1785190930,0,2.37
Mon Jul 27 22:22:47 UTC 2026,1785190967,0,2.91
Mon Jul 27 22:23:32 UTC 2026,1785191012,0,2.48
Mon Jul 27 22:23:59 UTC 2026,1785191039,0,2.93
Mon Jul 27 22:25:18 UTC 2026,1785191118,0,2.88
Mon Jul 27 22:25:54 UTC 2026,1785191154,0,2.52
Mon Jul 27 22:26:07 UTC 2026,1785191167,0,2.87
Mon Jul 27 22:27:42 UTC 2026,1785191262,0,2.5
Mon Jul 27 22:28:33 UTC 2026,1785191313,0,2.91
Mon Jul 27 22:29:00 UTC 2026,1785191340,0,2.24
Mon Jul 27 22:30:17 UTC 2026,1785191417,0,2.15
Mon Jul 27 22:30:53 UTC 2026,1785191453,0,3.0
Mon Jul 27 22:31:30 UTC 2026,1785191490,0,2.71
Mon Jul 27 22:31:57 UTC 2026,1785191517,0,3.03
Mon Jul 27 22:33:42 UTC 2026,1785191622,0,2.73
Mon Jul 27 22:33:51 UTC 2026,1785191631,0,3.16
Mon Jul 27 22:35:17 UTC 2026,1785191717,0,2.77
Mon Jul 27 22:35:21 UTC 2026,1785191721,0,3.19
Mon Jul 27 22:36:25 UTC 2026,1785191785,0,3.18
Mon Jul 27 22:37:11 UTC 2026,1785191831,0,2.81
Mon Jul 27 22:37:47 UTC 2026,1785191867,0,3.16
Mon Jul 27 22:38:09 UTC 2026,1785191889,0,2.68
Mon Jul 27 22:39:23 UTC 2026,1785191963,0,2.8
Mon Jul 27 22:39:54 UTC 2026,1785191994,0,3.18
Mon Jul 27 22:41:03 UTC 2026,1785192063,0,2.57
Mon Jul 27 22:41:25 UTC 2026,1785192085,0,3.31
Mon Jul 27 22:42:56 UTC 2026,1785192176,0,2.86
Mon Jul 27 22:43:36 UTC 2026,1785192216,0,3.27
Mon Jul 27 22:44:27 UTC 2026,1785192267,0,3.44
Mon Jul 27 22:45:03 UTC 2026,1785192303,0,2.88
Mon Jul 27 22:45:54 UTC 2026,1785192354,0,3.41
Mon Jul 27 22:46:07 UTC 2026,1785192367,0,2.84
Mon Jul 27 22:48:01 UTC 2026,1785192481,0,3.55
Mon Jul 27 22:48:51 UTC 2026,1785192531,0,2.97
Mon Jul 27 22:50:31 UTC 2026,1785192631,0,3.48
Mon Jul 27 22:50:35 UTC 2026,1785192635,0,2.99
Mon Jul 27 22:51:39 UTC 2026,1785192699,0,2.95
Mon Jul 27 22:51:52 UTC 2026,1785192712,0,3.56
Mon Jul 27 22:53:19 UTC 2026,1785192799,0,3.6
Mon Jul 27 22:53:50 UTC 2026,1785192830,0,2.99
Mon Jul 27 22:54:31 UTC 2026,1785192871,0,3.14
Mon Jul 27 22:54:40 UTC 2026,1785192880,0,3.82
Mon Jul 27 22:56:25 UTC 2026,1785192985,0,3.21
Mon Jul 27 22:56:56 UTC 2026,1785193016,0,3.65
Mon Jul 27 22:57:29 UTC 2026,1785193049,0,3.55
Mon Jul 27 22:58:54 UTC 2026,1785193134,0,2.97
Mon Jul 27 22:59:51 UTC 2026,1785193191,0,3.52
Mon Jul 27 23:00:04 UTC 2026,1785193204,0,2.97
Mon Jul 27 23:00:53 UTC 2026,1785193253,0,3.06
Mon Jul 27 23:00:58 UTC 2026,1785193258,0,3.66
Mon Jul 27 23:02:42 UTC 2026,1785193362,0,3.63
Mon Jul 27 23:02:47 UTC 2026,1785193367,0,3.36
Mon Jul 27 23:04:18 UTC 2026,1785193458,0,3.44
Mon Jul 27 23:05:03 UTC 2026,1785193503,0,3.73
Mon Jul 27 23:06:11 UTC 2026,1785193571,0,3.41
Mon Jul 27 23:07:19 UTC 2026,1785193639,0,3.75
Mon Jul 27 23:07:47 UTC 2026,1785193667,0,3.61
Mon Jul 27 23:08:32 UTC 2026,1785193712,0,3.77
Mon Jul 27 23:09:09 UTC 2026,1785193749,0,3.5
Mon Jul 27 23:09:13 UTC 2026,1785193753,0,3.92
Mon Jul 27 23:11:21 UTC 2026,1785193881,0,3.95
Mon Jul 27 23:11:48 UTC 2026,1785193908,0,3.53
Mon Jul 27 23:12:21 UTC 2026,1785193941,0,3.69
Mon Jul 27 23:13:32 UTC 2026,1785194012,0,4.06
Mon Jul 27 23:14:08 UTC 2026,1785194048,0,4.04
Mon Jul 27 23:14:40 UTC 2026,1785194080,0,3.74
Mon Jul 27 23:15:49 UTC 2026,1785194149,0,4.09
Mon Jul 27 23:17:01 UTC 2026,1785194221,0,3.75
Mon Jul 27 23:17:46 UTC 2026,1785194266,0,4.11
Mon Jul 27 23:18:37 UTC 2026,1785194317,0,3.83
Mon Jul 27 23:19:27 UTC 2026,1785194367,0,4.21
Mon Jul 27 23:19:36 UTC 2026,1785194376,0,3.84
Mon Jul 27 23:21:02 UTC 2026,1785194462,0,3.83
Mon Jul 27 23:22:02 UTC 2026,1785194522,0,4.42
Mon Jul 27 23:23:18 UTC 2026,1785194598,0,4.44
Mon Jul 27 23:23:33 UTC 2026,1785194613,0,3.18
Mon Jul 27 23:23:59 UTC 2026,1785194639,0,3.92
Mon Jul 27 23:25:03 UTC 2026,1785194703,0,2.71
Mon Jul 27 23:25:39 UTC 2026,1785194739,0,2.92
Mon Jul 27 23:26:52 UTC 2026,1785194812,0,1.38
Mon Jul 27 23:27:11 UTC 2026,1785194831,0,1.72
Mon Jul 27 23:28:46 UTC 2026,1785194926,0,-0.32
Mon Jul 27 23:29:00 UTC 2026,1785194940,0,-0.05
Mon Jul 27 23:30:16 UTC 2026,1785195016,0,-2.14
Mon Jul 27 23:30:48 UTC 2026,1785195048,0,-2.16
Mon Jul 27 23:31:53 UTC 2026,1785195113,0,-0.62
Mon Jul 27 23:32:06 UTC 2026,1785195126,0,-1.09
Mon Jul 27 23:33:14 UTC 2026,1785195194,0,-2.41
Mon Jul 27 23:33:55 UTC 2026,1785195235,0,-2.34
Mon Jul 27 23:34:31 UTC 2026,1785195271,0,-1.33
Mon Jul 27 23:35:39 UTC 2026,1785195339,0,-1.79
Mon Jul 27 23:36:25 UTC 2026,1785195385,0,-4.03
Mon Jul 27 23:37:20 UTC 2026,1785195440,0,-4.35
Mon Jul 27 23:38:28 UTC 2026,1785195508,0,-2.37
Mon Jul 27 23:38:55 UTC 2026,1785195535,0,-2.39
Mon Jul 27 23:39:55 UTC 2026,1785195595,0,-1.46
Mon Jul 27 23:41:03 UTC 2026,1785195663,0,-1.95
Mon Jul 27 23:41:48 UTC 2026,1785195708,0,-0.73
Mon Jul 27 23:42:05 UTC 2026,1785195725,0,-0.65
Mon Jul 27 23:43:19 UTC 2026,1785195799,0,0.59
Mon Jul 27 23:43:59 UTC 2026,1785195839,0,0.15
Mon Jul 27 23:45:08 UTC 2026,1785195908,0,2.05
Mon Jul 27 23:45:26 UTC 2026,1785195926,0,2.28
Mon Jul 27 23:46:53 UTC 2026,1785196013,0,3.47
Mon Jul 27 23:47:15 UTC 2026,1785196035,0,3.55
Mon Jul 27 23:48:09 UTC 2026,1785196089,0,1.86
Mon Jul 27 23:48:42 UTC 2026,1785196122,0,2.16
Mon Jul 27 23:50:13 UTC 2026,1785196213,0,3.59
Mon Jul 27 23:50:49 UTC 2026,1785196249,0,3.26
Mon Jul 27 23:51:43 UTC 2026,1785196303,0,4.11
Mon Jul 27 23:51:57 UTC 2026,1785196317,0,3.52
Mon Jul 27 23:52:47 UTC 2026,1785196367,0,4.26
Mon Jul 27 23:54:50 UTC 2026,1785196490,0,3.96
Mon Jul 27 23:55:03 UTC 2026,1785196503,0,4.44
Mon Jul 27 23:55:30 UTC 2026,1785196530,0,3.98
Mon Jul 27 23:55:53 UTC 2026,1785196553,0,4.54
Mon Jul 27 23:57:14 UTC 2026,1785196634,0,4.21
Mon Jul 27 23:57:47 UTC 2026,1785196667,0,4.62
Mon Jul 27 23:58:55 UTC 2026,1785196735,0,4.07
Mon Jul 27 23:59:40 UTC 2026,1785196780,0,4.73
Tue Jul 28 00:00:25 UTC 2026,1785196825,0,4.76
Tue Jul 28 00:00:34 UTC 2026,1785196834,0,4.19
Tue Jul 28 00:02:18 UTC 2026,1785196938,0,4.44
Tue Jul 28 00:03:13 UTC 2026,1785196993,0,4.84
Tue Jul 28 00:04:17 UTC 2026,1785197057,0,4.37
Tue Jul 28 00:05:02 UTC 2026,1785197102,0,4.83
Tue Jul 28 00:05:16 UTC 2026,1785197116,0,4.88
Tue Jul 28 00:05:39 UTC 2026,1785197139,0,4.46
Tue Jul 28 00:07:56 UTC 2026,1785197276,0,4.92
Tue Jul 28 00:08:09 UTC 2026,1785197289,0,4.55
Tue Jul 28 00:09:07 UTC 2026,1785197347,0,4.64
Tue Jul 28 00:09:57 UTC 2026,1785197397,0,5.03
Tue Jul 28 00:10:48 UTC 2026,1785197448,0,4.63
Tue Jul 28 00:10:57 UTC 2026,1785197457,0,5.05
Tue Jul 28 00:12:32 UTC 2026,1785197552,0,4.73
Tue Jul 28 00:12:55 UTC 2026,1785197575,0,5.27
Tue Jul 28 00:13:22 UTC 2026,1785197602,0,4.73
Tue Jul 28 00:14:54 UTC 2026,1785197694,0,5.14
Tue Jul 28 00:15:07 UTC 2026,1785197707,0,5.34
Tue Jul 28 00:16:16 UTC 2026,1785197776,0,4.68
Tue Jul 28 00:17:10 UTC 2026,1785197830,0,4.66
Tue Jul 28 00:17:15 UTC 2026,1785197835,0,5.12
Tue Jul 28 00:18:27 UTC 2026,1785197907,0,4.71
Tue Jul 28 00:18:37 UTC 2026,1785197917,0,5.09
Tue Jul 28 00:21:02 UTC 2026,1785198062,0,5.15
Tue Jul 28 00:21:16 UTC 2026,1785198076,0,4.71
Tue Jul 28 00:21:47 UTC 2026,1785198107,0,5.09
Tue Jul 28 00:22:37 UTC 2026,1785198157,0,4.48
Tue Jul 28 00:24:08 UTC 2026,1785198248,0,4.7
Tue Jul 28 00:24:45 UTC 2026,1785198285,0,5.06
Tue Jul 28 00:26:06 UTC 2026,1785198366,0,5.14
Tue Jul 28 00:26:24 UTC 2026,1785198384,0,4.68
Tue Jul 28 00:27:28 UTC 2026,1785198448,0,4.41
Tue Jul 28 00:27:50 UTC 2026,1785198470,0,4.95
Tue Jul 28 00:28:40 UTC 2026,1785198520,0,4.34
Tue Jul 28 00:28:45 UTC 2026,1785198525,0,4.88
Tue Jul 28 00:30:12 UTC 2026,1785198612,0,4.71
Tue Jul 28 00:30:43 UTC 2026,1785198643,0,4.09
Tue Jul 28 00:32:09 UTC 2026,1785198729,0,4.35
Tue Jul 28 00:33:04 UTC 2026,1785198784,0,4.83
Tue Jul 28 00:33:22 UTC 2026,1785198802,0,4.74
Tue Jul 28 00:34:44 UTC 2026,1785198884,0,3.93
Tue Jul 28 00:35:07 UTC 2026,1785198907,0,4.26
Tue Jul 28 00:36:01 UTC 2026,1785198961,0,3.83
Tue Jul 28 00:36:51 UTC 2026,1785199011,0,3.97
Tue Jul 28 00:38:05 UTC 2026,1785199085,0,3.22
Tue Jul 28 00:38:22 UTC 2026,1785199102,0,3.63
Tue Jul 28 00:39:03 UTC 2026,1785199143,0,2.42
Tue Jul 28 00:39:48 UTC 2026,1785199188,0,2.47
Tue Jul 28 00:40:44 UTC 2026,1785199244,0,1.52
Tue Jul 28 00:41:47 UTC 2026,1785199307,0,2.19
Tue Jul 28 00:42:42 UTC 2026,1785199362,0,2.8
Tue Jul 28 00:43:27 UTC 2026,1785199407,0,2.32
Tue Jul 28 00:44:39 UTC 2026,1785199479,0,2.88
Tue Jul 28 00:44:43 UTC 2026,1785199483,0,2.68
Tue Jul 28 00:45:03 UTC 2026,1785199503,0,3.24
Tue Jul 28 00:46:46 UTC 2026,1785199606,0,2.95
Tue Jul 28 00:47:26 UTC 2026,1785199646,0,3.48
Tue Jul 28 00:48:32 UTC 2026,1785199712,0,3.23
Tue Jul 28 00:48:53 UTC 2026,1785199733,0,3.64
Tue Jul 28 00:50:11 UTC 2026,1785199811,0,3.66
Tue Jul 28 00:50:56 UTC 2026,1785199856,0,3.25
Tue Jul 28 00:52:46 UTC 2026,1785199966,0,3.05
Tue Jul 28 00:52:50 UTC 2026,1785199970,0,3.61
Tue Jul 28 00:52:59 UTC 2026,1785199979,0,3.32
Tue Jul 28 00:54:16 UTC 2026,1785200056,0,2.09
Tue Jul 28 00:54:52 UTC 2026,1785200092,0,2.39
Tue Jul 28 00:55:38 UTC 2026,1785200138,0,1.65
Tue Jul 28 00:56:19 UTC 2026,1785200179,0,1.81
Tue Jul 28 00:56:24 UTC 2026,1785200184,0,2.14
Tue Jul 28 00:58:13 UTC 2026,1785200293,0,2.02
Tue Jul 28 00:58:58 UTC 2026,1785200338,0,1.51
Tue Jul 28 00:59:40 UTC 2026,1785200380,0,1.93
Tue Jul 28 01:01:02 UTC 2026,1785200462,0,1.15
Tue Jul 28 01:01:19 UTC 2026,1785200479,0,1.36
Tue Jul 28 01:02:27 UTC 2026,1785200547,0,0.06
Tue Jul 28 01:02:51 UTC 2026,1785200571,0,0.14
Tue Jul 28 01:03:54 UTC 2026,1785200634,0,-0.89
Tue Jul 28 01:05:11 UTC 2026,1785200711,0,-0.75
Tue Jul 28 01:05:52 UTC 2026,1785200752,0,-1.28
Tue Jul 28 01:06:10 UTC 2026,1785200770,0,-0.93
Tue Jul 28 01:07:40 UTC 2026,1785200860,0,1.17
Tue Jul 28 01:07:50 UTC 2026,1785200870,0,1.06
Tue Jul 28 01:09:21 UTC 2026,1785200961,0,2.38
Tue Jul 28 01:10:02 UTC 2026,1785201002,0,2.3
Tue Jul 28 01:10:56 UTC 2026,1785201056,0,2.72
Tue Jul 28 01:12:27 UTC 2026,1785201147,0,2.58
Tue Jul 28 01:12:37 UTC 2026,1785201157,0,2.19
Tue Jul 28 01:13:39 UTC 2026,1785201219,0,2.47
Tue Jul 28 01:14:20 UTC 2026,1785201260,0,2.03
Tue Jul 28 01:14:25 UTC 2026,1785201265,0,2.34
Tue Jul 28 01:15:38 UTC 2026,1785201338,0,2.01
Tue Jul 28 01:16:32 UTC 2026,1785201392,0,2.04
Tue Jul 28 01:17:13 UTC 2026,1785201433,0,2.61
Tue Jul 28 01:17:45 UTC 2026,1785201465,0,2.29
Tue Jul 28 01:19:07 UTC 2026,1785201547,0,2.64
Tue Jul 28 01:20:20 UTC 2026,1785201620,0,2.3
Tue Jul 28 01:20:57 UTC 2026,1785201657,0,2.8
Tue Jul 28 01:21:37 UTC 2026,1785201697,0,2.49
Tue Jul 28 01:21:51 UTC 2026,1785201711,0,2.89
Tue Jul 28 01:23:04 UTC 2026,1785201784,0,2.74
Tue Jul 28 01:24:16 UTC 2026,1785201856,0,3.03
Tue Jul 28 01:24:47 UTC 2026,1785201887,0,3.07
Tue Jul 28 01:25:41 UTC 2026,1785201941,0,2.56
Tue Jul 28 01:27:04 UTC 2026,1785202024,0,3.09
Tue Jul 28 01:27:14 UTC 2026,1785202034,0,2.68
Tue Jul 28 01:27:55 UTC 2026,1785202075,0,2.28
Tue Jul 28 01:28:44 UTC 2026,1785202124,0,2.96
Tue Jul 28 01:29:16 UTC 2026,1785202156,0,2.79
Tue Jul 28 01:30:47 UTC 2026,1785202247,0,1.65
Tue Jul 28 01:31:14 UTC 2026,1785202274,0,2.1
Tue Jul 28 01:32:26 UTC 2026,1785202346,0,1.13
Tue Jul 28 01:32:35 UTC 2026,1785202355,0,1.22
Tue Jul 28 01:34:07 UTC 2026,1785202447,0,-0.69
Tue Jul 28 01:34:20 UTC 2026,1785202460,0,-1.03
Tue Jul 28 01:35:42 UTC 2026,1785202542,0,-2.9
Tue Jul 28 01:35:55 UTC 2026,1785202555,0,-3.02
Tue Jul 28 01:37:22 UTC 2026,1785202642,0,-6.47
Tue Jul 28 01:37:36 UTC 2026,1785202656,0,-6.49
Tue Jul 28 01:38:57 UTC 2026,1785202737,0,-5.47
Tue Jul 28 01:39:11 UTC 2026,1785202751,0,-5.98
Tue Jul 28 01:40:46 UTC 2026,1785202846,0,-2.94
Tue Jul 28 01:40:51 UTC 2026,1785202851,0,-2.67
Tue Jul 28 01:42:22 UTC 2026,1785202942,0,0.06
Tue Jul 28 01:42:54 UTC 2026,1785202974,0,0.4
Tue Jul 28 01:44:20 UTC 2026,1785203060,0,0.73
Tue Jul 28 01:44:34 UTC 2026,1785203074,0,-0.1
Tue Jul 28 01:45:51 UTC 2026,1785203151,0,0.23
Tue Jul 28 01:47:17 UTC 2026,1785203237,0,1.3
Tue Jul 28 01:48:17 UTC 2026,1785203297,0,1.49
Tue Jul 28 01:48:21 UTC 2026,1785203301,0,0.98
Tue Jul 28 01:49:06 UTC 2026,1785203346,0,1.13
Tue Jul 28 01:49:48 UTC 2026,1785203388,0,1.78
Tue Jul 28 01:51:22 UTC 2026,1785203482,0,1.36
Tue Jul 28 01:52:18 UTC 2026,1785203538,0,2.08
Tue Jul 28 01:52:35 UTC 2026,1785203555,0,1.55
Tue Jul 28 01:52:54 UTC 2026,1785203574,0,2.03
Tue Jul 28 01:54:07 UTC 2026,1785203647,0,1.85
Tue Jul 28 01:54:48 UTC 2026,1785203688,0,2.32
Tue Jul 28 01:56:09 UTC 2026,1785203769,0,2.49
Tue Jul 28 01:57:13 UTC 2026,1785203833,0,1.64
Tue Jul 28 01:57:18 UTC 2026,1785203838,0,1.81
Tue Jul 28 01:58:49 UTC 2026,1785203929,0,1.25
Tue Jul 28 01:59:34 UTC 2026,1785203974,0,1.79
Tue Jul 28 02:00:15 UTC 2026,1785204015,0,1.13
Tue Jul 28 02:01:28 UTC 2026,1785204088,0,1.59
Tue Jul 28 02:02:14 UTC 2026,1785204134,0,2.25
Tue Jul 28 02:02:55 UTC 2026,1785204175,0,2.21
Tue Jul 28 02:03:44 UTC 2026,1785204224,0,1.59
Tue Jul 28 02:04:11 UTC 2026,1785204251,0,2.0
Tue Jul 28 02:04:52 UTC 2026,1785204292,0,1.0
Tue Jul 28 02:05:51 UTC 2026,1785204351,0,1.19
Tue Jul 28 02:06:37 UTC 2026,1785204397,0,1.74
Tue Jul 28 02:07:13 UTC 2026,1785204433,0,1.51
Tue Jul 28 02:07:58 UTC 2026,1785204478,0,2.2
Tue Jul 28 02:08:53 UTC 2026,1785204533,0,1.94
Tue Jul 28 02:10:20 UTC 2026,1785204620,0,2.48
Tue Jul 28 02:10:38 UTC 2026,1785204638,0,2.12
Tue Jul 28 02:11:50 UTC 2026,1785204710,0,3.2
Tue Jul 28 02:12:12 UTC 2026,1785204732,0,2.87
Tue Jul 28 02:12:40 UTC 2026,1785204760,0,3.66
Tue Jul 28 02:14:03 UTC 2026,1785204843,0,3.37
Tue Jul 28 02:15:11 UTC 2026,1785204911,0,4.01
Tue Jul 28 02:16:32 UTC 2026,1785204992,0,4.35
Tue Jul 28 02:16:37 UTC 2026,1785204997,0,3.73
Tue Jul 28 02:17:36 UTC 2026,1785205056,0,3.86
Tue Jul 28 02:17:49 UTC 2026,1785205069,0,4.36
Tue Jul 28 02:19:15 UTC 2026,1785205155,0,4.44
Tue Jul 28 02:20:15 UTC 2026,1785205215,0,3.8
Tue Jul 28 02:20:52 UTC 2026,1785205252,0,4.39
Tue Jul 28 02:21:55 UTC 2026,1785205315,0,3.83
Tue Jul 28 02:22:18 UTC 2026,1785205338,0,4.09
Tue Jul 28 02:22:40 UTC 2026,1785205360,0,3.76
Tue Jul 28 02:23:44 UTC 2026,1785205424,0,4.14
Tue Jul 28 02:24:34 UTC 2026,1785205474,0,3.62
Tue Jul 28 02:25:42 UTC 2026,1785205542,0,3.99
Tue Jul 28 02:26:37 UTC 2026,1785205597,0,3.58
Tue Jul 28 02:27:13 UTC 2026,1785205633,0,3.56
Tue Jul 28 02:28:31 UTC 2026,1785205711,0,3.96
Tue Jul 28 02:29:02 UTC 2026,1785205742,0,3.61
Tue Jul 28 02:29:29 UTC 2026,1785205769,0,4.09
Tue Jul 28 02:30:47 UTC 2026,1785205847,0,3.78
Tue Jul 28 02:31:14 UTC 2026,1785205874,0,4.13
Tue Jul 28 02:32:58 UTC 2026,1785205978,0,4.14
Tue Jul 28 02:33:18 UTC 2026,1785205998,0,3.83
Tue Jul 28 02:33:39 UTC 2026,1785206019,0,4.13
Tue Jul 28 02:34:57 UTC 2026,1785206097,0,3.9
Tue Jul 28 02:35:24 UTC 2026,1785206124,0,4.03
Tue Jul 28 02:36:51 UTC 2026,1785206211,0,4.3
Tue Jul 28 02:36:55 UTC 2026,1785206215,0,4.39
Tue Jul 28 02:38:26 UTC 2026,1785206306,0,4.01
Tue Jul 28 02:39:47 UTC 2026,1785206387,0,4.44
Tue Jul 28 02:40:06 UTC 2026,1785206406,0,4.14
Tue Jul 28 02:41:32 UTC 2026,1785206492,0,4.43
Tue Jul 28 02:41:38 UTC 2026,1785206498,0,4.22
Tue Jul 28 02:42:45 UTC 2026,1785206565,0,4.16
Tue Jul 28 02:43:08 UTC 2026,1785206588,0,4.52
Tue Jul 28 02:43:34 UTC 2026,1785206614,0,4.57
Tue Jul 28 02:43:40 UTC 2026,1785206620,0,4.17
Tue Jul 28 02:45:37 UTC 2026,1785206737,0,4.41
Tue Jul 28 02:46:37 UTC 2026,1785206797,0,3.97
Tue Jul 28 02:48:09 UTC 2026,1785206889,0,3.87
Tue Jul 28 02:48:22 UTC 2026,1785206902,0,4.39
Tue Jul 28 02:49:03 UTC 2026,1785206943,0,4.14
Tue Jul 28 02:49:38 UTC 2026,1785206978,0,4.46
Tue Jul 28 02:50:15 UTC 2026,1785207015,0,4.15
Tue Jul 28 02:51:09 UTC 2026,1785207069,0,4.54
Tue Jul 28 02:52:05 UTC 2026,1785207125,0,4.45
Tue Jul 28 02:52:36 UTC 2026,1785207156,0,4.11
Tue Jul 28 02:53:35 UTC 2026,1785207215,0,4.63
Tue Jul 28 02:53:40 UTC 2026,1785207220,0,4.13
Tue Jul 28 02:55:29 UTC 2026,1785207329,0,4.18
Tue Jul 28 02:55:52 UTC 2026,1785207352,0,4.5
Tue Jul 28 02:57:31 UTC 2026,1785207451,0,4.27
Tue Jul 28 02:58:07 UTC 2026,1785207487,0,4.54
Tue Jul 28 02:58:58 UTC 2026,1785207538,0,4.2
Tue Jul 28 02:59:34 UTC 2026,1785207574,0,4.51
Tue Jul 28 03:00:47 UTC 2026,1785207647,0,4.63
Tue Jul 28 03:01:06 UTC 2026,1785207666,0,4.21
Tue Jul 28 03:02:22 UTC 2026,1785207742,0,4.56
Tue Jul 28 03:02:32 UTC 2026,1785207752,0,4.35
Tue Jul 28 03:04:35 UTC 2026,1785207875,0,4.62
Tue Jul 28 03:04:53 UTC 2026,1785207893,0,4.35
Tue Jul 28 03:05:16 UTC 2026,1785207916,0,4.32
Tue Jul 28 03:05:29 UTC 2026,1785207929,0,4.61
Tue Jul 28 03:07:09 UTC 2026,1785208029,0,4.17
Tue Jul 28 03:07:24 UTC 2026,1785208044,0,4.65
Tue Jul 28 03:09:12 UTC 2026,1785208152,0,4.69
Tue Jul 28 03:09:43 UTC 2026,1785208183,0,4.32
Tue Jul 28 03:10:11 UTC 2026,1785208211,0,4.3
Tue Jul 28 03:10:34 UTC 2026,1785208234,0,4.57
Tue Jul 28 03:12:28 UTC 2026,1785208348,0,4.38
Tue Jul 28 03:12:36 UTC 2026,1785208356,0,4.62
Tue Jul 28 03:13:13 UTC 2026,1785208393,0,4.4
Tue Jul 28 03:14:25 UTC 2026,1785208465,0,4.59
Tue Jul 28 03:15:20 UTC 2026,1785208520,0,4.68
Tue Jul 28 03:15:47 UTC 2026,1785208547,0,4.32
Tue Jul 28 03:17:32 UTC 2026,1785208652,0,4.59
Tue Jul 28 03:18:20 UTC 2026,1785208700,0,4.22
Tue Jul 28 03:19:47 UTC 2026,1785208787,0,4.7
Tue Jul 28 03:19:57 UTC 2026,1785208797,0,4.33
Tue Jul 28 03:20:24 UTC 2026,1785208824,0,4.65
Tue Jul 28 03:21:41 UTC 2026,1785208901,0,4.69
Tue Jul 28 03:22:45 UTC 2026,1785208965,0,4.3
Tue Jul 28 03:24:07 UTC 2026,1785209047,0,4.29
Tue Jul 28 03:24:34 UTC 2026,1785209074,0,4.62
Tue Jul 28 03:25:05 UTC 2026,1785209105,0,4.26
Tue Jul 28 03:26:09 UTC 2026,1785209169,0,4.74
Tue Jul 28 03:27:32 UTC 2026,1785209252,0,4.29
Tue Jul 28 03:27:50 UTC 2026,1785209270,0,4.57
Tue Jul 28 03:28:54 UTC 2026,1785209334,0,4.53
Tue Jul 28 03:29:25 UTC 2026,1785209365,0,4.27
Tue Jul 28 03:31:01 UTC 2026,1785209461,0,4.19
Tue Jul 28 03:31:19 UTC 2026,1785209479,0,4.58
Tue Jul 28 03:32:13 UTC 2026,1785209533,0,4.03
Tue Jul 28 03:32:17 UTC 2026,1785209537,0,4.65
Tue Jul 28 03:33:25 UTC 2026,1785209605,0,4.19
Tue Jul 28 03:33:49 UTC 2026,1785209629,0,4.51
Tue Jul 28 03:35:12 UTC 2026,1785209712,0,4.0
Tue Jul 28 03:35:25 UTC 2026,1785209725,0,4.54
Tue Jul 28 03:37:14 UTC 2026,1785209834,0,4.44
Tue Jul 28 03:37:45 UTC 2026,1785209865,0,4.06
Tue Jul 28 03:38:04 UTC 2026,1785209884,0,4.3
Tue Jul 28 03:38:58 UTC 2026,1785209938,0,3.72
Tue Jul 28 03:39:43 UTC 2026,1785209983,0,4.1
Tue Jul 28 03:39:48 UTC 2026,1785209988,0,3.73
Tue Jul 28 03:41:24 UTC 2026,1785210084,0,4.16
Tue Jul 28 03:42:10 UTC 2026,1785210130,0,3.54
Tue Jul 28 03:44:12 UTC 2026,1785210252,0,3.04
Tue Jul 28 03:44:30 UTC 2026,1785210270,0,3.86
Tue Jul 28 03:44:34 UTC 2026,1785210274,0,3.92
Tue Jul 28 03:46:10 UTC 2026,1785210370,0,2.78
Tue Jul 28 03:46:41 UTC 2026,1785210401,0,4.07
Tue Jul 28 03:47:01 UTC 2026,1785210421,0,2.94
Tue Jul 28 03:48:26 UTC 2026,1785210506,0,3.49
Tue Jul 28 03:48:57 UTC 2026,1785210537,0,2.54
Tue Jul 28 03:49:49 UTC 2026,1785210589,0,3.58
Tue Jul 28 03:50:34 UTC 2026,1785210634,0,2.26
Tue Jul 28 03:51:11 UTC 2026,1785210671,0,2.78
Tue Jul 28 03:52:46 UTC 2026,1785210766,0,0.42
Tue Jul 28 03:53:40 UTC 2026,1785210820,0,0.9
Tue Jul 28 03:54:25 UTC 2026,1785210865,0,-0.15
Tue Jul 28 03:54:57 UTC 2026,1785210897,0,-0.51
Tue Jul 28 03:55:55 UTC 2026,1785210955,0,0.95
Tue Jul 28 03:56:15 UTC 2026,1785210975,0,0.21
Tue Jul 28 03:57:28 UTC 2026,1785211048,0,0.99
Tue Jul 28 03:57:58 UTC 2026,1785211078,0,0.67
Tue Jul 28 03:59:16 UTC 2026,1785211156,0,1.82
Tue Jul 28 04:00:05 UTC 2026,1785211205,0,1.41
Tue Jul 28 04:00:52 UTC 2026,1785211252,0,2.14
Tue Jul 28 04:01:10 UTC 2026,1785211270,0,1.63
Tue Jul 28 04:01:55 UTC 2026,1785211315,0,2.27
Tue Jul 28 04:02:50 UTC 2026,1785211370,0,1.82
Tue Jul 28 04:04:07 UTC 2026,1785211447,0,0.97
Tue Jul 28 04:04:21 UTC 2026,1785211461,0,1.36
Tue Jul 28 04:05:56 UTC 2026,1785211556,0,2.19
Tue Jul 28 04:06:33 UTC 2026,1785211593,0,1.35
Tue Jul 28 04:06:56 UTC 2026,1785211616,0,2.44
Tue Jul 28 04:07:45 UTC 2026,1785211665,0,2.06
Tue Jul 28 04:08:54 UTC 2026,1785211734,0,3.08
Tue Jul 28 04:09:21 UTC 2026,1785211761,0,2.3
Tue Jul 28 04:10:16 UTC 2026,1785211816,0,3.0
Tue Jul 28 04:11:54 UTC 2026,1785211914,0,3.17
Tue Jul 28 04:12:22 UTC 2026,1785211942,0,2.61
Tue Jul 28 04:12:41 UTC 2026,1785211961,0,2.71
Tue Jul 28 04:13:58 UTC 2026,1785212038,0,3.43
Tue Jul 28 04:14:39 UTC 2026,1785212079,0,3.58
Tue Jul 28 04:15:34 UTC 2026,1785212134,0,3.17
Tue Jul 28 04:17:18 UTC 2026,1785212238,0,3.74
Tue Jul 28 04:18:31 UTC 2026,1785212311,0,3.33
Tue Jul 28 04:18:44 UTC 2026,1785212324,0,4.02
Tue Jul 28 04:19:29 UTC 2026,1785212369,0,3.94
Tue Jul 28 04:20:43 UTC 2026,1785212443,0,3.35
Tue Jul 28 04:21:06 UTC 2026,1785212466,0,3.79
Tue Jul 28 04:22:28 UTC 2026,1785212548,0,2.71
Tue Jul 28 04:22:41 UTC 2026,1785212561,0,2.53
Tue Jul 28 04:23:57 UTC 2026,1785212637,0,3.59
Tue Jul 28 04:24:29 UTC 2026,1785212669,0,3.2
Tue Jul 28 04:25:42 UTC 2026,1785212742,0,3.73
Tue Jul 28 04:25:56 UTC 2026,1785212756,0,3.66
Tue Jul 28 04:26:41 UTC 2026,1785212801,0,3.07
Tue Jul 28 04:27:31 UTC 2026,1785212851,0,3.29
Tue Jul 28 04:28:49 UTC 2026,1785212929,0,3.64
Tue Jul 28 04:29:25 UTC 2026,1785212965,0,3.27
Tue Jul 28 04:30:14 UTC 2026,1785213014,0,3.73
Tue Jul 28 04:31:32 UTC 2026,1785213092,0,3.35
Tue Jul 28 04:32:00 UTC 2026,1785213120,0,3.69
Tue Jul 28 04:32:27 UTC 2026,1785213147,0,3.49
Tue Jul 28 04:33:21 UTC 2026,1785213201,0,3.83
Tue Jul 28 04:35:15 UTC 2026,1785213315,0,3.93
Tue Jul 28 04:35:38 UTC 2026,1785213338,0,3.14
Tue Jul 28 04:35:51 UTC 2026,1785213351,0,4.11
Tue Jul 28 04:36:41 UTC 2026,1785213401,0,3.54
Tue Jul 28 04:37:35 UTC 2026,1785213455,0,3.48
Tue Jul 28 04:37:46 UTC 2026,1785213466,0,4.04
Tue Jul 28 04:39:07 UTC 2026,1785213547,0,3.43
Tue Jul 28 04:39:47 UTC 2026,1785213587,0,3.98
Tue Jul 28 04:40:42 UTC 2026,1785213642,0,3.95
Tue Jul 28 04:41:23 UTC 2026,1785213683,0,3.32
Tue Jul 28 04:42:30 UTC 2026,1785213750,0,3.4
Tue Jul 28 04:42:36 UTC 2026,1785213756,0,3.91
Tue Jul 28 04:43:57 UTC 2026,1785213837,0,3.94
Tue Jul 28 04:44:30 UTC 2026,1785213870,0,3.44
Tue Jul 28 04:46:00 UTC 2026,1785213960,0,3.94
Tue Jul 28 04:46:59 UTC 2026,1785214019,0,3.02
Tue Jul 28 04:47:17 UTC 2026,1785214037,0,3.84
Tue Jul 28 04:48:35 UTC 2026,1785214115,0,3.16
Tue Jul 28 04:48:54 UTC 2026,1785214134,0,3.21
Tue Jul 28 04:49:25 UTC 2026,1785214165,0,3.69
Tue Jul 28 04:51:00 UTC 2026,1785214260,0,3.35
Tue Jul 28 04:51:51 UTC 2026,1785214311,0,3.9
Tue Jul 28 04:53:25 UTC 2026,1785214405,0,4.12
Tue Jul 28 04:53:30 UTC 2026,1785214410,0,3.04
Tue Jul 28 04:54:34 UTC 2026,1785214474,0,3.05
Tue Jul 28 04:54:56 UTC 2026,1785214496,0,3.99
Tue Jul 28 04:55:56 UTC 2026,1785214556,0,4.01
Tue Jul 28 04:56:10 UTC 2026,1785214570,0,2.9
Tue Jul 28 04:57:18 UTC 2026,1785214638,0,4.05
Tue Jul 28 04:57:27 UTC 2026,1785214647,0,2.78
Tue Jul 28 04:58:53 UTC 2026,1785214733,0,3.32
Tue Jul 28 05:00:06 UTC 2026,1785214806,0,2.29
Tue Jul 28 05:00:33 UTC 2026,1785214833,0,2.38
Tue Jul 28 05:02:05 UTC 2026,1785214925,0,0.91
Tue Jul 28 05:02:39 UTC 2026,1785214959,0,1.25
Tue Jul 28 05:03:25 UTC 2026,1785215005,0,-0.86
Tue Jul 28 05:03:45 UTC 2026,1785215025,0,-0.92
Tue Jul 28 05:04:39 UTC 2026,1785215079,0,0.11
Tue Jul 28 05:06:23 UTC 2026,1785215183,0,-0.57
Tue Jul 28 05:07:00 UTC 2026,1785215220,0,0.7
Tue Jul 28 05:07:05 UTC 2026,1785215225,0,0.74
Tue Jul 28 05:08:26 UTC 2026,1785215306,0,3.18
Tue Jul 28 05:08:43 UTC 2026,1785215323,0,2.91
Tue Jul 28 05:10:14 UTC 2026,1785215414,0,3.49
Tue Jul 28 05:10:51 UTC 2026,1785215451,0,3.57
Tue Jul 28 05:11:59 UTC 2026,1785215519,0,3.19
Tue Jul 28 05:12:09 UTC 2026,1785215529,0,2.98
Tue Jul 28 05:12:26 UTC 2026,1785215546,0,3.62
Tue Jul 28 05:14:02 UTC 2026,1785215642,0,3.12
Tue Jul 28 05:14:53 UTC 2026,1785215693,0,3.76
Tue Jul 28 05:15:51 UTC 2026,1785215751,0,3.36
Tue Jul 28 05:15:55 UTC 2026,1785215755,0,3.74
Tue Jul 28 05:16:23 UTC 2026,1785215783,0,3.43
Tue Jul 28 05:16:28 UTC 2026,1785215788,0,3.51
Tue Jul 28 05:16:32 UTC 2026,1785215792,0,3.63
Tue Jul 28 05:16:50 UTC 2026,1785215810,0,3.47
Tue Jul 28 05:17:27 UTC 2026,1785215847,0,3.41
Tue Jul 28 05:18:35 UTC 2026,1785215915,0,3.75
Tue Jul 28 05:19:02 UTC 2026,1785215942,0,3.51
Tue Jul 28 05:19:24 UTC 2026,1785215964,0,3.87
Tue Jul 28 05:20:15 UTC 2026,1785216015,0,3.91
Tue Jul 28 05:21:13 UTC 2026,1785216073,0,3.52
Tue Jul 28 05:22:45 UTC 2026,1785216165,0,3.91
Tue Jul 28 05:23:16 UTC 2026,1785216196,0,3.62
Tue Jul 28 05:23:53 UTC 2026,1785216233,0,3.65
Tue Jul 28 05:25:05 UTC 2026,1785216305,0,3.99
Tue Jul 28 05:25:42 UTC 2026,1785216342,0,4.01
Tue Jul 28 05:26:05 UTC 2026,1785216365,0,3.72
Tue Jul 28 05:27:54 UTC 2026,1785216474,0,4.05
Tue Jul 28 05:28:11 UTC 2026,1785216491,0,3.61
Tue Jul 28 05:28:57 UTC 2026,1785216537,0,4.13
Tue Jul 28 05:29:20 UTC 2026,1785216560,0,3.71
Tue Jul 28 05:30:24 UTC 2026,1785216624,0,4.0
Tue Jul 28 05:31:13 UTC 2026,1785216673,0,3.61
Tue Jul 28 05:31:49 UTC 2026,1785216709,0,4.02
Tue Jul 28 05:32:44 UTC 2026,1785216764,0,3.69
Tue Jul 28 05:33:34 UTC 2026,1785216814,0,3.71
Tue Jul 28 05:35:01 UTC 2026,1785216901,0,4.16
Tue Jul 28 05:35:28 UTC 2026,1785216928,0,4.09
Tue Jul 28 05:35:33 UTC 2026,1785216933,0,3.69
Tue Jul 28 05:36:58 UTC 2026,1785217018,0,4.05
Tue Jul 28 05:37:11 UTC 2026,1785217031,0,3.77
Tue Jul 28 05:39:24 UTC 2026,1785217164,0,4.16
Tue Jul 28 05:40:13 UTC 2026,1785217213,0,4.02
Tue Jul 28 05:41:08 UTC 2026,1785217268,0,3.76
Tue Jul 28 05:41:50 UTC 2026,1785217310,0,4.1
Tue Jul 28 05:43:02 UTC 2026,1785217382,0,3.78
Tue Jul 28 05:43:56 UTC 2026,1785217436,0,3.7
Tue Jul 28 05:44:33 UTC 2026,1785217473,0,4.06
Tue Jul 28 05:46:04 UTC 2026,1785217564,0,4.15
Tue Jul 28 05:46:17 UTC 2026,1785217577,0,3.73
Tue Jul 28 05:46:58 UTC 2026,1785217618,0,3.63
Tue Jul 28 05:47:52 UTC 2026,1785217672,0,4.12
Tue Jul 28 05:49:33 UTC 2026,1785217773,0,3.62
Tue Jul 28 05:49:56 UTC 2026,1785217796,0,4.03
Tue Jul 28 05:50:14 UTC 2026,1785217814,0,3.72
Tue Jul 28 05:51:08 UTC 2026,1785217868,0,4.06
Tue Jul 28 05:51:58 UTC 2026,1785217918,0,4.1
Tue Jul 28 05:52:39 UTC 2026,1785217959,0,3.72
Tue Jul 28 05:54:29 UTC 2026,1785218069,0,4.06
Tue Jul 28 05:54:37 UTC 2026,1785218077,0,3.66
Tue Jul 28 05:55:59 UTC 2026,1785218159,0,4.0
Tue Jul 28 05:56:04 UTC 2026,1785218164,0,3.69
Tue Jul 28 05:57:12 UTC 2026,1785218232,0,3.7
Tue Jul 28 05:57:21 UTC 2026,1785218241,0,4.05
Tue Jul 28 05:58:56 UTC 2026,1785218336,0,3.6
Tue Jul 28 05:59:41 UTC 2026,1785218381,0,3.96
Tue Jul 28 06:00:13 UTC 2026,1785218413,0,3.64
Tue Jul 28 06:00:22 UTC 2026,1785218422,0,4.16
Tue Jul 28 06:01:44 UTC 2026,1785218504,0,3.72
Tue Jul 28 06:02:08 UTC 2026,1785218528,0,4.06
Tue Jul 28 06:03:37 UTC 2026,1785218617,0,3.68
Tue Jul 28 06:04:47 UTC 2026,1785218687,0,4.11
Tue Jul 28 06:04:56 UTC 2026,1785218696,0,4.04
Tue Jul 28 06:05:32 UTC 2026,1785218732,0,3.65
Tue Jul 28 06:06:35 UTC 2026,1785218795,0,4.03
Tue Jul 28 06:07:43 UTC 2026,1785218863,0,3.72
Tue Jul 28 06:08:52 UTC 2026,1785218932,0,4.02
Tue Jul 28 06:08:57 UTC 2026,1785218937,0,3.77
Tue Jul 28 06:10:08 UTC 2026,1785219008,0,4.13
Tue Jul 28 06:11:12 UTC 2026,1785219072,0,3.68
Tue Jul 28 06:11:30 UTC 2026,1785219090,0,4.05
Tue Jul 28 06:11:36 UTC 2026,1785219096,0,3.63
Tue Jul 28 06:13:07 UTC 2026,1785219187,0,3.94
Tue Jul 28 06:13:43 UTC 2026,1785219223,0,3.67
Tue Jul 28 06:14:46 UTC 2026,1785219286,0,3.62
Tue Jul 28 06:15:26 UTC 2026,1785219326,0,3.94
Tue Jul 28 06:16:53 UTC 2026,1785219413,0,3.89
Tue Jul 28 06:17:34 UTC 2026,1785219454,0,3.58
Tue Jul 28 06:18:10 UTC 2026,1785219490,0,3.62
Tue Jul 28 06:18:42 UTC 2026,1785219522,0,3.87
Tue Jul 28 06:19:56 UTC 2026,1785219596,0,3.86
Tue Jul 28 06:20:00 UTC 2026,1785219600,0,3.61
Tue Jul 28 06:22:21 UTC 2026,1785219741,0,3.84
Tue Jul 28 06:22:34 UTC 2026,1785219754,0,3.57
Tue Jul 28 06:22:57 UTC 2026,1785219777,0,3.42
Tue Jul 28 06:24:11 UTC 2026,1785219851,0,3.83
Tue Jul 28 06:24:42 UTC 2026,1785219882,0,3.79
Tue Jul 28 06:25:09 UTC 2026,1785219909,0,3.46
Tue Jul 28 06:26:17 UTC 2026,1785219977,0,3.83
Tue Jul 28 06:27:16 UTC 2026,1785220036,0,3.53
Tue Jul 28 06:28:15 UTC 2026,1785220095,0,3.44
Tue Jul 28 06:29:01 UTC 2026,1785220141,0,3.85
Tue Jul 28 06:29:46 UTC 2026,1785220186,0,3.82
Tue Jul 28 06:30:00 UTC 2026,1785220200,0,3.52
Tue Jul 28 06:31:58 UTC 2026,1785220318,0,3.76
Tue Jul 28 06:32:44 UTC 2026,1785220364,0,3.49
Tue Jul 28 06:33:52 UTC 2026,1785220432,0,3.51
Tue Jul 28 06:33:56 UTC 2026,1785220436,0,3.76
Tue Jul 28 06:34:50 UTC 2026,1785220490,0,3.5
Tue Jul 28 06:35:54 UTC 2026,1785220554,0,3.76
Tue Jul 28 06:36:54 UTC 2026,1785220614,0,3.7
Tue Jul 28 06:37:35 UTC 2026,1785220655,0,3.46
Tue Jul 28 06:38:33 UTC 2026,1785220713,0,3.5
Tue Jul 28 06:38:43 UTC 2026,1785220723,0,3.81
Tue Jul 28 06:39:50 UTC 2026,1785220790,0,3.49
Tue Jul 28 06:40:27 UTC 2026,1785220827,0,3.71
Tue Jul 28 06:41:31 UTC 2026,1785220891,0,3.7
Tue Jul 28 06:42:06 UTC 2026,1785220926,0,3.46
Tue Jul 28 06:43:25 UTC 2026,1785221005,0,3.28
Tue Jul 28 06:44:01 UTC 2026,1785221041,0,3.7
Tue Jul 28 06:45:01 UTC 2026,1785221101,0,3.73
Tue Jul 28 06:45:27 UTC 2026,1785221127,0,3.42
Tue Jul 28 06:46:44 UTC 2026,1785221204,0,3.75
Tue Jul 28 06:47:16 UTC 2026,1785221236,0,3.43
Tue Jul 28 06:48:02 UTC 2026,1785221282,0,3.33
Tue Jul 28 06:48:24 UTC 2026,1785221304,0,3.72
Tue Jul 28 06:49:51 UTC 2026,1785221391,0,3.69
Tue Jul 28 06:50:08 UTC 2026,1785221408,0,3.34
Tue Jul 28 06:51:45 UTC 2026,1785221505,0,3.42
Tue Jul 28 06:52:34 UTC 2026,1785221554,0,3.77
Tue Jul 28 06:53:01 UTC 2026,1785221581,0,3.69
Tue Jul 28 06:54:14 UTC 2026,1785221654,0,3.43
Tue Jul 28 06:54:36 UTC 2026,1785221676,0,3.66
Tue Jul 28 06:56:30 UTC 2026,1785221790,0,3.4
Tue Jul 28 06:57:16 UTC 2026,1785221836,0,3.69
Tue Jul 28 06:57:38 UTC 2026,1785221858,0,3.66
Tue Jul 28 06:58:15 UTC 2026,1785221895,0,3.38
Tue Jul 28 06:59:56 UTC 2026,1785221996,0,3.87
Tue Jul 28 07:00:00 UTC 2026,1785222000,0,3.37
Tue Jul 28 07:01:49 UTC 2026,1785222109,0,3.73
Tue Jul 28 07:02:02 UTC 2026,1785222122,0,3.4
Tue Jul 28 07:02:48 UTC 2026,1785222168,0,3.48
Tue Jul 28 07:03:21 UTC 2026,1785222201,0,3.72
Tue Jul 28 07:04:37 UTC 2026,1785222277,0,3.4
Tue Jul 28 07:04:46 UTC 2026,1785222286,0,3.75
Tue Jul 28 07:05:59 UTC 2026,1785222359,0,3.54
Tue Jul 28 07:07:17 UTC 2026,1785222437,0,3.73
Tue Jul 28 07:08:11 UTC 2026,1785222491,0,3.47
Tue Jul 28 07:09:05 UTC 2026,1785222545,0,3.78
Tue Jul 28 07:09:37 UTC 2026,1785222577,0,3.47
Tue Jul 28 07:09:50 UTC 2026,1785222590,0,3.73
Tue Jul 28 07:10:51 UTC 2026,1785222651,0,3.67
Tue Jul 28 07:11:54 UTC 2026,1785222714,0,3.45
Tue Jul 28 07:13:34 UTC 2026,1785222814,0,3.77
Tue Jul 28 07:13:47 UTC 2026,1785222827,0,3.43
Tue Jul 28 07:15:18 UTC 2026,1785222918,0,3.44
Tue Jul 28 07:15:37 UTC 2026,1785222937,0,3.71
Tue Jul 28 07:16:18 UTC 2026,1785222978,0,3.43
Tue Jul 28 07:16:36 UTC 2026,1785222996,0,3.67
Tue Jul 28 07:17:40 UTC 2026,1785223060,0,3.41
Tue Jul 28 07:17:53 UTC 2026,1785223073,0,3.65
Tue Jul 28 07:19:37 UTC 2026,1785223177,0,3.4
Tue Jul 28 07:19:47 UTC 2026,1785223187,0,3.62
Tue Jul 28 07:21:03 UTC 2026,1785223263,0,3.43
Tue Jul 28 07:21:59 UTC 2026,1785223319,0,3.61
Tue Jul 28 07:23:07 UTC 2026,1785223387,0,3.42
Tue Jul 28 07:23:43 UTC 2026,1785223423,0,3.68
Tue Jul 28 07:24:28 UTC 2026,1785223468,0,3.43
Tue Jul 28 07:24:42 UTC 2026,1785223482,0,3.59
Tue Jul 28 07:27:07 UTC 2026,1785223627,0,3.38
Tue Jul 28 07:27:31 UTC 2026,1785223651,0,3.71
Tue Jul 28 07:28:52 UTC 2026,1785223732,0,3.06
Tue Jul 28 07:30:23 UTC 2026,1785223823,0,2.12
Tue Jul 28 07:30:28 UTC 2026,1785223828,0,3.69
Tue Jul 28 07:31:04 UTC 2026,1785223864,0,2.87
Tue Jul 28 07:31:22 UTC 2026,1785223882,0,3.76
Tue Jul 28 07:32:21 UTC 2026,1785223941,0,3.83
Tue Jul 28 07:33:25 UTC 2026,1785224005,0,2.87
Tue Jul 28 07:34:02 UTC 2026,1785224042,0,2.97
Tue Jul 28 07:34:06 UTC 2026,1785224046,0,3.53
Tue Jul 28 07:36:40 UTC 2026,1785224200,0,3.62
Tue Jul 28 07:36:58 UTC 2026,1785224218,0,3.1
Tue Jul 28 07:37:26 UTC 2026,1785224246,0,3.13
Tue Jul 28 07:38:29 UTC 2026,1785224309,0,3.46
Tue Jul 28 07:39:09 UTC 2026,1785224349,0,3.5
Tue Jul 28 07:40:13 UTC 2026,1785224413,0,3.13
Tue Jul 28 07:40:31 UTC 2026,1785224431,0,3.38
Tue Jul 28 07:41:27 UTC 2026,1785224487,0,3.17
Tue Jul 28 07:42:25 UTC 2026,1785224545,0,3.44
Tue Jul 28 07:42:48 UTC 2026,1785224568,0,3.1
Tue Jul 28 07:44:14 UTC 2026,1785224654,0,3.35
Tue Jul 28 07:46:00 UTC 2026,1785224760,0,3.07
Tue Jul 28 07:46:04 UTC 2026,1785224764,0,3.37
Tue Jul 28 07:47:35 UTC 2026,1785224855,0,3.4
Tue Jul 28 07:48:29 UTC 2026,1785224909,0,3.08
Tue Jul 28 07:49:51 UTC 2026,1785224991,0,3.09
Tue Jul 28 07:50:09 UTC 2026,1785225009,0,3.39
Tue Jul 28 07:50:45 UTC 2026,1785225045,0,3.14
Tue Jul 28 07:51:13 UTC 2026,1785225073,0,3.37
Tue Jul 28 07:52:39 UTC 2026,1785225159,0,3.15
Tue Jul 28 07:52:53 UTC 2026,1785225173,0,3.34
Tue Jul 28 07:53:47 UTC 2026,1785225227,0,3.01
Tue Jul 28 07:54:33 UTC 2026,1785225273,0,3.31
Tue Jul 28 07:55:49 UTC 2026,1785225349,0,3.42
Tue Jul 28 07:56:49 UTC 2026,1785225409,0,3.12
Tue Jul 28 07:57:02 UTC 2026,1785225422,0,3.39
Tue Jul 28 07:57:22 UTC 2026,1785225442,0,3.04
Tue Jul 28 07:59:18 UTC 2026,1785225558,0,3.0
Tue Jul 28 07:59:24 UTC 2026,1785225564,0,3.43
Tue Jul 28 08:00:18 UTC 2026,1785225618,0,3.09
Tue Jul 28 08:01:17 UTC 2026,1785225677,0,3.46
Tue Jul 28 08:02:12 UTC 2026,1785225732,0,3.11
Tue Jul 28 08:02:17 UTC 2026,1785225737,0,3.43
Tue Jul 28 08:03:47 UTC 2026,1785225827,0,3.1
Tue Jul 28 08:04:04 UTC 2026,1785225844,0,3.47
Tue Jul 28 08:05:41 UTC 2026,1785225941,0,3.12
Tue Jul 28 08:05:55 UTC 2026,1785225955,0,3.31
Tue Jul 28 08:07:52 UTC 2026,1785226072,0,3.14
Tue Jul 28 08:08:10 UTC 2026,1785226090,0,3.38
Tue Jul 28 08:08:51 UTC 2026,1785226131,0,3.12
Tue Jul 28 08:10:09 UTC 2026,1785226209,0,3.36
Tue Jul 28 08:11:17 UTC 2026,1785226277,0,2.97
Tue Jul 28 08:11:44 UTC 2026,1785226304,0,3.35
Tue Jul 28 08:12:48 UTC 2026,1785226368,0,3.34
Tue Jul 28 08:13:02 UTC 2026,1785226382,0,3.07
Tue Jul 28 08:13:47 UTC 2026,1785226427,0,3.33
Tue Jul 28 08:14:10 UTC 2026,1785226450,0,3.04
Tue Jul 28 08:15:54 UTC 2026,1785226554,0,3.05
Tue Jul 28 08:16:44 UTC 2026,1785226604,0,3.35
Tue Jul 28 08:17:57 UTC 2026,1785226677,0,3.02
Tue Jul 28 08:18:20 UTC 2026,1785226700,0,3.31
Tue Jul 28 08:18:46 UTC 2026,1785226726,0,3.36
Tue Jul 28 08:19:33 UTC 2026,1785226773,0,3.06
Tue Jul 28 08:20:36 UTC 2026,1785226836,0,3.11
Tue Jul 28 08:20:50 UTC 2026,1785226850,0,3.34
Tue Jul 28 08:22:11 UTC 2026,1785226931,0,3.31
Tue Jul 28 08:22:15 UTC 2026,1785226935,0,3.04
Tue Jul 28 08:23:48 UTC 2026,1785227028,0,3.27
Tue Jul 28 08:24:19 UTC 2026,1785227059,0,3.07
Tue Jul 28 08:25:58 UTC 2026,1785227158,0,2.98
Tue Jul 28 08:26:39 UTC 2026,1785227199,0,3.31
Tue Jul 28 08:27:12 UTC 2026,1785227232,0,3.33
Tue Jul 28 08:27:29 UTC 2026,1785227249,0,3.06
Tue Jul 28 08:28:52 UTC 2026,1785227332,0,3.35
Tue Jul 28 08:29:33 UTC 2026,1785227373,0,2.84
Tue Jul 28 08:30:00 UTC 2026,1785227400,0,3.02
Tue Jul 28 08:31:08 UTC 2026,1785227468,0,3.39
Tue Jul 28 08:31:44 UTC 2026,1785227504,0,3.38
Tue Jul 28 08:31:49 UTC 2026,1785227509,0,3.15
Tue Jul 28 08:34:14 UTC 2026,1785227654,0,3.4
Tue Jul 28 08:34:37 UTC 2026,1785227677,0,3.08
Tue Jul 28 08:35:23 UTC 2026,1785227723,0,3.37
Tue Jul 28 08:35:59 UTC 2026,1785227759,0,3.14
Tue Jul 28 08:37:25 UTC 2026,1785227845,0,3.07
Tue Jul 28 08:37:40 UTC 2026,1785227860,0,3.46
Tue Jul 28 08:38:38 UTC 2026,1785227918,0,3.32
Tue Jul 28 08:39:28 UTC 2026,1785227968,0,2.99
Tue Jul 28 08:40:18 UTC 2026,1785228018,0,3.47
Tue Jul 28 08:41:22 UTC 2026,1785228082,0,3.0
Tue Jul 28 08:41:43 UTC 2026,1785228103,0,2.95
Tue Jul 28 08:43:06 UTC 2026,1785228186,0,3.35
Tue Jul 28 08:44:01 UTC 2026,1785228241,0,3.13
Tue Jul 28 08:44:38 UTC 2026,1785228278,0,3.4
Tue Jul 28 08:45:04 UTC 2026,1785228304,0,3.37
Tue Jul 28 08:45:49 UTC 2026,1785228349,0,3.07
Tue Jul 28 08:46:34 UTC 2026,1785228394,0,3.4
Tue Jul 28 08:47:20 UTC 2026,1785228440,0,3.12
Tue Jul 28 08:48:28 UTC 2026,1785228508,0,3.09
Tue Jul 28 08:49:01 UTC 2026,1785228541,0,3.36
Tue Jul 28 08:49:55 UTC 2026,1785228595,0,3.39
Tue Jul 28 08:50:13 UTC 2026,1785228613,0,3.18
Tue Jul 28 08:51:36 UTC 2026,1785228696,0,3.15
Tue Jul 28 08:52:52 UTC 2026,1785228772,0,3.35
Tue Jul 28 08:53:11 UTC 2026,1785228791,0,3.36
Tue Jul 28 08:53:24 UTC 2026,1785228804,0,3.18
Tue Jul 28 08:54:59 UTC 2026,1785228899,0,3.14
Tue Jul 28 08:55:32 UTC 2026,1785228932,0,3.32
Tue Jul 28 08:56:27 UTC 2026,1785228987,0,3.41
Tue Jul 28 08:57:34 UTC 2026,1785229054,0,3.13
Tue Jul 28 08:58:52 UTC 2026,1785229132,0,3.4
Tue Jul 28 08:59:37 UTC 2026,1785229177,0,3.04
Tue Jul 28 08:59:46 UTC 2026,1785229186,0,3.45
Tue Jul 28 09:00:04 UTC 2026,1785229204,0,2.99
Tue Jul 28 09:02:12 UTC 2026,1785229332,0,3.1
Tue Jul 28 09:02:49 UTC 2026,1785229369,0,3.35
Tue Jul 28 09:04:10 UTC 2026,1785229450,0,3.31
Tue Jul 28 09:04:37 UTC 2026,1785229477,0,3.14
Tue Jul 28 09:05:41 UTC 2026,1785229541,0,3.36
Tue Jul 28 09:06:03 UTC 2026,1785229563,0,3.06
Tue Jul 28 09:06:22 UTC 2026,1785229582,0,3.32
Tue Jul 28 09:07:25 UTC 2026,1785229645,0,3.14
Tue Jul 28 09:08:29 UTC 2026,1785229709,0,3.29
Tue Jul 28 09:08:43 UTC 2026,1785229723,0,3.09
Tue Jul 28 09:10:24 UTC 2026,1785229824,0,3.28
Tue Jul 28 09:11:13 UTC 2026,1785229873,0,3.08
Tue Jul 28 09:11:58 UTC 2026,1785229918,0,3.21
Tue Jul 28 09:12:39 UTC 2026,1785229959,0,3.0
Tue Jul 28 09:13:20 UTC 2026,1785230000,0,3.19
Tue Jul 28 09:14:06 UTC 2026,1785230046,0,2.98
Tue Jul 28 09:14:38 UTC 2026,1785230078,0,2.96
Tue Jul 28 09:16:09 UTC 2026,1785230169,0,3.24
Tue Jul 28 09:16:58 UTC 2026,1785230218,0,3.01
Tue Jul 28 09:17:30 UTC 2026,1785230250,0,3.3
Tue Jul 28 09:19:11 UTC 2026,1785230351,0,3.0
Tue Jul 28 09:19:19 UTC 2026,1785230359,0,3.25
Tue Jul 28 09:20:10 UTC 2026,1785230410,0,3.22
Tue Jul 28 09:20:50 UTC 2026,1785230450,0,2.9
Tue Jul 28 09:21:35 UTC 2026,1785230495,0,3.25
Tue Jul 28 09:22:13 UTC 2026,1785230533,0,2.94
Tue Jul 28 09:22:48 UTC 2026,1785230568,0,3.04
Tue Jul 28 09:23:47 UTC 2026,1785230627,0,3.25
Tue Jul 28 09:24:56 UTC 2026,1785230696,0,2.93
Tue Jul 28 09:26:03 UTC 2026,1785230763,0,3.24
Tue Jul 28 09:26:40 UTC 2026,1785230800,0,3.25
Tue Jul 28 09:27:30 UTC 2026,1785230850,0,2.87
Tue Jul 28 09:27:53 UTC 2026,1785230873,0,3.19
Tue Jul 28 09:29:19 UTC 2026,1785230959,0,2.8
Tue Jul 28 09:30:09 UTC 2026,1785231009,0,2.78
Tue Jul 28 09:30:41 UTC 2026,1785231041,0,3.28
Tue Jul 28 09:31:35 UTC 2026,1785231095,0,3.32
Tue Jul 28 09:31:58 UTC 2026,1785231118,0,3.04
Tue Jul 28 09:33:39 UTC 2026,1785231219,0,3.06
Tue Jul 28 09:33:56 UTC 2026,1785231236,0,3.26
Tue Jul 28 09:35:00 UTC 2026,1785231300,0,3.05
Tue Jul 28 09:35:45 UTC 2026,1785231345,0,3.25
Tue Jul 28 09:36:04 UTC 2026,1785231364,0,3.03
Tue Jul 28 09:36:08 UTC 2026,1785231368,0,3.23
Tue Jul 28 09:37:44 UTC 2026,1785231464,0,3.07
Tue Jul 28 09:37:58 UTC 2026,1785231478,0,3.26
Tue Jul 28 09:39:23 UTC 2026,1785231563,0,3.02
Tue Jul 28 09:39:28 UTC 2026,1785231568,0,3.19
Tue Jul 28 09:41:35 UTC 2026,1785231695,0,3.01
Tue Jul 28 09:43:48 UTC 2026,1785231828,0,3.03
Tue Jul 28 09:43:52 UTC 2026,1785231832,0,3.24
Tue Jul 28 09:44:46 UTC 2026,1785231886,0,3.22
Tue Jul 28 09:45:32 UTC 2026,1785231932,0,3.06
Tue Jul 28 09:47:21 UTC 2026,1785232041,0,3.26
Tue Jul 28 09:47:39 UTC 2026,1785232059,0,3.05
Tue Jul 28 09:49:10 UTC 2026,1785232150,0,3.25
Tue Jul 28 09:49:42 UTC 2026,1785232182,0,3.23
Tue Jul 28 09:50:23 UTC 2026,1785232223,0,3.03
Tue Jul 28 09:51:13 UTC 2026,1785232273,0,3.02
Tue Jul 28 09:51:49 UTC 2026,1785232309,0,3.27
Tue Jul 28 09:52:43 UTC 2026,1785232363,0,3.22
Tue Jul 28 09:53:30 UTC 2026,1785232410,0,3.04
Tue Jul 28 09:54:32 UTC 2026,1785232472,0,3.22
Tue Jul 28 09:55:32 UTC 2026,1785232532,0,3.06
Tue Jul 28 09:56:36 UTC 2026,1785232596,0,3.17
Tue Jul 28 09:57:17 UTC 2026,1785232637,0,2.83
Tue Jul 28 09:58:29 UTC 2026,1785232709,0,3.12
Tue Jul 28 09:58:38 UTC 2026,1785232718,0,2.86
Tue Jul 28 09:59:55 UTC 2026,1785232795,0,3.23
Tue Jul 28 10:00:04 UTC 2026,1785232804,0,2.84
Tue Jul 28 10:00:46 UTC 2026,1785232846,0,3.0
Tue Jul 28 10:01:40 UTC 2026,1785232900,0,3.28
Tue Jul 28 10:02:57 UTC 2026,1785232977,0,3.25
Tue Jul 28 10:03:46 UTC 2026,1785233026,0,3.07
Tue Jul 28 10:05:05 UTC 2026,1785233105,0,3.1
Tue Jul 28 10:05:13 UTC 2026,1785233113,0,3.3
Tue Jul 28 10:05:50 UTC 2026,1785233150,0,3.11
Tue Jul 28 10:06:31 UTC 2026,1785233191,0,3.29
Tue Jul 28 10:08:34 UTC 2026,1785233314,0,3.1
Tue Jul 28 10:09:51 UTC 2026,1785233391,0,3.16
Tue Jul 28 10:10:27 UTC 2026,1785233427,0,3.31
Tue Jul 28 10:10:55 UTC 2026,1785233455,0,3.34
Tue Jul 28 10:12:03 UTC 2026,1785233523,0,3.12
Tue Jul 28 10:12:39 UTC 2026,1785233559,0,3.18
Tue Jul 28 10:13:24 UTC 2026,1785233604,0,3.31
Tue Jul 28 10:14:13 UTC 2026,1785233653,0,3.1
Tue Jul 28 10:14:41 UTC 2026,1785233681,0,3.35
Tue Jul 28 10:16:04 UTC 2026,1785233764,0,3.32
Tue Jul 28 10:16:17 UTC 2026,1785233777,0,3.21
Tue Jul 28 10:17:57 UTC 2026,1785233877,0,3.2
Tue Jul 28 10:18:06 UTC 2026,1785233886,0,3.37
Tue Jul 28 10:20:27 UTC 2026,1785234027,0,3.51
Tue Jul 28 10:20:31 UTC 2026,1785234031,0,3.17
Tue Jul 28 10:21:03 UTC 2026,1785234063,0,3.25
Tue Jul 28 10:21:58 UTC 2026,1785234118,0,3.45
Tue Jul 28 10:22:29 UTC 2026,1785234149,0,3.22
Tue Jul 28 10:23:47 UTC 2026,1785234227,0,3.43
Tue Jul 28 10:24:51 UTC 2026,1785234291,0,3.1
Tue Jul 28 10:25:22 UTC 2026,1785234322,0,3.52
Tue Jul 28 10:25:36 UTC 2026,1785234336,0,3.01
Tue Jul 28 10:25:49 UTC 2026,1785234349,0,3.52
Tue Jul 28 10:27:25 UTC 2026,1785234445,0,3.36
Tue Jul 28 10:27:53 UTC 2026,1785234473,0,2.9
Tue Jul 28 10:29:01 UTC 2026,1785234541,0,2.92
Tue Jul 28 10:29:10 UTC 2026,1785234550,0,3.33
Tue Jul 28 10:31:03 UTC 2026,1785234663,0,3.32
Tue Jul 28 10:31:31 UTC 2026,1785234691,0,2.96
Tue Jul 28 10:32:26 UTC 2026,1785234746,0,2.89
Tue Jul 28 10:33:38 UTC 2026,1785234818,0,3.29
Tue Jul 28 10:33:56 UTC 2026,1785234836,0,2.88
Tue Jul 28 10:34:46 UTC 2026,1785234886,0,3.32
Tue Jul 28 10:36:17 UTC 2026,1785234977,0,3.43
Tue Jul 28 10:36:44 UTC 2026,1785235004,0,3.01
Tue Jul 28 10:37:07 UTC 2026,1785235027,0,3.09
Tue Jul 28 10:37:25 UTC 2026,1785235045,0,3.63
Tue Jul 28 10:40:05 UTC 2026,1785235205,0,3.11
Tue Jul 28 10:40:14 UTC 2026,1785235214,0,3.34
Tue Jul 28 10:41:21 UTC 2026,1785235281,0,2.81
Tue Jul 28 10:41:49 UTC 2026,1785235309,0,3.63
Tue Jul 28 10:42:02 UTC 2026,1785235322,0,3.51
Tue Jul 28 10:43:24 UTC 2026,1785235404,0,2.85
Tue Jul 28 10:44:28 UTC 2026,1785235468,0,2.35
Tue Jul 28 10:45:09 UTC 2026,1785235509,0,3.04
Tue Jul 28 10:46:22 UTC 2026,1785235582,0,2.37
Tue Jul 28 10:46:54 UTC 2026,1785235614,0,3.44
Tue Jul 28 10:47:34 UTC 2026,1785235654,0,3.12
Tue Jul 28 10:48:29 UTC 2026,1785235709,0,2.43
Tue Jul 28 10:48:47 UTC 2026,1785235727,0,2.24
Tue Jul 28 10:49:37 UTC 2026,1785235777,0,2.89
Tue Jul 28 10:51:04 UTC 2026,1785235864,0,2.85
Tue Jul 28 10:51:45 UTC 2026,1785235905,0,2.46
Tue Jul 28 10:51:55 UTC 2026,1785235915,0,2.31
Tue Jul 28 10:53:29 UTC 2026,1785236009,0,1.11
Tue Jul 28 10:53:38 UTC 2026,1785236018,0,0.98
Tue Jul 28 10:54:29 UTC 2026,1785236069,0,0.01
Tue Jul 28 10:55:18 UTC 2026,1785236118,0,0.74
Tue Jul 28 10:56:09 UTC 2026,1785236169,0,2.03
Tue Jul 28 10:56:54 UTC 2026,1785236214,0,1.47
Tue Jul 28 10:58:26 UTC 2026,1785236306,0,2.81
Tue Jul 28 10:58:34 UTC 2026,1785236314,0,2.91
Tue Jul 28 10:59:20 UTC 2026,1785236360,0,3.22
Tue Jul 28 11:00:45 UTC 2026,1785236445,0,3.01
Tue Jul 28 11:01:44 UTC 2026,1785236504,0,3.34
Tue Jul 28 11:01:49 UTC 2026,1785236509,0,3.24
Tue Jul 28 11:03:16 UTC 2026,1785236596,0,3.44
Tue Jul 28 11:03:48 UTC 2026,1785236628,0,3.34
Tue Jul 28 11:04:59 UTC 2026,1785236699,0,3.57
Tue Jul 28 11:05:09 UTC 2026,1785236709,0,3.41
Tue Jul 28 11:06:09 UTC 2026,1785236769,0,3.59
Tue Jul 28 11:06:54 UTC 2026,1785236814,0,3.48
Tue Jul 28 11:08:15 UTC 2026,1785236895,0,3.65
Tue Jul 28 11:09:09 UTC 2026,1785236949,0,3.47
Tue Jul 28 11:09:46 UTC 2026,1785236986,0,3.72
Tue Jul 28 11:10:05 UTC 2026,1785237005,0,3.55
Tue Jul 28 11:11:23 UTC 2026,1785237083,0,3.71
Tue Jul 28 11:11:58 UTC 2026,1785237118,0,3.55
Tue Jul 28 11:12:49 UTC 2026,1785237169,0,3.78
Tue Jul 28 11:13:30 UTC 2026,1785237210,0,3.63
Tue Jul 28 11:14:33 UTC 2026,1785237273,0,3.81
Tue Jul 28 11:15:33 UTC 2026,1785237333,0,3.66
Tue Jul 28 11:15:55 UTC 2026,1785237355,0,3.8
Tue Jul 28 11:17:08 UTC 2026,1785237428,0,3.82
Tue Jul 28 11:17:41 UTC 2026,1785237461,0,3.64
Tue Jul 28 11:19:37 UTC 2026,1785237577,0,3.85
Tue Jul 28 11:19:43 UTC 2026,1785237583,0,3.65
Tue Jul 28 11:20:00 UTC 2026,1785237600,0,3.84
Tue Jul 28 11:21:09 UTC 2026,1785237669,0,3.68
Tue Jul 28 11:21:45 UTC 2026,1785237705,0,3.73
Tue Jul 28 11:22:35 UTC 2026,1785237755,0,3.95
Tue Jul 28 11:23:20 UTC 2026,1785237800,0,3.67
Tue Jul 28 11:23:39 UTC 2026,1785237819,0,3.86
Tue Jul 28 11:25:37 UTC 2026,1785237937,0,3.72
Tue Jul 28 11:25:50 UTC 2026,1785237950,0,3.88
Tue Jul 28 11:26:55 UTC 2026,1785238015,0,3.89
Tue Jul 28 11:27:53 UTC 2026,1785238073,0,3.72
Tue Jul 28 11:28:57 UTC 2026,1785238137,0,3.71
Tue Jul 28 11:29:30 UTC 2026,1785238170,0,3.9
Tue Jul 28 11:30:04 UTC 2026,1785238204,0,3.69
Tue Jul 28 11:30:45 UTC 2026,1785238245,0,3.9
Tue Jul 28 11:31:53 UTC 2026,1785238313,0,3.76
Tue Jul 28 11:32:53 UTC 2026,1785238373,0,3.97
Tue Jul 28 11:33:12 UTC 2026,1785238392,0,3.98
Tue Jul 28 11:33:39 UTC 2026,1785238419,0,3.83
Tue Jul 28 11:35:41 UTC 2026,1785238541,0,3.97
Tue Jul 28 11:36:03 UTC 2026,1785238563,0,3.78
Tue Jul 28 11:36:36 UTC 2026,1785238596,0,3.81
Tue Jul 28 11:36:40 UTC 2026,1785238600,0,4.01
Tue Jul 28 11:38:07 UTC 2026,1785238687,0,4.0
Tue Jul 28 11:38:51 UTC 2026,1785238731,0,3.82
Tue Jul 28 11:40:26 UTC 2026,1785238826,0,3.99
Tue Jul 28 11:41:04 UTC 2026,1785238864,0,3.8
Tue Jul 28 11:41:40 UTC 2026,1785238900,0,3.9
Tue Jul 28 11:42:44 UTC 2026,1785238964,0,3.7
Tue Jul 28 11:44:02 UTC 2026,1785239042,0,3.91
Tue Jul 28 11:44:23 UTC 2026,1785239063,0,3.63
Tue Jul 28 11:45:09 UTC 2026,1785239109,0,3.68
Tue Jul 28 11:45:22 UTC 2026,1785239122,0,3.88
Tue Jul 28 11:47:12 UTC 2026,1785239232,0,3.93
Tue Jul 28 11:47:44 UTC 2026,1785239264,0,3.79
Tue Jul 28 11:48:43 UTC 2026,1785239323,0,3.74
Tue Jul 28 11:48:47 UTC 2026,1785239327,0,3.92
Tue Jul 28 11:50:28 UTC 2026,1785239428,0,3.9
Tue Jul 28 11:50:37 UTC 2026,1785239437,0,3.78
Tue Jul 28 11:51:35 UTC 2026,1785239495,0,3.93
Tue Jul 28 11:52:11 UTC 2026,1785239531,0,3.67
Tue Jul 28 11:52:57 UTC 2026,1785239577,0,3.98
Tue Jul 28 11:54:33 UTC 2026,1785239673,0,3.64
Tue Jul 28 11:54:51 UTC 2026,1785239691,0,3.79
Tue Jul 28 11:55:27 UTC 2026,1785239727,0,3.53
Tue Jul 28 11:56:17 UTC 2026,1785239777,0,3.84
Tue Jul 28 11:56:22 UTC 2026,1785239782,0,3.6
Tue Jul 28 11:58:29 UTC 2026,1785239909,0,3.84
Tue Jul 28 11:59:19 UTC 2026,1785239959,0,3.61
Tue Jul 28 11:59:46 UTC 2026,1785239986,0,3.79
Tue Jul 28 12:00:00 UTC 2026,1785240000,0,3.58
Tue Jul 28 12:01:31 UTC 2026,1785240091,0,3.84
Tue Jul 28 12:01:45 UTC 2026,1785240105,0,3.61
Tue Jul 28 12:03:19 UTC 2026,1785240199,0,3.67
Tue Jul 28 12:04:05 UTC 2026,1785240245,0,3.87
Tue Jul 28 12:04:46 UTC 2026,1785240286,0,3.7
Tue Jul 28 12:05:14 UTC 2026,1785240314,0,3.84
Tue Jul 28 12:06:17 UTC 2026,1785240377,0,3.87
Tue Jul 28 12:06:35 UTC 2026,1785240395,0,3.61
Tue Jul 28 12:08:15 UTC 2026,1785240495,0,3.7
Tue Jul 28 12:08:38 UTC 2026,1785240518,0,3.88
Tue Jul 28 12:09:32 UTC 2026,1785240572,0,3.69
Tue Jul 28 12:10:32 UTC 2026,1785240632,0,3.91
Tue Jul 28 12:11:12 UTC 2026,1785240672,0,3.75
Tue Jul 28 12:12:43 UTC 2026,1785240763,0,3.95
Tue Jul 28 12:12:57 UTC 2026,1785240777,0,3.73
Tue Jul 28 12:13:06 UTC 2026,1785240786,0,3.94
Tue Jul 28 12:15:27 UTC 2026,1785240927,0,3.96
Tue Jul 28 12:15:45 UTC 2026,1785240945,0,3.7
Tue Jul 28 12:16:09 UTC 2026,1785240969,0,3.77
Tue Jul 28 12:17:30 UTC 2026,1785241050,0,4.0
Tue Jul 28 12:17:56 UTC 2026,1785241076,0,3.74
Tue Jul 28 12:18:01 UTC 2026,1785241081,0,4.02
Tue Jul 28 12:19:47 UTC 2026,1785241187,0,3.59
Tue Jul 28 12:19:51 UTC 2026,1785241191,0,3.94
Tue Jul 28 12:21:57 UTC 2026,1785241317,0,3.63
Tue Jul 28 12:22:17 UTC 2026,1785241337,0,3.9
Tue Jul 28 12:23:11 UTC 2026,1785241391,0,4.02
Tue Jul 28 12:23:33 UTC 2026,1785241413,0,3.74
Tue Jul 28 12:24:55 UTC 2026,1785241495,0,3.92
Tue Jul 28 12:25:46 UTC 2026,1785241546,0,3.71
Tue Jul 28 12:26:12 UTC 2026,1785241572,0,3.66
Tue Jul 28 12:27:26 UTC 2026,1785241646,0,3.93
Tue Jul 28 12:27:48 UTC 2026,1785241668,0,3.76
Tue Jul 28 12:28:56 UTC 2026,1785241736,0,3.95
Tue Jul 28 12:29:28 UTC 2026,1785241768,0,3.7
Tue Jul 28 12:29:37 UTC 2026,1785241777,0,4.05
Tue Jul 28 12:30:54 UTC 2026,1785241854,0,3.92
Tue Jul 28 12:32:03 UTC 2026,1785241923,0,3.58
Tue Jul 28 12:32:52 UTC 2026,1785241972,0,3.5
Tue Jul 28 12:33:56 UTC 2026,1785242036,0,3.76
Tue Jul 28 12:34:27 UTC 2026,1785242067,0,3.8
Tue Jul 28 12:35:50 UTC 2026,1785242150,0,3.52
Tue Jul 28 12:36:35 UTC 2026,1785242195,0,3.47
Tue Jul 28 12:37:02 UTC 2026,1785242222,0,3.8
Tue Jul 28 12:38:20 UTC 2026,1785242300,0,3.77
Tue Jul 28 12:39:02 UTC 2026,1785242342,0,3.51
Tue Jul 28 12:39:15 UTC 2026,1785242355,0,3.73
Tue Jul 28 12:40:27 UTC 2026,1785242427,0,3.39
Tue Jul 28 12:41:04 UTC 2026,1785242464,0,3.63
Tue Jul 28 12:41:34 UTC 2026,1785242494,0,3.24
Tue Jul 28 12:42:29 UTC 2026,1785242549,0,3.54
Tue Jul 28 12:43:05 UTC 2026,1785242585,0,3.29
Tue Jul 28 12:44:41 UTC 2026,1785242681,0,3.57
Tue Jul 28 12:45:31 UTC 2026,1785242731,0,3.24
Tue Jul 28 12:47:15 UTC 2026,1785242835,0,3.52
Tue Jul 28 12:47:35 UTC 2026,1785242855,0,3.51
Tue Jul 28 12:48:47 UTC 2026,1785242927,0,2.88
Tue Jul 28 12:49:18 UTC 2026,1785242958,0,3.18
Tue Jul 28 12:50:23 UTC 2026,1785243023,0,2.84
Tue Jul 28 12:51:21 UTC 2026,1785243081,0,3.1
Tue Jul 28 12:52:20 UTC 2026,1785243140,0,2.32
Tue Jul 28 12:52:33 UTC 2026,1785243153,0,2.38
Tue Jul 28 12:53:01 UTC 2026,1785243181,0,2.88
Tue Jul 28 12:54:14 UTC 2026,1785243254,0,2.72
Tue Jul 28 12:55:31 UTC 2026,1785243331,0,3.14
Tue Jul 28 12:56:12 UTC 2026,1785243372,0,2.89
Tue Jul 28 12:56:36 UTC 2026,1785243396,0,3.23
Tue Jul 28 12:58:11 UTC 2026,1785243491,0,3.16
Tue Jul 28 12:58:51 UTC 2026,1785243531,0,2.35
Tue Jul 28 12:59:05 UTC 2026,1785243545,0,2.29
Tue Jul 28 13:00:13 UTC 2026,1785243613,0,3.36
Tue Jul 28 13:00:40 UTC 2026,1785243640,0,3.21
Tue Jul 28 13:01:59 UTC 2026,1785243719,0,3.54
Tue Jul 28 13:02:20 UTC 2026,1785243740,0,3.5
Tue Jul 28 13:02:29 UTC 2026,1785243749,0,3.31
Tue Jul 28 13:04:18 UTC 2026,1785243858,0,3.58
Tue Jul 28 13:04:50 UTC 2026,1785243890,0,3.23
Tue Jul 28 13:05:59 UTC 2026,1785243959,0,3.28
Tue Jul 28 13:06:35 UTC 2026,1785243995,0,3.56
Tue Jul 28 13:07:48 UTC 2026,1785244068,0,3.37
Tue Jul 28 13:08:32 UTC 2026,1785244112,0,3.68
Tue Jul 28 13:09:00 UTC 2026,1785244140,0,3.69
Tue Jul 28 13:09:13 UTC 2026,1785244153,0,3.4
Tue Jul 28 13:11:17 UTC 2026,1785244277,0,3.46
Tue Jul 28 13:12:02 UTC 2026,1785244322,0,3.78
Tue Jul 28 13:12:25 UTC 2026,1785244345,0,3.75
Tue Jul 28 13:12:51 UTC 2026,1785244371,0,3.56
Tue Jul 28 13:14:33 UTC 2026,1785244473,0,3.8
Tue Jul 28 13:14:42 UTC 2026,1785244482,0,3.55
Tue Jul 28 13:16:31 UTC 2026,1785244591,0,3.59
Tue Jul 28 13:16:48 UTC 2026,1785244608,0,3.91
Tue Jul 28 13:18:15 UTC 2026,1785244695,0,3.86
Tue Jul 28 13:18:24 UTC 2026,1785244704,0,3.62
Tue Jul 28 13:19:32 UTC 2026,1785244772,0,3.91
Tue Jul 28 13:19:54 UTC 2026,1785244794,0,3.58
Tue Jul 28 13:20:34 UTC 2026,1785244834,0,3.85
Tue Jul 28 13:21:02 UTC 2026,1785244862,0,3.52
Tue Jul 28 13:22:07 UTC 2026,1785244927,0,3.9
Tue Jul 28 13:22:16 UTC 2026,1785244936,0,3.63
Tue Jul 28 13:24:23 UTC 2026,1785245063,0,3.88
Tue Jul 28 13:24:45 UTC 2026,1785245085,0,3.69
Tue Jul 28 13:25:27 UTC 2026,1785245127,0,3.67
Tue Jul 28 13:26:18 UTC 2026,1785245178,0,3.95
Tue Jul 28 13:27:47 UTC 2026,1785245267,0,3.73
Tue Jul 28 13:28:14 UTC 2026,1785245294,0,3.97
Tue Jul 28 13:29:10 UTC 2026,1785245350,0,4.02
Tue Jul 28 13:29:27 UTC 2026,1785245367,0,3.68
Tue Jul 28 13:30:41 UTC 2026,1785245441,0,3.98
Tue Jul 28 13:31:12 UTC 2026,1785245472,0,3.76
Tue Jul 28 13:32:24 UTC 2026,1785245544,0,3.7
Tue Jul 28 13:33:16 UTC 2026,1785245596,0,3.89
Tue Jul 28 13:34:10 UTC 2026,1785245650,0,3.68
Tue Jul 28 13:34:37 UTC 2026,1785245677,0,3.87
Tue Jul 28 13:35:22 UTC 2026,1785245722,0,3.67
Tue Jul 28 13:36:16 UTC 2026,1785245776,0,3.86
Tue Jul 28 13:37:02 UTC 2026,1785245822,0,3.9
Tue Jul 28 13:37:34 UTC 2026,1785245854,0,3.68
Tue Jul 28 13:38:55 UTC 2026,1785245935,0,3.85
Tue Jul 28 13:39:46 UTC 2026,1785245986,0,3.66
Tue Jul 28 13:41:03 UTC 2026,1785246063,0,3.59
Tue Jul 28 13:41:40 UTC 2026,1785246100,0,3.87
Tue Jul 28 13:42:30 UTC 2026,1785246150,0,3.67
Tue Jul 28 13:43:02 UTC 2026,1785246182,0,3.83
Tue Jul 28 13:44:00 UTC 2026,1785246240,0,3.69
Tue Jul 28 13:44:37 UTC 2026,1785246277,0,3.93
Tue Jul 28 13:45:40 UTC 2026,1785246340,0,3.68
Tue Jul 28 13:46:17 UTC 2026,1785246377,0,3.9
Tue Jul 28 13:46:49 UTC 2026,1785246409,0,3.77
Tue Jul 28 13:47:48 UTC 2026,1785246468,0,3.97
Tue Jul 28 13:48:39 UTC 2026,1785246519,0,3.72
Tue Jul 28 13:49:56 UTC 2026,1785246596,0,4.01
Tue Jul 28 13:50:31 UTC 2026,1785246631,0,3.96
Tue Jul 28 13:51:12 UTC 2026,1785246672,0,3.71
Tue Jul 28 13:51:58 UTC 2026,1785246718,0,3.91
Tue Jul 28 13:53:19 UTC 2026,1785246799,0,3.72
Tue Jul 28 13:53:25 UTC 2026,1785246805,0,3.89
Tue Jul 28 13:55:00 UTC 2026,1785246900,0,3.71
Tue Jul 28 13:55:36 UTC 2026,1785246936,0,3.84
Tue Jul 28 13:56:14 UTC 2026,1785246974,0,3.66
Tue Jul 28 13:57:12 UTC 2026,1785247032,0,3.8
Tue Jul 28 13:57:40 UTC 2026,1785247060,0,3.69
Tue Jul 28 13:58:34 UTC 2026,1785247114,0,3.79
Tue Jul 28 13:58:57 UTC 2026,1785247137,0,3.56
Tue Jul 28 14:00:28 UTC 2026,1785247228,0,3.79
Tue Jul 28 14:00:51 UTC 2026,1785247251,0,3.58
Tue Jul 28 14:01:45 UTC 2026,1785247305,0,3.77
Tue Jul 28 14:03:01 UTC 2026,1785247381,0,3.57
Tue Jul 28 14:03:34 UTC 2026,1785247414,0,3.8
Tue Jul 28 14:04:38 UTC 2026,1785247478,0,3.58
Tue Jul 28 14:05:00 UTC 2026,1785247500,0,3.51
Tue Jul 28 14:05:28 UTC 2026,1785247528,0,3.76
Tue Jul 28 14:07:03 UTC 2026,1785247623,0,3.78
Tue Jul 28 14:07:40 UTC 2026,1785247660,0,3.59
Tue Jul 28 14:09:29 UTC 2026,1785247769,0,3.5
Tue Jul 28 14:09:38 UTC 2026,1785247778,0,3.81
Tue Jul 28 14:10:55 UTC 2026,1785247855,0,3.75
Tue Jul 28 14:11:13 UTC 2026,1785247873,0,3.51
Tue Jul 28 14:11:50 UTC 2026,1785247910,0,3.72
Tue Jul 28 14:12:17 UTC 2026,1785247937,0,3.47
Tue Jul 28 14:13:39 UTC 2026,1785248019,0,3.73
Tue Jul 28 14:13:52 UTC 2026,1785248032,0,3.43
Tue Jul 28 14:15:05 UTC 2026,1785248105,0,3.72
Tue Jul 28 14:15:42 UTC 2026,1785248142,0,3.53
Tue Jul 28 14:17:49 UTC 2026,1785248269,0,3.37
Tue Jul 28 14:17:58 UTC 2026,1785248278,0,3.74
Tue Jul 28 14:18:34 UTC 2026,1785248314,0,3.61
Tue Jul 28 14:18:56 UTC 2026,1785248336,0,3.14
Tue Jul 28 14:19:52 UTC 2026,1785248392,0,3.38
Tue Jul 28 14:21:04 UTC 2026,1785248464,0,2.78
Tue Jul 28 14:22:08 UTC 2026,1785248528,0,3.11
Tue Jul 28 14:22:53 UTC 2026,1785248573,0,2.78
Tue Jul 28 14:23:48 UTC 2026,1785248628,0,3.07
Tue Jul 28 14:24:51 UTC 2026,1785248691,0,2.75
Tue Jul 28 14:25:50 UTC 2026,1785248750,0,3.01
Tue Jul 28 14:26:31 UTC 2026,1785248791,0,2.83
Tue Jul 28 14:28:02 UTC 2026,1785248882,0,1.59
Tue Jul 28 14:28:47 UTC 2026,1785248927,0,1.38
Tue Jul 28 14:29:15 UTC 2026,1785248955,0,1.96
Tue Jul 28 14:30:09 UTC 2026,1785249009,0,1.78
Tue Jul 28 14:30:28 UTC 2026,1785249028,0,2.26
Tue Jul 28 14:31:41 UTC 2026,1785249101,0,2.24
Tue Jul 28 14:32:36 UTC 2026,1785249156,0,1.89
Tue Jul 28 14:33:20 UTC 2026,1785249200,0,2.33
Tue Jul 28 14:34:05 UTC 2026,1785249245,0,1.83
Tue Jul 28 14:35:10 UTC 2026,1785249310,0,1.85
Tue Jul 28 14:36:09 UTC 2026,1785249369,0,2.17
Tue Jul 28 14:36:32 UTC 2026,1785249392,0,1.94
Tue Jul 28 14:37:26 UTC 2026,1785249446,0,2.39
Tue Jul 28 14:38:01 UTC 2026,1785249481,0,2.37
Tue Jul 28 14:39:06 UTC 2026,1785249546,0,1.53
Tue Jul 28 14:39:38 UTC 2026,1785249578,0,1.81
Tue Jul 28 14:41:12 UTC 2026,1785249672,0,0.32
Tue Jul 28 14:41:16 UTC 2026,1785249676,0,0.35
Tue Jul 28 14:42:49 UTC 2026,1785249769,0,-0.91
Tue Jul 28 14:42:57 UTC 2026,1785249777,0,-0.61
Tue Jul 28 14:44:32 UTC 2026,1785249872,0,0.99
Tue Jul 28 14:44:55 UTC 2026,1785249895,0,1.09
Tue Jul 28 14:45:40 UTC 2026,1785249940,0,-0.04
Tue Jul 28 14:47:21 UTC 2026,1785250041,0,0.97
Tue Jul 28 14:47:44 UTC 2026,1785250064,0,0.11
Tue Jul 28 14:47:57 UTC 2026,1785250077,0,0.58
Tue Jul 28 14:49:28 UTC 2026,1785250168,0,-0.12
Tue Jul 28 14:49:36 UTC 2026,1785250176,0,0.25
Tue Jul 28 14:50:59 UTC 2026,1785250259,0,-1.03
Tue Jul 28 14:51:09 UTC 2026,1785250269,0,-0.22
Tue Jul 28 14:52:21 UTC 2026,1785250341,0,-2.07
Tue Jul 28 14:53:33 UTC 2026,1785250413,0,-2.12
Tue Jul 28 14:54:06 UTC 2026,1785250446,0,-0.39
Tue Jul 28 14:54:28 UTC 2026,1785250468,0,-0.53
Tue Jul 28 14:56:04 UTC 2026,1785250564,0,0.8
Tue Jul 28 14:56:54 UTC 2026,1785250614,0,0.28
Tue Jul 28 14:57:16 UTC 2026,1785250636,0,1.16
Tue Jul 28 14:58:08 UTC 2026,1785250688,0,1.83
Tue Jul 28 14:58:48 UTC 2026,1785250728,0,0.42
Tue Jul 28 15:00:04 UTC 2026,1785250804,0,0.57
Tue Jul 28 15:00:59 UTC 2026,1785250859,0,2.11
Tue Jul 28 15:01:08 UTC 2026,1785250868,0,1.78
Tue Jul 28 15:02:07 UTC 2026,1785250927,0,2.46
Tue Jul 28 15:02:44 UTC 2026,1785250964,0,2.13
Tue Jul 28 15:02:58 UTC 2026,1785250978,0,2.62
Tue Jul 28 15:04:24 UTC 2026,1785251064,0,2.54
Tue Jul 28 15:05:37 UTC 2026,1785251137,0,2.04
Tue Jul 28 15:06:00 UTC 2026,1785251160,0,2.18
Tue Jul 28 15:06:54 UTC 2026,1785251214,0,2.44
Tue Jul 28 15:08:06 UTC 2026,1785251286,0,2.38
Tue Jul 28 15:09:01 UTC 2026,1785251341,0,2.67
Tue Jul 28 15:09:19 UTC 2026,1785251359,0,2.52
Tue Jul 28 15:10:55 UTC 2026,1785251455,0,2.78
Tue Jul 28 15:11:04 UTC 2026,1785251464,0,2.66
Tue Jul 28 15:11:59 UTC 2026,1785251519,0,2.85
Tue Jul 28 15:13:20 UTC 2026,1785251600,0,2.82
Tue Jul 28 15:13:57 UTC 2026,1785251637,0,2.63
Tue Jul 28 15:14:24 UTC 2026,1785251664,0,2.68
Tue Jul 28 15:15:05 UTC 2026,1785251705,0,2.85
Tue Jul 28 15:16:13 UTC 2026,1785251773,0,2.83
Tue Jul 28 15:17:26 UTC 2026,1785251846,0,2.44
Tue Jul 28 15:17:53 UTC 2026,1785251873,0,2.38
Tue Jul 28 15:18:11 UTC 2026,1785251891,0,2.69
Tue Jul 28 15:19:24 UTC 2026,1785251964,0,2.57
Tue Jul 28 15:20:40 UTC 2026,1785252040,0,2.82
Tue Jul 28 15:22:20 UTC 2026,1785252140,0,2.59
Tue Jul 28 15:22:26 UTC 2026,1785252146,0,2.82
Tue Jul 28 15:22:35 UTC 2026,1785252155,0,2.57
Tue Jul 28 15:22:53 UTC 2026,1785252173,0,2.91
Tue Jul 28 15:25:00 UTC 2026,1785252300,0,2.55
Tue Jul 28 15:25:09 UTC 2026,1785252309,0,2.76
Tue Jul 28 15:26:26 UTC 2026,1785252386,0,2.53
Tue Jul 28 15:26:54 UTC 2026,1785252414,0,2.73
Tue Jul 28 15:27:58 UTC 2026,1785252478,0,2.49
Tue Jul 28 15:28:06 UTC 2026,1785252486,0,2.66
Tue Jul 28 15:29:38 UTC 2026,1785252578,0,2.75
Tue Jul 28 15:30:23 UTC 2026,1785252623,0,2.48
Tue Jul 28 15:30:46 UTC 2026,1785252646,0,2.64
Tue Jul 28 15:31:44 UTC 2026,1785252704,0,2.49
Tue Jul 28 15:32:29 UTC 2026,1785252749,0,2.43
Tue Jul 28 15:34:01 UTC 2026,1785252841,0,2.7
Tue Jul 28 15:34:15 UTC 2026,1785252855,0,2.57
Tue Jul 28 15:35:41 UTC 2026,1785252941,0,2.7
Tue Jul 28 15:36:04 UTC 2026,1785252964,0,2.73
Tue Jul 28 15:37:04 UTC 2026,1785253024,0,2.52
Tue Jul 28 15:37:44 UTC 2026,1785253064,0,2.64
Tue Jul 28 15:38:39 UTC 2026,1785253119,0,2.38
Tue Jul 28 15:39:33 UTC 2026,1785253173,0,2.57
Tue Jul 28 15:39:41 UTC 2026,1785253181,0,2.36
Tue Jul 28 15:40:59 UTC 2026,1785253259,0,2.5
Tue Jul 28 15:41:04 UTC 2026,1785253264,0,2.28
Tue Jul 28 15:42:21 UTC 2026,1785253341,0,2.44
Tue Jul 28 15:43:47 UTC 2026,1785253427,0,2.13
Tue Jul 28 15:44:56 UTC 2026,1785253496,0,2.32
Tue Jul 28 15:45:13 UTC 2026,1785253513,0,2.12
Tue Jul 28 15:45:50 UTC 2026,1785253550,0,2.32
Tue Jul 28 15:46:09 UTC 2026,1785253569,0,2.05
Tue Jul 28 15:47:53 UTC 2026,1785253673,0,2.31
Tue Jul 28 15:48:39 UTC 2026,1785253719,0,2.0
Tue Jul 28 15:49:01 UTC 2026,1785253741,0,2.25
Tue Jul 28 15:49:38 UTC 2026,1785253778,0,2.01
Tue Jul 28 15:51:36 UTC 2026,1785253896,0,1.99
Tue Jul 28 15:52:08 UTC 2026,1785253928,0,2.26
Tue Jul 28 15:52:16 UTC 2026,1785253936,0,2.23
Tue Jul 28 15:53:25 UTC 2026,1785254005,0,1.98
Tue Jul 28 15:54:42 UTC 2026,1785254082,0,2.34
Tue Jul 28 15:55:19 UTC 2026,1785254119,0,1.98
Tue Jul 28 15:55:40 UTC 2026,1785254140,0,2.31
Tue Jul 28 15:56:40 UTC 2026,1785254200,0,2.05
Tue Jul 28 15:57:17 UTC 2026,1785254237,0,2.11
Tue Jul 28 15:58:20 UTC 2026,1785254300,0,2.3
Tue Jul 28 15:59:24 UTC 2026,1785254364,0,2.13
Tue Jul 28 16:00:15 UTC 2026,1785254415,0,2.3
Tue Jul 28 16:00:42 UTC 2026,1785254442,0,2.37
Tue Jul 28 16:01:58 UTC 2026,1785254518,0,2.04
Tue Jul 28 16:02:30 UTC 2026,1785254550,0,2.11
Tue Jul 28 16:03:39 UTC 2026,1785254619,0,2.38
Tue Jul 28 16:03:44 UTC 2026,1785254624,0,2.18
Tue Jul 28 16:04:15 UTC 2026,1785254655,0,2.12
Tue Jul 28 16:05:05 UTC 2026,1785254705,0,2.38
Tue Jul 28 16:06:07 UTC 2026,1785254767,0,2.21
Tue Jul 28 16:06:48 UTC 2026,1785254808,0,2.47
Tue Jul 28 16:07:34 UTC 2026,1785254854,0,2.46
Tue Jul 28 16:07:40 UTC 2026,1785254860,0,2.22
Tue Jul 28 16:09:02 UTC 2026,1785254942,0,2.29
Tue Jul 28 16:10:04 UTC 2026,1785255004,0,2.55
Tue Jul 28 16:10:27 UTC 2026,1785255027,0,2.14
Tue Jul 28 16:10:41 UTC 2026,1785255041,0,2.46
Tue Jul 28 16:13:12 UTC 2026,1785255192,0,2.28
Tue Jul 28 16:13:20 UTC 2026,1785255200,0,2.61
Tue Jul 28 16:14:10 UTC 2026,1785255250,0,2.66
Tue Jul 28 16:15:14 UTC 2026,1785255314,0,2.21
Tue Jul 28 16:15:33 UTC 2026,1785255333,0,2.33
Tue Jul 28 16:15:50 UTC 2026,1785255350,0,2.56
Tue Jul 28 16:17:12 UTC 2026,1785255432,0,2.33
Tue Jul 28 16:17:43 UTC 2026,1785255463,0,2.68
Tue Jul 28 16:18:38 UTC 2026,1785255518,0,2.64
Tue Jul 28 16:19:23 UTC 2026,1785255563,0,2.25
Tue Jul 28 16:20:45 UTC 2026,1785255645,0,2.49
Tue Jul 28 16:21:45 UTC 2026,1785255705,0,2.29
Tue Jul 28 16:22:21 UTC 2026,1785255741,0,2.24
Tue Jul 28 16:22:58 UTC 2026,1785255778,0,2.45
Tue Jul 28 16:23:39 UTC 2026,1785255819,0,2.4
Tue Jul 28 16:24:14 UTC 2026,1785255854,0,2.16
Tue Jul 28 16:25:22 UTC 2026,1785255922,0,2.46
Tue Jul 28 16:25:27 UTC 2026,1785255927,0,2.17
Tue Jul 28 16:27:17 UTC 2026,1785256037,0,2.44
Tue Jul 28 16:28:06 UTC 2026,1785256086,0,1.85
Tue Jul 28 16:28:47 UTC 2026,1785256127,0,1.98
Tue Jul 28 16:30:05 UTC 2026,1785256205,0,2.32
Tue Jul 28 16:30:09 UTC 2026,1785256209,0,2.08
Tue Jul 28 16:30:22 UTC 2026,1785256222,0,2.44
Tue Jul 28 16:32:44 UTC 2026,1785256364,0,2.02
Tue Jul 28 16:33:42 UTC 2026,1785256422,0,2.39
Tue Jul 28 16:34:47 UTC 2026,1785256487,0,1.87
Tue Jul 28 16:35:14 UTC 2026,1785256514,0,1.9
Tue Jul 28 16:35:32 UTC 2026,1785256532,0,2.25
Tue Jul 28 16:37:11 UTC 2026,1785256631,0,1.99
Tue Jul 28 16:37:34 UTC 2026,1785256654,0,2.42
Tue Jul 28 16:39:01 UTC 2026,1785256741,0,2.37
Tue Jul 28 16:39:42 UTC 2026,1785256782,0,2.0
Tue Jul 28 16:40:08 UTC 2026,1785256808,0,1.99
Tue Jul 28 16:41:34 UTC 2026,1785256894,0,2.47
Tue Jul 28 16:42:02 UTC 2026,1785256922,0,2.44
Tue Jul 28 16:42:16 UTC 2026,1785256936,0,2.2
Tue Jul 28 16:44:18 UTC 2026,1785257058,0,2.45
Tue Jul 28 16:44:59 UTC 2026,1785257099,0,2.2
Tue Jul 28 16:45:50 UTC 2026,1785257150,0,2.18
Tue Jul 28 16:45:54 UTC 2026,1785257154,0,2.4
Tue Jul 28 16:47:25 UTC 2026,1785257245,0,2.46
Tue Jul 28 16:48:15 UTC 2026,1785257295,0,2.19
Tue Jul 28 16:48:38 UTC 2026,1785257318,0,2.21
Tue Jul 28 16:49:55 UTC 2026,1785257395,0,2.5
Tue Jul 28 16:50:40 UTC 2026,1785257440,0,2.31
Tue Jul 28 16:51:30 UTC 2026,1785257490,0,2.64
Tue Jul 28 16:51:53 UTC 2026,1785257513,0,2.55
Tue Jul 28 16:53:01 UTC 2026,1785257581,0,2.24
Tue Jul 28 16:53:37 UTC 2026,1785257617,0,2.28
Tue Jul 28 16:54:09 UTC 2026,1785257649,0,2.5
Tue Jul 28 16:54:55 UTC 2026,1785257695,0,2.49
Tue Jul 28 16:56:03 UTC 2026,1785257763,0,2.33
Tue Jul 28 16:56:58 UTC 2026,1785257818,0,2.46
Tue Jul 28 16:58:01 UTC 2026,1785257881,0,2.27
Tue Jul 28 16:59:32 UTC 2026,1785257972,0,2.19
Tue Jul 28 16:59:40 UTC 2026,1785257980,0,2.49
Tue Jul 28 17:00:17 UTC 2026,1785258017,0,2.11
Tue Jul 28 17:01:08 UTC 2026,1785258068,0,2.49
Tue Jul 28 17:02:24 UTC 2026,1785258144,0,2.43
Tue Jul 28 17:02:43 UTC 2026,1785258163,0,2.18
Tue Jul 28 17:03:16 UTC 2026,1785258196,0,2.1
Tue Jul 28 17:04:41 UTC 2026,1785258281,0,2.52
Tue Jul 28 17:04:59 UTC 2026,1785258299,0,2.08
Tue Jul 28 17:05:31 UTC 2026,1785258331,0,2.47
Tue Jul 28 17:06:30 UTC 2026,1785258390,0,2.19
Tue Jul 28 17:06:45 UTC 2026,1785258405,0,2.41
Tue Jul 28 17:08:14 UTC 2026,1785258494,0,2.19
Tue Jul 28 17:09:27 UTC 2026,1785258567,0,2.43
Tue Jul 28 17:09:54 UTC 2026,1785258594,0,2.41
Tue Jul 28 17:10:49 UTC 2026,1785258649,0,2.21
Tue Jul 28 17:12:33 UTC 2026,1785258753,0,2.11
Tue Jul 28 17:12:51 UTC 2026,1785258771,0,2.35
Tue Jul 28 17:13:06 UTC 2026,1785258786,0,2.13
Tue Jul 28 17:14:04 UTC 2026,1785258844,0,2.36
Tue Jul 28 17:14:45 UTC 2026,1785258885,0,2.28
Tue Jul 28 17:16:06 UTC 2026,1785258966,0,1.39
Tue Jul 28 17:17:01 UTC 2026,1785259021,0,1.69
Tue Jul 28 17:17:42 UTC 2026,1785259062,0,-0.36
Tue Jul 28 17:18:23 UTC 2026,1785259103,0,-0.64
Tue Jul 28 17:19:00 UTC 2026,1785259140,0,0.42
Tue Jul 28 17:19:40 UTC 2026,1785259180,0,-0.1
Tue Jul 28 17:21:16 UTC 2026,1785259276,0,-1.97
Tue Jul 28 17:21:43 UTC 2026,1785259303,0,-2.36
Tue Jul 28 17:22:37 UTC 2026,1785259357,0,-4.49
Tue Jul 28 17:23:24 UTC 2026,1785259404,0,-4.52
Tue Jul 28 17:24:31 UTC 2026,1785259471,0,-2.6
Tue Jul 28 17:24:40 UTC 2026,1785259480,0,-2.63
Tue Jul 28 17:26:12 UTC 2026,1785259572,0,-0.09
Tue Jul 28 17:26:25 UTC 2026,1785259585,0,-0.6
Tue Jul 28 17:27:38 UTC 2026,1785259658,0,1.42
Tue Jul 28 17:28:33 UTC 2026,1785259713,0,1.27
Tue Jul 28 17:29:22 UTC 2026,1785259762,0,1.63
Tue Jul 28 17:29:35 UTC 2026,1785259775,0,1.57
Tue Jul 28 17:30:43 UTC 2026,1785259843,0,1.84
Tue Jul 28 17:31:43 UTC 2026,1785259903,0,1.77
Tue Jul 28 17:32:37 UTC 2026,1785259957,0,1.97
Tue Jul 28 17:33:14 UTC 2026,1785259994,0,2.11
Tue Jul 28 17:33:59 UTC 2026,1785260039,0,1.93
Tue Jul 28 17:34:53 UTC 2026,1785260093,0,1.84
Tue Jul 28 17:36:01 UTC 2026,1785260161,0,2.05
Tue Jul 28 17:36:20 UTC 2026,1785260180,0,2.07
Tue Jul 28 17:36:43 UTC 2026,1785260203,0,1.88
Tue Jul 28 17:38:22 UTC 2026,1785260302,0,2.15
Tue Jul 28 17:39:26 UTC 2026,1785260366,0,1.92
Tue Jul 28 17:39:35 UTC 2026,1785260375,0,2.13
Tue Jul 28 17:40:53 UTC 2026,1785260453,0,1.96
Tue Jul 28 17:41:24 UTC 2026,1785260484,0,1.97
Tue Jul 28 17:41:56 UTC 2026,1785260516,0,2.21
Tue Jul 28 17:43:41 UTC 2026,1785260621,0,1.99
Tue Jul 28 17:44:12 UTC 2026,1785260652,0,2.27
Tue Jul 28 17:44:36 UTC 2026,1785260676,0,2.23
Tue Jul 28 17:45:44 UTC 2026,1785260744,0,2.0
Tue Jul 28 17:46:11 UTC 2026,1785260771,0,2.23
Tue Jul 28 17:47:36 UTC 2026,1785260856,0,2.02
Tue Jul 28 17:47:42 UTC 2026,1785260862,0,2.1
Tue Jul 28 17:49:09 UTC 2026,1785260949,0,2.31
Tue Jul 28 17:49:31 UTC 2026,1785260971,0,2.13
Tue Jul 28 17:50:08 UTC 2026,1785261008,0,2.35
Tue Jul 28 17:51:16 UTC 2026,1785261076,0,2.13
Tue Jul 28 17:52:33 UTC 2026,1785261153,0,2.39
Tue Jul 28 17:53:13 UTC 2026,1785261193,0,2.12
Tue Jul 28 17:53:37 UTC 2026,1785261217,0,2.36
Tue Jul 28 17:54:54 UTC 2026,1785261294,0,2.16
Tue Jul 28 17:55:22 UTC 2026,1785261322,0,2.33
Tue Jul 28 17:55:58 UTC 2026,1785261358,0,2.18
Tue Jul 28 17:57:02 UTC 2026,1785261422,0,2.36
Tue Jul 28 17:57:38 UTC 2026,1785261458,0,2.38
Tue Jul 28 17:58:36 UTC 2026,1785261516,0,2.11
Tue Jul 28 17:59:31 UTC 2026,1785261571,0,2.13
Tue Jul 28 18:00:03 UTC 2026,1785261603,0,2.43
Tue Jul 28 18:01:29 UTC 2026,1785261689,0,2.06
Tue Jul 28 18:01:52 UTC 2026,1785261712,0,2.3
Tue Jul 28 18:03:05 UTC 2026,1785261785,0,2.1
Tue Jul 28 18:03:23 UTC 2026,1785261803,0,2.29
Tue Jul 28 18:04:13 UTC 2026,1785261853,0,2.28
Tue Jul 28 18:04:58 UTC 2026,1785261898,0,1.96
Tue Jul 28 18:06:15 UTC 2026,1785261975,0,2.32
Tue Jul 28 18:06:34 UTC 2026,1785261994,0,2.01
Tue Jul 28 18:07:33 UTC 2026,1785262053,0,2.24
Tue Jul 28 18:07:42 UTC 2026,1785262062,0,1.96
Tue Jul 28 18:09:44 UTC 2026,1785262184,0,2.02
Tue Jul 28 18:10:12 UTC 2026,1785262212,0,2.2
Tue Jul 28 18:11:39 UTC 2026,1785262299,0,2.02
Tue Jul 28 18:12:06 UTC 2026,1785262326,0,2.24
Tue Jul 28 18:12:47 UTC 2026,1785262367,0,2.22
Tue Jul 28 18:13:59 UTC 2026,1785262439,0,1.95
Tue Jul 28 18:14:09 UTC 2026,1785262449,0,2.03
Tue Jul 28 18:15:40 UTC 2026,1785262540,0,2.24
Tue Jul 28 18:15:49 UTC 2026,1785262549,0,2.26
Tue Jul 28 18:17:01 UTC 2026,1785262621,0,2.05
Tue Jul 28 18:18:00 UTC 2026,1785262680,0,2.21
Tue Jul 28 18:18:19 UTC 2026,1785262699,0,2.07
Tue Jul 28 18:19:49 UTC 2026,1785262789,0,2.02
Tue Jul 28 18:19:59 UTC 2026,1785262799,0,2.25
Tue Jul 28 18:21:01 UTC 2026,1785262861,0,2.03
Tue Jul 28 18:21:24 UTC 2026,1785262884,0,2.28
Tue Jul 28 18:22:23 UTC 2026,1785262943,0,2.07
Tue Jul 28 18:22:38 UTC 2026,1785262958,0,2.3
Tue Jul 28 18:24:40 UTC 2026,1785263080,0,2.04
Tue Jul 28 18:25:21 UTC 2026,1785263121,0,2.28
Tue Jul 28 18:25:48 UTC 2026,1785263148,0,2.33
Tue Jul 28 18:26:19 UTC 2026,1785263179,0,1.92
Tue Jul 28 18:28:14 UTC 2026,1785263294,0,1.99
Tue Jul 28 18:28:40 UTC 2026,1785263320,0,2.36
Tue Jul 28 18:29:27 UTC 2026,1785263367,0,2.09
Tue Jul 28 18:29:40 UTC 2026,1785263380,0,2.44
Tue Jul 28 18:30:48 UTC 2026,1785263448,0,2.48
Tue Jul 28 18:31:52 UTC 2026,1785263512,0,1.98
Tue Jul 28 18:33:00 UTC 2026,1785263580,0,1.86
Tue Jul 28 18:33:31 UTC 2026,1785263611,0,2.52
Tue Jul 28 18:34:04 UTC 2026,1785263644,0,1.95
Tue Jul 28 18:35:26 UTC 2026,1785263726,0,2.59
Tue Jul 28 18:36:11 UTC 2026,1785263771,0,2.57
Tue Jul 28 18:36:52 UTC 2026,1785263812,0,2.13
Tue Jul 28 18:37:15 UTC 2026,1785263835,0,2.58
Tue Jul 28 18:37:55 UTC 2026,1785263875,0,2.16
Tue Jul 28 18:39:18 UTC 2026,1785263958,0,2.37
Tue Jul 28 18:40:03 UTC 2026,1785264003,0,1.8
Tue Jul 28 18:40:49 UTC 2026,1785264049,0,2.32
Tue Jul 28 18:41:06 UTC 2026,1785264066,0,1.95
Tue Jul 28 18:42:24 UTC 2026,1785264144,0,2.25
Tue Jul 28 18:43:01 UTC 2026,1785264181,0,2.48
Tue Jul 28 18:44:18 UTC 2026,1785264258,0,2.53
Tue Jul 28 18:44:31 UTC 2026,1785264271,0,2.21
Tue Jul 28 18:45:49 UTC 2026,1785264349,0,2.32
Tue Jul 28 18:46:47 UTC 2026,1785264407,0,2.59
Tue Jul 28 18:48:08 UTC 2026,1785264488,0,2.41
Tue Jul 28 18:48:28 UTC 2026,1785264508,0,2.61
Tue Jul 28 18:49:41 UTC 2026,1785264581,0,2.59
Tue Jul 28 18:50:22 UTC 2026,1785264622,0,2.34
Tue Jul 28 18:50:26 UTC 2026,1785264626,0,2.42
Tue Jul 28 18:51:52 UTC 2026,1785264712,0,2.64
Tue Jul 28 18:52:33 UTC 2026,1785264753,0,2.37
Tue Jul 28 18:52:51 UTC 2026,1785264771,0,2.7
Tue Jul 28 18:53:51 UTC 2026,1785264831,0,2.36
Tue Jul 28 18:54:59 UTC 2026,1785264899,0,2.64
Tue Jul 28 18:56:35 UTC 2026,1785264995,0,2.34
Tue Jul 28 18:57:10 UTC 2026,1785265030,0,2.65
Tue Jul 28 18:58:28 UTC 2026,1785265108,0,2.39
Tue Jul 28 18:58:56 UTC 2026,1785265136,0,2.07
Tue Jul 28 18:59:09 UTC 2026,1785265149,0,2.44
Tue Jul 28 19:00:35 UTC 2026,1785265235,0,1.93
Tue Jul 28 19:01:06 UTC 2026,1785265266,0,2.51
Tue Jul 28 19:02:53 UTC 2026,1785265373,0,2.0
Tue Jul 28 19:03:23 UTC 2026,1785265403,0,2.5
Tue Jul 28 19:03:47 UTC 2026,1785265427,0,2.52
Tue Jul 28 19:04:55 UTC 2026,1785265495,0,2.17
Tue Jul 28 19:06:12 UTC 2026,1785265572,0,2.6
Tue Jul 28 19:06:35 UTC 2026,1785265595,0,2.19
Tue Jul 28 19:07:07 UTC 2026,1785265627,0,2.44
Tue Jul 28 19:07:57 UTC 2026,1785265677,0,2.1
Tue Jul 28 19:09:10 UTC 2026,1785265750,0,2.43
Tue Jul 28 19:10:08 UTC 2026,1785265808,0,2.08
Tue Jul 28 19:10:22 UTC 2026,1785265822,0,2.17
Tue Jul 28 19:11:07 UTC 2026,1785265867,0,2.4
Tue Jul 28 19:12:15 UTC 2026,1785265935,0,2.29
Tue Jul 28 19:13:06 UTC 2026,1785265986,0,2.45
Tue Jul 28 19:13:47 UTC 2026,1785266027,0,2.27
Tue Jul 28 19:14:28 UTC 2026,1785266068,0,2.45
Tue Jul 28 19:15:27 UTC 2026,1785266127,0,2.23
Tue Jul 28 19:16:12 UTC 2026,1785266172,0,2.45
Tue Jul 28 19:16:58 UTC 2026,1785266218,0,2.17
Tue Jul 28 19:17:48 UTC 2026,1785266268,0,2.42
Tue Jul 28 19:19:09 UTC 2026,1785266349,0,2.08
Tue Jul 28 19:19:36 UTC 2026,1785266376,0,2.49
Tue Jul 28 19:20:40 UTC 2026,1785266440,0,2.47
Tue Jul 28 19:21:13 UTC 2026,1785266473,0,2.21
Tue Jul 28 19:22:42 UTC 2026,1785266562,0,2.23
Tue Jul 28 19:23:10 UTC 2026,1785266590,0,2.48
Tue Jul 28 19:24:28 UTC 2026,1785266668,0,2.24
Tue Jul 28 19:24:55 UTC 2026,1785266695,0,2.49
Tue Jul 28 19:25:03 UTC 2026,1785266703,0,2.53
Tue Jul 28 19:25:44 UTC 2026,1785266744,0,2.2
Tue Jul 28 19:27:33 UTC 2026,1785266853,0,2.19
Tue Jul 28 19:28:00 UTC 2026,1785266880,0,2.58
Tue Jul 28 19:28:46 UTC 2026,1785266926,0,2.13
Tue Jul 28 19:28:56 UTC 2026,1785266936,0,2.45
Tue Jul 28 19:30:21 UTC 2026,1785267021,0,2.07
Tue Jul 28 19:31:29 UTC 2026,1785267089,0,2.46
Tue Jul 28 19:32:11 UTC 2026,1785267131,0,2.28
Tue Jul 28 19:32:29 UTC 2026,1785267149,0,2.55
Tue Jul 28 19:33:42 UTC 2026,1785267222,0,2.22
Tue Jul 28 19:34:23 UTC 2026,1785267263,0,2.49
Tue Jul 28 19:35:12 UTC 2026,1785267312,0,2.13
Tue Jul 28 19:36:17 UTC 2026,1785267377,0,2.53
Tue Jul 28 19:37:19 UTC 2026,1785267439,0,2.04
Tue Jul 28 19:37:43 UTC 2026,1785267463,0,2.67
Tue Jul 28 19:38:28 UTC 2026,1785267508,0,1.98
Tue Jul 28 19:39:27 UTC 2026,1785267567,0,2.57
Tue Jul 28 19:39:59 UTC 2026,1785267599,0,2.38
Tue Jul 28 19:40:58 UTC 2026,1785267658,0,1.85
Tue Jul 28 19:42:51 UTC 2026,1785267771,0,2.3
Tue Jul 28 19:43:10 UTC 2026,1785267790,0,1.65
Tue Jul 28 19:43:14 UTC 2026,1785267794,0,1.98
Tue Jul 28 19:43:56 UTC 2026,1785267836,0,1.3
Tue Jul 28 19:44:51 UTC 2026,1785267891,0,1.77
Tue Jul 28 19:45:32 UTC 2026,1785267932,0,-0.15
Tue Jul 28 19:47:10 UTC 2026,1785268030,0,1.12
Tue Jul 28 19:48:06 UTC 2026,1785268086,0,-0.83
Tue Jul 28 19:48:11 UTC 2026,1785268091,0,-1.11
Tue Jul 28 19:49:46 UTC 2026,1785268186,0,-7.16
Tue Jul 28 19:49:50 UTC 2026,1785268190,0,-7.24
Tue Jul 28 19:50:22 UTC 2026,1785268222,0,-5.33
Tue Jul 28 19:51:40 UTC 2026,1785268300,0,-5.1
Tue Jul 28 19:52:57 UTC 2026,1785268377,0,-6.96
Tue Jul 28 19:54:05 UTC 2026,1785268445,0,-5.26
Tue Jul 28 19:54:40 UTC 2026,1785268480,0,-9.03
Tue Jul 28 19:54:45 UTC 2026,1785268485,0,-9.42
Tue Jul 28 19:55:54 UTC 2026,1785268554,0,-8.45
Tue Jul 28 19:57:20 UTC 2026,1785268640,0,-8.57
Tue Jul 28 19:57:51 UTC 2026,1785268671,0,-10.85
Tue Jul 28 19:58:59 UTC 2026,1785268739,0,-10.28
Tue Jul 28 19:59:41 UTC 2026,1785268781,0,-7.32
Tue Jul 28 19:59:45 UTC 2026,1785268785,0,-7.97
Tue Jul 28 20:00:21 UTC 2026,1785268821,0,-6.15
Tue Jul 28 20:01:24 UTC 2026,1785268884,0,-7.37
Tue Jul 28 20:02:55 UTC 2026,1785268975,0,-3.03
Tue Jul 28 20:03:05 UTC 2026,1785268985,0,-2.72
Tue Jul 28 20:04:35 UTC 2026,1785269075,0,0.61
Tue Jul 28 20:04:39 UTC 2026,1785269079,0,0.14
Tue Jul 28 20:06:11 UTC 2026,1785269171,0,1.77
Tue Jul 28 20:06:24 UTC 2026,1785269184,0,1.7
Tue Jul 28 20:07:38 UTC 2026,1785269258,0,2.01
Tue Jul 28 20:08:22 UTC 2026,1785269302,0,1.81
Tue Jul 28 20:09:30 UTC 2026,1785269370,0,2.19
Tue Jul 28 20:10:38 UTC 2026,1785269438,0,2.2
Tue Jul 28 20:11:11 UTC 2026,1785269471,0,1.6
Tue Jul 28 20:12:46 UTC 2026,1785269566,0,1.69
Tue Jul 28 20:12:51 UTC 2026,1785269571,0,2.26
Tue Jul 28 20:13:18 UTC 2026,1785269598,0,1.92
Tue Jul 28 20:13:32 UTC 2026,1785269612,0,2.34
Tue Jul 28 20:14:45 UTC 2026,1785269685,0,1.98
Tue Jul 28 20:15:43 UTC 2026,1785269743,0,2.32
Tue Jul 28 20:17:01 UTC 2026,1785269821,0,1.95
Tue Jul 28 20:17:09 UTC 2026,1785269829,0,2.32
Tue Jul 28 20:18:00 UTC 2026,1785269880,0,2.0
Tue Jul 28 20:18:55 UTC 2026,1785269935,0,2.46
Tue Jul 28 20:19:31 UTC 2026,1785269971,0,2.47
Tue Jul 28 20:19:49 UTC 2026,1785269989,0,1.96
Tue Jul 28 20:21:19 UTC 2026,1785270079,0,2.23
Tue Jul 28 20:22:46 UTC 2026,1785270166,0,1.74
Tue Jul 28 20:22:52 UTC 2026,1785270172,0,1.97
Tue Jul 28 20:23:54 UTC 2026,1785270234,0,0.81
Tue Jul 28 20:24:27 UTC 2026,1785270267,0,1.39
Tue Jul 28 20:25:57 UTC 2026,1785270357,0,2.1
Tue Jul 28 20:27:28 UTC 2026,1785270448,0,1.82
Tue Jul 28 20:27:43 UTC 2026,1785270463,0,2.09
Tue Jul 28 20:28:54 UTC 2026,1785270534,0,2.15
Tue Jul 28 20:29:17 UTC 2026,1785270557,0,1.89
Tue Jul 28 20:30:17 UTC 2026,1785270617,0,1.87
Tue Jul 28 20:30:31 UTC 2026,1785270631,0,2.25
Tue Jul 28 20:31:12 UTC 2026,1785270672,0,2.28
Tue Jul 28 20:32:27 UTC 2026,1785270747,0,2.02
Tue Jul 28 20:33:31 UTC 2026,1785270811,0,2.31
Tue Jul 28 20:34:17 UTC 2026,1785270857,0,1.66
Tue Jul 28 20:34:54 UTC 2026,1785270894,0,1.59
Tue Jul 28 20:35:39 UTC 2026,1785270939,0,2.16
Tue Jul 28 20:36:11 UTC 2026,1785270971,0,2.13
Tue Jul 28 20:36:24 UTC 2026,1785270984,0,1.58
Tue Jul 28 20:38:10 UTC 2026,1785271090,0,1.9
Tue Jul 28 20:39:12 UTC 2026,1785271152,0,1.17
Tue Jul 28 20:39:22 UTC 2026,1785271162,0,1.29
Tue Jul 28 20:40:12 UTC 2026,1785271212,0,1.8
Tue Jul 28 20:41:15 UTC 2026,1785271275,0,1.5
Tue Jul 28 20:42:06 UTC 2026,1785271326,0,1.84
Tue Jul 28 20:42:47 UTC 2026,1785271367,0,1.77
Tue Jul 28 20:43:55 UTC 2026,1785271435,0,2.09
Tue Jul 28 20:44:16 UTC 2026,1785271456,0,1.9
Tue Jul 28 20:45:07 UTC 2026,1785271507,0,2.13
Tue Jul 28 20:46:20 UTC 2026,1785271580,0,2.21
Tue Jul 28 20:46:51 UTC 2026,1785271611,0,1.88
Tue Jul 28 20:47:56 UTC 2026,1785271676,0,1.91
Tue Jul 28 20:48:22 UTC 2026,1785271702,0,2.25
Tue Jul 28 20:50:26 UTC 2026,1785271826,0,1.97
Tue Jul 28 20:50:48 UTC 2026,1785271848,0,2.28
Tue Jul 28 20:51:34 UTC 2026,1785271894,0,2.43
Tue Jul 28 20:52:06 UTC 2026,1785271926,0,2.02
Tue Jul 28 20:53:33 UTC 2026,1785272013,0,1.98
Tue Jul 28 20:53:46 UTC 2026,1785272026,0,2.29
Tue Jul 28 20:54:09 UTC 2026,1785272049,0,1.94
Tue Jul 28 20:55:21 UTC 2026,1785272121,0,2.34
Tue Jul 28 20:56:01 UTC 2026,1785272161,0,2.39
Tue Jul 28 20:56:20 UTC 2026,1785272180,0,2.07
Tue Jul 28 20:57:38 UTC 2026,1785272258,0,2.09
Tue Jul 28 20:58:54 UTC 2026,1785272334,0,2.34
Tue Jul 28 21:00:11 UTC 2026,1785272411,0,2.41
Tue Jul 28 21:00:25 UTC 2026,1785272425,0,1.86
Tue Jul 28 21:01:20 UTC 2026,1785272480,0,1.87
Tue Jul 28 21:01:52 UTC 2026,1785272512,0,2.26
Tue Jul 28 21:02:29 UTC 2026,1785272549,0,1.89
Tue Jul 28 21:03:36 UTC 2026,1785272616,0,2.44
Tue Jul 28 21:04:21 UTC 2026,1785272661,0,2.27
Tue Jul 28 21:04:35 UTC 2026,1785272675,0,2.0
Tue Jul 28 21:07:05 UTC 2026,1785272825,0,2.25
Tue Jul 28 21:08:00 UTC 2026,1785272880,0,1.98
Tue Jul 28 21:08:13 UTC 2026,1785272893,0,2.24
Tue Jul 28 21:09:08 UTC 2026,1785272948,0,1.88
Tue Jul 28 21:09:17 UTC 2026,1785272957,0,2.18
Tue Jul 28 21:10:53 UTC 2026,1785273053,0,2.06
Tue Jul 28 21:11:56 UTC 2026,1785273116,0,1.61
Tue Jul 28 21:13:50 UTC 2026,1785273230,0,1.35
Tue Jul 28 21:13:54 UTC 2026,1785273234,0,1.62
Tue Jul 28 21:14:12 UTC 2026,1785273252,0,1.86
Tue Jul 28 21:15:33 UTC 2026,1785273333,0,1.42
Tue Jul 28 21:16:06 UTC 2026,1785273366,0,1.14
Tue Jul 28 21:17:06 UTC 2026,1785273426,0,1.59
Tue Jul 28 21:17:23 UTC 2026,1785273443,0,1.18
Tue Jul 28 21:18:13 UTC 2026,1785273493,0,1.87
Tue Jul 28 21:19:12 UTC 2026,1785273552,0,1.89
Tue Jul 28 21:20:29 UTC 2026,1785273629,0,1.26
Tue Jul 28 21:20:43 UTC 2026,1785273643,0,1.0
Tue Jul 28 21:22:00 UTC 2026,1785273720,0,1.65
Tue Jul 28 21:22:23 UTC 2026,1785273743,0,1.77
Tue Jul 28 21:22:31 UTC 2026,1785273751,0,1.17
Tue Jul 28 21:24:58 UTC 2026,1785273898,0,1.15
Tue Jul 28 21:25:06 UTC 2026,1785273906,0,1.57
Tue Jul 28 21:26:06 UTC 2026,1785273966,0,1.19
Tue Jul 28 21:26:20 UTC 2026,1785273980,0,1.71
Tue Jul 28 21:27:28 UTC 2026,1785274048,0,1.39
Tue Jul 28 21:28:08 UTC 2026,1785274088,0,0.91
Tue Jul 28 21:29:21 UTC 2026,1785274161,0,1.38
Tue Jul 28 21:30:25 UTC 2026,1785274225,0,0.63
Tue Jul 28 21:30:43 UTC 2026,1785274243,0,1.18
Tue Jul 28 21:31:38 UTC 2026,1785274298,0,0.44
Tue Jul 28 21:32:10 UTC 2026,1785274330,0,0.99
Tue Jul 28 21:33:09 UTC 2026,1785274389,0,0.58
Tue Jul 28 21:33:54 UTC 2026,1785274434,0,0.62
Tue Jul 28 21:35:11 UTC 2026,1785274511,0,1.01
Tue Jul 28 21:35:25 UTC 2026,1785274525,0,0.7
Tue Jul 28 21:36:02 UTC 2026,1785274562,0,1.28
Tue Jul 28 21:37:32 UTC 2026,1785274652,0,1.25
Tue Jul 28 21:38:00 UTC 2026,1785274680,0,0.81
Tue Jul 28 21:39:07 UTC 2026,1785274747,0,1.34
Tue Jul 28 21:39:17 UTC 2026,1785274757,0,0.74
Tue Jul 28 21:40:52 UTC 2026,1785274852,0,1.18
Tue Jul 28 21:41:56 UTC 2026,1785274916,0,0.28
Tue Jul 28 21:42:19 UTC 2026,1785274939,0,0.92
Tue Jul 28 21:43:17 UTC 2026,1785274997,0,0.28
Tue Jul 28 21:44:13 UTC 2026,1785275053,0,0.6
Tue Jul 28 21:45:12 UTC 2026,1785275112,0,-0.2
Tue Jul 28 21:45:29 UTC 2026,1785275129,0,0.24
Tue Jul 28 21:46:10 UTC 2026,1785275170,0,-0.39
Tue Jul 28 21:47:05 UTC 2026,1785275225,0,0.19
Tue Jul 28 21:48:00 UTC 2026,1785275280,0,-0.46
Tue Jul 28 21:48:41 UTC 2026,1785275321,0,-0.17
Tue Jul 28 21:50:06 UTC 2026,1785275406,0,0.92
Tue Jul 28 21:50:15 UTC 2026,1785275415,0,0.6
Tue Jul 28 21:51:42 UTC 2026,1785275502,0,0.09
Tue Jul 28 21:53:18 UTC 2026,1785275598,0,1.16
Tue Jul 28 21:53:35 UTC 2026,1785275615,0,0.74
Tue Jul 28 21:55:07 UTC 2026,1785275707,0,1.5
Tue Jul 28 21:55:57 UTC 2026,1785275757,0,1.32
Tue Jul 28 21:56:43 UTC 2026,1785275803,0,1.75
Tue Jul 28 21:56:51 UTC 2026,1785275811,0,1.57
Tue Jul 28 21:58:13 UTC 2026,1785275893,0,2.21
Tue Jul 28 21:59:04 UTC 2026,1785275944,0,1.77
Tue Jul 28 22:00:06 UTC 2026,1785276006,0,2.4
Tue Jul 28 22:00:21 UTC 2026,1785276021,0,1.92
Tue Jul 28 22:00:43 UTC 2026,1785276043,0,2.48
Tue Jul 28 22:03:05 UTC 2026,1785276185,0,1.87
Tue Jul 28 22:03:18 UTC 2026,1785276198,0,2.41
Tue Jul 28 22:04:12 UTC 2026,1785276252,0,2.23
Tue Jul 28 22:04:30 UTC 2026,1785276270,0,1.71
Tue Jul 28 22:05:07 UTC 2026,1785276307,0,2.11
Tue Jul 28 22:06:14 UTC 2026,1785276374,0,1.22
Tue Jul 28 22:06:56 UTC 2026,1785276416,0,1.95
Tue Jul 28 22:08:18 UTC 2026,1785276498,0,0.79
Tue Jul 28 22:08:26 UTC 2026,1785276506,0,0.86
Tue Jul 28 22:09:43 UTC 2026,1785276583,0,-0.22
Tue Jul 28 22:10:07 UTC 2026,1785276607,0,0.09
Tue Jul 28 22:11:14 UTC 2026,1785276674,0,-0.71
Tue Jul 28 22:12:22 UTC 2026,1785276742,0,-1.36
Tue Jul 28 22:12:55 UTC 2026,1785276775,0,-0.58
Tue Jul 28 22:13:26 UTC 2026,1785276806,0,-1.2
Tue Jul 28 22:13:44 UTC 2026,1785276824,0,-1.85
Tue Jul 28 22:15:02 UTC 2026,1785276902,0,-1.47
Tue Jul 28 22:16:28 UTC 2026,1785276988,0,-0.43
Tue Jul 28 22:16:42 UTC 2026,1785277002,0,-0.65
Tue Jul 28 22:17:46 UTC 2026,1785277066,0,0.4
Tue Jul 28 22:18:32 UTC 2026,1785277112,0,-0.06
Tue Jul 28 22:19:40 UTC 2026,1785277180,0,0.7
Tue Jul 28 22:19:57 UTC 2026,1785277197,0,0.54
Tue Jul 28 22:21:32 UTC 2026,1785277292,0,1.22
Tue Jul 28 22:22:22 UTC 2026,1785277342,0,0.99
Tue Jul 28 22:22:46 UTC 2026,1785277366,0,1.41
Tue Jul 28 22:23:27 UTC 2026,1785277407,0,1.19
Tue Jul 28 22:24:52 UTC 2026,1785277492,0,1.74
Tue Jul 28 22:24:57 UTC 2026,1785277497,0,1.32
Tue Jul 28 22:26:24 UTC 2026,1785277584,0,1.81
Tue Jul 28 22:26:47 UTC 2026,1785277607,0,1.41
Tue Jul 28 22:27:46 UTC 2026,1785277666,0,1.84
Tue Jul 28 22:28:49 UTC 2026,1785277729,0,1.42
Tue Jul 28 22:29:07 UTC 2026,1785277747,0,1.8
Tue Jul 28 22:31:01 UTC 2026,1785277861,0,0.98
Tue Jul 28 22:31:10 UTC 2026,1785277870,0,1.87
Tue Jul 28 22:31:33 UTC 2026,1785277893,0,0.98
Tue Jul 28 22:31:37 UTC 2026,1785277897,0,1.65
Tue Jul 28 22:33:12 UTC 2026,1785277992,0,1.63
Tue Jul 28 22:34:26 UTC 2026,1785278066,0,2.07
Tue Jul 28 22:35:02 UTC 2026,1785278102,0,1.84
Tue Jul 28 22:35:52 UTC 2026,1785278152,0,2.23
Tue Jul 28 22:36:37 UTC 2026,1785278197,0,1.75
Tue Jul 28 22:37:18 UTC 2026,1785278238,0,2.34
Tue Jul 28 22:38:21 UTC 2026,1785278301,0,1.96
Tue Jul 28 22:39:12 UTC 2026,1785278352,0,2.41
Tue Jul 28 22:41:10 UTC 2026,1785278470,0,1.75
Tue Jul 28 22:42:01 UTC 2026,1785278521,0,1.72
Tue Jul 28 22:42:31 UTC 2026,1785278551,0,2.21
Tue Jul 28 22:43:22 UTC 2026,1785278602,0,2.12
Tue Jul 28 22:44:40 UTC 2026,1785278680,0,1.59
Tue Jul 28 22:44:44 UTC 2026,1785278684,0,1.62
Tue Jul 28 22:45:43 UTC 2026,1785278743,0,2.23
Tue Jul 28 22:46:28 UTC 2026,1785278788,0,1.83
Tue Jul 28 22:46:47 UTC 2026,1785278807,0,2.29
Tue Jul 28 22:48:22 UTC 2026,1785278902,0,1.88
Tue Jul 28 22:49:36 UTC 2026,1785278976,0,2.29
Tue Jul 28 22:49:40 UTC 2026,1785278980,0,2.03
Tue Jul 28 22:50:43 UTC 2026,1785279043,0,2.48
Tue Jul 28 22:51:24 UTC 2026,1785279084,0,2.29
Tue Jul 28 22:52:19 UTC 2026,1785279139,0,2.03
Tue Jul 28 22:53:18 UTC 2026,1785279198,0,2.31
Tue Jul 28 22:54:07 UTC 2026,1785279247,0,1.83
Tue Jul 28 22:54:48 UTC 2026,1785279288,0,2.29
Tue Jul 28 22:56:01 UTC 2026,1785279361,0,1.46
Tue Jul 28 22:56:37 UTC 2026,1785279397,0,1.92
Tue Jul 28 22:57:09 UTC 2026,1785279429,0,1.36
Tue Jul 28 22:58:22 UTC 2026,1785279502,0,2.02
Tue Jul 28 22:59:30 UTC 2026,1785279570,0,1.44
Tue Jul 28 22:59:34 UTC 2026,1785279574,0,1.45
Tue Jul 28 23:00:33 UTC 2026,1785279633,0,2.13
Tue Jul 28 23:01:14 UTC 2026,1785279674,0,1.88
Tue Jul 28 23:02:46 UTC 2026,1785279766,0,2.43
Tue Jul 28 23:02:51 UTC 2026,1785279771,0,2.44
Tue Jul 28 23:03:31 UTC 2026,1785279811,0,2.02
Tue Jul 28 23:05:07 UTC 2026,1785279907,0,2.18
Tue Jul 28 23:06:02 UTC 2026,1785279962,0,2.79
Tue Jul 28 23:06:10 UTC 2026,1785279970,0,2.62
Tue Jul 28 23:07:14 UTC 2026,1785280034,0,2.97
Tue Jul 28 23:07:50 UTC 2026,1785280070,0,2.55
Tue Jul 28 23:08:45 UTC 2026,1785280125,0,2.88
Tue Jul 28 23:09:31 UTC 2026,1785280171,0,2.57
Tue Jul 28 23:10:47 UTC 2026,1785280247,0,2.91
Tue Jul 28 23:11:11 UTC 2026,1785280271,0,2.71
Tue Jul 28 23:11:41 UTC 2026,1785280301,0,3.08
Tue Jul 28 23:12:55 UTC 2026,1785280375,0,3.1
Tue Jul 28 23:13:45 UTC 2026,1785280425,0,2.81
Tue Jul 28 23:14:36 UTC 2026,1785280476,0,2.8
Tue Jul 28 23:15:07 UTC 2026,1785280507,0,3.29
Tue Jul 28 23:16:16 UTC 2026,1785280576,0,3.04
Tue Jul 28 23:17:05 UTC 2026,1785280625,0,2.71
Tue Jul 28 23:18:23 UTC 2026,1785280703,0,3.09
Tue Jul 28 23:18:59 UTC 2026,1785280739,0,2.67
Tue Jul 28 23:19:31 UTC 2026,1785280771,0,2.86
Tue Jul 28 23:19:53 UTC 2026,1785280793,0,2.61
Tue Jul 28 23:21:15 UTC 2026,1785280875,0,2.54
Tue Jul 28 23:21:48 UTC 2026,1785280908,0,2.94
Tue Jul 28 23:22:42 UTC 2026,1785280962,0,2.57
Tue Jul 28 23:23:09 UTC 2026,1785280989,0,2.86
Tue Jul 28 23:24:27 UTC 2026,1785281067,0,2.72
Tue Jul 28 23:25:44 UTC 2026,1785281144,0,3.02
Tue Jul 28 23:26:33 UTC 2026,1785281193,0,3.0
Tue Jul 28 23:26:56 UTC 2026,1785281216,0,2.64
Tue Jul 28 23:27:52 UTC 2026,1785281272,0,2.77
Tue Jul 28 23:29:07 UTC 2026,1785281347,0,3.16
Tue Jul 28 23:30:29 UTC 2026,1785281429,0,2.94
Tue Jul 28 23:30:52 UTC 2026,1785281452,0,3.36
Tue Jul 28 23:31:52 UTC 2026,1785281512,0,3.08
Tue Jul 28 23:32:02 UTC 2026,1785281522,0,3.54
Tue Jul 28 23:33:09 UTC 2026,1785281589,0,3.56
Tue Jul 28 23:33:40 UTC 2026,1785281620,0,3.27
Tue Jul 28 23:34:45 UTC 2026,1785281685,0,3.18
Tue Jul 28 23:35:06 UTC 2026,1785281706,0,3.55
Tue Jul 28 23:37:01 UTC 2026,1785281821,0,3.09
Tue Jul 28 23:37:23 UTC 2026,1785281843,0,3.65
Tue Jul 28 23:38:18 UTC 2026,1785281898,0,3.15
Tue Jul 28 23:38:55 UTC 2026,1785281935,0,3.74
Tue Jul 28 23:39:16 UTC 2026,1785281956,0,3.42
Tue Jul 28 23:39:40 UTC 2026,1785281980,0,3.81
Tue Jul 28 23:41:24 UTC 2026,1785282084,0,3.56
Tue Jul 28 23:42:24 UTC 2026,1785282144,0,4.0
Tue Jul 28 23:42:59 UTC 2026,1785282179,0,3.55
Tue Jul 28 23:43:55 UTC 2026,1785282235,0,4.05
Tue Jul 28 23:44:26 UTC 2026,1785282266,0,3.9
Tue Jul 28 23:44:45 UTC 2026,1785282285,0,4.32
Tue Jul 28 23:45:47 UTC 2026,1785282347,0,4.04
Tue Jul 28 23:46:51 UTC 2026,1785282411,0,4.3
Tue Jul 28 23:48:18 UTC 2026,1785282498,0,4.29
Tue Jul 28 23:48:59 UTC 2026,1785282539,0,4.04
Tue Jul 28 23:49:12 UTC 2026,1785282552,0,4.4
Tue Jul 28 23:49:40 UTC 2026,1785282580,0,3.95
Tue Jul 28 23:50:48 UTC 2026,1785282648,0,4.23
Tue Jul 28 23:52:15 UTC 2026,1785282735,0,3.9
Tue Jul 28 23:53:32 UTC 2026,1785282812,0,3.79
Tue Jul 28 23:53:45 UTC 2026,1785282825,0,4.09
Tue Jul 28 23:54:13 UTC 2026,1785282853,0,4.03
Tue Jul 28 23:54:35 UTC 2026,1785282875,0,3.69
Tue Jul 28 23:55:44 UTC 2026,1785282944,0,4.11
Tue Jul 28 23:56:47 UTC 2026,1785283007,0,3.66
Tue Jul 28 23:57:23 UTC 2026,1785283043,0,4.37
Tue Jul 28 23:58:50 UTC 2026,1785283130,0,3.61
Tue Jul 28 23:59:31 UTC 2026,1785283171,0,4.06
Tue Jul 28 23:59:36 UTC 2026,1785283176,0,3.75
Wed Jul 29 00:00:39 UTC 2026,1785283239,0,3.89
Wed Jul 29 00:01:25 UTC 2026,1785283285,0,3.5
Wed Jul 29 00:02:27 UTC 2026,1785283347,0,3.98
Wed Jul 29 00:03:50 UTC 2026,1785283430,0,3.71
Wed Jul 29 00:04:35 UTC 2026,1785283475,0,3.99
Wed Jul 29 00:05:11 UTC 2026,1785283511,0,3.61
Wed Jul 29 00:06:11 UTC 2026,1785283571,0,4.02
Wed Jul 29 00:06:48 UTC 2026,1785283608,0,3.63
Wed Jul 29 00:07:42 UTC 2026,1785283662,0,3.5
Wed Jul 29 00:08:10 UTC 2026,1785283690,0,3.93
Wed Jul 29 00:09:12 UTC 2026,1785283752,0,3.74
Wed Jul 29 00:09:49 UTC 2026,1785283789,0,4.0
Wed Jul 29 00:10:52 UTC 2026,1785283852,0,3.97
Wed Jul 29 00:11:02 UTC 2026,1785283862,0,3.79
Wed Jul 29 00:12:14 UTC 2026,1785283934,0,3.68
Wed Jul 29 00:13:41 UTC 2026,1785284021,0,3.9
Wed Jul 29 00:14:36 UTC 2026,1785284076,0,4.02
Wed Jul 29 00:15:12 UTC 2026,1785284112,0,3.81
Wed Jul 29 00:15:43 UTC 2026,1785284143,0,3.91
Wed Jul 29 00:17:01 UTC 2026,1785284221,0,3.53
Wed Jul 29 00:17:11 UTC 2026,1785284231,0,3.83
Wed Jul 29 00:17:41 UTC 2026,1785284261,0,3.5
Wed Jul 29 00:18:59 UTC 2026,1785284339,0,3.79
Wed Jul 29 00:19:53 UTC 2026,1785284393,0,3.49
Wed Jul 29 00:20:48 UTC 2026,1785284448,0,3.83
Wed Jul 29 00:21:56 UTC 2026,1785284516,0,3.37
Wed Jul 29 00:23:18 UTC 2026,1785284598,0,3.1
Wed Jul 29 00:23:32 UTC 2026,1785284612,0,3.51
Wed Jul 29 00:23:45 UTC 2026,1785284625,0,3.39
Wed Jul 29 00:25:16 UTC 2026,1785284716,0,3.78
Wed Jul 29 00:26:21 UTC 2026,1785284781,0,3.53
Wed Jul 29 00:26:57 UTC 2026,1785284817,0,3.84
Wed Jul 29 00:27:55 UTC 2026,1785284875,0,4.03
Wed Jul 29 00:28:04 UTC 2026,1785284884,0,3.7
Wed Jul 29 00:29:26 UTC 2026,1785284966,0,4.04
Wed Jul 29 00:31:01 UTC 2026,1785285061,0,3.64
Wed Jul 29 00:31:56 UTC 2026,1785285116,0,4.2
Wed Jul 29 00:32:05 UTC 2026,1785285125,0,3.9
Wed Jul 29 00:32:23 UTC 2026,1785285143,0,4.18
Wed Jul 29 00:34:09 UTC 2026,1785285249,0,4.1
Wed Jul 29 00:34:41 UTC 2026,1785285281,0,4.33
Wed Jul 29 00:35:22 UTC 2026,1785285322,0,4.39
Wed Jul 29 00:36:43 UTC 2026,1785285403,0,4.16
Wed Jul 29 00:37:47 UTC 2026,1785285467,0,4.17
Wed Jul 29 00:38:19 UTC 2026,1785285499,0,4.47
Wed Jul 29 00:38:41 UTC 2026,1785285521,0,4.49
Wed Jul 29 00:39:49 UTC 2026,1785285589,0,4.25
Wed Jul 29 00:41:06 UTC 2026,1785285666,0,4.48
Wed Jul 29 00:41:16 UTC 2026,1785285676,0,4.18
Wed Jul 29 00:41:52 UTC 2026,1785285712,0,4.36
Wed Jul 29 00:42:29 UTC 2026,1785285749,0,4.05
Wed Jul 29 00:43:31 UTC 2026,1785285811,0,4.39
Wed Jul 29 00:44:18 UTC 2026,1785285858,0,3.94
Wed Jul 29 00:45:39 UTC 2026,1785285939,0,4.46
Wed Jul 29 00:46:06 UTC 2026,1785285966,0,4.13
Wed Jul 29 00:46:52 UTC 2026,1785286012,0,4.52
Wed Jul 29 00:47:20 UTC 2026,1785286040,0,4.19
Wed Jul 29 00:50:03 UTC 2026,1785286203,0,4.54
Wed Jul 29 00:50:16 UTC 2026,1785286216,0,4.3
Wed Jul 29 00:51:02 UTC 2026,1785286262,0,4.59
Wed Jul 29 00:52:15 UTC 2026,1785286335,0,4.55
Wed Jul 29 00:53:01 UTC 2026,1785286381,0,4.35
Wed Jul 29 00:54:54 UTC 2026,1785286494,0,4.6
Wed Jul 29 00:54:59 UTC 2026,1785286499,0,4.22
Wed Jul 29 00:55:31 UTC 2026,1785286531,0,3.93
Wed Jul 29 00:56:15 UTC 2026,1785286575,0,4.46
Wed Jul 29 00:56:43 UTC 2026,1785286603,0,4.5
Wed Jul 29 00:58:19 UTC 2026,1785286699,0,4.13
Wed Jul 29 00:59:09 UTC 2026,1785286749,0,3.72
Wed Jul 29 00:59:54 UTC 2026,1785286794,0,4.42
Wed Jul 29 01:00:25 UTC 2026,1785286825,0,4.15
Wed Jul 29 01:00:44 UTC 2026,1785286844,0,4.7
Wed Jul 29 01:01:57 UTC 2026,1785286917,0,4.16
Wed Jul 29 01:03:10 UTC 2026,1785286990,0,4.57
Wed Jul 29 01:04:04 UTC 2026,1785287044,0,4.61
Wed Jul 29 01:04:45 UTC 2026,1785287085,0,4.17
Wed Jul 29 01:05:07 UTC 2026,1785287107,0,4.52
Wed Jul 29 01:05:13 UTC 2026,1785287113,0,4.23
Wed Jul 29 01:06:39 UTC 2026,1785287199,0,4.5
Wed Jul 29 01:07:19 UTC 2026,1785287239,0,4.23
Wed Jul 29 01:08:28 UTC 2026,1785287308,0,4.21
Wed Jul 29 01:09:09 UTC 2026,1785287349,0,4.51
Wed Jul 29 01:10:04 UTC 2026,1785287404,0,4.2
Wed Jul 29 01:10:53 UTC 2026,1785287453,0,4.6
Wed Jul 29 01:11:38 UTC 2026,1785287498,0,4.35
Wed Jul 29 01:11:47 UTC 2026,1785287507,0,4.57
Wed Jul 29 01:14:27 UTC 2026,1785287667,0,4.24
Wed Jul 29 01:14:58 UTC 2026,1785287698,0,4.7
Wed Jul 29 01:15:21 UTC 2026,1785287721,0,4.3
Wed Jul 29 01:17:02 UTC 2026,1785287822,0,4.59
Wed Jul 29 01:17:32 UTC 2026,1785287852,0,4.39
Wed Jul 29 01:19:12 UTC 2026,1785287952,0,4.6
Wed Jul 29 01:19:31 UTC 2026,1785287971,0,4.33
Wed Jul 29 01:20:03 UTC 2026,1785288003,0,4.57
Wed Jul 29 01:20:21 UTC 2026,1785288021,0,4.26
Wed Jul 29 01:22:27 UTC 2026,1785288147,0,4.48
Wed Jul 29 01:22:54 UTC 2026,1785288174,0,4.12
Wed Jul 29 01:23:35 UTC 2026,1785288215,0,4.3
Wed Jul 29 01:24:08 UTC 2026,1785288248,0,4.02
Wed Jul 29 01:25:02 UTC 2026,1785288302,0,4.17
Wed Jul 29 01:25:56 UTC 2026,1785288356,0,3.76
Wed Jul 29 01:26:37 UTC 2026,1785288397,0,3.77
Wed Jul 29 01:27:24 UTC 2026,1785288444,0,4.12
Wed Jul 29 01:28:09 UTC 2026,1785288489,0,4.07
Wed Jul 29 01:29:17 UTC 2026,1785288557,0,3.67
Wed Jul 29 01:29:44 UTC 2026,1785288584,0,3.97
Wed Jul 29 01:31:14 UTC 2026,1785288674,0,3.62
Wed Jul 29 01:32:05 UTC 2026,1785288725,0,4.02
Wed Jul 29 01:32:54 UTC 2026,1785288774,0,3.43
Wed Jul 29 01:33:04 UTC 2026,1785288784,0,3.3
Wed Jul 29 01:33:13 UTC 2026,1785288793,0,3.8
Wed Jul 29 01:34:39 UTC 2026,1785288879,0,3.67
Wed Jul 29 01:35:21 UTC 2026,1785288921,0,3.22
Wed Jul 29 01:36:47 UTC 2026,1785289007,0,3.69
Wed Jul 29 01:37:14 UTC 2026,1785289034,0,3.17
Wed Jul 29 01:38:58 UTC 2026,1785289138,0,3.52
Wed Jul 29 01:39:21 UTC 2026,1785289161,0,3.15
Wed Jul 29 01:40:57 UTC 2026,1785289257,0,3.36
Wed Jul 29 01:41:01 UTC 2026,1785289261,0,3.03
Wed Jul 29 01:41:42 UTC 2026,1785289302,0,3.61
Wed Jul 29 01:42:50 UTC 2026,1785289370,0,3.08
Wed Jul 29 01:42:55 UTC 2026,1785289375,0,3.14
Wed Jul 29 01:44:17 UTC 2026,1785289457,0,3.56
Wed Jul 29 01:45:03 UTC 2026,1785289503,0,3.55
Wed Jul 29 01:45:20 UTC 2026,1785289520,0,3.02
Wed Jul 29 01:46:19 UTC 2026,1785289579,0,3.19
Wed Jul 29 01:47:31 UTC 2026,1785289651,0,3.7
Wed Jul 29 01:48:36 UTC 2026,1785289716,0,3.16
Wed Jul 29 01:48:45 UTC 2026,1785289725,0,3.56
Wed Jul 29 01:49:44 UTC 2026,1785289784,0,3.7
Wed Jul 29 01:50:34 UTC 2026,1785289834,0,3.25
Wed Jul 29 01:52:18 UTC 2026,1785289938,0,3.1
Wed Jul 29 01:52:42 UTC 2026,1785289962,0,3.36
Wed Jul 29 01:53:03 UTC 2026,1785289983,0,3.2
Wed Jul 29 01:54:07 UTC 2026,1785290047,0,2.76
Wed Jul 29 01:55:25 UTC 2026,1785290125,0,2.79
Wed Jul 29 01:56:02 UTC 2026,1785290162,0,3.34
Wed Jul 29 01:56:51 UTC 2026,1785290211,0,3.18
Wed Jul 29 01:57:23 UTC 2026,1785290243,0,2.76
Wed Jul 29 01:57:54 UTC 2026,1785290274,0,2.98
Wed Jul 29 01:59:07 UTC 2026,1785290347,0,3.26
Wed Jul 29 01:59:48 UTC 2026,1785290388,0,3.02
Wed Jul 29 02:00:48 UTC 2026,1785290448,0,3.4
Wed Jul 29 02:01:14 UTC 2026,1785290474,0,3.49
Wed Jul 29 02:01:50 UTC 2026,1785290510,0,3.04
Wed Jul 29 02:04:07 UTC 2026,1785290647,0,3.47
Wed Jul 29 02:04:34 UTC 2026,1785290674,0,3.27
Wed Jul 29 02:05:39 UTC 2026,1785290739,0,3.55
Wed Jul 29 02:06:25 UTC 2026,1785290785,0,3.72
Wed Jul 29 02:07:19 UTC 2026,1785290839,0,3.28
Wed Jul 29 02:08:17 UTC 2026,1785290897,0,3.49
Wed Jul 29 02:08:40 UTC 2026,1785290920,0,3.27
Wed Jul 29 02:09:30 UTC 2026,1785290970,0,3.18
Wed Jul 29 02:10:25 UTC 2026,1785291025,0,3.51
Wed Jul 29 02:12:09 UTC 2026,1785291129,0,3.2
Wed Jul 29 02:12:31 UTC 2026,1785291151,0,3.48
Wed Jul 29 02:13:03 UTC 2026,1785291183,0,3.51
Wed Jul 29 02:13:48 UTC 2026,1785291228,0,3.1
Wed Jul 29 02:14:21 UTC 2026,1785291261,0,3.53
Wed Jul 29 02:15:19 UTC 2026,1785291319,0,3.28
Wed Jul 29 02:16:00 UTC 2026,1785291360,0,3.29
Wed Jul 29 02:17:22 UTC 2026,1785291442,0,3.69
Wed Jul 29 02:17:59 UTC 2026,1785291479,0,3.63
Wed Jul 29 02:18:13 UTC 2026,1785291493,0,3.33
Wed Jul 29 02:20:20 UTC 2026,1785291620,0,3.25
Wed Jul 29 02:20:46 UTC 2026,1785291646,0,3.53
Wed Jul 29 02:21:46 UTC 2026,1785291706,0,2.91
Wed Jul 29 02:22:13 UTC 2026,1785291733,0,3.34
Wed Jul 29 02:22:54 UTC 2026,1785291774,0,3.29
Wed Jul 29 02:23:58 UTC 2026,1785291838,0,2.78
Wed Jul 29 02:24:56 UTC 2026,1785291896,0,3.21
Wed Jul 29 02:25:06 UTC 2026,1785291906,0,2.77
Wed Jul 29 02:26:41 UTC 2026,1785292001,0,2.51
Wed Jul 29 02:27:00 UTC 2026,1785292020,0,2.94
Wed Jul 29 02:27:40 UTC 2026,1785292060,0,2.98
Wed Jul 29 02:28:03 UTC 2026,1785292083,0,2.7
Wed Jul 29 02:29:30 UTC 2026,1785292170,0,3.09
Wed Jul 29 02:30:37 UTC 2026,1785292237,0,2.76
Wed Jul 29 02:30:56 UTC 2026,1785292256,0,3.08
Wed Jul 29 02:31:54 UTC 2026,1785292314,0,2.62
Wed Jul 29 02:32:26 UTC 2026,1785292346,0,2.67
Wed Jul 29 02:33:07 UTC 2026,1785292387,0,3.16
Wed Jul 29 02:34:43 UTC 2026,1785292483,0,3.26
Wed Jul 29 02:34:53 UTC 2026,1785292493,0,2.89
Wed Jul 29 02:36:04 UTC 2026,1785292564,0,3.33
Wed Jul 29 02:36:23 UTC 2026,1785292583,0,3.05
Wed Jul 29 02:37:27 UTC 2026,1785292647,0,3.26
Wed Jul 29 02:38:57 UTC 2026,1785292737,0,2.9
Wed Jul 29 02:39:03 UTC 2026,1785292743,0,2.78
Wed Jul 29 02:39:33 UTC 2026,1785292773,0,3.07
Wed Jul 29 02:41:00 UTC 2026,1785292860,0,3.08
Wed Jul 29 02:41:51 UTC 2026,1785292911,0,2.72
Wed Jul 29 02:42:22 UTC 2026,1785292942,0,3.07
Wed Jul 29 02:43:26 UTC 2026,1785293006,0,2.52
Wed Jul 29 02:43:58 UTC 2026,1785293038,0,2.85
Wed Jul 29 02:44:02 UTC 2026,1785293042,0,2.93
Wed Jul 29 02:44:07 UTC 2026,1785293047,0,2.83
Wed Jul 29 02:44:20 UTC 2026,1785293060,0,2.72
Wed Jul 29 02:45:10 UTC 2026,1785293110,0,3.04
Wed Jul 29 02:45:47 UTC 2026,1785293147,0,3.25
Wed Jul 29 02:46:42 UTC 2026,1785293202,0,2.76
Wed Jul 29 02:48:12 UTC 2026,1785293292,0,2.87
Wed Jul 29 02:48:49 UTC 2026,1785293329,0,3.19
Wed Jul 29 02:49:34 UTC 2026,1785293374,0,3.24
Wed Jul 29 02:49:57 UTC 2026,1785293397,0,2.87
Wed Jul 29 02:50:56 UTC 2026,1785293456,0,3.03
Wed Jul 29 02:51:27 UTC 2026,1785293487,0,3.35
Wed Jul 29 02:52:13 UTC 2026,1785293533,0,3.34
Wed Jul 29 02:52:45 UTC 2026,1785293565,0,3.01
Wed Jul 29 02:54:34 UTC 2026,1785293674,0,2.95
Wed Jul 29 02:54:56 UTC 2026,1785293696,0,3.31
Wed Jul 29 02:56:33 UTC 2026,1785293793,0,2.92
Wed Jul 29 02:56:55 UTC 2026,1785293815,0,3.38
Wed Jul 29 02:57:36 UTC 2026,1785293856,0,3.04
Wed Jul 29 02:58:39 UTC 2026,1785293919,0,3.5
Wed Jul 29 02:59:46 UTC 2026,1785293986,0,3.22
Wed Jul 29 03:00:24 UTC 2026,1785294024,0,3.44
Wed Jul 29 03:00:52 UTC 2026,1785294052,0,3.42
Wed Jul 29 03:01:46 UTC 2026,1785294106,0,3.18
Wed Jul 29 03:03:30 UTC 2026,1785294210,0,3.19
Wed Jul 29 03:03:35 UTC 2026,1785294215,0,3.54
Wed Jul 29 03:04:02 UTC 2026,1785294242,0,3.26
Wed Jul 29 03:05:02 UTC 2026,1785294302,0,3.49
Wed Jul 29 03:05:43 UTC 2026,1785294343,0,3.5
Wed Jul 29 03:06:51 UTC 2026,1785294411,0,3.31
Wed Jul 29 03:07:21 UTC 2026,1785294441,0,3.25
Wed Jul 29 03:07:45 UTC 2026,1785294465,0,3.54
Wed Jul 29 03:08:48 UTC 2026,1785294528,0,3.68
Wed Jul 29 03:10:20 UTC 2026,1785294620,0,3.29
Wed Jul 29 03:10:33 UTC 2026,1785294633,0,3.45
Wed Jul 29 03:11:41 UTC 2026,1785294701,0,3.18
Wed Jul 29 03:12:22 UTC 2026,1785294742,0,3.36
Wed Jul 29 03:13:16 UTC 2026,1785294796,0,3.12
Wed Jul 29 03:13:43 UTC 2026,1785294823,0,2.97
Wed Jul 29 03:14:10 UTC 2026,1785294850,0,3.22
Wed Jul 29 03:16:55 UTC 2026,1785295015,0,2.99
Wed Jul 29 03:17:18 UTC 2026,1785295038,0,3.18
Wed Jul 29 03:17:53 UTC 2026,1785295073,0,2.88
Wed Jul 29 03:18:44 UTC 2026,1785295124,0,3.15
Wed Jul 29 03:19:29 UTC 2026,1785295169,0,2.89
Wed Jul 29 03:20:41 UTC 2026,1785295241,0,3.15
Wed Jul 29 03:21:18 UTC 2026,1785295278,0,2.91
Wed Jul 29 03:22:54 UTC 2026,1785295374,0,2.83
Wed Jul 29 03:23:07 UTC 2026,1785295387,0,3.12
Wed Jul 29 03:23:53 UTC 2026,1785295433,0,2.92
Wed Jul 29 03:24:02 UTC 2026,1785295442,0,3.17
Wed Jul 29 03:25:15 UTC 2026,1785295515,0,2.77
Wed Jul 29 03:26:46 UTC 2026,1785295606,0,3.1
Wed Jul 29 03:27:40 UTC 2026,1785295660,0,3.14
Wed Jul 29 03:28:07 UTC 2026,1785295687,0,2.82
Wed Jul 29 03:28:35 UTC 2026,1785295715,0,2.68
Wed Jul 29 03:30:01 UTC 2026,1785295801,0,3.52
Wed Jul 29 03:30:15 UTC 2026,1785295815,0,3.41
Wed Jul 29 03:31:45 UTC 2026,1785295905,0,3.13
Wed Jul 29 03:32:04 UTC 2026,1785295924,0,3.07
Wed Jul 29 03:33:25 UTC 2026,1785296005,0,3.38
Wed Jul 29 03:33:44 UTC 2026,1785296024,0,3.39
Wed Jul 29 03:34:11 UTC 2026,1785296051,0,3.09
Wed Jul 29 03:35:15 UTC 2026,1785296115,0,3.06
Wed Jul 29 03:36:14 UTC 2026,1785296174,0,3.41
Wed Jul 29 03:36:55 UTC 2026,1785296215,0,3.08
Wed Jul 29 03:37:17 UTC 2026,1785296237,0,3.35
Wed Jul 29 03:38:25 UTC 2026,1785296305,0,3.31
Wed Jul 29 03:39:43 UTC 2026,1785296383,0,3.07
Wed Jul 29 03:40:37 UTC 2026,1785296437,0,3.1
Wed Jul 29 03:41:37 UTC 2026,1785296497,0,3.35
Wed Jul 29 03:42:08 UTC 2026,1785296528,0,3.22
Wed Jul 29 03:43:17 UTC 2026,1785296597,0,3.47
Wed Jul 29 03:44:02 UTC 2026,1785296642,0,3.14
Wed Jul 29 03:44:30 UTC 2026,1785296670,0,3.49
Wed Jul 29 03:45:41 UTC 2026,1785296741,0,3.4
Wed Jul 29 03:46:22 UTC 2026,1785296782,0,3.18
Wed Jul 29 03:47:00 UTC 2026,1785296820,0,3.39
Wed Jul 29 03:47:18 UTC 2026,1785296838,0,3.2
Wed Jul 29 03:48:49 UTC 2026,1785296929,0,3.23
Wed Jul 29 03:48:57 UTC 2026,1785296937,0,3.4
Wed Jul 29 03:50:01 UTC 2026,1785297001,0,3.34
Wed Jul 29 03:50:05 UTC 2026,1785297005,0,3.09
Wed Jul 29 03:52:13 UTC 2026,1785297133,0,3.4
Wed Jul 29 03:52:36 UTC 2026,1785297156,0,2.98
Wed Jul 29 03:53:16 UTC 2026,1785297196,0,2.8
Wed Jul 29 03:53:30 UTC 2026,1785297210,0,3.23
Wed Jul 29 03:55:24 UTC 2026,1785297324,0,3.25
Wed Jul 29 03:56:19 UTC 2026,1785297379,0,2.89
Wed Jul 29 03:56:36 UTC 2026,1785297396,0,2.99
Wed Jul 29 03:57:30 UTC 2026,1785297450,0,3.44
Wed Jul 29 03:58:57 UTC 2026,1785297537,0,3.35
Wed Jul 29 03:59:47 UTC 2026,1785297587,0,3.06
Wed Jul 29 04:00:18 UTC 2026,1785297618,0,3.05
Wed Jul 29 04:01:18 UTC 2026,1785297678,0,3.37
Wed Jul 29 04:01:36 UTC 2026,1785297696,0,3.05
Wed Jul 29 04:01:54 UTC 2026,1785297714,0,3.44
Wed Jul 29 04:03:26 UTC 2026,1785297806,0,3.49
Wed Jul 29 04:04:28 UTC 2026,1785297868,0,2.89
Wed Jul 29 04:04:51 UTC 2026,1785297891,0,2.95
Wed Jul 29 04:06:22 UTC 2026,1785297982,0,3.42
Wed Jul 29 04:07:12 UTC 2026,1785298032,0,3.17
Wed Jul 29 04:07:57 UTC 2026,1785298077,0,3.49
Wed Jul 29 04:08:11 UTC 2026,1785298091,0,3.29
Wed Jul 29 04:08:57 UTC 2026,1785298137,0,3.69
Wed Jul 29 04:10:04 UTC 2026,1785298204,0,3.23
Wed Jul 29 04:10:55 UTC 2026,1785298255,0,3.57
Wed Jul 29 04:12:12 UTC 2026,1785298332,0,3.49
Wed Jul 29 04:12:47 UTC 2026,1785298367,0,3.19
Wed Jul 29 04:13:07 UTC 2026,1785298387,0,3.26
Wed Jul 29 04:14:28 UTC 2026,1785298468,0,3.54
Wed Jul 29 04:15:36 UTC 2026,1785298536,0,3.65
Wed Jul 29 04:16:03 UTC 2026,1785298563,0,3.25
Wed Jul 29 04:16:40 UTC 2026,1785298600,0,3.39
Wed Jul 29 04:17:12 UTC 2026,1785298632,0,3.65
Wed Jul 29 04:18:11 UTC 2026,1785298691,0,3.66
Wed Jul 29 04:18:57 UTC 2026,1785298737,0,3.31
Wed Jul 29 04:19:52 UTC 2026,1785298792,0,2.99
Wed Jul 29 04:21:03 UTC 2026,1785298863,0,3.64
Wed Jul 29 04:21:49 UTC 2026,1785298909,0,3.72
Wed Jul 29 04:22:26 UTC 2026,1785298946,0,3.34
Wed Jul 29 04:23:21 UTC 2026,1785299001,0,3.28
Wed Jul 29 04:23:29 UTC 2026,1785299009,0,3.56
Wed Jul 29 04:25:00 UTC 2026,1785299100,0,3.39
Wed Jul 29 04:26:03 UTC 2026,1785299163,0,3.82
Wed Jul 29 04:26:17 UTC 2026,1785299177,0,3.39
Wed Jul 29 04:26:40 UTC 2026,1785299200,0,3.6
Wed Jul 29 04:28:05 UTC 2026,1785299285,0,3.41
Wed Jul 29 04:28:33 UTC 2026,1785299313,0,3.58
Wed Jul 29 04:29:46 UTC 2026,1785299386,0,3.57
Wed Jul 29 04:30:13 UTC 2026,1785299413,0,3.33
Wed Jul 29 04:31:44 UTC 2026,1785299504,0,3.49
Wed Jul 29 04:31:49 UTC 2026,1785299509,0,3.31
Wed Jul 29 04:33:16 UTC 2026,1785299596,0,3.15
Wed Jul 29 04:33:56 UTC 2026,1785299636,0,3.51
Wed Jul 29 04:34:33 UTC 2026,1785299673,0,3.49
Wed Jul 29 04:36:08 UTC 2026,1785299768,0,3.22
Wed Jul 29 04:36:39 UTC 2026,1785299799,0,3.47
Wed Jul 29 04:37:44 UTC 2026,1785299864,0,2.99
Wed Jul 29 04:38:02 UTC 2026,1785299882,0,3.07
Wed Jul 29 04:39:19 UTC 2026,1785299959,0,3.42
Wed Jul 29 04:40:50 UTC 2026,1785300050,0,3.22
Wed Jul 29 04:41:00 UTC 2026,1785300060,0,3.41
Wed Jul 29 04:41:21 UTC 2026,1785300081,0,3.12
Wed Jul 29 04:41:49 UTC 2026,1785300109,0,3.5
Wed Jul 29 04:43:47 UTC 2026,1785300227,0,3.17
Wed Jul 29 04:43:56 UTC 2026,1785300236,0,3.43
Wed Jul 29 04:44:37 UTC 2026,1785300277,0,3.02
Wed Jul 29 04:45:18 UTC 2026,1785300318,0,3.48
Wed Jul 29 04:47:16 UTC 2026,1785300436,0,3.46
Wed Jul 29 04:47:39 UTC 2026,1785300459,0,3.22
Wed Jul 29 04:48:06 UTC 2026,1785300486,0,3.18
Wed Jul 29 04:48:14 UTC 2026,1785300494,0,3.46
Wed Jul 29 04:50:17 UTC 2026,1785300617,0,3.4
Wed Jul 29 04:50:49 UTC 2026,1785300649,0,3.18
Wed Jul 29 04:51:26 UTC 2026,1785300686,0,3.14
Wed Jul 29 04:52:06 UTC 2026,1785300726,0,3.56
Wed Jul 29 04:52:48 UTC 2026,1785300768,0,3.19
Wed Jul 29 04:53:37 UTC 2026,1785300817,0,3.44
Wed Jul 29 04:54:32 UTC 2026,1785300872,0,3.36
Wed Jul 29 04:54:42 UTC 2026,1785300882,0,3.22
Wed Jul 29 04:56:03 UTC 2026,1785300963,0,3.14
Wed Jul 29 04:57:03 UTC 2026,1785301023,0,3.33
Wed Jul 29 04:57:39 UTC 2026,1785301059,0,3.22
Wed Jul 29 04:58:42 UTC 2026,1785301122,0,3.37
Wed Jul 29 05:00:23 UTC 2026,1785301223,0,3.21
Wed Jul 29 05:00:28 UTC 2026,1785301228,0,3.36
Wed Jul 29 05:00:59 UTC 2026,1785301259,0,3.3
Wed Jul 29 05:02:25 UTC 2026,1785301345,0,3.14
Wed Jul 29 05:02:47 UTC 2026,1785301367,0,3.09
Wed Jul 29 05:04:05 UTC 2026,1785301445,0,3.29
Wed Jul 29 05:04:37 UTC 2026,1785301477,0,3.16
Wed Jul 29 05:05:05 UTC 2026,1785301505,0,3.25
Wed Jul 29 05:06:07 UTC 2026,1785301567,0,3.2
Wed Jul 29 05:06:48 UTC 2026,1785301608,0,3.11
Wed Jul 29 05:08:01 UTC 2026,1785301681,0,3.19
Wed Jul 29 05:08:15 UTC 2026,1785301695,0,3.08
Wed Jul 29 05:09:36 UTC 2026,1785301776,0,3.2
Wed Jul 29 05:10:04 UTC 2026,1785301804,0,3.05
Wed Jul 29 05:11:03 UTC 2026,1785301863,0,3.08
Wed Jul 29 05:12:20 UTC 2026,1785301940,0,3.25
Wed Jul 29 05:12:29 UTC 2026,1785301949,0,3.12
Wed Jul 29 05:12:57 UTC 2026,1785301977,0,3.23
Wed Jul 29 05:14:09 UTC 2026,1785302049,0,3.07
Wed Jul 29 05:14:22 UTC 2026,1785302062,0,3.22
Wed Jul 29 05:15:49 UTC 2026,1785302149,0,3.16
Wed Jul 29 05:17:15 UTC 2026,1785302235,0,3.36
Wed Jul 29 05:17:28 UTC 2026,1785302248,0,3.34
Wed Jul 29 05:18:36 UTC 2026,1785302316,0,3.22
Wed Jul 29 05:19:13 UTC 2026,1785302353,0,3.38
Wed Jul 29 05:19:46 UTC 2026,1785302386,0,3.17
Wed Jul 29 05:20:53 UTC 2026,1785302453,0,3.25
Wed Jul 29 05:21:16 UTC 2026,1785302476,0,3.36
Wed Jul 29 05:23:00 UTC 2026,1785302580,0,3.28
Wed Jul 29 05:23:19 UTC 2026,1785302599,0,3.45
Wed Jul 29 05:25:30 UTC 2026,1785302730,0,3.27
Wed Jul 29 05:25:54 UTC 2026,1785302754,0,3.34
Wed Jul 29 05:27:06 UTC 2026,1785302826,0,3.52
Wed Jul 29 05:27:20 UTC 2026,1785302840,0,3.38
Wed Jul 29 05:28:36 UTC 2026,1785302916,0,3.54
Wed Jul 29 05:29:08 UTC 2026,1785302948,0,3.57
Wed Jul 29 05:29:17 UTC 2026,1785302957,0,3.46
Wed Jul 29 05:32:11 UTC 2026,1785303131,0,3.64
Wed Jul 29 05:32:15 UTC 2026,1785303135,0,3.66
Wed Jul 29 05:32:24 UTC 2026,1785303144,0,3.41
Wed Jul 29 05:34:53 UTC 2026,1785303293,0,3.46
Wed Jul 29 05:35:30 UTC 2026,1785303330,0,3.65
Wed Jul 29 05:36:07 UTC 2026,1785303367,0,3.57
Wed Jul 29 05:37:10 UTC 2026,1785303430,0,3.72
Wed Jul 29 05:38:09 UTC 2026,1785303489,0,3.62
Wed Jul 29 05:38:42 UTC 2026,1785303522,0,3.79
Wed Jul 29 05:39:03 UTC 2026,1785303543,0,3.64
Wed Jul 29 05:40:17 UTC 2026,1785303617,0,3.78
Wed Jul 29 05:41:06 UTC 2026,1785303666,0,3.64
Wed Jul 29 05:41:38 UTC 2026,1785303698,0,3.77
Wed Jul 29 05:42:10 UTC 2026,1785303730,0,3.78
Wed Jul 29 05:42:38 UTC 2026,1785303758,0,3.64
Wed Jul 29 05:43:50 UTC 2026,1785303830,0,3.74
Wed Jul 29 05:45:02 UTC 2026,1785303902,0,3.62
Wed Jul 29 05:46:15 UTC 2026,1785303975,0,3.73
Wed Jul 29 05:46:42 UTC 2026,1785304002,0,3.55
Wed Jul 29 05:47:15 UTC 2026,1785304035,0,3.69
Wed Jul 29 05:47:46 UTC 2026,1785304066,0,3.56
Wed Jul 29 05:48:54 UTC 2026,1785304134,0,3.72
Wed Jul 29 05:49:04 UTC 2026,1785304144,0,3.55
Wed Jul 29 05:51:29 UTC 2026,1785304289,0,3.5
Wed Jul 29 05:51:52 UTC 2026,1785304312,0,3.78
Wed Jul 29 05:52:50 UTC 2026,1785304370,0,3.6
Wed Jul 29 05:53:22 UTC 2026,1785304402,0,3.75
Wed Jul 29 05:53:45 UTC 2026,1785304425,0,3.58
Wed Jul 29 05:54:58 UTC 2026,1785304498,0,3.71
Wed Jul 29 05:55:21 UTC 2026,1785304521,0,3.58
Wed Jul 29 05:55:34 UTC 2026,1785304534,0,3.7
Wed Jul 29 05:57:00 UTC 2026,1785304620,0,3.68
Wed Jul 29 05:58:18 UTC 2026,1785304698,0,3.5
Wed Jul 29 05:58:54 UTC 2026,1785304734,0,3.66
Wed Jul 29 05:58:58 UTC 2026,1785304738,0,3.53
Wed Jul 29 06:01:01 UTC 2026,1785304861,0,3.61
Wed Jul 29 06:01:28 UTC 2026,1785304888,0,3.36
Wed Jul 29 06:02:27 UTC 2026,1785304947,0,3.57
Wed Jul 29 06:02:36 UTC 2026,1785304956,0,3.19
Wed Jul 29 06:04:02 UTC 2026,1785305042,0,3.35
Wed Jul 29 06:04:26 UTC 2026,1785305066,0,3.57
Wed Jul 29 06:06:24 UTC 2026,1785305184,0,3.58
Wed Jul 29 06:06:51 UTC 2026,1785305211,0,3.4
Wed Jul 29 06:07:37 UTC 2026,1785305257,0,3.55
Wed Jul 29 06:08:08 UTC 2026,1785305288,0,3.41
Wed Jul 29 06:08:49 UTC 2026,1785305329,0,3.58
Wed Jul 29 06:09:07 UTC 2026,1785305347,0,3.43
Wed Jul 29 06:11:00 UTC 2026,1785305460,0,3.57
Wed Jul 29 06:11:41 UTC 2026,1785305501,0,3.34
Wed Jul 29 06:12:14 UTC 2026,1785305534,0,3.58
Wed Jul 29 06:13:17 UTC 2026,1785305597,0,3.28
Wed Jul 29 06:13:35 UTC 2026,1785305615,0,3.51
Wed Jul 29 06:14:16 UTC 2026,1785305656,0,3.31
Wed Jul 29 06:15:16 UTC 2026,1785305716,0,3.27
Wed Jul 29 06:16:42 UTC 2026,1785305802,0,3.48
Wed Jul 29 06:17:04 UTC 2026,1785305824,0,3.45
Wed Jul 29 06:17:37 UTC 2026,1785305857,0,3.31
Wed Jul 29 06:18:45 UTC 2026,1785305925,0,3.27
Wed Jul 29 06:19:02 UTC 2026,1785305942,0,3.46
Wed Jul 29 06:20:55 UTC 2026,1785306055,0,3.28
Wed Jul 29 06:21:00 UTC 2026,1785306060,0,3.45
Wed Jul 29 06:22:27 UTC 2026,1785306147,0,3.25
Wed Jul 29 06:23:12 UTC 2026,1785306192,0,3.49
Wed Jul 29 06:25:02 UTC 2026,1785306302,0,3.26
Wed Jul 29 06:25:47 UTC 2026,1785306347,0,3.51
Wed Jul 29 06:25:56 UTC 2026,1785306356,0,3.27
Wed Jul 29 06:26:59 UTC 2026,1785306419,0,3.53
Wed Jul 29 06:28:07 UTC 2026,1785306487,0,3.33
Wed Jul 29 06:29:39 UTC 2026,1785306579,0,3.53
Wed Jul 29 06:29:53 UTC 2026,1785306593,0,3.31
Wed Jul 29 06:30:15 UTC 2026,1785306615,0,3.57
Wed Jul 29 06:30:55 UTC 2026,1785306655,0,3.26
Wed Jul 29 06:32:36 UTC 2026,1785306756,0,3.58
Wed Jul 29 06:33:44 UTC 2026,1785306824,0,3.36
Wed Jul 29 06:34:48 UTC 2026,1785306888,0,3.65
Wed Jul 29 06:35:46 UTC 2026,1785306946,0,3.66
Wed Jul 29 06:36:27 UTC 2026,1785306987,0,3.45
Wed Jul 29 06:36:41 UTC 2026,1785307001,0,3.83
Wed Jul 29 06:37:45 UTC 2026,1785307065,0,3.46
Wed Jul 29 06:38:35 UTC 2026,1785307115,0,3.73
Wed Jul 29 06:38:54 UTC 2026,1785307134,0,3.48
Wed Jul 29 06:40:01 UTC 2026,1785307201,0,3.56
Wed Jul 29 06:40:38 UTC 2026,1785307238,0,3.79
Wed Jul 29 06:42:36 UTC 2026,1785307356,0,3.6
Wed Jul 29 06:42:50 UTC 2026,1785307370,0,3.83
Wed Jul 29 06:43:25 UTC 2026,1785307405,0,3.6
Wed Jul 29 06:44:31 UTC 2026,1785307471,0,3.84
Wed Jul 29 06:45:42 UTC 2026,1785307542,0,3.86
Wed Jul 29 06:46:27 UTC 2026,1785307587,0,3.52
Wed Jul 29 06:46:37 UTC 2026,1785307597,0,3.35
Wed Jul 29 06:47:49 UTC 2026,1785307669,0,3.85
Wed Jul 29 06:48:54 UTC 2026,1785307734,0,3.59
Wed Jul 29 06:49:21 UTC 2026,1785307761,0,3.84
Wed Jul 29 06:49:48 UTC 2026,1785307788,0,3.83
Wed Jul 29 06:50:06 UTC 2026,1785307806,0,3.45
Wed Jul 29 06:51:54 UTC 2026,1785307914,0,3.81
Wed Jul 29 06:52:14 UTC 2026,1785307934,0,3.29
Wed Jul 29 06:53:08 UTC 2026,1785307988,0,3.44
Wed Jul 29 06:54:12 UTC 2026,1785308052,0,3.85
Wed Jul 29 06:55:14 UTC 2026,1785308114,0,3.53
Wed Jul 29 06:55:37 UTC 2026,1785308137,0,3.86
Wed Jul 29 06:56:28 UTC 2026,1785308188,0,3.83
Wed Jul 29 06:57:22 UTC 2026,1785308242,0,3.59
Wed Jul 29 06:58:12 UTC 2026,1785308292,0,3.83
Wed Jul 29 06:58:30 UTC 2026,1785308310,0,3.64
Wed Jul 29 06:59:48 UTC 2026,1785308388,0,3.67
Wed Jul 29 07:00:15 UTC 2026,1785308415,0,3.83
Wed Jul 29 07:02:49 UTC 2026,1785308569,0,3.84
Wed Jul 29 07:02:58 UTC 2026,1785308578,0,3.54
Wed Jul 29 07:04:15 UTC 2026,1785308655,0,3.87
Wed Jul 29 07:04:25 UTC 2026,1785308665,0,3.63
Wed Jul 29 07:05:28 UTC 2026,1785308728,0,3.46
Wed Jul 29 07:06:09 UTC 2026,1785308769,0,3.85
Wed Jul 29 07:06:27 UTC 2026,1785308787,0,3.63
Wed Jul 29 07:07:08 UTC 2026,1785308828,0,3.96
Wed Jul 29 07:08:08 UTC 2026,1785308888,0,3.89
Wed Jul 29 07:08:35 UTC 2026,1785308915,0,3.57
Wed Jul 29 07:10:04 UTC 2026,1785309004,0,3.59
Wed Jul 29 07:10:59 UTC 2026,1785309059,0,3.89
Wed Jul 29 07:12:12 UTC 2026,1785309132,0,3.58
Wed Jul 29 07:12:18 UTC 2026,1785309138,0,3.94
Wed Jul 29 07:13:02 UTC 2026,1785309182,0,3.84
Wed Jul 29 07:13:56 UTC 2026,1785309236,0,3.63
Wed Jul 29 07:15:19 UTC 2026,1785309319,0,3.85
Wed Jul 29 07:15:47 UTC 2026,1785309347,0,3.48
Wed Jul 29 07:16:13 UTC 2026,1785309373,0,3.46
Wed Jul 29 07:16:32 UTC 2026,1785309392,0,3.9
Wed Jul 29 07:18:34 UTC 2026,1785309514,0,3.66
Wed Jul 29 07:18:51 UTC 2026,1785309531,0,3.86
Wed Jul 29 07:19:47 UTC 2026,1785309587,0,3.98
Wed Jul 29 07:19:57 UTC 2026,1785309597,0,3.59
Wed Jul 29 07:21:12 UTC 2026,1785309672,0,3.53
Wed Jul 29 07:22:12 UTC 2026,1785309732,0,3.8
Wed Jul 29 07:23:03 UTC 2026,1785309783,0,3.58
Wed Jul 29 07:23:30 UTC 2026,1785309810,0,3.92
Wed Jul 29 07:24:55 UTC 2026,1785309895,0,3.87
Wed Jul 29 07:25:22 UTC 2026,1785309922,0,3.45
Wed Jul 29 07:26:13 UTC 2026,1785309973,0,3.87
Wed Jul 29 07:26:35 UTC 2026,1785309995,0,3.51
Wed Jul 29 07:28:38 UTC 2026,1785310118,0,3.61
Wed Jul 29 07:29:06 UTC 2026,1785310146,0,3.89
Wed Jul 29 07:29:47 UTC 2026,1785310187,0,3.81
Wed Jul 29 07:30:09 UTC 2026,1785310209,0,3.43
Wed Jul 29 07:31:59 UTC 2026,1785310319,0,3.76
Wed Jul 29 07:32:12 UTC 2026,1785310332,0,3.38
Wed Jul 29 07:32:44 UTC 2026,1785310364,0,3.77
Wed Jul 29 07:32:57 UTC 2026,1785310377,0,3.38
Wed Jul 29 07:34:47 UTC 2026,1785310487,0,3.87
Wed Jul 29 07:35:01 UTC 2026,1785310501,0,3.49
Wed Jul 29 07:36:09 UTC 2026,1785310569,0,3.41
Wed Jul 29 07:37:31 UTC 2026,1785310651,0,3.81
Wed Jul 29 07:38:38 UTC 2026,1785310718,0,3.8
Wed Jul 29 07:39:02 UTC 2026,1785310742,0,3.47
Wed Jul 29 07:40:06 UTC 2026,1785310806,0,3.7
Wed Jul 29 07:40:55 UTC 2026,1785310855,0,3.46
Wed Jul 29 07:41:45 UTC 2026,1785310905,0,3.23
Wed Jul 29 07:42:22 UTC 2026,1785310942,0,3.74
Wed Jul 29 07:42:48 UTC 2026,1785310968,0,3.71
Wed Jul 29 07:43:21 UTC 2026,1785311001,0,3.25
Wed Jul 29 07:44:37 UTC 2026,1785311077,0,3.32
Wed Jul 29 07:44:56 UTC 2026,1785311096,0,3.67
Wed Jul 29 07:46:31 UTC 2026,1785311191,0,3.66
Wed Jul 29 07:47:12 UTC 2026,1785311232,0,3.23
Wed Jul 29 07:47:45 UTC 2026,1785311265,0,3.17
Wed Jul 29 07:48:15 UTC 2026,1785311295,0,3.61
Wed Jul 29 07:49:47 UTC 2026,1785311387,0,3.58
Wed Jul 29 07:49:51 UTC 2026,1785311391,0,3.27
Wed Jul 29 07:51:08 UTC 2026,1785311468,0,3.17
Wed Jul 29 07:51:45 UTC 2026,1785311505,0,3.54
Wed Jul 29 07:53:10 UTC 2026,1785311590,0,3.63
Wed Jul 29 07:54:02 UTC 2026,1785311642,0,3.27
Wed Jul 29 07:55:24 UTC 2026,1785311724,0,3.53
Wed Jul 29 07:55:50 UTC 2026,1785311750,0,3.25
Wed Jul 29 07:56:09 UTC 2026,1785311769,0,3.61
Wed Jul 29 07:57:45 UTC 2026,1785311865,0,3.46
Wed Jul 29 07:58:12 UTC 2026,1785311892,0,3.12
Wed Jul 29 07:59:24 UTC 2026,1785311964,0,3.17
Wed Jul 29 08:00:41 UTC 2026,1785312041,0,3.5
Wed Jul 29 08:01:46 UTC 2026,1785312106,0,2.9
Wed Jul 29 08:01:55 UTC 2026,1785312115,0,3.36
Wed Jul 29 08:03:48 UTC 2026,1785312228,0,2.91
Wed Jul 29 08:04:10 UTC 2026,1785312250,0,3.31
Wed Jul 29 08:04:51 UTC 2026,1785312291,0,3.08
Wed Jul 29 08:06:13 UTC 2026,1785312373,0,3.31
Wed Jul 29 08:07:07 UTC 2026,1785312427,0,3.09
Wed Jul 29 08:07:48 UTC 2026,1785312468,0,3.31
Wed Jul 29 08:08:11 UTC 2026,1785312491,0,3.05
Wed Jul 29 08:09:25 UTC 2026,1785312565,0,3.07
Wed Jul 29 08:09:29 UTC 2026,1785312569,0,3.27
Wed Jul 29 08:11:09 UTC 2026,1785312669,0,3.24
Wed Jul 29 08:11:36 UTC 2026,1785312696,0,2.96
Wed Jul 29 08:13:44 UTC 2026,1785312824,0,3.06
Wed Jul 29 08:13:52 UTC 2026,1785312832,0,3.5
Wed Jul 29 08:13:57 UTC 2026,1785312837,0,3.46
Wed Jul 29 08:14:20 UTC 2026,1785312860,0,3.09
Wed Jul 29 08:15:50 UTC 2026,1785312950,0,3.02
Wed Jul 29 08:16:40 UTC 2026,1785313000,0,3.27
Wed Jul 29 08:17:35 UTC 2026,1785313055,0,3.09
Wed Jul 29 08:17:45 UTC 2026,1785313065,0,3.32
Wed Jul 29 08:19:11 UTC 2026,1785313151,0,3.15
Wed Jul 29 08:19:16 UTC 2026,1785313156,0,3.37
Wed Jul 29 08:20:56 UTC 2026,1785313256,0,3.36
Wed Jul 29 08:21:41 UTC 2026,1785313301,0,3.08
Wed Jul 29 08:22:26 UTC 2026,1785313346,0,3.32
Wed Jul 29 08:22:40 UTC 2026,1785313360,0,3.02
Wed Jul 29 08:24:34 UTC 2026,1785313474,0,3.28
Wed Jul 29 08:25:24 UTC 2026,1785313524,0,3.04
Wed Jul 29 08:26:05 UTC 2026,1785313565,0,3.27
Wed Jul 29 08:26:27 UTC 2026,1785313587,0,3.12
Wed Jul 29 08:27:40 UTC 2026,1785313660,0,3.26
Wed Jul 29 08:28:39 UTC 2026,1785313719,0,2.94
Wed Jul 29 08:29:30 UTC 2026,1785313770,0,2.86
Wed Jul 29 08:29:38 UTC 2026,1785313778,0,3.29
Wed Jul 29 08:30:59 UTC 2026,1785313859,0,3.15
Wed Jul 29 08:31:45 UTC 2026,1785313905,0,2.85
Wed Jul 29 08:32:31 UTC 2026,1785313951,0,2.66
Wed Jul 29 08:32:45 UTC 2026,1785313965,0,3.22
Wed Jul 29 08:33:53 UTC 2026,1785314033,0,3.39
Wed Jul 29 08:34:20 UTC 2026,1785314060,0,2.96
Wed Jul 29 08:35:46 UTC 2026,1785314146,0,3.07
Wed Jul 29 08:36:32 UTC 2026,1785314192,0,3.3
Wed Jul 29 08:37:09 UTC 2026,1785314229,0,3.29
Wed Jul 29 08:38:30 UTC 2026,1785314310,0,3.05
Wed Jul 29 08:38:44 UTC 2026,1785314324,0,3.25
Wed Jul 29 08:39:56 UTC 2026,1785314396,0,3.03
Wed Jul 29 08:41:27 UTC 2026,1785314487,0,2.96
Wed Jul 29 08:41:59 UTC 2026,1785314519,0,3.37
Wed Jul 29 08:42:34 UTC 2026,1785314554,0,3.34
Wed Jul 29 08:42:54 UTC 2026,1785314574,0,3.06
Wed Jul 29 08:43:52 UTC 2026,1785314632,0,3.05
Wed Jul 29 08:44:48 UTC 2026,1785314688,0,3.36
Wed Jul 29 08:46:50 UTC 2026,1785314810,0,3.1
Wed Jul 29 08:47:17 UTC 2026,1785314837,0,3.17
Wed Jul 29 08:47:31 UTC 2026,1785314851,0,3.41
Wed Jul 29 08:49:19 UTC 2026,1785314959,0,3.15
Wed Jul 29 08:49:52 UTC 2026,1785314992,0,3.4
Wed Jul 29 08:50:20 UTC 2026,1785315020,0,3.43
Wed Jul 29 08:51:08 UTC 2026,1785315068,0,3.12
Wed Jul 29 08:52:44 UTC 2026,1785315164,0,3.13
Wed Jul 29 08:52:58 UTC 2026,1785315178,0,3.39
Wed Jul 29 08:54:10 UTC 2026,1785315250,0,3.13
Wed Jul 29 08:54:38 UTC 2026,1785315278,0,3.43
Wed Jul 29 08:56:45 UTC 2026,1785315405,0,3.49
Wed Jul 29 08:56:50 UTC 2026,1785315410,0,3.0
Wed Jul 29 08:57:03 UTC 2026,1785315423,0,3.19
Wed Jul 29 08:57:39 UTC 2026,1785315459,0,3.48
Wed Jul 29 08:59:38 UTC 2026,1785315578,0,3.47
Wed Jul 29 09:00:00 UTC 2026,1785315600,0,3.12
Wed Jul 29 09:00:10 UTC 2026,1785315610,0,3.46
Wed Jul 29 09:00:41 UTC 2026,1785315641,0,3.14
Wed Jul 29 09:02:25 UTC 2026,1785315745,0,3.38
Wed Jul 29 09:03:10 UTC 2026,1785315790,0,2.99
Wed Jul 29 09:04:06 UTC 2026,1785315846,0,3.37
Wed Jul 29 09:04:37 UTC 2026,1785315877,0,3.03
Wed Jul 29 09:05:41 UTC 2026,1785315941,0,3.02
Wed Jul 29 09:06:08 UTC 2026,1785315968,0,3.39
Wed Jul 29 09:07:17 UTC 2026,1785316037,0,3.35
Wed Jul 29 09:07:39 UTC 2026,1785316059,0,2.99
Wed Jul 29 09:08:39 UTC 2026,1785316119,0,3.07
Wed Jul 29 09:09:37 UTC 2026,1785316177,0,3.27
Wed Jul 29 09:10:54 UTC 2026,1785316254,0,3.05
Wed Jul 29 09:11:31 UTC 2026,1785316291,0,3.3
Wed Jul 29 09:12:53 UTC 2026,1785316373,0,2.93
Wed Jul 29 09:13:06 UTC 2026,1785316386,0,3.35
Wed Jul 29 09:13:43 UTC 2026,1785316423,0,3.02
Wed Jul 29 09:13:51 UTC 2026,1785316431,0,3.37
Wed Jul 29 09:15:24 UTC 2026,1785316524,0,3.01
Wed Jul 29 09:15:28 UTC 2026,1785316528,0,3.32
Wed Jul 29 09:16:39 UTC 2026,1785316599,0,3.31
Wed Jul 29 09:16:45 UTC 2026,1785316605,0,3.08
Wed Jul 29 09:19:06 UTC 2026,1785316746,0,3.36
Wed Jul 29 09:19:51 UTC 2026,1785316791,0,3.05
Wed Jul 29 09:21:09 UTC 2026,1785316869,0,3.1
Wed Jul 29 09:21:22 UTC 2026,1785316882,0,3.29
Wed Jul 29 09:22:34 UTC 2026,1785316954,0,3.0
Wed Jul 29 09:23:07 UTC 2026,1785316987,0,3.29
Wed Jul 29 09:23:20 UTC 2026,1785317000,0,3.33
Wed Jul 29 09:24:14 UTC 2026,1785317054,0,2.93
Wed Jul 29 09:26:03 UTC 2026,1785317163,0,3.36
Wed Jul 29 09:26:13 UTC 2026,1785317173,0,2.99
Wed Jul 29 09:26:40 UTC 2026,1785317200,0,3.04
Wed Jul 29 09:27:21 UTC 2026,1785317241,0,3.25
Wed Jul 29 09:29:28 UTC 2026,1785317368,0,2.89
Wed Jul 29 09:30:13 UTC 2026,1785317413,0,3.0
Wed Jul 29 09:31:27 UTC 2026,1785317487,0,3.26
Wed Jul 29 09:32:17 UTC 2026,1785317537,0,3.27
Wed Jul 29 09:32:34 UTC 2026,1785317554,0,2.87
Wed Jul 29 09:33:15 UTC 2026,1785317595,0,2.83
Wed Jul 29 09:33:43 UTC 2026,1785317623,0,3.16
Wed Jul 29 09:36:00 UTC 2026,1785317760,0,3.27
Wed Jul 29 09:36:08 UTC 2026,1785317768,0,2.86
Wed Jul 29 09:36:45 UTC 2026,1785317805,0,2.85
Wed Jul 29 09:37:44 UTC 2026,1785317864,0,3.22
Wed Jul 29 09:38:21 UTC 2026,1785317901,0,3.23
Wed Jul 29 09:38:52 UTC 2026,1785317932,0,2.96
Wed Jul 29 09:39:51 UTC 2026,1785317991,0,2.97
Wed Jul 29 09:40:32 UTC 2026,1785318032,0,3.29
Wed Jul 29 09:42:08 UTC 2026,1785318128,0,2.96
Wed Jul 29 09:42:17 UTC 2026,1785318137,0,3.23
Wed Jul 29 09:43:47 UTC 2026,1785318227,0,2.95
Wed Jul 29 09:44:01 UTC 2026,1785318241,0,3.21
Wed Jul 29 09:45:32 UTC 2026,1785318332,0,2.97
Wed Jul 29 09:47:22 UTC 2026,1785318442,0,2.95
Wed Jul 29 09:47:57 UTC 2026,1785318477,0,3.25
Wed Jul 29 09:48:11 UTC 2026,1785318491,0,3.22
Wed Jul 29 09:48:44 UTC 2026,1785318524,0,2.95
Wed Jul 29 09:50:01 UTC 2026,1785318601,0,2.92
Wed Jul 29 09:50:11 UTC 2026,1785318611,0,3.13
Wed Jul 29 09:51:32 UTC 2026,1785318692,0,3.26
Wed Jul 29 09:52:26 UTC 2026,1785318746,0,2.84
Wed Jul 29 09:53:21 UTC 2026,1785318801,0,2.83
Wed Jul 29 09:53:44 UTC 2026,1785318824,0,3.11
Wed Jul 29 09:54:47 UTC 2026,1785318887,0,2.78
Wed Jul 29 09:55:23 UTC 2026,1785318923,0,3.21
Wed Jul 29 09:56:17 UTC 2026,1785318977,0,3.14
Wed Jul 29 09:56:58 UTC 2026,1785319018,0,2.89
Wed Jul 29 09:57:54 UTC 2026,1785319074,0,3.17
Wed Jul 29 09:59:11 UTC 2026,1785319151,0,2.72
Wed Jul 29 09:59:42 UTC 2026,1785319182,0,2.88
Wed Jul 29 10:01:08 UTC 2026,1785319268,0,3.16
Wed Jul 29 10:01:32 UTC 2026,1785319292,0,2.74
Wed Jul 29 10:01:53 UTC 2026,1785319313,0,3.26
Wed Jul 29 10:03:34 UTC 2026,1785319414,0,3.25
Wed Jul 29 10:03:48 UTC 2026,1785319428,0,2.8
Wed Jul 29 10:04:51 UTC 2026,1785319491,0,3.29
Wed Jul 29 10:05:14 UTC 2026,1785319514,0,2.99
Wed Jul 29 10:06:22 UTC 2026,1785319582,0,3.02
Wed Jul 29 10:06:31 UTC 2026,1785319591,0,3.2
Wed Jul 29 10:07:48 UTC 2026,1785319668,0,3.28
Wed Jul 29 10:08:06 UTC 2026,1785319686,0,2.95
Wed Jul 29 10:09:28 UTC 2026,1785319768,0,3.17
Wed Jul 29 10:09:52 UTC 2026,1785319792,0,2.95
Wed Jul 29 10:11:13 UTC 2026,1785319873,0,3.18
Wed Jul 29 10:11:27 UTC 2026,1785319887,0,2.95
Wed Jul 29 10:13:48 UTC 2026,1785320028,0,3.26
Wed Jul 29 10:14:23 UTC 2026,1785320063,0,2.91
Wed Jul 29 10:15:28 UTC 2026,1785320128,0,3.32
Wed Jul 29 10:15:37 UTC 2026,1785320137,0,2.84
Wed Jul 29 10:16:50 UTC 2026,1785320210,0,2.92
Wed Jul 29 10:17:04 UTC 2026,1785320224,0,3.25
Wed Jul 29 10:18:48 UTC 2026,1785320328,0,3.31
Wed Jul 29 10:19:20 UTC 2026,1785320360,0,2.69
Wed Jul 29 10:19:24 UTC 2026,1785320364,0,3.32
Wed Jul 29 10:19:33 UTC 2026,1785320373,0,2.78
Wed Jul 29 10:21:41 UTC 2026,1785320501,0,3.23
Wed Jul 29 10:22:02 UTC 2026,1785320522,0,2.93
Wed Jul 29 10:23:56 UTC 2026,1785320636,0,3.29
Wed Jul 29 10:24:05 UTC 2026,1785320645,0,2.94
Wed Jul 29 10:25:18 UTC 2026,1785320718,0,2.89
Wed Jul 29 10:25:27 UTC 2026,1785320727,0,3.49
Wed Jul 29 10:25:59 UTC 2026,1785320759,0,2.94
Wed Jul 29 10:26:08 UTC 2026,1785320768,0,3.49
Wed Jul 29 10:27:40 UTC 2026,1785320860,0,3.1
Wed Jul 29 10:28:57 UTC 2026,1785320937,0,3.35
Wed Jul 29 10:29:52 UTC 2026,1785320992,0,2.98
Wed Jul 29 10:30:09 UTC 2026,1785321009,0,3.45
Wed Jul 29 10:31:13 UTC 2026,1785321073,0,3.36
Wed Jul 29 10:32:22 UTC 2026,1785321142,0,3.07
Wed Jul 29 10:33:38 UTC 2026,1785321218,0,3.41
Wed Jul 29 10:33:51 UTC 2026,1785321231,0,2.87
Wed Jul 29 10:34:38 UTC 2026,1785321278,0,3.18
Wed Jul 29 10:35:46 UTC 2026,1785321346,0,3.46
Wed Jul 29 10:36:18 UTC 2026,1785321378,0,3.49
Wed Jul 29 10:36:32 UTC 2026,1785321392,0,3.16
Wed Jul 29 10:38:48 UTC 2026,1785321528,0,3.47
Wed Jul 29 10:39:05 UTC 2026,1785321545,0,3.22
Wed Jul 29 10:39:15 UTC 2026,1785321555,0,3.43
Wed Jul 29 10:39:46 UTC 2026,1785321586,0,3.22
Wed Jul 29 10:41:00 UTC 2026,1785321660,0,3.28
Wed Jul 29 10:41:36 UTC 2026,1785321696,0,3.52
Wed Jul 29 10:43:11 UTC 2026,1785321791,0,3.26
Wed Jul 29 10:43:43 UTC 2026,1785321823,0,3.5
Wed Jul 29 10:44:38 UTC 2026,1785321878,0,3.34
Wed Jul 29 10:44:42 UTC 2026,1785321882,0,3.55
Wed Jul 29 10:46:35 UTC 2026,1785321995,0,3.5
Wed Jul 29 10:47:02 UTC 2026,1785322022,0,3.35
Wed Jul 29 10:47:34 UTC 2026,1785322054,0,3.33
Wed Jul 29 10:48:02 UTC 2026,1785322082,0,3.58
Wed Jul 29 10:49:56 UTC 2026,1785322196,0,3.39
Wed Jul 29 10:50:41 UTC 2026,1785322241,0,3.68
Wed Jul 29 10:51:49 UTC 2026,1785322309,0,3.42
Wed Jul 29 10:52:12 UTC 2026,1785322332,0,3.6
Wed Jul 29 10:52:44 UTC 2026,1785322364,0,3.69
Wed Jul 29 10:52:58 UTC 2026,1785322378,0,3.35
Wed Jul 29 10:54:14 UTC 2026,1785322454,0,3.71
Wed Jul 29 10:55:32 UTC 2026,1785322532,0,3.42
Wed Jul 29 10:55:50 UTC 2026,1785322550,0,3.69
Wed Jul 29 10:56:22 UTC 2026,1785322582,0,3.42
Wed Jul 29 10:57:43 UTC 2026,1785322663,0,3.79
Wed Jul 29 10:58:16 UTC 2026,1785322696,0,3.4
Wed Jul 29 10:59:47 UTC 2026,1785322787,0,3.73
Wed Jul 29 10:59:51 UTC 2026,1785322791,0,3.48
Wed Jul 29 11:00:50 UTC 2026,1785322850,0,3.53
Wed Jul 29 11:01:58 UTC 2026,1785322918,0,3.83
Wed Jul 29 11:03:16 UTC 2026,1785322996,0,3.5
Wed Jul 29 11:03:46 UTC 2026,1785323026,0,3.76
Wed Jul 29 11:03:56 UTC 2026,1785323036,0,3.53
Wed Jul 29 11:04:10 UTC 2026,1785323050,0,3.76
Wed Jul 29 11:06:03 UTC 2026,1785323163,0,3.49
Wed Jul 29 11:06:39 UTC 2026,1785323199,0,3.81
Wed Jul 29 11:08:15 UTC 2026,1785323295,0,3.83
Wed Jul 29 11:08:33 UTC 2026,1785323313,0,3.49
Wed Jul 29 11:10:08 UTC 2026,1785323408,0,3.45
Wed Jul 29 11:10:13 UTC 2026,1785323413,0,3.97
Wed Jul 29 11:10:31 UTC 2026,1785323431,0,3.85
Wed Jul 29 11:10:55 UTC 2026,1785323455,0,3.62
Wed Jul 29 11:12:47 UTC 2026,1785323567,0,3.6
Wed Jul 29 11:13:06 UTC 2026,1785323586,0,3.87
Wed Jul 29 11:14:04 UTC 2026,1785323644,0,4.1
Wed Jul 29 11:14:14 UTC 2026,1785323654,0,3.64
Wed Jul 29 11:15:31 UTC 2026,1785323731,0,3.63
Wed Jul 29 11:16:26 UTC 2026,1785323786,0,3.93
Wed Jul 29 11:17:20 UTC 2026,1785323840,0,3.62
Wed Jul 29 11:17:37 UTC 2026,1785323857,0,3.87
Wed Jul 29 11:18:51 UTC 2026,1785323931,0,3.94
Wed Jul 29 11:20:18 UTC 2026,1785324018,0,3.55
Wed Jul 29 11:21:17 UTC 2026,1785324077,0,3.56
Wed Jul 29 11:21:43 UTC 2026,1785324103,0,3.98
Wed Jul 29 11:22:48 UTC 2026,1785324168,0,3.55
Wed Jul 29 11:23:06 UTC 2026,1785324186,0,4.07
Wed Jul 29 11:23:55 UTC 2026,1785324235,0,3.99
Wed Jul 29 11:25:17 UTC 2026,1785324317,0,3.58
Wed Jul 29 11:25:27 UTC 2026,1785324327,0,3.99
Wed Jul 29 11:26:57 UTC 2026,1785324417,0,3.5
Wed Jul 29 11:27:47 UTC 2026,1785324467,0,3.55
Wed Jul 29 11:28:24 UTC 2026,1785324504,0,3.99
Wed Jul 29 11:29:00 UTC 2026,1785324540,0,3.65
Wed Jul 29 11:29:22 UTC 2026,1785324562,0,4.06
Wed Jul 29 11:31:26 UTC 2026,1785324686,0,4.01
Wed Jul 29 11:31:44 UTC 2026,1785324704,0,3.73
Wed Jul 29 11:32:02 UTC 2026,1785324722,0,3.6
Wed Jul 29 11:32:15 UTC 2026,1785324735,0,4.07
Wed Jul 29 11:33:37 UTC 2026,1785324817,0,3.78
Wed Jul 29 11:34:46 UTC 2026,1785324886,0,4.02
Wed Jul 29 11:35:59 UTC 2026,1785324959,0,3.72
Wed Jul 29 11:36:39 UTC 2026,1785324999,0,4.0
Wed Jul 29 11:36:58 UTC 2026,1785325018,0,3.78
Wed Jul 29 11:38:02 UTC 2026,1785325082,0,4.01
Wed Jul 29 11:38:33 UTC 2026,1785325113,0,3.62
Wed Jul 29 11:40:08 UTC 2026,1785325208,0,4.06
Wed Jul 29 11:40:41 UTC 2026,1785325241,0,4.12
Wed Jul 29 11:40:58 UTC 2026,1785325258,0,3.69
Wed Jul 29 11:42:07 UTC 2026,1785325327,0,4.01
Wed Jul 29 11:43:15 UTC 2026,1785325395,0,3.69
Wed Jul 29 11:44:14 UTC 2026,1785325454,0,4.11
Wed Jul 29 11:45:04 UTC 2026,1785325504,0,3.44
Wed Jul 29 11:45:12 UTC 2026,1785325512,0,3.74
Wed Jul 29 11:46:22 UTC 2026,1785325582,0,4.16
Wed Jul 29 11:47:25 UTC 2026,1785325645,0,3.73
Wed Jul 29 11:47:47 UTC 2026,1785325667,0,4.05
Wed Jul 29 11:49:01 UTC 2026,1785325741,0,4.17
Wed Jul 29 11:49:51 UTC 2026,1785325791,0,3.61
Wed Jul 29 11:51:30 UTC 2026,1785325890,0,4.19
Wed Jul 29 11:51:39 UTC 2026,1785325899,0,3.66
Wed Jul 29 11:52:11 UTC 2026,1785325931,0,4.18
Wed Jul 29 11:53:05 UTC 2026,1785325985,0,3.68
Wed Jul 29 11:54:46 UTC 2026,1785326086,0,3.85
Wed Jul 29 11:54:55 UTC 2026,1785326095,0,4.15
Wed Jul 29 11:55:12 UTC 2026,1785326112,0,4.34
Wed Jul 29 11:55:18 UTC 2026,1785326118,0,3.63
Wed Jul 29 11:56:48 UTC 2026,1785326208,0,3.82
Wed Jul 29 11:58:07 UTC 2026,1785326287,0,4.12
Wed Jul 29 11:58:33 UTC 2026,1785326313,0,3.92
Wed Jul 29 11:59:59 UTC 2026,1785326399,0,4.14
Wed Jul 29 12:00:13 UTC 2026,1785326413,0,4.15
Wed Jul 29 12:01:08 UTC 2026,1785326468,0,3.65
Wed Jul 29 12:01:49 UTC 2026,1785326509,0,4.11
Wed Jul 29 12:02:34 UTC 2026,1785326554,0,3.72
Wed Jul 29 12:04:00 UTC 2026,1785326640,0,3.8
Wed Jul 29 12:04:49 UTC 2026,1785326689,0,4.11
Wed Jul 29 12:05:18 UTC 2026,1785326718,0,4.26
Wed Jul 29 12:06:07 UTC 2026,1785326767,0,3.77
Wed Jul 29 12:06:40 UTC 2026,1785326800,0,4.13
Wed Jul 29 12:07:38 UTC 2026,1785326858,0,3.82
Wed Jul 29 12:09:09 UTC 2026,1785326949,0,4.1
Wed Jul 29 12:09:50 UTC 2026,1785326990,0,3.89
Wed Jul 29 12:10:50 UTC 2026,1785327050,0,3.84
Wed Jul 29 12:11:26 UTC 2026,1785327086,0,4.18
Wed Jul 29 12:12:44 UTC 2026,1785327164,0,4.19
Wed Jul 29 12:13:11 UTC 2026,1785327191,0,3.8
Wed Jul 29 12:13:56 UTC 2026,1785327236,0,4.21
Wed Jul 29 12:14:00 UTC 2026,1785327240,0,3.83
Wed Jul 29 12:15:58 UTC 2026,1785327358,0,3.84
Wed Jul 29 12:16:16 UTC 2026,1785327376,0,4.18
Wed Jul 29 12:16:35 UTC 2026,1785327395,0,4.14
Wed Jul 29 12:16:54 UTC 2026,1785327414,0,3.79
Wed Jul 29 12:18:10 UTC 2026,1785327490,0,4.18
Wed Jul 29 12:18:24 UTC 2026,1785327504,0,3.84
Wed Jul 29 12:20:04 UTC 2026,1785327604,0,3.89
Wed Jul 29 12:20:45 UTC 2026,1785327645,0,4.16
Wed Jul 29 12:22:20 UTC 2026,1785327740,0,4.11
Wed Jul 29 12:23:01 UTC 2026,1785327781,0,3.95
Wed Jul 29 12:23:15 UTC 2026,1785327795,0,3.92
Wed Jul 29 12:23:56 UTC 2026,1785327836,0,4.13
Wed Jul 29 12:25:32 UTC 2026,1785327932,0,3.88
Wed Jul 29 12:26:57 UTC 2026,1785328017,0,3.94
Wed Jul 29 12:27:02 UTC 2026,1785328022,0,4.16
Wed Jul 29 12:28:38 UTC 2026,1785328118,0,4.21
Wed Jul 29 12:29:24 UTC 2026,1785328164,0,3.69
Wed Jul 29 12:30:26 UTC 2026,1785328226,0,4.22
Wed Jul 29 12:30:54 UTC 2026,1785328254,0,3.84
Wed Jul 29 12:31:44 UTC 2026,1785328304,0,3.75
Wed Jul 29 12:32:43 UTC 2026,1785328363,0,4.17
Wed Jul 29 12:33:42 UTC 2026,1785328422,0,3.64
Wed Jul 29 12:33:47 UTC 2026,1785328427,0,4.23
Wed Jul 29 12:35:22 UTC 2026,1785328522,0,3.76
Wed Jul 29 12:35:45 UTC 2026,1785328545,0,4.25
Wed Jul 29 12:36:40 UTC 2026,1785328600,0,4.23
Wed Jul 29 12:37:25 UTC 2026,1785328645,0,3.81
Wed Jul 29 12:38:19 UTC 2026,1785328699,0,4.28
Wed Jul 29 12:38:38 UTC 2026,1785328718,0,3.76
Wed Jul 29 12:39:46 UTC 2026,1785328786,0,3.72
Wed Jul 29 12:40:09 UTC 2026,1785328809,0,4.16
Wed Jul 29 12:42:12 UTC 2026,1785328932,0,4.27
Wed Jul 29 12:42:48 UTC 2026,1785328968,0,3.64
Wed Jul 29 12:43:01 UTC 2026,1785328981,0,4.25
Wed Jul 29 12:44:23 UTC 2026,1785329063,0,3.69
Wed Jul 29 12:45:45 UTC 2026,1785329145,0,4.15
Wed Jul 29 12:46:08 UTC 2026,1785329168,0,3.5
Wed Jul 29 12:46:58 UTC 2026,1785329218,0,3.77
Wed Jul 29 12:47:19 UTC 2026,1785329239,0,4.47
Wed Jul 29 12:48:42 UTC 2026,1785329322,0,3.7
Wed Jul 29 12:49:19 UTC 2026,1785329359,0,4.15
Wed Jul 29 12:49:37 UTC 2026,1785329377,0,3.64
Wed Jul 29 12:49:46 UTC 2026,1785329386,0,4.02
Wed Jul 29 12:51:58 UTC 2026,1785329518,0,3.54
Wed Jul 29 12:52:07 UTC 2026,1785329527,0,4.13
Wed Jul 29 12:52:52 UTC 2026,1785329572,0,3.62
Wed Jul 29 12:53:47 UTC 2026,1785329627,0,4.16
Wed Jul 29 12:54:28 UTC 2026,1785329668,0,4.09
Wed Jul 29 12:54:41 UTC 2026,1785329681,0,3.75
Wed Jul 29 12:57:12 UTC 2026,1785329832,0,4.01
Wed Jul 29 12:57:34 UTC 2026,1785329854,0,3.62
Wed Jul 29 12:57:47 UTC 2026,1785329867,0,4.12
Wed Jul 29 12:58:47 UTC 2026,1785329927,0,3.69
Wed Jul 29 13:00:22 UTC 2026,1785330022,0,3.47
Wed Jul 29 13:00:27 UTC 2026,1785330027,0,4.03
Wed Jul 29 13:01:35 UTC 2026,1785330095,0,4.18
Wed Jul 29 13:01:57 UTC 2026,1785330117,0,3.47
Wed Jul 29 13:03:02 UTC 2026,1785330182,0,4.17
Wed Jul 29 13:03:16 UTC 2026,1785330196,0,3.32
Wed Jul 29 13:04:37 UTC 2026,1785330277,0,3.5
Wed Jul 29 13:04:55 UTC 2026,1785330295,0,4.13
Wed Jul 29 13:06:07 UTC 2026,1785330367,0,3.98
Wed Jul 29 13:06:49 UTC 2026,1785330409,0,3.65
Wed Jul 29 13:09:01 UTC 2026,1785330541,0,3.62
Wed Jul 29 13:09:09 UTC 2026,1785330549,0,4.02
Wed Jul 29 13:10:31 UTC 2026,1785330631,0,3.56
Wed Jul 29 13:10:46 UTC 2026,1785330646,0,4.04
Wed Jul 29 13:10:59 UTC 2026,1785330659,0,4.1
Wed Jul 29 13:11:03 UTC 2026,1785330663,0,3.39
Wed Jul 29 13:14:05 UTC 2026,1785330845,0,4.06
Wed Jul 29 13:14:14 UTC 2026,1785330854,0,3.54
Wed Jul 29 13:14:23 UTC 2026,1785330863,0,4.06
Wed Jul 29 13:14:55 UTC 2026,1785330895,0,3.61
Wed Jul 29 13:17:15 UTC 2026,1785331035,0,3.96
Wed Jul 29 13:17:21 UTC 2026,1785331041,0,3.61
Wed Jul 29 13:17:42 UTC 2026,1785331062,0,4.07
Wed Jul 29 13:18:33 UTC 2026,1785331113,0,3.64
Wed Jul 29 13:19:22 UTC 2026,1785331162,0,3.9
Wed Jul 29 13:20:31 UTC 2026,1785331231,0,3.62
Wed Jul 29 13:21:48 UTC 2026,1785331308,0,3.97
Wed Jul 29 13:22:25 UTC 2026,1785331345,0,3.72
Wed Jul 29 13:23:42 UTC 2026,1785331422,0,3.65
Wed Jul 29 13:23:47 UTC 2026,1785331427,0,4.12
Wed Jul 29 13:24:32 UTC 2026,1785331472,0,3.7
Wed Jul 29 13:25:04 UTC 2026,1785331504,0,3.96
Wed Jul 29 13:26:07 UTC 2026,1785331567,0,3.64
Wed Jul 29 13:28:06 UTC 2026,1785331686,0,3.9
Wed Jul 29 13:28:33 UTC 2026,1785331713,0,3.67
Wed Jul 29 13:29:27 UTC 2026,1785331767,0,3.65
Wed Jul 29 13:30:13 UTC 2026,1785331813,0,3.92
Wed Jul 29 13:31:53 UTC 2026,1785331913,0,3.44
Wed Jul 29 13:32:03 UTC 2026,1785331923,0,3.92
Wed Jul 29 13:32:20 UTC 2026,1785331940,0,3.86
Wed Jul 29 13:32:25 UTC 2026,1785331945,0,3.92
Wed Jul 29 13:32:56 UTC 2026,1785331976,0,3.37
Wed Jul 29 13:33:56 UTC 2026,1785332036,0,4.08
Wed Jul 29 13:35:13 UTC 2026,1785332113,0,3.67
Wed Jul 29 13:35:27 UTC 2026,1785332127,0,4.1
Wed Jul 29 13:36:35 UTC 2026,1785332195,0,4.2
Wed Jul 29 13:37:06 UTC 2026,1785332226,0,3.53
Wed Jul 29 13:37:53 UTC 2026,1785332273,0,3.81
Wed Jul 29 13:38:43 UTC 2026,1785332323,0,3.51
Wed Jul 29 13:39:10 UTC 2026,1785332350,0,3.81
Wed Jul 29 13:40:32 UTC 2026,1785332432,0,3.14
Wed Jul 29 13:41:39 UTC 2026,1785332499,0,3.26
Wed Jul 29 13:42:12 UTC 2026,1785332532,0,4.05
Wed Jul 29 13:42:20 UTC 2026,1785332540,0,3.44
Wed Jul 29 13:42:47 UTC 2026,1785332567,0,4.06
Wed Jul 29 13:44:05 UTC 2026,1785332645,0,3.89
Wed Jul 29 13:44:18 UTC 2026,1785332658,0,3.54
Wed Jul 29 13:45:36 UTC 2026,1785332736,0,3.95
Wed Jul 29 13:46:03 UTC 2026,1785332763,0,3.59
Wed Jul 29 13:47:43 UTC 2026,1785332863,0,3.97
Wed Jul 29 13:47:51 UTC 2026,1785332871,0,3.63
Wed Jul 29 13:50:22 UTC 2026,1785333022,0,4.01
Wed Jul 29 13:50:54 UTC 2026,1785333054,0,3.56
Wed Jul 29 13:52:07 UTC 2026,1785333127,0,3.97
Wed Jul 29 13:53:01 UTC 2026,1785333181,0,3.57
Wed Jul 29 13:54:55 UTC 2026,1785333295,0,3.96
Wed Jul 29 13:55:13 UTC 2026,1785333313,0,3.4
Wed Jul 29 13:55:58 UTC 2026,1785333358,0,3.83
Wed Jul 29 13:56:07 UTC 2026,1785333367,0,3.46
Wed Jul 29 13:57:24 UTC 2026,1785333444,0,3.29
Wed Jul 29 13:58:33 UTC 2026,1785333513,0,3.85
Wed Jul 29 13:59:05 UTC 2026,1785333545,0,3.9
Wed Jul 29 13:59:40 UTC 2026,1785333580,0,3.4
Wed Jul 29 14:00:35 UTC 2026,1785333635,0,3.78
Wed Jul 29 14:00:40 UTC 2026,1785333640,0,3.3
Wed Jul 29 14:03:10 UTC 2026,1785333790,0,3.4
Wed Jul 29 14:03:33 UTC 2026,1785333813,0,3.77
Wed Jul 29 14:04:05 UTC 2026,1785333845,0,3.81
Wed Jul 29 14:04:37 UTC 2026,1785333877,0,3.47
Wed Jul 29 14:07:02 UTC 2026,1785334022,0,3.93
Wed Jul 29 14:07:20 UTC 2026,1785334040,0,3.43
Wed Jul 29 14:08:38 UTC 2026,1785334118,0,3.84
Wed Jul 29 14:08:42 UTC 2026,1785334122,0,3.94
Wed Jul 29 14:09:06 UTC 2026,1785334146,0,3.45
Wed Jul 29 14:10:28 UTC 2026,1785334228,0,3.38
Wed Jul 29 14:11:03 UTC 2026,1785334263,0,3.77
Wed Jul 29 14:12:39 UTC 2026,1785334359,0,3.83
Wed Jul 29 14:12:57 UTC 2026,1785334377,0,3.45
Wed Jul 29 14:14:05 UTC 2026,1785334445,0,3.7
Wed Jul 29 14:14:14 UTC 2026,1785334454,0,3.26
Wed Jul 29 14:15:32 UTC 2026,1785334532,0,3.41
Wed Jul 29 14:16:22 UTC 2026,1785334582,0,3.65
Wed Jul 29 14:18:24 UTC 2026,1785334704,0,3.33
Wed Jul 29 14:20:00 UTC 2026,1785334800,0,3.24
Wed Jul 29 14:20:14 UTC 2026,1785334814,0,3.7
Wed Jul 29 14:20:18 UTC 2026,1785334818,0,3.61
Wed Jul 29 14:20:32 UTC 2026,1785334832,0,3.3
Wed Jul 29 14:22:38 UTC 2026,1785334958,0,3.24
Wed Jul 29 14:23:05 UTC 2026,1785334985,0,3.64
Wed Jul 29 14:23:38 UTC 2026,1785335018,0,3.26
Wed Jul 29 14:24:24 UTC 2026,1785335064,0,3.57
Wed Jul 29 14:25:13 UTC 2026,1785335113,0,3.28
Wed Jul 29 14:26:39 UTC 2026,1785335199,0,3.53
Wed Jul 29 14:28:21 UTC 2026,1785335301,0,3.29
Wed Jul 29 14:28:42 UTC 2026,1785335322,0,3.26
Wed Jul 29 14:30:04 UTC 2026,1785335404,0,3.5
Wed Jul 29 14:30:54 UTC 2026,1785335454,0,3.2
Wed Jul 29 14:31:30 UTC 2026,1785335490,0,3.51
Wed Jul 29 14:32:03 UTC 2026,1785335523,0,3.1
Wed Jul 29 14:33:01 UTC 2026,1785335581,0,3.36
Wed Jul 29 14:33:29 UTC 2026,1785335609,0,3.39
Wed Jul 29 14:33:52 UTC 2026,1785335632,0,2.99
Wed Jul 29 14:36:08 UTC 2026,1785335768,0,3.32
Wed Jul 29 14:36:40 UTC 2026,1785335800,0,2.97
Wed Jul 29 14:37:07 UTC 2026,1785335827,0,3.36
Wed Jul 29 14:38:19 UTC 2026,1785335899,0,2.99
Wed Jul 29 14:38:47 UTC 2026,1785335927,0,3.34
Wed Jul 29 14:39:23 UTC 2026,1785335963,0,3.04
Wed Jul 29 14:40:50 UTC 2026,1785336050,0,3.29
Wed Jul 29 14:41:12 UTC 2026,1785336072,0,2.93
Wed Jul 29 14:42:20 UTC 2026,1785336140,0,3.3
Wed Jul 29 14:42:25 UTC 2026,1785336145,0,3.03
Wed Jul 29 14:44:05 UTC 2026,1785336245,0,3.39
Wed Jul 29 14:44:27 UTC 2026,1785336267,0,2.84
Wed Jul 29 14:45:35 UTC 2026,1785336335,0,2.8
Wed Jul 29 14:45:54 UTC 2026,1785336354,0,3.32
Wed Jul 29 14:47:38 UTC 2026,1785336458,0,2.99
Wed Jul 29 14:47:48 UTC 2026,1785336468,0,3.29
Wed Jul 29 14:48:29 UTC 2026,1785336509,0,3.35
Wed Jul 29 14:48:37 UTC 2026,1785336517,0,2.93
Wed Jul 29 14:49:59 UTC 2026,1785336599,0,3.0
Wed Jul 29 14:50:08 UTC 2026,1785336608,0,3.27
Wed Jul 29 14:52:11 UTC 2026,1785336731,0,3.03
Wed Jul 29 14:52:33 UTC 2026,1785336753,0,3.29
Wed Jul 29 14:53:28 UTC 2026,1785336808,0,2.81
Wed Jul 29 14:54:22 UTC 2026,1785336862,0,3.31
Wed Jul 29 14:55:21 UTC 2026,1785336921,0,2.85
Wed Jul 29 14:55:45 UTC 2026,1785336945,0,3.28
Wed Jul 29 14:57:38 UTC 2026,1785337058,0,2.36
Wed Jul 29 14:57:47 UTC 2026,1785337067,0,3.26
Wed Jul 29 14:58:19 UTC 2026,1785337099,0,2.67
Wed Jul 29 14:59:31 UTC 2026,1785337171,0,3.27
Wed Jul 29 14:59:55 UTC 2026,1785337195,0,2.46
Wed Jul 29 15:01:12 UTC 2026,1785337272,0,3.14
Wed Jul 29 15:02:33 UTC 2026,1785337353,0,3.19
Wed Jul 29 15:02:43 UTC 2026,1785337363,0,2.59
Wed Jul 29 15:03:14 UTC 2026,1785337394,0,2.57
Wed Jul 29 15:04:18 UTC 2026,1785337458,0,3.23
Wed Jul 29 15:06:11 UTC 2026,1785337571,0,2.67
Wed Jul 29 15:06:16 UTC 2026,1785337576,0,3.18
Wed Jul 29 15:06:53 UTC 2026,1785337613,0,2.28
Wed Jul 29 15:07:47 UTC 2026,1785337667,0,3.02
Wed Jul 29 15:08:41 UTC 2026,1785337721,0,3.21
Wed Jul 29 15:09:08 UTC 2026,1785337748,0,2.47
Wed Jul 29 15:09:49 UTC 2026,1785337789,0,2.69
Wed Jul 29 15:10:35 UTC 2026,1785337835,0,3.04
Wed Jul 29 15:11:26 UTC 2026,1785337886,0,2.78
Wed Jul 29 15:12:55 UTC 2026,1785337975,0,3.1
Wed Jul 29 15:13:14 UTC 2026,1785337994,0,3.13
Wed Jul 29 15:13:41 UTC 2026,1785338021,0,2.75
Wed Jul 29 15:15:48 UTC 2026,1785338148,0,2.58
Wed Jul 29 15:16:02 UTC 2026,1785338162,0,3.05
Wed Jul 29 15:17:18 UTC 2026,1785338238,0,2.91
Wed Jul 29 15:17:46 UTC 2026,1785338266,0,2.41
Wed Jul 29 15:18:45 UTC 2026,1785338325,0,2.52
Wed Jul 29 15:19:09 UTC 2026,1785338349,0,2.95
Wed Jul 29 15:20:03 UTC 2026,1785338403,0,2.56
Wed Jul 29 15:21:15 UTC 2026,1785338475,0,3.25
Wed Jul 29 15:22:27 UTC 2026,1785338547,0,2.99
Wed Jul 29 15:22:47 UTC 2026,1785338567,0,2.23
Wed Jul 29 15:23:04 UTC 2026,1785338584,0,2.42
Wed Jul 29 15:24:22 UTC 2026,1785338662,0,3.13
Wed Jul 29 15:25:02 UTC 2026,1785338702,0,2.45
Wed Jul 29 15:25:16 UTC 2026,1785338716,0,2.87
Wed Jul 29 15:27:28 UTC 2026,1785338848,0,2.88
Wed Jul 29 15:27:46 UTC 2026,1785338866,0,2.34
Wed Jul 29 15:28:50 UTC 2026,1785338930,0,2.29
Wed Jul 29 15:29:12 UTC 2026,1785338952,0,2.95
Wed Jul 29 15:29:58 UTC 2026,1785338998,0,2.03
Wed Jul 29 15:30:30 UTC 2026,1785339030,0,3.01
Wed Jul 29 15:31:28 UTC 2026,1785339088,0,2.85
Wed Jul 29 15:32:32 UTC 2026,1785339152,0,2.05
Wed Jul 29 15:33:22 UTC 2026,1785339202,0,2.42
Wed Jul 29 15:34:26 UTC 2026,1785339266,0,2.87
Wed Jul 29 15:34:40 UTC 2026,1785339280,0,2.93
Wed Jul 29 15:35:20 UTC 2026,1785339320,0,2.48
Wed Jul 29 15:37:32 UTC 2026,1785339452,0,2.51
Wed Jul 29 15:37:41 UTC 2026,1785339461,0,2.79
Wed Jul 29 15:37:51 UTC 2026,1785339471,0,2.98
Wed Jul 29 15:38:05 UTC 2026,1785339485,0,2.34
Wed Jul 29 15:40:02 UTC 2026,1785339602,0,2.51
Wed Jul 29 15:40:38 UTC 2026,1785339638,0,2.89
Wed Jul 29 15:42:05 UTC 2026,1785339725,0,2.37
Wed Jul 29 15:42:42 UTC 2026,1785339762,0,2.99
Wed Jul 29 15:42:46 UTC 2026,1785339766,0,3.07
Wed Jul 29 15:44:17 UTC 2026,1785339857,0,2.24
Wed Jul 29 15:44:30 UTC 2026,1785339870,0,2.9
Wed Jul 29 15:44:57 UTC 2026,1785339897,0,2.09
Wed Jul 29 15:46:24 UTC 2026,1785339984,0,2.1
Wed Jul 29 15:47:05 UTC 2026,1785340025,0,2.91
Wed Jul 29 15:48:21 UTC 2026,1785340101,0,2.39
Wed Jul 29 15:48:27 UTC 2026,1785340107,0,2.77
Wed Jul 29 15:49:26 UTC 2026,1785340166,0,2.36
Wed Jul 29 15:50:56 UTC 2026,1785340256,0,2.82
Wed Jul 29 15:51:23 UTC 2026,1785340283,0,2.46
Wed Jul 29 15:52:17 UTC 2026,1785340337,0,2.84
Wed Jul 29 15:53:13 UTC 2026,1785340393,0,2.72
Wed Jul 29 15:53:40 UTC 2026,1785340420,0,2.46
Wed Jul 29 15:54:44 UTC 2026,1785340484,0,2.49
Wed Jul 29 15:55:33 UTC 2026,1785340533,0,2.75
Wed Jul 29 15:56:27 UTC 2026,1785340587,0,2.43
Wed Jul 29 15:56:47 UTC 2026,1785340607,0,2.77
Wed Jul 29 15:58:35 UTC 2026,1785340715,0,2.79
Wed Jul 29 15:59:08 UTC 2026,1785340748,0,2.26
Wed Jul 29 15:59:30 UTC 2026,1785340770,0,2.83
Wed Jul 29 16:00:11 UTC 2026,1785340811,0,2.32
Wed Jul 29 16:02:10 UTC 2026,1785340930,0,2.87
Wed Jul 29 16:02:14 UTC 2026,1785340934,0,2.27
Wed Jul 29 16:03:13 UTC 2026,1785340993,0,2.39
Wed Jul 29 16:03:58 UTC 2026,1785341038,0,2.7
Wed Jul 29 16:04:21 UTC 2026,1785341061,0,2.85
Wed Jul 29 16:04:39 UTC 2026,1785341079,0,2.34
Wed Jul 29 16:07:14 UTC 2026,1785341234,0,2.8
Wed Jul 29 16:07:22 UTC 2026,1785341242,0,2.41
Wed Jul 29 16:08:36 UTC 2026,1785341316,0,2.29
Wed Jul 29 16:08:58 UTC 2026,1785341338,0,2.83
Wed Jul 29 16:09:17 UTC 2026,1785341357,0,2.44
Wed Jul 29 16:09:49 UTC 2026,1785341389,0,2.73
Wed Jul 29 16:11:37 UTC 2026,1785341497,0,2.83
Wed Jul 29 16:11:52 UTC 2026,1785341512,0,2.37
Wed Jul 29 16:13:04 UTC 2026,1785341584,0,2.48
Wed Jul 29 16:13:18 UTC 2026,1785341598,0,2.67
Wed Jul 29 16:14:17 UTC 2026,1785341657,0,2.72
Wed Jul 29 16:15:34 UTC 2026,1785341734,0,2.36
Wed Jul 29 16:16:42 UTC 2026,1785341802,0,2.15
Wed Jul 29 16:16:52 UTC 2026,1785341812,0,2.79
Wed Jul 29 16:18:03 UTC 2026,1785341883,0,2.68
Wed Jul 29 16:18:22 UTC 2026,1785341902,0,2.28
Wed Jul 29 16:19:17 UTC 2026,1785341957,0,2.69
Wed Jul 29 16:19:21 UTC 2026,1785341961,0,2.4
Wed Jul 29 16:22:05 UTC 2026,1785342125,0,2.67
Wed Jul 29 16:22:46 UTC 2026,1785342166,0,2.43
Wed Jul 29 16:22:50 UTC 2026,1785342170,0,2.63
Wed Jul 29 16:24:17 UTC 2026,1785342257,0,2.7
Wed Jul 29 16:25:38 UTC 2026,1785342338,0,2.42
Wed Jul 29 16:26:15 UTC 2026,1785342375,0,2.44
Wed Jul 29 16:26:29 UTC 2026,1785342389,0,2.72
Wed Jul 29 16:28:45 UTC 2026,1785342525,0,2.48
Wed Jul 29 16:29:52 UTC 2026,1785342592,0,2.72
Wed Jul 29 16:30:02 UTC 2026,1785342602,0,2.42
Wed Jul 29 16:31:06 UTC 2026,1785342666,0,2.63
Wed Jul 29 16:32:10 UTC 2026,1785342730,0,2.25
Wed Jul 29 16:32:46 UTC 2026,1785342766,0,2.69
Wed Jul 29 16:33:17 UTC 2026,1785342797,0,2.31
Wed Jul 29 16:34:39 UTC 2026,1785342879,0,2.3
Wed Jul 29 16:35:25 UTC 2026,1785342925,0,2.78
Wed Jul 29 16:35:48 UTC 2026,1785342948,0,2.38
Wed Jul 29 16:37:04 UTC 2026,1785343024,0,2.67
Wed Jul 29 16:37:14 UTC 2026,1785343034,0,2.35
Wed Jul 29 16:38:08 UTC 2026,1785343088,0,2.71
Wed Jul 29 16:39:38 UTC 2026,1785343178,0,2.65
Wed Jul 29 16:40:06 UTC 2026,1785343206,0,2.36
Wed Jul 29 16:41:27 UTC 2026,1785343287,0,2.64
Wed Jul 29 16:41:41 UTC 2026,1785343301,0,2.32
Wed Jul 29 16:42:13 UTC 2026,1785343333,0,2.77
Wed Jul 29 16:43:18 UTC 2026,1785343398,0,2.35
Wed Jul 29 16:44:43 UTC 2026,1785343483,0,2.76
Wed Jul 29 16:44:53 UTC 2026,1785343493,0,2.29
Wed Jul 29 16:45:38 UTC 2026,1785343538,0,2.31
Wed Jul 29 16:46:05 UTC 2026,1785343565,0,2.82
Wed Jul 29 16:47:09 UTC 2026,1785343629,0,2.64
Wed Jul 29 16:48:39 UTC 2026,1785343719,0,2.26
Wed Jul 29 16:49:47 UTC 2026,1785343787,0,2.72
Wed Jul 29 16:49:52 UTC 2026,1785343792,0,2.1
Wed Jul 29 16:50:41 UTC 2026,1785343841,0,2.32
Wed Jul 29 16:50:57 UTC 2026,1785343857,0,2.71
Wed Jul 29 16:53:26 UTC 2026,1785344006,0,2.08
Wed Jul 29 16:53:40 UTC 2026,1785344020,0,2.72
Wed Jul 29 16:53:53 UTC 2026,1785344033,0,2.57
Wed Jul 29 16:54:11 UTC 2026,1785344051,0,2.07
Wed Jul 29 16:55:24 UTC 2026,1785344124,0,2.0
Wed Jul 29 16:55:37 UTC 2026,1785344137,0,2.53
Wed Jul 29 16:57:13 UTC 2026,1785344233,0,2.49
Wed Jul 29 16:58:16 UTC 2026,1785344296,0,2.09
Wed Jul 29 16:58:49 UTC 2026,1785344329,0,2.13
Wed Jul 29 17:00:07 UTC 2026,1785344407,0,2.47
Wed Jul 29 17:01:46 UTC 2026,1785344506,0,2.54
Wed Jul 29 17:01:56 UTC 2026,1785344516,0,2.11
Wed Jul 29 17:02:17 UTC 2026,1785344537,0,2.69
Wed Jul 29 17:02:28 UTC 2026,1785344548,0,2.16
Wed Jul 29 17:03:40 UTC 2026,1785344620,0,2.53
Wed Jul 29 17:03:53 UTC 2026,1785344633,0,2.24
Wed Jul 29 17:05:29 UTC 2026,1785344729,0,2.54
Wed Jul 29 17:06:37 UTC 2026,1785344797,0,2.02
Wed Jul 29 17:07:45 UTC 2026,1785344865,0,2.14
Wed Jul 29 17:08:26 UTC 2026,1785344906,0,2.52
Wed Jul 29 17:09:02 UTC 2026,1785344942,0,2.57
Wed Jul 29 17:09:11 UTC 2026,1785344951,0,2.01
Wed Jul 29 17:10:25 UTC 2026,1785345025,0,2.06
Wed Jul 29 17:11:19 UTC 2026,1785345079,0,2.57
Wed Jul 29 17:12:23 UTC 2026,1785345143,0,2.43
Wed Jul 29 17:13:17 UTC 2026,1785345197,0,2.09
Wed Jul 29 17:13:39 UTC 2026,1785345219,0,2.48
Wed Jul 29 17:13:49 UTC 2026,1785345229,0,1.9
Wed Jul 29 17:16:05 UTC 2026,1785345365,0,2.59
Wed Jul 29 17:16:37 UTC 2026,1785345397,0,2.01
Wed Jul 29 17:18:00 UTC 2026,1785345480,0,2.08
Wed Jul 29 17:18:08 UTC 2026,1785345488,0,2.49
Wed Jul 29 17:19:15 UTC 2026,1785345555,0,2.45
Wed Jul 29 17:19:56 UTC 2026,1785345596,0,2.13
Wed Jul 29 17:20:10 UTC 2026,1785345610,0,1.9
Wed Jul 29 17:21:37 UTC 2026,1785345697,0,2.4
Wed Jul 29 17:22:10 UTC 2026,1785345730,0,2.47
Wed Jul 29 17:22:41 UTC 2026,1785345761,0,1.93
Wed Jul 29 17:23:32 UTC 2026,1785345812,0,2.04
Wed Jul 29 17:24:47 UTC 2026,1785345887,0,2.33
Wed Jul 29 17:25:10 UTC 2026,1785345910,0,2.35
Wed Jul 29 17:25:52 UTC 2026,1785345952,0,2.05
Wed Jul 29 17:27:09 UTC 2026,1785346029,0,2.31
Wed Jul 29 17:27:14 UTC 2026,1785346034,0,1.97
Wed Jul 29 17:28:53 UTC 2026,1785346133,0,1.98
Wed Jul 29 17:29:20 UTC 2026,1785346160,0,2.36
Wed Jul 29 17:30:02 UTC 2026,1785346202,0,2.28
Wed Jul 29 17:30:34 UTC 2026,1785346234,0,2.03
Wed Jul 29 17:32:05 UTC 2026,1785346325,0,1.95
Wed Jul 29 17:32:32 UTC 2026,1785346352,0,2.31
Wed Jul 29 17:33:22 UTC 2026,1785346402,0,2.28
Wed Jul 29 17:34:16 UTC 2026,1785346456,0,2.03
Wed Jul 29 17:35:01 UTC 2026,1785346501,0,2.02
Wed Jul 29 17:35:29 UTC 2026,1785346529,0,2.35
Wed Jul 29 17:37:03 UTC 2026,1785346623,0,2.05
Wed Jul 29 17:37:18 UTC 2026,1785346638,0,2.28
Wed Jul 29 17:39:30 UTC 2026,1785346770,0,2.37
Wed Jul 29 17:39:38 UTC 2026,1785346778,0,2.07
Wed Jul 29 17:41:05 UTC 2026,1785346865,0,2.03
Wed Jul 29 17:41:28 UTC 2026,1785346888,0,2.36
Wed Jul 29 17:41:51 UTC 2026,1785346911,0,2.31
Wed Jul 29 17:42:19 UTC 2026,1785346939,0,2.04
Wed Jul 29 17:44:02 UTC 2026,1785347042,0,2.07
Wed Jul 29 17:44:34 UTC 2026,1785347074,0,2.36
Wed Jul 29 17:45:24 UTC 2026,1785347124,0,2.45
Wed Jul 29 17:46:05 UTC 2026,1785347165,0,2.08
Wed Jul 29 17:46:59 UTC 2026,1785347219,0,1.94
Wed Jul 29 17:47:58 UTC 2026,1785347278,0,2.35
Wed Jul 29 17:48:54 UTC 2026,1785347334,0,2.38
Wed Jul 29 17:49:03 UTC 2026,1785347343,0,2.09
Wed Jul 29 17:50:19 UTC 2026,1785347419,0,1.99
Wed Jul 29 17:51:09 UTC 2026,1785347469,0,2.39
Wed Jul 29 17:51:54 UTC 2026,1785347514,0,2.41
Wed Jul 29 17:53:03 UTC 2026,1785347583,0,1.94
Wed Jul 29 17:53:17 UTC 2026,1785347597,0,2.42
Wed Jul 29 17:54:21 UTC 2026,1785347661,0,2.09
Wed Jul 29 17:55:15 UTC 2026,1785347715,0,2.13
Wed Jul 29 17:55:56 UTC 2026,1785347756,0,2.39
Wed Jul 29 17:56:32 UTC 2026,1785347792,0,2.45
Wed Jul 29 17:57:00 UTC 2026,1785347820,0,2.1
Wed Jul 29 17:58:11 UTC 2026,1785347891,0,2.14
Wed Jul 29 17:58:39 UTC 2026,1785347919,0,2.53
Wed Jul 29 17:59:47 UTC 2026,1785347987,0,2.49
Wed Jul 29 18:00:01 UTC 2026,1785348001,0,2.11
Wed Jul 29 18:01:36 UTC 2026,1785348096,0,2.38
Wed Jul 29 18:02:17 UTC 2026,1785348137,0,1.91
Wed Jul 29 18:03:16 UTC 2026,1785348196,0,1.89
Wed Jul 29 18:04:16 UTC 2026,1785348256,0,2.42
Wed Jul 29 18:05:06 UTC 2026,1785348306,0,1.97
Wed Jul 29 18:05:51 UTC 2026,1785348351,0,2.44
Wed Jul 29 18:06:18 UTC 2026,1785348378,0,2.35
Wed Jul 29 18:07:39 UTC 2026,1785348459,0,1.98
Wed Jul 29 18:08:35 UTC 2026,1785348515,0,1.9
Wed Jul 29 18:08:45 UTC 2026,1785348525,0,2.26
Wed Jul 29 18:09:39 UTC 2026,1785348579,0,1.77
Wed Jul 29 18:10:33 UTC 2026,1785348633,0,2.22
Wed Jul 29 18:12:31 UTC 2026,1785348751,0,1.95
Wed Jul 29 18:12:36 UTC 2026,1785348756,0,2.39
Wed Jul 29 18:13:35 UTC 2026,1785348815,0,1.94
Wed Jul 29 18:14:24 UTC 2026,1785348864,0,2.32
Wed Jul 29 18:15:01 UTC 2026,1785348901,0,2.01
Wed Jul 29 18:15:51 UTC 2026,1785348951,0,2.3
Wed Jul 29 18:16:45 UTC 2026,1785349005,0,2.38
Wed Jul 29 18:17:49 UTC 2026,1785349069,0,1.95
Wed Jul 29 18:18:16 UTC 2026,1785349096,0,2.33
Wed Jul 29 18:19:01 UTC 2026,1785349141,0,2.12
Wed Jul 29 18:19:34 UTC 2026,1785349174,0,2.39
Wed Jul 29 18:19:57 UTC 2026,1785349197,0,1.99
Wed Jul 29 18:21:36 UTC 2026,1785349296,0,2.12
Wed Jul 29 18:22:17 UTC 2026,1785349337,0,2.47
Wed Jul 29 18:23:07 UTC 2026,1785349387,0,2.05
Wed Jul 29 18:23:25 UTC 2026,1785349405,0,2.38
Wed Jul 29 18:24:38 UTC 2026,1785349478,0,2.48
Wed Jul 29 18:25:24 UTC 2026,1785349524,0,2.15
Wed Jul 29 18:26:59 UTC 2026,1785349619,0,2.16
Wed Jul 29 18:27:13 UTC 2026,1785349633,0,2.45
Wed Jul 29 18:28:17 UTC 2026,1785349697,0,2.25
Wed Jul 29 18:28:21 UTC 2026,1785349701,0,2.5
Wed Jul 29 18:29:25 UTC 2026,1785349765,0,2.18
Wed Jul 29 18:29:52 UTC 2026,1785349792,0,2.49
Wed Jul 29 18:31:42 UTC 2026,1785349902,0,2.09
Wed Jul 29 18:32:27 UTC 2026,1785349947,0,2.68
Wed Jul 29 18:32:44 UTC 2026,1785349964,0,2.71
Wed Jul 29 18:34:02 UTC 2026,1785350042,0,2.32
Wed Jul 29 18:34:43 UTC 2026,1785350083,0,2.38
Wed Jul 29 18:35:15 UTC 2026,1785350115,0,2.8
Wed Jul 29 18:36:00 UTC 2026,1785350160,0,2.41
Wed Jul 29 18:37:08 UTC 2026,1785350228,0,2.9
Wed Jul 29 18:38:30 UTC 2026,1785350310,0,2.36
Wed Jul 29 18:38:49 UTC 2026,1785350329,0,2.88
Wed Jul 29 18:39:30 UTC 2026,1785350370,0,2.9
Wed Jul 29 18:39:48 UTC 2026,1785350388,0,2.53
Wed Jul 29 18:41:46 UTC 2026,1785350506,0,2.6
Wed Jul 29 18:41:59 UTC 2026,1785350519,0,2.97
Wed Jul 29 18:42:55 UTC 2026,1785350575,0,2.49
Wed Jul 29 18:43:08 UTC 2026,1785350588,0,2.83
Wed Jul 29 18:45:07 UTC 2026,1785350707,0,2.42
Wed Jul 29 18:45:38 UTC 2026,1785350738,0,2.85
Wed Jul 29 18:46:09 UTC 2026,1785350769,0,2.55
Wed Jul 29 18:46:15 UTC 2026,1785350775,0,2.9
Wed Jul 29 18:47:46 UTC 2026,1785350866,0,2.93
Wed Jul 29 18:47:50 UTC 2026,1785350870,0,2.53
Wed Jul 29 18:49:57 UTC 2026,1785350997,0,2.82
Wed Jul 29 18:50:43 UTC 2026,1785351043,0,2.54
Wed Jul 29 18:51:46 UTC 2026,1785351106,0,2.88
Wed Jul 29 18:52:18 UTC 2026,1785351138,0,2.52
Wed Jul 29 18:52:33 UTC 2026,1785351153,0,2.89
Wed Jul 29 18:52:41 UTC 2026,1785351161,0,2.49
Wed Jul 29 18:54:44 UTC 2026,1785351284,0,2.85
Wed Jul 29 18:55:25 UTC 2026,1785351325,0,2.33
Wed Jul 29 18:56:46 UTC 2026,1785351406,0,2.83
Wed Jul 29 18:57:17 UTC 2026,1785351437,0,2.28
Wed Jul 29 18:57:54 UTC 2026,1785351474,0,2.69
Wed Jul 29 18:58:27 UTC 2026,1785351507,0,2.41
Wed Jul 29 19:00:06 UTC 2026,1785351606,0,2.81
Wed Jul 29 19:00:42 UTC 2026,1785351642,0,2.39
Wed Jul 29 19:01:27 UTC 2026,1785351687,0,2.82
Wed Jul 29 19:01:47 UTC 2026,1785351707,0,2.18
Wed Jul 29 19:02:33 UTC 2026,1785351753,0,2.79
Wed Jul 29 19:02:50 UTC 2026,1785351770,0,2.39
Wed Jul 29 19:04:30 UTC 2026,1785351870,0,2.81
Wed Jul 29 19:05:11 UTC 2026,1785351911,0,2.35
Wed Jul 29 19:06:29 UTC 2026,1785351989,0,2.62
Wed Jul 29 19:06:51 UTC 2026,1785352011,0,2.31
Wed Jul 29 19:08:21 UTC 2026,1785352101,0,2.24
Wed Jul 29 19:08:36 UTC 2026,1785352116,0,2.66
Wed Jul 29 19:09:16 UTC 2026,1785352156,0,2.67
Wed Jul 29 19:10:12 UTC 2026,1785352212,0,2.2
Wed Jul 29 19:11:41 UTC 2026,1785352301,0,2.14
Wed Jul 29 19:11:46 UTC 2026,1785352306,0,2.77
Wed Jul 29 19:12:27 UTC 2026,1785352347,0,2.16
Wed Jul 29 19:12:59 UTC 2026,1785352379,0,2.75
Wed Jul 29 19:14:12 UTC 2026,1785352452,0,2.55
Wed Jul 29 19:14:16 UTC 2026,1785352456,0,2.18
Wed Jul 29 19:16:00 UTC 2026,1785352560,0,2.21
Wed Jul 29 19:16:24 UTC 2026,1785352584,0,2.54
Wed Jul 29 19:17:59 UTC 2026,1785352679,0,2.26
Wed Jul 29 19:18:40 UTC 2026,1785352720,0,2.7
Wed Jul 29 19:19:34 UTC 2026,1785352774,0,2.24
Wed Jul 29 19:20:20 UTC 2026,1785352820,0,2.53
Wed Jul 29 19:20:38 UTC 2026,1785352838,0,2.25
Wed Jul 29 19:22:09 UTC 2026,1785352929,0,2.59
Wed Jul 29 19:23:27 UTC 2026,1785353007,0,2.67
Wed Jul 29 19:23:36 UTC 2026,1785353016,0,2.33
Wed Jul 29 19:24:21 UTC 2026,1785353061,0,2.2
Wed Jul 29 19:24:57 UTC 2026,1785353097,0,2.71
Wed Jul 29 19:25:34 UTC 2026,1785353134,0,2.28
Wed Jul 29 19:26:19 UTC 2026,1785353179,0,2.58
Wed Jul 29 19:28:00 UTC 2026,1785353280,0,2.53
Wed Jul 29 19:28:26 UTC 2026,1785353306,0,2.22
Wed Jul 29 19:30:01 UTC 2026,1785353401,0,2.6
Wed Jul 29 19:31:19 UTC 2026,1785353479,0,2.66
Wed Jul 29 19:31:51 UTC 2026,1785353511,0,2.07
Wed Jul 29 19:32:14 UTC 2026,1785353534,0,2.29
Wed Jul 29 19:32:23 UTC 2026,1785353543,0,2.58
Wed Jul 29 19:34:52 UTC 2026,1785353692,0,2.61
Wed Jul 29 19:35:11 UTC 2026,1785353711,0,2.36
Wed Jul 29 19:35:33 UTC 2026,1785353733,0,2.62
Wed Jul 29 19:36:24 UTC 2026,1785353784,0,2.37
Wed Jul 29 19:37:10 UTC 2026,1785353830,0,2.6
Wed Jul 29 19:37:46 UTC 2026,1785353866,0,2.35
Wed Jul 29 19:38:44 UTC 2026,1785353924,0,2.64
Wed Jul 29 19:40:02 UTC 2026,1785354002,0,2.33
Wed Jul 29 19:40:56 UTC 2026,1785354056,0,2.31
Wed Jul 29 19:41:05 UTC 2026,1785354065,0,2.61
Wed Jul 29 19:42:23 UTC 2026,1785354143,0,2.36
Wed Jul 29 19:42:58 UTC 2026,1785354178,0,2.61
Wed Jul 29 19:44:20 UTC 2026,1785354260,0,2.59
Wed Jul 29 19:45:11 UTC 2026,1785354311,0,2.31
Wed Jul 29 19:45:42 UTC 2026,1785354342,0,2.32
Wed Jul 29 19:45:52 UTC 2026,1785354352,0,2.6
Wed Jul 29 19:47:00 UTC 2026,1785354420,0,2.34
Wed Jul 29 19:47:36 UTC 2026,1785354456,0,2.53
Wed Jul 29 19:49:03 UTC 2026,1785354543,0,2.6
Wed Jul 29 19:49:48 UTC 2026,1785354588,0,2.32
Wed Jul 29 19:50:43 UTC 2026,1785354643,0,2.33
Wed Jul 29 19:51:10 UTC 2026,1785354670,0,2.6
Wed Jul 29 19:51:55 UTC 2026,1785354715,0,2.37
Wed Jul 29 19:52:45 UTC 2026,1785354765,0,2.65
Wed Jul 29 19:53:39 UTC 2026,1785354819,0,2.35
Wed Jul 29 19:53:49 UTC 2026,1785354829,0,2.61
Wed Jul 29 19:55:42 UTC 2026,1785354942,0,2.6
Wed Jul 29 19:56:28 UTC 2026,1785354988,0,2.4
Wed Jul 29 19:57:36 UTC 2026,1785355056,0,2.36
Wed Jul 29 19:57:55 UTC 2026,1785355075,0,2.6
Wed Jul 29 19:58:36 UTC 2026,1785355116,0,2.64
Wed Jul 29 19:58:49 UTC 2026,1785355129,0,2.33
Wed Jul 29 20:00:43 UTC 2026,1785355243,0,2.67
Wed Jul 29 20:01:29 UTC 2026,1785355289,0,2.33
Wed Jul 29 20:03:08 UTC 2026,1785355388,0,2.11
Wed Jul 29 20:03:13 UTC 2026,1785355393,0,2.59
Wed Jul 29 20:03:35 UTC 2026,1785355415,0,2.19
Wed Jul 29 20:03:44 UTC 2026,1785355424,0,2.6
Wed Jul 29 20:05:07 UTC 2026,1785355507,0,2.34
Wed Jul 29 20:05:11 UTC 2026,1785355511,0,2.71
Wed Jul 29 20:07:45 UTC 2026,1785355665,0,2.25
Wed Jul 29 20:08:23 UTC 2026,1785355703,0,2.61
Wed Jul 29 20:08:53 UTC 2026,1785355733,0,2.58
Wed Jul 29 20:09:08 UTC 2026,1785355748,0,2.27
Wed Jul 29 20:10:29 UTC 2026,1785355829,0,2.7
Wed Jul 29 20:10:38 UTC 2026,1785355838,0,2.16
Wed Jul 29 20:12:27 UTC 2026,1785355947,0,2.54
Wed Jul 29 20:12:59 UTC 2026,1785355979,0,2.34
Wed Jul 29 20:14:39 UTC 2026,1785356079,0,2.29
Wed Jul 29 20:14:43 UTC 2026,1785356083,0,2.6
Wed Jul 29 20:15:06 UTC 2026,1785356106,0,2.37
Wed Jul 29 20:15:16 UTC 2026,1785356116,0,2.62
Wed Jul 29 20:16:43 UTC 2026,1785356203,0,2.67
Wed Jul 29 20:17:58 UTC 2026,1785356278,0,2.27
Wed Jul 29 20:18:31 UTC 2026,1785356311,0,2.29
Wed Jul 29 20:18:35 UTC 2026,1785356315,0,2.62
Wed Jul 29 20:20:12 UTC 2026,1785356412,0,2.6
Wed Jul 29 20:20:42 UTC 2026,1785356442,0,2.3
Wed Jul 29 20:22:22 UTC 2026,1785356542,0,2.67
Wed Jul 29 20:22:45 UTC 2026,1785356565,0,2.33
Wed Jul 29 20:24:02 UTC 2026,1785356642,0,2.3
Wed Jul 29 20:24:22 UTC 2026,1785356662,0,2.61
Wed Jul 29 20:25:33 UTC 2026,1785356733,0,2.53
Wed Jul 29 20:26:28 UTC 2026,1785356788,0,2.24
Wed Jul 29 20:26:59 UTC 2026,1785356819,0,2.58
Wed Jul 29 20:27:23 UTC 2026,1785356843,0,2.22
Wed Jul 29 20:28:40 UTC 2026,1785356920,0,2.27
Wed Jul 29 20:29:25 UTC 2026,1785356965,0,2.57
Wed Jul 29 20:31:10 UTC 2026,1785357070,0,2.23
Wed Jul 29 20:31:28 UTC 2026,1785357088,0,2.56
Wed Jul 29 20:32:05 UTC 2026,1785357125,0,2.09
Wed Jul 29 20:32:35 UTC 2026,1785357155,0,2.66
Wed Jul 29 20:33:26 UTC 2026,1785357206,0,2.17
Wed Jul 29 20:33:49 UTC 2026,1785357229,0,2.62
Wed Jul 29 20:35:38 UTC 2026,1785357338,0,2.32
Wed Jul 29 20:35:47 UTC 2026,1785357347,0,2.65
Wed Jul 29 20:36:45 UTC 2026,1785357405,0,2.75
Wed Jul 29 20:37:13 UTC 2026,1785357433,0,2.29
Wed Jul 29 20:38:53 UTC 2026,1785357533,0,2.62
Wed Jul 29 20:39:07 UTC 2026,1785357547,0,1.99
Wed Jul 29 20:40:34 UTC 2026,1785357634,0,2.49
Wed Jul 29 20:41:01 UTC 2026,1785357661,0,2.1
Wed Jul 29 20:41:55 UTC 2026,1785357715,0,2.69
Wed Jul 29 20:42:04 UTC 2026,1785357724,0,2.31
Wed Jul 29 20:43:58 UTC 2026,1785357838,0,2.5
Wed Jul 29 20:44:25 UTC 2026,1785357865,0,2.23
Wed Jul 29 20:44:57 UTC 2026,1785357897,0,2.22
Wed Jul 29 20:46:13 UTC 2026,1785357973,0,2.53
Wed Jul 29 20:46:38 UTC 2026,1785357998,0,2.25
Wed Jul 29 20:48:45 UTC 2026,1785358125,0,2.56
Wed Jul 29 20:50:56 UTC 2026,1785358256,0,2.32
Wed Jul 29 20:51:06 UTC 2026,1785358266,0,2.6
Wed Jul 29 20:51:46 UTC 2026,1785358306,0,2.58
Wed Jul 29 20:52:40 UTC 2026,1785358360,0,2.33
Wed Jul 29 20:53:40 UTC 2026,1785358420,0,2.57
Wed Jul 29 20:53:53 UTC 2026,1785358433,0,2.3
Wed Jul 29 20:55:20 UTC 2026,1785358520,0,2.63
Wed Jul 29 20:55:39 UTC 2026,1785358539,0,2.31
Wed Jul 29 20:57:14 UTC 2026,1785358634,0,2.3
Wed Jul 29 20:57:18 UTC 2026,1785358638,0,2.64
Wed Jul 29 20:58:36 UTC 2026,1785358716,0,2.25
Wed Jul 29 20:59:25 UTC 2026,1785358765,0,2.59
Wed Jul 29 21:00:02 UTC 2026,1785358802,0,2.11
Wed Jul 29 21:02:14 UTC 2026,1785358934,0,2.67
Wed Jul 29 21:02:41 UTC 2026,1785358961,0,2.22
Wed Jul 29 21:03:03 UTC 2026,1785358983,0,2.07
Wed Jul 29 21:04:25 UTC 2026,1785359065,0,2.75
Wed Jul 29 21:04:53 UTC 2026,1785359093,0,2.59
Wed Jul 29 21:05:06 UTC 2026,1785359106,0,2.33
Wed Jul 29 21:06:14 UTC 2026,1785359174,0,2.29
Wed Jul 29 21:07:41 UTC 2026,1785359261,0,2.63
Wed Jul 29 21:07:54 UTC 2026,1785359274,0,2.28
Wed Jul 29 21:09:20 UTC 2026,1785359360,0,2.61
Wed Jul 29 21:10:20 UTC 2026,1785359420,0,2.21
Wed Jul 29 21:10:24 UTC 2026,1785359424,0,2.53
Wed Jul 29 21:12:23 UTC 2026,1785359543,0,2.26
Wed Jul 29 21:12:40 UTC 2026,1785359560,0,2.58
Wed Jul 29 21:13:45 UTC 2026,1785359625,0,2.55
Wed Jul 29 21:13:54 UTC 2026,1785359634,0,2.19
Wed Jul 29 21:15:01 UTC 2026,1785359701,0,2.27
Wed Jul 29 21:15:52 UTC 2026,1785359752,0,2.59
Wed Jul 29 21:16:50 UTC 2026,1785359810,0,2.29
Wed Jul 29 21:17:09 UTC 2026,1785359829,0,2.56
Wed Jul 29 21:18:26 UTC 2026,1785359906,0,2.31
Wed Jul 29 21:19:11 UTC 2026,1785359951,0,2.62
Wed Jul 29 21:20:28 UTC 2026,1785360028,0,2.33
Wed Jul 29 21:20:47 UTC 2026,1785360047,0,2.56
Wed Jul 29 21:22:13 UTC 2026,1785360133,0,2.33
Wed Jul 29 21:22:18 UTC 2026,1785360138,0,2.55
Wed Jul 29 21:23:13 UTC 2026,1785360193,0,2.35
Wed Jul 29 21:24:12 UTC 2026,1785360252,0,2.59
Wed Jul 29 21:24:34 UTC 2026,1785360274,0,2.64
Wed Jul 29 21:24:52 UTC 2026,1785360292,0,2.37
Wed Jul 29 21:26:01 UTC 2026,1785360361,0,2.68
Wed Jul 29 21:27:00 UTC 2026,1785360420,0,2.37
Wed Jul 29 21:27:45 UTC 2026,1785360465,0,2.67
Wed Jul 29 21:28:35 UTC 2026,1785360515,0,2.36
Wed Jul 29 21:30:11 UTC 2026,1785360611,0,2.34
Wed Jul 29 21:30:46 UTC 2026,1785360646,0,2.6
Wed Jul 29 21:32:13 UTC 2026,1785360733,0,2.08
Wed Jul 29 21:32:31 UTC 2026,1785360751,0,2.61
Wed Jul 29 21:32:40 UTC 2026,1785360760,0,2.1
Wed Jul 29 21:33:03 UTC 2026,1785360783,0,2.75
Wed Jul 29 21:35:50 UTC 2026,1785360950,0,2.4
Wed Jul 29 21:36:47 UTC 2026,1785361007,0,2.71
Wed Jul 29 21:38:49 UTC 2026,1785361129,0,2.74
Wed Jul 29 21:38:53 UTC 2026,1785361133,0,2.48
Wed Jul 29 21:39:43 UTC 2026,1785361183,0,2.78
Wed Jul 29 21:40:10 UTC 2026,1785361210,0,2.42
Wed Jul 29 21:41:14 UTC 2026,1785361274,0,2.39
Wed Jul 29 21:41:50 UTC 2026,1785361310,0,2.78
Wed Jul 29 21:42:40 UTC 2026,1785361360,0,2.47
Wed Jul 29 21:43:49 UTC 2026,1785361429,0,2.82
Wed Jul 29 21:44:48 UTC 2026,1785361488,0,2.53
Wed Jul 29 21:45:20 UTC 2026,1785361520,0,2.77
Wed Jul 29 21:46:04 UTC 2026,1785361564,0,2.52
Wed Jul 29 21:46:50 UTC 2026,1785361610,0,2.8
Wed Jul 29 21:48:49 UTC 2026,1785361729,0,2.5
Wed Jul 29 21:49:02 UTC 2026,1785361742,0,2.81
Wed Jul 29 21:49:20 UTC 2026,1785361760,0,2.83
Wed Jul 29 21:50:06 UTC 2026,1785361806,0,2.6
Wed Jul 29 21:51:55 UTC 2026,1785361915,0,2.81
Wed Jul 29 21:52:45 UTC 2026,1785361965,0,2.56
Wed Jul 29 21:52:50 UTC 2026,1785361970,0,2.82
Wed Jul 29 21:55:29 UTC 2026,1785362129,0,2.88
Wed Jul 29 21:55:33 UTC 2026,1785362133,0,2.63
Wed Jul 29 21:55:55 UTC 2026,1785362155,0,2.93
Wed Jul 29 21:56:41 UTC 2026,1785362201,0,2.65
Wed Jul 29 21:58:48 UTC 2026,1785362328,0,2.89
Wed Jul 29 21:59:07 UTC 2026,1785362347,0,2.93
Wed Jul 29 21:59:29 UTC 2026,1785362369,0,2.65
Wed Jul 29 22:02:00 UTC 2026,1785362520,0,2.31
Wed Jul 29 22:02:13 UTC 2026,1785362533,0,2.89
Wed Jul 29 22:02:40 UTC 2026,1785362560,0,2.29
Wed Jul 29 22:03:34 UTC 2026,1785362614,0,2.93
Wed Jul 29 22:04:21 UTC 2026,1785362661,0,2.78
Wed Jul 29 22:04:35 UTC 2026,1785362675,0,3.01
Wed Jul 29 22:06:05 UTC 2026,1785362765,0,2.85
Wed Jul 29 22:06:09 UTC 2026,1785362769,0,3.03
Wed Jul 29 22:07:27 UTC 2026,1785362847,0,2.77
Wed Jul 29 22:08:45 UTC 2026,1785362925,0,3.06
Wed Jul 29 22:09:07 UTC 2026,1785362947,0,2.72
Wed Jul 29 22:09:39 UTC 2026,1785362979,0,3.1
Wed Jul 29 22:10:51 UTC 2026,1785363051,0,3.15
Wed Jul 29 22:11:37 UTC 2026,1785363097,0,2.86
Wed Jul 29 22:13:35 UTC 2026,1785363215,0,2.78
Wed Jul 29 22:13:44 UTC 2026,1785363224,0,3.2
Wed Jul 29 22:14:12 UTC 2026,1785363252,0,3.23
Wed Jul 29 22:14:29 UTC 2026,1785363269,0,2.84
Wed Jul 29 22:15:43 UTC 2026,1785363343,0,3.18
Wed Jul 29 22:17:05 UTC 2026,1785363425,0,2.79
Wed Jul 29 22:17:22 UTC 2026,1785363442,0,3.38
Wed Jul 29 22:18:16 UTC 2026,1785363496,0,2.89
Wed Jul 29 22:19:43 UTC 2026,1785363583,0,3.35
Wed Jul 29 22:20:34 UTC 2026,1785363634,0,2.86
Wed Jul 29 22:21:00 UTC 2026,1785363660,0,3.19
Wed Jul 29 22:22:32 UTC 2026,1785363752,0,2.51
Wed Jul 29 22:23:31 UTC 2026,1785363811,0,3.24
Wed Jul 29 22:23:49 UTC 2026,1785363829,0,2.94
Wed Jul 29 22:23:53 UTC 2026,1785363833,0,3.36
Wed Jul 29 22:25:47 UTC 2026,1785363947,0,3.35
Wed Jul 29 22:26:36 UTC 2026,1785363996,0,2.87
Wed Jul 29 22:27:04 UTC 2026,1785364024,0,2.85
Wed Jul 29 22:27:18 UTC 2026,1785364038,0,3.4
Wed Jul 29 22:29:16 UTC 2026,1785364156,0,3.1
Wed Jul 29 22:30:05 UTC 2026,1785364205,0,3.45
Wed Jul 29 22:30:28 UTC 2026,1785364228,0,3.56
Wed Jul 29 22:31:55 UTC 2026,1785364315,0,3.07
Wed Jul 29 22:32:13 UTC 2026,1785364333,0,3.61
Wed Jul 29 22:32:18 UTC 2026,1785364338,0,2.98
Wed Jul 29 22:34:25 UTC 2026,1785364465,0,3.13
Wed Jul 29 22:34:53 UTC 2026,1785364493,0,3.65
Wed Jul 29 22:35:37 UTC 2026,1785364537,0,3.11
Wed Jul 29 22:36:28 UTC 2026,1785364588,0,3.53
Wed Jul 29 22:37:03 UTC 2026,1785364623,0,3.7
Wed Jul 29 22:37:44 UTC 2026,1785364664,0,3.22
Wed Jul 29 22:39:16 UTC 2026,1785364756,0,3.7
Wed Jul 29 22:40:11 UTC 2026,1785364811,0,2.96
Wed Jul 29 22:40:24 UTC 2026,1785364824,0,3.15
Wed Jul 29 22:41:13 UTC 2026,1785364873,0,3.65
Wed Jul 29 22:42:13 UTC 2026,1785364933,0,3.36
Wed Jul 29 22:42:17 UTC 2026,1785364937,0,3.73
Wed Jul 29 22:43:57 UTC 2026,1785365037,0,3.82
Wed Jul 29 22:44:48 UTC 2026,1785365088,0,3.33
Wed Jul 29 22:45:37 UTC 2026,1785365137,0,3.26
Wed Jul 29 22:46:37 UTC 2026,1785365197,0,3.69
Wed Jul 29 22:47:45 UTC 2026,1785365265,0,3.89
Wed Jul 29 22:47:58 UTC 2026,1785365278,0,3.35
Wed Jul 29 22:48:39 UTC 2026,1785365319,0,3.23
Wed Jul 29 22:48:48 UTC 2026,1785365328,0,3.72
Wed Jul 29 22:51:06 UTC 2026,1785365466,0,3.46
Wed Jul 29 22:51:15 UTC 2026,1785365475,0,3.81
Wed Jul 29 22:52:04 UTC 2026,1785365524,0,3.34
Wed Jul 29 22:52:36 UTC 2026,1785365556,0,3.95
Wed Jul 29 22:53:26 UTC 2026,1785365606,0,3.51
Wed Jul 29 22:54:40 UTC 2026,1785365680,0,3.85
Wed Jul 29 22:55:06 UTC 2026,1785365706,0,3.66
Wed Jul 29 22:55:30 UTC 2026,1785365730,0,3.87
Wed Jul 29 22:57:45 UTC 2026,1785365865,0,3.58
Wed Jul 29 22:57:59 UTC 2026,1785365879,0,4.16
Wed Jul 29 22:58:40 UTC 2026,1785365920,0,3.97
Wed Jul 29 22:59:20 UTC 2026,1785365960,0,3.69
Wed Jul 29 23:00:07 UTC 2026,1785366007,0,3.5
Wed Jul 29 23:00:42 UTC 2026,1785366042,0,3.94
Wed Jul 29 23:02:28 UTC 2026,1785366148,0,4.05
Wed Jul 29 23:02:59 UTC 2026,1785366179,0,3.68
Wed Jul 29 23:04:30 UTC 2026,1785366270,0,4.07
Wed Jul 29 23:04:38 UTC 2026,1785366278,0,3.78
Wed Jul 29 23:05:15 UTC 2026,1785366315,0,3.81
Wed Jul 29 23:05:28 UTC 2026,1785366328,0,4.15
Wed Jul 29 23:07:23 UTC 2026,1785366443,0,3.64
Wed Jul 29 23:07:27 UTC 2026,1785366447,0,4.22
Wed Jul 29 23:08:27 UTC 2026,1785366507,0,3.83
Wed Jul 29 23:09:16 UTC 2026,1785366556,0,4.31
Wed Jul 29 23:09:57 UTC 2026,1785366597,0,4.3
Wed Jul 29 23:10:24 UTC 2026,1785366624,0,3.84
Wed Jul 29 23:11:37 UTC 2026,1785366697,0,3.98
Wed Jul 29 23:12:27 UTC 2026,1785366747,0,4.39
Wed Jul 29 23:13:27 UTC 2026,1785366807,0,4.04
Wed Jul 29 23:13:36 UTC 2026,1785366816,0,4.32
Wed Jul 29 23:14:52 UTC 2026,1785366892,0,4.36
Wed Jul 29 23:15:15 UTC 2026,1785366915,0,4.03
Wed Jul 29 23:17:04 UTC 2026,1785367024,0,4.13
Wed Jul 29 23:17:22 UTC 2026,1785367042,0,4.41
Wed Jul 29 23:18:40 UTC 2026,1785367120,0,4.21
Wed Jul 29 23:19:11 UTC 2026,1785367151,0,4.4
Wed Jul 29 23:19:52 UTC 2026,1785367192,0,4.27
Wed Jul 29 23:20:50 UTC 2026,1785367250,0,4.44
Wed Jul 29 23:22:13 UTC 2026,1785367333,0,4.43
Wed Jul 29 23:22:41 UTC 2026,1785367361,0,4.28
Wed Jul 29 23:23:08 UTC 2026,1785367388,0,4.24
Wed Jul 29 23:24:02 UTC 2026,1785367442,0,4.48
Wed Jul 29 23:25:01 UTC 2026,1785367501,0,4.55
Wed Jul 29 23:25:05 UTC 2026,1785367505,0,4.26
Wed Jul 29 23:27:04 UTC 2026,1785367624,0,4.38
Wed Jul 29 23:27:27 UTC 2026,1785367647,0,4.54
Wed Jul 29 23:28:21 UTC 2026,1785367701,0,4.53
Wed Jul 29 23:28:58 UTC 2026,1785367738,0,4.34
Wed Jul 29 23:30:19 UTC 2026,1785367819,0,4.39
Wed Jul 29 23:31:04 UTC 2026,1785367864,0,4.62
Wed Jul 29 23:32:04 UTC 2026,1785367924,0,4.59
Wed Jul 29 23:32:44 UTC 2026,1785367964,0,4.31
Wed Jul 29 23:33:25 UTC 2026,1785368005,0,4.34
Wed Jul 29 23:34:06 UTC 2026,1785368046,0,4.68
Wed Jul 29 23:35:27 UTC 2026,1785368127,0,4.45
Wed Jul 29 23:36:00 UTC 2026,1785368160,0,4.71
Wed Jul 29 23:37:04 UTC 2026,1785368224,0,4.76
Wed Jul 29 23:37:22 UTC 2026,1785368242,0,4.53
Wed Jul 29 23:38:22 UTC 2026,1785368302,0,4.7
Wed Jul 29 23:39:24 UTC 2026,1785368364,0,4.53
Wed Jul 29 23:40:23 UTC 2026,1785368423,0,4.59
Wed Jul 29 23:41:14 UTC 2026,1785368474,0,4.76
Wed Jul 29 23:41:51 UTC 2026,1785368511,0,4.8
Wed Jul 29 23:42:12 UTC 2026,1785368532,0,4.52
Wed Jul 29 23:42:58 UTC 2026,1785368578,0,4.83
Wed Jul 29 23:43:16 UTC 2026,1785368596,0,4.34
Wed Jul 29 23:44:52 UTC 2026,1785368692,0,4.54
Wed Jul 29 23:45:33 UTC 2026,1785368733,0,4.92
Wed Jul 29 23:46:19 UTC 2026,1785368779,0,4.85
Wed Jul 29 23:46:32 UTC 2026,1785368792,0,4.6
Wed Jul 29 23:48:23 UTC 2026,1785368903,0,4.8
Wed Jul 29 23:48:44 UTC 2026,1785368924,0,4.6
Wed Jul 29 23:50:06 UTC 2026,1785369006,0,4.89
Wed Jul 29 23:50:16 UTC 2026,1785369016,0,4.7
Wed Jul 29 23:52:00 UTC 2026,1785369120,0,4.72
Wed Jul 29 23:52:41 UTC 2026,1785369161,0,4.94
Wed Jul 29 23:53:41 UTC 2026,1785369221,0,4.88
Wed Jul 29 23:53:46 UTC 2026,1785369226,0,4.7
Wed Jul 29 23:55:16 UTC 2026,1785369316,0,4.96
Wed Jul 29 23:55:20 UTC 2026,1785369320,0,4.74
Wed Jul 29 23:56:10 UTC 2026,1785369370,0,4.77
Wed Jul 29 23:57:01 UTC 2026,1785369421,0,4.9
Wed Jul 29 23:58:50 UTC 2026,1785369530,0,4.64
Wed Jul 29 23:58:54 UTC 2026,1785369534,0,4.93
Thu Jul 30 00:00:12 UTC 2026,1785369612,0,4.73
Thu Jul 30 00:00:40 UTC 2026,1785369640,0,4.95
Thu Jul 30 00:02:05 UTC 2026,1785369725,0,5.0
Thu Jul 30 00:02:19 UTC 2026,1785369739,0,4.51
Thu Jul 30 00:02:46 UTC 2026,1785369766,0,4.64
Thu Jul 30 00:04:03 UTC 2026,1785369843,0,4.98
Thu Jul 30 00:05:07 UTC 2026,1785369907,0,4.99
Thu Jul 30 00:05:39 UTC 2026,1785369939,0,4.67
Thu Jul 30 00:06:01 UTC 2026,1785369961,0,4.5
Thu Jul 30 00:07:38 UTC 2026,1785370058,0,4.93
Thu Jul 30 00:08:13 UTC 2026,1785370093,0,5.11
Thu Jul 30 00:08:49 UTC 2026,1785370129,0,4.33
Thu Jul 30 00:09:34 UTC 2026,1785370174,0,4.22
Thu Jul 30 00:09:44 UTC 2026,1785370184,0,5.11
Thu Jul 30 00:11:20 UTC 2026,1785370280,0,4.97
Thu Jul 30 00:12:18 UTC 2026,1785370338,0,4.67
Thu Jul 30 00:12:46 UTC 2026,1785370366,0,4.7
Thu Jul 30 00:14:11 UTC 2026,1785370451,0,5.21
Thu Jul 30 00:14:21 UTC 2026,1785370461,0,4.78
Thu Jul 30 00:14:39 UTC 2026,1785370479,0,5.15
Thu Jul 30 00:14:44 UTC 2026,1785370484,0,4.93
Thu Jul 30 00:14:48 UTC 2026,1785370488,0,4.98
Thu Jul 30 00:14:52 UTC 2026,1785370492,0,5.13
Thu Jul 30 00:15:17 UTC 2026,1785370517,0,4.73
Thu Jul 30 00:17:27 UTC 2026,1785370647,0,5.11
Thu Jul 30 00:18:00 UTC 2026,1785370680,0,5.09
Thu Jul 30 00:18:54 UTC 2026,1785370734,0,4.79
Thu Jul 30 00:19:31 UTC 2026,1785370771,0,5.08
Thu Jul 30 00:19:48 UTC 2026,1785370788,0,4.81
Thu Jul 30 00:21:23 UTC 2026,1785370883,0,4.87
Thu Jul 30 00:22:04 UTC 2026,1785370924,0,5.15
Thu Jul 30 00:23:45 UTC 2026,1785371025,0,5.13
Thu Jul 30 00:23:54 UTC 2026,1785371034,0,4.79
Thu Jul 30 00:24:30 UTC 2026,1785371070,0,4.91
Thu Jul 30 00:24:52 UTC 2026,1785371092,0,5.17
Thu Jul 30 00:26:09 UTC 2026,1785371169,0,5.22
Thu Jul 30 00:26:13 UTC 2026,1785371173,0,4.93
Thu Jul 30 00:27:32 UTC 2026,1785371252,0,5.22
Thu Jul 30 00:28:49 UTC 2026,1785371329,0,4.97
Thu Jul 30 00:29:08 UTC 2026,1785371348,0,5.17
Thu Jul 30 00:29:25 UTC 2026,1785371365,0,4.98
Thu Jul 30 00:30:48 UTC 2026,1785371448,0,5.18
Thu Jul 30 00:31:37 UTC 2026,1785371497,0,4.83
Thu Jul 30 00:32:59 UTC 2026,1785371579,0,5.22
Thu Jul 30 00:33:08 UTC 2026,1785371588,0,4.86
Thu Jul 30 00:34:20 UTC 2026,1785371660,0,5.0
Thu Jul 30 00:35:06 UTC 2026,1785371706,0,5.19
Thu Jul 30 00:36:33 UTC 2026,1785371793,0,5.18
Thu Jul 30 00:36:37 UTC 2026,1785371797,0,5.0
Thu Jul 30 00:37:32 UTC 2026,1785371852,0,5.03
Thu Jul 30 00:38:27 UTC 2026,1785371907,0,5.2
Thu Jul 30 00:39:44 UTC 2026,1785371984,0,4.89
Thu Jul 30 00:40:02 UTC 2026,1785372002,0,5.27
Thu Jul 30 00:41:14 UTC 2026,1785372074,0,4.98
Thu Jul 30 00:42:04 UTC 2026,1785372124,0,5.27
Thu Jul 30 00:42:41 UTC 2026,1785372161,0,5.24
Thu Jul 30 00:42:50 UTC 2026,1785372170,0,4.96
Thu Jul 30 00:44:48 UTC 2026,1785372288,0,5.25
Thu Jul 30 00:45:20 UTC 2026,1785372320,0,5.01
Thu Jul 30 00:45:56 UTC 2026,1785372356,0,5.19
Thu Jul 30 00:46:28 UTC 2026,1785372388,0,5.03
Thu Jul 30 00:47:19 UTC 2026,1785372439,0,4.98
Thu Jul 30 00:48:36 UTC 2026,1785372516,0,5.28
Thu Jul 30 00:49:21 UTC 2026,1785372561,0,5.0
Thu Jul 30 00:49:25 UTC 2026,1785372565,0,5.27
Thu Jul 30 00:51:05 UTC 2026,1785372665,0,5.24
Thu Jul 30 00:51:55 UTC 2026,1785372715,0,4.94
Thu Jul 30 00:52:18 UTC 2026,1785372738,0,4.98
Thu Jul 30 00:53:07 UTC 2026,1785372787,0,5.23
Thu Jul 30 00:55:11 UTC 2026,1785372911,0,5.37
Thu Jul 30 00:55:15 UTC 2026,1785372915,0,4.99
Thu Jul 30 00:56:09 UTC 2026,1785372969,0,5.24
Thu Jul 30 00:56:37 UTC 2026,1785372997,0,4.92
Thu Jul 30 00:57:31 UTC 2026,1785373051,0,4.94
Thu Jul 30 00:57:55 UTC 2026,1785373075,0,5.34
Thu Jul 30 00:59:30 UTC 2026,1785373170,0,4.94
Thu Jul 30 00:59:38 UTC 2026,1785373178,0,5.29
Thu Jul 30 01:00:39 UTC 2026,1785373239,0,5.26
Thu Jul 30 01:01:38 UTC 2026,1785373298,0,4.73
Thu Jul 30 01:02:33 UTC 2026,1785373353,0,4.83
Thu Jul 30 01:03:22 UTC 2026,1785373402,0,5.25
Thu Jul 30 01:04:35 UTC 2026,1785373475,0,5.28
Thu Jul 30 01:04:57 UTC 2026,1785373497,0,4.74
Thu Jul 30 01:06:33 UTC 2026,1785373593,0,4.53
Thu Jul 30 01:07:00 UTC 2026,1785373620,0,5.29
Thu Jul 30 01:07:37 UTC 2026,1785373657,0,4.68
Thu Jul 30 01:08:04 UTC 2026,1785373684,0,5.47
Thu Jul 30 01:10:06 UTC 2026,1785373806,0,4.85
Thu Jul 30 01:10:12 UTC 2026,1785373812,0,5.31
Thu Jul 30 01:10:33 UTC 2026,1785373833,0,4.73
Thu Jul 30 01:10:38 UTC 2026,1785373838,0,5.26
Thu Jul 30 01:13:17 UTC 2026,1785373997,0,5.21
Thu Jul 30 01:13:31 UTC 2026,1785374011,0,4.88
Thu Jul 30 01:13:41 UTC 2026,1785374021,0,4.78
Thu Jul 30 01:14:12 UTC 2026,1785374052,0,5.33
Thu Jul 30 01:16:18 UTC 2026,1785374178,0,5.26
Thu Jul 30 01:16:45 UTC 2026,1785374205,0,4.81
Thu Jul 30 01:17:00 UTC 2026,1785374220,0,4.72
Thu Jul 30 01:18:31 UTC 2026,1785374311,0,5.11
Thu Jul 30 01:18:45 UTC 2026,1785374325,0,5.14
Thu Jul 30 01:19:20 UTC 2026,1785374360,0,4.81
Thu Jul 30 01:21:14 UTC 2026,1785374474,0,5.18
Thu Jul 30 01:21:24 UTC 2026,1785374484,0,4.88
Thu Jul 30 01:21:55 UTC 2026,1785374515,0,5.17
Thu Jul 30 01:22:05 UTC 2026,1785374525,0,4.86
Thu Jul 30 01:23:39 UTC 2026,1785374619,0,4.91
Thu Jul 30 01:25:02 UTC 2026,1785374702,0,5.07
Thu Jul 30 01:25:30 UTC 2026,1785374730,0,5.16
Thu Jul 30 01:26:45 UTC 2026,1785374805,0,4.91
Thu Jul 30 01:27:32 UTC 2026,1785374852,0,4.77
Thu Jul 30 01:27:40 UTC 2026,1785374860,0,5.16
Thu Jul 30 01:28:35 UTC 2026,1785374915,0,4.84
Thu Jul 30 01:29:16 UTC 2026,1785374956,0,5.11
Thu Jul 30 01:31:14 UTC 2026,1785375074,0,5.06
Thu Jul 30 01:31:42 UTC 2026,1785375102,0,4.87
Thu Jul 30 01:32:32 UTC 2026,1785375152,0,5.07
Thu Jul 30 01:33:22 UTC 2026,1785375202,0,4.71
Thu Jul 30 01:33:35 UTC 2026,1785375215,0,4.7
Thu Jul 30 01:33:53 UTC 2026,1785375233,0,5.11
Thu Jul 30 01:35:46 UTC 2026,1785375346,0,5.03
Thu Jul 30 01:36:28 UTC 2026,1785375388,0,4.86
Thu Jul 30 01:36:51 UTC 2026,1785375411,0,4.98
Thu Jul 30 01:37:18 UTC 2026,1785375438,0,4.85
Thu Jul 30 01:39:21 UTC 2026,1785375561,0,5.02
Thu Jul 30 01:39:52 UTC 2026,1785375592,0,4.77
Thu Jul 30 01:40:15 UTC 2026,1785375615,0,4.75
Thu Jul 30 01:40:33 UTC 2026,1785375633,0,4.99
Thu Jul 30 01:42:22 UTC 2026,1785375742,0,4.79
Thu Jul 30 01:43:07 UTC 2026,1785375787,0,4.97
Thu Jul 30 01:43:44 UTC 2026,1785375824,0,4.67
Thu Jul 30 01:44:25 UTC 2026,1785375865,0,4.97
Thu Jul 30 01:45:32 UTC 2026,1785375932,0,4.6
Thu Jul 30 01:45:51 UTC 2026,1785375951,0,4.89
Thu Jul 30 01:46:40 UTC 2026,1785376000,0,4.9
Thu Jul 30 01:46:45 UTC 2026,1785376005,0,4.7
Thu Jul 30 01:49:48 UTC 2026,1785376188,0,4.49
Thu Jul 30 01:49:56 UTC 2026,1785376196,0,5.06
Thu Jul 30 01:50:05 UTC 2026,1785376205,0,4.88
Thu Jul 30 01:50:33 UTC 2026,1785376233,0,4.44
Thu Jul 30 01:51:55 UTC 2026,1785376315,0,4.64
Thu Jul 30 01:52:50 UTC 2026,1785376370,0,4.86
Thu Jul 30 01:54:43 UTC 2026,1785376483,0,4.98
Thu Jul 30 01:54:47 UTC 2026,1785376487,0,4.37
Thu Jul 30 01:55:24 UTC 2026,1785376524,0,4.86
Thu Jul 30 01:55:38 UTC 2026,1785376538,0,4.4
Thu Jul 30 01:57:08 UTC 2026,1785376628,0,4.84
Thu Jul 30 01:57:58 UTC 2026,1785376678,0,4.43
Thu Jul 30 01:58:26 UTC 2026,1785376706,0,4.23
Thu Jul 30 01:59:06 UTC 2026,1785376746,0,4.91
Thu Jul 30 02:00:16 UTC 2026,1785376816,0,4.59
Thu Jul 30 02:00:20 UTC 2026,1785376820,0,4.79
Thu Jul 30 02:01:50 UTC 2026,1785376910,0,4.5
Thu Jul 30 02:02:08 UTC 2026,1785376928,0,4.87
Thu Jul 30 02:04:16 UTC 2026,1785377056,0,4.53
Thu Jul 30 02:04:30 UTC 2026,1785377070,0,4.74
Thu Jul 30 02:04:52 UTC 2026,1785377092,0,4.78
Thu Jul 30 02:06:22 UTC 2026,1785377182,0,4.5
Thu Jul 30 02:06:28 UTC 2026,1785377188,0,4.67
Thu Jul 30 02:06:45 UTC 2026,1785377205,0,4.46
Thu Jul 30 02:09:02 UTC 2026,1785377342,0,4.41
Thu Jul 30 02:09:16 UTC 2026,1785377356,0,4.75
Thu Jul 30 02:09:51 UTC 2026,1785377391,0,4.45
Thu Jul 30 02:10:24 UTC 2026,1785377424,0,4.77
Thu Jul 30 02:11:37 UTC 2026,1785377497,0,4.23
Thu Jul 30 02:12:26 UTC 2026,1785377546,0,4.79
Thu Jul 30 02:13:12 UTC 2026,1785377592,0,4.76
Thu Jul 30 02:14:20 UTC 2026,1785377660,0,4.1
Thu Jul 30 02:15:47 UTC 2026,1785377747,0,4.67
Thu Jul 30 02:15:51 UTC 2026,1785377751,0,4.18
Thu Jul 30 02:16:55 UTC 2026,1785377815,0,4.27
Thu Jul 30 02:17:26 UTC 2026,1785377846,0,4.65
Thu Jul 30 02:18:11 UTC 2026,1785377891,0,4.69
Thu Jul 30 02:18:21 UTC 2026,1785377901,0,4.31
Thu Jul 30 02:20:29 UTC 2026,1785378029,0,4.19
Thu Jul 30 02:21:10 UTC 2026,1785378070,0,4.67
Thu Jul 30 02:21:23 UTC 2026,1785378083,0,4.82
Thu Jul 30 02:22:04 UTC 2026,1785378124,0,4.13
Thu Jul 30 02:23:26 UTC 2026,1785378206,0,4.64
Thu Jul 30 02:24:35 UTC 2026,1785378275,0,3.78
Thu Jul 30 02:24:56 UTC 2026,1785378296,0,4.07
Thu Jul 30 02:25:33 UTC 2026,1785378333,0,4.54
Thu Jul 30 02:27:17 UTC 2026,1785378437,0,4.26
Thu Jul 30 02:27:27 UTC 2026,1785378447,0,4.54
Thu Jul 30 02:28:58 UTC 2026,1785378538,0,3.79
Thu Jul 30 02:29:30 UTC 2026,1785378570,0,4.56
Thu Jul 30 02:29:34 UTC 2026,1785378574,0,4.0
Thu Jul 30 02:30:38 UTC 2026,1785378638,0,4.52
Thu Jul 30 02:31:33 UTC 2026,1785378693,0,4.03
Thu Jul 30 02:32:04 UTC 2026,1785378724,0,4.64
Thu Jul 30 02:33:12 UTC 2026,1785378792,0,4.57
Thu Jul 30 02:34:26 UTC 2026,1785378866,0,4.26
Thu Jul 30 02:35:16 UTC 2026,1785378916,0,4.12
Thu Jul 30 02:35:47 UTC 2026,1785378947,0,4.55
Thu Jul 30 02:36:41 UTC 2026,1785379001,0,4.47
Thu Jul 30 02:37:22 UTC 2026,1785379042,0,4.21
Thu Jul 30 02:37:59 UTC 2026,1785379079,0,4.4
Thu Jul 30 02:39:02 UTC 2026,1785379142,0,4.19
Thu Jul 30 02:39:43 UTC 2026,1785379183,0,4.01
Thu Jul 30 02:40:24 UTC 2026,1785379224,0,4.6
Thu Jul 30 02:41:50 UTC 2026,1785379310,0,4.5
Thu Jul 30 02:42:42 UTC 2026,1785379362,0,3.96
Thu Jul 30 02:43:40 UTC 2026,1785379420,0,4.04
Thu Jul 30 02:43:49 UTC 2026,1785379429,0,4.4
Thu Jul 30 02:44:48 UTC 2026,1785379488,0,4.53
Thu Jul 30 02:45:05 UTC 2026,1785379505,0,4.04
Thu Jul 30 02:46:28 UTC 2026,1785379588,0,4.01
Thu Jul 30 02:46:37 UTC 2026,1785379597,0,4.4
Thu Jul 30 02:49:11 UTC 2026,1785379751,0,4.07
Thu Jul 30 02:49:29 UTC 2026,1785379769,0,4.0
Thu Jul 30 02:50:11 UTC 2026,1785379811,0,4.28
Thu Jul 30 02:52:00 UTC 2026,1785379920,0,4.36
Thu Jul 30 02:52:27 UTC 2026,1785379947,0,4.07
Thu Jul 30 02:52:45 UTC 2026,1785379965,0,4.02
Thu Jul 30 02:53:08 UTC 2026,1785379988,0,4.39
Thu Jul 30 02:54:39 UTC 2026,1785380079,0,4.37
Thu Jul 30 02:55:20 UTC 2026,1785380120,0,4.02
Thu Jul 30 02:56:14 UTC 2026,1785380174,0,4.03
Thu Jul 30 02:56:47 UTC 2026,1785380207,0,4.42
Thu Jul 30 02:57:37 UTC 2026,1785380257,0,4.31
Thu Jul 30 02:58:13 UTC 2026,1785380293,0,3.86
Thu Jul 30 02:59:22 UTC 2026,1785380362,0,3.97
Thu Jul 30 02:59:57 UTC 2026,1785380397,0,4.34
Thu Jul 30 03:01:19 UTC 2026,1785380479,0,4.3
Thu Jul 30 03:02:31 UTC 2026,1785380551,0,3.79
Thu Jul 30 03:02:41 UTC 2026,1785380561,0,3.64
Thu Jul 30 03:03:36 UTC 2026,1785380616,0,4.3
Thu Jul 30 03:04:21 UTC 2026,1785380661,0,4.02
Thu Jul 30 03:06:06 UTC 2026,1785380766,0,4.29
Thu Jul 30 03:07:05 UTC 2026,1785380825,0,4.06
Thu Jul 30 03:07:59 UTC 2026,1785380879,0,4.3
Thu Jul 30 03:08:49 UTC 2026,1785380929,0,4.0
Thu Jul 30 03:09:35 UTC 2026,1785380975,0,3.99
Thu Jul 30 03:09:57 UTC 2026,1785380997,0,4.33
Thu Jul 30 03:11:19 UTC 2026,1785381079,0,3.98
Thu Jul 30 03:11:45 UTC 2026,1785381105,0,4.29
Thu Jul 30 03:12:55 UTC 2026,1785381175,0,4.03
Thu Jul 30 03:13:36 UTC 2026,1785381216,0,4.27
Thu Jul 30 03:14:07 UTC 2026,1785381247,0,4.37
Thu Jul 30 03:15:15 UTC 2026,1785381315,0,4.02
Thu Jul 30 03:16:47 UTC 2026,1785381407,0,4.03
Thu Jul 30 03:17:18 UTC 2026,1785381438,0,4.27
Thu Jul 30 03:17:55 UTC 2026,1785381475,0,4.05
Thu Jul 30 03:18:54 UTC 2026,1785381534,0,4.27
Thu Jul 30 03:20:38 UTC 2026,1785381638,0,3.94
Thu Jul 30 03:21:51 UTC 2026,1785381711,0,4.29
Thu Jul 30 03:22:19 UTC 2026,1785381739,0,3.94
Thu Jul 30 03:23:30 UTC 2026,1785381810,0,4.31
Thu Jul 30 03:23:48 UTC 2026,1785381828,0,4.03
Thu Jul 30 03:24:39 UTC 2026,1785381879,0,4.44
Thu Jul 30 03:25:24 UTC 2026,1785381924,0,3.91
Thu Jul 30 03:26:09 UTC 2026,1785381969,0,3.99
Thu Jul 30 03:26:23 UTC 2026,1785381983,0,4.24
Thu Jul 30 03:28:26 UTC 2026,1785382106,0,4.29
Thu Jul 30 03:28:50 UTC 2026,1785382130,0,3.81
Thu Jul 30 03:30:02 UTC 2026,1785382202,0,4.23
Thu Jul 30 03:30:47 UTC 2026,1785382247,0,3.83
Thu Jul 30 03:31:50 UTC 2026,1785382310,0,4.31
Thu Jul 30 03:32:55 UTC 2026,1785382375,0,3.94
Thu Jul 30 03:33:49 UTC 2026,1785382429,0,4.2
Thu Jul 30 03:34:21 UTC 2026,1785382461,0,3.88
Thu Jul 30 03:35:29 UTC 2026,1785382529,0,4.2
Thu Jul 30 03:36:29 UTC 2026,1785382589,0,4.24
Thu Jul 30 03:36:37 UTC 2026,1785382597,0,3.84
Thu Jul 30 03:37:54 UTC 2026,1785382674,0,4.18
Thu Jul 30 03:37:59 UTC 2026,1785382679,0,3.89
Thu Jul 30 03:39:20 UTC 2026,1785382760,0,3.88
Thu Jul 30 03:39:29 UTC 2026,1785382769,0,4.16
Thu Jul 30 03:40:47 UTC 2026,1785382847,0,4.09
Thu Jul 30 03:42:04 UTC 2026,1785382924,0,3.77
Thu Jul 30 03:42:18 UTC 2026,1785382938,0,3.72
Thu Jul 30 03:42:45 UTC 2026,1785382965,0,4.01
Thu Jul 30 03:44:03 UTC 2026,1785383043,0,4.05
Thu Jul 30 03:45:16 UTC 2026,1785383116,0,3.68
Thu Jul 30 03:45:37 UTC 2026,1785383137,0,3.61
Thu Jul 30 03:46:51 UTC 2026,1785383211,0,3.96
Thu Jul 30 03:48:31 UTC 2026,1785383311,0,3.67
Thu Jul 30 03:48:39 UTC 2026,1785383319,0,4.01
Thu Jul 30 03:48:58 UTC 2026,1785383338,0,4.05
Thu Jul 30 03:49:26 UTC 2026,1785383366,0,3.45
Thu Jul 30 03:50:51 UTC 2026,1785383451,0,4.01
Thu Jul 30 03:51:41 UTC 2026,1785383501,0,3.63
Thu Jul 30 03:52:08 UTC 2026,1785383528,0,3.64
Thu Jul 30 03:52:45 UTC 2026,1785383565,0,3.95
Thu Jul 30 03:53:44 UTC 2026,1785383624,0,4.05
Thu Jul 30 03:54:51 UTC 2026,1785383691,0,3.56
Thu Jul 30 03:56:55 UTC 2026,1785383815,0,3.92
Thu Jul 30 03:56:59 UTC 2026,1785383819,0,3.5
Thu Jul 30 03:57:05 UTC 2026,1785383825,0,3.9
Thu Jul 30 03:57:50 UTC 2026,1785383870,0,3.48
Thu Jul 30 03:58:53 UTC 2026,1785383933,0,3.75
Thu Jul 30 04:00:11 UTC 2026,1785384011,0,3.31
Thu Jul 30 04:00:47 UTC 2026,1785384047,0,3.27
Thu Jul 30 04:01:45 UTC 2026,1785384105,0,3.65
Thu Jul 30 04:02:09 UTC 2026,1785384129,0,3.35
Thu Jul 30 04:02:54 UTC 2026,1785384174,0,3.79
Thu Jul 30 04:04:07 UTC 2026,1785384247,0,4.02
Thu Jul 30 04:05:01 UTC 2026,1785384301,0,3.43
Thu Jul 30 04:05:29 UTC 2026,1785384329,0,3.58
Thu Jul 30 04:05:55 UTC 2026,1785384355,0,3.91
Thu Jul 30 04:07:45 UTC 2026,1785384465,0,4.08
Thu Jul 30 04:08:30 UTC 2026,1785384510,0,3.34
Thu Jul 30 04:08:34 UTC 2026,1785384514,0,3.69
Thu Jul 30 04:10:01 UTC 2026,1785384601,0,3.26
Thu Jul 30 04:10:23 UTC 2026,1785384623,0,3.39
Thu Jul 30 04:11:19 UTC 2026,1785384679,0,3.93
Thu Jul 30 04:12:40 UTC 2026,1785384760,0,4.02
Thu Jul 30 04:13:12 UTC 2026,1785384792,0,3.46
Thu Jul 30 04:13:49 UTC 2026,1785384829,0,3.25
Thu Jul 30 04:14:33 UTC 2026,1785384873,0,3.84
Thu Jul 30 04:15:11 UTC 2026,1785384911,0,4.0
Thu Jul 30 04:16:13 UTC 2026,1785384973,0,3.49
Thu Jul 30 04:17:18 UTC 2026,1785385038,0,3.42
Thu Jul 30 04:18:21 UTC 2026,1785385101,0,4.01
Thu Jul 30 04:19:07 UTC 2026,1785385147,0,3.33
Thu Jul 30 04:19:11 UTC 2026,1785385151,0,3.84
Thu Jul 30 04:20:06 UTC 2026,1785385206,0,3.38
Thu Jul 30 04:21:00 UTC 2026,1785385260,0,3.77
Thu Jul 30 04:21:45 UTC 2026,1785385305,0,3.32
Thu Jul 30 04:22:31 UTC 2026,1785385351,0,3.78
Thu Jul 30 04:24:06 UTC 2026,1785385446,0,3.34
Thu Jul 30 04:24:57 UTC 2026,1785385497,0,3.88
Thu Jul 30 04:25:33 UTC 2026,1785385533,0,3.24
Thu Jul 30 04:25:55 UTC 2026,1785385555,0,3.92
Thu Jul 30 04:27:14 UTC 2026,1785385634,0,3.91
Thu Jul 30 04:27:22 UTC 2026,1785385642,0,3.52
Thu Jul 30 04:29:43 UTC 2026,1785385783,0,3.41
Thu Jul 30 04:29:52 UTC 2026,1785385792,0,3.86
Thu Jul 30 04:30:38 UTC 2026,1785385838,0,3.91
Thu Jul 30 04:31:28 UTC 2026,1785385888,0,3.45
Thu Jul 30 04:32:32 UTC 2026,1785385952,0,3.44
Thu Jul 30 04:33:07 UTC 2026,1785385987,0,3.87
Thu Jul 30 04:33:48 UTC 2026,1785386028,0,3.55
Thu Jul 30 04:34:16 UTC 2026,1785386056,0,3.83
Thu Jul 30 04:35:15 UTC 2026,1785386115,0,3.82
Thu Jul 30 04:35:21 UTC 2026,1785386121,0,3.43
Thu Jul 30 04:37:04 UTC 2026,1785386224,0,3.5
Thu Jul 30 04:37:09 UTC 2026,1785386229,0,4.24
Thu Jul 30 04:39:03 UTC 2026,1785386343,0,3.52
Thu Jul 30 04:39:52 UTC 2026,1785386392,0,3.75
Thu Jul 30 04:40:05 UTC 2026,1785386405,0,3.56
Thu Jul 30 04:40:20 UTC 2026,1785386420,0,3.83
Thu Jul 30 04:42:09 UTC 2026,1785386529,0,3.79
Thu Jul 30 04:42:23 UTC 2026,1785386543,0,3.45
Thu Jul 30 04:43:13 UTC 2026,1785386593,0,3.83
Thu Jul 30 04:43:31 UTC 2026,1785386611,0,3.47
Thu Jul 30 04:45:02 UTC 2026,1785386702,0,3.88
Thu Jul 30 04:45:56 UTC 2026,1785386756,0,3.51
Thu Jul 30 04:47:04 UTC 2026,1785386824,0,3.45
Thu Jul 30 04:47:50 UTC 2026,1785386870,0,3.76
Thu Jul 30 04:48:12 UTC 2026,1785386892,0,3.49
Thu Jul 30 04:48:53 UTC 2026,1785386933,0,3.73
Thu Jul 30 04:50:06 UTC 2026,1785387006,0,3.67
Thu Jul 30 04:50:15 UTC 2026,1785387015,0,3.46
Thu Jul 30 04:52:27 UTC 2026,1785387147,0,3.79
Thu Jul 30 04:52:31 UTC 2026,1785387151,0,3.54
Thu Jul 30 04:53:07 UTC 2026,1785387187,0,3.49
Thu Jul 30 04:53:40 UTC 2026,1785387220,0,3.83
Thu Jul 30 04:54:52 UTC 2026,1785387292,0,3.76
Thu Jul 30 04:55:06 UTC 2026,1785387306,0,3.52
Thu Jul 30 04:56:37 UTC 2026,1785387397,0,3.39
Thu Jul 30 04:57:37 UTC 2026,1785387457,0,3.68
Thu Jul 30 04:58:03 UTC 2026,1785387483,0,3.74
Thu Jul 30 04:58:35 UTC 2026,1785387515,0,3.43
Thu Jul 30 04:59:53 UTC 2026,1785387593,0,3.72
Thu Jul 30 04:59:57 UTC 2026,1785387597,0,3.48
Thu Jul 30 05:01:41 UTC 2026,1785387701,0,3.42
Thu Jul 30 05:02:32 UTC 2026,1785387752,0,3.71
Thu Jul 30 05:03:22 UTC 2026,1785387802,0,3.43
Thu Jul 30 05:03:30 UTC 2026,1785387810,0,3.73
Thu Jul 30 05:04:57 UTC 2026,1785387897,0,3.49
Thu Jul 30 05:05:29 UTC 2026,1785387929,0,3.71
Thu Jul 30 05:07:04 UTC 2026,1785388024,0,3.4
Thu Jul 30 05:07:27 UTC 2026,1785388047,0,3.71
Thu Jul 30 05:08:30 UTC 2026,1785388110,0,3.72
Thu Jul 30 05:09:03 UTC 2026,1785388143,0,3.47
Thu Jul 30 05:10:56 UTC 2026,1785388256,0,3.45
Thu Jul 30 05:11:01 UTC 2026,1785388261,0,3.68
Thu Jul 30 05:11:59 UTC 2026,1785388319,0,3.33
Thu Jul 30 05:12:49 UTC 2026,1785388369,0,3.73
Thu Jul 30 05:13:04 UTC 2026,1785388384,0,3.84
Thu Jul 30 05:13:58 UTC 2026,1785388438,0,3.5
Thu Jul 30 05:15:28 UTC 2026,1785388528,0,3.37
Thu Jul 30 05:16:00 UTC 2026,1785388560,0,3.72
Thu Jul 30 05:16:19 UTC 2026,1785388579,0,3.78
Thu Jul 30 05:17:23 UTC 2026,1785388643,0,3.28
Thu Jul 30 05:18:04 UTC 2026,1785388684,0,3.43
Thu Jul 30 05:19:08 UTC 2026,1785388748,0,3.81
Thu Jul 30 05:20:43 UTC 2026,1785388843,0,3.57
Thu Jul 30 05:21:05 UTC 2026,1785388865,0,3.73
Thu Jul 30 05:21:15 UTC 2026,1785388875,0,3.49
Thu Jul 30 05:22:00 UTC 2026,1785388920,0,3.74
Thu Jul 30 05:23:07 UTC 2026,1785388987,0,3.55
Thu Jul 30 05:24:21 UTC 2026,1785389061,0,3.84
Thu Jul 30 05:24:34 UTC 2026,1785389074,0,3.79
Thu Jul 30 05:24:38 UTC 2026,1785389078,0,3.55
Thu Jul 30 05:26:19 UTC 2026,1785389179,0,3.45
Thu Jul 30 05:27:35 UTC 2026,1785389255,0,3.8
Thu Jul 30 05:27:58 UTC 2026,1785389278,0,3.81
Thu Jul 30 05:28:48 UTC 2026,1785389328,0,3.61
Thu Jul 30 05:29:29 UTC 2026,1785389369,0,3.81
Thu Jul 30 05:30:37 UTC 2026,1785389437,0,3.51
Thu Jul 30 05:32:00 UTC 2026,1785389520,0,3.54
Thu Jul 30 05:32:36 UTC 2026,1785389556,0,3.85
Thu Jul 30 05:32:54 UTC 2026,1785389574,0,3.46
Thu Jul 30 05:33:25 UTC 2026,1785389605,0,3.92
Thu Jul 30 05:34:25 UTC 2026,1785389665,0,3.86
Thu Jul 30 05:35:23 UTC 2026,1785389723,0,3.54
Thu Jul 30 05:37:31 UTC 2026,1785389851,0,4.1
Thu Jul 30 05:37:35 UTC 2026,1785389855,0,3.43
Thu Jul 30 05:38:08 UTC 2026,1785389888,0,3.38
Thu Jul 30 05:39:02 UTC 2026,1785389942,0,4.14
Thu Jul 30 05:39:20 UTC 2026,1785389960,0,3.99
Thu Jul 30 05:40:37 UTC 2026,1785390037,0,3.61
Thu Jul 30 05:41:28 UTC 2026,1785390088,0,3.86
Thu Jul 30 05:41:50 UTC 2026,1785390110,0,3.64
Thu Jul 30 05:43:40 UTC 2026,1785390220,0,4.01
Thu Jul 30 05:43:49 UTC 2026,1785390229,0,3.62
Thu Jul 30 05:45:02 UTC 2026,1785390302,0,3.61
Thu Jul 30 05:45:07 UTC 2026,1785390307,0,3.99
Thu Jul 30 05:47:04 UTC 2026,1785390424,0,3.87
Thu Jul 30 05:47:32 UTC 2026,1785390452,0,3.64
Thu Jul 30 05:48:08 UTC 2026,1785390488,0,3.84
Thu Jul 30 05:48:40 UTC 2026,1785390520,0,3.67
Thu Jul 30 05:49:34 UTC 2026,1785390574,0,3.68
Thu Jul 30 05:50:29 UTC 2026,1785390629,0,3.98
Thu Jul 30 05:50:56 UTC 2026,1785390656,0,4.04
Thu Jul 30 05:51:46 UTC 2026,1785390706,0,3.59
Thu Jul 30 05:52:37 UTC 2026,1785390757,0,3.68
Thu Jul 30 05:53:03 UTC 2026,1785390783,0,3.98
Thu Jul 30 05:53:13 UTC 2026,1785390793,0,3.86
Thu Jul 30 05:53:15 UTC 2026,1785390795,744000,3.81
