Tue Jul 21 00:52:18 UTC 2026,1784595138,729000,0.28
Tue Jul 21 00:52:21 UTC 2026,1784595141,0,0.25
Tue Jul 21 00:52:26 UTC 2026,1784595146,0,0.22
Tue Jul 21 00:52:30 UTC 2026,1784595150,0,0.27
Tue Jul 21 00:53:34 UTC 2026,1784595214,0,0.18
Tue Jul 21 00:54:24 UTC 2026,1784595264,0,0.29
Tue Jul 21 00:55:49 UTC 2026,1784595349,0,0.33
Tue Jul 21 00:56:22 UTC 2026,1784595382,0,0.16
Tue Jul 21 00:57:25 UTC 2026,1784595445,0,0.12
Tue Jul 21 00:58:02 UTC 2026,1784595482,0,0.34
Tue Jul 21 00:58:10 UTC 2026,1784595490,0,0.27
Tue Jul 21 00:59:27 UTC 2026,1784595567,0,0.12
Tue Jul 21 00:59:55 UTC 2026,1784595595,0,0.3
Tue Jul 21 01:00:08 UTC 2026,1784595608,0,0.11
Tue Jul 21 01:01:25 UTC 2026,1784595685,0,0.06
Tue Jul 21 01:01:43 UTC 2026,1784595703,0,0.29
Tue Jul 21 01:03:00 UTC 2026,1784595780,0,0.25
Tue Jul 21 01:03:09 UTC 2026,1784595789,0,0.13
Tue Jul 21 01:04:54 UTC 2026,1784595894,0,0.27
Tue Jul 21 01:05:07 UTC 2026,1784595907,0,0.14
Tue Jul 21 01:06:52 UTC 2026,1784596012,0,0.11
Tue Jul 21 01:07:45 UTC 2026,1784596065,0,0.3
Tue Jul 21 01:08:04 UTC 2026,1784596084,0,0.14
Tue Jul 21 01:08:18 UTC 2026,1784596098,0,0.25
Tue Jul 21 01:10:51 UTC 2026,1784596251,0,0.11
Tue Jul 21 01:11:01 UTC 2026,1784596261,0,0.29
Tue Jul 21 01:11:23 UTC 2026,1784596283,0,0.13
Tue Jul 21 01:11:27 UTC 2026,1784596287,0,0.25
Tue Jul 21 01:12:54 UTC 2026,1784596374,0,0.34
Tue Jul 21 01:13:35 UTC 2026,1784596415,0,0.12
Tue Jul 21 01:14:39 UTC 2026,1784596479,0,0.04
Tue Jul 21 01:14:43 UTC 2026,1784596483,0,0.29
Tue Jul 21 01:16:41 UTC 2026,1784596601,0,0.26
Tue Jul 21 01:17:31 UTC 2026,1784596651,0,0.13
Tue Jul 21 01:18:16 UTC 2026,1784596696,0,0.09
Tue Jul 21 01:18:21 UTC 2026,1784596701,0,0.22
Tue Jul 21 01:20:10 UTC 2026,1784596810,0,0.29
Tue Jul 21 01:20:42 UTC 2026,1784596842,0,0.07
Tue Jul 21 01:21:31 UTC 2026,1784596891,0,0.26
Tue Jul 21 01:21:49 UTC 2026,1784596909,0,0.06
Tue Jul 21 01:23:06 UTC 2026,1784596986,0,0.25
Tue Jul 21 01:24:05 UTC 2026,1784597045,0,0.11
Tue Jul 21 01:24:41 UTC 2026,1784597081,0,0.14
Tue Jul 21 01:26:03 UTC 2026,1784597163,0,0.27
Tue Jul 21 01:27:01 UTC 2026,1784597221,0,0.25
Tue Jul 21 01:27:39 UTC 2026,1784597259,0,0.1
Tue Jul 21 01:28:46 UTC 2026,1784597326,0,0.11
Tue Jul 21 01:28:51 UTC 2026,1784597331,0,0.26
Tue Jul 21 01:29:55 UTC 2026,1784597395,0,0.15
Tue Jul 21 01:30:39 UTC 2026,1784597439,0,0.23
Tue Jul 21 01:31:34 UTC 2026,1784597494,0,0.11
Tue Jul 21 01:31:43 UTC 2026,1784597503,0,0.22
Tue Jul 21 01:32:47 UTC 2026,1784597567,0,0.21
Tue Jul 21 01:32:51 UTC 2026,1784597571,0,0.1
Tue Jul 21 01:34:21 UTC 2026,1784597661,0,0.24
Tue Jul 21 01:34:48 UTC 2026,1784597688,0,0.11
Tue Jul 21 01:37:13 UTC 2026,1784597833,0,-0.01
Tue Jul 21 01:37:19 UTC 2026,1784597839,0,0.24
Tue Jul 21 01:37:50 UTC 2026,1784597870,0,0.29
Tue Jul 21 01:37:54 UTC 2026,1784597874,0,0.11
Tue Jul 21 01:39:40 UTC 2026,1784597980,0,0.24
Tue Jul 21 01:40:37 UTC 2026,1784598037,0,0.13
Tue Jul 21 01:42:03 UTC 2026,1784598123,0,0.24
Tue Jul 21 01:42:22 UTC 2026,1784598142,0,0.11
Tue Jul 21 01:43:08 UTC 2026,1784598188,0,0.26
Tue Jul 21 01:43:12 UTC 2026,1784598192,0,0.07
Tue Jul 21 01:44:16 UTC 2026,1784598256,0,0.04
Tue Jul 21 01:44:57 UTC 2026,1784598297,0,0.24
Tue Jul 21 01:45:55 UTC 2026,1784598355,0,0.1
Tue Jul 21 01:47:17 UTC 2026,1784598437,0,0.23
Tue Jul 21 01:47:45 UTC 2026,1784598465,0,0.12
Tue Jul 21 01:47:53 UTC 2026,1784598473,0,0.22
Tue Jul 21 01:50:13 UTC 2026,1784598613,0,0.24
Tue Jul 21 01:50:41 UTC 2026,1784598641,0,0.1
Tue Jul 21 01:51:14 UTC 2026,1784598674,0,0.09
Tue Jul 21 01:51:18 UTC 2026,1784598678,0,0.43
Tue Jul 21 01:53:33 UTC 2026,1784598813,0,-0.06
Tue Jul 21 01:53:46 UTC 2026,1784598826,0,0.24
Tue Jul 21 01:54:28 UTC 2026,1784598868,0,0.25
Tue Jul 21 01:54:42 UTC 2026,1784598882,0,0.05
Tue Jul 21 01:56:16 UTC 2026,1784598976,0,0.24
Tue Jul 21 01:57:05 UTC 2026,1784599025,0,0.01
Tue Jul 21 01:57:29 UTC 2026,1784599049,0,0.08
Tue Jul 21 01:58:51 UTC 2026,1784599131,0,0.23
Tue Jul 21 01:59:53 UTC 2026,1784599193,0,-0.03
Tue Jul 21 02:00:17 UTC 2026,1784599217,0,0.31
Tue Jul 21 02:00:53 UTC 2026,1784599253,0,0.0
Tue Jul 21 02:01:38 UTC 2026,1784599298,0,0.22
Tue Jul 21 02:02:33 UTC 2026,1784599353,0,0.14
Tue Jul 21 02:02:50 UTC 2026,1784599370,0,0.29
Tue Jul 21 02:04:43 UTC 2026,1784599483,0,0.04
Tue Jul 21 02:04:48 UTC 2026,1784599488,0,0.26
Tue Jul 21 02:06:10 UTC 2026,1784599570,0,0.24
Tue Jul 21 02:07:09 UTC 2026,1784599629,0,0.06
Tue Jul 21 02:07:31 UTC 2026,1784599651,0,0.1
Tue Jul 21 02:08:52 UTC 2026,1784599732,0,0.27
Tue Jul 21 02:09:15 UTC 2026,1784599755,0,0.28
Tue Jul 21 02:09:47 UTC 2026,1784599787,0,0.12
Tue Jul 21 02:11:04 UTC 2026,1784599864,0,0.13
Tue Jul 21 02:11:19 UTC 2026,1784599879,0,0.24
Tue Jul 21 02:13:11 UTC 2026,1784599991,0,0.11
Tue Jul 21 02:13:39 UTC 2026,1784600019,0,0.26
Tue Jul 21 02:14:28 UTC 2026,1784600068,0,0.01
Tue Jul 21 02:15:28 UTC 2026,1784600128,0,0.26
Tue Jul 21 02:15:41 UTC 2026,1784600141,0,0.08
Tue Jul 21 02:15:45 UTC 2026,1784600145,0,0.24
Tue Jul 21 02:18:16 UTC 2026,1784600296,0,0.27
Tue Jul 21 02:18:42 UTC 2026,1784600322,0,0.04
Tue Jul 21 02:19:54 UTC 2026,1784600394,0,0.24
Tue Jul 21 02:20:26 UTC 2026,1784600426,0,0.01
Tue Jul 21 02:20:48 UTC 2026,1784600448,0,0.0
Tue Jul 21 02:21:25 UTC 2026,1784600485,0,0.31
Tue Jul 21 02:23:06 UTC 2026,1784600586,0,0.24
Tue Jul 21 02:23:14 UTC 2026,1784600594,0,0.08
Tue Jul 21 02:24:13 UTC 2026,1784600653,0,0.03
Tue Jul 21 02:24:21 UTC 2026,1784600661,0,0.23
Tue Jul 21 02:26:47 UTC 2026,1784600807,0,0.06
Tue Jul 21 02:27:01 UTC 2026,1784600821,0,0.25
Tue Jul 21 02:28:00 UTC 2026,1784600880,0,0.09
Tue Jul 21 02:28:09 UTC 2026,1784600889,0,0.24
Tue Jul 21 02:29:30 UTC 2026,1784600970,0,0.21
Tue Jul 21 02:29:39 UTC 2026,1784600979,0,0.07
Tue Jul 21 02:30:33 UTC 2026,1784601033,0,0.19
Tue Jul 21 02:31:05 UTC 2026,1784601065,0,0.04
Tue Jul 21 02:32:39 UTC 2026,1784601159,0,-0.14
Tue Jul 21 02:33:08 UTC 2026,1784601188,0,0.22
Tue Jul 21 02:33:49 UTC 2026,1784601229,0,0.21
Tue Jul 21 02:35:01 UTC 2026,1784601301,0,0.07
Tue Jul 21 02:36:04 UTC 2026,1784601364,0,0.31
Tue Jul 21 02:36:27 UTC 2026,1784601387,0,-0.03
Tue Jul 21 02:38:02 UTC 2026,1784601482,0,-0.16
Tue Jul 21 02:38:39 UTC 2026,1784601519,0,0.22
Tue Jul 21 02:38:43 UTC 2026,1784601523,0,0.24
Tue Jul 21 02:39:37 UTC 2026,1784601577,0,0.07
Tue Jul 21 02:41:40 UTC 2026,1784601700,0,0.09
Tue Jul 21 02:41:50 UTC 2026,1784601710,0,0.21
Tue Jul 21 02:42:57 UTC 2026,1784601777,0,-0.07
Tue Jul 21 02:43:32 UTC 2026,1784601812,0,0.3
Tue Jul 21 02:43:46 UTC 2026,1784601826,0,0.28
Tue Jul 21 02:43:52 UTC 2026,1784601832,0,-0.19
Tue Jul 21 02:46:03 UTC 2026,1784601963,0,-0.06
Tue Jul 21 02:46:21 UTC 2026,1784601981,0,0.19
Tue Jul 21 02:47:06 UTC 2026,1784602026,0,-0.04
Tue Jul 21 02:48:15 UTC 2026,1784602095,0,0.25
Tue Jul 21 02:48:41 UTC 2026,1784602121,0,-0.07
Tue Jul 21 02:48:47 UTC 2026,1784602127,0,0.24
Tue Jul 21 02:50:22 UTC 2026,1784602222,0,0.2
Tue Jul 21 02:51:24 UTC 2026,1784602284,0,0.01
Tue Jul 21 02:52:42 UTC 2026,1784602362,0,0.28
Tue Jul 21 02:53:18 UTC 2026,1784602398,0,0.01
Tue Jul 21 02:54:39 UTC 2026,1784602479,0,0.21
Tue Jul 21 02:55:43 UTC 2026,1784602543,0,0.24
Tue Jul 21 02:56:46 UTC 2026,1784602606,0,0.05
Tue Jul 21 02:57:36 UTC 2026,1784602656,0,0.27
Tue Jul 21 02:58:12 UTC 2026,1784602692,0,-0.14
Tue Jul 21 02:58:35 UTC 2026,1784602715,0,0.2
Tue Jul 21 02:59:47 UTC 2026,1784602787,0,-0.15
Tue Jul 21 03:00:15 UTC 2026,1784602815,0,-0.09
Tue Jul 21 03:00:38 UTC 2026,1784602838,0,0.27
Tue Jul 21 03:02:22 UTC 2026,1784602942,0,0.18
Tue Jul 21 03:02:58 UTC 2026,1784602978,0,-0.03
Tue Jul 21 03:04:29 UTC 2026,1784603069,0,0.25
Tue Jul 21 03:04:43 UTC 2026,1784603083,0,-0.1
Tue Jul 21 03:05:18 UTC 2026,1784603118,0,0.25
Tue Jul 21 03:06:04 UTC 2026,1784603164,0,0.01
Tue Jul 21 03:06:45 UTC 2026,1784603205,0,0.17
Tue Jul 21 03:07:07 UTC 2026,1784603227,0,-0.07
Tue Jul 21 03:08:33 UTC 2026,1784603313,0,0.17
Tue Jul 21 03:09:46 UTC 2026,1784603386,0,-0.18
Tue Jul 21 03:10:59 UTC 2026,1784603459,0,0.26
Tue Jul 21 03:11:40 UTC 2026,1784603500,0,-0.09
Tue Jul 21 03:11:44 UTC 2026,1784603504,0,0.4
Tue Jul 21 03:12:07 UTC 2026,1784603527,0,-0.16
Tue Jul 21 03:13:32 UTC 2026,1784603612,0,0.17
Tue Jul 21 03:14:23 UTC 2026,1784603663,0,0.07
Tue Jul 21 03:15:17 UTC 2026,1784603717,0,-0.06
Tue Jul 21 03:16:03 UTC 2026,1784603763,0,0.25
Tue Jul 21 03:17:19 UTC 2026,1784603839,0,-0.13
Tue Jul 21 03:17:24 UTC 2026,1784603844,0,0.25
Tue Jul 21 03:18:18 UTC 2026,1784603898,0,-0.05
Tue Jul 21 03:19:36 UTC 2026,1784603976,0,0.2
Tue Jul 21 03:20:30 UTC 2026,1784604030,0,0.15
Tue Jul 21 03:20:40 UTC 2026,1784604040,0,0.03
Tue Jul 21 03:21:55 UTC 2026,1784604115,0,0.22
Tue Jul 21 03:24:39 UTC 2026,1784604279,0,-0.05
Tue Jul 21 03:24:43 UTC 2026,1784604283,0,0.23
Tue Jul 21 03:25:34 UTC 2026,1784604334,0,-0.09
Tue Jul 21 03:26:28 UTC 2026,1784604388,0,0.42
Tue Jul 21 03:26:37 UTC 2026,1784604397,0,0.06
Tue Jul 21 03:26:46 UTC 2026,1784604406,0,0.25
Tue Jul 21 03:28:26 UTC 2026,1784604506,0,0.04
Tue Jul 21 03:28:58 UTC 2026,1784604538,0,0.25
Tue Jul 21 03:30:14 UTC 2026,1784604614,0,0.2
Tue Jul 21 03:30:20 UTC 2026,1784604620,0,0.09
Tue Jul 21 03:31:46 UTC 2026,1784604706,0,0.06
Tue Jul 21 03:32:27 UTC 2026,1784604747,0,0.17
Tue Jul 21 03:33:25 UTC 2026,1784604805,0,0.21
Tue Jul 21 03:33:38 UTC 2026,1784604818,0,0.02
Tue Jul 21 03:35:23 UTC 2026,1784604923,0,0.17
Tue Jul 21 03:35:28 UTC 2026,1784604928,0,0.05
Tue Jul 21 03:37:03 UTC 2026,1784605023,0,0.15
Tue Jul 21 03:37:47 UTC 2026,1784605067,0,0.07
Tue Jul 21 03:38:20 UTC 2026,1784605100,0,0.09
Tue Jul 21 03:38:29 UTC 2026,1784605109,0,0.16
Tue Jul 21 03:39:55 UTC 2026,1784605195,0,0.21
Tue Jul 21 03:39:59 UTC 2026,1784605199,0,0.02
Tue Jul 21 03:42:01 UTC 2026,1784605321,0,0.03
Tue Jul 21 03:42:34 UTC 2026,1784605354,0,0.26
Tue Jul 21 03:43:23 UTC 2026,1784605403,0,-0.03
Tue Jul 21 03:44:14 UTC 2026,1784605454,0,0.16
Tue Jul 21 03:45:03 UTC 2026,1784605503,0,0.19
Tue Jul 21 03:46:02 UTC 2026,1784605562,0,0.04
Tue Jul 21 03:46:48 UTC 2026,1784605608,0,0.05
Tue Jul 21 03:47:19 UTC 2026,1784605639,0,0.2
Tue Jul 21 03:48:00 UTC 2026,1784605680,0,0.16
Tue Jul 21 03:48:04 UTC 2026,1784605684,0,0.07
Tue Jul 21 03:50:44 UTC 2026,1784605844,0,0.05
Tue Jul 21 03:50:52 UTC 2026,1784605852,0,0.18
Tue Jul 21 03:51:52 UTC 2026,1784605912,0,0.01
Tue Jul 21 03:52:46 UTC 2026,1784605966,0,0.2
Tue Jul 21 03:53:13 UTC 2026,1784605993,0,-0.01
Tue Jul 21 03:53:17 UTC 2026,1784605997,0,0.29
Tue Jul 21 03:54:40 UTC 2026,1784606080,0,0.02
Tue Jul 21 03:54:53 UTC 2026,1784606093,0,0.16
Tue Jul 21 03:57:17 UTC 2026,1784606237,0,0.01
Tue Jul 21 03:57:22 UTC 2026,1784606242,0,0.16
Tue Jul 21 03:58:35 UTC 2026,1784606315,0,0.18
Tue Jul 21 03:59:30 UTC 2026,1784606370,0,-0.03
Tue Jul 21 04:00:14 UTC 2026,1784606414,0,0.0
Tue Jul 21 04:00:32 UTC 2026,1784606432,0,0.25
Tue Jul 21 04:02:26 UTC 2026,1784606546,0,0.23
Tue Jul 21 04:02:31 UTC 2026,1784606551,0,0.01
Tue Jul 21 04:03:06 UTC 2026,1784606586,0,0.08
Tue Jul 21 04:04:19 UTC 2026,1784606659,0,-0.17
Tue Jul 21 04:04:37 UTC 2026,1784606677,0,-0.03
Tue Jul 21 04:05:23 UTC 2026,1784606723,0,-0.26
Tue Jul 21 04:06:27 UTC 2026,1784606787,0,-0.21
Tue Jul 21 04:06:35 UTC 2026,1784606795,0,0.1
Tue Jul 21 04:07:48 UTC 2026,1784606868,0,0.15
Tue Jul 21 04:09:23 UTC 2026,1784606963,0,-0.04
Tue Jul 21 04:09:28 UTC 2026,1784606968,0,0.13
Tue Jul 21 04:10:09 UTC 2026,1784607009,0,-0.22
Tue Jul 21 04:11:39 UTC 2026,1784607099,0,0.13
Tue Jul 21 04:12:19 UTC 2026,1784607139,0,-0.22
Tue Jul 21 04:13:10 UTC 2026,1784607190,0,-0.1
Tue Jul 21 04:13:59 UTC 2026,1784607239,0,0.16
Tue Jul 21 04:15:07 UTC 2026,1784607307,0,0.25
Tue Jul 21 04:15:26 UTC 2026,1784607326,0,0.04
Tue Jul 21 04:16:07 UTC 2026,1784607367,0,0.23
Tue Jul 21 04:16:57 UTC 2026,1784607417,0,-0.2
Tue Jul 21 04:18:00 UTC 2026,1784607480,0,-0.08
Tue Jul 21 04:18:45 UTC 2026,1784607525,0,0.23
Tue Jul 21 04:19:30 UTC 2026,1784607570,0,-0.09
Tue Jul 21 04:20:34 UTC 2026,1784607634,0,0.17
Tue Jul 21 04:21:02 UTC 2026,1784607662,0,0.08
Tue Jul 21 04:21:47 UTC 2026,1784607707,0,-0.07
Tue Jul 21 04:22:45 UTC 2026,1784607765,0,-0.09
Tue Jul 21 04:22:58 UTC 2026,1784607778,0,0.08
Tue Jul 21 04:24:19 UTC 2026,1784607859,0,-0.08
Tue Jul 21 04:25:29 UTC 2026,1784607929,0,0.15
Tue Jul 21 04:26:32 UTC 2026,1784607992,0,-0.14
Tue Jul 21 04:27:26 UTC 2026,1784608046,0,0.03
Tue Jul 21 04:27:44 UTC 2026,1784608064,0,-0.07
Tue Jul 21 04:28:40 UTC 2026,1784608120,0,0.18
Tue Jul 21 04:30:46 UTC 2026,1784608246,0,0.02
Tue Jul 21 04:31:53 UTC 2026,1784608313,0,0.06
Tue Jul 21 04:32:08 UTC 2026,1784608328,0,0.18
Tue Jul 21 04:33:38 UTC 2026,1784608418,0,0.06
Tue Jul 21 04:33:43 UTC 2026,1784608423,0,0.21
Tue Jul 21 04:34:28 UTC 2026,1784608468,0,0.17
Tue Jul 21 04:34:32 UTC 2026,1784608472,0,0.06
Tue Jul 21 04:37:16 UTC 2026,1784608636,0,-0.08
Tue Jul 21 04:37:29 UTC 2026,1784608649,0,0.31
Tue Jul 21 04:38:20 UTC 2026,1784608700,0,-0.08
Tue Jul 21 04:38:37 UTC 2026,1784608717,0,0.24
Tue Jul 21 04:39:09 UTC 2026,1784608749,0,0.28
Tue Jul 21 04:40:08 UTC 2026,1784608808,0,-0.05
Tue Jul 21 04:41:34 UTC 2026,1784608894,0,0.2
Tue Jul 21 04:41:49 UTC 2026,1784608909,0,-0.12
Tue Jul 21 04:43:18 UTC 2026,1784608998,0,0.21
Tue Jul 21 04:43:23 UTC 2026,1784609003,0,-0.07
Tue Jul 21 04:44:36 UTC 2026,1784609076,0,0.26
Tue Jul 21 04:45:21 UTC 2026,1784609121,0,-0.02
Tue Jul 21 04:46:02 UTC 2026,1784609162,0,0.19
Tue Jul 21 04:46:56 UTC 2026,1784609216,0,-0.05
Tue Jul 21 04:47:32 UTC 2026,1784609252,0,0.15
Tue Jul 21 04:48:40 UTC 2026,1784609320,0,-0.11
Tue Jul 21 04:49:48 UTC 2026,1784609388,0,-0.16
Tue Jul 21 04:50:11 UTC 2026,1784609411,0,0.21
Tue Jul 21 04:52:00 UTC 2026,1784609520,0,0.15
Tue Jul 21 04:52:04 UTC 2026,1784609524,0,-0.16
Tue Jul 21 04:52:32 UTC 2026,1784609552,0,0.18
Tue Jul 21 04:53:26 UTC 2026,1784609606,0,-0.51
Tue Jul 21 04:54:34 UTC 2026,1784609674,0,0.11
Tue Jul 21 04:55:29 UTC 2026,1784609729,0,-0.57
Tue Jul 21 04:55:43 UTC 2026,1784609743,0,-0.46
Tue Jul 21 04:56:18 UTC 2026,1784609778,0,-0.93
Tue Jul 21 04:57:45 UTC 2026,1784609865,0,-0.55
Tue Jul 21 04:58:47 UTC 2026,1784609927,0,-1.17
Tue Jul 21 04:59:29 UTC 2026,1784609969,0,-0.71
Tue Jul 21 05:00:14 UTC 2026,1784610014,0,-1.11
Tue Jul 21 05:01:27 UTC 2026,1784610087,0,-1.34
Tue Jul 21 05:01:58 UTC 2026,1784610118,0,-0.8
Tue Jul 21 05:02:25 UTC 2026,1784610145,0,-0.78
Tue Jul 21 05:03:42 UTC 2026,1784610222,0,-0.26
Tue Jul 21 05:03:56 UTC 2026,1784610236,0,-0.4
Tue Jul 21 05:05:27 UTC 2026,1784610327,0,-0.04
Tue Jul 21 05:05:44 UTC 2026,1784610344,0,-0.27
Tue Jul 21 05:06:48 UTC 2026,1784610408,0,0.12
Tue Jul 21 05:07:48 UTC 2026,1784610468,0,0.24
Tue Jul 21 05:08:24 UTC 2026,1784610504,0,-0.08
Tue Jul 21 05:08:56 UTC 2026,1784610536,0,0.01
Tue Jul 21 05:09:18 UTC 2026,1784610558,0,0.43
Tue Jul 21 05:11:16 UTC 2026,1784610676,0,0.22
Tue Jul 21 05:11:40 UTC 2026,1784610700,0,-0.22
Tue Jul 21 05:12:10 UTC 2026,1784610730,0,0.08
Tue Jul 21 05:13:22 UTC 2026,1784610802,0,-0.49
Tue Jul 21 05:14:03 UTC 2026,1784610843,0,-0.37
Tue Jul 21 05:14:12 UTC 2026,1784610852,0,0.01
Tue Jul 21 05:15:30 UTC 2026,1784610930,0,-0.18
Tue Jul 21 05:17:04 UTC 2026,1784611024,0,-0.64
Tue Jul 21 05:17:37 UTC 2026,1784611057,0,-0.46
Tue Jul 21 05:18:41 UTC 2026,1784611121,0,-1.41
Tue Jul 21 05:18:45 UTC 2026,1784611125,0,-1.54
Tue Jul 21 05:20:15 UTC 2026,1784611215,0,-3.69
Tue Jul 21 05:20:24 UTC 2026,1784611224,0,-3.65
Tue Jul 21 05:21:13 UTC 2026,1784611273,0,-4.69
Tue Jul 21 05:22:04 UTC 2026,1784611324,0,-4.08
Tue Jul 21 05:23:26 UTC 2026,1784611406,0,-5.98
Tue Jul 21 05:23:44 UTC 2026,1784611424,0,-5.89
Tue Jul 21 05:24:29 UTC 2026,1784611469,0,-7.07
Tue Jul 21 05:25:23 UTC 2026,1784611523,0,-5.77
Tue Jul 21 05:26:59 UTC 2026,1784611619,0,-3.91
Tue Jul 21 05:27:03 UTC 2026,1784611623,0,-4.01
Tue Jul 21 05:28:38 UTC 2026,1784611718,0,-1.62
Tue Jul 21 05:28:43 UTC 2026,1784611723,0,-1.78
Tue Jul 21 05:30:09 UTC 2026,1784611809,0,-0.69
Tue Jul 21 05:30:18 UTC 2026,1784611818,0,-0.73
Tue Jul 21 05:31:53 UTC 2026,1784611913,0,-0.22
Tue Jul 21 05:32:06 UTC 2026,1784611926,0,-0.35
Tue Jul 21 05:33:10 UTC 2026,1784611990,0,0.11
Tue Jul 21 05:34:23 UTC 2026,1784612063,0,-0.14
Tue Jul 21 05:34:27 UTC 2026,1784612067,0,0.11
Tue Jul 21 05:35:18 UTC 2026,1784612118,0,-0.02
Tue Jul 21 05:35:40 UTC 2026,1784612140,0,0.25
Tue Jul 21 05:37:33 UTC 2026,1784612253,0,0.16
Tue Jul 21 05:38:19 UTC 2026,1784612299,0,-0.04
Tue Jul 21 05:38:36 UTC 2026,1784612316,0,0.15
Tue Jul 21 05:39:13 UTC 2026,1784612353,0,0.01
Tue Jul 21 05:41:15 UTC 2026,1784612475,0,-0.04
Tue Jul 21 05:41:19 UTC 2026,1784612479,0,0.14
Tue Jul 21 05:42:51 UTC 2026,1784612571,0,0.12
Tue Jul 21 05:43:18 UTC 2026,1784612598,0,-0.04
Tue Jul 21 05:45:07 UTC 2026,1784612707,0,0.22
Tue Jul 21 05:45:47 UTC 2026,1784612747,0,-0.03
Tue Jul 21 05:46:41 UTC 2026,1784612801,0,0.23
Tue Jul 21 05:47:31 UTC 2026,1784612851,0,0.03
Tue Jul 21 05:47:35 UTC 2026,1784612855,0,0.21
Tue Jul 21 05:48:52 UTC 2026,1784612932,0,0.18
Tue Jul 21 05:49:11 UTC 2026,1784612951,0,-0.04
Tue Jul 21 05:50:23 UTC 2026,1784613023,0,0.09
Tue Jul 21 05:50:29 UTC 2026,1784613029,0,0.22
Tue Jul 21 05:52:35 UTC 2026,1784613155,0,0.08
Tue Jul 21 05:52:53 UTC 2026,1784613173,0,0.35
Tue Jul 21 05:54:06 UTC 2026,1784613246,0,0.12
Tue Jul 21 05:54:29 UTC 2026,1784613269,0,0.28
Tue Jul 21 05:55:05 UTC 2026,1784613305,0,0.13
Tue Jul 21 05:55:19 UTC 2026,1784613319,0,0.3
Tue Jul 21 05:57:20 UTC 2026,1784613440,0,0.15
Tue Jul 21 05:57:48 UTC 2026,1784613468,0,0.29
Tue Jul 21 05:58:25 UTC 2026,1784613505,0,0.15
Tue Jul 21 05:59:01 UTC 2026,1784613541,0,0.3
Tue Jul 21 06:00:40 UTC 2026,1784613640,0,0.38
Tue Jul 21 06:00:55 UTC 2026,1784613655,0,0.02
Tue Jul 21 06:01:44 UTC 2026,1784613704,0,0.11
Tue Jul 21 06:02:34 UTC 2026,1784613754,0,0.33
Tue Jul 21 06:03:51 UTC 2026,1784613831,0,0.15
Tue Jul 21 06:04:18 UTC 2026,1784613858,0,0.27
Tue Jul 21 06:05:45 UTC 2026,1784613945,0,0.14
Tue Jul 21 06:06:15 UTC 2026,1784613975,0,0.35
Tue Jul 21 06:07:14 UTC 2026,1784614034,0,0.03
Tue Jul 21 06:07:28 UTC 2026,1784614048,0,0.28
Tue Jul 21 06:08:17 UTC 2026,1784614097,0,0.29
Tue Jul 21 06:08:59 UTC 2026,1784614139,0,0.12
Tue Jul 21 06:10:56 UTC 2026,1784614256,0,0.33
Tue Jul 21 06:12:09 UTC 2026,1784614329,0,0.15
Tue Jul 21 06:13:03 UTC 2026,1784614383,0,0.36
Tue Jul 21 06:14:12 UTC 2026,1784614452,0,0.33
Tue Jul 21 06:14:17 UTC 2026,1784614457,0,0.12
Tue Jul 21 06:14:57 UTC 2026,1784614497,0,0.38
Tue Jul 21 06:15:33 UTC 2026,1784614533,0,0.18
Tue Jul 21 06:16:45 UTC 2026,1784614605,0,0.2
Tue Jul 21 06:17:22 UTC 2026,1784614642,0,0.36
Tue Jul 21 06:18:12 UTC 2026,1784614692,0,0.18
Tue Jul 21 06:18:26 UTC 2026,1784614706,0,0.35
Tue Jul 21 06:20:50 UTC 2026,1784614850,0,0.15
Tue Jul 21 06:21:14 UTC 2026,1784614874,0,0.32
Tue Jul 21 06:21:58 UTC 2026,1784614918,0,0.16
Tue Jul 21 06:22:43 UTC 2026,1784614963,0,0.3
Tue Jul 21 06:23:07 UTC 2026,1784614987,0,0.36
Tue Jul 21 06:24:37 UTC 2026,1784615077,0,0.17
Tue Jul 21 06:24:51 UTC 2026,1784615091,0,0.31
Tue Jul 21 06:26:04 UTC 2026,1784615164,0,0.15
Tue Jul 21 06:26:31 UTC 2026,1784615191,0,0.2
Tue Jul 21 06:27:33 UTC 2026,1784615253,0,0.3
Tue Jul 21 06:28:38 UTC 2026,1784615318,0,0.29
Tue Jul 21 06:29:09 UTC 2026,1784615349,0,0.17
Tue Jul 21 06:29:54 UTC 2026,1784615394,0,0.18
Tue Jul 21 06:30:35 UTC 2026,1784615435,0,0.3
Tue Jul 21 06:32:01 UTC 2026,1784615521,0,0.16
Tue Jul 21 06:34:03 UTC 2026,1784615643,0,0.31
Tue Jul 21 06:34:30 UTC 2026,1784615670,0,0.16
Tue Jul 21 06:35:03 UTC 2026,1784615703,0,0.13
Tue Jul 21 06:35:20 UTC 2026,1784615720,0,0.32
Tue Jul 21 06:36:57 UTC 2026,1784615817,0,0.35
Tue Jul 21 06:37:23 UTC 2026,1784615843,0,0.17
Tue Jul 21 06:38:12 UTC 2026,1784615892,0,0.26
Tue Jul 21 06:39:12 UTC 2026,1784615952,0,0.12
Tue Jul 21 06:40:29 UTC 2026,1784616029,0,0.32
Tue Jul 21 06:41:14 UTC 2026,1784616074,0,0.15
Tue Jul 21 06:41:19 UTC 2026,1784616079,0,0.16
Tue Jul 21 06:42:17 UTC 2026,1784616137,0,0.34
Tue Jul 21 06:43:58 UTC 2026,1784616238,0,0.27
Tue Jul 21 06:44:11 UTC 2026,1784616251,0,0.12
Tue Jul 21 06:44:38 UTC 2026,1784616278,0,0.19
Tue Jul 21 06:44:52 UTC 2026,1784616292,0,0.32
Tue Jul 21 06:46:36 UTC 2026,1784616396,0,0.28
Tue Jul 21 06:46:44 UTC 2026,1784616404,0,0.18
Tue Jul 21 06:48:20 UTC 2026,1784616500,0,0.16
Tue Jul 21 06:48:29 UTC 2026,1784616509,0,0.31
Tue Jul 21 06:49:38 UTC 2026,1784616578,0,0.18
Tue Jul 21 06:50:09 UTC 2026,1784616609,0,0.28
Tue Jul 21 06:52:34 UTC 2026,1784616754,0,0.18
Tue Jul 21 06:52:47 UTC 2026,1784616767,0,0.3
Tue Jul 21 06:53:15 UTC 2026,1784616795,0,0.28
Tue Jul 21 06:53:28 UTC 2026,1784616808,0,0.19
Tue Jul 21 06:55:04 UTC 2026,1784616904,0,0.16
Tue Jul 21 06:55:45 UTC 2026,1784616945,0,0.32
Tue Jul 21 06:56:21 UTC 2026,1784616981,0,0.34
Tue Jul 21 06:56:30 UTC 2026,1784616990,0,0.15
Tue Jul 21 06:58:04 UTC 2026,1784617084,0,0.35
Tue Jul 21 06:58:28 UTC 2026,1784617108,0,0.14
Tue Jul 21 06:59:50 UTC 2026,1784617190,0,0.09
Tue Jul 21 07:00:31 UTC 2026,1784617231,0,0.34
Tue Jul 21 07:02:05 UTC 2026,1784617325,0,0.28
Tue Jul 21 07:02:09 UTC 2026,1784617329,0,0.06
Tue Jul 21 07:02:51 UTC 2026,1784617371,0,0.15
Tue Jul 21 07:03:45 UTC 2026,1784617425,0,0.31
Tue Jul 21 07:04:44 UTC 2026,1784617484,0,0.32
Tue Jul 21 07:05:24 UTC 2026,1784617524,0,0.18
Tue Jul 21 07:06:14 UTC 2026,1784617574,0,0.34
Tue Jul 21 07:07:08 UTC 2026,1784617628,0,0.13
Tue Jul 21 07:07:54 UTC 2026,1784617674,0,0.33
Tue Jul 21 07:08:49 UTC 2026,1784617729,0,0.2
Tue Jul 21 07:09:56 UTC 2026,1784617796,0,0.14
Tue Jul 21 07:10:04 UTC 2026,1784617804,0,0.36
Tue Jul 21 07:11:00 UTC 2026,1784617860,0,0.31
Tue Jul 21 07:11:18 UTC 2026,1784617878,0,0.17
Tue Jul 21 07:12:39 UTC 2026,1784617959,0,0.18
Tue Jul 21 07:13:02 UTC 2026,1784617982,0,0.31
Tue Jul 21 07:15:27 UTC 2026,1784618127,0,0.14
Tue Jul 21 07:15:41 UTC 2026,1784618141,0,0.29
Tue Jul 21 07:17:12 UTC 2026,1784618232,0,0.28
Tue Jul 21 07:17:29 UTC 2026,1784618249,0,0.15
Tue Jul 21 07:17:38 UTC 2026,1784618258,0,0.32
Tue Jul 21 07:19:09 UTC 2026,1784618349,0,0.16
Tue Jul 21 07:19:28 UTC 2026,1784618368,0,0.15
Tue Jul 21 07:20:36 UTC 2026,1784618436,0,0.28
Tue Jul 21 07:21:25 UTC 2026,1784618485,0,0.31
Tue Jul 21 07:22:07 UTC 2026,1784618527,0,0.18
Tue Jul 21 07:22:48 UTC 2026,1784618568,0,0.28
Tue Jul 21 07:23:05 UTC 2026,1784618585,0,0.16
Tue Jul 21 07:24:54 UTC 2026,1784618694,0,0.29
Tue Jul 21 07:24:59 UTC 2026,1784618699,0,0.14
Tue Jul 21 07:27:06 UTC 2026,1784618826,0,0.17
Tue Jul 21 07:27:14 UTC 2026,1784618834,0,0.35
Tue Jul 21 07:27:33 UTC 2026,1784618853,0,0.3
Tue Jul 21 07:27:42 UTC 2026,1784618862,0,0.17
Tue Jul 21 07:29:12 UTC 2026,1784618952,0,0.32
Tue Jul 21 07:29:35 UTC 2026,1784618975,0,0.14
Tue Jul 21 07:30:48 UTC 2026,1784619048,0,0.31
Tue Jul 21 07:31:02 UTC 2026,1784619062,0,0.15
Tue Jul 21 07:32:45 UTC 2026,1784619165,0,0.31
Tue Jul 21 07:33:23 UTC 2026,1784619203,0,0.18
Tue Jul 21 07:34:21 UTC 2026,1784619261,0,0.3
Tue Jul 21 07:34:52 UTC 2026,1784619292,0,0.14
Tue Jul 21 07:35:46 UTC 2026,1784619346,0,0.3
Tue Jul 21 07:36:00 UTC 2026,1784619360,0,0.08
Tue Jul 21 07:38:12 UTC 2026,1784619492,0,0.11
Tue Jul 21 07:38:48 UTC 2026,1784619528,0,0.28
Tue Jul 21 07:40:10 UTC 2026,1784619610,0,0.14
Tue Jul 21 07:41:09 UTC 2026,1784619669,0,0.11
Tue Jul 21 07:41:14 UTC 2026,1784619674,0,0.32
Tue Jul 21 07:42:22 UTC 2026,1784619742,0,0.14
Tue Jul 21 07:43:20 UTC 2026,1784619800,0,0.26
Tue Jul 21 07:44:01 UTC 2026,1784619841,0,0.32
Tue Jul 21 07:44:24 UTC 2026,1784619864,0,0.17
Tue Jul 21 07:46:44 UTC 2026,1784620004,0,0.14
Tue Jul 21 07:47:12 UTC 2026,1784620032,0,0.3
Tue Jul 21 07:47:29 UTC 2026,1784620049,0,0.29
Tue Jul 21 07:48:37 UTC 2026,1784620117,0,0.18
Tue Jul 21 07:49:19 UTC 2026,1784620159,0,0.32
Tue Jul 21 07:49:27 UTC 2026,1784620167,0,0.11
Tue Jul 21 07:51:25 UTC 2026,1784620285,0,0.14
Tue Jul 21 07:52:01 UTC 2026,1784620321,0,0.3
Tue Jul 21 07:52:55 UTC 2026,1784620375,0,0.13
Tue Jul 21 07:53:14 UTC 2026,1784620394,0,0.3
Tue Jul 21 07:53:55 UTC 2026,1784620435,0,0.11
Tue Jul 21 07:55:02 UTC 2026,1784620502,0,0.32
Tue Jul 21 07:56:01 UTC 2026,1784620561,0,0.07
Tue Jul 21 07:56:43 UTC 2026,1784620603,0,0.3
Tue Jul 21 07:57:14 UTC 2026,1784620634,0,0.16
Tue Jul 21 07:57:28 UTC 2026,1784620648,0,0.32
Tue Jul 21 07:59:03 UTC 2026,1784620743,0,0.16
Tue Jul 21 07:59:12 UTC 2026,1784620752,0,0.28
Tue Jul 21 08:00:29 UTC 2026,1784620829,0,0.32
Tue Jul 21 08:01:19 UTC 2026,1784620879,0,0.16
Tue Jul 21 08:02:18 UTC 2026,1784620938,0,0.33
Tue Jul 21 08:02:59 UTC 2026,1784620979,0,0.14
Tue Jul 21 08:04:29 UTC 2026,1784621069,0,0.31
Tue Jul 21 08:05:10 UTC 2026,1784621110,0,0.12
Tue Jul 21 08:06:04 UTC 2026,1784621164,0,0.33
Tue Jul 21 08:06:13 UTC 2026,1784621173,0,0.16
Tue Jul 21 08:07:30 UTC 2026,1784621250,0,0.18
Tue Jul 21 08:08:03 UTC 2026,1784621283,0,0.32
Tue Jul 21 08:08:57 UTC 2026,1784621337,0,0.19
Tue Jul 21 08:10:09 UTC 2026,1784621409,0,0.3
Tue Jul 21 08:11:53 UTC 2026,1784621513,0,0.14
Tue Jul 21 08:12:07 UTC 2026,1784621527,0,0.32
Tue Jul 21 08:12:34 UTC 2026,1784621554,0,0.16
Tue Jul 21 08:14:01 UTC 2026,1784621641,0,0.13
Tue Jul 21 08:14:05 UTC 2026,1784621645,0,0.27
Tue Jul 21 08:15:58 UTC 2026,1784621758,0,0.32
Tue Jul 21 08:16:16 UTC 2026,1784621776,0,0.2
Tue Jul 21 08:17:30 UTC 2026,1784621850,0,0.17
Tue Jul 21 08:18:04 UTC 2026,1784621884,0,0.3
Tue Jul 21 08:18:41 UTC 2026,1784621921,0,0.29
Tue Jul 21 08:18:59 UTC 2026,1784621939,0,0.17
Tue Jul 21 08:21:39 UTC 2026,1784622099,0,0.15
Tue Jul 21 08:21:47 UTC 2026,1784622107,0,0.28
Tue Jul 21 08:22:13 UTC 2026,1784622133,0,0.17
Tue Jul 21 08:22:32 UTC 2026,1784622152,0,0.3
Tue Jul 21 08:24:26 UTC 2026,1784622266,0,0.29
Tue Jul 21 08:24:48 UTC 2026,1784622288,0,0.15
Tue Jul 21 08:25:15 UTC 2026,1784622315,0,0.12
Tue Jul 21 08:26:05 UTC 2026,1784622365,0,0.29
Tue Jul 21 08:27:18 UTC 2026,1784622438,0,0.3
Tue Jul 21 08:27:36 UTC 2026,1784622456,0,0.15
Tue Jul 21 08:28:57 UTC 2026,1784622537,0,0.28
Tue Jul 21 08:29:20 UTC 2026,1784622560,0,0.16
Tue Jul 21 08:30:10 UTC 2026,1784622610,0,0.15
Tue Jul 21 08:30:23 UTC 2026,1784622623,0,0.28
Tue Jul 21 08:32:17 UTC 2026,1784622737,0,0.26
Tue Jul 21 08:32:49 UTC 2026,1784622769,0,0.11
Tue Jul 21 08:34:15 UTC 2026,1784622855,0,0.14
Tue Jul 21 08:34:41 UTC 2026,1784622881,0,0.28
Tue Jul 21 08:35:41 UTC 2026,1784622941,0,0.29
Tue Jul 21 08:36:31 UTC 2026,1784622991,0,0.16
Tue Jul 21 08:36:58 UTC 2026,1784623018,0,0.25
Tue Jul 21 08:37:29 UTC 2026,1784623049,0,0.16
Tue Jul 21 08:39:42 UTC 2026,1784623182,0,0.28
Tue Jul 21 08:39:46 UTC 2026,1784623186,0,0.15
Tue Jul 21 08:41:04 UTC 2026,1784623264,0,0.25
Tue Jul 21 08:42:02 UTC 2026,1784623322,0,0.16
Tue Jul 21 08:42:25 UTC 2026,1784623345,0,0.27
Tue Jul 21 08:43:46 UTC 2026,1784623426,0,0.16
Tue Jul 21 08:44:59 UTC 2026,1784623499,0,0.26
Tue Jul 21 08:45:30 UTC 2026,1784623530,0,0.16
Tue Jul 21 08:45:48 UTC 2026,1784623548,0,0.26
Tue Jul 21 08:47:38 UTC 2026,1784623658,0,0.14
Tue Jul 21 08:48:42 UTC 2026,1784623722,0,0.25
Tue Jul 21 08:49:08 UTC 2026,1784623748,0,0.16
Tue Jul 21 08:50:30 UTC 2026,1784623830,0,0.12
Tue Jul 21 08:51:10 UTC 2026,1784623870,0,0.25
Tue Jul 21 08:52:00 UTC 2026,1784623920,0,0.13
Tue Jul 21 08:52:59 UTC 2026,1784623979,0,0.26
Tue Jul 21 08:53:21 UTC 2026,1784624001,0,0.23
Tue Jul 21 08:54:17 UTC 2026,1784624057,0,0.11
Tue Jul 21 08:55:56 UTC 2026,1784624156,0,0.09
Tue Jul 21 08:56:13 UTC 2026,1784624173,0,0.24
Tue Jul 21 08:56:46 UTC 2026,1784624206,0,0.21
Tue Jul 21 08:56:50 UTC 2026,1784624210,0,0.11
Tue Jul 21 08:58:27 UTC 2026,1784624307,0,0.12
Tue Jul 21 08:58:40 UTC 2026,1784624320,0,0.21
Tue Jul 21 09:00:51 UTC 2026,1784624451,0,0.26
Tue Jul 21 09:01:27 UTC 2026,1784624487,0,0.11
Tue Jul 21 09:01:44 UTC 2026,1784624504,0,0.13
Tue Jul 21 09:02:30 UTC 2026,1784624550,0,0.24
Tue Jul 21 09:03:25 UTC 2026,1784624605,0,0.22
Tue Jul 21 09:03:47 UTC 2026,1784624627,0,0.12
Tue Jul 21 09:06:13 UTC 2026,1784624773,0,0.24
Tue Jul 21 09:07:34 UTC 2026,1784624854,0,0.27
Tue Jul 21 09:07:57 UTC 2026,1784624877,0,0.13
Tue Jul 21 09:08:20 UTC 2026,1784624900,0,0.08
Tue Jul 21 09:08:28 UTC 2026,1784624908,0,0.24
Tue Jul 21 09:10:04 UTC 2026,1784625004,0,0.15
Tue Jul 21 09:11:08 UTC 2026,1784625068,0,0.25
Tue Jul 21 09:11:48 UTC 2026,1784625108,0,0.13
Tue Jul 21 09:13:01 UTC 2026,1784625181,0,0.25
Tue Jul 21 09:13:42 UTC 2026,1784625222,0,0.24
Tue Jul 21 09:13:56 UTC 2026,1784625236,0,0.13
Tue Jul 21 09:15:21 UTC 2026,1784625321,0,0.24
Tue Jul 21 09:16:06 UTC 2026,1784625366,0,0.16
Tue Jul 21 09:16:56 UTC 2026,1784625416,0,0.25
Tue Jul 21 09:18:09 UTC 2026,1784625489,0,0.18
Tue Jul 21 09:19:35 UTC 2026,1784625575,0,0.26
Tue Jul 21 09:19:58 UTC 2026,1784625598,0,0.17
Tue Jul 21 09:21:01 UTC 2026,1784625661,0,0.26
Tue Jul 21 09:21:42 UTC 2026,1784625702,0,0.24
Tue Jul 21 09:22:09 UTC 2026,1784625729,0,0.12
Tue Jul 21 09:23:03 UTC 2026,1784625783,0,0.16
Tue Jul 21 09:24:11 UTC 2026,1784625851,0,0.27
Tue Jul 21 09:24:48 UTC 2026,1784625888,0,0.28
Tue Jul 21 09:24:57 UTC 2026,1784625897,0,0.15
Tue Jul 21 09:27:08 UTC 2026,1784626028,0,0.13
Tue Jul 21 09:27:22 UTC 2026,1784626042,0,0.31
Tue Jul 21 09:28:07 UTC 2026,1784626087,0,0.25
Tue Jul 21 09:28:34 UTC 2026,1784626114,0,0.14
Tue Jul 21 09:29:43 UTC 2026,1784626183,0,0.29
Tue Jul 21 09:30:14 UTC 2026,1784626214,0,0.18
Tue Jul 21 09:31:27 UTC 2026,1784626287,0,0.2
Tue Jul 21 09:32:22 UTC 2026,1784626342,0,0.26
Tue Jul 21 09:33:02 UTC 2026,1784626382,0,0.2
Tue Jul 21 09:34:56 UTC 2026,1784626496,0,0.28
Tue Jul 21 09:35:27 UTC 2026,1784626527,0,0.18
Tue Jul 21 09:36:12 UTC 2026,1784626572,0,0.2
Tue Jul 21 09:37:25 UTC 2026,1784626645,0,0.29
Tue Jul 21 09:37:48 UTC 2026,1784626668,0,0.2
Tue Jul 21 09:38:52 UTC 2026,1784626732,0,0.28
Tue Jul 21 09:39:54 UTC 2026,1784626794,0,0.2
Tue Jul 21 09:41:40 UTC 2026,1784626900,0,0.21
Tue Jul 21 09:42:21 UTC 2026,1784626941,0,0.27
Tue Jul 21 09:43:10 UTC 2026,1784626990,0,0.26
Tue Jul 21 09:44:23 UTC 2026,1784627063,0,0.18
Tue Jul 21 09:45:57 UTC 2026,1784627157,0,0.3
Tue Jul 21 09:46:51 UTC 2026,1784627211,0,0.21
Tue Jul 21 09:47:24 UTC 2026,1784627244,0,0.28
Tue Jul 21 09:47:59 UTC 2026,1784627279,0,0.26
Tue Jul 21 09:49:13 UTC 2026,1784627353,0,0.21
Tue Jul 21 09:49:31 UTC 2026,1784627371,0,0.3
Tue Jul 21 09:50:34 UTC 2026,1784627434,0,0.19
Tue Jul 21 09:51:24 UTC 2026,1784627484,0,0.21
Tue Jul 21 09:52:10 UTC 2026,1784627530,0,0.29
Tue Jul 21 09:52:54 UTC 2026,1784627574,0,0.21
Tue Jul 21 09:53:44 UTC 2026,1784627624,0,0.3
Tue Jul 21 09:55:46 UTC 2026,1784627746,0,0.22
Tue Jul 21 09:55:56 UTC 2026,1784627756,0,0.29
Tue Jul 21 09:56:32 UTC 2026,1784627792,0,0.23
Tue Jul 21 09:57:04 UTC 2026,1784627824,0,0.29
Tue Jul 21 09:58:17 UTC 2026,1784627897,0,0.21
Tue Jul 21 09:59:33 UTC 2026,1784627973,0,0.28
Tue Jul 21 10:01:05 UTC 2026,1784628065,0,0.3
Tue Jul 21 10:02:30 UTC 2026,1784628150,0,0.21
Tue Jul 21 10:03:07 UTC 2026,1784628187,0,0.18
Tue Jul 21 10:04:06 UTC 2026,1784628246,0,0.28
Tue Jul 21 10:04:37 UTC 2026,1784628277,0,0.32
Tue Jul 21 10:05:31 UTC 2026,1784628331,0,0.22
Tue Jul 21 10:07:03 UTC 2026,1784628423,0,0.32
Tue Jul 21 10:07:34 UTC 2026,1784628454,0,0.23
Tue Jul 21 10:08:02 UTC 2026,1784628482,0,0.33
Tue Jul 21 10:09:18 UTC 2026,1784628558,0,0.3
Tue Jul 21 10:10:21 UTC 2026,1784628621,0,0.23
Tue Jul 21 10:10:49 UTC 2026,1784628649,0,0.31
Tue Jul 21 10:11:44 UTC 2026,1784628704,0,0.21
Tue Jul 21 10:12:52 UTC 2026,1784628772,0,0.31
Tue Jul 21 10:13:00 UTC 2026,1784628780,0,0.21
Tue Jul 21 10:14:45 UTC 2026,1784628885,0,0.24
Tue Jul 21 10:15:35 UTC 2026,1784628935,0,0.31
Tue Jul 21 10:15:57 UTC 2026,1784628957,0,0.22
Tue Jul 21 10:16:38 UTC 2026,1784628998,0,0.32
Tue Jul 21 10:18:14 UTC 2026,1784629094,0,0.31
Tue Jul 21 10:18:50 UTC 2026,1784629130,0,0.22
Tue Jul 21 10:20:17 UTC 2026,1784629217,0,0.21
Tue Jul 21 10:20:21 UTC 2026,1784629221,0,0.34
Tue Jul 21 10:21:06 UTC 2026,1784629266,0,0.2
Tue Jul 21 10:21:38 UTC 2026,1784629298,0,0.34
Tue Jul 21 10:22:27 UTC 2026,1784629347,0,0.23
Tue Jul 21 10:23:09 UTC 2026,1784629389,0,0.33
Tue Jul 21 10:24:20 UTC 2026,1784629460,0,0.22
Tue Jul 21 10:25:37 UTC 2026,1784629537,0,0.37
Tue Jul 21 10:26:01 UTC 2026,1784629561,0,0.24
Tue Jul 21 10:26:50 UTC 2026,1784629610,0,0.32
Tue Jul 21 10:27:35 UTC 2026,1784629655,0,0.33
Tue Jul 21 10:28:53 UTC 2026,1784629733,0,0.25
Tue Jul 21 10:29:06 UTC 2026,1784629746,0,0.4
Tue Jul 21 10:30:18 UTC 2026,1784629818,0,0.21
Tue Jul 21 10:30:51 UTC 2026,1784629851,0,0.35
Tue Jul 21 10:31:23 UTC 2026,1784629883,0,0.24
Tue Jul 21 10:33:42 UTC 2026,1784630022,0,0.35
Tue Jul 21 10:34:38 UTC 2026,1784630078,0,0.33
Tue Jul 21 10:34:42 UTC 2026,1784630082,0,0.25
Tue Jul 21 10:35:41 UTC 2026,1784630141,0,0.35
Tue Jul 21 10:36:22 UTC 2026,1784630182,0,0.24
Tue Jul 21 10:37:35 UTC 2026,1784630255,0,0.21
Tue Jul 21 10:37:52 UTC 2026,1784630272,0,0.32
Tue Jul 21 10:39:23 UTC 2026,1784630363,0,0.17
Tue Jul 21 10:39:32 UTC 2026,1784630372,0,0.31
Tue Jul 21 10:41:16 UTC 2026,1784630476,0,0.36
Tue Jul 21 10:41:30 UTC 2026,1784630490,0,0.21
Tue Jul 21 10:42:47 UTC 2026,1784630567,0,0.25
Tue Jul 21 10:43:05 UTC 2026,1784630585,0,0.31
Tue Jul 21 10:44:36 UTC 2026,1784630676,0,0.25
Tue Jul 21 10:44:58 UTC 2026,1784630698,0,0.4
Tue Jul 21 10:45:39 UTC 2026,1784630739,0,0.25
Tue Jul 21 10:46:39 UTC 2026,1784630799,0,0.34
Tue Jul 21 10:47:06 UTC 2026,1784630826,0,0.23
Tue Jul 21 10:47:10 UTC 2026,1784630830,0,0.33
Tue Jul 21 10:49:16 UTC 2026,1784630956,0,0.2
Tue Jul 21 10:49:22 UTC 2026,1784630962,0,0.35
Tue Jul 21 10:50:34 UTC 2026,1784631034,0,0.26
Tue Jul 21 10:51:02 UTC 2026,1784631062,0,0.31
Tue Jul 21 10:52:18 UTC 2026,1784631138,0,0.27
Tue Jul 21 10:52:40 UTC 2026,1784631160,0,0.33
Tue Jul 21 10:53:50 UTC 2026,1784631230,0,0.27
Tue Jul 21 10:53:54 UTC 2026,1784631234,0,0.31
Tue Jul 21 10:56:19 UTC 2026,1784631379,0,0.34
Tue Jul 21 10:56:45 UTC 2026,1784631405,0,0.25
Tue Jul 21 10:57:00 UTC 2026,1784631420,0,0.31
Tue Jul 21 10:57:35 UTC 2026,1784631455,0,0.25
Tue Jul 21 10:58:44 UTC 2026,1784631524,0,0.35
Tue Jul 21 10:58:48 UTC 2026,1784631528,0,0.25
Tue Jul 21 11:00:18 UTC 2026,1784631618,0,0.33
Tue Jul 21 11:00:23 UTC 2026,1784631623,0,0.27
Tue Jul 21 11:01:59 UTC 2026,1784631719,0,0.33
Tue Jul 21 11:03:25 UTC 2026,1784631805,0,0.25
Tue Jul 21 11:03:43 UTC 2026,1784631823,0,0.33
Tue Jul 21 11:04:19 UTC 2026,1784631859,0,0.26
Tue Jul 21 11:05:18 UTC 2026,1784631918,0,0.25
Tue Jul 21 11:05:41 UTC 2026,1784631941,0,0.33
Tue Jul 21 11:07:30 UTC 2026,1784632050,0,0.27
Tue Jul 21 11:07:47 UTC 2026,1784632067,0,0.32
Tue Jul 21 11:08:47 UTC 2026,1784632127,0,0.28
Tue Jul 21 11:08:51 UTC 2026,1784632131,0,0.33
Tue Jul 21 11:10:48 UTC 2026,1784632248,0,0.28
Tue Jul 21 11:12:02 UTC 2026,1784632322,0,0.29
Tue Jul 21 11:12:06 UTC 2026,1784632326,0,0.33
Tue Jul 21 11:14:40 UTC 2026,1784632480,0,0.27
Tue Jul 21 11:15:44 UTC 2026,1784632544,0,0.26
Tue Jul 21 11:15:58 UTC 2026,1784632558,0,0.32
Tue Jul 21 11:18:22 UTC 2026,1784632702,0,0.33
Tue Jul 21 11:18:26 UTC 2026,1784632706,0,0.28
Tue Jul 21 11:18:36 UTC 2026,1784632716,0,0.33
Tue Jul 21 11:19:21 UTC 2026,1784632761,0,0.29
Tue Jul 21 11:21:06 UTC 2026,1784632866,0,0.34
Tue Jul 21 11:21:42 UTC 2026,1784632902,0,0.29
Tue Jul 21 11:22:36 UTC 2026,1784632956,0,0.34
Tue Jul 21 11:23:39 UTC 2026,1784633019,0,0.29
Tue Jul 21 11:24:07 UTC 2026,1784633047,0,0.33
Tue Jul 21 11:25:19 UTC 2026,1784633119,0,0.34
Tue Jul 21 11:25:47 UTC 2026,1784633147,0,0.29
Tue Jul 21 11:27:58 UTC 2026,1784633278,0,0.34
Tue Jul 21 11:28:31 UTC 2026,1784633311,0,0.3
Tue Jul 21 11:29:06 UTC 2026,1784633346,0,0.33
Tue Jul 21 11:30:28 UTC 2026,1784633428,0,0.29
Tue Jul 21 11:30:41 UTC 2026,1784633441,0,0.33
Tue Jul 21 11:32:31 UTC 2026,1784633551,0,0.34
Tue Jul 21 11:32:40 UTC 2026,1784633560,0,0.26
Tue Jul 21 11:33:52 UTC 2026,1784633632,0,0.27
Tue Jul 21 11:34:55 UTC 2026,1784633695,0,0.33
Tue Jul 21 11:36:13 UTC 2026,1784633773,0,0.29
Tue Jul 21 11:36:40 UTC 2026,1784633800,0,0.33
Tue Jul 21 11:37:52 UTC 2026,1784633872,0,0.29
Tue Jul 21 11:38:28 UTC 2026,1784633908,0,0.34
Tue Jul 21 11:38:55 UTC 2026,1784633935,0,0.3
Tue Jul 21 11:40:09 UTC 2026,1784634009,0,0.33
Tue Jul 21 11:42:38 UTC 2026,1784634158,0,0.29
Tue Jul 21 11:43:55 UTC 2026,1784634235,0,0.33
Tue Jul 21 11:44:32 UTC 2026,1784634272,0,0.28
Tue Jul 21 11:44:55 UTC 2026,1784634295,0,0.3
Tue Jul 21 11:45:35 UTC 2026,1784634335,0,0.34
Tue Jul 21 11:47:18 UTC 2026,1784634438,0,0.29
Tue Jul 21 11:48:09 UTC 2026,1784634489,0,0.34
Tue Jul 21 11:49:12 UTC 2026,1784634552,0,0.29
Tue Jul 21 11:50:15 UTC 2026,1784634615,0,0.33
Tue Jul 21 11:50:47 UTC 2026,1784634647,0,0.27
Tue Jul 21 11:52:09 UTC 2026,1784634729,0,0.34
Tue Jul 21 11:53:44 UTC 2026,1784634824,0,0.35
Tue Jul 21 11:54:15 UTC 2026,1784634855,0,0.3
Tue Jul 21 11:55:42 UTC 2026,1784634942,0,0.35
Tue Jul 21 11:55:47 UTC 2026,1784634947,0,0.29
Tue Jul 21 11:56:41 UTC 2026,1784635001,0,0.3
Tue Jul 21 11:57:08 UTC 2026,1784635028,0,0.35
Tue Jul 21 11:59:19 UTC 2026,1784635159,0,0.31
Tue Jul 21 12:00:00 UTC 2026,1784635200,0,0.35
Tue Jul 21 12:00:04 UTC 2026,1784635204,0,0.31
Tue Jul 21 12:02:20 UTC 2026,1784635340,0,0.38
Tue Jul 21 12:02:43 UTC 2026,1784635363,0,0.31
Tue Jul 21 12:03:20 UTC 2026,1784635400,0,0.29
Tue Jul 21 12:03:52 UTC 2026,1784635432,0,0.36
Tue Jul 21 12:04:41 UTC 2026,1784635481,0,0.32
Tue Jul 21 12:05:58 UTC 2026,1784635558,0,0.36
Tue Jul 21 12:07:38 UTC 2026,1784635658,0,0.31
Tue Jul 21 12:08:46 UTC 2026,1784635726,0,0.36
Tue Jul 21 12:09:09 UTC 2026,1784635749,0,0.29
Tue Jul 21 12:09:44 UTC 2026,1784635784,0,0.28
Tue Jul 21 12:09:54 UTC 2026,1784635794,0,0.33
Tue Jul 21 12:10:17 UTC 2026,1784635817,0,0.34
Tue Jul 21 12:10:49 UTC 2026,1784635849,0,0.3
Tue Jul 21 12:10:58 UTC 2026,1784635858,0,0.35
Tue Jul 21 12:12:06 UTC 2026,1784635926,0,0.36
Tue Jul 21 12:12:24 UTC 2026,1784635944,0,0.3
Tue Jul 21 12:12:59 UTC 2026,1784635979,0,0.31
Tue Jul 21 12:13:23 UTC 2026,1784636003,0,0.37
Tue Jul 21 12:14:49 UTC 2026,1784636089,0,0.3
Tue Jul 21 12:14:58 UTC 2026,1784636098,0,0.35
Tue Jul 21 12:16:28 UTC 2026,1784636188,0,0.3
Tue Jul 21 12:16:55 UTC 2026,1784636215,0,0.36
Tue Jul 21 12:18:13 UTC 2026,1784636293,0,0.38
Tue Jul 21 12:19:08 UTC 2026,1784636348,0,0.3
Tue Jul 21 12:20:01 UTC 2026,1784636401,0,0.35
Tue Jul 21 12:20:29 UTC 2026,1784636429,0,0.29
Tue Jul 21 12:21:14 UTC 2026,1784636474,0,0.35
Tue Jul 21 12:22:04 UTC 2026,1784636524,0,0.29
Tue Jul 21 12:23:34 UTC 2026,1784636614,0,0.3
Tue Jul 21 12:23:48 UTC 2026,1784636628,0,0.36
Tue Jul 21 12:26:00 UTC 2026,1784636760,0,0.29
Tue Jul 21 12:26:04 UTC 2026,1784636764,0,0.36
Tue Jul 21 12:27:03 UTC 2026,1784636823,0,0.28
Tue Jul 21 12:28:11 UTC 2026,1784636891,0,0.27
Tue Jul 21 12:28:47 UTC 2026,1784636927,0,0.36
Tue Jul 21 12:29:32 UTC 2026,1784636972,0,0.3
Tue Jul 21 12:30:05 UTC 2026,1784637005,0,0.35
Tue Jul 21 12:31:03 UTC 2026,1784637063,0,0.29
Tue Jul 21 12:31:12 UTC 2026,1784637072,0,0.37
Tue Jul 21 12:32:48 UTC 2026,1784637168,0,0.29
Tue Jul 21 12:33:56 UTC 2026,1784637236,0,0.36
Tue Jul 21 12:35:08 UTC 2026,1784637308,0,0.29
Tue Jul 21 12:35:17 UTC 2026,1784637317,0,0.37
Tue Jul 21 12:36:06 UTC 2026,1784637366,0,0.3
Tue Jul 21 12:36:53 UTC 2026,1784637413,0,0.37
Tue Jul 21 12:37:47 UTC 2026,1784637467,0,0.3
Tue Jul 21 12:39:00 UTC 2026,1784637540,0,0.36
Tue Jul 21 12:39:54 UTC 2026,1784637594,0,0.31
Tue Jul 21 12:40:11 UTC 2026,1784637611,0,0.36
Tue Jul 21 12:41:42 UTC 2026,1784637702,0,0.38
Tue Jul 21 12:41:52 UTC 2026,1784637712,0,0.31
Tue Jul 21 12:42:59 UTC 2026,1784637779,0,0.36
Tue Jul 21 12:44:07 UTC 2026,1784637847,0,0.29
Tue Jul 21 12:44:48 UTC 2026,1784637888,0,0.36
Tue Jul 21 12:45:01 UTC 2026,1784637901,0,0.28
Tue Jul 21 12:46:05 UTC 2026,1784637965,0,0.27
Tue Jul 21 12:46:59 UTC 2026,1784638019,0,0.35
Tue Jul 21 12:47:53 UTC 2026,1784638073,0,0.31
Tue Jul 21 12:48:34 UTC 2026,1784638114,0,0.35
Tue Jul 21 12:50:10 UTC 2026,1784638210,0,0.31
Tue Jul 21 12:50:33 UTC 2026,1784638233,0,0.36
Tue Jul 21 12:51:22 UTC 2026,1784638282,0,0.3
Tue Jul 21 12:51:58 UTC 2026,1784638318,0,0.37
Tue Jul 21 12:52:39 UTC 2026,1784638359,0,0.36
Tue Jul 21 12:53:43 UTC 2026,1784638423,0,0.32
Tue Jul 21 12:55:09 UTC 2026,1784638509,0,0.37
Tue Jul 21 12:55:50 UTC 2026,1784638550,0,0.32
Tue Jul 21 12:57:25 UTC 2026,1784638645,0,0.36
Tue Jul 21 12:58:56 UTC 2026,1784638736,0,0.32
Tue Jul 21 12:59:14 UTC 2026,1784638754,0,0.36
Tue Jul 21 12:59:40 UTC 2026,1784638780,0,0.31
Tue Jul 21 13:00:45 UTC 2026,1784638845,0,0.32
Tue Jul 21 13:01:17 UTC 2026,1784638877,0,0.36
Tue Jul 21 13:03:01 UTC 2026,1784638981,0,0.37
Tue Jul 21 13:03:09 UTC 2026,1784638989,0,0.29
Tue Jul 21 13:04:09 UTC 2026,1784639049,0,0.31
Tue Jul 21 13:04:31 UTC 2026,1784639071,0,0.38
Tue Jul 21 13:05:57 UTC 2026,1784639157,0,0.39
Tue Jul 21 13:06:07 UTC 2026,1784639167,0,0.32
Tue Jul 21 13:07:33 UTC 2026,1784639253,0,0.39
Tue Jul 21 13:07:42 UTC 2026,1784639262,0,0.31
Tue Jul 21 13:09:05 UTC 2026,1784639345,0,0.38
Tue Jul 21 13:10:13 UTC 2026,1784639413,0,0.31
Tue Jul 21 13:11:01 UTC 2026,1784639461,0,0.32
Tue Jul 21 13:11:24 UTC 2026,1784639484,0,0.37
Tue Jul 21 13:12:19 UTC 2026,1784639539,0,0.33
Tue Jul 21 13:13:00 UTC 2026,1784639580,0,0.36
Tue Jul 21 13:15:29 UTC 2026,1784639729,0,0.32
Tue Jul 21 13:16:19 UTC 2026,1784639779,0,0.36
Tue Jul 21 13:16:23 UTC 2026,1784639783,0,0.32
Tue Jul 21 13:18:17 UTC 2026,1784639897,0,0.36
Tue Jul 21 13:18:31 UTC 2026,1784639911,0,0.32
Tue Jul 21 13:19:12 UTC 2026,1784639952,0,0.35
Tue Jul 21 13:19:47 UTC 2026,1784639987,0,0.32
Tue Jul 21 13:20:42 UTC 2026,1784640042,0,0.35
Tue Jul 21 13:21:19 UTC 2026,1784640079,0,0.29
Tue Jul 21 13:22:45 UTC 2026,1784640165,0,0.38
Tue Jul 21 13:24:11 UTC 2026,1784640251,0,0.36
Tue Jul 21 13:24:52 UTC 2026,1784640292,0,0.32
Tue Jul 21 13:25:42 UTC 2026,1784640342,0,0.36
Tue Jul 21 13:26:50 UTC 2026,1784640410,0,0.32
Tue Jul 21 13:28:43 UTC 2026,1784640523,0,0.37
Tue Jul 21 13:29:10 UTC 2026,1784640550,0,0.36
Tue Jul 21 13:29:38 UTC 2026,1784640578,0,0.33
Tue Jul 21 13:30:27 UTC 2026,1784640627,0,0.32
Tue Jul 21 13:32:02 UTC 2026,1784640722,0,0.37
Tue Jul 21 13:32:47 UTC 2026,1784640767,0,0.31
Tue Jul 21 13:34:04 UTC 2026,1784640844,0,0.39
Tue Jul 21 13:34:54 UTC 2026,1784640894,0,0.3
Tue Jul 21 13:36:07 UTC 2026,1784640967,0,0.38
Tue Jul 21 13:37:10 UTC 2026,1784641030,0,0.37
Tue Jul 21 13:37:56 UTC 2026,1784641076,0,0.3
Tue Jul 21 13:39:12 UTC 2026,1784641152,0,0.36
Tue Jul 21 13:39:36 UTC 2026,1784641176,0,0.28
Tue Jul 21 13:41:11 UTC 2026,1784641271,0,0.38
Tue Jul 21 13:41:42 UTC 2026,1784641302,0,0.29
Tue Jul 21 13:42:10 UTC 2026,1784641330,0,0.36
Tue Jul 21 13:42:46 UTC 2026,1784641366,0,0.31
Tue Jul 21 13:43:49 UTC 2026,1784641429,0,0.38
Tue Jul 21 13:45:11 UTC 2026,1784641511,0,0.3
Tue Jul 21 13:45:20 UTC 2026,1784641520,0,0.32
Tue Jul 21 13:45:51 UTC 2026,1784641551,0,0.4
Tue Jul 21 13:47:18 UTC 2026,1784641638,0,0.33
Tue Jul 21 13:47:35 UTC 2026,1784641655,0,0.37
Tue Jul 21 13:48:52 UTC 2026,1784641732,0,0.33
Tue Jul 21 13:50:28 UTC 2026,1784641828,0,0.38
Tue Jul 21 13:51:14 UTC 2026,1784641874,0,0.32
Tue Jul 21 13:52:04 UTC 2026,1784641924,0,0.37
Tue Jul 21 13:52:21 UTC 2026,1784641941,0,0.34
Tue Jul 21 13:53:42 UTC 2026,1784642022,0,0.33
Tue Jul 21 13:54:33 UTC 2026,1784642073,0,0.39
Tue Jul 21 13:56:08 UTC 2026,1784642168,0,0.38
Tue Jul 21 13:56:45 UTC 2026,1784642205,0,0.33
Tue Jul 21 13:57:11 UTC 2026,1784642231,0,0.37
Tue Jul 21 13:58:10 UTC 2026,1784642290,0,0.28
Tue Jul 21 13:58:33 UTC 2026,1784642313,0,0.31
Tue Jul 21 13:59:55 UTC 2026,1784642395,0,0.38
Tue Jul 21 14:01:11 UTC 2026,1784642471,0,0.32
Tue Jul 21 14:01:31 UTC 2026,1784642491,0,0.39
Tue Jul 21 14:02:19 UTC 2026,1784642539,0,0.33
Tue Jul 21 14:03:42 UTC 2026,1784642622,0,0.34
Tue Jul 21 14:04:09 UTC 2026,1784642649,0,0.38
Tue Jul 21 14:05:12 UTC 2026,1784642712,0,0.34
Tue Jul 21 14:05:30 UTC 2026,1784642730,0,0.38
Tue Jul 21 14:07:41 UTC 2026,1784642861,0,0.31
Tue Jul 21 14:08:00 UTC 2026,1784642880,0,0.4
Tue Jul 21 14:09:17 UTC 2026,1784642957,0,0.38
Tue Jul 21 14:09:30 UTC 2026,1784642970,0,0.32
Tue Jul 21 14:10:16 UTC 2026,1784643016,0,0.33
Tue Jul 21 14:11:16 UTC 2026,1784643076,0,0.39
Tue Jul 21 14:11:46 UTC 2026,1784643106,0,0.32
Tue Jul 21 14:12:27 UTC 2026,1784643147,0,0.4
Tue Jul 21 14:13:26 UTC 2026,1784643206,0,0.33
Tue Jul 21 14:14:17 UTC 2026,1784643257,0,0.38
Tue Jul 21 14:15:29 UTC 2026,1784643329,0,0.37
Tue Jul 21 14:15:33 UTC 2026,1784643333,0,0.29
Tue Jul 21 14:17:08 UTC 2026,1784643428,0,0.31
Tue Jul 21 14:18:13 UTC 2026,1784643493,0,0.4
Tue Jul 21 14:18:57 UTC 2026,1784643537,0,0.34
Tue Jul 21 14:19:20 UTC 2026,1784643560,0,0.4
Tue Jul 21 14:20:05 UTC 2026,1784643605,0,0.33
Tue Jul 21 14:20:41 UTC 2026,1784643641,0,0.4
Tue Jul 21 14:21:50 UTC 2026,1784643710,0,0.35
Tue Jul 21 14:21:55 UTC 2026,1784643715,0,0.39
Tue Jul 21 14:23:24 UTC 2026,1784643804,0,0.34
Tue Jul 21 14:23:29 UTC 2026,1784643809,0,0.4
Tue Jul 21 14:25:50 UTC 2026,1784643950,0,0.35
Tue Jul 21 14:27:12 UTC 2026,1784644032,0,0.33
Tue Jul 21 14:27:33 UTC 2026,1784644053,0,0.4
Tue Jul 21 14:28:37 UTC 2026,1784644117,0,0.35
Tue Jul 21 14:29:54 UTC 2026,1784644194,0,0.39
Tue Jul 21 14:30:58 UTC 2026,1784644258,0,0.35
Tue Jul 21 14:32:06 UTC 2026,1784644326,0,0.4
Tue Jul 21 14:32:47 UTC 2026,1784644367,0,0.34
Tue Jul 21 14:33:09 UTC 2026,1784644389,0,0.39
Tue Jul 21 14:33:37 UTC 2026,1784644417,0,0.33
Tue Jul 21 14:34:50 UTC 2026,1784644490,0,0.34
Tue Jul 21 14:35:39 UTC 2026,1784644539,0,0.39
Tue Jul 21 14:36:38 UTC 2026,1784644598,0,0.35
Tue Jul 21 14:37:51 UTC 2026,1784644671,0,0.41
Tue Jul 21 14:38:32 UTC 2026,1784644712,0,0.4
Tue Jul 21 14:39:26 UTC 2026,1784644766,0,0.35
Tue Jul 21 14:40:15 UTC 2026,1784644815,0,0.4
Tue Jul 21 14:41:41 UTC 2026,1784644901,0,0.34
Tue Jul 21 14:42:22 UTC 2026,1784644942,0,0.41
Tue Jul 21 14:43:08 UTC 2026,1784644988,0,0.4
Tue Jul 21 14:43:26 UTC 2026,1784645006,0,0.35
Tue Jul 21 14:44:47 UTC 2026,1784645087,0,0.36
Tue Jul 21 14:44:56 UTC 2026,1784645096,0,0.41
Tue Jul 21 14:46:31 UTC 2026,1784645191,0,0.36
Tue Jul 21 14:46:45 UTC 2026,1784645205,0,0.41
Tue Jul 21 14:49:38 UTC 2026,1784645378,0,0.33
Tue Jul 21 14:49:55 UTC 2026,1784645395,0,0.36
Tue Jul 21 14:50:46 UTC 2026,1784645446,0,0.4
Tue Jul 21 14:51:35 UTC 2026,1784645495,0,0.39
Tue Jul 21 14:51:49 UTC 2026,1784645509,0,0.33
Tue Jul 21 14:53:02 UTC 2026,1784645582,0,0.35
Tue Jul 21 14:53:38 UTC 2026,1784645618,0,0.42
Tue Jul 21 14:54:56 UTC 2026,1784645696,0,0.36
Tue Jul 21 14:55:54 UTC 2026,1784645754,0,0.42
Tue Jul 21 14:56:40 UTC 2026,1784645800,0,0.36
Tue Jul 21 14:56:49 UTC 2026,1784645809,0,0.41
Tue Jul 21 14:58:01 UTC 2026,1784645881,0,0.4
Tue Jul 21 14:58:14 UTC 2026,1784645894,0,0.38
Tue Jul 21 14:59:36 UTC 2026,1784645976,0,0.36
Tue Jul 21 15:00:32 UTC 2026,1784646032,0,0.4
Tue Jul 21 15:01:43 UTC 2026,1784646103,0,0.41
Tue Jul 21 15:01:53 UTC 2026,1784646113,0,0.36
Tue Jul 21 15:03:05 UTC 2026,1784646185,0,0.42
Tue Jul 21 15:03:23 UTC 2026,1784646203,0,0.36
Tue Jul 21 15:04:35 UTC 2026,1784646275,0,0.4
Tue Jul 21 15:05:35 UTC 2026,1784646335,0,0.37
Tue Jul 21 15:06:51 UTC 2026,1784646411,0,0.36
Tue Jul 21 15:07:00 UTC 2026,1784646420,0,0.41
Tue Jul 21 15:08:18 UTC 2026,1784646498,0,0.36
Tue Jul 21 15:08:31 UTC 2026,1784646511,0,0.41
Tue Jul 21 15:09:31 UTC 2026,1784646571,0,0.39
Tue Jul 21 15:09:48 UTC 2026,1784646588,0,0.35
Tue Jul 21 15:11:23 UTC 2026,1784646683,0,0.36
Tue Jul 21 15:12:13 UTC 2026,1784646733,0,0.41
Tue Jul 21 15:13:40 UTC 2026,1784646820,0,0.36
Tue Jul 21 15:14:07 UTC 2026,1784646847,0,0.42
Tue Jul 21 15:15:48 UTC 2026,1784646948,0,0.36
Tue Jul 21 15:16:09 UTC 2026,1784646969,0,0.4
Tue Jul 21 15:16:37 UTC 2026,1784646997,0,0.36
Tue Jul 21 15:17:54 UTC 2026,1784647074,0,0.4
Tue Jul 21 15:18:48 UTC 2026,1784647128,0,0.34
Tue Jul 21 15:19:24 UTC 2026,1784647164,0,0.36
Tue Jul 21 15:20:55 UTC 2026,1784647255,0,0.41
Tue Jul 21 15:21:12 UTC 2026,1784647272,0,0.4
Tue Jul 21 15:21:31 UTC 2026,1784647291,0,0.36
Tue Jul 21 15:22:40 UTC 2026,1784647360,0,0.4
Tue Jul 21 15:22:53 UTC 2026,1784647373,0,0.36
Tue Jul 21 15:24:37 UTC 2026,1784647477,0,0.4
Tue Jul 21 15:25:58 UTC 2026,1784647558,0,0.39
Tue Jul 21 15:27:06 UTC 2026,1784647626,0,0.34
Tue Jul 21 15:27:39 UTC 2026,1784647659,0,0.4
Tue Jul 21 15:28:50 UTC 2026,1784647730,0,0.32
Tue Jul 21 15:30:07 UTC 2026,1784647807,0,0.41
Tue Jul 21 15:30:44 UTC 2026,1784647844,0,0.36
Tue Jul 21 15:30:58 UTC 2026,1784647858,0,0.41
Tue Jul 21 15:31:30 UTC 2026,1784647890,0,0.36
Tue Jul 21 15:33:36 UTC 2026,1784648016,0,0.35
Tue Jul 21 15:34:04 UTC 2026,1784648044,0,0.41
Tue Jul 21 15:35:13 UTC 2026,1784648113,0,0.35
Tue Jul 21 15:36:07 UTC 2026,1784648167,0,0.4
Tue Jul 21 15:37:01 UTC 2026,1784648221,0,0.36
Tue Jul 21 15:37:41 UTC 2026,1784648261,0,0.4
Tue Jul 21 15:39:44 UTC 2026,1784648384,0,0.41
Tue Jul 21 15:39:53 UTC 2026,1784648393,0,0.36
Tue Jul 21 15:41:01 UTC 2026,1784648461,0,0.4
Tue Jul 21 15:42:35 UTC 2026,1784648555,0,0.41
Tue Jul 21 15:44:02 UTC 2026,1784648642,0,0.36
Tue Jul 21 15:45:19 UTC 2026,1784648719,0,0.42
Tue Jul 21 15:45:55 UTC 2026,1784648755,0,0.4
Tue Jul 21 15:46:36 UTC 2026,1784648796,0,0.34
Tue Jul 21 15:47:49 UTC 2026,1784648869,0,0.42
Tue Jul 21 15:47:54 UTC 2026,1784648874,0,0.37
Tue Jul 21 15:49:28 UTC 2026,1784648968,0,0.38
Tue Jul 21 15:49:47 UTC 2026,1784648987,0,0.41
Tue Jul 21 15:51:17 UTC 2026,1784649077,0,0.38
Tue Jul 21 15:51:44 UTC 2026,1784649104,0,0.41
Tue Jul 21 15:53:01 UTC 2026,1784649181,0,0.36
Tue Jul 21 15:54:00 UTC 2026,1784649240,0,0.37
Tue Jul 21 15:54:23 UTC 2026,1784649263,0,0.41
Tue Jul 21 15:55:40 UTC 2026,1784649340,0,0.38
Tue Jul 21 15:55:53 UTC 2026,1784649353,0,0.41
Tue Jul 21 15:58:20 UTC 2026,1784649500,0,0.37
Tue Jul 21 15:59:28 UTC 2026,1784649568,0,0.42
Tue Jul 21 16:00:22 UTC 2026,1784649622,0,0.36
Tue Jul 21 16:01:24 UTC 2026,1784649684,0,0.41
Tue Jul 21 16:02:16 UTC 2026,1784649736,0,0.4
Tue Jul 21 16:03:00 UTC 2026,1784649780,0,0.36
Tue Jul 21 16:04:03 UTC 2026,1784649843,0,0.4
Tue Jul 21 16:04:44 UTC 2026,1784649884,0,0.34
Tue Jul 21 16:05:43 UTC 2026,1784649943,0,0.36
Tue Jul 21 16:05:52 UTC 2026,1784649952,0,0.4
Tue Jul 21 16:07:32 UTC 2026,1784650052,0,0.36
Tue Jul 21 16:07:36 UTC 2026,1784650056,0,0.4
Tue Jul 21 16:09:15 UTC 2026,1784650155,0,0.35
Tue Jul 21 16:10:01 UTC 2026,1784650201,0,0.4
Tue Jul 21 16:10:38 UTC 2026,1784650238,0,0.36
Tue Jul 21 16:11:49 UTC 2026,1784650309,0,0.41
Tue Jul 21 16:13:16 UTC 2026,1784650396,0,0.34
Tue Jul 21 16:13:25 UTC 2026,1784650405,0,0.39
Tue Jul 21 16:14:02 UTC 2026,1784650442,0,0.35
Tue Jul 21 16:14:20 UTC 2026,1784650460,0,0.39
Tue Jul 21 16:15:32 UTC 2026,1784650532,0,0.35
Tue Jul 21 16:16:04 UTC 2026,1784650564,0,0.39
Tue Jul 21 16:17:11 UTC 2026,1784650631,0,0.34
Tue Jul 21 16:18:20 UTC 2026,1784650700,0,0.4
Tue Jul 21 16:19:54 UTC 2026,1784650794,0,0.39
Tue Jul 21 16:20:03 UTC 2026,1784650803,0,0.34
Tue Jul 21 16:20:58 UTC 2026,1784650858,0,0.4
Tue Jul 21 16:21:53 UTC 2026,1784650913,0,0.34
Tue Jul 21 16:22:29 UTC 2026,1784650949,0,0.37
Tue Jul 21 16:23:05 UTC 2026,1784650985,0,0.31
Tue Jul 21 16:23:42 UTC 2026,1784651022,0,0.38
Tue Jul 21 16:23:59 UTC 2026,1784651039,0,0.34
Tue Jul 21 16:25:22 UTC 2026,1784651122,0,0.39
Tue Jul 21 16:25:35 UTC 2026,1784651135,0,0.36
Tue Jul 21 16:27:24 UTC 2026,1784651244,0,0.4
Tue Jul 21 16:27:33 UTC 2026,1784651253,0,0.35
Tue Jul 21 16:29:27 UTC 2026,1784651367,0,0.39
Tue Jul 21 16:30:16 UTC 2026,1784651416,0,0.34
Tue Jul 21 16:30:21 UTC 2026,1784651421,0,0.39
Tue Jul 21 16:31:34 UTC 2026,1784651494,0,0.35
Tue Jul 21 16:32:05 UTC 2026,1784651525,0,0.39
Tue Jul 21 16:32:14 UTC 2026,1784651534,0,0.36
Tue Jul 21 16:33:54 UTC 2026,1784651634,0,0.35
Tue Jul 21 16:33:58 UTC 2026,1784651638,0,0.39
Tue Jul 21 16:35:15 UTC 2026,1784651715,0,0.35
Tue Jul 21 16:36:28 UTC 2026,1784651788,0,0.4
Tue Jul 21 16:38:08 UTC 2026,1784651888,0,0.35
Tue Jul 21 16:39:16 UTC 2026,1784651956,0,0.4
Tue Jul 21 16:41:14 UTC 2026,1784652074,0,0.32
Tue Jul 21 16:41:27 UTC 2026,1784652087,0,0.39
Tue Jul 21 16:43:21 UTC 2026,1784652201,0,0.34
Tue Jul 21 16:43:48 UTC 2026,1784652228,0,0.35
Tue Jul 21 16:44:24 UTC 2026,1784652264,0,0.4
Tue Jul 21 16:45:15 UTC 2026,1784652315,0,0.36
Tue Jul 21 16:45:28 UTC 2026,1784652328,0,0.4
Tue Jul 21 16:46:58 UTC 2026,1784652418,0,0.36
Tue Jul 21 16:47:03 UTC 2026,1784652423,0,0.41
Tue Jul 21 16:48:47 UTC 2026,1784652527,0,0.34
Tue Jul 21 16:48:52 UTC 2026,1784652532,0,0.41
Tue Jul 21 16:50:31 UTC 2026,1784652631,0,0.42
Tue Jul 21 16:51:12 UTC 2026,1784652672,0,0.35
Tue Jul 21 16:52:06 UTC 2026,1784652726,0,0.42
Tue Jul 21 16:52:34 UTC 2026,1784652754,0,0.36
Tue Jul 21 16:54:14 UTC 2026,1784652854,0,0.41
Tue Jul 21 16:54:45 UTC 2026,1784652885,0,0.34
Tue Jul 21 16:56:22 UTC 2026,1784652982,0,0.4
Tue Jul 21 16:56:26 UTC 2026,1784652986,0,0.35
Tue Jul 21 16:56:56 UTC 2026,1784653016,0,0.4
Tue Jul 21 16:59:21 UTC 2026,1784653161,0,0.3
Tue Jul 21 16:59:50 UTC 2026,1784653190,0,0.4
Tue Jul 21 17:00:17 UTC 2026,1784653217,0,0.35
Tue Jul 21 17:01:20 UTC 2026,1784653280,0,0.4
Tue Jul 21 17:03:07 UTC 2026,1784653387,0,0.34
Tue Jul 21 17:03:53 UTC 2026,1784653433,0,0.35
Tue Jul 21 17:04:17 UTC 2026,1784653457,0,0.4
Tue Jul 21 17:05:02 UTC 2026,1784653502,0,0.34
Tue Jul 21 17:05:15 UTC 2026,1784653515,0,0.39
Tue Jul 21 17:06:50 UTC 2026,1784653610,0,0.4
Tue Jul 21 17:07:32 UTC 2026,1784653652,0,0.35
Tue Jul 21 17:08:17 UTC 2026,1784653697,0,0.36
Tue Jul 21 17:09:47 UTC 2026,1784653787,0,0.4
Tue Jul 21 17:10:19 UTC 2026,1784653819,0,0.35
Tue Jul 21 17:10:59 UTC 2026,1784653859,0,0.4
Tue Jul 21 17:11:37 UTC 2026,1784653897,0,0.35
Tue Jul 21 17:11:45 UTC 2026,1784653905,0,0.4
Tue Jul 21 17:14:01 UTC 2026,1784654041,0,0.34
Tue Jul 21 17:15:01 UTC 2026,1784654101,0,0.35
Tue Jul 21 17:15:46 UTC 2026,1784654146,0,0.4
Tue Jul 21 17:16:54 UTC 2026,1784654214,0,0.33
Tue Jul 21 17:17:57 UTC 2026,1784654277,0,0.4
Tue Jul 21 17:18:19 UTC 2026,1784654299,0,0.36
Tue Jul 21 17:18:33 UTC 2026,1784654313,0,0.41
Tue Jul 21 17:20:45 UTC 2026,1784654445,0,0.35
Tue Jul 21 17:21:17 UTC 2026,1784654477,0,0.41
Tue Jul 21 17:21:35 UTC 2026,1784654495,0,0.36
Tue Jul 21 17:21:52 UTC 2026,1784654512,0,0.41
Tue Jul 21 17:23:33 UTC 2026,1784654613,0,0.37
Tue Jul 21 17:24:09 UTC 2026,1784654649,0,0.41
Tue Jul 21 17:25:03 UTC 2026,1784654703,0,0.36
Tue Jul 21 17:26:21 UTC 2026,1784654781,0,0.41
Tue Jul 21 17:26:25 UTC 2026,1784654785,0,0.4
Tue Jul 21 17:27:47 UTC 2026,1784654867,0,0.37
Tue Jul 21 17:28:14 UTC 2026,1784654894,0,0.41
Tue Jul 21 17:28:45 UTC 2026,1784654925,0,0.37
Tue Jul 21 17:30:39 UTC 2026,1784655039,0,0.41
Tue Jul 21 17:31:37 UTC 2026,1784655097,0,0.38
Tue Jul 21 17:33:12 UTC 2026,1784655192,0,0.43
Tue Jul 21 17:33:17 UTC 2026,1784655197,0,0.37
Tue Jul 21 17:35:20 UTC 2026,1784655320,0,0.33
Tue Jul 21 17:36:09 UTC 2026,1784655369,0,0.42
Tue Jul 21 17:36:27 UTC 2026,1784655387,0,0.37
Tue Jul 21 17:36:59 UTC 2026,1784655419,0,0.43
Tue Jul 21 17:38:02 UTC 2026,1784655482,0,0.42
Tue Jul 21 17:39:07 UTC 2026,1784655547,0,0.34
Tue Jul 21 17:39:51 UTC 2026,1784655591,0,0.37
Tue Jul 21 17:40:46 UTC 2026,1784655646,0,0.45
Tue Jul 21 17:42:03 UTC 2026,1784655723,0,0.38
Tue Jul 21 17:42:17 UTC 2026,1784655737,0,0.43
Tue Jul 21 17:43:11 UTC 2026,1784655791,0,0.36
Tue Jul 21 17:43:51 UTC 2026,1784655831,0,0.44
Tue Jul 21 17:44:45 UTC 2026,1784655885,0,0.39
Tue Jul 21 17:46:39 UTC 2026,1784655999,0,0.43
Tue Jul 21 17:47:25 UTC 2026,1784656045,0,0.36
Tue Jul 21 17:49:01 UTC 2026,1784656141,0,0.42
Tue Jul 21 17:50:31 UTC 2026,1784656231,0,0.37
Tue Jul 21 17:51:34 UTC 2026,1784656294,0,0.41
Tue Jul 21 17:52:10 UTC 2026,1784656330,0,0.36
Tue Jul 21 17:53:27 UTC 2026,1784656407,0,0.34
Tue Jul 21 17:54:26 UTC 2026,1784656466,0,0.4
Tue Jul 21 17:54:30 UTC 2026,1784656470,0,0.41
Tue Jul 21 17:55:52 UTC 2026,1784656552,0,0.36
Tue Jul 21 17:57:42 UTC 2026,1784656662,0,0.41
Tue Jul 21 17:57:51 UTC 2026,1784656671,0,0.36
Tue Jul 21 17:58:36 UTC 2026,1784656716,0,0.41
Tue Jul 21 17:59:53 UTC 2026,1784656793,0,0.37
Tue Jul 21 18:00:20 UTC 2026,1784656820,0,0.42
Tue Jul 21 18:02:36 UTC 2026,1784656956,0,0.35
Tue Jul 21 18:03:53 UTC 2026,1784657033,0,0.43
Tue Jul 21 18:04:34 UTC 2026,1784657074,0,0.34
Tue Jul 21 18:05:43 UTC 2026,1784657143,0,0.44
Tue Jul 21 18:06:09 UTC 2026,1784657169,0,0.33
Tue Jul 21 18:07:22 UTC 2026,1784657242,0,0.44
Tue Jul 21 18:07:39 UTC 2026,1784657259,0,0.42
Tue Jul 21 18:08:30 UTC 2026,1784657310,0,0.35
Tue Jul 21 18:09:20 UTC 2026,1784657360,0,0.42
Tue Jul 21 18:09:46 UTC 2026,1784657386,0,0.36
Tue Jul 21 18:11:44 UTC 2026,1784657504,0,0.32
Tue Jul 21 18:11:58 UTC 2026,1784657518,0,0.45
Tue Jul 21 18:13:38 UTC 2026,1784657618,0,0.46
Tue Jul 21 18:13:51 UTC 2026,1784657631,0,0.37
Tue Jul 21 18:14:19 UTC 2026,1784657659,0,0.43
Tue Jul 21 18:15:09 UTC 2026,1784657709,0,0.39
Tue Jul 21 18:16:17 UTC 2026,1784657777,0,0.45
Tue Jul 21 18:17:16 UTC 2026,1784657836,0,0.39
Tue Jul 21 18:18:24 UTC 2026,1784657904,0,0.44
Tue Jul 21 18:19:26 UTC 2026,1784657966,0,0.37
Tue Jul 21 18:20:21 UTC 2026,1784658021,0,0.44
Tue Jul 21 18:20:53 UTC 2026,1784658053,0,0.39
Tue Jul 21 18:22:24 UTC 2026,1784658144,0,0.44
Tue Jul 21 18:23:01 UTC 2026,1784658181,0,0.38
Tue Jul 21 18:23:09 UTC 2026,1784658189,0,0.46
Tue Jul 21 18:24:12 UTC 2026,1784658252,0,0.4
Tue Jul 21 18:24:41 UTC 2026,1784658281,0,0.45
Tue Jul 21 18:26:29 UTC 2026,1784658389,0,0.36
Tue Jul 21 18:27:45 UTC 2026,1784658465,0,0.45
Tue Jul 21 18:28:58 UTC 2026,1784658538,0,0.37
Tue Jul 21 18:29:39 UTC 2026,1784658579,0,0.36
Tue Jul 21 18:30:12 UTC 2026,1784658612,0,0.45
Tue Jul 21 18:31:10 UTC 2026,1784658670,0,0.46
Tue Jul 21 18:32:05 UTC 2026,1784658725,0,0.4
Tue Jul 21 18:33:08 UTC 2026,1784658788,0,0.45
Tue Jul 21 18:34:25 UTC 2026,1784658865,0,0.46
Tue Jul 21 18:35:02 UTC 2026,1784658902,0,0.4
Tue Jul 21 18:37:17 UTC 2026,1784659037,0,0.46
Tue Jul 21 18:37:22 UTC 2026,1784659042,0,0.47
Tue Jul 21 18:38:30 UTC 2026,1784659110,0,0.4
Tue Jul 21 18:39:46 UTC 2026,1784659186,0,0.46
Tue Jul 21 18:40:14 UTC 2026,1784659214,0,0.41
Tue Jul 21 18:40:51 UTC 2026,1784659251,0,0.45
Tue Jul 21 18:42:07 UTC 2026,1784659327,0,0.4
Tue Jul 21 18:42:20 UTC 2026,1784659340,0,0.41
Tue Jul 21 18:42:34 UTC 2026,1784659354,0,0.46
Tue Jul 21 18:45:08 UTC 2026,1784659508,0,0.42
Tue Jul 21 18:45:22 UTC 2026,1784659522,0,0.49
Tue Jul 21 18:46:08 UTC 2026,1784659568,0,0.47
Tue Jul 21 18:47:06 UTC 2026,1784659626,0,0.4
Tue Jul 21 18:47:48 UTC 2026,1784659668,0,0.37
Tue Jul 21 18:48:10 UTC 2026,1784659690,0,0.44
Tue Jul 21 18:49:04 UTC 2026,1784659744,0,0.41
Tue Jul 21 18:49:37 UTC 2026,1784659777,0,0.46
Tue Jul 21 18:50:35 UTC 2026,1784659835,0,0.4
Tue Jul 21 18:51:11 UTC 2026,1784659871,0,0.47
Tue Jul 21 18:52:38 UTC 2026,1784659958,0,0.4
Tue Jul 21 18:53:46 UTC 2026,1784660026,0,0.47
Tue Jul 21 18:54:07 UTC 2026,1784660047,0,0.39
Tue Jul 21 18:54:58 UTC 2026,1784660098,0,0.49
Tue Jul 21 18:55:44 UTC 2026,1784660144,0,0.37
Tue Jul 21 18:55:48 UTC 2026,1784660148,0,0.45
Tue Jul 21 18:58:36 UTC 2026,1784660316,0,0.39
Tue Jul 21 18:58:40 UTC 2026,1784660320,0,0.47
Tue Jul 21 18:59:43 UTC 2026,1784660383,0,0.4
Tue Jul 21 19:00:02 UTC 2026,1784660402,0,0.46
Tue Jul 21 19:00:30 UTC 2026,1784660430,0,0.4
Tue Jul 21 19:00:47 UTC 2026,1784660447,0,0.47
Tue Jul 21 19:03:08 UTC 2026,1784660588,0,0.37
Tue Jul 21 19:04:12 UTC 2026,1784660652,0,0.46
Tue Jul 21 19:04:25 UTC 2026,1784660665,0,0.4
Tue Jul 21 19:05:50 UTC 2026,1784660750,0,0.38
Tue Jul 21 19:06:13 UTC 2026,1784660773,0,0.45
Tue Jul 21 19:07:35 UTC 2026,1784660855,0,0.47
Tue Jul 21 19:08:34 UTC 2026,1784660914,0,0.39
Tue Jul 21 19:08:42 UTC 2026,1784660922,0,0.47
Tue Jul 21 19:09:59 UTC 2026,1784660999,0,0.36
Tue Jul 21 19:10:31 UTC 2026,1784661031,0,0.41
Tue Jul 21 19:10:49 UTC 2026,1784661049,0,0.47
Tue Jul 21 19:12:07 UTC 2026,1784661127,0,0.41
Tue Jul 21 19:13:28 UTC 2026,1784661208,0,0.45
Tue Jul 21 19:14:41 UTC 2026,1784661281,0,0.4
Tue Jul 21 19:16:16 UTC 2026,1784661376,0,0.46
Tue Jul 21 19:17:24 UTC 2026,1784661444,0,0.4
Tue Jul 21 19:18:14 UTC 2026,1784661494,0,0.48
Tue Jul 21 19:18:38 UTC 2026,1784661518,0,0.39
Tue Jul 21 19:19:04 UTC 2026,1784661544,0,0.46
Tue Jul 21 19:21:02 UTC 2026,1784661662,0,0.45
Tue Jul 21 19:21:47 UTC 2026,1784661707,0,0.4
Tue Jul 21 19:22:37 UTC 2026,1784661757,0,0.47
Tue Jul 21 19:23:37 UTC 2026,1784661817,0,0.39
Tue Jul 21 19:24:54 UTC 2026,1784661894,0,0.44
Tue Jul 21 19:25:30 UTC 2026,1784661930,0,0.39
Tue Jul 21 19:26:38 UTC 2026,1784661998,0,0.44
Tue Jul 21 19:28:00 UTC 2026,1784662080,0,0.46
Tue Jul 21 19:28:04 UTC 2026,1784662084,0,0.4
Tue Jul 21 19:28:31 UTC 2026,1784662111,0,0.43
Tue Jul 21 19:29:03 UTC 2026,1784662143,0,0.36
Tue Jul 21 19:30:11 UTC 2026,1784662211,0,0.45
Tue Jul 21 19:30:29 UTC 2026,1784662229,0,0.38
Tue Jul 21 19:32:40 UTC 2026,1784662360,0,0.39
Tue Jul 21 19:33:21 UTC 2026,1784662401,0,0.44
Tue Jul 21 19:33:44 UTC 2026,1784662424,0,0.4
Tue Jul 21 19:34:30 UTC 2026,1784662470,0,0.45
Tue Jul 21 19:35:45 UTC 2026,1784662545,0,0.44
Tue Jul 21 19:35:55 UTC 2026,1784662555,0,0.41
Tue Jul 21 19:36:59 UTC 2026,1784662619,0,0.38
Tue Jul 21 19:37:07 UTC 2026,1784662627,0,0.44
Tue Jul 21 19:38:57 UTC 2026,1784662737,0,0.45
Tue Jul 21 19:40:01 UTC 2026,1784662801,0,0.39
Tue Jul 21 19:40:18 UTC 2026,1784662818,0,0.44
Tue Jul 21 19:41:22 UTC 2026,1784662882,0,0.39
Tue Jul 21 19:41:58 UTC 2026,1784662918,0,0.38
Tue Jul 21 19:42:26 UTC 2026,1784662946,0,0.44
Tue Jul 21 19:44:24 UTC 2026,1784663064,0,0.39
Tue Jul 21 19:44:32 UTC 2026,1784663072,0,0.44
Tue Jul 21 19:45:04 UTC 2026,1784663104,0,0.45
Tue Jul 21 19:45:18 UTC 2026,1784663118,0,0.41
Tue Jul 21 19:47:20 UTC 2026,1784663240,0,0.47
Tue Jul 21 19:48:05 UTC 2026,1784663285,0,0.4
Tue Jul 21 19:48:24 UTC 2026,1784663304,0,0.44
Tue Jul 21 19:49:09 UTC 2026,1784663349,0,0.4
Tue Jul 21 19:51:25 UTC 2026,1784663485,0,0.46
Tue Jul 21 19:52:10 UTC 2026,1784663530,0,0.45
Tue Jul 21 19:52:50 UTC 2026,1784663570,0,0.41
Tue Jul 21 19:53:50 UTC 2026,1784663630,0,0.46
Tue Jul 21 19:54:30 UTC 2026,1784663670,0,0.38
Tue Jul 21 19:55:57 UTC 2026,1784663757,0,0.47
Tue Jul 21 19:56:28 UTC 2026,1784663788,0,0.38
Tue Jul 21 19:57:37 UTC 2026,1784663857,0,0.37
Tue Jul 21 19:58:05 UTC 2026,1784663885,0,0.49
Tue Jul 21 19:58:22 UTC 2026,1784663902,0,0.38
Tue Jul 21 19:58:26 UTC 2026,1784663906,0,0.47
Tue Jul 21 20:00:42 UTC 2026,1784664042,0,0.36
Tue Jul 21 20:00:57 UTC 2026,1784664057,0,0.44
Tue Jul 21 20:01:47 UTC 2026,1784664107,0,0.41
Tue Jul 21 20:02:00 UTC 2026,1784664120,0,0.49
Tue Jul 21 20:03:44 UTC 2026,1784664224,0,0.4
Tue Jul 21 20:04:16 UTC 2026,1784664256,0,0.47
Tue Jul 21 20:05:15 UTC 2026,1784664315,0,0.39
Tue Jul 21 20:05:37 UTC 2026,1784664337,0,0.47
Tue Jul 21 20:06:58 UTC 2026,1784664418,0,0.41
Tue Jul 21 20:08:11 UTC 2026,1784664491,0,0.46
Tue Jul 21 20:09:25 UTC 2026,1784664565,0,0.4
Tue Jul 21 20:10:13 UTC 2026,1784664613,0,0.47
Tue Jul 21 20:10:59 UTC 2026,1784664659,0,0.4
Tue Jul 21 20:11:31 UTC 2026,1784664691,0,0.47
Tue Jul 21 20:12:53 UTC 2026,1784664773,0,0.39
Tue Jul 21 20:13:15 UTC 2026,1784664795,0,0.4
Tue Jul 21 20:14:01 UTC 2026,1784664841,0,0.45
Tue Jul 21 20:15:09 UTC 2026,1784664909,0,0.37
Tue Jul 21 20:15:36 UTC 2026,1784664936,0,0.44
Tue Jul 21 20:16:35 UTC 2026,1784664995,0,0.45
Tue Jul 21 20:17:38 UTC 2026,1784665058,0,0.38
Tue Jul 21 20:18:15 UTC 2026,1784665095,0,0.37
Tue Jul 21 20:19:13 UTC 2026,1784665153,0,0.46
Tue Jul 21 20:20:12 UTC 2026,1784665212,0,0.44
Tue Jul 21 20:21:12 UTC 2026,1784665272,0,0.37
Tue Jul 21 20:21:57 UTC 2026,1784665317,0,0.45
Tue Jul 21 20:22:28 UTC 2026,1784665348,0,0.38
Tue Jul 21 20:23:09 UTC 2026,1784665389,0,0.39
Tue Jul 21 20:23:41 UTC 2026,1784665421,0,0.45
Tue Jul 21 20:24:48 UTC 2026,1784665488,0,0.39
Tue Jul 21 20:24:58 UTC 2026,1784665498,0,0.46
Tue Jul 21 20:26:19 UTC 2026,1784665579,0,0.38
Tue Jul 21 20:26:37 UTC 2026,1784665597,0,0.43
Tue Jul 21 20:28:22 UTC 2026,1784665702,0,0.39
Tue Jul 21 20:29:30 UTC 2026,1784665770,0,0.45
Tue Jul 21 20:29:34 UTC 2026,1784665774,0,0.38
Tue Jul 21 20:30:51 UTC 2026,1784665851,0,0.43
Tue Jul 21 20:31:51 UTC 2026,1784665911,0,0.44
Tue Jul 21 20:31:55 UTC 2026,1784665915,0,0.38
Tue Jul 21 20:33:34 UTC 2026,1784666014,0,0.35
Tue Jul 21 20:34:15 UTC 2026,1784666055,0,0.47
Tue Jul 21 20:35:51 UTC 2026,1784666151,0,0.35
Tue Jul 21 20:36:18 UTC 2026,1784666178,0,0.36
Tue Jul 21 20:37:16 UTC 2026,1784666236,0,0.43
Tue Jul 21 20:38:47 UTC 2026,1784666327,0,0.38
Tue Jul 21 20:39:14 UTC 2026,1784666354,0,0.45
Tue Jul 21 20:40:00 UTC 2026,1784666400,0,0.44
Tue Jul 21 20:40:41 UTC 2026,1784666441,0,0.37
Tue Jul 21 20:41:12 UTC 2026,1784666472,0,0.45
Tue Jul 21 20:41:34 UTC 2026,1784666494,0,0.39
Tue Jul 21 20:42:47 UTC 2026,1784666567,0,0.44
Tue Jul 21 20:43:37 UTC 2026,1784666617,0,0.39
Tue Jul 21 20:45:03 UTC 2026,1784666703,0,0.43
Tue Jul 21 20:45:26 UTC 2026,1784666726,0,0.37
Tue Jul 21 20:46:11 UTC 2026,1784666771,0,0.43
Tue Jul 21 20:47:14 UTC 2026,1784666834,0,0.38
Tue Jul 21 20:48:27 UTC 2026,1784666907,0,0.46
Tue Jul 21 20:49:36 UTC 2026,1784666976,0,0.45
Tue Jul 21 20:50:24 UTC 2026,1784667024,0,0.36
Tue Jul 21 20:51:02 UTC 2026,1784667062,0,0.45
Tue Jul 21 20:51:51 UTC 2026,1784667111,0,0.37
Tue Jul 21 20:53:08 UTC 2026,1784667188,0,0.43
Tue Jul 21 20:54:16 UTC 2026,1784667256,0,0.35
Tue Jul 21 20:54:20 UTC 2026,1784667260,0,0.33
Tue Jul 21 20:55:06 UTC 2026,1784667306,0,0.45
Tue Jul 21 20:57:35 UTC 2026,1784667455,0,0.39
Tue Jul 21 20:58:07 UTC 2026,1784667487,0,0.47
Tue Jul 21 20:58:35 UTC 2026,1784667515,0,0.39
Tue Jul 21 21:00:01 UTC 2026,1784667601,0,0.36
Tue Jul 21 21:00:05 UTC 2026,1784667605,0,0.44
Tue Jul 21 21:01:03 UTC 2026,1784667663,0,0.38
Tue Jul 21 21:01:36 UTC 2026,1784667696,0,0.43
Tue Jul 21 21:03:30 UTC 2026,1784667810,0,0.44
Tue Jul 21 21:03:52 UTC 2026,1784667832,0,0.33
Tue Jul 21 21:04:19 UTC 2026,1784667859,0,0.47
Tue Jul 21 21:04:24 UTC 2026,1784667864,0,0.37
Tue Jul 21 21:06:08 UTC 2026,1784667968,0,0.45
Tue Jul 21 21:06:45 UTC 2026,1784668005,0,0.36
Tue Jul 21 21:07:44 UTC 2026,1784668064,0,0.37
Tue Jul 21 21:08:11 UTC 2026,1784668091,0,0.44
Tue Jul 21 21:09:32 UTC 2026,1784668172,0,0.37
Tue Jul 21 21:10:22 UTC 2026,1784668222,0,0.43
Tue Jul 21 21:12:20 UTC 2026,1784668340,0,0.29
Tue Jul 21 21:12:29 UTC 2026,1784668349,0,0.32
Tue Jul 21 21:13:05 UTC 2026,1784668385,0,0.41
Tue Jul 21 21:14:13 UTC 2026,1784668453,0,0.44
Tue Jul 21 21:14:27 UTC 2026,1784668467,0,0.36
Tue Jul 21 21:16:02 UTC 2026,1784668562,0,0.43
Tue Jul 21 21:17:47 UTC 2026,1784668667,0,0.36
Tue Jul 21 21:17:51 UTC 2026,1784668671,0,0.43
Tue Jul 21 21:19:08 UTC 2026,1784668748,0,0.35
Tue Jul 21 21:20:35 UTC 2026,1784668835,0,0.43
Tue Jul 21 21:21:10 UTC 2026,1784668870,0,0.41
Tue Jul 21 21:21:42 UTC 2026,1784668902,0,0.36
Tue Jul 21 21:23:50 UTC 2026,1784669030,0,0.43
Tue Jul 21 21:25:19 UTC 2026,1784669119,0,0.36
Tue Jul 21 21:26:05 UTC 2026,1784669165,0,0.37
Tue Jul 21 21:26:15 UTC 2026,1784669175,0,0.43
Tue Jul 21 21:27:46 UTC 2026,1784669266,0,0.44
Tue Jul 21 21:28:30 UTC 2026,1784669310,0,0.36
Tue Jul 21 21:29:11 UTC 2026,1784669351,0,0.42
Tue Jul 21 21:30:20 UTC 2026,1784669420,0,0.33
Tue Jul 21 21:31:14 UTC 2026,1784669474,0,0.43
Tue Jul 21 21:32:44 UTC 2026,1784669564,0,0.42
Tue Jul 21 21:33:30 UTC 2026,1784669610,0,0.35
Tue Jul 21 21:34:56 UTC 2026,1784669696,0,0.42
Tue Jul 21 21:35:23 UTC 2026,1784669723,0,0.35
Tue Jul 21 21:36:58 UTC 2026,1784669818,0,0.4
Tue Jul 21 21:37:22 UTC 2026,1784669842,0,0.39
Tue Jul 21 21:37:52 UTC 2026,1784669872,0,0.34
Tue Jul 21 21:38:56 UTC 2026,1784669936,0,0.4
Tue Jul 21 21:39:20 UTC 2026,1784669960,0,0.35
Tue Jul 21 21:40:54 UTC 2026,1784670054,0,0.34
Tue Jul 21 21:40:58 UTC 2026,1784670058,0,0.39
Tue Jul 21 21:42:38 UTC 2026,1784670158,0,0.33
Tue Jul 21 21:45:00 UTC 2026,1784670300,0,0.39
Tue Jul 21 21:45:40 UTC 2026,1784670340,0,0.32
Tue Jul 21 21:46:25 UTC 2026,1784670385,0,0.4
Tue Jul 21 21:48:00 UTC 2026,1784670480,0,0.39
Tue Jul 21 21:48:36 UTC 2026,1784670516,0,0.31
Tue Jul 21 21:50:12 UTC 2026,1784670612,0,0.38
Tue Jul 21 21:50:52 UTC 2026,1784670652,0,0.39
Tue Jul 21 21:51:37 UTC 2026,1784670697,0,0.34
Tue Jul 21 21:52:18 UTC 2026,1784670738,0,0.33
Tue Jul 21 21:52:22 UTC 2026,1784670742,0,0.38
Tue Jul 21 21:54:16 UTC 2026,1784670856,0,0.34
Tue Jul 21 21:55:16 UTC 2026,1784670916,0,0.4
Tue Jul 21 21:55:29 UTC 2026,1784670929,0,0.39
Tue Jul 21 21:55:37 UTC 2026,1784670937,0,0.35
Tue Jul 21 21:58:30 UTC 2026,1784671110,0,0.4
Tue Jul 21 21:59:56 UTC 2026,1784671196,0,0.35
Tue Jul 21 22:00:24 UTC 2026,1784671224,0,0.39
Tue Jul 21 22:00:56 UTC 2026,1784671256,0,0.35
Tue Jul 21 22:02:07 UTC 2026,1784671327,0,0.4
Tue Jul 21 22:02:17 UTC 2026,1784671337,0,0.34
Tue Jul 21 22:03:47 UTC 2026,1784671427,0,0.36
Tue Jul 21 22:04:24 UTC 2026,1784671464,0,0.4
Tue Jul 21 22:06:30 UTC 2026,1784671590,0,0.33
Tue Jul 21 22:07:03 UTC 2026,1784671623,0,0.35
Tue Jul 21 22:07:37 UTC 2026,1784671657,0,0.4
Tue Jul 21 22:09:00 UTC 2026,1784671740,0,0.41
Tue Jul 21 22:09:23 UTC 2026,1784671763,0,0.35
Tue Jul 21 22:10:17 UTC 2026,1784671817,0,0.36
Tue Jul 21 22:10:39 UTC 2026,1784671839,0,0.41
Tue Jul 21 22:13:00 UTC 2026,1784671980,0,0.36
Tue Jul 21 22:13:37 UTC 2026,1784672017,0,0.41
Tue Jul 21 22:14:41 UTC 2026,1784672081,0,0.37
Tue Jul 21 22:15:21 UTC 2026,1784672121,0,0.42
Tue Jul 21 22:15:29 UTC 2026,1784672129,0,0.37
Tue Jul 21 22:16:56 UTC 2026,1784672216,0,0.42
Tue Jul 21 22:17:05 UTC 2026,1784672225,0,0.37
Tue Jul 21 22:19:11 UTC 2026,1784672351,0,0.42
Tue Jul 21 22:21:01 UTC 2026,1784672461,0,0.41
Tue Jul 21 22:21:28 UTC 2026,1784672488,0,0.36
Tue Jul 21 22:21:59 UTC 2026,1784672519,0,0.4
Tue Jul 21 22:23:17 UTC 2026,1784672597,0,0.37
Tue Jul 21 22:24:12 UTC 2026,1784672652,0,0.41
Tue Jul 21 22:24:16 UTC 2026,1784672656,0,0.35
Tue Jul 21 22:25:20 UTC 2026,1784672720,0,0.36
Tue Jul 21 22:26:36 UTC 2026,1784672796,0,0.42
Tue Jul 21 22:26:58 UTC 2026,1784672818,0,0.41
Tue Jul 21 22:27:22 UTC 2026,1784672842,0,0.35
Tue Jul 21 22:28:25 UTC 2026,1784672905,0,0.37
Tue Jul 21 22:28:39 UTC 2026,1784672919,0,0.42
Tue Jul 21 22:30:37 UTC 2026,1784673037,0,0.44
Tue Jul 21 22:30:55 UTC 2026,1784673055,0,0.36
Tue Jul 21 22:32:04 UTC 2026,1784673124,0,0.38
Tue Jul 21 22:32:25 UTC 2026,1784673145,0,0.43
Tue Jul 21 22:33:34 UTC 2026,1784673214,0,0.37
Tue Jul 21 22:34:00 UTC 2026,1784673240,0,0.43
Tue Jul 21 22:35:37 UTC 2026,1784673337,0,0.37
Tue Jul 21 22:36:48 UTC 2026,1784673408,0,0.38
Tue Jul 21 22:36:54 UTC 2026,1784673414,0,0.43
Tue Jul 21 22:39:27 UTC 2026,1784673567,0,0.38
Tue Jul 21 22:39:50 UTC 2026,1784673590,0,0.47
Tue Jul 21 22:40:03 UTC 2026,1784673603,0,0.36
Tue Jul 21 22:40:30 UTC 2026,1784673630,0,0.45
Tue Jul 21 22:41:52 UTC 2026,1784673712,0,0.43
Tue Jul 21 22:42:56 UTC 2026,1784673776,0,0.35
Tue Jul 21 22:43:37 UTC 2026,1784673817,0,0.33
Tue Jul 21 22:44:21 UTC 2026,1784673861,0,0.44
Tue Jul 21 22:45:06 UTC 2026,1784673906,0,0.37
Tue Jul 21 22:45:25 UTC 2026,1784673925,0,0.47
Tue Jul 21 22:48:00 UTC 2026,1784674080,0,0.45
Tue Jul 21 22:48:08 UTC 2026,1784674088,0,0.37
Tue Jul 21 22:48:45 UTC 2026,1784674125,0,0.45
Tue Jul 21 22:49:39 UTC 2026,1784674179,0,0.37
Tue Jul 21 22:50:20 UTC 2026,1784674220,0,0.44
Tue Jul 21 22:50:34 UTC 2026,1784674234,0,0.37
Tue Jul 21 22:51:46 UTC 2026,1784674306,0,0.39
Tue Jul 21 22:52:23 UTC 2026,1784674343,0,0.46
Tue Jul 21 22:53:17 UTC 2026,1784674397,0,0.44
Tue Jul 21 22:53:39 UTC 2026,1784674419,0,0.37
Tue Jul 21 22:55:02 UTC 2026,1784674502,0,0.45
Tue Jul 21 22:55:32 UTC 2026,1784674532,0,0.37
Tue Jul 21 22:56:32 UTC 2026,1784674592,0,0.45
Tue Jul 21 22:57:17 UTC 2026,1784674637,0,0.37
Tue Jul 21 22:59:07 UTC 2026,1784674747,0,0.45
Tue Jul 21 22:59:24 UTC 2026,1784674764,0,0.37
Tue Jul 21 22:59:42 UTC 2026,1784674782,0,0.43
Tue Jul 21 23:01:09 UTC 2026,1784674869,0,0.34
Tue Jul 21 23:01:39 UTC 2026,1784674899,0,0.35
Tue Jul 21 23:02:25 UTC 2026,1784674945,0,0.43
Tue Jul 21 23:03:02 UTC 2026,1784674982,0,0.36
Tue Jul 21 23:03:10 UTC 2026,1784674990,0,0.43
Tue Jul 21 23:04:42 UTC 2026,1784675082,0,0.37
Tue Jul 21 23:05:04 UTC 2026,1784675104,0,0.44
Tue Jul 21 23:06:26 UTC 2026,1784675186,0,0.37
Tue Jul 21 23:06:45 UTC 2026,1784675205,0,0.45
Tue Jul 21 23:08:37 UTC 2026,1784675317,0,0.44
Tue Jul 21 23:09:00 UTC 2026,1784675340,0,0.37
Tue Jul 21 23:10:13 UTC 2026,1784675413,0,0.39
Tue Jul 21 23:10:27 UTC 2026,1784675427,0,0.43
Tue Jul 21 23:11:35 UTC 2026,1784675495,0,0.46
Tue Jul 21 23:11:43 UTC 2026,1784675503,0,0.38
Tue Jul 21 23:13:09 UTC 2026,1784675589,0,0.42
Tue Jul 21 23:14:49 UTC 2026,1784675689,0,0.43
Tue Jul 21 23:15:07 UTC 2026,1784675707,0,0.34
Tue Jul 21 23:16:38 UTC 2026,1784675798,0,0.43
Tue Jul 21 23:17:18 UTC 2026,1784675838,0,0.32
Tue Jul 21 23:17:59 UTC 2026,1784675879,0,0.43
Tue Jul 21 23:19:25 UTC 2026,1784675965,0,0.31
Tue Jul 21 23:20:33 UTC 2026,1784676033,0,0.45
Tue Jul 21 23:21:19 UTC 2026,1784676079,0,0.41
Tue Jul 21 23:22:31 UTC 2026,1784676151,0,0.35
Tue Jul 21 23:23:56 UTC 2026,1784676236,0,0.4
Tue Jul 21 23:24:02 UTC 2026,1784676242,0,0.33
Tue Jul 21 23:25:19 UTC 2026,1784676319,0,0.32
Tue Jul 21 23:26:04 UTC 2026,1784676364,0,0.42
Tue Jul 21 23:26:58 UTC 2026,1784676418,0,0.34
Tue Jul 21 23:27:53 UTC 2026,1784676473,0,0.4
Tue Jul 21 23:28:47 UTC 2026,1784676527,0,0.32
Tue Jul 21 23:29:24 UTC 2026,1784676564,0,0.35
Tue Jul 21 23:29:56 UTC 2026,1784676596,0,0.39
Tue Jul 21 23:31:17 UTC 2026,1784676677,0,0.33
Tue Jul 21 23:33:38 UTC 2026,1784676818,0,0.41
Tue Jul 21 23:35:39 UTC 2026,1784676939,0,0.33
Tue Jul 21 23:37:06 UTC 2026,1784677026,0,0.32
Tue Jul 21 23:37:37 UTC 2026,1784677057,0,0.41
Tue Jul 21 23:39:04 UTC 2026,1784677144,0,0.42
Tue Jul 21 23:39:08 UTC 2026,1784677148,0,0.34
Tue Jul 21 23:39:22 UTC 2026,1784677162,0,0.4
Tue Jul 21 23:39:26 UTC 2026,1784677166,0,0.34
Tue Jul 21 23:41:33 UTC 2026,1784677293,0,0.31
Tue Jul 21 23:41:38 UTC 2026,1784677298,0,0.41
Tue Jul 21 23:42:36 UTC 2026,1784677356,0,0.39
Tue Jul 21 23:43:00 UTC 2026,1784677380,0,0.32
Tue Jul 21 23:45:15 UTC 2026,1784677515,0,0.39
Tue Jul 21 23:47:22 UTC 2026,1784677642,0,0.4
Tue Jul 21 23:47:26 UTC 2026,1784677646,0,0.32
Tue Jul 21 23:48:07 UTC 2026,1784677687,0,0.33
Tue Jul 21 23:48:35 UTC 2026,1784677715,0,0.4
Tue Jul 21 23:49:33 UTC 2026,1784677773,0,0.39
Tue Jul 21 23:49:37 UTC 2026,1784677777,0,0.33
Tue Jul 21 23:51:09 UTC 2026,1784677869,0,0.32
Tue Jul 21 23:52:08 UTC 2026,1784677928,0,0.4
Tue Jul 21 23:53:16 UTC 2026,1784677996,0,0.39
Tue Jul 21 23:53:47 UTC 2026,1784678027,0,0.32
Tue Jul 21 23:54:33 UTC 2026,1784678073,0,0.37
Tue Jul 21 23:55:22 UTC 2026,1784678122,0,0.3
Tue Jul 21 23:56:21 UTC 2026,1784678181,0,0.32
Tue Jul 21 23:56:31 UTC 2026,1784678191,0,0.38
Tue Jul 21 23:57:30 UTC 2026,1784678250,0,0.37
Tue Jul 21 23:57:43 UTC 2026,1784678263,0,0.32
Tue Jul 21 23:59:13 UTC 2026,1784678353,0,0.38
Tue Jul 21 23:59:31 UTC 2026,1784678371,0,0.29
Wed Jul 22 00:00:58 UTC 2026,1784678458,0,0.36
Wed Jul 22 00:02:01 UTC 2026,1784678521,0,0.16
Wed Jul 22 00:02:24 UTC 2026,1784678544,0,0.42
Wed Jul 22 00:02:38 UTC 2026,1784678558,0,0.23
Wed Jul 22 00:04:18 UTC 2026,1784678658,0,0.29
Wed Jul 22 00:04:45 UTC 2026,1784678685,0,0.42
Wed Jul 22 00:06:14 UTC 2026,1784678774,0,0.4
Wed Jul 22 00:06:24 UTC 2026,1784678784,0,0.22
Wed Jul 22 00:08:04 UTC 2026,1784678884,0,0.25
Wed Jul 22 00:08:22 UTC 2026,1784678902,0,0.46
Wed Jul 22 00:10:02 UTC 2026,1784679002,0,0.17
Wed Jul 22 00:10:06 UTC 2026,1784679006,0,0.5
Wed Jul 22 00:11:11 UTC 2026,1784679071,0,0.41
Wed Jul 22 00:11:24 UTC 2026,1784679084,0,0.24
Wed Jul 22 00:13:26 UTC 2026,1784679206,0,0.25
Wed Jul 22 00:13:31 UTC 2026,1784679211,0,0.42
Wed Jul 22 00:14:47 UTC 2026,1784679287,0,0.11
Wed Jul 22 00:14:52 UTC 2026,1784679292,0,0.55
Wed Jul 22 00:15:42 UTC 2026,1784679342,0,0.22
Wed Jul 22 00:15:47 UTC 2026,1784679347,0,0.43
Wed Jul 22 00:17:58 UTC 2026,1784679478,0,0.26
Wed Jul 22 00:18:02 UTC 2026,1784679482,0,0.41
Wed Jul 22 00:18:57 UTC 2026,1784679537,0,0.21
Wed Jul 22 00:19:21 UTC 2026,1784679561,0,0.47
Wed Jul 22 00:20:42 UTC 2026,1784679642,0,0.27
Wed Jul 22 00:21:14 UTC 2026,1784679674,0,0.44
Wed Jul 22 00:22:31 UTC 2026,1784679751,0,0.35
Wed Jul 22 00:23:21 UTC 2026,1784679801,0,0.24
Wed Jul 22 00:24:38 UTC 2026,1784679878,0,0.25
Wed Jul 22 00:25:19 UTC 2026,1784679919,0,0.39
Wed Jul 22 00:26:08 UTC 2026,1784679968,0,0.26
Wed Jul 22 00:26:21 UTC 2026,1784679981,0,0.36
Wed Jul 22 00:28:11 UTC 2026,1784680091,0,0.4
Wed Jul 22 00:28:42 UTC 2026,1784680122,0,0.25
Wed Jul 22 00:29:01 UTC 2026,1784680141,0,0.22
Wed Jul 22 00:30:00 UTC 2026,1784680200,0,0.34
Wed Jul 22 00:31:12 UTC 2026,1784680272,0,0.21
Wed Jul 22 00:31:49 UTC 2026,1784680309,0,0.36
Wed Jul 22 00:32:25 UTC 2026,1784680345,0,0.22
Wed Jul 22 00:33:10 UTC 2026,1784680390,0,0.37
Wed Jul 22 00:34:55 UTC 2026,1784680495,0,0.26
Wed Jul 22 00:35:05 UTC 2026,1784680505,0,0.37
Wed Jul 22 00:35:40 UTC 2026,1784680540,0,0.42
Wed Jul 22 00:36:53 UTC 2026,1784680613,0,0.24
Wed Jul 22 00:37:15 UTC 2026,1784680635,0,0.49
Wed Jul 22 00:37:34 UTC 2026,1784680654,0,0.21
Wed Jul 22 00:39:50 UTC 2026,1784680790,0,0.37
Wed Jul 22 00:40:16 UTC 2026,1784680816,0,0.2
Wed Jul 22 00:40:44 UTC 2026,1784680844,0,0.34
Wed Jul 22 00:40:49 UTC 2026,1784680849,0,0.21
Wed Jul 22 00:41:07 UTC 2026,1784680867,0,0.27
Wed Jul 22 00:41:11 UTC 2026,1784680871,0,0.38
Wed Jul 22 00:41:16 UTC 2026,1784680876,0,0.22
Wed Jul 22 00:41:48 UTC 2026,1784680908,0,0.33
Wed Jul 22 00:43:00 UTC 2026,1784680980,0,0.2
Wed Jul 22 00:43:04 UTC 2026,1784680984,0,0.4
Wed Jul 22 00:44:25 UTC 2026,1784681065,0,-0.03
Wed Jul 22 00:44:40 UTC 2026,1784681080,0,0.38
Wed Jul 22 00:45:25 UTC 2026,1784681125,0,0.51
Wed Jul 22 00:45:34 UTC 2026,1784681134,0,0.09
Wed Jul 22 00:47:00 UTC 2026,1784681220,0,0.33
Wed Jul 22 00:48:00 UTC 2026,1784681280,0,0.13
Wed Jul 22 00:49:07 UTC 2026,1784681347,0,0.36
Wed Jul 22 00:50:11 UTC 2026,1784681411,0,0.13
Wed Jul 22 00:50:21 UTC 2026,1784681421,0,0.34
Wed Jul 22 00:51:29 UTC 2026,1784681489,0,0.15
Wed Jul 22 00:52:36 UTC 2026,1784681556,0,0.28
Wed Jul 22 00:53:21 UTC 2026,1784681601,0,0.19
Wed Jul 22 00:54:16 UTC 2026,1784681656,0,0.3
Wed Jul 22 00:55:10 UTC 2026,1784681710,0,0.13
Wed Jul 22 00:56:22 UTC 2026,1784681782,0,0.33
Wed Jul 22 00:56:27 UTC 2026,1784681787,0,-0.04
Wed Jul 22 00:57:45 UTC 2026,1784681865,0,0.1
Wed Jul 22 00:58:06 UTC 2026,1784681886,0,0.48
Wed Jul 22 00:58:30 UTC 2026,1784681910,0,0.46
Wed Jul 22 00:58:43 UTC 2026,1784681923,0,0.19
Wed Jul 22 01:00:17 UTC 2026,1784682017,0,0.35
Wed Jul 22 01:01:30 UTC 2026,1784682090,0,0.13
Wed Jul 22 01:02:02 UTC 2026,1784682122,0,0.17
Wed Jul 22 01:02:52 UTC 2026,1784682172,0,0.32
Wed Jul 22 01:03:50 UTC 2026,1784682230,0,0.18
Wed Jul 22 01:04:54 UTC 2026,1784682294,0,0.36
Wed Jul 22 01:05:11 UTC 2026,1784682311,0,0.13
Wed Jul 22 01:06:11 UTC 2026,1784682371,0,0.33
Wed Jul 22 01:08:09 UTC 2026,1784682489,0,0.14
Wed Jul 22 01:08:18 UTC 2026,1784682498,0,0.33
Wed Jul 22 01:09:31 UTC 2026,1784682571,0,0.54
Wed Jul 22 01:09:40 UTC 2026,1784682580,0,0.03
Wed Jul 22 01:11:01 UTC 2026,1784682661,0,0.37
Wed Jul 22 01:11:14 UTC 2026,1784682674,0,0.18
Wed Jul 22 01:12:41 UTC 2026,1784682761,0,0.17
Wed Jul 22 01:12:45 UTC 2026,1784682765,0,0.33
Wed Jul 22 01:13:31 UTC 2026,1784682811,0,0.35
Wed Jul 22 01:13:49 UTC 2026,1784682829,0,0.18
Wed Jul 22 01:15:19 UTC 2026,1784682919,0,0.29
Wed Jul 22 01:15:24 UTC 2026,1784682924,0,0.19
Wed Jul 22 01:16:55 UTC 2026,1784683015,0,0.3
Wed Jul 22 01:17:58 UTC 2026,1784683078,0,0.21
Wed Jul 22 01:18:25 UTC 2026,1784683105,0,0.29
Wed Jul 22 01:19:11 UTC 2026,1784683151,0,0.22
Wed Jul 22 01:20:55 UTC 2026,1784683255,0,0.19
Wed Jul 22 01:21:04 UTC 2026,1784683264,0,0.34
Wed Jul 22 01:21:36 UTC 2026,1784683296,0,0.28
Wed Jul 22 01:21:45 UTC 2026,1784683305,0,0.19
Wed Jul 22 01:23:20 UTC 2026,1784683400,0,0.28
Wed Jul 22 01:24:27 UTC 2026,1784683467,0,0.2
Wed Jul 22 01:25:41 UTC 2026,1784683541,0,0.28
Wed Jul 22 01:26:21 UTC 2026,1784683581,0,0.18
Wed Jul 22 01:26:35 UTC 2026,1784683595,0,0.2
Wed Jul 22 01:27:56 UTC 2026,1784683676,0,0.26
Wed Jul 22 01:28:33 UTC 2026,1784683713,0,0.2
Wed Jul 22 01:29:00 UTC 2026,1784683740,0,0.27
Wed Jul 22 01:31:03 UTC 2026,1784683863,0,0.21
Wed Jul 22 01:31:25 UTC 2026,1784683885,0,0.28
Wed Jul 22 01:32:29 UTC 2026,1784683949,0,0.2
Wed Jul 22 01:32:47 UTC 2026,1784683967,0,0.3
Wed Jul 22 01:33:10 UTC 2026,1784683990,0,0.22
Wed Jul 22 01:33:41 UTC 2026,1784684021,0,0.28
Wed Jul 22 01:35:25 UTC 2026,1784684125,0,0.01
Wed Jul 22 01:35:43 UTC 2026,1784684143,0,0.49
Wed Jul 22 01:36:35 UTC 2026,1784684195,0,0.14
Wed Jul 22 01:37:37 UTC 2026,1784684257,0,0.29
Wed Jul 22 01:39:03 UTC 2026,1784684343,0,0.2
Wed Jul 22 01:39:48 UTC 2026,1784684388,0,0.22
Wed Jul 22 01:40:03 UTC 2026,1784684403,0,0.28
Wed Jul 22 01:42:59 UTC 2026,1784684579,0,0.2
Wed Jul 22 01:44:34 UTC 2026,1784684674,0,0.29
Wed Jul 22 01:45:55 UTC 2026,1784684755,0,0.31
Wed Jul 22 01:46:19 UTC 2026,1784684779,0,0.18
Wed Jul 22 01:46:45 UTC 2026,1784684805,0,0.33
Wed Jul 22 01:47:49 UTC 2026,1784684869,0,0.12
Wed Jul 22 01:48:26 UTC 2026,1784684906,0,0.35
Wed Jul 22 01:49:24 UTC 2026,1784684964,0,0.06
Wed Jul 22 01:50:05 UTC 2026,1784685005,0,0.18
Wed Jul 22 01:50:41 UTC 2026,1784685041,0,0.36
Wed Jul 22 01:52:25 UTC 2026,1784685145,0,0.31
Wed Jul 22 01:52:31 UTC 2026,1784685151,0,0.21
Wed Jul 22 01:52:58 UTC 2026,1784685178,0,0.29
Wed Jul 22 01:54:23 UTC 2026,1784685263,0,0.19
Wed Jul 22 01:56:04 UTC 2026,1784685364,0,0.15
Wed Jul 22 01:56:13 UTC 2026,1784685373,0,0.32
Wed Jul 22 01:57:06 UTC 2026,1784685426,0,0.33
Wed Jul 22 01:57:29 UTC 2026,1784685449,0,0.14
Wed Jul 22 01:57:56 UTC 2026,1784685476,0,0.2
Wed Jul 22 01:58:01 UTC 2026,1784685481,0,0.27
Wed Jul 22 01:59:59 UTC 2026,1784685599,0,0.36
Wed Jul 22 02:00:03 UTC 2026,1784685603,0,0.11
Wed Jul 22 02:01:43 UTC 2026,1784685703,0,0.29
Wed Jul 22 02:01:47 UTC 2026,1784685707,0,0.17
Wed Jul 22 02:03:45 UTC 2026,1784685825,0,0.13
Wed Jul 22 02:03:54 UTC 2026,1784685834,0,0.36
Wed Jul 22 02:05:20 UTC 2026,1784685920,0,0.45
Wed Jul 22 02:06:00 UTC 2026,1784685960,0,0.05
Wed Jul 22 02:06:14 UTC 2026,1784685974,0,0.16
Wed Jul 22 02:06:28 UTC 2026,1784685988,0,0.32
Wed Jul 22 02:07:59 UTC 2026,1784686079,0,0.31
Wed Jul 22 02:08:27 UTC 2026,1784686107,0,0.19
Wed Jul 22 02:09:42 UTC 2026,1784686182,0,0.29
Wed Jul 22 02:09:52 UTC 2026,1784686192,0,0.16
Wed Jul 22 02:12:40 UTC 2026,1784686360,0,0.33
Wed Jul 22 02:12:49 UTC 2026,1784686369,0,0.31
Wed Jul 22 02:13:17 UTC 2026,1784686397,0,0.18
Wed Jul 22 02:15:14 UTC 2026,1784686514,0,0.33
Wed Jul 22 02:15:46 UTC 2026,1784686546,0,0.11
Wed Jul 22 02:16:13 UTC 2026,1784686573,0,0.08
Wed Jul 22 02:17:39 UTC 2026,1784686659,0,0.32
Wed Jul 22 02:17:53 UTC 2026,1784686673,0,0.07
Wed Jul 22 02:18:34 UTC 2026,1784686714,0,0.33
Wed Jul 22 02:20:55 UTC 2026,1784686855,0,0.03
Wed Jul 22 02:20:59 UTC 2026,1784686859,0,0.41
Wed Jul 22 02:21:53 UTC 2026,1784686913,0,0.08
Wed Jul 22 02:22:26 UTC 2026,1784686946,0,0.29
Wed Jul 22 02:23:37 UTC 2026,1784687017,0,0.33
Wed Jul 22 02:23:56 UTC 2026,1784687036,0,0.07
Wed Jul 22 02:24:37 UTC 2026,1784687077,0,0.14
Wed Jul 22 02:25:12 UTC 2026,1784687112,0,0.32
Wed Jul 22 02:27:06 UTC 2026,1784687226,0,0.36
Wed Jul 22 02:27:12 UTC 2026,1784687232,0,-0.05
Wed Jul 22 02:27:38 UTC 2026,1784687258,0,0.07
Wed Jul 22 02:28:19 UTC 2026,1784687299,0,0.31
Wed Jul 22 02:29:44 UTC 2026,1784687384,0,0.18
Wed Jul 22 02:30:40 UTC 2026,1784687440,0,0.29
Wed Jul 22 02:31:11 UTC 2026,1784687471,0,0.19
Wed Jul 22 02:31:56 UTC 2026,1784687516,0,0.33
Wed Jul 22 02:33:13 UTC 2026,1784687593,0,0.3
Wed Jul 22 02:33:59 UTC 2026,1784687639,0,0.14
Wed Jul 22 02:34:44 UTC 2026,1784687684,0,0.12
Wed Jul 22 02:35:48 UTC 2026,1784687748,0,0.35
Wed Jul 22 02:37:09 UTC 2026,1784687829,0,0.01
Wed Jul 22 02:37:18 UTC 2026,1784687838,0,0.33
Wed Jul 22 02:38:04 UTC 2026,1784687884,0,0.01
Wed Jul 22 02:38:31 UTC 2026,1784687911,0,0.28
Wed Jul 22 02:40:28 UTC 2026,1784688028,0,0.36
Wed Jul 22 02:40:47 UTC 2026,1784688047,0,0.06
Wed Jul 22 02:41:14 UTC 2026,1784688074,0,-0.03
Wed Jul 22 02:42:08 UTC 2026,1784688128,0,0.37
Wed Jul 22 02:42:58 UTC 2026,1784688178,0,0.11
Wed Jul 22 02:43:02 UTC 2026,1784688182,0,0.38
Wed Jul 22 02:44:51 UTC 2026,1784688291,0,0.04
Wed Jul 22 02:44:56 UTC 2026,1784688296,0,0.27
Wed Jul 22 02:46:41 UTC 2026,1784688401,0,0.35
Wed Jul 22 02:46:45 UTC 2026,1784688405,0,-0.02
Wed Jul 22 02:48:02 UTC 2026,1784688482,0,0.33
Wed Jul 22 02:48:06 UTC 2026,1784688486,0,0.0
Wed Jul 22 02:49:46 UTC 2026,1784688586,0,0.35
Wed Jul 22 02:50:36 UTC 2026,1784688636,0,0.05
Wed Jul 22 02:50:50 UTC 2026,1784688650,0,-0.08
Wed Jul 22 02:51:04 UTC 2026,1784688664,0,0.3
Wed Jul 22 02:53:15 UTC 2026,1784688795,0,0.29
Wed Jul 22 02:53:28 UTC 2026,1784688808,0,0.1
Wed Jul 22 02:54:28 UTC 2026,1784688868,0,0.26
Wed Jul 22 02:54:32 UTC 2026,1784688872,0,0.0
Wed Jul 22 02:56:17 UTC 2026,1784688977,0,0.09
Wed Jul 22 02:56:25 UTC 2026,1784688985,0,0.22
Wed Jul 22 02:58:14 UTC 2026,1784689094,0,0.25
Wed Jul 22 02:58:46 UTC 2026,1784689126,0,-0.04
Wed Jul 22 02:59:13 UTC 2026,1784689153,0,0.04
Wed Jul 22 02:59:18 UTC 2026,1784689158,0,0.33
Wed Jul 22 03:01:02 UTC 2026,1784689262,0,0.25
Wed Jul 22 03:01:06 UTC 2026,1784689266,0,0.05
Wed Jul 22 03:02:23 UTC 2026,1784689343,0,0.24
Wed Jul 22 03:03:45 UTC 2026,1784689425,0,0.11
Wed Jul 22 03:05:25 UTC 2026,1784689525,0,0.24
Wed Jul 22 03:05:30 UTC 2026,1784689530,0,0.05
Wed Jul 22 03:05:35 UTC 2026,1784689535,0,0.02
Wed Jul 22 03:06:51 UTC 2026,1784689611,0,0.33
Wed Jul 22 03:07:41 UTC 2026,1784689661,0,0.25
Wed Jul 22 03:08:44 UTC 2026,1784689724,0,0.01
Wed Jul 22 03:09:21 UTC 2026,1784689761,0,0.3
Wed Jul 22 03:09:25 UTC 2026,1784689765,0,0.06
Wed Jul 22 03:11:00 UTC 2026,1784689860,0,0.28
Wed Jul 22 03:11:14 UTC 2026,1784689874,0,-0.05
Wed Jul 22 03:13:17 UTC 2026,1784689997,0,0.34
Wed Jul 22 03:13:30 UTC 2026,1784690010,0,-0.04
Wed Jul 22 03:13:58 UTC 2026,1784690038,0,0.06
Wed Jul 22 03:14:25 UTC 2026,1784690065,0,0.2
Wed Jul 22 03:16:36 UTC 2026,1784690196,0,0.23
Wed Jul 22 03:16:46 UTC 2026,1784690206,0,-0.04
Wed Jul 22 03:17:44 UTC 2026,1784690264,0,0.24
Wed Jul 22 03:18:34 UTC 2026,1784690314,0,0.05
Wed Jul 22 03:19:32 UTC 2026,1784690372,0,0.21
Wed Jul 22 03:20:00 UTC 2026,1784690400,0,0.04
Wed Jul 22 03:20:27 UTC 2026,1784690427,0,0.2
Wed Jul 22 03:21:04 UTC 2026,1784690464,0,0.03
Wed Jul 22 03:22:39 UTC 2026,1784690559,0,0.22
Wed Jul 22 03:23:28 UTC 2026,1784690608,0,0.06
Wed Jul 22 03:24:37 UTC 2026,1784690677,0,0.26
Wed Jul 22 03:25:04 UTC 2026,1784690704,0,0.07
Wed Jul 22 03:25:36 UTC 2026,1784690736,0,0.04
Wed Jul 22 03:26:57 UTC 2026,1784690817,0,0.21
Wed Jul 22 03:27:02 UTC 2026,1784690822,0,0.12
Wed Jul 22 03:27:47 UTC 2026,1784690867,0,0.23
Wed Jul 22 03:28:42 UTC 2026,1784690922,0,0.22
Wed Jul 22 03:29:54 UTC 2026,1784690994,0,0.11
Wed Jul 22 03:31:52 UTC 2026,1784691112,0,0.2
Wed Jul 22 03:31:57 UTC 2026,1784691117,0,0.22
Wed Jul 22 03:33:19 UTC 2026,1784691199,0,0.04
Wed Jul 22 03:34:08 UTC 2026,1784691248,0,-0.05
Wed Jul 22 03:34:13 UTC 2026,1784691253,0,0.25
Wed Jul 22 03:35:39 UTC 2026,1784691339,0,0.22
Wed Jul 22 03:35:48 UTC 2026,1784691348,0,0.05
Wed Jul 22 03:37:05 UTC 2026,1784691425,0,0.03
Wed Jul 22 03:37:32 UTC 2026,1784691452,0,0.28
Wed Jul 22 03:39:07 UTC 2026,1784691547,0,0.23
Wed Jul 22 03:39:40 UTC 2026,1784691580,0,-0.01
Wed Jul 22 03:40:16 UTC 2026,1784691616,0,0.16
Wed Jul 22 03:40:24 UTC 2026,1784691624,0,0.07
Wed Jul 22 03:42:50 UTC 2026,1784691770,0,0.15
Wed Jul 22 03:43:36 UTC 2026,1784691816,0,0.09
Wed Jul 22 03:44:57 UTC 2026,1784691897,0,0.16
Wed Jul 22 03:45:10 UTC 2026,1784691910,0,0.18
Wed Jul 22 03:45:37 UTC 2026,1784691937,0,0.08
Wed Jul 22 03:47:17 UTC 2026,1784692037,0,0.17
Wed Jul 22 03:48:15 UTC 2026,1784692095,0,0.04
Wed Jul 22 03:48:48 UTC 2026,1784692128,0,0.26
Wed Jul 22 03:49:10 UTC 2026,1784692150,0,-0.11
Wed Jul 22 03:50:45 UTC 2026,1784692245,0,0.25
Wed Jul 22 03:51:39 UTC 2026,1784692299,0,-0.04
Wed Jul 22 03:52:20 UTC 2026,1784692340,0,0.22
Wed Jul 22 03:52:57 UTC 2026,1784692377,0,0.03
Wed Jul 22 03:53:28 UTC 2026,1784692408,0,0.18
Wed Jul 22 03:54:55 UTC 2026,1784692495,0,0.09
Wed Jul 22 03:55:40 UTC 2026,1784692540,0,0.2
Wed Jul 22 03:56:40 UTC 2026,1784692600,0,0.03
Wed Jul 22 03:57:01 UTC 2026,1784692621,0,0.38
Wed Jul 22 03:57:10 UTC 2026,1784692630,0,-0.07
Wed Jul 22 03:58:23 UTC 2026,1784692703,0,0.19
Wed Jul 22 03:58:28 UTC 2026,1784692708,0,0.04
Wed Jul 22 04:01:06 UTC 2026,1784692866,0,0.2
Wed Jul 22 04:01:11 UTC 2026,1784692871,0,-0.11
Wed Jul 22 04:01:51 UTC 2026,1784692911,0,0.2
Wed Jul 22 04:02:46 UTC 2026,1784692966,0,0.04
Wed Jul 22 04:04:48 UTC 2026,1784693088,0,0.15
Wed Jul 22 04:04:58 UTC 2026,1784693098,0,0.02
Wed Jul 22 04:05:06 UTC 2026,1784693106,0,0.16
Wed Jul 22 04:07:05 UTC 2026,1784693225,0,0.2
Wed Jul 22 04:07:36 UTC 2026,1784693256,0,0.02
Wed Jul 22 04:08:21 UTC 2026,1784693301,0,-0.03
Wed Jul 22 04:09:25 UTC 2026,1784693365,0,0.13
Wed Jul 22 04:10:55 UTC 2026,1784693455,0,-0.07
Wed Jul 22 04:11:00 UTC 2026,1784693460,0,0.19
Wed Jul 22 04:11:41 UTC 2026,1784693501,0,0.02
Wed Jul 22 04:12:44 UTC 2026,1784693564,0,0.16
Wed Jul 22 04:14:15 UTC 2026,1784693655,0,-0.01
Wed Jul 22 04:14:37 UTC 2026,1784693677,0,0.2
Wed Jul 22 04:15:09 UTC 2026,1784693709,0,0.05
Wed Jul 22 04:16:22 UTC 2026,1784693782,0,0.14
Wed Jul 22 04:17:43 UTC 2026,1784693863,0,0.28
Wed Jul 22 04:17:53 UTC 2026,1784693873,0,-0.05
Wed Jul 22 04:18:53 UTC 2026,1784693933,0,0.02
Wed Jul 22 04:19:06 UTC 2026,1784693946,0,0.16
Wed Jul 22 04:20:59 UTC 2026,1784694059,0,0.02
Wed Jul 22 04:21:12 UTC 2026,1784694072,0,0.2
Wed Jul 22 04:21:58 UTC 2026,1784694118,0,0.17
Wed Jul 22 04:22:21 UTC 2026,1784694141,0,0.04
Wed Jul 22 04:23:37 UTC 2026,1784694217,0,0.18
Wed Jul 22 04:24:17 UTC 2026,1784694257,0,0.04
Wed Jul 22 04:25:25 UTC 2026,1784694325,0,0.19
Wed Jul 22 04:25:54 UTC 2026,1784694354,0,0.04
Wed Jul 22 04:26:57 UTC 2026,1784694417,0,0.13
Wed Jul 22 04:27:15 UTC 2026,1784694435,0,-0.11
Wed Jul 22 04:28:05 UTC 2026,1784694485,0,-0.03
Wed Jul 22 04:28:37 UTC 2026,1784694517,0,0.16
Wed Jul 22 04:29:53 UTC 2026,1784694593,0,0.01
Wed Jul 22 04:30:12 UTC 2026,1784694612,0,0.16
Wed Jul 22 04:31:55 UTC 2026,1784694715,0,-0.01
Wed Jul 22 04:32:36 UTC 2026,1784694756,0,0.15
Wed Jul 22 04:33:03 UTC 2026,1784694783,0,-0.01
Wed Jul 22 04:33:54 UTC 2026,1784694834,0,0.23
Wed Jul 22 04:34:49 UTC 2026,1784694889,0,-0.01
Wed Jul 22 04:35:51 UTC 2026,1784694951,0,0.16
Wed Jul 22 04:36:19 UTC 2026,1784694979,0,0.21
Wed Jul 22 04:36:24 UTC 2026,1784694984,0,-0.02
Wed Jul 22 04:37:58 UTC 2026,1784695078,0,0.02
Wed Jul 22 04:38:03 UTC 2026,1784695083,0,0.16
Wed Jul 22 04:41:00 UTC 2026,1784695260,0,0.01
Wed Jul 22 04:41:10 UTC 2026,1784695270,0,0.16
Wed Jul 22 04:41:36 UTC 2026,1784695296,0,0.01
Wed Jul 22 04:42:44 UTC 2026,1784695364,0,0.12
Wed Jul 22 04:44:10 UTC 2026,1784695450,0,0.18
Wed Jul 22 04:44:15 UTC 2026,1784695455,0,0.01
Wed Jul 22 04:44:37 UTC 2026,1784695477,0,0.13
Wed Jul 22 04:45:05 UTC 2026,1784695505,0,-0.02
Wed Jul 22 04:46:54 UTC 2026,1784695614,0,0.24
Wed Jul 22 04:47:48 UTC 2026,1784695668,0,0.02
Wed Jul 22 04:47:52 UTC 2026,1784695672,0,0.07
Wed Jul 22 04:49:29 UTC 2026,1784695769,0,0.2
Wed Jul 22 04:49:51 UTC 2026,1784695791,0,0.16
Wed Jul 22 04:50:40 UTC 2026,1784695840,0,-0.01
Wed Jul 22 04:51:35 UTC 2026,1784695895,0,0.15
Wed Jul 22 04:51:48 UTC 2026,1784695908,0,0.04
Wed Jul 22 04:52:57 UTC 2026,1784695977,0,0.12
Wed Jul 22 04:53:47 UTC 2026,1784696027,0,-0.02
Wed Jul 22 04:54:32 UTC 2026,1784696072,0,0.03
Wed Jul 22 04:54:36 UTC 2026,1784696076,0,0.16
Wed Jul 22 04:56:16 UTC 2026,1784696176,0,-0.05
Wed Jul 22 04:57:29 UTC 2026,1784696249,0,0.13
Wed Jul 22 04:57:56 UTC 2026,1784696276,0,-0.05
Wed Jul 22 04:59:08 UTC 2026,1784696348,0,0.21
Wed Jul 22 04:59:39 UTC 2026,1784696379,0,0.03
Wed Jul 22 04:59:58 UTC 2026,1784696398,0,0.14
Wed Jul 22 05:02:23 UTC 2026,1784696543,0,0.16
Wed Jul 22 05:02:33 UTC 2026,1784696553,0,-0.01
Wed Jul 22 05:03:00 UTC 2026,1784696580,0,-0.11
Wed Jul 22 05:03:04 UTC 2026,1784696584,0,0.14
Wed Jul 22 05:04:40 UTC 2026,1784696680,0,-0.02
Wed Jul 22 05:05:15 UTC 2026,1784696715,0,0.15
Wed Jul 22 05:06:51 UTC 2026,1784696811,0,0.12
Wed Jul 22 05:07:04 UTC 2026,1784696824,0,-0.04
Wed Jul 22 05:08:17 UTC 2026,1784696897,0,-0.01
Wed Jul 22 05:08:53 UTC 2026,1784696933,0,0.15
Wed Jul 22 05:10:01 UTC 2026,1784697001,0,-0.01
Wed Jul 22 05:10:41 UTC 2026,1784697041,0,0.17
Wed Jul 22 05:11:00 UTC 2026,1784697060,0,0.13
Wed Jul 22 05:11:18 UTC 2026,1784697078,0,-0.01
Wed Jul 22 05:13:33 UTC 2026,1784697213,0,0.13
Wed Jul 22 05:13:52 UTC 2026,1784697232,0,0.01
Wed Jul 22 05:14:37 UTC 2026,1784697277,0,-0.04
Wed Jul 22 05:15:31 UTC 2026,1784697331,0,0.12
Wed Jul 22 05:15:55 UTC 2026,1784697355,0,-0.04
Wed Jul 22 05:16:40 UTC 2026,1784697400,0,0.17
Wed Jul 22 05:18:02 UTC 2026,1784697482,0,-0.02
Wed Jul 22 05:18:06 UTC 2026,1784697486,0,0.18
Wed Jul 22 05:19:23 UTC 2026,1784697563,0,0.16
Wed Jul 22 05:19:46 UTC 2026,1784697586,0,-0.06
Wed Jul 22 05:21:11 UTC 2026,1784697671,0,-0.09
Wed Jul 22 05:21:48 UTC 2026,1784697708,0,0.15
Wed Jul 22 05:23:42 UTC 2026,1784697822,0,0.19
Wed Jul 22 05:23:55 UTC 2026,1784697835,0,-0.13
Wed Jul 22 05:24:40 UTC 2026,1784697880,0,-0.07
Wed Jul 22 05:24:59 UTC 2026,1784697899,0,0.12
Wed Jul 22 05:25:53 UTC 2026,1784697953,0,0.1
Wed Jul 22 05:27:09 UTC 2026,1784698029,0,-0.14
Wed Jul 22 05:27:34 UTC 2026,1784698054,0,0.17
Wed Jul 22 05:27:42 UTC 2026,1784698062,0,-0.03
Wed Jul 22 05:29:26 UTC 2026,1784698166,0,0.13
Wed Jul 22 05:30:10 UTC 2026,1784698210,0,-0.06
Wed Jul 22 05:31:05 UTC 2026,1784698265,0,0.0
Wed Jul 22 05:32:04 UTC 2026,1784698324,0,0.1
Wed Jul 22 05:33:08 UTC 2026,1784698388,0,0.24
Wed Jul 22 05:33:26 UTC 2026,1784698406,0,-0.16
Wed Jul 22 05:34:16 UTC 2026,1784698456,0,-0.07
Wed Jul 22 05:34:56 UTC 2026,1784698496,0,0.16
Wed Jul 22 05:36:41 UTC 2026,1784698601,0,0.2
Wed Jul 22 05:37:03 UTC 2026,1784698623,0,-0.09
Wed Jul 22 05:38:12 UTC 2026,1784698692,0,0.22
Wed Jul 22 05:38:57 UTC 2026,1784698737,0,-0.06
Wed Jul 22 05:39:29 UTC 2026,1784698769,0,0.13
Wed Jul 22 05:39:51 UTC 2026,1784698791,0,-0.1
Wed Jul 22 05:40:42 UTC 2026,1784698842,0,-0.09
Wed Jul 22 05:42:17 UTC 2026,1784698937,0,0.22
Wed Jul 22 05:43:24 UTC 2026,1784699004,0,0.23
Wed Jul 22 05:43:47 UTC 2026,1784699027,0,-0.26
Wed Jul 22 05:44:28 UTC 2026,1784699068,0,-0.07
Wed Jul 22 05:45:32 UTC 2026,1784699132,0,0.12
Wed Jul 22 05:45:45 UTC 2026,1784699145,0,-0.11
Wed Jul 22 05:46:44 UTC 2026,1784699204,0,0.14
Wed Jul 22 05:47:16 UTC 2026,1784699236,0,0.13
Wed Jul 22 05:48:01 UTC 2026,1784699281,0,-0.12
Wed Jul 22 05:49:31 UTC 2026,1784699371,0,-0.04
Wed Jul 22 05:49:49 UTC 2026,1784699389,0,0.06
Wed Jul 22 05:51:07 UTC 2026,1784699467,0,0.11
Wed Jul 22 05:51:16 UTC 2026,1784699476,0,-0.03
Wed Jul 22 05:52:14 UTC 2026,1784699534,0,0.19
Wed Jul 22 05:52:33 UTC 2026,1784699553,0,-0.12
Wed Jul 22 05:54:03 UTC 2026,1784699643,0,-0.07
Wed Jul 22 05:54:11 UTC 2026,1784699651,0,0.04
Wed Jul 22 05:56:42 UTC 2026,1784699802,0,0.07
Wed Jul 22 05:56:46 UTC 2026,1784699806,0,-0.15
Wed Jul 22 05:57:53 UTC 2026,1784699873,0,-0.16
Wed Jul 22 05:58:35 UTC 2026,1784699915,0,0.08
Wed Jul 22 05:58:53 UTC 2026,1784699933,0,0.1
Wed Jul 22 05:59:11 UTC 2026,1784699951,0,-0.11
Wed Jul 22 06:00:37 UTC 2026,1784700037,0,0.07
Wed Jul 22 06:01:41 UTC 2026,1784700101,0,-0.08
Wed Jul 22 06:02:14 UTC 2026,1784700134,0,0.05
Wed Jul 22 06:03:25 UTC 2026,1784700205,0,-0.09
Wed Jul 22 06:04:24 UTC 2026,1784700264,0,-0.11
Wed Jul 22 06:04:42 UTC 2026,1784700282,0,0.08
Wed Jul 22 06:06:09 UTC 2026,1784700369,0,-0.07
Wed Jul 22 06:06:40 UTC 2026,1784700400,0,0.08
Wed Jul 22 06:07:12 UTC 2026,1784700432,0,0.09
Wed Jul 22 06:07:44 UTC 2026,1784700464,0,-0.05
Wed Jul 22 06:09:14 UTC 2026,1784700554,0,-0.11
Wed Jul 22 06:09:27 UTC 2026,1784700567,0,0.1
Wed Jul 22 06:10:22 UTC 2026,1784700622,0,-0.05
Wed Jul 22 06:10:36 UTC 2026,1784700636,0,0.08
Wed Jul 22 06:12:20 UTC 2026,1784700740,0,-0.07
Wed Jul 22 06:13:19 UTC 2026,1784700799,0,0.11
Wed Jul 22 06:14:01 UTC 2026,1784700841,0,-0.08
Wed Jul 22 06:14:18 UTC 2026,1784700858,0,0.05
Wed Jul 22 06:15:39 UTC 2026,1784700939,0,0.11
Wed Jul 22 06:16:03 UTC 2026,1784700963,0,-0.12
Wed Jul 22 06:18:10 UTC 2026,1784701090,0,0.05
Wed Jul 22 06:18:31 UTC 2026,1784701111,0,-0.05
Wed Jul 22 06:20:02 UTC 2026,1784701202,0,0.06
Wed Jul 22 06:20:12 UTC 2026,1784701212,0,-0.07
Wed Jul 22 06:21:33 UTC 2026,1784701293,0,-0.04
Wed Jul 22 06:21:38 UTC 2026,1784701298,0,0.09
Wed Jul 22 06:23:21 UTC 2026,1784701401,0,0.06
Wed Jul 22 06:23:30 UTC 2026,1784701410,0,-0.05
Wed Jul 22 06:23:34 UTC 2026,1784701414,0,0.07
Wed Jul 22 06:24:43 UTC 2026,1784701483,0,-0.05
Wed Jul 22 06:25:52 UTC 2026,1784701552,0,0.22
Wed Jul 22 06:26:32 UTC 2026,1784701592,0,-0.08
Wed Jul 22 06:26:55 UTC 2026,1784701615,0,-0.11
Wed Jul 22 06:27:50 UTC 2026,1784701670,0,0.11
Wed Jul 22 06:28:30 UTC 2026,1784701710,0,0.09
Wed Jul 22 06:29:06 UTC 2026,1784701746,0,-0.04
Wed Jul 22 06:30:24 UTC 2026,1784701824,0,0.04
Wed Jul 22 06:31:45 UTC 2026,1784701905,0,-0.06
Wed Jul 22 06:32:03 UTC 2026,1784701923,0,0.0
Wed Jul 22 06:33:12 UTC 2026,1784701992,0,-0.11
Wed Jul 22 06:33:39 UTC 2026,1784702019,0,0.06
Wed Jul 22 06:33:52 UTC 2026,1784702032,0,-0.14
Wed Jul 22 06:35:28 UTC 2026,1784702128,0,0.15
Wed Jul 22 06:35:50 UTC 2026,1784702150,0,-0.11
Wed Jul 22 06:37:03 UTC 2026,1784702223,0,0.05
Wed Jul 22 06:37:57 UTC 2026,1784702277,0,-0.12
Wed Jul 22 06:38:33 UTC 2026,1784702313,0,0.04
Wed Jul 22 06:39:01 UTC 2026,1784702341,0,-0.11
Wed Jul 22 06:40:54 UTC 2026,1784702454,0,-0.14
Wed Jul 22 06:41:08 UTC 2026,1784702468,0,0.04
Wed Jul 22 06:41:53 UTC 2026,1784702513,0,0.1
Wed Jul 22 06:42:06 UTC 2026,1784702526,0,-0.14
Wed Jul 22 06:43:32 UTC 2026,1784702612,0,-0.18
Wed Jul 22 06:44:50 UTC 2026,1784702690,0,0.03
Wed Jul 22 06:45:31 UTC 2026,1784702731,0,0.04
Wed Jul 22 06:46:29 UTC 2026,1784702789,0,-0.07
Wed Jul 22 06:46:39 UTC 2026,1784702799,0,-0.08
Wed Jul 22 06:47:33 UTC 2026,1784702853,0,0.03
Wed Jul 22 06:48:19 UTC 2026,1784702899,0,0.04
Wed Jul 22 06:49:17 UTC 2026,1784702957,0,-0.06
Wed Jul 22 06:50:21 UTC 2026,1784703021,0,-0.12
Wed Jul 22 06:50:52 UTC 2026,1784703052,0,0.0
Wed Jul 22 06:52:37 UTC 2026,1784703157,0,0.15
Wed Jul 22 06:52:41 UTC 2026,1784703161,0,-0.18
Wed Jul 22 06:53:18 UTC 2026,1784703198,0,0.02
Wed Jul 22 06:53:58 UTC 2026,1784703238,0,-0.09
Wed Jul 22 06:55:02 UTC 2026,1784703302,0,-0.15
Wed Jul 22 06:56:20 UTC 2026,1784703380,0,0.07
Wed Jul 22 06:56:41 UTC 2026,1784703401,0,-0.08
Wed Jul 22 06:57:05 UTC 2026,1784703425,0,0.04
Wed Jul 22 06:58:35 UTC 2026,1784703515,0,-0.09
Wed Jul 22 06:59:07 UTC 2026,1784703547,0,0.02
Wed Jul 22 07:01:18 UTC 2026,1784703678,0,0.09
Wed Jul 22 07:01:27 UTC 2026,1784703687,0,-0.19
Wed Jul 22 07:01:59 UTC 2026,1784703719,0,-0.13
Wed Jul 22 07:02:44 UTC 2026,1784703764,0,0.03
Wed Jul 22 07:04:15 UTC 2026,1784703855,0,0.04
Wed Jul 22 07:04:19 UTC 2026,1784703859,0,-0.12
Wed Jul 22 07:05:27 UTC 2026,1784703927,0,0.04
Wed Jul 22 07:06:00 UTC 2026,1784703960,0,-0.1
Wed Jul 22 07:06:34 UTC 2026,1784703994,0,-0.15
Wed Jul 22 07:07:48 UTC 2026,1784704068,0,0.06
Wed Jul 22 07:08:47 UTC 2026,1784704127,0,0.04
Wed Jul 22 07:09:14 UTC 2026,1784704154,0,-0.18
Wed Jul 22 07:09:59 UTC 2026,1784704199,0,-0.14
Wed Jul 22 07:10:03 UTC 2026,1784704203,0,0.03
Wed Jul 22 07:12:16 UTC 2026,1784704336,0,0.09
Wed Jul 22 07:12:29 UTC 2026,1784704349,0,-0.21
Wed Jul 22 07:13:05 UTC 2026,1784704385,0,-0.18
Wed Jul 22 07:14:31 UTC 2026,1784704471,0,0.07
Wed Jul 22 07:15:30 UTC 2026,1784704530,0,-0.12
Wed Jul 22 07:15:49 UTC 2026,1784704549,0,0.09
Wed Jul 22 07:16:43 UTC 2026,1784704603,0,-0.19
Wed Jul 22 07:17:14 UTC 2026,1784704634,0,0.05
Wed Jul 22 07:18:13 UTC 2026,1784704693,0,-0.12
Wed Jul 22 07:18:49 UTC 2026,1784704729,0,0.04
Wed Jul 22 07:19:58 UTC 2026,1784704798,0,-0.11
Wed Jul 22 07:20:11 UTC 2026,1784704811,0,0.07
Wed Jul 22 07:21:33 UTC 2026,1784704893,0,0.02
Wed Jul 22 07:22:50 UTC 2026,1784704970,0,-0.18
Wed Jul 22 07:23:36 UTC 2026,1784705016,0,-0.11
Wed Jul 22 07:23:40 UTC 2026,1784705020,0,0.09
Wed Jul 22 07:25:33 UTC 2026,1784705133,0,-0.14
Wed Jul 22 07:25:59 UTC 2026,1784705159,0,0.06
Wed Jul 22 07:27:18 UTC 2026,1784705238,0,-0.18
Wed Jul 22 07:27:40 UTC 2026,1784705260,0,0.07
Wed Jul 22 07:28:26 UTC 2026,1784705306,0,-0.2
Wed Jul 22 07:28:39 UTC 2026,1784705319,0,0.12
Wed Jul 22 07:30:15 UTC 2026,1784705415,0,0.07
Wed Jul 22 07:30:28 UTC 2026,1784705428,0,-0.17
Wed Jul 22 07:31:27 UTC 2026,1784705487,0,0.07
Wed Jul 22 07:31:49 UTC 2026,1784705509,0,-0.24
Wed Jul 22 07:33:20 UTC 2026,1784705600,0,-0.21
Wed Jul 22 07:33:33 UTC 2026,1784705613,0,0.08
Wed Jul 22 07:34:37 UTC 2026,1784705677,0,0.1
Wed Jul 22 07:35:04 UTC 2026,1784705704,0,-0.14
Wed Jul 22 07:36:12 UTC 2026,1784705772,0,-0.12
Wed Jul 22 07:36:53 UTC 2026,1784705813,0,0.07
Wed Jul 22 07:37:57 UTC 2026,1784705877,0,-0.11
Wed Jul 22 07:38:01 UTC 2026,1784705881,0,0.05
Wed Jul 22 07:39:50 UTC 2026,1784705990,0,-0.12
Wed Jul 22 07:40:08 UTC 2026,1784706008,0,0.05
Wed Jul 22 07:41:52 UTC 2026,1784706112,0,-0.09
Wed Jul 22 07:42:06 UTC 2026,1784706126,0,0.04
Wed Jul 22 07:43:28 UTC 2026,1784706208,0,-0.08
Wed Jul 22 07:43:55 UTC 2026,1784706235,0,0.04
Wed Jul 22 07:45:17 UTC 2026,1784706317,0,0.05
Wed Jul 22 07:45:25 UTC 2026,1784706325,0,-0.16
Wed Jul 22 07:46:34 UTC 2026,1784706394,0,-0.15
Wed Jul 22 07:47:15 UTC 2026,1784706435,0,0.06
Wed Jul 22 07:48:27 UTC 2026,1784706507,0,0.07
Wed Jul 22 07:48:49 UTC 2026,1784706529,0,-0.09
Wed Jul 22 07:49:58 UTC 2026,1784706598,0,0.04
Wed Jul 22 07:50:16 UTC 2026,1784706616,0,-0.11
Wed Jul 22 07:51:28 UTC 2026,1784706688,0,-0.08
Wed Jul 22 07:52:09 UTC 2026,1784706729,0,0.08
Wed Jul 22 07:54:16 UTC 2026,1784706856,0,-0.08
Wed Jul 22 07:54:39 UTC 2026,1784706879,0,0.07
Wed Jul 22 07:56:05 UTC 2026,1784706965,0,-0.06
Wed Jul 22 07:56:45 UTC 2026,1784707005,0,0.06
Wed Jul 22 07:58:12 UTC 2026,1784707092,0,0.05
Wed Jul 22 07:58:21 UTC 2026,1784707101,0,-0.11
Wed Jul 22 08:00:32 UTC 2026,1784707232,0,0.07
Wed Jul 22 08:00:46 UTC 2026,1784707246,0,-0.14
Wed Jul 22 08:01:04 UTC 2026,1784707264,0,-0.1
Wed Jul 22 08:02:26 UTC 2026,1784707346,0,0.11
Wed Jul 22 08:02:43 UTC 2026,1784707363,0,0.15
Wed Jul 22 08:03:38 UTC 2026,1784707418,0,-0.11
Wed Jul 22 08:04:23 UTC 2026,1784707463,0,-0.14
Wed Jul 22 08:05:31 UTC 2026,1784707531,0,0.1
Wed Jul 22 08:06:16 UTC 2026,1784707576,0,-0.2
Wed Jul 22 08:06:30 UTC 2026,1784707590,0,0.18
Wed Jul 22 08:08:10 UTC 2026,1784707690,0,-0.13
Wed Jul 22 08:08:28 UTC 2026,1784707708,0,0.08
Wed Jul 22 08:10:35 UTC 2026,1784707835,0,0.1
Wed Jul 22 08:10:40 UTC 2026,1784707840,0,-0.07
Wed Jul 22 08:11:06 UTC 2026,1784707866,0,-0.12
Wed Jul 22 08:12:14 UTC 2026,1784707934,0,0.12
Wed Jul 22 08:13:13 UTC 2026,1784707993,0,-0.09
Wed Jul 22 08:14:04 UTC 2026,1784708044,0,0.11
Wed Jul 22 08:14:17 UTC 2026,1784708057,0,0.05
Wed Jul 22 08:15:39 UTC 2026,1784708139,0,-0.1
Wed Jul 22 08:16:06 UTC 2026,1784708166,0,-0.06
Wed Jul 22 08:17:23 UTC 2026,1784708243,0,0.13
Wed Jul 22 08:18:17 UTC 2026,1784708297,0,0.15
Wed Jul 22 08:18:22 UTC 2026,1784708302,0,-0.12
Wed Jul 22 08:19:44 UTC 2026,1784708384,0,-0.09
Wed Jul 22 08:20:01 UTC 2026,1784708401,0,0.11
Wed Jul 22 08:21:55 UTC 2026,1784708515,0,-0.1
Wed Jul 22 08:22:22 UTC 2026,1784708542,0,-0.09
Wed Jul 22 08:23:40 UTC 2026,1784708620,0,0.07
Wed Jul 22 08:25:19 UTC 2026,1784708719,0,-0.08
Wed Jul 22 08:25:24 UTC 2026,1784708724,0,0.11
Wed Jul 22 08:26:27 UTC 2026,1784708787,0,0.09
Wed Jul 22 08:27:16 UTC 2026,1784708836,0,-0.11
Wed Jul 22 08:27:30 UTC 2026,1784708850,0,0.08
Wed Jul 22 08:28:43 UTC 2026,1784708923,0,-0.08
Wed Jul 22 08:30:00 UTC 2026,1784709000,0,0.13
Wed Jul 22 08:30:30 UTC 2026,1784709030,0,-0.09
Wed Jul 22 08:31:52 UTC 2026,1784709112,0,0.11
Wed Jul 22 08:31:58 UTC 2026,1784709118,0,-0.16
Wed Jul 22 08:32:44 UTC 2026,1784709164,0,0.06
Wed Jul 22 08:33:10 UTC 2026,1784709190,0,-0.02
Wed Jul 22 08:34:22 UTC 2026,1784709262,0,0.07
Wed Jul 22 08:35:07 UTC 2026,1784709307,0,-0.05
Wed Jul 22 08:36:26 UTC 2026,1784709386,0,-0.07
Wed Jul 22 08:37:01 UTC 2026,1784709421,0,0.08
Wed Jul 22 08:37:55 UTC 2026,1784709475,0,-0.08
Wed Jul 22 08:38:36 UTC 2026,1784709516,0,0.11
Wed Jul 22 08:39:36 UTC 2026,1784709576,0,0.05
Wed Jul 22 08:40:08 UTC 2026,1784709608,0,-0.06
Wed Jul 22 08:40:35 UTC 2026,1784709635,0,0.07
Wed Jul 22 08:40:56 UTC 2026,1784709656,0,-0.11
Wed Jul 22 08:42:32 UTC 2026,1784709752,0,0.07
Wed Jul 22 08:43:39 UTC 2026,1784709819,0,-0.06
Wed Jul 22 08:44:21 UTC 2026,1784709861,0,0.07
Wed Jul 22 08:45:16 UTC 2026,1784709916,0,-0.09
Wed Jul 22 08:45:38 UTC 2026,1784709938,0,-0.05
Wed Jul 22 08:45:42 UTC 2026,1784709942,0,0.06
Wed Jul 22 08:47:18 UTC 2026,1784710038,0,0.09
Wed Jul 22 08:48:00 UTC 2026,1784710080,0,-0.05
Wed Jul 22 08:48:58 UTC 2026,1784710138,0,0.07
Wed Jul 22 08:49:48 UTC 2026,1784710188,0,-0.07
Wed Jul 22 08:50:47 UTC 2026,1784710247,0,0.1
Wed Jul 22 08:51:00 UTC 2026,1784710260,0,-0.09
Wed Jul 22 08:52:09 UTC 2026,1784710329,0,-0.07
Wed Jul 22 08:53:11 UTC 2026,1784710391,0,0.1
Wed Jul 22 08:53:52 UTC 2026,1784710432,0,-0.04
Wed Jul 22 08:54:15 UTC 2026,1784710455,0,0.09
Wed Jul 22 08:55:59 UTC 2026,1784710559,0,-0.04
Wed Jul 22 08:56:26 UTC 2026,1784710586,0,0.14
Wed Jul 22 08:57:34 UTC 2026,1784710654,0,0.15
Wed Jul 22 08:58:24 UTC 2026,1784710704,0,-0.07
Wed Jul 22 08:58:47 UTC 2026,1784710727,0,-0.04
Wed Jul 22 09:00:08 UTC 2026,1784710808,0,0.09
Wed Jul 22 09:01:02 UTC 2026,1784710862,0,0.11
Wed Jul 22 09:01:43 UTC 2026,1784710903,0,-0.05
Wed Jul 22 09:02:06 UTC 2026,1784710926,0,-0.07
Wed Jul 22 09:03:15 UTC 2026,1784710995,0,0.1
Wed Jul 22 09:03:42 UTC 2026,1784711022,0,-0.1
Wed Jul 22 09:05:03 UTC 2026,1784711103,0,0.11
Wed Jul 22 09:05:58 UTC 2026,1784711158,0,-0.02
Wed Jul 22 09:06:52 UTC 2026,1784711212,0,0.12
Wed Jul 22 09:07:33 UTC 2026,1784711253,0,-0.06
Wed Jul 22 09:08:22 UTC 2026,1784711302,0,0.11
Wed Jul 22 09:08:40 UTC 2026,1784711320,0,-0.08
Wed Jul 22 09:09:03 UTC 2026,1784711343,0,0.13
Wed Jul 22 09:10:29 UTC 2026,1784711429,0,0.14
Wed Jul 22 09:10:57 UTC 2026,1784711457,0,-0.1
Wed Jul 22 09:12:55 UTC 2026,1784711575,0,0.06
Wed Jul 22 09:13:22 UTC 2026,1784711602,0,-0.06
Wed Jul 22 09:13:30 UTC 2026,1784711610,0,0.09
Wed Jul 22 09:14:06 UTC 2026,1784711646,0,-0.03
Wed Jul 22 09:15:37 UTC 2026,1784711737,0,0.07
Wed Jul 22 09:16:24 UTC 2026,1784711784,0,-0.06
Wed Jul 22 09:16:50 UTC 2026,1784711810,0,-0.02
Wed Jul 22 09:17:53 UTC 2026,1784711873,0,0.08
Wed Jul 22 09:19:29 UTC 2026,1784711969,0,-0.01
Wed Jul 22 09:19:38 UTC 2026,1784711978,0,0.09
Wed Jul 22 09:20:14 UTC 2026,1784712014,0,0.08
Wed Jul 22 09:20:55 UTC 2026,1784712055,0,-0.02
Wed Jul 22 09:22:12 UTC 2026,1784712132,0,0.06
Wed Jul 22 09:24:06 UTC 2026,1784712246,0,0.0
Wed Jul 22 09:24:10 UTC 2026,1784712250,0,0.06
Wed Jul 22 09:25:04 UTC 2026,1784712304,0,0.09
Wed Jul 22 09:26:17 UTC 2026,1784712377,0,0.0
Wed Jul 22 09:27:34 UTC 2026,1784712454,0,-0.04
Wed Jul 22 09:28:01 UTC 2026,1784712481,0,0.17
Wed Jul 22 09:29:09 UTC 2026,1784712549,0,0.1
Wed Jul 22 09:29:26 UTC 2026,1784712566,0,-0.02
Wed Jul 22 09:31:20 UTC 2026,1784712680,0,0.16
Wed Jul 22 09:31:34 UTC 2026,1784712694,0,-0.01
Wed Jul 22 09:31:44 UTC 2026,1784712704,0,0.11
Wed Jul 22 09:31:48 UTC 2026,1784712708,0,-0.05
Wed Jul 22 09:33:42 UTC 2026,1784712822,0,0.12
Wed Jul 22 09:34:17 UTC 2026,1784712857,0,-0.04
Wed Jul 22 09:35:08 UTC 2026,1784712908,0,-0.02
Wed Jul 22 09:35:30 UTC 2026,1784712930,0,0.1
Wed Jul 22 09:38:00 UTC 2026,1784713080,0,-0.02
Wed Jul 22 09:38:04 UTC 2026,1784713084,0,0.14
Wed Jul 22 09:38:23 UTC 2026,1784713103,0,0.0
Wed Jul 22 09:39:31 UTC 2026,1784713171,0,0.12
Wed Jul 22 09:40:20 UTC 2026,1784713220,0,0.03
Wed Jul 22 09:40:47 UTC 2026,1784713247,0,0.11
Wed Jul 22 09:41:33 UTC 2026,1784713293,0,0.02
Wed Jul 22 09:41:46 UTC 2026,1784713306,0,0.12
Wed Jul 22 09:44:02 UTC 2026,1784713442,0,0.03
Wed Jul 22 09:45:01 UTC 2026,1784713501,0,0.02
Wed Jul 22 09:45:06 UTC 2026,1784713506,0,0.1
Wed Jul 22 09:46:41 UTC 2026,1784713601,0,0.03
Wed Jul 22 09:47:26 UTC 2026,1784713646,0,0.11
Wed Jul 22 09:49:02 UTC 2026,1784713742,0,0.05
Wed Jul 22 09:49:33 UTC 2026,1784713773,0,0.12
Wed Jul 22 09:50:37 UTC 2026,1784713837,0,0.11
Wed Jul 22 09:50:41 UTC 2026,1784713841,0,0.01
Wed Jul 22 09:51:39 UTC 2026,1784713899,0,0.12
Wed Jul 22 09:53:01 UTC 2026,1784713981,0,0.0
Wed Jul 22 09:53:07 UTC 2026,1784713987,0,0.01
Wed Jul 22 09:54:33 UTC 2026,1784714073,0,0.11
Wed Jul 22 09:55:58 UTC 2026,1784714158,0,0.02
Wed Jul 22 09:56:12 UTC 2026,1784714172,0,0.13
Wed Jul 22 09:56:39 UTC 2026,1784714199,0,0.0
Wed Jul 22 09:57:11 UTC 2026,1784714231,0,0.1
Wed Jul 22 09:58:06 UTC 2026,1784714286,0,0.03
Wed Jul 22 09:58:36 UTC 2026,1784714316,0,0.11
Wed Jul 22 10:00:04 UTC 2026,1784714404,0,0.04
Wed Jul 22 10:00:58 UTC 2026,1784714458,0,0.09
Wed Jul 22 10:01:44 UTC 2026,1784714504,0,0.05
Wed Jul 22 10:02:38 UTC 2026,1784714558,0,0.13
Wed Jul 22 10:03:54 UTC 2026,1784714634,0,0.04
Wed Jul 22 10:03:59 UTC 2026,1784714639,0,0.11
Wed Jul 22 10:05:03 UTC 2026,1784714703,0,0.04
Wed Jul 22 10:05:48 UTC 2026,1784714748,0,0.13
Wed Jul 22 10:06:38 UTC 2026,1784714798,0,0.11
Wed Jul 22 10:06:47 UTC 2026,1784714807,0,0.06
Wed Jul 22 10:08:26 UTC 2026,1784714906,0,0.04
Wed Jul 22 10:08:30 UTC 2026,1784714910,0,0.1
Wed Jul 22 10:10:02 UTC 2026,1784715002,0,0.09
Wed Jul 22 10:10:43 UTC 2026,1784715043,0,-0.01
Wed Jul 22 10:11:18 UTC 2026,1784715078,0,0.03
Wed Jul 22 10:12:31 UTC 2026,1784715151,0,0.12
Wed Jul 22 10:13:35 UTC 2026,1784715215,0,0.03
Wed Jul 22 10:14:11 UTC 2026,1784715251,0,0.14
Wed Jul 22 10:14:52 UTC 2026,1784715292,0,0.11
Wed Jul 22 10:15:00 UTC 2026,1784715300,0,0.0
Wed Jul 22 10:16:40 UTC 2026,1784715400,0,0.1
Wed Jul 22 10:17:07 UTC 2026,1784715427,0,0.01
Wed Jul 22 10:17:53 UTC 2026,1784715473,0,-0.02
Wed Jul 22 10:18:29 UTC 2026,1784715509,0,0.08
Wed Jul 22 10:19:55 UTC 2026,1784715595,0,0.11
Wed Jul 22 10:21:08 UTC 2026,1784715668,0,0.03
Wed Jul 22 10:21:12 UTC 2026,1784715672,0,0.11
Wed Jul 22 10:21:22 UTC 2026,1784715682,0,0.03
Wed Jul 22 10:23:38 UTC 2026,1784715818,0,0.08
Wed Jul 22 10:23:42 UTC 2026,1784715822,0,0.02
Wed Jul 22 10:24:37 UTC 2026,1784715877,0,0.1
Wed Jul 22 10:24:50 UTC 2026,1784715890,0,0.0
Wed Jul 22 10:26:47 UTC 2026,1784716007,0,0.12
Wed Jul 22 10:27:20 UTC 2026,1784716040,0,0.01
Wed Jul 22 10:28:01 UTC 2026,1784716081,0,0.12
Wed Jul 22 10:29:00 UTC 2026,1784716140,0,-0.02
Wed Jul 22 10:29:31 UTC 2026,1784716171,0,0.0
Wed Jul 22 10:30:29 UTC 2026,1784716229,0,0.13
Wed Jul 22 10:31:34 UTC 2026,1784716294,0,0.12
Wed Jul 22 10:31:48 UTC 2026,1784716308,0,0.04
Wed Jul 22 10:32:56 UTC 2026,1784716376,0,0.01
Wed Jul 22 10:34:08 UTC 2026,1784716448,0,0.12
Wed Jul 22 10:34:39 UTC 2026,1784716479,0,0.05
Wed Jul 22 10:35:39 UTC 2026,1784716539,0,0.11
Wed Jul 22 10:37:27 UTC 2026,1784716647,0,0.02
Wed Jul 22 10:37:37 UTC 2026,1784716657,0,0.15
Wed Jul 22 10:37:59 UTC 2026,1784716679,0,0.03
Wed Jul 22 10:38:58 UTC 2026,1784716738,0,0.14
Wed Jul 22 10:40:11 UTC 2026,1784716811,0,0.03
Wed Jul 22 10:40:21 UTC 2026,1784716821,0,0.13
Wed Jul 22 10:41:15 UTC 2026,1784716875,0,0.14
Wed Jul 22 10:42:27 UTC 2026,1784716947,0,0.01
Wed Jul 22 10:42:36 UTC 2026,1784716956,0,0.07
Wed Jul 22 10:43:35 UTC 2026,1784717015,0,0.16
Wed Jul 22 10:45:32 UTC 2026,1784717132,0,0.04
Wed Jul 22 10:46:49 UTC 2026,1784717209,0,0.05
Wed Jul 22 10:47:22 UTC 2026,1784717242,0,0.15
Wed Jul 22 10:47:39 UTC 2026,1784717259,0,0.04
Wed Jul 22 10:48:57 UTC 2026,1784717337,0,0.18
Wed Jul 22 10:50:05 UTC 2026,1784717405,0,0.16
Wed Jul 22 10:50:27 UTC 2026,1784717427,0,0.08
Wed Jul 22 10:51:28 UTC 2026,1784717488,0,0.15
Wed Jul 22 10:51:41 UTC 2026,1784717501,0,0.08
Wed Jul 22 10:52:53 UTC 2026,1784717573,0,0.15
Wed Jul 22 10:53:19 UTC 2026,1784717599,0,0.1
Wed Jul 22 10:54:18 UTC 2026,1784717658,0,0.14
Wed Jul 22 10:54:37 UTC 2026,1784717677,0,0.08
Wed Jul 22 10:55:50 UTC 2026,1784717750,0,0.15
Wed Jul 22 10:56:44 UTC 2026,1784717804,0,0.09
Wed Jul 22 10:58:00 UTC 2026,1784717880,0,0.08
Wed Jul 22 10:58:46 UTC 2026,1784717926,0,0.15
Wed Jul 22 11:00:26 UTC 2026,1784718026,0,0.08
Wed Jul 22 11:00:53 UTC 2026,1784718053,0,0.15
Wed Jul 22 11:01:38 UTC 2026,1784718098,0,0.06
Wed Jul 22 11:03:08 UTC 2026,1784718188,0,0.16
Wed Jul 22 11:03:22 UTC 2026,1784718202,0,0.06
Wed Jul 22 11:04:25 UTC 2026,1784718265,0,0.15
Wed Jul 22 11:05:06 UTC 2026,1784718306,0,0.04
Wed Jul 22 11:06:01 UTC 2026,1784718361,0,0.16
Wed Jul 22 11:06:28 UTC 2026,1784718388,0,0.1
Wed Jul 22 11:07:31 UTC 2026,1784718451,0,0.15
Wed Jul 22 11:08:17 UTC 2026,1784718497,0,0.09
Wed Jul 22 11:09:06 UTC 2026,1784718546,0,0.11
Wed Jul 22 11:09:19 UTC 2026,1784718559,0,0.14
Wed Jul 22 11:11:32 UTC 2026,1784718692,0,0.16
Wed Jul 22 11:11:59 UTC 2026,1784718719,0,0.02
Wed Jul 22 11:12:30 UTC 2026,1784718750,0,0.19
Wed Jul 22 11:13:11 UTC 2026,1784718791,0,0.05
Wed Jul 22 11:15:05 UTC 2026,1784718905,0,0.09
Wed Jul 22 11:15:09 UTC 2026,1784718909,0,0.18
Wed Jul 22 11:16:22 UTC 2026,1784718982,0,0.1
Wed Jul 22 11:17:07 UTC 2026,1784719027,0,0.19
Wed Jul 22 11:17:16 UTC 2026,1784719036,0,0.16
Wed Jul 22 11:18:34 UTC 2026,1784719114,0,0.05
Wed Jul 22 11:19:04 UTC 2026,1784719144,0,0.1
Wed Jul 22 11:20:17 UTC 2026,1784719217,0,0.17
Wed Jul 22 11:21:02 UTC 2026,1784719262,0,0.1
Wed Jul 22 11:21:06 UTC 2026,1784719266,0,0.19
Wed Jul 22 11:22:20 UTC 2026,1784719340,0,0.15
Wed Jul 22 11:23:00 UTC 2026,1784719380,0,0.06
Wed Jul 22 11:24:18 UTC 2026,1784719458,0,0.18
Wed Jul 22 11:24:31 UTC 2026,1784719471,0,0.11
Wed Jul 22 11:26:29 UTC 2026,1784719589,0,0.17
Wed Jul 22 11:27:23 UTC 2026,1784719643,0,0.2
Wed Jul 22 11:28:13 UTC 2026,1784719693,0,0.11
Wed Jul 22 11:29:03 UTC 2026,1784719743,0,0.18
Wed Jul 22 11:29:07 UTC 2026,1784719747,0,0.13
Wed Jul 22 11:31:10 UTC 2026,1784719870,0,0.12
Wed Jul 22 11:31:15 UTC 2026,1784719875,0,0.19
Wed Jul 22 11:32:09 UTC 2026,1784719929,0,0.11
Wed Jul 22 11:33:03 UTC 2026,1784719983,0,0.18
Wed Jul 22 11:33:45 UTC 2026,1784720025,0,0.19
Wed Jul 22 11:34:39 UTC 2026,1784720079,0,0.12
Wed Jul 22 11:35:28 UTC 2026,1784720128,0,0.14
Wed Jul 22 11:36:58 UTC 2026,1784720218,0,0.22
Wed Jul 22 11:37:48 UTC 2026,1784720268,0,0.12
Wed Jul 22 11:37:54 UTC 2026,1784720274,0,0.19
Wed Jul 22 11:39:42 UTC 2026,1784720382,0,0.12
Wed Jul 22 11:40:09 UTC 2026,1784720409,0,0.24
Wed Jul 22 11:41:27 UTC 2026,1784720487,0,0.2
Wed Jul 22 11:41:31 UTC 2026,1784720491,0,0.09
Wed Jul 22 11:42:12 UTC 2026,1784720532,0,0.23
Wed Jul 22 11:42:44 UTC 2026,1784720564,0,0.11
Wed Jul 22 11:44:09 UTC 2026,1784720649,0,0.24
Wed Jul 22 11:45:18 UTC 2026,1784720718,0,0.13
Wed Jul 22 11:45:26 UTC 2026,1784720726,0,0.22
Wed Jul 22 11:46:57 UTC 2026,1784720817,0,0.24
Wed Jul 22 11:47:42 UTC 2026,1784720862,0,0.1
Wed Jul 22 11:49:22 UTC 2026,1784720962,0,0.26
Wed Jul 22 11:49:58 UTC 2026,1784720998,0,0.09
Wed Jul 22 11:50:30 UTC 2026,1784721030,0,0.26
Wed Jul 22 11:51:47 UTC 2026,1784721107,0,0.11
Wed Jul 22 11:52:18 UTC 2026,1784721138,0,0.14
Wed Jul 22 11:52:24 UTC 2026,1784721144,0,0.21
Wed Jul 22 11:52:46 UTC 2026,1784721166,0,0.15
Wed Jul 22 11:52:55 UTC 2026,1784721175,0,0.16
Wed Jul 22 11:53:04 UTC 2026,1784721184,0,0.21
Wed Jul 22 11:53:18 UTC 2026,1784721198,0,0.15
Wed Jul 22 11:53:50 UTC 2026,1784721230,0,0.12
Wed Jul 22 11:54:12 UTC 2026,1784721252,0,0.23
Wed Jul 22 11:55:20 UTC 2026,1784721320,0,0.14
Wed Jul 22 11:55:52 UTC 2026,1784721352,0,0.22
Wed Jul 22 11:57:45 UTC 2026,1784721465,0,0.1
Wed Jul 22 11:58:21 UTC 2026,1784721501,0,0.22
Wed Jul 22 11:58:34 UTC 2026,1784721514,0,0.25
Wed Jul 22 11:58:53 UTC 2026,1784721533,0,0.08
Wed Jul 22 12:01:14 UTC 2026,1784721674,0,0.3
Wed Jul 22 12:01:36 UTC 2026,1784721696,0,0.14
Wed Jul 22 12:02:13 UTC 2026,1784721733,0,0.26
Wed Jul 22 12:03:38 UTC 2026,1784721818,0,0.14
Wed Jul 22 12:04:29 UTC 2026,1784721869,0,0.24
Wed Jul 22 12:05:14 UTC 2026,1784721914,0,0.23
Wed Jul 22 12:06:26 UTC 2026,1784721986,0,0.09
Wed Jul 22 12:06:59 UTC 2026,1784722019,0,0.14
Wed Jul 22 12:07:07 UTC 2026,1784722027,0,0.25
Wed Jul 22 12:08:47 UTC 2026,1784722127,0,0.26
Wed Jul 22 12:09:55 UTC 2026,1784722195,0,0.13
Wed Jul 22 12:10:58 UTC 2026,1784722258,0,0.25
Wed Jul 22 12:11:12 UTC 2026,1784722272,0,0.13
Wed Jul 22 12:12:21 UTC 2026,1784722341,0,0.25
Wed Jul 22 12:13:10 UTC 2026,1784722390,0,0.13
Wed Jul 22 12:13:29 UTC 2026,1784722409,0,0.24
Wed Jul 22 12:13:42 UTC 2026,1784722422,0,0.12
Wed Jul 22 12:16:17 UTC 2026,1784722577,0,0.11
Wed Jul 22 12:16:34 UTC 2026,1784722594,0,0.27
Wed Jul 22 12:17:55 UTC 2026,1784722675,0,0.26
Wed Jul 22 12:18:09 UTC 2026,1784722689,0,0.07
Wed Jul 22 12:18:27 UTC 2026,1784722707,0,0.11
Wed Jul 22 12:19:17 UTC 2026,1784722757,0,0.29
Wed Jul 22 12:20:07 UTC 2026,1784722807,0,0.11
Wed Jul 22 12:21:15 UTC 2026,1784722875,0,0.3
Wed Jul 22 12:22:23 UTC 2026,1784722943,0,0.27
Wed Jul 22 12:22:59 UTC 2026,1784722979,0,0.1
Wed Jul 22 12:23:22 UTC 2026,1784723002,0,0.42
Wed Jul 22 12:23:58 UTC 2026,1784723038,0,0.1
Wed Jul 22 12:24:57 UTC 2026,1784723097,0,0.12
Wed Jul 22 12:25:24 UTC 2026,1784723124,0,0.26
Wed Jul 22 12:26:41 UTC 2026,1784723201,0,0.15
Wed Jul 22 12:27:55 UTC 2026,1784723275,0,0.26
Wed Jul 22 12:29:16 UTC 2026,1784723356,0,0.11
Wed Jul 22 12:30:27 UTC 2026,1784723427,0,0.15
Wed Jul 22 12:31:19 UTC 2026,1784723479,0,0.3
Wed Jul 22 12:31:32 UTC 2026,1784723492,0,0.12
Wed Jul 22 12:32:13 UTC 2026,1784723533,0,0.28
Wed Jul 22 12:33:48 UTC 2026,1784723628,0,0.15
Wed Jul 22 12:33:56 UTC 2026,1784723636,0,0.27
Wed Jul 22 12:35:32 UTC 2026,1784723732,0,0.26
Wed Jul 22 12:36:03 UTC 2026,1784723763,0,-0.01
Wed Jul 22 12:36:58 UTC 2026,1784723818,0,0.31
Wed Jul 22 12:37:20 UTC 2026,1784723840,0,0.1
Wed Jul 22 12:38:38 UTC 2026,1784723918,0,0.31
Wed Jul 22 12:39:42 UTC 2026,1784723982,0,0.13
Wed Jul 22 12:40:22 UTC 2026,1784724022,0,0.07
Wed Jul 22 12:41:20 UTC 2026,1784724080,0,0.3
Wed Jul 22 12:41:57 UTC 2026,1784724117,0,0.09
Wed Jul 22 12:42:38 UTC 2026,1784724158,0,0.36
Wed Jul 22 12:43:14 UTC 2026,1784724194,0,0.31
Wed Jul 22 12:43:24 UTC 2026,1784724204,0,0.11
Wed Jul 22 12:44:45 UTC 2026,1784724285,0,0.33
Wed Jul 22 12:45:49 UTC 2026,1784724349,0,0.09
Wed Jul 22 12:46:39 UTC 2026,1784724399,0,0.14
Wed Jul 22 12:47:01 UTC 2026,1784724421,0,0.37
Wed Jul 22 12:48:18 UTC 2026,1784724498,0,0.15
Wed Jul 22 12:48:45 UTC 2026,1784724525,0,0.36
Wed Jul 22 12:49:48 UTC 2026,1784724588,0,0.29
Wed Jul 22 12:50:12 UTC 2026,1784724612,0,0.15
Wed Jul 22 12:51:29 UTC 2026,1784724689,0,0.18
Wed Jul 22 12:51:42 UTC 2026,1784724702,0,0.35
Wed Jul 22 12:53:00 UTC 2026,1784724780,0,0.28
Wed Jul 22 12:53:35 UTC 2026,1784724815,0,0.16
Wed Jul 22 12:54:48 UTC 2026,1784724888,0,0.29
Wed Jul 22 12:56:09 UTC 2026,1784724969,0,0.15
Wed Jul 22 12:56:15 UTC 2026,1784724975,0,0.17
Wed Jul 22 12:57:36 UTC 2026,1784725056,0,0.32
Wed Jul 22 12:58:12 UTC 2026,1784725092,0,0.27
Wed Jul 22 12:58:53 UTC 2026,1784725133,0,0.17
Wed Jul 22 12:59:48 UTC 2026,1784725188,0,0.18
Wed Jul 22 13:00:46 UTC 2026,1784725246,0,0.33
Wed Jul 22 13:02:08 UTC 2026,1784725328,0,0.15
Wed Jul 22 13:02:40 UTC 2026,1784725360,0,0.27
Wed Jul 22 13:03:53 UTC 2026,1784725433,0,0.16
Wed Jul 22 13:04:23 UTC 2026,1784725463,0,0.28
Wed Jul 22 13:04:47 UTC 2026,1784725487,0,0.3
Wed Jul 22 13:05:22 UTC 2026,1784725522,0,0.14
Wed Jul 22 13:06:21 UTC 2026,1784725581,0,0.34
Wed Jul 22 13:06:26 UTC 2026,1784725586,0,0.11
Wed Jul 22 13:09:09 UTC 2026,1784725749,0,0.2
Wed Jul 22 13:09:13 UTC 2026,1784725753,0,0.32
Wed Jul 22 13:09:50 UTC 2026,1784725790,0,0.3
Wed Jul 22 13:10:26 UTC 2026,1784725826,0,0.18
Wed Jul 22 13:12:15 UTC 2026,1784725935,0,0.13
Wed Jul 22 13:12:19 UTC 2026,1784725939,0,0.32
Wed Jul 22 13:13:51 UTC 2026,1784726031,0,0.11
Wed Jul 22 13:14:04 UTC 2026,1784726044,0,0.32
Wed Jul 22 13:14:26 UTC 2026,1784726066,0,0.36
Wed Jul 22 13:14:40 UTC 2026,1784726080,0,0.13
Wed Jul 22 13:17:28 UTC 2026,1784726248,0,0.15
Wed Jul 22 13:17:33 UTC 2026,1784726253,0,0.33
Wed Jul 22 13:18:36 UTC 2026,1784726316,0,0.14
Wed Jul 22 13:19:08 UTC 2026,1784726348,0,0.34
Wed Jul 22 13:19:22 UTC 2026,1784726362,0,0.2
Wed Jul 22 13:20:30 UTC 2026,1784726430,0,0.33
Wed Jul 22 13:22:00 UTC 2026,1784726520,0,0.36
Wed Jul 22 13:22:04 UTC 2026,1784726524,0,0.17
Wed Jul 22 13:22:41 UTC 2026,1784726561,0,0.34
Wed Jul 22 13:22:54 UTC 2026,1784726574,0,0.21
Wed Jul 22 13:24:25 UTC 2026,1784726665,0,0.19
Wed Jul 22 13:24:33 UTC 2026,1784726673,0,0.33
Wed Jul 22 13:26:14 UTC 2026,1784726774,0,0.35
Wed Jul 22 13:26:32 UTC 2026,1784726792,0,0.18
Wed Jul 22 13:28:01 UTC 2026,1784726881,0,0.37
Wed Jul 22 13:28:34 UTC 2026,1784726914,0,0.15
Wed Jul 22 13:30:08 UTC 2026,1784727008,0,0.08
Wed Jul 22 13:30:36 UTC 2026,1784727036,0,0.41
Wed Jul 22 13:31:36 UTC 2026,1784727096,0,0.33
Wed Jul 22 13:31:40 UTC 2026,1784727100,0,0.15
Wed Jul 22 13:32:34 UTC 2026,1784727154,0,0.33
Wed Jul 22 13:33:29 UTC 2026,1784727209,0,0.18
Wed Jul 22 13:34:32 UTC 2026,1784727272,0,0.21
Wed Jul 22 13:35:13 UTC 2026,1784727313,0,0.33
Wed Jul 22 13:35:58 UTC 2026,1784727358,0,0.28
Wed Jul 22 13:37:25 UTC 2026,1784727445,0,0.21
Wed Jul 22 13:38:19 UTC 2026,1784727499,0,0.36
Wed Jul 22 13:39:49 UTC 2026,1784727589,0,0.19
Wed Jul 22 13:40:16 UTC 2026,1784727616,0,0.33
Wed Jul 22 13:41:34 UTC 2026,1784727694,0,0.15
Wed Jul 22 13:42:06 UTC 2026,1784727726,0,0.33
Wed Jul 22 13:42:36 UTC 2026,1784727756,0,0.13
Wed Jul 22 13:42:56 UTC 2026,1784727776,0,0.35
Wed Jul 22 13:44:17 UTC 2026,1784727857,0,0.22
Wed Jul 22 13:45:07 UTC 2026,1784727907,0,0.34
Wed Jul 22 13:47:05 UTC 2026,1784728025,0,0.23
Wed Jul 22 13:47:09 UTC 2026,1784728029,0,0.34
Wed Jul 22 13:47:36 UTC 2026,1784728056,0,0.31
Wed Jul 22 13:48:26 UTC 2026,1784728106,0,0.12
Wed Jul 22 13:49:12 UTC 2026,1784728152,0,0.19
Wed Jul 22 13:50:14 UTC 2026,1784728214,0,0.36
Wed Jul 22 13:50:55 UTC 2026,1784728255,0,0.38
Wed Jul 22 13:51:27 UTC 2026,1784728287,0,0.21
Wed Jul 22 13:52:22 UTC 2026,1784728342,0,0.34
Wed Jul 22 13:52:27 UTC 2026,1784728347,0,0.22
Wed Jul 22 13:55:32 UTC 2026,1784728532,0,0.35
Wed Jul 22 13:55:51 UTC 2026,1784728551,0,0.24
Wed Jul 22 13:56:04 UTC 2026,1784728564,0,0.33
Wed Jul 22 13:58:16 UTC 2026,1784728696,0,0.25
Wed Jul 22 13:58:43 UTC 2026,1784728723,0,0.35
Wed Jul 22 13:59:14 UTC 2026,1784728754,0,0.22
Wed Jul 22 13:59:51 UTC 2026,1784728791,0,0.34
Wed Jul 22 14:00:40 UTC 2026,1784728840,0,0.33
Wed Jul 22 14:01:04 UTC 2026,1784728864,0,0.24
Wed Jul 22 14:02:16 UTC 2026,1784728936,0,0.23
Wed Jul 22 14:02:38 UTC 2026,1784728958,0,0.32
Wed Jul 22 14:04:01 UTC 2026,1784729041,0,0.35
Wed Jul 22 14:04:05 UTC 2026,1784729045,0,0.26
Wed Jul 22 14:06:17 UTC 2026,1784729177,0,0.22
Wed Jul 22 14:07:06 UTC 2026,1784729226,0,0.3
Wed Jul 22 14:07:56 UTC 2026,1784729276,0,0.32
Wed Jul 22 14:08:37 UTC 2026,1784729317,0,0.24
Wed Jul 22 14:08:59 UTC 2026,1784729339,0,0.3
Wed Jul 22 14:09:45 UTC 2026,1784729385,0,0.27
Wed Jul 22 14:10:43 UTC 2026,1784729443,0,0.24
Wed Jul 22 14:12:06 UTC 2026,1784729526,0,0.36
Wed Jul 22 14:13:08 UTC 2026,1784729588,0,0.33
Wed Jul 22 14:13:18 UTC 2026,1784729598,0,0.23
Wed Jul 22 14:14:08 UTC 2026,1784729648,0,0.35
Wed Jul 22 14:15:15 UTC 2026,1784729715,0,0.25
Wed Jul 22 14:16:10 UTC 2026,1784729770,0,0.32
Wed Jul 22 14:16:51 UTC 2026,1784729811,0,0.25
Wed Jul 22 14:17:13 UTC 2026,1784729833,0,0.34
Wed Jul 22 14:17:23 UTC 2026,1784729843,0,0.25
Wed Jul 22 14:18:45 UTC 2026,1784729925,0,0.31
Wed Jul 22 14:20:15 UTC 2026,1784730015,0,0.23
Wed Jul 22 14:20:42 UTC 2026,1784730042,0,0.25
Wed Jul 22 14:21:13 UTC 2026,1784730073,0,0.36
Wed Jul 22 14:22:31 UTC 2026,1784730151,0,0.24
Wed Jul 22 14:23:17 UTC 2026,1784730197,0,0.33
Wed Jul 22 14:23:48 UTC 2026,1784730228,0,0.21
Wed Jul 22 14:24:51 UTC 2026,1784730291,0,0.33
Wed Jul 22 14:25:23 UTC 2026,1784730323,0,0.24
Wed Jul 22 14:26:17 UTC 2026,1784730377,0,0.35
Wed Jul 22 14:28:03 UTC 2026,1784730483,0,0.22
Wed Jul 22 14:28:24 UTC 2026,1784730504,0,0.36
Wed Jul 22 14:29:28 UTC 2026,1784730568,0,0.34
Wed Jul 22 14:29:37 UTC 2026,1784730577,0,0.25
Wed Jul 22 14:31:53 UTC 2026,1784730713,0,0.34
Wed Jul 22 14:32:34 UTC 2026,1784730754,0,0.25
Wed Jul 22 14:33:38 UTC 2026,1784730818,0,0.34
Wed Jul 22 14:34:01 UTC 2026,1784730841,0,0.27
Wed Jul 22 14:35:17 UTC 2026,1784730917,0,0.35
Wed Jul 22 14:36:12 UTC 2026,1784730972,0,0.28
Wed Jul 22 14:36:57 UTC 2026,1784731017,0,0.27
Wed Jul 22 14:37:29 UTC 2026,1784731049,0,0.36
Wed Jul 22 14:39:45 UTC 2026,1784731185,0,0.26
Wed Jul 22 14:40:31 UTC 2026,1784731231,0,0.34
Wed Jul 22 14:41:43 UTC 2026,1784731303,0,0.24
Wed Jul 22 14:42:46 UTC 2026,1784731366,0,0.23
Wed Jul 22 14:43:22 UTC 2026,1784731402,0,0.38
Wed Jul 22 14:43:50 UTC 2026,1784731430,0,0.27
Wed Jul 22 14:44:07 UTC 2026,1784731447,0,0.36
Wed Jul 22 14:45:38 UTC 2026,1784731538,0,0.33
Wed Jul 22 14:45:42 UTC 2026,1784731542,0,0.25
Wed Jul 22 14:46:51 UTC 2026,1784731611,0,0.27
Wed Jul 22 14:46:55 UTC 2026,1784731615,0,0.35
Wed Jul 22 14:48:40 UTC 2026,1784731720,0,0.27
Wed Jul 22 14:49:10 UTC 2026,1784731750,0,0.34
Wed Jul 22 14:50:06 UTC 2026,1784731806,0,0.26
Wed Jul 22 14:51:00 UTC 2026,1784731860,0,0.33
Wed Jul 22 14:51:45 UTC 2026,1784731905,0,0.26
Wed Jul 22 14:52:12 UTC 2026,1784731932,0,0.34
Wed Jul 22 14:54:06 UTC 2026,1784732046,0,0.35
Wed Jul 22 14:54:20 UTC 2026,1784732060,0,0.26
Wed Jul 22 14:56:27 UTC 2026,1784732187,0,0.33
Wed Jul 22 14:56:35 UTC 2026,1784732195,0,0.22
Wed Jul 22 14:56:54 UTC 2026,1784732214,0,0.23
Wed Jul 22 14:57:58 UTC 2026,1784732278,0,0.32
Wed Jul 22 14:58:29 UTC 2026,1784732309,0,0.35
Wed Jul 22 14:59:56 UTC 2026,1784732396,0,0.22
Wed Jul 22 15:01:17 UTC 2026,1784732477,0,0.33
Wed Jul 22 15:01:40 UTC 2026,1784732500,0,0.34
Wed Jul 22 15:02:16 UTC 2026,1784732536,0,0.24
Wed Jul 22 15:03:19 UTC 2026,1784732599,0,0.34
Wed Jul 22 15:04:22 UTC 2026,1784732662,0,0.25
Wed Jul 22 15:05:35 UTC 2026,1784732735,0,0.21
Wed Jul 22 15:06:12 UTC 2026,1784732772,0,0.35
Wed Jul 22 15:06:44 UTC 2026,1784732804,0,0.33
Wed Jul 22 15:08:01 UTC 2026,1784732881,0,0.25
Wed Jul 22 15:08:42 UTC 2026,1784732922,0,0.33
Wed Jul 22 15:08:46 UTC 2026,1784732926,0,0.25
Wed Jul 22 15:09:54 UTC 2026,1784732994,0,0.34
Wed Jul 22 15:10:08 UTC 2026,1784733008,0,0.22
Wed Jul 22 15:12:23 UTC 2026,1784733143,0,0.33
Wed Jul 22 15:12:36 UTC 2026,1784733156,0,0.22
Wed Jul 22 15:13:13 UTC 2026,1784733193,0,0.25
Wed Jul 22 15:13:45 UTC 2026,1784733225,0,0.32
Wed Jul 22 15:15:06 UTC 2026,1784733306,0,0.33
Wed Jul 22 15:15:15 UTC 2026,1784733315,0,0.22
Wed Jul 22 15:17:27 UTC 2026,1784733447,0,0.33
Wed Jul 22 15:17:54 UTC 2026,1784733474,0,0.26
Wed Jul 22 15:18:44 UTC 2026,1784733524,0,0.22
Wed Jul 22 15:19:29 UTC 2026,1784733569,0,0.35
Wed Jul 22 15:21:05 UTC 2026,1784733665,0,0.26
Wed Jul 22 15:21:15 UTC 2026,1784733675,0,0.38
Wed Jul 22 15:22:22 UTC 2026,1784733742,0,0.39
Wed Jul 22 15:22:36 UTC 2026,1784733756,0,0.25
Wed Jul 22 15:23:51 UTC 2026,1784733831,0,0.22
Wed Jul 22 15:24:28 UTC 2026,1784733868,0,0.41
Wed Jul 22 15:24:51 UTC 2026,1784733891,0,0.23
Wed Jul 22 15:25:24 UTC 2026,1784733924,0,0.36
Wed Jul 22 15:27:26 UTC 2026,1784734046,0,0.27
Wed Jul 22 15:28:47 UTC 2026,1784734127,0,0.17
Wed Jul 22 15:29:19 UTC 2026,1784734159,0,0.38
Wed Jul 22 15:30:04 UTC 2026,1784734204,0,0.36
Wed Jul 22 15:30:14 UTC 2026,1784734214,0,0.26
Wed Jul 22 15:32:10 UTC 2026,1784734330,0,0.36
Wed Jul 22 15:33:06 UTC 2026,1784734386,0,0.37
Wed Jul 22 15:34:00 UTC 2026,1784734440,0,0.25
Wed Jul 22 15:35:25 UTC 2026,1784734525,0,0.34
Wed Jul 22 15:36:02 UTC 2026,1784734562,0,0.24
Wed Jul 22 15:36:24 UTC 2026,1784734584,0,0.34
Wed Jul 22 15:36:48 UTC 2026,1784734608,0,0.25
Wed Jul 22 15:38:41 UTC 2026,1784734721,0,0.29
Wed Jul 22 15:38:50 UTC 2026,1784734730,0,0.36
Wed Jul 22 15:40:25 UTC 2026,1784734825,0,0.26
Wed Jul 22 15:41:55 UTC 2026,1784734915,0,0.28
Wed Jul 22 15:42:27 UTC 2026,1784734947,0,0.36
Wed Jul 22 15:43:08 UTC 2026,1784734988,0,0.26
Wed Jul 22 15:43:44 UTC 2026,1784735024,0,0.36
Wed Jul 22 15:44:34 UTC 2026,1784735074,0,0.29
Wed Jul 22 15:45:10 UTC 2026,1784735110,0,0.35
Wed Jul 22 15:47:31 UTC 2026,1784735251,0,0.29
Wed Jul 22 15:48:07 UTC 2026,1784735287,0,0.36
Wed Jul 22 15:48:25 UTC 2026,1784735305,0,0.29
Wed Jul 22 15:50:54 UTC 2026,1784735454,0,0.36
Wed Jul 22 15:51:13 UTC 2026,1784735473,0,0.29
Wed Jul 22 15:52:03 UTC 2026,1784735523,0,0.36
Wed Jul 22 15:53:24 UTC 2026,1784735604,0,0.35
Wed Jul 22 15:54:14 UTC 2026,1784735654,0,0.26
Wed Jul 22 15:55:45 UTC 2026,1784735745,0,0.36
Wed Jul 22 15:56:17 UTC 2026,1784735777,0,0.29
Wed Jul 22 15:58:06 UTC 2026,1784735886,0,0.36
Wed Jul 22 15:59:24 UTC 2026,1784735964,0,0.35
Wed Jul 22 15:59:28 UTC 2026,1784735968,0,0.28
Wed Jul 22 16:01:16 UTC 2026,1784736076,0,0.35
Wed Jul 22 16:02:24 UTC 2026,1784736144,0,0.27
Wed Jul 22 16:03:00 UTC 2026,1784736180,0,0.34
Wed Jul 22 16:03:09 UTC 2026,1784736189,0,0.29
Wed Jul 22 16:04:58 UTC 2026,1784736298,0,0.37
Wed Jul 22 16:05:02 UTC 2026,1784736302,0,0.28
Wed Jul 22 16:06:05 UTC 2026,1784736365,0,0.27
Wed Jul 22 16:07:27 UTC 2026,1784736447,0,0.35
Wed Jul 22 16:08:08 UTC 2026,1784736488,0,0.25
Wed Jul 22 16:08:44 UTC 2026,1784736524,0,0.34
Wed Jul 22 16:10:05 UTC 2026,1784736605,0,0.25
Wed Jul 22 16:11:10 UTC 2026,1784736670,0,0.33
Wed Jul 22 16:11:55 UTC 2026,1784736715,0,0.25
Wed Jul 22 16:12:53 UTC 2026,1784736773,0,0.33
Wed Jul 22 16:13:02 UTC 2026,1784736782,0,0.23
Wed Jul 22 16:14:56 UTC 2026,1784736896,0,0.32
Wed Jul 22 16:15:28 UTC 2026,1784736928,0,0.26
Wed Jul 22 16:16:00 UTC 2026,1784736960,0,0.31
Wed Jul 22 16:16:54 UTC 2026,1784737014,0,0.25
Wed Jul 22 16:17:43 UTC 2026,1784737063,0,0.31
Wed Jul 22 16:18:48 UTC 2026,1784737128,0,0.25
Wed Jul 22 16:19:42 UTC 2026,1784737182,0,0.27
Wed Jul 22 16:19:59 UTC 2026,1784737199,0,0.32
Wed Jul 22 16:20:54 UTC 2026,1784737254,0,0.25
Wed Jul 22 16:21:39 UTC 2026,1784737299,0,0.33
Wed Jul 22 16:22:38 UTC 2026,1784737358,0,0.27
Wed Jul 22 16:24:04 UTC 2026,1784737444,0,0.32
Wed Jul 22 16:24:18 UTC 2026,1784737458,0,0.31
Wed Jul 22 16:24:27 UTC 2026,1784737467,0,0.26
Wed Jul 22 16:25:48 UTC 2026,1784737548,0,0.29
Wed Jul 22 16:27:00 UTC 2026,1784737620,0,0.33
Wed Jul 22 16:28:28 UTC 2026,1784737708,0,0.27
Wed Jul 22 16:28:54 UTC 2026,1784737734,0,0.34
Wed Jul 22 16:29:26 UTC 2026,1784737766,0,0.32
Wed Jul 22 16:30:29 UTC 2026,1784737829,0,0.25
Wed Jul 22 16:31:06 UTC 2026,1784737866,0,0.24
Wed Jul 22 16:31:24 UTC 2026,1784737884,0,0.32
Wed Jul 22 16:32:31 UTC 2026,1784737951,0,0.33
Wed Jul 22 16:32:41 UTC 2026,1784737961,0,0.27
Wed Jul 22 16:34:17 UTC 2026,1784738057,0,0.28
Wed Jul 22 16:34:25 UTC 2026,1784738065,0,0.33
Wed Jul 22 16:36:05 UTC 2026,1784738165,0,0.28
Wed Jul 22 16:36:23 UTC 2026,1784738183,0,0.34
Wed Jul 22 16:37:21 UTC 2026,1784738241,0,0.28
Wed Jul 22 16:37:27 UTC 2026,1784738247,0,0.33
Wed Jul 22 16:39:47 UTC 2026,1784738387,0,0.28
Wed Jul 22 16:40:15 UTC 2026,1784738415,0,0.33
Wed Jul 22 16:41:00 UTC 2026,1784738460,0,0.28
Wed Jul 22 16:41:13 UTC 2026,1784738473,0,0.33
Wed Jul 22 16:42:22 UTC 2026,1784738542,0,0.32
Wed Jul 22 16:43:29 UTC 2026,1784738609,0,0.28
Wed Jul 22 16:44:41 UTC 2026,1784738681,0,0.27
Wed Jul 22 16:44:51 UTC 2026,1784738691,0,0.33
Wed Jul 22 16:46:35 UTC 2026,1784738795,0,0.28
Wed Jul 22 16:48:06 UTC 2026,1784738886,0,0.34
Wed Jul 22 16:48:37 UTC 2026,1784738917,0,0.25
Wed Jul 22 16:49:00 UTC 2026,1784738940,0,0.27
Wed Jul 22 16:50:08 UTC 2026,1784739008,0,0.34
Wed Jul 22 16:51:34 UTC 2026,1784739094,0,0.26
Wed Jul 22 16:51:48 UTC 2026,1784739108,0,0.35
Wed Jul 22 16:52:43 UTC 2026,1784739163,0,0.27
Wed Jul 22 16:53:37 UTC 2026,1784739217,0,0.33
Wed Jul 22 16:54:44 UTC 2026,1784739284,0,0.27
Wed Jul 22 16:55:39 UTC 2026,1784739339,0,0.34
Wed Jul 22 16:55:48 UTC 2026,1784739348,0,0.26
Wed Jul 22 16:57:51 UTC 2026,1784739471,0,0.35
Wed Jul 22 16:58:23 UTC 2026,1784739503,0,0.27
Wed Jul 22 16:58:49 UTC 2026,1784739529,0,0.29
Wed Jul 22 16:59:26 UTC 2026,1784739566,0,0.34
Wed Jul 22 17:00:29 UTC 2026,1784739629,0,0.35
Wed Jul 22 17:02:01 UTC 2026,1784739721,0,0.28
Wed Jul 22 17:02:09 UTC 2026,1784739729,0,0.36
Wed Jul 22 17:03:03 UTC 2026,1784739783,0,0.3
Wed Jul 22 17:04:03 UTC 2026,1784739843,0,0.36
Wed Jul 22 17:05:10 UTC 2026,1784739910,0,0.28
Wed Jul 22 17:05:38 UTC 2026,1784739938,0,0.29
Wed Jul 22 17:05:51 UTC 2026,1784739951,0,0.34
Wed Jul 22 17:07:08 UTC 2026,1784740028,0,0.25
Wed Jul 22 17:08:03 UTC 2026,1784740083,0,0.33
Wed Jul 22 17:09:19 UTC 2026,1784740159,0,0.27
Wed Jul 22 17:09:33 UTC 2026,1784740173,0,0.36
Wed Jul 22 17:10:36 UTC 2026,1784740236,0,0.37
Wed Jul 22 17:10:47 UTC 2026,1784740247,0,0.27
Wed Jul 22 17:12:16 UTC 2026,1784740336,0,0.25
Wed Jul 22 17:12:21 UTC 2026,1784740341,0,0.33
Wed Jul 22 17:13:56 UTC 2026,1784740436,0,0.34
Wed Jul 22 17:15:04 UTC 2026,1784740504,0,0.26
Wed Jul 22 17:15:50 UTC 2026,1784740550,0,0.32
Wed Jul 22 17:16:23 UTC 2026,1784740583,0,0.26
Wed Jul 22 17:18:19 UTC 2026,1784740699,0,0.33
Wed Jul 22 17:18:42 UTC 2026,1784740722,0,0.26
Wed Jul 22 17:19:40 UTC 2026,1784740780,0,0.34
Wed Jul 22 17:20:54 UTC 2026,1784740854,0,0.27
Wed Jul 22 17:21:48 UTC 2026,1784740908,0,0.34
Wed Jul 22 17:21:58 UTC 2026,1784740918,0,0.27
Wed Jul 22 17:23:23 UTC 2026,1784741003,0,0.33
Wed Jul 22 17:24:50 UTC 2026,1784741090,0,0.24
Wed Jul 22 17:26:07 UTC 2026,1784741167,0,0.33
Wed Jul 22 17:27:10 UTC 2026,1784741230,0,0.32
Wed Jul 22 17:28:24 UTC 2026,1784741304,0,0.27
Wed Jul 22 17:28:32 UTC 2026,1784741312,0,0.28
Wed Jul 22 17:28:45 UTC 2026,1784741325,0,0.33
Wed Jul 22 17:31:01 UTC 2026,1784741461,0,0.26
Wed Jul 22 17:31:19 UTC 2026,1784741479,0,0.35
Wed Jul 22 17:32:20 UTC 2026,1784741540,0,0.33
Wed Jul 22 17:33:00 UTC 2026,1784741580,0,0.25
Wed Jul 22 17:34:03 UTC 2026,1784741643,0,0.37
Wed Jul 22 17:34:26 UTC 2026,1784741666,0,0.22
Wed Jul 22 17:35:24 UTC 2026,1784741724,0,0.24
Wed Jul 22 17:36:29 UTC 2026,1784741789,0,0.38
Wed Jul 22 17:36:50 UTC 2026,1784741810,0,0.37
Wed Jul 22 17:37:04 UTC 2026,1784741824,0,0.27
Wed Jul 22 17:39:06 UTC 2026,1784741946,0,0.26
Wed Jul 22 17:39:16 UTC 2026,1784741956,0,0.36
Wed Jul 22 17:40:11 UTC 2026,1784742011,0,0.25
Wed Jul 22 17:41:27 UTC 2026,1784742087,0,0.35
Wed Jul 22 17:42:00 UTC 2026,1784742120,0,0.36
Wed Jul 22 17:42:08 UTC 2026,1784742128,0,0.27
Wed Jul 22 17:43:26 UTC 2026,1784742206,0,0.26
Wed Jul 22 17:44:15 UTC 2026,1784742255,0,0.35
Wed Jul 22 17:45:28 UTC 2026,1784742328,0,0.3
Wed Jul 22 17:46:09 UTC 2026,1784742369,0,0.35
Wed Jul 22 17:46:43 UTC 2026,1784742403,0,0.33
Wed Jul 22 17:47:21 UTC 2026,1784742441,0,0.27
Wed Jul 22 17:48:24 UTC 2026,1784742504,0,0.34
Wed Jul 22 17:49:27 UTC 2026,1784742567,0,0.29
Wed Jul 22 17:50:31 UTC 2026,1784742631,0,0.38
Wed Jul 22 17:50:35 UTC 2026,1784742635,0,0.23
Wed Jul 22 17:51:58 UTC 2026,1784742718,0,0.28
Wed Jul 22 17:52:19 UTC 2026,1784742739,0,0.36
Wed Jul 22 17:53:32 UTC 2026,1784742812,0,0.28
Wed Jul 22 17:53:41 UTC 2026,1784742821,0,0.35
Wed Jul 22 17:54:54 UTC 2026,1784742894,0,0.28
Wed Jul 22 17:55:26 UTC 2026,1784742926,0,0.34
Wed Jul 22 17:56:52 UTC 2026,1784743012,0,0.25
Wed Jul 22 17:58:09 UTC 2026,1784743089,0,0.35
Wed Jul 22 17:58:17 UTC 2026,1784743097,0,0.33
Wed Jul 22 17:58:50 UTC 2026,1784743130,0,0.28
Wed Jul 22 18:00:20 UTC 2026,1784743220,0,0.37
Wed Jul 22 18:00:57 UTC 2026,1784743257,0,0.26
Wed Jul 22 18:01:37 UTC 2026,1784743297,0,0.2
Wed Jul 22 18:02:09 UTC 2026,1784743329,0,0.35
Wed Jul 22 18:03:12 UTC 2026,1784743392,0,0.29
Wed Jul 22 18:03:35 UTC 2026,1784743415,0,0.35
Wed Jul 22 18:05:46 UTC 2026,1784743546,0,0.28
Wed Jul 22 18:05:51 UTC 2026,1784743551,0,0.37
Wed Jul 22 18:06:41 UTC 2026,1784743601,0,0.42
Wed Jul 22 18:07:13 UTC 2026,1784743633,0,0.24
Wed Jul 22 18:08:11 UTC 2026,1784743691,0,0.25
Wed Jul 22 18:08:56 UTC 2026,1784743736,0,0.39
Wed Jul 22 18:09:46 UTC 2026,1784743786,0,0.38
Wed Jul 22 18:10:50 UTC 2026,1784743850,0,0.28
Wed Jul 22 18:11:58 UTC 2026,1784743918,0,0.4
Wed Jul 22 18:12:07 UTC 2026,1784743927,0,0.26
Wed Jul 22 18:13:24 UTC 2026,1784744004,0,0.39
Wed Jul 22 18:13:42 UTC 2026,1784744022,0,0.25
Wed Jul 22 18:15:27 UTC 2026,1784744127,0,0.36
Wed Jul 22 18:15:49 UTC 2026,1784744149,0,0.3
Wed Jul 22 18:16:34 UTC 2026,1784744194,0,0.33
Wed Jul 22 18:17:06 UTC 2026,1784744226,0,0.27
Wed Jul 22 18:18:47 UTC 2026,1784744327,0,0.35
Wed Jul 22 18:19:04 UTC 2026,1784744344,0,0.27
Wed Jul 22 18:20:53 UTC 2026,1784744453,0,0.33
Wed Jul 22 18:21:34 UTC 2026,1784744494,0,0.29
Wed Jul 22 18:21:38 UTC 2026,1784744498,0,0.35
Wed Jul 22 18:23:10 UTC 2026,1784744590,0,0.29
Wed Jul 22 18:23:45 UTC 2026,1784744625,0,0.36
Wed Jul 22 18:26:06 UTC 2026,1784744766,0,0.25
Wed Jul 22 18:26:19 UTC 2026,1784744779,0,0.29
Wed Jul 22 18:27:36 UTC 2026,1784744856,0,0.37
Wed Jul 22 18:27:55 UTC 2026,1784744875,0,0.29
Wed Jul 22 18:28:48 UTC 2026,1784744928,0,0.36
Wed Jul 22 18:29:43 UTC 2026,1784744983,0,0.31
Wed Jul 22 18:31:09 UTC 2026,1784745069,0,0.37
Wed Jul 22 18:31:15 UTC 2026,1784745075,0,0.36
Wed Jul 22 18:32:17 UTC 2026,1784745137,0,0.29
Wed Jul 22 18:34:24 UTC 2026,1784745264,0,0.36
Wed Jul 22 18:34:29 UTC 2026,1784745269,0,0.28
Wed Jul 22 18:34:33 UTC 2026,1784745273,0,0.29
Wed Jul 22 18:34:57 UTC 2026,1784745297,0,0.4
Wed Jul 22 18:36:35 UTC 2026,1784745395,0,0.44
Wed Jul 22 18:37:40 UTC 2026,1784745460,0,0.25
Wed Jul 22 18:38:29 UTC 2026,1784745509,0,0.29
Wed Jul 22 18:39:10 UTC 2026,1784745550,0,0.42
Wed Jul 22 18:39:33 UTC 2026,1784745573,0,0.23
Wed Jul 22 18:40:18 UTC 2026,1784745618,0,0.42
Wed Jul 22 18:41:21 UTC 2026,1784745681,0,0.24
Wed Jul 22 18:42:34 UTC 2026,1784745754,0,0.47
Wed Jul 22 18:43:42 UTC 2026,1784745822,0,0.48
Wed Jul 22 18:44:04 UTC 2026,1784745844,0,0.2
Wed Jul 22 18:45:40 UTC 2026,1784745940,0,0.17
Wed Jul 22 18:45:58 UTC 2026,1784745958,0,0.43
Wed Jul 22 18:46:16 UTC 2026,1784745976,0,0.25
Wed Jul 22 18:47:19 UTC 2026,1784746039,0,0.49
Wed Jul 22 18:48:13 UTC 2026,1784746093,0,0.18
Wed Jul 22 18:49:04 UTC 2026,1784746144,0,0.46
Wed Jul 22 18:49:49 UTC 2026,1784746189,0,0.47
Wed Jul 22 18:50:44 UTC 2026,1784746244,0,0.17
Wed Jul 22 18:51:21 UTC 2026,1784746281,0,0.47
Wed Jul 22 18:52:32 UTC 2026,1784746352,0,0.18
Wed Jul 22 18:52:56 UTC 2026,1784746376,0,0.45
Wed Jul 22 18:53:28 UTC 2026,1784746408,0,0.15
Wed Jul 22 18:54:54 UTC 2026,1784746494,0,0.43
Wed Jul 22 18:55:20 UTC 2026,1784746520,0,0.18
Wed Jul 22 18:56:11 UTC 2026,1784746571,0,0.23
Wed Jul 22 18:57:10 UTC 2026,1784746630,0,0.39
Wed Jul 22 18:57:41 UTC 2026,1784746661,0,0.37
Wed Jul 22 18:58:04 UTC 2026,1784746684,0,0.27
Wed Jul 22 19:00:29 UTC 2026,1784746829,0,0.29
Wed Jul 22 19:00:52 UTC 2026,1784746852,0,0.37
Wed Jul 22 19:00:56 UTC 2026,1784746856,0,0.38
Wed Jul 22 19:02:00 UTC 2026,1784746920,0,0.29
Wed Jul 22 19:03:25 UTC 2026,1784747005,0,0.4
Wed Jul 22 19:04:48 UTC 2026,1784747088,0,0.41
Wed Jul 22 19:05:19 UTC 2026,1784747119,0,0.29
Wed Jul 22 19:07:21 UTC 2026,1784747241,0,0.37
Wed Jul 22 19:07:58 UTC 2026,1784747278,0,0.39
Wed Jul 22 19:08:38 UTC 2026,1784747318,0,0.28
Wed Jul 22 19:09:24 UTC 2026,1784747364,0,0.47
Wed Jul 22 19:10:31 UTC 2026,1784747431,0,0.28
Wed Jul 22 19:11:47 UTC 2026,1784747507,0,0.39
Wed Jul 22 19:12:16 UTC 2026,1784747536,0,0.27
Wed Jul 22 19:12:29 UTC 2026,1784747549,0,0.42
Wed Jul 22 19:13:50 UTC 2026,1784747630,0,0.25
Wed Jul 22 19:14:22 UTC 2026,1784747662,0,0.23
Wed Jul 22 19:15:16 UTC 2026,1784747716,0,0.4
Wed Jul 22 19:16:29 UTC 2026,1784747789,0,0.27
Wed Jul 22 19:16:34 UTC 2026,1784747794,0,0.4
Wed Jul 22 19:18:09 UTC 2026,1784747889,0,0.26
Wed Jul 22 19:18:44 UTC 2026,1784747924,0,0.37
Wed Jul 22 19:20:11 UTC 2026,1784748011,0,0.26
Wed Jul 22 19:20:16 UTC 2026,1784748016,0,0.39
Wed Jul 22 19:21:56 UTC 2026,1784748116,0,0.29
Wed Jul 22 19:22:18 UTC 2026,1784748138,0,0.43
Wed Jul 22 19:22:45 UTC 2026,1784748165,0,0.4
Wed Jul 22 19:23:07 UTC 2026,1784748187,0,0.24
Wed Jul 22 19:24:29 UTC 2026,1784748269,0,0.44
Wed Jul 22 19:24:53 UTC 2026,1784748293,0,0.28
Wed Jul 22 19:26:28 UTC 2026,1784748388,0,0.27
Wed Jul 22 19:26:36 UTC 2026,1784748396,0,0.41
Wed Jul 22 19:27:45 UTC 2026,1784748465,0,0.43
Wed Jul 22 19:27:58 UTC 2026,1784748478,0,0.26
Wed Jul 22 19:29:30 UTC 2026,1784748570,0,0.29
Wed Jul 22 19:30:04 UTC 2026,1784748604,0,0.43
Wed Jul 22 19:31:50 UTC 2026,1784748710,0,0.25
Wed Jul 22 19:32:17 UTC 2026,1784748737,0,0.22
Wed Jul 22 19:33:11 UTC 2026,1784748791,0,0.46
Wed Jul 22 19:34:19 UTC 2026,1784748859,0,0.41
Wed Jul 22 19:34:23 UTC 2026,1784748863,0,0.24
Wed Jul 22 19:35:40 UTC 2026,1784748940,0,0.32
Wed Jul 22 19:35:59 UTC 2026,1784748959,0,0.41
Wed Jul 22 19:37:42 UTC 2026,1784749062,0,0.27
Wed Jul 22 19:38:33 UTC 2026,1784749113,0,0.39
Wed Jul 22 19:39:19 UTC 2026,1784749159,0,0.41
Wed Jul 22 19:40:08 UTC 2026,1784749208,0,0.3
Wed Jul 22 19:40:57 UTC 2026,1784749257,0,0.28
Wed Jul 22 19:41:51 UTC 2026,1784749311,0,0.41
Wed Jul 22 19:43:04 UTC 2026,1784749384,0,0.22
Wed Jul 22 19:43:09 UTC 2026,1784749389,0,0.44
Wed Jul 22 19:44:26 UTC 2026,1784749466,0,0.43
Wed Jul 22 19:44:35 UTC 2026,1784749475,0,0.24
Wed Jul 22 19:45:30 UTC 2026,1784749530,0,0.43
Wed Jul 22 19:45:47 UTC 2026,1784749547,0,0.27
Wed Jul 22 19:47:10 UTC 2026,1784749630,0,0.23
Wed Jul 22 19:47:19 UTC 2026,1784749639,0,0.42
Wed Jul 22 19:48:59 UTC 2026,1784749739,0,0.43
Wed Jul 22 19:50:06 UTC 2026,1784749806,0,0.26
Wed Jul 22 19:51:37 UTC 2026,1784749897,0,0.39
Wed Jul 22 19:52:00 UTC 2026,1784749920,0,0.2
Wed Jul 22 19:52:04 UTC 2026,1784749924,0,0.44
Wed Jul 22 19:52:54 UTC 2026,1784749974,0,0.25
Wed Jul 22 19:54:25 UTC 2026,1784750065,0,0.44
Wed Jul 22 19:55:15 UTC 2026,1784750115,0,0.23
Wed Jul 22 19:56:09 UTC 2026,1784750169,0,0.46
Wed Jul 22 19:56:41 UTC 2026,1784750201,0,0.29
Wed Jul 22 19:57:21 UTC 2026,1784750241,0,0.43
Wed Jul 22 19:57:35 UTC 2026,1784750255,0,0.29
Wed Jul 22 19:59:20 UTC 2026,1784750360,0,0.41
Wed Jul 22 19:59:47 UTC 2026,1784750387,0,0.29
Wed Jul 22 20:00:36 UTC 2026,1784750436,0,0.31
Wed Jul 22 20:01:35 UTC 2026,1784750495,0,0.43
Wed Jul 22 20:02:16 UTC 2026,1784750536,0,0.3
Wed Jul 22 20:03:06 UTC 2026,1784750586,0,0.44
Wed Jul 22 20:04:31 UTC 2026,1784750671,0,0.29
Wed Jul 22 20:04:41 UTC 2026,1784750681,0,0.41
Wed Jul 22 20:06:03 UTC 2026,1784750763,0,0.18
Wed Jul 22 20:06:48 UTC 2026,1784750808,0,0.4
Wed Jul 22 20:06:58 UTC 2026,1784750818,0,0.44
Wed Jul 22 20:08:00 UTC 2026,1784750880,0,0.25
Wed Jul 22 20:08:37 UTC 2026,1784750917,0,0.26
Wed Jul 22 20:09:50 UTC 2026,1784750990,0,0.48
Wed Jul 22 20:10:48 UTC 2026,1784751048,0,0.39
Wed Jul 22 20:11:34 UTC 2026,1784751094,0,0.27
Wed Jul 22 20:12:09 UTC 2026,1784751129,0,0.39
Wed Jul 22 20:12:55 UTC 2026,1784751175,0,0.15
Wed Jul 22 20:14:03 UTC 2026,1784751243,0,0.45
Wed Jul 22 20:14:36 UTC 2026,1784751276,0,0.27
Wed Jul 22 20:15:34 UTC 2026,1784751334,0,0.25
Wed Jul 22 20:16:24 UTC 2026,1784751384,0,0.4
Wed Jul 22 20:17:37 UTC 2026,1784751457,0,0.41
Wed Jul 22 20:17:50 UTC 2026,1784751470,0,0.27
Wed Jul 22 20:20:01 UTC 2026,1784751601,0,0.44
Wed Jul 22 20:20:51 UTC 2026,1784751651,0,0.29
Wed Jul 22 20:21:09 UTC 2026,1784751669,0,0.45
Wed Jul 22 20:22:18 UTC 2026,1784751738,0,0.27
Wed Jul 22 20:23:12 UTC 2026,1784751792,0,0.43
Wed Jul 22 20:23:29 UTC 2026,1784751809,0,0.27
Wed Jul 22 20:24:37 UTC 2026,1784751877,0,0.4
Wed Jul 22 20:25:10 UTC 2026,1784751910,0,0.38
Wed Jul 22 20:26:13 UTC 2026,1784751973,0,0.26
Wed Jul 22 20:27:30 UTC 2026,1784752050,0,0.32
Wed Jul 22 20:27:53 UTC 2026,1784752073,0,0.44
Wed Jul 22 20:29:37 UTC 2026,1784752177,0,0.3
Wed Jul 22 20:29:42 UTC 2026,1784752182,0,0.38
Wed Jul 22 20:30:45 UTC 2026,1784752245,0,0.29
Wed Jul 22 20:31:07 UTC 2026,1784752267,0,0.42
Wed Jul 22 20:32:07 UTC 2026,1784752327,0,0.27
Wed Jul 22 20:32:28 UTC 2026,1784752348,0,0.42
Wed Jul 22 20:34:01 UTC 2026,1784752441,0,0.29
Wed Jul 22 20:34:22 UTC 2026,1784752462,0,0.39
Wed Jul 22 20:35:26 UTC 2026,1784752526,0,0.4
Wed Jul 22 20:36:20 UTC 2026,1784752580,0,0.29
Wed Jul 22 20:37:30 UTC 2026,1784752650,0,0.4
Wed Jul 22 20:38:00 UTC 2026,1784752680,0,0.31
Wed Jul 22 20:38:55 UTC 2026,1784752735,0,0.37
Wed Jul 22 20:39:17 UTC 2026,1784752757,0,0.29
Wed Jul 22 20:41:25 UTC 2026,1784752885,0,0.39
Wed Jul 22 20:42:14 UTC 2026,1784752934,0,0.3
Wed Jul 22 20:43:04 UTC 2026,1784752984,0,0.4
Wed Jul 22 20:43:54 UTC 2026,1784753034,0,0.24
Wed Jul 22 20:44:53 UTC 2026,1784753093,0,0.28
Wed Jul 22 20:46:23 UTC 2026,1784753183,0,0.4
Wed Jul 22 20:46:42 UTC 2026,1784753202,0,0.44
Wed Jul 22 20:47:14 UTC 2026,1784753234,0,0.28
Wed Jul 22 20:48:41 UTC 2026,1784753321,0,0.41
Wed Jul 22 20:49:17 UTC 2026,1784753357,0,0.25
Wed Jul 22 20:49:48 UTC 2026,1784753388,0,0.41
Wed Jul 22 20:51:19 UTC 2026,1784753479,0,0.25
Wed Jul 22 20:51:46 UTC 2026,1784753506,0,0.38
Wed Jul 22 20:52:46 UTC 2026,1784753566,0,0.3
Wed Jul 22 20:53:12 UTC 2026,1784753592,0,0.39
Wed Jul 22 20:53:53 UTC 2026,1784753633,0,0.3
Wed Jul 22 20:54:56 UTC 2026,1784753696,0,0.28
Wed Jul 22 20:56:18 UTC 2026,1784753778,0,0.4
Wed Jul 22 20:57:12 UTC 2026,1784753832,0,0.31
Wed Jul 22 20:58:38 UTC 2026,1784753918,0,0.28
Wed Jul 22 20:59:05 UTC 2026,1784753945,0,0.41
Wed Jul 22 20:59:51 UTC 2026,1784753991,0,0.27
Wed Jul 22 21:00:23 UTC 2026,1784754023,0,0.4
Wed Jul 22 21:02:15 UTC 2026,1784754135,0,0.23
Wed Jul 22 21:03:10 UTC 2026,1784754190,0,0.25
Wed Jul 22 21:04:27 UTC 2026,1784754267,0,0.4
Wed Jul 22 21:04:46 UTC 2026,1784754286,0,0.42
Wed Jul 22 21:05:44 UTC 2026,1784754344,0,0.27
Wed Jul 22 21:07:05 UTC 2026,1784754425,0,0.42
Wed Jul 22 21:08:23 UTC 2026,1784754503,0,0.44
Wed Jul 22 21:08:28 UTC 2026,1784754508,0,0.24
Wed Jul 22 21:10:17 UTC 2026,1784754617,0,0.25
Wed Jul 22 21:10:34 UTC 2026,1784754634,0,0.42
Wed Jul 22 21:11:57 UTC 2026,1784754717,0,0.24
Wed Jul 22 21:12:15 UTC 2026,1784754735,0,0.4
Wed Jul 22 21:13:18 UTC 2026,1784754798,0,0.22
Wed Jul 22 21:14:07 UTC 2026,1784754847,0,0.43
Wed Jul 22 21:14:47 UTC 2026,1784754887,0,0.46
Wed Jul 22 21:15:01 UTC 2026,1784754901,0,0.22
Wed Jul 22 21:16:37 UTC 2026,1784754997,0,0.24
Wed Jul 22 21:17:14 UTC 2026,1784755034,0,0.4
Wed Jul 22 21:18:08 UTC 2026,1784755088,0,0.24
Wed Jul 22 21:18:48 UTC 2026,1784755128,0,0.45
Wed Jul 22 21:20:19 UTC 2026,1784755219,0,0.39
Wed Jul 22 21:20:55 UTC 2026,1784755255,0,0.22
Wed Jul 22 21:21:23 UTC 2026,1784755283,0,0.23
Wed Jul 22 21:21:36 UTC 2026,1784755296,0,0.39
Wed Jul 22 21:23:57 UTC 2026,1784755437,0,0.42
Wed Jul 22 21:24:24 UTC 2026,1784755464,0,0.25
Wed Jul 22 21:24:28 UTC 2026,1784755468,0,0.41
Wed Jul 22 21:25:40 UTC 2026,1784755540,0,0.26
Wed Jul 22 21:26:30 UTC 2026,1784755590,0,0.29
Wed Jul 22 21:27:20 UTC 2026,1784755640,0,0.42
Wed Jul 22 21:27:52 UTC 2026,1784755672,0,0.29
Wed Jul 22 21:28:41 UTC 2026,1784755721,0,0.4
Wed Jul 22 21:29:41 UTC 2026,1784755781,0,0.41
Wed Jul 22 21:30:26 UTC 2026,1784755826,0,0.24
Wed Jul 22 21:31:43 UTC 2026,1784755903,0,0.28
Wed Jul 22 21:32:06 UTC 2026,1784755926,0,0.4
Wed Jul 22 21:32:56 UTC 2026,1784755976,0,0.38
Wed Jul 22 21:33:27 UTC 2026,1784756007,0,0.27
Wed Jul 22 21:34:58 UTC 2026,1784756098,0,0.43
Wed Jul 22 21:35:44 UTC 2026,1784756144,0,0.3
Wed Jul 22 21:36:06 UTC 2026,1784756166,0,0.27
Wed Jul 22 21:37:10 UTC 2026,1784756230,0,0.39
Wed Jul 22 21:38:54 UTC 2026,1784756334,0,0.24
Wed Jul 22 21:40:07 UTC 2026,1784756407,0,0.36
Wed Jul 22 21:40:24 UTC 2026,1784756424,0,0.29
Wed Jul 22 21:41:41 UTC 2026,1784756501,0,0.39
Wed Jul 22 21:41:45 UTC 2026,1784756505,0,0.25
Wed Jul 22 21:42:50 UTC 2026,1784756570,0,0.29
Wed Jul 22 21:43:08 UTC 2026,1784756588,0,0.36
Wed Jul 22 21:44:20 UTC 2026,1784756660,0,0.29
Wed Jul 22 21:44:24 UTC 2026,1784756664,0,0.35
Wed Jul 22 21:46:18 UTC 2026,1784756778,0,0.36
Wed Jul 22 21:47:26 UTC 2026,1784756846,0,0.28
Wed Jul 22 21:48:43 UTC 2026,1784756923,0,0.36
Wed Jul 22 21:49:14 UTC 2026,1784756954,0,0.28
Wed Jul 22 21:50:00 UTC 2026,1784757000,0,0.36
Wed Jul 22 21:51:00 UTC 2026,1784757060,0,0.34
Wed Jul 22 21:52:11 UTC 2026,1784757131,0,0.28
Wed Jul 22 21:52:39 UTC 2026,1784757159,0,0.3
Wed Jul 22 21:52:56 UTC 2026,1784757176,0,0.36
Wed Jul 22 21:54:32 UTC 2026,1784757272,0,0.22
Wed Jul 22 21:55:03 UTC 2026,1784757303,0,0.37
Wed Jul 22 21:56:07 UTC 2026,1784757367,0,0.35
Wed Jul 22 21:56:11 UTC 2026,1784757371,0,0.26
Wed Jul 22 21:58:32 UTC 2026,1784757512,0,0.28
Wed Jul 22 21:58:42 UTC 2026,1784757522,0,0.36
Wed Jul 22 22:00:12 UTC 2026,1784757612,0,0.4
Wed Jul 22 22:00:40 UTC 2026,1784757640,0,0.29
Wed Jul 22 22:01:56 UTC 2026,1784757716,0,0.36
Wed Jul 22 22:02:55 UTC 2026,1784757775,0,0.3
Wed Jul 22 22:04:16 UTC 2026,1784757856,0,0.38
Wed Jul 22 22:04:43 UTC 2026,1784757883,0,0.3
Wed Jul 22 22:05:43 UTC 2026,1784757943,0,0.31
Wed Jul 22 22:06:46 UTC 2026,1784758006,0,0.36
Wed Jul 22 22:08:03 UTC 2026,1784758083,0,0.29
Wed Jul 22 22:08:26 UTC 2026,1784758106,0,0.38
Wed Jul 22 22:09:34 UTC 2026,1784758174,0,0.35
Wed Jul 22 22:10:29 UTC 2026,1784758229,0,0.3
Wed Jul 22 22:10:51 UTC 2026,1784758251,0,0.37
Wed Jul 22 22:11:50 UTC 2026,1784758310,0,0.32
Wed Jul 22 22:12:27 UTC 2026,1784758347,0,0.33
Wed Jul 22 22:13:30 UTC 2026,1784758410,0,0.4
Wed Jul 22 22:13:58 UTC 2026,1784758438,0,0.39
Wed Jul 22 22:14:24 UTC 2026,1784758464,0,0.29
Wed Jul 22 22:15:36 UTC 2026,1784758536,0,0.3
Wed Jul 22 22:15:50 UTC 2026,1784758550,0,0.39
Wed Jul 22 22:17:26 UTC 2026,1784758646,0,0.33
Wed Jul 22 22:18:48 UTC 2026,1784758728,0,0.39
Wed Jul 22 22:18:57 UTC 2026,1784758737,0,0.33
Wed Jul 22 22:20:05 UTC 2026,1784758805,0,0.4
Wed Jul 22 22:21:08 UTC 2026,1784758868,0,0.34
Wed Jul 22 22:21:58 UTC 2026,1784758918,0,0.4
Wed Jul 22 22:23:10 UTC 2026,1784758990,0,0.33
Wed Jul 22 22:24:46 UTC 2026,1784759086,0,0.34
Wed Jul 22 22:25:22 UTC 2026,1784759122,0,0.4
Wed Jul 22 22:25:58 UTC 2026,1784759158,0,0.34
Wed Jul 22 22:26:11 UTC 2026,1784759171,0,0.4
Wed Jul 22 22:27:23 UTC 2026,1784759243,0,0.35
Wed Jul 22 22:28:09 UTC 2026,1784759289,0,0.43
Wed Jul 22 22:29:09 UTC 2026,1784759349,0,0.4
Wed Jul 22 22:30:03 UTC 2026,1784759403,0,0.35
Wed Jul 22 22:31:56 UTC 2026,1784759516,0,0.41
Wed Jul 22 22:32:09 UTC 2026,1784759529,0,0.4
Wed Jul 22 22:33:09 UTC 2026,1784759589,0,0.32
Wed Jul 22 22:33:45 UTC 2026,1784759625,0,0.36
Wed Jul 22 22:34:04 UTC 2026,1784759644,0,0.44
Wed Jul 22 22:35:25 UTC 2026,1784759725,0,0.34
Wed Jul 22 22:36:33 UTC 2026,1784759793,0,0.43
Wed Jul 22 22:37:28 UTC 2026,1784759848,0,0.36
Wed Jul 22 22:37:45 UTC 2026,1784759865,0,0.43
Wed Jul 22 22:38:49 UTC 2026,1784759929,0,0.42
Wed Jul 22 22:39:20 UTC 2026,1784759960,0,0.36
Wed Jul 22 22:40:29 UTC 2026,1784760029,0,0.41
Wed Jul 22 22:41:18 UTC 2026,1784760078,0,0.33
Wed Jul 22 22:42:35 UTC 2026,1784760155,0,0.41
Wed Jul 22 22:42:59 UTC 2026,1784760179,0,0.35
Wed Jul 22 22:43:43 UTC 2026,1784760223,0,0.4
Wed Jul 22 22:45:10 UTC 2026,1784760310,0,0.33
Wed Jul 22 22:46:00 UTC 2026,1784760360,0,0.34
Wed Jul 22 22:46:17 UTC 2026,1784760377,0,0.41
Wed Jul 22 22:47:12 UTC 2026,1784760432,0,0.39
Wed Jul 22 22:48:07 UTC 2026,1784760487,0,0.35
Wed Jul 22 22:49:33 UTC 2026,1784760573,0,0.4
Wed Jul 22 22:50:41 UTC 2026,1784760641,0,0.39
Wed Jul 22 22:51:17 UTC 2026,1784760677,0,0.31
Wed Jul 22 22:53:01 UTC 2026,1784760781,0,0.42
Wed Jul 22 22:54:50 UTC 2026,1784760890,0,0.27
Wed Jul 22 22:55:58 UTC 2026,1784760958,0,0.32
Wed Jul 22 22:56:47 UTC 2026,1784761007,0,0.42
Wed Jul 22 22:57:10 UTC 2026,1784761030,0,0.45
Wed Jul 22 22:58:04 UTC 2026,1784761084,0,0.3
Wed Jul 22 22:58:59 UTC 2026,1784761139,0,0.4
Wed Jul 22 22:59:41 UTC 2026,1784761181,0,0.31
Wed Jul 22 23:00:43 UTC 2026,1784761243,0,0.4
Wed Jul 22 23:01:07 UTC 2026,1784761267,0,0.33
Wed Jul 22 23:02:32 UTC 2026,1784761352,0,0.4
Wed Jul 22 23:03:40 UTC 2026,1784761420,0,0.31
Wed Jul 22 23:03:54 UTC 2026,1784761434,0,0.45
Wed Jul 22 23:05:52 UTC 2026,1784761552,0,0.42
Wed Jul 22 23:06:14 UTC 2026,1784761574,0,0.32
Wed Jul 22 23:07:23 UTC 2026,1784761643,0,0.42
Wed Jul 22 23:07:40 UTC 2026,1784761660,0,0.33
Wed Jul 22 23:08:40 UTC 2026,1784761720,0,0.39
Wed Jul 22 23:09:11 UTC 2026,1784761751,0,0.31
Wed Jul 22 23:10:05 UTC 2026,1784761805,0,0.41
Wed Jul 22 23:11:32 UTC 2026,1784761892,0,0.33
Wed Jul 22 23:12:22 UTC 2026,1784761942,0,0.31
Wed Jul 22 23:12:44 UTC 2026,1784761964,0,0.4
Wed Jul 22 23:13:34 UTC 2026,1784762014,0,0.38
Wed Jul 22 23:14:15 UTC 2026,1784762055,0,0.32
Wed Jul 22 23:15:18 UTC 2026,1784762118,0,0.37
Wed Jul 22 23:16:26 UTC 2026,1784762186,0,0.28
Wed Jul 22 23:16:44 UTC 2026,1784762204,0,0.4
Wed Jul 22 23:17:20 UTC 2026,1784762240,0,0.28
Wed Jul 22 23:18:20 UTC 2026,1784762300,0,0.38
Wed Jul 22 23:18:46 UTC 2026,1784762326,0,0.29
Wed Jul 22 23:19:59 UTC 2026,1784762399,0,0.3
Wed Jul 22 23:20:53 UTC 2026,1784762453,0,0.39
Wed Jul 22 23:21:57 UTC 2026,1784762517,0,0.3
Wed Jul 22 23:22:42 UTC 2026,1784762562,0,0.42
Wed Jul 22 23:23:28 UTC 2026,1784762608,0,0.36
Wed Jul 22 23:24:30 UTC 2026,1784762670,0,0.28
Wed Jul 22 23:25:57 UTC 2026,1784762757,0,0.37
Wed Jul 22 23:26:20 UTC 2026,1784762780,0,0.26
Wed Jul 22 23:26:37 UTC 2026,1784762797,0,0.37
Wed Jul 22 23:26:56 UTC 2026,1784762816,0,0.26
Wed Jul 22 23:28:45 UTC 2026,1784762925,0,0.38
Wed Jul 22 23:29:12 UTC 2026,1784762952,0,0.29
Wed Jul 22 23:30:38 UTC 2026,1784763038,0,0.41
Wed Jul 22 23:31:19 UTC 2026,1784763079,0,0.3
Wed Jul 22 23:31:23 UTC 2026,1784763083,0,0.33
Wed Jul 22 23:31:27 UTC 2026,1784763087,0,0.36
Wed Jul 22 23:32:22 UTC 2026,1784763142,0,0.27
Wed Jul 22 23:32:48 UTC 2026,1784763168,0,0.4
Wed Jul 22 23:33:21 UTC 2026,1784763201,0,0.39
Wed Jul 22 23:33:39 UTC 2026,1784763219,0,0.28
Wed Jul 22 23:34:48 UTC 2026,1784763288,0,0.32
Wed Jul 22 23:34:56 UTC 2026,1784763296,0,0.38
Wed Jul 22 23:36:31 UTC 2026,1784763391,0,0.31
Wed Jul 22 23:36:58 UTC 2026,1784763418,0,0.38
Wed Jul 22 23:38:44 UTC 2026,1784763524,0,0.26
Wed Jul 22 23:40:13 UTC 2026,1784763613,0,0.3
Wed Jul 22 23:40:37 UTC 2026,1784763637,0,0.37
Wed Jul 22 23:41:30 UTC 2026,1784763690,0,0.31
Wed Jul 22 23:41:53 UTC 2026,1784763713,0,0.37
Wed Jul 22 23:43:55 UTC 2026,1784763835,0,0.31
Wed Jul 22 23:44:36 UTC 2026,1784763876,0,0.37
Wed Jul 22 23:44:46 UTC 2026,1784763886,0,0.36
Wed Jul 22 23:45:08 UTC 2026,1784763908,0,0.27
Wed Jul 22 23:46:22 UTC 2026,1784763982,0,0.38
Wed Jul 22 23:46:53 UTC 2026,1784764013,0,0.3
Wed Jul 22 23:48:14 UTC 2026,1784764094,0,0.37
Wed Jul 22 23:49:31 UTC 2026,1784764171,0,0.31
Wed Jul 22 23:49:45 UTC 2026,1784764185,0,0.3
Wed Jul 22 23:49:54 UTC 2026,1784764194,0,0.35
Wed Jul 22 23:51:47 UTC 2026,1784764307,0,0.27
Wed Jul 22 23:53:50 UTC 2026,1784764430,0,0.39
Wed Jul 22 23:54:21 UTC 2026,1784764461,0,0.24
Wed Jul 22 23:55:38 UTC 2026,1784764538,0,0.29
Wed Jul 22 23:55:42 UTC 2026,1784764542,0,0.36
Wed Jul 22 23:56:23 UTC 2026,1784764583,0,0.25
Wed Jul 22 23:57:23 UTC 2026,1784764643,0,0.37
Wed Jul 22 23:58:09 UTC 2026,1784764689,0,0.36
Wed Jul 22 23:58:53 UTC 2026,1784764733,0,0.27
Wed Jul 22 23:59:43 UTC 2026,1784764783,0,0.25
Thu Jul 23 00:00:42 UTC 2026,1784764842,0,0.37
Thu Jul 23 00:02:13 UTC 2026,1784764933,0,0.34
Thu Jul 23 00:02:45 UTC 2026,1784764965,0,0.28
Thu Jul 23 00:02:54 UTC 2026,1784764974,0,0.33
Thu Jul 23 00:03:07 UTC 2026,1784764987,0,0.25
Thu Jul 23 00:04:33 UTC 2026,1784765073,0,0.27
Thu Jul 23 00:05:10 UTC 2026,1784765110,0,0.34
Thu Jul 23 00:07:16 UTC 2026,1784765236,0,0.27
Thu Jul 23 00:07:30 UTC 2026,1784765250,0,0.34
Thu Jul 23 00:08:52 UTC 2026,1784765332,0,0.25
Thu Jul 23 00:09:02 UTC 2026,1784765342,0,0.33
Thu Jul 23 00:09:28 UTC 2026,1784765368,0,0.34
Thu Jul 23 00:09:56 UTC 2026,1784765396,0,0.24
Thu Jul 23 00:11:31 UTC 2026,1784765491,0,0.35
Thu Jul 23 00:11:35 UTC 2026,1784765495,0,0.25
Thu Jul 23 00:13:01 UTC 2026,1784765581,0,0.33
Thu Jul 23 00:13:19 UTC 2026,1784765599,0,0.26
Thu Jul 23 00:15:07 UTC 2026,1784765707,0,0.19
Thu Jul 23 00:15:22 UTC 2026,1784765722,0,0.4
Thu Jul 23 00:16:30 UTC 2026,1784765790,0,0.34
Thu Jul 23 00:17:01 UTC 2026,1784765821,0,0.24
Thu Jul 23 00:18:50 UTC 2026,1784765930,0,0.25
Thu Jul 23 00:19:13 UTC 2026,1784765953,0,0.35
Thu Jul 23 00:19:27 UTC 2026,1784765967,0,0.23
Thu Jul 23 00:20:13 UTC 2026,1784766013,0,0.31
Thu Jul 23 00:21:07 UTC 2026,1784766067,0,0.19
Thu Jul 23 00:22:37 UTC 2026,1784766157,0,0.34
Thu Jul 23 00:23:53 UTC 2026,1784766233,0,0.2
Thu Jul 23 00:25:07 UTC 2026,1784766307,0,0.22
Thu Jul 23 00:25:20 UTC 2026,1784766320,0,0.32
Thu Jul 23 00:26:06 UTC 2026,1784766366,0,0.23
Thu Jul 23 00:26:10 UTC 2026,1784766370,0,0.31
Thu Jul 23 00:28:54 UTC 2026,1784766534,0,0.23
Thu Jul 23 00:30:47 UTC 2026,1784766647,0,0.33
Thu Jul 23 00:32:00 UTC 2026,1784766720,0,0.24
Thu Jul 23 00:32:22 UTC 2026,1784766742,0,0.31
Thu Jul 23 00:32:50 UTC 2026,1784766770,0,0.33
Thu Jul 23 00:34:06 UTC 2026,1784766846,0,0.21
Thu Jul 23 00:34:29 UTC 2026,1784766869,0,0.3
Thu Jul 23 00:35:38 UTC 2026,1784766938,0,0.2
Thu Jul 23 00:36:36 UTC 2026,1784766996,0,0.33
Thu Jul 23 00:37:17 UTC 2026,1784767037,0,0.2
Thu Jul 23 00:38:15 UTC 2026,1784767095,0,0.29
Thu Jul 23 00:38:20 UTC 2026,1784767100,0,0.21
Thu Jul 23 00:39:38 UTC 2026,1784767178,0,0.19
Thu Jul 23 00:39:55 UTC 2026,1784767195,0,0.3
Thu Jul 23 00:40:49 UTC 2026,1784767249,0,0.31
Thu Jul 23 00:42:02 UTC 2026,1784767322,0,0.22
Thu Jul 23 00:42:57 UTC 2026,1784767377,0,0.2
Thu Jul 23 00:43:51 UTC 2026,1784767431,0,0.31
Thu Jul 23 00:45:26 UTC 2026,1784767526,0,0.22
Thu Jul 23 00:45:49 UTC 2026,1784767549,0,0.29
Thu Jul 23 00:46:47 UTC 2026,1784767607,0,0.22
Thu Jul 23 00:48:27 UTC 2026,1784767707,0,0.29
Thu Jul 23 00:49:40 UTC 2026,1784767780,0,0.18
Thu Jul 23 00:49:49 UTC 2026,1784767789,0,0.3
Thu Jul 23 00:50:48 UTC 2026,1784767848,0,0.19
Thu Jul 23 00:51:43 UTC 2026,1784767903,0,0.3
Thu Jul 23 00:52:51 UTC 2026,1784767971,0,0.19
Thu Jul 23 00:53:54 UTC 2026,1784768034,0,0.29
Thu Jul 23 00:54:17 UTC 2026,1784768057,0,0.16
Thu Jul 23 00:54:34 UTC 2026,1784768074,0,0.33
Thu Jul 23 00:55:57 UTC 2026,1784768157,0,0.28
Thu Jul 23 00:56:05 UTC 2026,1784768165,0,0.18
Thu Jul 23 00:57:36 UTC 2026,1784768256,0,0.17
Thu Jul 23 00:58:21 UTC 2026,1784768301,0,0.28
Thu Jul 23 00:58:59 UTC 2026,1784768339,0,0.2
Thu Jul 23 00:59:20 UTC 2026,1784768360,0,0.3
Thu Jul 23 01:00:42 UTC 2026,1784768442,0,0.2
Thu Jul 23 01:01:46 UTC 2026,1784768506,0,0.29
Thu Jul 23 01:02:26 UTC 2026,1784768546,0,0.3
Thu Jul 23 01:03:16 UTC 2026,1784768596,0,0.19
Thu Jul 23 01:04:38 UTC 2026,1784768678,0,0.44
Thu Jul 23 01:04:43 UTC 2026,1784768683,0,-0.22
Thu Jul 23 01:07:03 UTC 2026,1784768823,0,0.45
Thu Jul 23 01:07:07 UTC 2026,1784768827,0,0.06
Thu Jul 23 01:07:21 UTC 2026,1784768841,0,0.35
Thu Jul 23 01:07:48 UTC 2026,1784768868,0,0.13
Thu Jul 23 01:08:52 UTC 2026,1784768932,0,0.27
Thu Jul 23 01:10:04 UTC 2026,1784769004,0,0.12
Thu Jul 23 01:10:32 UTC 2026,1784769032,0,0.14
Thu Jul 23 01:10:40 UTC 2026,1784769040,0,0.31
Thu Jul 23 01:12:29 UTC 2026,1784769149,0,0.18
Thu Jul 23 01:13:37 UTC 2026,1784769217,0,0.29
Thu Jul 23 01:13:59 UTC 2026,1784769239,0,0.25
Thu Jul 23 01:14:14 UTC 2026,1784769254,0,0.19
Thu Jul 23 01:16:16 UTC 2026,1784769376,0,0.15
Thu Jul 23 01:16:47 UTC 2026,1784769407,0,0.27
Thu Jul 23 01:17:46 UTC 2026,1784769466,0,0.04
Thu Jul 23 01:18:00 UTC 2026,1784769480,0,0.27
Thu Jul 23 01:18:50 UTC 2026,1784769530,0,0.0
Thu Jul 23 01:19:22 UTC 2026,1784769562,0,0.31
Thu Jul 23 01:20:43 UTC 2026,1784769643,0,0.12
Thu Jul 23 01:21:37 UTC 2026,1784769697,0,0.33
Thu Jul 23 01:22:05 UTC 2026,1784769725,0,0.09
Thu Jul 23 01:23:35 UTC 2026,1784769815,0,0.28
Thu Jul 23 01:24:29 UTC 2026,1784769869,0,0.33
Thu Jul 23 01:25:16 UTC 2026,1784769916,0,0.12
Thu Jul 23 01:26:46 UTC 2026,1784770006,0,0.26
Thu Jul 23 01:26:55 UTC 2026,1784770015,0,0.09
Thu Jul 23 01:27:49 UTC 2026,1784770069,0,-0.02
Thu Jul 23 01:27:58 UTC 2026,1784770078,0,0.31
Thu Jul 23 01:28:44 UTC 2026,1784770124,0,0.32
Thu Jul 23 01:29:38 UTC 2026,1784770178,0,0.15
Thu Jul 23 01:31:26 UTC 2026,1784770286,0,0.35
Thu Jul 23 01:31:32 UTC 2026,1784770292,0,-0.07
Thu Jul 23 01:32:13 UTC 2026,1784770333,0,0.0
Thu Jul 23 01:32:26 UTC 2026,1784770346,0,0.42
Thu Jul 23 01:33:52 UTC 2026,1784770432,0,0.06
Thu Jul 23 01:34:50 UTC 2026,1784770490,0,0.29
Thu Jul 23 01:36:35 UTC 2026,1784770595,0,0.16
Thu Jul 23 01:37:53 UTC 2026,1784770673,0,0.26
Thu Jul 23 01:39:00 UTC 2026,1784770740,0,0.15
Thu Jul 23 01:39:10 UTC 2026,1784770750,0,0.24
Thu Jul 23 01:40:25 UTC 2026,1784770825,0,0.26
Thu Jul 23 01:40:58 UTC 2026,1784770858,0,0.15
Thu Jul 23 01:42:47 UTC 2026,1784770967,0,0.12
Thu Jul 23 01:42:56 UTC 2026,1784770976,0,0.28
Thu Jul 23 01:44:21 UTC 2026,1784771061,0,0.16
Thu Jul 23 01:44:30 UTC 2026,1784771070,0,0.28
Thu Jul 23 01:45:57 UTC 2026,1784771157,0,0.16
Thu Jul 23 01:46:29 UTC 2026,1784771189,0,0.28
Thu Jul 23 01:47:23 UTC 2026,1784771243,0,-0.03
Thu Jul 23 01:47:46 UTC 2026,1784771266,0,0.3
Thu Jul 23 01:48:36 UTC 2026,1784771316,0,0.11
Thu Jul 23 01:49:30 UTC 2026,1784771370,0,0.26
Thu Jul 23 01:51:11 UTC 2026,1784771471,0,0.12
Thu Jul 23 01:51:19 UTC 2026,1784771479,0,0.23
Thu Jul 23 01:52:05 UTC 2026,1784771525,0,0.05
Thu Jul 23 01:53:22 UTC 2026,1784771602,0,0.27
Thu Jul 23 01:54:16 UTC 2026,1784771656,0,0.16
Thu Jul 23 01:54:34 UTC 2026,1784771674,0,0.24
Thu Jul 23 01:56:05 UTC 2026,1784771765,0,0.13
Thu Jul 23 01:56:18 UTC 2026,1784771778,0,0.25
Thu Jul 23 01:57:35 UTC 2026,1784771855,0,0.15
Thu Jul 23 01:57:40 UTC 2026,1784771860,0,0.28
Thu Jul 23 01:58:21 UTC 2026,1784771901,0,0.15
Thu Jul 23 01:59:24 UTC 2026,1784771964,0,0.22
Thu Jul 23 02:00:28 UTC 2026,1784772028,0,0.15
Thu Jul 23 02:01:13 UTC 2026,1784772073,0,0.23
Thu Jul 23 02:02:38 UTC 2026,1784772158,0,0.14
Thu Jul 23 02:02:58 UTC 2026,1784772178,0,0.23
Thu Jul 23 02:03:38 UTC 2026,1784772218,0,0.22
Thu Jul 23 02:03:56 UTC 2026,1784772236,0,0.16
Thu Jul 23 02:05:09 UTC 2026,1784772309,0,0.2
Thu Jul 23 02:05:50 UTC 2026,1784772350,0,0.16
Thu Jul 23 02:07:21 UTC 2026,1784772441,0,0.15
Thu Jul 23 02:07:39 UTC 2026,1784772459,0,0.2
Thu Jul 23 02:09:05 UTC 2026,1784772545,0,0.21
Thu Jul 23 02:09:50 UTC 2026,1784772590,0,0.13
Thu Jul 23 02:10:09 UTC 2026,1784772609,0,0.14
Thu Jul 23 02:11:17 UTC 2026,1784772677,0,0.2
Thu Jul 23 02:12:16 UTC 2026,1784772736,0,0.22
Thu Jul 23 02:12:20 UTC 2026,1784772740,0,0.13
Thu Jul 23 02:13:56 UTC 2026,1784772836,0,0.2
Thu Jul 23 02:14:22 UTC 2026,1784772862,0,0.13
Thu Jul 23 02:15:39 UTC 2026,1784772939,0,0.2
Thu Jul 23 02:16:44 UTC 2026,1784773004,0,0.24
Thu Jul 23 02:17:55 UTC 2026,1784773075,0,0.04
Thu Jul 23 02:18:09 UTC 2026,1784773089,0,0.19
Thu Jul 23 02:18:59 UTC 2026,1784773139,0,0.12
Thu Jul 23 02:20:02 UTC 2026,1784773202,0,0.2
Thu Jul 23 02:20:43 UTC 2026,1784773243,0,0.09
Thu Jul 23 02:22:23 UTC 2026,1784773343,0,0.18
Thu Jul 23 02:22:28 UTC 2026,1784773348,0,0.09
Thu Jul 23 02:23:31 UTC 2026,1784773411,0,0.19
Thu Jul 23 02:23:54 UTC 2026,1784773434,0,0.08
Thu Jul 23 02:25:06 UTC 2026,1784773506,0,0.09
Thu Jul 23 02:25:12 UTC 2026,1784773512,0,0.18
Thu Jul 23 02:27:14 UTC 2026,1784773634,0,0.09
Thu Jul 23 02:28:03 UTC 2026,1784773683,0,0.07
Thu Jul 23 02:29:38 UTC 2026,1784773778,0,0.16
Thu Jul 23 02:29:42 UTC 2026,1784773782,0,0.09
Thu Jul 23 02:29:56 UTC 2026,1784773796,0,0.16
Thu Jul 23 02:31:45 UTC 2026,1784773905,0,0.1
Thu Jul 23 02:32:53 UTC 2026,1784773973,0,0.18
Thu Jul 23 02:33:02 UTC 2026,1784773982,0,0.11
Thu Jul 23 02:33:30 UTC 2026,1784774010,0,0.17
Thu Jul 23 02:34:55 UTC 2026,1784774095,0,0.09
Thu Jul 23 02:35:41 UTC 2026,1784774141,0,0.16
Thu Jul 23 02:37:03 UTC 2026,1784774223,0,0.2
Thu Jul 23 02:37:30 UTC 2026,1784774250,0,0.09
Thu Jul 23 02:38:15 UTC 2026,1784774295,0,0.16
Thu Jul 23 02:39:27 UTC 2026,1784774367,0,0.08
Thu Jul 23 02:40:31 UTC 2026,1784774431,0,0.17
Thu Jul 23 02:40:35 UTC 2026,1784774435,0,0.08
Thu Jul 23 02:42:33 UTC 2026,1784774553,0,0.16
Thu Jul 23 02:43:23 UTC 2026,1784774603,0,0.15
Thu Jul 23 02:43:51 UTC 2026,1784774631,0,0.08
Thu Jul 23 02:44:36 UTC 2026,1784774676,0,0.15
Thu Jul 23 02:46:11 UTC 2026,1784774771,0,0.04
Thu Jul 23 02:46:15 UTC 2026,1784774775,0,0.05
Thu Jul 23 02:47:24 UTC 2026,1784774844,0,0.16
Thu Jul 23 02:47:52 UTC 2026,1784774872,0,0.07
Thu Jul 23 02:48:18 UTC 2026,1784774898,0,0.15
Thu Jul 23 02:49:39 UTC 2026,1784774979,0,0.05
Thu Jul 23 02:50:39 UTC 2026,1784775039,0,0.22
Thu Jul 23 02:51:33 UTC 2026,1784775093,0,0.04
Thu Jul 23 02:52:01 UTC 2026,1784775121,0,0.17
Thu Jul 23 02:53:22 UTC 2026,1784775202,0,0.05
Thu Jul 23 02:55:43 UTC 2026,1784775343,0,0.18
Thu Jul 23 02:55:47 UTC 2026,1784775347,0,0.07
Thu Jul 23 02:56:37 UTC 2026,1784775397,0,0.17
Thu Jul 23 02:56:41 UTC 2026,1784775401,0,0.04
Thu Jul 23 02:57:45 UTC 2026,1784775465,0,0.14
Thu Jul 23 02:57:53 UTC 2026,1784775473,0,0.02
Thu Jul 23 03:00:23 UTC 2026,1784775623,0,0.04
Thu Jul 23 03:00:54 UTC 2026,1784775654,0,0.13
Thu Jul 23 03:01:13 UTC 2026,1784775673,0,0.04
Thu Jul 23 03:01:21 UTC 2026,1784775681,0,0.09
Thu Jul 23 03:03:01 UTC 2026,1784775781,0,0.11
Thu Jul 23 03:04:19 UTC 2026,1784775859,0,0.02
Thu Jul 23 03:04:29 UTC 2026,1784775869,0,0.03
Thu Jul 23 03:05:13 UTC 2026,1784775913,0,0.11
Thu Jul 23 03:06:12 UTC 2026,1784775972,0,0.05
Thu Jul 23 03:07:24 UTC 2026,1784776044,0,0.11
Thu Jul 23 03:07:43 UTC 2026,1784776063,0,0.04
Thu Jul 23 03:08:42 UTC 2026,1784776122,0,0.11
Thu Jul 23 03:10:13 UTC 2026,1784776213,0,0.03
Thu Jul 23 03:11:12 UTC 2026,1784776272,0,0.1
Thu Jul 23 03:12:33 UTC 2026,1784776353,0,0.03
Thu Jul 23 03:12:56 UTC 2026,1784776376,0,0.04
Thu Jul 23 03:13:05 UTC 2026,1784776385,0,0.09
Thu Jul 23 03:14:40 UTC 2026,1784776480,0,0.1
Thu Jul 23 03:15:39 UTC 2026,1784776539,0,0.02
Thu Jul 23 03:16:50 UTC 2026,1784776610,0,0.01
Thu Jul 23 03:17:05 UTC 2026,1784776625,0,0.1
Thu Jul 23 03:18:04 UTC 2026,1784776684,0,0.04
Thu Jul 23 03:18:09 UTC 2026,1784776689,0,0.1
Thu Jul 23 03:19:12 UTC 2026,1784776752,0,0.04
Thu Jul 23 03:20:29 UTC 2026,1784776829,0,0.09
Thu Jul 23 03:21:42 UTC 2026,1784776902,0,0.08
Thu Jul 23 03:22:18 UTC 2026,1784776938,0,0.01
Thu Jul 23 03:24:02 UTC 2026,1784777042,0,0.1
Thu Jul 23 03:25:01 UTC 2026,1784777101,0,0.04
Thu Jul 23 03:26:28 UTC 2026,1784777188,0,0.1
Thu Jul 23 03:27:17 UTC 2026,1784777237,0,0.01
Thu Jul 23 03:28:48 UTC 2026,1784777328,0,-0.01
Thu Jul 23 03:29:02 UTC 2026,1784777342,0,0.08
Thu Jul 23 03:29:20 UTC 2026,1784777360,0,0.09
Thu Jul 23 03:30:00 UTC 2026,1784777400,0,-0.02
Thu Jul 23 03:31:36 UTC 2026,1784777496,0,-0.05
Thu Jul 23 03:31:53 UTC 2026,1784777513,0,0.08
Thu Jul 23 03:32:43 UTC 2026,1784777563,0,0.05
Thu Jul 23 03:33:02 UTC 2026,1784777582,0,-0.02
Thu Jul 23 03:35:22 UTC 2026,1784777722,0,0.07
Thu Jul 23 03:36:49 UTC 2026,1784777809,0,-0.04
Thu Jul 23 03:37:53 UTC 2026,1784777873,0,0.05
Thu Jul 23 03:37:57 UTC 2026,1784777877,0,-0.05
Thu Jul 23 03:39:51 UTC 2026,1784777991,0,0.06
Thu Jul 23 03:40:21 UTC 2026,1784778021,0,-0.06
Thu Jul 23 03:41:21 UTC 2026,1784778081,0,-0.08
Thu Jul 23 03:41:35 UTC 2026,1784778095,0,0.04
Thu Jul 23 03:43:32 UTC 2026,1784778212,0,-0.07
Thu Jul 23 03:43:50 UTC 2026,1784778230,0,0.04
Thu Jul 23 03:45:20 UTC 2026,1784778320,0,0.24
Thu Jul 23 03:45:35 UTC 2026,1784778335,0,-0.1
Thu Jul 23 03:46:29 UTC 2026,1784778389,0,0.11
Thu Jul 23 03:47:14 UTC 2026,1784778434,0,-0.09
Thu Jul 23 03:48:27 UTC 2026,1784778507,0,0.07
Thu Jul 23 03:48:36 UTC 2026,1784778516,0,-0.13
Thu Jul 23 03:49:25 UTC 2026,1784778565,0,0.07
Thu Jul 23 03:49:44 UTC 2026,1784778584,0,-0.09
Thu Jul 23 03:50:34 UTC 2026,1784778634,0,0.07
Thu Jul 23 03:50:57 UTC 2026,1784778657,0,-0.14
Thu Jul 23 03:52:50 UTC 2026,1784778770,0,-0.11
Thu Jul 23 03:53:17 UTC 2026,1784778797,0,0.1
Thu Jul 23 03:55:00 UTC 2026,1784778900,0,0.05
Thu Jul 23 03:55:15 UTC 2026,1784778915,0,-0.13
Thu Jul 23 03:55:37 UTC 2026,1784778937,0,0.04
Thu Jul 23 03:58:29 UTC 2026,1784779109,0,-0.16
Thu Jul 23 03:58:43 UTC 2026,1784779123,0,0.04
Thu Jul 23 03:58:56 UTC 2026,1784779136,0,-0.22
Thu Jul 23 03:59:10 UTC 2026,1784779150,0,0.11
Thu Jul 23 04:00:46 UTC 2026,1784779246,0,-0.16
Thu Jul 23 04:00:55 UTC 2026,1784779255,0,0.02
Thu Jul 23 04:02:57 UTC 2026,1784779377,0,-0.16
Thu Jul 23 04:03:25 UTC 2026,1784779405,0,0.08
Thu Jul 23 04:03:51 UTC 2026,1784779431,0,-0.1
Thu Jul 23 04:04:11 UTC 2026,1784779451,0,0.05
Thu Jul 23 04:05:45 UTC 2026,1784779545,0,0.01
Thu Jul 23 04:06:17 UTC 2026,1784779577,0,-0.16
Thu Jul 23 04:07:33 UTC 2026,1784779653,0,-0.15
Thu Jul 23 04:08:28 UTC 2026,1784779708,0,0.04
Thu Jul 23 04:10:08 UTC 2026,1784779808,0,0.03
Thu Jul 23 04:10:12 UTC 2026,1784779812,0,-0.23
Thu Jul 23 04:10:26 UTC 2026,1784779826,0,0.06
Thu Jul 23 04:11:11 UTC 2026,1784779871,0,-0.15
Thu Jul 23 04:12:42 UTC 2026,1784779962,0,-0.16
Thu Jul 23 04:13:27 UTC 2026,1784780007,0,0.03
Thu Jul 23 04:14:45 UTC 2026,1784780085,0,0.0
Thu Jul 23 04:14:58 UTC 2026,1784780098,0,-0.23
Thu Jul 23 04:16:15 UTC 2026,1784780175,0,0.14
Thu Jul 23 04:16:47 UTC 2026,1784780207,0,-0.24
Thu Jul 23 04:17:00 UTC 2026,1784780220,0,-0.21
Thu Jul 23 04:17:27 UTC 2026,1784780247,0,0.03
Thu Jul 23 04:18:40 UTC 2026,1784780320,0,0.15
Thu Jul 23 04:19:16 UTC 2026,1784780356,0,-0.16
Thu Jul 23 04:20:15 UTC 2026,1784780415,0,-0.02
Thu Jul 23 04:21:05 UTC 2026,1784780465,0,-0.2
Thu Jul 23 04:22:22 UTC 2026,1784780542,0,-0.15
Thu Jul 23 04:23:26 UTC 2026,1784780606,0,0.01
Thu Jul 23 04:23:49 UTC 2026,1784780629,0,-0.15
Thu Jul 23 04:24:47 UTC 2026,1784780687,0,0.06
Thu Jul 23 04:25:14 UTC 2026,1784780714,0,0.07
Thu Jul 23 04:25:59 UTC 2026,1784780759,0,-0.36
Thu Jul 23 04:26:54 UTC 2026,1784780814,0,0.12
Thu Jul 23 04:27:04 UTC 2026,1784780824,0,-0.21
Thu Jul 23 04:28:43 UTC 2026,1784780923,0,-0.01
Thu Jul 23 04:29:55 UTC 2026,1784780995,0,-0.26
Thu Jul 23 04:30:32 UTC 2026,1784781032,0,-0.22
Thu Jul 23 04:30:41 UTC 2026,1784781041,0,-0.04
Thu Jul 23 04:32:07 UTC 2026,1784781127,0,0.01
Thu Jul 23 04:33:24 UTC 2026,1784781204,0,-0.21
Thu Jul 23 04:33:29 UTC 2026,1784781209,0,0.0
Thu Jul 23 04:34:00 UTC 2026,1784781240,0,-0.23
Thu Jul 23 04:35:57 UTC 2026,1784781357,0,-0.28
Thu Jul 23 04:36:38 UTC 2026,1784781398,0,0.02
Thu Jul 23 04:37:15 UTC 2026,1784781435,0,-0.22
Thu Jul 23 04:37:29 UTC 2026,1784781449,0,0.03
Thu Jul 23 04:38:59 UTC 2026,1784781539,0,0.01
Thu Jul 23 04:39:32 UTC 2026,1784781572,0,-0.29
Thu Jul 23 04:40:13 UTC 2026,1784781613,0,-0.25
Thu Jul 23 04:40:34 UTC 2026,1784781634,0,0.07
Thu Jul 23 04:42:28 UTC 2026,1784781748,0,0.09
Thu Jul 23 04:43:01 UTC 2026,1784781781,0,-0.27
Thu Jul 23 04:43:27 UTC 2026,1784781807,0,0.01
Thu Jul 23 04:44:12 UTC 2026,1784781852,0,-0.25
Thu Jul 23 04:45:29 UTC 2026,1784781929,0,-0.31
Thu Jul 23 04:45:37 UTC 2026,1784781937,0,0.04
Thu Jul 23 04:47:45 UTC 2026,1784782065,0,0.02
Thu Jul 23 04:48:12 UTC 2026,1784782092,0,-0.22
Thu Jul 23 04:48:25 UTC 2026,1784782105,0,-0.2
Thu Jul 23 04:49:06 UTC 2026,1784782146,0,-0.01
Thu Jul 23 04:50:28 UTC 2026,1784782228,0,-0.2
Thu Jul 23 04:51:23 UTC 2026,1784782283,0,0.05
Thu Jul 23 04:52:17 UTC 2026,1784782337,0,-0.4
Thu Jul 23 04:52:45 UTC 2026,1784782365,0,0.15
Thu Jul 23 04:54:01 UTC 2026,1784782441,0,-0.32
Thu Jul 23 04:54:42 UTC 2026,1784782482,0,0.0
Thu Jul 23 04:55:01 UTC 2026,1784782501,0,-0.27
Thu Jul 23 04:55:59 UTC 2026,1784782559,0,0.0
Thu Jul 23 04:57:40 UTC 2026,1784782660,0,-0.04
Thu Jul 23 04:58:11 UTC 2026,1784782691,0,-0.26
Thu Jul 23 04:59:38 UTC 2026,1784782778,0,-0.04
Thu Jul 23 05:00:19 UTC 2026,1784782819,0,-0.07
Thu Jul 23 05:01:16 UTC 2026,1784782876,0,-0.23
Thu Jul 23 05:02:34 UTC 2026,1784782954,0,-0.09
Thu Jul 23 05:02:52 UTC 2026,1784782972,0,-0.22
Thu Jul 23 05:03:47 UTC 2026,1784783027,0,-0.2
Thu Jul 23 05:04:00 UTC 2026,1784783040,0,-0.02
Thu Jul 23 05:04:49 UTC 2026,1784783089,0,-0.26
Thu Jul 23 05:05:12 UTC 2026,1784783112,0,-0.05
Thu Jul 23 05:06:56 UTC 2026,1784783216,0,-0.06
Thu Jul 23 05:07:05 UTC 2026,1784783225,0,-0.25
Thu Jul 23 05:08:58 UTC 2026,1784783338,0,-0.07
Thu Jul 23 05:09:40 UTC 2026,1784783380,0,-0.19
Thu Jul 23 05:10:34 UTC 2026,1784783434,0,-0.05
Thu Jul 23 05:10:48 UTC 2026,1784783448,0,-0.2
Thu Jul 23 05:12:32 UTC 2026,1784783552,0,-0.22
Thu Jul 23 05:12:46 UTC 2026,1784783566,0,-0.06
Thu Jul 23 05:13:13 UTC 2026,1784783593,0,-0.22
Thu Jul 23 05:13:26 UTC 2026,1784783606,0,-0.01
Thu Jul 23 05:14:44 UTC 2026,1784783684,0,-0.02
Thu Jul 23 05:15:24 UTC 2026,1784783724,0,-0.26
Thu Jul 23 05:17:09 UTC 2026,1784783829,0,-0.07
Thu Jul 23 05:17:55 UTC 2026,1784783875,0,-0.25
Thu Jul 23 05:18:26 UTC 2026,1784783906,0,-0.2
Thu Jul 23 05:18:30 UTC 2026,1784783910,0,-0.08
Thu Jul 23 05:19:44 UTC 2026,1784783984,0,-0.22
Thu Jul 23 05:20:10 UTC 2026,1784784010,0,-0.08
Thu Jul 23 05:21:19 UTC 2026,1784784079,0,-0.11
Thu Jul 23 05:22:26 UTC 2026,1784784146,0,-0.22
Thu Jul 23 05:23:47 UTC 2026,1784784227,0,-0.2
Thu Jul 23 05:24:15 UTC 2026,1784784255,0,-0.08
Thu Jul 23 05:25:14 UTC 2026,1784784314,0,-0.1
Thu Jul 23 05:25:37 UTC 2026,1784784337,0,-0.24
Thu Jul 23 05:26:45 UTC 2026,1784784405,0,-0.11
Thu Jul 23 05:27:16 UTC 2026,1784784436,0,-0.19
Thu Jul 23 05:28:20 UTC 2026,1784784500,0,-0.1
Thu Jul 23 05:28:38 UTC 2026,1784784518,0,-0.22
Thu Jul 23 05:29:47 UTC 2026,1784784587,0,-0.25
Thu Jul 23 05:29:51 UTC 2026,1784784591,0,-0.09
Thu Jul 23 05:32:30 UTC 2026,1784784750,0,-0.25
Thu Jul 23 05:32:48 UTC 2026,1784784768,0,-0.04
Thu Jul 23 05:32:52 UTC 2026,1784784772,0,-0.3
Thu Jul 23 05:33:52 UTC 2026,1784784832,0,0.06
Thu Jul 23 05:34:32 UTC 2026,1784784872,0,-0.25
Thu Jul 23 05:35:58 UTC 2026,1784784958,0,0.0
Thu Jul 23 05:36:34 UTC 2026,1784784994,0,-0.22
Thu Jul 23 05:37:33 UTC 2026,1784785053,0,-0.1
Thu Jul 23 05:38:18 UTC 2026,1784785098,0,-0.11
Thu Jul 23 05:38:55 UTC 2026,1784785135,0,-0.24
Thu Jul 23 05:39:54 UTC 2026,1784785194,0,-0.22
Thu Jul 23 05:40:57 UTC 2026,1784785257,0,-0.11
Thu Jul 23 05:41:10 UTC 2026,1784785270,0,-0.12
Thu Jul 23 05:42:01 UTC 2026,1784785321,0,-0.23
Thu Jul 23 05:43:36 UTC 2026,1784785416,0,-0.11
Thu Jul 23 05:44:08 UTC 2026,1784785448,0,-0.25
Thu Jul 23 05:45:56 UTC 2026,1784785556,0,-0.1
Thu Jul 23 05:46:14 UTC 2026,1784785574,0,-0.12
Thu Jul 23 05:47:00 UTC 2026,1784785620,0,-0.28
Thu Jul 23 05:47:54 UTC 2026,1784785674,0,-0.3
Thu Jul 23 05:48:13 UTC 2026,1784785693,0,-0.13
Thu Jul 23 05:49:25 UTC 2026,1784785765,0,-0.15
Thu Jul 23 05:49:35 UTC 2026,1784785775,0,-0.25
Thu Jul 23 05:51:36 UTC 2026,1784785896,0,-0.12
Thu Jul 23 05:53:44 UTC 2026,1784786024,0,-0.27
Thu Jul 23 05:54:06 UTC 2026,1784786046,0,-0.12
Thu Jul 23 05:54:25 UTC 2026,1784786065,0,-0.28
Thu Jul 23 05:55:28 UTC 2026,1784786128,0,-0.14
Thu Jul 23 05:56:13 UTC 2026,1784786173,0,-0.15
Thu Jul 23 05:57:30 UTC 2026,1784786250,0,-0.28
Thu Jul 23 05:57:39 UTC 2026,1784786259,0,-0.27
Thu Jul 23 05:57:57 UTC 2026,1784786277,0,-0.12
Thu Jul 23 05:59:20 UTC 2026,1784786360,0,-0.16
Thu Jul 23 05:59:55 UTC 2026,1784786395,0,-0.28
Thu Jul 23 06:01:48 UTC 2026,1784786508,0,-0.11
Thu Jul 23 06:01:53 UTC 2026,1784786513,0,-0.27
Thu Jul 23 06:03:42 UTC 2026,1784786622,0,-0.14
Thu Jul 23 06:05:44 UTC 2026,1784786744,0,-0.34
Thu Jul 23 06:06:25 UTC 2026,1784786785,0,-0.35
Thu Jul 23 06:06:47 UTC 2026,1784786807,0,-0.17
Thu Jul 23 06:08:00 UTC 2026,1784786880,0,-0.15
Thu Jul 23 06:08:46 UTC 2026,1784786926,0,-0.28
Thu Jul 23 06:09:21 UTC 2026,1784786961,0,-0.26
Thu Jul 23 06:10:34 UTC 2026,1784787034,0,-0.14
Thu Jul 23 06:12:14 UTC 2026,1784787134,0,-0.35
Thu Jul 23 06:12:18 UTC 2026,1784787138,0,-0.07
Thu Jul 23 06:12:55 UTC 2026,1784787175,0,-0.11
Thu Jul 23 06:13:03 UTC 2026,1784787183,0,-0.43
Thu Jul 23 06:14:35 UTC 2026,1784787275,0,-0.45
Thu Jul 23 06:15:16 UTC 2026,1784787316,0,-0.11
Thu Jul 23 06:15:47 UTC 2026,1784787347,0,-0.34
Thu Jul 23 06:16:46 UTC 2026,1784787406,0,-0.11
Thu Jul 23 06:18:39 UTC 2026,1784787519,0,-0.17
Thu Jul 23 06:19:02 UTC 2026,1784787542,0,-0.31
Thu Jul 23 06:19:11 UTC 2026,1784787551,0,-0.36
Thu Jul 23 06:20:20 UTC 2026,1784787620,0,-0.13
Thu Jul 23 06:21:00 UTC 2026,1784787660,0,-0.33
Thu Jul 23 06:22:09 UTC 2026,1784787729,0,-0.17
Thu Jul 23 06:23:08 UTC 2026,1784787788,0,-0.18
Thu Jul 23 06:23:16 UTC 2026,1784787796,0,-0.32
Thu Jul 23 06:24:06 UTC 2026,1784787846,0,-0.29
Thu Jul 23 06:25:23 UTC 2026,1784787923,0,-0.14
Thu Jul 23 06:25:42 UTC 2026,1784787942,0,-0.29
Thu Jul 23 06:25:46 UTC 2026,1784787946,0,-0.09
Thu Jul 23 06:27:49 UTC 2026,1784788069,0,-0.36
Thu Jul 23 06:28:06 UTC 2026,1784788086,0,-0.1
Thu Jul 23 06:29:00 UTC 2026,1784788140,0,-0.17
Thu Jul 23 06:29:19 UTC 2026,1784788159,0,-0.33
Thu Jul 23 06:30:50 UTC 2026,1784788250,0,-0.28
Thu Jul 23 06:31:03 UTC 2026,1784788263,0,-0.18
Thu Jul 23 06:33:28 UTC 2026,1784788408,0,-0.28
Thu Jul 23 06:33:50 UTC 2026,1784788430,0,-0.16
Thu Jul 23 06:34:42 UTC 2026,1784788482,0,-0.36
Thu Jul 23 06:34:55 UTC 2026,1784788495,0,-0.14
Thu Jul 23 06:35:49 UTC 2026,1784788549,0,-0.33
Thu Jul 23 06:36:30 UTC 2026,1784788590,0,-0.14
Thu Jul 23 06:38:01 UTC 2026,1784788681,0,-0.16
Thu Jul 23 06:38:15 UTC 2026,1784788695,0,-0.37
Thu Jul 23 06:40:07 UTC 2026,1784788807,0,-0.18
Thu Jul 23 06:40:21 UTC 2026,1784788821,0,-0.34
Thu Jul 23 06:40:43 UTC 2026,1784788843,0,-0.21
Thu Jul 23 06:41:28 UTC 2026,1784788888,0,-0.33
Thu Jul 23 06:42:33 UTC 2026,1784788953,0,-0.18
Thu Jul 23 06:42:42 UTC 2026,1784788962,0,-0.35
Thu Jul 23 06:43:55 UTC 2026,1784789035,0,-0.34
Thu Jul 23 06:43:59 UTC 2026,1784789039,0,-0.09
Thu Jul 23 06:45:39 UTC 2026,1784789139,0,-0.36
Thu Jul 23 06:45:57 UTC 2026,1784789157,0,-0.17
Thu Jul 23 06:47:55 UTC 2026,1784789275,0,-0.15
Thu Jul 23 06:48:31 UTC 2026,1784789311,0,-0.31
Thu Jul 23 06:49:02 UTC 2026,1784789342,0,-0.3
Thu Jul 23 06:50:06 UTC 2026,1784789406,0,-0.18
Thu Jul 23 06:50:56 UTC 2026,1784789456,0,-0.33
Thu Jul 23 06:51:33 UTC 2026,1784789493,0,-0.18
Thu Jul 23 06:53:27 UTC 2026,1784789607,0,-0.29
Thu Jul 23 06:53:31 UTC 2026,1784789611,0,-0.17
Thu Jul 23 06:54:48 UTC 2026,1784789688,0,-0.34
Thu Jul 23 06:55:10 UTC 2026,1784789710,0,-0.12
Thu Jul 23 06:55:23 UTC 2026,1784789723,0,-0.32
Thu Jul 23 06:56:44 UTC 2026,1784789804,0,-0.17
Thu Jul 23 06:57:58 UTC 2026,1784789878,0,-0.16
Thu Jul 23 06:58:03 UTC 2026,1784789883,0,-0.32
Thu Jul 23 06:58:43 UTC 2026,1784789923,0,-0.17
Thu Jul 23 06:59:19 UTC 2026,1784789959,0,-0.35
Thu Jul 23 07:00:59 UTC 2026,1784790059,0,-0.18
Thu Jul 23 07:01:45 UTC 2026,1784790105,0,-0.3
Thu Jul 23 07:02:34 UTC 2026,1784790154,0,-0.18
Thu Jul 23 07:02:53 UTC 2026,1784790173,0,-0.32
Thu Jul 23 07:03:37 UTC 2026,1784790217,0,-0.19
Thu Jul 23 07:03:41 UTC 2026,1784790221,0,-0.31
Thu Jul 23 07:05:45 UTC 2026,1784790345,0,-0.33
Thu Jul 23 07:06:53 UTC 2026,1784790413,0,-0.14
Thu Jul 23 07:07:51 UTC 2026,1784790471,0,-0.33
Thu Jul 23 07:08:18 UTC 2026,1784790498,0,-0.15
Thu Jul 23 07:08:43 UTC 2026,1784790523,0,-0.17
Thu Jul 23 07:09:04 UTC 2026,1784790544,0,-0.3
Thu Jul 23 07:10:26 UTC 2026,1784790626,0,-0.36
Thu Jul 23 07:11:26 UTC 2026,1784790686,0,-0.16
Thu Jul 23 07:12:10 UTC 2026,1784790730,0,-0.29
Thu Jul 23 07:13:27 UTC 2026,1784790807,0,-0.15
Thu Jul 23 07:14:48 UTC 2026,1784790888,0,-0.14
Thu Jul 23 07:14:54 UTC 2026,1784790894,0,-0.33
Thu Jul 23 07:16:25 UTC 2026,1784790985,0,-0.3
Thu Jul 23 07:16:47 UTC 2026,1784791007,0,-0.15
Thu Jul 23 07:17:05 UTC 2026,1784791025,0,-0.18
Thu Jul 23 07:18:04 UTC 2026,1784791084,0,-0.32
Thu Jul 23 07:19:21 UTC 2026,1784791161,0,-0.16
Thu Jul 23 07:19:25 UTC 2026,1784791165,0,-0.29
Thu Jul 23 07:21:37 UTC 2026,1784791297,0,-0.15
Thu Jul 23 07:22:32 UTC 2026,1784791352,0,-0.35
Thu Jul 23 07:23:17 UTC 2026,1784791397,0,-0.11
Thu Jul 23 07:24:16 UTC 2026,1784791456,0,-0.15
Thu Jul 23 07:24:25 UTC 2026,1784791465,0,-0.28
Thu Jul 23 07:25:50 UTC 2026,1784791550,0,-0.15
Thu Jul 23 07:25:54 UTC 2026,1784791554,0,-0.26
Thu Jul 23 07:27:30 UTC 2026,1784791650,0,-0.17
Thu Jul 23 07:28:02 UTC 2026,1784791682,0,-0.27
Thu Jul 23 07:29:59 UTC 2026,1784791799,0,-0.1
Thu Jul 23 07:30:50 UTC 2026,1784791850,0,-0.14
Thu Jul 23 07:31:07 UTC 2026,1784791867,0,-0.28
Thu Jul 23 07:32:07 UTC 2026,1784791927,0,-0.26
Thu Jul 23 07:32:47 UTC 2026,1784791967,0,-0.17
Thu Jul 23 07:33:38 UTC 2026,1784792018,0,-0.18
Thu Jul 23 07:33:55 UTC 2026,1784792035,0,-0.28
Thu Jul 23 07:35:03 UTC 2026,1784792103,0,-0.18
Thu Jul 23 07:35:58 UTC 2026,1784792158,0,-0.28
Thu Jul 23 07:37:28 UTC 2026,1784792248,0,-0.14
Thu Jul 23 07:38:14 UTC 2026,1784792294,0,-0.27
Thu Jul 23 07:38:22 UTC 2026,1784792302,0,-0.13
Thu Jul 23 07:39:22 UTC 2026,1784792362,0,-0.26
Thu Jul 23 07:41:06 UTC 2026,1784792466,0,-0.16
Thu Jul 23 07:41:20 UTC 2026,1784792480,0,-0.3
Thu Jul 23 07:41:46 UTC 2026,1784792506,0,-0.14
Thu Jul 23 07:42:54 UTC 2026,1784792574,0,-0.26
Thu Jul 23 07:43:44 UTC 2026,1784792624,0,-0.14
Thu Jul 23 07:43:58 UTC 2026,1784792638,0,-0.26
Thu Jul 23 07:45:19 UTC 2026,1784792719,0,-0.27
Thu Jul 23 07:45:46 UTC 2026,1784792746,0,-0.14
Thu Jul 23 07:46:36 UTC 2026,1784792796,0,-0.1
Thu Jul 23 07:47:49 UTC 2026,1784792869,0,-0.26
Thu Jul 23 07:48:30 UTC 2026,1784792910,0,-0.13
Thu Jul 23 07:49:38 UTC 2026,1784792978,0,-0.26
Thu Jul 23 07:50:01 UTC 2026,1784793001,0,-0.29
Thu Jul 23 07:51:22 UTC 2026,1784793082,0,-0.16
Thu Jul 23 07:52:03 UTC 2026,1784793123,0,-0.13
Thu Jul 23 07:52:57 UTC 2026,1784793177,0,-0.27
Thu Jul 23 07:53:07 UTC 2026,1784793187,0,-0.26
Thu Jul 23 07:53:24 UTC 2026,1784793204,0,-0.13
Thu Jul 23 07:55:54 UTC 2026,1784793354,0,-0.3
Thu Jul 23 07:56:21 UTC 2026,1784793381,0,-0.14
Thu Jul 23 07:56:35 UTC 2026,1784793395,0,-0.24
Thu Jul 23 07:57:25 UTC 2026,1784793445,0,-0.14
Thu Jul 23 07:58:06 UTC 2026,1784793486,0,-0.16
Thu Jul 23 07:59:33 UTC 2026,1784793573,0,-0.26
Thu Jul 23 07:59:46 UTC 2026,1784793586,0,-0.24
Thu Jul 23 07:59:54 UTC 2026,1784793594,0,-0.15
Thu Jul 23 08:02:02 UTC 2026,1784793722,0,-0.24
Thu Jul 23 08:03:28 UTC 2026,1784793808,0,-0.15
Thu Jul 23 08:03:50 UTC 2026,1784793830,0,-0.25
Thu Jul 23 08:05:16 UTC 2026,1784793916,0,-0.17
Thu Jul 23 08:05:30 UTC 2026,1784793930,0,-0.25
Thu Jul 23 08:06:43 UTC 2026,1784794003,0,-0.15
Thu Jul 23 08:06:51 UTC 2026,1784794011,0,-0.23
Thu Jul 23 08:08:49 UTC 2026,1784794129,0,-0.11
Thu Jul 23 08:09:20 UTC 2026,1784794160,0,-0.26
Thu Jul 23 08:09:40 UTC 2026,1784794180,0,-0.14
Thu Jul 23 08:11:00 UTC 2026,1784794260,0,-0.26
Thu Jul 23 08:11:37 UTC 2026,1784794297,0,-0.29
Thu Jul 23 08:12:36 UTC 2026,1784794356,0,-0.18
Thu Jul 23 08:12:58 UTC 2026,1784794378,0,-0.14
Thu Jul 23 08:13:39 UTC 2026,1784794419,0,-0.27
Thu Jul 23 08:14:52 UTC 2026,1784794492,0,-0.25
Thu Jul 23 08:15:37 UTC 2026,1784794537,0,-0.15
Thu Jul 23 08:17:03 UTC 2026,1784794623,0,-0.26
Thu Jul 23 08:17:39 UTC 2026,1784794659,0,-0.14
Thu Jul 23 08:19:14 UTC 2026,1784794754,0,-0.26
Thu Jul 23 08:19:55 UTC 2026,1784794795,0,-0.23
Thu Jul 23 08:20:18 UTC 2026,1784794818,0,-0.15
Thu Jul 23 08:22:16 UTC 2026,1784794936,0,-0.25
Thu Jul 23 08:23:42 UTC 2026,1784795022,0,-0.12
Thu Jul 23 08:23:55 UTC 2026,1784795035,0,-0.32
Thu Jul 23 08:24:36 UTC 2026,1784795076,0,-0.22
Thu Jul 23 08:25:03 UTC 2026,1784795103,0,-0.12
Thu Jul 23 08:26:22 UTC 2026,1784795182,0,-0.23
Thu Jul 23 08:26:35 UTC 2026,1784795195,0,-0.11
Thu Jul 23 08:28:05 UTC 2026,1784795285,0,-0.13
Thu Jul 23 08:28:32 UTC 2026,1784795312,0,-0.22
Thu Jul 23 08:30:08 UTC 2026,1784795408,0,-0.25
Thu Jul 23 08:30:17 UTC 2026,1784795417,0,-0.15
Thu Jul 23 08:31:20 UTC 2026,1784795480,0,-0.14
Thu Jul 23 08:32:37 UTC 2026,1784795557,0,-0.24
Thu Jul 23 08:34:13 UTC 2026,1784795653,0,-0.12
Thu Jul 23 08:34:34 UTC 2026,1784795674,0,-0.29
Thu Jul 23 08:34:58 UTC 2026,1784795698,0,-0.11
Thu Jul 23 08:36:02 UTC 2026,1784795762,0,-0.12
Thu Jul 23 08:36:06 UTC 2026,1784795766,0,-0.23
Thu Jul 23 08:37:41 UTC 2026,1784795861,0,-0.12
Thu Jul 23 08:38:17 UTC 2026,1784795897,0,-0.25
Thu Jul 23 08:39:20 UTC 2026,1784795960,0,-0.14
Thu Jul 23 08:40:05 UTC 2026,1784796005,0,-0.25
Thu Jul 23 08:41:27 UTC 2026,1784796087,0,-0.14
Thu Jul 23 08:42:18 UTC 2026,1784796138,0,-0.23
Thu Jul 23 08:42:59 UTC 2026,1784796179,0,-0.15
Thu Jul 23 08:43:07 UTC 2026,1784796187,0,-0.24
Thu Jul 23 08:45:23 UTC 2026,1784796323,0,-0.25
Thu Jul 23 08:45:32 UTC 2026,1784796332,0,-0.12
Thu Jul 23 08:46:13 UTC 2026,1784796373,0,-0.16
Thu Jul 23 08:46:31 UTC 2026,1784796391,0,-0.25
Thu Jul 23 08:47:43 UTC 2026,1784796463,0,-0.27
Thu Jul 23 08:48:56 UTC 2026,1784796536,0,-0.15
Thu Jul 23 08:50:04 UTC 2026,1784796604,0,-0.22
Thu Jul 23 08:50:41 UTC 2026,1784796641,0,-0.13
Thu Jul 23 08:51:17 UTC 2026,1784796677,0,-0.2
Thu Jul 23 08:52:52 UTC 2026,1784796772,0,-0.13
Thu Jul 23 08:53:29 UTC 2026,1784796809,0,-0.26
Thu Jul 23 08:54:54 UTC 2026,1784796894,0,-0.25
Thu Jul 23 08:55:35 UTC 2026,1784796935,0,-0.14
Thu Jul 23 08:56:15 UTC 2026,1784796975,0,-0.24
Thu Jul 23 08:56:39 UTC 2026,1784796999,0,-0.14
Thu Jul 23 08:57:33 UTC 2026,1784797053,0,-0.21
Thu Jul 23 08:58:59 UTC 2026,1784797139,0,-0.13
Thu Jul 23 08:59:40 UTC 2026,1784797180,0,-0.24
Thu Jul 23 09:00:06 UTC 2026,1784797206,0,-0.14
Thu Jul 23 09:02:14 UTC 2026,1784797334,0,-0.21
Thu Jul 23 09:02:24 UTC 2026,1784797344,0,-0.14
Thu Jul 23 09:03:13 UTC 2026,1784797393,0,-0.24
Thu Jul 23 09:04:35 UTC 2026,1784797475,0,-0.22
Thu Jul 23 09:05:16 UTC 2026,1784797516,0,-0.12
Thu Jul 23 09:06:01 UTC 2026,1784797561,0,-0.26
Thu Jul 23 09:07:08 UTC 2026,1784797628,0,-0.14
Thu Jul 23 09:07:35 UTC 2026,1784797655,0,-0.13
Thu Jul 23 09:07:54 UTC 2026,1784797674,0,-0.2
Thu Jul 23 09:09:38 UTC 2026,1784797778,0,-0.22
Thu Jul 23 09:10:28 UTC 2026,1784797828,0,-0.12
Thu Jul 23 09:11:36 UTC 2026,1784797896,0,-0.13
Thu Jul 23 09:12:13 UTC 2026,1784797933,0,-0.22
Thu Jul 23 09:12:22 UTC 2026,1784797942,0,-0.2
Thu Jul 23 09:13:16 UTC 2026,1784797996,0,-0.13
Thu Jul 23 09:14:01 UTC 2026,1784798041,0,-0.15
Thu Jul 23 09:14:42 UTC 2026,1784798082,0,-0.21
Thu Jul 23 09:16:12 UTC 2026,1784798172,0,-0.11
Thu Jul 23 09:16:26 UTC 2026,1784798186,0,-0.19
Thu Jul 23 09:17:48 UTC 2026,1784798268,0,-0.2
Thu Jul 23 09:18:24 UTC 2026,1784798304,0,-0.1
Thu Jul 23 09:19:47 UTC 2026,1784798387,0,-0.19
Thu Jul 23 09:20:28 UTC 2026,1784798428,0,-0.13
Thu Jul 23 09:20:45 UTC 2026,1784798445,0,-0.2
Thu Jul 23 09:20:54 UTC 2026,1784798454,0,-0.06
Thu Jul 23 09:22:24 UTC 2026,1784798544,0,-0.2
Thu Jul 23 09:22:34 UTC 2026,1784798554,0,-0.11
Thu Jul 23 09:24:04 UTC 2026,1784798644,0,-0.22
Thu Jul 23 09:25:26 UTC 2026,1784798726,0,-0.09
Thu Jul 23 09:25:31 UTC 2026,1784798731,0,-0.11
Thu Jul 23 09:26:47 UTC 2026,1784798807,0,-0.22
Thu Jul 23 09:27:14 UTC 2026,1784798834,0,-0.08
Thu Jul 23 09:27:51 UTC 2026,1784798871,0,-0.17
Thu Jul 23 09:29:04 UTC 2026,1784798944,0,-0.2
Thu Jul 23 09:29:44 UTC 2026,1784798984,0,-0.13
Thu Jul 23 09:31:42 UTC 2026,1784799102,0,-0.07
Thu Jul 23 09:31:56 UTC 2026,1784799116,0,-0.2
Thu Jul 23 09:33:26 UTC 2026,1784799206,0,-0.1
Thu Jul 23 09:33:54 UTC 2026,1784799234,0,-0.07
Thu Jul 23 09:34:52 UTC 2026,1784799292,0,-0.2
Thu Jul 23 09:36:05 UTC 2026,1784799365,0,-0.27
Thu Jul 23 09:36:14 UTC 2026,1784799374,0,-0.09
Thu Jul 23 09:38:26 UTC 2026,1784799506,0,-0.19
Thu Jul 23 09:38:39 UTC 2026,1784799519,0,-0.08
Thu Jul 23 09:39:16 UTC 2026,1784799556,0,-0.19
Thu Jul 23 09:40:19 UTC 2026,1784799619,0,-0.04
Thu Jul 23 09:40:55 UTC 2026,1784799655,0,-0.19
Thu Jul 23 09:41:08 UTC 2026,1784799668,0,-0.04
Thu Jul 23 09:42:39 UTC 2026,1784799759,0,-0.22
Thu Jul 23 09:43:25 UTC 2026,1784799805,0,-0.03
Thu Jul 23 09:45:04 UTC 2026,1784799904,0,-0.17
Thu Jul 23 09:45:09 UTC 2026,1784799909,0,-0.04
Thu Jul 23 09:45:23 UTC 2026,1784799923,0,-0.21
Thu Jul 23 09:45:50 UTC 2026,1784799950,0,-0.04
Thu Jul 23 09:48:15 UTC 2026,1784800095,0,-0.17
Thu Jul 23 09:49:09 UTC 2026,1784800149,0,-0.05
Thu Jul 23 09:49:46 UTC 2026,1784800186,0,-0.21
Thu Jul 23 09:50:21 UTC 2026,1784800221,0,-0.04
Thu Jul 23 09:51:53 UTC 2026,1784800313,0,-0.13
Thu Jul 23 09:52:47 UTC 2026,1784800367,0,-0.16
Thu Jul 23 09:52:55 UTC 2026,1784800375,0,-0.05
Thu Jul 23 09:53:59 UTC 2026,1784800439,0,-0.07
Thu Jul 23 09:54:27 UTC 2026,1784800467,0,-0.16
Thu Jul 23 09:55:12 UTC 2026,1784800512,0,-0.19
Thu Jul 23 09:55:21 UTC 2026,1784800521,0,-0.07
Thu Jul 23 09:57:04 UTC 2026,1784800624,0,-0.15
Thu Jul 23 09:57:23 UTC 2026,1784800643,0,-0.05
Thu Jul 23 09:59:17 UTC 2026,1784800757,0,-0.07
Thu Jul 23 10:00:02 UTC 2026,1784800802,0,-0.16
Thu Jul 23 10:00:25 UTC 2026,1784800825,0,-0.18
Thu Jul 23 10:00:47 UTC 2026,1784800847,0,-0.05
Thu Jul 23 10:02:19 UTC 2026,1784800939,0,-0.06
Thu Jul 23 10:02:32 UTC 2026,1784800952,0,-0.12
Thu Jul 23 10:03:40 UTC 2026,1784801020,0,-0.15
Thu Jul 23 10:04:25 UTC 2026,1784801065,0,-0.05
Thu Jul 23 10:05:37 UTC 2026,1784801137,0,-0.16
Thu Jul 23 10:06:36 UTC 2026,1784801196,0,-0.06
Thu Jul 23 10:07:04 UTC 2026,1784801224,0,-0.14
Thu Jul 23 10:07:17 UTC 2026,1784801237,0,-0.04
Thu Jul 23 10:08:25 UTC 2026,1784801305,0,-0.06
Thu Jul 23 10:09:19 UTC 2026,1784801359,0,-0.12
Thu Jul 23 10:10:10 UTC 2026,1784801410,0,-0.03
Thu Jul 23 10:11:13 UTC 2026,1784801473,0,-0.14
Thu Jul 23 10:11:45 UTC 2026,1784801505,0,-0.15
Thu Jul 23 10:12:07 UTC 2026,1784801527,0,0.03
Thu Jul 23 10:13:28 UTC 2026,1784801608,0,0.0
Thu Jul 23 10:14:01 UTC 2026,1784801641,0,-0.14
Thu Jul 23 10:16:08 UTC 2026,1784801768,0,-0.02
Thu Jul 23 10:16:25 UTC 2026,1784801785,0,-0.12
Thu Jul 23 10:16:44 UTC 2026,1784801804,0,-0.03
Thu Jul 23 10:17:56 UTC 2026,1784801876,0,-0.15
Thu Jul 23 10:18:43 UTC 2026,1784801923,0,-0.04
Thu Jul 23 10:19:18 UTC 2026,1784801958,0,-0.2
Thu Jul 23 10:20:04 UTC 2026,1784802004,0,-0.01
Thu Jul 23 10:20:26 UTC 2026,1784802026,0,-0.14
Thu Jul 23 10:21:39 UTC 2026,1784802099,0,-0.15
Thu Jul 23 10:22:11 UTC 2026,1784802131,0,-0.04
Thu Jul 23 10:23:27 UTC 2026,1784802207,0,-0.12
Thu Jul 23 10:24:07 UTC 2026,1784802247,0,-0.01
Thu Jul 23 10:25:34 UTC 2026,1784802334,0,-0.18
Thu Jul 23 10:25:44 UTC 2026,1784802344,0,-0.02
Thu Jul 23 10:27:09 UTC 2026,1784802429,0,0.0
Thu Jul 23 10:27:36 UTC 2026,1784802456,0,-0.15
Thu Jul 23 10:28:22 UTC 2026,1784802502,0,0.02
Thu Jul 23 10:29:43 UTC 2026,1784802583,0,-0.16
Thu Jul 23 10:29:53 UTC 2026,1784802593,0,-0.12
Thu Jul 23 10:30:20 UTC 2026,1784802620,0,0.04
Thu Jul 23 10:31:51 UTC 2026,1784802711,0,0.0
Thu Jul 23 10:33:08 UTC 2026,1784802788,0,-0.14
Thu Jul 23 10:33:12 UTC 2026,1784802792,0,-0.11
Thu Jul 23 10:34:47 UTC 2026,1784802887,0,0.01
Thu Jul 23 10:34:52 UTC 2026,1784802892,0,0.06
Thu Jul 23 10:36:14 UTC 2026,1784802974,0,-0.13
Thu Jul 23 10:36:46 UTC 2026,1784803006,0,-0.18
Thu Jul 23 10:37:31 UTC 2026,1784803051,0,-0.01
Thu Jul 23 10:38:12 UTC 2026,1784803092,0,-0.17
Thu Jul 23 10:39:29 UTC 2026,1784803169,0,0.03
Thu Jul 23 10:39:46 UTC 2026,1784803186,0,0.04
Thu Jul 23 10:40:14 UTC 2026,1784803214,0,-0.11
Thu Jul 23 10:42:25 UTC 2026,1784803345,0,0.0
Thu Jul 23 10:43:02 UTC 2026,1784803382,0,-0.16
Thu Jul 23 10:43:28 UTC 2026,1784803408,0,0.02
Thu Jul 23 10:44:59 UTC 2026,1784803499,0,-0.14
Thu Jul 23 10:45:13 UTC 2026,1784803513,0,0.02
Thu Jul 23 10:46:40 UTC 2026,1784803600,0,-0.1
Thu Jul 23 10:46:57 UTC 2026,1784803617,0,0.05
Thu Jul 23 10:48:05 UTC 2026,1784803685,0,0.01
Thu Jul 23 10:49:04 UTC 2026,1784803744,0,-0.1
Thu Jul 23 10:49:55 UTC 2026,1784803795,0,0.01
Thu Jul 23 10:50:17 UTC 2026,1784803817,0,-0.08
Thu Jul 23 10:51:30 UTC 2026,1784803890,0,-0.09
Thu Jul 23 10:52:11 UTC 2026,1784803931,0,0.06
Thu Jul 23 10:52:24 UTC 2026,1784803944,0,-0.03
Thu Jul 23 10:52:37 UTC 2026,1784803957,0,-0.08
Thu Jul 23 10:52:43 UTC 2026,1784803963,0,-0.04
Thu Jul 23 10:52:52 UTC 2026,1784803972,0,0.05
Thu Jul 23 10:53:46 UTC 2026,1784804026,0,0.02
Thu Jul 23 10:54:31 UTC 2026,1784804071,0,-0.14
Thu Jul 23 10:55:34 UTC 2026,1784804134,0,0.09
Thu Jul 23 10:55:53 UTC 2026,1784804153,0,-0.14
Thu Jul 23 10:56:39 UTC 2026,1784804199,0,0.07
Thu Jul 23 10:57:23 UTC 2026,1784804243,0,-0.08
Thu Jul 23 10:58:59 UTC 2026,1784804339,0,-0.09
Thu Jul 23 10:59:12 UTC 2026,1784804352,0,0.03
Thu Jul 23 10:59:35 UTC 2026,1784804375,0,0.04
Thu Jul 23 11:00:07 UTC 2026,1784804407,0,-0.11
Thu Jul 23 11:01:29 UTC 2026,1784804489,0,-0.04
Thu Jul 23 11:01:37 UTC 2026,1784804497,0,0.04
Thu Jul 23 11:02:58 UTC 2026,1784804578,0,-0.08
Thu Jul 23 11:03:12 UTC 2026,1784804592,0,0.0
Thu Jul 23 11:04:35 UTC 2026,1784804675,0,-0.06
Thu Jul 23 11:05:01 UTC 2026,1784804701,0,0.06
Thu Jul 23 11:06:13 UTC 2026,1784804773,0,-0.09
Thu Jul 23 11:07:08 UTC 2026,1784804828,0,0.04
Thu Jul 23 11:08:03 UTC 2026,1784804883,0,-0.07
Thu Jul 23 11:09:21 UTC 2026,1784804961,0,0.03
Thu Jul 23 11:10:15 UTC 2026,1784805015,0,0.08
Thu Jul 23 11:10:36 UTC 2026,1784805036,0,-0.07
Thu Jul 23 11:12:22 UTC 2026,1784805142,0,0.05
Thu Jul 23 11:12:35 UTC 2026,1784805155,0,-0.08
Thu Jul 23 11:13:16 UTC 2026,1784805196,0,-0.09
Thu Jul 23 11:13:43 UTC 2026,1784805223,0,0.03
Thu Jul 23 11:14:28 UTC 2026,1784805268,0,-0.05
Thu Jul 23 11:15:50 UTC 2026,1784805350,0,0.07
Thu Jul 23 11:16:18 UTC 2026,1784805378,0,-0.07
Thu Jul 23 11:17:16 UTC 2026,1784805436,0,0.05
Thu Jul 23 11:18:33 UTC 2026,1784805513,0,0.04
Thu Jul 23 11:19:19 UTC 2026,1784805559,0,-0.05
Thu Jul 23 11:19:27 UTC 2026,1784805567,0,0.05
Thu Jul 23 11:20:08 UTC 2026,1784805608,0,-0.04
Thu Jul 23 11:22:02 UTC 2026,1784805722,0,0.05
Thu Jul 23 11:22:19 UTC 2026,1784805739,0,-0.03
Thu Jul 23 11:22:47 UTC 2026,1784805767,0,-0.04
Thu Jul 23 11:23:19 UTC 2026,1784805799,0,0.05
Thu Jul 23 11:25:07 UTC 2026,1784805907,0,0.06
Thu Jul 23 11:25:30 UTC 2026,1784805930,0,-0.05
Thu Jul 23 11:26:02 UTC 2026,1784805962,0,0.0
Thu Jul 23 11:26:39 UTC 2026,1784805999,0,0.07
Thu Jul 23 11:28:46 UTC 2026,1784806126,0,-0.03
Thu Jul 23 11:28:54 UTC 2026,1784806134,0,0.05
Thu Jul 23 11:29:35 UTC 2026,1784806175,0,-0.02
Thu Jul 23 11:30:53 UTC 2026,1784806253,0,0.07
Thu Jul 23 11:31:15 UTC 2026,1784806275,0,-0.04
Thu Jul 23 11:31:55 UTC 2026,1784806315,0,0.04
Thu Jul 23 11:33:44 UTC 2026,1784806424,0,0.0
Thu Jul 23 11:33:53 UTC 2026,1784806433,0,0.08
Thu Jul 23 11:35:07 UTC 2026,1784806507,0,0.07
Thu Jul 23 11:35:33 UTC 2026,1784806533,0,-0.05
Thu Jul 23 11:35:52 UTC 2026,1784806552,0,-0.01
Thu Jul 23 11:36:05 UTC 2026,1784806565,0,0.09
Thu Jul 23 11:38:12 UTC 2026,1784806692,0,0.01
Thu Jul 23 11:38:35 UTC 2026,1784806715,0,0.08
Thu Jul 23 11:39:42 UTC 2026,1784806782,0,-0.01
Thu Jul 23 11:40:19 UTC 2026,1784806819,0,0.08
Thu Jul 23 11:41:44 UTC 2026,1784806904,0,0.01
Thu Jul 23 11:42:40 UTC 2026,1784806960,0,-0.01
Thu Jul 23 11:43:43 UTC 2026,1784807023,0,0.09
Thu Jul 23 11:44:10 UTC 2026,1784807050,0,-0.01
Thu Jul 23 11:44:42 UTC 2026,1784807082,0,0.09
Thu Jul 23 11:46:13 UTC 2026,1784807173,0,0.06
Thu Jul 23 11:46:58 UTC 2026,1784807218,0,-0.01
Thu Jul 23 11:47:44 UTC 2026,1784807264,0,0.1
Thu Jul 23 11:48:32 UTC 2026,1784807312,0,-0.04
Thu Jul 23 11:50:32 UTC 2026,1784807432,0,0.11
Thu Jul 23 11:51:26 UTC 2026,1784807486,0,-0.05
Thu Jul 23 11:51:34 UTC 2026,1784807494,0,0.06
Thu Jul 23 11:52:42 UTC 2026,1784807562,0,0.09
Thu Jul 23 11:53:05 UTC 2026,1784807585,0,-0.02
Thu Jul 23 11:54:27 UTC 2026,1784807667,0,0.11
Thu Jul 23 11:54:54 UTC 2026,1784807694,0,-0.02
Thu Jul 23 11:56:06 UTC 2026,1784807766,0,-0.05
Thu Jul 23 11:56:56 UTC 2026,1784807816,0,0.07
Thu Jul 23 11:58:04 UTC 2026,1784807884,0,-0.04
Thu Jul 23 11:58:17 UTC 2026,1784807897,0,0.12
Thu Jul 23 11:58:58 UTC 2026,1784807938,0,0.0
Thu Jul 23 11:59:21 UTC 2026,1784807961,0,0.15
Thu Jul 23 12:01:38 UTC 2026,1784808098,0,-0.01
Thu Jul 23 12:01:51 UTC 2026,1784808111,0,0.09
Thu Jul 23 12:02:54 UTC 2026,1784808174,0,0.12
Thu Jul 23 12:03:26 UTC 2026,1784808206,0,0.01
Thu Jul 23 12:04:20 UTC 2026,1784808260,0,-0.04
Thu Jul 23 12:04:42 UTC 2026,1784808282,0,0.1
Thu Jul 23 12:06:23 UTC 2026,1784808383,0,0.07
Thu Jul 23 12:07:03 UTC 2026,1784808423,0,-0.08
Thu Jul 23 12:07:36 UTC 2026,1784808456,0,0.0
Thu Jul 23 12:08:47 UTC 2026,1784808527,0,0.11
Thu Jul 23 12:10:10 UTC 2026,1784808610,0,0.0
Thu Jul 23 12:10:58 UTC 2026,1784808658,0,0.1
Thu Jul 23 12:11:26 UTC 2026,1784808686,0,0.01
Thu Jul 23 12:12:11 UTC 2026,1784808731,0,0.04
Thu Jul 23 12:12:39 UTC 2026,1784808759,0,0.11
Thu Jul 23 12:14:27 UTC 2026,1784808867,0,0.14
Thu Jul 23 12:14:37 UTC 2026,1784808877,0,0.0
Thu Jul 23 12:16:03 UTC 2026,1784808963,0,0.13
Thu Jul 23 12:17:11 UTC 2026,1784809031,0,0.1
Thu Jul 23 12:18:19 UTC 2026,1784809099,0,0.02
Thu Jul 23 12:19:13 UTC 2026,1784809153,0,0.0
Thu Jul 23 12:19:27 UTC 2026,1784809167,0,0.11
Thu Jul 23 12:20:58 UTC 2026,1784809258,0,0.15
Thu Jul 23 12:21:11 UTC 2026,1784809271,0,0.03
Thu Jul 23 12:22:33 UTC 2026,1784809353,0,0.15
Thu Jul 23 12:23:00 UTC 2026,1784809380,0,0.0
Thu Jul 23 12:23:50 UTC 2026,1784809430,0,0.01
Thu Jul 23 12:24:53 UTC 2026,1784809493,0,0.11
Thu Jul 23 12:26:28 UTC 2026,1784809588,0,-0.01
Thu Jul 23 12:26:55 UTC 2026,1784809615,0,0.18
Thu Jul 23 12:27:31 UTC 2026,1784809651,0,0.13
Thu Jul 23 12:28:36 UTC 2026,1784809716,0,0.03
Thu Jul 23 12:28:49 UTC 2026,1784809729,0,0.11
Thu Jul 23 12:30:06 UTC 2026,1784809806,0,-0.04
Thu Jul 23 12:30:56 UTC 2026,1784809856,0,0.18
Thu Jul 23 12:32:27 UTC 2026,1784809947,0,0.03
Thu Jul 23 12:32:37 UTC 2026,1784809957,0,0.13
Thu Jul 23 12:33:52 UTC 2026,1784810032,0,-0.03
Thu Jul 23 12:34:06 UTC 2026,1784810046,0,0.17
Thu Jul 23 12:35:28 UTC 2026,1784810128,0,0.0
Thu Jul 23 12:35:50 UTC 2026,1784810150,0,0.11
Thu Jul 23 12:36:59 UTC 2026,1784810219,0,0.04
Thu Jul 23 12:37:35 UTC 2026,1784810255,0,0.13
Thu Jul 23 12:38:56 UTC 2026,1784810336,0,0.04
Thu Jul 23 12:39:33 UTC 2026,1784810373,0,0.16
Thu Jul 23 12:40:49 UTC 2026,1784810449,0,0.14
Thu Jul 23 12:41:40 UTC 2026,1784810500,0,0.02
Thu Jul 23 12:42:43 UTC 2026,1784810563,0,0.13
Thu Jul 23 12:43:42 UTC 2026,1784810622,0,0.0
Thu Jul 23 12:44:10 UTC 2026,1784810650,0,0.13
Thu Jul 23 12:45:35 UTC 2026,1784810735,0,0.15
Thu Jul 23 12:46:02 UTC 2026,1784810762,0,0.04
Thu Jul 23 12:48:19 UTC 2026,1784810899,0,0.12
Thu Jul 23 12:48:41 UTC 2026,1784810921,0,0.05
Thu Jul 23 12:49:44 UTC 2026,1784810984,0,0.14
Thu Jul 23 12:50:12 UTC 2026,1784811012,0,0.06
Thu Jul 23 12:50:43 UTC 2026,1784811043,0,0.13
Thu Jul 23 12:51:47 UTC 2026,1784811107,0,0.05
Thu Jul 23 12:53:23 UTC 2026,1784811203,0,0.14
Thu Jul 23 12:53:44 UTC 2026,1784811224,0,0.13
Thu Jul 23 12:53:58 UTC 2026,1784811238,0,0.04
Thu Jul 23 12:55:30 UTC 2026,1784811330,0,0.03
Thu Jul 23 12:55:52 UTC 2026,1784811352,0,0.14
Thu Jul 23 12:56:42 UTC 2026,1784811402,0,0.04
Thu Jul 23 12:56:56 UTC 2026,1784811416,0,0.11
Thu Jul 23 12:58:30 UTC 2026,1784811510,0,0.13
Thu Jul 23 12:58:34 UTC 2026,1784811514,0,0.02
Thu Jul 23 13:00:42 UTC 2026,1784811642,0,0.15
Thu Jul 23 13:01:22 UTC 2026,1784811682,0,0.01
Thu Jul 23 13:02:08 UTC 2026,1784811728,0,0.04
Thu Jul 23 13:02:22 UTC 2026,1784811742,0,0.15
Thu Jul 23 13:03:30 UTC 2026,1784811810,0,0.05
Thu Jul 23 13:04:02 UTC 2026,1784811842,0,0.13
Thu Jul 23 13:05:41 UTC 2026,1784811941,0,0.06
Thu Jul 23 13:06:49 UTC 2026,1784812009,0,0.07
Thu Jul 23 13:07:03 UTC 2026,1784812023,0,0.14
Thu Jul 23 13:08:20 UTC 2026,1784812100,0,0.06
Thu Jul 23 13:08:33 UTC 2026,1784812113,0,0.13
Thu Jul 23 13:09:54 UTC 2026,1784812194,0,0.06
Thu Jul 23 13:11:13 UTC 2026,1784812273,0,0.13
Thu Jul 23 13:11:53 UTC 2026,1784812313,0,0.14
Thu Jul 23 13:12:52 UTC 2026,1784812372,0,0.07
Thu Jul 23 13:13:23 UTC 2026,1784812403,0,0.14
Thu Jul 23 13:13:46 UTC 2026,1784812426,0,0.06
Thu Jul 23 13:15:13 UTC 2026,1784812513,0,0.08
Thu Jul 23 13:16:07 UTC 2026,1784812567,0,0.15
Thu Jul 23 13:17:11 UTC 2026,1784812631,0,0.14
Thu Jul 23 13:17:32 UTC 2026,1784812652,0,0.08
Thu Jul 23 13:18:41 UTC 2026,1784812721,0,0.14
Thu Jul 23 13:19:18 UTC 2026,1784812758,0,0.05
Thu Jul 23 13:21:01 UTC 2026,1784812861,0,0.14
Thu Jul 23 13:22:18 UTC 2026,1784812938,0,0.08
Thu Jul 23 13:22:37 UTC 2026,1784812957,0,0.14
Thu Jul 23 13:23:08 UTC 2026,1784812988,0,0.08
Thu Jul 23 13:24:26 UTC 2026,1784813066,0,0.15
Thu Jul 23 13:25:16 UTC 2026,1784813116,0,0.17
Thu Jul 23 13:25:47 UTC 2026,1784813147,0,0.06
Thu Jul 23 13:26:29 UTC 2026,1784813189,0,0.09
Thu Jul 23 13:26:33 UTC 2026,1784813193,0,0.15
Thu Jul 23 13:28:45 UTC 2026,1784813325,0,0.14
Thu Jul 23 13:29:12 UTC 2026,1784813352,0,0.07
Thu Jul 23 13:30:16 UTC 2026,1784813416,0,0.14
Thu Jul 23 13:30:20 UTC 2026,1784813420,0,0.07
Thu Jul 23 13:32:00 UTC 2026,1784813520,0,0.1
Thu Jul 23 13:32:31 UTC 2026,1784813551,0,0.15
Thu Jul 23 13:33:25 UTC 2026,1784813605,0,0.09
Thu Jul 23 13:33:35 UTC 2026,1784813615,0,0.14
Thu Jul 23 13:35:02 UTC 2026,1784813702,0,0.13
Thu Jul 23 13:35:10 UTC 2026,1784813710,0,0.08
Thu Jul 23 13:36:23 UTC 2026,1784813783,0,0.14
Thu Jul 23 13:37:25 UTC 2026,1784813845,0,0.06
Thu Jul 23 13:38:24 UTC 2026,1784813904,0,0.05
Thu Jul 23 13:38:52 UTC 2026,1784813932,0,0.14
Thu Jul 23 13:39:46 UTC 2026,1784813986,0,0.07
Thu Jul 23 13:40:54 UTC 2026,1784814054,0,0.14
Thu Jul 23 13:42:16 UTC 2026,1784814136,0,0.1
Thu Jul 23 13:42:57 UTC 2026,1784814177,0,0.07
Thu Jul 23 13:43:20 UTC 2026,1784814200,0,0.14
Thu Jul 23 13:44:59 UTC 2026,1784814299,0,0.17
Thu Jul 23 13:45:54 UTC 2026,1784814354,0,0.1
Thu Jul 23 13:46:57 UTC 2026,1784814417,0,0.14
Thu Jul 23 13:47:51 UTC 2026,1784814471,0,0.1
Thu Jul 23 13:48:18 UTC 2026,1784814498,0,0.16
Thu Jul 23 13:49:45 UTC 2026,1784814585,0,0.1
Thu Jul 23 13:50:31 UTC 2026,1784814631,0,0.17
Thu Jul 23 13:51:15 UTC 2026,1784814675,0,0.09
Thu Jul 23 13:51:52 UTC 2026,1784814712,0,0.19
Thu Jul 23 13:52:50 UTC 2026,1784814770,0,0.16
Thu Jul 23 13:53:23 UTC 2026,1784814803,0,0.09
Thu Jul 23 13:54:44 UTC 2026,1784814884,0,0.17
Thu Jul 23 13:55:29 UTC 2026,1784814929,0,0.07
Thu Jul 23 13:57:19 UTC 2026,1784815039,0,0.16
Thu Jul 23 13:58:53 UTC 2026,1784815133,0,0.1
Thu Jul 23 13:59:34 UTC 2026,1784815174,0,0.11
Thu Jul 23 13:59:57 UTC 2026,1784815197,0,0.18
Thu Jul 23 14:01:10 UTC 2026,1784815270,0,0.11
Thu Jul 23 14:01:14 UTC 2026,1784815274,0,0.17
Thu Jul 23 14:02:53 UTC 2026,1784815373,0,0.16
Thu Jul 23 14:03:34 UTC 2026,1784815414,0,0.06
Thu Jul 23 14:04:24 UTC 2026,1784815464,0,0.16
Thu Jul 23 14:04:56 UTC 2026,1784815496,0,0.1
Thu Jul 23 14:06:17 UTC 2026,1784815577,0,0.17
Thu Jul 23 14:07:15 UTC 2026,1784815635,0,0.1
Thu Jul 23 14:07:48 UTC 2026,1784815668,0,0.08
Thu Jul 23 14:07:52 UTC 2026,1784815672,0,0.17
Thu Jul 23 14:09:42 UTC 2026,1784815782,0,0.1
Thu Jul 23 14:09:50 UTC 2026,1784815790,0,0.19
Thu Jul 23 14:11:03 UTC 2026,1784815863,0,0.11
Thu Jul 23 14:11:30 UTC 2026,1784815890,0,0.17
Thu Jul 23 14:14:04 UTC 2026,1784816044,0,0.06
Thu Jul 23 14:14:12 UTC 2026,1784816052,0,0.19
Thu Jul 23 14:14:17 UTC 2026,1784816057,0,0.15
Thu Jul 23 14:14:49 UTC 2026,1784816089,0,0.06
Thu Jul 23 14:16:29 UTC 2026,1784816189,0,0.09
Thu Jul 23 14:16:39 UTC 2026,1784816199,0,0.17
Thu Jul 23 14:18:54 UTC 2026,1784816334,0,0.07
Thu Jul 23 14:19:52 UTC 2026,1784816392,0,0.1
Thu Jul 23 14:20:16 UTC 2026,1784816416,0,0.17
Thu Jul 23 14:22:27 UTC 2026,1784816547,0,0.1
Thu Jul 23 14:22:40 UTC 2026,1784816560,0,0.18
Thu Jul 23 14:22:50 UTC 2026,1784816570,0,0.11
Thu Jul 23 14:24:21 UTC 2026,1784816661,0,0.17
Thu Jul 23 14:25:24 UTC 2026,1784816724,0,0.12
Thu Jul 23 14:25:56 UTC 2026,1784816756,0,0.1
Thu Jul 23 14:26:19 UTC 2026,1784816779,0,0.18
Thu Jul 23 14:28:26 UTC 2026,1784816906,0,0.1
Thu Jul 23 14:30:05 UTC 2026,1784817005,0,0.11
Thu Jul 23 14:30:22 UTC 2026,1784817022,0,0.18
Thu Jul 23 14:32:03 UTC 2026,1784817123,0,0.11
Thu Jul 23 14:32:53 UTC 2026,1784817173,0,0.07
Thu Jul 23 14:33:25 UTC 2026,1784817205,0,0.18
Thu Jul 23 14:34:28 UTC 2026,1784817268,0,0.19
Thu Jul 23 14:34:46 UTC 2026,1784817286,0,0.12
Thu Jul 23 14:35:58 UTC 2026,1784817358,0,0.19
Thu Jul 23 14:37:11 UTC 2026,1784817431,0,0.1
Thu Jul 23 14:37:39 UTC 2026,1784817459,0,0.12
Thu Jul 23 14:38:20 UTC 2026,1784817500,0,0.18
Thu Jul 23 14:39:59 UTC 2026,1784817599,0,0.12
Thu Jul 23 14:41:25 UTC 2026,1784817685,0,0.13
Thu Jul 23 14:41:48 UTC 2026,1784817708,0,0.18
Thu Jul 23 14:43:05 UTC 2026,1784817785,0,0.13
Thu Jul 23 14:43:51 UTC 2026,1784817831,0,0.2
Thu Jul 23 14:44:00 UTC 2026,1784817840,0,0.17
Thu Jul 23 14:44:09 UTC 2026,1784817849,0,0.12
Thu Jul 23 14:46:33 UTC 2026,1784817993,0,0.18
Thu Jul 23 14:47:42 UTC 2026,1784818062,0,0.12
Thu Jul 23 14:48:26 UTC 2026,1784818106,0,0.19
Thu Jul 23 14:49:48 UTC 2026,1784818188,0,0.1
Thu Jul 23 14:51:33 UTC 2026,1784818293,0,0.18
Thu Jul 23 14:52:55 UTC 2026,1784818375,0,0.11
Thu Jul 23 14:53:08 UTC 2026,1784818388,0,0.19
Thu Jul 23 14:54:07 UTC 2026,1784818447,0,0.11
Thu Jul 23 14:55:56 UTC 2026,1784818556,0,0.12
Thu Jul 23 14:56:14 UTC 2026,1784818574,0,0.18
Thu Jul 23 14:58:34 UTC 2026,1784818714,0,0.12
Thu Jul 23 14:59:06 UTC 2026,1784818746,0,0.13
Thu Jul 23 15:00:10 UTC 2026,1784818810,0,0.19
Thu Jul 23 15:00:50 UTC 2026,1784818850,0,0.18
Thu Jul 23 15:01:54 UTC 2026,1784818914,0,0.12
Thu Jul 23 15:02:12 UTC 2026,1784818932,0,0.14
Thu Jul 23 15:02:22 UTC 2026,1784818942,0,0.19
Thu Jul 23 15:03:53 UTC 2026,1784819033,0,0.18
Thu Jul 23 15:04:02 UTC 2026,1784819042,0,0.14
Thu Jul 23 15:06:12 UTC 2026,1784819172,0,0.18
Thu Jul 23 15:06:36 UTC 2026,1784819196,0,0.13
Thu Jul 23 15:07:38 UTC 2026,1784819258,0,0.19
Thu Jul 23 15:08:02 UTC 2026,1784819282,0,0.1
Thu Jul 23 15:08:42 UTC 2026,1784819322,0,0.12
Thu Jul 23 15:09:27 UTC 2026,1784819367,0,0.18
Thu Jul 23 15:10:22 UTC 2026,1784819422,0,0.15
Thu Jul 23 15:10:31 UTC 2026,1784819431,0,0.2
Thu Jul 23 15:12:33 UTC 2026,1784819553,0,0.14
Thu Jul 23 15:13:36 UTC 2026,1784819616,0,0.19
Thu Jul 23 15:13:59 UTC 2026,1784819639,0,0.15
Thu Jul 23 15:14:48 UTC 2026,1784819688,0,0.19
Thu Jul 23 15:15:39 UTC 2026,1784819739,0,0.18
Thu Jul 23 15:16:02 UTC 2026,1784819762,0,0.13
Thu Jul 23 15:17:41 UTC 2026,1784819861,0,0.2
Thu Jul 23 15:18:09 UTC 2026,1784819889,0,0.13
Thu Jul 23 15:18:54 UTC 2026,1784819934,0,0.2
Thu Jul 23 15:19:08 UTC 2026,1784819948,0,0.13
Thu Jul 23 15:20:25 UTC 2026,1784820025,0,0.19
Thu Jul 23 15:21:36 UTC 2026,1784820096,0,0.13
Thu Jul 23 15:22:00 UTC 2026,1784820120,0,0.12
Thu Jul 23 15:22:13 UTC 2026,1784820133,0,0.2
Thu Jul 23 15:23:58 UTC 2026,1784820238,0,0.15
Thu Jul 23 15:24:39 UTC 2026,1784820279,0,0.2
Thu Jul 23 15:25:37 UTC 2026,1784820337,0,0.18
Thu Jul 23 15:26:42 UTC 2026,1784820402,0,0.11
Thu Jul 23 15:26:55 UTC 2026,1784820415,0,0.12
Thu Jul 23 15:27:49 UTC 2026,1784820469,0,0.19
Thu Jul 23 15:28:34 UTC 2026,1784820514,0,0.2
Thu Jul 23 15:28:52 UTC 2026,1784820532,0,0.14
Thu Jul 23 15:30:59 UTC 2026,1784820659,0,0.11
Thu Jul 23 15:31:45 UTC 2026,1784820705,0,0.22
Thu Jul 23 15:32:12 UTC 2026,1784820732,0,0.15
Thu Jul 23 15:32:43 UTC 2026,1784820763,0,0.2
Thu Jul 23 15:33:52 UTC 2026,1784820832,0,0.14
Thu Jul 23 15:34:01 UTC 2026,1784820841,0,0.23
Thu Jul 23 15:35:27 UTC 2026,1784820927,0,0.21
Thu Jul 23 15:35:31 UTC 2026,1784820931,0,0.15
Thu Jul 23 15:37:25 UTC 2026,1784821045,0,0.21
Thu Jul 23 15:38:10 UTC 2026,1784821090,0,0.14
Thu Jul 23 15:38:29 UTC 2026,1784821109,0,0.11
Thu Jul 23 15:38:37 UTC 2026,1784821117,0,0.19
Thu Jul 23 15:40:35 UTC 2026,1784821235,0,0.22
Thu Jul 23 15:40:58 UTC 2026,1784821258,0,0.11
Thu Jul 23 15:41:52 UTC 2026,1784821312,0,0.21
Thu Jul 23 15:42:02 UTC 2026,1784821322,0,0.15
Thu Jul 23 15:43:27 UTC 2026,1784821407,0,0.2
Thu Jul 23 15:44:40 UTC 2026,1784821480,0,0.12
Thu Jul 23 15:45:03 UTC 2026,1784821503,0,0.14
Thu Jul 23 15:46:15 UTC 2026,1784821575,0,0.2
Thu Jul 23 15:46:42 UTC 2026,1784821602,0,0.14
Thu Jul 23 15:47:59 UTC 2026,1784821679,0,0.19
Thu Jul 23 15:48:40 UTC 2026,1784821720,0,0.2
Thu Jul 23 15:48:55 UTC 2026,1784821735,0,0.15
Thu Jul 23 15:49:57 UTC 2026,1784821797,0,0.18
Thu Jul 23 15:50:34 UTC 2026,1784821834,0,0.12
Thu Jul 23 15:51:46 UTC 2026,1784821906,0,0.15
Thu Jul 23 15:52:45 UTC 2026,1784821965,0,0.19
Thu Jul 23 15:53:26 UTC 2026,1784822006,0,0.15
Thu Jul 23 15:54:12 UTC 2026,1784822052,0,0.21
Thu Jul 23 15:55:37 UTC 2026,1784822137,0,0.14
Thu Jul 23 15:55:41 UTC 2026,1784822141,0,0.21
Thu Jul 23 15:56:37 UTC 2026,1784822197,0,0.15
Thu Jul 23 15:57:48 UTC 2026,1784822268,0,0.21
Thu Jul 23 15:58:56 UTC 2026,1784822336,0,0.14
Thu Jul 23 15:59:37 UTC 2026,1784822377,0,0.2
Thu Jul 23 16:00:04 UTC 2026,1784822404,0,0.14
Thu Jul 23 16:00:36 UTC 2026,1784822436,0,0.2
Thu Jul 23 16:01:36 UTC 2026,1784822496,0,0.18
Thu Jul 23 16:02:25 UTC 2026,1784822545,0,0.12
Thu Jul 23 16:03:42 UTC 2026,1784822622,0,0.21
Thu Jul 23 16:04:09 UTC 2026,1784822649,0,0.14
Thu Jul 23 16:05:18 UTC 2026,1784822718,0,0.2
Thu Jul 23 16:06:57 UTC 2026,1784822817,0,0.15
Thu Jul 23 16:07:06 UTC 2026,1784822826,0,0.21
Thu Jul 23 16:08:14 UTC 2026,1784822894,0,0.2
Thu Jul 23 16:09:27 UTC 2026,1784822967,0,0.13
Thu Jul 23 16:10:03 UTC 2026,1784823003,0,0.19
Thu Jul 23 16:10:30 UTC 2026,1784823030,0,0.15
Thu Jul 23 16:12:33 UTC 2026,1784823153,0,0.19
Thu Jul 23 16:13:00 UTC 2026,1784823180,0,0.14
Thu Jul 23 16:13:40 UTC 2026,1784823220,0,0.19
Thu Jul 23 16:14:25 UTC 2026,1784823265,0,0.13
Thu Jul 23 16:14:58 UTC 2026,1784823298,0,0.11
Thu Jul 23 16:15:25 UTC 2026,1784823325,0,0.19
Thu Jul 23 16:16:47 UTC 2026,1784823407,0,0.18
Thu Jul 23 16:17:05 UTC 2026,1784823425,0,0.13
Thu Jul 23 16:18:21 UTC 2026,1784823501,0,0.19
Thu Jul 23 16:19:15 UTC 2026,1784823555,0,0.11
Thu Jul 23 16:20:01 UTC 2026,1784823601,0,0.2
Thu Jul 23 16:21:09 UTC 2026,1784823669,0,0.12
Thu Jul 23 16:22:09 UTC 2026,1784823729,0,0.2
Thu Jul 23 16:22:50 UTC 2026,1784823770,0,0.14
Thu Jul 23 16:23:20 UTC 2026,1784823800,0,0.18
Thu Jul 23 16:24:06 UTC 2026,1784823846,0,0.14
Thu Jul 23 16:25:38 UTC 2026,1784823938,0,0.21
Thu Jul 23 16:25:51 UTC 2026,1784823951,0,0.14
Thu Jul 23 16:27:45 UTC 2026,1784824065,0,0.2
Thu Jul 23 16:28:52 UTC 2026,1784824132,0,0.14
Thu Jul 23 16:29:14 UTC 2026,1784824154,0,0.2
Thu Jul 23 16:30:04 UTC 2026,1784824204,0,0.13
Thu Jul 23 16:30:13 UTC 2026,1784824213,0,0.21
Thu Jul 23 16:31:35 UTC 2026,1784824295,0,0.13
Thu Jul 23 16:32:39 UTC 2026,1784824359,0,0.2
Thu Jul 23 16:32:52 UTC 2026,1784824372,0,0.14
Thu Jul 23 16:33:20 UTC 2026,1784824400,0,0.21
Thu Jul 23 16:34:54 UTC 2026,1784824494,0,0.14
Thu Jul 23 16:35:40 UTC 2026,1784824540,0,0.2
Thu Jul 23 16:36:44 UTC 2026,1784824604,0,0.16
Thu Jul 23 16:36:52 UTC 2026,1784824612,0,0.2
Thu Jul 23 16:38:09 UTC 2026,1784824689,0,0.18
Thu Jul 23 16:38:27 UTC 2026,1784824707,0,0.12
Thu Jul 23 16:39:53 UTC 2026,1784824793,0,0.2
Thu Jul 23 16:41:01 UTC 2026,1784824861,0,0.14
Thu Jul 23 16:42:08 UTC 2026,1784824928,0,0.21
Thu Jul 23 16:43:04 UTC 2026,1784824984,0,0.13
Thu Jul 23 16:43:22 UTC 2026,1784825002,0,0.2
Thu Jul 23 16:45:02 UTC 2026,1784825102,0,0.16
Thu Jul 23 16:45:43 UTC 2026,1784825143,0,0.2
Thu Jul 23 16:46:04 UTC 2026,1784825164,0,0.17
Thu Jul 23 16:47:40 UTC 2026,1784825260,0,0.22
Thu Jul 23 16:47:54 UTC 2026,1784825274,0,0.21
Thu Jul 23 16:48:57 UTC 2026,1784825337,0,0.16
Thu Jul 23 16:49:38 UTC 2026,1784825378,0,0.22
Thu Jul 23 16:50:42 UTC 2026,1784825442,0,0.15
Thu Jul 23 16:51:23 UTC 2026,1784825483,0,0.14
Thu Jul 23 16:52:03 UTC 2026,1784825523,0,0.21
Thu Jul 23 16:52:40 UTC 2026,1784825560,0,0.16
Thu Jul 23 16:53:29 UTC 2026,1784825609,0,0.22
Thu Jul 23 16:55:49 UTC 2026,1784825749,0,0.23
Thu Jul 23 16:55:54 UTC 2026,1784825754,0,0.15
Thu Jul 23 16:56:03 UTC 2026,1784825763,0,0.21
Thu Jul 23 16:56:30 UTC 2026,1784825790,0,0.13
Thu Jul 23 16:57:38 UTC 2026,1784825858,0,0.15
Thu Jul 23 16:58:01 UTC 2026,1784825881,0,0.21
Thu Jul 23 16:59:59 UTC 2026,1784825999,0,0.16
Thu Jul 23 17:01:29 UTC 2026,1784826089,0,0.22
Thu Jul 23 17:01:48 UTC 2026,1784826108,0,0.16
Thu Jul 23 17:02:47 UTC 2026,1784826167,0,0.23
Thu Jul 23 17:02:52 UTC 2026,1784826172,0,0.18
Thu Jul 23 17:04:40 UTC 2026,1784826280,0,0.23
Thu Jul 23 17:06:11 UTC 2026,1784826371,0,0.18
Thu Jul 23 17:06:43 UTC 2026,1784826403,0,0.21
Thu Jul 23 17:07:36 UTC 2026,1784826456,0,0.22
Thu Jul 23 17:08:13 UTC 2026,1784826493,0,0.16
Thu Jul 23 17:09:49 UTC 2026,1784826589,0,0.18
Thu Jul 23 17:10:11 UTC 2026,1784826611,0,0.22
Thu Jul 23 17:10:52 UTC 2026,1784826652,0,0.23
Thu Jul 23 17:11:19 UTC 2026,1784826679,0,0.17
Thu Jul 23 17:13:26 UTC 2026,1784826806,0,0.16
Thu Jul 23 17:13:45 UTC 2026,1784826825,0,0.24
Thu Jul 23 17:14:57 UTC 2026,1784826897,0,0.14
Thu Jul 23 17:15:47 UTC 2026,1784826947,0,0.1
Thu Jul 23 17:16:32 UTC 2026,1784826992,0,0.24
Thu Jul 23 17:18:26 UTC 2026,1784827106,0,0.23
Thu Jul 23 17:18:52 UTC 2026,1784827132,0,0.17
Thu Jul 23 17:19:10 UTC 2026,1784827150,0,0.18
Thu Jul 23 17:20:09 UTC 2026,1784827209,0,0.23
Thu Jul 23 17:21:12 UTC 2026,1784827272,0,0.22
Thu Jul 23 17:22:12 UTC 2026,1784827332,0,0.15
Thu Jul 23 17:22:48 UTC 2026,1784827368,0,0.24
Thu Jul 23 17:23:16 UTC 2026,1784827396,0,0.17
Thu Jul 23 17:24:14 UTC 2026,1784827454,0,0.24
Thu Jul 23 17:25:00 UTC 2026,1784827500,0,0.18
Thu Jul 23 17:26:40 UTC 2026,1784827600,0,0.24
Thu Jul 23 17:27:25 UTC 2026,1784827645,0,0.22
Thu Jul 23 17:27:51 UTC 2026,1784827671,0,0.19
Thu Jul 23 17:29:09 UTC 2026,1784827749,0,0.23
Thu Jul 23 17:29:14 UTC 2026,1784827754,0,0.18
Thu Jul 23 17:30:44 UTC 2026,1784827844,0,0.22
Thu Jul 23 17:31:47 UTC 2026,1784827907,0,0.18
Thu Jul 23 17:32:37 UTC 2026,1784827957,0,0.23
Thu Jul 23 17:33:46 UTC 2026,1784828026,0,0.15
Thu Jul 23 17:33:55 UTC 2026,1784828035,0,0.19
Thu Jul 23 17:35:29 UTC 2026,1784828129,0,0.24
Thu Jul 23 17:35:53 UTC 2026,1784828153,0,0.19
Thu Jul 23 17:36:24 UTC 2026,1784828184,0,0.24
Thu Jul 23 17:37:14 UTC 2026,1784828234,0,0.19
Thu Jul 23 17:37:23 UTC 2026,1784828243,0,0.23
Thu Jul 23 17:39:02 UTC 2026,1784828342,0,0.19
Thu Jul 23 17:40:23 UTC 2026,1784828423,0,0.24
Thu Jul 23 17:40:56 UTC 2026,1784828456,0,0.23
Thu Jul 23 17:41:01 UTC 2026,1784828461,0,0.19
Thu Jul 23 17:42:27 UTC 2026,1784828547,0,0.2
Thu Jul 23 17:43:21 UTC 2026,1784828601,0,0.24
Thu Jul 23 17:44:02 UTC 2026,1784828642,0,0.23
Thu Jul 23 17:44:30 UTC 2026,1784828670,0,0.2
Thu Jul 23 17:46:32 UTC 2026,1784828792,0,0.26
Thu Jul 23 17:46:54 UTC 2026,1784828814,0,0.16
Thu Jul 23 17:47:07 UTC 2026,1784828827,0,0.24
Thu Jul 23 17:47:12 UTC 2026,1784828832,0,0.18
Thu Jul 23 17:49:38 UTC 2026,1784828978,0,0.25
Thu Jul 23 17:50:28 UTC 2026,1784829028,0,0.23
Thu Jul 23 17:51:30 UTC 2026,1784829090,0,0.17
Thu Jul 23 17:52:12 UTC 2026,1784829132,0,0.19
Thu Jul 23 17:53:20 UTC 2026,1784829200,0,0.27
Thu Jul 23 17:54:28 UTC 2026,1784829268,0,0.2
Thu Jul 23 17:55:04 UTC 2026,1784829304,0,0.25
Thu Jul 23 17:55:39 UTC 2026,1784829339,0,0.24
Thu Jul 23 17:56:25 UTC 2026,1784829385,0,0.19
Thu Jul 23 17:57:11 UTC 2026,1784829431,0,0.21
Thu Jul 23 17:57:29 UTC 2026,1784829449,0,0.25
Thu Jul 23 17:59:35 UTC 2026,1784829575,0,0.2
Thu Jul 23 18:01:25 UTC 2026,1784829685,0,0.26
Thu Jul 23 18:01:47 UTC 2026,1784829707,0,0.19
Thu Jul 23 18:02:09 UTC 2026,1784829729,0,0.25
Thu Jul 23 18:02:50 UTC 2026,1784829770,0,0.2
Thu Jul 23 18:03:49 UTC 2026,1784829829,0,0.19
Thu Jul 23 18:04:22 UTC 2026,1784829862,0,0.26
Thu Jul 23 18:05:20 UTC 2026,1784829920,0,0.24
Thu Jul 23 18:05:51 UTC 2026,1784829951,0,0.19
Thu Jul 23 18:06:59 UTC 2026,1784830019,0,0.21
Thu Jul 23 18:08:08 UTC 2026,1784830088,0,0.27
Thu Jul 23 18:08:35 UTC 2026,1784830115,0,0.25
Thu Jul 23 18:09:25 UTC 2026,1784830165,0,0.18
Thu Jul 23 18:10:20 UTC 2026,1784830220,0,0.25
Thu Jul 23 18:11:05 UTC 2026,1784830265,0,0.21
Thu Jul 23 18:13:29 UTC 2026,1784830409,0,0.26
Thu Jul 23 18:13:52 UTC 2026,1784830432,0,0.2
Thu Jul 23 18:15:19 UTC 2026,1784830519,0,0.22
Thu Jul 23 18:15:55 UTC 2026,1784830555,0,0.26
Thu Jul 23 18:16:58 UTC 2026,1784830618,0,0.22
Thu Jul 23 18:18:15 UTC 2026,1784830695,0,0.26
Thu Jul 23 18:18:47 UTC 2026,1784830727,0,0.22
Thu Jul 23 18:18:52 UTC 2026,1784830732,0,0.26
Thu Jul 23 18:20:18 UTC 2026,1784830818,0,0.22
Thu Jul 23 18:20:54 UTC 2026,1784830854,0,0.27
Thu Jul 23 18:21:57 UTC 2026,1784830917,0,0.22
Thu Jul 23 18:22:33 UTC 2026,1784830953,0,0.27
Thu Jul 23 18:23:28 UTC 2026,1784831008,0,0.26
Thu Jul 23 18:23:42 UTC 2026,1784831022,0,0.21
Thu Jul 23 18:25:22 UTC 2026,1784831122,0,0.22
Thu Jul 23 18:26:07 UTC 2026,1784831167,0,0.27
Thu Jul 23 18:26:57 UTC 2026,1784831217,0,0.25
Thu Jul 23 18:27:33 UTC 2026,1784831253,0,0.21
Thu Jul 23 18:28:32 UTC 2026,1784831312,0,0.22
Thu Jul 23 18:29:04 UTC 2026,1784831344,0,0.28
Thu Jul 23 18:30:03 UTC 2026,1784831403,0,0.23
Thu Jul 23 18:31:16 UTC 2026,1784831476,0,0.29
Thu Jul 23 18:31:52 UTC 2026,1784831512,0,0.28
Thu Jul 23 18:32:27 UTC 2026,1784831547,0,0.23
Thu Jul 23 18:33:40 UTC 2026,1784831620,0,0.29
Thu Jul 23 18:34:44 UTC 2026,1784831684,0,0.22
Thu Jul 23 18:36:06 UTC 2026,1784831766,0,0.29
Thu Jul 23 18:36:32 UTC 2026,1784831792,0,0.23
Thu Jul 23 18:36:36 UTC 2026,1784831796,0,0.24
Thu Jul 23 18:37:09 UTC 2026,1784831829,0,0.28
Thu Jul 23 18:38:44 UTC 2026,1784831924,0,0.23
Thu Jul 23 18:39:30 UTC 2026,1784831970,0,0.28
Thu Jul 23 18:40:28 UTC 2026,1784832028,0,0.29
Thu Jul 23 18:41:22 UTC 2026,1784832082,0,0.24
Thu Jul 23 18:41:36 UTC 2026,1784832096,0,0.29
Thu Jul 23 18:41:54 UTC 2026,1784832114,0,0.25
Thu Jul 23 18:43:12 UTC 2026,1784832192,0,0.28
Thu Jul 23 18:44:33 UTC 2026,1784832273,0,0.24
Thu Jul 23 18:44:55 UTC 2026,1784832295,0,0.28
Thu Jul 23 18:45:41 UTC 2026,1784832341,0,0.2
Thu Jul 23 18:47:12 UTC 2026,1784832432,0,0.24
Thu Jul 23 18:47:30 UTC 2026,1784832450,0,0.29
Thu Jul 23 18:48:19 UTC 2026,1784832499,0,0.25
Thu Jul 23 18:49:18 UTC 2026,1784832558,0,0.29
Thu Jul 23 18:49:51 UTC 2026,1784832591,0,0.28
Thu Jul 23 18:50:31 UTC 2026,1784832631,0,0.24
Thu Jul 23 18:52:15 UTC 2026,1784832735,0,0.29
Thu Jul 23 18:53:05 UTC 2026,1784832785,0,0.24
Thu Jul 23 18:53:09 UTC 2026,1784832789,0,0.25
Thu Jul 23 18:54:09 UTC 2026,1784832849,0,0.29
Thu Jul 23 18:55:07 UTC 2026,1784832907,0,0.28
Thu Jul 23 18:56:15 UTC 2026,1784832975,0,0.24
Thu Jul 23 18:56:29 UTC 2026,1784832989,0,0.25
Thu Jul 23 18:56:48 UTC 2026,1784833008,0,0.29
Thu Jul 23 18:58:23 UTC 2026,1784833103,0,0.24
Thu Jul 23 18:59:36 UTC 2026,1784833176,0,0.29
Thu Jul 23 18:59:49 UTC 2026,1784833189,0,0.24
Thu Jul 23 19:00:43 UTC 2026,1784833243,0,0.29
Thu Jul 23 19:01:24 UTC 2026,1784833284,0,0.28
Thu Jul 23 19:02:14 UTC 2026,1784833334,0,0.24
Thu Jul 23 19:03:04 UTC 2026,1784833384,0,0.27
Thu Jul 23 19:04:02 UTC 2026,1784833442,0,0.21
Thu Jul 23 19:04:43 UTC 2026,1784833483,0,0.25
Thu Jul 23 19:05:42 UTC 2026,1784833542,0,0.29
Thu Jul 23 19:06:46 UTC 2026,1784833606,0,0.25
Thu Jul 23 19:08:08 UTC 2026,1784833688,0,0.24
Thu Jul 23 19:08:12 UTC 2026,1784833692,0,0.28
Thu Jul 23 19:09:38 UTC 2026,1784833778,0,0.25
Thu Jul 23 19:09:43 UTC 2026,1784833783,0,0.29
Thu Jul 23 19:11:27 UTC 2026,1784833887,0,0.22
Thu Jul 23 19:12:48 UTC 2026,1784833968,0,0.3
Thu Jul 23 19:13:11 UTC 2026,1784833991,0,0.24
Thu Jul 23 19:13:43 UTC 2026,1784834023,0,0.3
Thu Jul 23 19:14:46 UTC 2026,1784834086,0,0.24
Thu Jul 23 19:14:56 UTC 2026,1784834096,0,0.28
Thu Jul 23 19:16:17 UTC 2026,1784834177,0,0.29
Thu Jul 23 19:17:40 UTC 2026,1784834260,0,0.24
Thu Jul 23 19:19:28 UTC 2026,1784834368,0,0.29
Thu Jul 23 19:20:31 UTC 2026,1784834431,0,0.23
Thu Jul 23 19:20:49 UTC 2026,1784834449,0,0.29
Thu Jul 23 19:21:13 UTC 2026,1784834473,0,0.27
Thu Jul 23 19:22:06 UTC 2026,1784834526,0,0.21
Thu Jul 23 19:22:51 UTC 2026,1784834571,0,0.3
Thu Jul 23 19:23:37 UTC 2026,1784834617,0,0.23
Thu Jul 23 19:24:32 UTC 2026,1784834672,0,0.24
Thu Jul 23 19:24:41 UTC 2026,1784834681,0,0.28
Thu Jul 23 19:26:29 UTC 2026,1784834789,0,0.25
Thu Jul 23 19:27:24 UTC 2026,1784834844,0,0.28
Thu Jul 23 19:28:00 UTC 2026,1784834880,0,0.25
Thu Jul 23 19:29:04 UTC 2026,1784834944,0,0.29
Thu Jul 23 19:29:49 UTC 2026,1784834989,0,0.28
Thu Jul 23 19:30:16 UTC 2026,1784835016,0,0.24
Thu Jul 23 19:31:33 UTC 2026,1784835093,0,0.29
Thu Jul 23 19:32:41 UTC 2026,1784835161,0,0.23
Thu Jul 23 19:32:59 UTC 2026,1784835179,0,0.25
Thu Jul 23 19:33:22 UTC 2026,1784835202,0,0.28
Thu Jul 23 19:34:34 UTC 2026,1784835274,0,0.24
Thu Jul 23 19:35:01 UTC 2026,1784835301,0,0.29
Thu Jul 23 19:36:04 UTC 2026,1784835364,0,0.28
Thu Jul 23 19:36:24 UTC 2026,1784835384,0,0.25
Thu Jul 23 19:38:02 UTC 2026,1784835482,0,0.29
Thu Jul 23 19:38:07 UTC 2026,1784835487,0,0.25
Thu Jul 23 19:39:51 UTC 2026,1784835591,0,0.28
Thu Jul 23 19:40:06 UTC 2026,1784835606,0,0.21
Thu Jul 23 19:41:04 UTC 2026,1784835664,0,0.24
Thu Jul 23 19:41:22 UTC 2026,1784835682,0,0.28
Thu Jul 23 19:42:43 UTC 2026,1784835763,0,0.25
Thu Jul 23 19:43:37 UTC 2026,1784835817,0,0.29
Thu Jul 23 19:44:42 UTC 2026,1784835882,0,0.28
Thu Jul 23 19:45:44 UTC 2026,1784835944,0,0.24
Thu Jul 23 19:46:21 UTC 2026,1784835981,0,0.23
Thu Jul 23 19:46:48 UTC 2026,1784836008,0,0.3
Thu Jul 23 19:47:48 UTC 2026,1784836068,0,0.28
Thu Jul 23 19:48:28 UTC 2026,1784836108,0,0.23
Thu Jul 23 19:50:13 UTC 2026,1784836213,0,0.24
Thu Jul 23 19:50:21 UTC 2026,1784836221,0,0.29
Thu Jul 23 19:50:54 UTC 2026,1784836254,0,0.25
Thu Jul 23 19:51:07 UTC 2026,1784836267,0,0.28
Thu Jul 23 19:53:05 UTC 2026,1784836385,0,0.29
Thu Jul 23 19:54:03 UTC 2026,1784836443,0,0.24
Thu Jul 23 19:54:22 UTC 2026,1784836462,0,0.25
Thu Jul 23 19:55:30 UTC 2026,1784836530,0,0.29
Thu Jul 23 19:56:19 UTC 2026,1784836579,0,0.23
Thu Jul 23 19:57:41 UTC 2026,1784836661,0,0.29
Thu Jul 23 19:58:04 UTC 2026,1784836684,0,0.22
Thu Jul 23 19:59:06 UTC 2026,1784836746,0,0.25
Thu Jul 23 19:59:44 UTC 2026,1784836784,0,0.29
Thu Jul 23 20:00:52 UTC 2026,1784836852,0,0.3
Thu Jul 23 20:01:19 UTC 2026,1784836879,0,0.25
Thu Jul 23 20:02:31 UTC 2026,1784836951,0,0.29
Thu Jul 23 20:03:27 UTC 2026,1784837007,0,0.25
Thu Jul 23 20:04:56 UTC 2026,1784837096,0,0.3
Thu Jul 23 20:05:37 UTC 2026,1784837137,0,0.25
Thu Jul 23 20:05:46 UTC 2026,1784837146,0,0.29
Thu Jul 23 20:06:50 UTC 2026,1784837210,0,0.25
Thu Jul 23 20:07:26 UTC 2026,1784837246,0,0.29
Thu Jul 23 20:08:07 UTC 2026,1784837287,0,0.25
Thu Jul 23 20:09:46 UTC 2026,1784837386,0,0.3
Thu Jul 23 20:10:55 UTC 2026,1784837455,0,0.25
Thu Jul 23 20:12:20 UTC 2026,1784837540,0,0.26
Thu Jul 23 20:13:52 UTC 2026,1784837632,0,0.3
Thu Jul 23 20:14:01 UTC 2026,1784837641,0,0.29
Thu Jul 23 20:15:14 UTC 2026,1784837714,0,0.25
Thu Jul 23 20:16:21 UTC 2026,1784837781,0,0.22
Thu Jul 23 20:17:10 UTC 2026,1784837830,0,0.29
Thu Jul 23 20:17:29 UTC 2026,1784837849,0,0.26
Thu Jul 23 20:17:47 UTC 2026,1784837867,0,0.3
Thu Jul 23 20:19:37 UTC 2026,1784837977,0,0.25
Thu Jul 23 20:19:54 UTC 2026,1784837994,0,0.3
Thu Jul 23 20:22:06 UTC 2026,1784838126,0,0.25
Thu Jul 23 20:22:29 UTC 2026,1784838149,0,0.29
Thu Jul 23 20:23:05 UTC 2026,1784838185,0,0.24
Thu Jul 23 20:24:03 UTC 2026,1784838243,0,0.29
Thu Jul 23 20:24:07 UTC 2026,1784838247,0,0.25
Thu Jul 23 20:26:01 UTC 2026,1784838361,0,0.24
Thu Jul 23 20:26:05 UTC 2026,1784838365,0,0.3
Thu Jul 23 20:27:32 UTC 2026,1784838452,0,0.25
Thu Jul 23 20:27:50 UTC 2026,1784838470,0,0.3
Thu Jul 23 20:29:03 UTC 2026,1784838543,0,0.28
Thu Jul 23 20:29:48 UTC 2026,1784838588,0,0.25
Thu Jul 23 20:30:38 UTC 2026,1784838638,0,0.24
Thu Jul 23 20:31:32 UTC 2026,1784838692,0,0.29
Thu Jul 23 20:32:36 UTC 2026,1784838756,0,0.24
Thu Jul 23 20:32:49 UTC 2026,1784838769,0,0.29
Thu Jul 23 20:34:25 UTC 2026,1784838865,0,0.22
Thu Jul 23 20:35:10 UTC 2026,1784838910,0,0.27
Thu Jul 23 20:35:55 UTC 2026,1784838955,0,0.29
Thu Jul 23 20:36:14 UTC 2026,1784838974,0,0.25
Thu Jul 23 20:37:16 UTC 2026,1784839036,0,0.24
Thu Jul 23 20:37:30 UTC 2026,1784839050,0,0.28
Thu Jul 23 20:38:43 UTC 2026,1784839123,0,0.24
Thu Jul 23 20:39:38 UTC 2026,1784839178,0,0.29
Thu Jul 23 20:41:12 UTC 2026,1784839272,0,0.25
Thu Jul 23 20:42:17 UTC 2026,1784839337,0,0.29
Thu Jul 23 20:45:13 UTC 2026,1784839513,0,0.24
Thu Jul 23 20:45:27 UTC 2026,1784839527,0,0.25
Thu Jul 23 20:45:46 UTC 2026,1784839546,0,0.32
Thu Jul 23 20:47:02 UTC 2026,1784839622,0,0.25
Thu Jul 23 20:48:23 UTC 2026,1784839703,0,0.3
Thu Jul 23 20:49:03 UTC 2026,1784839743,0,0.25
Thu Jul 23 20:49:09 UTC 2026,1784839749,0,0.28
Thu Jul 23 20:51:11 UTC 2026,1784839871,0,0.24
Thu Jul 23 20:51:43 UTC 2026,1784839903,0,0.29
Thu Jul 23 20:52:24 UTC 2026,1784839944,0,0.22
Thu Jul 23 20:53:18 UTC 2026,1784839998,0,0.29
Thu Jul 23 20:53:50 UTC 2026,1784840030,0,0.25
Thu Jul 23 20:54:53 UTC 2026,1784840093,0,0.29
Thu Jul 23 20:56:24 UTC 2026,1784840184,0,0.3
Thu Jul 23 20:56:47 UTC 2026,1784840207,0,0.23
Thu Jul 23 20:57:14 UTC 2026,1784840234,0,0.24
Thu Jul 23 20:58:14 UTC 2026,1784840294,0,0.29
Thu Jul 23 20:58:35 UTC 2026,1784840315,0,0.25
Thu Jul 23 20:59:12 UTC 2026,1784840352,0,0.3
Thu Jul 23 21:00:20 UTC 2026,1784840420,0,0.25
Thu Jul 23 21:00:33 UTC 2026,1784840433,0,0.29
Thu Jul 23 21:02:58 UTC 2026,1784840578,0,0.25
Thu Jul 23 21:03:21 UTC 2026,1784840601,0,0.29
Thu Jul 23 21:03:30 UTC 2026,1784840610,0,0.25
Thu Jul 23 21:04:42 UTC 2026,1784840682,0,0.29
Thu Jul 23 21:05:33 UTC 2026,1784840733,0,0.25
Thu Jul 23 21:06:22 UTC 2026,1784840782,0,0.29
Thu Jul 23 21:07:48 UTC 2026,1784840868,0,0.23
Thu Jul 23 21:07:54 UTC 2026,1784840874,0,0.3
Thu Jul 23 21:08:53 UTC 2026,1784840933,0,0.23
Thu Jul 23 21:09:01 UTC 2026,1784840941,0,0.29
Thu Jul 23 21:10:09 UTC 2026,1784841009,0,0.28
Thu Jul 23 21:10:32 UTC 2026,1784841032,0,0.22
Thu Jul 23 21:11:53 UTC 2026,1784841113,0,0.24
Thu Jul 23 21:13:15 UTC 2026,1784841195,0,0.29
Thu Jul 23 21:13:38 UTC 2026,1784841218,0,0.24
Thu Jul 23 21:13:43 UTC 2026,1784841223,0,0.28
Thu Jul 23 21:15:32 UTC 2026,1784841332,0,0.29
Thu Jul 23 21:16:02 UTC 2026,1784841362,0,0.23
Thu Jul 23 21:17:39 UTC 2026,1784841459,0,0.24
Thu Jul 23 21:17:43 UTC 2026,1784841463,0,0.3
Thu Jul 23 21:18:23 UTC 2026,1784841503,0,0.24
Thu Jul 23 21:18:27 UTC 2026,1784841507,0,0.27
Thu Jul 23 21:20:48 UTC 2026,1784841648,0,0.24
Thu Jul 23 21:21:24 UTC 2026,1784841684,0,0.28
Thu Jul 23 21:22:22 UTC 2026,1784841742,0,0.3
Thu Jul 23 21:22:50 UTC 2026,1784841770,0,0.23
Thu Jul 23 21:24:30 UTC 2026,1784841870,0,0.29
Thu Jul 23 21:25:06 UTC 2026,1784841906,0,0.24
Thu Jul 23 21:25:30 UTC 2026,1784841930,0,0.28
Thu Jul 23 21:26:59 UTC 2026,1784842019,0,0.27
Thu Jul 23 21:27:08 UTC 2026,1784842028,0,0.24
Thu Jul 23 21:28:35 UTC 2026,1784842115,0,0.2
Thu Jul 23 21:29:34 UTC 2026,1784842174,0,0.27
Thu Jul 23 21:30:10 UTC 2026,1784842210,0,0.29
Thu Jul 23 21:30:15 UTC 2026,1784842215,0,0.23
Thu Jul 23 21:31:41 UTC 2026,1784842301,0,0.27
Thu Jul 23 21:31:59 UTC 2026,1784842319,0,0.23
Thu Jul 23 21:33:11 UTC 2026,1784842391,0,0.26
Thu Jul 23 21:33:35 UTC 2026,1784842415,0,0.22
Thu Jul 23 21:35:09 UTC 2026,1784842509,0,0.28
Thu Jul 23 21:35:13 UTC 2026,1784842513,0,0.23
Thu Jul 23 21:37:16 UTC 2026,1784842636,0,0.27
Thu Jul 23 21:37:44 UTC 2026,1784842664,0,0.22
Thu Jul 23 21:38:33 UTC 2026,1784842713,0,0.27
Thu Jul 23 21:39:45 UTC 2026,1784842785,0,0.22
Thu Jul 23 21:40:49 UTC 2026,1784842849,0,0.27
Thu Jul 23 21:41:30 UTC 2026,1784842890,0,0.23
Thu Jul 23 21:41:43 UTC 2026,1784842903,0,0.28
Thu Jul 23 21:43:04 UTC 2026,1784842984,0,0.25
Thu Jul 23 21:44:09 UTC 2026,1784843049,0,0.22
Thu Jul 23 21:45:12 UTC 2026,1784843112,0,0.27
Thu Jul 23 21:45:22 UTC 2026,1784843122,0,0.22
Thu Jul 23 21:46:56 UTC 2026,1784843216,0,0.18
Thu Jul 23 21:47:29 UTC 2026,1784843249,0,0.29
Thu Jul 23 21:48:14 UTC 2026,1784843294,0,0.27
Thu Jul 23 21:48:18 UTC 2026,1784843298,0,0.22
Thu Jul 23 21:49:52 UTC 2026,1784843392,0,0.23
Thu Jul 23 21:50:16 UTC 2026,1784843416,0,0.28
Thu Jul 23 21:51:19 UTC 2026,1784843479,0,0.26
Thu Jul 23 21:51:32 UTC 2026,1784843492,0,0.21
Thu Jul 23 21:53:48 UTC 2026,1784843628,0,0.22
Thu Jul 23 21:54:21 UTC 2026,1784843661,0,0.28
Thu Jul 23 21:54:42 UTC 2026,1784843682,0,0.27
Thu Jul 23 21:55:01 UTC 2026,1784843701,0,0.23
Thu Jul 23 21:57:17 UTC 2026,1784843837,0,0.28
Thu Jul 23 21:58:30 UTC 2026,1784843910,0,0.27
Thu Jul 23 21:58:34 UTC 2026,1784843914,0,0.23
Thu Jul 23 21:59:37 UTC 2026,1784843977,0,0.29
Thu Jul 23 22:00:01 UTC 2026,1784844001,0,0.24
Thu Jul 23 22:01:31 UTC 2026,1784844091,0,0.29
Thu Jul 23 22:02:49 UTC 2026,1784844169,0,0.23
Thu Jul 23 22:03:16 UTC 2026,1784844196,0,0.28
Thu Jul 23 22:03:30 UTC 2026,1784844210,0,0.23
Thu Jul 23 22:04:51 UTC 2026,1784844291,0,0.21
Thu Jul 23 22:05:58 UTC 2026,1784844358,0,0.28
Thu Jul 23 22:07:25 UTC 2026,1784844445,0,0.23
Thu Jul 23 22:07:39 UTC 2026,1784844459,0,0.29
Thu Jul 23 22:08:37 UTC 2026,1784844517,0,0.24
Thu Jul 23 22:09:10 UTC 2026,1784844550,0,0.29
Thu Jul 23 22:10:04 UTC 2026,1784844604,0,0.24
Thu Jul 23 22:11:53 UTC 2026,1784844713,0,0.29
Thu Jul 23 22:12:56 UTC 2026,1784844776,0,0.25
Thu Jul 23 22:14:41 UTC 2026,1784844881,0,0.29
Thu Jul 23 22:15:44 UTC 2026,1784844944,0,0.24
Thu Jul 23 22:17:01 UTC 2026,1784845021,0,0.31
Thu Jul 23 22:17:50 UTC 2026,1784845070,0,0.3
Thu Jul 23 22:18:14 UTC 2026,1784845094,0,0.26
Thu Jul 23 22:19:57 UTC 2026,1784845197,0,0.24
Thu Jul 23 22:20:03 UTC 2026,1784845203,0,0.29
Thu Jul 23 22:21:56 UTC 2026,1784845316,0,0.3
Thu Jul 23 22:22:32 UTC 2026,1784845352,0,0.24
Thu Jul 23 22:22:55 UTC 2026,1784845375,0,0.23
Thu Jul 23 22:23:49 UTC 2026,1784845429,0,0.29
Thu Jul 23 22:24:39 UTC 2026,1784845479,0,0.26
Thu Jul 23 22:27:27 UTC 2026,1784845647,0,0.25
Thu Jul 23 22:27:31 UTC 2026,1784845651,0,0.31
Thu Jul 23 22:27:41 UTC 2026,1784845661,0,0.32
Thu Jul 23 22:27:54 UTC 2026,1784845674,0,0.25
Thu Jul 23 22:29:19 UTC 2026,1784845759,0,0.3
Thu Jul 23 22:29:52 UTC 2026,1784845792,0,0.26
Thu Jul 23 22:30:59 UTC 2026,1784845859,0,0.27
Thu Jul 23 22:32:03 UTC 2026,1784845923,0,0.3
Thu Jul 23 22:32:52 UTC 2026,1784845972,0,0.25
Thu Jul 23 22:34:06 UTC 2026,1784846046,0,0.3
Thu Jul 23 22:35:40 UTC 2026,1784846140,0,0.26
Thu Jul 23 22:35:49 UTC 2026,1784846149,0,0.31
Thu Jul 23 22:35:59 UTC 2026,1784846159,0,0.3
Thu Jul 23 22:36:08 UTC 2026,1784846168,0,0.27
Thu Jul 23 22:37:52 UTC 2026,1784846272,0,0.31
Thu Jul 23 22:38:37 UTC 2026,1784846317,0,0.26
Thu Jul 23 22:39:45 UTC 2026,1784846385,0,0.27
Thu Jul 23 22:39:58 UTC 2026,1784846398,0,0.32
Thu Jul 23 22:41:03 UTC 2026,1784846463,0,0.23
Thu Jul 23 22:41:57 UTC 2026,1784846517,0,0.3
Thu Jul 23 22:42:47 UTC 2026,1784846567,0,0.26
Thu Jul 23 22:43:18 UTC 2026,1784846598,0,0.3
Thu Jul 23 22:44:08 UTC 2026,1784846648,0,0.26
Thu Jul 23 22:44:53 UTC 2026,1784846693,0,0.3
Thu Jul 23 22:46:15 UTC 2026,1784846775,0,0.27
Thu Jul 23 22:47:19 UTC 2026,1784846839,0,0.3
Thu Jul 23 22:47:46 UTC 2026,1784846866,0,0.27
Thu Jul 23 22:48:21 UTC 2026,1784846901,0,0.3
Thu Jul 23 22:49:30 UTC 2026,1784846970,0,0.31
Thu Jul 23 22:49:48 UTC 2026,1784846988,0,0.27
Thu Jul 23 22:51:29 UTC 2026,1784847089,0,0.3
Thu Jul 23 22:53:03 UTC 2026,1784847183,0,0.25
Thu Jul 23 22:53:17 UTC 2026,1784847197,0,0.3
Thu Jul 23 22:54:34 UTC 2026,1784847274,0,0.26
Thu Jul 23 22:54:48 UTC 2026,1784847288,0,0.3
Thu Jul 23 22:56:27 UTC 2026,1784847387,0,0.25
Thu Jul 23 22:57:59 UTC 2026,1784847479,0,0.3
Thu Jul 23 22:58:47 UTC 2026,1784847527,0,0.24
Thu Jul 23 22:59:06 UTC 2026,1784847546,0,0.23
Thu Jul 23 23:00:00 UTC 2026,1784847600,0,0.29
Thu Jul 23 23:01:18 UTC 2026,1784847678,0,0.26
Thu Jul 23 23:01:22 UTC 2026,1784847682,0,0.29
Thu Jul 23 23:02:30 UTC 2026,1784847750,0,0.3
Thu Jul 23 23:02:43 UTC 2026,1784847763,0,0.26
Thu Jul 23 23:04:05 UTC 2026,1784847845,0,0.29
Thu Jul 23 23:06:04 UTC 2026,1784847964,0,0.25
Thu Jul 23 23:06:17 UTC 2026,1784847977,0,0.29
Thu Jul 23 23:08:15 UTC 2026,1784848095,0,0.25
Thu Jul 23 23:09:23 UTC 2026,1784848163,0,0.29
Thu Jul 23 23:11:34 UTC 2026,1784848294,0,0.25
Thu Jul 23 23:11:48 UTC 2026,1784848308,0,0.29
Thu Jul 23 23:12:11 UTC 2026,1784848331,0,0.25
Thu Jul 23 23:12:24 UTC 2026,1784848344,0,0.29
Thu Jul 23 23:13:55 UTC 2026,1784848435,0,0.25
Thu Jul 23 23:13:59 UTC 2026,1784848439,0,0.3
Thu Jul 23 23:16:06 UTC 2026,1784848566,0,0.28
Thu Jul 23 23:16:57 UTC 2026,1784848617,0,0.22
Thu Jul 23 23:17:15 UTC 2026,1784848635,0,0.21
Thu Jul 23 23:18:04 UTC 2026,1784848684,0,0.29
Thu Jul 23 23:19:21 UTC 2026,1784848761,0,0.25
Thu Jul 23 23:20:43 UTC 2026,1784848843,0,0.29
Thu Jul 23 23:21:24 UTC 2026,1784848884,0,0.24
Thu Jul 23 23:22:28 UTC 2026,1784848948,0,0.29
Thu Jul 23 23:22:36 UTC 2026,1784848956,0,0.24
Thu Jul 23 23:23:44 UTC 2026,1784849024,0,0.29
Thu Jul 23 23:23:48 UTC 2026,1784849028,0,0.25
Thu Jul 23 23:25:24 UTC 2026,1784849124,0,0.24
Thu Jul 23 23:25:46 UTC 2026,1784849146,0,0.28
Thu Jul 23 23:26:45 UTC 2026,1784849205,0,0.26
Thu Jul 23 23:26:50 UTC 2026,1784849210,0,0.27
Thu Jul 23 23:26:58 UTC 2026,1784849218,0,0.26
Thu Jul 23 23:27:49 UTC 2026,1784849269,0,0.29
Thu Jul 23 23:27:58 UTC 2026,1784849278,0,0.23
Thu Jul 23 23:28:48 UTC 2026,1784849328,0,0.29
Thu Jul 23 23:29:29 UTC 2026,1784849369,0,0.22
Thu Jul 23 23:30:46 UTC 2026,1784849446,0,0.23
Thu Jul 23 23:31:45 UTC 2026,1784849505,0,0.29
Thu Jul 23 23:31:59 UTC 2026,1784849519,0,0.28
Thu Jul 23 23:32:26 UTC 2026,1784849546,0,0.23
Thu Jul 23 23:33:52 UTC 2026,1784849632,0,0.27
Thu Jul 23 23:35:09 UTC 2026,1784849709,0,0.21
Thu Jul 23 23:35:18 UTC 2026,1784849718,0,0.2
Thu Jul 23 23:36:16 UTC 2026,1784849776,0,0.28
Thu Jul 23 23:37:03 UTC 2026,1784849823,0,0.23
Thu Jul 23 23:37:16 UTC 2026,1784849836,0,0.27
Thu Jul 23 23:39:32 UTC 2026,1784849972,0,0.22
Thu Jul 23 23:40:17 UTC 2026,1784850017,0,0.27
Thu Jul 23 23:41:12 UTC 2026,1784850072,0,0.23
Thu Jul 23 23:42:42 UTC 2026,1784850162,0,0.22
Thu Jul 23 23:43:24 UTC 2026,1784850204,0,0.29
Thu Jul 23 23:43:46 UTC 2026,1784850226,0,0.26
Thu Jul 23 23:44:18 UTC 2026,1784850258,0,0.23
Thu Jul 23 23:45:43 UTC 2026,1784850343,0,0.27
Thu Jul 23 23:45:56 UTC 2026,1784850356,0,0.22
Thu Jul 23 23:46:48 UTC 2026,1784850408,0,0.25
Thu Jul 23 23:47:29 UTC 2026,1784850449,0,0.22
Thu Jul 23 23:48:40 UTC 2026,1784850520,0,0.26
Thu Jul 23 23:49:39 UTC 2026,1784850579,0,0.21
Thu Jul 23 23:51:42 UTC 2026,1784850702,0,0.25
Thu Jul 23 23:53:08 UTC 2026,1784850788,0,0.16
Thu Jul 23 23:53:26 UTC 2026,1784850806,0,0.17
Thu Jul 23 23:54:07 UTC 2026,1784850847,0,0.25
Thu Jul 23 23:55:06 UTC 2026,1784850906,0,0.24
Thu Jul 23 23:55:37 UTC 2026,1784850937,0,0.21
Thu Jul 23 23:57:09 UTC 2026,1784851029,0,0.25
Thu Jul 23 23:58:25 UTC 2026,1784851105,0,0.27
Thu Jul 23 23:58:48 UTC 2026,1784851128,0,0.2
Fri Jul 24 00:00:46 UTC 2026,1784851246,0,0.18
Fri Jul 24 00:00:59 UTC 2026,1784851259,0,0.24
Fri Jul 24 00:01:49 UTC 2026,1784851309,0,0.25
Fri Jul 24 00:01:53 UTC 2026,1784851313,0,0.19
Fri Jul 24 00:03:56 UTC 2026,1784851436,0,0.25
Fri Jul 24 00:05:00 UTC 2026,1784851500,0,0.19
Fri Jul 24 00:05:08 UTC 2026,1784851508,0,0.23
Fri Jul 24 00:07:07 UTC 2026,1784851627,0,0.24
Fri Jul 24 00:08:10 UTC 2026,1784851690,0,0.19
Fri Jul 24 00:08:16 UTC 2026,1784851696,0,0.22
Fri Jul 24 00:09:05 UTC 2026,1784851745,0,0.18
Fri Jul 24 00:10:27 UTC 2026,1784851827,0,0.25
Fri Jul 24 00:11:25 UTC 2026,1784851885,0,0.16
Fri Jul 24 00:12:15 UTC 2026,1784851935,0,0.17
Fri Jul 24 00:12:42 UTC 2026,1784851962,0,0.22
Fri Jul 24 00:13:14 UTC 2026,1784851994,0,0.18
Fri Jul 24 00:13:46 UTC 2026,1784852026,0,0.22
Fri Jul 24 00:15:07 UTC 2026,1784852107,0,0.18
Fri Jul 24 00:16:20 UTC 2026,1784852180,0,0.22
Fri Jul 24 00:17:55 UTC 2026,1784852275,0,0.17
Fri Jul 24 00:18:50 UTC 2026,1784852330,0,0.15
Fri Jul 24 00:19:16 UTC 2026,1784852356,0,0.24
Fri Jul 24 00:20:16 UTC 2026,1784852416,0,0.21
Fri Jul 24 00:20:37 UTC 2026,1784852437,0,0.17
Fri Jul 24 00:21:29 UTC 2026,1784852489,0,0.21
Fri Jul 24 00:23:04 UTC 2026,1784852584,0,0.15
Fri Jul 24 00:24:02 UTC 2026,1784852642,0,0.23
Fri Jul 24 00:25:28 UTC 2026,1784852728,0,0.21
Fri Jul 24 00:25:43 UTC 2026,1784852743,0,0.16
Fri Jul 24 00:26:32 UTC 2026,1784852792,0,0.2
Fri Jul 24 00:27:00 UTC 2026,1784852820,0,0.15
Fri Jul 24 00:28:48 UTC 2026,1784852928,0,0.2
Fri Jul 24 00:29:24 UTC 2026,1784852964,0,0.11
Fri Jul 24 00:29:48 UTC 2026,1784852988,0,0.21
Fri Jul 24 00:30:09 UTC 2026,1784853009,0,0.12
Fri Jul 24 00:31:54 UTC 2026,1784853114,0,0.21
Fri Jul 24 00:31:58 UTC 2026,1784853118,0,0.1
Fri Jul 24 00:33:30 UTC 2026,1784853210,0,0.19
Fri Jul 24 00:34:05 UTC 2026,1784853245,0,0.12
Fri Jul 24 00:34:51 UTC 2026,1784853291,0,0.2
Fri Jul 24 00:35:32 UTC 2026,1784853332,0,0.13
Fri Jul 24 00:36:30 UTC 2026,1784853390,0,0.14
Fri Jul 24 00:36:34 UTC 2026,1784853394,0,0.19
Fri Jul 24 00:38:10 UTC 2026,1784853490,0,0.13
Fri Jul 24 00:38:24 UTC 2026,1784853504,0,0.19
Fri Jul 24 00:39:45 UTC 2026,1784853585,0,0.18
Fri Jul 24 00:41:02 UTC 2026,1784853662,0,0.11
Fri Jul 24 00:41:25 UTC 2026,1784853685,0,0.18
Fri Jul 24 00:42:16 UTC 2026,1784853736,0,0.12
Fri Jul 24 00:44:17 UTC 2026,1784853857,0,0.19
Fri Jul 24 00:44:36 UTC 2026,1784853876,0,0.17
Fri Jul 24 00:44:49 UTC 2026,1784853889,0,0.11
Fri Jul 24 00:47:14 UTC 2026,1784854034,0,0.17
Fri Jul 24 00:47:32 UTC 2026,1784854052,0,0.08
Fri Jul 24 00:48:04 UTC 2026,1784854084,0,0.1
Fri Jul 24 00:48:26 UTC 2026,1784854106,0,0.18
Fri Jul 24 00:50:28 UTC 2026,1784854228,0,0.11
Fri Jul 24 00:52:32 UTC 2026,1784854352,0,0.1
Fri Jul 24 00:52:46 UTC 2026,1784854366,0,0.18
Fri Jul 24 00:52:50 UTC 2026,1784854370,0,0.16
Fri Jul 24 00:54:24 UTC 2026,1784854464,0,0.08
Fri Jul 24 00:54:33 UTC 2026,1784854473,0,0.09
Fri Jul 24 00:54:57 UTC 2026,1784854497,0,0.16
Fri Jul 24 00:56:23 UTC 2026,1784854583,0,0.1
Fri Jul 24 00:56:32 UTC 2026,1784854592,0,0.15
Fri Jul 24 00:57:58 UTC 2026,1784854678,0,0.09
Fri Jul 24 00:58:29 UTC 2026,1784854709,0,0.16
Fri Jul 24 01:00:05 UTC 2026,1784854805,0,0.17
Fri Jul 24 01:00:23 UTC 2026,1784854823,0,0.06
Fri Jul 24 01:01:17 UTC 2026,1784854877,0,0.15
Fri Jul 24 01:02:15 UTC 2026,1784854935,0,0.06
Fri Jul 24 01:02:56 UTC 2026,1784854976,0,0.1
Fri Jul 24 01:03:10 UTC 2026,1784854990,0,0.15
Fri Jul 24 01:05:36 UTC 2026,1784855136,0,0.07
Fri Jul 24 01:06:03 UTC 2026,1784855163,0,0.06
Fri Jul 24 01:06:17 UTC 2026,1784855177,0,0.14
Fri Jul 24 01:07:43 UTC 2026,1784855263,0,0.08
Fri Jul 24 01:08:05 UTC 2026,1784855285,0,0.14
Fri Jul 24 01:09:36 UTC 2026,1784855376,0,0.15
Fri Jul 24 01:09:59 UTC 2026,1784855399,0,0.07
Fri Jul 24 01:10:57 UTC 2026,1784855457,0,0.1
Fri Jul 24 01:11:34 UTC 2026,1784855494,0,0.15
Fri Jul 24 01:13:41 UTC 2026,1784855621,0,0.09
Fri Jul 24 01:14:57 UTC 2026,1784855697,0,0.08
Fri Jul 24 01:15:06 UTC 2026,1784855706,0,0.14
Fri Jul 24 01:15:56 UTC 2026,1784855756,0,0.13
Fri Jul 24 01:16:24 UTC 2026,1784855784,0,0.08
Fri Jul 24 01:17:50 UTC 2026,1784855870,0,0.06
Fri Jul 24 01:17:58 UTC 2026,1784855878,0,0.15
Fri Jul 24 01:20:25 UTC 2026,1784856025,0,0.14
Fri Jul 24 01:20:29 UTC 2026,1784856029,0,0.04
Fri Jul 24 01:20:55 UTC 2026,1784856055,0,0.07
Fri Jul 24 01:20:59 UTC 2026,1784856059,0,0.12
Fri Jul 24 01:23:21 UTC 2026,1784856201,0,0.02
Fri Jul 24 01:24:14 UTC 2026,1784856254,0,0.05
Fri Jul 24 01:24:55 UTC 2026,1784856295,0,0.12
Fri Jul 24 01:25:55 UTC 2026,1784856355,0,0.06
Fri Jul 24 01:26:12 UTC 2026,1784856372,0,0.12
Fri Jul 24 01:28:29 UTC 2026,1784856509,0,0.05
Fri Jul 24 01:30:09 UTC 2026,1784856609,0,0.12
Fri Jul 24 01:30:26 UTC 2026,1784856626,0,0.05
Fri Jul 24 01:31:04 UTC 2026,1784856664,0,0.04
Fri Jul 24 01:31:25 UTC 2026,1784856685,0,0.12
Fri Jul 24 01:32:52 UTC 2026,1784856772,0,0.06
Fri Jul 24 01:32:57 UTC 2026,1784856777,0,0.11
Fri Jul 24 01:34:27 UTC 2026,1784856867,0,0.1
Fri Jul 24 01:34:54 UTC 2026,1784856894,0,0.05
Fri Jul 24 01:36:21 UTC 2026,1784856981,0,0.12
Fri Jul 24 01:38:13 UTC 2026,1784857093,0,0.01
Fri Jul 24 01:38:50 UTC 2026,1784857130,0,0.11
Fri Jul 24 01:40:07 UTC 2026,1784857207,0,0.04
Fri Jul 24 01:40:48 UTC 2026,1784857248,0,0.1
Fri Jul 24 01:40:57 UTC 2026,1784857257,0,0.04
Fri Jul 24 01:42:18 UTC 2026,1784857338,0,0.02
Fri Jul 24 01:43:45 UTC 2026,1784857425,0,0.11
Fri Jul 24 01:44:53 UTC 2026,1784857493,0,0.0
Fri Jul 24 01:46:28 UTC 2026,1784857588,0,0.03
Fri Jul 24 01:46:51 UTC 2026,1784857611,0,0.11
Fri Jul 24 01:47:32 UTC 2026,1784857652,0,0.02
Fri Jul 24 01:47:41 UTC 2026,1784857661,0,0.1
Fri Jul 24 01:49:24 UTC 2026,1784857764,0,0.02
Fri Jul 24 01:50:24 UTC 2026,1784857824,0,0.11
Fri Jul 24 01:50:42 UTC 2026,1784857842,0,0.01
Fri Jul 24 01:51:09 UTC 2026,1784857869,0,0.1
Fri Jul 24 01:53:33 UTC 2026,1784858013,0,0.02
Fri Jul 24 01:55:13 UTC 2026,1784858113,0,0.1
Fri Jul 24 01:56:48 UTC 2026,1784858208,0,0.01
Fri Jul 24 01:57:01 UTC 2026,1784858221,0,0.09
Fri Jul 24 01:57:29 UTC 2026,1784858249,0,0.0
Fri Jul 24 01:58:38 UTC 2026,1784858318,0,0.09
Fri Jul 24 01:59:14 UTC 2026,1784858354,0,0.1
Fri Jul 24 02:00:12 UTC 2026,1784858412,0,-0.03
Fri Jul 24 02:00:49 UTC 2026,1784858449,0,0.09
Fri Jul 24 02:01:57 UTC 2026,1784858517,0,-0.01
Fri Jul 24 02:02:16 UTC 2026,1784858536,0,0.07
Fri Jul 24 02:03:37 UTC 2026,1784858617,0,0.0
Fri Jul 24 02:04:35 UTC 2026,1784858675,0,0.08
Fri Jul 24 02:04:45 UTC 2026,1784858685,0,0.0
Fri Jul 24 02:06:52 UTC 2026,1784858812,0,0.08
Fri Jul 24 02:07:37 UTC 2026,1784858857,0,-0.01
Fri Jul 24 02:08:14 UTC 2026,1784858894,0,0.09
Fri Jul 24 02:09:08 UTC 2026,1784858948,0,-0.01
Fri Jul 24 02:09:35 UTC 2026,1784858975,0,0.07
Fri Jul 24 02:10:25 UTC 2026,1784859025,0,-0.03
Fri Jul 24 02:11:42 UTC 2026,1784859102,0,0.07
Fri Jul 24 02:12:54 UTC 2026,1784859174,0,0.0
Fri Jul 24 02:13:22 UTC 2026,1784859202,0,0.08
Fri Jul 24 02:14:44 UTC 2026,1784859284,0,-0.01
Fri Jul 24 02:15:56 UTC 2026,1784859356,0,-0.03
Fri Jul 24 02:16:09 UTC 2026,1784859369,0,0.06
Fri Jul 24 02:17:08 UTC 2026,1784859428,0,0.05
Fri Jul 24 02:17:59 UTC 2026,1784859479,0,-0.04
Fri Jul 24 02:19:06 UTC 2026,1784859546,0,-0.02
Fri Jul 24 02:19:51 UTC 2026,1784859591,0,0.05
Fri Jul 24 02:21:41 UTC 2026,1784859701,0,-0.01
Fri Jul 24 02:21:58 UTC 2026,1784859718,0,-0.03
Fri Jul 24 02:23:02 UTC 2026,1784859782,0,0.06
Fri Jul 24 02:23:38 UTC 2026,1784859818,0,-0.03
Fri Jul 24 02:24:24 UTC 2026,1784859864,0,0.06
Fri Jul 24 02:25:13 UTC 2026,1784859913,0,-0.03
Fri Jul 24 02:25:18 UTC 2026,1784859918,0,0.05
Fri Jul 24 02:27:16 UTC 2026,1784860036,0,0.07
Fri Jul 24 02:28:06 UTC 2026,1784860086,0,-0.09
Fri Jul 24 02:29:05 UTC 2026,1784860145,0,0.06
Fri Jul 24 02:29:14 UTC 2026,1784860154,0,-0.07
Fri Jul 24 02:30:53 UTC 2026,1784860253,0,0.04
Fri Jul 24 02:30:57 UTC 2026,1784860257,0,-0.04
Fri Jul 24 02:32:06 UTC 2026,1784860326,0,0.06
Fri Jul 24 02:33:09 UTC 2026,1784860389,0,-0.08
Fri Jul 24 02:33:46 UTC 2026,1784860426,0,0.05
Fri Jul 24 02:34:54 UTC 2026,1784860494,0,-0.08
Fri Jul 24 02:35:21 UTC 2026,1784860521,0,0.06
Fri Jul 24 02:36:02 UTC 2026,1784860562,0,-0.07
Fri Jul 24 02:36:57 UTC 2026,1784860617,0,-0.06
Fri Jul 24 02:37:01 UTC 2026,1784860621,0,0.08
Fri Jul 24 02:38:26 UTC 2026,1784860706,0,-0.07
Fri Jul 24 02:39:20 UTC 2026,1784860760,0,0.04
Fri Jul 24 02:40:12 UTC 2026,1784860812,0,-0.07
Fri Jul 24 02:41:23 UTC 2026,1784860883,0,0.03
Fri Jul 24 02:42:27 UTC 2026,1784860947,0,-0.07
Fri Jul 24 02:42:49 UTC 2026,1784860969,0,0.07
Fri Jul 24 02:43:25 UTC 2026,1784861005,0,-0.07
Fri Jul 24 02:43:49 UTC 2026,1784861029,0,0.04
Fri Jul 24 02:45:19 UTC 2026,1784861119,0,0.01
Fri Jul 24 02:46:00 UTC 2026,1784861160,0,-0.07
Fri Jul 24 02:46:50 UTC 2026,1784861210,0,0.0
Fri Jul 24 02:48:30 UTC 2026,1784861310,0,0.03
Fri Jul 24 02:49:42 UTC 2026,1784861382,0,-0.08
Fri Jul 24 02:50:18 UTC 2026,1784861418,0,0.03
Fri Jul 24 02:51:21 UTC 2026,1784861481,0,-0.08
Fri Jul 24 02:52:21 UTC 2026,1784861541,0,0.03
Fri Jul 24 02:52:57 UTC 2026,1784861577,0,-0.08
Fri Jul 24 02:53:25 UTC 2026,1784861605,0,-0.01
Fri Jul 24 02:54:05 UTC 2026,1784861645,0,-0.11
Fri Jul 24 02:54:59 UTC 2026,1784861699,0,0.0
Fri Jul 24 02:56:22 UTC 2026,1784861782,0,-0.08
Fri Jul 24 02:56:53 UTC 2026,1784861813,0,0.01
Fri Jul 24 02:57:11 UTC 2026,1784861831,0,-0.1
Fri Jul 24 02:58:28 UTC 2026,1784861908,0,0.02
Fri Jul 24 02:59:27 UTC 2026,1784861967,0,-0.17
Fri Jul 24 03:00:12 UTC 2026,1784862012,0,-0.13
Fri Jul 24 03:00:39 UTC 2026,1784862039,0,0.02
Fri Jul 24 03:01:33 UTC 2026,1784862093,0,-0.1
Fri Jul 24 03:01:47 UTC 2026,1784862107,0,0.05
Fri Jul 24 03:03:19 UTC 2026,1784862199,0,0.0
Fri Jul 24 03:04:40 UTC 2026,1784862280,0,-0.11
Fri Jul 24 03:05:38 UTC 2026,1784862338,0,0.0
Fri Jul 24 03:06:06 UTC 2026,1784862366,0,-0.09
Fri Jul 24 03:07:09 UTC 2026,1784862429,0,-0.02
Fri Jul 24 03:07:50 UTC 2026,1784862470,0,-0.11
Fri Jul 24 03:09:07 UTC 2026,1784862547,0,-0.13
Fri Jul 24 03:09:38 UTC 2026,1784862578,0,0.01
Fri Jul 24 03:09:48 UTC 2026,1784862588,0,-0.08
Fri Jul 24 03:10:02 UTC 2026,1784862602,0,-0.02
Fri Jul 24 03:11:32 UTC 2026,1784862692,0,0.04
Fri Jul 24 03:11:55 UTC 2026,1784862715,0,-0.11
Fri Jul 24 03:13:07 UTC 2026,1784862787,0,-0.07
Fri Jul 24 03:14:07 UTC 2026,1784862847,0,0.0
Fri Jul 24 03:15:37 UTC 2026,1784862937,0,0.01
Fri Jul 24 03:16:18 UTC 2026,1784862978,0,-0.09
Fri Jul 24 03:16:45 UTC 2026,1784863005,0,0.02
Fri Jul 24 03:16:55 UTC 2026,1784863015,0,-0.08
Fri Jul 24 03:18:24 UTC 2026,1784863104,0,-0.07
Fri Jul 24 03:19:19 UTC 2026,1784863159,0,0.02
Fri Jul 24 03:20:00 UTC 2026,1784863200,0,-0.08
Fri Jul 24 03:20:17 UTC 2026,1784863217,0,0.03
Fri Jul 24 03:22:39 UTC 2026,1784863359,0,-0.12
Fri Jul 24 03:23:20 UTC 2026,1784863400,0,0.03
Fri Jul 24 03:24:06 UTC 2026,1784863446,0,-0.11
Fri Jul 24 03:25:08 UTC 2026,1784863508,0,0.01
Fri Jul 24 03:26:03 UTC 2026,1784863563,0,-0.1
Fri Jul 24 03:26:49 UTC 2026,1784863609,0,-0.03
Fri Jul 24 03:27:02 UTC 2026,1784863622,0,-0.12
Fri Jul 24 03:28:06 UTC 2026,1784863686,0,-0.02
Fri Jul 24 03:29:09 UTC 2026,1784863749,0,-0.08
Fri Jul 24 03:30:04 UTC 2026,1784863804,0,-0.14
Fri Jul 24 03:31:11 UTC 2026,1784863871,0,-0.02
Fri Jul 24 03:32:01 UTC 2026,1784863921,0,-0.13
Fri Jul 24 03:32:24 UTC 2026,1784863944,0,-0.04
Fri Jul 24 03:33:09 UTC 2026,1784863989,0,-0.1
Fri Jul 24 03:35:03 UTC 2026,1784864103,0,-0.03
Fri Jul 24 03:35:39 UTC 2026,1784864139,0,-0.12
Fri Jul 24 03:36:10 UTC 2026,1784864170,0,-0.09
Fri Jul 24 03:36:37 UTC 2026,1784864197,0,-0.06
Fri Jul 24 03:38:35 UTC 2026,1784864315,0,-0.12
Fri Jul 24 03:39:08 UTC 2026,1784864348,0,0.0
Fri Jul 24 03:39:34 UTC 2026,1784864374,0,-0.12
Fri Jul 24 03:39:43 UTC 2026,1784864383,0,0.01
Fri Jul 24 03:41:14 UTC 2026,1784864474,0,-0.12
Fri Jul 24 03:41:46 UTC 2026,1784864506,0,-0.04
Fri Jul 24 03:43:12 UTC 2026,1784864592,0,-0.11
Fri Jul 24 03:43:26 UTC 2026,1784864606,0,-0.03
Fri Jul 24 03:44:43 UTC 2026,1784864683,0,-0.05
Fri Jul 24 03:45:13 UTC 2026,1784864713,0,-0.12
Fri Jul 24 03:46:05 UTC 2026,1784864765,0,-0.05
Fri Jul 24 03:46:54 UTC 2026,1784864814,0,-0.14
Fri Jul 24 03:48:01 UTC 2026,1784864881,0,-0.06
Fri Jul 24 03:48:29 UTC 2026,1784864909,0,-0.16
Fri Jul 24 03:49:47 UTC 2026,1784864987,0,-0.05
Fri Jul 24 03:50:23 UTC 2026,1784865023,0,-0.11
Fri Jul 24 03:51:26 UTC 2026,1784865086,0,-0.05
Fri Jul 24 03:51:40 UTC 2026,1784865100,0,-0.16
Fri Jul 24 03:52:47 UTC 2026,1784865167,0,-0.08
Fri Jul 24 03:53:10 UTC 2026,1784865190,0,-0.14
Fri Jul 24 03:54:18 UTC 2026,1784865258,0,-0.09
Fri Jul 24 03:55:35 UTC 2026,1784865335,0,-0.15
Fri Jul 24 03:56:07 UTC 2026,1784865367,0,-0.14
Fri Jul 24 03:56:43 UTC 2026,1784865403,0,-0.06
Fri Jul 24 03:57:46 UTC 2026,1784865466,0,-0.03
Fri Jul 24 03:57:52 UTC 2026,1784865472,0,-0.15
Fri Jul 24 03:59:35 UTC 2026,1784865575,0,-0.14
Fri Jul 24 03:59:58 UTC 2026,1784865598,0,-0.06
Fri Jul 24 04:01:56 UTC 2026,1784865716,0,-0.17
Fri Jul 24 04:02:15 UTC 2026,1784865735,0,-0.04
Fri Jul 24 04:03:31 UTC 2026,1784865811,0,-0.05
Fri Jul 24 04:03:36 UTC 2026,1784865816,0,-0.14
Fri Jul 24 04:05:20 UTC 2026,1784865920,0,-0.04
Fri Jul 24 04:05:43 UTC 2026,1784865943,0,-0.14
Fri Jul 24 04:06:41 UTC 2026,1784866001,0,-0.22
Fri Jul 24 04:07:18 UTC 2026,1784866038,0,-0.05
Fri Jul 24 04:07:40 UTC 2026,1784866060,0,-0.16
Fri Jul 24 04:08:07 UTC 2026,1784866087,0,-0.02
Fri Jul 24 04:09:25 UTC 2026,1784866165,0,-0.04
Fri Jul 24 04:09:33 UTC 2026,1784866173,0,-0.15
Fri Jul 24 04:11:41 UTC 2026,1784866301,0,-0.03
Fri Jul 24 04:12:26 UTC 2026,1784866346,0,-0.17
Fri Jul 24 04:12:54 UTC 2026,1784866374,0,-0.12
Fri Jul 24 04:12:58 UTC 2026,1784866378,0,-0.04
Fri Jul 24 04:14:10 UTC 2026,1784866450,0,-0.17
Fri Jul 24 04:14:19 UTC 2026,1784866459,0,-0.04
Fri Jul 24 04:15:45 UTC 2026,1784866545,0,-0.06
Fri Jul 24 04:16:04 UTC 2026,1784866564,0,-0.11
Fri Jul 24 04:17:34 UTC 2026,1784866654,0,-0.16
Fri Jul 24 04:18:06 UTC 2026,1784866686,0,-0.04
Fri Jul 24 04:19:09 UTC 2026,1784866749,0,-0.07
Fri Jul 24 04:19:45 UTC 2026,1784866785,0,-0.19
Fri Jul 24 04:21:34 UTC 2026,1784866894,0,-0.05
Fri Jul 24 04:22:07 UTC 2026,1784866927,0,-0.17
Fri Jul 24 04:23:28 UTC 2026,1784867008,0,-0.02
Fri Jul 24 04:23:32 UTC 2026,1784867012,0,-0.13
Fri Jul 24 04:24:27 UTC 2026,1784867067,0,-0.06
Fri Jul 24 04:25:29 UTC 2026,1784867129,0,-0.14
Fri Jul 24 04:25:39 UTC 2026,1784867139,0,-0.01
Fri Jul 24 04:26:02 UTC 2026,1784867162,0,-0.13
Fri Jul 24 04:28:13 UTC 2026,1784867293,0,-0.04
Fri Jul 24 04:30:29 UTC 2026,1784867429,0,-0.15
Fri Jul 24 04:30:43 UTC 2026,1784867443,0,-0.06
Fri Jul 24 04:31:19 UTC 2026,1784867479,0,-0.14
Fri Jul 24 04:33:40 UTC 2026,1784867620,0,-0.06
Fri Jul 24 04:33:44 UTC 2026,1784867624,0,-0.17
Fri Jul 24 04:34:48 UTC 2026,1784867688,0,-0.18
Fri Jul 24 04:34:52 UTC 2026,1784867692,0,-0.05
Fri Jul 24 04:35:42 UTC 2026,1784867742,0,-0.07
Fri Jul 24 04:36:59 UTC 2026,1784867819,0,-0.15
Fri Jul 24 04:37:40 UTC 2026,1784867860,0,-0.03
Fri Jul 24 04:39:11 UTC 2026,1784867951,0,-0.16
Fri Jul 24 04:39:51 UTC 2026,1784867991,0,-0.06
Fri Jul 24 04:41:09 UTC 2026,1784868069,0,-0.05
Fri Jul 24 04:41:13 UTC 2026,1784868073,0,-0.17
Fri Jul 24 04:43:15 UTC 2026,1784868195,0,-0.24
Fri Jul 24 04:43:25 UTC 2026,1784868205,0,-0.07
Fri Jul 24 04:44:28 UTC 2026,1784868268,0,-0.04
Fri Jul 24 04:45:22 UTC 2026,1784868322,0,-0.19
Fri Jul 24 04:46:44 UTC 2026,1784868404,0,-0.17
Fri Jul 24 04:46:53 UTC 2026,1784868413,0,0.0
Fri Jul 24 04:48:34 UTC 2026,1784868514,0,-0.05
Fri Jul 24 04:48:43 UTC 2026,1784868523,0,-0.43
Fri Jul 24 04:49:04 UTC 2026,1784868544,0,-0.29
Fri Jul 24 04:49:18 UTC 2026,1784868558,0,0.0
Fri Jul 24 04:50:31 UTC 2026,1784868631,0,-0.22
Fri Jul 24 04:50:53 UTC 2026,1784868653,0,-0.05
Fri Jul 24 04:52:47 UTC 2026,1784868767,0,-0.16
Fri Jul 24 04:53:33 UTC 2026,1784868813,0,-0.05
Fri Jul 24 04:54:22 UTC 2026,1784868862,0,-0.04
Fri Jul 24 04:55:03 UTC 2026,1784868903,0,-0.18
Fri Jul 24 04:56:21 UTC 2026,1784868981,0,-0.03
Fri Jul 24 04:57:01 UTC 2026,1784869021,0,-0.07
Fri Jul 24 04:57:15 UTC 2026,1784869035,0,-0.15
Fri Jul 24 04:58:55 UTC 2026,1784869135,0,-0.16
Fri Jul 24 04:59:58 UTC 2026,1784869198,0,-0.07
Fri Jul 24 05:00:25 UTC 2026,1784869225,0,-0.12
Fri Jul 24 05:01:15 UTC 2026,1784869275,0,-0.18
Fri Jul 24 05:02:05 UTC 2026,1784869325,0,-0.05
Fri Jul 24 05:03:35 UTC 2026,1784869415,0,-0.19
Fri Jul 24 05:04:12 UTC 2026,1784869452,0,-0.1
Fri Jul 24 05:05:42 UTC 2026,1784869542,0,-0.16
Fri Jul 24 05:05:48 UTC 2026,1784869548,0,-0.09
Fri Jul 24 05:08:08 UTC 2026,1784869688,0,-0.08
Fri Jul 24 05:08:12 UTC 2026,1784869692,0,-0.2
Fri Jul 24 05:08:44 UTC 2026,1784869724,0,-0.17
Fri Jul 24 05:09:16 UTC 2026,1784869756,0,-0.06
Fri Jul 24 05:11:28 UTC 2026,1784869888,0,-0.08
Fri Jul 24 05:11:37 UTC 2026,1784869897,0,-0.18
Fri Jul 24 05:12:45 UTC 2026,1784869965,0,0.0
Fri Jul 24 05:12:49 UTC 2026,1784869969,0,-0.26
Fri Jul 24 05:13:47 UTC 2026,1784870027,0,-0.05
Fri Jul 24 05:13:52 UTC 2026,1784870032,0,-0.22
Fri Jul 24 05:15:14 UTC 2026,1784870114,0,-0.18
Fri Jul 24 05:16:04 UTC 2026,1784870164,0,-0.09
Fri Jul 24 05:16:59 UTC 2026,1784870219,0,-0.19
Fri Jul 24 05:17:21 UTC 2026,1784870241,0,-0.11
Fri Jul 24 05:19:47 UTC 2026,1784870387,0,-0.23
Fri Jul 24 05:20:04 UTC 2026,1784870404,0,-0.1
Fri Jul 24 05:20:13 UTC 2026,1784870413,0,-0.04
Fri Jul 24 05:20:50 UTC 2026,1784870450,0,-0.26
Fri Jul 24 05:22:07 UTC 2026,1784870527,0,-0.23
Fri Jul 24 05:23:01 UTC 2026,1784870581,0,-0.11
Fri Jul 24 05:24:13 UTC 2026,1784870653,0,-0.03
Fri Jul 24 05:24:23 UTC 2026,1784870663,0,-0.25
Fri Jul 24 05:25:03 UTC 2026,1784870703,0,-0.02
Fri Jul 24 05:25:53 UTC 2026,1784870753,0,-0.42
Fri Jul 24 05:26:44 UTC 2026,1784870804,0,-0.11
Fri Jul 24 05:27:01 UTC 2026,1784870821,0,-0.24
Fri Jul 24 05:28:59 UTC 2026,1784870939,0,-0.06
Fri Jul 24 05:29:49 UTC 2026,1784870989,0,-0.23
Fri Jul 24 05:30:02 UTC 2026,1784871002,0,-0.25
Fri Jul 24 05:30:43 UTC 2026,1784871043,0,-0.05
Fri Jul 24 05:32:37 UTC 2026,1784871157,0,-0.07
Fri Jul 24 05:32:55 UTC 2026,1784871175,0,-0.26
Fri Jul 24 05:33:31 UTC 2026,1784871211,0,-0.21
Fri Jul 24 05:33:37 UTC 2026,1784871217,0,-0.07
Fri Jul 24 05:35:33 UTC 2026,1784871333,0,-0.2
Fri Jul 24 05:35:52 UTC 2026,1784871352,0,-0.11
Fri Jul 24 05:36:55 UTC 2026,1784871415,0,-0.27
Fri Jul 24 05:37:46 UTC 2026,1784871466,0,-0.14
Fri Jul 24 05:38:44 UTC 2026,1784871524,0,-0.24
Fri Jul 24 05:38:53 UTC 2026,1784871533,0,-0.09
Fri Jul 24 05:40:59 UTC 2026,1784871659,0,-0.21
Fri Jul 24 05:41:41 UTC 2026,1784871701,0,-0.25
Fri Jul 24 05:42:13 UTC 2026,1784871733,0,-0.13
Fri Jul 24 05:43:43 UTC 2026,1784871823,0,-0.28
Fri Jul 24 05:44:24 UTC 2026,1784871864,0,-0.09
Fri Jul 24 05:44:55 UTC 2026,1784871895,0,-0.26
Fri Jul 24 05:45:55 UTC 2026,1784871955,0,-0.12
Fri Jul 24 05:46:45 UTC 2026,1784872005,0,-0.23
Fri Jul 24 05:46:54 UTC 2026,1784872014,0,-0.14
Fri Jul 24 05:49:06 UTC 2026,1784872146,0,-0.23
Fri Jul 24 05:49:51 UTC 2026,1784872191,0,-0.13
Fri Jul 24 05:50:08 UTC 2026,1784872208,0,-0.24
Fri Jul 24 05:51:29 UTC 2026,1784872289,0,-0.23
Fri Jul 24 05:51:40 UTC 2026,1784872300,0,-0.15
Fri Jul 24 05:53:37 UTC 2026,1784872417,0,-0.14
Fri Jul 24 05:54:13 UTC 2026,1784872453,0,-0.26
Fri Jul 24 05:55:25 UTC 2026,1784872525,0,-0.15
Fri Jul 24 05:55:35 UTC 2026,1784872535,0,-0.25
Fri Jul 24 05:57:24 UTC 2026,1784872644,0,-0.14
Fri Jul 24 05:57:52 UTC 2026,1784872672,0,-0.24
Fri Jul 24 05:58:33 UTC 2026,1784872713,0,-0.16
Fri Jul 24 06:00:34 UTC 2026,1784872834,0,-0.23
Fri Jul 24 06:00:40 UTC 2026,1784872840,0,-0.14
Fri Jul 24 06:01:47 UTC 2026,1784872907,0,-0.24
Fri Jul 24 06:01:55 UTC 2026,1784872915,0,-0.14
Fri Jul 24 06:04:11 UTC 2026,1784873051,0,-0.15
Fri Jul 24 06:04:35 UTC 2026,1784873075,0,-0.25
Fri Jul 24 06:05:02 UTC 2026,1784873102,0,-0.17
Fri Jul 24 06:05:51 UTC 2026,1784873151,0,-0.27
Fri Jul 24 06:06:24 UTC 2026,1784873184,0,-0.26
Fri Jul 24 06:06:32 UTC 2026,1784873192,0,-0.17
Fri Jul 24 06:07:58 UTC 2026,1784873278,0,-0.19
Fri Jul 24 06:08:31 UTC 2026,1784873311,0,-0.27
Fri Jul 24 06:10:05 UTC 2026,1784873405,0,-0.25
Fri Jul 24 06:11:04 UTC 2026,1784873464,0,-0.16
Fri Jul 24 06:11:22 UTC 2026,1784873482,0,-0.18
Fri Jul 24 06:12:17 UTC 2026,1784873537,0,-0.29
Fri Jul 24 06:13:16 UTC 2026,1784873596,0,-0.3
Fri Jul 24 06:14:06 UTC 2026,1784873646,0,-0.15
Fri Jul 24 06:14:34 UTC 2026,1784873674,0,-0.35
Fri Jul 24 06:15:00 UTC 2026,1784873700,0,-0.08
Fri Jul 24 06:16:17 UTC 2026,1784873777,0,-0.1
Fri Jul 24 06:16:50 UTC 2026,1784873810,0,-0.3
Fri Jul 24 06:18:11 UTC 2026,1784873891,0,-0.32
Fri Jul 24 06:19:19 UTC 2026,1784873959,0,-0.11
Fri Jul 24 06:20:27 UTC 2026,1784874027,0,-0.27
Fri Jul 24 06:21:07 UTC 2026,1784874067,0,-0.13
Fri Jul 24 06:21:48 UTC 2026,1784874108,0,-0.14
Fri Jul 24 06:22:21 UTC 2026,1784874141,0,-0.34
Fri Jul 24 06:22:48 UTC 2026,1784874168,0,-0.15
Fri Jul 24 06:23:55 UTC 2026,1784874235,0,-0.33
Fri Jul 24 06:25:13 UTC 2026,1784874313,0,-0.14
Fri Jul 24 06:25:36 UTC 2026,1784874336,0,-0.34
Fri Jul 24 06:26:47 UTC 2026,1784874407,0,-0.28
Fri Jul 24 06:26:57 UTC 2026,1784874417,0,-0.12
Fri Jul 24 06:28:41 UTC 2026,1784874521,0,-0.23
Fri Jul 24 06:29:09 UTC 2026,1784874549,0,-0.13
Fri Jul 24 06:29:35 UTC 2026,1784874575,0,-0.27
Fri Jul 24 06:29:39 UTC 2026,1784874579,0,-0.15
Fri Jul 24 06:31:52 UTC 2026,1784874712,0,-0.3
Fri Jul 24 06:32:33 UTC 2026,1784874753,0,-0.17
Fri Jul 24 06:33:49 UTC 2026,1784874829,0,-0.25
Fri Jul 24 06:34:16 UTC 2026,1784874856,0,-0.17
Fri Jul 24 06:34:52 UTC 2026,1784874892,0,-0.31
Fri Jul 24 06:35:25 UTC 2026,1784874925,0,-0.12
Fri Jul 24 06:36:23 UTC 2026,1784874983,0,-0.3
Fri Jul 24 06:37:23 UTC 2026,1784875043,0,-0.14
Fri Jul 24 06:39:07 UTC 2026,1784875147,0,-0.29
Fri Jul 24 06:39:16 UTC 2026,1784875156,0,-0.11
Fri Jul 24 06:39:30 UTC 2026,1784875170,0,-0.26
Fri Jul 24 06:39:38 UTC 2026,1784875178,0,-0.11
Fri Jul 24 06:41:36 UTC 2026,1784875296,0,-0.13
Fri Jul 24 06:42:13 UTC 2026,1784875333,0,-0.29
Fri Jul 24 06:43:34 UTC 2026,1784875414,0,-0.13
Fri Jul 24 06:43:57 UTC 2026,1784875437,0,-0.26
Fri Jul 24 06:44:47 UTC 2026,1784875487,0,-0.29
Fri Jul 24 06:45:46 UTC 2026,1784875546,0,-0.07
Fri Jul 24 06:46:49 UTC 2026,1784875609,0,-0.47
Fri Jul 24 06:47:22 UTC 2026,1784875642,0,-0.07
Fri Jul 24 06:47:49 UTC 2026,1784875669,0,-0.4
Fri Jul 24 06:48:15 UTC 2026,1784875695,0,-0.1
Fri Jul 24 06:49:19 UTC 2026,1784875759,0,-0.09
Fri Jul 24 06:49:32 UTC 2026,1784875772,0,-0.36
Fri Jul 24 06:51:52 UTC 2026,1784875912,0,-0.09
Fri Jul 24 06:52:07 UTC 2026,1784875927,0,-0.36
Fri Jul 24 06:53:01 UTC 2026,1784875981,0,-0.28
Fri Jul 24 06:53:46 UTC 2026,1784876026,0,-0.15
Fri Jul 24 06:54:09 UTC 2026,1784876049,0,-0.34
Fri Jul 24 06:54:36 UTC 2026,1784876076,0,-0.16
Fri Jul 24 06:56:16 UTC 2026,1784876176,0,-0.14
Fri Jul 24 06:56:38 UTC 2026,1784876198,0,-0.31
Fri Jul 24 06:59:04 UTC 2026,1784876344,0,-0.16
Fri Jul 24 06:59:13 UTC 2026,1784876353,0,-0.34
Fri Jul 24 07:00:03 UTC 2026,1784876403,0,-0.18
Fri Jul 24 07:00:52 UTC 2026,1784876452,0,-0.28
Fri Jul 24 07:01:38 UTC 2026,1784876498,0,-0.18
Fri Jul 24 07:02:46 UTC 2026,1784876566,0,-0.27
Fri Jul 24 07:03:22 UTC 2026,1784876602,0,-0.14
Fri Jul 24 07:04:57 UTC 2026,1784876697,0,-0.35
Fri Jul 24 07:05:33 UTC 2026,1784876733,0,-0.18
Fri Jul 24 07:05:52 UTC 2026,1784876752,0,-0.16
Fri Jul 24 07:06:23 UTC 2026,1784876783,0,-0.31
Fri Jul 24 07:08:21 UTC 2026,1784876901,0,-0.32
Fri Jul 24 07:08:57 UTC 2026,1784876937,0,-0.14
Fri Jul 24 07:09:34 UTC 2026,1784876974,0,-0.17
Fri Jul 24 07:09:56 UTC 2026,1784876996,0,-0.35
Fri Jul 24 07:11:04 UTC 2026,1784877064,0,-0.38
Fri Jul 24 07:11:28 UTC 2026,1784877088,0,-0.14
Fri Jul 24 07:13:06 UTC 2026,1784877186,0,-0.28
Fri Jul 24 07:13:16 UTC 2026,1784877196,0,-0.09
Fri Jul 24 07:13:57 UTC 2026,1784877237,0,-0.05
Fri Jul 24 07:14:52 UTC 2026,1784877292,0,-0.42
Fri Jul 24 07:15:41 UTC 2026,1784877341,0,-0.29
Fri Jul 24 07:16:22 UTC 2026,1784877382,0,-0.19
Fri Jul 24 07:18:02 UTC 2026,1784877482,0,-0.07
Fri Jul 24 07:18:51 UTC 2026,1784877531,0,-0.54
Fri Jul 24 07:19:01 UTC 2026,1784877541,0,-0.11
Fri Jul 24 07:19:19 UTC 2026,1784877559,0,-0.41
Fri Jul 24 07:20:49 UTC 2026,1784877649,0,-0.19
Fri Jul 24 07:20:53 UTC 2026,1784877653,0,-0.42
Fri Jul 24 07:22:24 UTC 2026,1784877744,0,-0.36
Fri Jul 24 07:22:43 UTC 2026,1784877763,0,-0.14
Fri Jul 24 07:24:00 UTC 2026,1784877840,0,-0.17
Fri Jul 24 07:25:22 UTC 2026,1784877922,0,-0.34
Fri Jul 24 07:25:31 UTC 2026,1784877931,0,-0.33
Fri Jul 24 07:27:06 UTC 2026,1784878026,0,-0.2
Fri Jul 24 07:27:38 UTC 2026,1784878058,0,-0.29
Fri Jul 24 07:28:32 UTC 2026,1784878112,0,-0.19
Fri Jul 24 07:30:21 UTC 2026,1784878221,0,-0.28
Fri Jul 24 07:30:35 UTC 2026,1784878235,0,-0.2
Fri Jul 24 07:31:02 UTC 2026,1784878262,0,-0.27
Fri Jul 24 07:33:04 UTC 2026,1784878384,0,-0.11
Fri Jul 24 07:33:31 UTC 2026,1784878411,0,-0.28
Fri Jul 24 07:34:11 UTC 2026,1784878451,0,-0.5
Fri Jul 24 07:34:35 UTC 2026,1784878475,0,-0.09
Fri Jul 24 07:36:09 UTC 2026,1784878569,0,-0.02
Fri Jul 24 07:36:28 UTC 2026,1784878588,0,-0.37
Fri Jul 24 07:37:19 UTC 2026,1784878639,0,-0.1
Fri Jul 24 07:37:27 UTC 2026,1784878647,0,-0.29
Fri Jul 24 07:38:57 UTC 2026,1784878737,0,-0.3
Fri Jul 24 07:39:48 UTC 2026,1784878788,0,-0.2
Fri Jul 24 07:40:51 UTC 2026,1784878851,0,-0.18
Fri Jul 24 07:41:09 UTC 2026,1784878869,0,-0.35
Fri Jul 24 07:42:17 UTC 2026,1784878937,0,-0.18
Fri Jul 24 07:42:22 UTC 2026,1784878942,0,-0.31
Fri Jul 24 07:44:11 UTC 2026,1784879051,0,-0.32
Fri Jul 24 07:45:10 UTC 2026,1784879110,0,-0.21
Fri Jul 24 07:45:55 UTC 2026,1784879155,0,-0.32
Fri Jul 24 07:46:09 UTC 2026,1784879169,0,-0.15
Fri Jul 24 07:47:20 UTC 2026,1784879240,0,-0.21
Fri Jul 24 07:48:01 UTC 2026,1784879281,0,-0.31
Fri Jul 24 07:48:43 UTC 2026,1784879323,0,-0.2
Fri Jul 24 07:50:04 UTC 2026,1784879404,0,-0.31
Fri Jul 24 07:50:45 UTC 2026,1784879445,0,-0.3
Fri Jul 24 07:51:12 UTC 2026,1784879472,0,-0.13
Fri Jul 24 07:52:16 UTC 2026,1784879536,0,-0.16
Fri Jul 24 07:52:48 UTC 2026,1784879568,0,-0.3
Fri Jul 24 07:54:54 UTC 2026,1784879694,0,-0.28
Fri Jul 24 07:55:08 UTC 2026,1784879708,0,-0.17
Fri Jul 24 07:56:39 UTC 2026,1784879799,0,-0.15
Fri Jul 24 07:56:48 UTC 2026,1784879808,0,-0.29
Fri Jul 24 07:57:33 UTC 2026,1784879853,0,-0.19
Fri Jul 24 07:59:08 UTC 2026,1784879948,0,-0.15
Fri Jul 24 07:59:31 UTC 2026,1784879971,0,-0.3
Fri Jul 24 08:00:21 UTC 2026,1784880021,0,-0.21
Fri Jul 24 08:01:07 UTC 2026,1784880067,0,-0.3
Fri Jul 24 08:02:50 UTC 2026,1784880170,0,-0.35
Fri Jul 24 08:03:08 UTC 2026,1784880188,0,-0.21
Fri Jul 24 08:03:31 UTC 2026,1784880211,0,-0.2
Fri Jul 24 08:03:49 UTC 2026,1784880229,0,-0.3
Fri Jul 24 08:05:30 UTC 2026,1784880330,0,-0.26
Fri Jul 24 08:05:43 UTC 2026,1784880343,0,-0.19
Fri Jul 24 08:06:46 UTC 2026,1784880406,0,-0.29
Fri Jul 24 08:06:51 UTC 2026,1784880411,0,-0.21
Fri Jul 24 08:08:36 UTC 2026,1784880516,0,-0.2
Fri Jul 24 08:08:40 UTC 2026,1784880520,0,-0.27
Fri Jul 24 08:10:51 UTC 2026,1784880651,0,-0.19
Fri Jul 24 08:11:41 UTC 2026,1784880701,0,-0.3
Fri Jul 24 08:11:47 UTC 2026,1784880707,0,-0.27
Fri Jul 24 08:12:00 UTC 2026,1784880720,0,-0.18
Fri Jul 24 08:13:26 UTC 2026,1784880806,0,-0.22
Fri Jul 24 08:14:38 UTC 2026,1784880878,0,-0.29
Fri Jul 24 08:15:05 UTC 2026,1784880905,0,-0.27
Fri Jul 24 08:15:29 UTC 2026,1784880929,0,-0.21
Fri Jul 24 08:17:03 UTC 2026,1784881023,0,-0.19
Fri Jul 24 08:18:02 UTC 2026,1784881082,0,-0.26
Fri Jul 24 08:18:20 UTC 2026,1784881100,0,-0.2
Fri Jul 24 08:19:38 UTC 2026,1784881178,0,-0.29
Fri Jul 24 08:20:14 UTC 2026,1784881214,0,-0.28
Fri Jul 24 08:20:23 UTC 2026,1784881223,0,-0.22
Fri Jul 24 08:21:49 UTC 2026,1784881309,0,-0.21
Fri Jul 24 08:21:54 UTC 2026,1784881314,0,-0.27
Fri Jul 24 08:24:15 UTC 2026,1784881455,0,-0.28
Fri Jul 24 08:24:28 UTC 2026,1784881468,0,-0.16
Fri Jul 24 08:25:41 UTC 2026,1784881541,0,-0.27
Fri Jul 24 08:25:45 UTC 2026,1784881545,0,-0.21
Fri Jul 24 08:27:03 UTC 2026,1784881623,0,-0.18
Fri Jul 24 08:27:24 UTC 2026,1784881644,0,-0.27
Fri Jul 24 08:28:33 UTC 2026,1784881713,0,-0.18
Fri Jul 24 08:29:05 UTC 2026,1784881745,0,-0.28
Fri Jul 24 08:29:54 UTC 2026,1784881794,0,-0.27
Fri Jul 24 08:30:12 UTC 2026,1784881812,0,-0.21
Fri Jul 24 08:31:47 UTC 2026,1784881907,0,-0.23
Fri Jul 24 08:32:28 UTC 2026,1784881948,0,-0.28
Fri Jul 24 08:33:23 UTC 2026,1784882003,0,-0.21
Fri Jul 24 08:33:41 UTC 2026,1784882021,0,-0.28
Fri Jul 24 08:34:49 UTC 2026,1784882089,0,-0.22
Fri Jul 24 08:35:26 UTC 2026,1784882126,0,-0.27
Fri Jul 24 08:36:33 UTC 2026,1784882193,0,-0.28
Fri Jul 24 08:36:51 UTC 2026,1784882211,0,-0.21
Fri Jul 24 08:38:18 UTC 2026,1784882298,0,-0.28
Fri Jul 24 08:39:31 UTC 2026,1784882371,0,-0.21
Fri Jul 24 08:40:52 UTC 2026,1784882452,0,-0.3
Fri Jul 24 08:41:10 UTC 2026,1784882470,0,-0.22
Fri Jul 24 08:41:41 UTC 2026,1784882501,0,-0.18
Fri Jul 24 08:42:40 UTC 2026,1784882560,0,-0.31
Fri Jul 24 08:43:30 UTC 2026,1784882610,0,-0.29
Fri Jul 24 08:43:58 UTC 2026,1784882638,0,-0.21
Fri Jul 24 08:45:32 UTC 2026,1784882732,0,-0.28
Fri Jul 24 08:46:14 UTC 2026,1784882774,0,-0.21
Fri Jul 24 08:46:50 UTC 2026,1784882810,0,-0.28
Fri Jul 24 08:47:26 UTC 2026,1784882846,0,-0.18
Fri Jul 24 08:48:11 UTC 2026,1784882891,0,-0.31
Fri Jul 24 08:49:11 UTC 2026,1784882951,0,-0.21
Fri Jul 24 08:50:10 UTC 2026,1784883010,0,-0.28
Fri Jul 24 08:51:12 UTC 2026,1784883072,0,-0.16
Fri Jul 24 08:51:27 UTC 2026,1784883087,0,-0.21
Fri Jul 24 08:51:40 UTC 2026,1784883100,0,-0.29
Fri Jul 24 08:53:06 UTC 2026,1784883186,0,-0.2
Fri Jul 24 08:54:19 UTC 2026,1784883259,0,-0.35
Fri Jul 24 08:54:37 UTC 2026,1784883277,0,-0.22
Fri Jul 24 08:54:55 UTC 2026,1784883295,0,-0.29
Fri Jul 24 08:56:35 UTC 2026,1784883395,0,-0.3
Fri Jul 24 08:57:19 UTC 2026,1784883439,0,-0.23
Fri Jul 24 08:58:01 UTC 2026,1784883481,0,-0.21
Fri Jul 24 08:58:56 UTC 2026,1784883536,0,-0.29
Fri Jul 24 09:00:18 UTC 2026,1784883618,0,-0.28
Fri Jul 24 09:00:39 UTC 2026,1784883639,0,-0.19
Fri Jul 24 09:01:48 UTC 2026,1784883708,0,-0.18
Fri Jul 24 09:02:25 UTC 2026,1784883745,0,-0.3
Fri Jul 24 09:03:00 UTC 2026,1784883780,0,-0.22
Fri Jul 24 09:04:27 UTC 2026,1784883867,0,-0.32
Fri Jul 24 09:04:44 UTC 2026,1784883884,0,-0.19
Fri Jul 24 09:05:39 UTC 2026,1784883939,0,-0.31
Fri Jul 24 09:06:20 UTC 2026,1784883980,0,-0.21
Fri Jul 24 09:06:56 UTC 2026,1784884016,0,-0.29
Fri Jul 24 09:08:22 UTC 2026,1784884102,0,-0.19
Fri Jul 24 09:08:36 UTC 2026,1784884116,0,-0.32
Fri Jul 24 09:10:29 UTC 2026,1784884229,0,-0.28
Fri Jul 24 09:11:01 UTC 2026,1784884261,0,-0.16
Fri Jul 24 09:11:59 UTC 2026,1784884319,0,-0.33
Fri Jul 24 09:12:09 UTC 2026,1784884329,0,-0.18
Fri Jul 24 09:13:45 UTC 2026,1784884425,0,-0.19
Fri Jul 24 09:14:16 UTC 2026,1784884456,0,-0.33
Fri Jul 24 09:15:06 UTC 2026,1784884506,0,-0.35
Fri Jul 24 09:15:42 UTC 2026,1784884542,0,-0.16
Fri Jul 24 09:17:13 UTC 2026,1784884633,0,-0.28
Fri Jul 24 09:17:31 UTC 2026,1784884651,0,-0.19
Fri Jul 24 09:18:02 UTC 2026,1784884682,0,-0.31
Fri Jul 24 09:19:10 UTC 2026,1784884750,0,-0.2
Fri Jul 24 09:19:37 UTC 2026,1784884777,0,-0.21
Fri Jul 24 09:20:37 UTC 2026,1784884837,0,-0.3
Fri Jul 24 09:21:03 UTC 2026,1784884863,0,-0.19
Fri Jul 24 09:22:35 UTC 2026,1784884955,0,-0.29
Fri Jul 24 09:22:39 UTC 2026,1784884959,0,-0.21
Fri Jul 24 09:23:01 UTC 2026,1784884981,0,-0.28
Fri Jul 24 09:25:00 UTC 2026,1784885100,0,-0.18
Fri Jul 24 09:26:21 UTC 2026,1784885181,0,-0.3
Fri Jul 24 09:27:15 UTC 2026,1784885235,0,-0.19
Fri Jul 24 09:28:47 UTC 2026,1784885327,0,-0.2
Fri Jul 24 09:28:51 UTC 2026,1784885331,0,-0.28
Fri Jul 24 09:30:26 UTC 2026,1784885426,0,-0.18
Fri Jul 24 09:31:30 UTC 2026,1784885490,0,-0.19
Fri Jul 24 09:32:19 UTC 2026,1784885539,0,-0.28
Fri Jul 24 09:33:55 UTC 2026,1784885635,0,-0.2
Fri Jul 24 09:34:35 UTC 2026,1784885675,0,-0.19
Fri Jul 24 09:35:16 UTC 2026,1784885716,0,-0.28
Fri Jul 24 09:35:53 UTC 2026,1784885753,0,-0.27
Fri Jul 24 09:37:10 UTC 2026,1784885830,0,-0.18
Fri Jul 24 09:38:17 UTC 2026,1784885897,0,-0.29
Fri Jul 24 09:38:36 UTC 2026,1784885916,0,-0.19
Fri Jul 24 09:39:35 UTC 2026,1784885975,0,-0.17
Fri Jul 24 09:39:49 UTC 2026,1784885989,0,-0.28
Fri Jul 24 09:40:56 UTC 2026,1784886056,0,-0.2
Fri Jul 24 09:41:09 UTC 2026,1784886069,0,-0.24
Fri Jul 24 09:42:31 UTC 2026,1784886151,0,-0.21
Fri Jul 24 09:43:21 UTC 2026,1784886201,0,-0.28
Fri Jul 24 09:44:12 UTC 2026,1784886252,0,-0.21
Fri Jul 24 09:45:42 UTC 2026,1784886342,0,-0.26
Fri Jul 24 09:46:19 UTC 2026,1784886379,0,-0.25
Fri Jul 24 09:46:40 UTC 2026,1784886400,0,-0.19
Fri Jul 24 09:48:03 UTC 2026,1784886483,0,-0.24
Fri Jul 24 09:48:53 UTC 2026,1784886533,0,-0.19
Fri Jul 24 09:49:11 UTC 2026,1784886551,0,-0.2
Fri Jul 24 09:50:15 UTC 2026,1784886615,0,-0.26
Fri Jul 24 09:50:49 UTC 2026,1784886649,0,-0.24
Fri Jul 24 09:51:26 UTC 2026,1784886686,0,-0.2
Fri Jul 24 09:53:16 UTC 2026,1784886796,0,-0.23
Fri Jul 24 09:53:20 UTC 2026,1784886800,0,-0.19
Fri Jul 24 09:54:51 UTC 2026,1784886891,0,-0.18
Fri Jul 24 09:55:13 UTC 2026,1784886913,0,-0.24
Fri Jul 24 09:56:04 UTC 2026,1784886964,0,-0.18
Fri Jul 24 09:57:25 UTC 2026,1784887045,0,-0.23
Fri Jul 24 09:58:19 UTC 2026,1784887099,0,-0.19
Fri Jul 24 09:59:37 UTC 2026,1784887177,0,-0.18
Fri Jul 24 09:59:41 UTC 2026,1784887181,0,-0.22
Fri Jul 24 10:00:45 UTC 2026,1784887245,0,-0.18
Fri Jul 24 10:00:54 UTC 2026,1784887254,0,-0.22
Fri Jul 24 10:02:15 UTC 2026,1784887335,0,-0.18
Fri Jul 24 10:02:32 UTC 2026,1784887352,0,-0.22
Fri Jul 24 10:04:22 UTC 2026,1784887462,0,-0.17
Fri Jul 24 10:04:31 UTC 2026,1784887471,0,-0.23
Fri Jul 24 10:06:11 UTC 2026,1784887571,0,-0.17
Fri Jul 24 10:08:36 UTC 2026,1784887716,0,-0.24
Fri Jul 24 10:08:59 UTC 2026,1784887739,0,-0.25
Fri Jul 24 10:10:10 UTC 2026,1784887810,0,-0.16
Fri Jul 24 10:11:10 UTC 2026,1784887870,0,-0.17
Fri Jul 24 10:11:14 UTC 2026,1784887874,0,-0.21
Fri Jul 24 10:12:31 UTC 2026,1784887951,0,-0.18
Fri Jul 24 10:15:15 UTC 2026,1784888115,0,-0.21
Fri Jul 24 10:15:20 UTC 2026,1784888120,0,-0.16
Fri Jul 24 10:16:41 UTC 2026,1784888201,0,-0.15
Fri Jul 24 10:17:03 UTC 2026,1784888223,0,-0.21
Fri Jul 24 10:17:39 UTC 2026,1784888259,0,-0.22
Fri Jul 24 10:17:44 UTC 2026,1784888264,0,-0.17
Fri Jul 24 10:19:11 UTC 2026,1784888351,0,-0.2
Fri Jul 24 10:19:29 UTC 2026,1784888369,0,-0.16
Fri Jul 24 10:20:40 UTC 2026,1784888440,0,-0.23
Fri Jul 24 10:20:46 UTC 2026,1784888446,0,-0.17
Fri Jul 24 10:22:11 UTC 2026,1784888531,0,-0.22
Fri Jul 24 10:23:47 UTC 2026,1784888627,0,-0.2
Fri Jul 24 10:24:23 UTC 2026,1784888663,0,-0.15
Fri Jul 24 10:25:22 UTC 2026,1784888722,0,-0.16
Fri Jul 24 10:26:43 UTC 2026,1784888803,0,-0.24
Fri Jul 24 10:27:24 UTC 2026,1784888844,0,-0.22
Fri Jul 24 10:28:37 UTC 2026,1784888917,0,-0.14
Fri Jul 24 10:29:26 UTC 2026,1784888966,0,-0.15
Fri Jul 24 10:30:03 UTC 2026,1784889003,0,-0.21
Fri Jul 24 10:30:39 UTC 2026,1784889039,0,-0.18
Fri Jul 24 10:31:25 UTC 2026,1784889085,0,-0.15
Fri Jul 24 10:32:10 UTC 2026,1784889130,0,-0.18
Fri Jul 24 10:33:35 UTC 2026,1784889215,0,-0.14
Fri Jul 24 10:34:08 UTC 2026,1784889248,0,-0.19
Fri Jul 24 10:34:34 UTC 2026,1784889274,0,-0.14
Fri Jul 24 10:35:38 UTC 2026,1784889338,0,-0.13
Fri Jul 24 10:35:48 UTC 2026,1784889348,0,-0.18
Fri Jul 24 10:37:40 UTC 2026,1784889460,0,-0.14
Fri Jul 24 10:38:58 UTC 2026,1784889538,0,-0.18
Fri Jul 24 10:39:48 UTC 2026,1784889588,0,-0.13
Fri Jul 24 10:40:46 UTC 2026,1784889646,0,-0.17
Fri Jul 24 10:41:14 UTC 2026,1784889674,0,-0.13
Fri Jul 24 10:43:03 UTC 2026,1784889783,0,-0.19
Fri Jul 24 10:44:21 UTC 2026,1784889861,0,-0.11
Fri Jul 24 10:44:47 UTC 2026,1784889887,0,-0.2
Fri Jul 24 10:46:32 UTC 2026,1784889992,0,-0.21
Fri Jul 24 10:46:36 UTC 2026,1784889996,0,-0.09
Fri Jul 24 10:46:55 UTC 2026,1784890015,0,-0.08
Fri Jul 24 10:47:22 UTC 2026,1784890042,0,-0.16
Fri Jul 24 10:48:56 UTC 2026,1784890136,0,-0.17
Fri Jul 24 10:49:15 UTC 2026,1784890155,0,-0.11
Fri Jul 24 10:51:31 UTC 2026,1784890291,0,-0.17
Fri Jul 24 10:51:48 UTC 2026,1784890308,0,-0.13
Fri Jul 24 10:53:01 UTC 2026,1784890381,0,-0.15
Fri Jul 24 10:54:10 UTC 2026,1784890450,0,-0.11
Fri Jul 24 10:54:36 UTC 2026,1784890476,0,-0.15
Fri Jul 24 10:55:13 UTC 2026,1784890513,0,-0.16
Fri Jul 24 10:55:54 UTC 2026,1784890554,0,-0.11
Fri Jul 24 10:57:34 UTC 2026,1784890654,0,-0.1
Fri Jul 24 10:58:09 UTC 2026,1784890689,0,-0.16
Fri Jul 24 10:59:04 UTC 2026,1784890744,0,-0.15
Fri Jul 24 10:59:45 UTC 2026,1784890785,0,-0.11
Fri Jul 24 11:01:07 UTC 2026,1784890867,0,-0.16
Fri Jul 24 11:01:48 UTC 2026,1784890908,0,-0.13
Fri Jul 24 11:02:33 UTC 2026,1784890953,0,-0.21
Fri Jul 24 11:03:36 UTC 2026,1784891016,0,-0.18
Fri Jul 24 11:04:21 UTC 2026,1784891061,0,-0.09
Fri Jul 24 11:04:58 UTC 2026,1784891098,0,-0.1
Fri Jul 24 11:05:43 UTC 2026,1784891143,0,-0.15
Fri Jul 24 11:06:38 UTC 2026,1784891198,0,-0.1
Fri Jul 24 11:07:41 UTC 2026,1784891261,0,-0.14
Fri Jul 24 11:09:22 UTC 2026,1784891362,0,-0.08
Fri Jul 24 11:09:48 UTC 2026,1784891388,0,-0.14
Fri Jul 24 11:10:24 UTC 2026,1784891424,0,-0.13
Fri Jul 24 11:10:37 UTC 2026,1784891437,0,-0.09
Fri Jul 24 11:11:37 UTC 2026,1784891497,0,-0.1
Fri Jul 24 11:12:09 UTC 2026,1784891529,0,-0.14
Fri Jul 24 11:13:21 UTC 2026,1784891601,0,-0.13
Fri Jul 24 11:14:25 UTC 2026,1784891665,0,-0.08
Fri Jul 24 11:15:23 UTC 2026,1784891723,0,-0.07
Fri Jul 24 11:15:33 UTC 2026,1784891733,0,-0.13
Fri Jul 24 11:16:37 UTC 2026,1784891797,0,-0.15
Fri Jul 24 11:17:35 UTC 2026,1784891855,0,-0.07
Fri Jul 24 11:18:21 UTC 2026,1784891901,0,-0.06
Fri Jul 24 11:19:06 UTC 2026,1784891946,0,-0.12
Fri Jul 24 11:19:51 UTC 2026,1784891991,0,-0.07
Fri Jul 24 11:20:46 UTC 2026,1784892046,0,-0.15
Fri Jul 24 11:21:44 UTC 2026,1784892104,0,-0.14
Fri Jul 24 11:22:39 UTC 2026,1784892159,0,-0.07
Fri Jul 24 11:23:29 UTC 2026,1784892209,0,-0.11
Fri Jul 24 11:24:28 UTC 2026,1784892268,0,-0.1
Fri Jul 24 11:24:32 UTC 2026,1784892272,0,-0.08
Fri Jul 24 11:24:38 UTC 2026,1784892278,0,-0.1
Fri Jul 24 11:24:42 UTC 2026,1784892282,0,-0.09
Fri Jul 24 11:25:23 UTC 2026,1784892323,0,-0.11
Fri Jul 24 11:25:40 UTC 2026,1784892340,0,-0.05
Fri Jul 24 11:26:48 UTC 2026,1784892408,0,-0.11
Fri Jul 24 11:29:09 UTC 2026,1784892549,0,-0.12
Fri Jul 24 11:29:32 UTC 2026,1784892572,0,-0.06
Fri Jul 24 11:30:13 UTC 2026,1784892613,0,-0.11
Fri Jul 24 11:30:39 UTC 2026,1784892639,0,-0.04
Fri Jul 24 11:32:16 UTC 2026,1784892736,0,-0.12
Fri Jul 24 11:33:05 UTC 2026,1784892785,0,-0.1
Fri Jul 24 11:33:50 UTC 2026,1784892830,0,-0.04
Fri Jul 24 11:35:07 UTC 2026,1784892907,0,-0.1
Fri Jul 24 11:35:20 UTC 2026,1784892920,0,-0.04
Fri Jul 24 11:36:42 UTC 2026,1784893002,0,-0.05
Fri Jul 24 11:37:19 UTC 2026,1784893039,0,-0.11
Fri Jul 24 11:38:04 UTC 2026,1784893084,0,-0.06
Fri Jul 24 11:39:02 UTC 2026,1784893142,0,-0.14
Fri Jul 24 11:39:48 UTC 2026,1784893188,0,-0.13
Fri Jul 24 11:40:20 UTC 2026,1784893220,0,-0.06
Fri Jul 24 11:41:41 UTC 2026,1784893301,0,-0.1
Fri Jul 24 11:42:40 UTC 2026,1784893360,0,-0.04
Fri Jul 24 11:44:24 UTC 2026,1784893464,0,-0.09
Fri Jul 24 11:44:44 UTC 2026,1784893484,0,-0.03
Fri Jul 24 11:44:52 UTC 2026,1784893492,0,-0.08
Fri Jul 24 11:46:36 UTC 2026,1784893596,0,-0.03
Fri Jul 24 11:46:40 UTC 2026,1784893600,0,-0.1
Fri Jul 24 11:48:26 UTC 2026,1784893706,0,-0.09
Fri Jul 24 11:49:10 UTC 2026,1784893750,0,-0.01
Fri Jul 24 11:49:51 UTC 2026,1784893791,0,-0.07
Fri Jul 24 11:50:32 UTC 2026,1784893832,0,-0.02
Fri Jul 24 11:51:22 UTC 2026,1784893882,0,-0.01
Fri Jul 24 11:51:41 UTC 2026,1784893901,0,-0.07
Fri Jul 24 11:52:48 UTC 2026,1784893968,0,-0.09
Fri Jul 24 11:52:52 UTC 2026,1784893972,0,-0.02
Fri Jul 24 11:55:22 UTC 2026,1784894122,0,-0.08
Fri Jul 24 11:55:27 UTC 2026,1784894127,0,-0.01
Fri Jul 24 11:56:25 UTC 2026,1784894185,0,0.0
Fri Jul 24 11:57:29 UTC 2026,1784894249,0,-0.15
Fri Jul 24 11:57:52 UTC 2026,1784894272,0,-0.17
Fri Jul 24 11:58:05 UTC 2026,1784894285,0,0.02
Fri Jul 24 11:59:40 UTC 2026,1784894380,0,-0.09
Fri Jul 24 12:01:01 UTC 2026,1784894461,0,0.03
Fri Jul 24 12:01:14 UTC 2026,1784894474,0,-0.09
Fri Jul 24 12:01:29 UTC 2026,1784894489,0,0.0
Fri Jul 24 12:04:02 UTC 2026,1784894642,0,0.02
Fri Jul 24 12:04:12 UTC 2026,1784894652,0,-0.06
Fri Jul 24 12:05:15 UTC 2026,1784894715,0,-0.07
Fri Jul 24 12:05:34 UTC 2026,1784894734,0,0.0
Fri Jul 24 12:06:42 UTC 2026,1784894802,0,0.02
Fri Jul 24 12:06:50 UTC 2026,1784894810,0,-0.06
Fri Jul 24 12:07:55 UTC 2026,1784894875,0,0.01
Fri Jul 24 12:09:43 UTC 2026,1784894983,0,-0.07
Fri Jul 24 12:10:38 UTC 2026,1784895038,0,0.03
Fri Jul 24 12:11:10 UTC 2026,1784895070,0,-0.05
Fri Jul 24 12:11:40 UTC 2026,1784895100,0,0.03
Fri Jul 24 12:13:08 UTC 2026,1784895188,0,0.02
Fri Jul 24 12:13:34 UTC 2026,1784895214,0,-0.05
Fri Jul 24 12:15:09 UTC 2026,1784895309,0,-0.07
Fri Jul 24 12:15:36 UTC 2026,1784895336,0,0.03
Fri Jul 24 12:16:00 UTC 2026,1784895360,0,-0.09
Fri Jul 24 12:16:54 UTC 2026,1784895414,0,0.02
Fri Jul 24 12:17:44 UTC 2026,1784895464,0,-0.03
Fri Jul 24 12:17:48 UTC 2026,1784895468,0,0.05
Fri Jul 24 12:19:33 UTC 2026,1784895573,0,-0.04
Fri Jul 24 12:19:42 UTC 2026,1784895582,0,0.05
Fri Jul 24 12:21:16 UTC 2026,1784895676,0,0.04
Fri Jul 24 12:21:20 UTC 2026,1784895680,0,-0.02
Fri Jul 24 12:22:47 UTC 2026,1784895767,0,-0.04
Fri Jul 24 12:23:01 UTC 2026,1784895781,0,0.04
Fri Jul 24 12:24:49 UTC 2026,1784895889,0,-0.03
Fri Jul 24 12:25:12 UTC 2026,1784895912,0,0.06
Fri Jul 24 12:25:58 UTC 2026,1784895958,0,0.04
Fri Jul 24 12:26:25 UTC 2026,1784895985,0,-0.03
Fri Jul 24 12:27:47 UTC 2026,1784896067,0,-0.02
Fri Jul 24 12:27:51 UTC 2026,1784896071,0,0.04
Fri Jul 24 12:29:17 UTC 2026,1784896157,0,0.08
Fri Jul 24 12:29:26 UTC 2026,1784896166,0,-0.02
Fri Jul 24 12:32:18 UTC 2026,1784896338,0,0.04
Fri Jul 24 12:32:46 UTC 2026,1784896366,0,0.05
Fri Jul 24 12:33:17 UTC 2026,1784896397,0,-0.05
Fri Jul 24 12:34:40 UTC 2026,1784896480,0,0.03
Fri Jul 24 12:37:03 UTC 2026,1784896623,0,0.05
Fri Jul 24 12:37:08 UTC 2026,1784896628,0,-0.04
Fri Jul 24 12:38:39 UTC 2026,1784896719,0,0.05
Fri Jul 24 12:39:10 UTC 2026,1784896750,0,0.0
Fri Jul 24 12:40:10 UTC 2026,1784896810,0,0.07
Fri Jul 24 12:40:51 UTC 2026,1784896851,0,0.0
Fri Jul 24 12:41:31 UTC 2026,1784896891,0,0.06
Fri Jul 24 12:42:35 UTC 2026,1784896955,0,0.04
Fri Jul 24 12:43:16 UTC 2026,1784896996,0,-0.03
Fri Jul 24 12:44:54 UTC 2026,1784897094,0,0.07
Fri Jul 24 12:45:27 UTC 2026,1784897127,0,-0.02
Fri Jul 24 12:45:36 UTC 2026,1784897136,0,0.05
Fri Jul 24 12:45:40 UTC 2026,1784897140,0,-0.03
Fri Jul 24 12:47:21 UTC 2026,1784897241,0,-0.04
Fri Jul 24 12:48:10 UTC 2026,1784897290,0,0.06
Fri Jul 24 12:49:05 UTC 2026,1784897345,0,-0.03
Fri Jul 24 12:49:32 UTC 2026,1784897372,0,0.06
Fri Jul 24 12:50:36 UTC 2026,1784897436,0,0.04
Fri Jul 24 12:51:21 UTC 2026,1784897481,0,-0.07
Fri Jul 24 12:52:24 UTC 2026,1784897544,0,-0.04
Fri Jul 24 12:53:01 UTC 2026,1784897581,0,0.07
Fri Jul 24 12:54:22 UTC 2026,1784897662,0,0.06
Fri Jul 24 12:54:26 UTC 2026,1784897666,0,0.0
Fri Jul 24 12:56:01 UTC 2026,1784897761,0,0.05
Fri Jul 24 12:58:00 UTC 2026,1784897880,0,0.06
Fri Jul 24 12:58:14 UTC 2026,1784897894,0,-0.02
Fri Jul 24 13:00:06 UTC 2026,1784898006,0,0.09
Fri Jul 24 13:01:02 UTC 2026,1784898062,0,0.06
Fri Jul 24 13:01:19 UTC 2026,1784898079,0,-0.01
Fri Jul 24 13:02:23 UTC 2026,1784898143,0,0.0
Fri Jul 24 13:03:30 UTC 2026,1784898210,0,0.09
Fri Jul 24 13:04:06 UTC 2026,1784898246,0,0.04
Fri Jul 24 13:04:57 UTC 2026,1784898297,0,0.1
Fri Jul 24 13:05:52 UTC 2026,1784898352,0,-0.01
Fri Jul 24 13:06:00 UTC 2026,1784898360,0,0.11
Fri Jul 24 13:07:07 UTC 2026,1784898427,0,0.0
Fri Jul 24 13:07:35 UTC 2026,1784898455,0,0.09
Fri Jul 24 13:09:20 UTC 2026,1784898560,0,-0.01
Fri Jul 24 13:10:36 UTC 2026,1784898636,0,-0.03
Fri Jul 24 13:11:26 UTC 2026,1784898686,0,0.09
Fri Jul 24 13:12:39 UTC 2026,1784898759,0,0.02
Fri Jul 24 13:12:43 UTC 2026,1784898763,0,0.09
Fri Jul 24 13:13:56 UTC 2026,1784898836,0,0.02
Fri Jul 24 13:14:00 UTC 2026,1784898840,0,0.07
Fri Jul 24 13:16:26 UTC 2026,1784898986,0,0.03
Fri Jul 24 13:16:52 UTC 2026,1784899012,0,0.09
Fri Jul 24 13:17:29 UTC 2026,1784899049,0,0.01
Fri Jul 24 13:17:52 UTC 2026,1784899072,0,0.09
Fri Jul 24 13:19:08 UTC 2026,1784899148,0,0.11
Fri Jul 24 13:20:13 UTC 2026,1784899213,0,0.03
Fri Jul 24 13:20:21 UTC 2026,1784899221,0,0.09
Fri Jul 24 13:21:38 UTC 2026,1784899298,0,0.03
Fri Jul 24 13:22:19 UTC 2026,1784899339,0,0.11
Fri Jul 24 13:23:09 UTC 2026,1784899389,0,0.03
Fri Jul 24 13:23:49 UTC 2026,1784899429,0,0.04
Fri Jul 24 13:24:44 UTC 2026,1784899484,0,0.11
Fri Jul 24 13:26:46 UTC 2026,1784899606,0,0.0
Fri Jul 24 13:26:55 UTC 2026,1784899615,0,0.09
Fri Jul 24 13:27:45 UTC 2026,1784899665,0,0.01
Fri Jul 24 13:29:39 UTC 2026,1784899779,0,0.03
Fri Jul 24 13:29:47 UTC 2026,1784899787,0,0.09
Fri Jul 24 13:30:56 UTC 2026,1784899856,0,0.03
Fri Jul 24 13:32:55 UTC 2026,1784899975,0,0.09
Fri Jul 24 13:34:06 UTC 2026,1784900046,0,0.03
Fri Jul 24 13:34:57 UTC 2026,1784900097,0,0.1
Fri Jul 24 13:35:51 UTC 2026,1784900151,0,0.09
Fri Jul 24 13:36:24 UTC 2026,1784900184,0,0.04
Fri Jul 24 13:37:04 UTC 2026,1784900224,0,0.1
Fri Jul 24 13:38:02 UTC 2026,1784900282,0,0.03
Fri Jul 24 13:39:33 UTC 2026,1784900373,0,0.11
Fri Jul 24 13:39:38 UTC 2026,1784900378,0,0.04
Fri Jul 24 13:40:46 UTC 2026,1784900446,0,0.03
Fri Jul 24 13:41:14 UTC 2026,1784900474,0,0.1
Fri Jul 24 13:41:58 UTC 2026,1784900518,0,0.09
Fri Jul 24 13:42:25 UTC 2026,1784900545,0,0.03
Fri Jul 24 13:44:23 UTC 2026,1784900663,0,0.04
Fri Jul 24 13:44:42 UTC 2026,1784900682,0,0.11
Fri Jul 24 13:45:23 UTC 2026,1784900723,0,0.09
Fri Jul 24 13:46:30 UTC 2026,1784900790,0,0.02
Fri Jul 24 13:46:50 UTC 2026,1784900810,0,0.1
Fri Jul 24 13:46:54 UTC 2026,1784900814,0,0.05
Fri Jul 24 13:49:18 UTC 2026,1784900958,0,0.11
Fri Jul 24 13:51:34 UTC 2026,1784901094,0,0.06
Fri Jul 24 13:51:44 UTC 2026,1784901104,0,0.11
Fri Jul 24 13:52:01 UTC 2026,1784901121,0,0.06
Fri Jul 24 13:53:18 UTC 2026,1784901198,0,0.07
Fri Jul 24 13:54:36 UTC 2026,1784901276,0,0.13
Fri Jul 24 13:54:54 UTC 2026,1784901294,0,0.07
Fri Jul 24 13:55:12 UTC 2026,1784901312,0,0.12
Fri Jul 24 13:56:38 UTC 2026,1784901398,0,0.06
Fri Jul 24 13:57:24 UTC 2026,1784901444,0,0.12
Fri Jul 24 13:58:45 UTC 2026,1784901525,0,0.07
Fri Jul 24 13:58:54 UTC 2026,1784901534,0,0.14
Fri Jul 24 14:00:20 UTC 2026,1784901620,0,0.06
Fri Jul 24 14:00:47 UTC 2026,1784901647,0,0.12
Fri Jul 24 14:02:50 UTC 2026,1784901770,0,0.05
Fri Jul 24 14:03:27 UTC 2026,1784901807,0,0.09
Fri Jul 24 14:03:35 UTC 2026,1784901815,0,0.04
Fri Jul 24 14:04:52 UTC 2026,1784901892,0,0.03
Fri Jul 24 14:05:42 UTC 2026,1784901942,0,0.12
Fri Jul 24 14:06:36 UTC 2026,1784901996,0,0.06
Fri Jul 24 14:06:49 UTC 2026,1784902009,0,0.13
Fri Jul 24 14:08:21 UTC 2026,1784902101,0,0.11
Fri Jul 24 14:08:38 UTC 2026,1784902118,0,0.07
Fri Jul 24 14:11:13 UTC 2026,1784902273,0,0.13
Fri Jul 24 14:11:35 UTC 2026,1784902295,0,0.06
Fri Jul 24 14:11:58 UTC 2026,1784902318,0,0.12
Fri Jul 24 14:14:41 UTC 2026,1784902481,0,0.06
Fri Jul 24 14:15:31 UTC 2026,1784902531,0,0.05
Fri Jul 24 14:16:08 UTC 2026,1784902568,0,0.12
Fri Jul 24 14:17:06 UTC 2026,1784902626,0,0.05
Fri Jul 24 14:18:42 UTC 2026,1784902722,0,0.06
Fri Jul 24 14:19:04 UTC 2026,1784902744,0,0.12
Fri Jul 24 14:19:50 UTC 2026,1784902790,0,0.15
Fri Jul 24 14:20:25 UTC 2026,1784902825,0,0.07
Fri Jul 24 14:21:30 UTC 2026,1784902890,0,0.13
Fri Jul 24 14:22:42 UTC 2026,1784902962,0,0.03
Fri Jul 24 14:23:00 UTC 2026,1784902980,0,0.06
Fri Jul 24 14:24:07 UTC 2026,1784903047,0,0.14
Fri Jul 24 14:24:54 UTC 2026,1784903094,0,0.15
Fri Jul 24 14:26:10 UTC 2026,1784903170,0,0.07
Fri Jul 24 14:26:42 UTC 2026,1784903202,0,0.15
Fri Jul 24 14:27:36 UTC 2026,1784903256,0,0.06
Fri Jul 24 14:27:55 UTC 2026,1784903275,0,0.16
Fri Jul 24 14:28:39 UTC 2026,1784903319,0,0.07
Fri Jul 24 14:30:15 UTC 2026,1784903415,0,0.08
Fri Jul 24 14:30:33 UTC 2026,1784903433,0,0.18
Fri Jul 24 14:31:44 UTC 2026,1784903504,0,0.09
Fri Jul 24 14:32:39 UTC 2026,1784903559,0,0.16
Fri Jul 24 14:33:07 UTC 2026,1784903587,0,0.1
Fri Jul 24 14:33:52 UTC 2026,1784903632,0,0.16
Fri Jul 24 14:34:33 UTC 2026,1784903673,0,0.07
Fri Jul 24 14:34:52 UTC 2026,1784903692,0,0.15
Fri Jul 24 14:36:17 UTC 2026,1784903777,0,0.07
Fri Jul 24 14:36:59 UTC 2026,1784903819,0,0.16
Fri Jul 24 14:38:25 UTC 2026,1784903905,0,0.15
Fri Jul 24 14:38:34 UTC 2026,1784903914,0,0.1
Fri Jul 24 14:39:29 UTC 2026,1784903969,0,0.13
Fri Jul 24 14:40:49 UTC 2026,1784904049,0,0.04
Fri Jul 24 14:41:13 UTC 2026,1784904073,0,0.11
Fri Jul 24 14:41:49 UTC 2026,1784904109,0,0.15
Fri Jul 24 14:43:24 UTC 2026,1784904204,0,0.16
Fri Jul 24 14:43:46 UTC 2026,1784904226,0,0.1
Fri Jul 24 14:45:13 UTC 2026,1784904313,0,0.16
Fri Jul 24 14:45:39 UTC 2026,1784904339,0,0.08
Fri Jul 24 14:47:24 UTC 2026,1784904444,0,0.16
Fri Jul 24 14:47:37 UTC 2026,1784904457,0,0.09
Fri Jul 24 14:47:56 UTC 2026,1784904476,0,0.15
Fri Jul 24 14:48:14 UTC 2026,1784904494,0,0.11
Fri Jul 24 14:50:35 UTC 2026,1784904635,0,0.15
Fri Jul 24 14:51:24 UTC 2026,1784904684,0,0.16
Fri Jul 24 14:51:43 UTC 2026,1784904703,0,0.11
Fri Jul 24 14:53:13 UTC 2026,1784904793,0,0.17
Fri Jul 24 14:54:45 UTC 2026,1784904885,0,0.1
Fri Jul 24 14:55:29 UTC 2026,1784904929,0,0.16
Fri Jul 24 14:56:19 UTC 2026,1784904979,0,0.11
Fri Jul 24 14:57:22 UTC 2026,1784905042,0,0.18
Fri Jul 24 14:57:36 UTC 2026,1784905056,0,0.17
Fri Jul 24 14:58:44 UTC 2026,1784905124,0,0.07
Fri Jul 24 15:00:14 UTC 2026,1784905214,0,0.09
Fri Jul 24 15:00:51 UTC 2026,1784905251,0,0.18
Fri Jul 24 15:00:55 UTC 2026,1784905255,0,0.15
Fri Jul 24 15:02:03 UTC 2026,1784905323,0,0.11
Fri Jul 24 15:03:11 UTC 2026,1784905391,0,0.15
Fri Jul 24 15:04:06 UTC 2026,1784905446,0,0.08
Fri Jul 24 15:04:24 UTC 2026,1784905464,0,0.11
Fri Jul 24 15:05:41 UTC 2026,1784905541,0,0.17
Fri Jul 24 15:06:08 UTC 2026,1784905568,0,0.1
Fri Jul 24 15:06:58 UTC 2026,1784905618,0,0.16
Fri Jul 24 15:07:33 UTC 2026,1784905653,0,0.15
Fri Jul 24 15:08:39 UTC 2026,1784905719,0,0.11
Fri Jul 24 15:10:18 UTC 2026,1784905818,0,0.16
Fri Jul 24 15:10:58 UTC 2026,1784905858,0,0.15
Fri Jul 24 15:11:02 UTC 2026,1784905862,0,0.11
Fri Jul 24 15:12:29 UTC 2026,1784905949,0,0.12
Fri Jul 24 15:13:42 UTC 2026,1784906022,0,0.16
Fri Jul 24 15:14:14 UTC 2026,1784906054,0,0.15
Fri Jul 24 15:14:23 UTC 2026,1784906063,0,0.11
Fri Jul 24 15:16:11 UTC 2026,1784906171,0,0.08
Fri Jul 24 15:16:30 UTC 2026,1784906190,0,0.14
Fri Jul 24 15:17:38 UTC 2026,1784906258,0,0.17
Fri Jul 24 15:18:27 UTC 2026,1784906307,0,0.11
Fri Jul 24 15:19:18 UTC 2026,1784906358,0,0.1
Fri Jul 24 15:20:16 UTC 2026,1784906416,0,0.17
Fri Jul 24 15:21:37 UTC 2026,1784906497,0,0.16
Fri Jul 24 15:22:04 UTC 2026,1784906524,0,0.11
Fri Jul 24 15:22:36 UTC 2026,1784906556,0,0.17
Fri Jul 24 15:22:41 UTC 2026,1784906561,0,0.12
Fri Jul 24 15:25:29 UTC 2026,1784906729,0,0.17
Fri Jul 24 15:25:47 UTC 2026,1784906747,0,0.11
Fri Jul 24 15:26:27 UTC 2026,1784906787,0,0.17
Fri Jul 24 15:27:23 UTC 2026,1784906843,0,0.16
Fri Jul 24 15:27:27 UTC 2026,1784906847,0,0.11
Fri Jul 24 15:29:06 UTC 2026,1784906946,0,0.17
Fri Jul 24 15:29:29 UTC 2026,1784906969,0,0.11
Fri Jul 24 15:31:18 UTC 2026,1784907078,0,0.16
Fri Jul 24 15:31:27 UTC 2026,1784907087,0,0.12
Fri Jul 24 15:33:48 UTC 2026,1784907228,0,0.17
Fri Jul 24 15:33:56 UTC 2026,1784907236,0,0.16
Fri Jul 24 15:34:15 UTC 2026,1784907255,0,0.08
Fri Jul 24 15:36:03 UTC 2026,1784907363,0,0.17
Fri Jul 24 15:36:31 UTC 2026,1784907391,0,0.13
Fri Jul 24 15:37:16 UTC 2026,1784907436,0,0.16
Fri Jul 24 15:38:05 UTC 2026,1784907485,0,0.11
Fri Jul 24 15:39:19 UTC 2026,1784907559,0,0.16
Fri Jul 24 15:40:08 UTC 2026,1784907608,0,0.12
Fri Jul 24 15:40:58 UTC 2026,1784907658,0,0.13
Fri Jul 24 15:41:29 UTC 2026,1784907689,0,0.18
Fri Jul 24 15:42:39 UTC 2026,1784907759,0,0.12
Fri Jul 24 15:43:37 UTC 2026,1784907817,0,0.18
Fri Jul 24 15:44:04 UTC 2026,1784907844,0,0.12
Fri Jul 24 15:44:31 UTC 2026,1784907871,0,0.16
Fri Jul 24 15:45:39 UTC 2026,1784907939,0,0.11
Fri Jul 24 15:47:29 UTC 2026,1784908049,0,0.18
Fri Jul 24 15:47:59 UTC 2026,1784908079,0,0.08
Fri Jul 24 15:48:50 UTC 2026,1784908130,0,0.15
Fri Jul 24 15:49:39 UTC 2026,1784908179,0,0.07
Fri Jul 24 15:50:34 UTC 2026,1784908234,0,0.13
Fri Jul 24 15:51:15 UTC 2026,1784908275,0,0.17
Fri Jul 24 15:52:45 UTC 2026,1784908365,0,0.15
Fri Jul 24 15:52:53 UTC 2026,1784908373,0,0.09
Fri Jul 24 15:53:44 UTC 2026,1784908424,0,0.16
Fri Jul 24 15:54:16 UTC 2026,1784908456,0,0.12
Fri Jul 24 15:56:09 UTC 2026,1784908569,0,0.18
Fri Jul 24 15:56:18 UTC 2026,1784908578,0,0.1
Fri Jul 24 15:57:09 UTC 2026,1784908629,0,0.15
Fri Jul 24 15:58:16 UTC 2026,1784908696,0,0.11
Fri Jul 24 15:58:57 UTC 2026,1784908737,0,0.12
Fri Jul 24 15:59:29 UTC 2026,1784908769,0,0.16
Fri Jul 24 16:00:18 UTC 2026,1784908818,0,0.17
Fri Jul 24 16:00:46 UTC 2026,1784908846,0,0.12
Fri Jul 24 16:02:45 UTC 2026,1784908965,0,0.16
Fri Jul 24 16:03:11 UTC 2026,1784908991,0,0.11
Fri Jul 24 16:03:43 UTC 2026,1784909023,0,0.16
Fri Jul 24 16:04:06 UTC 2026,1784909046,0,0.12
Fri Jul 24 16:05:17 UTC 2026,1784909117,0,0.16
Fri Jul 24 16:05:37 UTC 2026,1784909137,0,0.11
Fri Jul 24 16:06:54 UTC 2026,1784909214,0,0.17
Fri Jul 24 16:07:11 UTC 2026,1784909231,0,0.1
Fri Jul 24 16:09:00 UTC 2026,1784909340,0,0.11
Fri Jul 24 16:10:04 UTC 2026,1784909404,0,0.17
Fri Jul 24 16:10:13 UTC 2026,1784909413,0,0.16
Fri Jul 24 16:10:27 UTC 2026,1784909427,0,0.08
Fri Jul 24 16:12:29 UTC 2026,1784909549,0,0.16
Fri Jul 24 16:13:24 UTC 2026,1784909604,0,0.11
Fri Jul 24 16:14:00 UTC 2026,1784909640,0,0.16
Fri Jul 24 16:15:07 UTC 2026,1784909707,0,0.11
Fri Jul 24 16:15:26 UTC 2026,1784909726,0,0.13
Fri Jul 24 16:15:57 UTC 2026,1784909757,0,0.16
Fri Jul 24 16:17:06 UTC 2026,1784909826,0,0.17
Fri Jul 24 16:17:33 UTC 2026,1784909853,0,0.12
Fri Jul 24 16:19:57 UTC 2026,1784909997,0,0.19
Fri Jul 24 16:21:02 UTC 2026,1784910062,0,0.11
Fri Jul 24 16:21:19 UTC 2026,1784910079,0,0.18
Fri Jul 24 16:21:56 UTC 2026,1784910116,0,0.1
Fri Jul 24 16:23:31 UTC 2026,1784910211,0,0.16
Fri Jul 24 16:24:29 UTC 2026,1784910269,0,0.11
Fri Jul 24 16:25:52 UTC 2026,1784910352,0,0.18
Fri Jul 24 16:26:50 UTC 2026,1784910410,0,0.17
Fri Jul 24 16:27:21 UTC 2026,1784910441,0,0.11
Fri Jul 24 16:29:34 UTC 2026,1784910574,0,0.08
Fri Jul 24 16:29:56 UTC 2026,1784910596,0,0.2
Fri Jul 24 16:30:42 UTC 2026,1784910642,0,0.11
Fri Jul 24 16:30:50 UTC 2026,1784910650,0,0.17
Fri Jul 24 16:31:54 UTC 2026,1784910714,0,0.18
Fri Jul 24 16:33:02 UTC 2026,1784910782,0,0.09
Fri Jul 24 16:33:43 UTC 2026,1784910823,0,0.18
Fri Jul 24 16:34:10 UTC 2026,1784910850,0,0.09
Fri Jul 24 16:35:08 UTC 2026,1784910908,0,0.17
Fri Jul 24 16:35:53 UTC 2026,1784910953,0,0.11
Fri Jul 24 16:37:11 UTC 2026,1784911031,0,0.07
Fri Jul 24 16:37:19 UTC 2026,1784911039,0,0.18
Fri Jul 24 16:38:33 UTC 2026,1784911113,0,0.17
Fri Jul 24 16:38:37 UTC 2026,1784911117,0,0.11
Fri Jul 24 16:39:54 UTC 2026,1784911194,0,0.17
Fri Jul 24 16:40:58 UTC 2026,1784911258,0,0.11
Fri Jul 24 16:42:15 UTC 2026,1784911335,0,0.1
Fri Jul 24 16:42:29 UTC 2026,1784911349,0,0.19
Fri Jul 24 16:43:37 UTC 2026,1784911417,0,0.18
Fri Jul 24 16:44:27 UTC 2026,1784911467,0,0.11
Fri Jul 24 16:44:53 UTC 2026,1784911493,0,0.16
Fri Jul 24 16:46:29 UTC 2026,1784911589,0,0.09
Fri Jul 24 16:47:32 UTC 2026,1784911652,0,0.08
Fri Jul 24 16:48:05 UTC 2026,1784911685,0,0.15
Fri Jul 24 16:48:45 UTC 2026,1784911725,0,0.17
Fri Jul 24 16:48:59 UTC 2026,1784911739,0,0.11
Fri Jul 24 16:50:34 UTC 2026,1784911834,0,0.17
Fri Jul 24 16:51:15 UTC 2026,1784911875,0,0.08
Fri Jul 24 16:52:45 UTC 2026,1784911965,0,0.17
Fri Jul 24 16:53:12 UTC 2026,1784911992,0,0.11
Fri Jul 24 16:53:48 UTC 2026,1784912028,0,0.17
Fri Jul 24 16:54:51 UTC 2026,1784912091,0,0.11
Fri Jul 24 16:55:05 UTC 2026,1784912105,0,0.17
Fri Jul 24 16:56:27 UTC 2026,1784912187,0,0.12
Fri Jul 24 16:57:08 UTC 2026,1784912228,0,0.17
Fri Jul 24 16:58:29 UTC 2026,1784912309,0,0.11
Fri Jul 24 17:00:09 UTC 2026,1784912409,0,0.1
Fri Jul 24 17:01:04 UTC 2026,1784912464,0,0.17
Fri Jul 24 17:01:30 UTC 2026,1784912490,0,0.16
Fri Jul 24 17:02:21 UTC 2026,1784912541,0,0.11
Fri Jul 24 17:03:24 UTC 2026,1784912604,0,0.16
Fri Jul 24 17:04:36 UTC 2026,1784912676,0,0.1
Fri Jul 24 17:04:41 UTC 2026,1784912681,0,0.09
Fri Jul 24 17:06:07 UTC 2026,1784912767,0,0.16
Fri Jul 24 17:07:51 UTC 2026,1784912871,0,0.11
Fri Jul 24 17:08:01 UTC 2026,1784912881,0,0.1
Fri Jul 24 17:08:23 UTC 2026,1784912903,0,0.15
Fri Jul 24 17:09:40 UTC 2026,1784912980,0,0.12
Fri Jul 24 17:10:48 UTC 2026,1784913048,0,0.16
Fri Jul 24 17:11:43 UTC 2026,1784913103,0,0.19
Fri Jul 24 17:12:00 UTC 2026,1784913120,0,0.13
Fri Jul 24 17:13:45 UTC 2026,1784913225,0,0.18
Fri Jul 24 17:15:15 UTC 2026,1784913315,0,0.08
Fri Jul 24 17:15:20 UTC 2026,1784913320,0,0.17
Fri Jul 24 17:16:46 UTC 2026,1784913406,0,0.18
Fri Jul 24 17:16:50 UTC 2026,1784913410,0,0.11
Fri Jul 24 17:18:53 UTC 2026,1784913533,0,0.17
Fri Jul 24 17:19:34 UTC 2026,1784913574,0,0.12
Fri Jul 24 17:20:42 UTC 2026,1784913642,0,0.18
Fri Jul 24 17:21:46 UTC 2026,1784913706,0,0.19
Fri Jul 24 17:22:40 UTC 2026,1784913760,0,0.09
Fri Jul 24 17:23:07 UTC 2026,1784913787,0,0.16
Fri Jul 24 17:23:26 UTC 2026,1784913806,0,0.11
Fri Jul 24 17:25:00 UTC 2026,1784913900,0,0.12
Fri Jul 24 17:25:05 UTC 2026,1784913905,0,0.17
Fri Jul 24 17:27:12 UTC 2026,1784914032,0,0.11
Fri Jul 24 17:27:26 UTC 2026,1784914046,0,0.18
Fri Jul 24 17:28:16 UTC 2026,1784914096,0,0.12
Fri Jul 24 17:30:04 UTC 2026,1784914204,0,0.1
Fri Jul 24 17:30:18 UTC 2026,1784914218,0,0.17
Fri Jul 24 17:31:04 UTC 2026,1784914264,0,0.18
Fri Jul 24 17:31:12 UTC 2026,1784914272,0,0.13
Fri Jul 24 17:32:47 UTC 2026,1784914367,0,0.19
Fri Jul 24 17:34:13 UTC 2026,1784914453,0,0.11
Fri Jul 24 17:34:23 UTC 2026,1784914463,0,0.12
Fri Jul 24 17:34:54 UTC 2026,1784914494,0,0.18
Fri Jul 24 17:36:11 UTC 2026,1784914571,0,0.1
Fri Jul 24 17:36:52 UTC 2026,1784914612,0,0.19
Fri Jul 24 17:38:22 UTC 2026,1784914702,0,0.11
Fri Jul 24 17:39:03 UTC 2026,1784914743,0,0.19
Fri Jul 24 17:39:30 UTC 2026,1784914770,0,0.18
Fri Jul 24 17:40:11 UTC 2026,1784914811,0,0.11
Fri Jul 24 17:41:01 UTC 2026,1784914861,0,0.09
Fri Jul 24 17:41:15 UTC 2026,1784914875,0,0.16
Fri Jul 24 17:42:46 UTC 2026,1784914966,0,0.18
Fri Jul 24 17:43:18 UTC 2026,1784914998,0,0.1
Fri Jul 24 17:44:29 UTC 2026,1784915069,0,0.2
Fri Jul 24 17:44:33 UTC 2026,1784915073,0,0.12
Fri Jul 24 17:47:00 UTC 2026,1784915220,0,0.19
Fri Jul 24 17:47:17 UTC 2026,1784915237,0,0.09
Fri Jul 24 17:47:53 UTC 2026,1784915273,0,0.11
Fri Jul 24 17:49:06 UTC 2026,1784915346,0,0.19
Fri Jul 24 17:49:38 UTC 2026,1784915378,0,0.09
Fri Jul 24 17:49:56 UTC 2026,1784915396,0,0.24
Fri Jul 24 17:51:50 UTC 2026,1784915510,0,0.18
Fri Jul 24 17:52:11 UTC 2026,1784915531,0,0.12
Fri Jul 24 17:53:44 UTC 2026,1784915624,0,0.18
Fri Jul 24 17:55:36 UTC 2026,1784915736,0,0.1
Fri Jul 24 17:57:01 UTC 2026,1784915821,0,0.12
Fri Jul 24 17:57:25 UTC 2026,1784915845,0,0.18
Fri Jul 24 17:58:47 UTC 2026,1784915927,0,0.2
Fri Jul 24 17:58:55 UTC 2026,1784915935,0,0.1
Fri Jul 24 17:59:18 UTC 2026,1784915958,0,0.11
Fri Jul 24 18:00:44 UTC 2026,1784916044,0,0.19
Fri Jul 24 18:02:02 UTC 2026,1784916122,0,0.18
Fri Jul 24 18:02:15 UTC 2026,1784916135,0,0.12
Fri Jul 24 18:02:56 UTC 2026,1784916176,0,0.18
Fri Jul 24 18:04:08 UTC 2026,1784916248,0,0.13
Fri Jul 24 18:04:12 UTC 2026,1784916252,0,0.19
Fri Jul 24 18:06:29 UTC 2026,1784916389,0,0.12
Fri Jul 24 18:06:46 UTC 2026,1784916406,0,0.2
Fri Jul 24 18:07:27 UTC 2026,1784916447,0,0.19
Fri Jul 24 18:08:27 UTC 2026,1784916507,0,0.11
Fri Jul 24 18:09:03 UTC 2026,1784916543,0,0.18
Fri Jul 24 18:09:48 UTC 2026,1784916588,0,0.13
Fri Jul 24 18:10:55 UTC 2026,1784916655,0,0.14
Fri Jul 24 18:11:10 UTC 2026,1784916670,0,0.21
Fri Jul 24 18:12:59 UTC 2026,1784916779,0,0.14
Fri Jul 24 18:13:13 UTC 2026,1784916793,0,0.2
Fri Jul 24 18:14:11 UTC 2026,1784916851,0,0.14
Fri Jul 24 18:14:24 UTC 2026,1784916864,0,0.2
Fri Jul 24 18:16:59 UTC 2026,1784917019,0,0.11
Fri Jul 24 18:17:53 UTC 2026,1784917073,0,0.1
Fri Jul 24 18:18:29 UTC 2026,1784917109,0,0.18
Fri Jul 24 18:19:10 UTC 2026,1784917150,0,0.19
Fri Jul 24 18:20:05 UTC 2026,1784917205,0,0.13
Fri Jul 24 18:21:04 UTC 2026,1784917264,0,0.22
Fri Jul 24 18:21:27 UTC 2026,1784917287,0,0.13
Fri Jul 24 18:23:29 UTC 2026,1784917409,0,0.21
Fri Jul 24 18:24:29 UTC 2026,1784917469,0,0.15
Fri Jul 24 18:25:27 UTC 2026,1784917527,0,0.21
Fri Jul 24 18:25:45 UTC 2026,1784917545,0,0.2
Fri Jul 24 18:25:50 UTC 2026,1784917550,0,0.13
Fri Jul 24 18:27:25 UTC 2026,1784917645,0,0.14
Fri Jul 24 18:27:47 UTC 2026,1784917667,0,0.21
Fri Jul 24 18:29:06 UTC 2026,1784917746,0,0.14
Fri Jul 24 18:30:04 UTC 2026,1784917804,0,0.21
Fri Jul 24 18:30:31 UTC 2026,1784917831,0,0.19
Fri Jul 24 18:30:54 UTC 2026,1784917854,0,0.15
Fri Jul 24 18:32:15 UTC 2026,1784917935,0,0.21
Fri Jul 24 18:33:37 UTC 2026,1784918017,0,0.14
Fri Jul 24 18:34:09 UTC 2026,1784918049,0,0.2
Fri Jul 24 18:34:13 UTC 2026,1784918053,0,0.12
Fri Jul 24 18:35:39 UTC 2026,1784918139,0,0.13
Fri Jul 24 18:36:16 UTC 2026,1784918176,0,0.2
Fri Jul 24 18:38:31 UTC 2026,1784918311,0,0.13
Fri Jul 24 18:38:54 UTC 2026,1784918334,0,0.2
Fri Jul 24 18:40:02 UTC 2026,1784918402,0,0.12
Fri Jul 24 18:40:34 UTC 2026,1784918434,0,0.22
Fri Jul 24 18:40:39 UTC 2026,1784918439,0,0.15
Fri Jul 24 18:42:08 UTC 2026,1784918528,0,0.14
Fri Jul 24 18:42:18 UTC 2026,1784918538,0,0.23
Fri Jul 24 18:43:49 UTC 2026,1784918629,0,0.15
Fri Jul 24 18:44:21 UTC 2026,1784918661,0,0.22
Fri Jul 24 18:45:51 UTC 2026,1784918751,0,0.23
Fri Jul 24 18:46:27 UTC 2026,1784918787,0,0.15
Fri Jul 24 18:48:31 UTC 2026,1784918911,0,0.24
Fri Jul 24 18:48:39 UTC 2026,1784918919,0,0.15
Fri Jul 24 18:48:52 UTC 2026,1784918932,0,0.22
Fri Jul 24 18:51:36 UTC 2026,1784919096,0,0.15
Fri Jul 24 18:52:08 UTC 2026,1784919128,0,0.21
Fri Jul 24 18:52:30 UTC 2026,1784919150,0,0.16
Fri Jul 24 18:53:47 UTC 2026,1784919227,0,0.11
Fri Jul 24 18:54:50 UTC 2026,1784919290,0,0.2
Fri Jul 24 18:55:22 UTC 2026,1784919322,0,0.21
Fri Jul 24 18:56:22 UTC 2026,1784919382,0,0.15
Fri Jul 24 18:56:58 UTC 2026,1784919418,0,0.16
Fri Jul 24 18:57:30 UTC 2026,1784919450,0,0.22
Fri Jul 24 18:58:41 UTC 2026,1784919521,0,0.13
Fri Jul 24 18:59:10 UTC 2026,1784919550,0,0.22
Fri Jul 24 19:01:02 UTC 2026,1784919662,0,0.21
Fri Jul 24 19:01:43 UTC 2026,1784919703,0,0.13
Fri Jul 24 19:02:14 UTC 2026,1784919734,0,0.1
Fri Jul 24 19:02:28 UTC 2026,1784919748,0,0.23
Fri Jul 24 19:03:32 UTC 2026,1784919812,0,0.22
Fri Jul 24 19:05:02 UTC 2026,1784919902,0,0.16
Fri Jul 24 19:05:16 UTC 2026,1784919916,0,0.11
Fri Jul 24 19:05:53 UTC 2026,1784919953,0,0.2
Fri Jul 24 19:07:09 UTC 2026,1784920029,0,0.23
Fri Jul 24 19:07:15 UTC 2026,1784920035,0,0.14
Fri Jul 24 19:09:52 UTC 2026,1784920192,0,0.22
Fri Jul 24 19:10:48 UTC 2026,1784920248,0,0.23
Fri Jul 24 19:11:18 UTC 2026,1784920278,0,0.13
Fri Jul 24 19:12:09 UTC 2026,1784920329,0,0.11
Fri Jul 24 19:12:46 UTC 2026,1784920366,0,0.22
Fri Jul 24 19:13:30 UTC 2026,1784920410,0,0.23
Fri Jul 24 19:14:34 UTC 2026,1784920474,0,0.15
Fri Jul 24 19:15:10 UTC 2026,1784920510,0,0.17
Fri Jul 24 19:15:34 UTC 2026,1784920534,0,0.21
Fri Jul 24 19:17:40 UTC 2026,1784920660,0,0.16
Fri Jul 24 19:18:15 UTC 2026,1784920695,0,0.22
Fri Jul 24 19:19:10 UTC 2026,1784920750,0,0.16
Fri Jul 24 19:19:37 UTC 2026,1784920777,0,0.21
Fri Jul 24 19:20:09 UTC 2026,1784920809,0,0.17
Fri Jul 24 19:21:49 UTC 2026,1784920909,0,0.2
Fri Jul 24 19:22:31 UTC 2026,1784920951,0,0.16
Fri Jul 24 19:24:05 UTC 2026,1784921045,0,0.23
Fri Jul 24 19:25:31 UTC 2026,1784921131,0,0.15
Fri Jul 24 19:25:40 UTC 2026,1784921140,0,0.24
Fri Jul 24 19:27:21 UTC 2026,1784921241,0,0.14
Fri Jul 24 19:27:25 UTC 2026,1784921245,0,0.25
Fri Jul 24 19:28:50 UTC 2026,1784921330,0,0.21
Fri Jul 24 19:29:36 UTC 2026,1784921376,0,0.12
Fri Jul 24 19:30:09 UTC 2026,1784921409,0,0.13
Fri Jul 24 19:30:30 UTC 2026,1784921430,0,0.2
Fri Jul 24 19:31:43 UTC 2026,1784921503,0,0.15
Fri Jul 24 19:32:46 UTC 2026,1784921566,0,0.22
Fri Jul 24 19:34:08 UTC 2026,1784921648,0,0.15
Fri Jul 24 19:34:45 UTC 2026,1784921685,0,0.24
Fri Jul 24 19:35:40 UTC 2026,1784921740,0,0.16
Fri Jul 24 19:36:55 UTC 2026,1784921815,0,0.22
Fri Jul 24 19:37:05 UTC 2026,1784921825,0,0.17
Fri Jul 24 19:39:21 UTC 2026,1784921961,0,0.23
Fri Jul 24 19:41:19 UTC 2026,1784922079,0,0.15
Fri Jul 24 19:41:50 UTC 2026,1784922110,0,0.16
Fri Jul 24 19:42:04 UTC 2026,1784922124,0,0.24
Fri Jul 24 19:43:21 UTC 2026,1784922201,0,0.21
Fri Jul 24 19:43:52 UTC 2026,1784922232,0,0.16
Fri Jul 24 19:45:51 UTC 2026,1784922351,0,0.15
Fri Jul 24 19:46:13 UTC 2026,1784922373,0,0.22
Fri Jul 24 19:46:22 UTC 2026,1784922382,0,0.25
Fri Jul 24 19:47:31 UTC 2026,1784922451,0,0.12
Fri Jul 24 19:48:48 UTC 2026,1784922528,0,0.14
Fri Jul 24 19:49:24 UTC 2026,1784922564,0,0.23
Fri Jul 24 19:49:51 UTC 2026,1784922591,0,0.22
Fri Jul 24 19:49:55 UTC 2026,1784922595,0,0.16
Fri Jul 24 19:51:21 UTC 2026,1784922681,0,0.15
Fri Jul 24 19:52:38 UTC 2026,1784922758,0,0.24
Fri Jul 24 19:54:13 UTC 2026,1784922853,0,0.15
Fri Jul 24 19:54:23 UTC 2026,1784922863,0,0.23
Fri Jul 24 19:55:45 UTC 2026,1784922945,0,0.15
Fri Jul 24 19:56:57 UTC 2026,1784923017,0,0.14
Fri Jul 24 19:57:15 UTC 2026,1784923035,0,0.22
Fri Jul 24 19:58:05 UTC 2026,1784923085,0,0.17
Fri Jul 24 19:58:27 UTC 2026,1784923107,0,0.22
Fri Jul 24 19:59:39 UTC 2026,1784923179,0,0.15
Fri Jul 24 20:00:02 UTC 2026,1784923202,0,0.22
Fri Jul 24 20:02:00 UTC 2026,1784923320,0,0.15
Fri Jul 24 20:03:53 UTC 2026,1784923433,0,0.22
Fri Jul 24 20:04:16 UTC 2026,1784923456,0,0.16
Fri Jul 24 20:04:30 UTC 2026,1784923470,0,0.23
Fri Jul 24 20:06:05 UTC 2026,1784923565,0,0.15
Fri Jul 24 20:06:19 UTC 2026,1784923579,0,0.14
Fri Jul 24 20:07:04 UTC 2026,1784923624,0,0.22
Fri Jul 24 20:07:58 UTC 2026,1784923678,0,0.23
Fri Jul 24 20:08:44 UTC 2026,1784923724,0,0.17
Fri Jul 24 20:10:05 UTC 2026,1784923805,0,0.22
Fri Jul 24 20:11:18 UTC 2026,1784923878,0,0.16
Fri Jul 24 20:12:26 UTC 2026,1784923946,0,0.23
Fri Jul 24 20:13:16 UTC 2026,1784923996,0,0.17
Fri Jul 24 20:13:53 UTC 2026,1784924033,0,0.24
Fri Jul 24 20:15:08 UTC 2026,1784924108,0,0.21
Fri Jul 24 20:15:45 UTC 2026,1784924145,0,0.15
Fri Jul 24 20:17:21 UTC 2026,1784924241,0,0.23
Fri Jul 24 20:17:52 UTC 2026,1784924272,0,0.16
Fri Jul 24 20:18:10 UTC 2026,1784924290,0,0.2
Fri Jul 24 20:20:27 UTC 2026,1784924427,0,0.21
Fri Jul 24 20:20:44 UTC 2026,1784924444,0,0.15
Fri Jul 24 20:21:20 UTC 2026,1784924480,0,0.22
Fri Jul 24 20:22:24 UTC 2026,1784924544,0,0.16
Fri Jul 24 20:23:22 UTC 2026,1784924602,0,0.21
Fri Jul 24 20:23:37 UTC 2026,1784924617,0,0.14
Fri Jul 24 20:24:23 UTC 2026,1784924663,0,0.12
Fri Jul 24 20:25:21 UTC 2026,1784924721,0,0.21
Fri Jul 24 20:26:42 UTC 2026,1784924802,0,0.23
Fri Jul 24 20:26:51 UTC 2026,1784924811,0,0.17
Fri Jul 24 20:27:41 UTC 2026,1784924861,0,0.14
Fri Jul 24 20:29:12 UTC 2026,1784924952,0,0.22
Fri Jul 24 20:29:35 UTC 2026,1784924975,0,0.21
Fri Jul 24 20:29:57 UTC 2026,1784924997,0,0.15
Fri Jul 24 20:31:42 UTC 2026,1784925102,0,0.2
Fri Jul 24 20:32:45 UTC 2026,1784925165,0,0.15
Fri Jul 24 20:34:06 UTC 2026,1784925246,0,0.21
Fri Jul 24 20:35:33 UTC 2026,1784925333,0,0.15
Fri Jul 24 20:35:55 UTC 2026,1784925355,0,0.21
Fri Jul 24 20:36:23 UTC 2026,1784925383,0,0.16
Fri Jul 24 20:38:24 UTC 2026,1784925504,0,0.22
Fri Jul 24 20:38:28 UTC 2026,1784925508,0,0.15
Fri Jul 24 20:39:38 UTC 2026,1784925578,0,0.2
Fri Jul 24 20:40:04 UTC 2026,1784925604,0,0.15
Fri Jul 24 20:41:36 UTC 2026,1784925696,0,0.22
Fri Jul 24 20:42:10 UTC 2026,1784925730,0,0.11
Fri Jul 24 20:42:30 UTC 2026,1784925750,0,0.12
Fri Jul 24 20:43:37 UTC 2026,1784925817,0,0.2
Fri Jul 24 20:44:09 UTC 2026,1784925849,0,0.21
Fri Jul 24 20:45:04 UTC 2026,1784925904,0,0.15
Fri Jul 24 20:46:26 UTC 2026,1784925986,0,0.19
Fri Jul 24 20:48:14 UTC 2026,1784926094,0,0.23
Fri Jul 24 20:48:37 UTC 2026,1784926117,0,0.15
Fri Jul 24 20:49:27 UTC 2026,1784926167,0,0.2
Fri Jul 24 20:49:40 UTC 2026,1784926180,0,0.15
Fri Jul 24 20:50:44 UTC 2026,1784926244,0,0.21
Fri Jul 24 20:52:01 UTC 2026,1784926321,0,0.16
Fri Jul 24 20:52:28 UTC 2026,1784926348,0,0.15
Fri Jul 24 20:53:44 UTC 2026,1784926424,0,0.22
Fri Jul 24 20:54:43 UTC 2026,1784926483,0,0.11
Fri Jul 24 20:55:38 UTC 2026,1784926538,0,0.23
Fri Jul 24 20:56:19 UTC 2026,1784926579,0,0.11
Fri Jul 24 20:56:46 UTC 2026,1784926606,0,0.23
Fri Jul 24 20:57:26 UTC 2026,1784926646,0,0.13
Fri Jul 24 20:57:32 UTC 2026,1784926652,0,0.21
Fri Jul 24 20:59:20 UTC 2026,1784926760,0,0.22
Fri Jul 24 20:59:29 UTC 2026,1784926769,0,0.13
Fri Jul 24 21:00:37 UTC 2026,1784926837,0,0.2
Fri Jul 24 21:01:05 UTC 2026,1784926865,0,0.13
Fri Jul 24 21:02:27 UTC 2026,1784926947,0,0.19
Fri Jul 24 21:03:35 UTC 2026,1784927015,0,0.15
Fri Jul 24 21:05:18 UTC 2026,1784927118,0,0.22
Fri Jul 24 21:05:41 UTC 2026,1784927141,0,0.14
Fri Jul 24 21:05:51 UTC 2026,1784927151,0,0.21
Fri Jul 24 21:07:39 UTC 2026,1784927259,0,0.19
Fri Jul 24 21:07:58 UTC 2026,1784927278,0,0.15
Fri Jul 24 21:09:19 UTC 2026,1784927359,0,0.14
Fri Jul 24 21:10:27 UTC 2026,1784927427,0,0.2
Fri Jul 24 21:11:21 UTC 2026,1784927481,0,0.22
Fri Jul 24 21:11:57 UTC 2026,1784927517,0,0.08
Fri Jul 24 21:12:52 UTC 2026,1784927572,0,0.2
Fri Jul 24 21:13:29 UTC 2026,1784927609,0,0.1
Fri Jul 24 21:14:59 UTC 2026,1784927699,0,0.12
Fri Jul 24 21:15:22 UTC 2026,1784927722,0,0.23
Fri Jul 24 21:15:53 UTC 2026,1784927753,0,0.11
Fri Jul 24 21:16:30 UTC 2026,1784927790,0,0.19
Fri Jul 24 21:17:28 UTC 2026,1784927848,0,0.2
Fri Jul 24 21:18:37 UTC 2026,1784927917,0,0.11
Fri Jul 24 21:19:39 UTC 2026,1784927979,0,0.19
Fri Jul 24 21:20:47 UTC 2026,1784928047,0,0.11
Fri Jul 24 21:21:14 UTC 2026,1784928074,0,0.22
Fri Jul 24 21:22:37 UTC 2026,1784928157,0,0.18
Fri Jul 24 21:23:13 UTC 2026,1784928193,0,0.11
Fri Jul 24 21:23:48 UTC 2026,1784928228,0,0.21
Fri Jul 24 21:25:15 UTC 2026,1784928315,0,0.11
Fri Jul 24 21:25:47 UTC 2026,1784928347,0,0.19
Fri Jul 24 21:26:15 UTC 2026,1784928375,0,0.14
Fri Jul 24 21:27:09 UTC 2026,1784928429,0,0.19
Fri Jul 24 21:28:34 UTC 2026,1784928514,0,0.11
Fri Jul 24 21:29:02 UTC 2026,1784928542,0,0.22
Fri Jul 24 21:29:24 UTC 2026,1784928564,0,0.11
Fri Jul 24 21:30:41 UTC 2026,1784928641,0,0.12
Fri Jul 24 21:30:51 UTC 2026,1784928651,0,0.19
Fri Jul 24 21:32:03 UTC 2026,1784928723,0,0.12
Fri Jul 24 21:32:07 UTC 2026,1784928727,0,0.18
Fri Jul 24 21:34:06 UTC 2026,1784928846,0,0.19
Fri Jul 24 21:35:09 UTC 2026,1784928909,0,0.12
Fri Jul 24 21:35:49 UTC 2026,1784928949,0,0.18
Fri Jul 24 21:35:59 UTC 2026,1784928959,0,0.12
Fri Jul 24 21:37:02 UTC 2026,1784929022,0,0.09
Fri Jul 24 21:38:29 UTC 2026,1784929109,0,0.2
Fri Jul 24 21:38:43 UTC 2026,1784929123,0,0.1
Fri Jul 24 21:39:00 UTC 2026,1784929140,0,0.18
Fri Jul 24 21:40:35 UTC 2026,1784929235,0,0.12
Fri Jul 24 21:40:40 UTC 2026,1784929240,0,0.18
Fri Jul 24 21:42:33 UTC 2026,1784929353,0,0.1
Fri Jul 24 21:42:47 UTC 2026,1784929367,0,0.19
Fri Jul 24 21:43:33 UTC 2026,1784929413,0,0.11
Fri Jul 24 21:44:22 UTC 2026,1784929462,0,0.17
Fri Jul 24 21:45:12 UTC 2026,1784929512,0,0.13
Fri Jul 24 21:45:44 UTC 2026,1784929544,0,0.18
Fri Jul 24 21:46:52 UTC 2026,1784929612,0,0.11
Fri Jul 24 21:47:55 UTC 2026,1784929675,0,0.18
Fri Jul 24 21:49:44 UTC 2026,1784929784,0,0.2
Fri Jul 24 21:49:49 UTC 2026,1784929789,0,0.11
Fri Jul 24 21:50:21 UTC 2026,1784929821,0,0.17
Fri Jul 24 21:52:28 UTC 2026,1784929948,0,0.11
Fri Jul 24 21:52:41 UTC 2026,1784929961,0,0.2
Fri Jul 24 21:53:39 UTC 2026,1784930019,0,0.19
Fri Jul 24 21:54:34 UTC 2026,1784930074,0,0.09
Fri Jul 24 21:55:11 UTC 2026,1784930111,0,0.06
Fri Jul 24 21:55:15 UTC 2026,1784930115,0,0.19
Fri Jul 24 21:57:49 UTC 2026,1784930269,0,0.12
Fri Jul 24 21:58:44 UTC 2026,1784930324,0,0.11
Fri Jul 24 21:59:57 UTC 2026,1784930397,0,0.2
Fri Jul 24 22:00:06 UTC 2026,1784930406,0,0.18
Fri Jul 24 22:01:13 UTC 2026,1784930473,0,0.11
Fri Jul 24 22:01:41 UTC 2026,1784930501,0,0.13
Fri Jul 24 22:02:31 UTC 2026,1784930551,0,0.19
Fri Jul 24 22:04:01 UTC 2026,1784930641,0,0.1
Fri Jul 24 22:05:10 UTC 2026,1784930710,0,0.19
Fri Jul 24 22:05:50 UTC 2026,1784930750,0,0.12
Fri Jul 24 22:07:07 UTC 2026,1784930827,0,0.13
Fri Jul 24 22:07:58 UTC 2026,1784930878,0,0.18
Fri Jul 24 22:08:25 UTC 2026,1784930905,0,0.12
Fri Jul 24 22:11:08 UTC 2026,1784931068,0,0.13
Fri Jul 24 22:11:25 UTC 2026,1784931085,0,0.19
Fri Jul 24 22:12:57 UTC 2026,1784931177,0,0.07
Fri Jul 24 22:13:15 UTC 2026,1784931195,0,0.13
Fri Jul 24 22:14:05 UTC 2026,1784931245,0,0.19
Fri Jul 24 22:15:13 UTC 2026,1784931313,0,0.18
Fri Jul 24 22:15:35 UTC 2026,1784931335,0,0.13
Fri Jul 24 22:17:06 UTC 2026,1784931426,0,0.19
Fri Jul 24 22:17:41 UTC 2026,1784931461,0,0.11
Fri Jul 24 22:18:14 UTC 2026,1784931494,0,0.2
Fri Jul 24 22:18:18 UTC 2026,1784931498,0,0.16
Fri Jul 24 22:19:54 UTC 2026,1784931594,0,0.19
Fri Jul 24 22:20:16 UTC 2026,1784931616,0,0.14
Fri Jul 24 22:21:51 UTC 2026,1784931711,0,0.2
Fri Jul 24 22:22:10 UTC 2026,1784931730,0,0.12
Fri Jul 24 22:23:17 UTC 2026,1784931797,0,0.22
Fri Jul 24 22:23:58 UTC 2026,1784931838,0,0.15
Fri Jul 24 22:24:48 UTC 2026,1784931888,0,0.2
Fri Jul 24 22:24:58 UTC 2026,1784931898,0,0.14
Fri Jul 24 22:26:32 UTC 2026,1784931992,0,0.15
Fri Jul 24 22:27:59 UTC 2026,1784932079,0,0.2
Fri Jul 24 22:29:11 UTC 2026,1784932151,0,0.21
Fri Jul 24 22:29:37 UTC 2026,1784932177,0,0.15
Fri Jul 24 22:30:05 UTC 2026,1784932205,0,0.2
Fri Jul 24 22:31:04 UTC 2026,1784932264,0,0.1
Fri Jul 24 22:31:45 UTC 2026,1784932305,0,0.14
Fri Jul 24 22:31:49 UTC 2026,1784932309,0,0.2
Fri Jul 24 22:33:34 UTC 2026,1784932414,0,0.21
Fri Jul 24 22:33:47 UTC 2026,1784932427,0,0.15
Fri Jul 24 22:35:00 UTC 2026,1784932500,0,0.2
Fri Jul 24 22:35:32 UTC 2026,1784932532,0,0.15
Fri Jul 24 22:37:39 UTC 2026,1784932659,0,0.22
Fri Jul 24 22:38:14 UTC 2026,1784932694,0,0.13
Fri Jul 24 22:38:24 UTC 2026,1784932704,0,0.22
Fri Jul 24 22:41:02 UTC 2026,1784932862,0,0.13
Fri Jul 24 22:41:07 UTC 2026,1784932867,0,0.21
Fri Jul 24 22:41:16 UTC 2026,1784932876,0,0.19
Fri Jul 24 22:41:48 UTC 2026,1784932908,0,0.13
Fri Jul 24 22:43:23 UTC 2026,1784933003,0,0.19
Fri Jul 24 22:44:00 UTC 2026,1784933040,0,0.13
Fri Jul 24 22:45:25 UTC 2026,1784933125,0,0.21
Fri Jul 24 22:46:30 UTC 2026,1784933190,0,0.19
Fri Jul 24 22:47:32 UTC 2026,1784933252,0,0.13
Fri Jul 24 22:48:05 UTC 2026,1784933285,0,0.2
Fri Jul 24 22:49:07 UTC 2026,1784933347,0,0.11
Fri Jul 24 22:50:02 UTC 2026,1784933402,0,0.12
Fri Jul 24 22:50:44 UTC 2026,1784933444,0,0.21
Fri Jul 24 22:51:34 UTC 2026,1784933494,0,0.15
Fri Jul 24 22:51:38 UTC 2026,1784933498,0,0.21
Fri Jul 24 22:52:59 UTC 2026,1784933579,0,0.23
Fri Jul 24 22:53:16 UTC 2026,1784933596,0,0.15
Fri Jul 24 22:55:02 UTC 2026,1784933702,0,0.18
Fri Jul 24 22:55:15 UTC 2026,1784933715,0,0.15
Fri Jul 24 22:56:51 UTC 2026,1784933811,0,0.13
Fri Jul 24 22:56:55 UTC 2026,1784933815,0,0.2
Fri Jul 24 22:57:54 UTC 2026,1784933874,0,0.19
Fri Jul 24 22:58:26 UTC 2026,1784933906,0,0.14
Fri Jul 24 22:59:33 UTC 2026,1784933973,0,0.19
Fri Jul 24 22:59:43 UTC 2026,1784933983,0,0.12
Fri Jul 24 23:01:14 UTC 2026,1784934074,0,0.18
Fri Jul 24 23:01:35 UTC 2026,1784934095,0,0.14
Fri Jul 24 23:03:38 UTC 2026,1784934218,0,0.19
Fri Jul 24 23:04:50 UTC 2026,1784934290,0,0.18
Fri Jul 24 23:05:45 UTC 2026,1784934345,0,0.13
Fri Jul 24 23:06:22 UTC 2026,1784934382,0,0.17
Fri Jul 24 23:07:17 UTC 2026,1784934437,0,0.1
Fri Jul 24 23:07:52 UTC 2026,1784934472,0,0.14
Fri Jul 24 23:08:32 UTC 2026,1784934512,0,0.18
Fri Jul 24 23:09:42 UTC 2026,1784934582,0,0.15
Fri Jul 24 23:09:46 UTC 2026,1784934586,0,0.19
Fri Jul 24 23:11:39 UTC 2026,1784934699,0,0.18
Fri Jul 24 23:11:57 UTC 2026,1784934717,0,0.14
Fri Jul 24 23:12:38 UTC 2026,1784934758,0,0.2
Fri Jul 24 23:14:04 UTC 2026,1784934844,0,0.12
Fri Jul 24 23:14:18 UTC 2026,1784934858,0,0.14
Fri Jul 24 23:14:55 UTC 2026,1784934895,0,0.18
Fri Jul 24 23:16:30 UTC 2026,1784934990,0,0.14
Fri Jul 24 23:16:51 UTC 2026,1784935011,0,0.19
Fri Jul 24 23:18:04 UTC 2026,1784935084,0,0.17
Fri Jul 24 23:18:50 UTC 2026,1784935130,0,0.12
Fri Jul 24 23:20:30 UTC 2026,1784935230,0,0.17
Fri Jul 24 23:20:39 UTC 2026,1784935239,0,0.12
Fri Jul 24 23:21:20 UTC 2026,1784935280,0,0.14
Fri Jul 24 23:21:29 UTC 2026,1784935289,0,0.18
Fri Jul 24 23:23:44 UTC 2026,1784935424,0,0.12
Fri Jul 24 23:24:35 UTC 2026,1784935475,0,0.18
Fri Jul 24 23:25:21 UTC 2026,1784935521,0,0.08
Fri Jul 24 23:26:42 UTC 2026,1784935602,0,0.18
Fri Jul 24 23:27:13 UTC 2026,1784935633,0,0.11
Fri Jul 24 23:27:27 UTC 2026,1784935647,0,0.17
Fri Jul 24 23:27:44 UTC 2026,1784935664,0,0.12
Fri Jul 24 23:29:07 UTC 2026,1784935747,0,0.18
Fri Jul 24 23:29:48 UTC 2026,1784935788,0,0.13
Fri Jul 24 23:30:46 UTC 2026,1784935846,0,0.14
Fri Jul 24 23:31:18 UTC 2026,1784935878,0,0.18
Fri Jul 24 23:32:45 UTC 2026,1784935965,0,0.19
Fri Jul 24 23:33:03 UTC 2026,1784935983,0,0.13
Fri Jul 24 23:34:47 UTC 2026,1784936087,0,0.12
Fri Jul 24 23:34:51 UTC 2026,1784936091,0,0.2
Fri Jul 24 23:35:54 UTC 2026,1784936154,0,0.18
Fri Jul 24 23:37:02 UTC 2026,1784936222,0,0.13
Fri Jul 24 23:38:56 UTC 2026,1784936336,0,0.17
Fri Jul 24 23:39:27 UTC 2026,1784936367,0,0.11
Fri Jul 24 23:40:26 UTC 2026,1784936426,0,0.19
Fri Jul 24 23:40:40 UTC 2026,1784936440,0,0.18
Fri Jul 24 23:40:58 UTC 2026,1784936458,0,0.12
Fri Jul 24 23:43:00 UTC 2026,1784936580,0,0.17
Fri Jul 24 23:43:13 UTC 2026,1784936593,0,0.09
Fri Jul 24 23:43:59 UTC 2026,1784936639,0,0.12
Fri Jul 24 23:44:26 UTC 2026,1784936666,0,0.17
Fri Jul 24 23:45:39 UTC 2026,1784936739,0,0.12
Fri Jul 24 23:45:48 UTC 2026,1784936748,0,0.15
Fri Jul 24 23:45:57 UTC 2026,1784936757,0,0.14
Fri Jul 24 23:46:07 UTC 2026,1784936767,0,0.16
Fri Jul 24 23:46:24 UTC 2026,1784936784,0,0.12
Fri Jul 24 23:48:18 UTC 2026,1784936898,0,0.11
Fri Jul 24 23:48:41 UTC 2026,1784936921,0,0.17
Fri Jul 24 23:48:59 UTC 2026,1784936939,0,0.12
Fri Jul 24 23:49:57 UTC 2026,1784936997,0,0.16
Fri Jul 24 23:50:33 UTC 2026,1784937033,0,0.09
Fri Jul 24 23:50:57 UTC 2026,1784937057,0,0.17
Fri Jul 24 23:52:45 UTC 2026,1784937165,0,0.12
Fri Jul 24 23:53:53 UTC 2026,1784937233,0,0.1
Fri Jul 24 23:54:52 UTC 2026,1784937292,0,0.17
Fri Jul 24 23:55:32 UTC 2026,1784937332,0,0.15
Fri Jul 24 23:56:26 UTC 2026,1784937386,0,0.1
Fri Jul 24 23:57:17 UTC 2026,1784937437,0,0.13
Fri Jul 24 23:57:26 UTC 2026,1784937446,0,0.17
Fri Jul 24 23:59:09 UTC 2026,1784937549,0,0.15
Fri Jul 24 23:59:19 UTC 2026,1784937559,0,0.11
Sat Jul 25 00:00:46 UTC 2026,1784937646,0,0.16
Sat Jul 25 00:01:16 UTC 2026,1784937676,0,0.08
Sat Jul 25 00:02:29 UTC 2026,1784937749,0,0.15
Sat Jul 25 00:03:29 UTC 2026,1784937809,0,0.1
Sat Jul 25 00:05:04 UTC 2026,1784937904,0,0.15
Sat Jul 25 00:05:25 UTC 2026,1784937925,0,0.16
Sat Jul 25 00:05:45 UTC 2026,1784937945,0,0.11
Sat Jul 25 00:07:33 UTC 2026,1784938053,0,0.15
Sat Jul 25 00:09:00 UTC 2026,1784938140,0,0.16
Sat Jul 25 00:09:30 UTC 2026,1784938170,0,0.11
Sat Jul 25 00:10:21 UTC 2026,1784938221,0,0.16
Sat Jul 25 00:11:34 UTC 2026,1784938294,0,0.1
Sat Jul 25 00:12:14 UTC 2026,1784938334,0,0.14
Sat Jul 25 00:12:59 UTC 2026,1784938379,0,0.1
Sat Jul 25 00:14:11 UTC 2026,1784938451,0,0.15
Sat Jul 25 00:14:16 UTC 2026,1784938456,0,0.1
Sat Jul 25 00:15:34 UTC 2026,1784938534,0,0.11
Sat Jul 25 00:15:47 UTC 2026,1784938547,0,0.15
Sat Jul 25 00:18:25 UTC 2026,1784938705,0,0.07
Sat Jul 25 00:18:29 UTC 2026,1784938709,0,0.16
Sat Jul 25 00:19:56 UTC 2026,1784938796,0,0.04
Sat Jul 25 00:20:55 UTC 2026,1784938855,0,0.16
Sat Jul 25 00:21:45 UTC 2026,1784938905,0,0.09
Sat Jul 25 00:21:58 UTC 2026,1784938918,0,0.15
Sat Jul 25 00:22:25 UTC 2026,1784938945,0,0.09
Sat Jul 25 00:23:48 UTC 2026,1784939028,0,0.13
Sat Jul 25 00:26:36 UTC 2026,1784939196,0,0.07
Sat Jul 25 00:27:16 UTC 2026,1784939236,0,0.08
Sat Jul 25 00:27:44 UTC 2026,1784939264,0,0.13
Sat Jul 25 00:29:09 UTC 2026,1784939349,0,0.09
Sat Jul 25 00:29:54 UTC 2026,1784939394,0,0.13
Sat Jul 25 00:30:59 UTC 2026,1784939459,0,0.04
Sat Jul 25 00:31:53 UTC 2026,1784939513,0,0.08
Sat Jul 25 00:33:05 UTC 2026,1784939585,0,0.12
Sat Jul 25 00:34:59 UTC 2026,1784939699,0,0.08
Sat Jul 25 00:35:12 UTC 2026,1784939712,0,0.13
Sat Jul 25 00:35:22 UTC 2026,1784939722,0,0.08
Sat Jul 25 00:37:10 UTC 2026,1784939830,0,0.12
Sat Jul 25 00:37:41 UTC 2026,1784939861,0,0.04
Sat Jul 25 00:38:45 UTC 2026,1784939925,0,0.07
Sat Jul 25 00:39:25 UTC 2026,1784939965,0,0.13
Sat Jul 25 00:40:42 UTC 2026,1784940042,0,0.05
Sat Jul 25 00:40:47 UTC 2026,1784940047,0,0.13
Sat Jul 25 00:42:13 UTC 2026,1784940133,0,0.07
Sat Jul 25 00:42:32 UTC 2026,1784940152,0,0.13
Sat Jul 25 00:43:21 UTC 2026,1784940201,0,0.11
Sat Jul 25 00:44:11 UTC 2026,1784940251,0,0.04
Sat Jul 25 00:45:19 UTC 2026,1784940319,0,0.11
Sat Jul 25 00:45:56 UTC 2026,1784940356,0,0.06
Sat Jul 25 00:47:13 UTC 2026,1784940433,0,0.11
Sat Jul 25 00:47:40 UTC 2026,1784940460,0,0.06
Sat Jul 25 00:48:31 UTC 2026,1784940511,0,0.05
Sat Jul 25 00:49:29 UTC 2026,1784940569,0,0.11
Sat Jul 25 00:51:19 UTC 2026,1784940679,0,0.04
Sat Jul 25 00:52:44 UTC 2026,1784940764,0,0.1
Sat Jul 25 00:53:15 UTC 2026,1784940795,0,0.11
Sat Jul 25 00:53:30 UTC 2026,1784940810,0,0.04
Sat Jul 25 00:55:18 UTC 2026,1784940918,0,0.12
Sat Jul 25 00:55:32 UTC 2026,1784940932,0,0.0
Sat Jul 25 00:57:07 UTC 2026,1784941027,0,0.06
Sat Jul 25 00:58:02 UTC 2026,1784941082,0,0.13
Sat Jul 25 00:58:33 UTC 2026,1784941113,0,0.11
Sat Jul 25 00:58:51 UTC 2026,1784941131,0,0.05
Sat Jul 25 01:00:31 UTC 2026,1784941231,0,0.13
Sat Jul 25 01:01:25 UTC 2026,1784941285,0,0.05
Sat Jul 25 01:01:35 UTC 2026,1784941295,0,0.04
Sat Jul 25 01:02:43 UTC 2026,1784941363,0,0.11
Sat Jul 25 01:04:04 UTC 2026,1784941444,0,0.05
Sat Jul 25 01:05:17 UTC 2026,1784941517,0,0.11
Sat Jul 25 01:05:44 UTC 2026,1784941544,0,0.06
Sat Jul 25 01:06:52 UTC 2026,1784941612,0,0.1
Sat Jul 25 01:07:56 UTC 2026,1784941676,0,-0.03
Sat Jul 25 01:08:13 UTC 2026,1784941693,0,0.14
Sat Jul 25 01:08:17 UTC 2026,1784941697,0,0.01
Sat Jul 25 01:09:53 UTC 2026,1784941793,0,0.06
Sat Jul 25 01:09:57 UTC 2026,1784941797,0,0.11
Sat Jul 25 01:11:24 UTC 2026,1784941884,0,0.1
Sat Jul 25 01:11:55 UTC 2026,1784941915,0,0.05
Sat Jul 25 01:13:04 UTC 2026,1784941984,0,0.09
Sat Jul 25 01:13:45 UTC 2026,1784942025,0,0.02
Sat Jul 25 01:14:43 UTC 2026,1784942083,0,0.01
Sat Jul 25 01:15:34 UTC 2026,1784942134,0,0.11
Sat Jul 25 01:16:28 UTC 2026,1784942188,0,0.04
Sat Jul 25 01:17:27 UTC 2026,1784942247,0,0.11
Sat Jul 25 01:18:22 UTC 2026,1784942302,0,0.08
Sat Jul 25 01:18:56 UTC 2026,1784942336,0,0.04
Sat Jul 25 01:21:09 UTC 2026,1784942469,0,0.11
Sat Jul 25 01:21:31 UTC 2026,1784942491,0,0.12
Sat Jul 25 01:21:54 UTC 2026,1784942514,0,0.02
Sat Jul 25 01:23:42 UTC 2026,1784942622,0,0.0
Sat Jul 25 01:23:46 UTC 2026,1784942626,0,0.09
Sat Jul 25 01:24:38 UTC 2026,1784942678,0,0.1
Sat Jul 25 01:25:45 UTC 2026,1784942745,0,0.03
Sat Jul 25 01:26:21 UTC 2026,1784942781,0,0.0
Sat Jul 25 01:26:34 UTC 2026,1784942794,0,0.09
Sat Jul 25 01:28:14 UTC 2026,1784942894,0,0.08
Sat Jul 25 01:29:18 UTC 2026,1784942958,0,0.01
Sat Jul 25 01:30:08 UTC 2026,1784943008,0,0.08
Sat Jul 25 01:30:57 UTC 2026,1784943057,0,0.02
Sat Jul 25 01:31:30 UTC 2026,1784943090,0,0.05
Sat Jul 25 01:32:50 UTC 2026,1784943170,0,-0.02
Sat Jul 25 01:33:00 UTC 2026,1784943180,0,0.02
Sat Jul 25 01:33:13 UTC 2026,1784943193,0,0.07
Sat Jul 25 01:35:02 UTC 2026,1784943302,0,0.01
Sat Jul 25 01:35:39 UTC 2026,1784943339,0,0.07
Sat Jul 25 01:36:10 UTC 2026,1784943370,0,0.02
Sat Jul 25 01:36:51 UTC 2026,1784943411,0,0.07
Sat Jul 25 01:38:31 UTC 2026,1784943511,0,0.01
Sat Jul 25 01:38:48 UTC 2026,1784943528,0,0.07
Sat Jul 25 01:39:34 UTC 2026,1784943574,0,0.05
Sat Jul 25 01:40:11 UTC 2026,1784943611,0,0.0
Sat Jul 25 01:41:15 UTC 2026,1784943675,0,0.06
Sat Jul 25 01:42:22 UTC 2026,1784943742,0,0.01
Sat Jul 25 01:43:02 UTC 2026,1784943782,0,0.07
Sat Jul 25 01:43:48 UTC 2026,1784943828,0,0.0
Sat Jul 25 01:44:51 UTC 2026,1784943891,0,0.05
Sat Jul 25 01:45:54 UTC 2026,1784943954,0,0.0
Sat Jul 25 01:46:31 UTC 2026,1784943991,0,0.01
Sat Jul 25 01:46:39 UTC 2026,1784943999,0,0.06
Sat Jul 25 01:48:52 UTC 2026,1784944132,0,-0.01
Sat Jul 25 01:49:14 UTC 2026,1784944154,0,0.06
Sat Jul 25 01:49:54 UTC 2026,1784944194,0,-0.03
Sat Jul 25 01:50:17 UTC 2026,1784944217,0,0.04
Sat Jul 25 01:51:21 UTC 2026,1784944281,0,-0.02
Sat Jul 25 01:51:40 UTC 2026,1784944300,0,0.05
Sat Jul 25 01:52:51 UTC 2026,1784944371,0,0.0
Sat Jul 25 01:54:13 UTC 2026,1784944453,0,0.05
Sat Jul 25 01:55:17 UTC 2026,1784944517,0,0.0
Sat Jul 25 01:55:26 UTC 2026,1784944526,0,0.05
Sat Jul 25 01:57:28 UTC 2026,1784944648,0,-0.01
Sat Jul 25 01:57:37 UTC 2026,1784944657,0,0.05
Sat Jul 25 01:58:49 UTC 2026,1784944729,0,0.0
Sat Jul 25 01:59:22 UTC 2026,1784944762,0,0.04
Sat Jul 25 01:59:49 UTC 2026,1784944789,0,-0.02
Sat Jul 25 02:01:01 UTC 2026,1784944861,0,0.04
Sat Jul 25 02:02:31 UTC 2026,1784944951,0,-0.01
Sat Jul 25 02:03:04 UTC 2026,1784944984,0,-0.02
Sat Jul 25 02:03:49 UTC 2026,1784945029,0,0.04
Sat Jul 25 02:05:47 UTC 2026,1784945147,0,-0.02
Sat Jul 25 02:06:04 UTC 2026,1784945164,0,-0.01
Sat Jul 25 02:07:00 UTC 2026,1784945220,0,0.06
Sat Jul 25 02:08:07 UTC 2026,1784945287,0,-0.06
Sat Jul 25 02:09:06 UTC 2026,1784945346,0,0.04
Sat Jul 25 02:09:47 UTC 2026,1784945387,0,0.06
Sat Jul 25 02:10:05 UTC 2026,1784945405,0,-0.03
Sat Jul 25 02:11:00 UTC 2026,1784945460,0,0.04
Sat Jul 25 02:11:05 UTC 2026,1784945465,0,-0.02
Sat Jul 25 02:12:58 UTC 2026,1784945578,0,0.04
Sat Jul 25 02:13:02 UTC 2026,1784945582,0,-0.04
Sat Jul 25 02:14:24 UTC 2026,1784945664,0,0.03
Sat Jul 25 02:15:28 UTC 2026,1784945728,0,-0.05
Sat Jul 25 02:15:55 UTC 2026,1784945755,0,-0.04
Sat Jul 25 02:16:04 UTC 2026,1784945764,0,0.03
Sat Jul 25 02:17:34 UTC 2026,1784945854,0,-0.04
Sat Jul 25 02:18:48 UTC 2026,1784945928,0,0.06
Sat Jul 25 02:19:05 UTC 2026,1784945945,0,0.05
Sat Jul 25 02:19:51 UTC 2026,1784945991,0,-0.03
Sat Jul 25 02:21:03 UTC 2026,1784946063,0,0.02
Sat Jul 25 02:21:20 UTC 2026,1784946080,0,-0.04
Sat Jul 25 02:22:25 UTC 2026,1784946145,0,0.02
Sat Jul 25 02:23:42 UTC 2026,1784946222,0,-0.05
Sat Jul 25 02:25:12 UTC 2026,1784946312,0,-0.04
Sat Jul 25 02:25:16 UTC 2026,1784946316,0,0.03
Sat Jul 25 02:26:21 UTC 2026,1784946381,0,-0.08
Sat Jul 25 02:27:02 UTC 2026,1784946422,0,0.02
Sat Jul 25 02:27:56 UTC 2026,1784946476,0,-0.02
Sat Jul 25 02:28:00 UTC 2026,1784946480,0,0.04
Sat Jul 25 02:29:12 UTC 2026,1784946552,0,0.01
Sat Jul 25 02:30:31 UTC 2026,1784946631,0,-0.05
Sat Jul 25 02:30:39 UTC 2026,1784946639,0,-0.04
Sat Jul 25 02:31:38 UTC 2026,1784946698,0,0.02
Sat Jul 25 02:32:23 UTC 2026,1784946743,0,0.01
Sat Jul 25 02:33:40 UTC 2026,1784946820,0,-0.05
Sat Jul 25 02:34:21 UTC 2026,1784946861,0,0.0
Sat Jul 25 02:34:48 UTC 2026,1784946888,0,-0.05
Sat Jul 25 02:35:42 UTC 2026,1784946942,0,0.0
Sat Jul 25 02:36:02 UTC 2026,1784946962,0,-0.05
Sat Jul 25 02:37:13 UTC 2026,1784947033,0,0.0
Sat Jul 25 02:37:23 UTC 2026,1784947043,0,-0.06
Sat Jul 25 02:38:54 UTC 2026,1784947134,0,-0.01
Sat Jul 25 02:39:57 UTC 2026,1784947197,0,-0.06
Sat Jul 25 02:40:42 UTC 2026,1784947242,0,0.0
Sat Jul 25 02:41:13 UTC 2026,1784947273,0,-0.05
Sat Jul 25 02:42:22 UTC 2026,1784947342,0,-0.06
Sat Jul 25 02:43:20 UTC 2026,1784947400,0,-0.01
Sat Jul 25 02:44:24 UTC 2026,1784947464,0,-0.13
Sat Jul 25 02:45:14 UTC 2026,1784947514,0,-0.01
Sat Jul 25 02:46:49 UTC 2026,1784947609,0,-0.08
Sat Jul 25 02:47:21 UTC 2026,1784947641,0,-0.09
Sat Jul 25 02:47:57 UTC 2026,1784947677,0,-0.03
Sat Jul 25 02:49:56 UTC 2026,1784947796,0,-0.02
Sat Jul 25 02:50:23 UTC 2026,1784947823,0,-0.09
Sat Jul 25 02:50:27 UTC 2026,1784947827,0,-0.08
Sat Jul 25 02:50:41 UTC 2026,1784947841,0,-0.03
Sat Jul 25 02:52:39 UTC 2026,1784947959,0,-0.11
Sat Jul 25 02:53:06 UTC 2026,1784947986,0,-0.02
Sat Jul 25 02:54:19 UTC 2026,1784948059,0,-0.03
Sat Jul 25 02:54:54 UTC 2026,1784948094,0,-0.11
Sat Jul 25 02:55:35 UTC 2026,1784948135,0,-0.13
Sat Jul 25 02:55:44 UTC 2026,1784948144,0,-0.03
Sat Jul 25 02:57:11 UTC 2026,1784948231,0,-0.14
Sat Jul 25 02:58:19 UTC 2026,1784948299,0,-0.03
Sat Jul 25 02:59:44 UTC 2026,1784948384,0,-0.14
Sat Jul 25 03:00:43 UTC 2026,1784948443,0,-0.16
Sat Jul 25 03:01:16 UTC 2026,1784948476,0,-0.02
Sat Jul 25 03:02:55 UTC 2026,1784948575,0,-0.12
Sat Jul 25 03:03:35 UTC 2026,1784948615,0,-0.04
Sat Jul 25 03:03:49 UTC 2026,1784948629,0,-0.05
Sat Jul 25 03:04:48 UTC 2026,1784948688,0,-0.12
Sat Jul 25 03:05:20 UTC 2026,1784948720,0,-0.01
Sat Jul 25 03:05:56 UTC 2026,1784948756,0,-0.12
Sat Jul 25 03:07:00 UTC 2026,1784948820,0,-0.05
Sat Jul 25 03:07:54 UTC 2026,1784948874,0,-0.12
Sat Jul 25 03:08:40 UTC 2026,1784948920,0,-0.07
Sat Jul 25 03:09:52 UTC 2026,1784948992,0,-0.13
Sat Jul 25 03:11:09 UTC 2026,1784949069,0,-0.15
Sat Jul 25 03:11:50 UTC 2026,1784949110,0,-0.05
Sat Jul 25 03:12:22 UTC 2026,1784949142,0,-0.06
Sat Jul 25 03:12:36 UTC 2026,1784949156,0,-0.13
Sat Jul 25 03:13:39 UTC 2026,1784949219,0,-0.06
Sat Jul 25 03:14:05 UTC 2026,1784949245,0,-0.13
Sat Jul 25 03:15:13 UTC 2026,1784949313,0,-0.01
Sat Jul 25 03:16:22 UTC 2026,1784949382,0,-0.16
Sat Jul 25 03:17:16 UTC 2026,1784949436,0,-0.07
Sat Jul 25 03:17:43 UTC 2026,1784949463,0,-0.15
Sat Jul 25 03:19:14 UTC 2026,1784949554,0,-0.07
Sat Jul 25 03:20:27 UTC 2026,1784949627,0,-0.18
Sat Jul 25 03:21:39 UTC 2026,1784949699,0,-0.06
Sat Jul 25 03:22:37 UTC 2026,1784949757,0,-0.15
Sat Jul 25 03:24:17 UTC 2026,1784949857,0,-0.17
Sat Jul 25 03:24:45 UTC 2026,1784949885,0,-0.07
Sat Jul 25 03:25:39 UTC 2026,1784949939,0,-0.17
Sat Jul 25 03:25:44 UTC 2026,1784949944,0,-0.07
Sat Jul 25 03:26:42 UTC 2026,1784950002,0,-0.18
Sat Jul 25 03:28:09 UTC 2026,1784950089,0,-0.05
Sat Jul 25 03:28:22 UTC 2026,1784950102,0,-0.1
Sat Jul 25 03:28:40 UTC 2026,1784950120,0,-0.18
Sat Jul 25 03:30:07 UTC 2026,1784950207,0,-0.17
Sat Jul 25 03:30:15 UTC 2026,1784950215,0,-0.06
Sat Jul 25 03:31:55 UTC 2026,1784950315,0,-0.18
Sat Jul 25 03:32:23 UTC 2026,1784950343,0,-0.08
Sat Jul 25 03:34:02 UTC 2026,1784950442,0,-0.2
Sat Jul 25 03:34:34 UTC 2026,1784950474,0,-0.06
Sat Jul 25 03:35:05 UTC 2026,1784950505,0,-0.09
Sat Jul 25 03:36:00 UTC 2026,1784950560,0,-0.2
Sat Jul 25 03:37:26 UTC 2026,1784950646,0,-0.07
Sat Jul 25 03:37:58 UTC 2026,1784950678,0,-0.19
Sat Jul 25 03:38:48 UTC 2026,1784950728,0,-0.09
Sat Jul 25 03:39:01 UTC 2026,1784950741,0,-0.28
Sat Jul 25 03:40:06 UTC 2026,1784950806,0,-0.11
Sat Jul 25 03:40:10 UTC 2026,1784950810,0,-0.2
Sat Jul 25 03:42:16 UTC 2026,1784950936,0,-0.12
Sat Jul 25 03:42:30 UTC 2026,1784950950,0,-0.2
Sat Jul 25 03:43:43 UTC 2026,1784951023,0,-0.11
Sat Jul 25 03:44:28 UTC 2026,1784951068,0,-0.23
Sat Jul 25 03:45:09 UTC 2026,1784951109,0,-0.12
Sat Jul 25 03:46:21 UTC 2026,1784951181,0,-0.2
Sat Jul 25 03:46:35 UTC 2026,1784951195,0,-0.23
Sat Jul 25 03:47:07 UTC 2026,1784951227,0,-0.08
Sat Jul 25 03:48:46 UTC 2026,1784951326,0,-0.25
Sat Jul 25 03:49:37 UTC 2026,1784951377,0,-0.07
Sat Jul 25 03:49:54 UTC 2026,1784951394,0,-0.19
Sat Jul 25 03:51:21 UTC 2026,1784951481,0,-0.1
Sat Jul 25 03:51:48 UTC 2026,1784951508,0,-0.12
Sat Jul 25 03:52:42 UTC 2026,1784951562,0,-0.2
Sat Jul 25 03:54:03 UTC 2026,1784951643,0,-0.13
Sat Jul 25 03:55:08 UTC 2026,1784951708,0,-0.11
Sat Jul 25 03:55:26 UTC 2026,1784951726,0,-0.25
Sat Jul 25 03:57:19 UTC 2026,1784951839,0,-0.09
Sat Jul 25 03:58:27 UTC 2026,1784951907,0,-0.13
Sat Jul 25 03:59:04 UTC 2026,1784951944,0,-0.21
Sat Jul 25 03:59:44 UTC 2026,1784951984,0,-0.11
Sat Jul 25 03:59:52 UTC 2026,1784951992,0,-0.21
Sat Jul 25 04:01:24 UTC 2026,1784952084,0,-0.2
Sat Jul 25 04:01:41 UTC 2026,1784952101,0,-0.13
Sat Jul 25 04:03:17 UTC 2026,1784952197,0,-0.22
Sat Jul 25 04:03:54 UTC 2026,1784952234,0,-0.13
Sat Jul 25 04:05:19 UTC 2026,1784952319,0,-0.22
Sat Jul 25 04:05:23 UTC 2026,1784952323,0,-0.13
Sat Jul 25 04:07:22 UTC 2026,1784952442,0,-0.21
Sat Jul 25 04:08:21 UTC 2026,1784952501,0,-0.11
Sat Jul 25 04:08:34 UTC 2026,1784952514,0,-0.21
Sat Jul 25 04:09:42 UTC 2026,1784952582,0,-0.13
Sat Jul 25 04:10:59 UTC 2026,1784952659,0,-0.21
Sat Jul 25 04:11:45 UTC 2026,1784952705,0,-0.14
Sat Jul 25 04:12:34 UTC 2026,1784952754,0,-0.28
Sat Jul 25 04:13:24 UTC 2026,1784952804,0,-0.23
Sat Jul 25 04:13:57 UTC 2026,1784952837,0,-0.16
Sat Jul 25 04:15:00 UTC 2026,1784952900,0,-0.28
Sat Jul 25 04:15:44 UTC 2026,1784952944,0,-0.15
Sat Jul 25 04:16:21 UTC 2026,1784952981,0,-0.23
Sat Jul 25 04:17:48 UTC 2026,1784953068,0,-0.13
Sat Jul 25 04:19:18 UTC 2026,1784953158,0,-0.11
Sat Jul 25 04:19:27 UTC 2026,1784953167,0,-0.25
Sat Jul 25 04:20:17 UTC 2026,1784953217,0,-0.26
Sat Jul 25 04:21:06 UTC 2026,1784953266,0,-0.1
Sat Jul 25 04:21:20 UTC 2026,1784953280,0,-0.32
Sat Jul 25 04:22:33 UTC 2026,1784953353,0,0.0
Sat Jul 25 04:23:23 UTC 2026,1784953403,0,-0.28
Sat Jul 25 04:23:33 UTC 2026,1784953413,0,-0.07
Sat Jul 25 04:25:40 UTC 2026,1784953540,0,-0.25
Sat Jul 25 04:25:48 UTC 2026,1784953548,0,-0.06
Sat Jul 25 04:26:29 UTC 2026,1784953589,0,-0.14
Sat Jul 25 04:26:42 UTC 2026,1784953602,0,-0.3
Sat Jul 25 04:28:04 UTC 2026,1784953684,0,-0.27
Sat Jul 25 04:28:17 UTC 2026,1784953697,0,-0.1
Sat Jul 25 04:29:50 UTC 2026,1784953790,0,-0.08
Sat Jul 25 04:30:11 UTC 2026,1784953811,0,-0.26
Sat Jul 25 04:31:28 UTC 2026,1784953888,0,-0.14
Sat Jul 25 04:32:18 UTC 2026,1784953938,0,-0.31
Sat Jul 25 04:33:36 UTC 2026,1784954016,0,-0.27
Sat Jul 25 04:34:03 UTC 2026,1784954043,0,-0.16
Sat Jul 25 04:34:48 UTC 2026,1784954088,0,-0.29
Sat Jul 25 04:35:55 UTC 2026,1784954155,0,-0.12
Sat Jul 25 04:36:01 UTC 2026,1784954161,0,-0.26
Sat Jul 25 04:36:14 UTC 2026,1784954174,0,-0.15
Sat Jul 25 04:37:45 UTC 2026,1784954265,0,-0.27
Sat Jul 25 04:38:30 UTC 2026,1784954310,0,-0.13
Sat Jul 25 04:39:56 UTC 2026,1784954396,0,-0.28
Sat Jul 25 04:40:05 UTC 2026,1784954405,0,-0.14
Sat Jul 25 04:41:37 UTC 2026,1784954497,0,-0.27
Sat Jul 25 04:41:46 UTC 2026,1784954506,0,-0.14
Sat Jul 25 04:43:57 UTC 2026,1784954637,0,-0.25
Sat Jul 25 04:44:20 UTC 2026,1784954660,0,-0.27
Sat Jul 25 04:44:24 UTC 2026,1784954664,0,-0.18
Sat Jul 25 04:46:40 UTC 2026,1784954800,0,-0.29
Sat Jul 25 04:47:08 UTC 2026,1784954828,0,-0.14
Sat Jul 25 04:47:57 UTC 2026,1784954877,0,-0.28
Sat Jul 25 04:48:10 UTC 2026,1784954890,0,-0.1
Sat Jul 25 04:49:23 UTC 2026,1784954963,0,-0.19
Sat Jul 25 04:50:00 UTC 2026,1784955000,0,-0.29
Sat Jul 25 04:51:11 UTC 2026,1784955071,0,-0.33
Sat Jul 25 04:51:25 UTC 2026,1784955085,0,-0.14
Sat Jul 25 04:52:57 UTC 2026,1784955177,0,-0.17
Sat Jul 25 04:53:28 UTC 2026,1784955208,0,-0.31
Sat Jul 25 04:54:31 UTC 2026,1784955271,0,-0.19
Sat Jul 25 04:55:16 UTC 2026,1784955316,0,-0.29
Sat Jul 25 04:56:25 UTC 2026,1784955385,0,-0.18
Sat Jul 25 04:57:23 UTC 2026,1784955443,0,-0.29
Sat Jul 25 04:57:27 UTC 2026,1784955447,0,-0.28
Sat Jul 25 04:58:31 UTC 2026,1784955511,0,-0.19
Sat Jul 25 04:59:16 UTC 2026,1784955556,0,-0.3
Sat Jul 25 04:59:48 UTC 2026,1784955588,0,-0.21
Sat Jul 25 05:01:37 UTC 2026,1784955697,0,-0.29
Sat Jul 25 05:03:12 UTC 2026,1784955792,0,-0.31
Sat Jul 25 05:03:58 UTC 2026,1784955838,0,-0.21
Sat Jul 25 05:04:03 UTC 2026,1784955843,0,-0.3
Sat Jul 25 05:04:48 UTC 2026,1784955888,0,-0.21
Sat Jul 25 05:07:07 UTC 2026,1784956027,0,-0.32
Sat Jul 25 05:07:53 UTC 2026,1784956073,0,-0.3
Sat Jul 25 05:07:59 UTC 2026,1784956079,0,-0.21
Sat Jul 25 05:09:24 UTC 2026,1784956164,0,-0.36
Sat Jul 25 05:10:18 UTC 2026,1784956218,0,-0.21
Sat Jul 25 05:11:08 UTC 2026,1784956268,0,-0.35
Sat Jul 25 05:12:08 UTC 2026,1784956328,0,-0.18
Sat Jul 25 05:13:02 UTC 2026,1784956382,0,-0.17
Sat Jul 25 05:13:20 UTC 2026,1784956400,0,-0.31
Sat Jul 25 05:14:04 UTC 2026,1784956444,0,-0.19
Sat Jul 25 05:14:51 UTC 2026,1784956491,0,-0.3
Sat Jul 25 05:15:41 UTC 2026,1784956541,0,-0.12
Sat Jul 25 05:16:03 UTC 2026,1784956563,0,-0.35
Sat Jul 25 05:18:00 UTC 2026,1784956680,0,-0.18
Sat Jul 25 05:18:50 UTC 2026,1784956730,0,-0.3
Sat Jul 25 05:19:23 UTC 2026,1784956763,0,-0.32
Sat Jul 25 05:19:46 UTC 2026,1784956786,0,-0.18
Sat Jul 25 05:20:48 UTC 2026,1784956848,0,-0.32
Sat Jul 25 05:20:53 UTC 2026,1784956853,0,-0.24
Sat Jul 25 05:23:15 UTC 2026,1784956995,0,-0.36
Sat Jul 25 05:23:19 UTC 2026,1784956999,0,-0.22
Sat Jul 25 05:24:44 UTC 2026,1784957084,0,-0.32
Sat Jul 25 05:24:53 UTC 2026,1784957093,0,-0.23
Sat Jul 25 05:25:30 UTC 2026,1784957130,0,-0.24
Sat Jul 25 05:27:05 UTC 2026,1784957225,0,-0.32
Sat Jul 25 05:27:28 UTC 2026,1784957248,0,-0.35
Sat Jul 25 05:28:05 UTC 2026,1784957285,0,-0.25
Sat Jul 25 05:29:16 UTC 2026,1784957356,0,-0.19
Sat Jul 25 05:29:26 UTC 2026,1784957366,0,-0.31
Sat Jul 25 05:31:33 UTC 2026,1784957493,0,-0.22
Sat Jul 25 05:31:51 UTC 2026,1784957511,0,-0.34
Sat Jul 25 05:32:45 UTC 2026,1784957565,0,-0.24
Sat Jul 25 05:34:02 UTC 2026,1784957642,0,-0.31
Sat Jul 25 05:34:38 UTC 2026,1784957678,0,-0.21
Sat Jul 25 05:36:32 UTC 2026,1784957792,0,-0.24
Sat Jul 25 05:36:41 UTC 2026,1784957801,0,-0.36
Sat Jul 25 05:37:53 UTC 2026,1784957873,0,-0.32
Sat Jul 25 05:37:58 UTC 2026,1784957878,0,-0.22
Sat Jul 25 05:39:33 UTC 2026,1784957973,0,-0.21
Sat Jul 25 05:39:46 UTC 2026,1784957986,0,-0.31
Sat Jul 25 05:40:59 UTC 2026,1784958059,0,-0.35
Sat Jul 25 05:41:18 UTC 2026,1784958078,0,-0.22
Sat Jul 25 05:42:48 UTC 2026,1784958168,0,-0.33
Sat Jul 25 05:43:20 UTC 2026,1784958200,0,-0.2
Sat Jul 25 05:44:18 UTC 2026,1784958258,0,-0.19
Sat Jul 25 05:44:36 UTC 2026,1784958276,0,-0.36
Sat Jul 25 05:45:57 UTC 2026,1784958357,0,-0.35
Sat Jul 25 05:46:22 UTC 2026,1784958382,0,-0.23
Sat Jul 25 05:47:10 UTC 2026,1784958430,0,-0.24
Sat Jul 25 05:48:19 UTC 2026,1784958499,0,-0.33
Sat Jul 25 05:49:22 UTC 2026,1784958562,0,-0.36
Sat Jul 25 05:49:32 UTC 2026,1784958572,0,-0.27
Sat Jul 25 05:51:12 UTC 2026,1784958672,0,-0.23
Sat Jul 25 05:51:29 UTC 2026,1784958689,0,-0.35
Sat Jul 25 05:52:33 UTC 2026,1784958753,0,-0.22
Sat Jul 25 05:52:50 UTC 2026,1784958770,0,-0.33
Sat Jul 25 05:53:35 UTC 2026,1784958815,0,-0.39
Sat Jul 25 05:54:40 UTC 2026,1784958880,0,-0.24
Sat Jul 25 05:56:29 UTC 2026,1784958989,0,-0.25
Sat Jul 25 05:56:33 UTC 2026,1784958993,0,-0.36
Sat Jul 25 05:56:59 UTC 2026,1784959019,0,-0.28
Sat Jul 25 05:57:31 UTC 2026,1784959051,0,-0.36
Sat Jul 25 05:58:57 UTC 2026,1784959137,0,-0.26
Sat Jul 25 05:59:06 UTC 2026,1784959146,0,-0.34
Sat Jul 25 06:00:51 UTC 2026,1784959251,0,-0.37
Sat Jul 25 06:01:32 UTC 2026,1784959292,0,-0.23
Sat Jul 25 06:01:50 UTC 2026,1784959310,0,-0.24
Sat Jul 25 06:02:08 UTC 2026,1784959328,0,-0.38
Sat Jul 25 06:03:39 UTC 2026,1784959419,0,-0.37
Sat Jul 25 06:04:19 UTC 2026,1784959459,0,-0.28
Sat Jul 25 06:05:22 UTC 2026,1784959522,0,-0.26
Sat Jul 25 06:05:46 UTC 2026,1784959546,0,-0.38
Sat Jul 25 06:07:29 UTC 2026,1784959649,0,-0.26
Sat Jul 25 06:08:02 UTC 2026,1784959682,0,-0.38
Sat Jul 25 06:08:37 UTC 2026,1784959717,0,-0.24
Sat Jul 25 06:08:42 UTC 2026,1784959722,0,-0.35
Sat Jul 25 06:10:09 UTC 2026,1784959809,0,-0.36
Sat Jul 25 06:10:50 UTC 2026,1784959850,0,-0.25
Sat Jul 25 06:11:53 UTC 2026,1784959913,0,-0.26
Sat Jul 25 06:12:38 UTC 2026,1784959958,0,-0.39
Sat Jul 25 06:13:42 UTC 2026,1784960022,0,-0.22
Sat Jul 25 06:14:22 UTC 2026,1784960062,0,-0.4
Sat Jul 25 06:15:13 UTC 2026,1784960113,0,-0.24
Sat Jul 25 06:16:20 UTC 2026,1784960180,0,-0.37
Sat Jul 25 06:16:43 UTC 2026,1784960203,0,-0.26
Sat Jul 25 06:17:38 UTC 2026,1784960258,0,-0.37
Sat Jul 25 06:19:08 UTC 2026,1784960348,0,-0.28
Sat Jul 25 06:19:57 UTC 2026,1784960397,0,-0.38
Sat Jul 25 06:20:20 UTC 2026,1784960420,0,-0.26
Sat Jul 25 06:21:43 UTC 2026,1784960503,0,-0.45
Sat Jul 25 06:22:28 UTC 2026,1784960548,0,-0.28
Sat Jul 25 06:24:02 UTC 2026,1784960642,0,-0.29
Sat Jul 25 06:24:06 UTC 2026,1784960646,0,-0.42
Sat Jul 25 06:25:56 UTC 2026,1784960756,0,-0.39
Sat Jul 25 06:26:00 UTC 2026,1784960760,0,-0.28
Sat Jul 25 06:27:45 UTC 2026,1784960865,0,-0.41
Sat Jul 25 06:28:02 UTC 2026,1784960882,0,-0.21
Sat Jul 25 06:29:02 UTC 2026,1784960942,0,-0.25
Sat Jul 25 06:29:48 UTC 2026,1784960988,0,-0.41
Sat Jul 25 06:30:46 UTC 2026,1784961046,0,-0.25
Sat Jul 25 06:31:44 UTC 2026,1784961104,0,-0.4
Sat Jul 25 06:32:16 UTC 2026,1784961136,0,-0.29
Sat Jul 25 06:33:57 UTC 2026,1784961237,0,-0.4
Sat Jul 25 06:34:46 UTC 2026,1784961286,0,-0.26
Sat Jul 25 06:35:53 UTC 2026,1784961353,0,-0.41
Sat Jul 25 06:36:17 UTC 2026,1784961377,0,-0.24
Sat Jul 25 06:37:20 UTC 2026,1784961440,0,-0.4
Sat Jul 25 06:37:34 UTC 2026,1784961454,0,-0.27
Sat Jul 25 06:38:20 UTC 2026,1784961500,0,-0.31
Sat Jul 25 06:39:41 UTC 2026,1784961581,0,-0.4
Sat Jul 25 06:40:03 UTC 2026,1784961603,0,-0.39
Sat Jul 25 06:41:03 UTC 2026,1784961663,0,-0.29
Sat Jul 25 06:41:25 UTC 2026,1784961685,0,-0.27
Sat Jul 25 06:42:43 UTC 2026,1784961763,0,-0.42
Sat Jul 25 06:43:10 UTC 2026,1784961790,0,-0.46
Sat Jul 25 06:44:17 UTC 2026,1784961857,0,-0.25
Sat Jul 25 06:45:08 UTC 2026,1784961908,0,-0.42
Sat Jul 25 06:45:35 UTC 2026,1784961935,0,-0.27
Sat Jul 25 06:47:19 UTC 2026,1784962039,0,-0.26
Sat Jul 25 06:47:28 UTC 2026,1784962048,0,-0.42
Sat Jul 25 06:49:22 UTC 2026,1784962162,0,-0.24
Sat Jul 25 06:49:31 UTC 2026,1784962171,0,-0.46
Sat Jul 25 06:50:11 UTC 2026,1784962211,0,-0.29
Sat Jul 25 06:50:35 UTC 2026,1784962235,0,-0.44
Sat Jul 25 06:52:05 UTC 2026,1784962325,0,-0.29
Sat Jul 25 06:52:32 UTC 2026,1784962352,0,-0.45
Sat Jul 25 06:53:13 UTC 2026,1784962393,0,-0.27
Sat Jul 25 06:53:27 UTC 2026,1784962407,0,-0.42
Sat Jul 25 06:54:52 UTC 2026,1784962492,0,-0.27
Sat Jul 25 06:54:57 UTC 2026,1784962497,0,-0.41
Sat Jul 25 06:56:15 UTC 2026,1784962575,0,-0.31
Sat Jul 25 06:57:53 UTC 2026,1784962673,0,-0.44
Sat Jul 25 06:58:13 UTC 2026,1784962693,0,-0.54
Sat Jul 25 06:59:20 UTC 2026,1784962760,0,-0.34
Sat Jul 25 07:00:24 UTC 2026,1784962824,0,-0.33
Sat Jul 25 07:00:42 UTC 2026,1784962842,0,-0.44
Sat Jul 25 07:02:39 UTC 2026,1784962959,0,-0.27
Sat Jul 25 07:03:03 UTC 2026,1784962983,0,-0.26
Sat Jul 25 07:03:53 UTC 2026,1784963033,0,-0.5
Sat Jul 25 07:04:47 UTC 2026,1784963087,0,-0.28
Sat Jul 25 07:05:55 UTC 2026,1784963155,0,-0.41
Sat Jul 25 07:06:31 UTC 2026,1784963191,0,-0.26
Sat Jul 25 07:07:39 UTC 2026,1784963259,0,-0.48
Sat Jul 25 07:08:47 UTC 2026,1784963327,0,-0.27
Sat Jul 25 07:09:23 UTC 2026,1784963363,0,-0.55
Sat Jul 25 07:09:32 UTC 2026,1784963372,0,-0.59
Sat Jul 25 07:10:58 UTC 2026,1784963458,0,-0.27
Sat Jul 25 07:11:21 UTC 2026,1784963481,0,-0.25
Sat Jul 25 07:12:34 UTC 2026,1784963554,0,-1.7
Sat Jul 25 07:12:56 UTC 2026,1784963576,0,-1.34
Sat Jul 25 07:13:14 UTC 2026,1784963594,0,-1.99
Sat Jul 25 07:14:31 UTC 2026,1784963671,0,-1.41
Sat Jul 25 07:15:49 UTC 2026,1784963749,0,-0.79
Sat Jul 25 07:16:06 UTC 2026,1784963766,0,-0.94
Sat Jul 25 07:17:24 UTC 2026,1784963844,0,-0.61
Sat Jul 25 07:17:42 UTC 2026,1784963862,0,-0.9
Sat Jul 25 07:19:09 UTC 2026,1784963949,0,-2.14
Sat Jul 25 07:19:26 UTC 2026,1784963966,0,-2.17
Sat Jul 25 07:20:20 UTC 2026,1784964020,0,-1.36
Sat Jul 25 07:21:00 UTC 2026,1784964060,0,-1.63
Sat Jul 25 07:22:18 UTC 2026,1784964138,0,-0.68
Sat Jul 25 07:23:22 UTC 2026,1784964202,0,-0.9
Sat Jul 25 07:24:03 UTC 2026,1784964243,0,-0.47
Sat Jul 25 07:24:21 UTC 2026,1784964261,0,-0.51
Sat Jul 25 07:25:16 UTC 2026,1784964316,0,-1.0
Sat Jul 25 07:26:23 UTC 2026,1784964383,0,-1.26
Sat Jul 25 07:27:32 UTC 2026,1784964452,0,-0.54
Sat Jul 25 07:27:37 UTC 2026,1784964457,0,-0.6
Sat Jul 25 07:28:21 UTC 2026,1784964501,0,-0.31
Sat Jul 25 07:29:15 UTC 2026,1784964555,0,-0.4
Sat Jul 25 07:30:00 UTC 2026,1784964600,0,-0.2
Sat Jul 25 07:32:03 UTC 2026,1784964723,0,-0.25
Sat Jul 25 07:32:07 UTC 2026,1784964727,0,-0.43
Sat Jul 25 07:32:35 UTC 2026,1784964755,0,-0.4
Sat Jul 25 07:33:34 UTC 2026,1784964814,0,-0.22
Sat Jul 25 07:34:34 UTC 2026,1784964874,0,-0.41
Sat Jul 25 07:35:01 UTC 2026,1784964901,0,-0.2
Sat Jul 25 07:35:59 UTC 2026,1784964959,0,-0.34
Sat Jul 25 07:36:36 UTC 2026,1784964996,0,-0.21
Sat Jul 25 07:37:44 UTC 2026,1784965064,0,-0.33
Sat Jul 25 07:38:43 UTC 2026,1784965123,0,-0.22
Sat Jul 25 07:39:10 UTC 2026,1784965150,0,-0.37
Sat Jul 25 07:40:13 UTC 2026,1784965213,0,-0.24
Sat Jul 25 07:40:49 UTC 2026,1784965249,0,-0.42
Sat Jul 25 07:42:07 UTC 2026,1784965327,0,-0.2
Sat Jul 25 07:42:33 UTC 2026,1784965353,0,-0.29
Sat Jul 25 07:43:41 UTC 2026,1784965421,0,-0.19
Sat Jul 25 07:45:26 UTC 2026,1784965526,0,-0.3
Sat Jul 25 07:45:49 UTC 2026,1784965549,0,-0.19
Sat Jul 25 07:46:02 UTC 2026,1784965562,0,-0.31
Sat Jul 25 07:47:56 UTC 2026,1784965676,0,-0.28
Sat Jul 25 07:48:00 UTC 2026,1784965680,0,-0.18
Sat Jul 25 07:49:08 UTC 2026,1784965748,0,-0.2
Sat Jul 25 07:49:41 UTC 2026,1784965781,0,-0.32
Sat Jul 25 07:51:20 UTC 2026,1784965880,0,-0.21
Sat Jul 25 07:52:10 UTC 2026,1784965930,0,-0.32
Sat Jul 25 07:52:54 UTC 2026,1784965974,0,-0.34
Sat Jul 25 07:53:36 UTC 2026,1784966016,0,-0.23
Sat Jul 25 07:55:38 UTC 2026,1784966138,0,-0.89
Sat Jul 25 07:56:23 UTC 2026,1784966183,0,-0.77
Sat Jul 25 07:57:14 UTC 2026,1784966234,0,-2.59
Sat Jul 25 07:57:28 UTC 2026,1784966248,0,-2.34
Sat Jul 25 07:58:17 UTC 2026,1784966297,0,-3.92
Sat Jul 25 07:59:17 UTC 2026,1784966357,0,-3.41
Sat Jul 25 08:00:33 UTC 2026,1784966433,0,-1.88
Sat Jul 25 08:00:39 UTC 2026,1784966439,0,-1.85
Sat Jul 25 08:01:42 UTC 2026,1784966502,0,-1.21
Sat Jul 25 08:02:19 UTC 2026,1784966539,0,-1.57
Sat Jul 25 08:03:53 UTC 2026,1784966633,0,-4.22
Sat Jul 25 08:04:38 UTC 2026,1784966678,0,-4.54
Sat Jul 25 08:05:28 UTC 2026,1784966728,0,-3.15
Sat Jul 25 08:05:47 UTC 2026,1784966747,0,-3.37
Sat Jul 25 08:07:04 UTC 2026,1784966824,0,-1.84
Sat Jul 25 08:07:13 UTC 2026,1784966833,0,-1.97
Sat Jul 25 08:08:47 UTC 2026,1784966927,0,-1.59
Sat Jul 25 08:08:57 UTC 2026,1784966937,0,-1.66
Sat Jul 25 08:10:28 UTC 2026,1784967028,0,-1.03
Sat Jul 25 08:10:32 UTC 2026,1784967032,0,-1.17
Sat Jul 25 08:11:22 UTC 2026,1784967082,0,-0.88
Sat Jul 25 08:12:53 UTC 2026,1784967173,0,-1.14
Sat Jul 25 08:13:20 UTC 2026,1784967200,0,-0.88
Sat Jul 25 08:13:53 UTC 2026,1784967233,0,-0.86
Sat Jul 25 08:14:55 UTC 2026,1784967295,0,-0.63
Sat Jul 25 08:16:17 UTC 2026,1784967377,0,-0.5
Sat Jul 25 08:16:58 UTC 2026,1784967418,0,-0.76
Sat Jul 25 08:17:16 UTC 2026,1784967436,0,-0.77
Sat Jul 25 08:18:37 UTC 2026,1784967517,0,-0.46
Sat Jul 25 08:18:51 UTC 2026,1784967531,0,-0.42
Sat Jul 25 08:19:09 UTC 2026,1784967549,0,-0.54
Sat Jul 25 08:21:21 UTC 2026,1784967681,0,-0.48
Sat Jul 25 08:21:44 UTC 2026,1784967704,0,-0.34
Sat Jul 25 08:22:11 UTC 2026,1784967731,0,-0.36
Sat Jul 25 08:22:46 UTC 2026,1784967766,0,-0.5
Sat Jul 25 08:23:54 UTC 2026,1784967834,0,-0.32
Sat Jul 25 08:24:14 UTC 2026,1784967854,0,-0.46
Sat Jul 25 08:25:21 UTC 2026,1784967921,0,-0.35
Sat Jul 25 08:25:40 UTC 2026,1784967940,0,-0.5
Sat Jul 25 08:28:04 UTC 2026,1784968084,0,-0.49
Sat Jul 25 08:28:28 UTC 2026,1784968108,0,-0.36
Sat Jul 25 08:29:09 UTC 2026,1784968149,0,-0.32
Sat Jul 25 08:29:30 UTC 2026,1784968170,0,-0.52
Sat Jul 25 08:30:34 UTC 2026,1784968234,0,-0.34
Sat Jul 25 08:31:51 UTC 2026,1784968311,0,-0.18
Sat Jul 25 08:32:14 UTC 2026,1784968334,0,-0.22
Sat Jul 25 08:33:31 UTC 2026,1784968411,0,-0.13
Sat Jul 25 08:35:06 UTC 2026,1784968506,0,-0.01
Sat Jul 25 08:35:42 UTC 2026,1784968542,0,-0.07
Sat Jul 25 08:36:19 UTC 2026,1784968579,0,0.02
Sat Jul 25 08:37:00 UTC 2026,1784968620,0,-0.03
Sat Jul 25 08:38:16 UTC 2026,1784968696,0,0.05
Sat Jul 25 08:38:57 UTC 2026,1784968737,0,0.06
Sat Jul 25 08:39:19 UTC 2026,1784968759,0,-0.01
Sat Jul 25 08:40:16 UTC 2026,1784968816,0,0.04
Sat Jul 25 08:41:27 UTC 2026,1784968887,0,-0.03
Sat Jul 25 08:42:22 UTC 2026,1784968942,0,0.0
Sat Jul 25 08:43:20 UTC 2026,1784969000,0,-0.08
Sat Jul 25 08:43:44 UTC 2026,1784969024,0,-0.06
Sat Jul 25 08:44:51 UTC 2026,1784969091,0,-0.15
Sat Jul 25 08:45:14 UTC 2026,1784969114,0,-0.17
Sat Jul 25 08:46:27 UTC 2026,1784969187,0,-0.04
Sat Jul 25 08:46:53 UTC 2026,1784969213,0,-0.08
Sat Jul 25 08:48:02 UTC 2026,1784969282,0,0.1
Sat Jul 25 08:48:34 UTC 2026,1784969314,0,0.04
Sat Jul 25 08:49:01 UTC 2026,1784969341,0,0.14
Sat Jul 25 08:50:40 UTC 2026,1784969440,0,0.17
Sat Jul 25 08:51:22 UTC 2026,1784969482,0,0.07
Sat Jul 25 08:52:11 UTC 2026,1784969531,0,0.13
Sat Jul 25 08:52:47 UTC 2026,1784969567,0,0.06
Sat Jul 25 08:53:28 UTC 2026,1784969608,0,0.08
Sat Jul 25 08:53:37 UTC 2026,1784969617,0,0.01
Sat Jul 25 08:56:29 UTC 2026,1784969789,0,-0.05
Sat Jul 25 08:57:47 UTC 2026,1784969867,0,-0.16
Sat Jul 25 08:58:27 UTC 2026,1784969907,0,-0.11
Sat Jul 25 08:59:45 UTC 2026,1784969985,0,-0.01
Sat Jul 25 09:00:15 UTC 2026,1784970015,0,-0.07
Sat Jul 25 09:01:29 UTC 2026,1784970089,0,0.05
Sat Jul 25 09:02:41 UTC 2026,1784970161,0,0.01
Sat Jul 25 09:02:55 UTC 2026,1784970175,0,0.05
Sat Jul 25 09:04:31 UTC 2026,1784970271,0,0.02
Sat Jul 25 09:04:35 UTC 2026,1784970275,0,0.07
Sat Jul 25 09:06:23 UTC 2026,1784970383,0,-0.04
Sat Jul 25 09:06:37 UTC 2026,1784970397,0,0.03
Sat Jul 25 09:07:19 UTC 2026,1784970439,0,-0.05
Sat Jul 25 09:08:17 UTC 2026,1784970497,0,-0.04
Sat Jul 25 09:09:47 UTC 2026,1784970587,0,-0.19
Sat Jul 25 09:10:15 UTC 2026,1784970615,0,-0.25
Sat Jul 25 09:11:32 UTC 2026,1784970692,0,-0.12
Sat Jul 25 09:11:49 UTC 2026,1784970709,0,-0.13
Sat Jul 25 09:13:11 UTC 2026,1784970791,0,-0.01
Sat Jul 25 09:14:19 UTC 2026,1784970859,0,-0.05
Sat Jul 25 09:14:29 UTC 2026,1784970869,0,0.06
Sat Jul 25 09:14:51 UTC 2026,1784970891,0,0.02
Sat Jul 25 09:16:26 UTC 2026,1784970986,0,0.12
Sat Jul 25 09:17:07 UTC 2026,1784971027,0,0.14
Sat Jul 25 09:17:43 UTC 2026,1784971063,0,0.05
Sat Jul 25 09:18:38 UTC 2026,1784971118,0,0.1
Sat Jul 25 09:19:19 UTC 2026,1784971159,0,0.16
Sat Jul 25 09:20:40 UTC 2026,1784971240,0,0.11
Sat Jul 25 09:21:25 UTC 2026,1784971285,0,0.21
Sat Jul 25 09:21:56 UTC 2026,1784971316,0,0.15
Sat Jul 25 09:23:00 UTC 2026,1784971380,0,0.21
Sat Jul 25 09:23:45 UTC 2026,1784971425,0,0.11
Sat Jul 25 09:24:13 UTC 2026,1784971453,0,0.19
Sat Jul 25 09:25:10 UTC 2026,1784971510,0,0.14
Sat Jul 25 09:25:30 UTC 2026,1784971530,0,0.2
Sat Jul 25 09:27:37 UTC 2026,1784971657,0,0.15
Sat Jul 25 09:27:45 UTC 2026,1784971665,0,0.24
Sat Jul 25 09:28:08 UTC 2026,1784971688,0,0.21
Sat Jul 25 09:29:26 UTC 2026,1784971766,0,0.15
Sat Jul 25 09:30:20 UTC 2026,1784971820,0,0.21
Sat Jul 25 09:30:46 UTC 2026,1784971846,0,0.16
Sat Jul 25 09:31:37 UTC 2026,1784971897,0,0.21
Sat Jul 25 09:32:14 UTC 2026,1784971934,0,0.16
Sat Jul 25 09:33:35 UTC 2026,1784972015,0,0.22
Sat Jul 25 09:36:09 UTC 2026,1784972169,0,0.16
Sat Jul 25 09:36:27 UTC 2026,1784972187,0,0.21
Sat Jul 25 09:37:17 UTC 2026,1784972237,0,0.16
Sat Jul 25 09:38:16 UTC 2026,1784972296,0,0.21
Sat Jul 25 09:38:30 UTC 2026,1784972310,0,0.16
Sat Jul 25 09:40:13 UTC 2026,1784972413,0,0.18
Sat Jul 25 09:40:50 UTC 2026,1784972450,0,0.22
Sat Jul 25 09:42:30 UTC 2026,1784972550,0,0.2
Sat Jul 25 09:42:40 UTC 2026,1784972560,0,0.12
Sat Jul 25 09:43:01 UTC 2026,1784972581,0,0.22
Sat Jul 25 09:43:20 UTC 2026,1784972600,0,0.14
Sat Jul 25 09:44:50 UTC 2026,1784972690,0,0.21
Sat Jul 25 09:45:36 UTC 2026,1784972736,0,0.15
Sat Jul 25 09:46:43 UTC 2026,1784972803,0,0.24
Sat Jul 25 09:48:51 UTC 2026,1784972931,0,0.15
Sat Jul 25 09:49:37 UTC 2026,1784972977,0,0.23
Sat Jul 25 09:51:06 UTC 2026,1784973066,0,0.17
Sat Jul 25 09:51:25 UTC 2026,1784973085,0,0.16
Sat Jul 25 09:51:39 UTC 2026,1784973099,0,0.23
Sat Jul 25 09:53:00 UTC 2026,1784973180,0,0.25
Sat Jul 25 09:53:14 UTC 2026,1784973194,0,0.18
Sat Jul 25 09:54:35 UTC 2026,1784973275,0,0.17
Sat Jul 25 09:54:57 UTC 2026,1784973297,0,0.23
Sat Jul 25 09:56:42 UTC 2026,1784973402,0,0.17
Sat Jul 25 09:56:56 UTC 2026,1784973416,0,0.22
Sat Jul 25 09:58:30 UTC 2026,1784973510,0,0.25
Sat Jul 25 09:59:17 UTC 2026,1784973557,0,0.15
Sat Jul 25 10:01:01 UTC 2026,1784973661,0,0.23
Sat Jul 25 10:01:24 UTC 2026,1784973684,0,0.18
Sat Jul 25 10:02:54 UTC 2026,1784973774,0,0.24
Sat Jul 25 10:04:24 UTC 2026,1784973864,0,0.18
Sat Jul 25 10:04:34 UTC 2026,1784973874,0,0.24
Sat Jul 25 10:06:41 UTC 2026,1784974001,0,0.17
Sat Jul 25 10:06:45 UTC 2026,1784974005,0,0.24
Sat Jul 25 10:08:35 UTC 2026,1784974115,0,0.18
Sat Jul 25 10:09:15 UTC 2026,1784974155,0,0.25
Sat Jul 25 10:10:13 UTC 2026,1784974213,0,0.26
Sat Jul 25 10:10:41 UTC 2026,1784974241,0,0.17
Sat Jul 25 10:11:21 UTC 2026,1784974281,0,0.23
Sat Jul 25 10:12:31 UTC 2026,1784974351,0,0.15
Sat Jul 25 10:13:28 UTC 2026,1784974408,0,0.25
Sat Jul 25 10:14:32 UTC 2026,1784974472,0,0.23
Sat Jul 25 10:14:50 UTC 2026,1784974490,0,0.16
Sat Jul 25 10:15:58 UTC 2026,1784974558,0,0.22
Sat Jul 25 10:16:07 UTC 2026,1784974567,0,0.17
Sat Jul 25 10:17:42 UTC 2026,1784974662,0,0.15
Sat Jul 25 10:18:59 UTC 2026,1784974739,0,0.25
Sat Jul 25 10:19:40 UTC 2026,1784974780,0,0.24
Sat Jul 25 10:20:12 UTC 2026,1784974812,0,0.18
Sat Jul 25 10:21:16 UTC 2026,1784974876,0,0.22
Sat Jul 25 10:22:37 UTC 2026,1784974957,0,0.16
Sat Jul 25 10:23:22 UTC 2026,1784975002,0,0.23
Sat Jul 25 10:24:44 UTC 2026,1784975084,0,0.18
Sat Jul 25 10:25:47 UTC 2026,1784975147,0,0.24
Sat Jul 25 10:26:20 UTC 2026,1784975180,0,0.16
Sat Jul 25 10:26:24 UTC 2026,1784975184,0,0.24
Sat Jul 25 10:28:08 UTC 2026,1784975288,0,0.18
Sat Jul 25 10:29:38 UTC 2026,1784975378,0,0.16
Sat Jul 25 10:30:33 UTC 2026,1784975433,0,0.23
Sat Jul 25 10:31:10 UTC 2026,1784975470,0,0.17
Sat Jul 25 10:32:00 UTC 2026,1784975520,0,0.24
Sat Jul 25 10:32:36 UTC 2026,1784975556,0,0.16
Sat Jul 25 10:32:41 UTC 2026,1784975561,0,0.23
Sat Jul 25 10:34:06 UTC 2026,1784975646,0,0.25
Sat Jul 25 10:34:29 UTC 2026,1784975669,0,0.16
Sat Jul 25 10:35:46 UTC 2026,1784975746,0,0.11
Sat Jul 25 10:37:20 UTC 2026,1784975840,0,0.23
Sat Jul 25 10:37:35 UTC 2026,1784975855,0,0.22
Sat Jul 25 10:38:01 UTC 2026,1784975881,0,0.17
Sat Jul 25 10:39:01 UTC 2026,1784975941,0,0.16
Sat Jul 25 10:39:55 UTC 2026,1784975995,0,0.21
Sat Jul 25 10:42:10 UTC 2026,1784976130,0,0.16
Sat Jul 25 10:43:33 UTC 2026,1784976213,0,0.21
Sat Jul 25 10:43:47 UTC 2026,1784976227,0,0.16
Sat Jul 25 10:44:14 UTC 2026,1784976254,0,0.2
Sat Jul 25 10:44:41 UTC 2026,1784976281,0,0.16
Sat Jul 25 10:46:11 UTC 2026,1784976371,0,0.22
Sat Jul 25 10:46:39 UTC 2026,1784976399,0,0.14
Sat Jul 25 10:47:16 UTC 2026,1784976436,0,0.17
Sat Jul 25 10:47:52 UTC 2026,1784976472,0,0.23
Sat Jul 25 10:48:54 UTC 2026,1784976534,0,0.15
Sat Jul 25 10:48:59 UTC 2026,1784976539,0,0.21
Sat Jul 25 10:50:53 UTC 2026,1784976653,0,0.16
Sat Jul 25 10:51:42 UTC 2026,1784976702,0,0.22
Sat Jul 25 10:52:46 UTC 2026,1784976766,0,0.15
Sat Jul 25 10:53:09 UTC 2026,1784976789,0,0.2
Sat Jul 25 10:54:44 UTC 2026,1784976884,0,0.14
Sat Jul 25 10:55:24 UTC 2026,1784976924,0,0.21
Sat Jul 25 10:56:01 UTC 2026,1784976961,0,0.17
Sat Jul 25 10:56:11 UTC 2026,1784976971,0,0.22
Sat Jul 25 10:58:17 UTC 2026,1784977097,0,0.16
Sat Jul 25 10:59:03 UTC 2026,1784977143,0,0.18
Sat Jul 25 10:59:57 UTC 2026,1784977197,0,0.22
Sat Jul 25 11:00:41 UTC 2026,1784977241,0,0.15
Sat Jul 25 11:01:01 UTC 2026,1784977261,0,0.22
Sat Jul 25 11:02:21 UTC 2026,1784977341,0,0.18
Sat Jul 25 11:02:49 UTC 2026,1784977369,0,0.22
Sat Jul 25 11:03:48 UTC 2026,1784977428,0,0.17
Sat Jul 25 11:03:57 UTC 2026,1784977437,0,0.23
Sat Jul 25 11:05:40 UTC 2026,1784977540,0,0.18
Sat Jul 25 11:05:59 UTC 2026,1784977559,0,0.22
Sat Jul 25 11:07:52 UTC 2026,1784977672,0,0.17
Sat Jul 25 11:09:13 UTC 2026,1784977753,0,0.22
Sat Jul 25 11:09:27 UTC 2026,1784977767,0,0.18
Sat Jul 25 11:11:27 UTC 2026,1784977887,0,0.23
Sat Jul 25 11:11:53 UTC 2026,1784977913,0,0.15
Sat Jul 25 11:13:09 UTC 2026,1784977989,0,0.14
Sat Jul 25 11:13:19 UTC 2026,1784977999,0,0.23
Sat Jul 25 11:14:28 UTC 2026,1784978068,0,0.17
Sat Jul 25 11:15:22 UTC 2026,1784978122,0,0.21
Sat Jul 25 11:15:44 UTC 2026,1784978144,0,0.17
Sat Jul 25 11:16:57 UTC 2026,1784978217,0,0.23
Sat Jul 25 11:17:01 UTC 2026,1784978221,0,0.17
Sat Jul 25 11:19:18 UTC 2026,1784978358,0,0.23
Sat Jul 25 11:20:44 UTC 2026,1784978444,0,0.18
Sat Jul 25 11:20:53 UTC 2026,1784978453,0,0.24
Sat Jul 25 11:21:57 UTC 2026,1784978517,0,0.22
Sat Jul 25 11:22:01 UTC 2026,1784978521,0,0.18
Sat Jul 25 11:24:29 UTC 2026,1784978669,0,0.23
Sat Jul 25 11:25:20 UTC 2026,1784978720,0,0.22
Sat Jul 25 11:25:39 UTC 2026,1784978739,0,0.18
Sat Jul 25 11:27:09 UTC 2026,1784978829,0,0.24
Sat Jul 25 11:28:25 UTC 2026,1784978905,0,0.18
Sat Jul 25 11:28:38 UTC 2026,1784978918,0,0.22
Sat Jul 25 11:30:05 UTC 2026,1784979005,0,0.17
Sat Jul 25 11:30:32 UTC 2026,1784979032,0,0.22
Sat Jul 25 11:31:09 UTC 2026,1784979069,0,0.16
Sat Jul 25 11:32:03 UTC 2026,1784979123,0,0.24
Sat Jul 25 11:32:13 UTC 2026,1784979133,0,0.18
Sat Jul 25 11:33:29 UTC 2026,1784979209,0,0.22
Sat Jul 25 11:33:43 UTC 2026,1784979223,0,0.18
Sat Jul 25 11:36:12 UTC 2026,1784979372,0,0.23
Sat Jul 25 11:38:02 UTC 2026,1784979482,0,0.18
Sat Jul 25 11:39:40 UTC 2026,1784979580,0,0.24
Sat Jul 25 11:40:08 UTC 2026,1784979608,0,0.19
Sat Jul 25 11:40:17 UTC 2026,1784979617,0,0.22
Sat Jul 25 11:42:02 UTC 2026,1784979722,0,0.18
Sat Jul 25 11:42:24 UTC 2026,1784979744,0,0.22
Sat Jul 25 11:42:29 UTC 2026,1784979749,0,0.2
Sat Jul 25 11:42:33 UTC 2026,1784979753,0,0.21
Sat Jul 25 11:43:00 UTC 2026,1784979780,0,0.24
Sat Jul 25 11:43:09 UTC 2026,1784979789,0,0.19
Sat Jul 25 11:43:27 UTC 2026,1784979807,0,0.24
Sat Jul 25 11:44:21 UTC 2026,1784979861,0,0.19
Sat Jul 25 11:45:03 UTC 2026,1784979903,0,0.23
Sat Jul 25 11:45:57 UTC 2026,1784979957,0,0.19
Sat Jul 25 11:47:46 UTC 2026,1784980066,0,0.24
Sat Jul 25 11:48:17 UTC 2026,1784980097,0,0.17
Sat Jul 25 11:48:45 UTC 2026,1784980125,0,0.22
Sat Jul 25 11:49:08 UTC 2026,1784980148,0,0.16
Sat Jul 25 11:50:06 UTC 2026,1784980206,0,0.24
Sat Jul 25 11:50:25 UTC 2026,1784980225,0,0.18
Sat Jul 25 11:51:46 UTC 2026,1784980306,0,0.19
Sat Jul 25 11:52:12 UTC 2026,1784980332,0,0.23
Sat Jul 25 11:53:35 UTC 2026,1784980415,0,0.25
Sat Jul 25 11:53:39 UTC 2026,1784980419,0,0.18
Sat Jul 25 11:55:06 UTC 2026,1784980506,0,0.22
Sat Jul 25 11:55:37 UTC 2026,1784980537,0,0.18
Sat Jul 25 11:56:50 UTC 2026,1784980610,0,0.19
Sat Jul 25 11:58:02 UTC 2026,1784980682,0,0.24
Sat Jul 25 11:58:20 UTC 2026,1784980700,0,0.22
Sat Jul 25 11:59:05 UTC 2026,1784980745,0,0.19
Sat Jul 25 12:00:14 UTC 2026,1784980814,0,0.23
Sat Jul 25 12:00:28 UTC 2026,1784980828,0,0.19
Sat Jul 25 12:01:49 UTC 2026,1784980909,0,0.24
Sat Jul 25 12:02:25 UTC 2026,1784980945,0,0.18
Sat Jul 25 12:03:42 UTC 2026,1784981022,0,0.22
Sat Jul 25 12:04:59 UTC 2026,1784981099,0,0.2
Sat Jul 25 12:06:25 UTC 2026,1784981185,0,0.13
Sat Jul 25 12:06:30 UTC 2026,1784981190,0,0.18
Sat Jul 25 12:07:10 UTC 2026,1784981230,0,0.11
Sat Jul 25 12:08:24 UTC 2026,1784981304,0,0.2
Sat Jul 25 12:08:37 UTC 2026,1784981317,0,0.12
Sat Jul 25 12:09:45 UTC 2026,1784981385,0,0.11
Sat Jul 25 12:09:58 UTC 2026,1784981398,0,0.16
Sat Jul 25 12:12:06 UTC 2026,1784981526,0,0.18
Sat Jul 25 12:12:19 UTC 2026,1784981539,0,0.1
Sat Jul 25 12:14:04 UTC 2026,1784981644,0,0.04
Sat Jul 25 12:14:21 UTC 2026,1784981661,0,0.17
Sat Jul 25 12:14:44 UTC 2026,1784981684,0,0.13
Sat Jul 25 12:15:38 UTC 2026,1784981738,0,0.04
Sat Jul 25 12:17:59 UTC 2026,1784981879,0,0.12
Sat Jul 25 12:18:03 UTC 2026,1784981883,0,0.08
Sat Jul 25 12:18:53 UTC 2026,1784981933,0,0.15
Sat Jul 25 12:19:39 UTC 2026,1784981979,0,0.11
Sat Jul 25 12:20:37 UTC 2026,1784982037,0,0.2
Sat Jul 25 12:21:36 UTC 2026,1784982096,0,0.21
Sat Jul 25 12:22:39 UTC 2026,1784982159,0,0.11
Sat Jul 25 12:23:35 UTC 2026,1784982215,0,0.14
Sat Jul 25 12:24:29 UTC 2026,1784982269,0,0.05
Sat Jul 25 12:24:56 UTC 2026,1784982296,0,0.15
Sat Jul 25 12:25:18 UTC 2026,1784982318,0,0.05
Sat Jul 25 12:26:26 UTC 2026,1784982386,0,0.08
Sat Jul 25 12:26:52 UTC 2026,1784982412,0,0.15
Sat Jul 25 12:28:25 UTC 2026,1784982505,0,0.13
Sat Jul 25 12:29:23 UTC 2026,1784982563,0,0.04
Sat Jul 25 12:29:36 UTC 2026,1784982576,0,0.0
Sat Jul 25 12:30:00 UTC 2026,1784982600,0,0.1
Sat Jul 25 12:31:39 UTC 2026,1784982699,0,0.06
Sat Jul 25 12:32:28 UTC 2026,1784982748,0,0.2
Sat Jul 25 12:33:41 UTC 2026,1784982821,0,0.22
Sat Jul 25 12:34:13 UTC 2026,1784982853,0,0.13
Sat Jul 25 12:35:03 UTC 2026,1784982903,0,0.19
Sat Jul 25 12:35:57 UTC 2026,1784982957,0,0.11
Sat Jul 25 12:36:24 UTC 2026,1784982984,0,0.19
Sat Jul 25 12:37:42 UTC 2026,1784983062,0,0.08
Sat Jul 25 12:37:55 UTC 2026,1784983075,0,0.12
Sat Jul 25 12:39:21 UTC 2026,1784983161,0,0.0
Sat Jul 25 12:39:53 UTC 2026,1784983193,0,-0.04
Sat Jul 25 12:40:02 UTC 2026,1784983202,0,0.05
Sat Jul 25 12:41:10 UTC 2026,1784983270,0,0.04
Sat Jul 25 12:42:41 UTC 2026,1784983361,0,-0.08
Sat Jul 25 12:42:46 UTC 2026,1784983366,0,-0.12
Sat Jul 25 12:43:54 UTC 2026,1784983434,0,0.02
Sat Jul 25 12:44:43 UTC 2026,1784983483,0,-0.02
Sat Jul 25 12:45:43 UTC 2026,1784983543,0,-0.09
Sat Jul 25 12:46:59 UTC 2026,1784983619,0,0.01
Sat Jul 25 12:47:40 UTC 2026,1784983660,0,-0.14
Sat Jul 25 12:48:35 UTC 2026,1784983715,0,-0.06
Sat Jul 25 12:49:29 UTC 2026,1784983769,0,-0.17
Sat Jul 25 12:50:00 UTC 2026,1784983800,0,-0.06
Sat Jul 25 12:51:53 UTC 2026,1784983913,0,-0.05
Sat Jul 25 12:52:21 UTC 2026,1784983941,0,-0.23
Sat Jul 25 12:53:15 UTC 2026,1784983995,0,-0.29
Sat Jul 25 12:53:55 UTC 2026,1784984035,0,-0.19
Sat Jul 25 12:55:28 UTC 2026,1784984128,0,-0.14
Sat Jul 25 12:55:49 UTC 2026,1784984149,0,-0.29
Sat Jul 25 12:55:59 UTC 2026,1784984159,0,-0.34
Sat Jul 25 12:57:20 UTC 2026,1784984240,0,-0.17
Sat Jul 25 12:57:38 UTC 2026,1784984258,0,-0.2
Sat Jul 25 12:58:51 UTC 2026,1784984331,0,-0.32
Sat Jul 25 12:59:18 UTC 2026,1784984358,0,-0.31
Sat Jul 25 13:00:26 UTC 2026,1784984426,0,-0.11
Sat Jul 25 13:01:03 UTC 2026,1784984463,0,-0.27
Sat Jul 25 13:01:40 UTC 2026,1784984500,0,-0.09
Sat Jul 25 13:03:00 UTC 2026,1784984580,0,-0.18
Sat Jul 25 13:03:20 UTC 2026,1784984600,0,-0.06
Sat Jul 25 13:04:13 UTC 2026,1784984653,0,-0.09
Sat Jul 25 13:04:41 UTC 2026,1784984681,0,-0.02
Sat Jul 25 13:06:35 UTC 2026,1784984795,0,-0.11
Sat Jul 25 13:07:24 UTC 2026,1784984844,0,-0.02
Sat Jul 25 13:08:01 UTC 2026,1784984881,0,0.0
Sat Jul 25 13:08:05 UTC 2026,1784984885,0,-0.07
Sat Jul 25 13:09:22 UTC 2026,1784984962,0,-0.04
Sat Jul 25 13:10:08 UTC 2026,1784985008,0,0.02
Sat Jul 25 13:11:11 UTC 2026,1784985071,0,-0.03
Sat Jul 25 13:12:06 UTC 2026,1784985126,0,0.04
Sat Jul 25 13:13:00 UTC 2026,1784985180,0,0.07
Sat Jul 25 13:13:59 UTC 2026,1784985239,0,-0.04
Sat Jul 25 13:14:34 UTC 2026,1784985274,0,0.03
Sat Jul 25 13:15:28 UTC 2026,1784985328,0,-0.06
Sat Jul 25 13:16:09 UTC 2026,1784985369,0,-0.11
Sat Jul 25 13:17:04 UTC 2026,1784985424,0,0.02
Sat Jul 25 13:17:46 UTC 2026,1784985466,0,0.05
Sat Jul 25 13:18:40 UTC 2026,1784985520,0,-0.1
Sat Jul 25 13:19:11 UTC 2026,1784985551,0,-0.02
Sat Jul 25 13:19:52 UTC 2026,1784985592,0,0.11
Sat Jul 25 13:20:46 UTC 2026,1784985646,0,0.03
Sat Jul 25 13:21:55 UTC 2026,1784985715,0,0.09
Sat Jul 25 13:22:40 UTC 2026,1784985760,0,0.02
Sat Jul 25 13:22:53 UTC 2026,1784985773,0,0.11
Sat Jul 25 13:24:38 UTC 2026,1784985878,0,0.1
Sat Jul 25 13:25:28 UTC 2026,1784985928,0,-0.01
Sat Jul 25 13:26:13 UTC 2026,1784985973,0,0.07
Sat Jul 25 13:27:16 UTC 2026,1784986036,0,-0.11
Sat Jul 25 13:27:52 UTC 2026,1784986072,0,0.0
Sat Jul 25 13:27:56 UTC 2026,1784986076,0,-0.08
Sat Jul 25 13:29:05 UTC 2026,1784986145,0,0.03
Sat Jul 25 13:29:23 UTC 2026,1784986163,0,-0.07
Sat Jul 25 13:31:16 UTC 2026,1784986276,0,0.06
Sat Jul 25 13:31:48 UTC 2026,1784986308,0,-0.08
Sat Jul 25 13:32:25 UTC 2026,1784986345,0,-0.06
Sat Jul 25 13:33:15 UTC 2026,1784986395,0,0.03
Sat Jul 25 13:33:55 UTC 2026,1784986435,0,-0.04
Sat Jul 25 13:34:45 UTC 2026,1784986485,0,0.09
Sat Jul 25 13:36:47 UTC 2026,1784986607,0,-0.06
Sat Jul 25 13:37:33 UTC 2026,1784986653,0,-0.05
Sat Jul 25 13:38:00 UTC 2026,1784986680,0,0.04
Sat Jul 25 13:38:58 UTC 2026,1784986738,0,0.02
Sat Jul 25 13:39:57 UTC 2026,1784986797,0,-0.08
Sat Jul 25 13:40:39 UTC 2026,1784986839,0,-0.13
Sat Jul 25 13:41:20 UTC 2026,1784986880,0,0.04
Sat Jul 25 13:42:18 UTC 2026,1784986938,0,-0.04
Sat Jul 25 13:42:54 UTC 2026,1784986974,0,0.06
Sat Jul 25 13:43:52 UTC 2026,1784987032,0,0.07
Sat Jul 25 13:45:11 UTC 2026,1784987111,0,-0.12
Sat Jul 25 13:46:10 UTC 2026,1784987170,0,0.01
Sat Jul 25 13:46:54 UTC 2026,1784987214,0,-0.16
Sat Jul 25 13:47:48 UTC 2026,1784987268,0,-0.3
Sat Jul 25 13:48:34 UTC 2026,1784987314,0,-0.11
Sat Jul 25 13:49:07 UTC 2026,1784987347,0,-0.05
Sat Jul 25 13:49:34 UTC 2026,1784987374,0,-0.17
Sat Jul 25 13:50:28 UTC 2026,1784987428,0,-0.12
Sat Jul 25 13:51:40 UTC 2026,1784987500,0,0.0
Sat Jul 25 13:52:12 UTC 2026,1784987532,0,-0.04
Sat Jul 25 13:53:29 UTC 2026,1784987609,0,0.07
Sat Jul 25 13:54:28 UTC 2026,1784987668,0,0.11
Sat Jul 25 13:54:54 UTC 2026,1784987694,0,0.01
Sat Jul 25 13:55:54 UTC 2026,1784987754,0,0.15
Sat Jul 25 13:56:31 UTC 2026,1784987791,0,0.04
Sat Jul 25 13:57:16 UTC 2026,1784987836,0,0.23
Sat Jul 25 13:59:08 UTC 2026,1784987948,0,0.17
Sat Jul 25 14:00:13 UTC 2026,1784988013,0,0.26
Sat Jul 25 14:01:02 UTC 2026,1784988062,0,0.18
Sat Jul 25 14:01:42 UTC 2026,1784988102,0,0.25
Sat Jul 25 14:02:42 UTC 2026,1784988162,0,0.21
Sat Jul 25 14:02:59 UTC 2026,1784988179,0,0.3
Sat Jul 25 14:03:41 UTC 2026,1784988221,0,0.21
Sat Jul 25 14:03:49 UTC 2026,1784988229,0,0.29
Sat Jul 25 14:05:51 UTC 2026,1784988351,0,0.2
Sat Jul 25 14:06:15 UTC 2026,1784988375,0,0.3
Sat Jul 25 14:07:37 UTC 2026,1784988457,0,0.2
Sat Jul 25 14:07:50 UTC 2026,1784988470,0,0.34
Sat Jul 25 14:09:52 UTC 2026,1784988592,0,0.22
Sat Jul 25 14:10:06 UTC 2026,1784988606,0,0.3
Sat Jul 25 14:10:54 UTC 2026,1784988654,0,0.22
Sat Jul 25 14:11:23 UTC 2026,1784988683,0,0.36
Sat Jul 25 14:12:40 UTC 2026,1784988760,0,0.33
Sat Jul 25 14:12:53 UTC 2026,1784988773,0,0.23
Sat Jul 25 14:13:34 UTC 2026,1784988814,0,0.36
Sat Jul 25 14:13:56 UTC 2026,1784988836,0,0.26
Sat Jul 25 14:15:23 UTC 2026,1784988923,0,0.36
Sat Jul 25 14:15:50 UTC 2026,1784988950,0,0.27
Sat Jul 25 14:17:21 UTC 2026,1784989041,0,0.35
Sat Jul 25 14:17:34 UTC 2026,1784989054,0,0.26
Sat Jul 25 14:19:01 UTC 2026,1784989141,0,0.27
Sat Jul 25 14:19:37 UTC 2026,1784989177,0,0.34
Sat Jul 25 14:20:09 UTC 2026,1784989209,0,0.35
Sat Jul 25 14:21:39 UTC 2026,1784989299,0,0.25
Sat Jul 25 14:22:57 UTC 2026,1784989377,0,0.36
Sat Jul 25 14:23:06 UTC 2026,1784989386,0,0.24
Sat Jul 25 14:23:34 UTC 2026,1784989414,0,0.34
Sat Jul 25 14:24:14 UTC 2026,1784989454,0,0.26
Sat Jul 25 14:25:21 UTC 2026,1784989521,0,0.24
Sat Jul 25 14:25:53 UTC 2026,1784989553,0,0.38
Sat Jul 25 14:26:52 UTC 2026,1784989612,0,0.33
Sat Jul 25 14:27:23 UTC 2026,1784989643,0,0.26
Sat Jul 25 14:28:41 UTC 2026,1784989721,0,0.33
Sat Jul 25 14:29:21 UTC 2026,1784989761,0,0.28
Sat Jul 25 14:30:15 UTC 2026,1784989815,0,0.32
Sat Jul 25 14:31:01 UTC 2026,1784989861,0,0.25
Sat Jul 25 14:32:41 UTC 2026,1784989961,0,0.31
Sat Jul 25 14:33:18 UTC 2026,1784989998,0,0.33
Sat Jul 25 14:33:54 UTC 2026,1784990034,0,0.27
Sat Jul 25 14:35:34 UTC 2026,1784990134,0,0.26
Sat Jul 25 14:36:15 UTC 2026,1784990175,0,0.33
Sat Jul 25 14:37:09 UTC 2026,1784990229,0,0.34
Sat Jul 25 14:37:36 UTC 2026,1784990256,0,0.26
Sat Jul 25 14:38:22 UTC 2026,1784990302,0,0.29
Sat Jul 25 14:39:20 UTC 2026,1784990360,0,0.37
Sat Jul 25 14:40:46 UTC 2026,1784990446,0,0.29
Sat Jul 25 14:41:18 UTC 2026,1784990478,0,0.35
Sat Jul 25 14:41:50 UTC 2026,1784990510,0,0.36
Sat Jul 25 14:42:49 UTC 2026,1784990569,0,0.28
Sat Jul 25 14:43:20 UTC 2026,1784990600,0,0.3
Sat Jul 25 14:44:42 UTC 2026,1784990682,0,0.37
Sat Jul 25 14:45:28 UTC 2026,1784990728,0,0.36
Sat Jul 25 14:45:55 UTC 2026,1784990755,0,0.27
Sat Jul 25 14:46:45 UTC 2026,1784990805,0,0.29
Sat Jul 25 14:47:08 UTC 2026,1784990828,0,0.35
Sat Jul 25 14:48:15 UTC 2026,1784990895,0,0.36
Sat Jul 25 14:49:46 UTC 2026,1784990986,0,0.27
Sat Jul 25 14:49:56 UTC 2026,1784990996,0,0.24
Sat Jul 25 14:50:14 UTC 2026,1784991014,0,0.33
Sat Jul 25 14:51:52 UTC 2026,1784991112,0,0.26
Sat Jul 25 14:52:43 UTC 2026,1784991163,0,0.34
Sat Jul 25 14:53:20 UTC 2026,1784991200,0,0.32
Sat Jul 25 14:54:40 UTC 2026,1784991280,0,0.23
Sat Jul 25 14:55:17 UTC 2026,1784991317,0,0.1
Sat Jul 25 14:56:02 UTC 2026,1784991362,0,0.24
Sat Jul 25 14:56:52 UTC 2026,1784991412,0,0.25
Sat Jul 25 14:57:05 UTC 2026,1784991425,0,0.19
Sat Jul 25 14:59:04 UTC 2026,1784991544,0,0.3
Sat Jul 25 14:59:49 UTC 2026,1784991589,0,0.29
Sat Jul 25 15:00:17 UTC 2026,1784991617,0,0.22
Sat Jul 25 15:01:33 UTC 2026,1784991693,0,0.24
Sat Jul 25 15:01:37 UTC 2026,1784991697,0,0.28
Sat Jul 25 15:03:31 UTC 2026,1784991811,0,0.23
Sat Jul 25 15:04:07 UTC 2026,1784991847,0,0.31
Sat Jul 25 15:04:48 UTC 2026,1784991888,0,0.22
Sat Jul 25 15:05:20 UTC 2026,1784991920,0,0.3
Sat Jul 25 15:06:42 UTC 2026,1784992002,0,0.29
Sat Jul 25 15:07:41 UTC 2026,1784992061,0,0.21
Sat Jul 25 15:08:25 UTC 2026,1784992105,0,0.19
Sat Jul 25 15:09:30 UTC 2026,1784992170,0,0.11
Sat Jul 25 15:09:39 UTC 2026,1784992179,0,0.12
Sat Jul 25 15:10:19 UTC 2026,1784992219,0,0.22
Sat Jul 25 15:12:04 UTC 2026,1784992324,0,0.23
Sat Jul 25 15:12:35 UTC 2026,1784992355,0,0.11
Sat Jul 25 15:12:58 UTC 2026,1784992378,0,0.19
Sat Jul 25 15:13:17 UTC 2026,1784992397,0,0.1
Sat Jul 25 15:14:38 UTC 2026,1784992478,0,0.11
Sat Jul 25 15:15:54 UTC 2026,1784992554,0,0.2
Sat Jul 25 15:16:27 UTC 2026,1784992587,0,0.16
Sat Jul 25 15:17:21 UTC 2026,1784992641,0,0.05
Sat Jul 25 15:18:02 UTC 2026,1784992682,0,0.15
Sat Jul 25 15:18:55 UTC 2026,1784992735,0,0.05
Sat Jul 25 15:19:50 UTC 2026,1784992790,0,0.06
Sat Jul 25 15:21:03 UTC 2026,1784992863,0,0.18
Sat Jul 25 15:21:09 UTC 2026,1784992869,0,0.21
Sat Jul 25 15:21:26 UTC 2026,1784992886,0,0.14
Sat Jul 25 15:23:19 UTC 2026,1784992999,0,0.24
Sat Jul 25 15:23:28 UTC 2026,1784993008,0,0.16
Sat Jul 25 15:24:27 UTC 2026,1784993067,0,0.17
Sat Jul 25 15:24:41 UTC 2026,1784993081,0,0.26
Sat Jul 25 15:26:12 UTC 2026,1784993172,0,0.19
Sat Jul 25 15:27:01 UTC 2026,1784993221,0,0.31
Sat Jul 25 15:28:46 UTC 2026,1784993326,0,0.34
Sat Jul 25 15:29:21 UTC 2026,1784993361,0,0.25
Sat Jul 25 15:30:16 UTC 2026,1784993416,0,0.33
Sat Jul 25 15:30:42 UTC 2026,1784993442,0,0.25
Sat Jul 25 15:31:15 UTC 2026,1784993475,0,0.33
Sat Jul 25 15:31:47 UTC 2026,1784993507,0,0.24
Sat Jul 25 15:33:09 UTC 2026,1784993589,0,0.29
Sat Jul 25 15:34:17 UTC 2026,1784993657,0,0.22
Sat Jul 25 15:34:38 UTC 2026,1784993678,0,0.28
Sat Jul 25 15:35:19 UTC 2026,1784993719,0,0.18
Sat Jul 25 15:36:28 UTC 2026,1784993788,0,0.17
Sat Jul 25 15:37:18 UTC 2026,1784993838,0,0.27
Sat Jul 25 15:37:59 UTC 2026,1784993879,0,0.28
Sat Jul 25 15:38:53 UTC 2026,1784993933,0,0.19
Sat Jul 25 15:40:34 UTC 2026,1784994034,0,0.29
Sat Jul 25 15:41:22 UTC 2026,1784994082,0,0.24
Sat Jul 25 15:41:32 UTC 2026,1784994092,0,0.3
Sat Jul 25 15:42:49 UTC 2026,1784994169,0,0.32
Sat Jul 25 15:43:24 UTC 2026,1784994204,0,0.2
Sat Jul 25 15:44:19 UTC 2026,1784994259,0,0.25
Sat Jul 25 15:44:37 UTC 2026,1784994277,0,0.33
Sat Jul 25 15:46:08 UTC 2026,1784994368,0,0.26
Sat Jul 25 15:46:58 UTC 2026,1784994418,0,0.33
Sat Jul 25 15:48:28 UTC 2026,1784994508,0,0.36
Sat Jul 25 15:48:41 UTC 2026,1784994521,0,0.28
Sat Jul 25 15:50:13 UTC 2026,1784994613,0,0.37
Sat Jul 25 15:50:43 UTC 2026,1784994643,0,0.29
Sat Jul 25 15:51:07 UTC 2026,1784994667,0,0.34
Sat Jul 25 15:52:28 UTC 2026,1784994748,0,0.27
Sat Jul 25 15:52:37 UTC 2026,1784994757,0,0.25
Sat Jul 25 15:53:55 UTC 2026,1784994835,0,0.13
Sat Jul 25 15:54:12 UTC 2026,1784994852,0,0.18
Sat Jul 25 15:55:21 UTC 2026,1784994921,0,0.04
Sat Jul 25 15:56:06 UTC 2026,1784994966,0,0.16
Sat Jul 25 15:56:42 UTC 2026,1784995002,0,0.04
Sat Jul 25 15:57:40 UTC 2026,1784995060,0,0.05
Sat Jul 25 15:58:04 UTC 2026,1784995084,0,0.14
Sat Jul 25 15:59:35 UTC 2026,1784995175,0,0.12
Sat Jul 25 16:00:06 UTC 2026,1784995206,0,0.04
Sat Jul 25 16:01:00 UTC 2026,1784995260,0,0.13
Sat Jul 25 16:01:41 UTC 2026,1784995301,0,0.0
Sat Jul 25 16:02:59 UTC 2026,1784995379,0,0.11
Sat Jul 25 16:04:07 UTC 2026,1784995447,0,0.06
Sat Jul 25 16:05:23 UTC 2026,1784995523,0,-0.05
Sat Jul 25 16:06:59 UTC 2026,1784995619,0,-0.02
Sat Jul 25 16:07:17 UTC 2026,1784995637,0,0.09
Sat Jul 25 16:07:30 UTC 2026,1784995650,0,0.04
Sat Jul 25 16:07:44 UTC 2026,1784995664,0,0.12
Sat Jul 25 16:09:10 UTC 2026,1784995750,0,0.07
Sat Jul 25 16:10:27 UTC 2026,1784995827,0,0.15
Sat Jul 25 16:11:13 UTC 2026,1784995873,0,0.16
Sat Jul 25 16:12:06 UTC 2026,1784995926,0,0.02
Sat Jul 25 16:13:24 UTC 2026,1784996004,0,0.12
Sat Jul 25 16:15:08 UTC 2026,1784996108,0,0.02
Sat Jul 25 16:15:22 UTC 2026,1784996122,0,0.1
Sat Jul 25 16:15:48 UTC 2026,1784996148,0,0.05
Sat Jul 25 16:17:05 UTC 2026,1784996225,0,-0.11
Sat Jul 25 16:17:24 UTC 2026,1784996244,0,-0.06
Sat Jul 25 16:17:56 UTC 2026,1784996276,0,-0.14
Sat Jul 25 16:19:17 UTC 2026,1784996357,0,-0.06
Sat Jul 25 16:20:30 UTC 2026,1784996430,0,-0.22
Sat Jul 25 16:20:52 UTC 2026,1784996452,0,-0.09
Sat Jul 25 16:22:00 UTC 2026,1784996520,0,-0.34
Sat Jul 25 16:22:41 UTC 2026,1784996561,0,-0.38
Sat Jul 25 16:23:22 UTC 2026,1784996602,0,-0.2
Sat Jul 25 16:24:34 UTC 2026,1784996674,0,-0.24
Sat Jul 25 16:24:58 UTC 2026,1784996698,0,-0.4
Sat Jul 25 16:25:51 UTC 2026,1784996751,0,-0.41
Sat Jul 25 16:26:14 UTC 2026,1784996774,0,-0.18
Sat Jul 25 16:27:59 UTC 2026,1784996879,0,-0.42
Sat Jul 25 16:28:26 UTC 2026,1784996906,0,-0.24
Sat Jul 25 16:28:49 UTC 2026,1784996929,0,-0.26
Sat Jul 25 16:30:19 UTC 2026,1784997019,0,-0.49
Sat Jul 25 16:30:33 UTC 2026,1784997033,0,-0.32
Sat Jul 25 16:31:04 UTC 2026,1784997064,0,-0.65
Sat Jul 25 16:32:39 UTC 2026,1784997159,0,-0.57
Sat Jul 25 16:33:29 UTC 2026,1784997209,0,-0.34
Sat Jul 25 16:34:02 UTC 2026,1784997242,0,-0.42
Sat Jul 25 16:35:13 UTC 2026,1784997313,0,-0.72
Sat Jul 25 16:35:27 UTC 2026,1784997327,0,-0.54
Sat Jul 25 16:36:31 UTC 2026,1784997391,0,-0.87
Sat Jul 25 16:37:35 UTC 2026,1784997455,0,-0.97
Sat Jul 25 16:38:01 UTC 2026,1784997481,0,-0.54
Sat Jul 25 16:38:56 UTC 2026,1784997536,0,-0.65
Sat Jul 25 16:39:29 UTC 2026,1784997569,0,-1.11
Sat Jul 25 16:41:03 UTC 2026,1784997663,0,-0.67
Sat Jul 25 16:41:36 UTC 2026,1784997696,0,-1.06
Sat Jul 25 16:42:11 UTC 2026,1784997731,0,-1.16
Sat Jul 25 16:43:32 UTC 2026,1784997812,0,-0.69
Sat Jul 25 16:44:40 UTC 2026,1784997880,0,-0.56
Sat Jul 25 16:44:54 UTC 2026,1784997894,0,-0.76
Sat Jul 25 16:45:31 UTC 2026,1784997931,0,-0.69
Sat Jul 25 16:46:03 UTC 2026,1784997963,0,-0.97
Sat Jul 25 16:47:33 UTC 2026,1784998053,0,-0.99
Sat Jul 25 16:48:05 UTC 2026,1784998085,0,-0.75
Sat Jul 25 16:48:36 UTC 2026,1784998116,0,-0.81
Sat Jul 25 16:49:18 UTC 2026,1784998158,0,-0.44
Sat Jul 25 16:50:25 UTC 2026,1784998225,0,-0.45
Sat Jul 25 16:51:38 UTC 2026,1784998298,0,-0.75
Sat Jul 25 16:53:17 UTC 2026,1784998397,0,-0.45
Sat Jul 25 16:53:41 UTC 2026,1784998421,0,-0.39
Sat Jul 25 16:55:06 UTC 2026,1784998506,0,-0.73
Sat Jul 25 16:55:43 UTC 2026,1784998543,0,-0.65
Sat Jul 25 16:56:00 UTC 2026,1784998560,0,-0.84
Sat Jul 25 16:57:23 UTC 2026,1784998643,0,-0.51
Sat Jul 25 16:58:13 UTC 2026,1784998693,0,-0.78
Sat Jul 25 16:58:40 UTC 2026,1784998720,0,-0.74
Sat Jul 25 17:00:05 UTC 2026,1784998805,0,-0.37
Sat Jul 25 17:00:23 UTC 2026,1784998823,0,-0.36
Sat Jul 25 17:01:32 UTC 2026,1784998892,0,-0.7
Sat Jul 25 17:02:03 UTC 2026,1784998923,0,-0.72
Sat Jul 25 17:02:57 UTC 2026,1784998977,0,-0.42
Sat Jul 25 17:03:52 UTC 2026,1784999032,0,-0.51
Sat Jul 25 17:05:04 UTC 2026,1784999104,0,-0.21
Sat Jul 25 17:05:32 UTC 2026,1784999132,0,-0.08
Sat Jul 25 17:06:36 UTC 2026,1784999196,0,-0.32
Sat Jul 25 17:06:45 UTC 2026,1784999205,0,-0.21
Sat Jul 25 17:07:26 UTC 2026,1784999246,0,-0.44
Sat Jul 25 17:08:29 UTC 2026,1784999309,0,-0.29
Sat Jul 25 17:09:41 UTC 2026,1784999381,0,0.0
Sat Jul 25 17:10:04 UTC 2026,1784999404,0,0.05
Sat Jul 25 17:10:45 UTC 2026,1784999445,0,-0.16
Sat Jul 25 17:12:29 UTC 2026,1784999549,0,-0.17
Sat Jul 25 17:13:15 UTC 2026,1784999595,0,-0.04
Sat Jul 25 17:14:18 UTC 2026,1784999658,0,-0.17
Sat Jul 25 17:14:58 UTC 2026,1784999698,0,0.05
Sat Jul 25 17:15:03 UTC 2026,1784999703,0,0.11
Sat Jul 25 17:16:11 UTC 2026,1784999771,0,0.01
Sat Jul 25 17:17:02 UTC 2026,1784999822,0,0.15
Sat Jul 25 17:18:05 UTC 2026,1784999885,0,-0.25
Sat Jul 25 17:18:32 UTC 2026,1784999912,0,0.04
Sat Jul 25 17:19:04 UTC 2026,1784999944,0,0.2
Sat Jul 25 17:21:24 UTC 2026,1785000084,0,0.02
Sat Jul 25 17:21:42 UTC 2026,1785000102,0,0.09
Sat Jul 25 17:22:36 UTC 2026,1785000156,0,-0.1
Sat Jul 25 17:23:26 UTC 2026,1785000206,0,0.07
Sat Jul 25 17:24:49 UTC 2026,1785000289,0,-0.16
Sat Jul 25 17:25:16 UTC 2026,1785000316,0,-0.13
Sat Jul 25 17:26:27 UTC 2026,1785000387,0,-0.4
Sat Jul 25 17:26:46 UTC 2026,1785000406,0,-0.66
Sat Jul 25 17:27:12 UTC 2026,1785000432,0,-0.4
Sat Jul 25 17:28:12 UTC 2026,1785000492,0,-0.52
Sat Jul 25 17:29:25 UTC 2026,1785000565,0,-1.08
Sat Jul 25 17:29:56 UTC 2026,1785000596,0,-0.93
Sat Jul 25 17:31:22 UTC 2026,1785000682,0,-1.23
Sat Jul 25 17:32:03 UTC 2026,1785000723,0,-0.95
Sat Jul 25 17:32:26 UTC 2026,1785000746,0,-1.28
Sat Jul 25 17:33:25 UTC 2026,1785000805,0,-1.1
Sat Jul 25 17:34:28 UTC 2026,1785000868,0,-0.56
Sat Jul 25 17:35:23 UTC 2026,1785000923,0,-0.7
Sat Jul 25 17:35:46 UTC 2026,1785000946,0,-0.91
Sat Jul 25 17:36:36 UTC 2026,1785000996,0,-1.02
Sat Jul 25 17:36:57 UTC 2026,1785001017,0,-0.76
Sat Jul 25 17:38:19 UTC 2026,1785001099,0,-1.03
Sat Jul 25 17:39:05 UTC 2026,1785001145,0,-0.69
Sat Jul 25 17:39:45 UTC 2026,1785001185,0,-0.86
Sat Jul 25 17:41:06 UTC 2026,1785001266,0,-0.67
Sat Jul 25 17:41:26 UTC 2026,1785001286,0,-0.71
Sat Jul 25 17:42:06 UTC 2026,1785001326,0,-0.44
Sat Jul 25 17:43:05 UTC 2026,1785001385,0,-0.57
Sat Jul 25 17:43:54 UTC 2026,1785001434,0,-0.25
Sat Jul 25 17:45:07 UTC 2026,1785001507,0,-0.6
Sat Jul 25 17:45:35 UTC 2026,1785001535,0,-0.36
Sat Jul 25 17:46:33 UTC 2026,1785001593,0,-0.45
Sat Jul 25 17:47:59 UTC 2026,1785001679,0,-0.91
Sat Jul 25 17:49:17 UTC 2026,1785001757,0,-0.59
Sat Jul 25 17:50:11 UTC 2026,1785001811,0,-0.73
Sat Jul 25 17:51:15 UTC 2026,1785001875,0,-0.32
Sat Jul 25 17:51:19 UTC 2026,1785001879,0,-0.45
Sat Jul 25 17:51:47 UTC 2026,1785001907,0,-0.29
Sat Jul 25 17:53:34 UTC 2026,1785002014,0,-0.32
Sat Jul 25 17:53:58 UTC 2026,1785002038,0,-0.18
Sat Jul 25 17:55:11 UTC 2026,1785002111,0,-0.24
Sat Jul 25 17:55:20 UTC 2026,1785002120,0,-0.08
Sat Jul 25 17:56:32 UTC 2026,1785002192,0,-0.13
Sat Jul 25 17:57:22 UTC 2026,1785002242,0,-0.33
Sat Jul 25 17:58:40 UTC 2026,1785002320,0,-0.18
Sat Jul 25 17:58:57 UTC 2026,1785002337,0,-0.36
Sat Jul 25 17:59:57 UTC 2026,1785002397,0,-0.19
Sat Jul 25 18:00:41 UTC 2026,1785002441,0,-0.44
Sat Jul 25 18:01:18 UTC 2026,1785002478,0,-0.22
Sat Jul 25 18:02:07 UTC 2026,1785002527,0,-0.51
Sat Jul 25 18:03:39 UTC 2026,1785002619,0,-0.29
Sat Jul 25 18:04:10 UTC 2026,1785002650,0,-0.53
Sat Jul 25 18:04:41 UTC 2026,1785002681,0,-0.52
Sat Jul 25 18:06:02 UTC 2026,1785002762,0,-0.35
Sat Jul 25 18:06:26 UTC 2026,1785002786,0,-0.43
Sat Jul 25 18:07:43 UTC 2026,1785002863,0,-0.17
Sat Jul 25 18:08:42 UTC 2026,1785002922,0,-0.37
Sat Jul 25 18:09:22 UTC 2026,1785002962,0,-0.14
Sat Jul 25 18:09:45 UTC 2026,1785002985,0,-0.35
Sat Jul 25 18:10:36 UTC 2026,1785003036,0,-0.07
Sat Jul 25 18:11:20 UTC 2026,1785003080,0,-0.06
Sat Jul 25 18:12:33 UTC 2026,1785003153,0,-0.32
Sat Jul 25 18:13:13 UTC 2026,1785003193,0,-0.07
Sat Jul 25 18:13:46 UTC 2026,1785003226,0,-0.28
Sat Jul 25 18:15:25 UTC 2026,1785003325,0,-0.32
Sat Jul 25 18:16:01 UTC 2026,1785003361,0,-0.13
Sat Jul 25 18:16:47 UTC 2026,1785003407,0,-0.33
Sat Jul 25 18:17:32 UTC 2026,1785003452,0,-0.03
Sat Jul 25 18:19:02 UTC 2026,1785003542,0,0.0
Sat Jul 25 18:19:16 UTC 2026,1785003556,0,-0.19
Sat Jul 25 18:19:21 UTC 2026,1785003561,0,-0.07
Sat Jul 25 18:19:26 UTC 2026,1785003566,0,-0.26
Sat Jul 25 18:21:24 UTC 2026,1785003684,0,-0.3
Sat Jul 25 18:22:04 UTC 2026,1785003724,0,-0.04
Sat Jul 25 18:23:48 UTC 2026,1785003828,0,-0.12
Sat Jul 25 18:24:16 UTC 2026,1785003856,0,-0.51
Sat Jul 25 18:24:25 UTC 2026,1785003865,0,-0.59
Sat Jul 25 18:25:55 UTC 2026,1785003955,0,-0.12
Sat Jul 25 18:26:19 UTC 2026,1785003979,0,-0.36
Sat Jul 25 18:27:03 UTC 2026,1785004023,0,-0.04
Sat Jul 25 18:27:53 UTC 2026,1785004073,0,-0.25
Sat Jul 25 18:28:11 UTC 2026,1785004091,0,-0.04
Sat Jul 25 18:29:51 UTC 2026,1785004191,0,-0.33
Sat Jul 25 18:30:36 UTC 2026,1785004236,0,-0.07
Sat Jul 25 18:30:54 UTC 2026,1785004254,0,-0.14
Sat Jul 25 18:32:30 UTC 2026,1785004350,0,0.01
Sat Jul 25 18:33:10 UTC 2026,1785004390,0,0.0
Sat Jul 25 18:34:00 UTC 2026,1785004440,0,-0.23
Sat Jul 25 18:34:14 UTC 2026,1785004454,0,-0.26
Sat Jul 25 18:35:35 UTC 2026,1785004535,0,0.02
Sat Jul 25 18:36:16 UTC 2026,1785004576,0,-0.1
Sat Jul 25 18:37:06 UTC 2026,1785004626,0,0.11
Sat Jul 25 18:37:59 UTC 2026,1785004679,0,-0.04
Sat Jul 25 18:39:03 UTC 2026,1785004743,0,0.18
Sat Jul 25 18:39:17 UTC 2026,1785004757,0,0.16
Sat Jul 25 18:40:42 UTC 2026,1785004842,0,0.27
Sat Jul 25 18:40:53 UTC 2026,1785004853,0,0.23
Sat Jul 25 18:41:02 UTC 2026,1785004862,0,-0.12
Sat Jul 25 18:42:45 UTC 2026,1785004965,0,0.1
Sat Jul 25 18:44:03 UTC 2026,1785005043,0,0.3
Sat Jul 25 18:44:07 UTC 2026,1785005047,0,0.31
Sat Jul 25 18:44:21 UTC 2026,1785005061,0,0.23
Sat Jul 25 18:46:28 UTC 2026,1785005188,0,0.25
Sat Jul 25 18:46:37 UTC 2026,1785005197,0,0.35
Sat Jul 25 18:48:35 UTC 2026,1785005315,0,0.36
Sat Jul 25 18:48:58 UTC 2026,1785005338,0,0.25
Sat Jul 25 18:49:57 UTC 2026,1785005397,0,0.32
Sat Jul 25 18:50:33 UTC 2026,1785005433,0,0.25
Sat Jul 25 18:50:55 UTC 2026,1785005455,0,0.3
Sat Jul 25 18:52:16 UTC 2026,1785005536,0,0.13
Sat Jul 25 18:52:41 UTC 2026,1785005561,0,0.22
Sat Jul 25 18:53:07 UTC 2026,1785005587,0,0.09
Sat Jul 25 18:54:33 UTC 2026,1785005673,0,0.2
Sat Jul 25 18:55:24 UTC 2026,1785005724,0,-0.06
Sat Jul 25 18:55:41 UTC 2026,1785005741,0,-0.02
Sat Jul 25 18:57:07 UTC 2026,1785005827,0,0.17
Sat Jul 25 18:57:21 UTC 2026,1785005841,0,0.19
Sat Jul 25 18:58:11 UTC 2026,1785005891,0,0.02
Sat Jul 25 18:59:05 UTC 2026,1785005945,0,0.18
Sat Jul 25 19:00:32 UTC 2026,1785006032,0,-0.29
Sat Jul 25 19:00:45 UTC 2026,1785006045,0,-0.18
Sat Jul 25 19:01:26 UTC 2026,1785006086,0,-0.47
Sat Jul 25 19:02:52 UTC 2026,1785006172,0,-0.26
Sat Jul 25 19:03:51 UTC 2026,1785006231,0,-0.59
Sat Jul 25 19:04:14 UTC 2026,1785006254,0,-0.72
Sat Jul 25 19:05:22 UTC 2026,1785006322,0,-0.44
Sat Jul 25 19:05:40 UTC 2026,1785006340,0,-0.61
Sat Jul 25 19:05:50 UTC 2026,1785006350,0,-0.4
Sat Jul 25 19:07:38 UTC 2026,1785006458,0,-0.51
Sat Jul 25 19:08:28 UTC 2026,1785006508,0,-0.29
Sat Jul 25 19:09:04 UTC 2026,1785006544,0,-0.45
Sat Jul 25 19:09:53 UTC 2026,1785006593,0,-0.12
Sat Jul 25 19:10:34 UTC 2026,1785006634,0,-0.38
Sat Jul 25 19:11:56 UTC 2026,1785006716,0,-0.21
Sat Jul 25 19:12:28 UTC 2026,1785006748,0,-0.36
Sat Jul 25 19:13:14 UTC 2026,1785006794,0,-0.09
Sat Jul 25 19:15:02 UTC 2026,1785006902,0,-0.06
Sat Jul 25 19:15:24 UTC 2026,1785006924,0,-0.39
Sat Jul 25 19:16:50 UTC 2026,1785007010,0,-0.15
Sat Jul 25 19:17:00 UTC 2026,1785007020,0,-0.42
Sat Jul 25 19:17:59 UTC 2026,1785007079,0,-0.13
Sat Jul 25 19:18:35 UTC 2026,1785007115,0,-0.53
Sat Jul 25 19:18:58 UTC 2026,1785007138,0,-0.25
Sat Jul 25 19:20:11 UTC 2026,1785007211,0,-0.5
Sat Jul 25 19:20:42 UTC 2026,1785007242,0,-0.33
Sat Jul 25 19:21:27 UTC 2026,1785007287,0,-0.65
Sat Jul 25 19:22:13 UTC 2026,1785007333,0,-0.53
Sat Jul 25 19:23:02 UTC 2026,1785007382,0,-0.82
Sat Jul 25 19:24:48 UTC 2026,1785007488,0,-0.49
Sat Jul 25 19:26:54 UTC 2026,1785007614,0,-0.57
Sat Jul 25 19:26:58 UTC 2026,1785007618,0,-0.93
Sat Jul 25 19:27:08 UTC 2026,1785007628,0,-0.85
Sat Jul 25 19:28:38 UTC 2026,1785007718,0,-0.54
Sat Jul 25 19:28:52 UTC 2026,1785007732,0,-0.53
Sat Jul 25 19:30:09 UTC 2026,1785007809,0,-0.99
Sat Jul 25 19:30:26 UTC 2026,1785007826,0,-0.61
Sat Jul 25 19:31:26 UTC 2026,1785007886,0,-0.36
Sat Jul 25 19:32:21 UTC 2026,1785007941,0,-0.14
Sat Jul 25 19:33:24 UTC 2026,1785008004,0,-0.52
Sat Jul 25 19:34:04 UTC 2026,1785008044,0,-0.44
Sat Jul 25 19:34:14 UTC 2026,1785008054,0,-0.21
Sat Jul 25 19:36:07 UTC 2026,1785008167,0,-0.44
Sat Jul 25 19:36:21 UTC 2026,1785008181,0,-0.24
Sat Jul 25 19:37:37 UTC 2026,1785008257,0,-0.2
Sat Jul 25 19:38:04 UTC 2026,1785008284,0,-0.53
Sat Jul 25 19:38:59 UTC 2026,1785008339,0,-0.31
Sat Jul 25 19:40:11 UTC 2026,1785008411,0,-0.64
Sat Jul 25 19:40:57 UTC 2026,1785008457,0,-0.43
Sat Jul 25 19:41:38 UTC 2026,1785008498,0,-0.81
Sat Jul 25 19:42:42 UTC 2026,1785008562,0,-0.55
Sat Jul 25 19:42:51 UTC 2026,1785008571,0,-0.9
Sat Jul 25 19:43:49 UTC 2026,1785008629,0,-0.6
Sat Jul 25 19:44:30 UTC 2026,1785008670,0,-0.79
Sat Jul 25 19:46:14 UTC 2026,1785008774,0,-0.38
Sat Jul 25 19:46:28 UTC 2026,1785008788,0,-0.76
Sat Jul 25 19:47:18 UTC 2026,1785008838,0,-0.95
Sat Jul 25 19:47:36 UTC 2026,1785008856,0,-0.64
Sat Jul 25 19:49:16 UTC 2026,1785008956,0,-0.61
Sat Jul 25 19:50:00 UTC 2026,1785009000,0,-0.91
Sat Jul 25 19:50:56 UTC 2026,1785009056,0,-0.56
Sat Jul 25 19:51:41 UTC 2026,1785009101,0,-0.83
Sat Jul 25 19:52:31 UTC 2026,1785009151,0,-0.67
Sat Jul 25 19:52:44 UTC 2026,1785009164,0,-1.07
Sat Jul 25 19:53:25 UTC 2026,1785009205,0,-0.89
Sat Jul 25 19:53:47 UTC 2026,1785009227,0,-1.23
Sat Jul 25 19:55:19 UTC 2026,1785009319,0,-1.27
Sat Jul 25 19:56:40 UTC 2026,1785009400,0,-0.74
Sat Jul 25 19:56:57 UTC 2026,1785009417,0,-1.23
Sat Jul 25 19:57:29 UTC 2026,1785009449,0,-0.65
Sat Jul 25 19:59:05 UTC 2026,1785009545,0,-0.59
Sat Jul 25 19:59:28 UTC 2026,1785009568,0,-0.89
Sat Jul 25 20:00:57 UTC 2026,1785009657,0,-0.78
Sat Jul 25 20:01:30 UTC 2026,1785009690,0,-0.58
Sat Jul 25 20:02:02 UTC 2026,1785009722,0,-0.83
Sat Jul 25 20:02:37 UTC 2026,1785009757,0,-0.45
Sat Jul 25 20:03:24 UTC 2026,1785009804,0,-0.41
Sat Jul 25 20:04:18 UTC 2026,1785009858,0,-0.66
Sat Jul 25 20:05:39 UTC 2026,1785009939,0,-0.74
Sat Jul 25 20:06:25 UTC 2026,1785009985,0,-0.53
Sat Jul 25 20:06:38 UTC 2026,1785009998,0,-0.61
Sat Jul 25 20:08:00 UTC 2026,1785010080,0,-0.35
Sat Jul 25 20:08:45 UTC 2026,1785010125,0,-0.43
Sat Jul 25 20:09:03 UTC 2026,1785010143,0,-0.17
Sat Jul 25 20:10:02 UTC 2026,1785010202,0,-0.16
Sat Jul 25 20:11:28 UTC 2026,1785010288,0,-0.78
Sat Jul 25 20:11:51 UTC 2026,1785010311,0,-0.54
Sat Jul 25 20:13:08 UTC 2026,1785010388,0,-0.9
Sat Jul 25 20:13:58 UTC 2026,1785010438,0,-0.62
Sat Jul 25 20:14:16 UTC 2026,1785010456,0,-1.13
Sat Jul 25 20:14:52 UTC 2026,1785010492,0,-0.69
Sat Jul 25 20:15:05 UTC 2026,1785010505,0,-1.06
Sat Jul 25 20:17:19 UTC 2026,1785010639,0,-0.7
Sat Jul 25 20:17:36 UTC 2026,1785010656,0,-1.03
Sat Jul 25 20:19:21 UTC 2026,1785010761,0,-0.94
Sat Jul 25 20:19:38 UTC 2026,1785010778,0,-0.72
Sat Jul 25 20:19:56 UTC 2026,1785010796,0,-0.84
Sat Jul 25 20:21:22 UTC 2026,1785010882,0,-1.21
Sat Jul 25 20:21:32 UTC 2026,1785010892,0,-0.74
Sat Jul 25 20:23:03 UTC 2026,1785010983,0,-1.38
Sat Jul 25 20:23:24 UTC 2026,1785011004,0,-1.16
Sat Jul 25 20:24:11 UTC 2026,1785011051,0,-1.69
Sat Jul 25 20:25:14 UTC 2026,1785011114,0,-1.12
Sat Jul 25 20:25:59 UTC 2026,1785011159,0,-1.7
Sat Jul 25 20:26:36 UTC 2026,1785011196,0,-1.8
Sat Jul 25 20:27:48 UTC 2026,1785011268,0,-1.3
Sat Jul 25 20:28:25 UTC 2026,1785011305,0,-1.86
Sat Jul 25 20:29:37 UTC 2026,1785011377,0,-1.28
Sat Jul 25 20:29:51 UTC 2026,1785011391,0,-1.71
Sat Jul 25 20:31:17 UTC 2026,1785011477,0,-1.07
Sat Jul 25 20:32:11 UTC 2026,1785011531,0,-1.37
Sat Jul 25 20:32:57 UTC 2026,1785011577,0,-0.95
Sat Jul 25 20:33:46 UTC 2026,1785011626,0,-1.21
Sat Jul 25 20:34:31 UTC 2026,1785011671,0,-0.87
Sat Jul 25 20:34:50 UTC 2026,1785011690,0,-0.86
Sat Jul 25 20:34:59 UTC 2026,1785011699,0,-1.35
Sat Jul 25 20:36:49 UTC 2026,1785011809,0,-0.78
Sat Jul 25 20:37:25 UTC 2026,1785011845,0,-1.11
Sat Jul 25 20:38:06 UTC 2026,1785011886,0,-0.74
Sat Jul 25 20:39:17 UTC 2026,1785011957,0,-1.18
Sat Jul 25 20:39:40 UTC 2026,1785011980,0,-1.11
Sat Jul 25 20:41:02 UTC 2026,1785012062,0,-0.7
Sat Jul 25 20:42:01 UTC 2026,1785012121,0,-0.74
Sat Jul 25 20:42:28 UTC 2026,1785012148,0,-1.19
Sat Jul 25 20:42:56 UTC 2026,1785012176,0,-0.93
Sat Jul 25 20:43:50 UTC 2026,1785012230,0,-1.93
Sat Jul 25 20:44:44 UTC 2026,1785012284,0,-1.16
Sat Jul 25 20:45:16 UTC 2026,1785012316,0,-1.54
Sat Jul 25 20:46:14 UTC 2026,1785012374,0,-1.44
Sat Jul 25 20:47:22 UTC 2026,1785012442,0,-1.02
Sat Jul 25 20:48:04 UTC 2026,1785012484,0,-0.95
Sat Jul 25 20:49:12 UTC 2026,1785012552,0,-1.37
Sat Jul 25 20:49:43 UTC 2026,1785012583,0,-0.9
Sat Jul 25 20:50:24 UTC 2026,1785012624,0,-1.38
Sat Jul 25 20:51:54 UTC 2026,1785012714,0,-1.14
Sat Jul 25 20:52:41 UTC 2026,1785012761,0,-1.79
Sat Jul 25 20:52:58 UTC 2026,1785012778,0,-1.9
Sat Jul 25 20:54:06 UTC 2026,1785012846,0,-3.69
Sat Jul 25 20:55:18 UTC 2026,1785012918,0,-1.55
Sat Jul 25 20:55:55 UTC 2026,1785012955,0,-2.77
Sat Jul 25 20:57:07 UTC 2026,1785013027,0,-3.14
Sat Jul 25 20:57:44 UTC 2026,1785013064,0,-1.66
Sat Jul 25 20:58:05 UTC 2026,1785013085,0,-1.54
Sat Jul 25 20:58:25 UTC 2026,1785013105,0,-2.77
Sat Jul 25 21:00:04 UTC 2026,1785013204,0,-3.11
Sat Jul 25 21:00:59 UTC 2026,1785013259,0,-1.64
Sat Jul 25 21:01:03 UTC 2026,1785013263,0,-1.33
Sat Jul 25 21:02:21 UTC 2026,1785013341,0,-1.89
Sat Jul 25 21:03:09 UTC 2026,1785013389,0,-1.54
Sat Jul 25 21:04:01 UTC 2026,1785013441,0,-2.29
Sat Jul 25 21:04:36 UTC 2026,1785013476,0,-1.94
Sat Jul 25 21:05:17 UTC 2026,1785013517,0,-2.88
Sat Jul 25 21:06:34 UTC 2026,1785013594,0,-2.53
Sat Jul 25 21:07:33 UTC 2026,1785013653,0,-1.71
Sat Jul 25 21:08:23 UTC 2026,1785013703,0,-2.02
Sat Jul 25 21:08:58 UTC 2026,1785013738,0,-1.44
Sat Jul 25 21:10:12 UTC 2026,1785013812,0,-1.64
Sat Jul 25 21:10:52 UTC 2026,1785013852,0,-0.86
Sat Jul 25 21:11:42 UTC 2026,1785013902,0,-1.16
Sat Jul 25 21:12:06 UTC 2026,1785013926,0,-0.65
Sat Jul 25 21:12:55 UTC 2026,1785013975,0,-0.95
Sat Jul 25 21:13:13 UTC 2026,1785013993,0,-0.61
Sat Jul 25 21:14:42 UTC 2026,1785014082,0,-0.71
Sat Jul 25 21:15:20 UTC 2026,1785014120,0,-1.05
Sat Jul 25 21:16:56 UTC 2026,1785014216,0,-1.23
Sat Jul 25 21:17:30 UTC 2026,1785014250,0,-0.91
Sat Jul 25 21:18:03 UTC 2026,1785014283,0,-0.92
Sat Jul 25 21:19:11 UTC 2026,1785014351,0,-1.4
Sat Jul 25 21:19:30 UTC 2026,1785014370,0,-1.16
Sat Jul 25 21:20:24 UTC 2026,1785014424,0,-1.95
Sat Jul 25 21:21:05 UTC 2026,1785014465,0,-1.61
Sat Jul 25 21:22:27 UTC 2026,1785014547,0,-0.96
Sat Jul 25 21:22:35 UTC 2026,1785014555,0,-0.8
Sat Jul 25 21:22:58 UTC 2026,1785014578,0,-1.1
Sat Jul 25 21:25:09 UTC 2026,1785014709,0,-0.78
Sat Jul 25 21:25:41 UTC 2026,1785014741,0,-1.12
Sat Jul 25 21:26:35 UTC 2026,1785014795,0,-0.93
Sat Jul 25 21:27:22 UTC 2026,1785014842,0,-1.28
Sat Jul 25 21:27:52 UTC 2026,1785014872,0,-0.83
Sat Jul 25 21:28:47 UTC 2026,1785014927,0,-2.46
Sat Jul 25 21:29:28 UTC 2026,1785014968,0,-1.97
Sat Jul 25 21:29:59 UTC 2026,1785014999,0,-2.96
Sat Jul 25 21:30:59 UTC 2026,1785015059,0,-2.09
Sat Jul 25 21:32:12 UTC 2026,1785015132,0,-2.74
Sat Jul 25 21:32:25 UTC 2026,1785015145,0,-2.76
Sat Jul 25 21:33:55 UTC 2026,1785015235,0,-4.62
Sat Jul 25 21:34:04 UTC 2026,1785015244,0,-4.52
Sat Jul 25 21:34:46 UTC 2026,1785015286,0,-3.41
Sat Jul 25 21:35:49 UTC 2026,1785015349,0,-4.0
Sat Jul 25 21:37:19 UTC 2026,1785015439,0,-2.66
Sat Jul 25 21:38:15 UTC 2026,1785015495,0,-2.85
Sat Jul 25 21:38:42 UTC 2026,1785015522,0,-2.24
Sat Jul 25 21:39:13 UTC 2026,1785015553,0,-1.84
Sat Jul 25 21:40:35 UTC 2026,1785015635,0,-3.2
Sat Jul 25 21:40:39 UTC 2026,1785015639,0,-2.99
Sat Jul 25 21:40:57 UTC 2026,1785015657,0,-2.09
Sat Jul 25 21:42:42 UTC 2026,1785015762,0,-2.66
Sat Jul 25 21:43:53 UTC 2026,1785015833,0,-3.68
Sat Jul 25 21:44:30 UTC 2026,1785015870,0,-4.25
Sat Jul 25 21:45:07 UTC 2026,1785015907,0,-2.98
Sat Jul 25 21:45:38 UTC 2026,1785015938,0,-3.91
Sat Jul 25 21:46:56 UTC 2026,1785016016,0,-3.07
Sat Jul 25 21:47:32 UTC 2026,1785016052,0,-3.0
Sat Jul 25 21:48:44 UTC 2026,1785016124,0,-4.53
Sat Jul 25 21:49:24 UTC 2026,1785016164,0,-5.03
Sat Jul 25 21:50:29 UTC 2026,1785016229,0,-3.38
Sat Jul 25 21:50:33 UTC 2026,1785016233,0,-3.52
Sat Jul 25 21:52:04 UTC 2026,1785016324,0,-2.1
Sat Jul 25 21:52:49 UTC 2026,1785016369,0,-2.24
Sat Jul 25 21:53:49 UTC 2026,1785016429,0,-3.03
Sat Jul 25 21:54:38 UTC 2026,1785016478,0,-3.42
Sat Jul 25 21:54:51 UTC 2026,1785016491,0,-2.63
Sat Jul 25 21:56:40 UTC 2026,1785016600,0,-3.36
Sat Jul 25 21:56:53 UTC 2026,1785016613,0,-2.47
Sat Jul 25 21:58:06 UTC 2026,1785016686,0,-3.24
Sat Jul 25 21:58:42 UTC 2026,1785016722,0,-2.33
Sat Jul 25 21:59:19 UTC 2026,1785016759,0,-2.48
Sat Jul 25 21:59:49 UTC 2026,1785016789,0,-3.55
Sat Jul 25 22:00:30 UTC 2026,1785016830,0,-3.79
Sat Jul 25 22:01:35 UTC 2026,1785016895,0,-2.54
Sat Jul 25 22:02:29 UTC 2026,1785016949,0,-3.01
Sat Jul 25 22:03:28 UTC 2026,1785017008,0,-4.64
Sat Jul 25 22:04:09 UTC 2026,1785017049,0,-4.27
Sat Jul 25 22:04:59 UTC 2026,1785017099,0,-5.8
Sat Jul 25 22:05:49 UTC 2026,1785017149,0,-4.98
Sat Jul 25 22:06:33 UTC 2026,1785017193,0,-6.01
Sat Jul 25 22:07:37 UTC 2026,1785017257,0,-5.82
Sat Jul 25 22:08:41 UTC 2026,1785017321,0,-4.42
Sat Jul 25 22:09:41 UTC 2026,1785017381,0,-4.05
Sat Jul 25 22:10:11 UTC 2026,1785017411,0,-5.32
Sat Jul 25 22:10:21 UTC 2026,1785017421,0,-4.48
Sat Jul 25 22:11:19 UTC 2026,1785017479,0,-5.83
Sat Jul 25 22:12:09 UTC 2026,1785017529,0,-4.21
Sat Jul 25 22:13:03 UTC 2026,1785017583,0,-5.4
Sat Jul 25 22:14:39 UTC 2026,1785017679,0,-5.25
Sat Jul 25 22:15:11 UTC 2026,1785017711,0,-3.65
Sat Jul 25 22:16:55 UTC 2026,1785017815,0,-2.34
Sat Jul 25 22:17:36 UTC 2026,1785017856,0,-3.76
Sat Jul 25 22:18:07 UTC 2026,1785017887,0,-2.17
Sat Jul 25 22:18:48 UTC 2026,1785017928,0,-2.18
Sat Jul 25 22:20:01 UTC 2026,1785018001,0,-3.96
Sat Jul 25 22:20:19 UTC 2026,1785018019,0,-4.27
Sat Jul 25 22:21:49 UTC 2026,1785018109,0,-1.66
Sat Jul 25 22:22:03 UTC 2026,1785018123,0,-1.17
Sat Jul 25 22:23:02 UTC 2026,1785018182,0,-1.86
Sat Jul 25 22:24:11 UTC 2026,1785018251,0,-2.48
Sat Jul 25 22:24:47 UTC 2026,1785018287,0,-1.41
Sat Jul 25 22:26:04 UTC 2026,1785018364,0,-1.45
Sat Jul 25 22:26:48 UTC 2026,1785018408,0,-0.96
Sat Jul 25 22:27:07 UTC 2026,1785018427,0,-1.36
Sat Jul 25 22:28:25 UTC 2026,1785018505,0,-0.82
Sat Jul 25 22:29:36 UTC 2026,1785018576,0,-0.67
Sat Jul 25 22:29:54 UTC 2026,1785018594,0,-1.06
Sat Jul 25 22:30:13 UTC 2026,1785018613,0,-0.55
Sat Jul 25 22:31:25 UTC 2026,1785018685,0,-1.01
Sat Jul 25 22:32:34 UTC 2026,1785018754,0,-0.38
Sat Jul 25 22:33:05 UTC 2026,1785018785,0,-1.06
Sat Jul 25 22:33:28 UTC 2026,1785018808,0,-0.57
Sat Jul 25 22:34:45 UTC 2026,1785018885,0,-1.88
Sat Jul 25 22:35:21 UTC 2026,1785018921,0,-2.02
Sat Jul 25 22:35:57 UTC 2026,1785018957,0,-1.15
Sat Jul 25 22:37:01 UTC 2026,1785019021,0,-1.63
Sat Jul 25 22:38:22 UTC 2026,1785019102,0,-0.63
Sat Jul 25 22:38:54 UTC 2026,1785019134,0,-0.6
Sat Jul 25 22:39:58 UTC 2026,1785019198,0,-1.34
Sat Jul 25 22:40:43 UTC 2026,1785019243,0,-1.02
Sat Jul 25 22:41:10 UTC 2026,1785019270,0,-1.37
Sat Jul 25 22:41:42 UTC 2026,1785019302,0,-1.26
Sat Jul 25 22:43:08 UTC 2026,1785019388,0,-0.58
Sat Jul 25 22:44:43 UTC 2026,1785019483,0,-0.84
Sat Jul 25 22:44:52 UTC 2026,1785019492,0,-0.49
Sat Jul 25 22:45:02 UTC 2026,1785019502,0,-0.48
Sat Jul 25 22:46:09 UTC 2026,1785019569,0,-1.08
Sat Jul 25 22:46:45 UTC 2026,1785019605,0,-0.74
Sat Jul 25 22:47:40 UTC 2026,1785019660,0,-2.22
Sat Jul 25 22:49:29 UTC 2026,1785019769,0,-1.28
Sat Jul 25 22:49:52 UTC 2026,1785019792,0,-1.99
Sat Jul 25 22:50:00 UTC 2026,1785019800,0,-2.04
Sat Jul 25 22:51:32 UTC 2026,1785019892,0,-1.06
Sat Jul 25 22:52:07 UTC 2026,1785019927,0,-1.31
Sat Jul 25 22:52:48 UTC 2026,1785019968,0,-0.63
Sat Jul 25 22:53:29 UTC 2026,1785020009,0,-0.83
Sat Jul 25 22:54:50 UTC 2026,1785020090,0,-1.73
Sat Jul 25 22:55:13 UTC 2026,1785020113,0,-1.2
Sat Jul 25 22:55:41 UTC 2026,1785020141,0,-1.94
Sat Jul 25 22:56:57 UTC 2026,1785020217,0,-1.16
Sat Jul 25 22:57:34 UTC 2026,1785020254,0,-1.78
Sat Jul 25 22:58:55 UTC 2026,1785020335,0,-1.34
Sat Jul 25 22:59:10 UTC 2026,1785020350,0,-1.91
Sat Jul 25 23:00:31 UTC 2026,1785020431,0,-1.05
Sat Jul 25 23:00:52 UTC 2026,1785020452,0,-1.54
Sat Jul 25 23:01:33 UTC 2026,1785020493,0,-1.37
Sat Jul 25 23:01:39 UTC 2026,1785020499,0,-1.46
Sat Jul 25 23:01:43 UTC 2026,1785020503,0,-1.44
Sat Jul 25 23:02:01 UTC 2026,1785020521,0,-1.29
Sat Jul 25 23:02:24 UTC 2026,1785020544,0,-1.83
Sat Jul 25 23:03:40 UTC 2026,1785020620,0,-1.42
Sat Jul 25 23:03:50 UTC 2026,1785020630,0,-1.95
Sat Jul 25 23:06:01 UTC 2026,1785020761,0,-1.54
Sat Jul 25 23:06:23 UTC 2026,1785020783,0,-2.01
Sat Jul 25 23:06:33 UTC 2026,1785020793,0,-1.63
Sat Jul 25 23:08:03 UTC 2026,1785020883,0,-2.6
Sat Jul 25 23:08:22 UTC 2026,1785020902,0,-2.89
Sat Jul 25 23:09:16 UTC 2026,1785020956,0,-1.64
Sat Jul 25 23:10:28 UTC 2026,1785021028,0,-2.33
Sat Jul 25 23:11:18 UTC 2026,1785021078,0,-1.34
Sat Jul 25 23:11:54 UTC 2026,1785021114,0,-1.0
Sat Jul 25 23:12:49 UTC 2026,1785021169,0,-1.32
Sat Jul 25 23:13:12 UTC 2026,1785021192,0,-1.52
Sat Jul 25 23:14:20 UTC 2026,1785021260,0,-0.95
Sat Jul 25 23:15:27 UTC 2026,1785021327,0,-0.65
Sat Jul 25 23:16:14 UTC 2026,1785021374,0,-1.79
Sat Jul 25 23:16:31 UTC 2026,1785021391,0,-1.25
Sat Jul 25 23:17:48 UTC 2026,1785021468,0,-0.6
Sat Jul 25 23:19:06 UTC 2026,1785021546,0,-0.85
Sat Jul 25 23:19:36 UTC 2026,1785021576,0,-0.53
Sat Jul 25 23:20:00 UTC 2026,1785021600,0,-0.47
Sat Jul 25 23:20:23 UTC 2026,1785021623,0,-1.11
Sat Jul 25 23:22:01 UTC 2026,1785021721,0,-0.53
Sat Jul 25 23:22:20 UTC 2026,1785021740,0,-0.86
Sat Jul 25 23:22:57 UTC 2026,1785021777,0,-0.49
Sat Jul 25 23:24:32 UTC 2026,1785021872,0,-1.24
Sat Jul 25 23:24:40 UTC 2026,1785021880,0,-0.97
Sat Jul 25 23:25:39 UTC 2026,1785021939,0,-2.03
Sat Jul 25 23:26:16 UTC 2026,1785021976,0,-1.41
Sat Jul 25 23:27:46 UTC 2026,1785022066,0,-2.37
Sat Jul 25 23:28:27 UTC 2026,1785022107,0,-1.78
Sat Jul 25 23:29:16 UTC 2026,1785022156,0,-3.75
Sat Jul 25 23:29:35 UTC 2026,1785022175,0,-3.26
Sat Jul 25 23:31:10 UTC 2026,1785022270,0,-1.12
Sat Jul 25 23:31:29 UTC 2026,1785022289,0,-1.48
Sat Jul 25 23:32:18 UTC 2026,1785022338,0,-0.79
Sat Jul 25 23:33:31 UTC 2026,1785022411,0,-0.95
Sat Jul 25 23:33:58 UTC 2026,1785022438,0,-1.79
Sat Jul 25 23:35:19 UTC 2026,1785022519,0,-1.71
Sat Jul 25 23:36:05 UTC 2026,1785022565,0,-0.63
Sat Jul 25 23:36:50 UTC 2026,1785022610,0,-0.3
Sat Jul 25 23:37:35 UTC 2026,1785022655,0,-0.69
Sat Jul 25 23:37:50 UTC 2026,1785022670,0,-0.39
Sat Jul 25 23:39:20 UTC 2026,1785022760,0,-0.76
Sat Jul 25 23:39:56 UTC 2026,1785022796,0,-0.39
Sat Jul 25 23:40:41 UTC 2026,1785022841,0,-0.79
Sat Jul 25 23:41:17 UTC 2026,1785022877,0,-0.37
Sat Jul 25 23:42:21 UTC 2026,1785022941,0,-0.87
Sat Jul 25 23:42:48 UTC 2026,1785022968,0,-0.94
Sat Jul 25 23:43:01 UTC 2026,1785022981,0,-1.45
Sat Jul 25 23:44:27 UTC 2026,1785023067,0,-1.15
Sat Jul 25 23:45:54 UTC 2026,1785023154,0,-2.77
Sat Jul 25 23:46:08 UTC 2026,1785023168,0,-2.43
Sat Jul 25 23:46:39 UTC 2026,1785023199,0,-1.51
Sat Jul 25 23:47:56 UTC 2026,1785023276,0,-1.87
Sat Jul 25 23:49:19 UTC 2026,1785023359,0,-0.99
Sat Jul 25 23:50:03 UTC 2026,1785023403,0,-2.2
Sat Jul 25 23:50:48 UTC 2026,1785023448,0,-0.89
Sat Jul 25 23:51:35 UTC 2026,1785023495,0,-0.61
Sat Jul 25 23:52:37 UTC 2026,1785023557,0,-1.55
Sat Jul 25 23:53:06 UTC 2026,1785023586,0,-2.1
Sat Jul 25 23:54:17 UTC 2026,1785023657,0,-1.17
Sat Jul 25 23:54:44 UTC 2026,1785023684,0,-1.19
Sat Jul 25 23:55:21 UTC 2026,1785023721,0,-0.76
Sat Jul 25 23:55:57 UTC 2026,1785023757,0,-0.82
Sat Jul 25 23:56:38 UTC 2026,1785023798,0,-1.84
Sat Jul 25 23:58:09 UTC 2026,1785023889,0,-0.89
Sat Jul 25 23:58:50 UTC 2026,1785023930,0,-1.35
Sat Jul 25 23:59:34 UTC 2026,1785023974,0,-0.74
Sun Jul 26 00:00:53 UTC 2026,1785024053,0,-1.21
Sun Jul 26 00:01:20 UTC 2026,1785024080,0,-0.83
Sun Jul 26 00:02:27 UTC 2026,1785024147,0,-1.81
Sun Jul 26 00:02:59 UTC 2026,1785024179,0,-2.02
Sun Jul 26 00:03:53 UTC 2026,1785024233,0,-1.01
Sun Jul 26 00:04:35 UTC 2026,1785024275,0,-1.04
Sun Jul 26 00:05:15 UTC 2026,1785024315,0,-2.01
Sun Jul 26 00:06:04 UTC 2026,1785024364,0,-1.84
Sun Jul 26 00:06:27 UTC 2026,1785024387,0,-0.84
Sun Jul 26 00:08:06 UTC 2026,1785024486,0,-1.18
Sun Jul 26 00:08:44 UTC 2026,1785024524,0,-0.63
Sun Jul 26 00:09:15 UTC 2026,1785024555,0,-0.81
Sun Jul 26 00:10:19 UTC 2026,1785024619,0,-0.42
Sun Jul 26 00:11:08 UTC 2026,1785024668,0,-0.35
Sun Jul 26 00:11:35 UTC 2026,1785024695,0,-0.55
Sun Jul 26 00:13:07 UTC 2026,1785024787,0,-0.27
Sun Jul 26 00:13:52 UTC 2026,1785024832,0,-0.82
Sun Jul 26 00:14:06 UTC 2026,1785024846,0,-0.4
Sun Jul 26 00:15:31 UTC 2026,1785024931,0,-0.79
Sun Jul 26 00:16:17 UTC 2026,1785024977,0,-0.6
Sun Jul 26 00:17:21 UTC 2026,1785025041,0,-1.95
Sun Jul 26 00:17:38 UTC 2026,1785025058,0,-2.28
Sun Jul 26 00:18:51 UTC 2026,1785025131,0,-1.32
Sun Jul 26 00:19:59 UTC 2026,1785025199,0,-1.24
Sun Jul 26 00:20:39 UTC 2026,1785025239,0,-2.66
Sun Jul 26 00:20:59 UTC 2026,1785025259,0,-2.62
Sun Jul 26 00:22:20 UTC 2026,1785025340,0,-0.9
Sun Jul 26 00:23:22 UTC 2026,1785025402,0,-0.39
Sun Jul 26 00:23:55 UTC 2026,1785025435,0,-1.05
Sun Jul 26 00:24:08 UTC 2026,1785025448,0,-1.01
Sun Jul 26 00:25:21 UTC 2026,1785025521,0,-0.5
Sun Jul 26 00:25:43 UTC 2026,1785025543,0,-0.87
Sun Jul 26 00:26:42 UTC 2026,1785025602,0,-0.4
Sun Jul 26 00:27:46 UTC 2026,1785025666,0,-0.75
Sun Jul 26 00:27:55 UTC 2026,1785025675,0,-0.49
Sun Jul 26 00:29:21 UTC 2026,1785025761,0,-0.72
Sun Jul 26 00:29:48 UTC 2026,1785025788,0,-0.26
Sun Jul 26 00:31:19 UTC 2026,1785025879,0,-0.77
Sun Jul 26 00:31:37 UTC 2026,1785025897,0,-0.43
Sun Jul 26 00:32:22 UTC 2026,1785025942,0,-0.58
Sun Jul 26 00:33:34 UTC 2026,1785026014,0,-1.58
Sun Jul 26 00:34:24 UTC 2026,1785026064,0,-1.2
Sun Jul 26 00:35:15 UTC 2026,1785026115,0,-2.78
Sun Jul 26 00:35:33 UTC 2026,1785026133,0,-2.68
Sun Jul 26 00:36:45 UTC 2026,1785026205,0,-1.59
Sun Jul 26 00:37:12 UTC 2026,1785026232,0,-2.28
Sun Jul 26 00:37:22 UTC 2026,1785026242,0,-1.84
Sun Jul 26 00:39:47 UTC 2026,1785026387,0,-3.19
Sun Jul 26 00:40:14 UTC 2026,1785026414,0,-1.99
Sun Jul 26 00:40:51 UTC 2026,1785026451,0,-2.92
Sun Jul 26 00:42:06 UTC 2026,1785026526,0,-1.47
Sun Jul 26 00:42:16 UTC 2026,1785026536,0,-1.84
Sun Jul 26 00:43:29 UTC 2026,1785026609,0,-0.88
Sun Jul 26 00:45:04 UTC 2026,1785026704,0,-1.06
Sun Jul 26 00:45:18 UTC 2026,1785026718,0,-0.49
Sun Jul 26 00:46:30 UTC 2026,1785026790,0,-0.94
Sun Jul 26 00:46:48 UTC 2026,1785026808,0,-0.54
Sun Jul 26 00:47:48 UTC 2026,1785026868,0,-0.43
Sun Jul 26 00:48:14 UTC 2026,1785026894,0,-0.94
Sun Jul 26 00:48:46 UTC 2026,1785026926,0,-0.65
Sun Jul 26 00:50:12 UTC 2026,1785027012,0,-1.7
Sun Jul 26 00:51:30 UTC 2026,1785027090,0,-2.05
Sun Jul 26 00:52:01 UTC 2026,1785027121,0,-1.16
Sun Jul 26 00:52:06 UTC 2026,1785027126,0,-1.08
Sun Jul 26 00:53:05 UTC 2026,1785027185,0,-0.53
Sun Jul 26 00:54:17 UTC 2026,1785027257,0,-1.44
Sun Jul 26 00:55:20 UTC 2026,1785027320,0,-0.57
Sun Jul 26 00:55:26 UTC 2026,1785027326,0,-0.69
Sun Jul 26 00:55:53 UTC 2026,1785027353,0,-1.09
Sun Jul 26 00:57:22 UTC 2026,1785027442,0,-0.58
Sun Jul 26 00:58:22 UTC 2026,1785027502,0,-3.75
Sun Jul 26 00:58:41 UTC 2026,1785027521,0,-2.87
Sun Jul 26 01:00:16 UTC 2026,1785027616,0,-0.64
Sun Jul 26 01:00:20 UTC 2026,1785027620,0,-0.61
Sun Jul 26 01:01:23 UTC 2026,1785027683,0,-2.07
Sun Jul 26 01:02:23 UTC 2026,1785027743,0,-1.19
Sun Jul 26 01:03:25 UTC 2026,1785027805,0,-2.08
Sun Jul 26 01:03:58 UTC 2026,1785027838,0,-1.36
Sun Jul 26 01:04:46 UTC 2026,1785027886,0,-2.7
Sun Jul 26 01:05:27 UTC 2026,1785027927,0,-2.92
Sun Jul 26 01:06:32 UTC 2026,1785027992,0,-1.01
Sun Jul 26 01:06:59 UTC 2026,1785028019,0,-1.5
Sun Jul 26 01:08:24 UTC 2026,1785028104,0,-0.73
Sun Jul 26 01:08:48 UTC 2026,1785028128,0,-0.57
Sun Jul 26 01:10:09 UTC 2026,1785028209,0,-0.96
Sun Jul 26 01:10:42 UTC 2026,1785028242,0,-0.77
Sun Jul 26 01:11:40 UTC 2026,1785028300,0,-2.34
Sun Jul 26 01:11:53 UTC 2026,1785028313,0,-1.61
Sun Jul 26 01:13:29 UTC 2026,1785028409,0,-2.73
Sun Jul 26 01:14:04 UTC 2026,1785028444,0,-3.23
Sun Jul 26 01:15:04 UTC 2026,1785028504,0,-0.86
Sun Jul 26 01:15:40 UTC 2026,1785028540,0,-1.41
Sun Jul 26 01:15:53 UTC 2026,1785028553,0,-1.0
Sun Jul 26 01:17:28 UTC 2026,1785028648,0,-0.92
Sun Jul 26 01:17:52 UTC 2026,1785028672,0,-1.61
Sun Jul 26 01:19:22 UTC 2026,1785028762,0,-0.63
Sun Jul 26 01:19:58 UTC 2026,1785028798,0,-1.23
Sun Jul 26 01:20:52 UTC 2026,1785028852,0,-0.61
Sun Jul 26 01:21:06 UTC 2026,1785028866,0,-1.09
Sun Jul 26 01:22:09 UTC 2026,1785028929,0,-0.83
Sun Jul 26 01:22:55 UTC 2026,1785028975,0,-0.4
Sun Jul 26 01:23:27 UTC 2026,1785029007,0,-0.45
Sun Jul 26 01:23:58 UTC 2026,1785029038,0,-0.11
Sun Jul 26 01:25:30 UTC 2026,1785029130,0,-0.08
Sun Jul 26 01:26:32 UTC 2026,1785029192,0,-0.55
Sun Jul 26 01:27:40 UTC 2026,1785029260,0,-0.63
Sun Jul 26 01:28:17 UTC 2026,1785029297,0,-0.18
Sun Jul 26 01:28:40 UTC 2026,1785029320,0,-0.43
Sun Jul 26 01:29:57 UTC 2026,1785029397,0,-0.1
Sun Jul 26 01:30:33 UTC 2026,1785029433,0,-0.12
Sun Jul 26 01:31:36 UTC 2026,1785029496,0,0.19
Sun Jul 26 01:32:03 UTC 2026,1785029523,0,0.21
Sun Jul 26 01:32:58 UTC 2026,1785029578,0,-0.15
Sun Jul 26 01:33:44 UTC 2026,1785029624,0,-0.08
Sun Jul 26 01:34:16 UTC 2026,1785029656,0,0.14
Sun Jul 26 01:35:28 UTC 2026,1785029728,0,-0.33
Sun Jul 26 01:36:32 UTC 2026,1785029792,0,-0.05
Sun Jul 26 01:36:40 UTC 2026,1785029800,0,-0.07
Sun Jul 26 01:37:22 UTC 2026,1785029842,0,-0.37
Sun Jul 26 01:38:20 UTC 2026,1785029900,0,-0.42
Sun Jul 26 01:38:52 UTC 2026,1785029932,0,-0.11
Sun Jul 26 01:39:55 UTC 2026,1785029995,0,-0.47
Sun Jul 26 01:41:22 UTC 2026,1785030082,0,-0.11
Sun Jul 26 01:41:35 UTC 2026,1785030095,0,-0.25
Sun Jul 26 01:43:06 UTC 2026,1785030186,0,0.14
Sun Jul 26 01:43:20 UTC 2026,1785030200,0,-0.14
Sun Jul 26 01:44:46 UTC 2026,1785030286,0,-0.51
Sun Jul 26 01:44:51 UTC 2026,1785030291,0,-0.31
Sun Jul 26 01:46:08 UTC 2026,1785030368,0,0.05
Sun Jul 26 01:47:06 UTC 2026,1785030426,0,0.14
Sun Jul 26 01:48:06 UTC 2026,1785030486,0,-0.17
Sun Jul 26 01:49:00 UTC 2026,1785030540,0,0.07
Sun Jul 26 01:49:32 UTC 2026,1785030572,0,-0.21
Sun Jul 26 01:50:17 UTC 2026,1785030617,0,-0.1
Sun Jul 26 01:50:58 UTC 2026,1785030658,0,0.17
Sun Jul 26 01:52:09 UTC 2026,1785030729,0,0.13
Sun Jul 26 01:52:28 UTC 2026,1785030748,0,-0.24
Sun Jul 26 01:53:14 UTC 2026,1785030794,0,0.01
Sun Jul 26 01:53:59 UTC 2026,1785030839,0,-0.25
Sun Jul 26 01:55:11 UTC 2026,1785030911,0,0.05
Sun Jul 26 01:55:57 UTC 2026,1785030957,0,-0.38
Sun Jul 26 01:56:51 UTC 2026,1785031011,0,-0.68
Sun Jul 26 01:57:37 UTC 2026,1785031057,0,-0.17
Sun Jul 26 01:59:06 UTC 2026,1785031146,0,-0.39
Sun Jul 26 01:59:34 UTC 2026,1785031174,0,-0.07
Sun Jul 26 01:59:43 UTC 2026,1785031183,0,-0.29
Sun Jul 26 02:01:05 UTC 2026,1785031265,0,0.03
Sun Jul 26 02:01:41 UTC 2026,1785031301,0,0.07
Sun Jul 26 02:02:54 UTC 2026,1785031374,0,-0.45
Sun Jul 26 02:03:11 UTC 2026,1785031391,0,-0.42
Sun Jul 26 02:03:52 UTC 2026,1785031432,0,-0.1
Sun Jul 26 02:04:42 UTC 2026,1785031482,0,-0.17
Sun Jul 26 02:05:33 UTC 2026,1785031533,0,-0.44
Sun Jul 26 02:06:30 UTC 2026,1785031590,0,-0.64
Sun Jul 26 02:07:44 UTC 2026,1785031664,0,-0.13
Sun Jul 26 02:08:20 UTC 2026,1785031700,0,-0.2
Sun Jul 26 02:09:10 UTC 2026,1785031750,0,-1.11
Sun Jul 26 02:09:59 UTC 2026,1785031799,0,-1.03
Sun Jul 26 02:10:40 UTC 2026,1785031840,0,-0.51
Sun Jul 26 02:11:49 UTC 2026,1785031909,0,-0.29
Sun Jul 26 02:12:25 UTC 2026,1785031945,0,-0.84
Sun Jul 26 02:12:56 UTC 2026,1785031976,0,-0.87
Sun Jul 26 02:14:22 UTC 2026,1785032062,0,-0.15
Sun Jul 26 02:14:58 UTC 2026,1785032098,0,-0.33
Sun Jul 26 02:15:40 UTC 2026,1785032140,0,-0.68
Sun Jul 26 02:16:25 UTC 2026,1785032185,0,-0.66
Sun Jul 26 02:17:16 UTC 2026,1785032236,0,0.0
Sun Jul 26 02:18:18 UTC 2026,1785032298,0,-0.07
Sun Jul 26 02:18:54 UTC 2026,1785032334,0,-0.29
Sun Jul 26 02:19:40 UTC 2026,1785032380,0,-0.06
Sun Jul 26 02:20:21 UTC 2026,1785032421,0,-0.35
Sun Jul 26 02:21:11 UTC 2026,1785032471,0,-0.17
Sun Jul 26 02:22:46 UTC 2026,1785032566,0,0.15
Sun Jul 26 02:22:54 UTC 2026,1785032574,0,0.2
Sun Jul 26 02:23:22 UTC 2026,1785032602,0,0.08
Sun Jul 26 02:25:34 UTC 2026,1785032734,0,0.06
Sun Jul 26 02:25:52 UTC 2026,1785032752,0,0.26
Sun Jul 26 02:26:09 UTC 2026,1785032769,0,0.21
Sun Jul 26 02:27:22 UTC 2026,1785032842,0,0.32
Sun Jul 26 02:28:16 UTC 2026,1785032896,0,0.36
Sun Jul 26 02:29:20 UTC 2026,1785032960,0,0.2
Sun Jul 26 02:29:24 UTC 2026,1785032964,0,0.17
Sun Jul 26 02:30:18 UTC 2026,1785033018,0,0.35
Sun Jul 26 02:31:04 UTC 2026,1785033064,0,0.3
Sun Jul 26 02:31:31 UTC 2026,1785033091,0,0.11
Sun Jul 26 02:32:49 UTC 2026,1785033169,0,0.31
Sun Jul 26 02:33:33 UTC 2026,1785033213,0,0.18
Sun Jul 26 02:34:27 UTC 2026,1785033267,0,0.25
Sun Jul 26 02:35:46 UTC 2026,1785033346,0,0.37
Sun Jul 26 02:36:49 UTC 2026,1785033409,0,0.28
Sun Jul 26 02:37:02 UTC 2026,1785033422,0,0.42
Sun Jul 26 02:38:19 UTC 2026,1785033499,0,0.41
Sun Jul 26 02:38:48 UTC 2026,1785033528,0,0.31
Sun Jul 26 02:39:46 UTC 2026,1785033586,0,0.33
Sun Jul 26 02:40:54 UTC 2026,1785033654,0,0.16
Sun Jul 26 02:41:25 UTC 2026,1785033685,0,0.31
Sun Jul 26 02:42:15 UTC 2026,1785033735,0,-0.01
Sun Jul 26 02:42:43 UTC 2026,1785033763,0,0.1
Sun Jul 26 02:43:42 UTC 2026,1785033822,0,0.3
Sun Jul 26 02:44:49 UTC 2026,1785033889,0,0.29
Sun Jul 26 02:45:03 UTC 2026,1785033903,0,0.17
Sun Jul 26 02:47:06 UTC 2026,1785034026,0,0.14
Sun Jul 26 02:47:20 UTC 2026,1785034040,0,0.29
Sun Jul 26 02:47:51 UTC 2026,1785034071,0,0.31
Sun Jul 26 02:48:54 UTC 2026,1785034134,0,0.12
Sun Jul 26 02:49:17 UTC 2026,1785034157,0,0.27
Sun Jul 26 02:49:30 UTC 2026,1785034170,0,0.1
Sun Jul 26 02:51:10 UTC 2026,1785034270,0,0.25
Sun Jul 26 02:52:10 UTC 2026,1785034330,0,0.04
Sun Jul 26 02:52:31 UTC 2026,1785034351,0,0.05
Sun Jul 26 02:53:08 UTC 2026,1785034388,0,0.24
Sun Jul 26 02:54:21 UTC 2026,1785034461,0,0.27
Sun Jul 26 02:54:52 UTC 2026,1785034492,0,-0.06
Sun Jul 26 02:55:55 UTC 2026,1785034555,0,0.05
Sun Jul 26 02:56:40 UTC 2026,1785034600,0,0.32
Sun Jul 26 02:57:27 UTC 2026,1785034647,0,0.14
Sun Jul 26 02:59:02 UTC 2026,1785034742,0,0.32
Sun Jul 26 02:59:38 UTC 2026,1785034778,0,0.28
Sun Jul 26 03:00:09 UTC 2026,1785034809,0,0.37
Sun Jul 26 03:00:49 UTC 2026,1785034849,0,0.24
Sun Jul 26 03:01:59 UTC 2026,1785034919,0,0.07
Sun Jul 26 03:02:57 UTC 2026,1785034977,0,0.3
Sun Jul 26 03:03:52 UTC 2026,1785035032,0,0.17
Sun Jul 26 03:04:37 UTC 2026,1785035077,0,0.35
Sun Jul 26 03:05:18 UTC 2026,1785035118,0,0.21
Sun Jul 26 03:05:51 UTC 2026,1785035151,0,0.25
Sun Jul 26 03:06:35 UTC 2026,1785035195,0,0.13
Sun Jul 26 03:07:29 UTC 2026,1785035249,0,0.17
Sun Jul 26 03:08:33 UTC 2026,1785035313,0,0.29
Sun Jul 26 03:09:50 UTC 2026,1785035390,0,0.27
Sun Jul 26 03:10:00 UTC 2026,1785035400,0,0.34
Sun Jul 26 03:11:25 UTC 2026,1785035485,0,0.28
Sun Jul 26 03:12:56 UTC 2026,1785035576,0,0.3
Sun Jul 26 03:13:29 UTC 2026,1785035609,0,0.36
Sun Jul 26 03:13:59 UTC 2026,1785035639,0,0.26
Sun Jul 26 03:14:36 UTC 2026,1785035676,0,0.14
Sun Jul 26 03:16:11 UTC 2026,1785035771,0,0.15
Sun Jul 26 03:16:38 UTC 2026,1785035798,0,0.28
Sun Jul 26 03:17:19 UTC 2026,1785035839,0,0.23
Sun Jul 26 03:17:28 UTC 2026,1785035848,0,0.3
Sun Jul 26 03:18:59 UTC 2026,1785035939,0,0.31
Sun Jul 26 03:19:44 UTC 2026,1785035984,0,0.12
Sun Jul 26 03:20:38 UTC 2026,1785036038,0,0.19
Sun Jul 26 03:21:24 UTC 2026,1785036084,0,0.31
Sun Jul 26 03:22:13 UTC 2026,1785036133,0,0.25
Sun Jul 26 03:22:49 UTC 2026,1785036169,0,0.14
Sun Jul 26 03:24:24 UTC 2026,1785036264,0,0.13
Sun Jul 26 03:25:24 UTC 2026,1785036324,0,0.26
Sun Jul 26 03:25:33 UTC 2026,1785036333,0,0.28
Sun Jul 26 03:26:58 UTC 2026,1785036418,0,0.17
Sun Jul 26 03:27:12 UTC 2026,1785036432,0,0.25
Sun Jul 26 03:28:33 UTC 2026,1785036513,0,0.11
Sun Jul 26 03:28:48 UTC 2026,1785036528,0,0.07
Sun Jul 26 03:30:19 UTC 2026,1785036619,0,0.28
Sun Jul 26 03:30:27 UTC 2026,1785036627,0,0.27
Sun Jul 26 03:31:08 UTC 2026,1785036668,0,0.18
Sun Jul 26 03:32:08 UTC 2026,1785036728,0,0.19
Sun Jul 26 03:32:25 UTC 2026,1785036745,0,-0.01
Sun Jul 26 03:33:47 UTC 2026,1785036827,0,0.11
Sun Jul 26 03:35:13 UTC 2026,1785036913,0,0.28
Sun Jul 26 03:35:26 UTC 2026,1785036926,0,0.29
Sun Jul 26 03:36:35 UTC 2026,1785036995,0,0.36
Sun Jul 26 03:37:11 UTC 2026,1785037031,0,0.26
Sun Jul 26 03:37:57 UTC 2026,1785037077,0,0.34
Sun Jul 26 03:38:42 UTC 2026,1785037122,0,0.28
Sun Jul 26 03:39:46 UTC 2026,1785037186,0,0.44
Sun Jul 26 03:40:21 UTC 2026,1785037221,0,0.4
Sun Jul 26 03:40:40 UTC 2026,1785037240,0,0.33
Sun Jul 26 03:42:33 UTC 2026,1785037353,0,0.37
Sun Jul 26 03:43:31 UTC 2026,1785037411,0,0.3
Sun Jul 26 03:43:55 UTC 2026,1785037435,0,0.36
Sun Jul 26 03:44:41 UTC 2026,1785037481,0,0.29
Sun Jul 26 03:46:47 UTC 2026,1785037607,0,0.18
Sun Jul 26 03:47:09 UTC 2026,1785037629,0,0.22
Sun Jul 26 03:48:31 UTC 2026,1785037711,0,0.0
Sun Jul 26 03:49:25 UTC 2026,1785037765,0,-0.18
Sun Jul 26 03:50:11 UTC 2026,1785037811,0,0.16
Sun Jul 26 03:50:15 UTC 2026,1785037815,0,0.14
Sun Jul 26 03:50:24 UTC 2026,1785037824,0,0.02
Sun Jul 26 03:52:18 UTC 2026,1785037938,0,0.15
Sun Jul 26 03:52:32 UTC 2026,1785037952,0,-0.04
Sun Jul 26 03:54:10 UTC 2026,1785038050,0,0.12
Sun Jul 26 03:54:47 UTC 2026,1785038087,0,-0.08
Sun Jul 26 03:55:14 UTC 2026,1785038114,0,0.11
Sun Jul 26 03:56:14 UTC 2026,1785038174,0,-0.17
Sun Jul 26 03:57:22 UTC 2026,1785038242,0,-0.02
Sun Jul 26 03:58:24 UTC 2026,1785038304,0,0.18
Sun Jul 26 03:58:30 UTC 2026,1785038310,0,0.16
Sun Jul 26 03:59:46 UTC 2026,1785038386,0,0.25
Sun Jul 26 04:00:45 UTC 2026,1785038445,0,0.3
Sun Jul 26 04:02:25 UTC 2026,1785038545,0,0.22
Sun Jul 26 04:02:56 UTC 2026,1785038576,0,0.29
Sun Jul 26 04:03:29 UTC 2026,1785038609,0,0.25
Sun Jul 26 04:03:56 UTC 2026,1785038636,0,0.18
Sun Jul 26 04:05:21 UTC 2026,1785038721,0,0.26
Sun Jul 26 04:06:38 UTC 2026,1785038798,0,0.19
Sun Jul 26 04:06:52 UTC 2026,1785038812,0,0.24
Sun Jul 26 04:08:23 UTC 2026,1785038903,0,0.14
Sun Jul 26 04:08:28 UTC 2026,1785038908,0,0.16
Sun Jul 26 04:09:40 UTC 2026,1785038980,0,0.0
Sun Jul 26 04:10:30 UTC 2026,1785039030,0,-0.02
Sun Jul 26 04:10:58 UTC 2026,1785039058,0,0.17
Sun Jul 26 04:11:44 UTC 2026,1785039104,0,0.18
Sun Jul 26 04:12:51 UTC 2026,1785039171,0,0.08
Sun Jul 26 04:13:46 UTC 2026,1785039226,0,0.1
Sun Jul 26 04:14:30 UTC 2026,1785039270,0,0.22
Sun Jul 26 04:15:16 UTC 2026,1785039316,0,0.16
Sun Jul 26 04:15:20 UTC 2026,1785039320,0,0.04
Sun Jul 26 04:16:47 UTC 2026,1785039407,0,0.17
Sun Jul 26 04:17:08 UTC 2026,1785039428,0,-0.22
Sun Jul 26 04:18:21 UTC 2026,1785039501,0,0.07
Sun Jul 26 04:18:25 UTC 2026,1785039505,0,0.19
Sun Jul 26 04:20:06 UTC 2026,1785039606,0,0.17
Sun Jul 26 04:21:13 UTC 2026,1785039673,0,0.3
Sun Jul 26 04:22:08 UTC 2026,1785039728,0,0.25
Sun Jul 26 04:22:26 UTC 2026,1785039746,0,0.33
Sun Jul 26 04:23:17 UTC 2026,1785039797,0,0.32
Sun Jul 26 04:23:44 UTC 2026,1785039824,0,0.25
Sun Jul 26 04:25:09 UTC 2026,1785039909,0,0.33
Sun Jul 26 04:26:03 UTC 2026,1785039963,0,0.26
Sun Jul 26 04:27:26 UTC 2026,1785040046,0,0.33
Sun Jul 26 04:27:57 UTC 2026,1785040077,0,0.25
Sun Jul 26 04:28:25 UTC 2026,1785040105,0,0.31
Sun Jul 26 04:29:50 UTC 2026,1785040190,0,0.07
Sun Jul 26 04:30:28 UTC 2026,1785040228,0,-0.19
Sun Jul 26 04:31:17 UTC 2026,1785040277,0,0.17
Sun Jul 26 04:31:30 UTC 2026,1785040290,0,0.14
Sun Jul 26 04:32:38 UTC 2026,1785040358,0,-0.09
Sun Jul 26 04:33:10 UTC 2026,1785040390,0,0.07
Sun Jul 26 04:34:37 UTC 2026,1785040477,0,-0.11
Sun Jul 26 04:34:54 UTC 2026,1785040494,0,-0.15
Sun Jul 26 04:35:48 UTC 2026,1785040548,0,-0.59
Sun Jul 26 04:36:39 UTC 2026,1785040599,0,-0.37
Sun Jul 26 04:37:24 UTC 2026,1785040644,0,-1.03
Sun Jul 26 04:38:50 UTC 2026,1785040730,0,-1.11
Sun Jul 26 04:39:31 UTC 2026,1785040771,0,-0.57
Sun Jul 26 04:39:53 UTC 2026,1785040793,0,-0.81
Sun Jul 26 04:41:01 UTC 2026,1785040861,0,-0.2
Sun Jul 26 04:41:37 UTC 2026,1785040897,0,-0.4
Sun Jul 26 04:42:09 UTC 2026,1785040929,0,-0.1
Sun Jul 26 04:43:09 UTC 2026,1785040989,0,-0.15
Sun Jul 26 04:44:03 UTC 2026,1785041043,0,-0.38
Sun Jul 26 04:45:38 UTC 2026,1785041138,0,-0.36
Sun Jul 26 04:46:18 UTC 2026,1785041178,0,-0.13
Sun Jul 26 04:47:05 UTC 2026,1785041225,0,0.07
Sun Jul 26 04:47:59 UTC 2026,1785041279,0,-0.21
Sun Jul 26 04:48:03 UTC 2026,1785041283,0,-0.17
Sun Jul 26 04:49:24 UTC 2026,1785041364,0,-0.69
Sun Jul 26 04:49:53 UTC 2026,1785041393,0,-0.61
Sun Jul 26 04:50:51 UTC 2026,1785041451,0,-0.3
Sun Jul 26 04:51:41 UTC 2026,1785041501,0,-0.8
Sun Jul 26 04:52:49 UTC 2026,1785041569,0,-0.24
Sun Jul 26 04:52:57 UTC 2026,1785041577,0,-0.26
Sun Jul 26 04:53:35 UTC 2026,1785041615,0,-0.47
Sun Jul 26 04:54:37 UTC 2026,1785041677,0,-0.51
Sun Jul 26 04:56:12 UTC 2026,1785041772,0,-1.58
Sun Jul 26 04:56:17 UTC 2026,1785041777,0,-1.73
Sun Jul 26 04:57:31 UTC 2026,1785041851,0,-2.41
Sun Jul 26 04:58:11 UTC 2026,1785041891,0,-1.66
Sun Jul 26 04:58:33 UTC 2026,1785041913,0,-2.37
Sun Jul 26 04:59:37 UTC 2026,1785041977,0,-2.21
Sun Jul 26 05:00:48 UTC 2026,1785042048,0,-3.61
Sun Jul 26 05:01:30 UTC 2026,1785042090,0,-2.98
Sun Jul 26 05:02:47 UTC 2026,1785042167,0,-1.23
Sun Jul 26 05:02:51 UTC 2026,1785042171,0,-1.08
Sun Jul 26 05:04:03 UTC 2026,1785042243,0,-0.74
Sun Jul 26 05:04:36 UTC 2026,1785042276,0,-1.28
Sun Jul 26 05:05:26 UTC 2026,1785042326,0,-0.5
Sun Jul 26 05:06:11 UTC 2026,1785042371,0,-0.67
Sun Jul 26 05:07:45 UTC 2026,1785042465,0,-1.72
Sun Jul 26 05:07:55 UTC 2026,1785042475,0,-1.56
Sun Jul 26 05:09:04 UTC 2026,1785042544,0,-2.36
Sun Jul 26 05:09:31 UTC 2026,1785042571,0,-1.79
Sun Jul 26 05:11:01 UTC 2026,1785042661,0,-0.21
Sun Jul 26 05:11:28 UTC 2026,1785042688,0,-0.13
Sun Jul 26 05:12:22 UTC 2026,1785042742,0,-0.34
Sun Jul 26 05:13:08 UTC 2026,1785042788,0,-0.24
Sun Jul 26 05:14:21 UTC 2026,1785042861,0,0.03
Sun Jul 26 05:14:25 UTC 2026,1785042865,0,0.04
Sun Jul 26 05:15:19 UTC 2026,1785042919,0,-0.1
Sun Jul 26 05:16:14 UTC 2026,1785042974,0,0.04
Sun Jul 26 05:16:27 UTC 2026,1785042987,0,-0.04
Sun Jul 26 05:17:49 UTC 2026,1785043069,0,0.1
Sun Jul 26 05:18:38 UTC 2026,1785043118,0,-0.04
Sun Jul 26 05:19:24 UTC 2026,1785043164,0,0.04
Sun Jul 26 05:20:59 UTC 2026,1785043259,0,0.18
Sun Jul 26 05:21:05 UTC 2026,1785043265,0,0.17
Sun Jul 26 05:22:30 UTC 2026,1785043350,0,0.25
Sun Jul 26 05:22:44 UTC 2026,1785043364,0,0.23
Sun Jul 26 05:23:24 UTC 2026,1785043404,0,0.17
Sun Jul 26 05:24:38 UTC 2026,1785043478,0,0.18
Sun Jul 26 05:25:32 UTC 2026,1785043532,0,0.25
Sun Jul 26 05:26:13 UTC 2026,1785043573,0,0.26
Sun Jul 26 05:26:17 UTC 2026,1785043577,0,0.2
Sun Jul 26 05:28:05 UTC 2026,1785043685,0,0.08
Sun Jul 26 05:28:37 UTC 2026,1785043717,0,0.37
Sun Jul 26 05:29:50 UTC 2026,1785043790,0,0.32
Sun Jul 26 05:31:43 UTC 2026,1785043903,0,0.31
Sun Jul 26 05:32:29 UTC 2026,1785043949,0,0.4
Sun Jul 26 05:33:41 UTC 2026,1785044021,0,0.38
Sun Jul 26 05:33:54 UTC 2026,1785044034,0,0.33
Sun Jul 26 05:34:27 UTC 2026,1785044067,0,0.37
Sun Jul 26 05:34:48 UTC 2026,1785044088,0,0.31
Sun Jul 26 05:36:21 UTC 2026,1785044181,0,0.38
Sun Jul 26 05:37:01 UTC 2026,1785044221,0,0.31
Sun Jul 26 05:37:32 UTC 2026,1785044252,0,0.33
Sun Jul 26 05:37:55 UTC 2026,1785044275,0,0.37
Sun Jul 26 05:39:49 UTC 2026,1785044389,0,0.32
Sun Jul 26 05:40:38 UTC 2026,1785044438,0,0.39
Sun Jul 26 05:41:05 UTC 2026,1785044465,0,0.37
Sun Jul 26 05:41:19 UTC 2026,1785044479,0,0.33
Sun Jul 26 05:42:32 UTC 2026,1785044552,0,0.36
Sun Jul 26 05:43:52 UTC 2026,1785044632,0,0.29
Sun Jul 26 05:44:39 UTC 2026,1785044679,0,0.37
Sun Jul 26 05:44:43 UTC 2026,1785044683,0,0.3
Sun Jul 26 05:46:14 UTC 2026,1785044774,0,0.25
Sun Jul 26 05:46:41 UTC 2026,1785044801,0,0.37
Sun Jul 26 05:47:44 UTC 2026,1785044864,0,0.38
Sun Jul 26 05:48:34 UTC 2026,1785044914,0,0.3
Sun Jul 26 05:49:15 UTC 2026,1785044955,0,0.33
Sun Jul 26 05:49:23 UTC 2026,1785044963,0,0.36
Sun Jul 26 05:51:04 UTC 2026,1785045064,0,0.38
Sun Jul 26 05:52:07 UTC 2026,1785045127,0,0.32
Sun Jul 26 05:52:34 UTC 2026,1785045154,0,0.31
Sun Jul 26 05:53:15 UTC 2026,1785045195,0,0.37
Sun Jul 26 05:54:27 UTC 2026,1785045267,0,0.3
Sun Jul 26 05:55:39 UTC 2026,1785045339,0,0.36
Sun Jul 26 05:55:53 UTC 2026,1785045353,0,0.31
Sun Jul 26 05:57:33 UTC 2026,1785045453,0,0.36
Sun Jul 26 05:58:22 UTC 2026,1785045502,0,0.29
Sun Jul 26 05:59:08 UTC 2026,1785045548,0,0.35
Sun Jul 26 05:59:40 UTC 2026,1785045580,0,0.31
Sun Jul 26 06:01:06 UTC 2026,1785045666,0,0.3
Sun Jul 26 06:02:05 UTC 2026,1785045725,0,0.35
Sun Jul 26 06:03:04 UTC 2026,1785045784,0,0.31
Sun Jul 26 06:04:30 UTC 2026,1785045870,0,0.25
Sun Jul 26 06:05:29 UTC 2026,1785045929,0,0.33
Sun Jul 26 06:05:38 UTC 2026,1785045938,0,0.3
Sun Jul 26 06:07:00 UTC 2026,1785046020,0,0.36
Sun Jul 26 06:07:26 UTC 2026,1785046046,0,0.31
Sun Jul 26 06:07:45 UTC 2026,1785046065,0,0.36
Sun Jul 26 06:08:53 UTC 2026,1785046133,0,0.35
Sun Jul 26 06:09:38 UTC 2026,1785046178,0,0.3
Sun Jul 26 06:10:37 UTC 2026,1785046237,0,0.36
Sun Jul 26 06:11:27 UTC 2026,1785046287,0,0.32
Sun Jul 26 06:13:02 UTC 2026,1785046382,0,0.31
Sun Jul 26 06:13:07 UTC 2026,1785046387,0,0.37
Sun Jul 26 06:14:10 UTC 2026,1785046450,0,0.36
Sun Jul 26 06:15:04 UTC 2026,1785046504,0,0.27
Sun Jul 26 06:16:08 UTC 2026,1785046568,0,0.29
Sun Jul 26 06:16:17 UTC 2026,1785046577,0,0.37
Sun Jul 26 06:17:06 UTC 2026,1785046626,0,0.29
Sun Jul 26 06:17:47 UTC 2026,1785046667,0,0.39
Sun Jul 26 06:19:05 UTC 2026,1785046745,0,0.4
Sun Jul 26 06:19:54 UTC 2026,1785046794,0,0.3
Sun Jul 26 06:20:31 UTC 2026,1785046831,0,0.34
Sun Jul 26 06:21:15 UTC 2026,1785046875,0,0.29
Sun Jul 26 06:22:34 UTC 2026,1785046954,0,0.22
Sun Jul 26 06:23:33 UTC 2026,1785047013,0,0.31
Sun Jul 26 06:23:59 UTC 2026,1785047039,0,0.35
Sun Jul 26 06:25:12 UTC 2026,1785047112,0,0.26
Sun Jul 26 06:25:39 UTC 2026,1785047139,0,0.28
Sun Jul 26 06:26:11 UTC 2026,1785047171,0,0.34
Sun Jul 26 06:27:10 UTC 2026,1785047230,0,0.26
Sun Jul 26 06:27:46 UTC 2026,1785047266,0,0.35
Sun Jul 26 06:28:53 UTC 2026,1785047333,0,0.33
Sun Jul 26 06:29:12 UTC 2026,1785047352,0,0.26
Sun Jul 26 06:30:20 UTC 2026,1785047420,0,0.27
Sun Jul 26 06:31:24 UTC 2026,1785047484,0,0.34
Sun Jul 26 06:32:00 UTC 2026,1785047520,0,0.32
Sun Jul 26 06:33:26 UTC 2026,1785047606,0,0.28
Sun Jul 26 06:34:48 UTC 2026,1785047688,0,0.33
Sun Jul 26 06:35:19 UTC 2026,1785047719,0,0.3
Sun Jul 26 06:36:31 UTC 2026,1785047791,0,0.36
Sun Jul 26 06:37:17 UTC 2026,1785047837,0,0.33
Sun Jul 26 06:37:36 UTC 2026,1785047856,0,0.3
Sun Jul 26 06:38:38 UTC 2026,1785047918,0,0.33
Sun Jul 26 06:39:46 UTC 2026,1785047986,0,0.29
Sun Jul 26 06:40:18 UTC 2026,1785048018,0,0.24
Sun Jul 26 06:41:45 UTC 2026,1785048105,0,0.34
Sun Jul 26 06:42:30 UTC 2026,1785048150,0,0.28
Sun Jul 26 06:42:53 UTC 2026,1785048173,0,0.34
Sun Jul 26 06:43:38 UTC 2026,1785048218,0,0.27
Sun Jul 26 06:44:15 UTC 2026,1785048255,0,0.33
Sun Jul 26 06:45:18 UTC 2026,1785048318,0,0.27
Sun Jul 26 06:45:54 UTC 2026,1785048354,0,0.33
Sun Jul 26 06:47:56 UTC 2026,1785048476,0,0.34
Sun Jul 26 06:48:24 UTC 2026,1785048504,0,0.26
Sun Jul 26 06:49:31 UTC 2026,1785048571,0,0.33
Sun Jul 26 06:49:44 UTC 2026,1785048584,0,0.25
Sun Jul 26 06:50:08 UTC 2026,1785048608,0,0.24
Sun Jul 26 06:50:25 UTC 2026,1785048625,0,0.33
Sun Jul 26 06:52:19 UTC 2026,1785048739,0,0.2
Sun Jul 26 06:52:37 UTC 2026,1785048757,0,0.31
Sun Jul 26 06:54:54 UTC 2026,1785048894,0,0.22
Sun Jul 26 06:56:23 UTC 2026,1785048983,0,0.21
Sun Jul 26 06:56:33 UTC 2026,1785048993,0,0.31
Sun Jul 26 06:57:37 UTC 2026,1785049057,0,0.24
Sun Jul 26 06:58:22 UTC 2026,1785049102,0,0.2
Sun Jul 26 06:59:11 UTC 2026,1785049151,0,0.31
Sun Jul 26 07:01:14 UTC 2026,1785049274,0,0.25
Sun Jul 26 07:01:27 UTC 2026,1785049287,0,0.33
Sun Jul 26 07:02:18 UTC 2026,1785049338,0,0.24
Sun Jul 26 07:02:31 UTC 2026,1785049351,0,0.32
Sun Jul 26 07:03:53 UTC 2026,1785049433,0,0.36
Sun Jul 26 07:03:57 UTC 2026,1785049437,0,0.24
Sun Jul 26 07:06:13 UTC 2026,1785049573,0,0.26
Sun Jul 26 07:06:27 UTC 2026,1785049587,0,0.35
Sun Jul 26 07:07:53 UTC 2026,1785049673,0,0.26
Sun Jul 26 07:08:10 UTC 2026,1785049690,0,0.35
Sun Jul 26 07:08:29 UTC 2026,1785049709,0,0.26
Sun Jul 26 07:08:39 UTC 2026,1785049719,0,0.36
Sun Jul 26 07:10:17 UTC 2026,1785049817,0,0.33
Sun Jul 26 07:10:31 UTC 2026,1785049831,0,0.24
Sun Jul 26 07:11:35 UTC 2026,1785049895,0,0.35
Sun Jul 26 07:12:30 UTC 2026,1785049950,0,0.26
Sun Jul 26 07:13:19 UTC 2026,1785049999,0,0.32
Sun Jul 26 07:14:50 UTC 2026,1785050090,0,0.25
Sun Jul 26 07:15:31 UTC 2026,1785050131,0,0.3
Sun Jul 26 07:16:26 UTC 2026,1785050186,0,0.21
Sun Jul 26 07:18:08 UTC 2026,1785050288,0,0.32
Sun Jul 26 07:18:28 UTC 2026,1785050308,0,0.26
Sun Jul 26 07:19:08 UTC 2026,1785050348,0,0.32
Sun Jul 26 07:20:22 UTC 2026,1785050422,0,0.25
Sun Jul 26 07:20:56 UTC 2026,1785050456,0,0.33
Sun Jul 26 07:22:58 UTC 2026,1785050578,0,0.16
Sun Jul 26 07:23:13 UTC 2026,1785050593,0,0.18
Sun Jul 26 07:24:12 UTC 2026,1785050652,0,0.32
Sun Jul 26 07:26:05 UTC 2026,1785050765,0,0.1
Sun Jul 26 07:26:14 UTC 2026,1785050774,0,0.43
Sun Jul 26 07:26:41 UTC 2026,1785050801,0,0.38
Sun Jul 26 07:27:59 UTC 2026,1785050879,0,0.04
Sun Jul 26 07:28:21 UTC 2026,1785050901,0,0.12
Sun Jul 26 07:28:40 UTC 2026,1785050920,0,-0.2
Sun Jul 26 07:29:52 UTC 2026,1785050992,0,0.29
Sun Jul 26 07:30:50 UTC 2026,1785051050,0,-0.16
Sun Jul 26 07:31:41 UTC 2026,1785051101,0,0.14
Sun Jul 26 07:32:36 UTC 2026,1785051156,0,-0.03
Sun Jul 26 07:33:03 UTC 2026,1785051183,0,-0.07
Sun Jul 26 07:33:34 UTC 2026,1785051214,0,-0.43
Sun Jul 26 07:34:42 UTC 2026,1785051282,0,-0.2
Sun Jul 26 07:36:04 UTC 2026,1785051364,0,0.21
Sun Jul 26 07:36:36 UTC 2026,1785051396,0,0.15
Sun Jul 26 07:37:25 UTC 2026,1785051445,0,0.25
Sun Jul 26 07:37:57 UTC 2026,1785051477,0,0.17
Sun Jul 26 07:38:24 UTC 2026,1785051504,0,0.25
Sun Jul 26 07:39:41 UTC 2026,1785051581,0,0.22
Sun Jul 26 07:40:54 UTC 2026,1785051654,0,0.12
Sun Jul 26 07:42:29 UTC 2026,1785051749,0,0.25
Sun Jul 26 07:42:51 UTC 2026,1785051771,0,0.12
Sun Jul 26 07:43:15 UTC 2026,1785051795,0,0.16
Sun Jul 26 07:44:31 UTC 2026,1785051871,0,-0.08
Sun Jul 26 07:44:41 UTC 2026,1785051881,0,-0.06
Sun Jul 26 07:45:31 UTC 2026,1785051931,0,-0.27
Sun Jul 26 07:47:06 UTC 2026,1785052026,0,-0.18
Sun Jul 26 07:47:33 UTC 2026,1785052053,0,-0.42
Sun Jul 26 07:47:51 UTC 2026,1785052071,0,-0.36
Sun Jul 26 07:49:21 UTC 2026,1785052161,0,-0.58
Sun Jul 26 07:49:31 UTC 2026,1785052171,0,-0.55
Sun Jul 26 07:50:12 UTC 2026,1785052212,0,-0.23
Sun Jul 26 07:51:15 UTC 2026,1785052275,0,-0.42
Sun Jul 26 07:52:32 UTC 2026,1785052352,0,-0.18
Sun Jul 26 07:52:55 UTC 2026,1785052375,0,-0.16
Sun Jul 26 07:53:40 UTC 2026,1785052420,0,-0.35
Sun Jul 26 07:54:40 UTC 2026,1785052480,0,-0.4
Sun Jul 26 07:55:52 UTC 2026,1785052552,0,-0.14
Sun Jul 26 07:57:27 UTC 2026,1785052647,0,-0.11
Sun Jul 26 07:57:36 UTC 2026,1785052656,0,-0.3
Sun Jul 26 07:57:46 UTC 2026,1785052666,0,-0.23
Sun Jul 26 07:58:12 UTC 2026,1785052692,0,-0.01
Sun Jul 26 07:59:39 UTC 2026,1785052779,0,-0.04
Sun Jul 26 08:00:10 UTC 2026,1785052810,0,-0.2
Sun Jul 26 08:01:08 UTC 2026,1785052868,0,-0.11
Sun Jul 26 08:02:27 UTC 2026,1785052947,0,0.04
Sun Jul 26 08:02:45 UTC 2026,1785052965,0,0.0
Sun Jul 26 08:03:48 UTC 2026,1785053028,0,0.12
Sun Jul 26 08:05:14 UTC 2026,1785053114,0,0.16
Sun Jul 26 08:05:37 UTC 2026,1785053137,0,0.06
Sun Jul 26 08:06:23 UTC 2026,1785053183,0,0.07
Sun Jul 26 08:07:35 UTC 2026,1785053255,0,0.18
Sun Jul 26 08:08:38 UTC 2026,1785053318,0,0.08
Sun Jul 26 08:09:09 UTC 2026,1785053349,0,0.22
Sun Jul 26 08:10:19 UTC 2026,1785053419,0,0.25
Sun Jul 26 08:10:45 UTC 2026,1785053445,0,0.06
Sun Jul 26 08:11:08 UTC 2026,1785053468,0,0.17
Sun Jul 26 08:11:34 UTC 2026,1785053494,0,0.0
Sun Jul 26 08:13:23 UTC 2026,1785053603,0,-0.03
Sun Jul 26 08:13:32 UTC 2026,1785053612,0,0.2
Sun Jul 26 08:14:28 UTC 2026,1785053668,0,0.09
Sun Jul 26 08:15:53 UTC 2026,1785053753,0,-0.52
Sun Jul 26 08:16:20 UTC 2026,1785053780,0,-0.46
Sun Jul 26 08:17:05 UTC 2026,1785053825,0,-0.76
Sun Jul 26 08:17:51 UTC 2026,1785053871,0,-0.59
Sun Jul 26 08:19:04 UTC 2026,1785053944,0,-1.36
Sun Jul 26 08:19:12 UTC 2026,1785053952,0,-1.18
Sun Jul 26 08:20:43 UTC 2026,1785054043,0,-0.73
Sun Jul 26 08:21:20 UTC 2026,1785054080,0,-1.2
Sun Jul 26 08:22:27 UTC 2026,1785054147,0,-0.62
Sun Jul 26 08:22:32 UTC 2026,1785054152,0,-0.75
Sun Jul 26 08:24:08 UTC 2026,1785054248,0,-1.06
Sun Jul 26 08:24:29 UTC 2026,1785054269,0,-1.42
Sun Jul 26 08:25:43 UTC 2026,1785054343,0,-0.99
Sun Jul 26 08:25:48 UTC 2026,1785054348,0,-0.95
Sun Jul 26 08:26:28 UTC 2026,1785054388,0,-0.61
Sun Jul 26 08:28:03 UTC 2026,1785054483,0,-0.72
Sun Jul 26 08:28:58 UTC 2026,1785054538,0,-0.5
Sun Jul 26 08:29:25 UTC 2026,1785054565,0,-0.42
Sun Jul 26 08:30:42 UTC 2026,1785054642,0,-0.62
Sun Jul 26 08:30:59 UTC 2026,1785054659,0,-0.52
Sun Jul 26 08:32:16 UTC 2026,1785054736,0,-0.74
Sun Jul 26 08:32:26 UTC 2026,1785054746,0,-0.79
Sun Jul 26 08:33:12 UTC 2026,1785054792,0,-0.51
Sun Jul 26 08:34:15 UTC 2026,1785054855,0,-0.65
Sun Jul 26 08:35:36 UTC 2026,1785054936,0,-0.27
Sun Jul 26 08:36:17 UTC 2026,1785054977,0,-0.37
Sun Jul 26 08:37:08 UTC 2026,1785055028,0,-0.17
Sun Jul 26 08:37:35 UTC 2026,1785055055,0,-0.22
Sun Jul 26 08:38:37 UTC 2026,1785055117,0,0.08
Sun Jul 26 08:39:14 UTC 2026,1785055154,0,-0.15
Sun Jul 26 08:40:18 UTC 2026,1785055218,0,0.07
Sun Jul 26 08:41:04 UTC 2026,1785055264,0,0.0
Sun Jul 26 08:42:02 UTC 2026,1785055322,0,-0.27
Sun Jul 26 08:42:20 UTC 2026,1785055340,0,-0.19
Sun Jul 26 08:43:10 UTC 2026,1785055390,0,0.05
Sun Jul 26 08:44:00 UTC 2026,1785055440,0,0.02
Sun Jul 26 08:44:46 UTC 2026,1785055486,0,0.08
Sun Jul 26 08:46:07 UTC 2026,1785055567,0,0.07
Sun Jul 26 08:47:10 UTC 2026,1785055630,0,-0.03
Sun Jul 26 08:47:33 UTC 2026,1785055653,0,-0.11
Sun Jul 26 08:48:42 UTC 2026,1785055722,0,0.06
Sun Jul 26 08:49:40 UTC 2026,1785055780,0,0.11
Sun Jul 26 08:50:25 UTC 2026,1785055825,0,-0.02
Sun Jul 26 08:50:39 UTC 2026,1785055839,0,-0.04
Sun Jul 26 08:51:46 UTC 2026,1785055906,0,0.13
Sun Jul 26 08:52:19 UTC 2026,1785055939,0,0.08
Sun Jul 26 08:53:36 UTC 2026,1785056016,0,0.2
Sun Jul 26 08:54:07 UTC 2026,1785056047,0,0.25
Sun Jul 26 08:55:06 UTC 2026,1785056106,0,0.17
Sun Jul 26 08:56:09 UTC 2026,1785056169,0,0.19
Sun Jul 26 08:56:41 UTC 2026,1785056201,0,0.27
Sun Jul 26 08:57:22 UTC 2026,1785056242,0,0.28
Sun Jul 26 08:57:49 UTC 2026,1785056269,0,0.23
Sun Jul 26 08:59:07 UTC 2026,1785056347,0,0.31
Sun Jul 26 08:59:38 UTC 2026,1785056378,0,0.24
Sun Jul 26 09:00:42 UTC 2026,1785056442,0,0.25
Sun Jul 26 09:01:37 UTC 2026,1785056497,0,0.3
Sun Jul 26 09:02:08 UTC 2026,1785056528,0,0.31
Sun Jul 26 09:03:29 UTC 2026,1785056609,0,0.24
Sun Jul 26 09:03:52 UTC 2026,1785056632,0,0.31
Sun Jul 26 09:04:38 UTC 2026,1785056678,0,0.23
Sun Jul 26 09:06:00 UTC 2026,1785056760,0,0.25
Sun Jul 26 09:06:17 UTC 2026,1785056777,0,0.33
Sun Jul 26 09:07:21 UTC 2026,1785056841,0,0.26
Sun Jul 26 09:07:29 UTC 2026,1785056849,0,0.33
Sun Jul 26 09:09:19 UTC 2026,1785056959,0,0.26
Sun Jul 26 09:10:36 UTC 2026,1785057036,0,0.35
Sun Jul 26 09:11:53 UTC 2026,1785057113,0,0.24
Sun Jul 26 09:12:43 UTC 2026,1785057163,0,0.33
Sun Jul 26 09:13:14 UTC 2026,1785057194,0,0.22
Sun Jul 26 09:14:22 UTC 2026,1785057262,0,0.21
Sun Jul 26 09:14:26 UTC 2026,1785057266,0,0.32
Sun Jul 26 09:15:20 UTC 2026,1785057320,0,0.31
Sun Jul 26 09:15:58 UTC 2026,1785057358,0,0.27
Sun Jul 26 09:18:31 UTC 2026,1785057511,0,0.35
Sun Jul 26 09:19:49 UTC 2026,1785057589,0,0.34
Sun Jul 26 09:19:58 UTC 2026,1785057598,0,0.25
Sun Jul 26 09:20:52 UTC 2026,1785057652,0,0.34
Sun Jul 26 09:21:28 UTC 2026,1785057688,0,0.25
Sun Jul 26 09:22:58 UTC 2026,1785057778,0,0.34
Sun Jul 26 09:23:31 UTC 2026,1785057811,0,0.24
Sun Jul 26 09:24:57 UTC 2026,1785057897,0,0.31
Sun Jul 26 09:25:01 UTC 2026,1785057901,0,0.25
Sun Jul 26 09:25:28 UTC 2026,1785057928,0,0.33
Sun Jul 26 09:25:42 UTC 2026,1785057942,0,0.26
Sun Jul 26 09:27:59 UTC 2026,1785058079,0,0.24
Sun Jul 26 09:28:20 UTC 2026,1785058100,0,0.34
Sun Jul 26 09:28:33 UTC 2026,1785058113,0,0.25
Sun Jul 26 09:29:14 UTC 2026,1785058154,0,0.33
Sun Jul 26 09:30:09 UTC 2026,1785058209,0,0.32
Sun Jul 26 09:31:13 UTC 2026,1785058273,0,0.21
Sun Jul 26 09:33:10 UTC 2026,1785058390,0,0.35
Sun Jul 26 09:33:29 UTC 2026,1785058409,0,0.24
Sun Jul 26 09:34:41 UTC 2026,1785058481,0,0.33
Sun Jul 26 09:35:27 UTC 2026,1785058527,0,0.25
Sun Jul 26 09:37:11 UTC 2026,1785058631,0,0.34
Sun Jul 26 09:37:39 UTC 2026,1785058659,0,0.24
Sun Jul 26 09:38:27 UTC 2026,1785058707,0,0.33
Sun Jul 26 09:38:51 UTC 2026,1785058731,0,0.26
Sun Jul 26 09:40:21 UTC 2026,1785058821,0,0.33
Sun Jul 26 09:40:53 UTC 2026,1785058853,0,0.25
Sun Jul 26 09:41:48 UTC 2026,1785058908,0,0.29
Sun Jul 26 09:42:51 UTC 2026,1785058971,0,0.33
Sun Jul 26 09:44:21 UTC 2026,1785059061,0,0.27
Sun Jul 26 09:44:30 UTC 2026,1785059070,0,0.34
Sun Jul 26 09:45:10 UTC 2026,1785059110,0,0.27
Sun Jul 26 09:45:43 UTC 2026,1785059143,0,0.37
Sun Jul 26 09:48:12 UTC 2026,1785059292,0,0.22
Sun Jul 26 09:48:35 UTC 2026,1785059315,0,0.29
Sun Jul 26 09:49:25 UTC 2026,1785059365,0,0.13
Sun Jul 26 09:50:06 UTC 2026,1785059406,0,0.16
Sun Jul 26 09:51:27 UTC 2026,1785059487,0,0.27
Sun Jul 26 09:52:48 UTC 2026,1785059568,0,0.41
Sun Jul 26 09:53:07 UTC 2026,1785059587,0,0.15
Sun Jul 26 09:53:16 UTC 2026,1785059596,0,0.31
Sun Jul 26 09:54:42 UTC 2026,1785059682,0,0.09
Sun Jul 26 09:55:09 UTC 2026,1785059709,0,0.11
Sun Jul 26 09:55:46 UTC 2026,1785059746,0,-0.03
Sun Jul 26 09:56:53 UTC 2026,1785059813,0,0.07
Sun Jul 26 09:58:02 UTC 2026,1785059882,0,-0.32
Sun Jul 26 09:58:51 UTC 2026,1785059931,0,-0.05
Sun Jul 26 09:59:45 UTC 2026,1785059985,0,-0.51
Sun Jul 26 09:59:51 UTC 2026,1785059991,0,-0.4
Sun Jul 26 10:00:40 UTC 2026,1785060040,0,-0.71
Sun Jul 26 10:01:30 UTC 2026,1785060090,0,-0.61
Sun Jul 26 10:02:43 UTC 2026,1785060163,0,-1.0
Sun Jul 26 10:03:33 UTC 2026,1785060213,0,-0.83
Sun Jul 26 10:04:09 UTC 2026,1785060249,0,-1.12
Sun Jul 26 10:04:59 UTC 2026,1785060299,0,-1.23
Sun Jul 26 10:06:16 UTC 2026,1785060376,0,-0.62
Sun Jul 26 10:06:29 UTC 2026,1785060389,0,-0.78
Sun Jul 26 10:08:00 UTC 2026,1785060480,0,-1.9
Sun Jul 26 10:08:40 UTC 2026,1785060520,0,-2.54
Sun Jul 26 10:09:21 UTC 2026,1785060561,0,-1.62
Sun Jul 26 10:09:49 UTC 2026,1785060589,0,-2.22
Sun Jul 26 10:11:02 UTC 2026,1785060662,0,-4.09
Sun Jul 26 10:12:05 UTC 2026,1785060725,0,-4.52
Sun Jul 26 10:12:45 UTC 2026,1785060765,0,-3.53
Sun Jul 26 10:13:46 UTC 2026,1785060826,0,-2.69
Sun Jul 26 10:14:39 UTC 2026,1785060879,0,-4.35
Sun Jul 26 10:15:07 UTC 2026,1785060907,0,-4.58
Sun Jul 26 10:16:18 UTC 2026,1785060978,0,-3.69
Sun Jul 26 10:17:03 UTC 2026,1785061023,0,-3.98
Sun Jul 26 10:17:41 UTC 2026,1785061061,0,-2.9
Sun Jul 26 10:18:35 UTC 2026,1785061115,0,-2.81
Sun Jul 26 10:19:06 UTC 2026,1785061146,0,-3.72
Sun Jul 26 10:19:47 UTC 2026,1785061187,0,-3.56
Sun Jul 26 10:20:55 UTC 2026,1785061255,0,-4.6
Sun Jul 26 10:21:58 UTC 2026,1785061318,0,-4.35
Sun Jul 26 10:22:21 UTC 2026,1785061341,0,-3.56
Sun Jul 26 10:22:58 UTC 2026,1785061378,0,-3.9
Sun Jul 26 10:24:32 UTC 2026,1785061472,0,-6.43
Sun Jul 26 10:24:41 UTC 2026,1785061481,0,-7.22
Sun Jul 26 10:26:07 UTC 2026,1785061567,0,-5.38
Sun Jul 26 10:26:17 UTC 2026,1785061577,0,-5.22
Sun Jul 26 10:27:24 UTC 2026,1785061644,0,-3.24
Sun Jul 26 10:27:29 UTC 2026,1785061649,0,-3.29
Sun Jul 26 10:27:34 UTC 2026,1785061654,0,-3.11
Sun Jul 26 10:27:38 UTC 2026,1785061658,0,-3.03
Sun Jul 26 10:27:52 UTC 2026,1785061672,0,-2.51
Sun Jul 26 10:27:56 UTC 2026,1785061676,0,-2.36
Sun Jul 26 10:28:51 UTC 2026,1785061731,0,-1.75
Sun Jul 26 10:29:36 UTC 2026,1785061776,0,-1.62
Sun Jul 26 10:30:26 UTC 2026,1785061826,0,-0.83
Sun Jul 26 10:31:34 UTC 2026,1785061894,0,-0.91
Sun Jul 26 10:32:18 UTC 2026,1785061938,0,-0.44
Sun Jul 26 10:32:51 UTC 2026,1785061971,0,-0.61
Sun Jul 26 10:33:32 UTC 2026,1785062012,0,-0.32
Sun Jul 26 10:35:20 UTC 2026,1785062120,0,-0.42
Sun Jul 26 10:36:01 UTC 2026,1785062161,0,-0.09
Sun Jul 26 10:36:10 UTC 2026,1785062170,0,-0.1
Sun Jul 26 10:37:46 UTC 2026,1785062266,0,0.14
Sun Jul 26 10:37:50 UTC 2026,1785062270,0,0.08
Sun Jul 26 10:38:54 UTC 2026,1785062334,0,0.21
Sun Jul 26 10:39:39 UTC 2026,1785062379,0,0.15
Sun Jul 26 10:41:05 UTC 2026,1785062465,0,0.33
Sun Jul 26 10:41:09 UTC 2026,1785062469,0,0.3
Sun Jul 26 10:42:09 UTC 2026,1785062529,0,0.35
Sun Jul 26 10:43:25 UTC 2026,1785062605,0,0.37
Sun Jul 26 10:44:21 UTC 2026,1785062661,0,0.3
Sun Jul 26 10:44:25 UTC 2026,1785062665,0,0.31
Sun Jul 26 10:45:51 UTC 2026,1785062751,0,0.37
Sun Jul 26 10:46:36 UTC 2026,1785062796,0,0.33
Sun Jul 26 10:47:12 UTC 2026,1785062832,0,0.38
Sun Jul 26 10:48:30 UTC 2026,1785062910,0,0.33
Sun Jul 26 10:48:52 UTC 2026,1785062932,0,0.39
Sun Jul 26 10:50:14 UTC 2026,1785063014,0,0.34
Sun Jul 26 10:50:36 UTC 2026,1785063036,0,0.4
Sun Jul 26 10:51:03 UTC 2026,1785063063,0,0.41
Sun Jul 26 10:52:03 UTC 2026,1785063123,0,0.35
Sun Jul 26 10:53:38 UTC 2026,1785063218,0,0.42
Sun Jul 26 10:54:42 UTC 2026,1785063282,0,0.41
Sun Jul 26 10:55:22 UTC 2026,1785063322,0,0.36
Sun Jul 26 10:56:04 UTC 2026,1785063364,0,0.34
Sun Jul 26 10:56:58 UTC 2026,1785063418,0,0.4
Sun Jul 26 10:57:56 UTC 2026,1785063476,0,0.41
Sun Jul 26 10:58:41 UTC 2026,1785063521,0,0.36
Sun Jul 26 11:00:40 UTC 2026,1785063640,0,0.41
Sun Jul 26 11:01:15 UTC 2026,1785063675,0,0.36
Sun Jul 26 11:01:20 UTC 2026,1785063680,0,0.4
Sun Jul 26 11:03:13 UTC 2026,1785063793,0,0.36
Sun Jul 26 11:04:16 UTC 2026,1785063856,0,0.4
Sun Jul 26 11:05:30 UTC 2026,1785063930,0,0.35
Sun Jul 26 11:06:55 UTC 2026,1785064015,0,0.41
Sun Jul 26 11:07:51 UTC 2026,1785064071,0,0.36
Sun Jul 26 11:08:22 UTC 2026,1785064102,0,0.41
Sun Jul 26 11:09:12 UTC 2026,1785064152,0,0.37
Sun Jul 26 11:10:47 UTC 2026,1785064247,0,0.45
Sun Jul 26 11:11:24 UTC 2026,1785064284,0,0.42
Sun Jul 26 11:12:14 UTC 2026,1785064334,0,0.36
Sun Jul 26 11:13:26 UTC 2026,1785064406,0,0.45
Sun Jul 26 11:13:56 UTC 2026,1785064436,0,0.35
Sun Jul 26 11:14:51 UTC 2026,1785064491,0,0.44
Sun Jul 26 11:15:46 UTC 2026,1785064546,0,0.39
Sun Jul 26 11:16:18 UTC 2026,1785064578,0,0.43
Sun Jul 26 11:17:25 UTC 2026,1785064645,0,0.46
Sun Jul 26 11:17:48 UTC 2026,1785064668,0,0.36
Sun Jul 26 11:20:27 UTC 2026,1785064827,0,0.46
Sun Jul 26 11:20:53 UTC 2026,1785064853,0,0.44
Sun Jul 26 11:21:04 UTC 2026,1785064864,0,0.39
Sun Jul 26 11:22:29 UTC 2026,1785064949,0,0.38
Sun Jul 26 11:22:48 UTC 2026,1785064968,0,0.43
Sun Jul 26 11:24:14 UTC 2026,1785065054,0,0.44
Sun Jul 26 11:24:18 UTC 2026,1785065058,0,0.38
Sun Jul 26 11:26:57 UTC 2026,1785065217,0,0.45
Sun Jul 26 11:28:23 UTC 2026,1785065303,0,0.44
Sun Jul 26 11:28:27 UTC 2026,1785065307,0,0.39
Sun Jul 26 11:30:30 UTC 2026,1785065430,0,0.36
Sun Jul 26 11:30:35 UTC 2026,1785065435,0,0.45
Sun Jul 26 11:31:11 UTC 2026,1785065471,0,0.44
Sun Jul 26 11:32:14 UTC 2026,1785065534,0,0.35
Sun Jul 26 11:32:51 UTC 2026,1785065571,0,0.37
Sun Jul 26 11:33:08 UTC 2026,1785065588,0,0.44
Sun Jul 26 11:33:58 UTC 2026,1785065638,0,0.46
Sun Jul 26 11:35:29 UTC 2026,1785065729,0,0.36
Sun Jul 26 11:35:35 UTC 2026,1785065735,0,0.44
Sun Jul 26 11:36:16 UTC 2026,1785065776,0,0.35
Sun Jul 26 11:38:40 UTC 2026,1785065920,0,0.44
Sun Jul 26 11:40:25 UTC 2026,1785066025,0,0.46
Sun Jul 26 11:40:29 UTC 2026,1785066029,0,0.36
Sun Jul 26 11:41:14 UTC 2026,1785066074,0,0.46
Sun Jul 26 11:41:46 UTC 2026,1785066106,0,0.35
Sun Jul 26 11:42:09 UTC 2026,1785066129,0,0.43
Sun Jul 26 11:42:26 UTC 2026,1785066146,0,0.39
Sun Jul 26 11:44:20 UTC 2026,1785066260,0,0.43
Sun Jul 26 11:44:43 UTC 2026,1785066283,0,0.37
Sun Jul 26 11:46:14 UTC 2026,1785066374,0,0.44
Sun Jul 26 11:47:08 UTC 2026,1785066428,0,0.43
Sun Jul 26 11:47:16 UTC 2026,1785066436,0,0.37
Sun Jul 26 11:49:10 UTC 2026,1785066550,0,0.42
Sun Jul 26 11:50:19 UTC 2026,1785066619,0,0.33
Sun Jul 26 11:51:26 UTC 2026,1785066686,0,0.43
Sun Jul 26 11:52:06 UTC 2026,1785066726,0,0.36
Sun Jul 26 11:52:12 UTC 2026,1785066732,0,0.42
Sun Jul 26 11:53:52 UTC 2026,1785066832,0,0.36
Sun Jul 26 11:55:13 UTC 2026,1785066913,0,0.44
Sun Jul 26 11:56:02 UTC 2026,1785066962,0,0.43
Sun Jul 26 11:56:48 UTC 2026,1785067008,0,0.37
Sun Jul 26 11:57:06 UTC 2026,1785067026,0,0.39
Sun Jul 26 11:58:15 UTC 2026,1785067095,0,0.43
Sun Jul 26 11:58:50 UTC 2026,1785067130,0,0.37
Sun Jul 26 12:01:25 UTC 2026,1785067285,0,0.44
Sun Jul 26 12:01:43 UTC 2026,1785067303,0,0.39
Sun Jul 26 12:03:09 UTC 2026,1785067389,0,0.45
Sun Jul 26 12:04:44 UTC 2026,1785067484,0,0.37
Sun Jul 26 12:04:49 UTC 2026,1785067489,0,0.44
Sun Jul 26 12:05:26 UTC 2026,1785067526,0,0.47
Sun Jul 26 12:05:53 UTC 2026,1785067553,0,0.4
Sun Jul 26 12:07:09 UTC 2026,1785067629,0,0.42
Sun Jul 26 12:08:31 UTC 2026,1785067711,0,0.36
Sun Jul 26 12:08:40 UTC 2026,1785067720,0,0.34
Sun Jul 26 12:09:21 UTC 2026,1785067761,0,0.43
Sun Jul 26 12:10:29 UTC 2026,1785067829,0,0.37
Sun Jul 26 12:11:23 UTC 2026,1785067883,0,0.44
Sun Jul 26 12:12:12 UTC 2026,1785067932,0,0.38
Sun Jul 26 12:12:22 UTC 2026,1785067942,0,0.44
Sun Jul 26 12:14:26 UTC 2026,1785068066,0,0.36
Sun Jul 26 12:14:43 UTC 2026,1785068083,0,0.45
Sun Jul 26 12:15:20 UTC 2026,1785068120,0,0.37
Sun Jul 26 12:15:55 UTC 2026,1785068155,0,0.43
Sun Jul 26 12:17:48 UTC 2026,1785068268,0,0.36
Sun Jul 26 12:18:39 UTC 2026,1785068319,0,0.44
Sun Jul 26 12:19:23 UTC 2026,1785068363,0,0.36
Sun Jul 26 12:21:09 UTC 2026,1785068469,0,0.42
Sun Jul 26 12:21:49 UTC 2026,1785068509,0,0.37
Sun Jul 26 12:21:57 UTC 2026,1785068517,0,0.42
Sun Jul 26 12:24:10 UTC 2026,1785068650,0,0.38
Sun Jul 26 12:26:13 UTC 2026,1785068773,0,0.36
Sun Jul 26 12:26:26 UTC 2026,1785068786,0,0.43
Sun Jul 26 12:26:48 UTC 2026,1785068808,0,0.34
Sun Jul 26 12:27:24 UTC 2026,1785068844,0,0.46
Sun Jul 26 12:28:41 UTC 2026,1785068921,0,0.36
Sun Jul 26 12:28:55 UTC 2026,1785068935,0,0.46
Sun Jul 26 12:30:35 UTC 2026,1785069035,0,0.48
Sun Jul 26 12:30:52 UTC 2026,1785069052,0,0.33
Sun Jul 26 12:32:10 UTC 2026,1785069130,0,0.31
Sun Jul 26 12:33:00 UTC 2026,1785069180,0,0.42
Sun Jul 26 12:34:08 UTC 2026,1785069248,0,0.49
Sun Jul 26 12:34:44 UTC 2026,1785069284,0,0.35
Sun Jul 26 12:34:58 UTC 2026,1785069298,0,0.44
Sun Jul 26 12:35:58 UTC 2026,1785069358,0,0.37
Sun Jul 26 12:37:13 UTC 2026,1785069433,0,0.44
Sun Jul 26 12:37:19 UTC 2026,1785069439,0,0.37
Sun Jul 26 12:38:34 UTC 2026,1785069514,0,0.44
Sun Jul 26 12:39:11 UTC 2026,1785069551,0,0.34
Sun Jul 26 12:40:48 UTC 2026,1785069648,0,0.44
Sun Jul 26 12:41:09 UTC 2026,1785069669,0,0.33
Sun Jul 26 12:41:59 UTC 2026,1785069719,0,0.34
Sun Jul 26 12:42:50 UTC 2026,1785069770,0,0.43
Sun Jul 26 12:44:06 UTC 2026,1785069846,0,0.44
Sun Jul 26 12:44:38 UTC 2026,1785069878,0,0.32
Sun Jul 26 12:44:51 UTC 2026,1785069891,0,0.34
Sun Jul 26 12:46:12 UTC 2026,1785069972,0,0.46
Sun Jul 26 12:46:53 UTC 2026,1785070013,0,0.36
Sun Jul 26 12:48:16 UTC 2026,1785070096,0,0.43
Sun Jul 26 12:49:41 UTC 2026,1785070181,0,0.38
Sun Jul 26 12:50:32 UTC 2026,1785070232,0,0.43
Sun Jul 26 12:51:02 UTC 2026,1785070262,0,0.37
Sun Jul 26 12:51:48 UTC 2026,1785070308,0,0.43
Sun Jul 26 12:52:21 UTC 2026,1785070341,0,0.36
Sun Jul 26 12:53:20 UTC 2026,1785070400,0,0.45
Sun Jul 26 12:53:42 UTC 2026,1785070422,0,0.36
Sun Jul 26 12:55:17 UTC 2026,1785070517,0,0.38
Sun Jul 26 12:55:53 UTC 2026,1785070553,0,0.45
Sun Jul 26 12:56:38 UTC 2026,1785070598,0,0.36
Sun Jul 26 12:57:59 UTC 2026,1785070679,0,0.47
Sun Jul 26 12:58:05 UTC 2026,1785070685,0,0.45
Sun Jul 26 12:59:12 UTC 2026,1785070752,0,0.35
Sun Jul 26 12:59:53 UTC 2026,1785070793,0,0.44
Sun Jul 26 12:59:58 UTC 2026,1785070798,0,0.36
Sun Jul 26 13:02:14 UTC 2026,1785070934,0,0.45
Sun Jul 26 13:02:45 UTC 2026,1785070965,0,0.35
Sun Jul 26 13:03:09 UTC 2026,1785070989,0,0.42
Sun Jul 26 13:04:52 UTC 2026,1785071092,0,0.36
Sun Jul 26 13:05:43 UTC 2026,1785071143,0,0.42
Sun Jul 26 13:07:10 UTC 2026,1785071230,0,0.35
Sun Jul 26 13:08:08 UTC 2026,1785071288,0,0.36
Sun Jul 26 13:08:39 UTC 2026,1785071319,0,0.43
Sun Jul 26 13:11:00 UTC 2026,1785071460,0,0.42
Sun Jul 26 13:11:09 UTC 2026,1785071469,0,0.35
Sun Jul 26 13:11:45 UTC 2026,1785071505,0,0.36
Sun Jul 26 13:12:26 UTC 2026,1785071546,0,0.44
Sun Jul 26 13:12:54 UTC 2026,1785071574,0,0.35
Sun Jul 26 13:13:07 UTC 2026,1785071587,0,0.42
Sun Jul 26 13:15:33 UTC 2026,1785071733,0,0.36
Sun Jul 26 13:16:09 UTC 2026,1785071769,0,0.45
Sun Jul 26 13:16:22 UTC 2026,1785071782,0,0.43
Sun Jul 26 13:17:20 UTC 2026,1785071840,0,0.35
Sun Jul 26 13:18:29 UTC 2026,1785071909,0,0.34
Sun Jul 26 13:19:27 UTC 2026,1785071967,0,0.43
Sun Jul 26 13:20:08 UTC 2026,1785072008,0,0.42
Sun Jul 26 13:20:40 UTC 2026,1785072040,0,0.32
Sun Jul 26 13:21:16 UTC 2026,1785072076,0,0.42
Sun Jul 26 13:22:30 UTC 2026,1785072150,0,0.33
Sun Jul 26 13:22:56 UTC 2026,1785072176,0,0.4
Sun Jul 26 13:23:47 UTC 2026,1785072227,0,0.35
Sun Jul 26 13:24:49 UTC 2026,1785072289,0,0.41
Sun Jul 26 13:27:10 UTC 2026,1785072430,0,0.33
Sun Jul 26 13:27:33 UTC 2026,1785072453,0,0.45
Sun Jul 26 13:28:18 UTC 2026,1785072498,0,0.33
Sun Jul 26 13:28:45 UTC 2026,1785072525,0,0.43
Sun Jul 26 13:29:39 UTC 2026,1785072579,0,0.4
Sun Jul 26 13:29:53 UTC 2026,1785072593,0,0.29
Sun Jul 26 13:32:32 UTC 2026,1785072752,0,0.41
Sun Jul 26 13:32:46 UTC 2026,1785072766,0,0.3
Sun Jul 26 13:34:03 UTC 2026,1785072843,0,0.41
Sun Jul 26 13:34:43 UTC 2026,1785072883,0,0.31
Sun Jul 26 13:35:55 UTC 2026,1785072955,0,0.41
Sun Jul 26 13:37:13 UTC 2026,1785073033,0,0.49
Sun Jul 26 13:37:22 UTC 2026,1785073042,0,0.34
Sun Jul 26 13:37:54 UTC 2026,1785073074,0,0.4
Sun Jul 26 13:38:57 UTC 2026,1785073137,0,0.27
Sun Jul 26 13:40:01 UTC 2026,1785073201,0,0.3
Sun Jul 26 13:40:50 UTC 2026,1785073250,0,0.41
Sun Jul 26 13:41:40 UTC 2026,1785073300,0,0.42
Sun Jul 26 13:42:12 UTC 2026,1785073332,0,0.35
Sun Jul 26 13:42:49 UTC 2026,1785073369,0,0.34
Sun Jul 26 13:43:53 UTC 2026,1785073433,0,0.42
Sun Jul 26 13:44:27 UTC 2026,1785073467,0,0.41
Sun Jul 26 13:44:33 UTC 2026,1785073473,0,0.36
Sun Jul 26 13:45:54 UTC 2026,1785073554,0,0.42
Sun Jul 26 13:47:07 UTC 2026,1785073627,0,0.34
Sun Jul 26 13:48:51 UTC 2026,1785073731,0,0.35
Sun Jul 26 13:48:56 UTC 2026,1785073736,0,0.42
Sun Jul 26 13:50:09 UTC 2026,1785073809,0,0.45
Sun Jul 26 13:50:17 UTC 2026,1785073817,0,0.35
Sun Jul 26 13:51:35 UTC 2026,1785073895,0,0.44
Sun Jul 26 13:51:39 UTC 2026,1785073899,0,0.36
Sun Jul 26 13:53:28 UTC 2026,1785074008,0,0.34
Sun Jul 26 13:53:51 UTC 2026,1785074031,0,0.47
Sun Jul 26 13:54:12 UTC 2026,1785074052,0,0.43
Sun Jul 26 13:54:27 UTC 2026,1785074067,0,0.36
Sun Jul 26 13:55:48 UTC 2026,1785074148,0,0.42
Sun Jul 26 13:57:11 UTC 2026,1785074231,0,0.29
Sun Jul 26 13:58:01 UTC 2026,1785074281,0,0.44
Sun Jul 26 13:58:05 UTC 2026,1785074285,0,0.34
Sun Jul 26 13:59:30 UTC 2026,1785074370,0,0.35
Sun Jul 26 13:59:58 UTC 2026,1785074398,0,0.43
Sun Jul 26 14:00:52 UTC 2026,1785074452,0,0.35
Sun Jul 26 14:01:37 UTC 2026,1785074497,0,0.44
Sun Jul 26 14:02:45 UTC 2026,1785074565,0,0.42
Sun Jul 26 14:03:26 UTC 2026,1785074606,0,0.35
Sun Jul 26 14:04:12 UTC 2026,1785074652,0,0.33
Sun Jul 26 14:04:44 UTC 2026,1785074684,0,0.44
Sun Jul 26 14:06:10 UTC 2026,1785074770,0,0.34
Sun Jul 26 14:08:54 UTC 2026,1785074934,0,0.43
Sun Jul 26 14:09:28 UTC 2026,1785074968,0,0.37
Sun Jul 26 14:10:01 UTC 2026,1785075001,0,0.44
Sun Jul 26 14:10:42 UTC 2026,1785075042,0,0.34
Sun Jul 26 14:10:56 UTC 2026,1785075056,0,0.44
Sun Jul 26 14:13:25 UTC 2026,1785075205,0,0.34
Sun Jul 26 14:13:30 UTC 2026,1785075210,0,0.47
Sun Jul 26 14:14:29 UTC 2026,1785075269,0,0.42
Sun Jul 26 14:15:23 UTC 2026,1785075323,0,0.3
Sun Jul 26 14:15:59 UTC 2026,1785075359,0,0.45
Sun Jul 26 14:16:26 UTC 2026,1785075386,0,0.31
Sun Jul 26 14:17:17 UTC 2026,1785075437,0,0.46
Sun Jul 26 14:17:53 UTC 2026,1785075473,0,0.37
Sun Jul 26 14:19:00 UTC 2026,1785075540,0,0.44
Sun Jul 26 14:19:45 UTC 2026,1785075585,0,0.38
Sun Jul 26 14:20:59 UTC 2026,1785075659,0,0.43
Sun Jul 26 14:21:48 UTC 2026,1785075708,0,0.36
Sun Jul 26 14:22:29 UTC 2026,1785075749,0,0.43
Sun Jul 26 14:22:47 UTC 2026,1785075767,0,0.36
Sun Jul 26 14:23:51 UTC 2026,1785075831,0,0.41
Sun Jul 26 14:24:50 UTC 2026,1785075890,0,0.33
Sun Jul 26 14:25:31 UTC 2026,1785075931,0,0.43
Sun Jul 26 14:26:33 UTC 2026,1785075993,0,0.34
Sun Jul 26 14:28:13 UTC 2026,1785076093,0,0.42
Sun Jul 26 14:28:32 UTC 2026,1785076112,0,0.33
Sun Jul 26 14:29:21 UTC 2026,1785076161,0,0.34
Sun Jul 26 14:29:30 UTC 2026,1785076170,0,0.42
Sun Jul 26 14:31:02 UTC 2026,1785076262,0,0.4
Sun Jul 26 14:31:38 UTC 2026,1785076298,0,0.35
Sun Jul 26 14:32:32 UTC 2026,1785076352,0,0.41
Sun Jul 26 14:33:22 UTC 2026,1785076402,0,0.32
Sun Jul 26 14:34:07 UTC 2026,1785076447,0,0.41
Sun Jul 26 14:35:15 UTC 2026,1785076515,0,0.33
Sun Jul 26 14:35:34 UTC 2026,1785076534,0,0.43
Sun Jul 26 14:36:10 UTC 2026,1785076570,0,0.35
Sun Jul 26 14:37:08 UTC 2026,1785076628,0,0.36
Sun Jul 26 14:37:31 UTC 2026,1785076651,0,0.43
Sun Jul 26 14:39:19 UTC 2026,1785076759,0,0.34
Sun Jul 26 14:39:33 UTC 2026,1785076773,0,0.44
Sun Jul 26 14:41:21 UTC 2026,1785076881,0,0.29
Sun Jul 26 14:41:36 UTC 2026,1785076896,0,0.43
Sun Jul 26 14:42:16 UTC 2026,1785076936,0,0.31
Sun Jul 26 14:42:39 UTC 2026,1785076959,0,0.43
Sun Jul 26 14:44:46 UTC 2026,1785077086,0,0.4
Sun Jul 26 14:45:09 UTC 2026,1785077109,0,0.33
Sun Jul 26 14:46:44 UTC 2026,1785077204,0,0.43
Sun Jul 26 14:47:07 UTC 2026,1785077227,0,0.35
Sun Jul 26 14:47:52 UTC 2026,1785077272,0,0.4
Sun Jul 26 14:48:59 UTC 2026,1785077339,0,0.43
Sun Jul 26 14:49:27 UTC 2026,1785077367,0,0.35
Sun Jul 26 14:51:17 UTC 2026,1785077477,0,0.29
Sun Jul 26 14:51:47 UTC 2026,1785077507,0,0.41
Sun Jul 26 14:53:28 UTC 2026,1785077608,0,0.31
Sun Jul 26 14:53:45 UTC 2026,1785077625,0,0.41
Sun Jul 26 14:54:59 UTC 2026,1785077699,0,0.31
Sun Jul 26 14:55:12 UTC 2026,1785077712,0,0.33
Sun Jul 26 14:55:22 UTC 2026,1785077722,0,0.39
Sun Jul 26 14:57:09 UTC 2026,1785077829,0,0.33
Sun Jul 26 14:58:22 UTC 2026,1785077902,0,0.41
Sun Jul 26 14:58:55 UTC 2026,1785077935,0,0.39
Sun Jul 26 14:59:31 UTC 2026,1785077971,0,0.32
Sun Jul 26 15:00:29 UTC 2026,1785078029,0,0.33
Sun Jul 26 15:00:56 UTC 2026,1785078056,0,0.39
Sun Jul 26 15:02:32 UTC 2026,1785078152,0,0.33
Sun Jul 26 15:03:26 UTC 2026,1785078206,0,0.41
Sun Jul 26 15:03:30 UTC 2026,1785078210,0,0.38
Sun Jul 26 15:04:07 UTC 2026,1785078247,0,0.34
Sun Jul 26 15:05:10 UTC 2026,1785078310,0,0.35
Sun Jul 26 15:05:46 UTC 2026,1785078346,0,0.4
Sun Jul 26 15:06:55 UTC 2026,1785078415,0,0.33
Sun Jul 26 15:07:22 UTC 2026,1785078442,0,0.4
Sun Jul 26 15:09:24 UTC 2026,1785078564,0,0.25
Sun Jul 26 15:10:23 UTC 2026,1785078623,0,0.4
Sun Jul 26 15:11:26 UTC 2026,1785078686,0,0.33
Sun Jul 26 15:12:29 UTC 2026,1785078749,0,0.46
Sun Jul 26 15:12:43 UTC 2026,1785078763,0,0.32
Sun Jul 26 15:13:37 UTC 2026,1785078817,0,0.41
Sun Jul 26 15:14:32 UTC 2026,1785078872,0,0.33
Sun Jul 26 15:15:04 UTC 2026,1785078904,0,0.31
Sun Jul 26 15:15:13 UTC 2026,1785078913,0,0.4
Sun Jul 26 15:17:10 UTC 2026,1785079030,0,0.34
Sun Jul 26 15:17:52 UTC 2026,1785079072,0,0.4
Sun Jul 26 15:18:37 UTC 2026,1785079117,0,0.34
Sun Jul 26 15:19:45 UTC 2026,1785079185,0,0.4
Sun Jul 26 15:20:21 UTC 2026,1785079221,0,0.33
Sun Jul 26 15:20:58 UTC 2026,1785079258,0,0.4
Sun Jul 26 15:22:19 UTC 2026,1785079339,0,0.34
Sun Jul 26 15:22:38 UTC 2026,1785079358,0,0.43
Sun Jul 26 15:23:50 UTC 2026,1785079430,0,0.4
Sun Jul 26 15:24:03 UTC 2026,1785079443,0,0.28
Sun Jul 26 15:25:43 UTC 2026,1785079543,0,0.31
Sun Jul 26 15:26:19 UTC 2026,1785079579,0,0.43
Sun Jul 26 15:27:04 UTC 2026,1785079624,0,0.4
Sun Jul 26 15:27:31 UTC 2026,1785079651,0,0.28
Sun Jul 26 15:28:29 UTC 2026,1785079709,0,0.39
Sun Jul 26 15:29:35 UTC 2026,1785079775,0,0.31
Sun Jul 26 15:30:06 UTC 2026,1785079806,0,0.39
Sun Jul 26 15:31:13 UTC 2026,1785079873,0,0.31
Sun Jul 26 15:32:39 UTC 2026,1785079959,0,0.4
Sun Jul 26 15:32:45 UTC 2026,1785079965,0,0.33
Sun Jul 26 15:33:44 UTC 2026,1785080024,0,0.32
Sun Jul 26 15:34:11 UTC 2026,1785080051,0,0.4
Sun Jul 26 15:35:09 UTC 2026,1785080109,0,0.32
Sun Jul 26 15:36:18 UTC 2026,1785080178,0,0.39
Sun Jul 26 15:36:27 UTC 2026,1785080187,0,0.4
Sun Jul 26 15:37:44 UTC 2026,1785080264,0,0.32
Sun Jul 26 15:38:15 UTC 2026,1785080295,0,0.31
Sun Jul 26 15:39:15 UTC 2026,1785080355,0,0.39
Sun Jul 26 15:40:36 UTC 2026,1785080436,0,0.3
Sun Jul 26 15:42:07 UTC 2026,1785080527,0,0.31
Sun Jul 26 15:42:11 UTC 2026,1785080531,0,0.4
Sun Jul 26 15:43:15 UTC 2026,1785080595,0,0.3
Sun Jul 26 15:44:18 UTC 2026,1785080658,0,0.4
Sun Jul 26 15:45:12 UTC 2026,1785080712,0,0.27
Sun Jul 26 15:46:20 UTC 2026,1785080780,0,0.4
Sun Jul 26 15:47:33 UTC 2026,1785080853,0,0.22
Sun Jul 26 15:47:46 UTC 2026,1785080866,0,0.42
Sun Jul 26 15:48:09 UTC 2026,1785080889,0,0.29
Sun Jul 26 15:49:27 UTC 2026,1785080967,0,0.41
Sun Jul 26 15:49:41 UTC 2026,1785080981,0,0.4
Sun Jul 26 15:50:02 UTC 2026,1785081002,0,0.28
Sun Jul 26 15:51:19 UTC 2026,1785081079,0,0.27
Sun Jul 26 15:52:10 UTC 2026,1785081130,0,0.46
Sun Jul 26 15:53:17 UTC 2026,1785081197,0,0.29
Sun Jul 26 15:54:03 UTC 2026,1785081243,0,0.44
Sun Jul 26 15:55:15 UTC 2026,1785081315,0,0.28
Sun Jul 26 15:55:24 UTC 2026,1785081324,0,0.46
Sun Jul 26 15:56:29 UTC 2026,1785081389,0,0.24
Sun Jul 26 15:57:40 UTC 2026,1785081460,0,0.46
Sun Jul 26 15:59:07 UTC 2026,1785081547,0,0.25
Sun Jul 26 15:59:16 UTC 2026,1785081556,0,0.41
Sun Jul 26 16:00:01 UTC 2026,1785081601,0,0.28
Sun Jul 26 16:01:05 UTC 2026,1785081665,0,0.42
Sun Jul 26 16:01:41 UTC 2026,1785081701,0,0.22
Sun Jul 26 16:02:13 UTC 2026,1785081733,0,0.42
Sun Jul 26 16:03:21 UTC 2026,1785081801,0,0.4
Sun Jul 26 16:03:43 UTC 2026,1785081823,0,0.18
Sun Jul 26 16:05:05 UTC 2026,1785081905,0,0.22
Sun Jul 26 16:05:18 UTC 2026,1785081918,0,0.4
Sun Jul 26 16:07:12 UTC 2026,1785082032,0,0.16
Sun Jul 26 16:07:53 UTC 2026,1785082073,0,0.18
Sun Jul 26 16:08:29 UTC 2026,1785082109,0,0.37
Sun Jul 26 16:10:55 UTC 2026,1785082255,0,0.0
Sun Jul 26 16:11:49 UTC 2026,1785082309,0,0.13
Sun Jul 26 16:12:21 UTC 2026,1785082341,0,0.32
Sun Jul 26 16:12:56 UTC 2026,1785082376,0,0.31
Sun Jul 26 16:14:23 UTC 2026,1785082463,0,-0.15
Sun Jul 26 16:14:54 UTC 2026,1785082494,0,-0.48
Sun Jul 26 16:15:44 UTC 2026,1785082544,0,0.13
Sun Jul 26 16:16:03 UTC 2026,1785082563,0,0.28
Sun Jul 26 16:16:48 UTC 2026,1785082608,0,-0.11
Sun Jul 26 16:17:52 UTC 2026,1785082672,0,0.25
Sun Jul 26 16:19:18 UTC 2026,1785082758,0,-0.22
Sun Jul 26 16:19:36 UTC 2026,1785082776,0,-0.11
Sun Jul 26 16:20:48 UTC 2026,1785082848,0,-0.61
Sun Jul 26 16:21:02 UTC 2026,1785082862,0,-0.5
Sun Jul 26 16:22:10 UTC 2026,1785082930,0,0.23
Sun Jul 26 16:22:50 UTC 2026,1785082970,0,0.15
Sun Jul 26 16:23:55 UTC 2026,1785083035,0,0.36
Sun Jul 26 16:24:53 UTC 2026,1785083093,0,0.22
Sun Jul 26 16:26:32 UTC 2026,1785083192,0,0.04
Sun Jul 26 16:27:32 UTC 2026,1785083252,0,0.29
Sun Jul 26 16:28:12 UTC 2026,1785083292,0,0.17
Sun Jul 26 16:28:59 UTC 2026,1785083339,0,0.39
Sun Jul 26 16:29:16 UTC 2026,1785083356,0,0.38
Sun Jul 26 16:29:25 UTC 2026,1785083365,0,0.21
Sun Jul 26 16:31:00 UTC 2026,1785083460,0,0.24
Sun Jul 26 16:32:08 UTC 2026,1785083528,0,0.36
Sun Jul 26 16:33:21 UTC 2026,1785083601,0,0.35
Sun Jul 26 16:33:49 UTC 2026,1785083629,0,0.13
Sun Jul 26 16:34:20 UTC 2026,1785083660,0,0.18
Sun Jul 26 16:35:46 UTC 2026,1785083746,0,0.32
Sun Jul 26 16:35:56 UTC 2026,1785083756,0,0.19
Sun Jul 26 16:37:22 UTC 2026,1785083842,0,0.34
Sun Jul 26 16:37:58 UTC 2026,1785083878,0,0.37
Sun Jul 26 16:38:29 UTC 2026,1785083909,0,0.17
Sun Jul 26 16:39:19 UTC 2026,1785083959,0,0.23
Sun Jul 26 16:40:27 UTC 2026,1785084027,0,0.45
Sun Jul 26 16:40:55 UTC 2026,1785084055,0,0.43
Sun Jul 26 16:41:35 UTC 2026,1785084095,0,0.23
Sun Jul 26 16:43:28 UTC 2026,1785084208,0,0.26
Sun Jul 26 16:43:38 UTC 2026,1785084218,0,0.41
Sun Jul 26 16:45:09 UTC 2026,1785084309,0,0.26
Sun Jul 26 16:45:26 UTC 2026,1785084326,0,0.4
Sun Jul 26 16:46:03 UTC 2026,1785084363,0,0.39
Sun Jul 26 16:46:57 UTC 2026,1785084417,0,0.29
Sun Jul 26 16:47:34 UTC 2026,1785084454,0,0.39
Sun Jul 26 16:47:48 UTC 2026,1785084468,0,0.24
Sun Jul 26 16:49:13 UTC 2026,1785084553,0,0.3
Sun Jul 26 16:49:46 UTC 2026,1785084586,0,0.39
Sun Jul 26 16:52:14 UTC 2026,1785084734,0,0.22
Sun Jul 26 16:52:28 UTC 2026,1785084748,0,0.29
Sun Jul 26 16:53:55 UTC 2026,1785084835,0,0.39
Sun Jul 26 16:54:22 UTC 2026,1785084862,0,0.3
Sun Jul 26 16:54:58 UTC 2026,1785084898,0,0.44
Sun Jul 26 16:56:06 UTC 2026,1785084966,0,0.38
Sun Jul 26 16:56:37 UTC 2026,1785084997,0,0.28
Sun Jul 26 16:57:24 UTC 2026,1785085044,0,0.22
Sun Jul 26 16:57:28 UTC 2026,1785085048,0,0.33
Sun Jul 26 16:59:08 UTC 2026,1785085148,0,0.25
Sun Jul 26 17:00:29 UTC 2026,1785085229,0,0.37
Sun Jul 26 17:00:57 UTC 2026,1785085257,0,0.33
Sun Jul 26 17:01:37 UTC 2026,1785085297,0,0.16
Sun Jul 26 17:02:54 UTC 2026,1785085374,0,0.29
Sun Jul 26 17:03:35 UTC 2026,1785085415,0,0.2
Sun Jul 26 17:04:25 UTC 2026,1785085465,0,0.29
Sun Jul 26 17:05:15 UTC 2026,1785085515,0,0.07
Sun Jul 26 17:05:33 UTC 2026,1785085533,0,0.08
Sun Jul 26 17:06:55 UTC 2026,1785085615,0,0.3
Sun Jul 26 17:07:13 UTC 2026,1785085633,0,0.22
Sun Jul 26 17:08:44 UTC 2026,1785085724,0,0.35
Sun Jul 26 17:09:19 UTC 2026,1785085759,0,0.34
Sun Jul 26 17:10:10 UTC 2026,1785085810,0,0.24
Sun Jul 26 17:10:59 UTC 2026,1785085859,0,0.38
Sun Jul 26 17:11:45 UTC 2026,1785085905,0,0.26
Sun Jul 26 17:12:25 UTC 2026,1785085945,0,0.28
Sun Jul 26 17:13:39 UTC 2026,1785086019,0,0.11
Sun Jul 26 17:15:13 UTC 2026,1785086113,0,0.27
Sun Jul 26 17:15:54 UTC 2026,1785086154,0,0.31
Sun Jul 26 17:16:25 UTC 2026,1785086185,0,0.15
Sun Jul 26 17:17:56 UTC 2026,1785086276,0,0.34
Sun Jul 26 17:18:23 UTC 2026,1785086303,0,0.21
Sun Jul 26 17:19:58 UTC 2026,1785086398,0,0.38
Sun Jul 26 17:20:03 UTC 2026,1785086403,0,0.25
Sun Jul 26 17:21:16 UTC 2026,1785086476,0,0.36
Sun Jul 26 17:22:05 UTC 2026,1785086525,0,0.3
Sun Jul 26 17:22:18 UTC 2026,1785086538,0,0.4
Sun Jul 26 17:24:20 UTC 2026,1785086660,0,0.28
Sun Jul 26 17:24:30 UTC 2026,1785086670,0,0.39
Sun Jul 26 17:25:29 UTC 2026,1785086729,0,0.41
Sun Jul 26 17:26:19 UTC 2026,1785086779,0,0.32
Sun Jul 26 17:27:04 UTC 2026,1785086824,0,0.37
Sun Jul 26 17:28:16 UTC 2026,1785086896,0,0.24
Sun Jul 26 17:29:38 UTC 2026,1785086978,0,0.3
Sun Jul 26 17:29:51 UTC 2026,1785086991,0,0.37
Sun Jul 26 17:31:44 UTC 2026,1785087104,0,0.3
Sun Jul 26 17:32:25 UTC 2026,1785087145,0,0.33
Sun Jul 26 17:33:16 UTC 2026,1785087196,0,0.4
Sun Jul 26 17:34:28 UTC 2026,1785087268,0,0.3
Sun Jul 26 17:34:45 UTC 2026,1785087285,0,0.4
Sun Jul 26 17:36:03 UTC 2026,1785087363,0,0.32
Sun Jul 26 17:36:17 UTC 2026,1785087377,0,0.4
Sun Jul 26 17:38:10 UTC 2026,1785087490,0,0.32
Sun Jul 26 17:38:37 UTC 2026,1785087517,0,0.4
Sun Jul 26 17:39:14 UTC 2026,1785087554,0,0.32
Sun Jul 26 17:40:27 UTC 2026,1785087627,0,0.34
Sun Jul 26 17:40:41 UTC 2026,1785087641,0,0.42
Sun Jul 26 17:41:57 UTC 2026,1785087717,0,0.39
Sun Jul 26 17:42:56 UTC 2026,1785087776,0,0.31
Sun Jul 26 17:43:31 UTC 2026,1785087811,0,0.33
Sun Jul 26 17:44:58 UTC 2026,1785087898,0,0.41
Sun Jul 26 17:45:39 UTC 2026,1785087939,0,0.42
Sun Jul 26 17:46:15 UTC 2026,1785087975,0,0.27
Sun Jul 26 17:46:56 UTC 2026,1785088016,0,0.32
Sun Jul 26 17:47:05 UTC 2026,1785088025,0,0.43
Sun Jul 26 17:48:49 UTC 2026,1785088129,0,0.35
Sun Jul 26 17:48:59 UTC 2026,1785088139,0,0.41
Sun Jul 26 17:50:07 UTC 2026,1785088207,0,0.33
Sun Jul 26 17:50:47 UTC 2026,1785088247,0,0.41
Sun Jul 26 17:52:49 UTC 2026,1785088369,0,0.33
Sun Jul 26 17:53:35 UTC 2026,1785088415,0,0.42
Sun Jul 26 17:53:39 UTC 2026,1785088419,0,0.34
Sun Jul 26 17:55:10 UTC 2026,1785088510,0,0.32
Sun Jul 26 17:56:23 UTC 2026,1785088583,0,0.41
Sun Jul 26 17:56:54 UTC 2026,1785088614,0,0.44
Sun Jul 26 17:57:44 UTC 2026,1785088664,0,0.32
Sun Jul 26 17:58:25 UTC 2026,1785088705,0,0.31
Sun Jul 26 17:58:29 UTC 2026,1785088709,0,0.41
Sun Jul 26 18:00:26 UTC 2026,1785088826,0,0.33
Sun Jul 26 18:01:21 UTC 2026,1785088881,0,0.41
Sun Jul 26 18:01:48 UTC 2026,1785088908,0,0.32
Sun Jul 26 18:02:02 UTC 2026,1785088922,0,0.45
Sun Jul 26 18:03:19 UTC 2026,1785088999,0,0.41
Sun Jul 26 18:04:22 UTC 2026,1785089062,0,0.3
Sun Jul 26 18:05:22 UTC 2026,1785089122,0,0.43
Sun Jul 26 18:05:31 UTC 2026,1785089131,0,0.34
Sun Jul 26 18:06:38 UTC 2026,1785089198,0,0.37
Sun Jul 26 18:08:14 UTC 2026,1785089294,0,0.42
Sun Jul 26 18:08:32 UTC 2026,1785089312,0,0.43
Sun Jul 26 18:08:55 UTC 2026,1785089335,0,0.34
Sun Jul 26 18:11:01 UTC 2026,1785089461,0,0.36
Sun Jul 26 18:11:29 UTC 2026,1785089489,0,0.45
Sun Jul 26 18:11:33 UTC 2026,1785089493,0,0.42
Sun Jul 26 18:12:00 UTC 2026,1785089520,0,0.36
Sun Jul 26 18:13:58 UTC 2026,1785089638,0,0.35
Sun Jul 26 18:14:11 UTC 2026,1785089651,0,0.43
Sun Jul 26 18:15:07 UTC 2026,1785089707,0,0.37
Sun Jul 26 18:15:42 UTC 2026,1785089742,0,0.43
Sun Jul 26 18:16:55 UTC 2026,1785089815,0,0.32
Sun Jul 26 18:17:18 UTC 2026,1785089838,0,0.43
Sun Jul 26 18:18:11 UTC 2026,1785089891,0,0.45
Sun Jul 26 18:19:16 UTC 2026,1785089956,0,0.36
Sun Jul 26 18:20:51 UTC 2026,1785090051,0,0.32
Sun Jul 26 18:21:18 UTC 2026,1785090078,0,0.43
Sun Jul 26 18:21:59 UTC 2026,1785090119,0,0.44
Sun Jul 26 18:22:26 UTC 2026,1785090146,0,0.32
Sun Jul 26 18:23:11 UTC 2026,1785090191,0,0.43
Sun Jul 26 18:23:39 UTC 2026,1785090219,0,0.36
Sun Jul 26 18:25:04 UTC 2026,1785090304,0,0.37
Sun Jul 26 18:25:32 UTC 2026,1785090332,0,0.44
Sun Jul 26 18:26:58 UTC 2026,1785090418,0,0.47
Sun Jul 26 18:27:39 UTC 2026,1785090459,0,0.37
Sun Jul 26 18:28:37 UTC 2026,1785090517,0,0.42
Sun Jul 26 18:29:22 UTC 2026,1785090562,0,0.37
Sun Jul 26 18:29:45 UTC 2026,1785090585,0,0.43
Sun Jul 26 18:30:11 UTC 2026,1785090611,0,0.38
Sun Jul 26 18:32:19 UTC 2026,1785090739,0,0.44
Sun Jul 26 18:32:33 UTC 2026,1785090753,0,0.34
Sun Jul 26 18:34:22 UTC 2026,1785090862,0,0.43
Sun Jul 26 18:34:32 UTC 2026,1785090872,0,0.35
Sun Jul 26 18:35:13 UTC 2026,1785090913,0,0.36
Sun Jul 26 18:35:21 UTC 2026,1785090921,0,0.44
Sun Jul 26 18:37:05 UTC 2026,1785091025,0,0.43
Sun Jul 26 18:37:36 UTC 2026,1785091056,0,0.34
Sun Jul 26 18:38:18 UTC 2026,1785091098,0,0.33
Sun Jul 26 18:39:30 UTC 2026,1785091170,0,0.43
Sun Jul 26 18:40:33 UTC 2026,1785091233,0,0.28
Sun Jul 26 18:40:57 UTC 2026,1785091257,0,0.44
Sun Jul 26 18:41:50 UTC 2026,1785091310,0,0.47
Sun Jul 26 18:42:04 UTC 2026,1785091324,0,0.35
Sun Jul 26 18:42:59 UTC 2026,1785091379,0,0.46
Sun Jul 26 18:43:12 UTC 2026,1785091392,0,0.33
Sun Jul 26 18:44:38 UTC 2026,1785091478,0,0.47
Sun Jul 26 18:45:56 UTC 2026,1785091556,0,0.33
Sun Jul 26 18:46:41 UTC 2026,1785091601,0,0.44
Sun Jul 26 18:46:50 UTC 2026,1785091610,0,0.36
Sun Jul 26 18:48:15 UTC 2026,1785091695,0,0.35
Sun Jul 26 18:48:29 UTC 2026,1785091709,0,0.42
Sun Jul 26 18:49:42 UTC 2026,1785091782,0,0.44
Sun Jul 26 18:50:32 UTC 2026,1785091832,0,0.36
Sun Jul 26 18:52:03 UTC 2026,1785091923,0,0.45
Sun Jul 26 18:52:20 UTC 2026,1785091940,0,0.27
Sun Jul 26 18:53:43 UTC 2026,1785092023,0,0.35
Sun Jul 26 18:53:51 UTC 2026,1785092031,0,0.16
Sun Jul 26 18:55:27 UTC 2026,1785092127,0,0.34
Sun Jul 26 18:55:59 UTC 2026,1785092159,0,0.15
Sun Jul 26 18:56:07 UTC 2026,1785092167,0,0.12
Sun Jul 26 18:56:30 UTC 2026,1785092190,0,-0.15
Sun Jul 26 18:58:24 UTC 2026,1785092304,0,0.23
Sun Jul 26 18:58:47 UTC 2026,1785092327,0,0.05
Sun Jul 26 18:59:45 UTC 2026,1785092385,0,0.1
Sun Jul 26 19:01:02 UTC 2026,1785092462,0,0.25
Sun Jul 26 19:01:06 UTC 2026,1785092466,0,0.16
Sun Jul 26 19:02:01 UTC 2026,1785092521,0,0.38
Sun Jul 26 19:02:46 UTC 2026,1785092566,0,0.35
Sun Jul 26 19:03:45 UTC 2026,1785092625,0,0.19
Sun Jul 26 19:04:31 UTC 2026,1785092671,0,0.15
Sun Jul 26 19:05:38 UTC 2026,1785092738,0,0.37
Sun Jul 26 19:06:05 UTC 2026,1785092765,0,0.26
Sun Jul 26 19:06:29 UTC 2026,1785092789,0,0.4
Sun Jul 26 19:08:48 UTC 2026,1785092928,0,0.41
Sun Jul 26 19:09:07 UTC 2026,1785092947,0,0.26
Sun Jul 26 19:10:06 UTC 2026,1785093006,0,0.39
Sun Jul 26 19:10:47 UTC 2026,1785093047,0,0.23
Sun Jul 26 19:11:28 UTC 2026,1785093088,0,0.22
Sun Jul 26 19:11:45 UTC 2026,1785093105,0,0.35
Sun Jul 26 19:12:36 UTC 2026,1785093156,0,0.29
Sun Jul 26 19:13:43 UTC 2026,1785093223,0,0.45
Sun Jul 26 19:14:20 UTC 2026,1785093260,0,0.32
Sun Jul 26 19:15:41 UTC 2026,1785093341,0,0.44
Sun Jul 26 19:16:22 UTC 2026,1785093382,0,0.47
Sun Jul 26 19:16:40 UTC 2026,1785093400,0,0.3
Sun Jul 26 19:17:44 UTC 2026,1785093464,0,0.43
Sun Jul 26 19:18:25 UTC 2026,1785093505,0,0.37
Sun Jul 26 19:19:14 UTC 2026,1785093554,0,0.42
Sun Jul 26 19:19:41 UTC 2026,1785093581,0,0.32
Sun Jul 26 19:20:59 UTC 2026,1785093659,0,0.42
Sun Jul 26 19:21:13 UTC 2026,1785093673,0,0.36
Sun Jul 26 19:23:10 UTC 2026,1785093790,0,0.34
Sun Jul 26 19:23:23 UTC 2026,1785093803,0,0.43
Sun Jul 26 19:24:09 UTC 2026,1785093849,0,0.37
Sun Jul 26 19:24:36 UTC 2026,1785093876,0,0.45
Sun Jul 26 19:25:58 UTC 2026,1785093958,0,0.43
Sun Jul 26 19:26:30 UTC 2026,1785093990,0,0.35
Sun Jul 26 19:28:41 UTC 2026,1785094121,0,0.44
Sun Jul 26 19:28:50 UTC 2026,1785094130,0,0.35
Sun Jul 26 19:29:12 UTC 2026,1785094152,0,0.42
Sun Jul 26 19:30:02 UTC 2026,1785094202,0,0.33
Sun Jul 26 19:30:56 UTC 2026,1785094256,0,0.36
Sun Jul 26 19:31:37 UTC 2026,1785094297,0,0.44
Sun Jul 26 19:32:27 UTC 2026,1785094347,0,0.38
Sun Jul 26 19:33:27 UTC 2026,1785094407,0,0.44
Sun Jul 26 19:34:21 UTC 2026,1785094461,0,0.45
Sun Jul 26 19:34:52 UTC 2026,1785094492,0,0.3
Sun Jul 26 19:35:46 UTC 2026,1785094546,0,0.43
Sun Jul 26 19:36:09 UTC 2026,1785094569,0,0.35
Sun Jul 26 19:37:30 UTC 2026,1785094650,0,0.36
Sun Jul 26 19:38:57 UTC 2026,1785094737,0,0.42
Sun Jul 26 19:39:51 UTC 2026,1785094791,0,0.46
Sun Jul 26 19:40:24 UTC 2026,1785094824,0,0.36
Sun Jul 26 19:41:45 UTC 2026,1785094905,0,0.45
Sun Jul 26 19:41:49 UTC 2026,1785094909,0,0.35
Sun Jul 26 19:42:30 UTC 2026,1785094950,0,0.46
Sun Jul 26 19:43:15 UTC 2026,1785094995,0,0.36
Sun Jul 26 19:44:05 UTC 2026,1785095045,0,0.45
Sun Jul 26 19:44:41 UTC 2026,1785095081,0,0.34
Sun Jul 26 19:45:44 UTC 2026,1785095144,0,0.45
Sun Jul 26 19:46:35 UTC 2026,1785095195,0,0.37
Sun Jul 26 19:47:29 UTC 2026,1785095249,0,0.43
Sun Jul 26 19:48:36 UTC 2026,1785095316,0,0.37
Sun Jul 26 19:49:36 UTC 2026,1785095376,0,0.43
Sun Jul 26 19:51:20 UTC 2026,1785095480,0,0.44
Sun Jul 26 19:51:24 UTC 2026,1785095484,0,0.37
Sun Jul 26 19:53:05 UTC 2026,1785095585,0,0.31
Sun Jul 26 19:53:45 UTC 2026,1785095625,0,0.44
Sun Jul 26 19:54:34 UTC 2026,1785095674,0,0.34
Sun Jul 26 19:54:58 UTC 2026,1785095698,0,0.46
Sun Jul 26 19:55:44 UTC 2026,1785095744,0,0.48
Sun Jul 26 19:56:01 UTC 2026,1785095761,0,0.35
Sun Jul 26 19:57:46 UTC 2026,1785095866,0,0.37
Sun Jul 26 19:58:35 UTC 2026,1785095915,0,0.48
Sun Jul 26 19:59:39 UTC 2026,1785095979,0,0.33
Sun Jul 26 20:01:04 UTC 2026,1785096064,0,0.45
Sun Jul 26 20:01:59 UTC 2026,1785096119,0,0.32
Sun Jul 26 20:02:08 UTC 2026,1785096128,0,0.38
Sun Jul 26 20:02:40 UTC 2026,1785096160,0,0.44
Sun Jul 26 20:04:39 UTC 2026,1785096279,0,0.39
Sun Jul 26 20:04:56 UTC 2026,1785096296,0,0.44
Sun Jul 26 20:06:22 UTC 2026,1785096382,0,0.45
Sun Jul 26 20:06:46 UTC 2026,1785096406,0,0.38
Sun Jul 26 20:07:48 UTC 2026,1785096468,0,0.46
Sun Jul 26 20:08:01 UTC 2026,1785096481,0,0.38
Sun Jul 26 20:08:42 UTC 2026,1785096522,0,0.46
Sun Jul 26 20:09:09 UTC 2026,1785096549,0,0.38
Sun Jul 26 20:10:27 UTC 2026,1785096627,0,0.48
Sun Jul 26 20:11:03 UTC 2026,1785096663,0,0.3
Sun Jul 26 20:12:10 UTC 2026,1785096730,0,0.47
Sun Jul 26 20:13:28 UTC 2026,1785096808,0,0.34
Sun Jul 26 20:13:46 UTC 2026,1785096826,0,0.44
Sun Jul 26 20:14:58 UTC 2026,1785096898,0,0.37
Sun Jul 26 20:16:06 UTC 2026,1785096966,0,0.46
Sun Jul 26 20:17:24 UTC 2026,1785097044,0,0.37
Sun Jul 26 20:19:44 UTC 2026,1785097184,0,0.45
Sun Jul 26 20:20:16 UTC 2026,1785097216,0,0.38
Sun Jul 26 20:20:43 UTC 2026,1785097243,0,0.45
Sun Jul 26 20:22:15 UTC 2026,1785097335,0,0.33
Sun Jul 26 20:22:19 UTC 2026,1785097339,0,0.44
Sun Jul 26 20:23:40 UTC 2026,1785097420,0,0.36
Sun Jul 26 20:24:25 UTC 2026,1785097465,0,0.45
Sun Jul 26 20:25:51 UTC 2026,1785097551,0,0.44
Sun Jul 26 20:26:28 UTC 2026,1785097588,0,0.36
Sun Jul 26 20:27:13 UTC 2026,1785097633,0,0.38
Sun Jul 26 20:28:17 UTC 2026,1785097697,0,0.48
Sun Jul 26 20:28:58 UTC 2026,1785097738,0,0.45
Sun Jul 26 20:29:15 UTC 2026,1785097755,0,0.31
Sun Jul 26 20:31:27 UTC 2026,1785097887,0,0.49
Sun Jul 26 20:31:46 UTC 2026,1785097906,0,0.33
Sun Jul 26 20:32:12 UTC 2026,1785097932,0,0.47
Sun Jul 26 20:33:16 UTC 2026,1785097996,0,0.34
Sun Jul 26 20:33:34 UTC 2026,1785098014,0,0.47
Sun Jul 26 20:35:00 UTC 2026,1785098100,0,0.3
Sun Jul 26 20:35:28 UTC 2026,1785098128,0,0.36
Sun Jul 26 20:36:40 UTC 2026,1785098200,0,0.3
Sun Jul 26 20:36:49 UTC 2026,1785098209,0,0.35
Sun Jul 26 20:38:11 UTC 2026,1785098291,0,0.19
Sun Jul 26 20:38:33 UTC 2026,1785098313,0,0.25
Sun Jul 26 20:39:50 UTC 2026,1785098390,0,0.06
Sun Jul 26 20:40:08 UTC 2026,1785098408,0,0.04
Sun Jul 26 20:40:21 UTC 2026,1785098421,0,0.16
Sun Jul 26 20:42:29 UTC 2026,1785098549,0,0.11
Sun Jul 26 20:43:15 UTC 2026,1785098595,0,-0.1
Sun Jul 26 20:43:23 UTC 2026,1785098603,0,-0.04
Sun Jul 26 20:44:54 UTC 2026,1785098694,0,-0.21
Sun Jul 26 20:45:03 UTC 2026,1785098703,0,-0.17
Sun Jul 26 20:46:17 UTC 2026,1785098777,0,-0.48
Sun Jul 26 20:46:57 UTC 2026,1785098817,0,-0.43
Sun Jul 26 20:48:08 UTC 2026,1785098888,0,-0.55
Sun Jul 26 20:48:32 UTC 2026,1785098912,0,-0.57
Sun Jul 26 20:49:45 UTC 2026,1785098985,0,-0.39
Sun Jul 26 20:49:58 UTC 2026,1785098998,0,-0.3
Sun Jul 26 20:51:11 UTC 2026,1785099071,0,-0.5
Sun Jul 26 20:52:04 UTC 2026,1785099124,0,-0.37
Sun Jul 26 20:53:14 UTC 2026,1785099194,0,-0.58
Sun Jul 26 20:53:35 UTC 2026,1785099215,0,-0.67
Sun Jul 26 20:54:48 UTC 2026,1785099288,0,-0.34
Sun Jul 26 20:55:19 UTC 2026,1785099319,0,-0.45
Sun Jul 26 20:56:31 UTC 2026,1785099391,0,-0.12
Sun Jul 26 20:56:41 UTC 2026,1785099401,0,-0.17
Sun Jul 26 20:57:03 UTC 2026,1785099423,0,-0.04
Sun Jul 26 20:59:15 UTC 2026,1785099555,0,-0.14
Sun Jul 26 20:59:29 UTC 2026,1785099569,0,0.01
Sun Jul 26 20:59:55 UTC 2026,1785099595,0,0.0
Sun Jul 26 21:01:26 UTC 2026,1785099686,0,0.2
Sun Jul 26 21:01:36 UTC 2026,1785099696,0,0.22
Sun Jul 26 21:02:47 UTC 2026,1785099767,0,0.07
Sun Jul 26 21:03:15 UTC 2026,1785099795,0,0.12
Sun Jul 26 21:03:42 UTC 2026,1785099822,0,0.25
Sun Jul 26 21:05:22 UTC 2026,1785099922,0,0.11
Sun Jul 26 21:05:59 UTC 2026,1785099959,0,0.29
Sun Jul 26 21:06:30 UTC 2026,1785099990,0,0.3
Sun Jul 26 21:07:37 UTC 2026,1785100057,0,0.21
Sun Jul 26 21:08:14 UTC 2026,1785100094,0,0.29
Sun Jul 26 21:09:00 UTC 2026,1785100140,0,0.22
Sun Jul 26 21:09:50 UTC 2026,1785100190,0,0.26
Sun Jul 26 21:09:59 UTC 2026,1785100199,0,0.16
Sun Jul 26 21:11:25 UTC 2026,1785100285,0,0.19
Sun Jul 26 21:12:43 UTC 2026,1785100363,0,0.08
Sun Jul 26 21:13:32 UTC 2026,1785100412,0,0.14
Sun Jul 26 21:14:13 UTC 2026,1785100453,0,0.01
Sun Jul 26 21:14:49 UTC 2026,1785100489,0,0.15
Sun Jul 26 21:15:25 UTC 2026,1785100525,0,0.07
Sun Jul 26 21:17:23 UTC 2026,1785100643,0,0.16
Sun Jul 26 21:18:03 UTC 2026,1785100683,0,0.09
Sun Jul 26 21:18:27 UTC 2026,1785100707,0,0.18
Sun Jul 26 21:20:10 UTC 2026,1785100810,0,0.1
Sun Jul 26 21:20:47 UTC 2026,1785100847,0,0.24
Sun Jul 26 21:21:24 UTC 2026,1785100884,0,0.19
Sun Jul 26 21:22:22 UTC 2026,1785100942,0,0.3
Sun Jul 26 21:23:39 UTC 2026,1785101019,0,0.24
Sun Jul 26 21:24:15 UTC 2026,1785101055,0,0.37
Sun Jul 26 21:25:33 UTC 2026,1785101133,0,0.35
Sun Jul 26 21:25:55 UTC 2026,1785101155,0,0.44
Sun Jul 26 21:26:21 UTC 2026,1785101181,0,0.35
Sun Jul 26 21:26:31 UTC 2026,1785101191,0,0.42
Sun Jul 26 21:28:39 UTC 2026,1785101319,0,0.34
Sun Jul 26 21:29:09 UTC 2026,1785101349,0,0.43
Sun Jul 26 21:30:58 UTC 2026,1785101458,0,0.44
Sun Jul 26 21:31:11 UTC 2026,1785101471,0,0.34
Sun Jul 26 21:31:53 UTC 2026,1785101513,0,0.43
Sun Jul 26 21:32:21 UTC 2026,1785101541,0,0.33
Sun Jul 26 21:33:55 UTC 2026,1785101635,0,0.43
Sun Jul 26 21:34:27 UTC 2026,1785101667,0,0.32
Sun Jul 26 21:34:46 UTC 2026,1785101686,0,0.44
Sun Jul 26 21:35:53 UTC 2026,1785101753,0,0.35
Sun Jul 26 21:36:17 UTC 2026,1785101777,0,0.46
Sun Jul 26 21:37:06 UTC 2026,1785101826,0,0.34
Sun Jul 26 21:38:18 UTC 2026,1785101898,0,0.43
Sun Jul 26 21:39:13 UTC 2026,1785101953,0,0.33
Sun Jul 26 21:39:27 UTC 2026,1785101967,0,0.46
Sun Jul 26 21:40:15 UTC 2026,1785102015,0,0.35
Sun Jul 26 21:41:37 UTC 2026,1785102097,0,0.33
Sun Jul 26 21:42:04 UTC 2026,1785102124,0,0.46
Sun Jul 26 21:43:23 UTC 2026,1785102203,0,0.33
Sun Jul 26 21:44:04 UTC 2026,1785102244,0,0.44
Sun Jul 26 21:45:25 UTC 2026,1785102325,0,0.33
Sun Jul 26 21:45:46 UTC 2026,1785102346,0,0.47
Sun Jul 26 21:46:37 UTC 2026,1785102397,0,0.31
Sun Jul 26 21:47:09 UTC 2026,1785102429,0,0.44
Sun Jul 26 21:48:40 UTC 2026,1785102520,0,0.41
Sun Jul 26 21:49:11 UTC 2026,1785102551,0,0.29
Sun Jul 26 21:49:21 UTC 2026,1785102561,0,0.3
Sun Jul 26 21:50:10 UTC 2026,1785102610,0,0.4
Sun Jul 26 21:51:09 UTC 2026,1785102669,0,0.31
Sun Jul 26 21:51:32 UTC 2026,1785102692,0,0.44
Sun Jul 26 21:53:16 UTC 2026,1785102796,0,0.45
Sun Jul 26 21:53:43 UTC 2026,1785102823,0,0.3
Sun Jul 26 21:54:28 UTC 2026,1785102868,0,0.43
Sun Jul 26 21:55:27 UTC 2026,1785102927,0,0.36
Sun Jul 26 21:56:35 UTC 2026,1785102995,0,0.33
Sun Jul 26 21:57:12 UTC 2026,1785103032,0,0.43
Sun Jul 26 21:58:14 UTC 2026,1785103094,0,0.32
Sun Jul 26 21:58:42 UTC 2026,1785103122,0,0.42
Sun Jul 26 21:59:19 UTC 2026,1785103159,0,0.31
Sun Jul 26 21:59:27 UTC 2026,1785103167,0,0.42
Sun Jul 26 22:01:02 UTC 2026,1785103262,0,0.44
Sun Jul 26 22:02:06 UTC 2026,1785103326,0,0.29
Sun Jul 26 22:02:52 UTC 2026,1785103372,0,0.44
Sun Jul 26 22:03:09 UTC 2026,1785103389,0,0.31
Sun Jul 26 22:04:30 UTC 2026,1785103470,0,0.38
Sun Jul 26 22:04:54 UTC 2026,1785103494,0,0.32
Sun Jul 26 22:04:58 UTC 2026,1785103498,0,0.36
Sun Jul 26 22:05:21 UTC 2026,1785103521,0,0.29
Sun Jul 26 22:05:39 UTC 2026,1785103539,0,0.36
Sun Jul 26 22:06:02 UTC 2026,1785103562,0,0.29
Sun Jul 26 22:06:16 UTC 2026,1785103576,0,0.37
Sun Jul 26 22:07:42 UTC 2026,1785103662,0,0.38
Sun Jul 26 22:08:32 UTC 2026,1785103712,0,0.29
Sun Jul 26 22:09:40 UTC 2026,1785103780,0,0.23
Sun Jul 26 22:09:48 UTC 2026,1785103788,0,0.36
Sun Jul 26 22:11:42 UTC 2026,1785103902,0,0.3
Sun Jul 26 22:12:22 UTC 2026,1785103942,0,0.19
Sun Jul 26 22:12:32 UTC 2026,1785103952,0,0.23
Sun Jul 26 22:14:02 UTC 2026,1785104042,0,0.05
Sun Jul 26 22:14:11 UTC 2026,1785104051,0,0.04
Sun Jul 26 22:15:02 UTC 2026,1785104102,0,0.22
Sun Jul 26 22:16:17 UTC 2026,1785104177,0,0.23
Sun Jul 26 22:16:37 UTC 2026,1785104197,0,0.11
Sun Jul 26 22:17:50 UTC 2026,1785104270,0,0.26
Sun Jul 26 22:19:01 UTC 2026,1785104341,0,0.1
Sun Jul 26 22:20:13 UTC 2026,1785104413,0,0.26
Sun Jul 26 22:20:18 UTC 2026,1785104418,0,0.05
Sun Jul 26 22:20:50 UTC 2026,1785104450,0,0.23
Sun Jul 26 22:22:16 UTC 2026,1785104536,0,0.04
Sun Jul 26 22:22:53 UTC 2026,1785104573,0,0.15
Sun Jul 26 22:23:38 UTC 2026,1785104618,0,-0.07
Sun Jul 26 22:24:50 UTC 2026,1785104690,0,0.02
Sun Jul 26 22:24:59 UTC 2026,1785104699,0,-0.11
Sun Jul 26 22:26:16 UTC 2026,1785104776,0,-0.17
Sun Jul 26 22:27:15 UTC 2026,1785104835,0,0.04
Sun Jul 26 22:27:24 UTC 2026,1785104844,0,-0.03
Sun Jul 26 22:28:00 UTC 2026,1785104880,0,0.09
Sun Jul 26 22:29:31 UTC 2026,1785104971,0,0.08
Sun Jul 26 22:29:58 UTC 2026,1785104998,0,-0.04
Sun Jul 26 22:32:14 UTC 2026,1785105134,0,0.07
Sun Jul 26 22:33:00 UTC 2026,1785105180,0,0.15
Sun Jul 26 22:33:36 UTC 2026,1785105216,0,-0.01
Sun Jul 26 22:34:31 UTC 2026,1785105271,0,0.19
Sun Jul 26 22:35:01 UTC 2026,1785105301,0,0.06
Sun Jul 26 22:35:34 UTC 2026,1785105334,0,0.19
Sun Jul 26 22:37:09 UTC 2026,1785105429,0,-0.01
Sun Jul 26 22:37:28 UTC 2026,1785105448,0,0.07
Sun Jul 26 22:38:22 UTC 2026,1785105502,0,-0.16
Sun Jul 26 22:39:06 UTC 2026,1785105546,0,-0.12
Sun Jul 26 22:39:47 UTC 2026,1785105587,0,-0.29
Sun Jul 26 22:41:28 UTC 2026,1785105688,0,-0.14
Sun Jul 26 22:42:26 UTC 2026,1785105746,0,-0.22
Sun Jul 26 22:43:02 UTC 2026,1785105782,0,-0.32
Sun Jul 26 22:44:06 UTC 2026,1785105846,0,-0.25
Sun Jul 26 22:45:06 UTC 2026,1785105906,0,-0.4
Sun Jul 26 22:45:27 UTC 2026,1785105927,0,-0.32
Sun Jul 26 22:46:08 UTC 2026,1785105968,0,-0.14
Sun Jul 26 22:47:25 UTC 2026,1785106045,0,-0.17
Sun Jul 26 22:48:24 UTC 2026,1785106104,0,-0.27
Sun Jul 26 22:48:52 UTC 2026,1785106132,0,-0.2
Sun Jul 26 22:50:04 UTC 2026,1785106204,0,-0.4
Sun Jul 26 22:51:08 UTC 2026,1785106268,0,-0.39
Sun Jul 26 22:52:02 UTC 2026,1785106322,0,-0.23
Sun Jul 26 22:52:34 UTC 2026,1785106354,0,-0.29
Sun Jul 26 22:53:38 UTC 2026,1785106418,0,-0.12
Sun Jul 26 22:53:52 UTC 2026,1785106432,0,-0.14
Sun Jul 26 22:55:07 UTC 2026,1785106507,0,0.01
Sun Jul 26 22:55:34 UTC 2026,1785106534,0,-0.1
Sun Jul 26 22:56:07 UTC 2026,1785106567,0,0.03
Sun Jul 26 22:57:01 UTC 2026,1785106621,0,-0.05
Sun Jul 26 22:58:36 UTC 2026,1785106716,0,0.14
Sun Jul 26 22:58:55 UTC 2026,1785106735,0,0.05
Sun Jul 26 22:59:36 UTC 2026,1785106776,0,0.15
Sun Jul 26 23:01:24 UTC 2026,1785106884,0,0.24
Sun Jul 26 23:01:47 UTC 2026,1785106907,0,0.11
Sun Jul 26 23:03:22 UTC 2026,1785107002,0,0.26
Sun Jul 26 23:03:36 UTC 2026,1785107016,0,0.25
Sun Jul 26 23:04:58 UTC 2026,1785107098,0,0.13
Sun Jul 26 23:05:39 UTC 2026,1785107139,0,0.16
Sun Jul 26 23:06:28 UTC 2026,1785107188,0,0.24
Sun Jul 26 23:07:13 UTC 2026,1785107233,0,0.31
Sun Jul 26 23:08:07 UTC 2026,1785107287,0,0.1
Sun Jul 26 23:08:53 UTC 2026,1785107333,0,0.11
Sun Jul 26 23:09:42 UTC 2026,1785107382,0,0.27
Sun Jul 26 23:10:19 UTC 2026,1785107419,0,0.17
Sun Jul 26 23:11:13 UTC 2026,1785107473,0,0.31
Sun Jul 26 23:12:03 UTC 2026,1785107523,0,0.12
Sun Jul 26 23:12:53 UTC 2026,1785107573,0,0.31
Sun Jul 26 23:14:01 UTC 2026,1785107641,0,0.3
Sun Jul 26 23:14:24 UTC 2026,1785107664,0,0.22
Sun Jul 26 23:15:32 UTC 2026,1785107732,0,0.25
Sun Jul 26 23:16:26 UTC 2026,1785107786,0,0.33
Sun Jul 26 23:17:03 UTC 2026,1785107823,0,0.25
Sun Jul 26 23:18:11 UTC 2026,1785107891,0,0.35
Sun Jul 26 23:19:09 UTC 2026,1785107949,0,0.37
Sun Jul 26 23:19:33 UTC 2026,1785107973,0,0.26
Sun Jul 26 23:20:18 UTC 2026,1785108018,0,0.32
Sun Jul 26 23:21:08 UTC 2026,1785108068,0,0.42
Sun Jul 26 23:22:06 UTC 2026,1785108126,0,0.4
Sun Jul 26 23:22:46 UTC 2026,1785108166,0,0.33
Sun Jul 26 23:23:28 UTC 2026,1785108208,0,0.4
Sun Jul 26 23:23:55 UTC 2026,1785108235,0,0.33
Sun Jul 26 23:25:25 UTC 2026,1785108325,0,0.29
Sun Jul 26 23:25:38 UTC 2026,1785108338,0,0.37
Sun Jul 26 23:27:19 UTC 2026,1785108439,0,0.26
Sun Jul 26 23:28:00 UTC 2026,1785108480,0,0.39
Sun Jul 26 23:29:13 UTC 2026,1785108553,0,0.36
Sun Jul 26 23:29:34 UTC 2026,1785108574,0,0.21
Sun Jul 26 23:30:38 UTC 2026,1785108638,0,0.2
Sun Jul 26 23:30:57 UTC 2026,1785108657,0,0.32
Sun Jul 26 23:31:42 UTC 2026,1785108702,0,0.23
Sun Jul 26 23:32:42 UTC 2026,1785108762,0,0.33
Sun Jul 26 23:33:22 UTC 2026,1785108802,0,0.21
Sun Jul 26 23:33:53 UTC 2026,1785108833,0,0.33
Sun Jul 26 23:35:29 UTC 2026,1785108929,0,0.23
Sun Jul 26 23:36:23 UTC 2026,1785108983,0,0.34
Sun Jul 26 23:36:37 UTC 2026,1785108997,0,0.25
Sun Jul 26 23:38:02 UTC 2026,1785109082,0,0.37
Sun Jul 26 23:39:11 UTC 2026,1785109151,0,0.26
Sun Jul 26 23:39:29 UTC 2026,1785109169,0,0.36
Sun Jul 26 23:40:46 UTC 2026,1785109246,0,0.34
Sun Jul 26 23:41:18 UTC 2026,1785109278,0,0.24
Sun Jul 26 23:41:41 UTC 2026,1785109301,0,0.31
Sun Jul 26 23:42:02 UTC 2026,1785109322,0,0.23
Sun Jul 26 23:43:38 UTC 2026,1785109418,0,0.35
Sun Jul 26 23:44:50 UTC 2026,1785109490,0,0.23
Sun Jul 26 23:44:55 UTC 2026,1785109495,0,0.25
Sun Jul 26 23:46:26 UTC 2026,1785109586,0,0.15
Sun Jul 26 23:46:30 UTC 2026,1785109590,0,0.23
Sun Jul 26 23:47:47 UTC 2026,1785109667,0,0.13
Sun Jul 26 23:48:19 UTC 2026,1785109699,0,0.25
Sun Jul 26 23:48:28 UTC 2026,1785109708,0,0.15
Sun Jul 26 23:49:49 UTC 2026,1785109789,0,0.24
Sun Jul 26 23:50:13 UTC 2026,1785109813,0,0.15
Sun Jul 26 23:51:30 UTC 2026,1785109890,0,0.22
Sun Jul 26 23:53:05 UTC 2026,1785109985,0,0.13
Sun Jul 26 23:53:45 UTC 2026,1785110025,0,0.11
Sun Jul 26 23:54:40 UTC 2026,1785110080,0,0.21
Sun Jul 26 23:56:20 UTC 2026,1785110180,0,0.08
Sun Jul 26 23:56:24 UTC 2026,1785110184,0,0.1
Sun Jul 26 23:57:18 UTC 2026,1785110238,0,0.18
Sun Jul 26 23:59:08 UTC 2026,1785110348,0,0.21
Sun Jul 26 23:59:34 UTC 2026,1785110374,0,0.12
Sun Jul 26 23:59:48 UTC 2026,1785110388,0,0.13
Mon Jul 27 00:01:19 UTC 2026,1785110479,0,0.24
Mon Jul 27 00:01:27 UTC 2026,1785110487,0,0.21
Mon Jul 27 00:02:59 UTC 2026,1785110579,0,0.27
Mon Jul 27 00:03:13 UTC 2026,1785110593,0,0.21
Mon Jul 27 00:04:24 UTC 2026,1785110664,0,0.33
Mon Jul 27 00:04:43 UTC 2026,1785110683,0,0.27
Mon Jul 27 00:05:01 UTC 2026,1785110701,0,0.37
Mon Jul 27 00:07:22 UTC 2026,1785110842,0,0.26
Mon Jul 27 00:07:49 UTC 2026,1785110869,0,0.39
Mon Jul 27 00:08:38 UTC 2026,1785110918,0,0.29
Mon Jul 27 00:09:14 UTC 2026,1785110954,0,0.41
Mon Jul 27 00:09:38 UTC 2026,1785110978,0,0.26
Mon Jul 27 00:10:14 UTC 2026,1785111014,0,0.4
Mon Jul 27 00:11:45 UTC 2026,1785111105,0,0.28
Mon Jul 27 00:12:34 UTC 2026,1785111154,0,0.41
Mon Jul 27 00:12:57 UTC 2026,1785111177,0,0.28
Mon Jul 27 00:13:01 UTC 2026,1785111181,0,0.37
Mon Jul 27 00:15:00 UTC 2026,1785111300,0,0.29
Mon Jul 27 00:15:45 UTC 2026,1785111345,0,0.36
Mon Jul 27 00:16:15 UTC 2026,1785111375,0,0.37
Mon Jul 27 00:16:56 UTC 2026,1785111416,0,0.23
Mon Jul 27 00:18:28 UTC 2026,1785111508,0,0.41
Mon Jul 27 00:18:42 UTC 2026,1785111522,0,0.26
Mon Jul 27 00:19:40 UTC 2026,1785111580,0,0.41
Mon Jul 27 00:20:25 UTC 2026,1785111625,0,0.22
Mon Jul 27 00:21:47 UTC 2026,1785111707,0,0.19
Mon Jul 27 00:22:28 UTC 2026,1785111748,0,0.37
Mon Jul 27 00:22:55 UTC 2026,1785111775,0,0.36
Mon Jul 27 00:23:49 UTC 2026,1785111829,0,0.14
Mon Jul 27 00:24:58 UTC 2026,1785111898,0,0.26
Mon Jul 27 00:25:47 UTC 2026,1785111947,0,0.4
Mon Jul 27 00:27:04 UTC 2026,1785112024,0,0.49
Mon Jul 27 00:27:27 UTC 2026,1785112047,0,0.24
Mon Jul 27 00:27:45 UTC 2026,1785112065,0,0.27
Mon Jul 27 00:28:02 UTC 2026,1785112082,0,0.43
Mon Jul 27 00:29:29 UTC 2026,1785112169,0,0.28
Mon Jul 27 00:30:09 UTC 2026,1785112209,0,0.42
Mon Jul 27 00:31:13 UTC 2026,1785112273,0,0.38
Mon Jul 27 00:32:11 UTC 2026,1785112331,0,0.29
Mon Jul 27 00:32:44 UTC 2026,1785112364,0,0.47
Mon Jul 27 00:33:57 UTC 2026,1785112437,0,0.29
Mon Jul 27 00:34:46 UTC 2026,1785112486,0,0.32
Mon Jul 27 00:35:54 UTC 2026,1785112554,0,0.44
Mon Jul 27 00:36:26 UTC 2026,1785112586,0,0.32
Mon Jul 27 00:37:07 UTC 2026,1785112627,0,0.45
Mon Jul 27 00:37:43 UTC 2026,1785112663,0,0.35
Mon Jul 27 00:38:24 UTC 2026,1785112704,0,0.47
Mon Jul 27 00:39:23 UTC 2026,1785112763,0,0.35
Mon Jul 27 00:39:41 UTC 2026,1785112781,0,0.46
Mon Jul 27 00:41:12 UTC 2026,1785112872,0,0.45
Mon Jul 27 00:42:29 UTC 2026,1785112949,0,0.31
Mon Jul 27 00:43:46 UTC 2026,1785113026,0,0.43
Mon Jul 27 00:44:23 UTC 2026,1785113063,0,0.34
Mon Jul 27 00:45:17 UTC 2026,1785113117,0,0.45
Mon Jul 27 00:46:29 UTC 2026,1785113189,0,0.46
Mon Jul 27 00:46:53 UTC 2026,1785113213,0,0.35
Mon Jul 27 00:48:00 UTC 2026,1785113280,0,0.32
Mon Jul 27 00:49:08 UTC 2026,1785113348,0,0.43
Mon Jul 27 00:50:34 UTC 2026,1785113434,0,0.35
Mon Jul 27 00:50:52 UTC 2026,1785113452,0,0.44
Mon Jul 27 00:51:06 UTC 2026,1785113466,0,0.33
Mon Jul 27 00:52:33 UTC 2026,1785113553,0,0.44
Mon Jul 27 00:53:09 UTC 2026,1785113589,0,0.33
Mon Jul 27 00:54:52 UTC 2026,1785113692,0,0.45
Mon Jul 27 00:55:11 UTC 2026,1785113711,0,0.32
Mon Jul 27 00:56:42 UTC 2026,1785113802,0,0.43
Mon Jul 27 00:57:22 UTC 2026,1785113842,0,0.32
Mon Jul 27 00:58:17 UTC 2026,1785113897,0,0.41
Mon Jul 27 00:59:47 UTC 2026,1785113987,0,0.48
Mon Jul 27 01:00:28 UTC 2026,1785114028,0,0.25
Mon Jul 27 01:01:22 UTC 2026,1785114082,0,0.27
Mon Jul 27 01:01:41 UTC 2026,1785114101,0,0.46
Mon Jul 27 01:02:39 UTC 2026,1785114159,0,0.4
Mon Jul 27 01:03:57 UTC 2026,1785114237,0,0.31
Mon Jul 27 01:04:29 UTC 2026,1785114269,0,0.32
Mon Jul 27 01:05:14 UTC 2026,1785114314,0,0.4
Mon Jul 27 01:05:42 UTC 2026,1785114342,0,0.33
Mon Jul 27 01:06:45 UTC 2026,1785114405,0,0.46
Mon Jul 27 01:07:31 UTC 2026,1785114451,0,0.45
Mon Jul 27 01:08:06 UTC 2026,1785114486,0,0.34
Mon Jul 27 01:10:17 UTC 2026,1785114617,0,0.45
Mon Jul 27 01:10:49 UTC 2026,1785114649,0,0.32
Mon Jul 27 01:11:18 UTC 2026,1785114678,0,0.42
Mon Jul 27 01:12:43 UTC 2026,1785114763,0,0.48
Mon Jul 27 01:13:33 UTC 2026,1785114813,0,0.33
Mon Jul 27 01:14:27 UTC 2026,1785114867,0,0.32
Mon Jul 27 01:15:17 UTC 2026,1785114917,0,0.42
Mon Jul 27 01:16:21 UTC 2026,1785114981,0,0.41
Mon Jul 27 01:16:38 UTC 2026,1785114998,0,0.32
Mon Jul 27 01:17:42 UTC 2026,1785115062,0,0.4
Mon Jul 27 01:18:40 UTC 2026,1785115120,0,0.31
Mon Jul 27 01:19:05 UTC 2026,1785115145,0,0.25
Mon Jul 27 01:19:22 UTC 2026,1785115162,0,0.41
Mon Jul 27 01:21:11 UTC 2026,1785115271,0,0.31
Mon Jul 27 01:21:15 UTC 2026,1785115275,0,0.42
Mon Jul 27 01:23:09 UTC 2026,1785115389,0,0.4
Mon Jul 27 01:23:22 UTC 2026,1785115402,0,0.31
Mon Jul 27 01:24:30 UTC 2026,1785115470,0,0.29
Mon Jul 27 01:25:03 UTC 2026,1785115503,0,0.4
Mon Jul 27 01:25:38 UTC 2026,1785115538,0,0.32
Mon Jul 27 01:25:43 UTC 2026,1785115543,0,0.46
Mon Jul 27 01:27:10 UTC 2026,1785115630,0,0.32
Mon Jul 27 01:27:41 UTC 2026,1785115661,0,0.4
Mon Jul 27 01:29:02 UTC 2026,1785115742,0,0.42
Mon Jul 27 01:29:16 UTC 2026,1785115756,0,0.32
Mon Jul 27 01:30:29 UTC 2026,1785115829,0,0.31
Mon Jul 27 01:31:13 UTC 2026,1785115873,0,0.44
Mon Jul 27 01:32:21 UTC 2026,1785115941,0,0.4
Mon Jul 27 01:33:39 UTC 2026,1785116019,0,0.3
Mon Jul 27 01:34:20 UTC 2026,1785116060,0,0.43
Mon Jul 27 01:34:56 UTC 2026,1785116096,0,0.32
Mon Jul 27 01:35:29 UTC 2026,1785116129,0,0.39
Mon Jul 27 01:36:58 UTC 2026,1785116218,0,0.28
Mon Jul 27 01:37:07 UTC 2026,1785116227,0,0.32
Mon Jul 27 01:38:06 UTC 2026,1785116286,0,0.42
Mon Jul 27 01:39:10 UTC 2026,1785116350,0,0.31
Mon Jul 27 01:39:32 UTC 2026,1785116372,0,0.42
Mon Jul 27 01:41:12 UTC 2026,1785116472,0,0.33
Mon Jul 27 01:42:07 UTC 2026,1785116527,0,0.34
Mon Jul 27 01:42:34 UTC 2026,1785116554,0,0.4
Mon Jul 27 01:44:18 UTC 2026,1785116658,0,0.42
Mon Jul 27 01:44:22 UTC 2026,1785116662,0,0.32
Mon Jul 27 01:45:39 UTC 2026,1785116739,0,0.4
Mon Jul 27 01:46:16 UTC 2026,1785116776,0,0.3
Mon Jul 27 01:47:29 UTC 2026,1785116849,0,0.31
Mon Jul 27 01:48:04 UTC 2026,1785116884,0,0.42
Mon Jul 27 01:48:45 UTC 2026,1785116925,0,0.4
Mon Jul 27 01:49:22 UTC 2026,1785116962,0,0.3
Mon Jul 27 01:50:38 UTC 2026,1785117038,0,0.43
Mon Jul 27 01:51:56 UTC 2026,1785117116,0,0.4
Mon Jul 27 01:52:10 UTC 2026,1785117130,0,0.31
Mon Jul 27 01:53:59 UTC 2026,1785117239,0,0.4
Mon Jul 27 01:54:48 UTC 2026,1785117288,0,0.29
Mon Jul 27 01:55:38 UTC 2026,1785117338,0,0.41
Mon Jul 27 01:56:32 UTC 2026,1785117392,0,0.3
Mon Jul 27 01:57:09 UTC 2026,1785117429,0,0.4
Mon Jul 27 01:57:41 UTC 2026,1785117461,0,0.3
Mon Jul 27 01:59:37 UTC 2026,1785117577,0,0.42
Mon Jul 27 01:59:52 UTC 2026,1785117592,0,0.32
Mon Jul 27 02:00:59 UTC 2026,1785117659,0,0.27
Mon Jul 27 02:01:18 UTC 2026,1785117678,0,0.38
Mon Jul 27 02:02:08 UTC 2026,1785117728,0,0.4
Mon Jul 27 02:02:12 UTC 2026,1785117732,0,0.29
Mon Jul 27 02:04:47 UTC 2026,1785117887,0,0.38
Mon Jul 27 02:05:19 UTC 2026,1785117919,0,0.31
Mon Jul 27 02:05:28 UTC 2026,1785117928,0,0.4
Mon Jul 27 02:06:54 UTC 2026,1785118014,0,0.31
Mon Jul 27 02:07:25 UTC 2026,1785118045,0,0.4
Mon Jul 27 02:08:29 UTC 2026,1785118109,0,0.39
Mon Jul 27 02:08:33 UTC 2026,1785118113,0,0.31
Mon Jul 27 02:11:11 UTC 2026,1785118271,0,0.39
Mon Jul 27 02:12:57 UTC 2026,1785118377,0,0.24
Mon Jul 27 02:13:38 UTC 2026,1785118418,0,0.27
Mon Jul 27 02:14:04 UTC 2026,1785118444,0,0.39
Mon Jul 27 02:15:40 UTC 2026,1785118540,0,0.42
Mon Jul 27 02:16:11 UTC 2026,1785118571,0,0.28
Mon Jul 27 02:16:56 UTC 2026,1785118616,0,0.29
Mon Jul 27 02:17:41 UTC 2026,1785118661,0,0.38
Mon Jul 27 02:18:45 UTC 2026,1785118725,0,0.39
Mon Jul 27 02:19:13 UTC 2026,1785118753,0,0.25
Mon Jul 27 02:20:02 UTC 2026,1785118802,0,0.36
Mon Jul 27 02:20:20 UTC 2026,1785118820,0,0.28
Mon Jul 27 02:22:14 UTC 2026,1785118934,0,0.38
Mon Jul 27 02:22:55 UTC 2026,1785118975,0,0.25
Mon Jul 27 02:23:31 UTC 2026,1785119011,0,0.36
Mon Jul 27 02:23:45 UTC 2026,1785119025,0,0.27
Mon Jul 27 02:25:15 UTC 2026,1785119115,0,0.37
Mon Jul 27 02:26:33 UTC 2026,1785119193,0,0.36
Mon Jul 27 02:27:28 UTC 2026,1785119248,0,0.28
Mon Jul 27 02:28:40 UTC 2026,1785119320,0,0.36
Mon Jul 27 02:29:21 UTC 2026,1785119361,0,0.28
Mon Jul 27 02:29:56 UTC 2026,1785119396,0,0.36
Mon Jul 27 02:30:50 UTC 2026,1785119450,0,0.17
Mon Jul 27 02:31:41 UTC 2026,1785119501,0,0.25
Mon Jul 27 02:32:57 UTC 2026,1785119577,0,0.35
Mon Jul 27 02:34:19 UTC 2026,1785119659,0,0.26
Mon Jul 27 02:34:38 UTC 2026,1785119678,0,0.39
Mon Jul 27 02:35:05 UTC 2026,1785119705,0,0.26
Mon Jul 27 02:35:14 UTC 2026,1785119714,0,0.37
Mon Jul 27 02:36:32 UTC 2026,1785119792,0,0.34
Mon Jul 27 02:37:21 UTC 2026,1785119841,0,0.2
Mon Jul 27 02:38:47 UTC 2026,1785119927,0,0.36
Mon Jul 27 02:38:51 UTC 2026,1785119931,0,0.23
Mon Jul 27 02:40:00 UTC 2026,1785120000,0,0.2
Mon Jul 27 02:40:58 UTC 2026,1785120058,0,0.39
Mon Jul 27 02:42:15 UTC 2026,1785120135,0,0.36
Mon Jul 27 02:42:56 UTC 2026,1785120176,0,0.27
Mon Jul 27 02:43:13 UTC 2026,1785120193,0,0.25
Mon Jul 27 02:44:31 UTC 2026,1785120271,0,0.36
Mon Jul 27 02:44:44 UTC 2026,1785120284,0,0.35
Mon Jul 27 02:45:35 UTC 2026,1785120335,0,0.25
Mon Jul 27 02:46:52 UTC 2026,1785120412,0,0.27
Mon Jul 27 02:47:32 UTC 2026,1785120452,0,0.35
Mon Jul 27 02:48:00 UTC 2026,1785120480,0,0.34
Mon Jul 27 02:48:40 UTC 2026,1785120520,0,0.22
Mon Jul 27 02:49:44 UTC 2026,1785120584,0,0.21
Mon Jul 27 02:49:53 UTC 2026,1785120593,0,0.34
Mon Jul 27 02:51:33 UTC 2026,1785120693,0,0.42
Mon Jul 27 02:52:09 UTC 2026,1785120729,0,0.25
Mon Jul 27 02:53:03 UTC 2026,1785120783,0,0.2
Mon Jul 27 02:54:30 UTC 2026,1785120870,0,0.41
Mon Jul 27 02:55:25 UTC 2026,1785120925,0,0.01
Mon Jul 27 02:56:24 UTC 2026,1785120984,0,0.12
Mon Jul 27 02:56:38 UTC 2026,1785120998,0,0.33
Mon Jul 27 02:57:59 UTC 2026,1785121079,0,0.17
Mon Jul 27 02:58:16 UTC 2026,1785121096,0,0.35
Mon Jul 27 03:00:06 UTC 2026,1785121206,0,0.24
Mon Jul 27 03:00:32 UTC 2026,1785121232,0,0.34
Mon Jul 27 03:01:21 UTC 2026,1785121281,0,0.33
Mon Jul 27 03:02:16 UTC 2026,1785121336,0,0.24
Mon Jul 27 03:03:52 UTC 2026,1785121432,0,0.35
Mon Jul 27 03:04:09 UTC 2026,1785121449,0,0.23
Mon Jul 27 03:04:32 UTC 2026,1785121472,0,0.37
Mon Jul 27 03:05:30 UTC 2026,1785121530,0,0.25
Mon Jul 27 03:06:11 UTC 2026,1785121571,0,0.31
Mon Jul 27 03:06:57 UTC 2026,1785121617,0,0.18
Mon Jul 27 03:07:48 UTC 2026,1785121668,0,0.19
Mon Jul 27 03:09:05 UTC 2026,1785121745,0,0.33
Mon Jul 27 03:09:40 UTC 2026,1785121780,0,0.23
Mon Jul 27 03:10:03 UTC 2026,1785121803,0,0.32
Mon Jul 27 03:11:47 UTC 2026,1785121907,0,0.31
Mon Jul 27 03:12:33 UTC 2026,1785121953,0,0.22
Mon Jul 27 03:12:51 UTC 2026,1785121971,0,0.24
Mon Jul 27 03:14:03 UTC 2026,1785122043,0,0.31
Mon Jul 27 03:15:07 UTC 2026,1785122107,0,0.21
Mon Jul 27 03:16:02 UTC 2026,1785122162,0,0.3
Mon Jul 27 03:16:15 UTC 2026,1785122175,0,0.25
Mon Jul 27 03:16:37 UTC 2026,1785122197,0,0.33
Mon Jul 27 03:17:45 UTC 2026,1785122265,0,0.24
Mon Jul 27 03:18:22 UTC 2026,1785122302,0,0.32
Mon Jul 27 03:19:52 UTC 2026,1785122392,0,0.33
Mon Jul 27 03:20:05 UTC 2026,1785122405,0,0.23
Mon Jul 27 03:22:12 UTC 2026,1785122532,0,0.33
Mon Jul 27 03:22:18 UTC 2026,1785122538,0,0.22
Mon Jul 27 03:23:16 UTC 2026,1785122596,0,0.33
Mon Jul 27 03:24:55 UTC 2026,1785122695,0,0.16
Mon Jul 27 03:25:27 UTC 2026,1785122727,0,0.35
Mon Jul 27 03:26:08 UTC 2026,1785122768,0,0.21
Mon Jul 27 03:26:58 UTC 2026,1785122818,0,0.35
Mon Jul 27 03:28:10 UTC 2026,1785122890,0,0.33
Mon Jul 27 03:29:10 UTC 2026,1785122950,0,0.2
Mon Jul 27 03:29:23 UTC 2026,1785122963,0,0.33
Mon Jul 27 03:29:41 UTC 2026,1785122981,0,0.2
Mon Jul 27 03:32:11 UTC 2026,1785123131,0,0.22
Mon Jul 27 03:32:20 UTC 2026,1785123140,0,0.32
Mon Jul 27 03:32:33 UTC 2026,1785123153,0,0.22
Mon Jul 27 03:32:43 UTC 2026,1785123163,0,0.3
Mon Jul 27 03:34:14 UTC 2026,1785123254,0,0.22
Mon Jul 27 03:34:40 UTC 2026,1785123280,0,0.32
Mon Jul 27 03:36:42 UTC 2026,1785123402,0,0.23
Mon Jul 27 03:37:05 UTC 2026,1785123425,0,0.31
Mon Jul 27 03:37:42 UTC 2026,1785123462,0,0.21
Mon Jul 27 03:38:23 UTC 2026,1785123503,0,0.33
Mon Jul 27 03:39:57 UTC 2026,1785123597,0,0.19
Mon Jul 27 03:40:17 UTC 2026,1785123617,0,0.31
Mon Jul 27 03:41:24 UTC 2026,1785123684,0,0.23
Mon Jul 27 03:41:43 UTC 2026,1785123703,0,0.31
Mon Jul 27 03:42:46 UTC 2026,1785123766,0,0.3
Mon Jul 27 03:43:59 UTC 2026,1785123839,0,0.17
Mon Jul 27 03:44:07 UTC 2026,1785123847,0,0.23
Mon Jul 27 03:44:53 UTC 2026,1785123893,0,0.3
Mon Jul 27 03:46:01 UTC 2026,1785123961,0,0.32
Mon Jul 27 03:47:14 UTC 2026,1785124034,0,0.21
Mon Jul 27 03:48:16 UTC 2026,1785124096,0,0.22
Mon Jul 27 03:48:30 UTC 2026,1785124110,0,0.3
Mon Jul 27 03:50:10 UTC 2026,1785124210,0,0.31
Mon Jul 27 03:50:37 UTC 2026,1785124237,0,0.16
Mon Jul 27 03:50:47 UTC 2026,1785124247,0,0.31
Mon Jul 27 03:51:32 UTC 2026,1785124292,0,0.16
Mon Jul 27 03:53:03 UTC 2026,1785124383,0,0.11
Mon Jul 27 03:53:52 UTC 2026,1785124432,0,0.33
Mon Jul 27 03:54:15 UTC 2026,1785124455,0,0.32
Mon Jul 27 03:54:52 UTC 2026,1785124492,0,0.22
Mon Jul 27 03:55:59 UTC 2026,1785124559,0,0.19
Mon Jul 27 03:57:16 UTC 2026,1785124636,0,0.29
Mon Jul 27 03:58:29 UTC 2026,1785124709,0,0.2
Mon Jul 27 03:58:42 UTC 2026,1785124722,0,0.3
Mon Jul 27 03:59:05 UTC 2026,1785124745,0,0.21
Mon Jul 27 03:59:19 UTC 2026,1785124759,0,0.29
Mon Jul 27 04:01:26 UTC 2026,1785124886,0,0.17
Mon Jul 27 04:01:39 UTC 2026,1785124899,0,0.29
Mon Jul 27 04:02:16 UTC 2026,1785124936,0,0.2
Mon Jul 27 04:03:01 UTC 2026,1785124981,0,0.3
Mon Jul 27 04:03:55 UTC 2026,1785125035,0,0.31
Mon Jul 27 04:04:00 UTC 2026,1785125040,0,0.15
Mon Jul 27 04:05:35 UTC 2026,1785125135,0,0.31
Mon Jul 27 04:06:03 UTC 2026,1785125163,0,0.22
Mon Jul 27 04:07:37 UTC 2026,1785125257,0,0.18
Mon Jul 27 04:08:05 UTC 2026,1785125285,0,0.29
Mon Jul 27 04:09:45 UTC 2026,1785125385,0,0.14
Mon Jul 27 04:10:08 UTC 2026,1785125408,0,0.3
Mon Jul 27 04:11:47 UTC 2026,1785125507,0,0.28
Mon Jul 27 04:11:51 UTC 2026,1785125511,0,0.18
Mon Jul 27 04:12:23 UTC 2026,1785125543,0,0.31
Mon Jul 27 04:12:42 UTC 2026,1785125562,0,0.19
Mon Jul 27 04:15:02 UTC 2026,1785125702,0,0.3
Mon Jul 27 04:15:11 UTC 2026,1785125711,0,0.19
Mon Jul 27 04:16:38 UTC 2026,1785125798,0,0.31
Mon Jul 27 04:17:05 UTC 2026,1785125825,0,0.19
Mon Jul 27 04:17:18 UTC 2026,1785125838,0,0.27
Mon Jul 27 04:18:21 UTC 2026,1785125901,0,0.21
Mon Jul 27 04:18:48 UTC 2026,1785125928,0,0.26
Mon Jul 27 04:19:11 UTC 2026,1785125951,0,0.13
Mon Jul 27 04:20:24 UTC 2026,1785126024,0,0.15
Mon Jul 27 04:21:00 UTC 2026,1785126060,0,0.29
Mon Jul 27 04:23:24 UTC 2026,1785126204,0,0.12
Mon Jul 27 04:23:34 UTC 2026,1785126214,0,0.27
Mon Jul 27 04:24:24 UTC 2026,1785126264,0,0.39
Mon Jul 27 04:25:13 UTC 2026,1785126313,0,0.12
Mon Jul 27 04:25:28 UTC 2026,1785126328,0,0.22
Mon Jul 27 04:26:26 UTC 2026,1785126386,0,0.11
Mon Jul 27 04:28:25 UTC 2026,1785126505,0,0.17
Mon Jul 27 04:28:33 UTC 2026,1785126513,0,0.24
Mon Jul 27 04:28:42 UTC 2026,1785126522,0,0.28
Mon Jul 27 04:29:00 UTC 2026,1785126540,0,0.12
Mon Jul 27 04:30:22 UTC 2026,1785126622,0,0.15
Mon Jul 27 04:31:21 UTC 2026,1785126681,0,0.29
Mon Jul 27 04:33:10 UTC 2026,1785126790,0,0.12
Mon Jul 27 04:33:23 UTC 2026,1785126803,0,0.27
Mon Jul 27 04:34:31 UTC 2026,1785126871,0,0.17
Mon Jul 27 04:34:36 UTC 2026,1785126876,0,0.32
Mon Jul 27 04:35:22 UTC 2026,1785126922,0,0.29
Mon Jul 27 04:36:20 UTC 2026,1785126980,0,0.19
Mon Jul 27 04:37:32 UTC 2026,1785127052,0,0.12
Mon Jul 27 04:38:04 UTC 2026,1785127084,0,0.28
Mon Jul 27 04:38:36 UTC 2026,1785127116,0,0.2
Mon Jul 27 04:40:02 UTC 2026,1785127202,0,0.29
Mon Jul 27 04:40:20 UTC 2026,1785127220,0,0.31
Mon Jul 27 04:40:33 UTC 2026,1785127233,0,0.24
Mon Jul 27 04:42:41 UTC 2026,1785127361,0,0.31
Mon Jul 27 04:43:21 UTC 2026,1785127401,0,0.22
Mon Jul 27 04:44:12 UTC 2026,1785127452,0,0.31
Mon Jul 27 04:44:16 UTC 2026,1785127456,0,0.23
Mon Jul 27 04:45:29 UTC 2026,1785127529,0,0.3
Mon Jul 27 04:45:42 UTC 2026,1785127542,0,0.21
Mon Jul 27 04:46:56 UTC 2026,1785127616,0,0.31
Mon Jul 27 04:47:40 UTC 2026,1785127660,0,0.24
Mon Jul 27 04:48:34 UTC 2026,1785127714,0,0.29
Mon Jul 27 04:49:38 UTC 2026,1785127778,0,0.21
Mon Jul 27 04:50:23 UTC 2026,1785127823,0,0.27
Mon Jul 27 04:51:13 UTC 2026,1785127873,0,0.22
Mon Jul 27 04:52:12 UTC 2026,1785127932,0,0.29
Mon Jul 27 04:53:20 UTC 2026,1785128000,0,0.19
Mon Jul 27 04:53:56 UTC 2026,1785128036,0,0.18
Mon Jul 27 04:54:01 UTC 2026,1785128041,0,0.3
Mon Jul 27 04:55:27 UTC 2026,1785128127,0,0.12
Mon Jul 27 04:55:59 UTC 2026,1785128159,0,0.27
Mon Jul 27 04:56:44 UTC 2026,1785128204,0,0.19
Mon Jul 27 04:57:06 UTC 2026,1785128226,0,0.29
Mon Jul 27 04:59:09 UTC 2026,1785128349,0,0.28
Mon Jul 27 04:59:41 UTC 2026,1785128381,0,0.2
Mon Jul 27 05:00:49 UTC 2026,1785128449,0,0.27
Mon Jul 27 05:01:02 UTC 2026,1785128462,0,0.2
Mon Jul 27 05:01:47 UTC 2026,1785128507,0,0.22
Mon Jul 27 05:02:56 UTC 2026,1785128576,0,0.27
Mon Jul 27 05:04:31 UTC 2026,1785128671,0,0.28
Mon Jul 27 05:04:35 UTC 2026,1785128675,0,0.2
Mon Jul 27 05:05:28 UTC 2026,1785128728,0,0.21
Mon Jul 27 05:06:29 UTC 2026,1785128789,0,0.26
Mon Jul 27 05:06:42 UTC 2026,1785128802,0,0.19
Mon Jul 27 05:06:47 UTC 2026,1785128807,0,0.25
Mon Jul 27 05:08:36 UTC 2026,1785128916,0,0.26
Mon Jul 27 05:08:44 UTC 2026,1785128924,0,0.19
Mon Jul 27 05:10:07 UTC 2026,1785129007,0,0.18
Mon Jul 27 05:11:32 UTC 2026,1785129092,0,0.25
Mon Jul 27 05:11:41 UTC 2026,1785129101,0,0.24
Mon Jul 27 05:11:45 UTC 2026,1785129105,0,0.2
Mon Jul 27 05:13:12 UTC 2026,1785129192,0,0.26
Mon Jul 27 05:13:52 UTC 2026,1785129232,0,0.12
Mon Jul 27 05:15:33 UTC 2026,1785129333,0,0.25
Mon Jul 27 05:16:13 UTC 2026,1785129373,0,0.2
Mon Jul 27 05:16:45 UTC 2026,1785129405,0,0.26
Mon Jul 27 05:16:54 UTC 2026,1785129414,0,0.19
Mon Jul 27 05:18:52 UTC 2026,1785129532,0,0.27
Mon Jul 27 05:19:42 UTC 2026,1785129582,0,0.19
Mon Jul 27 05:20:03 UTC 2026,1785129603,0,0.17
Mon Jul 27 05:20:40 UTC 2026,1785129640,0,0.26
Mon Jul 27 05:22:06 UTC 2026,1785129726,0,0.18
Mon Jul 27 05:23:28 UTC 2026,1785129808,0,0.28
Mon Jul 27 05:24:08 UTC 2026,1785129848,0,0.17
Mon Jul 27 05:24:59 UTC 2026,1785129899,0,0.25
Mon Jul 27 05:26:15 UTC 2026,1785129975,0,0.18
Mon Jul 27 05:26:30 UTC 2026,1785129990,0,0.26
Mon Jul 27 05:27:47 UTC 2026,1785130067,0,0.18
Mon Jul 27 05:28:49 UTC 2026,1785130129,0,0.24
Mon Jul 27 05:29:54 UTC 2026,1785130194,0,0.23
Mon Jul 27 05:30:29 UTC 2026,1785130229,0,0.17
Mon Jul 27 05:31:29 UTC 2026,1785130289,0,0.25
Mon Jul 27 05:32:45 UTC 2026,1785130365,0,0.13
Mon Jul 27 05:33:17 UTC 2026,1785130397,0,0.19
Mon Jul 27 05:34:34 UTC 2026,1785130474,0,0.25
Mon Jul 27 05:35:02 UTC 2026,1785130502,0,0.17
Mon Jul 27 05:35:25 UTC 2026,1785130525,0,0.23
Mon Jul 27 05:36:19 UTC 2026,1785130579,0,0.18
Mon Jul 27 05:37:32 UTC 2026,1785130652,0,0.24
Mon Jul 27 05:38:26 UTC 2026,1785130706,0,0.25
Mon Jul 27 05:39:34 UTC 2026,1785130774,0,0.17
Mon Jul 27 05:40:19 UTC 2026,1785130819,0,0.23
Mon Jul 27 05:40:42 UTC 2026,1785130842,0,0.16
Mon Jul 27 05:41:22 UTC 2026,1785130882,0,0.23
Mon Jul 27 05:41:36 UTC 2026,1785130896,0,0.17
Mon Jul 27 05:43:43 UTC 2026,1785131023,0,0.24
Mon Jul 27 05:44:24 UTC 2026,1785131064,0,0.15
Mon Jul 27 05:44:47 UTC 2026,1785131087,0,0.24
Mon Jul 27 05:45:04 UTC 2026,1785131104,0,0.17
Mon Jul 27 05:47:30 UTC 2026,1785131250,0,0.24
Mon Jul 27 05:48:33 UTC 2026,1785131313,0,0.23
Mon Jul 27 05:48:39 UTC 2026,1785131319,0,0.15
Mon Jul 27 05:49:41 UTC 2026,1785131381,0,0.1
Mon Jul 27 05:50:18 UTC 2026,1785131418,0,0.22
Mon Jul 27 05:51:12 UTC 2026,1785131472,0,0.23
Mon Jul 27 05:52:02 UTC 2026,1785131522,0,0.16
Mon Jul 27 05:53:19 UTC 2026,1785131599,0,0.23
Mon Jul 27 05:54:04 UTC 2026,1785131644,0,0.13
Mon Jul 27 05:54:44 UTC 2026,1785131684,0,0.23
Mon Jul 27 05:54:50 UTC 2026,1785131690,0,0.17
Mon Jul 27 05:56:34 UTC 2026,1785131794,0,0.15
Mon Jul 27 05:56:38 UTC 2026,1785131798,0,0.22
Mon Jul 27 05:58:09 UTC 2026,1785131889,0,0.24
Mon Jul 27 05:59:17 UTC 2026,1785131957,0,0.15
Mon Jul 27 05:59:40 UTC 2026,1785131980,0,0.23
Mon Jul 27 05:59:44 UTC 2026,1785131984,0,0.17
Mon Jul 27 06:01:20 UTC 2026,1785132080,0,0.15
Mon Jul 27 06:01:33 UTC 2026,1785132093,0,0.23
Mon Jul 27 06:02:50 UTC 2026,1785132170,0,0.21
Mon Jul 27 06:03:03 UTC 2026,1785132183,0,0.16
Mon Jul 27 06:04:49 UTC 2026,1785132289,0,0.15
Mon Jul 27 06:05:16 UTC 2026,1785132316,0,0.22
Mon Jul 27 06:06:18 UTC 2026,1785132378,0,0.15
Mon Jul 27 06:07:36 UTC 2026,1785132456,0,0.22
Mon Jul 27 06:08:08 UTC 2026,1785132488,0,0.09
Mon Jul 27 06:08:26 UTC 2026,1785132506,0,0.23
Mon Jul 27 06:09:34 UTC 2026,1785132574,0,0.15
Mon Jul 27 06:09:43 UTC 2026,1785132583,0,0.22
Mon Jul 27 06:11:50 UTC 2026,1785132710,0,0.23
Mon Jul 27 06:12:08 UTC 2026,1785132728,0,0.15
Mon Jul 27 06:13:52 UTC 2026,1785132832,0,0.23
Mon Jul 27 06:14:20 UTC 2026,1785132860,0,0.21
Mon Jul 27 06:15:00 UTC 2026,1785132900,0,0.16
Mon Jul 27 06:16:08 UTC 2026,1785132968,0,0.14
Mon Jul 27 06:17:30 UTC 2026,1785133050,0,0.24
Mon Jul 27 06:17:57 UTC 2026,1785133077,0,0.21
Mon Jul 27 06:18:10 UTC 2026,1785133090,0,0.13
Mon Jul 27 06:19:24 UTC 2026,1785133164,0,0.16
Mon Jul 27 06:19:55 UTC 2026,1785133195,0,0.22
Mon Jul 27 06:20:53 UTC 2026,1785133253,0,0.21
Mon Jul 27 06:20:58 UTC 2026,1785133258,0,0.15
Mon Jul 27 06:23:05 UTC 2026,1785133385,0,0.21
Mon Jul 27 06:24:14 UTC 2026,1785133454,0,0.2
Mon Jul 27 06:25:39 UTC 2026,1785133539,0,0.14
Mon Jul 27 06:26:16 UTC 2026,1785133576,0,0.07
Mon Jul 27 06:26:43 UTC 2026,1785133603,0,0.22
Mon Jul 27 06:27:29 UTC 2026,1785133649,0,0.2
Mon Jul 27 06:27:50 UTC 2026,1785133670,0,0.15
Mon Jul 27 06:29:31 UTC 2026,1785133771,0,0.2
Mon Jul 27 06:29:57 UTC 2026,1785133797,0,0.15
Mon Jul 27 06:31:56 UTC 2026,1785133916,0,0.21
Mon Jul 27 06:32:23 UTC 2026,1785133943,0,0.14
Mon Jul 27 06:32:36 UTC 2026,1785133956,0,0.19
Mon Jul 27 06:33:30 UTC 2026,1785134010,0,0.14
Mon Jul 27 06:34:07 UTC 2026,1785134047,0,0.21
Mon Jul 27 06:35:01 UTC 2026,1785134101,0,0.14
Mon Jul 27 06:35:56 UTC 2026,1785134156,0,0.15
Mon Jul 27 06:36:59 UTC 2026,1785134219,0,0.21
Mon Jul 27 06:38:57 UTC 2026,1785134337,0,0.14
Mon Jul 27 06:40:05 UTC 2026,1785134405,0,0.2
Mon Jul 27 06:40:28 UTC 2026,1785134428,0,0.12
Mon Jul 27 06:40:46 UTC 2026,1785134446,0,0.2
Mon Jul 27 06:41:23 UTC 2026,1785134483,0,0.14
Mon Jul 27 06:42:58 UTC 2026,1785134578,0,0.19
Mon Jul 27 06:44:06 UTC 2026,1785134646,0,0.08
Mon Jul 27 06:44:51 UTC 2026,1785134691,0,0.2
Mon Jul 27 06:46:13 UTC 2026,1785134773,0,0.13
Mon Jul 27 06:47:39 UTC 2026,1785134859,0,0.12
Mon Jul 27 06:48:20 UTC 2026,1785134900,0,0.19
Mon Jul 27 06:48:56 UTC 2026,1785134936,0,0.14
Mon Jul 27 06:49:00 UTC 2026,1785134940,0,0.17
Mon Jul 27 06:50:36 UTC 2026,1785135036,0,0.12
Mon Jul 27 06:51:25 UTC 2026,1785135085,0,0.19
Mon Jul 27 06:52:29 UTC 2026,1785135149,0,0.13
Mon Jul 27 06:52:56 UTC 2026,1785135176,0,0.17
Mon Jul 27 06:54:09 UTC 2026,1785135249,0,0.14
Mon Jul 27 06:54:54 UTC 2026,1785135294,0,0.2
Mon Jul 27 06:55:30 UTC 2026,1785135330,0,0.14
Mon Jul 27 06:56:28 UTC 2026,1785135388,0,0.18
Mon Jul 27 06:57:36 UTC 2026,1785135456,0,0.14
Mon Jul 27 06:58:00 UTC 2026,1785135480,0,0.2
Mon Jul 27 06:58:58 UTC 2026,1785135538,0,0.18
Mon Jul 27 06:59:52 UTC 2026,1785135592,0,0.13
Mon Jul 27 07:00:37 UTC 2026,1785135637,0,0.18
Mon Jul 27 07:02:04 UTC 2026,1785135724,0,0.09
Mon Jul 27 07:02:10 UTC 2026,1785135730,0,0.07
Mon Jul 27 07:02:44 UTC 2026,1785135764,0,0.19
Mon Jul 27 07:03:57 UTC 2026,1785135837,0,0.15
Mon Jul 27 07:04:52 UTC 2026,1785135892,0,0.19
Mon Jul 27 07:05:27 UTC 2026,1785135927,0,0.18
Mon Jul 27 07:05:55 UTC 2026,1785135955,0,0.14
Mon Jul 27 07:07:04 UTC 2026,1785136024,0,0.15
Mon Jul 27 07:07:17 UTC 2026,1785136037,0,0.2
Mon Jul 27 07:08:51 UTC 2026,1785136131,0,0.18
Mon Jul 27 07:09:06 UTC 2026,1785136146,0,0.14
Mon Jul 27 07:11:49 UTC 2026,1785136309,0,0.2
Mon Jul 27 07:12:16 UTC 2026,1785136336,0,0.15
Mon Jul 27 07:13:33 UTC 2026,1785136413,0,0.19
Mon Jul 27 07:14:05 UTC 2026,1785136445,0,0.18
Mon Jul 27 07:14:23 UTC 2026,1785136463,0,0.13
Mon Jul 27 07:15:36 UTC 2026,1785136536,0,0.12
Mon Jul 27 07:16:44 UTC 2026,1785136604,0,0.19
Mon Jul 27 07:17:01 UTC 2026,1785136621,0,0.14
Mon Jul 27 07:17:39 UTC 2026,1785136659,0,0.19
Mon Jul 27 07:18:55 UTC 2026,1785136735,0,0.18
Mon Jul 27 07:20:12 UTC 2026,1785136812,0,0.1
Mon Jul 27 07:20:39 UTC 2026,1785136839,0,0.08
Mon Jul 27 07:21:48 UTC 2026,1785136908,0,0.21
Mon Jul 27 07:22:09 UTC 2026,1785136929,0,0.19
Mon Jul 27 07:22:15 UTC 2026,1785136935,0,0.14
Mon Jul 27 07:24:39 UTC 2026,1785137079,0,0.21
Mon Jul 27 07:25:03 UTC 2026,1785137103,0,0.14
Mon Jul 27 07:25:25 UTC 2026,1785137125,0,0.15
Mon Jul 27 07:26:05 UTC 2026,1785137165,0,0.2
Mon Jul 27 07:27:05 UTC 2026,1785137225,0,0.13
Mon Jul 27 07:27:18 UTC 2026,1785137238,0,0.18
Mon Jul 27 07:28:45 UTC 2026,1785137325,0,0.14
Mon Jul 27 07:29:47 UTC 2026,1785137387,0,0.18
Mon Jul 27 07:30:10 UTC 2026,1785137410,0,0.15
Mon Jul 27 07:31:32 UTC 2026,1785137492,0,0.19
Mon Jul 27 07:32:49 UTC 2026,1785137569,0,0.13
Mon Jul 27 07:32:54 UTC 2026,1785137574,0,0.19
Mon Jul 27 07:33:48 UTC 2026,1785137628,0,0.17
Mon Jul 27 07:34:29 UTC 2026,1785137669,0,0.14
Mon Jul 27 07:35:28 UTC 2026,1785137728,0,0.18
Mon Jul 27 07:35:41 UTC 2026,1785137741,0,0.14
Mon Jul 27 07:36:45 UTC 2026,1785137805,0,0.19
Mon Jul 27 07:38:20 UTC 2026,1785137900,0,0.08
Mon Jul 27 07:38:46 UTC 2026,1785137926,0,0.09
Mon Jul 27 07:38:52 UTC 2026,1785137932,0,0.18
Mon Jul 27 07:40:04 UTC 2026,1785138004,0,0.2
Mon Jul 27 07:40:50 UTC 2026,1785138050,0,0.14
Mon Jul 27 07:41:58 UTC 2026,1785138118,0,0.13
Mon Jul 27 07:43:06 UTC 2026,1785138186,0,0.21
Mon Jul 27 07:43:42 UTC 2026,1785138222,0,0.2
Mon Jul 27 07:44:59 UTC 2026,1785138299,0,0.13
Mon Jul 27 07:45:03 UTC 2026,1785138303,0,0.15
Mon Jul 27 07:45:31 UTC 2026,1785138331,0,0.18
Mon Jul 27 07:47:32 UTC 2026,1785138452,0,0.13
Mon Jul 27 07:47:46 UTC 2026,1785138466,0,0.19
Mon Jul 27 07:48:28 UTC 2026,1785138508,0,0.14
Mon Jul 27 07:49:45 UTC 2026,1785138585,0,0.19
Mon Jul 27 07:50:44 UTC 2026,1785138644,0,0.18
Mon Jul 27 07:51:14 UTC 2026,1785138674,0,0.11
Mon Jul 27 07:52:33 UTC 2026,1785138753,0,0.19
Mon Jul 27 07:52:51 UTC 2026,1785138771,0,0.13
Mon Jul 27 07:53:41 UTC 2026,1785138821,0,0.19
Mon Jul 27 07:53:58 UTC 2026,1785138838,0,0.13
Mon Jul 27 07:55:24 UTC 2026,1785138924,0,0.18
Mon Jul 27 07:56:29 UTC 2026,1785138989,0,0.08
Mon Jul 27 07:56:33 UTC 2026,1785138993,0,0.1
Mon Jul 27 07:58:11 UTC 2026,1785139091,0,0.19
Mon Jul 27 07:58:26 UTC 2026,1785139106,0,0.14
Mon Jul 27 07:58:48 UTC 2026,1785139128,0,0.19
Mon Jul 27 08:00:10 UTC 2026,1785139210,0,0.12
Mon Jul 27 08:00:14 UTC 2026,1785139214,0,0.19
Mon Jul 27 08:02:53 UTC 2026,1785139373,0,0.14
Mon Jul 27 08:03:30 UTC 2026,1785139410,0,0.12
Mon Jul 27 08:04:01 UTC 2026,1785139441,0,0.2
Mon Jul 27 08:05:08 UTC 2026,1785139508,0,0.19
Mon Jul 27 08:05:22 UTC 2026,1785139522,0,0.11
Mon Jul 27 08:07:16 UTC 2026,1785139636,0,0.18
Mon Jul 27 08:08:02 UTC 2026,1785139682,0,0.13
Mon Jul 27 08:09:00 UTC 2026,1785139740,0,0.2
Mon Jul 27 08:09:04 UTC 2026,1785139744,0,0.1
Mon Jul 27 08:10:18 UTC 2026,1785139818,0,0.12
Mon Jul 27 08:10:26 UTC 2026,1785139826,0,0.19
Mon Jul 27 08:11:48 UTC 2026,1785139908,0,0.18
Mon Jul 27 08:12:56 UTC 2026,1785139976,0,0.11
Mon Jul 27 08:13:23 UTC 2026,1785140003,0,0.19
Mon Jul 27 08:14:35 UTC 2026,1785140075,0,0.09
Mon Jul 27 08:15:03 UTC 2026,1785140103,0,0.19
Mon Jul 27 08:15:48 UTC 2026,1785140148,0,0.09
Mon Jul 27 08:17:09 UTC 2026,1785140229,0,0.12
Mon Jul 27 08:17:46 UTC 2026,1785140266,0,0.2
Mon Jul 27 08:19:12 UTC 2026,1785140352,0,0.11
Mon Jul 27 08:20:15 UTC 2026,1785140415,0,0.2
Mon Jul 27 08:20:47 UTC 2026,1785140447,0,0.11
Mon Jul 27 08:21:51 UTC 2026,1785140511,0,0.18
Mon Jul 27 08:22:50 UTC 2026,1785140570,0,0.12
Mon Jul 27 08:23:39 UTC 2026,1785140619,0,0.17
Mon Jul 27 08:24:02 UTC 2026,1785140642,0,0.1
Mon Jul 27 08:25:05 UTC 2026,1785140705,0,0.18
Mon Jul 27 08:26:13 UTC 2026,1785140773,0,0.1
Mon Jul 27 08:26:46 UTC 2026,1785140806,0,0.2
Mon Jul 27 08:26:50 UTC 2026,1785140810,0,0.1
Mon Jul 27 08:28:12 UTC 2026,1785140892,0,0.16
Mon Jul 27 08:28:29 UTC 2026,1785140909,0,0.1
Mon Jul 27 08:30:41 UTC 2026,1785141041,0,0.09
Mon Jul 27 08:31:00 UTC 2026,1785141060,0,0.19
Mon Jul 27 08:31:13 UTC 2026,1785141073,0,0.17
Mon Jul 27 08:32:34 UTC 2026,1785141154,0,0.11
Mon Jul 27 08:33:19 UTC 2026,1785141199,0,0.16
Mon Jul 27 08:33:42 UTC 2026,1785141222,0,0.07
Mon Jul 27 08:34:41 UTC 2026,1785141281,0,0.17
Mon Jul 27 08:34:55 UTC 2026,1785141295,0,0.11
Mon Jul 27 08:37:28 UTC 2026,1785141448,0,0.12
Mon Jul 27 08:37:41 UTC 2026,1785141461,0,0.18
Mon Jul 27 08:38:46 UTC 2026,1785141526,0,0.1
Mon Jul 27 08:39:14 UTC 2026,1785141554,0,0.18
Mon Jul 27 08:39:35 UTC 2026,1785141575,0,0.11
Mon Jul 27 08:40:29 UTC 2026,1785141629,0,0.18
Mon Jul 27 08:41:24 UTC 2026,1785141684,0,0.13
Mon Jul 27 08:42:15 UTC 2026,1785141735,0,0.19
Mon Jul 27 08:42:51 UTC 2026,1785141771,0,0.11
Mon Jul 27 08:43:31 UTC 2026,1785141811,0,0.2
Mon Jul 27 08:44:30 UTC 2026,1785141870,0,0.12
Mon Jul 27 08:45:06 UTC 2026,1785141906,0,0.18
Mon Jul 27 08:46:11 UTC 2026,1785141971,0,0.12
Mon Jul 27 08:46:38 UTC 2026,1785141998,0,0.2
Mon Jul 27 08:47:46 UTC 2026,1785142066,0,0.18
Mon Jul 27 08:48:48 UTC 2026,1785142128,0,0.12
Mon Jul 27 08:49:40 UTC 2026,1785142180,0,0.21
Mon Jul 27 08:50:42 UTC 2026,1785142242,0,0.07
Mon Jul 27 08:52:17 UTC 2026,1785142337,0,0.18
Mon Jul 27 08:52:23 UTC 2026,1785142343,0,0.07
Mon Jul 27 08:52:44 UTC 2026,1785142364,0,0.12
Mon Jul 27 08:53:03 UTC 2026,1785142383,0,0.22
Mon Jul 27 08:54:52 UTC 2026,1785142492,0,0.12
Mon Jul 27 08:55:28 UTC 2026,1785142528,0,0.19
Mon Jul 27 08:56:18 UTC 2026,1785142578,0,0.11
Mon Jul 27 08:57:03 UTC 2026,1785142623,0,0.2
Mon Jul 27 08:57:49 UTC 2026,1785142669,0,0.18
Mon Jul 27 08:58:12 UTC 2026,1785142692,0,0.12
Mon Jul 27 08:59:34 UTC 2026,1785142774,0,0.19
Mon Jul 27 08:59:42 UTC 2026,1785142782,0,0.11
Mon Jul 27 09:00:59 UTC 2026,1785142859,0,0.1
Mon Jul 27 09:01:27 UTC 2026,1785142887,0,0.18
Mon Jul 27 09:02:34 UTC 2026,1785142954,0,0.1
Mon Jul 27 09:02:53 UTC 2026,1785142973,0,0.18
Mon Jul 27 09:04:36 UTC 2026,1785143076,0,0.17
Mon Jul 27 09:05:27 UTC 2026,1785143127,0,0.12
Mon Jul 27 09:07:29 UTC 2026,1785143249,0,0.18
Mon Jul 27 09:09:05 UTC 2026,1785143345,0,0.1
Mon Jul 27 09:10:31 UTC 2026,1785143431,0,0.2
Mon Jul 27 09:10:48 UTC 2026,1785143448,0,0.17
Mon Jul 27 09:12:18 UTC 2026,1785143538,0,0.1
Mon Jul 27 09:12:47 UTC 2026,1785143567,0,0.13
Mon Jul 27 09:13:49 UTC 2026,1785143629,0,0.19
Mon Jul 27 09:14:12 UTC 2026,1785143652,0,0.13
Mon Jul 27 09:15:43 UTC 2026,1785143743,0,0.2
Mon Jul 27 09:16:51 UTC 2026,1785143811,0,0.11
Mon Jul 27 09:17:13 UTC 2026,1785143833,0,0.19
Mon Jul 27 09:17:45 UTC 2026,1785143865,0,0.13
Mon Jul 27 09:18:08 UTC 2026,1785143888,0,0.18
Mon Jul 27 09:19:34 UTC 2026,1785143974,0,0.21
Mon Jul 27 09:19:56 UTC 2026,1785143996,0,0.13
Mon Jul 27 09:20:56 UTC 2026,1785144056,0,0.2
Mon Jul 27 09:21:59 UTC 2026,1785144119,0,0.11
Mon Jul 27 09:22:35 UTC 2026,1785144155,0,0.22
Mon Jul 27 09:23:20 UTC 2026,1785144200,0,0.14
Mon Jul 27 09:24:55 UTC 2026,1785144295,0,0.21
Mon Jul 27 09:25:05 UTC 2026,1785144305,0,0.14
Mon Jul 27 09:26:31 UTC 2026,1785144391,0,0.2
Mon Jul 27 09:26:57 UTC 2026,1785144417,0,0.11
Mon Jul 27 09:27:52 UTC 2026,1785144472,0,0.12
Mon Jul 27 09:28:11 UTC 2026,1785144491,0,0.2
Mon Jul 27 09:29:05 UTC 2026,1785144545,0,0.21
Mon Jul 27 09:29:28 UTC 2026,1785144568,0,0.13
Mon Jul 27 09:30:40 UTC 2026,1785144640,0,0.16
Mon Jul 27 09:32:02 UTC 2026,1785144722,0,0.24
Mon Jul 27 09:32:25 UTC 2026,1785144745,0,0.21
Mon Jul 27 09:32:47 UTC 2026,1785144767,0,0.17
Mon Jul 27 09:34:04 UTC 2026,1785144844,0,0.15
Mon Jul 27 09:34:41 UTC 2026,1785144881,0,0.23
Mon Jul 27 09:36:08 UTC 2026,1785144968,0,0.15
Mon Jul 27 09:37:01 UTC 2026,1785145021,0,0.21
Mon Jul 27 09:37:29 UTC 2026,1785145049,0,0.15
Mon Jul 27 09:37:55 UTC 2026,1785145075,0,0.22
Mon Jul 27 09:39:49 UTC 2026,1785145189,0,0.23
Mon Jul 27 09:39:57 UTC 2026,1785145197,0,0.14
Mon Jul 27 09:40:51 UTC 2026,1785145251,0,0.22
Mon Jul 27 09:41:10 UTC 2026,1785145270,0,0.15
Mon Jul 27 09:42:27 UTC 2026,1785145347,0,0.16
Mon Jul 27 09:42:36 UTC 2026,1785145356,0,0.22
Mon Jul 27 09:45:24 UTC 2026,1785145524,0,0.14
Mon Jul 27 09:45:47 UTC 2026,1785145547,0,0.11
Mon Jul 27 09:46:41 UTC 2026,1785145601,0,0.21
Mon Jul 27 09:48:12 UTC 2026,1785145692,0,0.15
Mon Jul 27 09:49:42 UTC 2026,1785145782,0,0.22
Mon Jul 27 09:50:50 UTC 2026,1785145850,0,0.23
Mon Jul 27 09:51:08 UTC 2026,1785145868,0,0.17
Mon Jul 27 09:53:02 UTC 2026,1785145982,0,0.22
Mon Jul 27 09:53:15 UTC 2026,1785145995,0,0.15
Mon Jul 27 09:53:25 UTC 2026,1785146005,0,0.18
Mon Jul 27 09:53:29 UTC 2026,1785146009,0,0.21
Mon Jul 27 09:53:33 UTC 2026,1785146013,0,0.17
Mon Jul 27 09:53:38 UTC 2026,1785146018,0,0.22
Mon Jul 27 09:54:00 UTC 2026,1785146040,0,0.16
Mon Jul 27 09:54:05 UTC 2026,1785146045,0,0.24
Mon Jul 27 09:55:36 UTC 2026,1785146136,0,0.17
Mon Jul 27 09:55:45 UTC 2026,1785146145,0,0.22
Mon Jul 27 09:57:28 UTC 2026,1785146248,0,0.15
Mon Jul 27 09:57:42 UTC 2026,1785146262,0,0.25
Mon Jul 27 09:58:45 UTC 2026,1785146325,0,0.24
Mon Jul 27 10:00:08 UTC 2026,1785146408,0,0.16
Mon Jul 27 10:00:26 UTC 2026,1785146426,0,0.17
Mon Jul 27 10:00:57 UTC 2026,1785146457,0,0.25
Mon Jul 27 10:02:18 UTC 2026,1785146538,0,0.23
Mon Jul 27 10:03:18 UTC 2026,1785146598,0,0.16
Mon Jul 27 10:03:37 UTC 2026,1785146617,0,0.18
Mon Jul 27 10:05:12 UTC 2026,1785146712,0,0.24
Mon Jul 27 10:05:43 UTC 2026,1785146743,0,0.19
Mon Jul 27 10:06:01 UTC 2026,1785146761,0,0.25
Mon Jul 27 10:07:00 UTC 2026,1785146820,0,0.19
Mon Jul 27 10:07:05 UTC 2026,1785146825,0,0.25
Mon Jul 27 10:09:34 UTC 2026,1785146974,0,0.17
Mon Jul 27 10:10:06 UTC 2026,1785147006,0,0.28
Mon Jul 27 10:10:19 UTC 2026,1785147019,0,0.2
Mon Jul 27 10:10:56 UTC 2026,1785147056,0,0.26
Mon Jul 27 10:12:40 UTC 2026,1785147160,0,0.25
Mon Jul 27 10:13:07 UTC 2026,1785147187,0,0.2
Mon Jul 27 10:13:57 UTC 2026,1785147237,0,0.26
Mon Jul 27 10:14:05 UTC 2026,1785147245,0,0.19
Mon Jul 27 10:15:51 UTC 2026,1785147351,0,0.31
Mon Jul 27 10:16:32 UTC 2026,1785147392,0,0.19
Mon Jul 27 10:16:49 UTC 2026,1785147409,0,0.17
Mon Jul 27 10:17:53 UTC 2026,1785147473,0,0.29
Mon Jul 27 10:19:24 UTC 2026,1785147564,0,0.16
Mon Jul 27 10:19:33 UTC 2026,1785147573,0,0.25
Mon Jul 27 10:21:02 UTC 2026,1785147662,0,0.27
Mon Jul 27 10:21:39 UTC 2026,1785147699,0,0.16
Mon Jul 27 10:21:53 UTC 2026,1785147713,0,0.25
Mon Jul 27 10:22:25 UTC 2026,1785147745,0,0.18
Mon Jul 27 10:24:00 UTC 2026,1785147840,0,0.2
Mon Jul 27 10:24:18 UTC 2026,1785147858,0,0.26
Mon Jul 27 10:25:39 UTC 2026,1785147939,0,0.3
Mon Jul 27 10:25:44 UTC 2026,1785147944,0,0.21
Mon Jul 27 10:27:29 UTC 2026,1785148049,0,0.18
Mon Jul 27 10:27:33 UTC 2026,1785148053,0,0.31
Mon Jul 27 10:29:40 UTC 2026,1785148180,0,0.3
Mon Jul 27 10:29:59 UTC 2026,1785148199,0,0.19
Mon Jul 27 10:30:30 UTC 2026,1785148230,0,0.21
Mon Jul 27 10:30:53 UTC 2026,1785148253,0,0.29
Mon Jul 27 10:31:56 UTC 2026,1785148316,0,0.28
Mon Jul 27 10:32:45 UTC 2026,1785148365,0,0.2
Mon Jul 27 10:33:50 UTC 2026,1785148430,0,0.28
Mon Jul 27 10:34:43 UTC 2026,1785148483,0,0.22
Mon Jul 27 10:35:20 UTC 2026,1785148520,0,0.2
Mon Jul 27 10:35:29 UTC 2026,1785148529,0,0.3
Mon Jul 27 10:36:41 UTC 2026,1785148601,0,0.23
Mon Jul 27 10:38:04 UTC 2026,1785148684,0,0.31
Mon Jul 27 10:39:16 UTC 2026,1785148756,0,0.19
Mon Jul 27 10:40:19 UTC 2026,1785148819,0,0.17
Mon Jul 27 10:41:14 UTC 2026,1785148874,0,0.29
Mon Jul 27 10:42:26 UTC 2026,1785148946,0,0.23
Mon Jul 27 10:43:02 UTC 2026,1785148982,0,0.31
Mon Jul 27 10:43:15 UTC 2026,1785148995,0,0.29
Mon Jul 27 10:43:48 UTC 2026,1785149028,0,0.22
Mon Jul 27 10:44:51 UTC 2026,1785149091,0,0.24
Mon Jul 27 10:45:00 UTC 2026,1785149100,0,0.3
Mon Jul 27 10:46:44 UTC 2026,1785149204,0,0.23
Mon Jul 27 10:47:52 UTC 2026,1785149272,0,0.31
Mon Jul 27 10:48:51 UTC 2026,1785149331,0,0.24
Mon Jul 27 10:49:37 UTC 2026,1785149377,0,0.31
Mon Jul 27 10:50:31 UTC 2026,1785149431,0,0.35
Mon Jul 27 10:50:35 UTC 2026,1785149435,0,0.25
Mon Jul 27 10:52:47 UTC 2026,1785149567,0,0.33
Mon Jul 27 10:53:23 UTC 2026,1785149603,0,0.24
Mon Jul 27 10:55:12 UTC 2026,1785149712,0,0.33
Mon Jul 27 10:56:19 UTC 2026,1785149779,0,0.25
Mon Jul 27 10:56:34 UTC 2026,1785149794,0,0.35
Mon Jul 27 10:56:48 UTC 2026,1785149808,0,0.25
Mon Jul 27 10:58:17 UTC 2026,1785149897,0,0.22
Mon Jul 27 10:59:07 UTC 2026,1785149947,0,0.32
Mon Jul 27 11:00:52 UTC 2026,1785150052,0,0.26
Mon Jul 27 11:01:29 UTC 2026,1785150089,0,0.27
Mon Jul 27 11:02:09 UTC 2026,1785150129,0,0.34
Mon Jul 27 11:03:40 UTC 2026,1785150220,0,0.25
Mon Jul 27 11:04:34 UTC 2026,1785150274,0,0.33
Mon Jul 27 11:04:57 UTC 2026,1785150297,0,0.26
Mon Jul 27 11:05:24 UTC 2026,1785150324,0,0.33
Mon Jul 27 11:06:27 UTC 2026,1785150387,0,0.25
Mon Jul 27 11:07:53 UTC 2026,1785150473,0,0.34
Mon Jul 27 11:08:02 UTC 2026,1785150482,0,0.28
Mon Jul 27 11:08:10 UTC 2026,1785150490,0,0.32
Mon Jul 27 11:10:13 UTC 2026,1785150613,0,0.26
Mon Jul 27 11:10:50 UTC 2026,1785150650,0,0.36
Mon Jul 27 11:11:53 UTC 2026,1785150713,0,0.33
Mon Jul 27 11:12:17 UTC 2026,1785150737,0,0.27
Mon Jul 27 11:13:42 UTC 2026,1785150822,0,0.33
Mon Jul 27 11:13:52 UTC 2026,1785150832,0,0.27
Mon Jul 27 11:14:59 UTC 2026,1785150899,0,0.33
Mon Jul 27 11:16:04 UTC 2026,1785150964,0,0.26
Mon Jul 27 11:16:17 UTC 2026,1785150977,0,0.28
Mon Jul 27 11:17:15 UTC 2026,1785151035,0,0.35
Mon Jul 27 11:18:01 UTC 2026,1785151081,0,0.34
Mon Jul 27 11:19:00 UTC 2026,1785151140,0,0.27
Mon Jul 27 11:19:54 UTC 2026,1785151194,0,0.35
Mon Jul 27 11:20:58 UTC 2026,1785151258,0,0.27
Mon Jul 27 11:22:32 UTC 2026,1785151352,0,0.36
Mon Jul 27 11:22:46 UTC 2026,1785151366,0,0.28
Mon Jul 27 11:23:32 UTC 2026,1785151412,0,0.29
Mon Jul 27 11:23:36 UTC 2026,1785151416,0,0.35
Mon Jul 27 11:25:03 UTC 2026,1785151503,0,0.37
Mon Jul 27 11:25:48 UTC 2026,1785151548,0,0.29
Mon Jul 27 11:27:01 UTC 2026,1785151621,0,0.36
Mon Jul 27 11:27:37 UTC 2026,1785151657,0,0.29
Mon Jul 27 11:27:47 UTC 2026,1785151667,0,0.34
Mon Jul 27 11:29:16 UTC 2026,1785151756,0,0.28
Mon Jul 27 11:30:02 UTC 2026,1785151802,0,0.36
Mon Jul 27 11:32:09 UTC 2026,1785151929,0,0.3
Mon Jul 27 11:33:11 UTC 2026,1785151991,0,0.35
Mon Jul 27 11:34:20 UTC 2026,1785152060,0,0.27
Mon Jul 27 11:34:25 UTC 2026,1785152065,0,0.29
Mon Jul 27 11:34:47 UTC 2026,1785152087,0,0.37
Mon Jul 27 11:36:05 UTC 2026,1785152165,0,0.4
Mon Jul 27 11:36:19 UTC 2026,1785152179,0,0.28
Mon Jul 27 11:39:11 UTC 2026,1785152351,0,0.38
Mon Jul 27 11:39:15 UTC 2026,1785152355,0,0.3
Mon Jul 27 11:39:47 UTC 2026,1785152387,0,0.37
Mon Jul 27 11:40:23 UTC 2026,1785152423,0,0.3
Mon Jul 27 11:41:26 UTC 2026,1785152486,0,0.29
Mon Jul 27 11:42:34 UTC 2026,1785152554,0,0.36
Mon Jul 27 11:43:37 UTC 2026,1785152617,0,0.31
Mon Jul 27 11:43:43 UTC 2026,1785152623,0,0.37
Mon Jul 27 11:44:24 UTC 2026,1785152664,0,0.36
Mon Jul 27 11:45:13 UTC 2026,1785152713,0,0.31
Mon Jul 27 11:46:34 UTC 2026,1785152794,0,0.37
Mon Jul 27 11:48:50 UTC 2026,1785152930,0,0.31
Mon Jul 27 11:49:31 UTC 2026,1785152971,0,0.37
Mon Jul 27 11:50:16 UTC 2026,1785153016,0,0.29
Mon Jul 27 11:51:11 UTC 2026,1785153071,0,0.36
Mon Jul 27 11:52:28 UTC 2026,1785153148,0,0.29
Mon Jul 27 11:52:51 UTC 2026,1785153171,0,0.3
Mon Jul 27 11:53:17 UTC 2026,1785153197,0,0.41
Mon Jul 27 11:55:03 UTC 2026,1785153303,0,0.38
Mon Jul 27 11:55:07 UTC 2026,1785153307,0,0.29
Mon Jul 27 11:55:48 UTC 2026,1785153348,0,0.37
Mon Jul 27 11:57:00 UTC 2026,1785153420,0,0.29
Mon Jul 27 11:57:50 UTC 2026,1785153470,0,0.37
Mon Jul 27 11:58:53 UTC 2026,1785153533,0,0.31
Mon Jul 27 11:59:07 UTC 2026,1785153547,0,0.37
Mon Jul 27 11:59:53 UTC 2026,1785153593,0,0.31
Mon Jul 27 12:01:10 UTC 2026,1785153670,0,0.36
Mon Jul 27 12:02:03 UTC 2026,1785153723,0,0.29
Mon Jul 27 12:02:32 UTC 2026,1785153752,0,0.31
Mon Jul 27 12:03:09 UTC 2026,1785153789,0,0.39
Mon Jul 27 12:04:07 UTC 2026,1785153847,0,0.29
Mon Jul 27 12:04:34 UTC 2026,1785153874,0,0.41
Mon Jul 27 12:06:00 UTC 2026,1785153960,0,0.39
Mon Jul 27 12:06:10 UTC 2026,1785153970,0,0.32
Mon Jul 27 12:07:44 UTC 2026,1785154064,0,0.39
Mon Jul 27 12:07:53 UTC 2026,1785154073,0,0.29
Mon Jul 27 12:09:14 UTC 2026,1785154154,0,0.31
Mon Jul 27 12:09:33 UTC 2026,1785154173,0,0.38
Mon Jul 27 12:10:41 UTC 2026,1785154241,0,0.3
Mon Jul 27 12:10:55 UTC 2026,1785154255,0,0.38
Mon Jul 27 12:13:10 UTC 2026,1785154390,0,0.33
Mon Jul 27 12:13:52 UTC 2026,1785154432,0,0.39
Mon Jul 27 12:14:50 UTC 2026,1785154490,0,0.32
Mon Jul 27 12:16:25 UTC 2026,1785154585,0,0.39
Mon Jul 27 12:16:44 UTC 2026,1785154604,0,0.32
Mon Jul 27 12:17:52 UTC 2026,1785154672,0,0.39
Mon Jul 27 12:18:55 UTC 2026,1785154735,0,0.33
Mon Jul 27 12:19:26 UTC 2026,1785154766,0,0.4
Mon Jul 27 12:20:44 UTC 2026,1785154844,0,0.34
Mon Jul 27 12:21:15 UTC 2026,1785154875,0,0.4
Mon Jul 27 12:22:19 UTC 2026,1785154939,0,0.38
Mon Jul 27 12:22:38 UTC 2026,1785154958,0,0.32
Mon Jul 27 12:24:35 UTC 2026,1785155075,0,0.31
Mon Jul 27 12:25:06 UTC 2026,1785155106,0,0.39
Mon Jul 27 12:25:39 UTC 2026,1785155139,0,0.38
Mon Jul 27 12:26:02 UTC 2026,1785155162,0,0.33
Mon Jul 27 12:27:58 UTC 2026,1785155278,0,0.39
Mon Jul 27 12:28:35 UTC 2026,1785155315,0,0.3
Mon Jul 27 12:28:53 UTC 2026,1785155333,0,0.33
Mon Jul 27 12:29:17 UTC 2026,1785155357,0,0.4
Mon Jul 27 12:31:13 UTC 2026,1785155473,0,0.34
Mon Jul 27 12:32:03 UTC 2026,1785155523,0,0.4
Mon Jul 27 12:32:07 UTC 2026,1785155527,0,0.39
Mon Jul 27 12:33:07 UTC 2026,1785155587,0,0.32
Mon Jul 27 12:33:48 UTC 2026,1785155628,0,0.4
Mon Jul 27 12:34:20 UTC 2026,1785155660,0,0.34
Mon Jul 27 12:35:59 UTC 2026,1785155759,0,0.32
Mon Jul 27 12:36:16 UTC 2026,1785155776,0,0.39
Mon Jul 27 12:37:08 UTC 2026,1785155828,0,0.4
Mon Jul 27 12:37:25 UTC 2026,1785155845,0,0.33
Mon Jul 27 12:38:42 UTC 2026,1785155922,0,0.4
Mon Jul 27 12:40:04 UTC 2026,1785156004,0,0.33
Mon Jul 27 12:41:07 UTC 2026,1785156067,0,0.39
Mon Jul 27 12:42:06 UTC 2026,1785156126,0,0.33
Mon Jul 27 12:42:20 UTC 2026,1785156140,0,0.41
Mon Jul 27 12:43:41 UTC 2026,1785156221,0,0.34
Mon Jul 27 12:44:18 UTC 2026,1785156258,0,0.39
Mon Jul 27 12:45:27 UTC 2026,1785156327,0,0.4
Mon Jul 27 12:46:42 UTC 2026,1785156402,0,0.3
Mon Jul 27 12:47:01 UTC 2026,1785156421,0,0.4
Mon Jul 27 12:47:09 UTC 2026,1785156429,0,0.34
Mon Jul 27 12:49:30 UTC 2026,1785156570,0,0.39
Mon Jul 27 12:50:30 UTC 2026,1785156630,0,0.41
Mon Jul 27 12:50:52 UTC 2026,1785156652,0,0.34
Mon Jul 27 12:52:13 UTC 2026,1785156733,0,0.4
Mon Jul 27 12:52:37 UTC 2026,1785156757,0,0.35
Mon Jul 27 12:54:34 UTC 2026,1785156874,0,0.31
Mon Jul 27 12:54:52 UTC 2026,1785156892,0,0.4
Mon Jul 27 12:55:20 UTC 2026,1785156920,0,0.33
Mon Jul 27 12:56:27 UTC 2026,1785156987,0,0.4
Mon Jul 27 12:58:03 UTC 2026,1785157083,0,0.33
Mon Jul 27 12:58:35 UTC 2026,1785157115,0,0.35
Mon Jul 27 12:59:15 UTC 2026,1785157155,0,0.4
Mon Jul 27 13:00:19 UTC 2026,1785157219,0,0.34
Mon Jul 27 13:00:23 UTC 2026,1785157223,0,0.4
Mon Jul 27 13:02:21 UTC 2026,1785157341,0,0.35
Mon Jul 27 13:02:30 UTC 2026,1785157350,0,0.4
Mon Jul 27 13:04:45 UTC 2026,1785157485,0,0.31
Mon Jul 27 13:05:09 UTC 2026,1785157509,0,0.4
Mon Jul 27 13:05:49 UTC 2026,1785157549,0,0.35
Mon Jul 27 13:07:34 UTC 2026,1785157654,0,0.4
Mon Jul 27 13:08:10 UTC 2026,1785157690,0,0.31
Mon Jul 27 13:09:35 UTC 2026,1785157775,0,0.33
Mon Jul 27 13:09:41 UTC 2026,1785157781,0,0.41
Mon Jul 27 13:10:03 UTC 2026,1785157803,0,0.4
Mon Jul 27 13:11:16 UTC 2026,1785157876,0,0.34
Mon Jul 27 13:11:53 UTC 2026,1785157913,0,0.35
Mon Jul 27 13:12:23 UTC 2026,1785157943,0,0.41
Mon Jul 27 13:14:08 UTC 2026,1785158048,0,0.42
Mon Jul 27 13:14:17 UTC 2026,1785158057,0,0.35
Mon Jul 27 13:15:30 UTC 2026,1785158130,0,0.34
Mon Jul 27 13:15:39 UTC 2026,1785158139,0,0.4
Mon Jul 27 13:17:27 UTC 2026,1785158247,0,0.42
Mon Jul 27 13:17:32 UTC 2026,1785158252,0,0.34
Mon Jul 27 13:18:35 UTC 2026,1785158315,0,0.36
Mon Jul 27 13:18:49 UTC 2026,1785158329,0,0.4
Mon Jul 27 13:20:20 UTC 2026,1785158420,0,0.34
Mon Jul 27 13:21:42 UTC 2026,1785158502,0,0.42
Mon Jul 27 13:22:40 UTC 2026,1785158560,0,0.3
Mon Jul 27 13:23:16 UTC 2026,1785158596,0,0.35
Mon Jul 27 13:24:38 UTC 2026,1785158678,0,0.44
Mon Jul 27 13:25:10 UTC 2026,1785158710,0,0.34
Mon Jul 27 13:26:18 UTC 2026,1785158778,0,0.43
Mon Jul 27 13:27:04 UTC 2026,1785158824,0,0.42
Mon Jul 27 13:27:45 UTC 2026,1785158865,0,0.34
Mon Jul 27 13:28:25 UTC 2026,1785158905,0,0.4
Mon Jul 27 13:28:52 UTC 2026,1785158932,0,0.33
Mon Jul 27 13:30:54 UTC 2026,1785159054,0,0.35
Mon Jul 27 13:30:59 UTC 2026,1785159059,0,0.41
Mon Jul 27 13:32:21 UTC 2026,1785159141,0,0.33
Mon Jul 27 13:32:52 UTC 2026,1785159172,0,0.41
Mon Jul 27 13:34:04 UTC 2026,1785159244,0,0.4
Mon Jul 27 13:34:09 UTC 2026,1785159249,0,0.31
Mon Jul 27 13:34:55 UTC 2026,1785159295,0,0.4
Mon Jul 27 13:35:40 UTC 2026,1785159340,0,0.33
Mon Jul 27 13:36:44 UTC 2026,1785159404,0,0.4
Mon Jul 27 13:36:48 UTC 2026,1785159408,0,0.34
Mon Jul 27 13:38:41 UTC 2026,1785159521,0,0.33
Mon Jul 27 13:38:51 UTC 2026,1785159531,0,0.38
Mon Jul 27 13:40:21 UTC 2026,1785159621,0,0.4
Mon Jul 27 13:40:57 UTC 2026,1785159657,0,0.27
Mon Jul 27 13:41:28 UTC 2026,1785159688,0,0.41
Mon Jul 27 13:42:05 UTC 2026,1785159725,0,0.31
Mon Jul 27 13:44:22 UTC 2026,1785159862,0,0.39
Mon Jul 27 13:44:39 UTC 2026,1785159879,0,0.32
Mon Jul 27 13:45:43 UTC 2026,1785159943,0,0.4
Mon Jul 27 13:46:37 UTC 2026,1785159997,0,0.31
Mon Jul 27 13:47:10 UTC 2026,1785160030,0,0.43
Mon Jul 27 13:49:12 UTC 2026,1785160152,0,0.41
Mon Jul 27 13:49:20 UTC 2026,1785160160,0,0.33
Mon Jul 27 13:49:52 UTC 2026,1785160192,0,0.4
Mon Jul 27 13:50:19 UTC 2026,1785160219,0,0.32
Mon Jul 27 13:51:19 UTC 2026,1785160279,0,0.33
Mon Jul 27 13:52:34 UTC 2026,1785160354,0,0.41
Mon Jul 27 13:53:34 UTC 2026,1785160414,0,0.4
Mon Jul 27 13:53:38 UTC 2026,1785160418,0,0.33
Mon Jul 27 13:55:50 UTC 2026,1785160550,0,0.39
Mon Jul 27 13:55:55 UTC 2026,1785160555,0,0.28
Mon Jul 27 13:56:22 UTC 2026,1785160582,0,0.31
Mon Jul 27 13:56:26 UTC 2026,1785160586,0,0.41
Mon Jul 27 13:58:29 UTC 2026,1785160709,0,0.42
Mon Jul 27 13:59:05 UTC 2026,1785160745,0,0.29
Mon Jul 27 14:00:22 UTC 2026,1785160822,0,0.33
Mon Jul 27 14:00:49 UTC 2026,1785160849,0,0.43
Mon Jul 27 14:01:25 UTC 2026,1785160885,0,0.39
Mon Jul 27 14:02:25 UTC 2026,1785160945,0,0.34
Mon Jul 27 14:03:23 UTC 2026,1785161003,0,0.39
Mon Jul 27 14:04:49 UTC 2026,1785161089,0,0.38
Mon Jul 27 14:05:54 UTC 2026,1785161154,0,0.34
Mon Jul 27 14:07:23 UTC 2026,1785161243,0,0.32
Mon Jul 27 14:07:33 UTC 2026,1785161253,0,0.4
Mon Jul 27 14:08:09 UTC 2026,1785161289,0,0.34
Mon Jul 27 14:09:03 UTC 2026,1785161343,0,0.41
Mon Jul 27 14:09:31 UTC 2026,1785161371,0,0.39
Mon Jul 27 14:10:30 UTC 2026,1785161430,0,0.32
Mon Jul 27 14:11:33 UTC 2026,1785161493,0,0.41
Mon Jul 27 14:11:51 UTC 2026,1785161511,0,0.33
Mon Jul 27 14:12:50 UTC 2026,1785161570,0,0.39
Mon Jul 27 14:13:03 UTC 2026,1785161583,0,0.33
Mon Jul 27 14:14:26 UTC 2026,1785161666,0,0.39
Mon Jul 27 14:16:00 UTC 2026,1785161760,0,0.34
Mon Jul 27 14:16:32 UTC 2026,1785161792,0,0.4
Mon Jul 27 14:17:09 UTC 2026,1785161829,0,0.3
Mon Jul 27 14:17:54 UTC 2026,1785161874,0,0.4
Mon Jul 27 14:18:43 UTC 2026,1785161923,0,0.34
Mon Jul 27 14:20:13 UTC 2026,1785162013,0,0.31
Mon Jul 27 14:20:50 UTC 2026,1785162050,0,0.41
Mon Jul 27 14:21:27 UTC 2026,1785162087,0,0.34
Mon Jul 27 14:21:50 UTC 2026,1785162110,0,0.4
Mon Jul 27 14:23:29 UTC 2026,1785162209,0,0.33
Mon Jul 27 14:24:27 UTC 2026,1785162267,0,0.42
Mon Jul 27 14:25:09 UTC 2026,1785162309,0,0.32
Mon Jul 27 14:26:21 UTC 2026,1785162381,0,0.33
Mon Jul 27 14:26:26 UTC 2026,1785162386,0,0.42
Mon Jul 27 14:27:47 UTC 2026,1785162467,0,0.41
Mon Jul 27 14:29:01 UTC 2026,1785162541,0,0.33
Mon Jul 27 14:29:32 UTC 2026,1785162572,0,0.41
Mon Jul 27 14:30:09 UTC 2026,1785162609,0,0.3
Mon Jul 27 14:31:34 UTC 2026,1785162694,0,0.4
Mon Jul 27 14:32:05 UTC 2026,1785162725,0,0.32
Mon Jul 27 14:33:37 UTC 2026,1785162817,0,0.41
Mon Jul 27 14:34:35 UTC 2026,1785162875,0,0.4
Mon Jul 27 14:35:07 UTC 2026,1785162907,0,0.29
Mon Jul 27 14:36:43 UTC 2026,1785163003,0,0.41
Mon Jul 27 14:37:14 UTC 2026,1785163034,0,0.33
Mon Jul 27 14:37:37 UTC 2026,1785163057,0,0.42
Mon Jul 27 14:38:21 UTC 2026,1785163101,0,0.34
Mon Jul 27 14:39:16 UTC 2026,1785163156,0,0.44
Mon Jul 27 14:39:21 UTC 2026,1785163161,0,0.34
Mon Jul 27 14:40:56 UTC 2026,1785163256,0,0.33
Mon Jul 27 14:41:23 UTC 2026,1785163283,0,0.43
Mon Jul 27 14:43:31 UTC 2026,1785163411,0,0.41
Mon Jul 27 14:43:44 UTC 2026,1785163424,0,0.31
Mon Jul 27 14:44:21 UTC 2026,1785163461,0,0.43
Mon Jul 27 14:44:48 UTC 2026,1785163488,0,0.34
Mon Jul 27 14:46:09 UTC 2026,1785163569,0,0.43
Mon Jul 27 14:46:27 UTC 2026,1785163587,0,0.31
Mon Jul 27 14:47:27 UTC 2026,1785163647,0,0.33
Mon Jul 27 14:47:59 UTC 2026,1785163679,0,0.41
Mon Jul 27 14:50:36 UTC 2026,1785163836,0,0.35
Mon Jul 27 14:51:31 UTC 2026,1785163891,0,0.44
Mon Jul 27 14:51:41 UTC 2026,1785163901,0,0.33
Mon Jul 27 14:52:36 UTC 2026,1785163956,0,0.4
Mon Jul 27 14:53:11 UTC 2026,1785163991,0,0.29
Mon Jul 27 14:54:18 UTC 2026,1785164058,0,0.34
Mon Jul 27 14:54:28 UTC 2026,1785164068,0,0.44
Mon Jul 27 14:55:51 UTC 2026,1785164151,0,0.45
Mon Jul 27 14:55:55 UTC 2026,1785164155,0,0.32
Mon Jul 27 14:57:20 UTC 2026,1785164240,0,0.43
Mon Jul 27 14:57:34 UTC 2026,1785164254,0,0.3
Mon Jul 27 14:59:04 UTC 2026,1785164344,0,0.45
Mon Jul 27 14:59:33 UTC 2026,1785164373,0,0.23
Mon Jul 27 15:00:58 UTC 2026,1785164458,0,0.42
Mon Jul 27 15:01:26 UTC 2026,1785164486,0,0.33
Mon Jul 27 15:02:15 UTC 2026,1785164535,0,0.43
Mon Jul 27 15:02:37 UTC 2026,1785164557,0,0.28
Mon Jul 27 15:04:40 UTC 2026,1785164680,0,0.43
Mon Jul 27 15:05:21 UTC 2026,1785164721,0,0.32
Mon Jul 27 15:05:48 UTC 2026,1785164748,0,0.42
Mon Jul 27 15:06:52 UTC 2026,1785164812,0,0.33
Mon Jul 27 15:08:09 UTC 2026,1785164889,0,0.29
Mon Jul 27 15:08:27 UTC 2026,1785164907,0,0.45
Mon Jul 27 15:08:53 UTC 2026,1785164933,0,0.43
Mon Jul 27 15:09:40 UTC 2026,1785164980,0,0.31
Mon Jul 27 15:11:37 UTC 2026,1785165097,0,0.28
Mon Jul 27 15:11:47 UTC 2026,1785165107,0,0.43
Mon Jul 27 15:12:09 UTC 2026,1785165129,0,0.34
Mon Jul 27 15:12:41 UTC 2026,1785165161,0,0.43
Mon Jul 27 15:14:24 UTC 2026,1785165264,0,0.44
Mon Jul 27 15:14:57 UTC 2026,1785165297,0,0.33
Mon Jul 27 15:15:51 UTC 2026,1785165351,0,0.45
Mon Jul 27 15:16:50 UTC 2026,1785165410,0,0.29
Mon Jul 27 15:17:08 UTC 2026,1785165428,0,0.32
Mon Jul 27 15:17:22 UTC 2026,1785165442,0,0.46
Mon Jul 27 15:19:25 UTC 2026,1785165565,0,0.45
Mon Jul 27 15:20:06 UTC 2026,1785165606,0,0.31
Mon Jul 27 15:20:51 UTC 2026,1785165651,0,0.43
Mon Jul 27 15:21:27 UTC 2026,1785165687,0,0.31
Mon Jul 27 15:22:30 UTC 2026,1785165750,0,0.43
Mon Jul 27 15:23:16 UTC 2026,1785165796,0,0.28
Mon Jul 27 15:23:56 UTC 2026,1785165836,0,0.45
Mon Jul 27 15:25:10 UTC 2026,1785165910,0,0.29
Mon Jul 27 15:25:31 UTC 2026,1785165931,0,0.44
Mon Jul 27 15:26:49 UTC 2026,1785166009,0,0.3
Mon Jul 27 15:27:25 UTC 2026,1785166045,0,0.42
Mon Jul 27 15:27:57 UTC 2026,1785166077,0,0.25
Mon Jul 27 15:29:59 UTC 2026,1785166199,0,0.45
Mon Jul 27 15:30:08 UTC 2026,1785166208,0,0.24
Mon Jul 27 15:30:45 UTC 2026,1785166245,0,0.42
Mon Jul 27 15:31:07 UTC 2026,1785166267,0,0.31
Mon Jul 27 15:32:38 UTC 2026,1785166358,0,0.52
Mon Jul 27 15:33:09 UTC 2026,1785166389,0,0.32
Mon Jul 27 15:34:27 UTC 2026,1785166467,0,0.47
Mon Jul 27 15:35:08 UTC 2026,1785166508,0,0.34
Mon Jul 27 15:35:26 UTC 2026,1785166526,0,0.4
Mon Jul 27 15:36:20 UTC 2026,1785166580,0,0.31
Mon Jul 27 15:37:10 UTC 2026,1785166630,0,0.42
Mon Jul 27 15:37:41 UTC 2026,1785166661,0,0.33
Mon Jul 27 15:39:08 UTC 2026,1785166748,0,0.3
Mon Jul 27 15:39:17 UTC 2026,1785166757,0,0.42
Mon Jul 27 15:41:47 UTC 2026,1785166907,0,0.34
Mon Jul 27 15:42:09 UTC 2026,1785166929,0,0.41
Mon Jul 27 15:43:08 UTC 2026,1785166988,0,0.33
Mon Jul 27 15:44:56 UTC 2026,1785167096,0,0.42
Mon Jul 27 15:45:56 UTC 2026,1785167156,0,0.46
Mon Jul 27 15:46:18 UTC 2026,1785167178,0,0.3
Mon Jul 27 15:47:09 UTC 2026,1785167229,0,0.46
Mon Jul 27 15:47:39 UTC 2026,1785167259,0,0.28
Mon Jul 27 15:48:34 UTC 2026,1785167314,0,0.34
Mon Jul 27 15:49:19 UTC 2026,1785167359,0,0.41
Mon Jul 27 15:51:08 UTC 2026,1785167468,0,0.33
Mon Jul 27 15:52:43 UTC 2026,1785167563,0,0.41
Mon Jul 27 15:53:14 UTC 2026,1785167594,0,0.32
Mon Jul 27 15:53:39 UTC 2026,1785167619,0,0.33
Mon Jul 27 15:54:47 UTC 2026,1785167687,0,0.41
Mon Jul 27 15:56:16 UTC 2026,1785167776,0,0.31
Mon Jul 27 15:57:06 UTC 2026,1785167826,0,0.4
Mon Jul 27 15:58:20 UTC 2026,1785167900,0,0.31
Mon Jul 27 15:58:42 UTC 2026,1785167922,0,0.43
Mon Jul 27 15:59:37 UTC 2026,1785167977,0,0.33
Mon Jul 27 16:00:48 UTC 2026,1785168048,0,0.32
Mon Jul 27 16:01:30 UTC 2026,1785168090,0,0.42
Mon Jul 27 16:01:44 UTC 2026,1785168104,0,0.4
Mon Jul 27 16:02:15 UTC 2026,1785168135,0,0.33
Mon Jul 27 16:03:23 UTC 2026,1785168203,0,0.39
Mon Jul 27 16:04:48 UTC 2026,1785168288,0,0.31
Mon Jul 27 16:05:43 UTC 2026,1785168343,0,0.26
Mon Jul 27 16:06:11 UTC 2026,1785168371,0,0.43
Mon Jul 27 16:06:56 UTC 2026,1785168416,0,0.33
Mon Jul 27 16:07:36 UTC 2026,1785168456,0,0.42
Mon Jul 27 16:08:36 UTC 2026,1785168516,0,0.33
Mon Jul 27 16:09:26 UTC 2026,1785168566,0,0.42
Mon Jul 27 16:10:07 UTC 2026,1785168607,0,0.4
Mon Jul 27 16:10:20 UTC 2026,1785168620,0,0.36
Mon Jul 27 16:11:46 UTC 2026,1785168706,0,0.34
Mon Jul 27 16:12:36 UTC 2026,1785168756,0,0.41
Mon Jul 27 16:13:12 UTC 2026,1785168792,0,0.4
Mon Jul 27 16:13:45 UTC 2026,1785168825,0,0.32
Mon Jul 27 16:15:38 UTC 2026,1785168938,0,0.39
Mon Jul 27 16:15:55 UTC 2026,1785168955,0,0.33
Mon Jul 27 16:16:50 UTC 2026,1785169010,0,0.39
Mon Jul 27 16:17:18 UTC 2026,1785169038,0,0.3
Mon Jul 27 16:18:16 UTC 2026,1785169096,0,0.4
Mon Jul 27 16:18:52 UTC 2026,1785169132,0,0.33
Mon Jul 27 16:20:18 UTC 2026,1785169218,0,0.4
Mon Jul 27 16:20:50 UTC 2026,1785169250,0,0.33
Mon Jul 27 16:22:17 UTC 2026,1785169337,0,0.41
Mon Jul 27 16:22:44 UTC 2026,1785169364,0,0.33
Mon Jul 27 16:23:06 UTC 2026,1785169386,0,0.4
Mon Jul 27 16:23:46 UTC 2026,1785169426,0,0.27
Mon Jul 27 16:25:09 UTC 2026,1785169509,0,0.39
Mon Jul 27 16:25:32 UTC 2026,1785169532,0,0.32
Mon Jul 27 16:26:26 UTC 2026,1785169586,0,0.31
Mon Jul 27 16:27:21 UTC 2026,1785169641,0,0.43
Mon Jul 27 16:28:24 UTC 2026,1785169704,0,0.47
Mon Jul 27 16:29:05 UTC 2026,1785169745,0,0.29
Mon Jul 27 16:29:49 UTC 2026,1785169789,0,0.46
Mon Jul 27 16:30:13 UTC 2026,1785169813,0,0.32
Mon Jul 27 16:31:43 UTC 2026,1785169903,0,0.4
Mon Jul 27 16:32:06 UTC 2026,1785169926,0,0.32
Mon Jul 27 16:33:31 UTC 2026,1785170011,0,0.43
Mon Jul 27 16:33:46 UTC 2026,1785170026,0,0.32
Mon Jul 27 16:35:16 UTC 2026,1785170116,0,0.29
Mon Jul 27 16:36:02 UTC 2026,1785170162,0,0.42
Mon Jul 27 16:36:19 UTC 2026,1785170179,0,0.41
Mon Jul 27 16:37:06 UTC 2026,1785170226,0,0.28
Mon Jul 27 16:38:17 UTC 2026,1785170297,0,0.33
Mon Jul 27 16:38:21 UTC 2026,1785170301,0,0.43
Mon Jul 27 16:40:02 UTC 2026,1785170402,0,0.32
Mon Jul 27 16:40:20 UTC 2026,1785170420,0,0.4
Mon Jul 27 16:41:24 UTC 2026,1785170484,0,0.45
Mon Jul 27 16:42:00 UTC 2026,1785170520,0,0.31
Mon Jul 27 16:42:58 UTC 2026,1785170578,0,0.39
Mon Jul 27 16:43:44 UTC 2026,1785170624,0,0.32
Mon Jul 27 16:45:33 UTC 2026,1785170733,0,0.33
Mon Jul 27 16:45:42 UTC 2026,1785170742,0,0.4
Mon Jul 27 16:46:46 UTC 2026,1785170806,0,0.44
Mon Jul 27 16:47:40 UTC 2026,1785170860,0,0.33
Mon Jul 27 16:47:53 UTC 2026,1785170873,0,0.3
Mon Jul 27 16:49:28 UTC 2026,1785170968,0,0.43
Mon Jul 27 16:49:34 UTC 2026,1785170974,0,0.33
Mon Jul 27 16:49:47 UTC 2026,1785170987,0,0.39
Mon Jul 27 16:51:45 UTC 2026,1785171105,0,0.4
Mon Jul 27 16:51:58 UTC 2026,1785171118,0,0.33
Mon Jul 27 16:53:47 UTC 2026,1785171227,0,0.39
Mon Jul 27 16:54:04 UTC 2026,1785171244,0,0.31
Mon Jul 27 16:55:27 UTC 2026,1785171327,0,0.38
Mon Jul 27 16:56:21 UTC 2026,1785171381,0,0.31
Mon Jul 27 16:57:12 UTC 2026,1785171432,0,0.38
Mon Jul 27 16:58:33 UTC 2026,1785171513,0,0.32
Mon Jul 27 16:59:36 UTC 2026,1785171576,0,0.39
Mon Jul 27 17:00:04 UTC 2026,1785171604,0,0.26
Mon Jul 27 17:01:47 UTC 2026,1785171707,0,0.34
Mon Jul 27 17:02:02 UTC 2026,1785171722,0,0.39
Mon Jul 27 17:02:42 UTC 2026,1785171762,0,0.4
Mon Jul 27 17:03:05 UTC 2026,1785171785,0,0.31
Mon Jul 27 17:04:26 UTC 2026,1785171866,0,0.34
Mon Jul 27 17:04:40 UTC 2026,1785171880,0,0.4
Mon Jul 27 17:06:19 UTC 2026,1785171979,0,0.41
Mon Jul 27 17:06:24 UTC 2026,1785171984,0,0.33
Mon Jul 27 17:07:42 UTC 2026,1785172062,0,0.35
Mon Jul 27 17:07:59 UTC 2026,1785172079,0,0.38
Mon Jul 27 17:10:01 UTC 2026,1785172201,0,0.33
Mon Jul 27 17:10:39 UTC 2026,1785172239,0,0.41
Mon Jul 27 17:11:37 UTC 2026,1785172297,0,0.33
Mon Jul 27 17:11:41 UTC 2026,1785172301,0,0.4
Mon Jul 27 17:13:02 UTC 2026,1785172382,0,0.33
Mon Jul 27 17:13:08 UTC 2026,1785172388,0,0.39
Mon Jul 27 17:14:43 UTC 2026,1785172483,0,0.4
Mon Jul 27 17:15:46 UTC 2026,1785172546,0,0.33
Mon Jul 27 17:16:00 UTC 2026,1785172560,0,0.4
Mon Jul 27 17:16:58 UTC 2026,1785172618,0,0.33
Mon Jul 27 17:17:58 UTC 2026,1785172678,0,0.29
Mon Jul 27 17:18:34 UTC 2026,1785172714,0,0.38
Mon Jul 27 17:20:00 UTC 2026,1785172800,0,0.4
Mon Jul 27 17:20:05 UTC 2026,1785172805,0,0.34
Mon Jul 27 17:21:17 UTC 2026,1785172877,0,0.39
Mon Jul 27 17:21:53 UTC 2026,1785172913,0,0.35
Mon Jul 27 17:23:07 UTC 2026,1785172987,0,0.4
Mon Jul 27 17:25:04 UTC 2026,1785173104,0,0.34
Mon Jul 27 17:25:44 UTC 2026,1785173144,0,0.4
Mon Jul 27 17:26:30 UTC 2026,1785173190,0,0.35
Mon Jul 27 17:28:18 UTC 2026,1785173298,0,0.33
Mon Jul 27 17:28:51 UTC 2026,1785173331,0,0.39
Mon Jul 27 17:29:18 UTC 2026,1785173358,0,0.31
Mon Jul 27 17:30:12 UTC 2026,1785173412,0,0.41
Mon Jul 27 17:30:45 UTC 2026,1785173445,0,0.33
Mon Jul 27 17:31:26 UTC 2026,1785173486,0,0.39
Mon Jul 27 17:33:41 UTC 2026,1785173621,0,0.33
Mon Jul 27 17:34:09 UTC 2026,1785173649,0,0.34
Mon Jul 27 17:34:18 UTC 2026,1785173658,0,0.38
Mon Jul 27 17:35:52 UTC 2026,1785173752,0,0.39
Mon Jul 27 17:36:11 UTC 2026,1785173771,0,0.26
Mon Jul 27 17:37:33 UTC 2026,1785173853,0,0.35
Mon Jul 27 17:38:40 UTC 2026,1785173920,0,0.39
Mon Jul 27 17:39:03 UTC 2026,1785173943,0,0.34
Mon Jul 27 17:40:02 UTC 2026,1785174002,0,0.39
Mon Jul 27 17:41:56 UTC 2026,1785174116,0,0.35
Mon Jul 27 17:42:32 UTC 2026,1785174152,0,0.42
Mon Jul 27 17:42:49 UTC 2026,1785174169,0,0.33
Mon Jul 27 17:44:02 UTC 2026,1785174242,0,0.35
Mon Jul 27 17:45:06 UTC 2026,1785174306,0,0.41
Mon Jul 27 17:46:09 UTC 2026,1785174369,0,0.35
Mon Jul 27 17:48:11 UTC 2026,1785174491,0,0.34
Mon Jul 27 17:48:34 UTC 2026,1785174514,0,0.4
Mon Jul 27 17:49:06 UTC 2026,1785174546,0,0.42
Mon Jul 27 17:49:10 UTC 2026,1785174550,0,0.33
Mon Jul 27 17:52:07 UTC 2026,1785174727,0,0.39
Mon Jul 27 17:52:21 UTC 2026,1785174741,0,0.34
Mon Jul 27 17:53:34 UTC 2026,1785174814,0,0.4
Mon Jul 27 17:54:23 UTC 2026,1785174863,0,0.3
Mon Jul 27 17:56:08 UTC 2026,1785174968,0,0.4
Mon Jul 27 17:56:16 UTC 2026,1785174976,0,0.35
Mon Jul 27 17:58:15 UTC 2026,1785175095,0,0.41
Mon Jul 27 17:58:50 UTC 2026,1785175130,0,0.35
Mon Jul 27 17:59:04 UTC 2026,1785175144,0,0.39
Mon Jul 27 18:01:03 UTC 2026,1785175263,0,0.4
Mon Jul 27 18:01:21 UTC 2026,1785175281,0,0.35
Mon Jul 27 18:02:42 UTC 2026,1785175362,0,0.39
Mon Jul 27 18:02:55 UTC 2026,1785175375,0,0.35
Mon Jul 27 18:04:03 UTC 2026,1785175443,0,0.41
Mon Jul 27 18:05:06 UTC 2026,1785175506,0,0.34
Mon Jul 27 18:05:30 UTC 2026,1785175530,0,0.41
Mon Jul 27 18:05:43 UTC 2026,1785175543,0,0.35
Mon Jul 27 18:07:09 UTC 2026,1785175629,0,0.41
Mon Jul 27 18:09:03 UTC 2026,1785175743,0,0.36
Mon Jul 27 18:09:35 UTC 2026,1785175775,0,0.42
Mon Jul 27 18:10:37 UTC 2026,1785175837,0,0.34
Mon Jul 27 18:11:01 UTC 2026,1785175861,0,0.39
Mon Jul 27 18:12:05 UTC 2026,1785175925,0,0.4
Mon Jul 27 18:12:27 UTC 2026,1785175947,0,0.28
Mon Jul 27 18:14:33 UTC 2026,1785176073,0,0.36
Mon Jul 27 18:15:10 UTC 2026,1785176110,0,0.41
Mon Jul 27 18:15:33 UTC 2026,1785176133,0,0.4
Mon Jul 27 18:15:37 UTC 2026,1785176137,0,0.36
Mon Jul 27 18:17:26 UTC 2026,1785176246,0,0.41
Mon Jul 27 18:18:29 UTC 2026,1785176309,0,0.36
Mon Jul 27 18:18:43 UTC 2026,1785176323,0,0.4
Mon Jul 27 18:19:10 UTC 2026,1785176350,0,0.36
Mon Jul 27 18:20:19 UTC 2026,1785176419,0,0.35
Mon Jul 27 18:20:55 UTC 2026,1785176455,0,0.42
Mon Jul 27 18:22:44 UTC 2026,1785176564,0,0.43
Mon Jul 27 18:22:57 UTC 2026,1785176577,0,0.35
Mon Jul 27 18:23:33 UTC 2026,1785176613,0,0.36
Mon Jul 27 18:24:15 UTC 2026,1785176655,0,0.41
Mon Jul 27 18:26:00 UTC 2026,1785176760,0,0.35
Mon Jul 27 18:27:02 UTC 2026,1785176822,0,0.36
Mon Jul 27 18:27:48 UTC 2026,1785176868,0,0.4
Mon Jul 27 18:28:33 UTC 2026,1785176913,0,0.35
Mon Jul 27 18:29:59 UTC 2026,1785176999,0,0.41
Mon Jul 27 18:30:31 UTC 2026,1785177031,0,0.31
Mon Jul 27 18:31:16 UTC 2026,1785177076,0,0.4
Mon Jul 27 18:31:57 UTC 2026,1785177117,0,0.41
Mon Jul 27 18:32:06 UTC 2026,1785177126,0,0.37
Mon Jul 27 18:34:13 UTC 2026,1785177253,0,0.36
Mon Jul 27 18:34:23 UTC 2026,1785177263,0,0.41
Mon Jul 27 18:35:31 UTC 2026,1785177331,0,0.36
Mon Jul 27 18:37:20 UTC 2026,1785177440,0,0.37
Mon Jul 27 18:38:18 UTC 2026,1785177498,0,0.42
Mon Jul 27 18:38:54 UTC 2026,1785177534,0,0.38
Mon Jul 27 18:39:27 UTC 2026,1785177567,0,0.43
Mon Jul 27 18:40:12 UTC 2026,1785177612,0,0.42
Mon Jul 27 18:40:56 UTC 2026,1785177656,0,0.36
Mon Jul 27 18:42:31 UTC 2026,1785177751,0,0.37
Mon Jul 27 18:42:45 UTC 2026,1785177765,0,0.41
Mon Jul 27 18:43:23 UTC 2026,1785177803,0,0.37
Mon Jul 27 18:43:27 UTC 2026,1785177807,0,0.41
Mon Jul 27 18:45:15 UTC 2026,1785177915,0,0.4
Mon Jul 27 18:46:14 UTC 2026,1785177974,0,0.36
Mon Jul 27 18:46:56 UTC 2026,1785178016,0,0.41
Mon Jul 27 18:47:54 UTC 2026,1785178074,0,0.35
Mon Jul 27 18:48:39 UTC 2026,1785178119,0,0.26
Mon Jul 27 18:49:20 UTC 2026,1785178160,0,0.43
Mon Jul 27 18:50:15 UTC 2026,1785178215,0,0.44
Mon Jul 27 18:51:09 UTC 2026,1785178269,0,0.37
Mon Jul 27 18:52:57 UTC 2026,1785178377,0,0.44
Mon Jul 27 18:53:16 UTC 2026,1785178396,0,0.42
Mon Jul 27 18:53:43 UTC 2026,1785178423,0,0.39
Mon Jul 27 18:54:56 UTC 2026,1785178496,0,0.38
Mon Jul 27 18:55:32 UTC 2026,1785178532,0,0.43
Mon Jul 27 18:57:16 UTC 2026,1785178636,0,0.37
Mon Jul 27 18:58:33 UTC 2026,1785178713,0,0.36
Mon Jul 27 18:58:52 UTC 2026,1785178732,0,0.43
Mon Jul 27 19:00:00 UTC 2026,1785178800,0,0.42
Mon Jul 27 19:00:49 UTC 2026,1785178849,0,0.38
Mon Jul 27 19:02:38 UTC 2026,1785178958,0,0.36
Mon Jul 27 19:03:01 UTC 2026,1785178981,0,0.43
Mon Jul 27 19:03:22 UTC 2026,1785179002,0,0.42
Mon Jul 27 19:03:37 UTC 2026,1785179017,0,0.37
Mon Jul 27 19:04:50 UTC 2026,1785179090,0,0.42
Mon Jul 27 19:04:54 UTC 2026,1785179094,0,0.37
Mon Jul 27 19:06:43 UTC 2026,1785179203,0,0.31
Mon Jul 27 19:07:46 UTC 2026,1785179266,0,0.43
Mon Jul 27 19:09:29 UTC 2026,1785179369,0,0.38
Mon Jul 27 19:10:06 UTC 2026,1785179406,0,0.42
Mon Jul 27 19:10:52 UTC 2026,1785179452,0,0.39
Mon Jul 27 19:12:18 UTC 2026,1785179538,0,0.38
Mon Jul 27 19:12:32 UTC 2026,1785179552,0,0.42
Mon Jul 27 19:13:22 UTC 2026,1785179602,0,0.43
Mon Jul 27 19:14:25 UTC 2026,1785179665,0,0.38
Mon Jul 27 19:15:06 UTC 2026,1785179706,0,0.45
Mon Jul 27 19:16:05 UTC 2026,1785179765,0,0.38
Mon Jul 27 19:16:59 UTC 2026,1785179819,0,0.43
Mon Jul 27 19:18:04 UTC 2026,1785179884,0,0.38
Mon Jul 27 19:19:02 UTC 2026,1785179942,0,0.43
Mon Jul 27 19:19:52 UTC 2026,1785179992,0,0.39
Mon Jul 27 19:20:55 UTC 2026,1785180055,0,0.43
Mon Jul 27 19:22:54 UTC 2026,1785180174,0,0.38
Mon Jul 27 19:23:24 UTC 2026,1785180204,0,0.42
Mon Jul 27 19:24:01 UTC 2026,1785180241,0,0.37
Mon Jul 27 19:24:50 UTC 2026,1785180290,0,0.31
Mon Jul 27 19:25:36 UTC 2026,1785180336,0,0.42
Mon Jul 27 19:27:16 UTC 2026,1785180436,0,0.5
Mon Jul 27 19:27:48 UTC 2026,1785180468,0,0.33
Mon Jul 27 19:28:14 UTC 2026,1785180494,0,0.46
Mon Jul 27 19:28:18 UTC 2026,1785180498,0,0.26
Mon Jul 27 19:29:41 UTC 2026,1785180581,0,0.33
Mon Jul 27 19:31:02 UTC 2026,1785180662,0,0.46
Mon Jul 27 19:31:16 UTC 2026,1785180676,0,0.42
Mon Jul 27 19:31:34 UTC 2026,1785180694,0,0.37
Mon Jul 27 19:32:55 UTC 2026,1785180775,0,0.43
Mon Jul 27 19:34:27 UTC 2026,1785180867,0,0.35
Mon Jul 27 19:34:31 UTC 2026,1785180871,0,0.54
Mon Jul 27 19:35:25 UTC 2026,1785180925,0,0.34
Mon Jul 27 19:36:37 UTC 2026,1785180997,0,0.36
Mon Jul 27 19:37:46 UTC 2026,1785181066,0,0.44
Mon Jul 27 19:38:54 UTC 2026,1785181134,0,0.48
Mon Jul 27 19:39:03 UTC 2026,1785181143,0,0.34
Mon Jul 27 19:39:52 UTC 2026,1785181192,0,0.28
Mon Jul 27 19:40:15 UTC 2026,1785181215,0,0.44
Mon Jul 27 19:41:24 UTC 2026,1785181284,0,0.43
Mon Jul 27 19:42:04 UTC 2026,1785181324,0,0.32
Mon Jul 27 19:43:08 UTC 2026,1785181388,0,0.33
Mon Jul 27 19:43:57 UTC 2026,1785181437,0,0.43
Mon Jul 27 19:44:34 UTC 2026,1785181474,0,0.37
Mon Jul 27 19:45:55 UTC 2026,1785181555,0,0.43
Mon Jul 27 19:46:18 UTC 2026,1785181578,0,0.36
Mon Jul 27 19:47:12 UTC 2026,1785181632,0,0.46
Mon Jul 27 19:47:43 UTC 2026,1785181663,0,0.43
Mon Jul 27 19:48:10 UTC 2026,1785181690,0,0.36
Mon Jul 27 19:49:29 UTC 2026,1785181769,0,0.44
Mon Jul 27 19:49:37 UTC 2026,1785181777,0,0.36
Mon Jul 27 19:51:03 UTC 2026,1785181863,0,0.44
Mon Jul 27 19:51:26 UTC 2026,1785181886,0,0.36
Mon Jul 27 19:52:52 UTC 2026,1785181972,0,0.45
Mon Jul 27 19:54:50 UTC 2026,1785182090,0,0.36
Mon Jul 27 19:55:17 UTC 2026,1785182117,0,0.43
Mon Jul 27 19:56:01 UTC 2026,1785182161,0,0.36
Mon Jul 27 19:57:11 UTC 2026,1785182231,0,0.43
Mon Jul 27 19:58:49 UTC 2026,1785182329,0,0.36
Mon Jul 27 19:58:59 UTC 2026,1785182339,0,0.43
Mon Jul 27 20:00:52 UTC 2026,1785182452,0,0.35
Mon Jul 27 20:01:02 UTC 2026,1785182462,0,0.3
Mon Jul 27 20:01:24 UTC 2026,1785182484,0,0.43
Mon Jul 27 20:02:58 UTC 2026,1785182578,0,0.36
Mon Jul 27 20:03:08 UTC 2026,1785182588,0,0.44
Mon Jul 27 20:04:12 UTC 2026,1785182652,0,0.37
Mon Jul 27 20:05:33 UTC 2026,1785182733,0,0.43
Mon Jul 27 20:06:41 UTC 2026,1785182801,0,0.36
Mon Jul 27 20:06:50 UTC 2026,1785182810,0,0.43
Mon Jul 27 20:07:49 UTC 2026,1785182869,0,0.36
Mon Jul 27 20:08:34 UTC 2026,1785182914,0,0.46
Mon Jul 27 20:09:25 UTC 2026,1785182965,0,0.37
Mon Jul 27 20:10:28 UTC 2026,1785183028,0,0.42
Mon Jul 27 20:10:50 UTC 2026,1785183050,0,0.37
Mon Jul 27 20:12:09 UTC 2026,1785183129,0,0.42
Mon Jul 27 20:13:20 UTC 2026,1785183200,0,0.36
Mon Jul 27 20:14:19 UTC 2026,1785183259,0,0.42
Mon Jul 27 20:15:18 UTC 2026,1785183318,0,0.36
Mon Jul 27 20:16:36 UTC 2026,1785183396,0,0.43
Mon Jul 27 20:17:34 UTC 2026,1785183454,0,0.45
Mon Jul 27 20:18:55 UTC 2026,1785183535,0,0.34
Mon Jul 27 20:19:05 UTC 2026,1785183545,0,0.32
Mon Jul 27 20:20:41 UTC 2026,1785183641,0,0.42
Mon Jul 27 20:20:49 UTC 2026,1785183649,0,0.36
Mon Jul 27 20:21:02 UTC 2026,1785183662,0,0.42
Mon Jul 27 20:22:24 UTC 2026,1785183744,0,0.41
Mon Jul 27 20:23:29 UTC 2026,1785183809,0,0.35
Mon Jul 27 20:24:04 UTC 2026,1785183844,0,0.43
Mon Jul 27 20:25:17 UTC 2026,1785183917,0,0.36
Mon Jul 27 20:26:11 UTC 2026,1785183971,0,0.44
Mon Jul 27 20:26:16 UTC 2026,1785183976,0,0.34
Mon Jul 27 20:27:42 UTC 2026,1785184062,0,0.36
Mon Jul 27 20:28:40 UTC 2026,1785184120,0,0.43
Mon Jul 27 20:29:07 UTC 2026,1785184147,0,0.37
Mon Jul 27 20:30:11 UTC 2026,1785184211,0,0.44
Mon Jul 27 20:31:42 UTC 2026,1785184302,0,0.42
Mon Jul 27 20:32:14 UTC 2026,1785184334,0,0.33
Mon Jul 27 20:33:30 UTC 2026,1785184410,0,0.35
Mon Jul 27 20:33:49 UTC 2026,1785184429,0,0.44
Mon Jul 27 20:34:25 UTC 2026,1785184465,0,0.43
Mon Jul 27 20:34:38 UTC 2026,1785184478,0,0.36
Mon Jul 27 20:36:18 UTC 2026,1785184578,0,0.35
Mon Jul 27 20:36:24 UTC 2026,1785184584,0,0.43
Mon Jul 27 20:37:31 UTC 2026,1785184651,0,0.32
Mon Jul 27 20:38:11 UTC 2026,1785184691,0,0.41
Mon Jul 27 20:39:20 UTC 2026,1785184760,0,0.36
Mon Jul 27 20:40:19 UTC 2026,1785184819,0,0.45
Mon Jul 27 20:41:40 UTC 2026,1785184900,0,0.36
Mon Jul 27 20:42:02 UTC 2026,1785184922,0,0.42
Mon Jul 27 20:42:11 UTC 2026,1785184931,0,0.43
Mon Jul 27 20:42:48 UTC 2026,1785184968,0,0.36
Mon Jul 27 20:44:23 UTC 2026,1785185063,0,0.44
Mon Jul 27 20:44:32 UTC 2026,1785185072,0,0.34
Mon Jul 27 20:45:31 UTC 2026,1785185131,0,0.33
Mon Jul 27 20:46:03 UTC 2026,1785185163,0,0.44
Mon Jul 27 20:47:06 UTC 2026,1785185226,0,0.36
Mon Jul 27 20:47:30 UTC 2026,1785185250,0,0.43
Mon Jul 27 20:48:45 UTC 2026,1785185325,0,0.47
Mon Jul 27 20:48:55 UTC 2026,1785185335,0,0.35
Mon Jul 27 20:50:39 UTC 2026,1785185439,0,0.36
Mon Jul 27 20:51:11 UTC 2026,1785185471,0,0.42
Mon Jul 27 20:52:24 UTC 2026,1785185544,0,0.37
Mon Jul 27 20:52:46 UTC 2026,1785185566,0,0.43
Mon Jul 27 20:53:54 UTC 2026,1785185634,0,0.41
Mon Jul 27 20:55:12 UTC 2026,1785185712,0,0.37
Mon Jul 27 20:55:25 UTC 2026,1785185725,0,0.33
Mon Jul 27 20:55:52 UTC 2026,1785185752,0,0.43
Mon Jul 27 20:57:04 UTC 2026,1785185824,0,0.36
Mon Jul 27 20:57:14 UTC 2026,1785185834,0,0.47
Mon Jul 27 20:58:40 UTC 2026,1785185920,0,0.43
Mon Jul 27 20:58:44 UTC 2026,1785185924,0,0.38
Mon Jul 27 21:00:28 UTC 2026,1785186028,0,0.44
Mon Jul 27 21:00:32 UTC 2026,1785186032,0,0.37
Mon Jul 27 21:03:12 UTC 2026,1785186192,0,0.45
Mon Jul 27 21:03:57 UTC 2026,1785186237,0,0.43
Mon Jul 27 21:04:37 UTC 2026,1785186277,0,0.36
Mon Jul 27 21:05:46 UTC 2026,1785186346,0,0.33
Mon Jul 27 21:06:14 UTC 2026,1785186374,0,0.47
Mon Jul 27 21:06:55 UTC 2026,1785186415,0,0.44
Mon Jul 27 21:07:08 UTC 2026,1785186428,0,0.34
Mon Jul 27 21:09:28 UTC 2026,1785186568,0,0.44
Mon Jul 27 21:09:56 UTC 2026,1785186596,0,0.35
Mon Jul 27 21:10:54 UTC 2026,1785186654,0,0.33
Mon Jul 27 21:11:49 UTC 2026,1785186709,0,0.46
Mon Jul 27 21:12:02 UTC 2026,1785186722,0,0.44
Mon Jul 27 21:13:19 UTC 2026,1785186799,0,0.33
Mon Jul 27 21:13:33 UTC 2026,1785186813,0,0.31
Mon Jul 27 21:14:13 UTC 2026,1785186853,0,0.43
Mon Jul 27 21:15:31 UTC 2026,1785186931,0,0.35
Mon Jul 27 21:15:48 UTC 2026,1785186948,0,0.42
Mon Jul 27 21:16:52 UTC 2026,1785187012,0,0.36
Mon Jul 27 21:17:55 UTC 2026,1785187075,0,0.44
Mon Jul 27 21:18:32 UTC 2026,1785187112,0,0.43
Mon Jul 27 21:19:57 UTC 2026,1785187197,0,0.37
Mon Jul 27 21:20:25 UTC 2026,1785187225,0,0.41
Mon Jul 27 21:21:43 UTC 2026,1785187303,0,0.33
Mon Jul 27 21:22:59 UTC 2026,1785187379,0,0.42
Mon Jul 27 21:23:18 UTC 2026,1785187398,0,0.33
Mon Jul 27 21:24:39 UTC 2026,1785187479,0,0.41
Mon Jul 27 21:25:12 UTC 2026,1785187512,0,0.42
Mon Jul 27 21:25:29 UTC 2026,1785187529,0,0.36
Mon Jul 27 21:26:47 UTC 2026,1785187607,0,0.41
Mon Jul 27 21:26:55 UTC 2026,1785187615,0,0.37
Mon Jul 27 21:28:54 UTC 2026,1785187734,0,0.44
Mon Jul 27 21:29:57 UTC 2026,1785187797,0,0.33
Mon Jul 27 21:30:06 UTC 2026,1785187806,0,0.4
Mon Jul 27 21:31:31 UTC 2026,1785187891,0,0.3
Mon Jul 27 21:31:45 UTC 2026,1785187905,0,0.34
Mon Jul 27 21:32:08 UTC 2026,1785187928,0,0.42
Mon Jul 27 21:34:11 UTC 2026,1785188051,0,0.41
Mon Jul 27 21:34:24 UTC 2026,1785188064,0,0.33
Mon Jul 27 21:35:19 UTC 2026,1785188119,0,0.41
Mon Jul 27 21:35:23 UTC 2026,1785188123,0,0.34
Mon Jul 27 21:37:12 UTC 2026,1785188232,0,0.32
Mon Jul 27 21:37:40 UTC 2026,1785188260,0,0.41
Mon Jul 27 21:39:18 UTC 2026,1785188358,0,0.35
Mon Jul 27 21:40:09 UTC 2026,1785188409,0,0.4
Mon Jul 27 21:41:21 UTC 2026,1785188481,0,0.34
Mon Jul 27 21:41:40 UTC 2026,1785188500,0,0.32
Mon Jul 27 21:42:43 UTC 2026,1785188563,0,0.4
Mon Jul 27 21:44:17 UTC 2026,1785188657,0,0.33
Mon Jul 27 21:45:49 UTC 2026,1785188749,0,0.4
Mon Jul 27 21:46:02 UTC 2026,1785188762,0,0.33
Mon Jul 27 21:46:56 UTC 2026,1785188816,0,0.4
Mon Jul 27 21:47:00 UTC 2026,1785188820,0,0.33
Mon Jul 27 21:49:13 UTC 2026,1785188953,0,0.27
Mon Jul 27 21:49:26 UTC 2026,1785188966,0,0.4
Mon Jul 27 21:49:48 UTC 2026,1785188988,0,0.33
Mon Jul 27 21:50:43 UTC 2026,1785189043,0,0.41
Mon Jul 27 21:51:37 UTC 2026,1785189097,0,0.4
Mon Jul 27 21:51:42 UTC 2026,1785189102,0,0.34
Mon Jul 27 21:53:49 UTC 2026,1785189229,0,0.41
Mon Jul 27 21:53:53 UTC 2026,1785189233,0,0.32
Mon Jul 27 21:54:57 UTC 2026,1785189297,0,0.33
Mon Jul 27 21:55:05 UTC 2026,1785189305,0,0.4
Mon Jul 27 21:56:45 UTC 2026,1785189405,0,0.33
Mon Jul 27 21:56:51 UTC 2026,1785189411,0,0.38
Mon Jul 27 21:56:55 UTC 2026,1785189415,0,0.37
Mon Jul 27 21:57:18 UTC 2026,1785189438,0,0.32
Mon Jul 27 21:58:02 UTC 2026,1785189482,0,0.42
Mon Jul 27 21:58:12 UTC 2026,1785189492,0,0.41
Mon Jul 27 21:58:30 UTC 2026,1785189510,0,0.34
Mon Jul 27 22:00:28 UTC 2026,1785189628,0,0.45
Mon Jul 27 22:01:18 UTC 2026,1785189678,0,0.26
Mon Jul 27 22:01:41 UTC 2026,1785189701,0,0.22
Mon Jul 27 22:01:45 UTC 2026,1785189705,0,0.3
Mon Jul 27 22:03:11 UTC 2026,1785189791,0,0.33
Mon Jul 27 22:03:39 UTC 2026,1785189819,0,0.22
Mon Jul 27 22:05:14 UTC 2026,1785189914,0,0.29
Mon Jul 27 22:05:51 UTC 2026,1785189951,0,0.39
Mon Jul 27 22:06:45 UTC 2026,1785190005,0,0.27
Mon Jul 27 22:07:39 UTC 2026,1785190059,0,0.4
Mon Jul 27 22:07:58 UTC 2026,1785190078,0,0.25
Mon Jul 27 22:09:33 UTC 2026,1785190173,0,0.42
Mon Jul 27 22:09:37 UTC 2026,1785190177,0,0.34
Mon Jul 27 22:10:41 UTC 2026,1785190241,0,0.42
Mon Jul 27 22:11:17 UTC 2026,1785190277,0,0.35
Mon Jul 27 22:11:21 UTC 2026,1785190281,0,0.41
Mon Jul 27 22:13:42 UTC 2026,1785190422,0,0.34
Mon Jul 27 22:14:04 UTC 2026,1785190444,0,0.43
Mon Jul 27 22:15:04 UTC 2026,1785190504,0,0.44
Mon Jul 27 22:15:22 UTC 2026,1785190522,0,0.34
Mon Jul 27 22:16:21 UTC 2026,1785190581,0,0.32
Mon Jul 27 22:16:25 UTC 2026,1785190585,0,0.45
Mon Jul 27 22:19:09 UTC 2026,1785190749,0,0.44
Mon Jul 27 22:19:22 UTC 2026,1785190762,0,0.35
Mon Jul 27 22:20:12 UTC 2026,1785190812,0,0.33
Mon Jul 27 22:20:20 UTC 2026,1785190820,0,0.43
Mon Jul 27 22:21:48 UTC 2026,1785190908,0,0.37
Mon Jul 27 22:23:59 UTC 2026,1785191039,0,0.46
Mon Jul 27 22:25:02 UTC 2026,1785191102,0,0.45
Mon Jul 27 22:25:57 UTC 2026,1785191157,0,0.31
Mon Jul 27 22:26:47 UTC 2026,1785191207,0,0.34
Mon Jul 27 22:26:56 UTC 2026,1785191216,0,0.45
Mon Jul 27 22:27:50 UTC 2026,1785191270,0,0.44
Mon Jul 27 22:27:54 UTC 2026,1785191274,0,0.34
Mon Jul 27 22:29:25 UTC 2026,1785191365,0,0.36
Mon Jul 27 22:29:29 UTC 2026,1785191369,0,0.43
Mon Jul 27 22:31:59 UTC 2026,1785191519,0,0.34
Mon Jul 27 22:32:03 UTC 2026,1785191523,0,0.45
Mon Jul 27 22:33:34 UTC 2026,1785191614,0,0.34
Mon Jul 27 22:34:14 UTC 2026,1785191654,0,0.47
Mon Jul 27 22:35:14 UTC 2026,1785191714,0,0.49
Mon Jul 27 22:35:46 UTC 2026,1785191746,0,0.27
Mon Jul 27 22:36:53 UTC 2026,1785191813,0,0.48
Mon Jul 27 22:37:03 UTC 2026,1785191823,0,0.31
Mon Jul 27 22:38:38 UTC 2026,1785191918,0,0.24
Mon Jul 27 22:39:10 UTC 2026,1785191950,0,0.47
Mon Jul 27 22:40:32 UTC 2026,1785192032,0,0.57
Mon Jul 27 22:40:49 UTC 2026,1785192049,0,0.27
Mon Jul 27 22:41:02 UTC 2026,1785192062,0,0.24
Mon Jul 27 22:41:58 UTC 2026,1785192118,0,0.53
Mon Jul 27 22:42:39 UTC 2026,1785192159,0,0.47
Mon Jul 27 22:43:01 UTC 2026,1785192181,0,0.26
Mon Jul 27 22:44:31 UTC 2026,1785192271,0,0.45
Mon Jul 27 22:47:02 UTC 2026,1785192422,0,0.13
Mon Jul 27 22:47:19 UTC 2026,1785192439,0,0.57
Mon Jul 27 22:47:37 UTC 2026,1785192457,0,0.23
Mon Jul 27 22:47:42 UTC 2026,1785192462,0,0.52
Mon Jul 27 22:49:21 UTC 2026,1785192561,0,0.36
Mon Jul 27 22:49:54 UTC 2026,1785192594,0,0.46
Mon Jul 27 22:51:28 UTC 2026,1785192688,0,0.45
Mon Jul 27 22:52:05 UTC 2026,1785192725,0,0.32
Mon Jul 27 22:53:36 UTC 2026,1785192816,0,0.48
Mon Jul 27 22:53:46 UTC 2026,1785192826,0,0.38
Mon Jul 27 22:54:21 UTC 2026,1785192861,0,0.46
Mon Jul 27 22:55:07 UTC 2026,1785192907,0,0.34
Mon Jul 27 22:56:46 UTC 2026,1785193006,0,0.47
Mon Jul 27 22:56:55 UTC 2026,1785193015,0,0.34
Mon Jul 27 22:58:53 UTC 2026,1785193133,0,0.44
Mon Jul 27 22:59:02 UTC 2026,1785193142,0,0.35
Mon Jul 27 22:59:17 UTC 2026,1785193157,0,0.51
Mon Jul 27 23:00:28 UTC 2026,1785193228,0,0.3
Mon Jul 27 23:01:18 UTC 2026,1785193278,0,0.43
Mon Jul 27 23:01:28 UTC 2026,1785193288,0,0.33
Mon Jul 27 23:03:02 UTC 2026,1785193382,0,0.32
Mon Jul 27 23:03:16 UTC 2026,1785193396,0,0.47
Mon Jul 27 23:04:51 UTC 2026,1785193491,0,0.44
Mon Jul 27 23:05:19 UTC 2026,1785193519,0,0.26
Mon Jul 27 23:06:22 UTC 2026,1785193582,0,0.25
Mon Jul 27 23:06:44 UTC 2026,1785193604,0,0.45
Mon Jul 27 23:07:25 UTC 2026,1785193645,0,0.41
Mon Jul 27 23:07:48 UTC 2026,1785193668,0,0.24
Mon Jul 27 23:09:23 UTC 2026,1785193763,0,0.22
Mon Jul 27 23:09:42 UTC 2026,1785193782,0,0.52
Mon Jul 27 23:11:34 UTC 2026,1785193894,0,0.27
Mon Jul 27 23:11:52 UTC 2026,1785193912,0,0.5
Mon Jul 27 23:12:25 UTC 2026,1785193945,0,0.28
Mon Jul 27 23:12:29 UTC 2026,1785193949,0,0.47
Mon Jul 27 23:15:13 UTC 2026,1785194113,0,0.26
Mon Jul 27 23:15:17 UTC 2026,1785194117,0,0.44
Mon Jul 27 23:16:02 UTC 2026,1785194162,0,0.41
Mon Jul 27 23:16:39 UTC 2026,1785194199,0,0.18
Mon Jul 27 23:17:24 UTC 2026,1785194244,0,0.47
Mon Jul 27 23:17:37 UTC 2026,1785194257,0,0.21
Mon Jul 27 23:19:30 UTC 2026,1785194370,0,0.4
Mon Jul 27 23:20:03 UTC 2026,1785194403,0,0.23
Mon Jul 27 23:20:49 UTC 2026,1785194449,0,0.45
Mon Jul 27 23:22:00 UTC 2026,1785194520,0,0.04
Mon Jul 27 23:22:41 UTC 2026,1785194561,0,-0.1
Mon Jul 27 23:23:17 UTC 2026,1785194597,0,0.27
Mon Jul 27 23:24:52 UTC 2026,1785194692,0,-0.06
Mon Jul 27 23:25:39 UTC 2026,1785194739,0,-0.12
Mon Jul 27 23:27:04 UTC 2026,1785194824,0,0.17
Mon Jul 27 23:27:45 UTC 2026,1785194865,0,0.04
Mon Jul 27 23:27:49 UTC 2026,1785194869,0,0.33
Mon Jul 27 23:28:53 UTC 2026,1785194933,0,-0.05
Mon Jul 27 23:30:22 UTC 2026,1785195022,0,-2.32
Mon Jul 27 23:30:28 UTC 2026,1785195028,0,-2.44
Mon Jul 27 23:31:39 UTC 2026,1785195099,0,-5.67
Mon Jul 27 23:32:08 UTC 2026,1785195128,0,-5.13
Mon Jul 27 23:33:10 UTC 2026,1785195190,0,-7.07
Mon Jul 27 23:33:51 UTC 2026,1785195231,0,-5.79
Mon Jul 27 23:35:12 UTC 2026,1785195312,0,-3.38
Mon Jul 27 23:35:58 UTC 2026,1785195358,0,-5.6
Mon Jul 27 23:37:02 UTC 2026,1785195422,0,-3.89
Mon Jul 27 23:37:15 UTC 2026,1785195435,0,-3.82
Mon Jul 27 23:37:52 UTC 2026,1785195472,0,-4.8
Mon Jul 27 23:39:08 UTC 2026,1785195548,0,-6.13
Mon Jul 27 23:40:07 UTC 2026,1785195607,0,-3.87
Mon Jul 27 23:40:26 UTC 2026,1785195626,0,-3.2
Mon Jul 27 23:41:48 UTC 2026,1785195708,0,-5.06
Mon Jul 27 23:43:00 UTC 2026,1785195780,0,-5.4
Mon Jul 27 23:43:36 UTC 2026,1785195816,0,-3.8
Mon Jul 27 23:44:36 UTC 2026,1785195876,0,-4.3
Mon Jul 27 23:45:16 UTC 2026,1785195916,0,-2.87
Mon Jul 27 23:45:20 UTC 2026,1785195920,0,-3.13
Mon Jul 27 23:46:18 UTC 2026,1785195978,0,-1.03
Mon Jul 27 23:47:05 UTC 2026,1785196025,0,-1.62
Mon Jul 27 23:47:27 UTC 2026,1785196047,0,-0.55
Mon Jul 27 23:48:36 UTC 2026,1785196116,0,-1.0
Mon Jul 27 23:49:06 UTC 2026,1785196146,0,-3.0
Mon Jul 27 23:50:28 UTC 2026,1785196228,0,-1.35
Mon Jul 27 23:51:23 UTC 2026,1785196283,0,-0.14
Mon Jul 27 23:52:04 UTC 2026,1785196324,0,-0.23
Mon Jul 27 23:52:35 UTC 2026,1785196355,0,0.19
Mon Jul 27 23:53:35 UTC 2026,1785196415,0,-0.04
Mon Jul 27 23:54:24 UTC 2026,1785196464,0,0.3
Mon Jul 27 23:55:50 UTC 2026,1785196550,0,0.11
Mon Jul 27 23:56:03 UTC 2026,1785196563,0,0.41
Mon Jul 27 23:57:07 UTC 2026,1785196627,0,0.07
Mon Jul 27 23:58:11 UTC 2026,1785196691,0,0.47
Mon Jul 27 23:59:15 UTC 2026,1785196755,0,0.39
Mon Jul 27 23:59:28 UTC 2026,1785196768,0,-0.18
Tue Jul 28 00:00:19 UTC 2026,1785196819,0,0.12
Tue Jul 28 00:01:34 UTC 2026,1785196894,0,0.47
Tue Jul 28 00:01:53 UTC 2026,1785196913,0,0.49
Tue Jul 28 00:02:10 UTC 2026,1785196930,0,0.22
Tue Jul 28 00:03:41 UTC 2026,1785197021,0,0.42
Tue Jul 28 00:03:55 UTC 2026,1785197035,0,0.31
Tue Jul 28 00:05:49 UTC 2026,1785197149,0,0.25
Tue Jul 28 00:05:57 UTC 2026,1785197157,0,0.45
Tue Jul 28 00:06:52 UTC 2026,1785197212,0,0.27
Tue Jul 28 00:07:02 UTC 2026,1785197222,0,0.45
Tue Jul 28 00:08:41 UTC 2026,1785197321,0,0.41
Tue Jul 28 00:09:48 UTC 2026,1785197388,0,0.19
Tue Jul 28 00:10:44 UTC 2026,1785197444,0,0.27
Tue Jul 28 00:11:25 UTC 2026,1785197485,0,0.42
Tue Jul 28 00:12:19 UTC 2026,1785197539,0,0.18
Tue Jul 28 00:12:36 UTC 2026,1785197556,0,0.52
Tue Jul 28 00:13:21 UTC 2026,1785197601,0,0.22
Tue Jul 28 00:13:57 UTC 2026,1785197637,0,0.44
Tue Jul 28 00:15:07 UTC 2026,1785197707,0,0.24
Tue Jul 28 00:15:11 UTC 2026,1785197711,0,0.48
Tue Jul 28 00:18:03 UTC 2026,1785197883,0,0.3
Tue Jul 28 00:19:07 UTC 2026,1785197947,0,0.29
Tue Jul 28 00:19:29 UTC 2026,1785197969,0,0.58
Tue Jul 28 00:20:18 UTC 2026,1785198018,0,0.54
Tue Jul 28 00:20:24 UTC 2026,1785198024,0,0.32
Tue Jul 28 00:22:08 UTC 2026,1785198128,0,0.44
Tue Jul 28 00:23:06 UTC 2026,1785198186,0,0.3
Tue Jul 28 00:24:01 UTC 2026,1785198241,0,0.32
Tue Jul 28 00:24:33 UTC 2026,1785198273,0,0.45
Tue Jul 28 00:24:55 UTC 2026,1785198295,0,0.31
Tue Jul 28 00:26:00 UTC 2026,1785198360,0,0.49
Tue Jul 28 00:27:25 UTC 2026,1785198445,0,0.46
Tue Jul 28 00:27:48 UTC 2026,1785198468,0,0.28
Tue Jul 28 00:28:28 UTC 2026,1785198508,0,0.36
Tue Jul 28 00:29:17 UTC 2026,1785198557,0,0.51
Tue Jul 28 00:30:17 UTC 2026,1785198617,0,0.47
Tue Jul 28 00:31:11 UTC 2026,1785198671,0,0.3
Tue Jul 28 00:31:52 UTC 2026,1785198712,0,0.31
Tue Jul 28 00:32:32 UTC 2026,1785198752,0,0.47
Tue Jul 28 00:33:26 UTC 2026,1785198806,0,0.3
Tue Jul 28 00:33:32 UTC 2026,1785198812,0,0.45
Tue Jul 28 00:35:21 UTC 2026,1785198921,0,0.26
Tue Jul 28 00:36:14 UTC 2026,1785198974,0,0.43
Tue Jul 28 00:36:34 UTC 2026,1785198994,0,0.38
Tue Jul 28 00:38:04 UTC 2026,1785199084,0,0.2
Tue Jul 28 00:38:58 UTC 2026,1785199138,0,0.32
Tue Jul 28 00:39:30 UTC 2026,1785199170,0,0.11
Tue Jul 28 00:39:53 UTC 2026,1785199193,0,0.0
Tue Jul 28 00:40:34 UTC 2026,1785199234,0,-0.36
Tue Jul 28 00:42:22 UTC 2026,1785199342,0,-0.05
Tue Jul 28 00:42:45 UTC 2026,1785199365,0,-0.35
Tue Jul 28 00:43:17 UTC 2026,1785199397,0,-0.15
Tue Jul 28 00:44:33 UTC 2026,1785199473,0,-0.43
Tue Jul 28 00:45:00 UTC 2026,1785199500,0,-0.2
Tue Jul 28 00:45:25 UTC 2026,1785199525,0,-0.32
Tue Jul 28 00:47:17 UTC 2026,1785199637,0,0.02
Tue Jul 28 00:47:57 UTC 2026,1785199677,0,-0.37
Tue Jul 28 00:48:11 UTC 2026,1785199691,0,-0.33
Tue Jul 28 00:49:38 UTC 2026,1785199778,0,-0.04
Tue Jul 28 00:49:47 UTC 2026,1785199787,0,0.0
Tue Jul 28 00:50:32 UTC 2026,1785199832,0,-0.26
Tue Jul 28 00:51:30 UTC 2026,1785199890,0,-0.04
Tue Jul 28 00:52:25 UTC 2026,1785199945,0,-0.27
Tue Jul 28 00:53:03 UTC 2026,1785199983,0,-0.17
Tue Jul 28 00:54:24 UTC 2026,1785200064,0,-0.91
Tue Jul 28 00:54:50 UTC 2026,1785200090,0,-0.97
Tue Jul 28 00:55:59 UTC 2026,1785200159,0,-0.58
Tue Jul 28 00:56:20 UTC 2026,1785200180,0,-0.67
Tue Jul 28 00:57:33 UTC 2026,1785200253,0,-0.2
Tue Jul 28 00:58:14 UTC 2026,1785200294,0,-0.26
Tue Jul 28 00:58:47 UTC 2026,1785200327,0,-0.04
Tue Jul 28 00:59:36 UTC 2026,1785200376,0,-0.18
Tue Jul 28 01:01:11 UTC 2026,1785200471,0,-0.64
Tue Jul 28 01:01:15 UTC 2026,1785200475,0,-0.51
Tue Jul 28 01:01:56 UTC 2026,1785200516,0,-0.73
Tue Jul 28 01:02:51 UTC 2026,1785200571,0,-0.62
Tue Jul 28 01:04:21 UTC 2026,1785200661,0,-1.32
Tue Jul 28 01:04:31 UTC 2026,1785200671,0,-1.21
Tue Jul 28 01:05:57 UTC 2026,1785200757,0,-2.27
Tue Jul 28 01:06:11 UTC 2026,1785200771,0,-1.97
Tue Jul 28 01:07:46 UTC 2026,1785200866,0,-1.21
Tue Jul 28 01:07:54 UTC 2026,1785200874,0,-1.37
Tue Jul 28 01:09:16 UTC 2026,1785200956,0,-0.7
Tue Jul 28 01:09:30 UTC 2026,1785200970,0,-0.87
Tue Jul 28 01:11:01 UTC 2026,1785201061,0,-0.43
Tue Jul 28 01:11:36 UTC 2026,1785201096,0,-0.56
Tue Jul 28 01:12:41 UTC 2026,1785201161,0,-0.39
Tue Jul 28 01:12:49 UTC 2026,1785201169,0,-0.33
Tue Jul 28 01:14:15 UTC 2026,1785201255,0,-0.82
Tue Jul 28 01:14:24 UTC 2026,1785201264,0,-0.81
Tue Jul 28 01:15:32 UTC 2026,1785201332,0,-1.43
Tue Jul 28 01:16:18 UTC 2026,1785201378,0,-1.32
Tue Jul 28 01:17:07 UTC 2026,1785201427,0,-0.96
Tue Jul 28 01:17:48 UTC 2026,1785201468,0,-1.28
Tue Jul 28 01:19:19 UTC 2026,1785201559,0,-0.84
Tue Jul 28 01:19:23 UTC 2026,1785201563,0,-0.93
Tue Jul 28 01:20:09 UTC 2026,1785201609,0,-0.42
Tue Jul 28 01:21:48 UTC 2026,1785201708,0,-0.29
Tue Jul 28 01:22:25 UTC 2026,1785201745,0,-0.59
Tue Jul 28 01:24:04 UTC 2026,1785201844,0,-0.1
Tue Jul 28 01:24:36 UTC 2026,1785201876,0,-0.12
Tue Jul 28 01:25:26 UTC 2026,1785201926,0,-0.39
Tue Jul 28 01:26:21 UTC 2026,1785201981,0,-0.29
Tue Jul 28 01:27:14 UTC 2026,1785202034,0,-0.61
Tue Jul 28 01:27:43 UTC 2026,1785202063,0,-0.58
Tue Jul 28 01:29:08 UTC 2026,1785202148,0,-1.37
Tue Jul 28 01:29:35 UTC 2026,1785202175,0,-1.53
Tue Jul 28 01:30:20 UTC 2026,1785202220,0,-0.97
Tue Jul 28 01:31:38 UTC 2026,1785202298,0,-0.94
Tue Jul 28 01:32:27 UTC 2026,1785202347,0,-1.3
Tue Jul 28 01:32:46 UTC 2026,1785202366,0,-1.07
Tue Jul 28 01:34:11 UTC 2026,1785202451,0,-2.42
Tue Jul 28 01:34:21 UTC 2026,1785202461,0,-2.75
Tue Jul 28 01:34:56 UTC 2026,1785202496,0,-4.62
Tue Jul 28 01:36:10 UTC 2026,1785202570,0,-4.01
Tue Jul 28 01:36:50 UTC 2026,1785202610,0,-4.88
Tue Jul 28 01:37:49 UTC 2026,1785202669,0,-4.58
Tue Jul 28 01:39:01 UTC 2026,1785202741,0,-5.6
Tue Jul 28 01:39:16 UTC 2026,1785202756,0,-5.39
Tue Jul 28 01:40:15 UTC 2026,1785202815,0,-4.27
Tue Jul 28 01:40:59 UTC 2026,1785202859,0,-5.21
Tue Jul 28 01:42:26 UTC 2026,1785202946,0,-3.72
Tue Jul 28 01:42:30 UTC 2026,1785202950,0,-3.44
Tue Jul 28 01:44:05 UTC 2026,1785203045,0,-0.9
Tue Jul 28 01:45:00 UTC 2026,1785203100,0,-1.3
Tue Jul 28 01:45:18 UTC 2026,1785203118,0,-0.9
Tue Jul 28 01:46:16 UTC 2026,1785203176,0,-1.61
Tue Jul 28 01:47:21 UTC 2026,1785203241,0,-1.02
Tue Jul 28 01:48:01 UTC 2026,1785203281,0,-0.86
Tue Jul 28 01:48:55 UTC 2026,1785203335,0,-1.14
Tue Jul 28 01:49:04 UTC 2026,1785203344,0,-1.18
Tue Jul 28 01:50:35 UTC 2026,1785203435,0,-0.7
Tue Jul 28 01:51:38 UTC 2026,1785203498,0,-1.0
Tue Jul 28 01:52:15 UTC 2026,1785203535,0,-0.62
Tue Jul 28 01:52:24 UTC 2026,1785203544,0,-0.78
Tue Jul 28 01:53:45 UTC 2026,1785203625,0,-0.36
Tue Jul 28 01:54:54 UTC 2026,1785203694,0,-0.48
Tue Jul 28 01:55:20 UTC 2026,1785203720,0,-0.13
Tue Jul 28 01:56:11 UTC 2026,1785203771,0,-0.36
Tue Jul 28 01:57:01 UTC 2026,1785203821,0,-0.65
Tue Jul 28 01:57:28 UTC 2026,1785203848,0,-0.55
Tue Jul 28 01:58:55 UTC 2026,1785203935,0,-1.03
Tue Jul 28 01:59:03 UTC 2026,1785203943,0,-0.98
Tue Jul 28 02:00:29 UTC 2026,1785204029,0,-0.59
Tue Jul 28 02:00:51 UTC 2026,1785204051,0,-0.57
Tue Jul 28 02:01:10 UTC 2026,1785204070,0,-0.8
Tue Jul 28 02:02:17 UTC 2026,1785204137,0,-0.69
Tue Jul 28 02:03:53 UTC 2026,1785204233,0,-0.45
Tue Jul 28 02:04:06 UTC 2026,1785204246,0,-0.56
Tue Jul 28 02:05:32 UTC 2026,1785204332,0,-0.28
Tue Jul 28 02:05:41 UTC 2026,1785204341,0,-0.26
Tue Jul 28 02:07:03 UTC 2026,1785204423,0,-0.89
Tue Jul 28 02:07:44 UTC 2026,1785204464,0,-1.1
Tue Jul 28 02:08:11 UTC 2026,1785204491,0,-0.68
Tue Jul 28 02:09:28 UTC 2026,1785204568,0,-0.58
Tue Jul 28 02:10:27 UTC 2026,1785204627,0,-1.07
Tue Jul 28 02:11:08 UTC 2026,1785204668,0,-1.09
Tue Jul 28 02:11:30 UTC 2026,1785204690,0,-0.76
Tue Jul 28 02:12:11 UTC 2026,1785204731,0,-0.62
Tue Jul 28 02:13:42 UTC 2026,1785204822,0,-0.24
Tue Jul 28 02:14:51 UTC 2026,1785204891,0,-0.29
Tue Jul 28 02:15:26 UTC 2026,1785204926,0,-0.01
Tue Jul 28 02:15:36 UTC 2026,1785204936,0,-0.1
Tue Jul 28 02:16:43 UTC 2026,1785205003,0,0.05
Tue Jul 28 02:17:28 UTC 2026,1785205048,0,0.11
Tue Jul 28 02:18:41 UTC 2026,1785205121,0,0.0
Tue Jul 28 02:19:00 UTC 2026,1785205140,0,0.13
Tue Jul 28 02:19:18 UTC 2026,1785205158,0,-0.06
Tue Jul 28 02:20:48 UTC 2026,1785205248,0,-0.01
Tue Jul 28 02:21:38 UTC 2026,1785205298,0,0.19
Tue Jul 28 02:22:46 UTC 2026,1785205366,0,-0.04
Tue Jul 28 02:23:23 UTC 2026,1785205403,0,0.17
Tue Jul 28 02:23:50 UTC 2026,1785205430,0,0.1
Tue Jul 28 02:24:31 UTC 2026,1785205471,0,-0.04
Tue Jul 28 02:25:25 UTC 2026,1785205525,0,0.06
Tue Jul 28 02:26:38 UTC 2026,1785205598,0,-0.14
Tue Jul 28 02:27:08 UTC 2026,1785205628,0,-0.18
Tue Jul 28 02:27:59 UTC 2026,1785205679,0,0.09
Tue Jul 28 02:29:16 UTC 2026,1785205756,0,0.03
Tue Jul 28 02:30:06 UTC 2026,1785205806,0,-0.06
Tue Jul 28 02:31:04 UTC 2026,1785205864,0,-0.15
Tue Jul 28 02:31:49 UTC 2026,1785205909,0,0.0
Tue Jul 28 02:32:03 UTC 2026,1785205923,0,-0.08
Tue Jul 28 02:33:29 UTC 2026,1785206009,0,0.04
Tue Jul 28 02:34:16 UTC 2026,1785206056,0,-0.09
Tue Jul 28 02:35:14 UTC 2026,1785206114,0,0.04
Tue Jul 28 02:35:31 UTC 2026,1785206131,0,0.03
Tue Jul 28 02:36:49 UTC 2026,1785206209,0,0.19
Tue Jul 28 02:36:58 UTC 2026,1785206218,0,0.2
Tue Jul 28 02:38:15 UTC 2026,1785206295,0,0.09
Tue Jul 28 02:38:33 UTC 2026,1785206313,0,0.18
Tue Jul 28 02:40:00 UTC 2026,1785206400,0,0.37
Tue Jul 28 02:40:17 UTC 2026,1785206417,0,0.3
Tue Jul 28 02:41:26 UTC 2026,1785206486,0,0.44
Tue Jul 28 02:42:25 UTC 2026,1785206545,0,0.43
Tue Jul 28 02:42:56 UTC 2026,1785206576,0,0.32
Tue Jul 28 02:43:33 UTC 2026,1785206613,0,0.45
Tue Jul 28 02:44:23 UTC 2026,1785206663,0,0.31
Tue Jul 28 02:45:09 UTC 2026,1785206709,0,0.4
Tue Jul 28 02:46:25 UTC 2026,1785206785,0,0.27
Tue Jul 28 02:47:33 UTC 2026,1785206853,0,0.16
Tue Jul 28 02:48:10 UTC 2026,1785206890,0,0.39
Tue Jul 28 02:49:26 UTC 2026,1785206966,0,0.25
Tue Jul 28 02:49:59 UTC 2026,1785206999,0,0.47
Tue Jul 28 02:50:07 UTC 2026,1785207007,0,0.48
Tue Jul 28 02:50:21 UTC 2026,1785207021,0,0.31
Tue Jul 28 02:52:01 UTC 2026,1785207121,0,0.34
Tue Jul 28 02:52:38 UTC 2026,1785207158,0,0.48
Tue Jul 28 02:54:03 UTC 2026,1785207243,0,0.27
Tue Jul 28 02:54:35 UTC 2026,1785207275,0,0.51
Tue Jul 28 02:55:33 UTC 2026,1785207333,0,0.27
Tue Jul 28 02:56:51 UTC 2026,1785207411,0,0.51
Tue Jul 28 02:58:17 UTC 2026,1785207497,0,0.35
Tue Jul 28 02:58:45 UTC 2026,1785207525,0,0.51
Tue Jul 28 02:59:25 UTC 2026,1785207565,0,0.33
Tue Jul 28 03:01:00 UTC 2026,1785207660,0,0.38
Tue Jul 28 03:01:33 UTC 2026,1785207693,0,0.5
Tue Jul 28 03:02:13 UTC 2026,1785207733,0,0.51
Tue Jul 28 03:02:18 UTC 2026,1785207738,0,0.37
Tue Jul 28 03:04:29 UTC 2026,1785207869,0,0.46
Tue Jul 28 03:04:38 UTC 2026,1785207878,0,0.35
Tue Jul 28 03:05:01 UTC 2026,1785207901,0,0.48
Tue Jul 28 03:06:23 UTC 2026,1785207983,0,0.34
Tue Jul 28 03:07:07 UTC 2026,1785208027,0,0.38
Tue Jul 28 03:07:39 UTC 2026,1785208059,0,0.49
Tue Jul 28 03:08:25 UTC 2026,1785208105,0,0.38
Tue Jul 28 03:09:46 UTC 2026,1785208186,0,0.49
Tue Jul 28 03:10:27 UTC 2026,1785208227,0,0.35
Tue Jul 28 03:10:53 UTC 2026,1785208253,0,0.46
Tue Jul 28 03:12:12 UTC 2026,1785208332,0,0.34
Tue Jul 28 03:12:39 UTC 2026,1785208359,0,0.45
Tue Jul 28 03:14:09 UTC 2026,1785208449,0,0.46
Tue Jul 28 03:14:41 UTC 2026,1785208481,0,0.32
Tue Jul 28 03:15:08 UTC 2026,1785208508,0,0.35
Tue Jul 28 03:16:02 UTC 2026,1785208562,0,0.47
Tue Jul 28 03:16:43 UTC 2026,1785208603,0,0.36
Tue Jul 28 03:17:33 UTC 2026,1785208653,0,0.47
Tue Jul 28 03:19:07 UTC 2026,1785208747,0,0.46
Tue Jul 28 03:19:36 UTC 2026,1785208776,0,0.37
Tue Jul 28 03:19:53 UTC 2026,1785208793,0,0.47
Tue Jul 28 03:21:15 UTC 2026,1785208875,0,0.33
Tue Jul 28 03:21:33 UTC 2026,1785208893,0,0.46
Tue Jul 28 03:22:23 UTC 2026,1785208943,0,0.35
Tue Jul 28 03:23:53 UTC 2026,1785209033,0,0.45
Tue Jul 28 03:24:39 UTC 2026,1785209079,0,0.36
Tue Jul 28 03:25:06 UTC 2026,1785209106,0,0.44
Tue Jul 28 03:25:47 UTC 2026,1785209147,0,0.36
Tue Jul 28 03:26:32 UTC 2026,1785209192,0,0.47
Tue Jul 28 03:27:49 UTC 2026,1785209269,0,0.36
Tue Jul 28 03:28:21 UTC 2026,1785209301,0,0.43
Tue Jul 28 03:29:10 UTC 2026,1785209350,0,0.34
Tue Jul 28 03:30:04 UTC 2026,1785209404,0,0.43
Tue Jul 28 03:30:37 UTC 2026,1785209437,0,0.33
Tue Jul 28 03:31:27 UTC 2026,1785209487,0,0.42
Tue Jul 28 03:31:58 UTC 2026,1785209518,0,0.29
Tue Jul 28 03:33:05 UTC 2026,1785209585,0,0.36
Tue Jul 28 03:34:37 UTC 2026,1785209677,0,0.45
Tue Jul 28 03:36:07 UTC 2026,1785209767,0,0.35
Tue Jul 28 03:36:12 UTC 2026,1785209772,0,0.44
Tue Jul 28 03:37:21 UTC 2026,1785209841,0,0.45
Tue Jul 28 03:37:51 UTC 2026,1785209871,0,0.34
Tue Jul 28 03:38:28 UTC 2026,1785209908,0,0.44
Tue Jul 28 03:38:51 UTC 2026,1785209931,0,0.33
Tue Jul 28 03:40:22 UTC 2026,1785210022,0,0.35
Tue Jul 28 03:41:02 UTC 2026,1785210062,0,0.44
Tue Jul 28 03:42:33 UTC 2026,1785210153,0,0.34
Tue Jul 28 03:42:51 UTC 2026,1785210171,0,0.43
Tue Jul 28 03:43:51 UTC 2026,1785210231,0,0.31
Tue Jul 28 03:45:25 UTC 2026,1785210325,0,0.43
Tue Jul 28 03:45:52 UTC 2026,1785210352,0,0.31
Tue Jul 28 03:46:42 UTC 2026,1785210402,0,0.36
Tue Jul 28 03:47:00 UTC 2026,1785210420,0,0.43
Tue Jul 28 03:48:36 UTC 2026,1785210516,0,0.44
Tue Jul 28 03:48:49 UTC 2026,1785210529,0,0.32
Tue Jul 28 03:49:43 UTC 2026,1785210583,0,0.28
Tue Jul 28 03:50:21 UTC 2026,1785210621,0,0.44
Tue Jul 28 03:51:19 UTC 2026,1785210679,0,0.42
Tue Jul 28 03:52:23 UTC 2026,1785210743,0,-0.18
Tue Jul 28 03:52:58 UTC 2026,1785210778,0,-0.19
Tue Jul 28 03:54:21 UTC 2026,1785210861,0,0.17
Tue Jul 28 03:54:34 UTC 2026,1785210874,0,0.06
Tue Jul 28 03:55:29 UTC 2026,1785210929,0,-0.37
Tue Jul 28 03:56:19 UTC 2026,1785210979,0,-0.47
Tue Jul 28 03:57:21 UTC 2026,1785211041,0,-0.15
Tue Jul 28 03:58:06 UTC 2026,1785211086,0,-0.36
Tue Jul 28 03:58:57 UTC 2026,1785211137,0,0.07
Tue Jul 28 04:00:00 UTC 2026,1785211200,0,0.25
Tue Jul 28 04:00:32 UTC 2026,1785211232,0,-0.09
Tue Jul 28 04:01:54 UTC 2026,1785211314,0,0.28
Tue Jul 28 04:01:58 UTC 2026,1785211318,0,-0.09
Tue Jul 28 04:02:43 UTC 2026,1785211363,0,0.04
Tue Jul 28 04:04:18 UTC 2026,1785211458,0,-0.76
Tue Jul 28 04:04:32 UTC 2026,1785211472,0,-0.72
Tue Jul 28 04:04:59 UTC 2026,1785211499,0,-0.27
Tue Jul 28 04:06:31 UTC 2026,1785211591,0,-0.54
Tue Jul 28 04:07:01 UTC 2026,1785211621,0,-0.21
Tue Jul 28 04:07:46 UTC 2026,1785211666,0,-0.4
Tue Jul 28 04:08:59 UTC 2026,1785211739,0,-0.04
Tue Jul 28 04:09:27 UTC 2026,1785211767,0,-0.24
Tue Jul 28 04:10:48 UTC 2026,1785211848,0,0.04
Tue Jul 28 04:10:58 UTC 2026,1785211858,0,-0.1
Tue Jul 28 04:12:19 UTC 2026,1785211939,0,0.13
Tue Jul 28 04:13:22 UTC 2026,1785212002,0,0.0
Tue Jul 28 04:14:09 UTC 2026,1785212049,0,0.26
Tue Jul 28 04:14:22 UTC 2026,1785212062,0,0.13
Tue Jul 28 04:15:39 UTC 2026,1785212139,0,0.39
Tue Jul 28 04:15:57 UTC 2026,1785212157,0,0.21
Tue Jul 28 04:17:19 UTC 2026,1785212239,0,0.42
Tue Jul 28 04:17:42 UTC 2026,1785212262,0,0.31
Tue Jul 28 04:18:04 UTC 2026,1785212284,0,0.45
Tue Jul 28 04:19:48 UTC 2026,1785212388,0,0.48
Tue Jul 28 04:20:28 UTC 2026,1785212428,0,0.26
Tue Jul 28 04:21:06 UTC 2026,1785212466,0,0.43
Tue Jul 28 04:22:21 UTC 2026,1785212541,0,-0.02
Tue Jul 28 04:22:40 UTC 2026,1785212560,0,-0.06
Tue Jul 28 04:24:06 UTC 2026,1785212646,0,0.4
Tue Jul 28 04:24:56 UTC 2026,1785212696,0,0.42
Tue Jul 28 04:25:20 UTC 2026,1785212720,0,0.19
Tue Jul 28 04:25:50 UTC 2026,1785212750,0,0.3
Tue Jul 28 04:26:50 UTC 2026,1785212810,0,0.11
Tue Jul 28 04:28:02 UTC 2026,1785212882,0,0.16
Tue Jul 28 04:28:44 UTC 2026,1785212924,0,0.4
Tue Jul 28 04:29:19 UTC 2026,1785212959,0,0.18
Tue Jul 28 04:30:32 UTC 2026,1785213032,0,0.45
Tue Jul 28 04:31:48 UTC 2026,1785213108,0,0.4
Tue Jul 28 04:31:53 UTC 2026,1785213113,0,0.21
Tue Jul 28 04:33:15 UTC 2026,1785213195,0,0.49
Tue Jul 28 04:34:00 UTC 2026,1785213240,0,0.19
Tue Jul 28 04:34:41 UTC 2026,1785213281,0,0.65
Tue Jul 28 04:35:17 UTC 2026,1785213317,0,0.2
Tue Jul 28 04:36:30 UTC 2026,1785213390,0,0.5
Tue Jul 28 04:37:43 UTC 2026,1785213463,0,0.44
Tue Jul 28 04:38:10 UTC 2026,1785213490,0,0.25
Tue Jul 28 04:39:05 UTC 2026,1785213545,0,0.35
Tue Jul 28 04:40:35 UTC 2026,1785213635,0,-0.43
Tue Jul 28 04:40:45 UTC 2026,1785213645,0,-0.68
Tue Jul 28 04:41:43 UTC 2026,1785213703,0,0.29
Tue Jul 28 04:42:47 UTC 2026,1785213767,0,0.14
Tue Jul 28 04:43:49 UTC 2026,1785213829,0,0.45
Tue Jul 28 04:44:13 UTC 2026,1785213853,0,0.18
Tue Jul 28 04:44:45 UTC 2026,1785213885,0,0.43
Tue Jul 28 04:46:19 UTC 2026,1785213979,0,0.33
Tue Jul 28 04:46:51 UTC 2026,1785214011,0,-0.05
Tue Jul 28 04:48:09 UTC 2026,1785214089,0,0.0
Tue Jul 28 04:48:44 UTC 2026,1785214124,0,0.33
Tue Jul 28 04:48:54 UTC 2026,1785214134,0,0.2
Tue Jul 28 04:50:15 UTC 2026,1785214215,0,0.41
Tue Jul 28 04:51:27 UTC 2026,1785214287,0,0.43
Tue Jul 28 04:52:04 UTC 2026,1785214324,0,0.08
Tue Jul 28 04:53:21 UTC 2026,1785214401,0,0.55
Tue Jul 28 04:53:44 UTC 2026,1785214424,0,0.15
Tue Jul 28 04:55:01 UTC 2026,1785214501,0,0.05
Tue Jul 28 04:55:19 UTC 2026,1785214519,0,0.42
Tue Jul 28 04:55:42 UTC 2026,1785214542,0,0.39
Tue Jul 28 04:56:41 UTC 2026,1785214601,0,-0.11
Tue Jul 28 04:57:13 UTC 2026,1785214633,0,0.14
Tue Jul 28 04:57:22 UTC 2026,1785214642,0,-0.33
Tue Jul 28 04:59:15 UTC 2026,1785214755,0,-0.19
Tue Jul 28 05:00:14 UTC 2026,1785214814,0,0.29
Tue Jul 28 05:00:37 UTC 2026,1785214837,0,0.15
Tue Jul 28 05:02:03 UTC 2026,1785214923,0,-0.52
Tue Jul 28 05:02:16 UTC 2026,1785214936,0,-1.1
Tue Jul 28 05:02:44 UTC 2026,1785214964,0,-0.47
Tue Jul 28 05:04:06 UTC 2026,1785215046,0,-0.57
Tue Jul 28 05:05:04 UTC 2026,1785215104,0,-1.28
Tue Jul 28 05:05:45 UTC 2026,1785215145,0,-2.2
Tue Jul 28 05:07:02 UTC 2026,1785215222,0,-0.36
Tue Jul 28 05:07:15 UTC 2026,1785215235,0,-0.77
Tue Jul 28 05:08:41 UTC 2026,1785215321,0,0.31
Tue Jul 28 05:09:04 UTC 2026,1785215344,0,0.59
Tue Jul 28 05:09:45 UTC 2026,1785215385,0,0.08
Tue Jul 28 05:10:39 UTC 2026,1785215439,0,0.45
Tue Jul 28 05:11:07 UTC 2026,1785215467,0,0.25
Tue Jul 28 05:12:05 UTC 2026,1785215525,0,0.23
Tue Jul 28 05:12:42 UTC 2026,1785215562,0,0.47
Tue Jul 28 05:14:12 UTC 2026,1785215652,0,0.44
Tue Jul 28 05:14:26 UTC 2026,1785215666,0,0.28
Tue Jul 28 05:16:28 UTC 2026,1785215788,0,0.44
Tue Jul 28 05:16:42 UTC 2026,1785215802,0,0.28
Tue Jul 28 05:18:12 UTC 2026,1785215892,0,0.48
Tue Jul 28 05:18:30 UTC 2026,1785215910,0,0.27
Tue Jul 28 05:19:48 UTC 2026,1785215988,0,0.44
Tue Jul 28 05:21:04 UTC 2026,1785216064,0,0.22
Tue Jul 28 05:22:44 UTC 2026,1785216164,0,0.18
Tue Jul 28 05:23:21 UTC 2026,1785216201,0,0.45
Tue Jul 28 05:23:35 UTC 2026,1785216215,0,0.38
Tue Jul 28 05:23:44 UTC 2026,1785216224,0,0.24
Tue Jul 28 05:25:50 UTC 2026,1785216350,0,0.27
Tue Jul 28 05:26:13 UTC 2026,1785216373,0,0.43
Tue Jul 28 05:27:21 UTC 2026,1785216441,0,0.42
Tue Jul 28 05:28:15 UTC 2026,1785216495,0,0.25
Tue Jul 28 05:29:14 UTC 2026,1785216554,0,0.42
Tue Jul 28 05:29:50 UTC 2026,1785216590,0,0.3
Tue Jul 28 05:30:13 UTC 2026,1785216613,0,0.42
Tue Jul 28 05:31:43 UTC 2026,1785216703,0,0.25
Tue Jul 28 05:31:53 UTC 2026,1785216713,0,0.41
Tue Jul 28 05:33:19 UTC 2026,1785216799,0,0.25
Tue Jul 28 05:33:32 UTC 2026,1785216812,0,0.26
Tue Jul 28 05:34:14 UTC 2026,1785216854,0,0.39
Tue Jul 28 05:35:22 UTC 2026,1785216922,0,0.42
Tue Jul 28 05:36:29 UTC 2026,1785216989,0,0.29
Tue Jul 28 05:36:47 UTC 2026,1785217007,0,0.41
Tue Jul 28 05:37:41 UTC 2026,1785217061,0,0.29
Tue Jul 28 05:38:40 UTC 2026,1785217120,0,0.28
Tue Jul 28 05:38:59 UTC 2026,1785217139,0,0.4
Tue Jul 28 05:40:21 UTC 2026,1785217221,0,0.28
Tue Jul 28 05:40:25 UTC 2026,1785217225,0,0.4
Tue Jul 28 05:42:05 UTC 2026,1785217325,0,0.38
Tue Jul 28 05:42:45 UTC 2026,1785217365,0,0.26
Tue Jul 28 05:43:40 UTC 2026,1785217420,0,0.27
Tue Jul 28 05:43:49 UTC 2026,1785217429,0,0.39
Tue Jul 28 05:46:05 UTC 2026,1785217565,0,0.23
Tue Jul 28 05:46:37 UTC 2026,1785217597,0,0.4
Tue Jul 28 05:46:55 UTC 2026,1785217615,0,0.37
Tue Jul 28 05:48:02 UTC 2026,1785217682,0,0.27
Tue Jul 28 05:49:20 UTC 2026,1785217760,0,0.25
Tue Jul 28 05:49:47 UTC 2026,1785217787,0,0.39
Tue Jul 28 05:50:06 UTC 2026,1785217806,0,0.28
Tue Jul 28 05:51:49 UTC 2026,1785217909,0,0.4
Tue Jul 28 05:52:12 UTC 2026,1785217932,0,0.26
Tue Jul 28 05:53:52 UTC 2026,1785218032,0,0.38
Tue Jul 28 05:53:56 UTC 2026,1785218036,0,0.23
Tue Jul 28 05:55:50 UTC 2026,1785218150,0,0.39
Tue Jul 28 05:55:58 UTC 2026,1785218158,0,0.23
Tue Jul 28 05:56:39 UTC 2026,1785218199,0,0.4
Tue Jul 28 05:57:35 UTC 2026,1785218255,0,0.21
Tue Jul 28 05:58:19 UTC 2026,1785218299,0,0.38
Tue Jul 28 05:58:33 UTC 2026,1785218313,0,0.22
Tue Jul 28 06:00:03 UTC 2026,1785218403,0,0.36
Tue Jul 28 06:00:54 UTC 2026,1785218454,0,0.25
Tue Jul 28 06:02:42 UTC 2026,1785218562,0,0.26
Tue Jul 28 06:02:55 UTC 2026,1785218575,0,0.4
Tue Jul 28 06:03:36 UTC 2026,1785218616,0,0.22
Tue Jul 28 06:04:03 UTC 2026,1785218643,0,0.37
Tue Jul 28 06:05:21 UTC 2026,1785218721,0,0.22
Tue Jul 28 06:05:30 UTC 2026,1785218730,0,0.33
Tue Jul 28 06:06:29 UTC 2026,1785218789,0,0.22
Tue Jul 28 06:07:59 UTC 2026,1785218879,0,0.36
Tue Jul 28 06:08:17 UTC 2026,1785218897,0,0.35
Tue Jul 28 06:08:22 UTC 2026,1785218902,0,0.25
Tue Jul 28 06:10:52 UTC 2026,1785219052,0,0.39
Tue Jul 28 06:11:28 UTC 2026,1785219088,0,0.34
Tue Jul 28 06:12:18 UTC 2026,1785219138,0,0.22
Tue Jul 28 06:13:03 UTC 2026,1785219183,0,0.23
Tue Jul 28 06:14:01 UTC 2026,1785219241,0,0.33
Tue Jul 28 06:15:33 UTC 2026,1785219333,0,0.32
Tue Jul 28 06:16:09 UTC 2026,1785219369,0,0.22
Tue Jul 28 06:17:09 UTC 2026,1785219429,0,0.32
Tue Jul 28 06:18:57 UTC 2026,1785219537,0,0.33
Tue Jul 28 06:19:24 UTC 2026,1785219564,0,0.21
Tue Jul 28 06:20:05 UTC 2026,1785219605,0,0.33
Tue Jul 28 06:20:45 UTC 2026,1785219645,0,0.2
Tue Jul 28 06:22:12 UTC 2026,1785219732,0,0.29
Tue Jul 28 06:23:37 UTC 2026,1785219817,0,0.21
Tue Jul 28 06:24:01 UTC 2026,1785219841,0,0.32
Tue Jul 28 06:25:59 UTC 2026,1785219959,0,0.22
Tue Jul 28 06:26:08 UTC 2026,1785219968,0,0.3
Tue Jul 28 06:26:29 UTC 2026,1785219989,0,0.32
Tue Jul 28 06:26:49 UTC 2026,1785220009,0,0.23
Tue Jul 28 06:29:23 UTC 2026,1785220163,0,0.19
Tue Jul 28 06:29:31 UTC 2026,1785220171,0,0.29
Tue Jul 28 06:30:45 UTC 2026,1785220245,0,0.32
Tue Jul 28 06:31:06 UTC 2026,1785220266,0,0.19
Tue Jul 28 06:31:15 UTC 2026,1785220275,0,0.18
Tue Jul 28 06:31:25 UTC 2026,1785220285,0,0.28
Tue Jul 28 06:33:05 UTC 2026,1785220385,0,0.16
Tue Jul 28 06:33:18 UTC 2026,1785220398,0,0.28
Tue Jul 28 06:34:34 UTC 2026,1785220474,0,0.19
Tue Jul 28 06:34:58 UTC 2026,1785220498,0,0.28
Tue Jul 28 06:36:29 UTC 2026,1785220589,0,0.33
Tue Jul 28 06:36:42 UTC 2026,1785220602,0,0.2
Tue Jul 28 06:38:03 UTC 2026,1785220683,0,0.19
Tue Jul 28 06:38:16 UTC 2026,1785220696,0,0.26
Tue Jul 28 06:39:53 UTC 2026,1785220793,0,0.16
Tue Jul 28 06:40:56 UTC 2026,1785220856,0,0.27
Tue Jul 28 06:41:37 UTC 2026,1785220897,0,0.29
Tue Jul 28 06:42:26 UTC 2026,1785220946,0,0.19
Tue Jul 28 06:42:45 UTC 2026,1785220965,0,0.25
Tue Jul 28 06:43:26 UTC 2026,1785221006,0,0.19
Tue Jul 28 06:45:28 UTC 2026,1785221128,0,0.29
Tue Jul 28 06:45:46 UTC 2026,1785221146,0,0.18
Tue Jul 28 06:47:12 UTC 2026,1785221232,0,0.27
Tue Jul 28 06:47:44 UTC 2026,1785221264,0,0.18
Tue Jul 28 06:48:07 UTC 2026,1785221287,0,0.25
Tue Jul 28 06:49:42 UTC 2026,1785221382,0,0.27
Tue Jul 28 06:50:23 UTC 2026,1785221423,0,0.18
Tue Jul 28 06:51:40 UTC 2026,1785221500,0,0.19
Tue Jul 28 06:52:03 UTC 2026,1785221523,0,0.29
Tue Jul 28 06:53:01 UTC 2026,1785221581,0,0.32
Tue Jul 28 06:53:06 UTC 2026,1785221586,0,0.17
Tue Jul 28 06:54:36 UTC 2026,1785221676,0,0.29
Tue Jul 28 06:55:13 UTC 2026,1785221713,0,0.18
Tue Jul 28 06:57:24 UTC 2026,1785221844,0,0.28
Tue Jul 28 06:58:28 UTC 2026,1785221908,0,0.26
Tue Jul 28 06:58:36 UTC 2026,1785221916,0,0.13
Tue Jul 28 06:59:27 UTC 2026,1785221967,0,0.15
Tue Jul 28 06:59:49 UTC 2026,1785221989,0,0.31
Tue Jul 28 07:01:16 UTC 2026,1785222076,0,0.2
Tue Jul 28 07:01:20 UTC 2026,1785222080,0,0.26
Tue Jul 28 07:03:00 UTC 2026,1785222180,0,0.19
Tue Jul 28 07:03:23 UTC 2026,1785222203,0,0.26
Tue Jul 28 07:04:17 UTC 2026,1785222257,0,0.25
Tue Jul 28 07:05:38 UTC 2026,1785222338,0,0.19
Tue Jul 28 07:05:56 UTC 2026,1785222356,0,0.18
Tue Jul 28 07:07:09 UTC 2026,1785222429,0,0.26
Tue Jul 28 07:08:17 UTC 2026,1785222497,0,0.25
Tue Jul 28 07:08:53 UTC 2026,1785222533,0,0.17
Tue Jul 28 07:09:15 UTC 2026,1785222555,0,0.16
Tue Jul 28 07:09:34 UTC 2026,1785222574,0,0.25
Tue Jul 28 07:11:31 UTC 2026,1785222691,0,0.17
Tue Jul 28 07:12:08 UTC 2026,1785222728,0,0.24
Tue Jul 28 07:12:35 UTC 2026,1785222755,0,0.25
Tue Jul 28 07:13:02 UTC 2026,1785222782,0,0.13
Tue Jul 28 07:14:10 UTC 2026,1785222850,0,0.24
Tue Jul 28 07:15:14 UTC 2026,1785222914,0,0.16
Tue Jul 28 07:15:45 UTC 2026,1785222945,0,0.22
Tue Jul 28 07:16:12 UTC 2026,1785222972,0,0.11
Tue Jul 28 07:17:25 UTC 2026,1785223045,0,0.22
Tue Jul 28 07:17:47 UTC 2026,1785223067,0,0.17
Tue Jul 28 07:19:50 UTC 2026,1785223190,0,0.15
Tue Jul 28 07:20:30 UTC 2026,1785223230,0,0.22
Tue Jul 28 07:20:54 UTC 2026,1785223254,0,0.18
Tue Jul 28 07:21:25 UTC 2026,1785223285,0,0.25
Tue Jul 28 07:22:24 UTC 2026,1785223344,0,0.23
Tue Jul 28 07:22:42 UTC 2026,1785223362,0,0.17
Tue Jul 28 07:24:13 UTC 2026,1785223453,0,0.22
Tue Jul 28 07:24:27 UTC 2026,1785223467,0,0.15
Tue Jul 28 07:26:34 UTC 2026,1785223594,0,0.24
Tue Jul 28 07:27:51 UTC 2026,1785223671,0,0.11
Tue Jul 28 07:28:13 UTC 2026,1785223693,0,0.24
Tue Jul 28 07:29:40 UTC 2026,1785223780,0,0.23
Tue Jul 28 07:30:30 UTC 2026,1785223830,0,0.13
Tue Jul 28 07:31:47 UTC 2026,1785223907,0,0.14
Tue Jul 28 07:31:52 UTC 2026,1785223912,0,0.25
Tue Jul 28 07:32:18 UTC 2026,1785223938,0,0.26
Tue Jul 28 07:33:49 UTC 2026,1785224029,0,0.15
Tue Jul 28 07:33:59 UTC 2026,1785224039,0,0.11
Tue Jul 28 07:35:20 UTC 2026,1785224120,0,0.23
Tue Jul 28 07:35:51 UTC 2026,1785224151,0,0.25
Tue Jul 28 07:36:31 UTC 2026,1785224191,0,0.11
Tue Jul 28 07:38:12 UTC 2026,1785224292,0,0.25
Tue Jul 28 07:38:45 UTC 2026,1785224325,0,0.12
Tue Jul 28 07:38:53 UTC 2026,1785224333,0,0.16
Tue Jul 28 07:40:00 UTC 2026,1785224400,0,0.26
Tue Jul 28 07:41:46 UTC 2026,1785224506,0,0.13
Tue Jul 28 07:41:50 UTC 2026,1785224510,0,0.26
Tue Jul 28 07:42:21 UTC 2026,1785224541,0,0.24
Tue Jul 28 07:42:35 UTC 2026,1785224555,0,0.14
Tue Jul 28 07:45:14 UTC 2026,1785224714,0,0.24
Tue Jul 28 07:45:32 UTC 2026,1785224732,0,0.15
Tue Jul 28 07:46:57 UTC 2026,1785224817,0,0.23
Tue Jul 28 07:47:44 UTC 2026,1785224864,0,0.15
Tue Jul 28 07:48:29 UTC 2026,1785224909,0,0.25
Tue Jul 28 07:50:00 UTC 2026,1785225000,0,0.15
Tue Jul 28 07:51:03 UTC 2026,1785225063,0,0.11
Tue Jul 28 07:51:17 UTC 2026,1785225077,0,0.23
Tue Jul 28 07:52:20 UTC 2026,1785225140,0,0.1
Tue Jul 28 07:53:20 UTC 2026,1785225200,0,0.22
Tue Jul 28 07:53:55 UTC 2026,1785225235,0,0.15
Tue Jul 28 07:55:12 UTC 2026,1785225312,0,0.24
Tue Jul 28 07:56:53 UTC 2026,1785225413,0,0.25
Tue Jul 28 07:56:57 UTC 2026,1785225417,0,0.14
Tue Jul 28 07:57:51 UTC 2026,1785225471,0,0.23
Tue Jul 28 07:58:37 UTC 2026,1785225517,0,0.12
Tue Jul 28 07:59:08 UTC 2026,1785225548,0,0.24
Tue Jul 28 07:59:31 UTC 2026,1785225571,0,0.14
Tue Jul 28 08:00:20 UTC 2026,1785225620,0,0.09
Tue Jul 28 08:00:25 UTC 2026,1785225625,0,0.26
Tue Jul 28 08:02:13 UTC 2026,1785225733,0,0.13
Tue Jul 28 08:03:13 UTC 2026,1785225793,0,0.24
Tue Jul 28 08:04:35 UTC 2026,1785225875,0,0.22
Tue Jul 28 08:04:40 UTC 2026,1785225880,0,0.16
Tue Jul 28 08:05:34 UTC 2026,1785225934,0,0.13
Tue Jul 28 08:05:56 UTC 2026,1785225956,0,0.25
Tue Jul 28 08:07:22 UTC 2026,1785226042,0,0.13
Tue Jul 28 08:08:22 UTC 2026,1785226102,0,0.23
Tue Jul 28 08:08:36 UTC 2026,1785226116,0,0.22
Tue Jul 28 08:10:05 UTC 2026,1785226205,0,0.15
Tue Jul 28 08:11:23 UTC 2026,1785226283,0,0.11
Tue Jul 28 08:11:36 UTC 2026,1785226296,0,0.24
Tue Jul 28 08:12:22 UTC 2026,1785226342,0,0.23
Tue Jul 28 08:13:03 UTC 2026,1785226383,0,0.16
Tue Jul 28 08:14:47 UTC 2026,1785226487,0,0.23
Tue Jul 28 08:15:18 UTC 2026,1785226518,0,0.24
Tue Jul 28 08:15:50 UTC 2026,1785226550,0,0.15
Tue Jul 28 08:16:55 UTC 2026,1785226615,0,0.17
Tue Jul 28 08:18:10 UTC 2026,1785226690,0,0.22
Tue Jul 28 08:18:43 UTC 2026,1785226723,0,0.15
Tue Jul 28 08:18:47 UTC 2026,1785226727,0,0.23
Tue Jul 28 08:21:04 UTC 2026,1785226864,0,0.25
Tue Jul 28 08:21:39 UTC 2026,1785226899,0,0.14
Tue Jul 28 08:21:49 UTC 2026,1785226909,0,0.23
Tue Jul 28 08:22:25 UTC 2026,1785226945,0,0.13
Tue Jul 28 08:23:37 UTC 2026,1785227017,0,0.15
Tue Jul 28 08:24:09 UTC 2026,1785227049,0,0.23
Tue Jul 28 08:25:03 UTC 2026,1785227103,0,0.22
Tue Jul 28 08:26:12 UTC 2026,1785227172,0,0.14
Tue Jul 28 08:26:52 UTC 2026,1785227212,0,0.23
Tue Jul 28 08:27:20 UTC 2026,1785227240,0,0.17
Tue Jul 28 08:28:28 UTC 2026,1785227308,0,0.11
Tue Jul 28 08:29:36 UTC 2026,1785227376,0,0.22
Tue Jul 28 08:30:12 UTC 2026,1785227412,0,0.12
Tue Jul 28 08:31:06 UTC 2026,1785227466,0,0.25
Tue Jul 28 08:31:48 UTC 2026,1785227508,0,0.16
Tue Jul 28 08:32:05 UTC 2026,1785227525,0,0.23
Tue Jul 28 08:33:59 UTC 2026,1785227639,0,0.17
Tue Jul 28 08:34:53 UTC 2026,1785227693,0,0.23
Tue Jul 28 08:35:25 UTC 2026,1785227725,0,0.22
Tue Jul 28 08:35:52 UTC 2026,1785227752,0,0.15
Tue Jul 28 08:37:05 UTC 2026,1785227825,0,0.26
Tue Jul 28 08:37:59 UTC 2026,1785227879,0,0.16
Tue Jul 28 08:38:26 UTC 2026,1785227906,0,0.23
Tue Jul 28 08:38:43 UTC 2026,1785227923,0,0.15
Tue Jul 28 08:40:33 UTC 2026,1785228033,0,0.16
Tue Jul 28 08:40:37 UTC 2026,1785228037,0,0.23
Tue Jul 28 08:42:48 UTC 2026,1785228168,0,0.15
Tue Jul 28 08:43:48 UTC 2026,1785228228,0,0.22
Tue Jul 28 08:43:58 UTC 2026,1785228238,0,0.14
Tue Jul 28 08:45:05 UTC 2026,1785228305,0,0.22
Tue Jul 28 08:45:19 UTC 2026,1785228319,0,0.15
Tue Jul 28 08:46:59 UTC 2026,1785228419,0,0.23
Tue Jul 28 08:47:26 UTC 2026,1785228446,0,0.11
Tue Jul 28 08:49:05 UTC 2026,1785228545,0,0.14
Tue Jul 28 08:49:29 UTC 2026,1785228569,0,0.22
Tue Jul 28 08:49:50 UTC 2026,1785228590,0,0.25
Tue Jul 28 08:50:18 UTC 2026,1785228618,0,0.15
Tue Jul 28 08:51:44 UTC 2026,1785228704,0,0.24
Tue Jul 28 08:51:57 UTC 2026,1785228717,0,0.16
Tue Jul 28 08:53:10 UTC 2026,1785228790,0,0.22
Tue Jul 28 08:53:24 UTC 2026,1785228804,0,0.16
Tue Jul 28 08:55:12 UTC 2026,1785228912,0,0.22
Tue Jul 28 08:55:26 UTC 2026,1785228926,0,0.15
Tue Jul 28 08:56:56 UTC 2026,1785229016,0,0.16
Tue Jul 28 08:57:28 UTC 2026,1785229048,0,0.25
Tue Jul 28 08:58:04 UTC 2026,1785229084,0,0.16
Tue Jul 28 08:59:18 UTC 2026,1785229158,0,0.25
Tue Jul 28 09:00:03 UTC 2026,1785229203,0,0.23
Tue Jul 28 09:01:06 UTC 2026,1785229266,0,0.12
Tue Jul 28 09:01:29 UTC 2026,1785229289,0,0.21
Tue Jul 28 09:02:56 UTC 2026,1785229376,0,0.16
Tue Jul 28 09:03:00 UTC 2026,1785229380,0,0.24
Tue Jul 28 09:04:34 UTC 2026,1785229474,0,0.13
Tue Jul 28 09:04:57 UTC 2026,1785229497,0,0.12
Tue Jul 28 09:05:06 UTC 2026,1785229506,0,0.2
Tue Jul 28 09:05:11 UTC 2026,1785229511,0,0.21
Tue Jul 28 09:05:33 UTC 2026,1785229533,0,0.11
Tue Jul 28 09:06:28 UTC 2026,1785229588,0,0.24
Tue Jul 28 09:07:50 UTC 2026,1785229670,0,0.13
Tue Jul 28 09:07:59 UTC 2026,1785229679,0,0.16
Tue Jul 28 09:09:11 UTC 2026,1785229751,0,0.25
Tue Jul 28 09:09:42 UTC 2026,1785229782,0,0.18
Tue Jul 28 09:10:37 UTC 2026,1785229837,0,0.23
Tue Jul 28 09:11:27 UTC 2026,1785229887,0,0.24
Tue Jul 28 09:12:48 UTC 2026,1785229968,0,0.16
Tue Jul 28 09:14:06 UTC 2026,1785230046,0,0.23
Tue Jul 28 09:14:50 UTC 2026,1785230090,0,0.17
Tue Jul 28 09:15:14 UTC 2026,1785230114,0,0.24
Tue Jul 28 09:16:58 UTC 2026,1785230218,0,0.15
Tue Jul 28 09:17:25 UTC 2026,1785230245,0,0.23
Tue Jul 28 09:17:58 UTC 2026,1785230278,0,0.14
Tue Jul 28 09:18:56 UTC 2026,1785230336,0,0.22
Tue Jul 28 09:19:32 UTC 2026,1785230372,0,0.27
Tue Jul 28 09:19:46 UTC 2026,1785230386,0,0.17
Tue Jul 28 09:22:29 UTC 2026,1785230549,0,0.25
Tue Jul 28 09:22:34 UTC 2026,1785230554,0,0.16
Tue Jul 28 09:23:42 UTC 2026,1785230622,0,0.15
Tue Jul 28 09:24:13 UTC 2026,1785230653,0,0.27
Tue Jul 28 09:24:50 UTC 2026,1785230690,0,0.2
Tue Jul 28 09:25:07 UTC 2026,1785230707,0,0.24
Tue Jul 28 09:26:17 UTC 2026,1785230777,0,0.18
Tue Jul 28 09:26:52 UTC 2026,1785230812,0,0.26
Tue Jul 28 09:27:55 UTC 2026,1785230875,0,0.25
Tue Jul 28 09:28:13 UTC 2026,1785230893,0,0.19
Tue Jul 28 09:29:54 UTC 2026,1785230994,0,0.25
Tue Jul 28 09:30:16 UTC 2026,1785231016,0,0.17
Tue Jul 28 09:32:09 UTC 2026,1785231129,0,0.19
Tue Jul 28 09:32:18 UTC 2026,1785231138,0,0.25
Tue Jul 28 09:33:41 UTC 2026,1785231221,0,0.19
Tue Jul 28 09:34:35 UTC 2026,1785231275,0,0.2
Tue Jul 28 09:35:10 UTC 2026,1785231310,0,0.25
Tue Jul 28 09:36:38 UTC 2026,1785231398,0,0.2
Tue Jul 28 09:37:41 UTC 2026,1785231461,0,0.22
Tue Jul 28 09:38:12 UTC 2026,1785231492,0,0.25
Tue Jul 28 09:40:06 UTC 2026,1785231606,0,0.26
Tue Jul 28 09:40:52 UTC 2026,1785231652,0,0.19
Tue Jul 28 09:42:30 UTC 2026,1785231750,0,0.27
Tue Jul 28 09:42:48 UTC 2026,1785231768,0,0.22
Tue Jul 28 09:43:56 UTC 2026,1785231836,0,0.26
Tue Jul 28 09:44:15 UTC 2026,1785231855,0,0.21
Tue Jul 28 09:44:47 UTC 2026,1785231887,0,0.27
Tue Jul 28 09:45:59 UTC 2026,1785231959,0,0.28
Tue Jul 28 09:46:31 UTC 2026,1785231991,0,0.23
Tue Jul 28 09:48:19 UTC 2026,1785232099,0,0.27
Tue Jul 28 09:49:24 UTC 2026,1785232164,0,0.26
Tue Jul 28 09:50:18 UTC 2026,1785232218,0,0.22
Tue Jul 28 09:51:39 UTC 2026,1785232299,0,0.23
Tue Jul 28 09:51:57 UTC 2026,1785232317,0,0.27
Tue Jul 28 09:52:33 UTC 2026,1785232353,0,0.23
Tue Jul 28 09:53:50 UTC 2026,1785232430,0,0.27
Tue Jul 28 09:54:27 UTC 2026,1785232467,0,0.23
Tue Jul 28 09:55:43 UTC 2026,1785232543,0,0.27
Tue Jul 28 09:55:53 UTC 2026,1785232553,0,0.26
Tue Jul 28 09:56:03 UTC 2026,1785232563,0,0.24
Tue Jul 28 09:57:56 UTC 2026,1785232676,0,0.27
Tue Jul 28 09:58:55 UTC 2026,1785232735,0,0.22
Tue Jul 28 09:59:08 UTC 2026,1785232748,0,0.19
Tue Jul 28 10:00:30 UTC 2026,1785232830,0,0.27
Tue Jul 28 10:01:28 UTC 2026,1785232888,0,0.21
Tue Jul 28 10:02:13 UTC 2026,1785232933,0,0.27
Tue Jul 28 10:03:00 UTC 2026,1785232980,0,0.21
Tue Jul 28 10:03:04 UTC 2026,1785232984,0,0.27
Tue Jul 28 10:04:03 UTC 2026,1785233043,0,0.23
Tue Jul 28 10:04:34 UTC 2026,1785233074,0,0.29
Tue Jul 28 10:05:56 UTC 2026,1785233156,0,0.25
Tue Jul 28 10:06:50 UTC 2026,1785233210,0,0.29
Tue Jul 28 10:07:30 UTC 2026,1785233250,0,0.25
Tue Jul 28 10:08:49 UTC 2026,1785233329,0,0.29
Tue Jul 28 10:09:29 UTC 2026,1785233369,0,0.26
Tue Jul 28 10:09:47 UTC 2026,1785233387,0,0.3
Tue Jul 28 10:11:04 UTC 2026,1785233464,0,0.29
Tue Jul 28 10:11:58 UTC 2026,1785233518,0,0.24
Tue Jul 28 10:12:35 UTC 2026,1785233555,0,0.25
Tue Jul 28 10:13:47 UTC 2026,1785233627,0,0.29
Tue Jul 28 10:14:47 UTC 2026,1785233687,0,0.23
Tue Jul 28 10:15:08 UTC 2026,1785233708,0,0.29
Tue Jul 28 10:15:41 UTC 2026,1785233741,0,0.27
Tue Jul 28 10:17:07 UTC 2026,1785233827,0,0.22
Tue Jul 28 10:18:09 UTC 2026,1785233889,0,0.21
Tue Jul 28 10:18:15 UTC 2026,1785233895,0,0.28
Tue Jul 28 10:18:56 UTC 2026,1785233936,0,0.24
Tue Jul 28 10:19:00 UTC 2026,1785233940,0,0.29
Tue Jul 28 10:20:36 UTC 2026,1785234036,0,0.24
Tue Jul 28 10:21:20 UTC 2026,1785234080,0,0.28
Tue Jul 28 10:22:55 UTC 2026,1785234175,0,0.3
Tue Jul 28 10:23:32 UTC 2026,1785234212,0,0.25
Tue Jul 28 10:24:32 UTC 2026,1785234272,0,0.23
Tue Jul 28 10:25:12 UTC 2026,1785234312,0,0.3
Tue Jul 28 10:25:47 UTC 2026,1785234347,0,0.31
Tue Jul 28 10:27:05 UTC 2026,1785234425,0,0.23
Tue Jul 28 10:27:23 UTC 2026,1785234443,0,0.29
Tue Jul 28 10:28:08 UTC 2026,1785234488,0,0.24
Tue Jul 28 10:28:49 UTC 2026,1785234529,0,0.3
Tue Jul 28 10:30:10 UTC 2026,1785234610,0,0.22
Tue Jul 28 10:30:37 UTC 2026,1785234637,0,0.26
Tue Jul 28 10:31:18 UTC 2026,1785234678,0,0.2
Tue Jul 28 10:32:31 UTC 2026,1785234751,0,0.15
Tue Jul 28 10:33:11 UTC 2026,1785234791,0,0.27
Tue Jul 28 10:34:11 UTC 2026,1785234851,0,0.28
Tue Jul 28 10:35:05 UTC 2026,1785234905,0,0.16
Tue Jul 28 10:35:28 UTC 2026,1785234928,0,0.14
Tue Jul 28 10:36:49 UTC 2026,1785235009,0,0.3
Tue Jul 28 10:37:03 UTC 2026,1785235023,0,0.22
Tue Jul 28 10:37:57 UTC 2026,1785235077,0,0.31
Tue Jul 28 10:39:10 UTC 2026,1785235150,0,0.21
Tue Jul 28 10:39:33 UTC 2026,1785235173,0,0.33
Tue Jul 28 10:40:32 UTC 2026,1785235232,0,0.29
Tue Jul 28 10:40:36 UTC 2026,1785235236,0,0.23
Tue Jul 28 10:42:02 UTC 2026,1785235322,0,0.3
Tue Jul 28 10:43:37 UTC 2026,1785235417,0,0.14
Tue Jul 28 10:44:18 UTC 2026,1785235458,0,0.06
Tue Jul 28 10:45:03 UTC 2026,1785235503,0,0.23
Tue Jul 28 10:45:22 UTC 2026,1785235522,0,0.22
Tue Jul 28 10:45:58 UTC 2026,1785235558,0,0.28
Tue Jul 28 10:47:15 UTC 2026,1785235635,0,0.21
Tue Jul 28 10:47:19 UTC 2026,1785235639,0,0.28
Tue Jul 28 10:49:40 UTC 2026,1785235780,0,0.3
Tue Jul 28 10:49:53 UTC 2026,1785235793,0,0.18
Tue Jul 28 10:50:17 UTC 2026,1785235817,0,0.28
Tue Jul 28 10:51:42 UTC 2026,1785235902,0,0.1
Tue Jul 28 10:52:01 UTC 2026,1785235921,0,0.12
Tue Jul 28 10:53:09 UTC 2026,1785235989,0,-0.2
Tue Jul 28 10:53:41 UTC 2026,1785236021,0,-0.15
Tue Jul 28 10:54:16 UTC 2026,1785236056,0,-1.34
Tue Jul 28 10:55:16 UTC 2026,1785236116,0,-0.91
Tue Jul 28 10:56:10 UTC 2026,1785236170,0,-0.42
Tue Jul 28 10:56:59 UTC 2026,1785236219,0,-0.61
Tue Jul 28 10:58:25 UTC 2026,1785236305,0,0.04
Tue Jul 28 10:58:31 UTC 2026,1785236311,0,0.02
Tue Jul 28 10:59:39 UTC 2026,1785236379,0,0.25
Tue Jul 28 11:00:27 UTC 2026,1785236427,0,0.18
Tue Jul 28 11:01:46 UTC 2026,1785236506,0,0.28
Tue Jul 28 11:02:04 UTC 2026,1785236524,0,0.23
Tue Jul 28 11:03:02 UTC 2026,1785236582,0,0.3
Tue Jul 28 11:03:56 UTC 2026,1785236636,0,0.31
Tue Jul 28 11:04:33 UTC 2026,1785236673,0,0.25
Tue Jul 28 11:06:04 UTC 2026,1785236764,0,0.33
Tue Jul 28 11:06:44 UTC 2026,1785236804,0,0.25
Tue Jul 28 11:06:50 UTC 2026,1785236810,0,0.31
Tue Jul 28 11:07:12 UTC 2026,1785236832,0,0.25
Tue Jul 28 11:08:38 UTC 2026,1785236918,0,0.27
Tue Jul 28 11:08:42 UTC 2026,1785236922,0,0.31
Tue Jul 28 11:10:32 UTC 2026,1785237032,0,0.33
Tue Jul 28 11:10:40 UTC 2026,1785237040,0,0.26
Tue Jul 28 11:12:02 UTC 2026,1785237122,0,0.32
Tue Jul 28 11:12:07 UTC 2026,1785237127,0,0.27
Tue Jul 28 11:14:22 UTC 2026,1785237262,0,0.28
Tue Jul 28 11:14:32 UTC 2026,1785237272,0,0.32
Tue Jul 28 11:15:30 UTC 2026,1785237330,0,0.28
Tue Jul 28 11:16:16 UTC 2026,1785237376,0,0.33
Tue Jul 28 11:17:24 UTC 2026,1785237444,0,0.24
Tue Jul 28 11:18:31 UTC 2026,1785237511,0,0.33
Tue Jul 28 11:19:26 UTC 2026,1785237566,0,0.28
Tue Jul 28 11:20:39 UTC 2026,1785237639,0,0.27
Tue Jul 28 11:20:47 UTC 2026,1785237647,0,0.33
Tue Jul 28 11:22:14 UTC 2026,1785237734,0,0.29
Tue Jul 28 11:23:00 UTC 2026,1785237780,0,0.36
Tue Jul 28 11:23:17 UTC 2026,1785237797,0,0.37
Tue Jul 28 11:24:29 UTC 2026,1785237869,0,0.3
Tue Jul 28 11:25:07 UTC 2026,1785237907,0,0.36
Tue Jul 28 11:25:15 UTC 2026,1785237915,0,0.31
Tue Jul 28 11:26:42 UTC 2026,1785238002,0,0.36
Tue Jul 28 11:27:17 UTC 2026,1785238037,0,0.29
Tue Jul 28 11:28:30 UTC 2026,1785238110,0,0.32
Tue Jul 28 11:29:48 UTC 2026,1785238188,0,0.37
Tue Jul 28 11:30:55 UTC 2026,1785238255,0,0.36
Tue Jul 28 11:31:18 UTC 2026,1785238278,0,0.3
Tue Jul 28 11:31:46 UTC 2026,1785238306,0,0.31
Tue Jul 28 11:33:02 UTC 2026,1785238382,0,0.36
Tue Jul 28 11:33:53 UTC 2026,1785238433,0,0.3
Tue Jul 28 11:35:32 UTC 2026,1785238532,0,0.27
Tue Jul 28 11:35:59 UTC 2026,1785238559,0,0.39
Tue Jul 28 11:37:07 UTC 2026,1785238627,0,0.33
Tue Jul 28 11:38:56 UTC 2026,1785238736,0,0.38
Tue Jul 28 11:39:50 UTC 2026,1785238790,0,0.37
Tue Jul 28 11:40:04 UTC 2026,1785238804,0,0.33
Tue Jul 28 11:41:57 UTC 2026,1785238917,0,0.35
Tue Jul 28 11:42:12 UTC 2026,1785238932,0,0.29
Tue Jul 28 11:43:09 UTC 2026,1785238989,0,0.33
Tue Jul 28 11:44:23 UTC 2026,1785239063,0,0.37
Tue Jul 28 11:45:12 UTC 2026,1785239112,0,0.38
Tue Jul 28 11:46:20 UTC 2026,1785239180,0,0.33
Tue Jul 28 11:46:47 UTC 2026,1785239207,0,0.38
Tue Jul 28 11:47:14 UTC 2026,1785239234,0,0.32
Tue Jul 28 11:48:08 UTC 2026,1785239288,0,0.38
Tue Jul 28 11:48:18 UTC 2026,1785239298,0,0.33
Tue Jul 28 11:50:10 UTC 2026,1785239410,0,0.38
Tue Jul 28 11:51:10 UTC 2026,1785239470,0,0.34
Tue Jul 28 11:51:23 UTC 2026,1785239483,0,0.38
Tue Jul 28 11:52:09 UTC 2026,1785239529,0,0.34
Tue Jul 28 11:53:03 UTC 2026,1785239583,0,0.37
Tue Jul 28 11:53:52 UTC 2026,1785239632,0,0.23
Tue Jul 28 11:54:39 UTC 2026,1785239679,0,0.28
Tue Jul 28 11:56:09 UTC 2026,1785239769,0,0.37
Tue Jul 28 11:56:18 UTC 2026,1785239778,0,0.3
Tue Jul 28 11:57:35 UTC 2026,1785239855,0,0.38
Tue Jul 28 11:58:42 UTC 2026,1785239922,0,0.32
Tue Jul 28 12:00:31 UTC 2026,1785240031,0,0.31
Tue Jul 28 12:01:08 UTC 2026,1785240068,0,0.39
Tue Jul 28 12:01:40 UTC 2026,1785240100,0,0.34
Tue Jul 28 12:01:49 UTC 2026,1785240109,0,0.39
Tue Jul 28 12:02:57 UTC 2026,1785240177,0,0.38
Tue Jul 28 12:03:10 UTC 2026,1785240190,0,0.33
Tue Jul 28 12:05:04 UTC 2026,1785240304,0,0.32
Tue Jul 28 12:05:49 UTC 2026,1785240349,0,0.4
Tue Jul 28 12:06:20 UTC 2026,1785240380,0,0.33
Tue Jul 28 12:07:33 UTC 2026,1785240453,0,0.41
Tue Jul 28 12:08:19 UTC 2026,1785240499,0,0.32
Tue Jul 28 12:08:23 UTC 2026,1785240503,0,0.39
Tue Jul 28 12:10:12 UTC 2026,1785240612,0,0.34
Tue Jul 28 12:11:07 UTC 2026,1785240667,0,0.38
Tue Jul 28 12:11:42 UTC 2026,1785240702,0,0.29
Tue Jul 28 12:12:56 UTC 2026,1785240776,0,0.33
Tue Jul 28 12:13:36 UTC 2026,1785240816,0,0.39
Tue Jul 28 12:14:30 UTC 2026,1785240870,0,0.33
Tue Jul 28 12:15:03 UTC 2026,1785240903,0,0.39
Tue Jul 28 12:17:00 UTC 2026,1785241020,0,0.33
Tue Jul 28 12:18:49 UTC 2026,1785241129,0,0.38
Tue Jul 28 12:19:29 UTC 2026,1785241169,0,0.37
Tue Jul 28 12:20:10 UTC 2026,1785241210,0,0.33
Tue Jul 28 12:21:09 UTC 2026,1785241269,0,0.38
Tue Jul 28 12:21:31 UTC 2026,1785241291,0,0.32
Tue Jul 28 12:23:57 UTC 2026,1785241437,0,0.31
Tue Jul 28 12:24:06 UTC 2026,1785241446,0,0.37
Tue Jul 28 12:24:38 UTC 2026,1785241478,0,0.29
Tue Jul 28 12:25:45 UTC 2026,1785241545,0,0.4
Tue Jul 28 12:26:31 UTC 2026,1785241591,0,0.37
Tue Jul 28 12:27:21 UTC 2026,1785241641,0,0.32
Tue Jul 28 12:28:47 UTC 2026,1785241727,0,0.29
Tue Jul 28 12:29:13 UTC 2026,1785241753,0,0.4
Tue Jul 28 12:29:50 UTC 2026,1785241790,0,0.27
Tue Jul 28 12:30:40 UTC 2026,1785241840,0,0.37
Tue Jul 28 12:31:48 UTC 2026,1785241908,0,0.28
Tue Jul 28 12:32:38 UTC 2026,1785241958,0,0.32
Tue Jul 28 12:33:46 UTC 2026,1785242026,0,0.4
Tue Jul 28 12:34:14 UTC 2026,1785242054,0,0.38
Tue Jul 28 12:35:44 UTC 2026,1785242144,0,0.3
Tue Jul 28 12:36:20 UTC 2026,1785242180,0,0.27
Tue Jul 28 12:37:19 UTC 2026,1785242239,0,0.36
Tue Jul 28 12:37:55 UTC 2026,1785242275,0,0.29
Tue Jul 28 12:38:54 UTC 2026,1785242334,0,0.37
Tue Jul 28 12:40:06 UTC 2026,1785242406,0,0.36
Tue Jul 28 12:40:34 UTC 2026,1785242434,0,0.3
Tue Jul 28 12:40:56 UTC 2026,1785242456,0,0.31
Tue Jul 28 12:42:23 UTC 2026,1785242543,0,0.39
Tue Jul 28 12:43:27 UTC 2026,1785242607,0,0.28
Tue Jul 28 12:43:31 UTC 2026,1785242611,0,0.38
Tue Jul 28 12:44:16 UTC 2026,1785242656,0,0.35
Tue Jul 28 12:45:05 UTC 2026,1785242705,0,0.27
Tue Jul 28 12:46:42 UTC 2026,1785242802,0,0.32
Tue Jul 28 12:47:23 UTC 2026,1785242843,0,0.2
Tue Jul 28 12:47:31 UTC 2026,1785242851,0,0.3
Tue Jul 28 12:48:07 UTC 2026,1785242887,0,0.17
Tue Jul 28 12:49:05 UTC 2026,1785242945,0,0.2
Tue Jul 28 12:50:24 UTC 2026,1785243024,0,0.07
Tue Jul 28 12:51:26 UTC 2026,1785243086,0,0.16
Tue Jul 28 12:52:13 UTC 2026,1785243133,0,0.0
Tue Jul 28 12:52:47 UTC 2026,1785243167,0,-0.17
Tue Jul 28 12:53:20 UTC 2026,1785243200,0,0.05
Tue Jul 28 12:54:24 UTC 2026,1785243264,0,-0.06
Tue Jul 28 12:55:09 UTC 2026,1785243309,0,0.17
Tue Jul 28 12:55:41 UTC 2026,1785243341,0,0.09
Tue Jul 28 12:55:50 UTC 2026,1785243350,0,0.18
Tue Jul 28 12:58:10 UTC 2026,1785243490,0,0.09
Tue Jul 28 12:58:56 UTC 2026,1785243536,0,-0.09
Tue Jul 28 12:59:00 UTC 2026,1785243540,0,-0.14
Tue Jul 28 13:00:21 UTC 2026,1785243621,0,0.24
Tue Jul 28 13:00:40 UTC 2026,1785243640,0,0.21
Tue Jul 28 13:01:48 UTC 2026,1785243708,0,0.31
Tue Jul 28 13:02:28 UTC 2026,1785243748,0,0.33
Tue Jul 28 13:03:37 UTC 2026,1785243817,0,0.22
Tue Jul 28 13:04:13 UTC 2026,1785243853,0,0.24
Tue Jul 28 13:05:03 UTC 2026,1785243903,0,0.35
Tue Jul 28 13:06:16 UTC 2026,1785243976,0,0.26
Tue Jul 28 13:07:01 UTC 2026,1785244021,0,0.33
Tue Jul 28 13:07:14 UTC 2026,1785244034,0,0.28
Tue Jul 28 13:07:59 UTC 2026,1785244079,0,0.36
Tue Jul 28 13:08:55 UTC 2026,1785244135,0,0.28
Tue Jul 28 13:09:26 UTC 2026,1785244166,0,0.4
Tue Jul 28 13:11:19 UTC 2026,1785244279,0,0.29
Tue Jul 28 13:11:55 UTC 2026,1785244315,0,0.37
Tue Jul 28 13:12:13 UTC 2026,1785244333,0,0.29
Tue Jul 28 13:13:45 UTC 2026,1785244425,0,0.38
Tue Jul 28 13:14:02 UTC 2026,1785244442,0,0.39
Tue Jul 28 13:14:39 UTC 2026,1785244479,0,0.3
Tue Jul 28 13:16:00 UTC 2026,1785244560,0,0.39
Tue Jul 28 13:16:17 UTC 2026,1785244577,0,0.32
Tue Jul 28 13:17:07 UTC 2026,1785244627,0,0.34
Tue Jul 28 13:17:22 UTC 2026,1785244642,0,0.38
Tue Jul 28 13:20:10 UTC 2026,1785244810,0,0.32
Tue Jul 28 13:20:42 UTC 2026,1785244842,0,0.39
Tue Jul 28 13:22:03 UTC 2026,1785244923,0,0.33
Tue Jul 28 13:23:15 UTC 2026,1785244995,0,0.38
Tue Jul 28 13:24:05 UTC 2026,1785245045,0,0.3
Tue Jul 28 13:25:26 UTC 2026,1785245126,0,0.34
Tue Jul 28 13:26:07 UTC 2026,1785245167,0,0.39
Tue Jul 28 13:27:38 UTC 2026,1785245258,0,0.34
Tue Jul 28 13:27:51 UTC 2026,1785245271,0,0.39
Tue Jul 28 13:28:51 UTC 2026,1785245331,0,0.34
Tue Jul 28 13:29:18 UTC 2026,1785245358,0,0.39
Tue Jul 28 13:30:39 UTC 2026,1785245439,0,0.38
Tue Jul 28 13:30:48 UTC 2026,1785245448,0,0.34
Tue Jul 28 13:32:23 UTC 2026,1785245543,0,0.33
Tue Jul 28 13:32:51 UTC 2026,1785245571,0,0.39
Tue Jul 28 13:33:40 UTC 2026,1785245620,0,0.32
Tue Jul 28 13:35:58 UTC 2026,1785245758,0,0.38
Tue Jul 28 13:36:28 UTC 2026,1785245788,0,0.34
Tue Jul 28 13:37:19 UTC 2026,1785245839,0,0.38
Tue Jul 28 13:37:23 UTC 2026,1785245843,0,0.33
Tue Jul 28 13:38:40 UTC 2026,1785245920,0,0.37
Tue Jul 28 13:39:25 UTC 2026,1785245965,0,0.32
Tue Jul 28 13:41:37 UTC 2026,1785246097,0,0.36
Tue Jul 28 13:42:13 UTC 2026,1785246133,0,0.28
Tue Jul 28 13:42:44 UTC 2026,1785246164,0,0.38
Tue Jul 28 13:44:57 UTC 2026,1785246297,0,0.31
Tue Jul 28 13:46:05 UTC 2026,1785246365,0,0.38
Tue Jul 28 13:46:49 UTC 2026,1785246409,0,0.31
Tue Jul 28 13:47:35 UTC 2026,1785246455,0,0.37
Tue Jul 28 13:49:15 UTC 2026,1785246555,0,0.38
Tue Jul 28 13:49:28 UTC 2026,1785246568,0,0.3
Tue Jul 28 13:50:49 UTC 2026,1785246649,0,0.34
Tue Jul 28 13:51:35 UTC 2026,1785246695,0,0.4
Tue Jul 28 13:52:12 UTC 2026,1785246732,0,0.33
Tue Jul 28 13:54:05 UTC 2026,1785246845,0,0.4
Tue Jul 28 13:54:23 UTC 2026,1785246863,0,0.35
Tue Jul 28 13:55:09 UTC 2026,1785246909,0,0.4
Tue Jul 28 13:56:30 UTC 2026,1785246990,0,0.35
Tue Jul 28 13:58:10 UTC 2026,1785247090,0,0.4
Tue Jul 28 13:58:33 UTC 2026,1785247113,0,0.36
Tue Jul 28 13:59:46 UTC 2026,1785247186,0,0.41
Tue Jul 28 14:00:21 UTC 2026,1785247221,0,0.26
Tue Jul 28 14:00:44 UTC 2026,1785247244,0,0.39
Tue Jul 28 14:02:09 UTC 2026,1785247329,0,0.4
Tue Jul 28 14:02:42 UTC 2026,1785247362,0,0.35
Tue Jul 28 14:03:36 UTC 2026,1785247416,0,0.34
Tue Jul 28 14:04:17 UTC 2026,1785247457,0,0.4
Tue Jul 28 14:05:48 UTC 2026,1785247548,0,0.34
Tue Jul 28 14:06:19 UTC 2026,1785247579,0,0.41
Tue Jul 28 14:07:15 UTC 2026,1785247635,0,0.31
Tue Jul 28 14:07:45 UTC 2026,1785247665,0,0.41
Tue Jul 28 14:08:32 UTC 2026,1785247712,0,0.4
Tue Jul 28 14:09:48 UTC 2026,1785247788,0,0.33
Tue Jul 28 14:10:15 UTC 2026,1785247815,0,0.39
Tue Jul 28 14:11:20 UTC 2026,1785247880,0,0.31
Tue Jul 28 14:11:41 UTC 2026,1785247901,0,0.41
Tue Jul 28 14:12:27 UTC 2026,1785247947,0,0.3
Tue Jul 28 14:13:26 UTC 2026,1785248006,0,0.32
Tue Jul 28 14:14:02 UTC 2026,1785248042,0,0.43
Tue Jul 28 14:15:15 UTC 2026,1785248115,0,0.33
Tue Jul 28 14:15:47 UTC 2026,1785248147,0,0.4
Tue Jul 28 14:16:41 UTC 2026,1785248201,0,0.29
Tue Jul 28 14:16:59 UTC 2026,1785248219,0,0.39
Tue Jul 28 14:18:25 UTC 2026,1785248305,0,0.25
Tue Jul 28 14:19:43 UTC 2026,1785248383,0,0.43
Tue Jul 28 14:20:09 UTC 2026,1785248409,0,0.36
Tue Jul 28 14:20:50 UTC 2026,1785248450,0,0.23
Tue Jul 28 14:22:27 UTC 2026,1785248547,0,0.32
Tue Jul 28 14:22:44 UTC 2026,1785248564,0,0.19
Tue Jul 28 14:23:48 UTC 2026,1785248628,0,0.25
Tue Jul 28 14:24:09 UTC 2026,1785248649,0,0.15
Tue Jul 28 14:25:17 UTC 2026,1785248717,0,0.2
Tue Jul 28 14:25:44 UTC 2026,1785248744,0,0.33
Tue Jul 28 14:26:26 UTC 2026,1785248786,0,0.18
Tue Jul 28 14:27:38 UTC 2026,1785248858,0,-0.33
Tue Jul 28 14:28:24 UTC 2026,1785248904,0,-0.23
Tue Jul 28 14:29:27 UTC 2026,1785248967,0,0.07
Tue Jul 28 14:29:50 UTC 2026,1785248990,0,-0.13
Tue Jul 28 14:31:07 UTC 2026,1785249067,0,0.05
Tue Jul 28 14:32:01 UTC 2026,1785249121,0,-0.08
Tue Jul 28 14:32:47 UTC 2026,1785249167,0,0.05
Tue Jul 28 14:33:51 UTC 2026,1785249231,0,0.09
Tue Jul 28 14:34:08 UTC 2026,1785249248,0,-0.07
Tue Jul 28 14:34:40 UTC 2026,1785249280,0,0.04
Tue Jul 28 14:36:06 UTC 2026,1785249366,0,0.18
Tue Jul 28 14:36:20 UTC 2026,1785249380,0,0.1
Tue Jul 28 14:37:51 UTC 2026,1785249471,0,0.28
Tue Jul 28 14:38:23 UTC 2026,1785249503,0,0.32
Tue Jul 28 14:39:08 UTC 2026,1785249548,0,0.16
Tue Jul 28 14:39:44 UTC 2026,1785249584,0,0.26
Tue Jul 28 14:41:06 UTC 2026,1785249666,0,-0.01
Tue Jul 28 14:42:05 UTC 2026,1785249725,0,0.06
Tue Jul 28 14:42:32 UTC 2026,1785249752,0,-0.09
Tue Jul 28 14:43:39 UTC 2026,1785249819,0,-0.11
Tue Jul 28 14:43:58 UTC 2026,1785249838,0,0.08
Tue Jul 28 14:44:52 UTC 2026,1785249892,0,0.15
Tue Jul 28 14:45:05 UTC 2026,1785249905,0,-0.05
Tue Jul 28 14:46:41 UTC 2026,1785250001,0,-0.02
Tue Jul 28 14:47:16 UTC 2026,1785250036,0,0.18
Tue Jul 28 14:47:57 UTC 2026,1785250077,0,0.13
Tue Jul 28 14:49:24 UTC 2026,1785250164,0,-0.11
Tue Jul 28 14:49:51 UTC 2026,1785250191,0,-0.15
Tue Jul 28 14:50:55 UTC 2026,1785250255,0,-0.43
Tue Jul 28 14:51:40 UTC 2026,1785250300,0,-0.62
Tue Jul 28 14:52:02 UTC 2026,1785250322,0,-0.36
Tue Jul 28 14:53:15 UTC 2026,1785250395,0,-0.73
Tue Jul 28 14:54:24 UTC 2026,1785250464,0,-0.27
Tue Jul 28 14:55:22 UTC 2026,1785250522,0,-0.31
Tue Jul 28 14:55:58 UTC 2026,1785250558,0,-0.09
Tue Jul 28 14:56:07 UTC 2026,1785250567,0,-0.11
Tue Jul 28 14:57:11 UTC 2026,1785250631,0,0.15
Tue Jul 28 14:58:29 UTC 2026,1785250709,0,0.1
Tue Jul 28 14:59:04 UTC 2026,1785250744,0,-0.14
Tue Jul 28 14:59:50 UTC 2026,1785250790,0,-0.15
Tue Jul 28 15:00:40 UTC 2026,1785250840,0,0.15
Tue Jul 28 15:01:11 UTC 2026,1785250871,0,0.16
Tue Jul 28 15:02:28 UTC 2026,1785250948,0,0.3
Tue Jul 28 15:03:27 UTC 2026,1785251007,0,0.33
Tue Jul 28 15:03:36 UTC 2026,1785251016,0,0.24
Tue Jul 28 15:04:31 UTC 2026,1785251071,0,0.31
Tue Jul 28 15:05:52 UTC 2026,1785251152,0,0.15
Tue Jul 28 15:06:15 UTC 2026,1785251175,0,0.12
Tue Jul 28 15:07:18 UTC 2026,1785251238,0,0.31
Tue Jul 28 15:07:49 UTC 2026,1785251269,0,0.26
Tue Jul 28 15:08:54 UTC 2026,1785251334,0,0.33
Tue Jul 28 15:09:35 UTC 2026,1785251375,0,0.27
Tue Jul 28 15:10:16 UTC 2026,1785251416,0,0.36
Tue Jul 28 15:11:45 UTC 2026,1785251505,0,0.31
Tue Jul 28 15:12:23 UTC 2026,1785251543,0,0.4
Tue Jul 28 15:12:50 UTC 2026,1785251570,0,0.36
Tue Jul 28 15:13:08 UTC 2026,1785251588,0,0.4
Tue Jul 28 15:15:06 UTC 2026,1785251706,0,0.35
Tue Jul 28 15:16:05 UTC 2026,1785251765,0,0.36
Tue Jul 28 15:17:17 UTC 2026,1785251837,0,0.4
Tue Jul 28 15:17:58 UTC 2026,1785251878,0,0.41
Tue Jul 28 15:18:43 UTC 2026,1785251923,0,0.35
Tue Jul 28 15:20:01 UTC 2026,1785252001,0,0.41
Tue Jul 28 15:20:22 UTC 2026,1785252022,0,0.36
Tue Jul 28 15:21:12 UTC 2026,1785252072,0,0.37
Tue Jul 28 15:22:07 UTC 2026,1785252127,0,0.41
Tue Jul 28 15:23:01 UTC 2026,1785252181,0,0.35
Tue Jul 28 15:24:37 UTC 2026,1785252277,0,0.41
Tue Jul 28 15:25:25 UTC 2026,1785252325,0,0.32
Tue Jul 28 15:25:49 UTC 2026,1785252349,0,0.35
Tue Jul 28 15:26:43 UTC 2026,1785252403,0,0.42
Tue Jul 28 15:27:27 UTC 2026,1785252447,0,0.36
Tue Jul 28 15:28:19 UTC 2026,1785252499,0,0.44
Tue Jul 28 15:29:17 UTC 2026,1785252557,0,0.42
Tue Jul 28 15:30:21 UTC 2026,1785252621,0,0.3
Tue Jul 28 15:30:52 UTC 2026,1785252652,0,0.43
Tue Jul 28 15:31:10 UTC 2026,1785252670,0,0.38
Tue Jul 28 15:33:36 UTC 2026,1785252816,0,0.43
Tue Jul 28 15:33:40 UTC 2026,1785252820,0,0.35
Tue Jul 28 15:34:07 UTC 2026,1785252847,0,0.37
Tue Jul 28 15:35:38 UTC 2026,1785252938,0,0.43
Tue Jul 28 15:35:43 UTC 2026,1785252943,0,0.41
Tue Jul 28 15:36:51 UTC 2026,1785253011,0,0.35
Tue Jul 28 15:37:22 UTC 2026,1785253042,0,0.41
Tue Jul 28 15:38:40 UTC 2026,1785253120,0,0.35
Tue Jul 28 15:39:16 UTC 2026,1785253156,0,0.41
Tue Jul 28 15:40:15 UTC 2026,1785253215,0,0.34
Tue Jul 28 15:41:45 UTC 2026,1785253305,0,0.4
Tue Jul 28 15:41:58 UTC 2026,1785253318,0,0.34
Tue Jul 28 15:43:12 UTC 2026,1785253392,0,0.4
Tue Jul 28 15:43:29 UTC 2026,1785253409,0,0.28
Tue Jul 28 15:44:01 UTC 2026,1785253441,0,0.31
Tue Jul 28 15:44:50 UTC 2026,1785253490,0,0.36
Tue Jul 28 15:45:45 UTC 2026,1785253545,0,0.34
Tue Jul 28 15:46:53 UTC 2026,1785253613,0,0.25
Tue Jul 28 15:48:10 UTC 2026,1785253690,0,0.18
Tue Jul 28 15:48:38 UTC 2026,1785253718,0,0.33
Tue Jul 28 15:49:09 UTC 2026,1785253749,0,0.32
Tue Jul 28 15:49:14 UTC 2026,1785253754,0,0.22
Tue Jul 28 15:51:53 UTC 2026,1785253913,0,0.31
Tue Jul 28 15:51:57 UTC 2026,1785253917,0,0.25
Tue Jul 28 15:53:04 UTC 2026,1785253984,0,0.33
Tue Jul 28 15:54:26 UTC 2026,1785254066,0,0.36
Tue Jul 28 15:55:11 UTC 2026,1785254111,0,0.25
Tue Jul 28 15:55:35 UTC 2026,1785254135,0,0.28
Tue Jul 28 15:56:11 UTC 2026,1785254171,0,0.35
Tue Jul 28 15:57:45 UTC 2026,1785254265,0,0.37
Tue Jul 28 15:58:36 UTC 2026,1785254316,0,0.29
Tue Jul 28 15:59:25 UTC 2026,1785254365,0,0.33
Tue Jul 28 15:59:35 UTC 2026,1785254375,0,0.41
Tue Jul 28 16:00:29 UTC 2026,1785254429,0,0.34
Tue Jul 28 16:00:52 UTC 2026,1785254452,0,0.39
Tue Jul 28 16:03:17 UTC 2026,1785254597,0,0.4
Tue Jul 28 16:03:21 UTC 2026,1785254601,0,0.33
Tue Jul 28 16:05:15 UTC 2026,1785254715,0,0.4
Tue Jul 28 16:06:18 UTC 2026,1785254778,0,0.28
Tue Jul 28 16:07:09 UTC 2026,1785254829,0,0.41
Tue Jul 28 16:07:17 UTC 2026,1785254837,0,0.36
Tue Jul 28 16:09:37 UTC 2026,1785254977,0,0.35
Tue Jul 28 16:10:18 UTC 2026,1785255018,0,0.4
Tue Jul 28 16:11:32 UTC 2026,1785255092,0,0.34
Tue Jul 28 16:12:12 UTC 2026,1785255132,0,0.28
Tue Jul 28 16:13:25 UTC 2026,1785255205,0,0.38
Tue Jul 28 16:14:06 UTC 2026,1785255246,0,0.4
Tue Jul 28 16:14:47 UTC 2026,1785255287,0,0.31
Tue Jul 28 16:16:08 UTC 2026,1785255368,0,0.32
Tue Jul 28 16:16:35 UTC 2026,1785255395,0,0.43
Tue Jul 28 16:17:10 UTC 2026,1785255430,0,0.4
Tue Jul 28 16:18:01 UTC 2026,1785255481,0,0.27
Tue Jul 28 16:18:50 UTC 2026,1785255530,0,0.38
Tue Jul 28 16:19:09 UTC 2026,1785255549,0,0.31
Tue Jul 28 16:20:35 UTC 2026,1785255635,0,0.37
Tue Jul 28 16:20:48 UTC 2026,1785255648,0,0.29
Tue Jul 28 16:22:29 UTC 2026,1785255749,0,0.4
Tue Jul 28 16:22:55 UTC 2026,1785255775,0,0.28
Tue Jul 28 16:24:08 UTC 2026,1785255848,0,0.39
Tue Jul 28 16:24:27 UTC 2026,1785255867,0,0.27
Tue Jul 28 16:25:12 UTC 2026,1785255912,0,0.34
Tue Jul 28 16:26:24 UTC 2026,1785255984,0,0.39
Tue Jul 28 16:26:51 UTC 2026,1785256011,0,0.4
Tue Jul 28 16:27:09 UTC 2026,1785256029,0,0.33
Tue Jul 28 16:28:40 UTC 2026,1785256120,0,0.35
Tue Jul 28 16:29:35 UTC 2026,1785256175,0,0.39
Tue Jul 28 16:30:29 UTC 2026,1785256229,0,0.41
Tue Jul 28 16:31:18 UTC 2026,1785256278,0,0.28
Tue Jul 28 16:31:50 UTC 2026,1785256310,0,0.43
Tue Jul 28 16:32:53 UTC 2026,1785256373,0,0.22
Tue Jul 28 16:33:39 UTC 2026,1785256419,0,0.34
Tue Jul 28 16:34:20 UTC 2026,1785256460,0,0.25
Tue Jul 28 16:36:35 UTC 2026,1785256595,0,0.4
Tue Jul 28 16:38:11 UTC 2026,1785256691,0,0.37
Tue Jul 28 16:38:15 UTC 2026,1785256695,0,0.25
Tue Jul 28 16:38:47 UTC 2026,1785256727,0,0.28
Tue Jul 28 16:39:01 UTC 2026,1785256741,0,0.39
Tue Jul 28 16:40:17 UTC 2026,1785256817,0,0.38
Tue Jul 28 16:41:30 UTC 2026,1785256890,0,0.29
Tue Jul 28 16:42:34 UTC 2026,1785256954,0,0.2
Tue Jul 28 16:43:00 UTC 2026,1785256980,0,0.37
Tue Jul 28 16:43:55 UTC 2026,1785257035,0,0.22
Tue Jul 28 16:44:12 UTC 2026,1785257052,0,0.38
Tue Jul 28 16:45:11 UTC 2026,1785257111,0,0.4
Tue Jul 28 16:46:06 UTC 2026,1785257166,0,0.32
Tue Jul 28 16:47:09 UTC 2026,1785257229,0,0.27
Tue Jul 28 16:47:50 UTC 2026,1785257270,0,0.43
Tue Jul 28 16:48:36 UTC 2026,1785257316,0,0.38
Tue Jul 28 16:49:03 UTC 2026,1785257343,0,0.28
Tue Jul 28 16:50:25 UTC 2026,1785257425,0,0.24
Tue Jul 28 16:50:48 UTC 2026,1785257448,0,0.4
Tue Jul 28 16:52:28 UTC 2026,1785257548,0,0.23
Tue Jul 28 16:53:57 UTC 2026,1785257637,0,0.22
Tue Jul 28 16:54:43 UTC 2026,1785257683,0,0.35
Tue Jul 28 16:55:28 UTC 2026,1785257728,0,0.24
Tue Jul 28 16:55:51 UTC 2026,1785257751,0,0.37
Tue Jul 28 16:56:45 UTC 2026,1785257805,0,0.36
Tue Jul 28 16:57:45 UTC 2026,1785257865,0,0.16
Tue Jul 28 16:58:16 UTC 2026,1785257896,0,0.18
Tue Jul 28 16:58:47 UTC 2026,1785257927,0,0.38
Tue Jul 28 17:00:14 UTC 2026,1785258014,0,0.4
Tue Jul 28 17:00:55 UTC 2026,1785258055,0,0.22
Tue Jul 28 17:02:35 UTC 2026,1785258155,0,0.44
Tue Jul 28 17:03:10 UTC 2026,1785258190,0,0.36
Tue Jul 28 17:04:36 UTC 2026,1785258276,0,0.26
Tue Jul 28 17:05:00 UTC 2026,1785258300,0,0.31
Tue Jul 28 17:05:13 UTC 2026,1785258313,0,0.43
Tue Jul 28 17:06:44 UTC 2026,1785258404,0,0.41
Tue Jul 28 17:07:29 UTC 2026,1785258449,0,0.27
Tue Jul 28 17:08:24 UTC 2026,1785258504,0,0.38
Tue Jul 28 17:08:51 UTC 2026,1785258531,0,0.23
Tue Jul 28 17:09:45 UTC 2026,1785258585,0,0.31
Tue Jul 28 17:10:13 UTC 2026,1785258613,0,0.4
Tue Jul 28 17:11:52 UTC 2026,1785258712,0,0.29
Tue Jul 28 17:12:37 UTC 2026,1785258757,0,0.41
Tue Jul 28 17:13:04 UTC 2026,1785258784,0,0.39
Tue Jul 28 17:14:12 UTC 2026,1785258852,0,0.28
Tue Jul 28 17:16:19 UTC 2026,1785258979,0,0.42
Tue Jul 28 17:16:29 UTC 2026,1785258989,0,0.29
Tue Jul 28 17:16:50 UTC 2026,1785259010,0,0.39
Tue Jul 28 17:18:57 UTC 2026,1785259137,0,0.21
Tue Jul 28 17:19:06 UTC 2026,1785259146,0,0.39
Tue Jul 28 17:19:52 UTC 2026,1785259192,0,0.36
Tue Jul 28 17:21:09 UTC 2026,1785259269,0,0.05
Tue Jul 28 17:21:27 UTC 2026,1785259287,0,0.17
Tue Jul 28 17:22:48 UTC 2026,1785259368,0,-1.68
Tue Jul 28 17:23:20 UTC 2026,1785259400,0,-2.0
Tue Jul 28 17:24:07 UTC 2026,1785259447,0,-1.08
Tue Jul 28 17:24:37 UTC 2026,1785259477,0,-1.95
Tue Jul 28 17:25:55 UTC 2026,1785259555,0,-0.78
Tue Jul 28 17:26:22 UTC 2026,1785259582,0,-1.12
Tue Jul 28 17:27:22 UTC 2026,1785259642,0,0.12
Tue Jul 28 17:28:24 UTC 2026,1785259704,0,-0.09
Tue Jul 28 17:29:28 UTC 2026,1785259768,0,0.31
Tue Jul 28 17:30:13 UTC 2026,1785259813,0,0.16
Tue Jul 28 17:30:58 UTC 2026,1785259858,0,0.42
Tue Jul 28 17:31:35 UTC 2026,1785259895,0,0.41
Tue Jul 28 17:31:58 UTC 2026,1785259918,0,0.31
Tue Jul 28 17:33:15 UTC 2026,1785259995,0,0.34
Tue Jul 28 17:34:22 UTC 2026,1785260062,0,0.41
Tue Jul 28 17:35:27 UTC 2026,1785260127,0,0.35
Tue Jul 28 17:37:20 UTC 2026,1785260240,0,0.43
Tue Jul 28 17:37:42 UTC 2026,1785260262,0,0.34
Tue Jul 28 17:38:00 UTC 2026,1785260280,0,0.36
Tue Jul 28 17:39:00 UTC 2026,1785260340,0,0.41
Tue Jul 28 17:39:27 UTC 2026,1785260367,0,0.42
Tue Jul 28 17:40:12 UTC 2026,1785260412,0,0.34
Tue Jul 28 17:42:06 UTC 2026,1785260526,0,0.33
Tue Jul 28 17:42:37 UTC 2026,1785260557,0,0.42
Tue Jul 28 17:42:56 UTC 2026,1785260576,0,0.35
Tue Jul 28 17:44:13 UTC 2026,1785260653,0,0.41
Tue Jul 28 17:45:02 UTC 2026,1785260702,0,0.42
Tue Jul 28 17:45:34 UTC 2026,1785260734,0,0.33
Tue Jul 28 17:46:05 UTC 2026,1785260765,0,0.37
Tue Jul 28 17:47:09 UTC 2026,1785260829,0,0.43
Tue Jul 28 17:47:42 UTC 2026,1785260862,0,0.37
Tue Jul 28 17:47:46 UTC 2026,1785260866,0,0.41
Tue Jul 28 17:49:34 UTC 2026,1785260974,0,0.45
Tue Jul 28 17:49:52 UTC 2026,1785260992,0,0.35
Tue Jul 28 17:51:24 UTC 2026,1785261084,0,0.44
Tue Jul 28 17:52:13 UTC 2026,1785261133,0,0.36
Tue Jul 28 17:52:53 UTC 2026,1785261173,0,0.44
Tue Jul 28 17:53:07 UTC 2026,1785261187,0,0.38
Tue Jul 28 17:54:56 UTC 2026,1785261296,0,0.37
Tue Jul 28 17:55:33 UTC 2026,1785261333,0,0.43
Tue Jul 28 17:56:31 UTC 2026,1785261391,0,0.36
Tue Jul 28 17:56:41 UTC 2026,1785261401,0,0.42
Tue Jul 28 17:59:05 UTC 2026,1785261545,0,0.35
Tue Jul 28 17:59:46 UTC 2026,1785261586,0,0.42
Tue Jul 28 18:00:14 UTC 2026,1785261614,0,0.35
Tue Jul 28 18:00:58 UTC 2026,1785261658,0,0.41
Tue Jul 28 18:01:44 UTC 2026,1785261704,0,0.36
Tue Jul 28 18:03:19 UTC 2026,1785261799,0,0.44
Tue Jul 28 18:03:46 UTC 2026,1785261826,0,0.29
Tue Jul 28 18:04:13 UTC 2026,1785261853,0,0.36
Tue Jul 28 18:04:32 UTC 2026,1785261872,0,0.41
Tue Jul 28 18:06:26 UTC 2026,1785261986,0,0.35
Tue Jul 28 18:06:34 UTC 2026,1785261994,0,0.43
Tue Jul 28 18:08:18 UTC 2026,1785262098,0,0.34
Tue Jul 28 18:08:45 UTC 2026,1785262125,0,0.42
Tue Jul 28 18:09:17 UTC 2026,1785262157,0,0.47
Tue Jul 28 18:09:40 UTC 2026,1785262180,0,0.35
Tue Jul 28 18:11:02 UTC 2026,1785262262,0,0.42
Tue Jul 28 18:12:05 UTC 2026,1785262325,0,0.36
Tue Jul 28 18:12:27 UTC 2026,1785262347,0,0.43
Tue Jul 28 18:12:45 UTC 2026,1785262365,0,0.37
Tue Jul 28 18:14:34 UTC 2026,1785262474,0,0.38
Tue Jul 28 18:15:25 UTC 2026,1785262525,0,0.46
Tue Jul 28 18:15:47 UTC 2026,1785262547,0,0.43
Tue Jul 28 18:17:18 UTC 2026,1785262638,0,0.39
Tue Jul 28 18:18:07 UTC 2026,1785262687,0,0.43
Tue Jul 28 18:19:02 UTC 2026,1785262742,0,0.34
Tue Jul 28 18:19:29 UTC 2026,1785262769,0,0.36
Tue Jul 28 18:20:09 UTC 2026,1785262809,0,0.44
Tue Jul 28 18:20:46 UTC 2026,1785262846,0,0.45
Tue Jul 28 18:21:46 UTC 2026,1785262906,0,0.3
Tue Jul 28 18:22:22 UTC 2026,1785262942,0,0.38
Tue Jul 28 18:22:53 UTC 2026,1785262973,0,0.45
Tue Jul 28 18:24:05 UTC 2026,1785263045,0,0.38
Tue Jul 28 18:24:10 UTC 2026,1785263050,0,0.44
Tue Jul 28 18:25:45 UTC 2026,1785263145,0,0.43
Tue Jul 28 18:26:04 UTC 2026,1785263164,0,0.39
Tue Jul 28 18:28:19 UTC 2026,1785263299,0,0.45
Tue Jul 28 18:28:24 UTC 2026,1785263304,0,0.39
Tue Jul 28 18:29:00 UTC 2026,1785263340,0,0.42
Tue Jul 28 18:30:17 UTC 2026,1785263417,0,0.36
Tue Jul 28 18:31:11 UTC 2026,1785263471,0,0.43
Tue Jul 28 18:32:02 UTC 2026,1785263522,0,0.3
Tue Jul 28 18:32:15 UTC 2026,1785263535,0,0.44
Tue Jul 28 18:32:19 UTC 2026,1785263539,0,0.31
Tue Jul 28 18:34:26 UTC 2026,1785263666,0,0.24
Tue Jul 28 18:35:11 UTC 2026,1785263711,0,0.47
Tue Jul 28 18:36:01 UTC 2026,1785263761,0,0.44
Tue Jul 28 18:37:01 UTC 2026,1785263821,0,0.19
Tue Jul 28 18:37:32 UTC 2026,1785263852,0,0.34
Tue Jul 28 18:37:59 UTC 2026,1785263879,0,0.15
Tue Jul 28 18:40:06 UTC 2026,1785264006,0,-0.11
Tue Jul 28 18:40:25 UTC 2026,1785264025,0,0.29
Tue Jul 28 18:40:30 UTC 2026,1785264030,0,0.14
Tue Jul 28 18:40:47 UTC 2026,1785264047,0,0.41
Tue Jul 28 18:42:28 UTC 2026,1785264148,0,0.32
Tue Jul 28 18:43:21 UTC 2026,1785264201,0,0.43
Tue Jul 28 18:43:57 UTC 2026,1785264237,0,0.44
Tue Jul 28 18:44:21 UTC 2026,1785264261,0,0.33
Tue Jul 28 18:45:46 UTC 2026,1785264346,0,0.45
Tue Jul 28 18:45:50 UTC 2026,1785264350,0,0.38
Tue Jul 28 18:47:35 UTC 2026,1785264455,0,0.35
Tue Jul 28 18:48:11 UTC 2026,1785264491,0,0.44
Tue Jul 28 18:48:52 UTC 2026,1785264532,0,0.4
Tue Jul 28 18:50:09 UTC 2026,1785264609,0,0.44
Tue Jul 28 18:51:12 UTC 2026,1785264672,0,0.45
Tue Jul 28 18:51:58 UTC 2026,1785264718,0,0.34
Tue Jul 28 18:52:16 UTC 2026,1785264736,0,0.46
Tue Jul 28 18:52:25 UTC 2026,1785264745,0,0.39
Tue Jul 28 18:53:42 UTC 2026,1785264822,0,0.34
Tue Jul 28 18:53:47 UTC 2026,1785264827,0,0.44
Tue Jul 28 18:55:58 UTC 2026,1785264958,0,0.39
Tue Jul 28 18:56:48 UTC 2026,1785265008,0,0.45
Tue Jul 28 18:57:51 UTC 2026,1785265071,0,0.46
Tue Jul 28 18:58:04 UTC 2026,1785265084,0,0.34
Tue Jul 28 18:59:04 UTC 2026,1785265144,0,0.39
Tue Jul 28 18:59:40 UTC 2026,1785265180,0,0.5
Tue Jul 28 19:00:31 UTC 2026,1785265231,0,0.47
Tue Jul 28 19:01:42 UTC 2026,1785265302,0,0.41
Tue Jul 28 19:02:00 UTC 2026,1785265320,0,0.46
Tue Jul 28 19:02:54 UTC 2026,1785265374,0,0.4
Tue Jul 28 19:03:49 UTC 2026,1785265429,0,0.46
Tue Jul 28 19:05:02 UTC 2026,1785265502,0,0.36
Tue Jul 28 19:05:38 UTC 2026,1785265538,0,0.33
Tue Jul 28 19:06:23 UTC 2026,1785265583,0,0.45
Tue Jul 28 19:07:03 UTC 2026,1785265623,0,0.46
Tue Jul 28 19:07:14 UTC 2026,1785265634,0,0.29
Tue Jul 28 19:09:03 UTC 2026,1785265743,0,0.42
Tue Jul 28 19:09:24 UTC 2026,1785265764,0,0.33
Tue Jul 28 19:11:14 UTC 2026,1785265874,0,0.43
Tue Jul 28 19:11:37 UTC 2026,1785265897,0,0.29
Tue Jul 28 19:11:55 UTC 2026,1785265915,0,0.5
Tue Jul 28 19:11:59 UTC 2026,1785265919,0,0.31
Tue Jul 28 19:13:33 UTC 2026,1785266013,0,0.44
Tue Jul 28 19:14:24 UTC 2026,1785266064,0,0.36
Tue Jul 28 19:15:19 UTC 2026,1785266119,0,0.44
Tue Jul 28 19:16:08 UTC 2026,1785266168,0,0.33
Tue Jul 28 19:16:48 UTC 2026,1785266208,0,0.45
Tue Jul 28 19:17:38 UTC 2026,1785266258,0,0.36
Tue Jul 28 19:18:29 UTC 2026,1785266309,0,0.39
Tue Jul 28 19:18:52 UTC 2026,1785266332,0,0.46
Tue Jul 28 19:20:22 UTC 2026,1785266422,0,0.43
Tue Jul 28 19:21:21 UTC 2026,1785266481,0,0.36
Tue Jul 28 19:21:52 UTC 2026,1785266512,0,0.38
Tue Jul 28 19:22:11 UTC 2026,1785266531,0,0.43
Tue Jul 28 19:23:24 UTC 2026,1785266604,0,0.44
Tue Jul 28 19:23:37 UTC 2026,1785266617,0,0.37
Tue Jul 28 19:25:03 UTC 2026,1785266703,0,0.45
Tue Jul 28 19:26:20 UTC 2026,1785266780,0,0.38
Tue Jul 28 19:27:51 UTC 2026,1785266871,0,0.44
Tue Jul 28 19:27:55 UTC 2026,1785266875,0,0.37
Tue Jul 28 19:29:48 UTC 2026,1785266988,0,0.47
Tue Jul 28 19:29:53 UTC 2026,1785266993,0,0.36
Tue Jul 28 19:30:10 UTC 2026,1785267010,0,0.44
Tue Jul 28 19:30:48 UTC 2026,1785267048,0,0.35
Tue Jul 28 19:31:56 UTC 2026,1785267116,0,0.45
Tue Jul 28 19:32:00 UTC 2026,1785267120,0,0.39
Tue Jul 28 19:33:25 UTC 2026,1785267205,0,0.44
Tue Jul 28 19:34:30 UTC 2026,1785267270,0,0.33
Tue Jul 28 19:35:01 UTC 2026,1785267301,0,0.44
Tue Jul 28 19:35:15 UTC 2026,1785267315,0,0.37
Tue Jul 28 19:37:07 UTC 2026,1785267427,0,0.45
Tue Jul 28 19:37:48 UTC 2026,1785267468,0,0.35
Tue Jul 28 19:38:57 UTC 2026,1785267537,0,0.46
Tue Jul 28 19:39:01 UTC 2026,1785267541,0,0.36
Tue Jul 28 19:41:22 UTC 2026,1785267682,0,0.47
Tue Jul 28 19:43:06 UTC 2026,1785267786,0,0.31
Tue Jul 28 19:44:40 UTC 2026,1785267880,0,0.1
Tue Jul 28 19:44:54 UTC 2026,1785267894,0,0.15
Tue Jul 28 19:45:21 UTC 2026,1785267921,0,-0.32
Tue Jul 28 19:46:30 UTC 2026,1785267990,0,0.02
Tue Jul 28 19:47:28 UTC 2026,1785268048,0,0.31
Tue Jul 28 19:48:09 UTC 2026,1785268089,0,0.2
Tue Jul 28 19:49:39 UTC 2026,1785268179,0,0.01
Tue Jul 28 19:49:50 UTC 2026,1785268190,0,-0.08
Tue Jul 28 19:50:26 UTC 2026,1785268226,0,-0.79
Tue Jul 28 19:52:14 UTC 2026,1785268334,0,0.08
Tue Jul 28 19:53:03 UTC 2026,1785268383,0,-0.5
Tue Jul 28 19:53:09 UTC 2026,1785268389,0,-0.65
Tue Jul 28 19:53:49 UTC 2026,1785268429,0,-3.51
Tue Jul 28 19:54:49 UTC 2026,1785268489,0,-3.36
Tue Jul 28 19:55:51 UTC 2026,1785268551,0,-1.95
Tue Jul 28 19:56:27 UTC 2026,1785268587,0,-2.42
Tue Jul 28 19:57:08 UTC 2026,1785268628,0,-3.66
Tue Jul 28 19:58:04 UTC 2026,1785268684,0,-3.85
Tue Jul 28 19:59:38 UTC 2026,1785268778,0,-7.48
Tue Jul 28 19:59:43 UTC 2026,1785268783,0,-7.69
Tue Jul 28 20:00:23 UTC 2026,1785268823,0,-9.08
Tue Jul 28 20:01:27 UTC 2026,1785268887,0,-8.91
Tue Jul 28 20:02:54 UTC 2026,1785268974,0,-5.38
Tue Jul 28 20:03:07 UTC 2026,1785268987,0,-5.55
Tue Jul 28 20:04:28 UTC 2026,1785269068,0,-0.63
Tue Jul 28 20:04:46 UTC 2026,1785269086,0,-0.71
Tue Jul 28 20:06:16 UTC 2026,1785269176,0,0.22
Tue Jul 28 20:06:22 UTC 2026,1785269182,0,0.17
Tue Jul 28 20:07:16 UTC 2026,1785269236,0,0.33
Tue Jul 28 20:07:57 UTC 2026,1785269277,0,0.24
Tue Jul 28 20:09:18 UTC 2026,1785269358,0,0.42
Tue Jul 28 20:09:51 UTC 2026,1785269391,0,0.3
Tue Jul 28 20:10:26 UTC 2026,1785269426,0,0.4
Tue Jul 28 20:12:10 UTC 2026,1785269530,0,0.32
Tue Jul 28 20:12:43 UTC 2026,1785269563,0,0.43
Tue Jul 28 20:13:37 UTC 2026,1785269617,0,0.4
Tue Jul 28 20:14:22 UTC 2026,1785269662,0,0.32
Tue Jul 28 20:14:45 UTC 2026,1785269685,0,0.29
Tue Jul 28 20:15:48 UTC 2026,1785269748,0,0.47
Tue Jul 28 20:16:16 UTC 2026,1785269776,0,0.3
Tue Jul 28 20:17:19 UTC 2026,1785269839,0,0.41
Tue Jul 28 20:18:04 UTC 2026,1785269884,0,0.43
Tue Jul 28 20:18:45 UTC 2026,1785269925,0,0.34
Tue Jul 28 20:20:06 UTC 2026,1785270006,0,0.43
Tue Jul 28 20:20:12 UTC 2026,1785270012,0,0.34
Tue Jul 28 20:21:19 UTC 2026,1785270079,0,0.4
Tue Jul 28 20:22:40 UTC 2026,1785270160,0,0.18
Tue Jul 28 20:23:00 UTC 2026,1785270180,0,0.26
Tue Jul 28 20:24:07 UTC 2026,1785270247,0,0.0
Tue Jul 28 20:24:30 UTC 2026,1785270270,0,0.14
Tue Jul 28 20:25:52 UTC 2026,1785270352,0,0.4
Tue Jul 28 20:26:18 UTC 2026,1785270378,0,0.22
Tue Jul 28 20:27:39 UTC 2026,1785270459,0,0.43
Tue Jul 28 20:27:58 UTC 2026,1785270478,0,0.33
Tue Jul 28 20:28:35 UTC 2026,1785270515,0,0.44
Tue Jul 28 20:29:47 UTC 2026,1785270587,0,0.34
Tue Jul 28 20:30:31 UTC 2026,1785270631,0,0.43
Tue Jul 28 20:31:35 UTC 2026,1785270695,0,0.35
Tue Jul 28 20:32:39 UTC 2026,1785270759,0,0.44
Tue Jul 28 20:33:33 UTC 2026,1785270813,0,0.36
Tue Jul 28 20:33:56 UTC 2026,1785270836,0,0.47
Tue Jul 28 20:34:32 UTC 2026,1785270872,0,0.41
Tue Jul 28 20:35:27 UTC 2026,1785270927,0,0.33
Tue Jul 28 20:36:03 UTC 2026,1785270963,0,0.4
Tue Jul 28 20:37:38 UTC 2026,1785271058,0,0.31
Tue Jul 28 20:37:42 UTC 2026,1785271062,0,0.37
Tue Jul 28 20:38:55 UTC 2026,1785271135,0,-0.12
Tue Jul 28 20:39:26 UTC 2026,1785271166,0,0.05
Tue Jul 28 20:40:39 UTC 2026,1785271239,0,0.25
Tue Jul 28 20:41:29 UTC 2026,1785271289,0,0.05
Tue Jul 28 20:42:14 UTC 2026,1785271334,0,0.36
Tue Jul 28 20:42:42 UTC 2026,1785271362,0,0.31
Tue Jul 28 20:42:55 UTC 2026,1785271375,0,0.38
Tue Jul 28 20:44:36 UTC 2026,1785271476,0,0.45
Tue Jul 28 20:45:12 UTC 2026,1785271512,0,0.17
Tue Jul 28 20:46:34 UTC 2026,1785271594,0,0.31
Tue Jul 28 20:47:28 UTC 2026,1785271648,0,0.42
Tue Jul 28 20:47:54 UTC 2026,1785271674,0,0.3
Tue Jul 28 20:49:07 UTC 2026,1785271747,0,0.42
Tue Jul 28 20:49:48 UTC 2026,1785271788,0,0.43
Tue Jul 28 20:50:24 UTC 2026,1785271824,0,0.31
Tue Jul 28 20:50:51 UTC 2026,1785271851,0,0.33
Tue Jul 28 20:51:46 UTC 2026,1785271906,0,0.45
Tue Jul 28 20:53:17 UTC 2026,1785271997,0,0.34
Tue Jul 28 20:53:35 UTC 2026,1785272015,0,0.51
Tue Jul 28 20:54:42 UTC 2026,1785272082,0,0.35
Tue Jul 28 20:55:28 UTC 2026,1785272128,0,0.44
Tue Jul 28 20:56:09 UTC 2026,1785272169,0,0.31
Tue Jul 28 20:57:03 UTC 2026,1785272223,0,0.47
Tue Jul 28 20:58:57 UTC 2026,1785272337,0,0.24
Tue Jul 28 20:59:01 UTC 2026,1785272341,0,0.45
Tue Jul 28 20:59:37 UTC 2026,1785272377,0,0.44
Tue Jul 28 21:00:09 UTC 2026,1785272409,0,0.25
Tue Jul 28 21:00:55 UTC 2026,1785272455,0,0.46
Tue Jul 28 21:01:49 UTC 2026,1785272509,0,0.28
Tue Jul 28 21:03:42 UTC 2026,1785272622,0,0.51
Tue Jul 28 21:04:31 UTC 2026,1785272671,0,0.33
Tue Jul 28 21:04:46 UTC 2026,1785272686,0,0.43
Tue Jul 28 21:05:49 UTC 2026,1785272749,0,0.34
Tue Jul 28 21:05:53 UTC 2026,1785272753,0,0.43
Tue Jul 28 21:06:03 UTC 2026,1785272763,0,0.41
Tue Jul 28 21:06:07 UTC 2026,1785272767,0,0.35
Tue Jul 28 21:06:20 UTC 2026,1785272780,0,0.33
Tue Jul 28 21:07:15 UTC 2026,1785272835,0,0.42
Tue Jul 28 21:08:27 UTC 2026,1785272907,0,0.33
Tue Jul 28 21:08:47 UTC 2026,1785272927,0,0.47
Tue Jul 28 21:09:31 UTC 2026,1785272971,0,0.31
Tue Jul 28 21:09:35 UTC 2026,1785272975,0,0.45
Tue Jul 28 21:10:44 UTC 2026,1785273044,0,0.41
Tue Jul 28 21:11:20 UTC 2026,1785273080,0,0.3
Tue Jul 28 21:13:41 UTC 2026,1785273221,0,0.24
Tue Jul 28 21:13:45 UTC 2026,1785273225,0,0.37
Tue Jul 28 21:15:30 UTC 2026,1785273330,0,0.26
Tue Jul 28 21:15:44 UTC 2026,1785273344,0,0.3
Tue Jul 28 21:16:42 UTC 2026,1785273402,0,0.15
Tue Jul 28 21:17:32 UTC 2026,1785273452,0,0.18
Tue Jul 28 21:18:45 UTC 2026,1785273525,0,0.31
Tue Jul 28 21:19:06 UTC 2026,1785273546,0,0.27
Tue Jul 28 21:20:19 UTC 2026,1785273619,0,0.08
Tue Jul 28 21:20:51 UTC 2026,1785273651,0,0.07
Tue Jul 28 21:21:45 UTC 2026,1785273705,0,0.29
Tue Jul 28 21:22:17 UTC 2026,1785273737,0,0.25
Tue Jul 28 21:23:35 UTC 2026,1785273815,0,-0.11
Tue Jul 28 21:24:02 UTC 2026,1785273842,0,-0.08
Tue Jul 28 21:24:51 UTC 2026,1785273891,0,0.17
Tue Jul 28 21:25:55 UTC 2026,1785273955,0,0.18
Tue Jul 28 21:26:13 UTC 2026,1785273973,0,0.02
Tue Jul 28 21:27:48 UTC 2026,1785274068,0,-0.06
Tue Jul 28 21:28:33 UTC 2026,1785274113,0,0.1
Tue Jul 28 21:29:10 UTC 2026,1785274150,0,-0.04
Tue Jul 28 21:30:19 UTC 2026,1785274219,0,0.12
Tue Jul 28 21:30:36 UTC 2026,1785274236,0,0.04
Tue Jul 28 21:32:02 UTC 2026,1785274322,0,-0.22
Tue Jul 28 21:32:29 UTC 2026,1785274349,0,-0.16
Tue Jul 28 21:33:19 UTC 2026,1785274399,0,-0.29
Tue Jul 28 21:34:28 UTC 2026,1785274468,0,-0.33
Tue Jul 28 21:35:22 UTC 2026,1785274522,0,-0.14
Tue Jul 28 21:35:54 UTC 2026,1785274554,0,-0.07
Tue Jul 28 21:36:38 UTC 2026,1785274598,0,-0.25
Tue Jul 28 21:37:19 UTC 2026,1785274639,0,-0.27
Tue Jul 28 21:38:18 UTC 2026,1785274698,0,-0.09
Tue Jul 28 21:38:59 UTC 2026,1785274739,0,-0.22
Tue Jul 28 21:39:44 UTC 2026,1785274784,0,0.0
Tue Jul 28 21:40:52 UTC 2026,1785274852,0,-0.09
Tue Jul 28 21:41:38 UTC 2026,1785274898,0,0.06
Tue Jul 28 21:42:06 UTC 2026,1785274926,0,0.04
Tue Jul 28 21:43:00 UTC 2026,1785274980,0,-0.26
Tue Jul 28 21:44:43 UTC 2026,1785275083,0,-0.36
Tue Jul 28 21:44:57 UTC 2026,1785275097,0,0.0
Tue Jul 28 21:45:38 UTC 2026,1785275138,0,-0.24
Tue Jul 28 21:46:50 UTC 2026,1785275210,0,-1.05
Tue Jul 28 21:47:17 UTC 2026,1785275237,0,-1.19
Tue Jul 28 21:47:58 UTC 2026,1785275278,0,-0.71
Tue Jul 28 21:49:03 UTC 2026,1785275343,0,-0.7
Tue Jul 28 21:50:01 UTC 2026,1785275401,0,-1.4
Tue Jul 28 21:50:37 UTC 2026,1785275437,0,-0.96
Tue Jul 28 21:51:05 UTC 2026,1785275465,0,-1.47
Tue Jul 28 21:51:54 UTC 2026,1785275514,0,-1.31
Tue Jul 28 21:52:44 UTC 2026,1785275564,0,-2.29
Tue Jul 28 21:53:53 UTC 2026,1785275633,0,-2.26
Tue Jul 28 21:55:04 UTC 2026,1785275704,0,-0.44
Tue Jul 28 21:55:23 UTC 2026,1785275723,0,-0.38
Tue Jul 28 21:56:36 UTC 2026,1785275796,0,0.0
Tue Jul 28 21:56:54 UTC 2026,1785275814,0,-0.17
Tue Jul 28 21:58:20 UTC 2026,1785275900,0,0.16
Tue Jul 28 21:58:47 UTC 2026,1785275927,0,-0.09
Tue Jul 28 21:58:56 UTC 2026,1785275936,0,0.15
Tue Jul 28 22:00:17 UTC 2026,1785276017,0,-0.1
Tue Jul 28 22:01:39 UTC 2026,1785276099,0,-1.59
Tue Jul 28 22:02:33 UTC 2026,1785276153,0,-0.44
Tue Jul 28 22:03:23 UTC 2026,1785276203,0,-1.97
Tue Jul 28 22:03:27 UTC 2026,1785276207,0,-1.94
Tue Jul 28 22:04:13 UTC 2026,1785276253,0,0.02
Tue Jul 28 22:05:12 UTC 2026,1785276312,0,-0.11
Tue Jul 28 22:06:10 UTC 2026,1785276370,0,-0.44
Tue Jul 28 22:07:18 UTC 2026,1785276438,0,-0.16
Tue Jul 28 22:08:18 UTC 2026,1785276498,0,-0.44
Tue Jul 28 22:09:12 UTC 2026,1785276552,0,-0.4
Tue Jul 28 22:10:02 UTC 2026,1785276602,0,-0.72
Tue Jul 28 22:10:06 UTC 2026,1785276606,0,-0.56
Tue Jul 28 22:10:24 UTC 2026,1785276624,0,-0.97
Tue Jul 28 22:11:55 UTC 2026,1785276715,0,-0.66
Tue Jul 28 22:13:17 UTC 2026,1785276797,0,-2.41
Tue Jul 28 22:13:44 UTC 2026,1785276824,0,-3.46
Tue Jul 28 22:14:25 UTC 2026,1785276865,0,-1.49
Tue Jul 28 22:15:20 UTC 2026,1785276920,0,-2.58
Tue Jul 28 22:16:36 UTC 2026,1785276996,0,-0.92
Tue Jul 28 22:17:35 UTC 2026,1785277055,0,-0.82
Tue Jul 28 22:18:11 UTC 2026,1785277091,0,-1.17
Tue Jul 28 22:18:21 UTC 2026,1785277101,0,-0.98
Tue Jul 28 22:19:55 UTC 2026,1785277195,0,-0.62
Tue Jul 28 22:20:04 UTC 2026,1785277204,0,-0.56
Tue Jul 28 22:21:22 UTC 2026,1785277282,0,-1.08
Tue Jul 28 22:21:36 UTC 2026,1785277296,0,-1.01
Tue Jul 28 22:22:43 UTC 2026,1785277363,0,-1.57
Tue Jul 28 22:23:43 UTC 2026,1785277423,0,-1.78
Tue Jul 28 22:24:24 UTC 2026,1785277464,0,-1.04
Tue Jul 28 22:25:31 UTC 2026,1785277531,0,-1.58
Tue Jul 28 22:26:30 UTC 2026,1785277590,0,-0.9
Tue Jul 28 22:26:57 UTC 2026,1785277617,0,-1.06
Tue Jul 28 22:27:57 UTC 2026,1785277677,0,-0.4
Tue Jul 28 22:29:18 UTC 2026,1785277758,0,-0.58
Tue Jul 28 22:29:31 UTC 2026,1785277771,0,-0.4
Tue Jul 28 22:29:54 UTC 2026,1785277794,0,-0.3
Tue Jul 28 22:31:02 UTC 2026,1785277862,0,-0.48
Tue Jul 28 22:31:39 UTC 2026,1785277899,0,-0.45
Tue Jul 28 22:33:04 UTC 2026,1785277984,0,-0.07
Tue Jul 28 22:33:27 UTC 2026,1785278007,0,-0.15
Tue Jul 28 22:34:12 UTC 2026,1785278052,0,0.14
Tue Jul 28 22:35:25 UTC 2026,1785278125,0,-0.04
Tue Jul 28 22:36:05 UTC 2026,1785278165,0,0.15
Tue Jul 28 22:37:37 UTC 2026,1785278257,0,-0.18
Tue Jul 28 22:38:17 UTC 2026,1785278297,0,-0.23
Tue Jul 28 22:39:30 UTC 2026,1785278370,0,0.06
Tue Jul 28 22:39:57 UTC 2026,1785278397,0,0.11
Tue Jul 28 22:40:42 UTC 2026,1785278442,0,-0.14
Tue Jul 28 22:41:55 UTC 2026,1785278515,0,0.08
Tue Jul 28 22:42:36 UTC 2026,1785278556,0,-0.07
Tue Jul 28 22:43:03 UTC 2026,1785278583,0,0.03
Tue Jul 28 22:44:02 UTC 2026,1785278642,0,-0.18
Tue Jul 28 22:45:11 UTC 2026,1785278711,0,-0.17
Tue Jul 28 22:45:51 UTC 2026,1785278751,0,0.03
Tue Jul 28 22:47:26 UTC 2026,1785278846,0,0.07
Tue Jul 28 22:47:44 UTC 2026,1785278864,0,-0.07
Tue Jul 28 22:48:03 UTC 2026,1785278883,0,0.05
Tue Jul 28 22:49:37 UTC 2026,1785278977,0,-0.15
Tue Jul 28 22:49:46 UTC 2026,1785278986,0,-0.14
Tue Jul 28 22:51:13 UTC 2026,1785279073,0,0.15
Tue Jul 28 22:51:35 UTC 2026,1785279095,0,0.03
Tue Jul 28 22:52:53 UTC 2026,1785279173,0,-0.18
Tue Jul 28 22:53:15 UTC 2026,1785279195,0,-0.1
Tue Jul 28 22:53:51 UTC 2026,1785279231,0,-0.25
Tue Jul 28 22:54:42 UTC 2026,1785279282,0,-0.19
Tue Jul 28 22:55:30 UTC 2026,1785279330,0,-0.51
Tue Jul 28 22:56:30 UTC 2026,1785279390,0,-0.53
Tue Jul 28 22:57:52 UTC 2026,1785279472,0,-0.25
Tue Jul 28 22:58:00 UTC 2026,1785279480,0,-0.33
Tue Jul 28 22:59:22 UTC 2026,1785279562,0,-0.07
Tue Jul 28 22:59:40 UTC 2026,1785279580,0,-0.14
Tue Jul 28 23:00:12 UTC 2026,1785279612,0,-0.35
Tue Jul 28 23:01:20 UTC 2026,1785279680,0,-0.15
Tue Jul 28 23:02:27 UTC 2026,1785279747,0,0.0
Tue Jul 28 23:02:51 UTC 2026,1785279771,0,0.03
Tue Jul 28 23:03:59 UTC 2026,1785279839,0,-0.1
Tue Jul 28 23:04:44 UTC 2026,1785279884,0,-0.09
Tue Jul 28 23:04:57 UTC 2026,1785279897,0,0.01
Tue Jul 28 23:07:00 UTC 2026,1785280020,0,0.0
Tue Jul 28 23:07:04 UTC 2026,1785280024,0,0.11
Tue Jul 28 23:07:50 UTC 2026,1785280070,0,0.07
Tue Jul 28 23:09:02 UTC 2026,1785280142,0,-0.07
Tue Jul 28 23:09:57 UTC 2026,1785280197,0,-0.12
Tue Jul 28 23:10:33 UTC 2026,1785280233,0,0.0
Tue Jul 28 23:11:22 UTC 2026,1785280282,0,-0.11
Tue Jul 28 23:12:40 UTC 2026,1785280360,0,0.07
Tue Jul 28 23:13:02 UTC 2026,1785280382,0,0.11
Tue Jul 28 23:13:57 UTC 2026,1785280437,0,-0.09
Tue Jul 28 23:14:24 UTC 2026,1785280464,0,-0.02
Tue Jul 28 23:15:18 UTC 2026,1785280518,0,-0.14
Tue Jul 28 23:16:03 UTC 2026,1785280563,0,-0.06
Tue Jul 28 23:16:53 UTC 2026,1785280613,0,-0.25
Tue Jul 28 23:18:29 UTC 2026,1785280709,0,-0.1
Tue Jul 28 23:19:10 UTC 2026,1785280750,0,-0.22
Tue Jul 28 23:19:51 UTC 2026,1785280791,0,-0.04
Tue Jul 28 23:20:04 UTC 2026,1785280804,0,-0.15
Tue Jul 28 23:21:20 UTC 2026,1785280880,0,-0.06
Tue Jul 28 23:22:06 UTC 2026,1785280926,0,-0.17
Tue Jul 28 23:22:43 UTC 2026,1785280963,0,-0.07
Tue Jul 28 23:24:13 UTC 2026,1785281053,0,-0.26
Tue Jul 28 23:24:35 UTC 2026,1785281075,0,-0.25
Tue Jul 28 23:25:07 UTC 2026,1785281107,0,-0.13
Tue Jul 28 23:26:52 UTC 2026,1785281212,0,-0.29
Tue Jul 28 23:27:23 UTC 2026,1785281243,0,-0.16
Tue Jul 28 23:28:31 UTC 2026,1785281311,0,-0.26
Tue Jul 28 23:28:58 UTC 2026,1785281338,0,-0.12
Tue Jul 28 23:30:07 UTC 2026,1785281407,0,-0.18
Tue Jul 28 23:30:51 UTC 2026,1785281451,0,0.01
Tue Jul 28 23:31:11 UTC 2026,1785281471,0,-0.03
Tue Jul 28 23:31:38 UTC 2026,1785281498,0,-0.16
Tue Jul 28 23:32:45 UTC 2026,1785281565,0,-0.15
Tue Jul 28 23:33:31 UTC 2026,1785281611,0,0.04
Tue Jul 28 23:35:07 UTC 2026,1785281707,0,-0.13
Tue Jul 28 23:35:33 UTC 2026,1785281733,0,0.04
Tue Jul 28 23:36:41 UTC 2026,1785281801,0,-0.09
Tue Jul 28 23:37:14 UTC 2026,1785281834,0,0.04
Tue Jul 28 23:37:55 UTC 2026,1785281875,0,-0.04
Tue Jul 28 23:38:57 UTC 2026,1785281937,0,0.16
Tue Jul 28 23:39:16 UTC 2026,1785281956,0,0.04
Tue Jul 28 23:39:20 UTC 2026,1785281960,0,0.15
Tue Jul 28 23:40:51 UTC 2026,1785282051,0,0.01
Tue Jul 28 23:42:25 UTC 2026,1785282145,0,0.17
Tue Jul 28 23:42:53 UTC 2026,1785282173,0,0.04
Tue Jul 28 23:44:00 UTC 2026,1785282240,0,0.21
Tue Jul 28 23:44:23 UTC 2026,1785282263,0,0.15
Tue Jul 28 23:45:18 UTC 2026,1785282318,0,0.3
Tue Jul 28 23:45:50 UTC 2026,1785282350,0,0.14
Tue Jul 28 23:45:59 UTC 2026,1785282359,0,0.31
Tue Jul 28 23:48:38 UTC 2026,1785282518,0,0.21
Tue Jul 28 23:48:47 UTC 2026,1785282527,0,0.33
Tue Jul 28 23:49:05 UTC 2026,1785282545,0,0.28
Tue Jul 28 23:49:19 UTC 2026,1785282559,0,0.18
Tue Jul 28 23:50:53 UTC 2026,1785282653,0,0.23
Tue Jul 28 23:51:34 UTC 2026,1785282694,0,0.12
Tue Jul 28 23:52:30 UTC 2026,1785282750,0,0.15
Tue Jul 28 23:52:57 UTC 2026,1785282777,0,0.27
Tue Jul 28 23:54:50 UTC 2026,1785282890,0,0.12
Tue Jul 28 23:55:21 UTC 2026,1785282921,0,0.27
Tue Jul 28 23:55:43 UTC 2026,1785282943,0,0.21
Tue Jul 28 23:55:48 UTC 2026,1785282948,0,0.15
Tue Jul 28 23:58:18 UTC 2026,1785283098,0,0.24
Tue Jul 28 23:58:42 UTC 2026,1785283122,0,0.03
Tue Jul 28 23:59:12 UTC 2026,1785283152,0,0.17
Wed Jul 29 00:00:12 UTC 2026,1785283212,0,-0.04
Wed Jul 29 00:00:53 UTC 2026,1785283253,0,-0.11
Wed Jul 29 00:01:43 UTC 2026,1785283303,0,0.1
Wed Jul 29 00:02:15 UTC 2026,1785283335,0,-0.01
Wed Jul 29 00:03:32 UTC 2026,1785283412,0,0.17
Wed Jul 29 00:04:31 UTC 2026,1785283471,0,0.07
Wed Jul 29 00:05:47 UTC 2026,1785283547,0,0.21
Wed Jul 29 00:06:28 UTC 2026,1785283588,0,0.0
Wed Jul 29 00:07:35 UTC 2026,1785283655,0,0.06
Wed Jul 29 00:08:35 UTC 2026,1785283715,0,0.25
Wed Jul 29 00:09:08 UTC 2026,1785283748,0,0.05
Wed Jul 29 00:10:02 UTC 2026,1785283802,0,0.2
Wed Jul 29 00:10:33 UTC 2026,1785283833,0,0.14
Wed Jul 29 00:10:46 UTC 2026,1785283846,0,0.0
Wed Jul 29 00:12:30 UTC 2026,1785283950,0,0.12
Wed Jul 29 00:13:39 UTC 2026,1785284019,0,-0.04
Wed Jul 29 00:15:13 UTC 2026,1785284113,0,0.1
Wed Jul 29 00:15:33 UTC 2026,1785284133,0,-0.03
Wed Jul 29 00:15:55 UTC 2026,1785284155,0,0.07
Wed Jul 29 00:17:12 UTC 2026,1785284232,0,0.03
Wed Jul 29 00:17:44 UTC 2026,1785284264,0,-0.09
Wed Jul 29 00:18:52 UTC 2026,1785284332,0,0.03
Wed Jul 29 00:19:19 UTC 2026,1785284359,0,-0.12
Wed Jul 29 00:20:31 UTC 2026,1785284431,0,-0.04
Wed Jul 29 00:21:53 UTC 2026,1785284513,0,-0.21
Wed Jul 29 00:22:24 UTC 2026,1785284544,0,-0.11
Wed Jul 29 00:23:10 UTC 2026,1785284590,0,-0.27
Wed Jul 29 00:24:00 UTC 2026,1785284640,0,-0.04
Wed Jul 29 00:25:08 UTC 2026,1785284708,0,-0.19
Wed Jul 29 00:25:25 UTC 2026,1785284725,0,0.0
Wed Jul 29 00:26:06 UTC 2026,1785284766,0,-0.16
Wed Jul 29 00:27:05 UTC 2026,1785284825,0,-0.05
Wed Jul 29 00:27:56 UTC 2026,1785284876,0,0.09
Wed Jul 29 00:28:59 UTC 2026,1785284939,0,0.06
Wed Jul 29 00:30:11 UTC 2026,1785285011,0,0.16
Wed Jul 29 00:30:29 UTC 2026,1785285029,0,0.11
Wed Jul 29 00:31:42 UTC 2026,1785285102,0,0.23
Wed Jul 29 00:32:01 UTC 2026,1785285121,0,0.13
Wed Jul 29 00:32:55 UTC 2026,1785285175,0,0.26
Wed Jul 29 00:33:49 UTC 2026,1785285229,0,0.21
Wed Jul 29 00:34:25 UTC 2026,1785285265,0,0.1
Wed Jul 29 00:36:37 UTC 2026,1785285397,0,0.22
Wed Jul 29 00:36:41 UTC 2026,1785285401,0,0.11
Wed Jul 29 00:36:59 UTC 2026,1785285419,0,0.12
Wed Jul 29 00:37:26 UTC 2026,1785285446,0,0.29
Wed Jul 29 00:38:44 UTC 2026,1785285524,0,0.17
Wed Jul 29 00:38:48 UTC 2026,1785285528,0,0.24
Wed Jul 29 00:40:50 UTC 2026,1785285650,0,0.16
Wed Jul 29 00:41:31 UTC 2026,1785285691,0,0.26
Wed Jul 29 00:41:58 UTC 2026,1785285718,0,0.21
Wed Jul 29 00:42:40 UTC 2026,1785285760,0,0.12
Wed Jul 29 00:43:38 UTC 2026,1785285818,0,0.22
Wed Jul 29 00:44:19 UTC 2026,1785285859,0,0.13
Wed Jul 29 00:45:59 UTC 2026,1785285959,0,0.22
Wed Jul 29 00:47:17 UTC 2026,1785286037,0,0.13
Wed Jul 29 00:47:30 UTC 2026,1785286050,0,0.25
Wed Jul 29 00:49:00 UTC 2026,1785286140,0,0.15
Wed Jul 29 00:49:36 UTC 2026,1785286176,0,0.25
Wed Jul 29 00:50:54 UTC 2026,1785286254,0,0.27
Wed Jul 29 00:51:12 UTC 2026,1785286272,0,0.14
Wed Jul 29 00:52:01 UTC 2026,1785286321,0,0.17
Wed Jul 29 00:52:11 UTC 2026,1785286331,0,0.28
Wed Jul 29 00:54:45 UTC 2026,1785286485,0,0.18
Wed Jul 29 00:54:59 UTC 2026,1785286499,0,0.26
Wed Jul 29 00:55:12 UTC 2026,1785286512,0,0.16
Wed Jul 29 00:56:10 UTC 2026,1785286570,0,0.28
Wed Jul 29 00:56:47 UTC 2026,1785286607,0,0.25
Wed Jul 29 00:57:37 UTC 2026,1785286657,0,0.11
Wed Jul 29 00:58:32 UTC 2026,1785286712,0,0.18
Wed Jul 29 00:59:08 UTC 2026,1785286748,0,-0.14
Wed Jul 29 01:00:02 UTC 2026,1785286802,0,0.17
Wed Jul 29 01:01:06 UTC 2026,1785286866,0,0.26
Wed Jul 29 01:02:23 UTC 2026,1785286943,0,0.13
Wed Jul 29 01:03:13 UTC 2026,1785286993,0,0.28
Wed Jul 29 01:04:11 UTC 2026,1785287051,0,0.17
Wed Jul 29 01:05:38 UTC 2026,1785287138,0,0.27
Wed Jul 29 01:06:19 UTC 2026,1785287179,0,0.18
Wed Jul 29 01:06:42 UTC 2026,1785287202,0,0.3
Wed Jul 29 01:07:53 UTC 2026,1785287273,0,0.16
Wed Jul 29 01:08:44 UTC 2026,1785287324,0,0.27
Wed Jul 29 01:09:01 UTC 2026,1785287341,0,0.16
Wed Jul 29 01:10:59 UTC 2026,1785287459,0,0.29
Wed Jul 29 01:11:22 UTC 2026,1785287482,0,0.17
Wed Jul 29 01:12:21 UTC 2026,1785287541,0,0.29
Wed Jul 29 01:12:47 UTC 2026,1785287567,0,0.2
Wed Jul 29 01:13:33 UTC 2026,1785287613,0,0.23
Wed Jul 29 01:13:57 UTC 2026,1785287637,0,0.14
Wed Jul 29 01:15:41 UTC 2026,1785287741,0,0.25
Wed Jul 29 01:16:26 UTC 2026,1785287786,0,0.15
Wed Jul 29 01:17:12 UTC 2026,1785287832,0,0.09
Wed Jul 29 01:17:43 UTC 2026,1785287863,0,0.28
Wed Jul 29 01:18:10 UTC 2026,1785287890,0,0.25
Wed Jul 29 01:19:14 UTC 2026,1785287954,0,0.15
Wed Jul 29 01:19:51 UTC 2026,1785287991,0,0.19
Wed Jul 29 01:21:21 UTC 2026,1785288081,0,0.11
Wed Jul 29 01:21:39 UTC 2026,1785288099,0,0.17
Wed Jul 29 01:22:52 UTC 2026,1785288172,0,0.05
Wed Jul 29 01:23:23 UTC 2026,1785288203,0,0.13
Wed Jul 29 01:24:40 UTC 2026,1785288280,0,0.0
Wed Jul 29 01:24:59 UTC 2026,1785288299,0,0.01
Wed Jul 29 01:26:07 UTC 2026,1785288367,0,-0.11
Wed Jul 29 01:26:24 UTC 2026,1785288384,0,-0.06
Wed Jul 29 01:26:28 UTC 2026,1785288388,0,-0.14
Wed Jul 29 01:28:30 UTC 2026,1785288510,0,-0.07
Wed Jul 29 01:29:25 UTC 2026,1785288565,0,-0.29
Wed Jul 29 01:30:24 UTC 2026,1785288624,0,-0.08
Wed Jul 29 01:31:05 UTC 2026,1785288665,0,-0.22
Wed Jul 29 01:31:55 UTC 2026,1785288715,0,-0.13
Wed Jul 29 01:32:50 UTC 2026,1785288770,0,-0.22
Wed Jul 29 01:34:02 UTC 2026,1785288842,0,-0.17
Wed Jul 29 01:34:30 UTC 2026,1785288870,0,-0.33
Wed Jul 29 01:34:43 UTC 2026,1785288883,0,-0.22
Wed Jul 29 01:35:28 UTC 2026,1785288928,0,-0.4
Wed Jul 29 01:36:33 UTC 2026,1785288993,0,-0.31
Wed Jul 29 01:37:07 UTC 2026,1785289027,0,-0.14
Wed Jul 29 01:38:29 UTC 2026,1785289109,0,-0.21
Wed Jul 29 01:39:15 UTC 2026,1785289155,0,-0.07
Wed Jul 29 01:39:46 UTC 2026,1785289186,0,-0.04
Wed Jul 29 01:40:23 UTC 2026,1785289223,0,-0.14
Wed Jul 29 01:42:16 UTC 2026,1785289336,0,-0.09
Wed Jul 29 01:42:52 UTC 2026,1785289372,0,-0.31
Wed Jul 29 01:43:42 UTC 2026,1785289422,0,-0.3
Wed Jul 29 01:44:28 UTC 2026,1785289468,0,-0.12
Wed Jul 29 01:44:45 UTC 2026,1785289485,0,-0.11
Wed Jul 29 01:44:55 UTC 2026,1785289495,0,-0.26
Wed Jul 29 01:46:21 UTC 2026,1785289581,0,-0.17
Wed Jul 29 01:47:38 UTC 2026,1785289658,0,-0.29
Wed Jul 29 01:48:01 UTC 2026,1785289681,0,-0.28
Wed Jul 29 01:49:22 UTC 2026,1785289762,0,-0.02
Wed Jul 29 01:49:31 UTC 2026,1785289771,0,-0.06
Wed Jul 29 01:50:30 UTC 2026,1785289830,0,-0.18
Wed Jul 29 01:52:06 UTC 2026,1785289926,0,-0.08
Wed Jul 29 01:52:29 UTC 2026,1785289949,0,-0.25
Wed Jul 29 01:53:18 UTC 2026,1785289998,0,-0.16
Wed Jul 29 01:54:17 UTC 2026,1785290057,0,-0.05
Wed Jul 29 01:54:39 UTC 2026,1785290079,0,-0.06
Wed Jul 29 01:55:39 UTC 2026,1785290139,0,-0.27
Wed Jul 29 01:56:28 UTC 2026,1785290188,0,-0.13
Wed Jul 29 01:57:23 UTC 2026,1785290243,0,-0.32
Wed Jul 29 01:58:49 UTC 2026,1785290329,0,-0.06
Wed Jul 29 01:59:07 UTC 2026,1785290347,0,-0.25
Wed Jul 29 02:00:29 UTC 2026,1785290429,0,-0.2
Wed Jul 29 02:00:48 UTC 2026,1785290448,0,-0.05
Wed Jul 29 02:01:29 UTC 2026,1785290489,0,-0.02
Wed Jul 29 02:02:17 UTC 2026,1785290537,0,-0.18
Wed Jul 29 02:03:07 UTC 2026,1785290587,0,0.04
Wed Jul 29 02:03:57 UTC 2026,1785290637,0,-0.17
Wed Jul 29 02:04:34 UTC 2026,1785290674,0,-0.11
Wed Jul 29 02:05:59 UTC 2026,1785290759,0,0.04
Wed Jul 29 02:06:09 UTC 2026,1785290769,0,-0.03
Wed Jul 29 02:06:45 UTC 2026,1785290805,0,0.11
Wed Jul 29 02:07:39 UTC 2026,1785290859,0,-0.04
Wed Jul 29 02:09:01 UTC 2026,1785290941,0,0.13
Wed Jul 29 02:09:20 UTC 2026,1785290960,0,0.14
Wed Jul 29 02:09:33 UTC 2026,1785290973,0,-0.06
Wed Jul 29 02:11:04 UTC 2026,1785291064,0,0.01
Wed Jul 29 02:11:35 UTC 2026,1785291095,0,0.15
Wed Jul 29 02:12:39 UTC 2026,1785291159,0,0.14
Wed Jul 29 02:13:20 UTC 2026,1785291200,0,0.02
Wed Jul 29 02:14:23 UTC 2026,1785291263,0,0.11
Wed Jul 29 02:15:36 UTC 2026,1785291336,0,-0.08
Wed Jul 29 02:16:08 UTC 2026,1785291368,0,0.0
Wed Jul 29 02:17:19 UTC 2026,1785291439,0,0.18
Wed Jul 29 02:17:42 UTC 2026,1785291462,0,0.14
Wed Jul 29 02:19:05 UTC 2026,1785291545,0,0.03
Wed Jul 29 02:19:32 UTC 2026,1785291572,0,0.13
Wed Jul 29 02:20:34 UTC 2026,1785291634,0,0.01
Wed Jul 29 02:21:47 UTC 2026,1785291707,0,-0.05
Wed Jul 29 02:22:23 UTC 2026,1785291743,0,0.1
Wed Jul 29 02:24:03 UTC 2026,1785291843,0,-0.05
Wed Jul 29 02:24:16 UTC 2026,1785291856,0,0.04
Wed Jul 29 02:25:07 UTC 2026,1785291907,0,-0.07
Wed Jul 29 02:26:47 UTC 2026,1785292007,0,0.01
Wed Jul 29 02:27:00 UTC 2026,1785292020,0,-0.11
Wed Jul 29 02:27:41 UTC 2026,1785292061,0,-0.07
Wed Jul 29 02:28:04 UTC 2026,1785292084,0,-0.24
Wed Jul 29 02:29:16 UTC 2026,1785292156,0,-0.34
Wed Jul 29 02:30:33 UTC 2026,1785292233,0,-0.15
Wed Jul 29 02:31:24 UTC 2026,1785292284,0,-0.13
Wed Jul 29 02:32:17 UTC 2026,1785292337,0,-0.31
Wed Jul 29 02:32:35 UTC 2026,1785292355,0,-0.26
Wed Jul 29 02:34:02 UTC 2026,1785292442,0,-0.03
Wed Jul 29 02:34:34 UTC 2026,1785292474,0,-0.16
Wed Jul 29 02:34:48 UTC 2026,1785292488,0,0.02
Wed Jul 29 02:36:04 UTC 2026,1785292564,0,0.04
Wed Jul 29 02:36:40 UTC 2026,1785292600,0,-0.18
Wed Jul 29 02:37:39 UTC 2026,1785292659,0,0.03
Wed Jul 29 02:38:57 UTC 2026,1785292737,0,-0.16
Wed Jul 29 02:39:06 UTC 2026,1785292746,0,-0.14
Wed Jul 29 02:40:00 UTC 2026,1785292800,0,0.0
Wed Jul 29 02:41:30 UTC 2026,1785292890,0,-0.1
Wed Jul 29 02:41:54 UTC 2026,1785292914,0,-0.17
Wed Jul 29 02:42:26 UTC 2026,1785292946,0,-0.14
Wed Jul 29 02:42:53 UTC 2026,1785292973,0,-0.25
Wed Jul 29 02:44:55 UTC 2026,1785293095,0,-0.1
Wed Jul 29 02:45:31 UTC 2026,1785293131,0,-0.29
Wed Jul 29 02:46:53 UTC 2026,1785293213,0,-0.32
Wed Jul 29 02:47:11 UTC 2026,1785293231,0,-0.12
Wed Jul 29 02:47:43 UTC 2026,1785293263,0,-0.22
Wed Jul 29 02:48:46 UTC 2026,1785293326,0,-0.05
Wed Jul 29 02:49:09 UTC 2026,1785293349,0,-0.07
Wed Jul 29 02:50:31 UTC 2026,1785293431,0,-0.29
Wed Jul 29 02:50:35 UTC 2026,1785293435,0,-0.25
Wed Jul 29 02:51:20 UTC 2026,1785293480,0,-0.04
Wed Jul 29 02:52:24 UTC 2026,1785293544,0,0.02
Wed Jul 29 02:52:55 UTC 2026,1785293575,0,-0.18
Wed Jul 29 02:54:14 UTC 2026,1785293654,0,0.0
Wed Jul 29 02:54:31 UTC 2026,1785293671,0,-0.14
Wed Jul 29 02:56:02 UTC 2026,1785293762,0,-0.1
Wed Jul 29 02:56:29 UTC 2026,1785293789,0,0.02
Wed Jul 29 02:57:28 UTC 2026,1785293848,0,0.01
Wed Jul 29 02:57:37 UTC 2026,1785293857,0,-0.11
Wed Jul 29 03:00:11 UTC 2026,1785294011,0,-0.17
Wed Jul 29 03:00:15 UTC 2026,1785294015,0,0.07
Wed Jul 29 03:00:43 UTC 2026,1785294043,0,-0.09
Wed Jul 29 03:01:56 UTC 2026,1785294116,0,0.13
Wed Jul 29 03:02:59 UTC 2026,1785294179,0,0.0
Wed Jul 29 03:03:35 UTC 2026,1785294215,0,0.14
Wed Jul 29 03:03:58 UTC 2026,1785294238,0,0.11
Wed Jul 29 03:04:52 UTC 2026,1785294292,0,0.03
Wed Jul 29 03:06:55 UTC 2026,1785294415,0,0.13
Wed Jul 29 03:07:53 UTC 2026,1785294473,0,0.16
Wed Jul 29 03:08:30 UTC 2026,1785294510,0,0.03
Wed Jul 29 03:09:10 UTC 2026,1785294550,0,0.15
Wed Jul 29 03:09:47 UTC 2026,1785294587,0,0.02
Wed Jul 29 03:10:24 UTC 2026,1785294624,0,0.12
Wed Jul 29 03:10:28 UTC 2026,1785294628,0,0.04
Wed Jul 29 03:12:16 UTC 2026,1785294736,0,0.08
Wed Jul 29 03:13:20 UTC 2026,1785294800,0,-0.05
Wed Jul 29 03:14:09 UTC 2026,1785294849,0,0.07
Wed Jul 29 03:15:08 UTC 2026,1785294908,0,-0.02
Wed Jul 29 03:15:22 UTC 2026,1785294922,0,-0.04
Wed Jul 29 03:16:44 UTC 2026,1785295004,0,0.08
Wed Jul 29 03:17:29 UTC 2026,1785295049,0,-0.05
Wed Jul 29 03:17:56 UTC 2026,1785295076,0,0.06
Wed Jul 29 03:18:51 UTC 2026,1785295131,0,-0.05
Wed Jul 29 03:19:36 UTC 2026,1785295176,0,-0.13
Wed Jul 29 03:20:36 UTC 2026,1785295236,0,-0.1
Wed Jul 29 03:21:34 UTC 2026,1785295294,0,0.01
Wed Jul 29 03:22:06 UTC 2026,1785295326,0,0.05
Wed Jul 29 03:23:05 UTC 2026,1785295385,0,-0.1
Wed Jul 29 03:24:04 UTC 2026,1785295444,0,-0.07
Wed Jul 29 03:24:59 UTC 2026,1785295499,0,0.04
Wed Jul 29 03:25:12 UTC 2026,1785295512,0,-0.01
Wed Jul 29 03:25:48 UTC 2026,1785295548,0,-0.1
Wed Jul 29 03:26:52 UTC 2026,1785295612,0,-0.07
Wed Jul 29 03:27:42 UTC 2026,1785295662,0,0.07
Wed Jul 29 03:28:59 UTC 2026,1785295739,0,0.06
Wed Jul 29 03:29:49 UTC 2026,1785295789,0,0.19
Wed Jul 29 03:30:24 UTC 2026,1785295824,0,0.09
Wed Jul 29 03:31:10 UTC 2026,1785295870,0,0.26
Wed Jul 29 03:32:37 UTC 2026,1785295957,0,0.25
Wed Jul 29 03:32:58 UTC 2026,1785295978,0,0.12
Wed Jul 29 03:33:49 UTC 2026,1785296029,0,0.27
Wed Jul 29 03:34:30 UTC 2026,1785296070,0,0.12
Wed Jul 29 03:35:24 UTC 2026,1785296124,0,0.22
Wed Jul 29 03:35:41 UTC 2026,1785296141,0,0.11
Wed Jul 29 03:37:48 UTC 2026,1785296268,0,0.21
Wed Jul 29 03:37:54 UTC 2026,1785296274,0,0.12
Wed Jul 29 03:38:56 UTC 2026,1785296336,0,0.07
Wed Jul 29 03:39:33 UTC 2026,1785296373,0,0.18
Wed Jul 29 03:40:59 UTC 2026,1785296459,0,0.08
Wed Jul 29 03:41:49 UTC 2026,1785296509,0,0.09
Wed Jul 29 03:42:11 UTC 2026,1785296531,0,0.23
Wed Jul 29 03:43:34 UTC 2026,1785296614,0,0.15
Wed Jul 29 03:44:18 UTC 2026,1785296658,0,0.24
Wed Jul 29 03:45:17 UTC 2026,1785296717,0,0.11
Wed Jul 29 03:45:53 UTC 2026,1785296753,0,0.22
Wed Jul 29 03:47:24 UTC 2026,1785296844,0,0.13
Wed Jul 29 03:47:47 UTC 2026,1785296867,0,0.25
Wed Jul 29 03:48:24 UTC 2026,1785296904,0,0.23
Wed Jul 29 03:49:22 UTC 2026,1785296962,0,0.15
Wed Jul 29 03:50:35 UTC 2026,1785297035,0,0.11
Wed Jul 29 03:51:29 UTC 2026,1785297089,0,0.31
Wed Jul 29 03:51:52 UTC 2026,1785297112,0,0.1
Wed Jul 29 03:53:27 UTC 2026,1785297207,0,0.11
Wed Jul 29 03:54:35 UTC 2026,1785297275,0,0.25
Wed Jul 29 03:55:11 UTC 2026,1785297311,0,0.23
Wed Jul 29 03:56:15 UTC 2026,1785297375,0,-0.02
Wed Jul 29 03:56:38 UTC 2026,1785297398,0,0.07
Wed Jul 29 03:57:32 UTC 2026,1785297452,0,0.26
Wed Jul 29 03:59:20 UTC 2026,1785297560,0,0.12
Wed Jul 29 04:00:07 UTC 2026,1785297607,0,0.24
Wed Jul 29 04:01:05 UTC 2026,1785297665,0,0.09
Wed Jul 29 04:01:32 UTC 2026,1785297692,0,0.17
Wed Jul 29 04:02:03 UTC 2026,1785297723,0,0.29
Wed Jul 29 04:03:12 UTC 2026,1785297792,0,0.27
Wed Jul 29 04:04:38 UTC 2026,1785297878,0,0.06
Wed Jul 29 04:05:23 UTC 2026,1785297923,0,0.02
Wed Jul 29 04:06:22 UTC 2026,1785297982,0,0.33
Wed Jul 29 04:07:25 UTC 2026,1785298045,0,0.19
Wed Jul 29 04:07:39 UTC 2026,1785298059,0,0.33
Wed Jul 29 04:08:06 UTC 2026,1785298086,0,0.31
Wed Jul 29 04:08:19 UTC 2026,1785298099,0,0.23
Wed Jul 29 04:10:13 UTC 2026,1785298213,0,0.22
Wed Jul 29 04:11:13 UTC 2026,1785298273,0,0.32
Wed Jul 29 04:11:26 UTC 2026,1785298286,0,0.31
Wed Jul 29 04:12:42 UTC 2026,1785298362,0,0.21
Wed Jul 29 04:13:45 UTC 2026,1785298425,0,0.28
Wed Jul 29 04:14:04 UTC 2026,1785298444,0,0.21
Wed Jul 29 04:15:26 UTC 2026,1785298526,0,0.35
Wed Jul 29 04:15:53 UTC 2026,1785298553,0,0.21
Wed Jul 29 04:16:24 UTC 2026,1785298584,0,0.3
Wed Jul 29 04:17:24 UTC 2026,1785298644,0,0.18
Wed Jul 29 04:18:05 UTC 2026,1785298685,0,0.34
Wed Jul 29 04:18:14 UTC 2026,1785298694,0,0.22
Wed Jul 29 04:20:38 UTC 2026,1785298838,0,0.29
Wed Jul 29 04:21:55 UTC 2026,1785298915,0,0.32
Wed Jul 29 04:22:23 UTC 2026,1785298943,0,0.17
Wed Jul 29 04:23:04 UTC 2026,1785298984,0,0.2
Wed Jul 29 04:23:54 UTC 2026,1785299034,0,0.31
Wed Jul 29 04:24:56 UTC 2026,1785299096,0,0.32
Wed Jul 29 04:26:05 UTC 2026,1785299165,0,0.21
Wed Jul 29 04:26:22 UTC 2026,1785299182,0,0.3
Wed Jul 29 04:26:36 UTC 2026,1785299196,0,0.24
Wed Jul 29 04:28:03 UTC 2026,1785299283,0,0.19
Wed Jul 29 04:28:20 UTC 2026,1785299300,0,0.3
Wed Jul 29 04:30:28 UTC 2026,1785299428,0,0.23
Wed Jul 29 04:30:46 UTC 2026,1785299446,0,0.3
Wed Jul 29 04:32:12 UTC 2026,1785299532,0,0.32
Wed Jul 29 04:32:30 UTC 2026,1785299550,0,0.22
Wed Jul 29 04:34:06 UTC 2026,1785299646,0,0.15
Wed Jul 29 04:34:28 UTC 2026,1785299668,0,0.34
Wed Jul 29 04:34:47 UTC 2026,1785299687,0,0.29
Wed Jul 29 04:35:36 UTC 2026,1785299736,0,0.18
Wed Jul 29 04:36:22 UTC 2026,1785299782,0,0.16
Wed Jul 29 04:37:11 UTC 2026,1785299831,0,0.31
Wed Jul 29 04:39:00 UTC 2026,1785299940,0,0.15
Wed Jul 29 04:39:23 UTC 2026,1785299963,0,0.31
Wed Jul 29 04:39:45 UTC 2026,1785299985,0,0.17
Wed Jul 29 04:40:58 UTC 2026,1785300058,0,0.3
Wed Jul 29 04:41:06 UTC 2026,1785300066,0,0.27
Wed Jul 29 04:42:11 UTC 2026,1785300131,0,0.11
Wed Jul 29 04:42:46 UTC 2026,1785300166,0,0.16
Wed Jul 29 04:43:36 UTC 2026,1785300216,0,0.26
Wed Jul 29 04:44:40 UTC 2026,1785300280,0,0.14
Wed Jul 29 04:44:53 UTC 2026,1785300293,0,0.28
Wed Jul 29 04:46:52 UTC 2026,1785300412,0,0.11
Wed Jul 29 04:47:23 UTC 2026,1785300443,0,0.3
Wed Jul 29 04:47:45 UTC 2026,1785300465,0,0.29
Wed Jul 29 04:48:30 UTC 2026,1785300510,0,0.16
Wed Jul 29 04:50:29 UTC 2026,1785300629,0,0.11
Wed Jul 29 04:50:47 UTC 2026,1785300647,0,0.26
Wed Jul 29 04:52:31 UTC 2026,1785300751,0,0.32
Wed Jul 29 04:52:35 UTC 2026,1785300755,0,0.08
Wed Jul 29 04:53:12 UTC 2026,1785300792,0,0.32
Wed Jul 29 04:53:53 UTC 2026,1785300833,0,0.14
Wed Jul 29 04:54:29 UTC 2026,1785300869,0,0.12
Wed Jul 29 04:54:57 UTC 2026,1785300897,0,0.27
Wed Jul 29 04:57:17 UTC 2026,1785301037,0,0.17
Wed Jul 29 04:57:30 UTC 2026,1785301050,0,0.27
Wed Jul 29 04:57:45 UTC 2026,1785301065,0,0.28
Wed Jul 29 04:58:56 UTC 2026,1785301136,0,0.19
Wed Jul 29 04:59:37 UTC 2026,1785301177,0,0.16
Wed Jul 29 05:00:04 UTC 2026,1785301204,0,0.25
Wed Jul 29 05:00:59 UTC 2026,1785301259,0,0.18
Wed Jul 29 05:01:40 UTC 2026,1785301300,0,0.24
Wed Jul 29 05:03:19 UTC 2026,1785301399,0,0.18
Wed Jul 29 05:03:37 UTC 2026,1785301417,0,0.22
Wed Jul 29 05:04:37 UTC 2026,1785301477,0,0.24
Wed Jul 29 05:04:55 UTC 2026,1785301495,0,0.18
Wed Jul 29 05:06:39 UTC 2026,1785301599,0,0.19
Wed Jul 29 05:07:14 UTC 2026,1785301634,0,0.27
Wed Jul 29 05:07:37 UTC 2026,1785301657,0,0.25
Wed Jul 29 05:08:05 UTC 2026,1785301685,0,0.22
Wed Jul 29 05:09:27 UTC 2026,1785301767,0,0.21
Wed Jul 29 05:09:45 UTC 2026,1785301785,0,0.26
Wed Jul 29 05:11:37 UTC 2026,1785301897,0,0.16
Wed Jul 29 05:12:15 UTC 2026,1785301935,0,0.29
Wed Jul 29 05:12:46 UTC 2026,1785301966,0,0.13
Wed Jul 29 05:12:56 UTC 2026,1785301976,0,0.33
Wed Jul 29 05:14:35 UTC 2026,1785302075,0,0.24
Wed Jul 29 05:15:43 UTC 2026,1785302143,0,0.3
Wed Jul 29 05:16:14 UTC 2026,1785302174,0,0.25
Wed Jul 29 05:16:59 UTC 2026,1785302219,0,0.29
Wed Jul 29 05:17:36 UTC 2026,1785302256,0,0.24
Wed Jul 29 05:17:59 UTC 2026,1785302279,0,0.3
Wed Jul 29 05:19:29 UTC 2026,1785302369,0,0.29
Wed Jul 29 05:19:53 UTC 2026,1785302393,0,0.24
Wed Jul 29 05:21:23 UTC 2026,1785302483,0,0.3
Wed Jul 29 05:22:13 UTC 2026,1785302533,0,0.22
Wed Jul 29 05:22:26 UTC 2026,1785302546,0,0.25
Wed Jul 29 05:23:30 UTC 2026,1785302610,0,0.3
Wed Jul 29 05:25:14 UTC 2026,1785302714,0,0.24
Wed Jul 29 05:25:50 UTC 2026,1785302750,0,0.25
Wed Jul 29 05:27:07 UTC 2026,1785302827,0,0.32
Wed Jul 29 05:27:35 UTC 2026,1785302855,0,0.25
Wed Jul 29 05:27:44 UTC 2026,1785302864,0,0.31
Wed Jul 29 05:29:41 UTC 2026,1785302981,0,0.22
Wed Jul 29 05:30:14 UTC 2026,1785303014,0,0.32
Wed Jul 29 05:30:48 UTC 2026,1785303048,0,0.22
Wed Jul 29 05:31:03 UTC 2026,1785303063,0,0.32
Wed Jul 29 05:32:15 UTC 2026,1785303135,0,0.28
Wed Jul 29 05:32:56 UTC 2026,1785303176,0,0.33
Wed Jul 29 05:34:27 UTC 2026,1785303267,0,0.27
Wed Jul 29 05:35:54 UTC 2026,1785303354,0,0.31
Wed Jul 29 05:37:46 UTC 2026,1785303466,0,0.33
Wed Jul 29 05:37:52 UTC 2026,1785303472,0,0.27
Wed Jul 29 05:39:36 UTC 2026,1785303576,0,0.31
Wed Jul 29 05:40:21 UTC 2026,1785303621,0,0.25
Wed Jul 29 05:41:38 UTC 2026,1785303698,0,0.3
Wed Jul 29 05:42:09 UTC 2026,1785303729,0,0.28
Wed Jul 29 05:42:23 UTC 2026,1785303743,0,0.23
Wed Jul 29 05:44:08 UTC 2026,1785303848,0,0.27
Wed Jul 29 05:44:16 UTC 2026,1785303856,0,0.23
Wed Jul 29 05:45:56 UTC 2026,1785303956,0,0.27
Wed Jul 29 05:46:41 UTC 2026,1785304001,0,0.19
Wed Jul 29 05:47:23 UTC 2026,1785304043,0,0.28
Wed Jul 29 05:48:12 UTC 2026,1785304092,0,0.17
Wed Jul 29 05:49:03 UTC 2026,1785304143,0,0.16
Wed Jul 29 05:50:14 UTC 2026,1785304214,0,0.27
Wed Jul 29 05:51:06 UTC 2026,1785304266,0,0.29
Wed Jul 29 05:51:14 UTC 2026,1785304274,0,0.2
Wed Jul 29 05:52:27 UTC 2026,1785304347,0,0.26
Wed Jul 29 05:53:02 UTC 2026,1785304382,0,0.23
Wed Jul 29 05:53:43 UTC 2026,1785304423,0,0.26
Wed Jul 29 05:54:19 UTC 2026,1785304459,0,0.22
Wed Jul 29 05:56:45 UTC 2026,1785304605,0,0.26
Wed Jul 29 05:57:47 UTC 2026,1785304667,0,0.2
Wed Jul 29 05:58:29 UTC 2026,1785304709,0,0.27
Wed Jul 29 05:58:48 UTC 2026,1785304728,0,0.2
Wed Jul 29 05:58:52 UTC 2026,1785304732,0,0.26
Wed Jul 29 06:00:36 UTC 2026,1785304836,0,0.25
Wed Jul 29 06:01:12 UTC 2026,1785304872,0,0.19
Wed Jul 29 06:02:20 UTC 2026,1785304940,0,0.17
Wed Jul 29 06:02:34 UTC 2026,1785304954,0,0.25
Wed Jul 29 06:04:00 UTC 2026,1785305040,0,0.26
Wed Jul 29 06:04:49 UTC 2026,1785305089,0,0.19
Wed Jul 29 06:05:35 UTC 2026,1785305135,0,0.22
Wed Jul 29 06:05:53 UTC 2026,1785305153,0,0.12
Wed Jul 29 06:06:56 UTC 2026,1785305216,0,0.17
Wed Jul 29 06:07:56 UTC 2026,1785305276,0,0.26
Wed Jul 29 06:08:45 UTC 2026,1785305325,0,0.24
Wed Jul 29 06:09:08 UTC 2026,1785305348,0,0.18
Wed Jul 29 06:10:44 UTC 2026,1785305444,0,0.26
Wed Jul 29 06:11:20 UTC 2026,1785305480,0,0.18
Wed Jul 29 06:12:23 UTC 2026,1785305543,0,0.24
Wed Jul 29 06:14:30 UTC 2026,1785305670,0,0.17
Wed Jul 29 06:14:57 UTC 2026,1785305697,0,0.25
Wed Jul 29 06:16:06 UTC 2026,1785305766,0,0.18
Wed Jul 29 06:16:55 UTC 2026,1785305815,0,0.19
Wed Jul 29 06:17:54 UTC 2026,1785305874,0,0.25
Wed Jul 29 06:18:30 UTC 2026,1785305910,0,0.19
Wed Jul 29 06:19:34 UTC 2026,1785305974,0,0.24
Wed Jul 29 06:20:24 UTC 2026,1785306024,0,0.19
Wed Jul 29 06:21:41 UTC 2026,1785306101,0,0.25
Wed Jul 29 06:23:03 UTC 2026,1785306183,0,0.18
Wed Jul 29 06:23:57 UTC 2026,1785306237,0,0.15
Wed Jul 29 06:24:51 UTC 2026,1785306291,0,0.25
Wed Jul 29 06:25:09 UTC 2026,1785306309,0,0.16
Wed Jul 29 06:25:32 UTC 2026,1785306332,0,0.25
Wed Jul 29 06:26:54 UTC 2026,1785306414,0,0.2
Wed Jul 29 06:27:30 UTC 2026,1785306450,0,0.25
Wed Jul 29 06:28:34 UTC 2026,1785306514,0,0.2
Wed Jul 29 06:28:56 UTC 2026,1785306536,0,0.27
Wed Jul 29 06:30:09 UTC 2026,1785306609,0,0.17
Wed Jul 29 06:30:37 UTC 2026,1785306637,0,0.29
Wed Jul 29 06:31:44 UTC 2026,1785306704,0,0.26
Wed Jul 29 06:32:15 UTC 2026,1785306735,0,0.18
Wed Jul 29 06:33:29 UTC 2026,1785306809,0,0.17
Wed Jul 29 06:34:54 UTC 2026,1785306894,0,0.27
Wed Jul 29 06:35:03 UTC 2026,1785306903,0,0.21
Wed Jul 29 06:36:29 UTC 2026,1785306989,0,0.27
Wed Jul 29 06:37:47 UTC 2026,1785307067,0,0.29
Wed Jul 29 06:38:09 UTC 2026,1785307089,0,0.18
Wed Jul 29 06:38:15 UTC 2026,1785307095,0,0.25
Wed Jul 29 06:39:30 UTC 2026,1785307170,0,0.17
Wed Jul 29 06:39:58 UTC 2026,1785307198,0,0.18
Wed Jul 29 06:40:25 UTC 2026,1785307225,0,0.26
Wed Jul 29 06:42:10 UTC 2026,1785307330,0,0.14
Wed Jul 29 06:42:46 UTC 2026,1785307366,0,0.25
Wed Jul 29 06:43:13 UTC 2026,1785307393,0,0.13
Wed Jul 29 06:44:45 UTC 2026,1785307485,0,0.28
Wed Jul 29 06:46:10 UTC 2026,1785307570,0,0.2
Wed Jul 29 06:46:34 UTC 2026,1785307594,0,0.19
Wed Jul 29 06:47:00 UTC 2026,1785307620,0,0.28
Wed Jul 29 06:48:22 UTC 2026,1785307702,0,0.27
Wed Jul 29 06:48:31 UTC 2026,1785307711,0,0.22
Wed Jul 29 06:50:02 UTC 2026,1785307802,0,0.21
Wed Jul 29 06:50:47 UTC 2026,1785307847,0,0.29
Wed Jul 29 06:51:41 UTC 2026,1785307901,0,0.19
Wed Jul 29 06:52:04 UTC 2026,1785307924,0,0.28
Wed Jul 29 06:53:52 UTC 2026,1785308032,0,0.3
Wed Jul 29 06:54:05 UTC 2026,1785308045,0,0.18
Wed Jul 29 06:54:46 UTC 2026,1785308086,0,0.2
Wed Jul 29 06:54:52 UTC 2026,1785308092,0,0.31
Wed Jul 29 06:57:30 UTC 2026,1785308250,0,0.29
Wed Jul 29 06:57:44 UTC 2026,1785308264,0,0.21
Wed Jul 29 06:58:29 UTC 2026,1785308309,0,0.28
Wed Jul 29 06:59:14 UTC 2026,1785308354,0,0.19
Wed Jul 29 07:00:18 UTC 2026,1785308418,0,0.16
Wed Jul 29 07:00:49 UTC 2026,1785308449,0,0.29
Wed Jul 29 07:01:26 UTC 2026,1785308486,0,0.16
Wed Jul 29 07:02:47 UTC 2026,1785308567,0,0.32
Wed Jul 29 07:03:41 UTC 2026,1785308621,0,0.22
Wed Jul 29 07:04:18 UTC 2026,1785308658,0,0.29
Wed Jul 29 07:05:59 UTC 2026,1785308759,0,0.3
Wed Jul 29 07:06:16 UTC 2026,1785308776,0,0.21
Wed Jul 29 07:07:01 UTC 2026,1785308821,0,0.3
Wed Jul 29 07:07:10 UTC 2026,1785308830,0,0.2
Wed Jul 29 07:08:06 UTC 2026,1785308886,0,0.18
Wed Jul 29 07:08:10 UTC 2026,1785308890,0,0.29
Wed Jul 29 07:10:21 UTC 2026,1785309021,0,0.2
Wed Jul 29 07:11:38 UTC 2026,1785309098,0,0.18
Wed Jul 29 07:12:23 UTC 2026,1785309143,0,0.29
Wed Jul 29 07:13:17 UTC 2026,1785309197,0,0.31
Wed Jul 29 07:13:54 UTC 2026,1785309234,0,0.13
Wed Jul 29 07:14:43 UTC 2026,1785309283,0,0.17
Wed Jul 29 07:15:52 UTC 2026,1785309352,0,0.27
Wed Jul 29 07:16:18 UTC 2026,1785309378,0,0.26
Wed Jul 29 07:16:37 UTC 2026,1785309397,0,0.19
Wed Jul 29 07:18:43 UTC 2026,1785309523,0,0.14
Wed Jul 29 07:18:52 UTC 2026,1785309532,0,0.28
Wed Jul 29 07:20:01 UTC 2026,1785309601,0,0.27
Wed Jul 29 07:21:00 UTC 2026,1785309660,0,0.19
Wed Jul 29 07:21:40 UTC 2026,1785309700,0,0.28
Wed Jul 29 07:22:29 UTC 2026,1785309749,0,0.2
Wed Jul 29 07:22:57 UTC 2026,1785309777,0,0.26
Wed Jul 29 07:23:15 UTC 2026,1785309795,0,0.17
Wed Jul 29 07:25:45 UTC 2026,1785309945,0,0.3
Wed Jul 29 07:25:54 UTC 2026,1785309954,0,0.15
Wed Jul 29 07:26:12 UTC 2026,1785309972,0,0.28
Wed Jul 29 07:27:25 UTC 2026,1785310045,0,0.15
Wed Jul 29 07:28:11 UTC 2026,1785310091,0,0.13
Wed Jul 29 07:28:42 UTC 2026,1785310122,0,0.31
Wed Jul 29 07:29:41 UTC 2026,1785310181,0,0.28
Wed Jul 29 07:30:07 UTC 2026,1785310207,0,0.12
Wed Jul 29 07:31:21 UTC 2026,1785310281,0,0.25
Wed Jul 29 07:32:29 UTC 2026,1785310349,0,0.15
Wed Jul 29 07:32:51 UTC 2026,1785310371,0,0.29
Wed Jul 29 07:33:05 UTC 2026,1785310385,0,0.16
Wed Jul 29 07:34:36 UTC 2026,1785310476,0,0.15
Wed Jul 29 07:35:13 UTC 2026,1785310513,0,0.28
Wed Jul 29 07:37:05 UTC 2026,1785310625,0,0.29
Wed Jul 29 07:37:28 UTC 2026,1785310648,0,0.13
Wed Jul 29 07:37:41 UTC 2026,1785310661,0,0.14
Wed Jul 29 07:38:00 UTC 2026,1785310680,0,0.31
Wed Jul 29 07:40:07 UTC 2026,1785310807,0,0.12
Wed Jul 29 07:40:25 UTC 2026,1785310825,0,0.29
Wed Jul 29 07:41:33 UTC 2026,1785310893,0,0.04
Wed Jul 29 07:41:37 UTC 2026,1785310897,0,0.28
Wed Jul 29 07:43:31 UTC 2026,1785311011,0,0.18
Wed Jul 29 07:45:10 UTC 2026,1785311110,0,0.24
Wed Jul 29 07:45:33 UTC 2026,1785311133,0,0.17
Wed Jul 29 07:46:19 UTC 2026,1785311179,0,0.12
Wed Jul 29 07:46:32 UTC 2026,1785311192,0,0.24
Wed Jul 29 07:48:43 UTC 2026,1785311323,0,0.26
Wed Jul 29 07:48:47 UTC 2026,1785311327,0,0.13
Wed Jul 29 07:50:14 UTC 2026,1785311414,0,0.23
Wed Jul 29 07:51:31 UTC 2026,1785311491,0,0.24
Wed Jul 29 07:52:03 UTC 2026,1785311523,0,0.15
Wed Jul 29 07:52:39 UTC 2026,1785311559,0,0.22
Wed Jul 29 07:52:43 UTC 2026,1785311563,0,0.1
Wed Jul 29 07:54:19 UTC 2026,1785311659,0,0.24
Wed Jul 29 07:55:45 UTC 2026,1785311745,0,0.1
Wed Jul 29 07:55:49 UTC 2026,1785311749,0,0.15
Wed Jul 29 07:55:59 UTC 2026,1785311759,0,0.28
Wed Jul 29 07:57:43 UTC 2026,1785311863,0,0.25
Wed Jul 29 07:58:06 UTC 2026,1785311886,0,0.15
Wed Jul 29 07:59:50 UTC 2026,1785311990,0,0.23
Wed Jul 29 08:00:12 UTC 2026,1785312012,0,0.13
Wed Jul 29 08:01:33 UTC 2026,1785312093,0,0.24
Wed Jul 29 08:02:01 UTC 2026,1785312121,0,0.12
Wed Jul 29 08:02:46 UTC 2026,1785312166,0,0.22
Wed Jul 29 08:03:59 UTC 2026,1785312239,0,0.1
Wed Jul 29 08:04:44 UTC 2026,1785312284,0,0.16
Wed Jul 29 08:04:58 UTC 2026,1785312298,0,0.22
Wed Jul 29 08:05:44 UTC 2026,1785312344,0,0.23
Wed Jul 29 08:07:14 UTC 2026,1785312434,0,0.15
Wed Jul 29 08:08:12 UTC 2026,1785312492,0,0.3
Wed Jul 29 08:08:17 UTC 2026,1785312497,0,0.04
Wed Jul 29 08:09:12 UTC 2026,1785312552,0,0.25
Wed Jul 29 08:09:53 UTC 2026,1785312593,0,0.15
Wed Jul 29 08:11:19 UTC 2026,1785312679,0,0.12
Wed Jul 29 08:12:09 UTC 2026,1785312729,0,0.25
Wed Jul 29 08:12:22 UTC 2026,1785312742,0,0.27
Wed Jul 29 08:12:40 UTC 2026,1785312760,0,0.09
Wed Jul 29 08:14:07 UTC 2026,1785312847,0,0.22
Wed Jul 29 08:14:52 UTC 2026,1785312892,0,0.14
Wed Jul 29 08:16:41 UTC 2026,1785313001,0,0.16
Wed Jul 29 08:16:59 UTC 2026,1785313019,0,0.22
Wed Jul 29 08:18:29 UTC 2026,1785313109,0,0.24
Wed Jul 29 08:18:48 UTC 2026,1785313128,0,0.1
Wed Jul 29 08:19:02 UTC 2026,1785313142,0,0.2
Wed Jul 29 08:20:31 UTC 2026,1785313231,0,0.11
Wed Jul 29 08:21:04 UTC 2026,1785313264,0,0.24
Wed Jul 29 08:21:41 UTC 2026,1785313301,0,0.0
Wed Jul 29 08:22:12 UTC 2026,1785313332,0,0.11
Wed Jul 29 08:22:58 UTC 2026,1785313378,0,0.23
Wed Jul 29 08:24:00 UTC 2026,1785313440,0,0.21
Wed Jul 29 08:24:09 UTC 2026,1785313449,0,0.15
Wed Jul 29 08:26:44 UTC 2026,1785313604,0,0.23
Wed Jul 29 08:27:42 UTC 2026,1785313662,0,0.22
Wed Jul 29 08:28:05 UTC 2026,1785313685,0,0.15
Wed Jul 29 08:29:05 UTC 2026,1785313745,0,0.21
Wed Jul 29 08:30:36 UTC 2026,1785313836,0,0.11
Wed Jul 29 08:31:11 UTC 2026,1785313871,0,0.21
Wed Jul 29 08:32:33 UTC 2026,1785313953,0,0.22
Wed Jul 29 08:32:51 UTC 2026,1785313971,0,0.16
Wed Jul 29 08:33:59 UTC 2026,1785314039,0,0.14
Wed Jul 29 08:34:58 UTC 2026,1785314098,0,0.25
Wed Jul 29 08:36:00 UTC 2026,1785314160,0,0.13
Wed Jul 29 08:37:14 UTC 2026,1785314234,0,0.12
Wed Jul 29 08:38:31 UTC 2026,1785314311,0,0.22
Wed Jul 29 08:38:58 UTC 2026,1785314338,0,0.14
Wed Jul 29 08:39:25 UTC 2026,1785314365,0,0.26
Wed Jul 29 08:40:56 UTC 2026,1785314456,0,0.22
Wed Jul 29 08:41:32 UTC 2026,1785314492,0,0.13
Wed Jul 29 08:42:31 UTC 2026,1785314551,0,0.23
Wed Jul 29 08:43:12 UTC 2026,1785314592,0,0.11
Wed Jul 29 08:43:48 UTC 2026,1785314628,0,0.12
Wed Jul 29 08:44:07 UTC 2026,1785314647,0,0.25
Wed Jul 29 08:44:38 UTC 2026,1785314678,0,0.2
Wed Jul 29 08:44:43 UTC 2026,1785314683,0,0.16
Wed Jul 29 08:44:52 UTC 2026,1785314692,0,0.13
Wed Jul 29 08:45:01 UTC 2026,1785314701,0,0.23
Wed Jul 29 08:46:26 UTC 2026,1785314786,0,0.25
Wed Jul 29 08:46:54 UTC 2026,1785314814,0,0.11
Wed Jul 29 08:47:13 UTC 2026,1785314833,0,0.08
Wed Jul 29 08:47:26 UTC 2026,1785314846,0,0.25
Wed Jul 29 08:49:51 UTC 2026,1785314991,0,0.13
Wed Jul 29 08:50:14 UTC 2026,1785315014,0,0.23
Wed Jul 29 08:50:28 UTC 2026,1785315028,0,0.25
Wed Jul 29 08:50:55 UTC 2026,1785315055,0,0.18
Wed Jul 29 08:51:58 UTC 2026,1785315118,0,0.26
Wed Jul 29 08:52:26 UTC 2026,1785315146,0,0.18
Wed Jul 29 08:53:43 UTC 2026,1785315223,0,0.15
Wed Jul 29 08:54:14 UTC 2026,1785315254,0,0.26
Wed Jul 29 08:56:18 UTC 2026,1785315378,0,0.3
Wed Jul 29 08:56:26 UTC 2026,1785315386,0,0.13
Wed Jul 29 08:57:12 UTC 2026,1785315432,0,0.25
Wed Jul 29 08:57:39 UTC 2026,1785315459,0,0.13
Wed Jul 29 08:58:41 UTC 2026,1785315521,0,0.26
Wed Jul 29 09:00:04 UTC 2026,1785315604,0,0.16
Wed Jul 29 09:00:45 UTC 2026,1785315645,0,0.18
Wed Jul 29 09:01:16 UTC 2026,1785315676,0,0.28
Wed Jul 29 09:02:02 UTC 2026,1785315722,0,0.25
Wed Jul 29 09:03:23 UTC 2026,1785315803,0,0.15
Wed Jul 29 09:03:36 UTC 2026,1785315816,0,0.18
Wed Jul 29 09:04:09 UTC 2026,1785315849,0,0.28
Wed Jul 29 09:06:15 UTC 2026,1785315975,0,0.25
Wed Jul 29 09:06:32 UTC 2026,1785315992,0,0.15
Wed Jul 29 09:07:14 UTC 2026,1785316034,0,0.12
Wed Jul 29 09:08:13 UTC 2026,1785316093,0,0.23
Wed Jul 29 09:08:54 UTC 2026,1785316134,0,0.19
Wed Jul 29 09:09:34 UTC 2026,1785316174,0,0.25
Wed Jul 29 09:10:11 UTC 2026,1785316211,0,0.18
Wed Jul 29 09:11:19 UTC 2026,1785316279,0,0.27
Wed Jul 29 09:12:00 UTC 2026,1785316320,0,0.18
Wed Jul 29 09:12:08 UTC 2026,1785316328,0,0.24
Wed Jul 29 09:14:10 UTC 2026,1785316450,0,0.18
Wed Jul 29 09:14:43 UTC 2026,1785316483,0,0.25
Wed Jul 29 09:15:43 UTC 2026,1785316543,0,0.29
Wed Jul 29 09:16:27 UTC 2026,1785316587,0,0.08
Wed Jul 29 09:17:45 UTC 2026,1785316665,0,0.15
Wed Jul 29 09:17:49 UTC 2026,1785316669,0,0.26
Wed Jul 29 09:18:57 UTC 2026,1785316737,0,0.23
Wed Jul 29 09:19:52 UTC 2026,1785316792,0,0.05
Wed Jul 29 09:20:09 UTC 2026,1785316809,0,0.18
Wed Jul 29 09:21:30 UTC 2026,1785316890,0,-0.53
Wed Jul 29 09:22:20 UTC 2026,1785316940,0,-2.26
Wed Jul 29 09:23:14 UTC 2026,1785316994,0,-0.44
Wed Jul 29 09:23:20 UTC 2026,1785317000,0,-0.43
Wed Jul 29 09:24:36 UTC 2026,1785317076,0,0.12
Wed Jul 29 09:24:59 UTC 2026,1785317099,0,0.04
Wed Jul 29 09:25:26 UTC 2026,1785317126,0,-0.3
Wed Jul 29 09:26:53 UTC 2026,1785317213,0,0.12
Wed Jul 29 09:26:57 UTC 2026,1785317217,0,-0.03
Wed Jul 29 09:28:45 UTC 2026,1785317325,0,-0.16
Wed Jul 29 09:29:25 UTC 2026,1785317365,0,0.15
Wed Jul 29 09:31:24 UTC 2026,1785317484,0,-0.21
Wed Jul 29 09:32:00 UTC 2026,1785317520,0,0.05
Wed Jul 29 09:32:50 UTC 2026,1785317570,0,-0.3
Wed Jul 29 09:33:30 UTC 2026,1785317610,0,-0.32
Wed Jul 29 09:34:02 UTC 2026,1785317642,0,0.11
Wed Jul 29 09:35:28 UTC 2026,1785317728,0,-0.02
Wed Jul 29 09:35:52 UTC 2026,1785317752,0,0.25
Wed Jul 29 09:36:55 UTC 2026,1785317815,0,0.16
Wed Jul 29 09:37:22 UTC 2026,1785317842,0,-0.09
Wed Jul 29 09:38:26 UTC 2026,1785317906,0,0.19
Wed Jul 29 09:39:10 UTC 2026,1785317950,0,-0.1
Wed Jul 29 09:39:57 UTC 2026,1785317997,0,-0.25
Wed Jul 29 09:40:59 UTC 2026,1785318059,0,0.22
Wed Jul 29 09:42:13 UTC 2026,1785318133,0,0.24
Wed Jul 29 09:42:53 UTC 2026,1785318173,0,0.16
Wed Jul 29 09:43:56 UTC 2026,1785318236,0,0.26
Wed Jul 29 09:44:20 UTC 2026,1785318260,0,0.17
Wed Jul 29 09:45:36 UTC 2026,1785318336,0,0.24
Wed Jul 29 09:46:14 UTC 2026,1785318374,0,0.16
Wed Jul 29 09:46:35 UTC 2026,1785318395,0,0.15
Wed Jul 29 09:47:43 UTC 2026,1785318463,0,0.25
Wed Jul 29 09:48:46 UTC 2026,1785318526,0,0.14
Wed Jul 29 09:49:55 UTC 2026,1785318595,0,0.17
Wed Jul 29 09:51:08 UTC 2026,1785318668,0,0.24
Wed Jul 29 09:52:38 UTC 2026,1785318758,0,0.27
Wed Jul 29 09:52:55 UTC 2026,1785318775,0,0.17
Wed Jul 29 09:53:32 UTC 2026,1785318812,0,0.25
Wed Jul 29 09:54:22 UTC 2026,1785318862,0,0.1
Wed Jul 29 09:54:53 UTC 2026,1785318893,0,0.11
Wed Jul 29 09:55:17 UTC 2026,1785318917,0,0.27
Wed Jul 29 09:56:24 UTC 2026,1785318984,0,0.25
Wed Jul 29 09:56:28 UTC 2026,1785318988,0,0.16
Wed Jul 29 09:58:04 UTC 2026,1785319084,0,0.12
Wed Jul 29 09:59:12 UTC 2026,1785319152,0,0.28
Wed Jul 29 09:59:35 UTC 2026,1785319175,0,0.27
Wed Jul 29 10:01:10 UTC 2026,1785319270,0,0.21
Wed Jul 29 10:01:19 UTC 2026,1785319279,0,0.28
Wed Jul 29 10:02:36 UTC 2026,1785319356,0,0.19
Wed Jul 29 10:03:39 UTC 2026,1785319419,0,0.28
Wed Jul 29 10:04:25 UTC 2026,1785319465,0,0.17
Wed Jul 29 10:06:00 UTC 2026,1785319560,0,0.25
Wed Jul 29 10:06:05 UTC 2026,1785319565,0,0.16
Wed Jul 29 10:06:09 UTC 2026,1785319569,0,0.26
Wed Jul 29 10:06:19 UTC 2026,1785319579,0,0.15
Wed Jul 29 10:09:01 UTC 2026,1785319741,0,0.31
Wed Jul 29 10:09:11 UTC 2026,1785319751,0,0.19
Wed Jul 29 10:09:42 UTC 2026,1785319782,0,0.22
Wed Jul 29 10:09:52 UTC 2026,1785319792,0,0.28
Wed Jul 29 10:11:40 UTC 2026,1785319900,0,0.29
Wed Jul 29 10:12:35 UTC 2026,1785319955,0,0.19
Wed Jul 29 10:12:49 UTC 2026,1785319969,0,0.22
Wed Jul 29 10:12:53 UTC 2026,1785319973,0,0.28
Wed Jul 29 10:14:42 UTC 2026,1785320082,0,0.29
Wed Jul 29 10:15:22 UTC 2026,1785320122,0,0.2
Wed Jul 29 10:17:16 UTC 2026,1785320236,0,0.16
Wed Jul 29 10:17:39 UTC 2026,1785320259,0,0.3
Wed Jul 29 10:19:04 UTC 2026,1785320344,0,0.2
Wed Jul 29 10:20:58 UTC 2026,1785320458,0,0.34
Wed Jul 29 10:22:01 UTC 2026,1785320521,0,0.38
Wed Jul 29 10:22:15 UTC 2026,1785320535,0,0.15
Wed Jul 29 10:22:50 UTC 2026,1785320570,0,0.33
Wed Jul 29 10:23:37 UTC 2026,1785320617,0,0.11
Wed Jul 29 10:24:44 UTC 2026,1785320684,0,0.4
Wed Jul 29 10:24:53 UTC 2026,1785320693,0,0.17
Wed Jul 29 10:25:57 UTC 2026,1785320757,0,0.22
Wed Jul 29 10:26:25 UTC 2026,1785320785,0,0.33
Wed Jul 29 10:27:54 UTC 2026,1785320874,0,0.24
Wed Jul 29 10:28:13 UTC 2026,1785320893,0,0.33
Wed Jul 29 10:29:47 UTC 2026,1785320987,0,0.21
Wed Jul 29 10:30:06 UTC 2026,1785321006,0,0.37
Wed Jul 29 10:31:00 UTC 2026,1785321060,0,0.31
Wed Jul 29 10:31:19 UTC 2026,1785321079,0,0.12
Wed Jul 29 10:33:30 UTC 2026,1785321210,0,0.21
Wed Jul 29 10:33:39 UTC 2026,1785321219,0,0.33
Wed Jul 29 10:34:24 UTC 2026,1785321264,0,0.21
Wed Jul 29 10:34:52 UTC 2026,1785321292,0,0.34
Wed Jul 29 10:36:45 UTC 2026,1785321405,0,0.19
Wed Jul 29 10:37:25 UTC 2026,1785321445,0,0.38
Wed Jul 29 10:38:38 UTC 2026,1785321518,0,0.15
Wed Jul 29 10:39:01 UTC 2026,1785321541,0,0.36
Wed Jul 29 10:39:42 UTC 2026,1785321582,0,0.37
Wed Jul 29 10:39:52 UTC 2026,1785321592,0,0.15
Wed Jul 29 10:41:45 UTC 2026,1785321705,0,0.33
Wed Jul 29 10:41:58 UTC 2026,1785321718,0,0.22
Wed Jul 29 10:43:06 UTC 2026,1785321786,0,0.35
Wed Jul 29 10:43:19 UTC 2026,1785321799,0,0.22
Wed Jul 29 10:45:13 UTC 2026,1785321913,0,0.32
Wed Jul 29 10:46:24 UTC 2026,1785321984,0,0.34
Wed Jul 29 10:46:39 UTC 2026,1785321999,0,0.25
Wed Jul 29 10:47:34 UTC 2026,1785322054,0,0.24
Wed Jul 29 10:48:42 UTC 2026,1785322122,0,0.33
Wed Jul 29 10:49:12 UTC 2026,1785322152,0,0.26
Wed Jul 29 10:49:45 UTC 2026,1785322185,0,0.33
Wed Jul 29 10:50:48 UTC 2026,1785322248,0,0.16
Wed Jul 29 10:51:34 UTC 2026,1785322294,0,0.36
Wed Jul 29 10:52:47 UTC 2026,1785322367,0,0.16
Wed Jul 29 10:53:45 UTC 2026,1785322425,0,0.32
Wed Jul 29 10:54:35 UTC 2026,1785322475,0,0.39
Wed Jul 29 10:54:43 UTC 2026,1785322483,0,0.24
Wed Jul 29 10:55:48 UTC 2026,1785322548,0,0.4
Wed Jul 29 10:56:33 UTC 2026,1785322593,0,0.22
Wed Jul 29 10:58:11 UTC 2026,1785322691,0,0.35
Wed Jul 29 10:58:35 UTC 2026,1785322715,0,0.2
Wed Jul 29 10:59:03 UTC 2026,1785322743,0,0.43
Wed Jul 29 11:00:25 UTC 2026,1785322825,0,0.24
Wed Jul 29 11:00:38 UTC 2026,1785322838,0,0.26
Wed Jul 29 11:01:50 UTC 2026,1785322910,0,0.34
Wed Jul 29 11:03:17 UTC 2026,1785322997,0,0.35
Wed Jul 29 11:03:43 UTC 2026,1785323023,0,0.23
Wed Jul 29 11:04:20 UTC 2026,1785323060,0,0.4
Wed Jul 29 11:05:32 UTC 2026,1785323132,0,0.24
Wed Jul 29 11:05:45 UTC 2026,1785323145,0,0.15
Wed Jul 29 11:05:49 UTC 2026,1785323149,0,0.35
Wed Jul 29 11:07:35 UTC 2026,1785323255,0,0.27
Wed Jul 29 11:08:20 UTC 2026,1785323300,0,0.37
Wed Jul 29 11:10:18 UTC 2026,1785323418,0,0.2
Wed Jul 29 11:10:22 UTC 2026,1785323422,0,0.4
Wed Jul 29 11:10:44 UTC 2026,1785323444,0,0.17
Wed Jul 29 11:10:59 UTC 2026,1785323459,0,0.37
Wed Jul 29 11:12:16 UTC 2026,1785323536,0,0.15
Wed Jul 29 11:13:23 UTC 2026,1785323603,0,0.43
Wed Jul 29 11:14:08 UTC 2026,1785323648,0,0.18
Wed Jul 29 11:14:27 UTC 2026,1785323667,0,0.37
Wed Jul 29 11:16:11 UTC 2026,1785323771,0,0.46
Wed Jul 29 11:16:25 UTC 2026,1785323785,0,0.18
Wed Jul 29 11:17:32 UTC 2026,1785323852,0,0.38
Wed Jul 29 11:18:36 UTC 2026,1785323916,0,0.18
Wed Jul 29 11:18:54 UTC 2026,1785323934,0,0.36
Wed Jul 29 11:18:59 UTC 2026,1785323939,0,0.21
Wed Jul 29 11:21:05 UTC 2026,1785324065,0,0.25
Wed Jul 29 11:21:15 UTC 2026,1785324075,0,0.4
Wed Jul 29 11:23:22 UTC 2026,1785324202,0,0.42
Wed Jul 29 11:23:31 UTC 2026,1785324211,0,0.18
Wed Jul 29 11:25:01 UTC 2026,1785324301,0,0.19
Wed Jul 29 11:25:06 UTC 2026,1785324306,0,0.37
Wed Jul 29 11:26:14 UTC 2026,1785324374,0,0.09
Wed Jul 29 11:26:28 UTC 2026,1785324388,0,0.44
Wed Jul 29 11:27:13 UTC 2026,1785324433,0,0.49
Wed Jul 29 11:28:02 UTC 2026,1785324482,0,0.09
Wed Jul 29 11:28:57 UTC 2026,1785324537,0,0.05
Wed Jul 29 11:29:56 UTC 2026,1785324596,0,0.39
Wed Jul 29 11:30:33 UTC 2026,1785324633,0,0.34
Wed Jul 29 11:31:00 UTC 2026,1785324660,0,0.19
Wed Jul 29 11:33:20 UTC 2026,1785324800,0,0.37
Wed Jul 29 11:33:25 UTC 2026,1785324805,0,0.15
Wed Jul 29 11:33:38 UTC 2026,1785324818,0,0.32
Wed Jul 29 11:34:38 UTC 2026,1785324878,0,-0.05
Wed Jul 29 11:35:23 UTC 2026,1785324923,0,-0.04
Wed Jul 29 11:36:21 UTC 2026,1785324981,0,0.39
Wed Jul 29 11:37:11 UTC 2026,1785325031,0,0.38
Wed Jul 29 11:37:43 UTC 2026,1785325063,0,-0.18
Wed Jul 29 11:38:38 UTC 2026,1785325118,0,-0.11
Wed Jul 29 11:39:41 UTC 2026,1785325181,0,0.44
Wed Jul 29 11:40:30 UTC 2026,1785325230,0,0.31
Wed Jul 29 11:41:30 UTC 2026,1785325290,0,-0.17
Wed Jul 29 11:42:07 UTC 2026,1785325327,0,-0.15
Wed Jul 29 11:43:10 UTC 2026,1785325390,0,0.25
Wed Jul 29 11:43:41 UTC 2026,1785325421,0,0.41
Wed Jul 29 11:43:45 UTC 2026,1785325425,0,-0.16
Wed Jul 29 11:45:39 UTC 2026,1785325539,0,-0.01
Wed Jul 29 11:46:38 UTC 2026,1785325598,0,0.33
Wed Jul 29 11:47:10 UTC 2026,1785325630,0,0.41
Wed Jul 29 11:47:23 UTC 2026,1785325643,0,-0.23
Wed Jul 29 11:49:04 UTC 2026,1785325744,0,-0.19
Wed Jul 29 11:50:02 UTC 2026,1785325802,0,0.33
Wed Jul 29 11:50:43 UTC 2026,1785325843,0,0.41
Wed Jul 29 11:51:37 UTC 2026,1785325897,0,0.04
Wed Jul 29 11:52:04 UTC 2026,1785325924,0,0.59
Wed Jul 29 11:53:22 UTC 2026,1785326002,0,-0.37
Wed Jul 29 11:53:50 UTC 2026,1785326030,0,-0.3
Wed Jul 29 11:54:16 UTC 2026,1785326056,0,0.4
Wed Jul 29 11:55:29 UTC 2026,1785326129,0,0.52
Wed Jul 29 11:56:00 UTC 2026,1785326160,0,0.05
Wed Jul 29 11:57:09 UTC 2026,1785326229,0,0.34
Wed Jul 29 11:57:36 UTC 2026,1785326256,0,0.12
Wed Jul 29 11:58:21 UTC 2026,1785326301,0,0.47
Wed Jul 29 11:59:25 UTC 2026,1785326365,0,0.13
Wed Jul 29 12:00:47 UTC 2026,1785326447,0,0.19
Wed Jul 29 12:01:32 UTC 2026,1785326492,0,0.5
Wed Jul 29 12:02:35 UTC 2026,1785326555,0,0.56
Wed Jul 29 12:02:58 UTC 2026,1785326578,0,0.14
Wed Jul 29 12:03:47 UTC 2026,1785326627,0,0.46
Wed Jul 29 12:03:52 UTC 2026,1785326632,0,0.19
Wed Jul 29 12:05:23 UTC 2026,1785326723,0,0.22
Wed Jul 29 12:06:26 UTC 2026,1785326786,0,0.39
Wed Jul 29 12:07:25 UTC 2026,1785326845,0,0.21
Wed Jul 29 12:08:29 UTC 2026,1785326909,0,0.16
Wed Jul 29 12:08:52 UTC 2026,1785326932,0,0.39
Wed Jul 29 12:10:54 UTC 2026,1785327054,0,0.49
Wed Jul 29 12:11:02 UTC 2026,1785327062,0,0.13
Wed Jul 29 12:11:43 UTC 2026,1785327103,0,0.03
Wed Jul 29 12:12:02 UTC 2026,1785327122,0,0.36
Wed Jul 29 12:13:23 UTC 2026,1785327203,0,0.17
Wed Jul 29 12:14:04 UTC 2026,1785327244,0,0.49
Wed Jul 29 12:15:25 UTC 2026,1785327325,0,0.57
Wed Jul 29 12:16:16 UTC 2026,1785327376,0,0.17
Wed Jul 29 12:16:48 UTC 2026,1785327408,0,0.44
Wed Jul 29 12:18:05 UTC 2026,1785327485,0,0.21
Wed Jul 29 12:18:18 UTC 2026,1785327498,0,0.56
Wed Jul 29 12:19:26 UTC 2026,1785327566,0,0.17
Wed Jul 29 12:21:01 UTC 2026,1785327661,0,0.15
Wed Jul 29 12:21:06 UTC 2026,1785327666,0,0.38
Wed Jul 29 12:22:04 UTC 2026,1785327724,0,0.25
Wed Jul 29 12:22:45 UTC 2026,1785327765,0,-0.56
Wed Jul 29 12:23:08 UTC 2026,1785327788,0,-0.45
Wed Jul 29 12:24:35 UTC 2026,1785327875,0,0.45
Wed Jul 29 12:24:56 UTC 2026,1785327896,0,0.09
Wed Jul 29 12:25:33 UTC 2026,1785327933,0,0.47
Wed Jul 29 12:26:32 UTC 2026,1785327992,0,0.12
Wed Jul 29 12:27:17 UTC 2026,1785328037,0,0.52
Wed Jul 29 12:28:21 UTC 2026,1785328101,0,0.22
Wed Jul 29 12:29:24 UTC 2026,1785328164,0,0.44
Wed Jul 29 12:30:50 UTC 2026,1785328250,0,0.14
Wed Jul 29 12:31:07 UTC 2026,1785328267,0,0.42
Wed Jul 29 12:31:27 UTC 2026,1785328287,0,0.2
Wed Jul 29 12:32:44 UTC 2026,1785328364,0,0.36
Wed Jul 29 12:33:01 UTC 2026,1785328381,0,0.35
Wed Jul 29 12:33:51 UTC 2026,1785328431,0,0.23
Wed Jul 29 12:35:18 UTC 2026,1785328518,0,0.36
Wed Jul 29 12:35:45 UTC 2026,1785328545,0,0.23
Wed Jul 29 12:37:11 UTC 2026,1785328631,0,0.39
Wed Jul 29 12:37:38 UTC 2026,1785328658,0,0.23
Wed Jul 29 12:38:11 UTC 2026,1785328691,0,0.26
Wed Jul 29 12:39:10 UTC 2026,1785328750,0,0.37
Wed Jul 29 12:39:55 UTC 2026,1785328795,0,0.4
Wed Jul 29 12:40:45 UTC 2026,1785328845,0,0.24
Wed Jul 29 12:41:34 UTC 2026,1785328894,0,0.16
Wed Jul 29 12:42:47 UTC 2026,1785328967,0,0.4
Wed Jul 29 12:43:00 UTC 2026,1785328980,0,0.26
Wed Jul 29 12:43:55 UTC 2026,1785329035,0,0.37
Wed Jul 29 12:45:08 UTC 2026,1785329108,0,0.41
Wed Jul 29 12:46:10 UTC 2026,1785329170,0,0.18
Wed Jul 29 12:46:56 UTC 2026,1785329216,0,0.43
Wed Jul 29 12:47:01 UTC 2026,1785329221,0,0.24
Wed Jul 29 12:48:00 UTC 2026,1785329280,0,0.23
Wed Jul 29 12:48:58 UTC 2026,1785329338,0,0.41
Wed Jul 29 12:50:28 UTC 2026,1785329428,0,0.22
Wed Jul 29 12:51:01 UTC 2026,1785329461,0,0.4
Wed Jul 29 12:51:37 UTC 2026,1785329497,0,0.23
Wed Jul 29 12:52:09 UTC 2026,1785329529,0,0.41
Wed Jul 29 12:53:03 UTC 2026,1785329583,0,0.37
Wed Jul 29 12:54:01 UTC 2026,1785329641,0,0.15
Wed Jul 29 12:54:34 UTC 2026,1785329674,0,0.22
Wed Jul 29 12:55:47 UTC 2026,1785329747,0,0.43
Wed Jul 29 12:56:08 UTC 2026,1785329768,0,0.21
Wed Jul 29 12:56:18 UTC 2026,1785329778,0,0.42
Wed Jul 29 12:58:35 UTC 2026,1785329915,0,0.39
Wed Jul 29 12:59:20 UTC 2026,1785329960,0,0.23
Wed Jul 29 12:59:37 UTC 2026,1785329977,0,0.17
Wed Jul 29 13:00:37 UTC 2026,1785330037,0,0.42
Wed Jul 29 13:01:08 UTC 2026,1785330068,0,0.41
Wed Jul 29 13:02:25 UTC 2026,1785330145,0,0.22
Wed Jul 29 13:02:57 UTC 2026,1785330177,0,0.25
Wed Jul 29 13:03:52 UTC 2026,1785330232,0,0.38
Wed Jul 29 13:05:13 UTC 2026,1785330313,0,0.36
Wed Jul 29 13:05:54 UTC 2026,1785330354,0,0.23
Wed Jul 29 13:07:07 UTC 2026,1785330427,0,0.39
Wed Jul 29 13:07:38 UTC 2026,1785330458,0,0.25
Wed Jul 29 13:08:10 UTC 2026,1785330490,0,0.19
Wed Jul 29 13:08:46 UTC 2026,1785330526,0,0.4
Wed Jul 29 13:10:22 UTC 2026,1785330622,0,0.19
Wed Jul 29 13:10:26 UTC 2026,1785330626,0,0.35
Wed Jul 29 13:11:24 UTC 2026,1785330684,0,0.38
Wed Jul 29 13:12:24 UTC 2026,1785330744,0,0.26
Wed Jul 29 13:12:41 UTC 2026,1785330761,0,0.41
Wed Jul 29 13:13:55 UTC 2026,1785330835,0,0.18
Wed Jul 29 13:15:25 UTC 2026,1785330925,0,0.36
Wed Jul 29 13:15:43 UTC 2026,1785330943,0,0.2
Wed Jul 29 13:17:14 UTC 2026,1785331034,0,0.42
Wed Jul 29 13:17:27 UTC 2026,1785331047,0,0.22
Wed Jul 29 13:17:51 UTC 2026,1785331071,0,0.11
Wed Jul 29 13:18:54 UTC 2026,1785331134,0,0.36
Wed Jul 29 13:19:12 UTC 2026,1785331152,0,0.4
Wed Jul 29 13:19:57 UTC 2026,1785331197,0,0.27
Wed Jul 29 13:22:22 UTC 2026,1785331342,0,0.41
Wed Jul 29 13:22:45 UTC 2026,1785331365,0,0.28
Wed Jul 29 13:23:17 UTC 2026,1785331397,0,0.42
Wed Jul 29 13:24:56 UTC 2026,1785331496,0,0.29
Wed Jul 29 13:25:00 UTC 2026,1785331500,0,0.36
Wed Jul 29 13:26:13 UTC 2026,1785331573,0,0.27
Wed Jul 29 13:27:26 UTC 2026,1785331646,0,0.37
Wed Jul 29 13:28:07 UTC 2026,1785331687,0,0.28
Wed Jul 29 13:28:48 UTC 2026,1785331728,0,0.35
Wed Jul 29 13:30:04 UTC 2026,1785331804,0,0.28
Wed Jul 29 13:30:27 UTC 2026,1785331827,0,0.4
Wed Jul 29 13:31:03 UTC 2026,1785331863,0,0.36
Wed Jul 29 13:32:21 UTC 2026,1785331941,0,0.23
Wed Jul 29 13:33:20 UTC 2026,1785332000,0,0.36
Wed Jul 29 13:34:00 UTC 2026,1785332040,0,0.24
Wed Jul 29 13:34:05 UTC 2026,1785332045,0,0.23
Wed Jul 29 13:34:10 UTC 2026,1785332050,0,0.4
Wed Jul 29 13:36:07 UTC 2026,1785332167,0,0.14
Wed Jul 29 13:36:47 UTC 2026,1785332207,0,0.34
Wed Jul 29 13:37:25 UTC 2026,1785332245,0,0.25
Wed Jul 29 13:38:06 UTC 2026,1785332286,0,0.34
Wed Jul 29 13:39:18 UTC 2026,1785332358,0,0.36
Wed Jul 29 13:39:59 UTC 2026,1785332399,0,0.19
Wed Jul 29 13:41:25 UTC 2026,1785332485,0,0.37
Wed Jul 29 13:42:06 UTC 2026,1785332526,0,0.19
Wed Jul 29 13:42:50 UTC 2026,1785332570,0,0.15
Wed Jul 29 13:43:17 UTC 2026,1785332597,0,0.35
Wed Jul 29 13:44:12 UTC 2026,1785332652,0,0.36
Wed Jul 29 13:44:49 UTC 2026,1785332689,0,0.13
Wed Jul 29 13:46:01 UTC 2026,1785332761,0,0.22
Wed Jul 29 13:46:15 UTC 2026,1785332775,0,0.36
Wed Jul 29 13:47:32 UTC 2026,1785332852,0,0.34
Wed Jul 29 13:47:58 UTC 2026,1785332878,0,0.18
Wed Jul 29 13:49:12 UTC 2026,1785332952,0,0.38
Wed Jul 29 13:50:28 UTC 2026,1785333028,0,0.21
Wed Jul 29 13:50:37 UTC 2026,1785333037,0,0.38
Wed Jul 29 13:50:55 UTC 2026,1785333055,0,0.24
Wed Jul 29 13:53:02 UTC 2026,1785333182,0,0.15
Wed Jul 29 13:53:35 UTC 2026,1785333215,0,0.43
Wed Jul 29 13:53:57 UTC 2026,1785333237,0,0.35
Wed Jul 29 13:54:51 UTC 2026,1785333291,0,0.11
Wed Jul 29 13:55:55 UTC 2026,1785333355,0,0.44
Wed Jul 29 13:56:41 UTC 2026,1785333401,0,0.15
Wed Jul 29 13:57:11 UTC 2026,1785333431,0,0.2
Wed Jul 29 13:58:24 UTC 2026,1785333504,0,0.37
Wed Jul 29 13:59:19 UTC 2026,1785333559,0,0.46
Wed Jul 29 13:59:50 UTC 2026,1785333590,0,0.21
Wed Jul 29 14:00:32 UTC 2026,1785333632,0,0.23
Wed Jul 29 14:01:40 UTC 2026,1785333700,0,0.4
Wed Jul 29 14:02:20 UTC 2026,1785333740,0,0.41
Wed Jul 29 14:02:56 UTC 2026,1785333776,0,0.23
Wed Jul 29 14:03:55 UTC 2026,1785333835,0,0.37
Wed Jul 29 14:04:32 UTC 2026,1785333872,0,0.21
Wed Jul 29 14:05:36 UTC 2026,1785333936,0,0.25
Wed Jul 29 14:05:49 UTC 2026,1785333949,0,0.38
Wed Jul 29 14:07:19 UTC 2026,1785334039,0,0.01
Wed Jul 29 14:07:51 UTC 2026,1785334071,0,0.41
Wed Jul 29 14:08:58 UTC 2026,1785334138,0,0.38
Wed Jul 29 14:10:11 UTC 2026,1785334211,0,0.22
Wed Jul 29 14:10:52 UTC 2026,1785334252,0,0.25
Wed Jul 29 14:11:28 UTC 2026,1785334288,0,0.4
Wed Jul 29 14:12:14 UTC 2026,1785334334,0,0.2
Wed Jul 29 14:13:22 UTC 2026,1785334402,0,0.38
Wed Jul 29 14:13:58 UTC 2026,1785334438,0,0.36
Wed Jul 29 14:14:29 UTC 2026,1785334469,0,0.16
Wed Jul 29 14:15:52 UTC 2026,1785334552,0,0.36
Wed Jul 29 14:15:56 UTC 2026,1785334556,0,0.24
Wed Jul 29 14:17:27 UTC 2026,1785334647,0,0.37
Wed Jul 29 14:17:44 UTC 2026,1785334664,0,0.23
Wed Jul 29 14:18:57 UTC 2026,1785334737,0,0.36
Wed Jul 29 14:19:34 UTC 2026,1785334774,0,0.22
Wed Jul 29 14:20:15 UTC 2026,1785334815,0,0.4
Wed Jul 29 14:20:28 UTC 2026,1785334828,0,0.28
Wed Jul 29 14:21:59 UTC 2026,1785334919,0,0.37
Wed Jul 29 14:22:03 UTC 2026,1785334923,0,0.29
Wed Jul 29 14:24:10 UTC 2026,1785335050,0,0.26
Wed Jul 29 14:24:38 UTC 2026,1785335078,0,0.37
Wed Jul 29 14:26:12 UTC 2026,1785335172,0,0.24
Wed Jul 29 14:26:27 UTC 2026,1785335187,0,0.36
Wed Jul 29 14:28:20 UTC 2026,1785335300,0,0.22
Wed Jul 29 14:28:24 UTC 2026,1785335304,0,0.37
Wed Jul 29 14:28:56 UTC 2026,1785335336,0,0.17
Wed Jul 29 14:29:32 UTC 2026,1785335372,0,0.37
Wed Jul 29 14:30:09 UTC 2026,1785335409,0,0.25
Wed Jul 29 14:31:22 UTC 2026,1785335482,0,0.37
Wed Jul 29 14:31:58 UTC 2026,1785335518,0,0.41
Wed Jul 29 14:32:39 UTC 2026,1785335559,0,0.26
Wed Jul 29 14:34:14 UTC 2026,1785335654,0,0.36
Wed Jul 29 14:34:50 UTC 2026,1785335690,0,0.26
Wed Jul 29 14:35:57 UTC 2026,1785335757,0,0.38
Wed Jul 29 14:37:06 UTC 2026,1785335826,0,0.4
Wed Jul 29 14:37:50 UTC 2026,1785335870,0,0.23
Wed Jul 29 14:39:13 UTC 2026,1785335953,0,0.27
Wed Jul 29 14:39:50 UTC 2026,1785335990,0,0.39
Wed Jul 29 14:40:11 UTC 2026,1785336011,0,0.26
Wed Jul 29 14:40:43 UTC 2026,1785336043,0,0.4
Wed Jul 29 14:41:47 UTC 2026,1785336107,0,0.37
Wed Jul 29 14:42:38 UTC 2026,1785336158,0,0.19
Wed Jul 29 14:43:27 UTC 2026,1785336207,0,0.39
Wed Jul 29 14:43:46 UTC 2026,1785336226,0,0.24
Wed Jul 29 14:45:11 UTC 2026,1785336311,0,0.27
Wed Jul 29 14:45:42 UTC 2026,1785336342,0,0.4
Wed Jul 29 14:47:08 UTC 2026,1785336428,0,0.37
Wed Jul 29 14:48:16 UTC 2026,1785336496,0,0.21
Wed Jul 29 14:48:21 UTC 2026,1785336501,0,0.27
Wed Jul 29 14:49:02 UTC 2026,1785336542,0,0.36
Wed Jul 29 14:49:57 UTC 2026,1785336597,0,0.35
Wed Jul 29 14:50:43 UTC 2026,1785336643,0,0.25
Wed Jul 29 14:51:41 UTC 2026,1785336701,0,0.28
Wed Jul 29 14:53:11 UTC 2026,1785336791,0,0.4
Wed Jul 29 14:54:33 UTC 2026,1785336873,0,0.39
Wed Jul 29 14:54:42 UTC 2026,1785336882,0,0.29
Wed Jul 29 14:55:33 UTC 2026,1785336933,0,0.26
Wed Jul 29 14:56:22 UTC 2026,1785336982,0,0.39
Wed Jul 29 14:57:12 UTC 2026,1785337032,0,0.35
Wed Jul 29 14:57:43 UTC 2026,1785337063,0,0.28
Wed Jul 29 14:58:51 UTC 2026,1785337131,0,0.27
Wed Jul 29 14:59:15 UTC 2026,1785337155,0,0.38
Wed Jul 29 15:01:04 UTC 2026,1785337264,0,0.24
Wed Jul 29 15:01:08 UTC 2026,1785337268,0,0.4
Wed Jul 29 15:02:16 UTC 2026,1785337336,0,0.22
Wed Jul 29 15:03:05 UTC 2026,1785337385,0,0.36
Wed Jul 29 15:04:18 UTC 2026,1785337458,0,0.12
Wed Jul 29 15:06:20 UTC 2026,1785337580,0,0.35
Wed Jul 29 15:06:25 UTC 2026,1785337585,0,0.02
Wed Jul 29 15:06:40 UTC 2026,1785337600,0,0.2
Wed Jul 29 15:07:24 UTC 2026,1785337644,0,0.35
Wed Jul 29 15:08:36 UTC 2026,1785337716,0,0.2
Wed Jul 29 15:08:59 UTC 2026,1785337739,0,0.43
Wed Jul 29 15:09:58 UTC 2026,1785337798,0,0.42
Wed Jul 29 15:11:19 UTC 2026,1785337879,0,0.24
Wed Jul 29 15:11:47 UTC 2026,1785337907,0,0.2
Wed Jul 29 15:12:10 UTC 2026,1785337930,0,0.43
Wed Jul 29 15:13:17 UTC 2026,1785337997,0,0.37
Wed Jul 29 15:14:17 UTC 2026,1785338057,0,0.24
Wed Jul 29 15:14:52 UTC 2026,1785338092,0,0.28
Wed Jul 29 15:15:02 UTC 2026,1785338102,0,0.37
Wed Jul 29 15:16:32 UTC 2026,1785338192,0,0.36
Wed Jul 29 15:16:41 UTC 2026,1785338201,0,0.27
Wed Jul 29 15:19:29 UTC 2026,1785338369,0,0.36
Wed Jul 29 15:19:48 UTC 2026,1785338388,0,0.29
Wed Jul 29 15:20:37 UTC 2026,1785338437,0,0.34
Wed Jul 29 15:22:49 UTC 2026,1785338569,0,0.25
Wed Jul 29 15:23:24 UTC 2026,1785338604,0,0.34
Wed Jul 29 15:24:23 UTC 2026,1785338663,0,0.21
Wed Jul 29 15:25:41 UTC 2026,1785338741,0,0.37
Wed Jul 29 15:26:12 UTC 2026,1785338772,0,0.23
Wed Jul 29 15:26:39 UTC 2026,1785338799,0,0.38
Wed Jul 29 15:27:06 UTC 2026,1785338826,0,0.3
Wed Jul 29 15:29:09 UTC 2026,1785338949,0,0.26
Wed Jul 29 15:29:19 UTC 2026,1785338959,0,0.38
Wed Jul 29 15:29:37 UTC 2026,1785338977,0,0.42
Wed Jul 29 15:30:22 UTC 2026,1785339022,0,0.18
Wed Jul 29 15:31:16 UTC 2026,1785339076,0,0.39
Wed Jul 29 15:31:21 UTC 2026,1785339081,0,0.25
Wed Jul 29 15:33:10 UTC 2026,1785339190,0,0.29
Wed Jul 29 15:33:23 UTC 2026,1785339203,0,0.36
Wed Jul 29 15:34:40 UTC 2026,1785339280,0,0.28
Wed Jul 29 15:35:30 UTC 2026,1785339330,0,0.4
Wed Jul 29 15:36:57 UTC 2026,1785339417,0,0.34
Wed Jul 29 15:37:15 UTC 2026,1785339435,0,0.26
Wed Jul 29 15:38:00 UTC 2026,1785339480,0,0.24
Wed Jul 29 15:38:59 UTC 2026,1785339539,0,0.36
Wed Jul 29 15:40:29 UTC 2026,1785339629,0,0.26
Wed Jul 29 15:40:39 UTC 2026,1785339639,0,0.38
Wed Jul 29 15:41:33 UTC 2026,1785339693,0,0.25
Wed Jul 29 15:42:09 UTC 2026,1785339729,0,0.36
Wed Jul 29 15:43:52 UTC 2026,1785339832,0,0.4
Wed Jul 29 15:44:16 UTC 2026,1785339856,0,0.25
Wed Jul 29 15:44:34 UTC 2026,1785339874,0,0.28
Wed Jul 29 15:44:53 UTC 2026,1785339893,0,0.41
Wed Jul 29 15:46:55 UTC 2026,1785340015,0,0.37
Wed Jul 29 15:47:17 UTC 2026,1785340037,0,0.25
Wed Jul 29 15:47:58 UTC 2026,1785340078,0,0.26
Wed Jul 29 15:48:35 UTC 2026,1785340115,0,0.35
Wed Jul 29 15:50:41 UTC 2026,1785340241,0,0.24
Wed Jul 29 15:50:46 UTC 2026,1785340246,0,0.61
Wed Jul 29 15:51:17 UTC 2026,1785340277,0,0.07
Wed Jul 29 15:52:07 UTC 2026,1785340327,0,0.42
Wed Jul 29 15:52:53 UTC 2026,1785340373,0,0.25
Wed Jul 29 15:53:11 UTC 2026,1785340391,0,0.4
Wed Jul 29 15:54:33 UTC 2026,1785340473,0,0.28
Wed Jul 29 15:56:30 UTC 2026,1785340590,0,0.29
Wed Jul 29 15:57:11 UTC 2026,1785340631,0,0.38
Wed Jul 29 15:57:57 UTC 2026,1785340677,0,0.36
Wed Jul 29 15:59:08 UTC 2026,1785340748,0,0.25
Wed Jul 29 16:00:13 UTC 2026,1785340813,0,0.37
Wed Jul 29 16:00:35 UTC 2026,1785340835,0,0.24
Wed Jul 29 16:01:52 UTC 2026,1785340912,0,0.25
Wed Jul 29 16:02:24 UTC 2026,1785340944,0,0.4
Wed Jul 29 16:03:00 UTC 2026,1785340980,0,0.38
Wed Jul 29 16:03:23 UTC 2026,1785341003,0,0.25
Wed Jul 29 16:04:35 UTC 2026,1785341075,0,0.38
Wed Jul 29 16:04:58 UTC 2026,1785341098,0,0.24
Wed Jul 29 16:06:16 UTC 2026,1785341176,0,0.36
Wed Jul 29 16:06:20 UTC 2026,1785341180,0,0.26
Wed Jul 29 16:07:51 UTC 2026,1785341271,0,0.24
Wed Jul 29 16:09:04 UTC 2026,1785341344,0,0.39
Wed Jul 29 16:09:21 UTC 2026,1785341361,0,0.26
Wed Jul 29 16:10:15 UTC 2026,1785341415,0,0.37
Wed Jul 29 16:11:11 UTC 2026,1785341471,0,0.38
Wed Jul 29 16:12:09 UTC 2026,1785341529,0,0.23
Wed Jul 29 16:12:54 UTC 2026,1785341574,0,0.28
Wed Jul 29 16:13:13 UTC 2026,1785341593,0,0.38
Wed Jul 29 16:14:07 UTC 2026,1785341647,0,0.37
Wed Jul 29 16:14:34 UTC 2026,1785341674,0,0.26
Wed Jul 29 16:15:55 UTC 2026,1785341755,0,0.35
Wed Jul 29 16:16:59 UTC 2026,1785341819,0,0.24
Wed Jul 29 16:17:30 UTC 2026,1785341850,0,0.33
Wed Jul 29 16:19:02 UTC 2026,1785341942,0,0.2
Wed Jul 29 16:20:28 UTC 2026,1785342028,0,0.39
Wed Jul 29 16:20:32 UTC 2026,1785342032,0,0.27
Wed Jul 29 16:21:04 UTC 2026,1785342064,0,0.3
Wed Jul 29 16:22:12 UTC 2026,1785342132,0,0.37
Wed Jul 29 16:22:25 UTC 2026,1785342145,0,0.35
Wed Jul 29 16:23:33 UTC 2026,1785342213,0,0.27
Wed Jul 29 16:24:41 UTC 2026,1785342281,0,0.25
Wed Jul 29 16:24:50 UTC 2026,1785342290,0,0.37
Wed Jul 29 16:25:58 UTC 2026,1785342358,0,0.38
Wed Jul 29 16:27:16 UTC 2026,1785342436,0,0.26
Wed Jul 29 16:28:10 UTC 2026,1785342490,0,0.36
Wed Jul 29 16:29:58 UTC 2026,1785342598,0,0.27
Wed Jul 29 16:30:07 UTC 2026,1785342607,0,0.35
Wed Jul 29 16:31:51 UTC 2026,1785342711,0,0.25
Wed Jul 29 16:32:01 UTC 2026,1785342721,0,0.36
Wed Jul 29 16:32:38 UTC 2026,1785342758,0,0.27
Wed Jul 29 16:34:49 UTC 2026,1785342889,0,0.26
Wed Jul 29 16:35:07 UTC 2026,1785342907,0,0.39
Wed Jul 29 16:35:39 UTC 2026,1785342939,0,0.36
Wed Jul 29 16:36:47 UTC 2026,1785343007,0,0.24
Wed Jul 29 16:37:14 UTC 2026,1785343034,0,0.29
Wed Jul 29 16:38:35 UTC 2026,1785343115,0,0.36
Wed Jul 29 16:38:59 UTC 2026,1785343139,0,0.35
Wed Jul 29 16:39:48 UTC 2026,1785343188,0,0.27
Wed Jul 29 16:41:56 UTC 2026,1785343316,0,0.37
Wed Jul 29 16:43:25 UTC 2026,1785343405,0,0.25
Wed Jul 29 16:43:39 UTC 2026,1785343419,0,0.34
Wed Jul 29 16:44:11 UTC 2026,1785343451,0,0.39
Wed Jul 29 16:44:56 UTC 2026,1785343496,0,0.28
Wed Jul 29 16:46:45 UTC 2026,1785343605,0,0.27
Wed Jul 29 16:46:50 UTC 2026,1785343610,0,0.39
Wed Jul 29 16:47:57 UTC 2026,1785343677,0,0.44
Wed Jul 29 16:48:02 UTC 2026,1785343682,0,0.23
Wed Jul 29 16:49:51 UTC 2026,1785343791,0,0.41
Wed Jul 29 16:50:59 UTC 2026,1785343859,0,0.43
Wed Jul 29 16:51:12 UTC 2026,1785343872,0,0.11
Wed Jul 29 16:52:03 UTC 2026,1785343923,0,0.25
Wed Jul 29 16:53:29 UTC 2026,1785344009,0,0.42
Wed Jul 29 16:53:42 UTC 2026,1785344022,0,0.38
Wed Jul 29 16:54:59 UTC 2026,1785344099,0,0.15
Wed Jul 29 16:55:35 UTC 2026,1785344135,0,0.29
Wed Jul 29 16:55:39 UTC 2026,1785344139,0,0.4
Wed Jul 29 16:58:09 UTC 2026,1785344289,0,0.22
Wed Jul 29 16:58:27 UTC 2026,1785344307,0,0.46
Wed Jul 29 16:58:50 UTC 2026,1785344330,0,0.23
Wed Jul 29 16:59:48 UTC 2026,1785344388,0,0.39
Wed Jul 29 17:00:43 UTC 2026,1785344443,0,0.41
Wed Jul 29 17:00:52 UTC 2026,1785344452,0,0.18
Wed Jul 29 17:02:14 UTC 2026,1785344534,0,0.45
Wed Jul 29 17:02:50 UTC 2026,1785344570,0,0.27
Wed Jul 29 17:04:39 UTC 2026,1785344679,0,0.25
Wed Jul 29 17:05:06 UTC 2026,1785344706,0,0.39
Wed Jul 29 17:05:16 UTC 2026,1785344716,0,0.37
Wed Jul 29 17:06:51 UTC 2026,1785344811,0,0.27
Wed Jul 29 17:07:04 UTC 2026,1785344824,0,0.4
Wed Jul 29 17:07:40 UTC 2026,1785344860,0,0.27
Wed Jul 29 17:08:53 UTC 2026,1785344933,0,0.25
Wed Jul 29 17:09:26 UTC 2026,1785344966,0,0.42
Wed Jul 29 17:10:15 UTC 2026,1785345015,0,0.29
Wed Jul 29 17:11:18 UTC 2026,1785345078,0,0.42
Wed Jul 29 17:12:35 UTC 2026,1785345155,0,0.38
Wed Jul 29 17:13:12 UTC 2026,1785345192,0,0.24
Wed Jul 29 17:13:48 UTC 2026,1785345228,0,0.45
Wed Jul 29 17:14:33 UTC 2026,1785345273,0,0.26
Wed Jul 29 17:15:54 UTC 2026,1785345354,0,0.39
Wed Jul 29 17:16:18 UTC 2026,1785345378,0,0.27
Wed Jul 29 17:17:21 UTC 2026,1785345441,0,0.24
Wed Jul 29 17:18:06 UTC 2026,1785345486,0,0.42
Wed Jul 29 17:19:00 UTC 2026,1785345540,0,0.29
Wed Jul 29 17:19:06 UTC 2026,1785345546,0,0.4
Wed Jul 29 17:21:21 UTC 2026,1785345681,0,0.26
Wed Jul 29 17:21:48 UTC 2026,1785345708,0,0.29
Wed Jul 29 17:22:11 UTC 2026,1785345731,0,0.4
Wed Jul 29 17:24:23 UTC 2026,1785345863,0,0.43
Wed Jul 29 17:24:32 UTC 2026,1785345872,0,0.29
Wed Jul 29 17:25:12 UTC 2026,1785345912,0,0.26
Wed Jul 29 17:25:31 UTC 2026,1785345931,0,0.39
Wed Jul 29 17:27:01 UTC 2026,1785346021,0,0.29
Wed Jul 29 17:27:55 UTC 2026,1785346075,0,0.39
Wed Jul 29 17:28:59 UTC 2026,1785346139,0,0.42
Wed Jul 29 17:29:04 UTC 2026,1785346144,0,0.29
Wed Jul 29 17:30:26 UTC 2026,1785346226,0,0.4
Wed Jul 29 17:31:10 UTC 2026,1785346270,0,0.25
Wed Jul 29 17:32:20 UTC 2026,1785346340,0,0.37
Wed Jul 29 17:32:41 UTC 2026,1785346361,0,0.31
Wed Jul 29 17:33:31 UTC 2026,1785346411,0,0.26
Wed Jul 29 17:34:39 UTC 2026,1785346479,0,0.4
Wed Jul 29 17:36:19 UTC 2026,1785346579,0,0.31
Wed Jul 29 17:36:42 UTC 2026,1785346602,0,0.29
Wed Jul 29 17:37:36 UTC 2026,1785346656,0,0.41
Wed Jul 29 17:38:31 UTC 2026,1785346711,0,0.29
Wed Jul 29 17:39:02 UTC 2026,1785346742,0,0.39
Wed Jul 29 17:40:38 UTC 2026,1785346838,0,0.26
Wed Jul 29 17:41:50 UTC 2026,1785346910,0,0.29
Wed Jul 29 17:42:40 UTC 2026,1785346960,0,0.41
Wed Jul 29 17:43:15 UTC 2026,1785346995,0,0.3
Wed Jul 29 17:44:28 UTC 2026,1785347068,0,0.38
Wed Jul 29 17:45:49 UTC 2026,1785347149,0,0.4
Wed Jul 29 17:46:09 UTC 2026,1785347169,0,0.31
Wed Jul 29 17:47:35 UTC 2026,1785347255,0,0.38
Wed Jul 29 17:47:43 UTC 2026,1785347263,0,0.31
Wed Jul 29 17:48:42 UTC 2026,1785347322,0,0.36
Wed Jul 29 17:49:14 UTC 2026,1785347354,0,0.25
Wed Jul 29 17:50:12 UTC 2026,1785347412,0,0.37
Wed Jul 29 17:50:58 UTC 2026,1785347458,0,0.3
Wed Jul 29 17:52:15 UTC 2026,1785347535,0,0.28
Wed Jul 29 17:52:25 UTC 2026,1785347545,0,0.4
Wed Jul 29 17:54:08 UTC 2026,1785347648,0,0.41
Wed Jul 29 17:54:21 UTC 2026,1785347661,0,0.31
Wed Jul 29 17:54:54 UTC 2026,1785347694,0,0.3
Wed Jul 29 17:55:35 UTC 2026,1785347735,0,0.39
Wed Jul 29 17:57:33 UTC 2026,1785347853,0,0.4
Wed Jul 29 17:57:46 UTC 2026,1785347866,0,0.29
Wed Jul 29 17:58:18 UTC 2026,1785347898,0,0.39
Wed Jul 29 17:58:50 UTC 2026,1785347930,0,0.29
Wed Jul 29 18:00:44 UTC 2026,1785348044,0,0.4
Wed Jul 29 18:01:42 UTC 2026,1785348102,0,0.29
Wed Jul 29 18:01:55 UTC 2026,1785348115,0,0.39
Wed Jul 29 18:03:40 UTC 2026,1785348220,0,0.26
Wed Jul 29 18:03:45 UTC 2026,1785348225,0,0.4
Wed Jul 29 18:05:34 UTC 2026,1785348334,0,0.29
Wed Jul 29 18:05:38 UTC 2026,1785348338,0,0.39
Wed Jul 29 18:07:00 UTC 2026,1785348420,0,0.36
Wed Jul 29 18:07:35 UTC 2026,1785348455,0,0.25
Wed Jul 29 18:07:58 UTC 2026,1785348478,0,0.39
Wed Jul 29 18:08:48 UTC 2026,1785348528,0,0.25
Wed Jul 29 18:10:18 UTC 2026,1785348618,0,0.36
Wed Jul 29 18:10:33 UTC 2026,1785348633,0,0.26
Wed Jul 29 18:11:31 UTC 2026,1785348691,0,0.25
Wed Jul 29 18:12:08 UTC 2026,1785348728,0,0.37
Wed Jul 29 18:13:01 UTC 2026,1785348781,0,0.27
Wed Jul 29 18:14:32 UTC 2026,1785348872,0,0.37
Wed Jul 29 18:14:51 UTC 2026,1785348891,0,0.31
Wed Jul 29 18:15:27 UTC 2026,1785348927,0,0.41
Wed Jul 29 18:16:48 UTC 2026,1785349008,0,0.42
Wed Jul 29 18:16:57 UTC 2026,1785349017,0,0.29
Wed Jul 29 18:18:01 UTC 2026,1785349081,0,0.38
Wed Jul 29 18:19:00 UTC 2026,1785349140,0,0.27
Wed Jul 29 18:19:59 UTC 2026,1785349199,0,0.43
Wed Jul 29 18:20:35 UTC 2026,1785349235,0,0.31
Wed Jul 29 18:21:16 UTC 2026,1785349276,0,0.29
Wed Jul 29 18:21:24 UTC 2026,1785349284,0,0.37
Wed Jul 29 18:23:10 UTC 2026,1785349390,0,0.29
Wed Jul 29 18:23:18 UTC 2026,1785349398,0,0.41
Wed Jul 29 18:24:35 UTC 2026,1785349475,0,0.39
Wed Jul 29 18:25:39 UTC 2026,1785349539,0,0.24
Wed Jul 29 18:26:11 UTC 2026,1785349571,0,0.44
Wed Jul 29 18:27:27 UTC 2026,1785349647,0,0.25
Wed Jul 29 18:28:00 UTC 2026,1785349680,0,0.41
Wed Jul 29 18:28:04 UTC 2026,1785349684,0,0.3
Wed Jul 29 18:31:01 UTC 2026,1785349861,0,0.45
Wed Jul 29 18:31:42 UTC 2026,1785349902,0,0.42
Wed Jul 29 18:32:40 UTC 2026,1785349960,0,0.31
Wed Jul 29 18:32:54 UTC 2026,1785349974,0,0.29
Wed Jul 29 18:32:58 UTC 2026,1785349978,0,0.43
Wed Jul 29 18:34:24 UTC 2026,1785350064,0,0.41
Wed Jul 29 18:35:46 UTC 2026,1785350146,0,0.28
Wed Jul 29 18:36:09 UTC 2026,1785350169,0,0.43
Wed Jul 29 18:36:27 UTC 2026,1785350187,0,0.3
Wed Jul 29 18:37:40 UTC 2026,1785350260,0,0.4
Wed Jul 29 18:39:14 UTC 2026,1785350354,0,0.3
Wed Jul 29 18:39:28 UTC 2026,1785350368,0,0.32
Wed Jul 29 18:40:55 UTC 2026,1785350455,0,0.41
Wed Jul 29 18:41:27 UTC 2026,1785350487,0,0.31
Wed Jul 29 18:41:35 UTC 2026,1785350495,0,0.39
Wed Jul 29 18:43:33 UTC 2026,1785350613,0,0.29
Wed Jul 29 18:44:00 UTC 2026,1785350640,0,0.42
Wed Jul 29 18:45:44 UTC 2026,1785350744,0,0.43
Wed Jul 29 18:45:50 UTC 2026,1785350750,0,0.32
Wed Jul 29 18:47:01 UTC 2026,1785350821,0,0.43
Wed Jul 29 18:47:29 UTC 2026,1785350849,0,0.29
Wed Jul 29 18:47:33 UTC 2026,1785350853,0,0.4
Wed Jul 29 18:49:04 UTC 2026,1785350944,0,0.3
Wed Jul 29 18:49:13 UTC 2026,1785350953,0,0.33
Wed Jul 29 18:49:27 UTC 2026,1785350967,0,0.42
Wed Jul 29 18:51:01 UTC 2026,1785351061,0,0.32
Wed Jul 29 18:51:06 UTC 2026,1785351066,0,0.43
Wed Jul 29 18:53:18 UTC 2026,1785351198,0,0.41
Wed Jul 29 18:53:49 UTC 2026,1785351229,0,0.29
Wed Jul 29 18:55:16 UTC 2026,1785351316,0,0.27
Wed Jul 29 18:55:20 UTC 2026,1785351320,0,0.41
Wed Jul 29 18:56:37 UTC 2026,1785351397,0,0.27
Wed Jul 29 18:57:23 UTC 2026,1785351443,0,0.38
Wed Jul 29 18:58:39 UTC 2026,1785351519,0,0.39
Wed Jul 29 18:58:52 UTC 2026,1785351532,0,0.29
Wed Jul 29 18:59:12 UTC 2026,1785351552,0,0.39
Wed Jul 29 18:59:39 UTC 2026,1785351579,0,0.28
Wed Jul 29 19:01:36 UTC 2026,1785351696,0,0.24
Wed Jul 29 19:02:13 UTC 2026,1785351733,0,0.39
Wed Jul 29 19:02:31 UTC 2026,1785351751,0,0.21
Wed Jul 29 19:02:35 UTC 2026,1785351755,0,0.49
Wed Jul 29 19:05:15 UTC 2026,1785351915,0,0.28
Wed Jul 29 19:05:28 UTC 2026,1785351928,0,0.44
Wed Jul 29 19:06:13 UTC 2026,1785351973,0,0.4
Wed Jul 29 19:06:58 UTC 2026,1785352018,0,0.23
Wed Jul 29 19:08:20 UTC 2026,1785352100,0,0.27
Wed Jul 29 19:08:29 UTC 2026,1785352109,0,0.46
Wed Jul 29 19:09:59 UTC 2026,1785352199,0,0.22
Wed Jul 29 19:10:05 UTC 2026,1785352205,0,0.44
Wed Jul 29 19:10:54 UTC 2026,1785352254,0,0.2
Wed Jul 29 19:11:35 UTC 2026,1785352295,0,0.55
Wed Jul 29 19:12:26 UTC 2026,1785352346,0,0.28
Wed Jul 29 19:12:47 UTC 2026,1785352367,0,0.45
Wed Jul 29 19:14:14 UTC 2026,1785352454,0,0.44
Wed Jul 29 19:14:49 UTC 2026,1785352489,0,0.17
Wed Jul 29 19:16:30 UTC 2026,1785352590,0,0.22
Wed Jul 29 19:16:56 UTC 2026,1785352616,0,0.4
Wed Jul 29 19:17:15 UTC 2026,1785352635,0,0.12
Wed Jul 29 19:17:43 UTC 2026,1785352663,0,0.47
Wed Jul 29 19:18:58 UTC 2026,1785352738,0,0.2
Wed Jul 29 19:20:07 UTC 2026,1785352807,0,0.44
Wed Jul 29 19:21:01 UTC 2026,1785352861,0,0.26
Wed Jul 29 19:22:09 UTC 2026,1785352929,0,0.56
Wed Jul 29 19:22:27 UTC 2026,1785352947,0,0.29
Wed Jul 29 19:22:33 UTC 2026,1785352953,0,0.41
Wed Jul 29 19:24:07 UTC 2026,1785353047,0,0.35
Wed Jul 29 19:24:21 UTC 2026,1785353061,0,0.43
Wed Jul 29 19:26:36 UTC 2026,1785353196,0,0.31
Wed Jul 29 19:27:41 UTC 2026,1785353261,0,0.3
Wed Jul 29 19:28:30 UTC 2026,1785353310,0,0.43
Wed Jul 29 19:29:02 UTC 2026,1785353342,0,0.29
Wed Jul 29 19:29:15 UTC 2026,1785353355,0,0.51
Wed Jul 29 19:31:31 UTC 2026,1785353491,0,0.25
Wed Jul 29 19:31:54 UTC 2026,1785353514,0,0.42
Wed Jul 29 19:32:44 UTC 2026,1785353564,0,0.33
Wed Jul 29 19:32:48 UTC 2026,1785353568,0,0.4
Wed Jul 29 19:33:52 UTC 2026,1785353632,0,0.32
Wed Jul 29 19:34:19 UTC 2026,1785353659,0,0.49
Wed Jul 29 19:35:59 UTC 2026,1785353759,0,0.34
Wed Jul 29 19:37:01 UTC 2026,1785353821,0,0.43
Wed Jul 29 19:37:56 UTC 2026,1785353876,0,0.29
Wed Jul 29 19:39:36 UTC 2026,1785353976,0,0.42
Wed Jul 29 19:40:12 UTC 2026,1785354012,0,0.33
Wed Jul 29 19:41:10 UTC 2026,1785354070,0,0.43
Wed Jul 29 19:41:38 UTC 2026,1785354098,0,0.33
Wed Jul 29 19:42:42 UTC 2026,1785354162,0,0.34
Wed Jul 29 19:43:37 UTC 2026,1785354217,0,0.43
Wed Jul 29 19:44:04 UTC 2026,1785354244,0,0.32
Wed Jul 29 19:45:07 UTC 2026,1785354307,0,0.43
Wed Jul 29 19:46:24 UTC 2026,1785354384,0,0.32
Wed Jul 29 19:46:56 UTC 2026,1785354416,0,0.43
Wed Jul 29 19:48:22 UTC 2026,1785354502,0,0.34
Wed Jul 29 19:48:31 UTC 2026,1785354511,0,0.42
Wed Jul 29 19:49:43 UTC 2026,1785354583,0,0.46
Wed Jul 29 19:49:53 UTC 2026,1785354593,0,0.31
Wed Jul 29 19:50:43 UTC 2026,1785354643,0,0.41
Wed Jul 29 19:51:10 UTC 2026,1785354670,0,0.35
Wed Jul 29 19:52:45 UTC 2026,1785354765,0,0.34
Wed Jul 29 19:53:17 UTC 2026,1785354797,0,0.41
Wed Jul 29 19:54:02 UTC 2026,1785354842,0,0.4
Wed Jul 29 19:55:01 UTC 2026,1785354901,0,0.35
Wed Jul 29 19:55:56 UTC 2026,1785354956,0,0.32
Wed Jul 29 19:56:45 UTC 2026,1785355005,0,0.41
Wed Jul 29 19:57:30 UTC 2026,1785355050,0,0.42
Wed Jul 29 19:57:58 UTC 2026,1785355078,0,0.32
Wed Jul 29 19:59:28 UTC 2026,1785355168,0,0.34
Wed Jul 29 19:59:38 UTC 2026,1785355178,0,0.43
Wed Jul 29 20:00:14 UTC 2026,1785355214,0,0.42
Wed Jul 29 20:00:18 UTC 2026,1785355218,0,0.36
Wed Jul 29 20:00:27 UTC 2026,1785355227,0,0.37
Wed Jul 29 20:00:31 UTC 2026,1785355231,0,0.4
Wed Jul 29 20:00:55 UTC 2026,1785355255,0,0.33
Wed Jul 29 20:00:59 UTC 2026,1785355259,0,0.41
Wed Jul 29 20:02:35 UTC 2026,1785355355,0,0.43
Wed Jul 29 20:02:53 UTC 2026,1785355373,0,0.34
Wed Jul 29 20:03:51 UTC 2026,1785355431,0,0.42
Wed Jul 29 20:04:10 UTC 2026,1785355450,0,0.32
Wed Jul 29 20:05:08 UTC 2026,1785355508,0,0.36
Wed Jul 29 20:06:44 UTC 2026,1785355604,0,0.47
Wed Jul 29 20:07:06 UTC 2026,1785355626,0,0.41
Wed Jul 29 20:07:20 UTC 2026,1785355640,0,0.36
Wed Jul 29 20:09:59 UTC 2026,1785355799,0,0.43
Wed Jul 29 20:10:03 UTC 2026,1785355803,0,0.32
Wed Jul 29 20:10:57 UTC 2026,1785355857,0,0.45
Wed Jul 29 20:12:14 UTC 2026,1785355934,0,0.41
Wed Jul 29 20:12:46 UTC 2026,1785355966,0,0.33
Wed Jul 29 20:13:55 UTC 2026,1785356035,0,0.3
Wed Jul 29 20:14:49 UTC 2026,1785356089,0,0.41
Wed Jul 29 20:15:38 UTC 2026,1785356138,0,0.33
Wed Jul 29 20:15:43 UTC 2026,1785356143,0,0.43
Wed Jul 29 20:16:42 UTC 2026,1785356202,0,0.34
Wed Jul 29 20:16:55 UTC 2026,1785356215,0,0.41
Wed Jul 29 20:18:39 UTC 2026,1785356319,0,0.42
Wed Jul 29 20:19:25 UTC 2026,1785356365,0,0.34
Wed Jul 29 20:20:55 UTC 2026,1785356455,0,0.45
Wed Jul 29 20:21:21 UTC 2026,1785356481,0,0.34
Wed Jul 29 20:21:50 UTC 2026,1785356510,0,0.43
Wed Jul 29 20:23:24 UTC 2026,1785356604,0,0.35
Wed Jul 29 20:24:19 UTC 2026,1785356659,0,0.43
Wed Jul 29 20:25:09 UTC 2026,1785356709,0,0.41
Wed Jul 29 20:26:16 UTC 2026,1785356776,0,0.33
Wed Jul 29 20:27:48 UTC 2026,1785356868,0,0.35
Wed Jul 29 20:28:05 UTC 2026,1785356885,0,0.42
Wed Jul 29 20:28:51 UTC 2026,1785356931,0,0.29
Wed Jul 29 20:29:23 UTC 2026,1785356963,0,0.42
Wed Jul 29 20:30:04 UTC 2026,1785357004,0,0.33
Wed Jul 29 20:31:06 UTC 2026,1785357066,0,0.45
Wed Jul 29 20:31:30 UTC 2026,1785357090,0,0.27
Wed Jul 29 20:32:51 UTC 2026,1785357171,0,0.45
Wed Jul 29 20:34:18 UTC 2026,1785357258,0,0.27
Wed Jul 29 20:34:31 UTC 2026,1785357271,0,0.43
Wed Jul 29 20:35:30 UTC 2026,1785357330,0,0.35
Wed Jul 29 20:36:20 UTC 2026,1785357380,0,0.44
Wed Jul 29 20:36:29 UTC 2026,1785357389,0,0.3
Wed Jul 29 20:37:33 UTC 2026,1785357453,0,0.45
Wed Jul 29 20:38:10 UTC 2026,1785357490,0,0.42
Wed Jul 29 20:38:18 UTC 2026,1785357498,0,0.31
Wed Jul 29 20:40:06 UTC 2026,1785357606,0,0.42
Wed Jul 29 20:40:12 UTC 2026,1785357612,0,0.26
Wed Jul 29 20:41:24 UTC 2026,1785357684,0,0.3
Wed Jul 29 20:42:19 UTC 2026,1785357739,0,0.47
Wed Jul 29 20:43:08 UTC 2026,1785357788,0,0.34
Wed Jul 29 20:44:07 UTC 2026,1785357847,0,0.45
Wed Jul 29 20:45:37 UTC 2026,1785357937,0,0.33
Wed Jul 29 20:45:41 UTC 2026,1785357941,0,0.44
Wed Jul 29 20:47:17 UTC 2026,1785358037,0,0.34
Wed Jul 29 20:47:22 UTC 2026,1785358042,0,0.43
Wed Jul 29 20:48:29 UTC 2026,1785358109,0,0.44
Wed Jul 29 20:48:39 UTC 2026,1785358119,0,0.35
Wed Jul 29 20:50:14 UTC 2026,1785358214,0,0.32
Wed Jul 29 20:50:41 UTC 2026,1785358241,0,0.42
Wed Jul 29 20:52:30 UTC 2026,1785358350,0,0.33
Wed Jul 29 20:52:38 UTC 2026,1785358358,0,0.44
Wed Jul 29 20:54:00 UTC 2026,1785358440,0,0.43
Wed Jul 29 20:54:14 UTC 2026,1785358454,0,0.35
Wed Jul 29 20:54:36 UTC 2026,1785358476,0,0.45
Wed Jul 29 20:54:54 UTC 2026,1785358494,0,0.35
Wed Jul 29 20:56:43 UTC 2026,1785358603,0,0.43
Wed Jul 29 20:57:24 UTC 2026,1785358644,0,0.35
Wed Jul 29 20:59:04 UTC 2026,1785358744,0,0.44
Wed Jul 29 21:00:12 UTC 2026,1785358812,0,0.43
Wed Jul 29 21:00:52 UTC 2026,1785358852,0,0.34
Wed Jul 29 21:01:16 UTC 2026,1785358876,0,0.41
Wed Jul 29 21:01:56 UTC 2026,1785358916,0,0.34
Wed Jul 29 21:03:04 UTC 2026,1785358984,0,0.35
Wed Jul 29 21:04:12 UTC 2026,1785359052,0,0.42
Wed Jul 29 21:04:39 UTC 2026,1785359079,0,0.44
Wed Jul 29 21:04:53 UTC 2026,1785359093,0,0.34
Wed Jul 29 21:06:23 UTC 2026,1785359183,0,0.42
Wed Jul 29 21:06:33 UTC 2026,1785359193,0,0.34
Wed Jul 29 21:08:00 UTC 2026,1785359280,0,0.43
Wed Jul 29 21:08:17 UTC 2026,1785359297,0,0.34
Wed Jul 29 21:09:29 UTC 2026,1785359369,0,0.36
Wed Jul 29 21:09:38 UTC 2026,1785359378,0,0.42
Wed Jul 29 21:11:41 UTC 2026,1785359501,0,0.34
Wed Jul 29 21:11:55 UTC 2026,1785359515,0,0.41
Wed Jul 29 21:13:03 UTC 2026,1785359583,0,0.36
Wed Jul 29 21:13:20 UTC 2026,1785359600,0,0.41
Wed Jul 29 21:14:28 UTC 2026,1785359668,0,0.39
Wed Jul 29 21:15:37 UTC 2026,1785359737,0,0.34
Wed Jul 29 21:16:26 UTC 2026,1785359786,0,0.41
Wed Jul 29 21:17:20 UTC 2026,1785359840,0,0.34
Wed Jul 29 21:17:48 UTC 2026,1785359868,0,0.42
Wed Jul 29 21:18:10 UTC 2026,1785359890,0,0.36
Wed Jul 29 21:19:23 UTC 2026,1785359963,0,0.41
Wed Jul 29 21:20:31 UTC 2026,1785360031,0,0.35
Wed Jul 29 21:22:33 UTC 2026,1785360153,0,0.43
Wed Jul 29 21:22:47 UTC 2026,1785360167,0,0.4
Wed Jul 29 21:23:37 UTC 2026,1785360217,0,0.33
Wed Jul 29 21:24:45 UTC 2026,1785360285,0,0.35
Wed Jul 29 21:25:07 UTC 2026,1785360307,0,0.41
Wed Jul 29 21:27:06 UTC 2026,1785360426,0,0.31
Wed Jul 29 21:27:11 UTC 2026,1785360431,0,0.41
Wed Jul 29 21:27:51 UTC 2026,1785360471,0,0.4
Wed Jul 29 21:28:54 UTC 2026,1785360534,0,0.34
Wed Jul 29 21:29:31 UTC 2026,1785360571,0,0.4
Wed Jul 29 21:29:40 UTC 2026,1785360580,0,0.34
Wed Jul 29 21:31:15 UTC 2026,1785360675,0,0.35
Wed Jul 29 21:31:52 UTC 2026,1785360712,0,0.4
Wed Jul 29 21:33:09 UTC 2026,1785360789,0,0.33
Wed Jul 29 21:33:53 UTC 2026,1785360833,0,0.41
Wed Jul 29 21:34:21 UTC 2026,1785360861,0,0.34
Wed Jul 29 21:35:20 UTC 2026,1785360920,0,0.4
Wed Jul 29 21:36:05 UTC 2026,1785360965,0,0.33
Wed Jul 29 21:36:24 UTC 2026,1785360984,0,0.39
Wed Jul 29 21:38:58 UTC 2026,1785361138,0,0.33
Wed Jul 29 21:39:06 UTC 2026,1785361146,0,0.4
Wed Jul 29 21:39:30 UTC 2026,1785361170,0,0.34
Wed Jul 29 21:39:53 UTC 2026,1785361193,0,0.4
Wed Jul 29 21:41:04 UTC 2026,1785361264,0,0.34
Wed Jul 29 21:41:36 UTC 2026,1785361296,0,0.41
Wed Jul 29 21:42:27 UTC 2026,1785361347,0,0.39
Wed Jul 29 21:44:02 UTC 2026,1785361442,0,0.29
Wed Jul 29 21:44:29 UTC 2026,1785361469,0,0.39
Wed Jul 29 21:44:43 UTC 2026,1785361483,0,0.32
Wed Jul 29 21:45:58 UTC 2026,1785361558,0,0.42
Wed Jul 29 21:48:01 UTC 2026,1785361681,0,0.4
Wed Jul 29 21:48:38 UTC 2026,1785361718,0,0.33
Wed Jul 29 21:49:23 UTC 2026,1785361763,0,0.32
Wed Jul 29 21:50:27 UTC 2026,1785361827,0,0.39
Wed Jul 29 21:51:26 UTC 2026,1785361886,0,0.4
Wed Jul 29 21:51:57 UTC 2026,1785361917,0,0.34
Wed Jul 29 21:52:21 UTC 2026,1785361941,0,0.41
Wed Jul 29 21:52:51 UTC 2026,1785361971,0,0.34
Wed Jul 29 21:54:22 UTC 2026,1785362062,0,0.33
Wed Jul 29 21:54:32 UTC 2026,1785362072,0,0.4
Wed Jul 29 21:55:43 UTC 2026,1785362143,0,0.35
Wed Jul 29 21:56:38 UTC 2026,1785362198,0,0.39
Wed Jul 29 21:57:56 UTC 2026,1785362276,0,0.33
Wed Jul 29 21:58:04 UTC 2026,1785362284,0,0.4
Wed Jul 29 21:59:12 UTC 2026,1785362352,0,0.33
Wed Jul 29 22:00:56 UTC 2026,1785362456,0,0.34
Wed Jul 29 22:01:00 UTC 2026,1785362460,0,0.4
Wed Jul 29 22:02:19 UTC 2026,1785362539,0,0.32
Wed Jul 29 22:03:35 UTC 2026,1785362615,0,0.37
Wed Jul 29 22:04:12 UTC 2026,1785362652,0,0.34
Wed Jul 29 22:04:52 UTC 2026,1785362692,0,0.4
Wed Jul 29 22:06:19 UTC 2026,1785362779,0,0.41
Wed Jul 29 22:06:23 UTC 2026,1785362783,0,0.34
Wed Jul 29 22:08:17 UTC 2026,1785362897,0,0.4
Wed Jul 29 22:08:30 UTC 2026,1785362910,0,0.34
Wed Jul 29 22:08:57 UTC 2026,1785362937,0,0.33
Wed Jul 29 22:09:47 UTC 2026,1785362987,0,0.41
Wed Jul 29 22:10:41 UTC 2026,1785363041,0,0.34
Wed Jul 29 22:11:49 UTC 2026,1785363109,0,0.42
Wed Jul 29 22:12:12 UTC 2026,1785363132,0,0.41
Wed Jul 29 22:12:26 UTC 2026,1785363146,0,0.35
Wed Jul 29 22:14:06 UTC 2026,1785363246,0,0.41
Wed Jul 29 22:14:41 UTC 2026,1785363281,0,0.34
Wed Jul 29 22:16:39 UTC 2026,1785363399,0,0.45
Wed Jul 29 22:18:23 UTC 2026,1785363503,0,0.43
Wed Jul 29 22:18:42 UTC 2026,1785363522,0,0.34
Wed Jul 29 22:19:00 UTC 2026,1785363540,0,0.46
Wed Jul 29 22:19:31 UTC 2026,1785363571,0,0.35
Wed Jul 29 22:21:07 UTC 2026,1785363667,0,0.29
Wed Jul 29 22:22:01 UTC 2026,1785363721,0,0.5
Wed Jul 29 22:22:32 UTC 2026,1785363752,0,0.31
Wed Jul 29 22:23:32 UTC 2026,1785363812,0,0.43
Wed Jul 29 22:23:54 UTC 2026,1785363834,0,0.36
Wed Jul 29 22:24:13 UTC 2026,1785363853,0,0.45
Wed Jul 29 22:25:48 UTC 2026,1785363948,0,0.41
Wed Jul 29 22:26:33 UTC 2026,1785363993,0,0.34
Wed Jul 29 22:27:14 UTC 2026,1785364034,0,0.33
Wed Jul 29 22:27:35 UTC 2026,1785364055,0,0.43
Wed Jul 29 22:28:40 UTC 2026,1785364120,0,0.35
Wed Jul 29 22:29:57 UTC 2026,1785364197,0,0.41
Wed Jul 29 22:30:29 UTC 2026,1785364229,0,0.42
Wed Jul 29 22:30:43 UTC 2026,1785364243,0,0.34
Wed Jul 29 22:32:30 UTC 2026,1785364350,0,0.35
Wed Jul 29 22:32:50 UTC 2026,1785364370,0,0.47
Wed Jul 29 22:35:00 UTC 2026,1785364500,0,0.34
Wed Jul 29 22:35:09 UTC 2026,1785364509,0,0.43
Wed Jul 29 22:36:08 UTC 2026,1785364568,0,0.28
Wed Jul 29 22:36:22 UTC 2026,1785364582,0,0.42
Wed Jul 29 22:37:03 UTC 2026,1785364623,0,0.43
Wed Jul 29 22:37:43 UTC 2026,1785364663,0,0.32
Wed Jul 29 22:38:33 UTC 2026,1785364713,0,0.3
Wed Jul 29 22:39:59 UTC 2026,1785364799,0,0.41
Wed Jul 29 22:40:14 UTC 2026,1785364814,0,0.43
Wed Jul 29 22:40:55 UTC 2026,1785364855,0,0.34
Wed Jul 29 22:42:29 UTC 2026,1785364949,0,0.42
Wed Jul 29 22:43:23 UTC 2026,1785365003,0,0.34
Wed Jul 29 22:43:38 UTC 2026,1785365018,0,0.42
Wed Jul 29 22:45:04 UTC 2026,1785365104,0,0.32
Wed Jul 29 22:45:22 UTC 2026,1785365122,0,0.34
Wed Jul 29 22:46:47 UTC 2026,1785365207,0,0.41
Wed Jul 29 22:48:00 UTC 2026,1785365280,0,0.34
Wed Jul 29 22:48:23 UTC 2026,1785365303,0,0.42
Wed Jul 29 22:48:33 UTC 2026,1785365313,0,0.32
Wed Jul 29 22:49:31 UTC 2026,1785365371,0,0.42
Wed Jul 29 22:50:07 UTC 2026,1785365407,0,0.4
Wed Jul 29 22:50:48 UTC 2026,1785365448,0,0.29
Wed Jul 29 22:52:50 UTC 2026,1785365570,0,0.33
Wed Jul 29 22:53:13 UTC 2026,1785365593,0,0.43
Wed Jul 29 22:53:27 UTC 2026,1785365607,0,0.3
Wed Jul 29 22:54:21 UTC 2026,1785365661,0,0.42
Wed Jul 29 22:55:51 UTC 2026,1785365751,0,0.43
Wed Jul 29 22:56:14 UTC 2026,1785365774,0,0.27
Wed Jul 29 22:57:13 UTC 2026,1785365833,0,0.3
Wed Jul 29 22:58:02 UTC 2026,1785365882,0,0.42
Wed Jul 29 22:58:57 UTC 2026,1785365937,0,0.29
Wed Jul 29 22:59:33 UTC 2026,1785365973,0,0.42
Wed Jul 29 23:00:33 UTC 2026,1785366033,0,0.46
Wed Jul 29 23:00:41 UTC 2026,1785366041,0,0.31
Wed Jul 29 23:01:45 UTC 2026,1785366105,0,0.4
Wed Jul 29 23:02:22 UTC 2026,1785366142,0,0.32
Wed Jul 29 23:04:46 UTC 2026,1785366286,0,0.42
Wed Jul 29 23:06:25 UTC 2026,1785366385,0,0.32
Wed Jul 29 23:06:57 UTC 2026,1785366417,0,0.4
Wed Jul 29 23:07:21 UTC 2026,1785366441,0,0.32
Wed Jul 29 23:08:15 UTC 2026,1785366495,0,0.4
Wed Jul 29 23:09:40 UTC 2026,1785366580,0,0.3
Wed Jul 29 23:10:30 UTC 2026,1785366630,0,0.25
Wed Jul 29 23:10:54 UTC 2026,1785366654,0,0.44
Wed Jul 29 23:12:11 UTC 2026,1785366731,0,0.28
Wed Jul 29 23:12:52 UTC 2026,1785366772,0,0.44
Wed Jul 29 23:13:59 UTC 2026,1785366839,0,0.47
Wed Jul 29 23:14:13 UTC 2026,1785366853,0,0.21
Wed Jul 29 23:15:16 UTC 2026,1785366916,0,0.29
Wed Jul 29 23:15:39 UTC 2026,1785366939,0,0.45
Wed Jul 29 23:16:37 UTC 2026,1785366997,0,0.31
Wed Jul 29 23:17:27 UTC 2026,1785367047,0,0.41
Wed Jul 29 23:18:22 UTC 2026,1785367102,0,0.33
Wed Jul 29 23:19:34 UTC 2026,1785367174,0,0.43
Wed Jul 29 23:19:57 UTC 2026,1785367197,0,0.29
Wed Jul 29 23:20:33 UTC 2026,1785367233,0,0.4
Wed Jul 29 23:22:40 UTC 2026,1785367360,0,0.29
Wed Jul 29 23:23:26 UTC 2026,1785367406,0,0.33
Wed Jul 29 23:23:47 UTC 2026,1785367427,0,0.39
Wed Jul 29 23:24:47 UTC 2026,1785367487,0,0.33
Wed Jul 29 23:26:17 UTC 2026,1785367577,0,0.43
Wed Jul 29 23:26:41 UTC 2026,1785367601,0,0.41
Wed Jul 29 23:27:03 UTC 2026,1785367623,0,0.3
Wed Jul 29 23:28:52 UTC 2026,1785367732,0,0.33
Wed Jul 29 23:29:05 UTC 2026,1785367745,0,0.4
Wed Jul 29 23:29:50 UTC 2026,1785367790,0,0.39
Wed Jul 29 23:30:36 UTC 2026,1785367836,0,0.33
Wed Jul 29 23:32:02 UTC 2026,1785367922,0,0.4
Wed Jul 29 23:32:47 UTC 2026,1785367967,0,0.32
Wed Jul 29 23:33:14 UTC 2026,1785367994,0,0.3
Wed Jul 29 23:33:47 UTC 2026,1785368027,0,0.42
Wed Jul 29 23:35:04 UTC 2026,1785368104,0,0.4
Wed Jul 29 23:35:54 UTC 2026,1785368154,0,0.33
Wed Jul 29 23:37:23 UTC 2026,1785368243,0,0.41
Wed Jul 29 23:39:09 UTC 2026,1785368349,0,0.32
Wed Jul 29 23:39:44 UTC 2026,1785368384,0,0.38
Wed Jul 29 23:40:03 UTC 2026,1785368403,0,0.32
Wed Jul 29 23:41:28 UTC 2026,1785368488,0,0.37
Wed Jul 29 23:41:57 UTC 2026,1785368517,0,0.31
Wed Jul 29 23:42:59 UTC 2026,1785368579,0,0.4
Wed Jul 29 23:43:45 UTC 2026,1785368625,0,0.33
Wed Jul 29 23:44:34 UTC 2026,1785368674,0,0.32
Wed Jul 29 23:44:57 UTC 2026,1785368697,0,0.4
Wed Jul 29 23:46:24 UTC 2026,1785368784,0,0.34
Wed Jul 29 23:46:37 UTC 2026,1785368797,0,0.39
Wed Jul 29 23:48:43 UTC 2026,1785368923,0,0.38
Wed Jul 29 23:49:20 UTC 2026,1785368960,0,0.3
Wed Jul 29 23:49:39 UTC 2026,1785368979,0,0.36
Wed Jul 29 23:50:42 UTC 2026,1785369042,0,0.29
Wed Jul 29 23:51:14 UTC 2026,1785369074,0,0.39
Wed Jul 29 23:51:41 UTC 2026,1785369101,0,0.27
Wed Jul 29 23:53:48 UTC 2026,1785369228,0,0.31
Wed Jul 29 23:54:25 UTC 2026,1785369265,0,0.42
Wed Jul 29 23:54:38 UTC 2026,1785369278,0,0.28
Wed Jul 29 23:55:40 UTC 2026,1785369340,0,0.39
Wed Jul 29 23:56:21 UTC 2026,1785369381,0,0.4
Wed Jul 29 23:56:31 UTC 2026,1785369391,0,0.31
Wed Jul 29 23:57:58 UTC 2026,1785369478,0,0.4
Wed Jul 29 23:58:07 UTC 2026,1785369487,0,0.29
Wed Jul 29 23:59:41 UTC 2026,1785369581,0,0.3
Wed Jul 29 23:59:45 UTC 2026,1785369585,0,0.39
Thu Jul 30 00:02:16 UTC 2026,1785369736,0,0.4
Thu Jul 30 00:02:29 UTC 2026,1785369749,0,0.27
Thu Jul 30 00:03:05 UTC 2026,1785369785,0,0.47
Thu Jul 30 00:03:55 UTC 2026,1785369835,0,0.29
Thu Jul 30 00:04:26 UTC 2026,1785369866,0,0.41
Thu Jul 30 00:05:45 UTC 2026,1785369945,0,0.28
Thu Jul 30 00:07:37 UTC 2026,1785370057,0,0.41
Thu Jul 30 00:07:51 UTC 2026,1785370071,0,0.26
Thu Jul 30 00:08:08 UTC 2026,1785370088,0,0.38
Thu Jul 30 00:09:21 UTC 2026,1785370161,0,0.26
Thu Jul 30 00:10:56 UTC 2026,1785370256,0,0.43
Thu Jul 30 00:11:10 UTC 2026,1785370270,0,0.25
Thu Jul 30 00:12:13 UTC 2026,1785370333,0,0.4
Thu Jul 30 00:13:09 UTC 2026,1785370389,0,0.29
Thu Jul 30 00:13:13 UTC 2026,1785370393,0,0.39
Thu Jul 30 00:14:35 UTC 2026,1785370475,0,0.41
Thu Jul 30 00:15:42 UTC 2026,1785370542,0,0.28
Thu Jul 30 00:17:04 UTC 2026,1785370624,0,0.36
Thu Jul 30 00:17:13 UTC 2026,1785370633,0,0.26
Thu Jul 30 00:17:36 UTC 2026,1785370656,0,0.38
Thu Jul 30 00:18:48 UTC 2026,1785370728,0,0.21
Thu Jul 30 00:19:38 UTC 2026,1785370778,0,0.2
Thu Jul 30 00:20:47 UTC 2026,1785370847,0,0.36
Thu Jul 30 00:21:09 UTC 2026,1785370869,0,0.28
Thu Jul 30 00:21:58 UTC 2026,1785370918,0,0.39
Thu Jul 30 00:22:53 UTC 2026,1785370973,0,0.27
Thu Jul 30 00:23:02 UTC 2026,1785370982,0,0.39
Thu Jul 30 00:25:45 UTC 2026,1785371145,0,0.29
Thu Jul 30 00:26:53 UTC 2026,1785371213,0,0.25
Thu Jul 30 00:27:25 UTC 2026,1785371245,0,0.38
Thu Jul 30 00:27:33 UTC 2026,1785371253,0,0.25
Thu Jul 30 00:27:56 UTC 2026,1785371276,0,0.4
Thu Jul 30 00:29:27 UTC 2026,1785371367,0,0.24
Thu Jul 30 00:30:13 UTC 2026,1785371413,0,0.37
Thu Jul 30 00:31:12 UTC 2026,1785371472,0,0.39
Thu Jul 30 00:32:07 UTC 2026,1785371527,0,0.29
Thu Jul 30 00:33:01 UTC 2026,1785371581,0,0.27
Thu Jul 30 00:33:36 UTC 2026,1785371616,0,0.39
Thu Jul 30 00:34:04 UTC 2026,1785371644,0,0.25
Thu Jul 30 00:34:22 UTC 2026,1785371662,0,0.36
Thu Jul 30 00:36:43 UTC 2026,1785371803,0,0.29
Thu Jul 30 00:37:05 UTC 2026,1785371825,0,0.37
Thu Jul 30 00:37:45 UTC 2026,1785371865,0,0.36
Thu Jul 30 00:38:49 UTC 2026,1785371929,0,0.26
Thu Jul 30 00:40:12 UTC 2026,1785372012,0,0.24
Thu Jul 30 00:40:29 UTC 2026,1785372029,0,0.37
Thu Jul 30 00:41:01 UTC 2026,1785372061,0,0.25
Thu Jul 30 00:42:58 UTC 2026,1785372178,0,0.21
Thu Jul 30 00:43:12 UTC 2026,1785372192,0,0.35
Thu Jul 30 00:44:25 UTC 2026,1785372265,0,0.36
Thu Jul 30 00:44:56 UTC 2026,1785372296,0,0.16
Thu Jul 30 00:46:09 UTC 2026,1785372369,0,0.22
Thu Jul 30 00:46:36 UTC 2026,1785372396,0,0.36
Thu Jul 30 00:48:34 UTC 2026,1785372514,0,0.39
Thu Jul 30 00:48:47 UTC 2026,1785372527,0,0.24
Thu Jul 30 00:49:55 UTC 2026,1785372595,0,0.37
Thu Jul 30 00:51:03 UTC 2026,1785372663,0,0.23
Thu Jul 30 00:51:12 UTC 2026,1785372672,0,0.35
Thu Jul 30 00:52:16 UTC 2026,1785372736,0,0.37
Thu Jul 30 00:52:56 UTC 2026,1785372776,0,0.23
Thu Jul 30 00:54:09 UTC 2026,1785372849,0,0.34
Thu Jul 30 00:54:49 UTC 2026,1785372889,0,0.22
Thu Jul 30 00:55:44 UTC 2026,1785372944,0,0.25
Thu Jul 30 00:56:29 UTC 2026,1785372989,0,0.38
Thu Jul 30 00:57:19 UTC 2026,1785373039,0,0.36
Thu Jul 30 00:58:14 UTC 2026,1785373094,0,0.24
Thu Jul 30 00:59:17 UTC 2026,1785373157,0,0.36
Thu Jul 30 00:59:45 UTC 2026,1785373185,0,0.23
Thu Jul 30 01:01:19 UTC 2026,1785373279,0,0.35
Thu Jul 30 01:01:43 UTC 2026,1785373303,0,0.21
Thu Jul 30 01:02:09 UTC 2026,1785373329,0,0.34
Thu Jul 30 01:03:05 UTC 2026,1785373385,0,0.18
Thu Jul 30 01:04:16 UTC 2026,1785373456,0,0.21
Thu Jul 30 01:04:35 UTC 2026,1785373475,0,0.42
Thu Jul 30 01:05:34 UTC 2026,1785373534,0,0.37
Thu Jul 30 01:05:56 UTC 2026,1785373556,0,0.24
Thu Jul 30 01:07:55 UTC 2026,1785373675,0,0.34
Thu Jul 30 01:07:59 UTC 2026,1785373679,0,0.24
Thu Jul 30 01:09:02 UTC 2026,1785373742,0,0.33
Thu Jul 30 01:10:01 UTC 2026,1785373801,0,0.2
Thu Jul 30 01:11:01 UTC 2026,1785373861,0,0.34
Thu Jul 30 01:12:35 UTC 2026,1785373955,0,0.19
Thu Jul 30 01:13:16 UTC 2026,1785373996,0,0.35
Thu Jul 30 01:13:53 UTC 2026,1785374033,0,0.19
Thu Jul 30 01:14:25 UTC 2026,1785374065,0,0.35
Thu Jul 30 01:16:55 UTC 2026,1785374215,0,0.09
Thu Jul 30 01:17:35 UTC 2026,1785374255,0,0.35
Thu Jul 30 01:17:40 UTC 2026,1785374260,0,0.15
Thu Jul 30 01:18:39 UTC 2026,1785374319,0,0.13
Thu Jul 30 01:18:48 UTC 2026,1785374328,0,0.36
Thu Jul 30 01:21:31 UTC 2026,1785374491,0,0.2
Thu Jul 30 01:21:45 UTC 2026,1785374505,0,0.37
Thu Jul 30 01:23:12 UTC 2026,1785374592,0,0.36
Thu Jul 30 01:23:25 UTC 2026,1785374605,0,0.18
Thu Jul 30 01:25:00 UTC 2026,1785374700,0,0.38
Thu Jul 30 01:25:08 UTC 2026,1785374708,0,0.12
Thu Jul 30 01:25:18 UTC 2026,1785374718,0,0.15
Thu Jul 30 01:26:04 UTC 2026,1785374764,0,0.31
Thu Jul 30 01:27:25 UTC 2026,1785374845,0,0.22
Thu Jul 30 01:28:23 UTC 2026,1785374903,0,0.37
Thu Jul 30 01:29:59 UTC 2026,1785374999,0,0.21
Thu Jul 30 01:30:22 UTC 2026,1785375022,0,0.22
Thu Jul 30 01:31:07 UTC 2026,1785375067,0,0.33
Thu Jul 30 01:32:46 UTC 2026,1785375166,0,0.25
Thu Jul 30 01:33:22 UTC 2026,1785375202,0,0.33
Thu Jul 30 01:33:51 UTC 2026,1785375231,0,0.34
Thu Jul 30 01:34:22 UTC 2026,1785375262,0,0.18
Thu Jul 30 01:35:07 UTC 2026,1785375307,0,0.14
Thu Jul 30 01:35:53 UTC 2026,1785375353,0,0.34
Thu Jul 30 01:37:05 UTC 2026,1785375425,0,0.2
Thu Jul 30 01:37:41 UTC 2026,1785375461,0,0.32
Thu Jul 30 01:38:58 UTC 2026,1785375538,0,0.18
Thu Jul 30 01:39:57 UTC 2026,1785375597,0,0.36
Thu Jul 30 01:40:06 UTC 2026,1785375606,0,0.32
Thu Jul 30 01:40:34 UTC 2026,1785375634,0,0.18
Thu Jul 30 01:41:46 UTC 2026,1785375706,0,0.36
Thu Jul 30 01:42:37 UTC 2026,1785375757,0,0.16
Thu Jul 30 01:43:31 UTC 2026,1785375811,0,0.28
Thu Jul 30 01:44:16 UTC 2026,1785375856,0,0.14
Thu Jul 30 01:45:11 UTC 2026,1785375911,0,0.38
Thu Jul 30 01:45:33 UTC 2026,1785375933,0,0.23
Thu Jul 30 01:47:04 UTC 2026,1785376024,0,0.4
Thu Jul 30 01:47:48 UTC 2026,1785376068,0,0.12
Thu Jul 30 01:48:25 UTC 2026,1785376105,0,0.1
Thu Jul 30 01:48:34 UTC 2026,1785376114,0,0.31
Thu Jul 30 01:50:05 UTC 2026,1785376205,0,0.32
Thu Jul 30 01:50:59 UTC 2026,1785376259,0,0.17
Thu Jul 30 01:51:40 UTC 2026,1785376300,0,0.39
Thu Jul 30 01:52:30 UTC 2026,1785376350,0,0.12
Thu Jul 30 01:53:16 UTC 2026,1785376396,0,0.11
Thu Jul 30 01:53:29 UTC 2026,1785376409,0,0.29
Thu Jul 30 01:55:04 UTC 2026,1785376504,0,0.1
Thu Jul 30 01:55:18 UTC 2026,1785376518,0,0.33
Thu Jul 30 01:56:44 UTC 2026,1785376604,0,0.39
Thu Jul 30 01:57:39 UTC 2026,1785376659,0,0.11
Thu Jul 30 01:59:27 UTC 2026,1785376767,0,0.34
Thu Jul 30 01:59:41 UTC 2026,1785376781,0,0.16
Thu Jul 30 02:00:12 UTC 2026,1785376812,0,0.08
Thu Jul 30 02:00:45 UTC 2026,1785376845,0,0.41
Thu Jul 30 02:01:43 UTC 2026,1785376903,0,0.3
Thu Jul 30 02:03:04 UTC 2026,1785376984,0,0.02
Thu Jul 30 02:03:13 UTC 2026,1785376993,0,0.11
Thu Jul 30 02:03:54 UTC 2026,1785377034,0,0.35
Thu Jul 30 02:05:11 UTC 2026,1785377111,0,0.32
Thu Jul 30 02:06:01 UTC 2026,1785377161,0,0.2
Thu Jul 30 02:07:05 UTC 2026,1785377225,0,0.15
Thu Jul 30 02:07:13 UTC 2026,1785377233,0,0.35
Thu Jul 30 02:08:27 UTC 2026,1785377307,0,0.31
Thu Jul 30 02:09:44 UTC 2026,1785377384,0,0.15
Thu Jul 30 02:09:57 UTC 2026,1785377397,0,0.3
Thu Jul 30 02:10:29 UTC 2026,1785377429,0,0.18
Thu Jul 30 02:12:55 UTC 2026,1785377575,0,0.15
Thu Jul 30 02:12:59 UTC 2026,1785377579,0,0.31
Thu Jul 30 02:13:09 UTC 2026,1785377589,0,0.11
Thu Jul 30 02:13:17 UTC 2026,1785377597,0,0.34
Thu Jul 30 02:14:43 UTC 2026,1785377683,0,0.28
Thu Jul 30 02:15:37 UTC 2026,1785377737,0,0.13
Thu Jul 30 02:17:12 UTC 2026,1785377832,0,0.07
Thu Jul 30 02:17:39 UTC 2026,1785377859,0,0.31
Thu Jul 30 02:19:10 UTC 2026,1785377950,0,0.08
Thu Jul 30 02:19:24 UTC 2026,1785377964,0,0.34
Thu Jul 30 02:19:56 UTC 2026,1785377996,0,0.12
Thu Jul 30 02:20:14 UTC 2026,1785378014,0,0.37
Thu Jul 30 02:21:40 UTC 2026,1785378100,0,0.36
Thu Jul 30 02:22:12 UTC 2026,1785378132,0,0.06
Thu Jul 30 02:23:42 UTC 2026,1785378222,0,0.37
Thu Jul 30 02:24:15 UTC 2026,1785378255,0,0.11
Thu Jul 30 02:24:55 UTC 2026,1785378295,0,0.2
Thu Jul 30 02:25:26 UTC 2026,1785378326,0,-0.1
Thu Jul 30 02:26:34 UTC 2026,1785378394,0,0.01
Thu Jul 30 02:27:15 UTC 2026,1785378435,0,0.23
Thu Jul 30 02:28:05 UTC 2026,1785378485,0,0.1
Thu Jul 30 02:29:18 UTC 2026,1785378558,0,0.27
Thu Jul 30 02:29:59 UTC 2026,1785378599,0,0.07
Thu Jul 30 02:30:07 UTC 2026,1785378607,0,0.34
Thu Jul 30 02:31:57 UTC 2026,1785378717,0,0.31
Thu Jul 30 02:32:42 UTC 2026,1785378762,0,0.04
Thu Jul 30 02:32:55 UTC 2026,1785378775,0,0.37
Thu Jul 30 02:34:03 UTC 2026,1785378843,0,0.07
Thu Jul 30 02:34:49 UTC 2026,1785378889,0,0.11
Thu Jul 30 02:35:30 UTC 2026,1785378930,0,0.31
Thu Jul 30 02:36:37 UTC 2026,1785378997,0,0.29
Thu Jul 30 02:37:45 UTC 2026,1785379065,0,0.12
Thu Jul 30 02:38:17 UTC 2026,1785379097,0,0.14
Thu Jul 30 02:39:07 UTC 2026,1785379147,0,0.3
Thu Jul 30 02:39:31 UTC 2026,1785379171,0,0.24
Thu Jul 30 02:39:44 UTC 2026,1785379184,0,0.08
Thu Jul 30 02:41:41 UTC 2026,1785379301,0,0.02
Thu Jul 30 02:41:50 UTC 2026,1785379310,0,0.25
Thu Jul 30 02:42:48 UTC 2026,1785379368,0,0.31
Thu Jul 30 02:44:11 UTC 2026,1785379451,0,0.1
Thu Jul 30 02:45:32 UTC 2026,1785379532,0,0.23
Thu Jul 30 02:46:13 UTC 2026,1785379573,0,0.13
Thu Jul 30 02:47:13 UTC 2026,1785379633,0,0.27
Thu Jul 30 02:48:34 UTC 2026,1785379714,0,0.03
Thu Jul 30 02:49:45 UTC 2026,1785379785,0,-0.02
Thu Jul 30 02:50:51 UTC 2026,1785379851,0,0.21
Thu Jul 30 02:51:08 UTC 2026,1785379868,0,0.25
Thu Jul 30 02:51:48 UTC 2026,1785379908,0,-0.09
Thu Jul 30 02:52:39 UTC 2026,1785379959,0,-0.11
Thu Jul 30 02:52:52 UTC 2026,1785379972,0,0.23
Thu Jul 30 02:54:32 UTC 2026,1785380072,0,0.05
Thu Jul 30 02:55:31 UTC 2026,1785380131,0,0.3
Thu Jul 30 02:56:02 UTC 2026,1785380162,0,0.22
Thu Jul 30 02:57:33 UTC 2026,1785380253,0,0.07
Thu Jul 30 02:57:46 UTC 2026,1785380266,0,0.06
Thu Jul 30 02:58:28 UTC 2026,1785380308,0,0.23
Thu Jul 30 03:00:25 UTC 2026,1785380425,0,0.03
Thu Jul 30 03:00:47 UTC 2026,1785380447,0,0.24
Thu Jul 30 03:00:57 UTC 2026,1785380457,0,0.05
Thu Jul 30 03:01:32 UTC 2026,1785380492,0,0.24
Thu Jul 30 03:02:55 UTC 2026,1785380575,0,0.1
Thu Jul 30 03:03:09 UTC 2026,1785380589,0,0.34
Thu Jul 30 03:04:16 UTC 2026,1785380656,0,0.25
Thu Jul 30 03:05:20 UTC 2026,1785380720,0,0.07
Thu Jul 30 03:06:47 UTC 2026,1785380807,0,0.0
Thu Jul 30 03:07:14 UTC 2026,1785380834,0,0.24
Thu Jul 30 03:07:31 UTC 2026,1785380851,0,0.22
Thu Jul 30 03:09:06 UTC 2026,1785380946,0,0.07
Thu Jul 30 03:09:47 UTC 2026,1785380987,0,-0.01
Thu Jul 30 03:10:23 UTC 2026,1785381023,0,0.2
Thu Jul 30 03:11:37 UTC 2026,1785381097,0,0.07
Thu Jul 30 03:12:04 UTC 2026,1785381124,0,0.22
Thu Jul 30 03:13:39 UTC 2026,1785381219,0,0.06
Thu Jul 30 03:14:05 UTC 2026,1785381245,0,0.24
Thu Jul 30 03:14:24 UTC 2026,1785381264,0,0.13
Thu Jul 30 03:14:42 UTC 2026,1785381282,0,0.27
Thu Jul 30 03:16:07 UTC 2026,1785381367,0,0.14
Thu Jul 30 03:16:21 UTC 2026,1785381381,0,0.28
Thu Jul 30 03:17:40 UTC 2026,1785381460,0,0.09
Thu Jul 30 03:17:44 UTC 2026,1785381464,0,0.28
Thu Jul 30 03:19:05 UTC 2026,1785381545,0,0.11
Thu Jul 30 03:19:32 UTC 2026,1785381572,0,0.25
Thu Jul 30 03:21:58 UTC 2026,1785381718,0,0.05
Thu Jul 30 03:22:34 UTC 2026,1785381754,0,0.07
Thu Jul 30 03:23:24 UTC 2026,1785381804,0,0.24
Thu Jul 30 03:24:13 UTC 2026,1785381853,0,0.23
Thu Jul 30 03:24:54 UTC 2026,1785381894,0,0.11
Thu Jul 30 03:25:45 UTC 2026,1785381945,0,0.28
Thu Jul 30 03:26:30 UTC 2026,1785381990,0,0.07
Thu Jul 30 03:28:01 UTC 2026,1785382081,0,-0.03
Thu Jul 30 03:28:50 UTC 2026,1785382130,0,0.22
Thu Jul 30 03:29:03 UTC 2026,1785382143,0,0.1
Thu Jul 30 03:30:12 UTC 2026,1785382212,0,0.28
Thu Jul 30 03:31:23 UTC 2026,1785382283,0,0.27
Thu Jul 30 03:31:38 UTC 2026,1785382298,0,0.15
Thu Jul 30 03:32:37 UTC 2026,1785382357,0,0.13
Thu Jul 30 03:33:31 UTC 2026,1785382411,0,0.27
Thu Jul 30 03:34:17 UTC 2026,1785382457,0,0.26
Thu Jul 30 03:34:52 UTC 2026,1785382492,0,0.14
Thu Jul 30 03:36:19 UTC 2026,1785382579,0,0.09
Thu Jul 30 03:36:46 UTC 2026,1785382606,0,0.28
Thu Jul 30 03:38:40 UTC 2026,1785382720,0,0.26
Thu Jul 30 03:38:44 UTC 2026,1785382724,0,0.07
Thu Jul 30 03:39:56 UTC 2026,1785382796,0,0.24
Thu Jul 30 03:40:33 UTC 2026,1785382833,0,0.15
Thu Jul 30 03:41:28 UTC 2026,1785382888,0,-0.06
Thu Jul 30 03:42:49 UTC 2026,1785382969,0,0.27
Thu Jul 30 03:44:19 UTC 2026,1785383059,0,-0.03
Thu Jul 30 03:44:56 UTC 2026,1785383096,0,0.21
Thu Jul 30 03:46:09 UTC 2026,1785383169,0,-0.01
Thu Jul 30 03:47:07 UTC 2026,1785383227,0,0.07
Thu Jul 30 03:48:15 UTC 2026,1785383295,0,0.25
Thu Jul 30 03:49:14 UTC 2026,1785383354,0,0.29
Thu Jul 30 03:50:14 UTC 2026,1785383414,0,0.09
Thu Jul 30 03:51:03 UTC 2026,1785383463,0,0.02
Thu Jul 30 03:51:25 UTC 2026,1785383485,0,0.25
Thu Jul 30 03:53:10 UTC 2026,1785383590,0,0.24
Thu Jul 30 03:53:19 UTC 2026,1785383599,0,0.08
Thu Jul 30 03:53:50 UTC 2026,1785383630,0,0.23
Thu Jul 30 03:54:27 UTC 2026,1785383667,0,0.07
Thu Jul 30 03:55:44 UTC 2026,1785383744,0,0.13
Thu Jul 30 03:56:47 UTC 2026,1785383807,0,0.25
Thu Jul 30 03:57:37 UTC 2026,1785383857,0,0.26
Thu Jul 30 03:58:22 UTC 2026,1785383902,0,0.11
Thu Jul 30 03:58:40 UTC 2026,1785383920,0,0.27
Thu Jul 30 03:59:21 UTC 2026,1785383961,0,0.09
Thu Jul 30 04:00:43 UTC 2026,1785384043,0,0.26
Thu Jul 30 04:01:41 UTC 2026,1785384101,0,-0.01
Thu Jul 30 04:02:14 UTC 2026,1785384134,0,0.08
Thu Jul 30 04:02:35 UTC 2026,1785384155,0,0.26
Thu Jul 30 04:04:21 UTC 2026,1785384261,0,0.1
Thu Jul 30 04:04:38 UTC 2026,1785384278,0,0.25
Thu Jul 30 04:06:18 UTC 2026,1785384378,0,0.24
Thu Jul 30 04:06:36 UTC 2026,1785384396,0,0.15
Thu Jul 30 04:07:17 UTC 2026,1785384437,0,0.12
Thu Jul 30 04:08:03 UTC 2026,1785384483,0,0.24
Thu Jul 30 04:08:43 UTC 2026,1785384523,0,0.11
Thu Jul 30 04:08:47 UTC 2026,1785384527,0,0.22
Thu Jul 30 04:10:19 UTC 2026,1785384619,0,0.15
Thu Jul 30 04:10:27 UTC 2026,1785384627,0,0.22
Thu Jul 30 04:12:40 UTC 2026,1785384760,0,0.13
Thu Jul 30 04:12:44 UTC 2026,1785384764,0,0.25
Thu Jul 30 04:13:52 UTC 2026,1785384832,0,0.24
Thu Jul 30 04:14:32 UTC 2026,1785384872,0,0.13
Thu Jul 30 04:15:31 UTC 2026,1785384931,0,0.23
Thu Jul 30 04:15:55 UTC 2026,1785384955,0,0.12
Thu Jul 30 04:16:49 UTC 2026,1785385009,0,0.26
Thu Jul 30 04:18:14 UTC 2026,1785385094,0,0.13
Thu Jul 30 04:18:46 UTC 2026,1785385126,0,0.14
Thu Jul 30 04:18:55 UTC 2026,1785385135,0,0.25
Thu Jul 30 04:21:02 UTC 2026,1785385262,0,0.13
Thu Jul 30 04:21:15 UTC 2026,1785385275,0,0.25
Thu Jul 30 04:21:56 UTC 2026,1785385316,0,0.32
Thu Jul 30 04:22:14 UTC 2026,1785385334,0,0.05
Thu Jul 30 04:24:44 UTC 2026,1785385484,0,0.14
Thu Jul 30 04:24:54 UTC 2026,1785385494,0,0.25
Thu Jul 30 04:25:25 UTC 2026,1785385525,0,0.06
Thu Jul 30 04:25:48 UTC 2026,1785385548,0,0.33
Thu Jul 30 04:27:09 UTC 2026,1785385629,0,0.28
Thu Jul 30 04:27:19 UTC 2026,1785385639,0,0.13
Thu Jul 30 04:28:53 UTC 2026,1785385733,0,0.25
Thu Jul 30 04:29:25 UTC 2026,1785385765,0,0.16
Thu Jul 30 04:30:28 UTC 2026,1785385828,0,0.26
Thu Jul 30 04:31:19 UTC 2026,1785385879,0,0.12
Thu Jul 30 04:31:59 UTC 2026,1785385919,0,0.14
Thu Jul 30 04:32:45 UTC 2026,1785385965,0,0.25
Thu Jul 30 04:33:47 UTC 2026,1785386027,0,0.16
Thu Jul 30 04:35:28 UTC 2026,1785386128,0,0.25
Thu Jul 30 04:35:37 UTC 2026,1785386137,0,0.13
Thu Jul 30 04:36:54 UTC 2026,1785386214,0,0.23
Thu Jul 30 04:38:10 UTC 2026,1785386290,0,0.14
Thu Jul 30 04:38:20 UTC 2026,1785386300,0,0.15
Thu Jul 30 04:39:37 UTC 2026,1785386377,0,0.25
Thu Jul 30 04:39:59 UTC 2026,1785386399,0,0.23
Thu Jul 30 04:40:18 UTC 2026,1785386418,0,0.08
Thu Jul 30 04:41:35 UTC 2026,1785386495,0,0.15
Thu Jul 30 04:41:48 UTC 2026,1785386508,0,0.23
Thu Jul 30 04:44:00 UTC 2026,1785386640,0,0.28
Thu Jul 30 04:44:05 UTC 2026,1785386645,0,0.14
Thu Jul 30 04:45:08 UTC 2026,1785386708,0,0.15
Thu Jul 30 04:46:02 UTC 2026,1785386762,0,0.26
Thu Jul 30 04:46:30 UTC 2026,1785386790,0,0.14
Thu Jul 30 04:47:01 UTC 2026,1785386821,0,0.24
Thu Jul 30 04:48:18 UTC 2026,1785386898,0,0.16
Thu Jul 30 04:49:03 UTC 2026,1785386943,0,0.25
Thu Jul 30 04:50:25 UTC 2026,1785387025,0,0.14
Thu Jul 30 04:51:02 UTC 2026,1785387062,0,0.23
Thu Jul 30 04:52:10 UTC 2026,1785387130,0,0.16
Thu Jul 30 04:52:23 UTC 2026,1785387143,0,0.21
Thu Jul 30 04:53:44 UTC 2026,1785387224,0,0.22
Thu Jul 30 04:54:30 UTC 2026,1785387270,0,0.15
Thu Jul 30 04:54:48 UTC 2026,1785387288,0,0.22
Thu Jul 30 04:54:58 UTC 2026,1785387298,0,0.16
Thu Jul 30 04:56:32 UTC 2026,1785387392,0,0.22
Thu Jul 30 04:57:17 UTC 2026,1785387437,0,0.16
Thu Jul 30 04:58:21 UTC 2026,1785387501,0,0.08
Thu Jul 30 04:59:02 UTC 2026,1785387542,0,0.24
Thu Jul 30 04:59:42 UTC 2026,1785387582,0,0.13
Thu Jul 30 05:00:19 UTC 2026,1785387619,0,0.24
Thu Jul 30 05:02:49 UTC 2026,1785387769,0,0.14
Thu Jul 30 05:03:11 UTC 2026,1785387791,0,0.15
Thu Jul 30 05:03:34 UTC 2026,1785387814,0,0.24
Thu Jul 30 05:04:46 UTC 2026,1785387886,0,0.21
Thu Jul 30 05:05:55 UTC 2026,1785387955,0,0.12
Thu Jul 30 05:06:32 UTC 2026,1785387992,0,0.2
Thu Jul 30 05:06:40 UTC 2026,1785388000,0,0.11
Thu Jul 30 05:08:34 UTC 2026,1785388114,0,0.13
Thu Jul 30 05:08:51 UTC 2026,1785388131,0,0.28
Thu Jul 30 05:09:41 UTC 2026,1785388181,0,0.07
Thu Jul 30 05:09:46 UTC 2026,1785388186,0,0.24
Thu Jul 30 05:11:39 UTC 2026,1785388299,0,0.21
Thu Jul 30 05:12:10 UTC 2026,1785388330,0,0.13
Thu Jul 30 05:13:46 UTC 2026,1785388426,0,0.22
Thu Jul 30 05:14:50 UTC 2026,1785388490,0,0.25
Thu Jul 30 05:15:57 UTC 2026,1785388557,0,0.14
Thu Jul 30 05:17:24 UTC 2026,1785388644,0,0.21
Thu Jul 30 05:17:28 UTC 2026,1785388648,0,0.06
Thu Jul 30 05:18:13 UTC 2026,1785388693,0,0.14
Thu Jul 30 05:19:21 UTC 2026,1785388761,0,0.25
Thu Jul 30 05:20:06 UTC 2026,1785388806,0,0.13
Thu Jul 30 05:20:15 UTC 2026,1785388815,0,0.25
Thu Jul 30 05:21:11 UTC 2026,1785388871,0,0.21
Thu Jul 30 05:22:36 UTC 2026,1785388956,0,0.15
Thu Jul 30 05:22:58 UTC 2026,1785388978,0,0.2
Thu Jul 30 05:23:02 UTC 2026,1785388982,0,0.15
Thu Jul 30 05:24:38 UTC 2026,1785389078,0,0.22
Thu Jul 30 05:25:05 UTC 2026,1785389105,0,0.12
Thu Jul 30 05:26:31 UTC 2026,1785389191,0,0.09
Thu Jul 30 05:27:31 UTC 2026,1785389251,0,0.24
Thu Jul 30 05:28:02 UTC 2026,1785389282,0,0.12
Thu Jul 30 05:28:29 UTC 2026,1785389309,0,0.23
Thu Jul 30 05:29:33 UTC 2026,1785389373,0,0.18
Thu Jul 30 05:31:00 UTC 2026,1785389460,0,0.11
Thu Jul 30 05:31:08 UTC 2026,1785389468,0,0.22
Thu Jul 30 05:31:27 UTC 2026,1785389487,0,0.13
Thu Jul 30 05:33:02 UTC 2026,1785389582,0,0.22
Thu Jul 30 05:34:36 UTC 2026,1785389676,0,0.0
Thu Jul 30 05:35:30 UTC 2026,1785389730,0,0.22
Thu Jul 30 05:36:07 UTC 2026,1785389767,0,0.23
Thu Jul 30 05:37:29 UTC 2026,1785389849,0,0.11
Thu Jul 30 05:38:41 UTC 2026,1785389921,0,0.09
Thu Jul 30 05:38:46 UTC 2026,1785389926,0,0.23
Thu Jul 30 05:40:03 UTC 2026,1785390003,0,0.13
Thu Jul 30 05:40:31 UTC 2026,1785390031,0,0.24
Thu Jul 30 05:41:42 UTC 2026,1785390102,0,0.23
Thu Jul 30 05:41:56 UTC 2026,1785390116,0,0.13
Thu Jul 30 05:42:54 UTC 2026,1785390174,0,0.2
Thu Jul 30 05:44:04 UTC 2026,1785390244,0,0.13
Thu Jul 30 05:44:26 UTC 2026,1785390266,0,0.12
Thu Jul 30 05:45:29 UTC 2026,1785390329,0,0.19
Thu Jul 30 05:46:10 UTC 2026,1785390370,0,0.21
Thu Jul 30 05:47:00 UTC 2026,1785390420,0,0.12
Thu Jul 30 05:48:03 UTC 2026,1785390483,0,0.2
Thu Jul 30 05:49:03 UTC 2026,1785390543,0,0.1
Thu Jul 30 05:50:01 UTC 2026,1785390601,0,0.2
Thu Jul 30 05:50:15 UTC 2026,1785390615,0,0.12
Thu Jul 30 05:51:55 UTC 2026,1785390715,0,0.08
Thu Jul 30 05:52:04 UTC 2026,1785390724,0,0.19
Thu Jul 30 05:52:18 UTC 2026,1785390738,0,0.18
Thu Jul 30 05:52:18 UTC 2026,1785390738,729000,0.19
