obsTime,Signal drop
2026-07-21 08:53:15,-1.30
2026-07-21 08:53:18,-1.22
2026-07-21 08:53:22,-1.44
2026-07-21 08:54:29,-1.15
2026-07-21 08:55:38,-1.05
2026-07-21 08:55:56,-1.43
2026-07-21 08:57:04,-1.46
2026-07-21 08:57:09,-1.04
2026-07-21 08:59:06,-1.36
2026-07-21 08:59:17,-1.00
2026-07-21 08:59:52,-1.13
2026-07-21 09:00:46,-1.38
2026-07-21 09:02:04,-1.37
2026-07-21 09:02:55,-1.03
2026-07-21 09:03:17,-1.13
2026-07-21 09:04:07,-1.33
2026-07-21 09:05:06,-1.38
2026-07-21 09:05:37,-1.10
2026-07-21 09:07:04,-1.43
2026-07-21 09:07:10,-1.13
2026-07-21 09:08:25,-1.45
2026-07-21 09:08:45,-1.19
2026-07-21 09:10:01,-1.20
2026-07-21 09:10:10,-1.40
2026-07-21 09:11:28,-1.37
2026-07-21 09:12:22,-1.19
2026-07-21 09:13:31,-1.39
2026-07-21 09:14:30,-1.14
2026-07-21 09:14:49,-1.46
2026-07-21 09:15:56,-1.11
2026-07-21 09:16:15,-1.09
2026-07-21 09:16:37,-1.36
2026-07-21 09:18:59,-1.42
2026-07-21 09:19:17,-0.88
2026-07-21 09:20:34,-0.77
2026-07-21 09:20:38,-1.46
2026-07-21 09:22:17,-1.01
2026-07-21 09:23:44,-0.97
2026-07-21 09:23:58,-1.45
2026-07-21 09:25:42,-1.09
2026-07-21 09:26:05,-1.53
2026-07-21 09:26:52,-1.10
2026-07-21 09:27:37,-1.48
2026-07-21 09:28:08,-1.42
2026-07-21 09:29:15,-1.02
2026-07-21 09:30:34,-0.94
2026-07-21 09:30:53,-1.51
2026-07-21 09:31:47,-0.94
2026-07-21 09:32:23,-1.39
2026-07-21 09:33:04,-1.42
2026-07-21 09:33:36,-0.85
2026-07-21 09:34:44,-0.84
2026-07-21 09:35:33,-1.71
2026-07-21 09:36:42,-0.52
2026-07-21 09:37:05,-1.71
2026-07-21 09:37:42,-1.06
2026-07-21 09:38:00,-1.53
2026-07-21 09:40:48,-1.44
2026-07-21 09:40:52,-1.11
2026-07-21 09:40:57,-1.38
2026-07-21 09:41:19,-1.14
2026-07-21 09:43:18,-0.39
2026-07-21 09:43:49,-1.54
2026-07-21 09:45:07,-0.69
2026-07-21 09:45:48,-1.77
2026-07-21 09:46:11,-0.73
2026-07-21 09:47:19,-1.55
2026-07-21 09:47:37,-1.39
2026-07-21 09:48:27,-0.79
2026-07-21 09:49:36,-0.76
2026-07-21 09:49:50,-1.42
2026-07-21 09:51:15,-1.38
2026-07-21 09:51:33,-0.96
2026-07-21 09:53:23,-1.47
2026-07-21 09:53:36,-1.06
2026-07-21 09:54:44,-1.11
2026-07-21 09:55:21,-1.38
2026-07-21 09:56:38,-1.07
2026-07-21 09:56:43,-1.34
2026-07-21 09:58:18,-1.02
2026-07-21 09:58:37,-1.49
2026-07-21 10:00:12,-1.03
2026-07-21 10:00:16,-1.37
2026-07-21 10:01:15,-1.39
2026-07-21 10:01:43,-1.04
2026-07-21 10:02:55,-1.05
2026-07-21 10:03:55,-1.27
2026-07-21 10:04:35,-1.04
2026-07-21 10:05:40,-1.32
2026-07-21 10:07:05,-0.92
2026-07-21 10:07:32,-1.35
2026-07-21 10:08:50,-0.85
2026-07-21 10:10:03,-0.90
2026-07-21 10:10:30,-1.42
2026-07-21 10:11:24,-0.82
2026-07-21 10:11:28,-1.26
2026-07-21 10:12:23,-1.32
2026-07-21 10:13:49,-0.81
2026-07-21 10:14:13,-1.29
2026-07-21 10:14:36,-0.88
2026-07-21 10:16:02,-1.17
2026-07-21 10:16:06,-0.89
2026-07-21 10:18:00,-1.30
2026-07-21 10:18:10,-0.85
2026-07-21 10:19:21,-1.29
2026-07-21 10:19:49,-0.69
2026-07-21 10:20:35,-1.20
2026-07-21 10:22:05,-0.70
2026-07-21 10:23:10,-1.07
2026-07-21 10:23:41,-0.74
2026-07-21 10:23:59,-1.14
2026-07-21 10:25:21,-0.87
2026-07-21 10:25:58,-0.76
2026-07-21 10:26:06,-1.10
2026-07-21 10:27:20,-0.71
2026-07-21 10:28:14,-1.14
2026-07-21 10:29:08,-0.68
2026-07-21 10:30:12,-1.19
2026-07-21 10:30:44,-1.04
2026-07-21 10:31:16,-0.66
2026-07-21 10:33:00,-1.13
2026-07-21 10:33:37,-0.68
2026-07-21 10:34:09,-1.05
2026-07-21 10:34:54,-0.62
2026-07-21 10:35:26,-1.01
2026-07-21 10:35:43,-0.67
2026-07-21 10:37:15,-0.60
2026-07-21 10:38:00,-1.00
2026-07-21 10:39:03,-0.51
2026-07-21 10:39:45,-1.08
2026-07-21 10:40:53,-0.96
2026-07-21 10:41:44,-0.53
2026-07-21 10:42:18,-0.98
2026-07-21 10:43:05,-0.52
2026-07-21 10:43:51,-1.02
2026-07-21 10:45:07,-0.54
2026-07-21 10:45:34,-0.49
2026-07-21 10:46:52,-0.87
2026-07-21 10:48:14,-0.91
2026-07-21 10:48:28,-0.48
2026-07-21 10:48:46,-0.90
2026-07-21 10:48:59,-0.36
2026-07-21 10:50:34,-1.00
2026-07-21 10:51:52,-0.27
2026-07-21 10:52:33,-0.15
2026-07-21 10:53:23,-1.04
2026-07-21 10:53:54,-0.15
2026-07-21 10:54:13,-0.99
2026-07-21 10:55:17,-0.29
2026-07-21 10:56:39,-1.02
2026-07-21 10:57:37,-0.89
2026-07-21 10:57:56,-0.37
2026-07-21 10:58:54,-0.19
2026-07-21 10:59:31,-0.84
2026-07-21 11:00:35,-0.09
2026-07-21 11:00:39,-0.59
2026-07-21 11:02:42,0.10
2026-07-21 11:02:57,-0.72
2026-07-21 11:03:47,-0.13
2026-07-21 11:04:14,-0.79
2026-07-21 11:05:31,-0.83
2026-07-21 11:05:53,-0.17
2026-07-21 11:07:38,-0.87
2026-07-21 11:08:11,-0.01
2026-07-21 11:09:00,0.00
2026-07-21 11:09:13,-0.96
2026-07-21 11:10:17,0.00
2026-07-21 11:11:17,-0.94
2026-07-21 11:12:38,-0.79
2026-07-21 11:12:52,-0.31
2026-07-21 11:14:13,-0.29
2026-07-21 11:14:50,-0.79
2026-07-21 11:15:03,-0.93
2026-07-21 11:15:09,-0.16
2026-07-21 11:17:06,-0.25
2026-07-21 11:17:42,-0.77
2026-07-21 11:19:50,0.22
2026-07-21 11:20:49,-0.95
2026-07-21 11:20:58,-0.23
2026-07-21 11:21:52,-1.14
2026-07-21 11:22:56,-0.28
2026-07-21 11:23:42,-0.04
2026-07-21 11:24:10,-0.91
2026-07-21 11:25:21,-0.64
2026-07-21 11:25:48,-0.01
2026-07-21 11:27:33,-0.15
2026-07-21 11:28:05,-0.64
2026-07-21 11:28:33,-0.73
2026-07-21 11:29:18,-0.12
2026-07-21 11:30:41,-0.07
2026-07-21 11:30:58,-0.65
2026-07-21 11:32:02,-0.05
2026-07-21 11:33:00,-0.87
2026-07-21 11:33:19,0.04
2026-07-21 11:33:51,-0.68
2026-07-21 11:35:31,-0.66
2026-07-21 11:36:26,0.05
2026-07-21 11:37:06,-0.57
2026-07-21 11:37:25,-0.11
2026-07-21 11:38:15,0.22
2026-07-21 11:38:33,-0.77
2026-07-21 11:39:55,-0.39
2026-07-21 11:40:17,0.35
2026-07-21 11:41:58,0.10
2026-07-21 11:42:38,-0.63
2026-07-21 11:43:43,-0.53
2026-07-21 11:44:09,-0.03
2026-07-21 11:45:00,-0.38
2026-07-21 11:46:03,0.23
2026-07-21 11:47:21,0.08
2026-07-21 11:47:53,-0.53
2026-07-21 11:48:29,0.04
2026-07-21 11:49:00,-0.51
2026-07-21 11:49:50,-0.06
2026-07-21 11:50:41,-0.31
2026-07-21 11:51:35,-0.14
2026-07-21 11:52:02,-0.50
2026-07-21 11:53:15,0.07
2026-07-21 11:54:06,-0.49
2026-07-21 11:54:47,-0.45
2026-07-21 11:55:00,-0.03
2026-07-21 11:57:02,0.04
2026-07-21 11:57:25,-0.75
2026-07-21 11:58:02,-0.47
2026-07-21 11:58:51,-0.13
2026-07-21 11:59:41,-0.51
2026-07-21 12:00:18,-0.18
2026-07-21 12:01:31,-0.36
2026-07-21 12:01:45,-0.14
2026-07-21 12:03:28,-0.43
2026-07-21 12:04:09,-0.01
2026-07-21 12:05:22,-0.02
2026-07-21 12:05:32,-0.45
2026-07-21 12:06:16,0.08
2026-07-21 12:06:36,-0.62
2026-07-21 12:08:05,-0.10
2026-07-21 12:08:28,-0.45
2026-07-21 12:09:59,-0.38
2026-07-21 12:10:45,-0.06
2026-07-21 12:11:07,-0.19
2026-07-21 12:12:11,0.43
2026-07-21 12:12:53,0.17
2026-07-21 12:14:15,1.07
2026-07-21 12:14:28,0.92
2026-07-21 12:15:40,-0.06
2026-07-21 12:16:26,0.40
2026-07-21 12:16:36,0.00
2026-07-21 12:17:44,0.45
2026-07-21 12:18:33,-0.02
2026-07-21 12:19:27,0.41
2026-07-21 12:20:50,-0.07
2026-07-21 12:21:21,0.45
2026-07-21 12:21:26,-0.03
2026-07-21 12:22:39,0.51
2026-07-21 12:24:10,0.06
2026-07-21 12:24:28,-0.24
2026-07-21 12:25:50,0.92
2026-07-21 12:26:25,1.53
2026-07-21 12:27:15,0.30
2026-07-21 12:27:43,0.86
2026-07-21 12:29:10,0.15
2026-07-21 12:29:41,0.39
2026-07-21 12:30:44,0.00
2026-07-21 12:32:07,-0.19
2026-07-21 12:32:25,0.63
2026-07-21 12:33:43,-0.26
2026-07-21 12:33:51,1.93
2026-07-21 12:34:28,0.04
2026-07-21 12:35:40,-0.29
2026-07-21 12:36:31,-0.26
2026-07-21 12:36:58,0.06
2026-07-21 12:37:53,0.10
2026-07-21 12:37:57,-0.24
2026-07-21 12:39:41,0.28
2026-07-21 12:39:54,-0.22
2026-07-21 12:41:03,0.11
2026-07-21 12:41:08,-0.23
2026-07-21 12:43:05,-0.16
2026-07-21 12:43:51,0.12
2026-07-21 12:44:10,-0.07
2026-07-21 12:45:32,0.30
2026-07-21 12:46:26,0.26
2026-07-21 12:46:30,-0.11
2026-07-21 12:47:53,0.01
2026-07-21 12:48:38,0.39
2026-07-21 12:49:32,0.29
2026-07-21 12:50:40,0.75
2026-07-21 12:50:44,0.68
2026-07-21 12:51:26,0.20
2026-07-21 12:52:24,0.51
2026-07-21 12:53:52,0.16
2026-07-21 12:54:32,0.48
2026-07-21 12:55:04,-0.04
2026-07-21 12:56:26,0.03
2026-07-21 12:57:11,0.49
2026-07-21 12:57:25,0.41
2026-07-21 12:58:56,1.92
2026-07-21 12:59:18,2.50
2026-07-21 13:00:31,5.82
2026-07-21 13:01:03,7.93
2026-07-21 13:02:12,3.27
2026-07-21 13:02:16,2.82
2026-07-21 13:03:52,1.39
2026-07-21 13:04:00,1.91
2026-07-21 13:05:13,0.97
2026-07-21 13:05:35,1.22
2026-07-21 13:07:01,0.42
2026-07-21 13:07:57,-0.01
2026-07-21 13:08:02,0.79
2026-07-21 13:09:32,0.13
2026-07-21 13:09:55,0.44
2026-07-21 13:11:31,0.00
2026-07-21 13:12:03,0.79
2026-07-21 13:12:12,0.45
2026-07-21 13:13:20,1.13
2026-07-21 13:14:01,1.20
2026-07-21 13:14:51,0.52
2026-07-21 13:16:16,0.70
2026-07-21 13:16:39,1.26
2026-07-21 13:18:10,0.54
2026-07-21 13:19:00,0.55
2026-07-21 13:19:05,1.05
2026-07-21 13:21:34,0.39
2026-07-21 13:22:02,1.19
2026-07-21 13:22:20,0.86
2026-07-21 13:23:41,7.36
2026-07-21 13:23:47,6.68
2026-07-21 13:24:58,16.10
2026-07-21 13:25:22,13.76
2026-07-21 13:26:16,16.76
2026-07-21 13:27:16,15.10
2026-07-21 13:27:47,20.88
2026-07-21 13:29:04,20.27
2026-07-21 13:30:13,12.01
2026-07-21 13:30:21,11.87
2026-07-21 13:31:02,6.64
2026-07-21 13:32:00,8.27
2026-07-21 13:33:27,4.50
2026-07-21 13:33:50,4.44
2026-07-21 13:34:35,2.98
2026-07-21 13:35:16,3.49
2026-07-21 13:36:29,1.12
2026-07-21 13:37:10,2.42
2026-07-21 13:38:31,1.06
2026-07-21 13:38:36,1.42
2026-07-21 13:40:02,0.21
2026-07-21 13:41:29,0.64
2026-07-21 13:41:33,0.01
2026-07-21 13:42:10,0.50
2026-07-21 13:42:14,-0.21
2026-07-21 13:43:31,-0.10
2026-07-21 13:44:26,0.34
2026-07-21 13:45:30,0.15
2026-07-21 13:45:56,-0.22
2026-07-21 13:47:14,-0.19
2026-07-21 13:47:59,0.25
2026-07-21 13:49:21,-0.28
2026-07-21 13:49:49,0.26
2026-07-21 13:50:21,0.28
2026-07-21 13:51:11,-0.34
2026-07-21 13:52:55,0.13
2026-07-21 13:53:09,-0.37
2026-07-21 13:53:42,-0.40
2026-07-21 13:54:17,0.18
2026-07-21 13:56:01,0.20
2026-07-21 13:56:33,-0.34
2026-07-21 13:56:52,-0.45
2026-07-21 13:57:56,0.02
2026-07-21 13:58:50,-0.03
2026-07-21 13:59:13,-0.41
2026-07-21 14:00:16,-0.43
2026-07-21 14:00:57,0.13
2026-07-21 14:01:56,0.02
2026-07-21 14:03:09,-0.47
2026-07-21 14:03:50,-0.49
2026-07-21 14:04:21,0.21
2026-07-21 14:05:07,-0.75
2026-07-21 14:05:21,0.05
2026-07-21 14:08:04,-0.02
2026-07-21 14:08:08,-0.50
2026-07-21 14:08:32,-0.48
2026-07-21 14:09:13,-0.01
2026-07-21 14:10:15,-0.52
2026-07-21 14:10:29,-0.08
2026-07-21 14:11:47,-0.11
2026-07-21 14:13:00,-0.75
2026-07-21 14:13:55,-0.49
2026-07-21 14:14:17,-0.12
2026-07-21 14:15:57,-0.58
2026-07-21 14:16:06,-0.15
2026-07-21 14:16:52,-0.06
2026-07-21 14:17:37,-0.54
2026-07-21 14:18:35,-0.12
2026-07-21 14:19:39,-0.62
2026-07-21 14:20:16,-0.10
2026-07-21 14:21:02,-0.49
2026-07-21 14:21:30,0.03
2026-07-21 14:22:10,-0.62
2026-07-21 14:23:40,-0.09
2026-07-21 14:24:26,-0.66
2026-07-21 14:24:53,-0.05
2026-07-21 14:25:20,-0.55
2026-07-21 14:27:01,-0.49
2026-07-21 14:27:41,0.00
2026-07-21 14:29:18,-0.55
2026-07-21 14:29:31,-0.01
2026-07-21 14:29:58,-0.05
2026-07-21 14:30:25,-0.76
2026-07-21 14:32:43,-0.59
2026-07-21 14:32:52,-0.19
2026-07-21 14:34:00,-0.14
2026-07-21 14:34:08,-0.59
2026-07-21 14:35:40,-0.20
2026-07-21 14:36:02,-0.55
2026-07-21 14:37:42,-0.66
2026-07-21 14:37:51,-0.17
2026-07-21 14:38:14,-0.04
2026-07-21 14:39:04,-0.67
2026-07-21 14:40:12,-0.17
2026-07-21 14:40:26,-0.44
2026-07-21 14:42:06,-0.51
2026-07-21 14:42:10,-0.08
2026-07-21 14:43:10,-0.51
2026-07-21 14:43:47,-0.19
2026-07-21 14:45:49,-0.11
2026-07-21 14:46:11,-0.50
2026-07-21 14:47:34,-0.13
2026-07-21 14:48:28,-0.50
2026-07-21 14:49:27,-0.18
2026-07-21 14:49:53,-0.57
2026-07-21 14:50:30,-0.13
2026-07-21 14:51:30,-0.52
2026-07-21 14:52:11,-0.19
2026-07-21 14:53:14,-0.53
2026-07-21 14:53:42,-0.17
2026-07-21 14:54:49,-0.48
2026-07-21 14:55:30,-0.18
2026-07-21 14:56:52,-0.47
2026-07-21 14:57:24,-0.17
2026-07-21 14:58:05,-0.53
2026-07-21 14:58:23,-0.18
2026-07-21 15:00:27,-0.14
2026-07-21 15:01:02,-0.51
2026-07-21 15:01:25,-0.01
2026-07-21 15:02:34,-0.51
2026-07-21 15:03:28,-0.15
2026-07-21 15:04:13,-0.47
2026-07-21 15:04:58,-0.66
2026-07-21 15:05:12,-0.11
2026-07-21 15:06:44,-0.10
2026-07-21 15:07:34,-0.66
2026-07-21 15:08:00,-0.53
2026-07-21 15:09:04,-0.16
2026-07-21 15:09:27,-0.55
2026-07-21 15:10:18,-0.15
2026-07-21 15:11:25,-0.23
2026-07-21 15:11:43,-0.51
2026-07-21 15:13:27,-0.57
2026-07-21 15:14:04,-0.19
2026-07-21 15:15:18,-0.50
2026-07-21 15:15:49,-0.15
2026-07-21 15:16:53,-0.46
2026-07-21 15:17:11,-0.19
2026-07-21 15:18:20,-0.16
2026-07-21 15:18:24,-0.49
2026-07-21 15:19:45,-0.45
2026-07-21 15:20:40,-0.18
2026-07-21 15:21:11,-0.48
2026-07-21 15:22:20,-0.18
2026-07-21 15:23:10,-0.55
2026-07-21 15:23:42,-0.11
2026-07-21 15:24:36,-0.44
2026-07-21 15:25:13,-0.12
2026-07-21 15:27:15,-0.50
2026-07-21 15:27:20,-0.22
2026-07-21 15:27:35,-0.52
2026-07-21 15:27:56,-0.17
2026-07-21 15:29:18,-0.49
2026-07-21 15:29:50,-0.08
2026-07-21 15:30:45,-0.21
2026-07-21 15:30:50,-0.56
2026-07-21 15:33:29,-0.06
2026-07-21 15:33:52,-0.53
2026-07-21 15:35:28,-0.16
2026-07-21 15:35:41,-0.64
2026-07-21 15:36:03,-0.13
2026-07-21 15:36:26,-0.55
2026-07-21 15:37:39,-0.18
2026-07-21 15:37:57,-0.56
2026-07-21 15:39:19,-0.52
2026-07-21 15:40:09,-0.21
2026-07-21 15:41:18,-0.44
2026-07-21 15:41:50,-0.18
2026-07-21 15:43:35,-0.21
2026-07-21 15:43:39,-0.48
2026-07-21 15:45:10,-0.54
2026-07-21 15:45:19,-0.21
2026-07-21 15:46:23,-0.16
2026-07-21 15:47:12,-0.60
2026-07-21 15:47:25,-0.48
2026-07-21 15:48:33,-0.12
2026-07-21 15:49:01,-0.09
2026-07-21 15:49:11,-0.47
2026-07-21 15:50:50,-0.12
2026-07-21 15:51:58,-0.45
2026-07-21 15:52:25,-0.46
2026-07-21 15:52:44,-0.10
2026-07-21 15:54:32,-0.04
2026-07-21 15:55:09,-0.46
2026-07-21 15:56:17,-0.47
2026-07-21 15:56:54,-0.08
2026-07-21 15:58:16,-0.46
2026-07-21 15:58:42,-0.14
2026-07-21 15:59:37,-0.16
2026-07-21 15:59:51,-0.62
2026-07-21 16:00:46,-0.40
2026-07-21 16:00:54,-0.06
2026-07-21 16:02:43,-0.42
2026-07-21 16:03:33,-0.06
2026-07-21 16:04:19,0.08
2026-07-21 16:05:00,-0.45
2026-07-21 16:05:59,0.16
2026-07-21 16:06:40,-0.41
2026-07-21 16:07:12,-0.04
2026-07-21 16:07:34,-0.41
2026-07-21 16:09:14,0.01
2026-07-21 16:09:28,-0.47
2026-07-21 16:11:16,-0.04
2026-07-21 16:11:26,-0.41
2026-07-21 16:12:08,-0.39
2026-07-21 16:13:15,-0.08
2026-07-21 16:14:32,0.01
2026-07-21 16:14:51,-0.36
2026-07-21 16:15:26,-0.40
2026-07-21 16:15:36,-0.05
2026-07-21 16:17:30,0.03
2026-07-21 16:17:57,-0.38
2026-07-21 16:18:42,0.01
2026-07-21 16:20:14,-0.37
2026-07-21 16:20:59,0.07
2026-07-21 16:21:40,-0.29
2026-07-21 16:22:52,0.13
2026-07-21 16:23:20,-0.29
2026-07-21 16:23:47,-0.23
2026-07-21 16:25:05,0.08
2026-07-21 16:25:46,0.23
2026-07-21 16:26:30,-0.35
2026-07-21 16:26:54,0.15
2026-07-21 16:28:16,-0.34
2026-07-21 16:29:10,0.31
2026-07-21 16:30:04,-0.29
2026-07-21 16:31:22,0.08
2026-07-21 16:31:41,-0.23
2026-07-21 16:31:58,-0.25
2026-07-21 16:32:58,0.15
2026-07-21 16:33:33,0.13
2026-07-21 16:34:47,-0.25
2026-07-21 16:35:14,0.15
2026-07-21 16:36:18,-0.22
2026-07-21 16:37:02,0.16
2026-07-21 16:37:53,-0.16
2026-07-21 16:38:52,0.30
2026-07-21 16:39:38,-0.26
2026-07-21 16:40:23,-0.14
2026-07-21 16:40:32,0.21
2026-07-21 16:41:49,-0.21
2026-07-21 16:42:03,0.37
2026-07-21 16:43:57,-0.04
2026-07-21 16:44:07,0.17
2026-07-21 16:45:28,-0.07
2026-07-21 16:45:42,0.28
2026-07-21 16:47:03,0.22
2026-07-21 16:47:22,-0.15
2026-07-21 16:48:25,-0.03
2026-07-21 16:49:15,0.19
2026-07-21 16:50:42,-0.12
2026-07-21 16:51:26,0.30
2026-07-21 16:52:12,-0.08
2026-07-21 16:53:11,0.27
2026-07-21 16:53:21,0.35
2026-07-21 16:53:25,-0.13
2026-07-21 16:55:41,-0.04
2026-07-21 16:55:55,0.34
2026-07-21 16:57:39,-0.06
2026-07-21 16:57:52,0.33
2026-07-21 16:58:15,0.42
2026-07-21 16:59:01,-0.01
2026-07-21 17:01:04,0.38
2026-07-21 17:02:02,0.35
2026-07-21 17:02:54,-0.08
2026-07-21 17:03:35,0.41
2026-07-21 17:03:39,-0.03
2026-07-21 17:04:50,0.02
2026-07-21 17:05:10,0.44
2026-07-21 17:07:35,0.06
2026-07-21 17:08:02,0.52
2026-07-21 17:08:06,0.39
2026-07-21 17:08:47,-0.06
2026-07-21 17:10:51,0.44
2026-07-21 17:11:00,0.07
2026-07-21 17:12:08,0.00
2026-07-21 17:12:21,0.31
2026-07-21 17:13:20,0.36
2026-07-21 17:13:34,0.11
2026-07-21 17:14:56,0.04
2026-07-21 17:16:18,0.41
2026-07-21 17:16:45,0.43
2026-07-21 17:17:26,0.08
2026-07-21 17:19:06,0.09
2026-07-21 17:19:24,0.45
2026-07-21 17:19:42,0.37
2026-07-21 17:21:04,0.05
2026-07-21 17:22:12,0.38
2026-07-21 17:22:31,0.13
2026-07-21 17:23:11,0.07
2026-07-21 17:24:19,0.41
2026-07-21 17:25:46,0.15
2026-07-21 17:26:09,0.49
2026-07-21 17:26:54,0.19
2026-07-21 17:27:44,0.51
2026-07-21 17:28:21,0.18
2026-07-21 17:29:06,0.51
2026-07-21 17:30:33,0.40
2026-07-21 17:30:47,0.23
2026-07-21 17:32:18,0.19
2026-07-21 17:32:49,0.42
2026-07-21 17:34:02,0.53
2026-07-21 17:34:25,0.21
2026-07-21 17:34:34,0.54
2026-07-21 17:34:39,0.12
2026-07-21 17:37:13,0.25
2026-07-21 17:37:31,0.46
2026-07-21 17:38:16,0.25
2026-07-21 17:39:16,0.48
2026-07-21 17:39:34,0.23
2026-07-21 17:39:52,0.49
2026-07-21 17:41:24,0.21
2026-07-21 17:41:51,0.44
2026-07-21 17:43:53,0.31
2026-07-21 17:44:15,0.57
2026-07-21 17:44:24,0.29
2026-07-21 17:46:01,0.60
2026-07-21 17:46:32,0.48
2026-07-21 17:47:16,0.27
2026-07-21 17:49:03,0.56
2026-07-21 17:49:07,0.34
2026-07-21 17:50:01,0.30
2026-07-21 17:50:52,0.52
2026-07-21 17:52:13,0.29
2026-07-21 17:52:22,0.59
2026-07-21 17:52:45,0.65
2026-07-21 17:53:04,0.34
2026-07-21 17:54:47,0.28
2026-07-21 17:55:02,0.57
2026-07-21 17:56:13,0.35
2026-07-21 17:56:59,0.59
2026-07-21 17:58:25,0.33
2026-07-21 17:58:48,0.64
2026-07-21 17:59:47,0.56
2026-07-21 18:00:47,0.28
2026-07-21 18:01:13,0.25
2026-07-21 18:01:27,0.58
2026-07-21 18:02:45,0.34
2026-07-21 18:03:16,0.53
2026-07-21 18:04:39,0.27
2026-07-21 18:04:53,0.87
2026-07-21 18:07:13,0.20
2026-07-21 18:07:26,0.49
2026-07-21 18:08:48,0.14
2026-07-21 18:09:25,0.44
2026-07-21 18:09:43,0.22
2026-07-21 18:11:01,0.48
2026-07-21 18:11:55,0.24
2026-07-21 18:12:32,0.50
2026-07-21 18:13:03,0.19
2026-07-21 18:14:24,0.50
2026-07-21 18:15:19,0.10
2026-07-21 18:16:01,0.49
2026-07-21 18:16:23,0.16
2026-07-21 18:17:53,0.55
2026-07-21 18:18:26,0.24
2026-07-21 18:19:11,0.32
2026-07-21 18:19:43,0.56
2026-07-21 18:21:14,0.64
2026-07-21 18:21:42,0.29
2026-07-21 18:23:30,0.23
2026-07-21 18:23:36,0.58
2026-07-21 18:25:11,0.77
2026-07-21 18:25:32,0.23
2026-07-21 18:25:51,0.97
2026-07-21 18:26:49,0.07
2026-07-21 18:27:46,0.70
2026-07-21 18:28:26,0.30
2026-07-21 18:29:20,0.24
2026-07-21 18:29:34,0.75
2026-07-21 18:30:42,0.26
2026-07-21 18:32:09,0.71
2026-07-21 18:32:17,0.63
2026-07-21 18:33:44,0.19
2026-07-21 18:34:15,0.72
2026-07-21 18:34:33,0.21
2026-07-21 18:35:42,0.32
2026-07-21 18:35:46,0.63
2026-07-21 18:38:12,0.33
2026-07-21 18:38:34,0.59
2026-07-21 18:39:52,0.27
2026-07-21 18:40:05,0.58
2026-07-21 18:40:50,0.30
2026-07-21 18:41:50,0.57
2026-07-21 18:43:17,0.23
2026-07-21 18:43:21,0.52
2026-07-21 18:43:49,0.57
2026-07-21 18:44:29,0.17
2026-07-21 18:46:00,0.56
2026-07-21 18:46:46,0.28
2026-07-21 18:47:55,0.49
2026-07-21 18:49:10,0.45
2026-07-21 18:50:10,0.15
2026-07-21 18:51:01,0.20
2026-07-21 18:51:14,0.51
2026-07-21 18:52:54,0.18
2026-07-21 18:53:03,0.41
2026-07-21 18:53:57,0.48
2026-07-21 18:55:15,0.20
2026-07-21 18:56:32,0.38
2026-07-21 18:56:41,0.18
2026-07-21 18:57:00,0.38
2026-07-21 18:58:26,0.21
2026-07-21 18:59:16,0.38
2026-07-21 18:59:34,0.21
2026-07-21 19:00:24,0.17
2026-07-21 19:01:05,0.35
2026-07-21 19:02:22,0.36
2026-07-21 19:03:26,0.20
2026-07-21 19:04:20,0.45
2026-07-21 19:04:34,0.18
2026-07-21 19:05:20,0.39
2026-07-21 19:05:46,0.17
2026-07-21 19:07:13,0.15
2026-07-21 19:07:45,0.32
2026-07-21 19:09:11,0.31
2026-07-21 19:09:52,0.13
2026-07-21 19:10:29,0.35
2026-07-21 19:11:01,0.08
2026-07-21 19:12:08,0.28
2026-07-21 19:13:03,0.13
2026-07-21 19:13:40,0.14
2026-07-21 19:14:07,0.29
2026-07-21 19:15:10,0.26
2026-07-21 19:15:23,0.13
2026-07-21 19:17:09,0.21
2026-07-21 19:17:45,0.12
2026-07-21 19:19:43,0.11
2026-07-21 19:19:47,0.22
2026-07-21 19:20:34,0.10
2026-07-21 19:21:00,0.25
2026-07-21 19:22:09,0.10
2026-07-21 19:22:55,0.24
2026-07-21 19:24:25,0.20
2026-07-21 19:25:01,0.06
2026-07-21 19:25:16,0.18
2026-07-21 19:25:30,0.07
2026-07-21 19:26:51,0.18
2026-07-21 19:27:09,0.08
2026-07-21 19:28:40,0.21
2026-07-21 19:29:26,0.03
2026-07-21 19:30:25,0.18
2026-07-21 19:31:28,0.03
2026-07-21 19:32:00,0.01
2026-07-21 19:32:13,0.16
2026-07-21 19:32:17,0.04
2026-07-21 19:33:03,0.15
2026-07-21 19:33:17,0.02
2026-07-21 19:34:25,0.15
2026-07-21 19:34:39,-0.01
2026-07-21 19:35:12,0.17
2026-07-21 19:35:47,0.00
2026-07-21 19:36:42,-0.02
2026-07-21 19:37:46,0.10
2026-07-21 19:39:07,0.07
2026-07-21 19:39:12,-0.02
2026-07-21 19:40:11,-0.05
2026-07-21 19:41:06,0.05
2026-07-21 19:41:56,-0.05
2026-07-21 19:42:18,0.06
2026-07-21 19:44:17,-0.15
2026-07-21 19:44:35,0.07
2026-07-21 19:45:16,0.09
2026-07-21 19:45:25,-0.13
2026-07-21 19:46:38,-0.11
2026-07-21 19:46:42,0.11
2026-07-21 19:48:13,0.01
2026-07-21 19:49:35,-0.12
2026-07-21 19:50:16,0.04
2026-07-21 19:51:52,-0.16
2026-07-21 19:52:46,0.01
2026-07-21 19:53:27,-0.12
2026-07-21 19:55:06,-0.17
2026-07-21 19:55:42,0.02
2026-07-21 19:56:42,-0.01
2026-07-21 19:57:46,-0.15
2026-07-21 19:58:44,-0.17
2026-07-21 19:58:58,-0.05
2026-07-21 20:00:34,-0.29
2026-07-21 20:02:09,-0.20
2026-07-21 20:02:46,0.02
2026-07-21 20:03:17,-0.51
2026-07-21 20:04:07,0.06
2026-07-21 20:05:29,-0.02
2026-07-21 20:05:34,-0.27
2026-07-21 20:06:23,-0.12
2026-07-21 20:07:56,-0.26
2026-07-21 20:08:17,-0.05
2026-07-21 20:09:03,-0.26
2026-07-21 20:10:12,-0.10
2026-07-21 20:11:06,-0.31
2026-07-21 20:12:41,-0.12
2026-07-21 20:13:08,-0.38
2026-07-21 20:13:45,-0.12
2026-07-21 20:14:53,-0.15
2026-07-21 20:15:29,-0.31
2026-07-21 20:16:43,-0.10
2026-07-21 20:16:51,-0.35
2026-07-21 20:18:40,-0.20
2026-07-21 20:19:26,-0.40
2026-07-21 20:20:26,-0.42
2026-07-21 20:21:07,-0.21
2026-07-21 20:22:46,-0.37
2026-07-21 20:23:14,-0.40
2026-07-21 20:24:13,-0.25
2026-07-21 20:24:44,-0.24
2026-07-21 20:25:57,-0.41
2026-07-21 20:26:15,-0.49
2026-07-21 20:26:56,-0.27
2026-07-21 20:28:46,-0.44
2026-07-21 20:28:59,-0.26
2026-07-21 20:29:44,-0.46
2026-07-21 20:31:02,-0.23
2026-07-21 20:31:20,-0.29
2026-07-21 20:31:42,-0.55
2026-07-21 20:32:45,-0.21
2026-07-21 20:33:09,-0.47
2026-07-21 20:34:25,-0.48
2026-07-21 20:35:11,-0.26
2026-07-21 20:37:27,-0.47
2026-07-21 20:37:36,-0.28
2026-07-21 20:37:46,-0.52
2026-07-21 20:38:45,-0.34
2026-07-21 20:40:02,-0.30
2026-07-21 20:40:07,-0.55
2026-07-21 20:41:29,-0.32
2026-07-21 20:42:14,-0.54
2026-07-21 20:42:55,-0.41
2026-07-21 20:43:40,-0.58
2026-07-21 20:45:02,-0.36
2026-07-21 20:45:15,-0.52
2026-07-21 20:45:56,-0.46
2026-07-21 20:46:46,-0.57
2026-07-21 20:47:54,-0.59
2026-07-21 20:48:55,-0.42
2026-07-21 20:49:16,-0.45
2026-07-21 20:49:44,-0.57
2026-07-21 20:52:01,-0.58
2026-07-21 20:52:28,-0.44
2026-07-21 20:53:31,-0.46
2026-07-21 20:53:53,-0.59
2026-07-21 20:54:25,-0.48
2026-07-21 20:54:53,-0.62
2026-07-21 20:56:20,-0.55
2026-07-21 20:56:47,-0.44
2026-07-21 20:57:28,-0.58
2026-07-21 20:57:41,-0.45
2026-07-21 20:59:12,-0.63
2026-07-21 20:59:53,-0.45
2026-07-21 21:01:10,-0.44
2026-07-21 21:01:38,-0.59
2026-07-21 21:03:58,-0.40
2026-07-21 21:04:30,-0.57
2026-07-21 21:04:58,-0.23
2026-07-21 21:06:42,-0.42
2026-07-21 21:07:01,-0.56
2026-07-21 21:07:32,-0.47
2026-07-21 21:08:08,-0.61
2026-07-21 21:10:07,-0.39
2026-07-21 21:10:30,-0.58
2026-07-21 21:11:19,-0.43
2026-07-21 21:12:26,-0.41
2026-07-21 21:13:13,-0.58
2026-07-21 21:14:03,-0.40
2026-07-21 21:14:57,-0.63
2026-07-21 21:15:38,-0.62
2026-07-21 21:16:19,-0.42
2026-07-21 21:17:32,-0.33
2026-07-21 21:18:13,-0.62
2026-07-21 21:20:15,-0.37
2026-07-21 21:20:33,-0.60
2026-07-21 21:22:00,-0.46
2026-07-21 21:23:13,-0.63
2026-07-21 21:23:54,-0.64
2026-07-21 21:24:07,-0.47
2026-07-21 21:25:52,-0.51
2026-07-21 21:26:15,-0.62
2026-07-21 21:27:59,-0.65
2026-07-21 21:28:39,-0.45
2026-07-21 21:28:58,-0.66
2026-07-21 21:29:21,-0.42
2026-07-21 21:30:47,-0.63
2026-07-21 21:31:50,-0.43
2026-07-21 21:32:35,-0.64
2026-07-21 21:33:21,-0.42
2026-07-21 21:34:08,-0.71
2026-07-21 21:34:53,-0.42
2026-07-21 21:36:14,-0.70
2026-07-21 21:36:42,-0.49
2026-07-21 21:37:37,-0.69
2026-07-21 21:37:55,-0.49
2026-07-21 21:39:03,-0.44
2026-07-21 21:39:20,-0.65
2026-07-21 21:40:47,-0.47
2026-07-21 21:40:56,-0.69
2026-07-21 21:42:05,-0.47
2026-07-21 21:42:14,-0.66
2026-07-21 21:44:03,-0.63
2026-07-21 21:44:26,-0.44
2026-07-21 21:45:38,-0.43
2026-07-21 21:46:01,-0.67
2026-07-21 21:47:27,-0.45
2026-07-21 21:47:45,-0.69
2026-07-21 21:48:54,-0.66
2026-07-21 21:49:53,-0.46
2026-07-21 21:50:42,-0.69
2026-07-21 21:51:10,-0.48
2026-07-21 21:51:56,-0.65
2026-07-21 21:52:50,-0.53
2026-07-21 21:53:36,-0.50
2026-07-21 21:55:06,-0.68
2026-07-21 21:56:33,-0.69
2026-07-21 21:56:42,-0.47
2026-07-21 21:56:51,-0.51
2026-07-21 21:57:46,-0.67
2026-07-21 21:58:58,-0.69
2026-07-21 21:59:48,-0.47
2026-07-21 22:00:56,-0.67
2026-07-21 22:01:33,-0.48
2026-07-21 22:01:51,-0.66
2026-07-21 22:02:41,-0.51
2026-07-21 22:04:31,-0.48
2026-07-21 22:04:45,-0.70
2026-07-21 22:05:26,-0.73
2026-07-21 22:05:52,-0.47
2026-07-21 22:06:47,-0.53
2026-07-21 22:08:08,-0.66
2026-07-21 22:08:36,-0.49
2026-07-21 22:09:26,-0.66
2026-07-21 22:10:21,-0.65
2026-07-21 22:11:10,-0.48
2026-07-21 22:11:52,-0.66
2026-07-21 22:12:55,-0.48
2026-07-21 22:13:50,-0.65
2026-07-21 22:14:12,-0.52
2026-07-21 22:15:58,-0.64
2026-07-21 22:16:20,-0.49
2026-07-21 22:17:15,-0.68
2026-07-21 22:17:46,-0.45
2026-07-21 22:19:44,-0.44
2026-07-21 22:19:53,-0.65
2026-07-21 22:20:38,-0.60
2026-07-21 22:21:29,-0.47
2026-07-21 22:21:51,-0.67
2026-07-21 22:22:05,-0.44
2026-07-21 22:23:26,-0.49
2026-07-21 22:24:40,-0.66
2026-07-21 22:25:07,-0.44
2026-07-21 22:25:24,-0.63
2026-07-21 22:27:15,-0.60
2026-07-21 22:27:55,-0.38
2026-07-21 22:28:36,-0.41
2026-07-21 22:29:03,-0.58
2026-07-21 22:29:58,-0.41
2026-07-21 22:30:44,-0.62
2026-07-21 22:31:42,-0.61
2026-07-21 22:32:41,-0.45
2026-07-21 22:33:35,-0.58
2026-07-21 22:34:12,-0.37
2026-07-21 22:35:25,-0.36
2026-07-21 22:35:43,-0.53
2026-07-21 22:36:33,-0.51
2026-07-21 22:36:37,-0.31
2026-07-21 22:38:18,-0.34
2026-07-21 22:39:21,-0.50
2026-07-21 22:40:06,-0.35
2026-07-21 22:40:47,-0.47
2026-07-21 22:42:24,-0.31
2026-07-21 22:44:16,-0.53
2026-07-21 22:44:57,-0.31
2026-07-21 22:46:20,-0.52
2026-07-21 22:46:34,-0.21
2026-07-21 22:47:56,-0.48
2026-07-21 22:48:54,-0.23
2026-07-21 22:49:30,-0.48
2026-07-21 22:50:07,-0.22
2026-07-21 22:50:34,-0.43
2026-07-21 22:52:10,-0.39
2026-07-21 22:52:50,-0.19
2026-07-21 22:53:13,-0.45
2026-07-21 22:54:22,-0.25
2026-07-21 22:54:40,-0.37
2026-07-21 22:55:48,-0.14
2026-07-21 22:56:33,-0.40
2026-07-21 22:57:37,-0.17
2026-07-21 22:58:00,-0.23
2026-07-21 22:58:05,-0.34
2026-07-21 23:00:43,-0.37
2026-07-21 23:00:48,-0.21
2026-07-21 23:01:42,-0.39
2026-07-21 23:02:37,-0.15
2026-07-21 23:03:36,-0.31
2026-07-21 23:04:17,-0.13
2026-07-21 23:04:49,-0.27
2026-07-21 23:05:06,-0.09
2026-07-21 23:06:56,-0.10
2026-07-21 23:07:28,-0.29
2026-07-21 23:08:31,-0.10
2026-07-21 23:08:55,-0.25
2026-07-21 23:09:32,-0.37
2026-07-21 23:09:54,-0.09
2026-07-21 23:11:57,-0.23
2026-07-21 23:12:37,-0.06
2026-07-21 23:13:05,-0.02
2026-07-21 23:13:18,-0.23
2026-07-21 23:14:40,-0.04
2026-07-21 23:14:45,-0.18
2026-07-21 23:16:38,-0.19
2026-07-21 23:16:51,-0.03
2026-07-21 23:17:51,0.00
2026-07-21 23:18:55,-0.23
2026-07-21 23:20:03,-0.18
2026-07-21 23:20:39,0.09
2026-07-21 23:22:06,0.04
2026-07-21 23:22:15,-0.16
2026-07-21 23:23:00,0.08
2026-07-21 23:23:50,-0.15
2026-07-21 23:25:53,0.04
2026-07-21 23:26:16,-0.15
2026-07-21 23:28:42,0.07
2026-07-21 23:29:09,-0.12
2026-07-21 23:29:41,0.09
2026-07-21 23:30:22,-0.04
2026-07-21 23:32:06,0.14
2026-07-21 23:32:43,0.17
2026-07-21 23:32:56,-0.01
2026-07-21 23:34:13,0.06
2026-07-21 23:34:49,0.21
2026-07-21 23:35:53,0.04
2026-07-21 23:36:16,0.19
2026-07-21 23:38:51,0.04
2026-07-21 23:40:31,0.19
2026-07-21 23:40:53,0.07
2026-07-21 23:41:43,0.22
2026-07-21 23:42:41,0.03
2026-07-21 23:43:32,0.27
2026-07-21 23:44:18,0.12
2026-07-21 23:44:32,0.26
2026-07-21 23:46:38,0.11
2026-07-21 23:48:01,0.13
2026-07-21 23:48:32,0.26
2026-07-21 23:49:13,0.14
2026-07-21 23:50:40,0.27
2026-07-21 23:51:15,0.29
2026-07-21 23:52:06,0.20
2026-07-21 23:53:36,0.22
2026-07-21 23:53:41,0.32
2026-07-21 23:54:13,0.22
2026-07-21 23:55:07,0.38
2026-07-21 23:55:49,0.24
2026-07-21 23:56:52,0.43
2026-07-21 23:57:46,0.42
2026-07-21 23:58:19,0.27
2026-07-21 23:59:36,0.30
2026-07-22 00:00:07,0.41
2026-07-22 00:00:40,0.30
2026-07-22 00:01:35,0.41
2026-07-22 00:02:19,0.46
2026-07-22 00:03:36,0.33
2026-07-22 00:05:04,0.52
2026-07-22 00:05:08,0.34
2026-07-22 00:05:39,0.47
2026-07-22 00:06:15,0.27
2026-07-22 00:07:20,0.44
2026-07-22 00:08:23,0.22
2026-07-22 00:09:04,0.45
2026-07-22 00:09:45,0.34
2026-07-22 00:11:15,0.45
2026-07-22 00:12:02,0.33
2026-07-22 00:12:10,0.37
2026-07-22 00:13:18,0.56
2026-07-22 00:14:08,0.36
2026-07-22 00:15:04,0.59
2026-07-22 00:15:45,0.56
2026-07-22 00:16:47,0.40
2026-07-22 00:18:00,0.64
2026-07-22 00:18:19,0.42
2026-07-22 00:19:18,0.35
2026-07-22 00:19:27,0.64
2026-07-22 00:20:35,0.60
2026-07-22 00:21:16,0.43
2026-07-22 00:23:05,0.40
2026-07-22 00:23:37,0.62
2026-07-22 00:24:18,0.43
2026-07-22 00:24:22,0.57
2026-07-22 00:25:26,0.40
2026-07-22 00:26:24,0.59
2026-07-22 00:27:24,0.48
2026-07-22 00:27:42,0.59
2026-07-22 00:28:46,0.57
2026-07-22 00:30:07,0.46
2026-07-22 00:30:30,0.65
2026-07-22 00:31:43,0.46
2026-07-22 00:32:05,0.64
2026-07-22 00:32:28,0.49
2026-07-22 00:34:45,0.53
2026-07-22 00:34:59,0.81
2026-07-22 00:36:01,0.87
2026-07-22 00:36:47,0.51
2026-07-22 00:37:32,0.53
2026-07-22 00:38:22,0.66
2026-07-22 00:38:37,0.55
2026-07-22 00:39:44,0.69
2026-07-22 00:40:31,0.67
2026-07-22 00:41:20,0.55
2026-07-22 00:42:15,0.71
2026-07-22 00:43:13,0.49
2026-07-22 00:43:37,0.66
2026-07-22 00:43:54,0.53
2026-07-22 00:45:15,0.68
2026-07-22 00:45:39,0.52
2026-07-22 00:46:48,0.56
2026-07-22 00:47:10,0.68
2026-07-22 00:49:04,0.65
2026-07-22 00:49:36,0.50
2026-07-22 00:50:07,0.55
2026-07-22 00:51:12,0.72
2026-07-22 00:52:14,0.60
2026-07-22 00:53:22,0.75
2026-07-22 00:53:47,0.60
2026-07-22 00:54:41,0.70
2026-07-22 00:55:22,0.76
2026-07-22 00:55:54,0.59
2026-07-22 00:57:24,0.61
2026-07-22 00:57:43,0.75
2026-07-22 00:58:32,0.67
2026-07-22 00:58:55,0.78
2026-07-22 01:00:30,0.68
2026-07-22 01:01:02,0.82
2026-07-22 01:02:11,0.69
2026-07-22 01:04:18,0.83
2026-07-22 01:04:58,0.86
2026-07-22 01:06:07,0.71
2026-07-22 01:07:02,0.85
2026-07-22 01:08:09,0.72
2026-07-22 01:08:19,0.73
2026-07-22 01:08:33,0.86
2026-07-22 01:10:04,0.84
2026-07-22 01:11:25,0.75
2026-07-22 01:12:19,0.74
2026-07-22 01:12:37,0.90
2026-07-22 01:13:42,0.93
2026-07-22 01:13:50,0.66
2026-07-22 01:15:39,0.95
2026-07-22 01:16:16,0.78
2026-07-22 01:16:39,0.75
2026-07-22 01:17:15,0.93
2026-07-22 01:18:37,0.81
2026-07-22 01:19:18,0.96
2026-07-22 01:19:50,0.97
2026-07-22 01:19:59,0.85
2026-07-22 01:21:44,0.86
2026-07-22 01:23:05,0.98
2026-07-22 01:23:19,0.90
2026-07-22 01:23:28,1.03
2026-07-22 01:25:31,0.92
2026-07-22 01:25:54,1.05
2026-07-22 01:26:57,0.93
2026-07-22 01:27:52,1.10
2026-07-22 01:28:42,0.99
2026-07-22 01:29:41,1.16
2026-07-22 01:30:17,1.14
2026-07-22 01:30:26,0.97
2026-07-22 01:32:48,1.11
2026-07-22 01:33:11,1.00
2026-07-22 01:34:23,1.20
2026-07-22 01:35:35,1.02
2026-07-22 01:36:17,1.18
2026-07-22 01:36:35,1.14
2026-07-22 01:37:08,1.00
2026-07-22 01:38:51,1.15
2026-07-22 01:40:41,1.18
2026-07-22 01:41:13,0.98
2026-07-22 01:41:45,0.99
2026-07-22 01:41:53,1.12
2026-07-22 01:42:57,1.25
2026-07-22 01:43:01,0.99
2026-07-22 01:44:34,1.15
2026-07-22 01:45:09,0.93
2026-07-22 01:47:07,0.96
2026-07-22 01:47:30,1.12
2026-07-22 01:48:20,0.98
2026-07-22 01:49:14,1.14
2026-07-22 01:49:33,0.99
2026-07-22 01:49:59,1.14
2026-07-22 01:51:27,0.98
2026-07-22 01:52:26,1.16
2026-07-22 01:53:11,1.18
2026-07-22 01:53:56,1.05
2026-07-22 01:54:33,1.21
2026-07-22 01:55:04,1.03
2026-07-22 01:56:40,1.22
2026-07-22 01:57:04,1.06
2026-07-22 01:57:49,1.13
2026-07-22 01:58:43,1.23
2026-07-22 01:59:29,1.27
2026-07-22 01:59:46,1.11
2026-07-22 02:01:31,1.31
2026-07-22 02:02:26,1.17
2026-07-22 02:02:57,1.16
2026-07-22 02:03:35,1.33
2026-07-22 02:04:33,1.21
2026-07-22 02:05:51,1.47
2026-07-22 02:07:26,1.30
2026-07-22 02:08:12,1.46
2026-07-22 02:09:01,1.32
2026-07-22 02:10:28,1.48
2026-07-22 02:10:41,1.28
2026-07-22 02:11:01,1.37
2026-07-22 02:11:22,1.50
2026-07-22 02:13:16,1.33
2026-07-22 02:13:48,1.58
2026-07-22 02:14:42,1.34
2026-07-22 02:14:51,1.62
2026-07-22 02:16:00,1.58
2026-07-22 02:16:09,1.30
2026-07-22 02:18:02,1.29
2026-07-22 02:18:24,1.55
2026-07-22 02:20:23,1.54
2026-07-22 02:20:42,1.28
2026-07-22 02:20:55,1.53
2026-07-22 02:21:03,1.34
2026-07-22 02:22:58,1.56
2026-07-22 02:23:38,1.36
2026-07-22 02:24:56,1.31
2026-07-22 02:25:27,1.52
2026-07-22 02:26:32,1.30
2026-07-22 02:27:26,1.55
2026-07-22 02:28:25,1.54
2026-07-22 02:29:02,1.24
2026-07-22 02:30:18,1.45
2026-07-22 02:30:46,1.58
2026-07-22 02:31:36,1.22
2026-07-22 02:32:52,1.46
2026-07-22 02:33:38,1.15
2026-07-22 02:34:56,1.38
2026-07-22 02:35:37,1.15
2026-07-22 02:36:17,1.31
2026-07-22 02:37:16,1.03
2026-07-22 02:37:52,1.06
2026-07-22 02:38:42,1.35
2026-07-22 02:39:33,1.01
2026-07-22 02:40:28,1.26
2026-07-22 02:41:58,1.04
2026-07-22 02:42:12,1.25
2026-07-22 02:42:35,0.92
2026-07-22 02:43:53,1.24
2026-07-22 02:45:05,1.20
2026-07-22 02:45:22,1.01
2026-07-22 02:46:59,0.99
2026-07-22 02:47:09,1.15
2026-07-22 02:47:44,1.18
2026-07-22 02:48:11,0.98
2026-07-22 02:49:05,1.15
2026-07-22 02:50:01,0.87
2026-07-22 02:50:51,1.03
2026-07-22 02:51:18,1.23
2026-07-22 02:53:21,1.04
2026-07-22 02:53:34,1.24
2026-07-22 02:54:11,1.04
2026-07-22 02:54:52,1.24
2026-07-22 02:56:13,1.07
2026-07-22 02:57:08,1.26
2026-07-22 02:57:26,1.12
2026-07-22 02:57:36,1.40
2026-07-22 02:59:56,1.36
2026-07-22 03:00:19,1.18
2026-07-22 03:00:41,1.15
2026-07-22 03:01:50,1.34
2026-07-22 03:02:53,1.38
2026-07-22 03:03:38,1.15
2026-07-22 03:04:15,1.23
2026-07-22 03:04:47,1.56
2026-07-22 03:05:33,1.23
2026-07-22 03:06:18,1.59
2026-07-22 03:07:49,1.45
2026-07-22 03:08:16,1.23
2026-07-22 03:09:39,1.27
2026-07-22 03:10:20,1.50
2026-07-22 03:10:55,1.39
2026-07-22 03:11:41,1.23
2026-07-22 03:12:17,1.28
2026-07-22 03:12:22,1.42
2026-07-22 03:14:20,1.45
2026-07-22 03:14:38,1.23
2026-07-22 03:16:05,1.47
2026-07-22 03:16:32,1.17
2026-07-22 03:17:18,1.50
2026-07-22 03:17:54,1.23
2026-07-22 03:18:40,1.37
2026-07-22 03:19:25,1.18
2026-07-22 03:21:19,1.16
2026-07-22 03:21:28,1.44
2026-07-22 03:22:26,1.41
2026-07-22 03:22:50,1.25
2026-07-22 03:23:39,1.45
2026-07-22 03:24:34,1.20
2026-07-22 03:26:27,1.54
2026-07-22 03:27:21,1.46
2026-07-22 03:28:17,1.19
2026-07-22 03:28:44,1.25
2026-07-22 03:29:43,1.45
2026-07-22 03:31:27,1.52
2026-07-22 03:31:37,1.28
2026-07-22 03:31:54,1.51
2026-07-22 03:32:36,1.22
2026-07-22 03:34:15,1.33
2026-07-22 03:34:29,1.52
2026-07-22 03:35:41,1.34
2026-07-22 03:36:23,1.56
2026-07-22 03:37:35,1.25
2026-07-22 03:39:02,1.33
2026-07-22 03:39:38,1.51
2026-07-22 03:41:14,1.35
2026-07-22 03:41:41,1.58
2026-07-22 03:42:18,1.32
2026-07-22 03:43:20,1.57
2026-07-22 03:43:26,1.40
2026-07-22 03:43:35,1.60
2026-07-22 03:45:34,1.70
2026-07-22 03:46:19,1.33
2026-07-22 03:47:26,1.60
2026-07-22 03:47:42,1.41
2026-07-22 03:49:34,1.58
2026-07-22 03:50:15,1.54
2026-07-22 03:51:06,1.37
2026-07-22 03:52:00,1.63
2026-07-22 03:52:59,1.43
2026-07-22 03:53:21,1.61
2026-07-22 03:54:21,1.42
2026-07-22 03:54:56,1.57
2026-07-22 03:56:02,1.41
2026-07-22 03:57:04,1.51
2026-07-22 03:57:31,1.38
2026-07-22 03:58:21,1.56
2026-07-22 03:59:25,1.40
2026-07-22 04:00:25,1.61
2026-07-22 04:01:14,1.38
2026-07-22 04:01:51,1.62
2026-07-22 04:02:08,1.36
2026-07-22 04:03:13,1.61
2026-07-22 04:03:26,1.35
2026-07-22 04:04:48,1.43
2026-07-22 04:05:02,1.67
2026-07-22 04:06:32,1.53
2026-07-22 04:06:45,1.40
2026-07-22 04:08:26,1.37
2026-07-22 04:08:53,1.54
2026-07-22 04:10:47,1.58
2026-07-22 04:10:52,1.38
2026-07-22 04:11:28,1.55
2026-07-22 04:11:50,1.39
2026-07-22 04:13:26,1.37
2026-07-22 04:13:53,1.53
2026-07-22 04:15:07,1.40
2026-07-22 04:15:20,1.55
2026-07-22 04:16:37,1.54
2026-07-22 04:17:49,1.29
2026-07-22 04:18:13,1.61
2026-07-22 04:19:16,1.40
2026-07-22 04:19:40,1.56
2026-07-22 04:20:06,1.40
2026-07-22 04:21:42,1.49
2026-07-22 04:22:45,1.35
2026-07-22 04:23:22,1.53
2026-07-22 04:23:30,1.38
2026-07-22 04:24:38,1.36
2026-07-22 04:25:01,1.52
2026-07-22 04:26:59,1.33
2026-07-22 04:27:36,1.54
2026-07-22 04:28:53,1.50
2026-07-22 04:29:02,1.39
2026-07-22 04:30:11,1.53
2026-07-22 04:31:01,1.31
2026-07-22 04:32:44,1.52
2026-07-22 04:33:07,1.38
2026-07-22 04:33:31,1.61
2026-07-22 04:34:34,1.44
2026-07-22 04:36:00,1.57
2026-07-22 04:36:28,1.40
2026-07-22 04:37:31,1.59
2026-07-22 04:39:12,1.39
2026-07-22 04:39:25,1.68
2026-07-22 04:39:53,1.58
2026-07-22 04:40:19,1.37
2026-07-22 04:41:42,1.60
2026-07-22 04:41:56,1.39
2026-07-22 04:43:07,1.55
2026-07-22 04:43:31,1.36
2026-07-22 04:45:00,1.38
2026-07-22 04:45:46,1.57
2026-07-22 04:47:08,1.58
2026-07-22 04:47:32,1.36
2026-07-22 04:48:26,1.55
2026-07-22 04:50:10,1.34
2026-07-22 04:50:38,1.57
2026-07-22 04:51:31,1.37
2026-07-22 04:51:42,1.50
2026-07-22 04:52:53,1.37
2026-07-22 04:54:03,1.62
2026-07-22 04:54:52,1.27
2026-07-22 04:55:47,1.48
2026-07-22 04:56:46,1.52
2026-07-22 04:56:59,1.34
2026-07-22 04:59:06,1.53
2026-07-22 04:59:25,1.29
2026-07-22 04:59:47,1.55
2026-07-22 05:02:22,1.33
2026-07-22 05:02:31,1.49
2026-07-22 05:02:36,1.32
2026-07-22 05:03:07,1.48
2026-07-22 05:04:34,1.36
2026-07-22 05:05:07,1.61
2026-07-22 05:06:01,2.12
2026-07-22 05:06:09,1.36
2026-07-22 05:07:45,1.50
2026-07-22 05:08:26,1.36
2026-07-22 05:09:17,1.50
2026-07-22 05:09:34,1.31
2026-07-22 05:10:51,1.47
2026-07-22 05:12:04,1.23
2026-07-22 05:12:36,1.48
2026-07-22 05:13:44,1.34
2026-07-22 05:14:20,1.49
2026-07-22 05:14:29,1.33
2026-07-22 05:16:10,1.53
2026-07-22 05:16:55,1.31
2026-07-22 05:17:54,1.50
2026-07-22 05:18:04,1.28
2026-07-22 05:19:47,1.51
2026-07-22 05:19:56,1.32
2026-07-22 05:21:33,1.48
2026-07-22 05:21:41,1.31
2026-07-22 05:22:22,1.32
2026-07-22 05:23:43,1.47
2026-07-22 05:25:20,1.33
2026-07-22 05:25:33,1.45
2026-07-22 05:26:14,1.50
2026-07-22 05:26:28,1.31
2026-07-22 05:27:40,1.34
2026-07-22 05:28:17,1.49
2026-07-22 05:29:12,1.37
2026-07-22 05:29:21,1.53
2026-07-22 05:31:45,1.27
2026-07-22 05:32:01,1.63
2026-07-22 05:32:18,1.31
2026-07-22 05:33:12,1.60
2026-07-22 05:34:57,1.66
2026-07-22 05:35:01,1.30
2026-07-22 05:35:38,1.62
2026-07-22 05:36:00,1.34
2026-07-22 05:37:22,1.53
2026-07-22 05:38:26,1.33
2026-07-22 05:39:24,1.31
2026-07-22 05:39:53,1.51
2026-07-22 05:41:22,1.33
2026-07-22 05:41:27,1.52
2026-07-22 05:42:36,1.56
2026-07-22 05:42:40,1.29
2026-07-22 05:44:30,1.31
2026-07-22 05:44:47,1.53
2026-07-22 05:45:32,1.36
2026-07-22 05:45:56,1.49
2026-07-22 05:48:12,1.27
2026-07-22 05:48:44,1.53
2026-07-22 05:49:25,1.47
2026-07-22 05:49:51,1.27
2026-07-22 05:51:18,1.49
2026-07-22 05:52:09,1.48
2026-07-22 05:52:40,1.25
2026-07-22 05:53:52,1.53
2026-07-22 05:54:46,1.29
2026-07-22 05:55:42,1.45
2026-07-22 05:56:50,1.19
2026-07-22 05:57:13,1.46
2026-07-22 05:57:22,1.24
2026-07-22 05:59:25,1.43
2026-07-22 06:00:06,1.19
2026-07-22 06:00:33,1.22
2026-07-22 06:01:31,1.44
2026-07-22 06:02:31,1.33
2026-07-22 06:03:11,1.12
2026-07-22 06:03:48,1.18
2026-07-22 06:04:16,1.35
2026-07-22 06:05:20,1.42
2026-07-22 06:05:33,1.08
2026-07-22 06:08:12,1.33
2026-07-22 06:08:21,1.12
2026-07-22 06:08:39,1.24
2026-07-22 06:09:56,1.10
2026-07-22 06:10:56,1.24
2026-07-22 06:11:31,1.01
2026-07-22 06:11:51,1.23
2026-07-22 06:12:35,1.04
2026-07-22 06:13:43,1.03
2026-07-22 06:14:06,1.22
2026-07-22 06:15:41,1.24
2026-07-22 06:16:28,1.03
2026-07-22 06:17:22,1.05
2026-07-22 06:17:43,1.26
2026-07-22 06:18:39,1.18
2026-07-22 06:19:24,1.00
2026-07-22 06:20:27,1.03
2026-07-22 06:20:51,1.19
2026-07-22 06:21:45,1.16
2026-07-22 06:22:26,0.98
2026-07-22 06:24:28,0.90
2026-07-22 06:24:41,1.12
2026-07-22 06:25:50,1.10
2026-07-22 06:26:28,0.95
2026-07-22 06:27:30,0.93
2026-07-22 06:27:49,1.07
2026-07-22 06:29:02,1.06
2026-07-22 06:29:38,0.93
2026-07-22 06:30:28,1.08
2026-07-22 06:30:46,0.90
2026-07-22 06:31:46,0.87
2026-07-22 06:32:26,1.01
2026-07-22 06:32:48,0.99
2026-07-22 06:32:53,0.96
2026-07-22 06:33:07,1.02
2026-07-22 06:33:11,0.93
2026-07-22 06:34:07,1.04
2026-07-22 06:34:56,0.69
2026-07-22 06:35:28,1.04
2026-07-22 06:35:56,0.64
2026-07-22 06:36:37,0.86
2026-07-22 06:37:22,0.68
2026-07-22 06:38:30,0.66
2026-07-22 06:39:02,0.91
2026-07-22 06:40:19,0.71
2026-07-22 06:40:36,0.94
2026-07-22 06:42:22,0.91
2026-07-22 06:42:54,0.64
2026-07-22 06:44:01,0.70
2026-07-22 06:44:20,0.83
2026-07-22 06:45:00,0.62
2026-07-22 06:45:28,0.85
2026-07-22 06:47:53,0.82
2026-07-22 06:48:06,0.52
2026-07-22 06:48:38,0.57
2026-07-22 06:49:25,0.79
2026-07-22 06:49:56,0.71
2026-07-22 06:50:37,0.53
2026-07-22 06:51:48,0.70
2026-07-22 06:51:58,0.48
2026-07-22 06:53:48,0.68
2026-07-22 06:54:29,0.52
2026-07-22 06:54:47,0.64
2026-07-22 06:55:24,0.46
2026-07-22 06:57:17,0.41
2026-07-22 06:57:40,0.65
2026-07-22 06:58:30,0.59
2026-07-22 06:58:47,0.37
2026-07-22 07:00:23,0.56
2026-07-22 07:00:36,0.37
2026-07-22 07:01:22,0.60
2026-07-22 07:01:59,0.34
2026-07-22 07:03:52,0.35
2026-07-22 07:04:11,0.52
2026-07-22 07:05:42,0.32
2026-07-22 07:05:56,0.82
2026-07-22 07:06:32,0.64
2026-07-22 07:06:50,0.25
2026-07-22 07:09:15,0.40
2026-07-22 07:09:25,0.23
2026-07-22 07:09:56,0.45
2026-07-22 07:10:36,0.20
2026-07-22 07:11:41,0.35
2026-07-22 07:12:40,0.17
2026-07-22 07:13:25,0.28
2026-07-22 07:14:25,0.08
2026-07-22 07:15:23,0.20
2026-07-22 07:15:33,0.04
2026-07-22 07:17:00,0.15
2026-07-22 07:17:31,-0.03
2026-07-22 07:18:16,-0.06
2026-07-22 07:18:35,0.11
2026-07-22 07:19:33,-0.11
2026-07-22 07:21:00,0.04
2026-07-22 07:21:51,0.05
2026-07-22 07:22:32,-0.15
2026-07-22 07:22:49,-0.22
2026-07-22 07:23:07,0.00
2026-07-22 07:25:14,-0.09
2026-07-22 07:25:24,-0.30
2026-07-22 07:26:18,-0.09
2026-07-22 07:27:36,-0.35
2026-07-22 07:27:50,-0.13
2026-07-22 07:29:11,-0.48
2026-07-22 07:29:52,-0.26
2026-07-22 07:30:52,-0.45
2026-07-22 07:31:18,-0.61
2026-07-22 07:31:22,-0.31
2026-07-22 07:33:26,-0.53
2026-07-22 07:35:42,-0.23
2026-07-22 07:36:29,-0.27
2026-07-22 07:37:00,-0.60
2026-07-22 07:37:40,-0.50
2026-07-22 07:37:54,-0.67
2026-07-22 07:39:26,-0.69
2026-07-22 07:39:35,-0.55
2026-07-22 07:41:50,-0.77
2026-07-22 07:42:27,-0.58
2026-07-22 07:43:35,-0.62
2026-07-22 07:43:40,-0.73
2026-07-22 07:45:19,-0.66
2026-07-22 07:45:51,-0.80
2026-07-22 07:46:51,-0.66
2026-07-22 07:46:59,-0.85
2026-07-22 07:48:31,-0.87
2026-07-22 07:48:35,-0.68
2026-07-22 07:49:20,-0.69
2026-07-22 07:50:10,-0.94
2026-07-22 07:51:14,-0.92
2026-07-22 07:52:22,-0.72
2026-07-22 07:52:49,-1.00
2026-07-22 07:52:54,-0.76
2026-07-22 07:54:16,-0.95
2026-07-22 07:55:06,-0.80
2026-07-22 07:56:14,-0.95
2026-07-22 07:56:42,-0.81
2026-07-22 07:57:49,-0.82
2026-07-22 07:58:04,-0.97
2026-07-22 07:59:20,-0.95
2026-07-22 08:00:16,-0.83
2026-07-22 08:01:29,-0.86
2026-07-22 08:02:00,-0.98
2026-07-22 08:03:04,-1.01
2026-07-22 08:03:45,-0.86
2026-07-22 08:04:03,-0.99
2026-07-22 08:05:25,-0.80
2026-07-22 08:06:00,-0.77
2026-07-22 08:07:14,-1.07
2026-07-22 08:07:47,-1.04
2026-07-22 08:08:27,-0.88
2026-07-22 08:09:57,-0.90
2026-07-22 08:10:29,-1.05
2026-07-22 08:12:10,-0.92
2026-07-22 08:12:23,-1.11
2026-07-22 08:12:41,-0.93
2026-07-22 08:14:26,-1.11
2026-07-22 08:14:31,-0.94
2026-07-22 08:16:20,-0.98
2026-07-22 08:17:09,-1.16
2026-07-22 08:17:36,-1.00
2026-07-22 08:18:41,-1.14
2026-07-22 08:20:16,-1.00
2026-07-22 08:20:30,-1.21
2026-07-22 08:21:19,-1.18
2026-07-22 08:21:28,-0.99
2026-07-22 08:22:37,-1.16
2026-07-22 08:23:13,-0.98
2026-07-22 08:24:26,-1.06
2026-07-22 08:24:30,-1.22
2026-07-22 08:26:47,-0.83
2026-07-22 08:26:51,-1.37
2026-07-22 08:27:45,-1.71
2026-07-22 08:27:55,-0.34
2026-07-22 08:29:17,0.08
2026-07-22 08:30:20,-1.49
2026-07-22 08:30:57,-0.78
2026-07-22 08:31:15,-1.51
2026-07-22 08:33:00,-0.77
2026-07-22 08:33:36,-1.62
2026-07-22 08:33:50,-1.69
2026-07-22 08:35:12,-0.95
2026-07-22 08:36:16,-0.93
2026-07-22 08:36:33,-1.40
2026-07-22 08:37:46,-0.66
2026-07-22 08:38:09,-1.60
2026-07-22 08:38:58,-1.78
2026-07-22 08:40:15,-0.64
2026-07-22 08:41:20,-0.82
2026-07-22 08:41:29,-1.46
2026-07-22 08:42:27,-1.01
2026-07-22 08:43:14,-1.43
2026-07-22 08:44:03,-1.45
2026-07-22 08:45:16,-1.00
2026-07-22 08:45:22,-1.02
2026-07-22 08:46:03,-1.41
2026-07-22 08:47:14,-1.11
2026-07-22 08:47:46,-1.35
2026-07-22 08:49:22,-0.68
2026-07-22 08:49:36,-1.44
2026-07-22 08:50:34,-0.85
2026-07-22 08:51:47,-1.49
2026-07-22 08:53:18,-0.69
2026-07-22 08:53:28,-1.57
2026-07-22 08:54:08,-0.83
2026-07-22 08:54:44,-1.54
2026-07-22 08:55:17,-2.04
2026-07-22 08:55:34,-0.38
2026-07-22 08:57:52,-1.67
2026-07-22 08:57:56,-0.30
2026-07-22 08:59:48,-0.21
2026-07-22 09:00:02,-1.75
2026-07-22 09:00:12,-1.83
2026-07-22 09:00:54,-0.76
2026-07-22 09:02:06,-1.41
2026-07-22 09:03:09,-1.08
2026-07-22 09:03:31,-0.90
2026-07-22 09:04:12,-1.69
2026-07-22 09:05:48,-1.08
2026-07-22 09:06:38,-1.48
2026-07-22 09:07:37,-1.10
2026-07-22 09:08:00,-1.47
2026-07-22 09:08:54,-1.38
2026-07-22 09:09:45,-1.09
2026-07-22 09:10:21,-1.75
2026-07-22 09:11:33,-0.76
2026-07-22 09:12:19,-1.82
2026-07-22 09:12:42,-0.94
2026-07-22 09:14:32,-1.58
2026-07-22 09:14:53,-0.96
2026-07-22 09:15:07,-0.63
2026-07-22 09:15:26,-1.64
2026-07-22 09:18:05,-1.46
2026-07-22 09:18:09,-0.98
2026-07-22 09:18:27,-1.39
2026-07-22 09:18:32,-1.20
2026-07-22 09:20:08,-1.24
2026-07-22 09:20:57,-1.40
2026-07-22 09:22:32,-1.70
2026-07-22 09:22:37,-0.77
2026-07-22 09:24:22,-1.64
2026-07-22 09:24:40,-0.99
2026-07-22 09:25:03,-0.94
2026-07-22 09:25:48,-1.46
2026-07-22 09:27:41,-1.65
2026-07-22 09:27:56,-0.67
2026-07-22 09:29:30,-1.72
2026-07-22 09:29:44,-0.70
2026-07-22 09:30:03,-0.91
2026-07-22 09:30:44,-1.87
2026-07-22 09:32:46,-1.77
2026-07-22 09:32:51,-0.64
2026-07-22 09:34:17,-1.80
2026-07-22 09:34:40,-0.68
2026-07-22 09:35:31,-1.61
2026-07-22 09:36:01,-0.43
2026-07-22 09:36:56,-1.02
2026-07-22 09:37:37,-1.42
2026-07-22 09:38:50,-1.46
2026-07-22 09:39:03,-1.07
2026-07-22 09:40:43,-0.68
2026-07-22 09:40:48,-1.47
2026-07-22 09:41:52,-1.67
2026-07-22 09:42:13,-0.99
2026-07-22 09:43:27,-0.74
2026-07-22 09:44:31,-1.60
2026-07-22 09:45:16,-1.48
2026-07-22 09:45:25,-0.85
2026-07-22 09:46:34,-0.86
2026-07-22 09:47:01,-1.71
2026-07-22 09:48:41,-0.64
2026-07-22 09:49:12,-1.63
2026-07-22 09:50:34,-1.37
2026-07-22 09:51:15,-0.94
2026-07-22 09:52:15,-1.39
2026-07-22 09:52:24,-0.87
2026-07-22 09:53:50,-0.96
2026-07-22 09:54:22,-1.36
2026-07-22 09:55:49,-0.85
2026-07-22 09:56:02,-1.54
2026-07-22 09:56:16,-1.37
2026-07-22 09:57:38,-0.94
2026-07-22 09:58:09,-1.03
2026-07-22 09:59:05,-1.30
2026-07-22 10:00:34,-0.90
2026-07-22 10:01:07,-1.32
2026-07-22 10:01:33,-0.98
2026-07-22 10:02:09,-1.29
2026-07-22 10:03:04,-1.01
2026-07-22 10:03:41,-1.31
2026-07-22 10:05:11,-0.78
2026-07-22 10:05:16,-1.21
2026-07-22 10:06:20,-1.32
2026-07-22 10:06:33,-0.80
2026-07-22 10:08:18,-1.21
2026-07-22 10:08:49,-0.95
2026-07-22 10:09:40,-0.92
2026-07-22 10:10:43,-1.19
2026-07-22 10:12:15,-1.41
2026-07-22 10:12:32,-0.94
2026-07-22 10:13:13,-1.20
2026-07-22 10:14:17,-0.96
2026-07-22 10:14:27,-0.97
2026-07-22 10:15:30,-1.18
2026-07-22 10:17:00,-0.82
2026-07-22 10:17:14,-1.31
2026-07-22 10:18:27,-0.60
2026-07-22 10:18:59,-1.44
2026-07-22 10:19:31,-1.38
2026-07-22 10:19:44,-0.41
2026-07-22 10:21:10,-0.65
2026-07-22 10:22:23,-1.20
2026-07-22 10:23:41,-1.18
2026-07-22 10:24:04,-0.83
2026-07-22 10:25:26,-0.87
2026-07-22 10:25:48,-1.11
2026-07-22 10:26:25,-0.58
2026-07-22 10:27:33,-1.17
2026-07-22 10:27:55,-0.39
2026-07-22 10:28:36,-1.32
2026-07-22 10:29:16,-0.76
2026-07-22 10:30:30,-1.39
2026-07-22 10:31:33,-0.66
2026-07-22 10:32:14,-1.06
2026-07-22 10:32:59,-0.71
2026-07-22 10:33:23,-1.07
2026-07-22 10:34:26,-1.03
2026-07-22 10:35:48,-0.60
2026-07-22 10:36:11,-0.53
2026-07-22 10:36:52,-1.00
2026-07-22 10:38:23,-1.25
2026-07-22 10:38:46,-0.73
2026-07-22 10:40:17,-0.69
2026-07-22 10:40:45,-0.97
2026-07-22 10:41:25,-0.91
2026-07-22 10:42:16,-0.44
2026-07-22 10:42:33,-1.00
2026-07-22 10:43:37,-0.62
2026-07-22 10:45:26,-0.51
2026-07-22 10:45:35,-0.92
2026-07-22 10:46:56,-0.46
2026-07-22 10:47:10,-0.95
2026-07-22 10:48:00,-0.65
2026-07-22 10:48:04,-0.89
2026-07-22 10:49:55,-0.85
2026-07-22 10:50:35,-0.57
2026-07-22 10:51:43,-0.49
2026-07-22 10:51:47,-0.81
2026-07-22 10:52:56,-0.95
2026-07-22 10:53:33,-0.41
2026-07-22 10:55:30,-0.97
2026-07-22 10:55:35,-0.37
2026-07-22 10:55:40,-0.96
2026-07-22 10:56:11,-0.26
2026-07-22 10:58:00,0.38
2026-07-22 10:58:51,-0.98
2026-07-22 10:59:04,-0.28
2026-07-22 10:59:13,-0.99
2026-07-22 11:00:45,-0.34
2026-07-22 11:01:33,-0.85
2026-07-22 11:03:09,-0.83
2026-07-22 11:03:18,-0.16
2026-07-22 11:03:59,-0.81
2026-07-22 11:04:32,-0.11
2026-07-22 11:05:49,-1.09
2026-07-22 11:06:16,-0.15
2026-07-22 11:08:14,-0.31
2026-07-22 11:08:28,-0.93
2026-07-22 11:10:13,-0.03
2026-07-22 11:10:17,-1.08
2026-07-22 11:10:30,-0.98
2026-07-22 11:11:47,-0.10
2026-07-22 11:12:52,-0.82
2026-07-22 11:13:05,-0.14
2026-07-22 11:14:13,-0.91
2026-07-22 11:14:26,-0.31
2026-07-22 11:16:07,-0.77
2026-07-22 11:16:11,-0.42
2026-07-22 11:17:32,-0.78
2026-07-22 11:17:38,-0.28
2026-07-22 11:19:46,-0.42
2026-07-22 11:20:03,-0.73
2026-07-22 11:21:25,-0.42
2026-07-22 11:21:42,-0.71
2026-07-22 11:22:37,0.03
2026-07-22 11:23:32,-0.98
2026-07-22 11:24:54,0.17
2026-07-22 11:25:03,-0.90
2026-07-22 11:25:21,0.15
2026-07-22 11:25:34,-0.80
2026-07-22 11:28:05,-1.23
2026-07-22 11:28:36,-0.12
2026-07-22 11:28:46,-0.65
2026-07-22 11:29:53,0.04
2026-07-22 11:30:42,-0.13
2026-07-22 11:30:48,-0.71
2026-07-22 11:32:46,0.02
2026-07-22 11:33:26,-1.08
2026-07-22 11:34:39,0.60
2026-07-22 11:34:44,-0.98
2026-07-22 11:35:17,0.47
2026-07-22 11:36:52,-0.53
2026-07-22 11:37:06,-0.12
2026-07-22 11:37:19,-0.57
2026-07-22 11:39:58,-0.55
2026-07-22 11:40:08,-0.12
2026-07-22 11:41:16,-0.52
2026-07-22 11:41:43,0.03
2026-07-22 11:42:05,-0.47
2026-07-22 11:43:09,-0.11
2026-07-22 11:43:37,-0.44
2026-07-22 11:44:39,0.16
2026-07-22 11:45:30,-0.67
2026-07-22 11:46:07,0.32
2026-07-22 11:46:57,-0.47
2026-07-22 11:47:34,0.17
2026-07-22 11:48:50,-0.36
2026-07-22 11:50:03,-0.09
2026-07-22 11:51:38,-0.34
2026-07-22 11:51:44,-0.08
2026-07-22 11:52:55,-0.32
2026-07-22 11:53:10,-0.03
2026-07-22 11:53:32,-0.29
2026-07-22 11:54:32,-0.06
2026-07-22 11:55:26,-0.10
2026-07-22 11:56:07,-0.29
2026-07-22 11:57:29,-0.30
2026-07-22 11:58:19,-0.09
2026-07-22 11:58:50,-0.29
2026-07-22 11:58:55,0.03
2026-07-22 12:01:19,0.13
2026-07-22 12:01:29,-0.53
2026-07-22 12:01:47,-0.66
2026-07-22 12:02:42,0.35
2026-07-22 12:03:50,0.45
2026-07-22 12:03:59,-0.59
2026-07-22 12:05:03,-0.37
2026-07-22 12:05:43,0.09
2026-07-22 12:07:51,-0.26
2026-07-22 12:09:04,-0.49
2026-07-22 12:09:18,0.05
2026-07-22 12:10:08,-0.34
2026-07-22 12:10:21,0.06
2026-07-22 12:11:53,-0.02
2026-07-22 12:12:47,-0.32
2026-07-22 12:13:23,-0.22
2026-07-22 12:14:22,0.16
2026-07-22 12:15:30,-0.34
2026-07-22 12:15:57,0.14
2026-07-22 12:16:52,0.13
2026-07-22 12:17:01,-0.46
2026-07-22 12:18:55,0.15
2026-07-22 12:19:40,-0.38
2026-07-22 12:19:50,-0.44
2026-07-22 12:20:17,0.11
2026-07-22 12:21:34,-0.14
2026-07-22 12:22:51,0.02
2026-07-22 12:23:46,-0.10
2026-07-22 12:24:13,0.14
2026-07-22 12:24:53,-0.14
2026-07-22 12:26:20,0.29
2026-07-22 12:27:15,-0.15
2026-07-22 12:27:46,0.17
2026-07-22 12:28:05,0.24
2026-07-22 12:28:14,-0.18
2026-07-22 12:30:45,0.28
2026-07-22 12:31:02,-0.29
2026-07-22 12:32:10,0.19
2026-07-22 12:32:43,-0.15
2026-07-22 12:33:33,0.20
2026-07-22 12:33:59,-0.15
2026-07-22 12:35:21,-0.12
2026-07-22 12:36:02,0.35
2026-07-22 12:37:47,-0.30
2026-07-22 12:37:52,0.33
2026-07-22 12:38:14,-0.12
2026-07-22 12:39:31,0.21
2026-07-22 12:40:53,-0.22
2026-07-22 12:41:08,0.23
2026-07-22 12:41:25,0.24
2026-07-22 12:41:34,-0.11
2026-07-22 12:44:08,0.29
2026-07-22 12:44:26,-0.23
2026-07-22 12:44:59,0.37
2026-07-22 12:45:22,-0.13
2026-07-22 12:47:38,0.49
2026-07-22 12:47:42,-0.50
2026-07-22 12:49:04,-0.38
2026-07-22 12:49:18,0.57
2026-07-22 12:49:32,-0.28
2026-07-22 12:50:17,0.34
2026-07-22 12:51:34,0.37
2026-07-22 12:51:43,-0.01
2026-07-22 12:53:38,-0.18
2026-07-22 12:54:08,0.35
2026-07-22 12:54:45,0.34
2026-07-22 12:55:03,-0.14
2026-07-22 12:56:34,0.48
2026-07-22 12:56:57,-0.10
2026-07-22 12:57:48,0.05
2026-07-22 12:59:13,0.43
2026-07-22 12:59:44,-0.13
2026-07-22 13:00:53,0.40
2026-07-22 13:01:21,0.26
2026-07-22 13:02:32,-0.14
2026-07-22 13:03:59,-0.17
2026-07-22 13:04:18,0.38
2026-07-22 13:04:22,0.00
2026-07-22 13:04:27,0.40
2026-07-22 13:07:23,-0.14
2026-07-22 13:07:29,0.32
2026-07-22 13:07:52,0.60
2026-07-22 13:09:09,-0.18
2026-07-22 13:09:45,-0.42
2026-07-22 13:09:59,0.42
2026-07-22 13:11:49,0.52
2026-07-22 13:12:19,-0.12
2026-07-22 13:12:47,-0.15
2026-07-22 13:13:00,0.51
2026-07-22 13:14:49,0.69
2026-07-22 13:14:54,-0.18
2026-07-22 13:16:48,0.61
2026-07-22 13:17:24,-0.25
2026-07-22 13:17:50,0.55
2026-07-22 13:18:23,-0.04
2026-07-22 13:19:41,-0.05
2026-07-22 13:20:08,0.41
2026-07-22 13:20:53,-0.04
2026-07-22 13:21:56,0.43
2026-07-22 13:23:23,0.38
2026-07-22 13:24:04,0.03
2026-07-22 13:24:49,0.06
2026-07-22 13:25:40,0.47
2026-07-22 13:25:49,-0.02
2026-07-22 13:27:01,0.53
2026-07-22 13:28:28,0.33
2026-07-22 13:28:55,-0.03
2026-07-22 13:29:22,-0.07
2026-07-22 13:30:40,0.48
2026-07-22 13:31:34,-0.07
2026-07-22 13:32:06,0.64
2026-07-22 13:34:00,0.00
2026-07-22 13:34:59,0.09
2026-07-22 13:35:27,1.34
2026-07-22 13:36:03,0.92
2026-07-22 13:37:06,0.03
2026-07-22 13:38:10,0.10
2026-07-22 13:38:27,0.76
2026-07-22 13:40:13,0.63
2026-07-22 13:40:26,0.21
2026-07-22 13:41:20,0.16
2026-07-22 13:41:56,0.88
2026-07-22 13:42:56,-0.14
2026-07-22 13:43:51,0.93
2026-07-22 13:44:04,0.86
2026-07-22 13:44:17,0.06
2026-07-22 13:45:53,0.05
2026-07-22 13:46:52,0.63
2026-07-22 13:47:38,0.89
2026-07-22 13:48:46,0.01
2026-07-22 13:49:49,0.07
2026-07-22 13:50:03,0.66
2026-07-22 13:51:48,0.60
2026-07-22 13:52:02,-0.08
2026-07-22 13:52:20,0.62
2026-07-22 13:53:28,-0.11
2026-07-22 13:54:41,0.04
2026-07-22 13:54:55,0.56
2026-07-22 13:56:47,0.55
2026-07-22 13:57:01,0.04
2026-07-22 13:57:28,0.90
2026-07-22 13:58:24,-0.36
2026-07-22 13:59:01,0.24
2026-07-22 13:59:27,0.83
2026-07-22 14:00:31,0.07
2026-07-22 14:01:38,0.68
2026-07-22 14:03:05,0.65
2026-07-22 14:03:41,0.03
2026-07-22 14:04:50,0.64
2026-07-22 14:05:40,0.70
2026-07-22 14:06:21,0.02
2026-07-22 14:07:10,0.70
2026-07-22 14:07:55,0.08
2026-07-22 14:08:56,0.05
2026-07-22 14:09:17,0.43
2026-07-22 14:10:58,0.50
2026-07-22 14:11:57,-0.04
2026-07-22 14:13:06,0.74
2026-07-22 14:13:38,-0.24
2026-07-22 14:13:56,0.71
2026-07-22 14:14:36,0.13
2026-07-22 14:16:15,1.43
2026-07-22 14:16:35,-0.16
2026-07-22 14:17:48,0.68
2026-07-22 14:18:23,0.07
2026-07-22 14:18:42,0.61
2026-07-22 14:18:50,-0.12
2026-07-22 14:20:35,0.17
2026-07-22 14:21:44,0.64
2026-07-22 14:22:02,0.04
2026-07-22 14:23:20,0.54
2026-07-22 14:23:37,0.06
2026-07-22 14:24:45,0.97
2026-07-22 14:25:54,1.16
2026-07-22 14:26:21,-0.07
2026-07-22 14:27:15,-0.12
2026-07-22 14:27:34,0.96
2026-07-22 14:28:45,0.28
2026-07-22 14:29:23,1.28
2026-07-22 14:30:22,0.77
2026-07-22 14:30:45,0.24
2026-07-22 14:31:53,0.20
2026-07-22 14:33:15,0.73
2026-07-22 14:34:05,0.84
2026-07-22 14:34:14,0.01
2026-07-22 14:35:44,0.60
2026-07-22 14:36:16,-0.07
2026-07-22 14:37:16,0.51
2026-07-22 14:37:57,0.06
2026-07-22 14:39:18,0.48
2026-07-22 14:39:40,0.11
2026-07-22 14:41:07,0.51
2026-07-22 14:41:12,0.10
2026-07-22 14:41:57,0.49
2026-07-22 14:42:33,0.10
2026-07-22 14:44:41,0.49
2026-07-22 14:45:03,0.69
2026-07-22 14:45:26,-0.11
2026-07-22 14:46:47,0.80
2026-07-22 14:47:42,0.03
2026-07-22 14:49:40,0.06
2026-07-22 14:49:46,0.65
2026-07-22 14:50:44,-0.11
2026-07-22 14:51:16,0.85
2026-07-22 14:52:02,0.57
2026-07-22 14:52:28,0.15
2026-07-22 14:53:36,0.18
2026-07-22 14:54:00,0.57
2026-07-22 14:55:07,1.01
2026-07-22 14:55:25,0.13
2026-07-22 14:57:33,0.64
2026-07-22 14:58:32,0.18
2026-07-22 14:59:27,0.64
2026-07-22 15:00:30,0.62
2026-07-22 15:01:02,0.09
2026-07-22 15:01:43,0.65
2026-07-22 15:02:09,0.09
2026-07-22 15:03:09,0.21
2026-07-22 15:04:31,0.53
2026-07-22 15:05:21,0.63
2026-07-22 15:05:44,0.15
2026-07-22 15:06:33,-0.24
2026-07-22 15:07:06,1.07
2026-07-22 15:08:27,0.22
2026-07-22 15:09:18,0.70
2026-07-22 15:10:21,0.29
2026-07-22 15:12:02,0.53
2026-07-22 15:12:51,0.17
2026-07-22 15:13:37,0.68
2026-07-22 15:14:53,0.71
2026-07-22 15:15:25,0.27
2026-07-22 15:17:19,0.67
2026-07-22 15:17:27,0.04
2026-07-22 15:19:13,1.17
2026-07-22 15:19:27,0.10
2026-07-22 15:19:49,-0.20
2026-07-22 15:20:16,0.84
2026-07-22 15:22:28,1.06
2026-07-22 15:22:32,-0.30
2026-07-22 15:23:10,0.01
2026-07-22 15:23:18,1.78
2026-07-22 15:24:36,0.07
2026-07-22 15:25:26,0.88
2026-07-22 15:26:56,0.19
2026-07-22 15:27:33,0.65
2026-07-22 15:28:27,-0.16
2026-07-22 15:29:16,0.67
2026-07-22 15:30:24,0.68
2026-07-22 15:31:06,0.09
2026-07-22 15:31:24,0.17
2026-07-22 15:31:30,0.75
2026-07-22 15:33:13,0.23
2026-07-22 15:33:59,0.84
2026-07-22 15:34:53,0.03
2026-07-22 15:36:01,0.78
2026-07-22 15:36:15,0.57
2026-07-22 15:37:42,0.01
2026-07-22 15:37:59,0.15
2026-07-22 15:38:03,0.65
2026-07-22 15:39:50,0.76
2026-07-22 15:40:52,0.16
2026-07-22 15:41:28,0.58
2026-07-22 15:41:52,0.11
2026-07-22 15:43:45,0.18
2026-07-22 15:43:59,0.58
2026-07-22 15:44:34,-0.06
2026-07-22 15:45:11,0.65
2026-07-22 15:46:20,0.64
2026-07-22 15:47:19,-0.10
2026-07-22 15:48:31,0.24
2026-07-22 15:48:58,0.60
2026-07-22 15:49:31,0.57
2026-07-22 15:49:39,0.14
2026-07-22 15:51:43,-0.19
2026-07-22 15:51:47,1.06
2026-07-22 15:52:41,0.92
2026-07-22 15:53:41,-0.11
2026-07-22 15:54:27,0.32
2026-07-22 15:55:12,0.90
2026-07-22 15:56:29,0.13
2026-07-22 15:57:32,0.71
2026-07-22 15:59:07,0.83
2026-07-22 15:59:12,0.01
2026-07-22 15:59:31,0.98
2026-07-22 15:59:52,0.29
2026-07-22 16:02:06,0.23
2026-07-22 16:02:32,0.73
2026-07-22 16:03:17,0.83
2026-07-22 16:03:54,0.17
2026-07-22 16:04:17,0.25
2026-07-22 16:05:39,1.17
2026-07-22 16:06:16,0.95
2026-07-22 16:06:42,0.11
2026-07-22 16:07:55,0.78
2026-07-22 16:08:23,0.13
2026-07-22 16:10:07,0.14
2026-07-22 16:10:16,0.79
2026-07-22 16:11:07,0.13
2026-07-22 16:12:09,0.76
2026-07-22 16:13:28,1.04
2026-07-22 16:13:45,0.25
2026-07-22 16:14:13,0.88
2026-07-22 16:14:58,0.36
2026-07-22 16:15:52,0.73
2026-07-22 16:16:11,0.34
2026-07-22 16:18:23,0.67
2026-07-22 16:18:40,0.28
2026-07-22 16:19:03,0.39
2026-07-22 16:20:12,0.85
2026-07-22 16:20:52,0.37
2026-07-22 16:22:01,0.73
2026-07-22 16:23:09,0.84
2026-07-22 16:23:17,0.34
2026-07-22 16:24:44,0.78
2026-07-22 16:25:08,0.35
2026-07-22 16:25:49,0.37
2026-07-22 16:26:43,0.99
2026-07-22 16:27:28,0.85
2026-07-22 16:28:04,0.52
2026-07-22 16:30:08,0.82
2026-07-22 16:30:21,0.26
2026-07-22 16:31:24,0.46
2026-07-22 16:31:51,0.89
2026-07-22 16:32:56,0.81
2026-07-22 16:33:09,0.61
2026-07-22 16:35:07,0.53
2026-07-22 16:35:26,1.36
2026-07-22 16:35:34,1.25
2026-07-22 16:36:57,0.49
2026-07-22 16:37:19,0.82
2026-07-22 16:37:37,0.43
2026-07-22 16:39:17,0.79
2026-07-22 16:39:36,0.50
2026-07-22 16:41:16,0.84
2026-07-22 16:42:05,0.31
2026-07-22 16:42:18,0.22
2026-07-22 16:42:28,0.93
2026-07-22 16:44:32,0.82
2026-07-22 16:45:26,0.24
2026-07-22 16:45:34,0.20
2026-07-22 16:46:01,1.17
2026-07-22 16:47:36,0.03
2026-07-22 16:47:46,1.33
2026-07-22 16:48:55,0.23
2026-07-22 16:48:59,1.25
2026-07-22 16:50:57,0.54
2026-07-22 16:51:15,0.90
2026-07-22 16:52:28,0.45
2026-07-22 16:52:56,0.83
2026-07-22 16:54:17,0.48
2026-07-22 16:54:48,0.99
2026-07-22 16:55:25,1.20
2026-07-22 16:56:11,0.42
2026-07-22 16:57:02,1.03
2026-07-22 16:57:42,0.47
2026-07-22 16:58:40,0.53
2026-07-22 16:58:50,1.03
2026-07-22 17:01:25,0.92
2026-07-22 17:01:46,0.65
2026-07-22 17:02:41,0.43
2026-07-22 17:03:04,0.84
2026-07-22 17:03:50,0.57
2026-07-22 17:04:00,0.98
2026-07-22 17:05:34,0.53
2026-07-22 17:05:43,0.91
2026-07-22 17:06:56,0.56
2026-07-22 17:07:47,0.91
2026-07-22 17:08:45,0.86
2026-07-22 17:09:17,0.53
2026-07-22 17:09:25,0.71
2026-07-22 17:09:31,0.74
2026-07-22 17:09:40,0.84
2026-07-22 17:09:58,0.57
2026-07-22 17:10:12,0.53
2026-07-22 17:10:53,0.90
2026-07-22 17:11:56,0.80
2026-07-22 17:12:37,0.51
2026-07-22 17:14:12,0.92
2026-07-22 17:14:26,0.59
2026-07-22 17:15:39,0.53
2026-07-22 17:15:43,0.85
2026-07-22 17:17:32,0.56
2026-07-22 17:17:45,0.93
2026-07-22 17:18:40,0.60
2026-07-22 17:19:40,0.95
2026-07-22 17:20:34,0.88
2026-07-22 17:21:10,0.63
2026-07-22 17:21:51,0.90
2026-07-22 17:22:14,0.68
2026-07-22 17:24:35,0.94
2026-07-22 17:24:39,0.64
2026-07-22 17:26:01,0.89
2026-07-22 17:26:47,0.71
2026-07-22 17:26:57,0.89
2026-07-22 17:29:44,0.64
2026-07-22 17:29:57,0.93
2026-07-22 17:30:39,0.61
2026-07-22 17:30:53,1.11
2026-07-22 17:31:48,0.98
2026-07-22 17:32:09,0.71
2026-07-22 17:34:30,0.72
2026-07-22 17:34:49,1.27
2026-07-22 17:35:17,1.17
2026-07-22 17:36:32,0.67
2026-07-22 17:36:42,0.63
2026-07-22 17:37:54,1.00
2026-07-22 17:38:18,0.98
2026-07-22 17:38:22,0.71
2026-07-22 17:40:12,0.99
2026-07-22 17:41:29,0.69
2026-07-22 17:42:37,0.97
2026-07-22 17:43:09,0.67
2026-07-22 17:44:17,0.70
2026-07-22 17:44:30,1.02
2026-07-22 17:45:29,0.76
2026-07-22 17:45:52,1.02
2026-07-22 17:47:10,0.65
2026-07-22 17:47:27,1.06
2026-07-22 17:49:08,1.15
2026-07-22 17:49:16,0.73
2026-07-22 17:50:20,0.99
2026-07-22 17:50:48,0.78
2026-07-22 17:52:00,0.82
2026-07-22 17:52:37,1.05
2026-07-22 17:53:22,0.76
2026-07-22 17:53:45,1.11
2026-07-22 17:55:11,0.80
2026-07-22 17:55:33,1.18
2026-07-22 17:56:28,1.10
2026-07-22 17:57:13,0.87
2026-07-22 17:59:02,0.80
2026-07-22 17:59:39,1.07
2026-07-22 18:01:10,0.70
2026-07-22 18:01:18,1.05
2026-07-22 18:02:13,1.11
2026-07-22 18:02:32,0.80
2026-07-22 18:03:08,1.01
2026-07-22 18:03:49,0.76
2026-07-22 18:05:33,1.11
2026-07-22 18:05:38,0.61
2026-07-22 18:06:47,0.94
2026-07-22 18:07:04,0.66
2026-07-22 18:09:16,0.88
2026-07-22 18:09:26,0.63
2026-07-22 18:10:52,0.65
2026-07-22 18:11:05,0.96
2026-07-22 18:12:05,0.98
2026-07-22 18:12:26,0.64
2026-07-22 18:13:26,0.54
2026-07-22 18:13:45,1.09
2026-07-22 18:15:38,1.03
2026-07-22 18:16:09,0.58
2026-07-22 18:16:55,0.67
2026-07-22 18:17:50,1.15
2026-07-22 18:17:59,0.70
2026-07-22 18:18:13,1.11
2026-07-22 18:20:19,0.72
2026-07-22 18:20:52,1.11
2026-07-22 18:22:22,0.29
2026-07-22 18:22:26,1.29
2026-07-22 18:22:59,0.63
2026-07-22 18:23:21,1.22
2026-07-22 18:24:48,1.15
2026-07-22 18:25:07,0.63
2026-07-22 18:26:23,0.70
2026-07-22 18:27:36,1.15
2026-07-22 18:28:54,1.45
2026-07-22 18:29:11,0.53
2026-07-22 18:29:30,1.35
2026-07-22 18:30:15,0.65
2026-07-22 18:31:19,0.78
2026-07-22 18:31:54,1.25
2026-07-22 18:33:45,0.63
2026-07-22 18:34:11,1.45
2026-07-22 18:34:39,1.21
2026-07-22 18:35:10,0.65
2026-07-22 18:36:19,0.85
2026-07-22 18:37:00,1.17
2026-07-22 18:38:08,1.22
2026-07-22 18:38:25,0.57
2026-07-22 18:39:39,0.69
2026-07-22 18:40:29,1.20
2026-07-22 18:41:37,0.51
2026-07-22 18:42:05,1.00
2026-07-22 18:43:03,1.71
2026-07-22 18:44:08,0.72
2026-07-22 18:44:53,1.12
2026-07-22 18:45:47,0.21
2026-07-22 18:46:00,1.15
2026-07-22 18:46:19,0.20
2026-07-22 18:48:53,0.66
2026-07-22 18:48:59,1.31
2026-07-22 18:49:16,0.96
2026-07-22 18:49:34,0.61
2026-07-22 18:51:05,0.59
2026-07-22 18:51:32,0.91
2026-07-22 18:53:03,0.85
2026-07-22 18:53:58,0.57
2026-07-22 18:54:11,0.83
2026-07-22 18:55:38,0.59
2026-07-22 18:56:32,0.87
2026-07-22 18:56:51,0.54
2026-07-22 18:58:44,0.83
2026-07-22 18:59:02,0.51
2026-07-22 18:59:26,0.42
2026-07-22 18:59:48,0.76
2026-07-22 19:00:48,0.75
2026-07-22 19:01:05,0.53
2026-07-22 19:02:31,0.73
2026-07-22 19:02:58,0.52
2026-07-22 19:04:38,0.50
2026-07-22 19:05:02,0.76
2026-07-22 19:05:43,0.75
2026-07-22 19:06:00,0.49
2026-07-22 19:08:13,0.47
2026-07-22 19:08:48,0.66
2026-07-22 19:09:29,0.47
2026-07-22 19:10:02,0.64
2026-07-22 19:11:01,0.66
2026-07-22 19:12:00,0.49
2026-07-22 19:13:26,0.66
2026-07-22 19:13:48,0.41
2026-07-22 19:14:43,0.66
2026-07-22 19:14:58,0.37
2026-07-22 19:15:56,0.71
2026-07-22 19:16:06,0.39
2026-07-22 19:18:02,0.57
2026-07-22 19:18:44,0.30
2026-07-22 19:18:58,0.58
2026-07-22 19:19:29,0.32
2026-07-22 19:21:14,0.36
2026-07-22 19:21:32,0.56
2026-07-22 19:22:50,0.55
2026-07-22 19:22:54,0.25
2026-07-22 19:24:20,0.35
2026-07-22 19:25:07,0.51
2026-07-22 19:25:37,0.29
2026-07-22 19:26:18,0.51
2026-07-22 19:27:18,0.29
2026-07-22 19:28:12,0.48
2026-07-22 19:29:43,0.45
2026-07-22 19:30:01,0.25
2026-07-22 19:30:33,0.28
2026-07-22 19:31:10,0.45
2026-07-22 19:32:22,0.49
2026-07-22 19:32:31,0.23
2026-07-22 19:34:20,0.26
2026-07-22 19:34:53,0.49
2026-07-22 19:36:00,0.48
2026-07-22 19:36:45,0.13
2026-07-22 19:37:40,0.18
2026-07-22 19:37:44,0.46
2026-07-22 19:38:49,0.17
2026-07-22 19:39:03,0.42
2026-07-22 19:40:51,0.20
2026-07-22 19:41:36,0.40
2026-07-22 19:42:00,0.44
2026-07-22 19:42:50,0.11
2026-07-22 19:43:54,0.35
2026-07-22 19:44:48,0.09
2026-07-22 19:45:47,0.10
2026-07-22 19:46:42,0.35
2026-07-22 19:47:27,0.00
2026-07-22 19:47:50,0.42
2026-07-22 19:48:39,0.01
2026-07-22 19:48:58,0.35
2026-07-22 19:50:16,0.34
2026-07-22 19:51:46,0.06
2026-07-22 19:52:04,0.27
2026-07-22 19:52:31,0.01
2026-07-22 19:53:40,0.41
2026-07-22 19:53:45,0.07
2026-07-22 19:56:05,0.30
2026-07-22 19:56:18,-0.03
2026-07-22 19:57:23,0.01
2026-07-22 19:57:27,0.32
2026-07-22 19:58:31,-0.04
2026-07-22 19:59:30,0.31
2026-07-22 20:00:11,0.36
2026-07-22 20:01:20,0.04
2026-07-22 20:02:05,0.25
2026-07-22 20:03:16,-0.11
2026-07-22 20:04:07,-0.16
2026-07-22 20:04:30,0.30
2026-07-22 20:05:30,0.22
2026-07-22 20:05:34,-0.05
2026-07-22 20:07:09,0.24
2026-07-22 20:07:13,-0.01
2026-07-22 20:08:59,-0.11
2026-07-22 20:09:17,0.17
2026-07-22 20:10:15,0.28
2026-07-22 20:10:56,-0.13
2026-07-22 20:12:23,0.21
2026-07-22 20:13:03,-0.06
2026-07-22 20:14:17,-0.18
2026-07-22 20:14:35,0.16
2026-07-22 20:15:06,0.18
2026-07-22 20:15:25,-0.16
2026-07-22 20:16:42,-0.21
2026-07-22 20:17:32,0.10
2026-07-22 20:18:35,0.21
2026-07-22 20:18:58,-0.20
2026-07-22 20:20:20,-0.21
2026-07-22 20:20:38,0.16
2026-07-22 20:22:14,0.13
2026-07-22 20:22:40,-0.23
2026-07-22 20:24:06,-0.25
2026-07-22 20:24:44,0.25
2026-07-22 20:25:39,0.14
2026-07-22 20:25:47,-0.30
2026-07-22 20:27:09,-0.26
2026-07-22 20:28:08,0.17
2026-07-22 20:28:58,-0.24
2026-07-22 20:29:12,0.21
2026-07-22 20:30:38,0.03
2026-07-22 20:31:23,-0.32
2026-07-22 20:31:51,0.02
2026-07-22 20:32:37,-0.44
2026-07-22 20:34:20,-0.47
2026-07-22 20:34:34,0.24
2026-07-22 20:35:51,-0.54
2026-07-22 20:36:06,0.08
2026-07-22 20:36:41,0.18
2026-07-22 20:36:55,-0.25
2026-07-22 20:38:13,0.10
2026-07-22 20:39:30,-0.36
2026-07-22 20:40:57,-0.37
2026-07-22 20:41:14,-0.01
2026-07-22 20:42:18,0.01
2026-07-22 20:42:45,-0.53
2026-07-22 20:43:34,0.02
2026-07-22 20:43:59,-0.50
2026-07-22 20:45:24,-0.47
2026-07-22 20:45:38,0.07
2026-07-22 20:47:13,0.03
2026-07-22 20:47:36,-0.42
2026-07-22 20:48:22,0.02
2026-07-22 20:48:58,-0.48
2026-07-22 20:50:38,0.02
2026-07-22 20:51:09,-0.43
2026-07-22 20:51:28,-0.50
2026-07-22 20:51:38,-0.03
2026-07-22 20:54:21,-0.48
2026-07-22 20:54:25,0.18
2026-07-22 20:54:56,0.03
2026-07-22 20:55:20,-0.45
2026-07-22 20:56:36,0.07
2026-07-22 20:57:31,-0.57
2026-07-22 20:58:31,-0.49
2026-07-22 20:58:44,0.02
2026-07-22 20:59:38,-0.76
2026-07-22 21:00:33,0.40
2026-07-22 21:02:04,-0.35
2026-07-22 21:02:49,-0.01
2026-07-22 21:03:17,0.06
2026-07-22 21:03:21,-0.42
2026-07-22 21:05:01,-0.72
2026-07-22 21:05:29,0.21
2026-07-22 21:06:10,-0.53
2026-07-22 21:07:04,-0.05
2026-07-22 21:08:17,0.03
2026-07-22 21:08:21,-0.49
2026-07-22 21:09:34,-0.52
2026-07-22 21:11:00,0.04
2026-07-22 21:11:54,-0.49
2026-07-22 21:13:16,-0.43
2026-07-22 21:13:21,-0.16
2026-07-22 21:15:10,-0.10
2026-07-22 21:15:33,-0.35
2026-07-22 21:16:18,-0.11
2026-07-22 21:16:50,-0.50
2026-07-22 21:18:12,-0.51
2026-07-22 21:18:39,-0.19
2026-07-22 21:19:43,-0.54
2026-07-22 21:20:14,-0.08
2026-07-22 21:21:45,-0.55
2026-07-22 21:22:03,-0.09
2026-07-22 21:22:49,-0.62
2026-07-22 21:23:22,-0.10
2026-07-22 21:25:05,-0.88
2026-07-22 21:25:42,0.08
2026-07-22 21:27:08,-0.04
2026-07-22 21:27:13,-0.69
2026-07-22 21:28:17,-0.58
2026-07-22 21:29:02,0.08
2026-07-22 21:29:20,-0.57
2026-07-22 21:29:47,0.08
2026-07-22 21:31:55,0.02
2026-07-22 21:32:03,-0.42
2026-07-22 21:33:34,-0.53
2026-07-22 21:33:38,0.06
2026-07-22 21:34:30,-0.09
2026-07-22 21:34:47,-0.63
2026-07-22 21:35:55,-0.64
2026-07-22 21:36:32,-0.13
2026-07-22 21:37:30,-0.19
2026-07-22 21:37:39,-0.59
2026-07-22 21:39:55,-0.16
2026-07-22 21:40:14,-0.67
2026-07-22 21:40:55,-0.17
2026-07-22 21:41:13,-0.59
2026-07-22 21:42:35,-0.68
2026-07-22 21:43:34,-0.16
2026-07-22 21:44:11,-0.61
2026-07-22 21:44:15,-0.20
2026-07-22 21:45:46,-0.57
2026-07-22 21:46:04,-0.11
2026-07-22 21:48:25,-0.08
2026-07-22 21:48:29,-0.70
2026-07-22 21:50:09,-0.63
2026-07-22 21:50:19,-0.12
2026-07-22 21:51:50,-0.58
2026-07-22 21:51:55,-0.07
2026-07-22 21:53:52,-0.05
2026-07-22 21:53:58,-0.59
2026-07-22 21:54:06,-0.62
2026-07-22 21:54:56,-0.16
2026-07-22 21:56:35,-0.17
2026-07-22 21:56:45,-0.57
2026-07-22 21:58:34,-0.54
2026-07-22 21:58:43,-0.01
2026-07-22 21:59:06,-0.51
2026-07-22 21:59:51,-0.23
2026-07-22 22:00:37,-0.12
2026-07-22 22:02:04,-0.51
2026-07-22 22:03:20,-0.10
2026-07-22 22:03:25,-0.59
2026-07-22 22:04:06,-0.48
2026-07-22 22:04:56,0.11
2026-07-22 22:05:51,-0.43
2026-07-22 22:06:05,-0.05
2026-07-22 22:07:17,-0.15
2026-07-22 22:08:16,-0.38
2026-07-22 22:10:14,-0.60
2026-07-22 22:10:28,0.10
2026-07-22 22:10:32,-0.49
2026-07-22 22:10:55,-0.02
2026-07-22 22:12:49,-0.63
2026-07-22 22:13:20,-0.13
2026-07-22 22:13:57,-0.49
2026-07-22 22:14:24,0.08
2026-07-22 22:15:29,0.01
2026-07-22 22:16:41,-0.45
2026-07-22 22:17:30,-0.46
2026-07-22 22:18:30,-0.10
2026-07-22 22:19:32,-0.19
2026-07-22 22:20:05,-0.41
2026-07-22 22:20:55,-0.18
2026-07-22 22:21:18,-0.44
2026-07-22 22:23:29,-0.01
2026-07-22 22:24:01,-0.39
2026-07-22 22:24:11,-0.07
2026-07-22 22:25:23,-0.44
2026-07-22 22:25:42,-0.02
2026-07-22 22:27:44,-0.40
2026-07-22 22:28:08,-0.13
2026-07-22 22:29:11,-0.34
2026-07-22 22:30:00,0.04
2026-07-22 22:30:32,-0.44
2026-07-22 22:30:37,0.06
2026-07-22 22:32:03,0.00
2026-07-22 22:32:59,-0.34
2026-07-22 22:33:43,-0.02
2026-07-22 22:34:33,-0.33
2026-07-22 22:36:18,0.04
2026-07-22 22:36:41,-0.31
2026-07-22 22:37:49,-0.32
2026-07-22 22:38:26,0.04
2026-07-22 22:38:34,-0.29
2026-07-22 22:38:57,-0.02
2026-07-22 22:40:24,0.04
2026-07-22 22:40:42,-0.26
2026-07-22 22:43:21,0.05
2026-07-22 22:43:57,0.07
2026-07-22 22:44:29,-0.25
2026-07-22 22:46:22,-0.33
2026-07-22 22:46:26,0.05
2026-07-22 22:47:22,-0.27
2026-07-22 22:48:21,0.01
2026-07-22 22:48:47,0.00
2026-07-22 22:49:24,-0.29
2026-07-22 22:51:23,-0.20
2026-07-22 22:51:32,0.05
2026-07-22 22:52:44,-0.18
2026-07-22 22:53:03,0.05
2026-07-22 22:54:42,0.13
2026-07-22 22:54:56,-0.13
2026-07-22 22:55:05,-0.09
2026-07-22 22:56:22,0.14
2026-07-22 22:57:27,-0.09
2026-07-22 22:57:35,0.20
2026-07-22 22:59:07,-0.03
2026-07-22 23:00:36,-0.07
2026-07-22 23:01:32,0.16
2026-07-22 23:02:08,0.21
2026-07-22 23:02:31,-0.04
2026-07-22 23:03:25,-0.01
2026-07-22 23:04:29,0.23
2026-07-22 23:05:14,0.00
2026-07-22 23:06:32,0.29
2026-07-22 23:06:50,0.42
2026-07-22 23:07:59,0.03
2026-07-22 23:09:30,0.26
2026-07-22 23:09:44,0.04
2026-07-22 23:10:14,0.00
2026-07-22 23:10:24,0.30
2026-07-22 23:11:55,-0.03
2026-07-22 23:12:50,0.22
2026-07-22 23:14:30,0.01
2026-07-22 23:14:44,0.31
2026-07-22 23:15:06,0.27
2026-07-22 23:15:21,0.08
2026-07-22 23:16:46,0.32
2026-07-22 23:17:31,0.09
2026-07-22 23:19:35,0.30
2026-07-22 23:20:25,0.10
2026-07-22 23:21:50,0.40
2026-07-22 23:22:37,0.14
2026-07-22 23:23:31,0.32
2026-07-22 23:24:43,0.17
2026-07-22 23:25:10,0.22
2026-07-22 23:25:37,0.42
2026-07-22 23:26:50,0.17
2026-07-22 23:27:36,0.40
2026-07-22 23:28:31,0.21
2026-07-22 23:28:58,0.62
2026-07-22 23:29:43,0.14
2026-07-22 23:31:20,0.46
2026-07-22 23:31:41,0.24
2026-07-22 23:32:31,0.51
2026-07-22 23:33:08,0.32
2026-07-22 23:33:30,0.49
2026-07-22 23:35:43,0.51
2026-07-22 23:36:10,0.29
2026-07-22 23:37:05,0.31
2026-07-22 23:37:42,0.52
2026-07-22 23:38:53,0.49
2026-07-22 23:39:12,0.21
2026-07-22 23:40:38,0.58
2026-07-22 23:40:51,0.26
2026-07-22 23:41:15,0.54
2026-07-22 23:41:33,0.32
2026-07-22 23:43:54,0.36
2026-07-22 23:44:03,0.69
2026-07-22 23:45:11,0.41
2026-07-22 23:46:11,0.63
2026-07-22 23:46:15,0.34
2026-07-22 23:47:32,0.63
2026-07-22 23:48:49,0.45
2026-07-22 23:49:16,0.63
2026-07-22 23:49:35,0.70
2026-07-22 23:50:29,0.47
2026-07-22 23:51:33,0.43
2026-07-22 23:51:50,0.77
2026-07-22 23:52:55,0.53
2026-07-22 23:53:37,0.66
2026-07-22 23:55:12,0.44
2026-07-22 23:55:39,0.71
2026-07-22 23:56:10,0.45
2026-07-22 23:57:41,0.75
2026-07-22 23:58:09,0.47
2026-07-22 23:58:18,0.66
2026-07-22 23:59:26,0.47
2026-07-23 00:00:24,0.77
2026-07-23 00:01:33,0.54
2026-07-23 00:02:14,0.75
2026-07-23 00:02:46,0.52
2026-07-23 00:03:08,0.74
2026-07-23 00:04:39,0.60
2026-07-23 00:04:58,0.79
2026-07-23 00:07:05,0.81
2026-07-23 00:07:22,0.60
2026-07-23 00:08:03,0.65
2026-07-23 00:08:32,0.84
2026-07-23 00:09:21,0.56
2026-07-23 00:09:57,0.80
2026-07-23 00:11:46,0.78
2026-07-23 00:12:24,0.58
2026-07-23 00:13:18,0.57
2026-07-23 00:13:26,0.78
2026-07-23 00:14:40,0.60
2026-07-23 00:16:06,0.84
2026-07-23 00:16:28,0.64
2026-07-23 00:17:41,0.61
2026-07-23 00:18:54,0.81
2026-07-23 00:19:21,0.62
2026-07-23 00:19:48,0.82
2026-07-23 00:21:29,0.63
2026-07-23 00:22:00,0.89
2026-07-23 00:23:13,0.68
2026-07-23 00:23:32,0.89
2026-07-23 00:25:39,0.56
2026-07-23 00:26:16,0.97
2026-07-23 00:27:18,0.68
2026-07-23 00:27:41,0.60
2026-07-23 00:28:32,0.89
2026-07-23 00:30:26,0.70
2026-07-23 00:30:52,0.86
2026-07-23 00:31:24,0.74
2026-07-23 00:32:24,0.96
2026-07-23 00:32:28,0.70
2026-07-23 00:34:30,0.66
2026-07-23 00:35:02,1.01
2026-07-23 00:35:43,0.87
2026-07-23 00:36:33,0.63
2026-07-23 00:37:24,0.87
2026-07-23 00:37:41,0.68
2026-07-23 00:39:07,0.88
2026-07-23 00:40:12,0.63
2026-07-23 00:40:47,0.68
2026-07-23 00:42:01,0.95
2026-07-23 00:42:19,0.91
2026-07-23 00:43:00,0.71
2026-07-23 00:44:31,0.93
2026-07-23 00:44:40,0.71
2026-07-23 00:46:15,0.96
2026-07-23 00:46:38,0.72
2026-07-23 00:48:22,0.75
2026-07-23 00:48:46,0.97
2026-07-23 00:49:58,0.75
2026-07-23 00:50:12,0.96
2026-07-23 00:50:43,1.02
2026-07-23 00:51:52,0.79
2026-07-23 00:53:13,1.03
2026-07-23 00:53:23,0.77
2026-07-23 00:54:17,1.01
2026-07-23 00:54:22,0.77
2026-07-23 00:55:31,0.96
2026-07-23 00:56:57,0.83
2026-07-23 00:57:19,0.73
2026-07-23 00:57:51,1.02
2026-07-23 00:59:22,0.79
2026-07-23 01:00:03,1.08
2026-07-23 01:00:35,0.85
2026-07-23 01:00:39,1.06
2026-07-23 01:02:10,1.03
2026-07-23 01:02:14,0.88
2026-07-23 01:04:53,0.91
2026-07-23 01:05:21,1.14
2026-07-23 01:05:26,1.11
2026-07-23 01:05:34,0.85
2026-07-23 01:07:55,1.08
2026-07-23 01:08:32,0.85
2026-07-23 01:09:27,1.11
2026-07-23 01:09:36,0.87
2026-07-23 01:10:26,0.93
2026-07-23 01:11:57,1.14
2026-07-23 01:12:28,1.11
2026-07-23 01:12:32,0.95
2026-07-23 01:14:53,1.10
2026-07-23 01:15:08,0.93
2026-07-23 01:15:48,0.94
2026-07-23 01:15:53,1.14
2026-07-23 01:17:10,1.02
2026-07-23 01:17:46,1.21
2026-07-23 01:19:17,1.31
2026-07-23 01:20:03,1.04
2026-07-23 01:20:35,0.99
2026-07-23 01:21:38,1.28
2026-07-23 01:21:58,1.13
2026-07-23 01:22:56,1.32
2026-07-23 01:24:08,1.10
2026-07-23 01:24:35,1.44
2026-07-23 01:25:16,1.50
2026-07-23 01:25:49,1.12
2026-07-23 01:27:56,1.19
2026-07-23 01:28:18,1.36
2026-07-23 01:28:55,1.22
2026-07-23 01:30:03,1.42
2026-07-23 01:30:12,1.41
2026-07-23 01:30:39,1.14
2026-07-23 01:32:06,1.15
2026-07-23 01:32:14,1.35
2026-07-23 01:34:45,1.18
2026-07-23 01:35:02,1.55
2026-07-23 01:35:30,1.13
2026-07-23 01:35:39,1.66
2026-07-23 01:37:10,1.36
2026-07-23 01:38:05,1.15
2026-07-23 01:38:37,1.17
2026-07-23 01:39:49,1.36
2026-07-23 01:40:30,1.39
2026-07-23 01:41:39,1.13
2026-07-23 01:42:37,1.11
2026-07-23 01:42:51,1.36
2026-07-23 01:43:32,1.38
2026-07-23 01:44:30,1.15
2026-07-23 01:46:34,1.43
2026-07-23 01:47:01,1.41
2026-07-23 01:47:24,1.12
2026-07-23 01:48:36,1.37
2026-07-23 01:49:05,1.08
2026-07-23 01:50:35,1.33
2026-07-23 01:51:38,1.04
2026-07-23 01:52:29,1.44
2026-07-23 01:53:28,1.39
2026-07-23 01:54:17,1.10
2026-07-23 01:55:17,1.38
2026-07-23 01:56:11,1.13
2026-07-23 01:56:57,1.18
2026-07-23 01:57:24,1.43
2026-07-23 01:58:36,1.51
2026-07-23 01:58:40,1.19
2026-07-23 01:59:53,1.49
2026-07-23 02:00:58,1.14
2026-07-23 02:02:50,1.21
2026-07-23 02:03:04,1.58
2026-07-23 02:03:13,1.22
2026-07-23 02:04:31,1.74
2026-07-23 02:04:49,2.09
2026-07-23 02:05:12,1.42
2026-07-23 02:06:29,1.72
2026-07-23 02:08:00,1.33
2026-07-23 02:08:37,1.41
2026-07-23 02:09:44,1.71
2026-07-23 02:10:48,1.41
2026-07-23 02:11:10,1.67
2026-07-23 02:11:24,1.42
2026-07-23 02:11:42,1.64
2026-07-23 02:13:31,1.66
2026-07-23 02:14:25,1.47
2026-07-23 02:15:52,1.71
2026-07-23 02:16:01,1.43
2026-07-23 02:16:42,1.44
2026-07-23 02:17:05,1.65
2026-07-23 02:18:03,1.44
2026-07-23 02:18:22,1.80
2026-07-23 02:19:39,1.37
2026-07-23 02:20:02,1.69
2026-07-23 02:22:09,1.25
2026-07-23 02:22:45,1.73
2026-07-23 02:23:04,1.26
2026-07-23 02:24:35,1.81
2026-07-23 02:24:39,1.89
2026-07-23 02:25:25,1.36
2026-07-23 02:26:27,1.74
2026-07-23 02:27:37,1.28
2026-07-23 02:28:08,1.30
2026-07-23 02:28:49,1.75
2026-07-23 02:30:11,1.66
2026-07-23 02:30:37,1.17
2026-07-23 02:31:18,1.61
2026-07-23 02:31:51,1.28
2026-07-23 02:33:08,1.58
2026-07-23 02:34:12,1.18
2026-07-23 02:35:06,1.50
2026-07-23 02:35:25,1.12
2026-07-23 02:36:14,1.03
2026-07-23 02:37:41,1.37
2026-07-23 02:38:03,1.34
2026-07-23 02:38:08,1.02
2026-07-23 02:40:15,1.01
2026-07-23 02:40:29,1.50
2026-07-23 02:41:28,0.88
2026-07-23 02:41:41,1.38
2026-07-23 02:43:08,1.28
2026-07-23 02:44:16,0.93
2026-07-23 02:45:10,0.77
2026-07-23 02:45:24,1.33
2026-07-23 02:46:42,1.64
2026-07-23 02:47:36,0.84
2026-07-23 02:48:26,0.64
2026-07-23 02:49:11,1.62
2026-07-23 02:49:48,2.20
2026-07-23 02:50:24,0.77
2026-07-23 02:51:18,1.90
2026-07-23 02:52:18,0.74
2026-07-23 02:53:21,0.81
2026-07-23 02:53:48,1.73
2026-07-23 02:54:25,0.28
2026-07-23 02:55:28,3.30
2026-07-23 02:56:01,0.44
2026-07-23 02:56:23,2.12
2026-07-23 02:57:36,0.71
2026-07-23 02:58:30,1.88
2026-07-23 02:59:21,0.76
2026-07-23 02:59:30,1.79
2026-07-23 03:01:05,1.62
2026-07-23 03:01:36,0.92
2026-07-23 03:03:13,0.79
2026-07-23 03:03:27,2.13
2026-07-23 03:04:25,0.74
2026-07-23 03:05:15,2.81
2026-07-23 03:06:00,2.92
2026-07-23 03:07:27,0.96
2026-07-23 03:07:41,1.80
2026-07-23 03:08:58,1.13
2026-07-23 03:10:42,1.96
2026-07-23 03:12:13,0.87
2026-07-23 03:12:21,2.55
2026-07-23 03:12:27,1.04
2026-07-23 03:13:02,1.99
2026-07-23 03:14:16,1.83
2026-07-23 03:14:43,1.22
2026-07-23 03:16:14,1.15
2026-07-23 03:17:22,2.05
2026-07-23 03:18:04,1.13
2026-07-23 03:18:17,1.67
2026-07-23 03:20:06,2.12
2026-07-23 03:20:10,1.04
2026-07-23 03:20:51,1.80
2026-07-23 03:21:51,0.97
2026-07-23 03:22:31,1.11
2026-07-23 03:23:21,2.05
2026-07-23 03:24:10,1.87
2026-07-23 03:24:25,1.10
2026-07-23 03:26:24,0.91
2026-07-23 03:26:50,2.01
2026-07-23 03:28:07,1.03
2026-07-23 03:28:40,1.85
2026-07-23 03:29:15,1.11
2026-07-23 03:30:10,2.20
2026-07-23 03:30:38,1.82
2026-07-23 03:30:55,1.18
2026-07-23 03:33:16,1.25
2026-07-23 03:33:43,1.97
2026-07-23 03:34:43,1.18
2026-07-23 03:35:14,2.16
2026-07-23 03:36:05,2.00
2026-07-23 03:36:23,1.11
2026-07-23 03:38:13,1.80
2026-07-23 03:38:43,1.08
2026-07-23 03:38:54,1.91
2026-07-23 03:38:58,1.17
2026-07-23 03:41:05,1.22
2026-07-23 03:41:09,1.77
2026-07-23 03:42:27,1.24
2026-07-23 03:42:44,1.72
2026-07-23 03:43:58,1.64
2026-07-23 03:44:29,1.27
2026-07-23 03:46:37,1.73
2026-07-23 03:46:54,1.28
2026-07-23 03:48:08,1.85
2026-07-23 03:48:21,1.22
2026-07-23 03:49:39,1.80
2026-07-23 03:50:15,1.32
2026-07-23 03:50:24,1.49
2026-07-23 03:50:29,1.62
2026-07-23 03:51:18,1.15
2026-07-23 03:51:32,1.81
2026-07-23 03:52:51,1.25
2026-07-23 03:53:35,1.74
2026-07-23 03:53:45,1.29
2026-07-23 03:54:53,1.72
2026-07-23 03:55:28,1.85
2026-07-23 03:56:04,1.12
2026-07-23 03:57:55,1.73
2026-07-23 03:58:03,1.22
2026-07-23 03:58:43,1.73
2026-07-23 03:59:38,1.04
2026-07-23 04:01:45,1.30
2026-07-23 04:01:51,1.69
2026-07-23 04:02:22,1.09
2026-07-23 04:02:36,1.65
2026-07-23 04:03:43,1.67
2026-07-23 04:04:57,1.33
2026-07-23 04:06:32,1.20
2026-07-23 04:06:50,1.70
2026-07-23 04:08:13,1.83
2026-07-23 04:08:22,1.22
2026-07-23 04:09:44,1.07
2026-07-23 04:09:48,1.68
2026-07-23 04:10:52,2.16
2026-07-23 04:11:46,1.05
2026-07-23 04:13:04,1.74
2026-07-23 04:13:08,1.23
2026-07-23 04:13:30,2.05
2026-07-23 04:14:21,1.07
2026-07-23 04:15:48,1.09
2026-07-23 04:16:05,1.65
2026-07-23 04:17:04,1.70
2026-07-23 04:18:08,1.11
2026-07-23 04:18:39,1.32
2026-07-23 04:19:02,1.70
2026-07-23 04:20:06,1.86
2026-07-23 04:20:47,1.11
2026-07-23 04:22:14,1.64
2026-07-23 04:22:59,1.12
2026-07-23 04:23:41,1.16
2026-07-23 04:24:02,1.52
2026-07-23 04:25:24,1.57
2026-07-23 04:25:38,1.22
2026-07-23 04:26:45,1.62
2026-07-23 04:28:18,1.20
2026-07-23 04:29:07,1.48
2026-07-23 04:29:44,1.20
2026-07-23 04:30:29,1.21
2026-07-23 04:31:33,1.53
2026-07-23 04:32:32,1.60
2026-07-23 04:33:03,1.08
2026-07-23 04:34:39,1.23
2026-07-23 04:34:44,1.58
2026-07-23 04:35:25,1.18
2026-07-23 04:36:06,1.58
2026-07-23 04:36:38,1.21
2026-07-23 04:38:13,1.48
2026-07-23 04:39:35,1.04
2026-07-23 04:39:44,1.50
2026-07-23 04:40:12,1.20
2026-07-23 04:40:42,1.56
2026-07-23 04:42:56,1.17
2026-07-23 04:43:50,1.07
2026-07-23 04:44:39,1.53
2026-07-23 04:45:33,1.51
2026-07-23 04:45:47,1.06
2026-07-23 04:46:56,1.18
2026-07-23 04:47:47,1.41
2026-07-23 04:48:36,1.64
2026-07-23 04:48:45,1.15
2026-07-23 04:50:43,1.00
2026-07-23 04:50:53,1.55
2026-07-23 04:52:28,1.08
2026-07-23 04:52:55,1.60
2026-07-23 04:54:17,0.89
2026-07-23 04:54:31,1.61
2026-07-23 04:55:12,1.57
2026-07-23 04:56:15,1.15
2026-07-23 04:56:38,1.44
2026-07-23 04:57:46,1.05
2026-07-23 04:58:50,1.51
2026-07-23 04:59:00,1.10
2026-07-23 05:00:44,1.58
2026-07-23 05:01:06,1.06
2026-07-23 05:02:00,1.52
2026-07-23 05:02:33,1.10
2026-07-23 05:03:37,1.12
2026-07-23 05:03:51,1.50
2026-07-23 05:05:21,1.64
2026-07-23 05:06:03,1.07
2026-07-23 05:07:20,1.58
2026-07-23 05:07:34,1.13
2026-07-23 05:09:22,1.03
2026-07-23 05:09:32,1.44
2026-07-23 05:09:59,1.13
2026-07-23 05:10:35,1.46
2026-07-23 05:12:48,1.45
2026-07-23 05:12:52,1.18
2026-07-23 05:13:33,1.46
2026-07-23 05:13:37,1.06
2026-07-23 05:15:17,1.39
2026-07-23 05:15:22,1.16
2026-07-23 05:16:30,1.49
2026-07-23 05:17:11,1.10
2026-07-23 05:18:33,1.12
2026-07-23 05:19:27,1.51
2026-07-23 05:20:03,1.49
2026-07-23 05:20:44,1.06
2026-07-23 05:21:34,1.51
2026-07-23 05:22:38,1.14
2026-07-23 05:23:23,1.11
2026-07-23 05:24:00,1.58
2026-07-23 05:24:31,1.50
2026-07-23 05:25:11,1.15
2026-07-23 05:26:25,1.02
2026-07-23 05:26:52,1.59
2026-07-23 05:28:19,1.11
2026-07-23 05:29:13,1.55
2026-07-23 05:29:46,1.58
2026-07-23 05:30:22,1.18
2026-07-23 05:32:06,1.08
2026-07-23 05:32:33,1.44
2026-07-23 05:33:56,1.12
2026-07-23 05:34:04,1.44
2026-07-23 05:35:04,1.64
2026-07-23 05:35:31,1.07
2026-07-23 05:36:07,1.11
2026-07-23 05:37:33,1.42
2026-07-23 05:37:43,1.56
2026-07-23 05:38:24,1.13
2026-07-23 05:40:40,1.19
2026-07-23 05:40:49,1.49
2026-07-23 05:41:43,1.17
2026-07-23 05:42:07,1.39
2026-07-23 05:42:37,1.46
2026-07-23 05:43:32,1.08
2026-07-23 05:44:22,1.40
2026-07-23 05:45:32,1.12
2026-07-23 05:46:30,1.51
2026-07-23 05:46:39,1.17
2026-07-23 05:48:19,1.18
2026-07-23 05:48:47,1.54
2026-07-23 05:49:18,1.46
2026-07-23 05:49:27,1.04
2026-07-23 05:51:34,1.17
2026-07-23 05:51:57,1.42
2026-07-23 05:53:19,1.14
2026-07-23 05:53:41,1.57
2026-07-23 05:54:09,1.47
2026-07-23 05:55:35,1.07
2026-07-23 05:55:48,1.36
2026-07-23 05:56:02,1.08
2026-07-23 05:57:29,1.47
2026-07-23 05:58:05,1.04
2026-07-23 05:59:09,0.99
2026-07-23 05:59:54,1.29
2026-07-23 06:00:54,0.95
2026-07-23 06:02:05,1.33
2026-07-23 06:03:33,1.32
2026-07-23 06:03:50,1.01
2026-07-23 06:05:08,1.61
2026-07-23 06:05:40,0.90
2026-07-23 06:05:44,1.29
2026-07-23 06:05:49,0.90
2026-07-23 06:08:05,0.88
2026-07-23 06:08:55,1.08
2026-07-23 06:09:27,1.11
2026-07-23 06:09:36,0.77
2026-07-23 06:10:39,0.85
2026-07-23 06:11:58,1.07
2026-07-23 06:12:39,0.81
2026-07-23 06:13:05,1.13
2026-07-23 06:14:08,1.09
2026-07-23 06:15:22,0.83
2026-07-23 06:16:16,1.14
2026-07-23 06:16:53,0.82
2026-07-23 06:17:47,1.07
2026-07-23 06:18:10,0.80
2026-07-23 06:19:04,0.84
2026-07-23 06:19:54,1.15
2026-07-23 06:21:25,1.11
2026-07-23 06:22:01,0.78
2026-07-23 06:22:20,1.00
2026-07-23 06:22:24,0.82
2026-07-23 06:23:51,1.02
2026-07-23 06:24:00,0.73
2026-07-23 06:25:57,1.09
2026-07-23 06:26:38,0.76
2026-07-23 06:27:24,1.00
2026-07-23 06:28:10,0.67
2026-07-23 06:29:32,0.93
2026-07-23 06:29:36,0.69
2026-07-23 06:30:44,0.92
2026-07-23 06:31:12,0.73
2026-07-23 06:32:20,0.90
2026-07-23 06:33:36,0.69
2026-07-23 06:34:44,0.98
2026-07-23 06:35:03,0.48
2026-07-23 06:35:40,0.81
2026-07-23 06:37:01,0.52
2026-07-23 06:37:42,0.45
2026-07-23 06:37:47,0.75
2026-07-23 06:38:51,0.46
2026-07-23 06:39:46,0.73
2026-07-23 06:41:29,0.45
2026-07-23 06:41:48,0.75
2026-07-23 06:42:52,0.74
2026-07-23 06:43:37,0.44
2026-07-23 06:43:56,0.68
2026-07-23 06:44:37,0.48
2026-07-23 06:46:20,0.64
2026-07-23 06:46:30,0.40
2026-07-23 06:47:52,0.37
2026-07-23 06:48:14,0.69
2026-07-23 06:49:08,0.56
2026-07-23 06:49:41,0.37
2026-07-23 06:50:27,0.61
2026-07-23 06:51:48,0.30
2026-07-23 06:53:23,0.53
2026-07-23 06:53:31,0.24
2026-07-23 06:54:04,0.26
2026-07-23 06:55:08,0.53
2026-07-23 06:55:45,0.55
2026-07-23 06:56:26,0.23
2026-07-23 06:57:37,0.53
2026-07-23 06:58:10,0.21
2026-07-23 06:59:04,0.23
2026-07-23 06:59:55,0.47
2026-07-23 07:01:24,0.10
2026-07-23 07:01:47,0.44
2026-07-23 07:02:29,0.12
2026-07-23 07:02:43,0.53
2026-07-23 07:04:13,0.13
2026-07-23 07:04:54,0.51
2026-07-23 07:06:02,0.60
2026-07-23 07:06:34,0.11
2026-07-23 07:07:20,0.45
2026-07-23 07:07:28,0.02
2026-07-23 07:08:45,0.36
2026-07-23 07:09:26,0.04
2026-07-23 07:10:22,0.36
2026-07-23 07:11:24,0.00
2026-07-23 07:11:44,-0.06
2026-07-23 07:12:19,0.28
2026-07-23 07:13:37,-0.07
2026-07-23 07:14:22,0.24
2026-07-23 07:15:07,0.11
2026-07-23 07:15:13,-0.07
2026-07-23 07:16:43,0.05
2026-07-23 07:17:55,-0.27
2026-07-23 07:18:59,0.00
2026-07-23 07:19:44,-0.20
2026-07-23 07:20:21,-0.17
2026-07-23 07:20:35,0.03
2026-07-23 07:22:42,-0.28
2026-07-23 07:23:46,0.00
2026-07-23 07:24:14,-0.30
2026-07-23 07:24:54,-0.05
2026-07-23 07:26:29,-0.34
2026-07-23 07:26:51,-0.09
2026-07-23 07:27:28,-0.39
2026-07-23 07:28:59,-0.38
2026-07-23 07:29:44,-0.08
2026-07-23 07:30:39,-0.19
2026-07-23 07:31:11,-0.48
2026-07-23 07:31:42,-0.49
2026-07-23 07:32:33,-0.19
2026-07-23 07:33:46,-0.20
2026-07-23 07:34:21,-0.51
2026-07-23 07:36:15,-0.20
2026-07-23 07:37:19,-0.27
2026-07-23 07:38:04,-0.51
2026-07-23 07:38:14,-0.35
2026-07-23 07:39:35,-0.55
2026-07-23 07:40:35,-0.60
2026-07-23 07:40:39,-0.39
2026-07-23 07:41:56,-0.37
2026-07-23 07:42:46,-0.62
2026-07-23 07:43:18,-0.34
2026-07-23 07:44:40,-0.68
2026-07-23 07:44:58,-0.37
2026-07-23 07:45:30,-0.76
2026-07-23 07:47:10,-0.41
2026-07-23 07:47:18,-0.69
2026-07-23 07:48:50,-0.43
2026-07-23 07:49:31,-0.78
2026-07-23 07:49:45,-0.41
2026-07-23 07:50:34,-0.70
2026-07-23 07:51:42,-0.76
2026-07-23 07:51:55,-0.56
2026-07-23 07:53:09,-0.55
2026-07-23 07:53:55,-0.77
2026-07-23 07:55:35,-0.58
2026-07-23 07:56:02,-0.78
2026-07-23 07:56:21,-0.77
2026-07-23 07:56:25,-0.57
2026-07-23 07:57:59,-0.60
2026-07-23 07:58:49,-0.78
2026-07-23 08:00:16,-0.77
2026-07-23 08:00:44,-0.57
2026-07-23 08:01:33,-0.61
2026-07-23 08:02:23,-0.83
2026-07-23 08:03:04,-0.58
2026-07-23 08:03:55,-0.78
2026-07-23 08:05:17,-0.48
2026-07-23 08:05:58,-0.87
2026-07-23 08:06:24,-0.30
2026-07-23 08:07:46,-0.85
2026-07-23 08:08:40,-0.59
2026-07-23 08:09:08,-0.88
2026-07-23 08:09:54,-0.65
2026-07-23 08:11:29,-0.91
2026-07-23 08:12:33,-0.70
2026-07-23 08:13:00,-0.69
2026-07-23 08:13:23,-0.92
2026-07-23 08:15:38,-0.62
2026-07-23 08:15:44,-0.93
2026-07-23 08:16:38,-0.74
2026-07-23 08:16:47,-0.98
2026-07-23 08:18:58,-0.72
2026-07-23 08:19:18,-0.93
2026-07-23 08:20:08,-0.73
2026-07-23 08:20:43,-0.92
2026-07-23 08:21:56,-0.75
2026-07-23 08:22:37,-0.99
2026-07-23 08:23:13,-0.72
2026-07-23 08:23:58,-1.06
2026-07-23 08:24:22,-0.70
2026-07-23 08:25:52,-1.11
2026-07-23 08:26:24,-1.05
2026-07-23 08:27:10,-0.76
2026-07-23 08:27:37,-1.09
2026-07-23 08:28:27,-0.75
2026-07-23 08:29:44,-0.79
2026-07-23 08:30:16,-1.09
2026-07-23 08:31:47,-0.75
2026-07-23 08:32:14,-1.07
2026-07-23 08:33:54,-0.82
2026-07-23 08:34:03,-1.11
2026-07-23 08:34:45,-0.68
2026-07-23 08:35:12,-1.17
2026-07-23 08:36:06,-0.73
2026-07-23 08:36:38,-1.16
2026-07-23 08:37:32,-0.85
2026-07-23 08:38:55,-1.17
2026-07-23 08:39:49,-0.86
2026-07-23 08:40:25,-1.20
2026-07-23 08:41:15,-0.83
2026-07-23 08:42:14,-1.10
2026-07-23 08:42:51,-1.25
2026-07-23 08:43:40,-0.91
2026-07-23 08:44:21,-1.12
2026-07-23 08:45:29,-0.88
2026-07-23 08:45:56,-0.90
2026-07-23 08:46:51,-1.14
2026-07-23 08:47:36,-1.18
2026-07-23 08:48:13,-0.85
2026-07-23 08:50:16,-1.15
2026-07-23 08:50:31,-0.86
2026-07-23 08:50:57,-1.19
2026-07-23 08:51:56,-0.92
2026-07-23 08:52:50,-1.24
2026-07-23 08:53:00,-0.77
2026-07-23 08:54:30,-0.62
2026-07-23 08:55:11,-1.22
2026-07-23 08:55:43,-0.76
2026-07-23 08:57:05,-1.21
2026-07-23 08:58:00,-0.65
2026-07-23 08:58:41,-1.24
2026-07-23 08:58:59,-0.69
2026-07-23 08:59:36,-1.20
2026-07-23 09:00:39,-1.11
2026-07-23 09:00:53,-0.86
2026-07-23 09:02:55,-0.88
2026-07-23 09:03:05,-1.20
2026-07-23 09:04:08,-1.15
2026-07-23 09:05:17,-0.91
2026-07-23 09:06:48,-1.27
2026-07-23 09:07:45,-1.19
2026-07-23 09:08:50,-0.92
2026-07-23 09:09:49,-1.18
2026-07-23 09:09:59,-0.95
2026-07-23 09:11:14,-0.98
2026-07-23 09:11:20,-1.14
2026-07-23 09:13:04,-1.20
2026-07-23 09:13:36,-0.89
2026-07-23 09:14:22,-0.95
2026-07-23 09:14:30,-1.20
2026-07-23 09:15:44,-0.95
2026-07-23 09:15:48,-1.27
2026-07-23 09:17:46,-0.95
2026-07-23 09:18:36,-1.26
2026-07-23 09:19:58,-0.76
2026-07-23 09:20:02,-1.56
2026-07-23 09:20:34,-1.43
2026-07-23 09:21:33,-0.70
2026-07-23 09:22:28,-1.26
2026-07-23 09:22:33,-0.77
2026-07-23 09:24:03,-1.00
2026-07-23 09:24:54,-1.21
2026-07-23 09:26:25,-1.22
2026-07-23 09:26:39,-0.97
2026-07-23 09:27:20,-0.90
2026-07-23 09:27:24,-1.20
2026-07-23 09:29:31,-0.94
2026-07-23 09:30:38,-1.31
2026-07-23 09:30:57,-1.01
2026-07-23 09:32:10,-1.23
2026-07-23 09:32:42,-1.04
2026-07-23 09:33:45,-0.98
2026-07-23 09:34:48,-1.20
2026-07-23 09:35:33,-1.24
2026-07-23 09:36:01,-0.84
2026-07-23 09:37:20,-0.87
2026-07-23 09:37:41,-1.27
2026-07-23 09:39:02,-0.90
2026-07-23 09:39:39,-1.18
2026-07-23 09:40:43,-1.23
2026-07-23 09:41:16,-0.99
2026-07-23 09:42:31,-0.94
2026-07-23 09:43:08,-1.14
2026-07-23 09:44:39,-1.13
2026-07-23 09:45:02,-0.86
2026-07-23 09:45:11,-0.93
2026-07-23 09:45:30,-1.20
2026-07-23 09:47:45,-0.90
2026-07-23 09:48:04,-1.15
2026-07-23 09:48:36,-1.25
2026-07-23 09:49:53,-0.83
2026-07-23 09:50:29,-1.29
2026-07-23 09:50:47,-0.81
2026-07-23 09:51:56,-0.69
2026-07-23 09:52:28,-1.15
2026-07-23 09:54:12,-1.60
2026-07-23 09:54:16,-0.76
2026-07-23 09:55:38,-0.69
2026-07-23 09:55:47,-1.28
2026-07-23 09:57:36,-1.11
2026-07-23 09:57:55,-0.76
2026-07-23 09:59:17,-1.27
2026-07-23 09:59:21,-0.84
2026-07-23 10:00:16,-0.68
2026-07-23 10:01:11,-1.29
2026-07-23 10:01:51,-0.78
2026-07-23 10:02:19,-1.27
2026-07-23 10:03:33,-1.24
2026-07-23 10:04:03,-0.80
2026-07-23 10:05:25,-0.50
2026-07-23 10:05:29,-1.02
2026-07-23 10:07:09,-0.76
2026-07-23 10:08:23,-0.80
2026-07-23 10:08:40,-0.98
2026-07-23 10:10:47,-0.77
2026-07-23 10:11:06,-0.97
2026-07-23 10:11:56,-0.93
2026-07-23 10:12:14,-0.73
2026-07-23 10:13:18,-0.93
2026-07-23 10:14:12,-0.71
2026-07-23 10:15:07,-0.77
2026-07-23 10:16:15,-0.96
2026-07-23 10:16:33,-0.71
2026-07-23 10:17:50,-1.00
2026-07-23 10:18:35,-0.98
2026-07-23 10:19:21,-0.66
2026-07-23 10:19:53,-0.90
2026-07-23 10:20:06,-0.66
2026-07-23 10:22:18,-0.67
2026-07-23 10:22:50,-0.95
2026-07-23 10:23:22,-0.57
2026-07-23 10:23:27,-0.89
2026-07-23 10:25:11,-0.61
2026-07-23 10:25:29,-0.91
2026-07-23 10:27:51,-0.50
2026-07-23 10:28:12,-0.77
2026-07-23 10:28:17,-0.52
2026-07-23 10:30:20,-0.84
2026-07-23 10:31:06,-0.48
2026-07-23 10:31:33,-0.52
2026-07-23 10:32:50,-0.81
2026-07-23 10:34:11,0.06
2026-07-23 10:34:35,-0.96
2026-07-23 10:35:02,-0.98
2026-07-23 10:35:20,0.03
2026-07-23 10:36:28,-0.45
2026-07-23 10:37:05,-0.73
2026-07-23 10:38:49,-0.45
2026-07-23 10:38:53,-0.71
2026-07-23 10:40:29,-0.41
2026-07-23 10:41:15,-0.71
2026-07-23 10:41:32,-0.40
2026-07-23 10:43:18,-0.41
2026-07-23 10:44:07,-0.65
2026-07-23 10:45:16,-0.40
2026-07-23 10:45:33,-0.66
2026-07-23 10:47:24,-0.30
2026-07-23 10:47:37,-0.70
2026-07-23 10:48:18,-0.31
2026-07-23 10:49:12,-0.76
2026-07-23 10:50:02,-0.20
2026-07-23 10:51:02,-0.69
2026-07-23 10:51:10,-0.57
2026-07-23 10:51:23,-0.23
2026-07-23 10:53:36,-0.62
2026-07-23 10:53:45,-0.28
2026-07-23 10:55:12,-0.88
2026-07-23 10:55:39,-0.08
2026-07-23 10:57:22,-0.19
2026-07-23 10:57:41,-0.61
2026-07-23 10:57:51,-0.58
2026-07-23 10:59:16,-0.19
2026-07-23 11:00:20,-0.02
2026-07-23 11:00:30,-0.57
2026-07-23 11:01:29,-0.62
2026-07-23 11:02:10,-0.18
2026-07-23 11:03:04,-0.58
2026-07-23 11:03:44,-0.06
2026-07-23 11:05:26,-0.11
2026-07-23 11:05:43,-0.65
2026-07-23 11:06:06,-0.72
2026-07-23 11:06:55,0.07
2026-07-23 11:08:22,-0.45
2026-07-23 11:08:31,-0.15
2026-07-23 11:09:40,-0.50
2026-07-23 11:10:06,-0.06
2026-07-23 11:12:09,-0.42
2026-07-23 11:12:27,-0.12
2026-07-23 11:13:22,-0.54
2026-07-23 11:14:03,-0.08
2026-07-23 11:15:01,-0.12
2026-07-23 11:15:52,-0.62
2026-07-23 11:16:10,0.21
2026-07-23 11:17:15,-0.64
2026-07-23 11:18:41,-0.43
2026-07-23 11:18:58,-0.04
2026-07-23 11:19:48,-0.02
2026-07-23 11:20:29,-0.52
2026-07-23 11:21:11,-0.03
2026-07-23 11:21:29,-0.49
2026-07-23 11:22:40,-0.52
2026-07-23 11:22:46,0.10
2026-07-23 11:24:12,-0.72
2026-07-23 11:24:21,-0.08
2026-07-23 11:26:46,-0.49
2026-07-23 11:27:09,0.07
2026-07-23 11:27:31,-0.41
2026-07-23 11:28:40,0.02
2026-07-23 11:29:34,0.06
2026-07-23 11:29:49,-0.69
2026-07-23 11:30:52,0.33
2026-07-23 11:31:33,-0.59
2026-07-23 11:32:33,0.10
2026-07-23 11:33:55,-0.38
2026-07-23 11:34:52,-0.42
2026-07-23 11:35:37,0.28
2026-07-23 11:36:01,0.43
2026-07-23 11:36:43,-0.41
2026-07-23 11:37:41,0.09
2026-07-23 11:37:58,-0.26
2026-07-23 11:39:39,-0.37
2026-07-23 11:39:48,0.08
2026-07-23 11:40:43,-0.24
2026-07-23 11:41:06,0.16
2026-07-23 11:42:45,-0.16
2026-07-23 11:43:22,0.11
2026-07-23 11:45:07,-0.25
2026-07-23 11:45:29,0.21
2026-07-23 11:47:05,0.23
2026-07-23 11:47:14,-0.10
2026-07-23 11:47:32,-0.12
2026-07-23 11:48:13,0.21
2026-07-23 11:48:54,-0.06
2026-07-23 11:50:07,0.19
2026-07-23 11:50:39,0.24
2026-07-23 11:51:10,-0.15
2026-07-23 11:52:36,0.25
2026-07-23 11:53:23,-0.03
2026-07-23 11:53:58,0.00
2026-07-23 11:54:17,0.32
2026-07-23 11:55:39,-0.05
2026-07-23 11:56:52,0.37
2026-07-23 11:57:55,-0.06
2026-07-23 11:58:45,0.32
2026-07-23 11:59:12,-0.11
2026-07-23 11:59:58,0.44
2026-07-23 12:00:30,0.31
2026-07-23 12:02:05,-0.02
2026-07-23 12:03:09,0.41
2026-07-23 12:03:27,-0.09
2026-07-23 12:03:55,0.06
2026-07-23 12:05:17,0.44
2026-07-23 12:05:30,0.38
2026-07-23 12:05:57,-0.01
2026-07-23 12:07:10,-0.13
2026-07-23 12:08:32,0.36
2026-07-23 12:09:31,0.08
2026-07-23 12:09:40,0.46
2026-07-23 12:10:38,-0.07
2026-07-23 12:10:48,0.47
2026-07-23 12:12:37,0.37
2026-07-23 12:12:51,0.03
2026-07-23 12:14:35,0.42
2026-07-23 12:15:40,0.02
2026-07-23 12:15:53,0.38
2026-07-23 12:18:09,0.11
2026-07-23 12:18:23,0.56
2026-07-23 12:19:09,0.13
2026-07-23 12:20:03,0.46
2026-07-23 12:21:19,0.55
2026-07-23 12:21:52,0.10
2026-07-23 12:22:00,0.49
2026-07-23 12:22:27,0.13
2026-07-23 12:24:17,0.63
2026-07-23 12:24:34,0.06
2026-07-23 12:26:15,0.51
2026-07-23 12:26:34,0.21
2026-07-23 12:27:01,0.12
2026-07-23 12:27:22,0.48
2026-07-23 12:29:04,0.18
2026-07-23 12:29:58,0.57
2026-07-23 12:30:44,0.16
2026-07-23 12:31:20,0.67
2026-07-23 12:32:14,0.64
2026-07-23 12:32:28,0.24
2026-07-23 12:34:27,0.29
2026-07-23 12:34:31,0.73
2026-07-23 12:36:20,0.65
2026-07-23 12:36:30,0.26
2026-07-23 12:37:05,0.65
2026-07-23 12:37:19,0.31
2026-07-23 12:38:37,0.64
2026-07-23 12:38:51,0.21
2026-07-23 12:40:30,0.25
2026-07-23 12:41:25,0.56
2026-07-23 12:42:20,0.24
2026-07-23 12:43:09,0.59
2026-07-23 12:43:28,0.31
2026-07-23 12:44:58,0.69
2026-07-23 12:46:11,0.30
2026-07-23 12:46:34,0.86
2026-07-23 12:47:19,0.69
2026-07-23 12:48:09,0.31
2026-07-23 12:48:19,0.40
2026-07-23 12:48:54,0.70
2026-07-23 12:50:35,0.27
2026-07-23 12:51:29,0.79
2026-07-23 12:51:38,0.80
2026-07-23 12:51:52,0.27
2026-07-23 12:53:41,0.74
2026-07-23 12:54:00,0.35
2026-07-23 12:55:03,0.24
2026-07-23 12:55:48,0.70
2026-07-23 12:57:25,0.69
2026-07-23 12:57:51,0.35
2026-07-23 12:59:13,0.73
2026-07-23 12:59:45,0.43
2026-07-23 13:00:39,0.81
2026-07-23 13:01:29,0.50
2026-07-23 13:01:39,0.76
2026-07-23 13:02:46,0.39
2026-07-23 13:03:13,0.75
2026-07-23 13:04:31,0.41
2026-07-23 13:04:58,0.40
2026-07-23 13:05:52,0.72
2026-07-23 13:06:52,0.81
2026-07-23 13:08:04,0.33
2026-07-23 13:08:36,0.46
2026-07-23 13:09:03,0.93
2026-07-23 13:09:54,0.27
2026-07-23 13:11:06,0.84
2026-07-23 13:11:29,0.86
2026-07-23 13:13:00,0.30
2026-07-23 13:14:08,0.39
2026-07-23 13:14:35,0.83
2026-07-23 13:15:39,0.77
2026-07-23 13:15:52,0.34
2026-07-23 13:16:46,0.32
2026-07-23 13:17:33,0.77
2026-07-23 13:18:04,0.72
2026-07-23 13:18:14,0.41
2026-07-23 13:20:48,0.77
2026-07-23 13:20:56,0.41
2026-07-23 13:21:56,0.81
2026-07-23 13:22:54,0.46
2026-07-23 13:23:13,0.41
2026-07-23 13:23:59,0.76
2026-07-23 13:25:53,0.42
2026-07-23 13:26:06,0.75
2026-07-23 13:27:23,0.86
2026-07-23 13:27:28,0.34
2026-07-23 13:28:45,0.39
2026-07-23 13:28:49,0.81
2026-07-23 13:30:02,0.40
2026-07-23 13:30:33,0.89
2026-07-23 13:32:19,0.84
2026-07-23 13:32:28,0.38
2026-07-23 13:33:13,0.82
2026-07-23 13:34:17,0.56
2026-07-23 13:34:54,0.52
2026-07-23 13:35:35,0.90
2026-07-23 13:37:32,0.50
2026-07-23 13:39:12,0.53
2026-07-23 13:39:25,1.04
2026-07-23 13:39:58,0.92
2026-07-23 13:40:11,0.36
2026-07-23 13:41:20,0.92
2026-07-23 13:41:52,0.43
2026-07-23 13:43:08,0.97
2026-07-23 13:43:31,0.38
2026-07-23 13:45:02,0.40
2026-07-23 13:45:11,0.84
2026-07-23 13:46:06,0.80
2026-07-23 13:46:20,0.51
2026-07-23 13:48:23,0.77
2026-07-23 13:48:36,0.48
2026-07-23 13:50:25,0.45
2026-07-23 13:50:47,0.77
2026-07-23 13:51:06,0.97
2026-07-23 13:52:37,0.33
2026-07-23 13:53:04,1.02
2026-07-23 13:54:03,0.29
2026-07-23 13:54:22,0.36
2026-07-23 13:55:39,0.98
2026-07-23 13:56:24,0.34
2026-07-23 13:57:32,0.83
2026-07-23 13:58:45,0.35
2026-07-23 13:58:53,0.80
2026-07-23 13:59:31,0.37
2026-07-23 13:59:35,0.86
2026-07-23 14:01:24,0.47
2026-07-23 14:01:38,0.85
2026-07-23 14:03:49,0.44
2026-07-23 14:04:30,0.82
2026-07-23 14:05:43,0.38
2026-07-23 14:06:57,0.46
2026-07-23 14:07:01,0.87
2026-07-23 14:07:59,0.93
2026-07-23 14:08:26,0.43
2026-07-23 14:09:30,1.15
2026-07-23 14:09:53,0.60
2026-07-23 14:11:01,0.88
2026-07-23 14:11:33,0.48
2026-07-23 14:13:40,0.53
2026-07-23 14:13:50,0.92
2026-07-23 14:14:07,0.85
2026-07-23 14:14:49,0.48
2026-07-23 14:16:19,0.63
2026-07-23 14:17:19,0.89
2026-07-23 14:18:40,0.41
2026-07-23 14:19:48,0.88
2026-07-23 14:20:29,0.56
2026-07-23 14:20:42,0.51
2026-07-23 14:21:42,0.89
2026-07-23 14:23:09,0.58
2026-07-23 14:24:17,0.86
2026-07-23 14:24:31,0.46
2026-07-23 14:26:19,0.86
2026-07-23 14:27:06,0.57
2026-07-23 14:27:55,0.88
2026-07-23 14:28:49,0.60
2026-07-23 14:29:39,1.06
2026-07-23 14:30:08,0.63
2026-07-23 14:30:49,0.90
2026-07-23 14:31:10,0.61
2026-07-23 14:31:16,0.78
2026-07-23 14:31:20,0.81
2026-07-23 14:31:29,0.70
2026-07-23 14:32:05,0.89
2026-07-23 14:33:36,0.64
2026-07-23 14:35:03,0.56
2026-07-23 14:35:12,1.06
2026-07-23 14:35:53,0.95
2026-07-23 14:35:57,0.54
2026-07-23 14:37:19,0.83
2026-07-23 14:37:55,0.48
2026-07-23 14:39:13,0.90
2026-07-23 14:40:25,0.52
2026-07-23 14:40:38,0.42
2026-07-23 14:41:19,0.86
2026-07-23 14:42:51,0.63
2026-07-23 14:43:32,0.89
2026-07-23 14:44:48,0.64
2026-07-23 14:45:16,0.91
2026-07-23 14:45:39,0.54
2026-07-23 14:47:01,0.91
2026-07-23 14:48:09,0.55
2026-07-23 14:48:27,1.14
2026-07-23 14:49:07,0.38
2026-07-23 14:49:27,0.90
2026-07-23 14:50:30,0.92
2026-07-23 14:51:11,0.52
2026-07-23 14:52:32,0.92
2026-07-23 14:52:41,0.53
2026-07-23 14:54:31,0.59
2026-07-23 14:55:08,1.01
2026-07-23 14:55:43,0.57
2026-07-23 14:56:51,0.87
2026-07-23 14:57:47,0.55
2026-07-23 14:58:18,0.97
2026-07-23 14:58:54,0.60
2026-07-23 15:00:16,1.00
2026-07-23 15:00:20,0.94
2026-07-23 15:00:30,0.50
2026-07-23 15:03:00,0.94
2026-07-23 15:03:15,0.57
2026-07-23 15:04:13,0.69
2026-07-23 15:04:59,1.01
2026-07-23 15:05:40,1.17
2026-07-23 15:06:16,0.63
2026-07-23 15:07:15,1.07
2026-07-23 15:07:55,0.62
2026-07-23 15:08:56,0.52
2026-07-23 15:09:00,0.95
2026-07-23 15:10:27,0.59
2026-07-23 15:10:40,1.14
2026-07-23 15:12:42,0.60
2026-07-23 15:13:06,1.18
2026-07-23 15:13:42,0.53
2026-07-23 15:13:46,1.04
2026-07-23 15:15:45,0.97
2026-07-23 15:16:39,0.62
2026-07-23 15:17:06,1.13
2026-07-23 15:18:06,0.57
2026-07-23 15:18:33,1.03
2026-07-23 15:18:55,0.49
2026-07-23 15:20:12,1.00
2026-07-23 15:20:49,0.51
2026-07-23 15:21:52,0.92
2026-07-23 15:22:57,0.59
2026-07-23 15:23:28,0.98
2026-07-23 15:23:59,0.58
2026-07-23 15:25:36,0.55
2026-07-23 15:26:39,0.93
2026-07-23 15:27:20,0.62
2026-07-23 15:27:34,0.93
2026-07-23 15:28:24,0.64
2026-07-23 15:29:01,0.88
2026-07-23 15:30:40,0.58
2026-07-23 15:31:16,0.93
2026-07-23 15:31:44,0.64
2026-07-23 15:33:15,0.92
2026-07-23 15:33:24,0.86
2026-07-23 15:34:50,0.60
2026-07-23 15:35:07,0.96
2026-07-23 15:36:03,0.59
2026-07-23 15:36:44,0.89
2026-07-23 15:37:51,0.50
2026-07-23 15:38:15,0.95
2026-07-23 15:38:28,0.62
2026-07-23 15:39:55,0.63
2026-07-23 15:41:03,0.98
2026-07-23 15:41:44,0.63
2026-07-23 15:42:29,0.91
2026-07-23 15:43:14,0.65
2026-07-23 15:44:27,0.97
2026-07-23 15:44:54,0.60
2026-07-23 15:45:58,0.97
2026-07-23 15:47:02,0.59
2026-07-23 15:49:31,0.97
2026-07-23 15:49:36,0.72
2026-07-23 15:50:17,0.64
2026-07-23 15:50:31,1.01
2026-07-23 15:52:11,1.09
2026-07-23 15:52:29,0.65
2026-07-23 15:53:41,0.77
2026-07-23 15:54:18,1.06
2026-07-23 15:55:13,0.86
2026-07-23 15:56:25,0.81
2026-07-23 15:57:02,1.10
2026-07-23 15:58:19,1.08
2026-07-23 15:59:05,0.83
2026-07-23 16:00:18,1.29
2026-07-23 16:00:59,0.83
2026-07-23 16:01:34,1.14
2026-07-23 16:02:53,0.84
2026-07-23 16:03:07,1.16
2026-07-23 16:03:33,0.83
2026-07-23 16:04:42,1.19
2026-07-23 16:04:59,0.78
2026-07-23 16:07:34,0.70
2026-07-23 16:07:52,1.03
2026-07-23 16:08:39,1.09
2026-07-23 16:09:28,0.78
2026-07-23 16:09:37,1.07
2026-07-23 16:11:13,0.71
2026-07-23 16:12:48,1.05
2026-07-23 16:13:06,0.78
2026-07-23 16:13:33,1.11
2026-07-23 16:14:56,0.80
2026-07-23 16:15:17,1.10
2026-07-23 16:16:35,0.85
2026-07-23 16:17:20,1.09
2026-07-23 16:17:52,0.92
2026-07-23 16:19:23,1.16
2026-07-23 16:20:40,1.14
2026-07-23 16:20:48,0.93
2026-07-23 16:21:25,0.91
2026-07-23 16:21:53,1.23
2026-07-23 16:23:42,0.95
2026-07-23 16:24:04,1.24
2026-07-23 16:24:41,1.23
2026-07-23 16:25:31,0.91
2026-07-23 16:26:12,0.96
2026-07-23 16:26:30,1.34
2026-07-23 16:28:19,1.35
2026-07-23 16:28:28,0.89
2026-07-23 16:29:28,1.34
2026-07-23 16:30:08,0.88
2026-07-23 16:31:21,1.26
2026-07-23 16:31:53,0.94
2026-07-23 16:34:10,0.89
2026-07-23 16:34:18,1.39
2026-07-23 16:35:09,0.80
2026-07-23 16:35:59,1.34
2026-07-23 16:36:48,0.91
2026-07-23 16:37:25,1.18
2026-07-23 16:38:15,0.93
2026-07-23 16:39:15,1.13
2026-07-23 16:39:32,0.84
2026-07-23 16:40:13,1.17
2026-07-23 16:41:40,1.20
2026-07-23 16:42:03,0.85
2026-07-23 16:43:02,1.16
2026-07-23 16:43:38,0.83
2026-07-23 16:44:46,0.87
2026-07-23 16:45:41,1.29
2026-07-23 16:46:03,1.19
2026-07-23 16:47:29,0.83
2026-07-23 16:48:10,0.94
2026-07-23 16:48:56,1.36
2026-07-23 16:49:37,0.95
2026-07-23 16:50:50,1.26
2026-07-23 16:51:08,1.31
2026-07-23 16:51:49,0.98
2026-07-23 16:52:47,0.96
2026-07-23 16:53:06,1.33
2026-07-23 16:54:55,0.95
2026-07-23 16:55:45,1.34
2026-07-23 16:55:49,1.25
2026-07-23 16:56:49,0.97
2026-07-23 16:57:43,1.19
2026-07-23 16:58:11,0.97
2026-07-23 16:59:59,0.89
2026-07-23 17:00:18,1.19
2026-07-23 17:00:51,1.17
2026-07-23 17:01:31,0.89
2026-07-23 17:02:43,1.29
2026-07-23 17:03:24,0.95
2026-07-23 17:05:27,0.94
2026-07-23 17:05:41,1.48
2026-07-23 17:05:59,1.28
2026-07-23 17:06:12,0.88
2026-07-23 17:08:15,1.12
2026-07-23 17:09:11,1.11
2026-07-23 17:09:15,0.84
2026-07-23 17:11:48,0.89
2026-07-23 17:11:54,1.22
2026-07-23 17:13:42,1.19
2026-07-23 17:13:47,0.93
2026-07-23 17:14:06,1.22
2026-07-23 17:14:37,0.94
2026-07-23 17:16:17,0.88
2026-07-23 17:16:40,1.18
2026-07-23 17:17:52,0.86
2026-07-23 17:18:29,1.22
2026-07-23 17:19:14,0.86
2026-07-23 17:20:32,1.22
2026-07-23 17:20:37,1.21
2026-07-23 17:21:08,0.93
2026-07-23 17:22:26,1.22
2026-07-23 17:23:33,0.95
2026-07-23 17:24:23,1.01
2026-07-23 17:25:14,1.25
2026-07-23 17:25:40,0.94
2026-07-23 17:26:49,1.22
2026-07-23 17:27:16,0.98
2026-07-23 17:28:20,1.31
2026-07-23 17:29:55,1.04
2026-07-23 17:30:09,1.26
2026-07-23 17:30:50,0.94
2026-07-23 17:32:03,1.28
2026-07-23 17:33:16,0.96
2026-07-23 17:35:00,1.44
2026-07-23 17:35:26,1.31
2026-07-23 17:36:36,0.99
2026-07-23 17:37:12,0.87
2026-07-23 17:37:58,1.21
2026-07-23 17:39:19,0.93
2026-07-23 17:39:48,1.29
2026-07-23 17:41:40,1.28
2026-07-23 17:41:50,1.03
2026-07-23 17:42:44,0.90
2026-07-23 17:43:06,1.28
2026-07-23 17:44:06,1.33
2026-07-23 17:45:09,0.96
2026-07-23 17:45:27,1.26
2026-07-23 17:45:36,1.01
2026-07-23 17:47:31,0.98
2026-07-23 17:47:57,1.25
2026-07-23 17:48:42,1.07
2026-07-23 17:49:15,1.32
2026-07-23 17:50:23,1.10
2026-07-23 17:50:31,1.36
2026-07-23 17:51:58,1.44
2026-07-23 17:53:25,1.09
2026-07-23 17:54:41,1.49
2026-07-23 17:55:06,1.02
2026-07-23 17:55:32,1.76
2026-07-23 17:56:00,1.11
2026-07-23 17:57:26,0.86
2026-07-23 17:57:49,1.60
2026-07-23 17:59:10,1.48
2026-07-23 17:59:42,0.88
2026-07-23 18:01:18,1.40
2026-07-23 18:02:21,0.87
2026-07-23 18:04:07,0.98
2026-07-23 18:04:51,1.64
2026-07-23 18:05:14,1.54
2026-07-23 18:06:41,0.89
2026-07-23 18:07:53,1.32
2026-07-23 18:08:06,0.66
2026-07-23 18:08:34,0.78
2026-07-23 18:09:38,1.15
2026-07-23 18:10:05,0.81
2026-07-23 18:11:09,1.28
2026-07-23 18:12:48,0.90
2026-07-23 18:12:53,1.22
2026-07-23 18:13:34,0.95
2026-07-23 18:14:24,1.30
2026-07-23 18:15:28,0.96
2026-07-23 18:16:13,1.22
2026-07-23 18:17:48,0.90
2026-07-23 18:18:17,1.24
2026-07-23 18:19:19,0.92
2026-07-23 18:19:56,1.30
2026-07-23 18:20:10,1.42
2026-07-23 18:20:37,1.05
2026-07-23 18:22:17,1.19
2026-07-23 18:22:54,0.96
2026-07-23 18:24:06,0.91
2026-07-23 18:24:51,1.24
2026-07-23 18:25:01,1.31
2026-07-23 18:26:23,0.95
2026-07-23 18:26:37,1.35
2026-07-23 18:27:59,0.96
2026-07-23 18:28:44,1.09
2026-07-23 18:29:24,1.33
2026-07-23 18:30:06,0.94
2026-07-23 18:31:04,1.34
2026-07-23 18:31:36,1.48
2026-07-23 18:31:55,1.08
2026-07-23 18:34:34,1.33
2026-07-23 18:34:44,0.90
2026-07-23 18:34:48,0.84
2026-07-23 18:34:57,1.24
2026-07-23 18:37:03,1.23
2026-07-23 18:37:17,0.90
2026-07-23 18:38:13,1.28
2026-07-23 18:38:30,0.91
2026-07-23 18:40:15,1.24
2026-07-23 18:41:00,0.92
2026-07-23 18:42:23,1.38
2026-07-23 18:42:53,0.85
2026-07-23 18:44:25,0.75
2026-07-23 18:44:38,1.17
2026-07-23 18:45:33,0.78
2026-07-23 18:46:05,1.16
2026-07-23 18:46:54,1.22
2026-07-23 18:47:35,0.78
2026-07-23 18:48:16,1.13
2026-07-23 18:48:52,0.78
2026-07-23 18:50:19,1.06
2026-07-23 18:51:09,0.65
2026-07-23 18:51:23,1.05
2026-07-23 18:52:04,0.75
2026-07-23 18:53:20,1.05
2026-07-23 18:55:33,0.96
2026-07-23 18:55:50,0.73
2026-07-23 18:57:13,1.04
2026-07-23 18:57:49,0.76
2026-07-23 18:58:02,0.99
2026-07-23 18:59:20,0.71
2026-07-23 19:00:43,1.00
2026-07-23 19:00:56,0.76
2026-07-23 19:01:14,0.65
2026-07-23 19:01:41,0.97
2026-07-23 19:03:21,0.61
2026-07-23 19:04:29,0.91
2026-07-23 19:05:01,0.69
2026-07-23 19:05:33,0.95
2026-07-23 19:07:12,0.70
2026-07-23 19:07:27,0.99
2026-07-23 19:07:49,0.93
2026-07-23 19:09:24,0.63
2026-07-23 19:10:15,0.50
2026-07-23 19:10:33,0.95
2026-07-23 19:12:23,0.88
2026-07-23 19:12:36,0.60
2026-07-23 19:12:54,0.57
2026-07-23 19:13:58,0.87
2026-07-23 19:15:32,0.79
2026-07-23 19:15:56,0.50
2026-07-23 19:16:23,0.87
2026-07-23 19:16:42,0.57
2026-07-23 19:18:35,0.88
2026-07-23 19:18:52,0.41
2026-07-23 19:20:02,0.89
2026-07-23 19:20:24,0.57
2026-07-23 19:21:05,0.50
2026-07-23 19:21:23,0.85
2026-07-23 19:23:30,0.82
2026-07-23 19:24:02,0.45
2026-07-23 19:25:33,0.42
2026-07-23 19:25:51,0.82
2026-07-23 19:26:32,0.73
2026-07-23 19:27:32,0.45
2026-07-23 19:28:39,0.78
2026-07-23 19:29:12,0.49
2026-07-23 19:29:29,0.79
2026-07-23 19:30:20,0.51
2026-07-23 19:32:00,0.18
2026-07-23 19:32:32,0.58
2026-07-23 19:32:59,0.44
2026-07-23 19:34:11,0.88
2026-07-23 19:34:52,0.79
2026-07-23 19:35:01,0.36
2026-07-23 19:36:24,0.38
2026-07-23 19:36:46,0.76
2026-07-23 19:37:40,0.68
2026-07-23 19:38:13,0.37
2026-07-23 19:39:35,0.31
2026-07-23 19:40:07,0.72
2026-07-23 19:41:29,0.31
2026-07-23 19:42:18,0.73
2026-07-23 19:42:59,0.39
2026-07-23 19:43:54,0.65
2026-07-23 19:44:48,0.82
2026-07-23 19:45:11,0.33
2026-07-23 19:45:52,0.77
2026-07-23 19:47:05,0.13
2026-07-23 19:47:40,0.70
2026-07-23 19:48:44,0.09
2026-07-23 19:49:08,0.26
2026-07-23 19:49:21,0.62
2026-07-23 19:52:04,0.23
2026-07-23 19:52:27,0.72
2026-07-23 19:53:39,0.21
2026-07-23 19:54:16,0.62
2026-07-23 19:55:30,0.21
2026-07-23 19:55:56,0.63
2026-07-23 19:57:13,0.18
2026-07-23 19:58:09,0.20
2026-07-23 19:58:44,0.60
2026-07-23 19:59:25,0.58
2026-07-23 20:00:06,0.15
2026-07-23 20:01:46,0.21
2026-07-23 20:01:59,0.59
2026-07-23 20:02:50,0.04
2026-07-23 20:03:22,0.56
2026-07-23 20:04:26,0.11
2026-07-23 20:04:34,0.87
2026-07-23 20:05:52,0.64
2026-07-23 20:06:09,0.02
2026-07-23 20:07:45,0.10
2026-07-23 20:08:26,0.61
2026-07-23 20:10:16,0.52
2026-07-23 20:10:24,0.12
2026-07-23 20:10:48,0.43
2026-07-23 20:11:25,0.20
2026-07-23 20:13:27,0.13
2026-07-23 20:13:35,0.49
2026-07-23 20:14:30,0.10
2026-07-23 20:15:25,0.54
2026-07-23 20:15:29,0.42
2026-07-23 20:15:39,0.19
2026-07-23 20:17:31,0.37
2026-07-23 20:17:37,0.07
2026-07-23 20:19:08,0.47
2026-07-23 20:19:21,0.09
2026-07-23 20:20:47,0.45
2026-07-23 20:21:56,0.09
2026-07-23 20:22:55,0.33
2026-07-23 20:23:08,0.00
2026-07-23 20:24:21,0.12
2026-07-23 20:25:10,0.35
2026-07-23 20:25:52,0.52
2026-07-23 20:26:56,0.05
2026-07-23 20:28:08,0.09
2026-07-23 20:28:26,0.34
2026-07-23 20:29:07,-0.10
2026-07-23 20:30:06,0.60
2026-07-23 20:30:47,0.05
2026-07-23 20:31:14,0.42
2026-07-23 20:32:28,0.31
2026-07-23 20:32:45,0.05
2026-07-23 20:33:55,0.08
2026-07-23 20:35:03,0.22
2026-07-23 20:35:29,0.35
2026-07-23 20:36:28,-0.07
2026-07-23 20:37:19,0.16
2026-07-23 20:37:51,-0.01
2026-07-23 20:38:36,0.17
2026-07-23 20:39:39,-0.12
2026-07-23 20:41:06,-0.02
2026-07-23 20:41:25,0.14
2026-07-23 20:42:05,0.16
2026-07-23 20:42:50,-0.04
2026-07-23 20:43:49,0.13
2026-07-23 20:44:44,-0.02
2026-07-23 20:45:24,-0.05
2026-07-23 20:45:38,0.15
2026-07-23 20:47:05,-0.05
2026-07-23 20:47:23,0.22
2026-07-23 20:49:13,-0.10
2026-07-23 20:49:30,0.14
2026-07-23 20:51:06,0.09
2026-07-23 20:51:23,-0.03
2026-07-23 20:51:51,-0.13
2026-07-23 20:53:14,0.13
2026-07-23 20:53:31,-0.12
2026-07-23 20:54:25,0.10
2026-07-23 20:55:38,-0.08
2026-07-23 20:56:01,0.10
2026-07-23 20:57:41,0.08
2026-07-23 20:57:50,-0.07
2026-07-23 20:59:02,0.12
2026-07-23 20:59:22,-0.06
2026-07-23 21:00:02,0.10
2026-07-23 21:00:43,-0.05
2026-07-23 21:02:51,-0.07
2026-07-23 21:03:04,0.07
2026-07-23 21:03:40,0.11
2026-07-23 21:03:45,-0.12
2026-07-23 21:05:39,0.21
2026-07-23 21:05:52,-0.11
2026-07-23 21:06:51,0.09
2026-07-23 21:06:55,-0.10
2026-07-23 21:08:36,-0.09
2026-07-23 21:09:35,0.09
2026-07-23 21:09:57,-0.11
2026-07-23 21:10:38,0.16
2026-07-23 21:11:42,-0.15
2026-07-23 21:12:28,0.13
2026-07-23 21:13:12,-0.15
2026-07-23 21:14:16,0.11
2026-07-23 21:15:25,-0.08
2026-07-23 21:15:42,0.12
2026-07-23 21:16:41,-0.12
2026-07-23 21:18:03,0.12
2026-07-23 21:18:26,0.04
2026-07-23 21:18:44,-0.12
2026-07-23 21:20:34,-0.16
2026-07-23 21:20:43,0.01
2026-07-23 21:21:28,0.03
2026-07-23 21:22:37,-0.19
2026-07-23 21:23:54,-0.22
2026-07-23 21:24:12,0.05
2026-07-23 21:25:53,0.06
2026-07-23 21:26:15,-0.13
2026-07-23 21:26:29,-0.15
2026-07-23 21:26:47,0.10
2026-07-23 21:28:04,-0.20
2026-07-23 21:28:09,0.09
2026-07-23 21:30:33,-0.12
2026-07-23 21:31:19,0.09
2026-07-23 21:32:14,-0.19
2026-07-23 21:32:37,0.10
2026-07-23 21:33:08,0.06
2026-07-23 21:34:30,-0.09
2026-07-23 21:35:12,-0.23
2026-07-23 21:36:02,0.05
2026-07-23 21:37:10,-0.19
2026-07-23 21:37:46,0.07
2026-07-23 21:38:23,0.06
2026-07-23 21:39:18,-0.18
2026-07-23 21:39:39,0.03
2026-07-23 21:40:26,-0.17
2026-07-23 21:41:33,-0.18
2026-07-23 21:41:42,0.12
2026-07-23 21:44:17,-0.13
2026-07-23 21:44:30,0.06
2026-07-23 21:44:36,0.07
2026-07-23 21:46:02,-0.17
2026-07-23 21:46:32,-0.15
2026-07-23 21:47:46,0.05
2026-07-23 21:48:18,-0.14
2026-07-23 21:49:21,0.12
2026-07-23 21:49:31,0.08
2026-07-23 21:50:47,-0.20
2026-07-23 21:51:42,0.06
2026-07-23 21:52:32,-0.16
2026-07-23 21:53:09,-0.15
2026-07-23 21:54:12,0.08
2026-07-23 21:54:44,0.09
2026-07-23 21:54:53,-0.17
2026-07-23 21:56:11,-0.12
2026-07-23 21:57:19,0.12
2026-07-23 21:58:13,-0.14
2026-07-23 21:59:03,0.06
2026-07-23 21:59:27,-0.18
2026-07-23 21:59:31,0.07
2026-07-23 22:01:20,-0.19
2026-07-23 22:02:37,0.05
2026-07-23 22:03:13,-0.18
2026-07-23 22:04:04,0.08
2026-07-23 22:04:53,-0.28
2026-07-23 22:05:47,0.15
2026-07-23 22:06:06,0.07
2026-07-23 22:06:25,-0.12
2026-07-23 22:08:00,-0.10
2026-07-23 22:08:55,0.12
2026-07-23 22:09:40,-0.05
2026-07-23 22:10:26,0.12
2026-07-23 22:11:43,-0.12
2026-07-23 22:11:56,0.11
2026-07-23 22:12:37,-0.05
2026-07-23 22:12:59,0.13
2026-07-23 22:14:49,-0.04
2026-07-23 22:15:30,0.13
2026-07-23 22:16:51,-0.03
2026-07-23 22:16:55,0.16
2026-07-23 22:18:05,0.21
2026-07-23 22:18:41,0.00
2026-07-23 22:19:22,0.15
2026-07-23 22:20:30,-0.02
2026-07-23 22:21:25,0.22
2026-07-23 22:21:38,-0.08
2026-07-23 22:23:00,0.02
2026-07-23 22:23:26,0.16
2026-07-23 22:24:26,0.23
2026-07-23 22:25:30,0.02
2026-07-23 22:25:57,0.24
2026-07-23 22:26:14,0.04
2026-07-23 22:27:28,0.05
2026-07-23 22:28:00,0.22
2026-07-23 22:29:17,0.02
2026-07-23 22:29:22,0.28
2026-07-23 22:30:52,0.27
2026-07-23 22:31:56,0.05
2026-07-23 22:33:49,0.39
2026-07-23 22:34:07,0.32
2026-07-23 22:35:11,0.03
2026-07-23 22:36:32,0.30
2026-07-23 22:36:46,0.06
2026-07-23 22:37:37,0.25
2026-07-23 22:38:17,0.01
2026-07-23 22:39:30,-0.02
2026-07-23 22:39:35,0.32
2026-07-23 22:41:01,0.39
2026-07-23 22:41:55,0.09
2026-07-23 22:42:19,0.12
2026-07-23 22:43:17,0.38
2026-07-23 22:44:29,0.15
2026-07-23 22:44:53,0.49
2026-07-23 22:46:46,0.10
2026-07-23 22:46:50,0.42
2026-07-23 22:47:17,0.14
2026-07-23 22:48:21,0.36
2026-07-23 22:50:11,0.43
2026-07-23 22:50:24,0.10
2026-07-23 22:51:19,0.23
2026-07-23 22:52:00,0.42
2026-07-23 22:52:40,0.41
2026-07-23 22:53:48,0.25
2026-07-23 22:54:25,0.43
2026-07-23 22:54:29,0.24
2026-07-23 22:55:47,0.43
2026-07-23 22:56:56,0.27
2026-07-23 22:57:45,0.26
2026-07-23 22:58:11,0.47
2026-07-23 22:58:52,0.43
2026-07-23 22:59:06,0.33
2026-07-23 23:01:00,0.26
2026-07-23 23:01:51,0.54
2026-07-23 23:02:32,0.26
2026-07-23 23:03:02,0.46
2026-07-23 23:03:49,0.53
2026-07-23 23:04:29,0.26
2026-07-23 23:05:43,0.51
2026-07-23 23:06:51,0.28
2026-07-23 23:07:04,0.54
2026-07-23 23:08:08,0.36
2026-07-23 23:08:58,0.58
2026-07-23 23:09:53,0.40
2026-07-23 23:10:33,0.39
2026-07-23 23:11:09,0.56
2026-07-23 23:12:18,0.39
2026-07-23 23:13:22,0.54
2026-07-23 23:14:25,0.39
2026-07-23 23:14:43,0.51
2026-07-23 23:15:19,0.58
2026-07-23 23:16:14,0.43
2026-07-23 23:17:19,0.64
2026-07-23 23:17:54,0.36
2026-07-23 23:19:08,0.41
2026-07-23 23:19:21,0.62
2026-07-23 23:21:09,0.64
2026-07-23 23:21:19,0.43
2026-07-23 23:22:22,0.68
2026-07-23 23:23:03,0.45
2026-07-23 23:23:58,0.72
2026-07-23 23:24:25,0.43
2026-07-23 23:25:38,0.52
2026-07-23 23:26:37,0.65
2026-07-23 23:26:55,0.49
2026-07-23 23:28:22,0.70
2026-07-23 23:28:54,0.71
2026-07-23 23:29:29,0.54
2026-07-23 23:31:33,0.74
2026-07-23 23:32:04,0.56
2026-07-23 23:33:08,0.77
2026-07-23 23:33:31,0.60
2026-07-23 23:34:58,0.78
2026-07-23 23:36:14,0.90
2026-07-23 23:36:41,0.66
2026-07-23 23:36:47,0.81
2026-07-23 23:37:41,0.66
2026-07-23 23:38:30,0.85
2026-07-23 23:38:35,0.70
2026-07-23 23:40:20,0.60
2026-07-23 23:41:28,0.85
2026-07-23 23:41:45,0.73
2026-07-23 23:41:50,0.82
2026-07-23 23:43:40,0.75
2026-07-23 23:44:02,0.91
2026-07-23 23:46:09,0.71
2026-07-23 23:46:14,0.89
2026-07-23 23:47:27,0.87
2026-07-23 23:48:03,0.68
2026-07-23 23:48:36,0.96
2026-07-23 23:49:07,0.71
2026-07-23 23:50:47,0.70
2026-07-23 23:51:28,0.90
2026-07-23 23:51:46,0.71
2026-07-23 23:52:50,0.96
2026-07-23 23:53:26,0.95
2026-07-23 23:54:17,0.78
2026-07-23 23:55:56,0.77
2026-07-23 23:56:28,1.06
2026-07-23 23:56:46,1.04
2026-07-23 23:57:09,0.87
2026-07-23 23:58:58,0.84
2026-07-23 23:59:35,1.03
2026-07-24 00:00:20,0.90
2026-07-24 00:00:42,1.01
2026-07-24 00:02:09,0.90
2026-07-24 00:02:54,1.03
2026-07-24 00:03:13,1.08
2026-07-24 00:04:26,0.90
2026-07-24 00:05:20,1.07
2026-07-24 00:06:19,0.84
2026-07-24 00:06:46,0.86
2026-07-24 00:08:04,1.01
2026-07-24 00:08:53,1.04
2026-07-24 00:09:02,0.80
2026-07-24 00:10:06,0.83
2026-07-24 00:10:15,1.03
2026-07-24 00:11:41,0.86
2026-07-24 00:11:54,1.08
2026-07-24 00:13:40,0.86
2026-07-24 00:14:08,1.09
2026-07-24 00:15:06,1.07
2026-07-24 00:16:10,0.87
2026-07-24 00:16:55,1.11
2026-07-24 00:17:31,0.94
2026-07-24 00:18:49,0.89
2026-07-24 00:19:12,1.11
2026-07-24 00:19:48,1.08
2026-07-24 00:19:53,0.85
2026-07-24 00:22:01,0.95
2026-07-24 00:22:41,1.11
2026-07-24 00:23:50,0.89
2026-07-24 00:24:11,1.11
2026-07-24 00:24:44,0.88
2026-07-24 00:24:57,1.12
2026-07-24 00:26:19,0.90
2026-07-24 00:26:24,1.06
2026-07-24 00:27:54,1.04
2026-07-24 00:28:13,0.91
2026-07-24 00:30:24,1.12
2026-07-24 00:30:38,0.94
2026-07-24 00:31:42,0.89
2026-07-24 00:31:59,1.12
2026-07-24 00:33:13,0.97
2026-07-24 00:33:30,1.11
2026-07-24 00:34:30,0.96
2026-07-24 00:35:06,1.20
2026-07-24 00:36:09,1.14
2026-07-24 00:36:59,0.93
2026-07-24 00:38:16,1.12
2026-07-24 00:39:34,0.95
2026-07-24 00:40:52,1.11
2026-07-24 00:41:28,0.90
2026-07-24 00:41:56,1.22
2026-07-24 00:43:08,1.14
2026-07-24 00:43:44,0.86
2026-07-24 00:45:02,0.92
2026-07-24 00:45:11,1.18
2026-07-24 00:46:51,0.89
2026-07-24 00:47:08,1.11
2026-07-24 00:48:54,0.97
2026-07-24 00:49:03,1.17
2026-07-24 00:49:35,1.13
2026-07-24 00:49:43,0.97
2026-07-24 00:51:05,0.98
2026-07-24 00:51:27,1.16
2026-07-24 00:52:54,1.22
2026-07-24 00:53:13,0.95
2026-07-24 00:54:30,1.23
2026-07-24 00:55:15,0.99
2026-07-24 00:57:28,1.18
2026-07-24 00:58:40,1.02
2026-07-24 00:58:53,1.18
2026-07-24 00:59:25,1.01
2026-07-24 01:00:11,1.20
2026-07-24 01:01:38,1.22
2026-07-24 01:02:23,1.01
2026-07-24 01:02:54,1.18
2026-07-24 01:03:16,0.93
2026-07-24 01:04:26,0.98
2026-07-24 01:05:15,1.25
2026-07-24 01:06:19,1.27
2026-07-24 01:07:00,1.03
2026-07-24 01:08:36,1.00
2026-07-24 01:08:53,1.19
2026-07-24 01:09:12,1.05
2026-07-24 01:10:11,1.27
2026-07-24 01:10:52,1.05
2026-07-24 01:11:19,1.22
2026-07-24 01:12:54,1.28
2026-07-24 01:13:13,1.06
2026-07-24 01:14:29,1.11
2026-07-24 01:15:25,1.34
2026-07-24 01:16:02,1.31
2026-07-24 01:16:10,1.15
2026-07-24 01:17:32,1.28
2026-07-24 01:17:37,1.23
2026-07-24 01:17:41,1.19
2026-07-24 01:18:58,1.46
2026-07-24 01:19:17,1.21
2026-07-24 01:20:20,1.47
2026-07-24 01:20:53,1.25
2026-07-24 01:21:28,1.54
2026-07-24 01:22:45,1.33
2026-07-24 01:23:45,1.50
2026-07-24 01:24:16,1.56
2026-07-24 01:25:03,1.25
2026-07-24 01:26:01,1.27
2026-07-24 01:26:46,1.46
2026-07-24 01:27:41,1.36
2026-07-24 01:28:32,1.59
2026-07-24 01:29:30,1.29
2026-07-24 01:30:15,1.55
2026-07-24 01:31:29,1.36
2026-07-24 01:31:42,1.52
2026-07-24 01:32:32,1.37
2026-07-24 01:32:46,1.58
2026-07-24 01:34:58,1.61
2026-07-24 01:35:30,1.34
2026-07-24 01:35:39,1.26
2026-07-24 01:36:05,1.62
2026-07-24 01:37:46,1.40
2026-07-24 01:38:18,1.58
2026-07-24 01:39:17,1.31
2026-07-24 01:40:07,1.50
2026-07-24 01:40:43,1.34
2026-07-24 01:42:00,1.58
2026-07-24 01:42:29,1.54
2026-07-24 01:43:00,1.33
2026-07-24 01:44:39,1.64
2026-07-24 01:45:16,1.34
2026-07-24 01:45:57,1.28
2026-07-24 01:46:47,1.53
2026-07-24 01:48:09,1.58
2026-07-24 01:48:35,1.30
2026-07-24 01:49:08,1.33
2026-07-24 01:49:39,1.53
2026-07-24 01:50:43,1.62
2026-07-24 01:51:47,1.29
2026-07-24 01:53:04,1.50
2026-07-24 01:53:36,1.32
2026-07-24 01:53:53,1.36
2026-07-24 01:54:04,1.55
2026-07-24 01:55:39,1.33
2026-07-24 01:56:51,1.47
2026-07-24 01:57:18,1.59
2026-07-24 01:58:22,1.33
2026-07-24 01:59:43,1.52
2026-07-24 02:00:11,1.33
2026-07-24 02:00:24,1.44
2026-07-24 02:01:51,1.64
2026-07-24 02:03:04,1.38
2026-07-24 02:04:53,1.40
2026-07-24 02:05:01,1.65
2026-07-24 02:05:29,1.41
2026-07-24 02:06:33,1.75
2026-07-24 02:07:01,1.73
2026-07-24 02:08:03,1.51
2026-07-24 02:09:11,1.73
2026-07-24 02:09:40,1.46
2026-07-24 02:10:34,1.57
2026-07-24 02:11:19,1.83
2026-07-24 02:12:27,1.54
2026-07-24 02:13:00,1.75
2026-07-24 02:13:59,1.54
2026-07-24 02:14:44,1.75
2026-07-24 02:15:56,1.76
2026-07-24 02:16:46,1.57
2026-07-24 02:16:59,1.58
2026-07-24 02:17:36,1.73
2026-07-24 02:19:21,1.75
2026-07-24 02:19:52,1.57
2026-07-24 02:20:52,1.69
2026-07-24 02:21:29,1.56
2026-07-24 02:21:59,1.59
2026-07-24 02:22:59,1.73
2026-07-24 02:23:35,1.51
2026-07-24 02:24:34,1.74
2026-07-24 02:25:29,1.71
2026-07-24 02:26:28,1.49
2026-07-24 02:27:37,1.66
2026-07-24 02:27:45,1.45
2026-07-24 02:28:54,1.65
2026-07-24 02:29:53,1.48
2026-07-24 02:30:43,1.59
2026-07-24 02:30:52,1.43
2026-07-24 02:32:08,1.62
2026-07-24 02:32:50,1.41
2026-07-24 02:33:18,1.38
2026-07-24 02:34:44,1.62
2026-07-24 02:35:51,1.33
2026-07-24 02:36:05,1.73
2026-07-24 02:37:24,1.49
2026-07-24 02:38:13,1.25
2026-07-24 02:38:22,1.23
2026-07-24 02:38:59,1.45
2026-07-24 02:40:01,1.15
2026-07-24 02:41:10,1.40
2026-07-24 02:42:08,1.22
2026-07-24 02:42:32,1.35
2026-07-24 02:43:22,1.17
2026-07-24 02:44:30,1.37
2026-07-24 02:44:57,1.31
2026-07-24 02:46:10,1.13
2026-07-24 02:46:59,1.30
2026-07-24 02:47:13,1.13
2026-07-24 02:48:13,1.29
2026-07-24 02:48:32,1.10
2026-07-24 02:50:07,1.13
2026-07-24 02:51:19,1.32
2026-07-24 02:51:50,1.34
2026-07-24 02:52:36,1.14
2026-07-24 02:53:09,1.39
2026-07-24 02:53:23,1.17
2026-07-24 02:55:42,1.22
2026-07-24 02:56:19,1.42
2026-07-24 02:56:52,1.45
2026-07-24 02:57:33,1.24
2026-07-24 02:58:03,1.25
2026-07-24 02:59:29,1.45
2026-07-24 02:59:48,1.26
2026-07-24 03:01:19,1.47
2026-07-24 03:01:23,1.46
2026-07-24 03:01:47,1.27
2026-07-24 03:03:26,1.48
2026-07-24 03:04:08,1.31
2026-07-24 03:05:33,1.32
2026-07-24 03:05:57,1.70
2026-07-24 03:06:28,1.69
2026-07-24 03:07:04,1.31
2026-07-24 03:08:08,1.57
2026-07-24 03:09:08,1.38
2026-07-24 03:10:33,1.51
2026-07-24 03:11:10,1.35
2026-07-24 03:12:04,1.54
2026-07-24 03:12:32,1.34
2026-07-24 03:13:26,1.36
2026-07-24 03:14:02,1.57
2026-07-24 03:15:20,1.50
2026-07-24 03:15:39,1.32
2026-07-24 03:16:28,1.52
2026-07-24 03:16:42,1.33
2026-07-24 03:18:16,1.52
2026-07-24 03:18:49,1.30
2026-07-24 03:19:39,1.34
2026-07-24 03:20:24,1.49
2026-07-24 03:21:56,1.52
2026-07-24 03:22:41,1.33
2026-07-24 03:23:32,1.54
2026-07-24 03:23:54,1.35
2026-07-24 03:25:15,1.50
2026-07-24 03:25:42,1.31
2026-07-24 03:26:06,1.36
2026-07-24 03:27:10,1.53
2026-07-24 03:28:18,1.51
2026-07-24 03:28:36,1.38
2026-07-24 03:29:35,1.35
2026-07-24 03:30:48,1.58
2026-07-24 03:31:11,1.36
2026-07-24 03:32:37,1.54
2026-07-24 03:33:18,1.38
2026-07-24 03:34:16,1.56
2026-07-24 03:35:49,1.62
2026-07-24 03:35:57,1.31
2026-07-24 03:36:06,1.51
2026-07-24 03:36:11,1.37
2026-07-24 03:38:31,1.52
2026-07-24 03:38:55,1.34
2026-07-24 03:40:16,1.54
2026-07-24 03:40:20,1.33
2026-07-24 03:41:14,1.42
2026-07-24 03:41:47,1.55
2026-07-24 03:42:47,1.58
2026-07-24 03:43:00,1.39
2026-07-24 03:44:39,1.63
2026-07-24 03:45:11,1.40
2026-07-24 03:46:24,1.62
2026-07-24 03:47:05,1.43
2026-07-24 03:48:53,1.65
2026-07-24 03:49:30,1.45
2026-07-24 03:50:43,1.63
2026-07-24 03:52:14,1.64
2026-07-24 03:52:28,1.41
2026-07-24 03:52:59,1.39
2026-07-24 03:53:13,1.63
2026-07-24 03:54:26,1.39
2026-07-24 03:55:17,1.60
2026-07-24 03:56:43,1.58
2026-07-24 03:57:05,1.40
2026-07-24 03:58:14,1.58
2026-07-24 03:58:32,1.34
2026-07-24 03:59:58,1.37
2026-07-24 04:00:34,1.62
2026-07-24 04:01:43,1.40
2026-07-24 04:02:05,1.55
2026-07-24 04:02:37,1.36
2026-07-24 04:03:50,1.57
2026-07-24 04:05:03,1.83
2026-07-24 04:05:16,1.37
2026-07-24 04:06:02,1.85
2026-07-24 04:07:00,1.37
2026-07-24 04:07:41,1.61
2026-07-24 04:08:18,1.38
2026-07-24 04:09:03,1.59
2026-07-24 04:09:22,1.37
2026-07-24 04:10:44,1.56
2026-07-24 04:10:53,1.39
2026-07-24 04:12:51,1.61
2026-07-24 04:13:24,1.38
2026-07-24 04:15:12,1.58
2026-07-24 04:16:07,1.36
2026-07-24 04:17:28,1.54
2026-07-24 04:17:38,1.39
2026-07-24 04:19:36,1.52
2026-07-24 04:20:30,1.36
2026-07-24 04:21:48,1.59
2026-07-24 04:23:23,1.56
2026-07-24 04:23:32,1.31
2026-07-24 04:23:55,1.51
2026-07-24 04:25:07,1.33
2026-07-24 04:27:01,1.50
2026-07-24 04:27:16,1.32
2026-07-24 04:28:10,1.52
2026-07-24 04:29:13,1.59
2026-07-24 04:30:04,1.34
2026-07-24 04:30:49,1.30
2026-07-24 04:31:56,1.63
2026-07-24 04:32:11,1.33
2026-07-24 04:32:29,1.47
2026-07-24 04:34:45,1.61
2026-07-24 04:34:55,1.33
2026-07-24 04:35:49,1.59
2026-07-24 04:35:57,1.32
2026-07-24 04:37:33,1.37
2026-07-24 04:38:37,1.53
2026-07-24 04:38:46,1.35
2026-07-24 04:40:03,1.58
2026-07-24 04:40:36,1.55
2026-07-24 04:41:39,1.38
2026-07-24 04:42:11,1.35
2026-07-24 04:42:47,1.55
2026-07-24 04:44:46,1.49
2026-07-24 04:44:59,1.33
2026-07-24 04:46:30,1.30
2026-07-24 04:46:48,1.51
2026-07-24 04:47:33,1.27
2026-07-24 04:48:11,1.50
2026-07-24 04:50:03,1.49
2026-07-24 04:50:14,1.30
2026-07-24 04:50:45,1.50
2026-07-24 04:50:55,1.30
2026-07-24 04:52:39,1.49
2026-07-24 04:52:56,1.32
2026-07-24 04:53:33,1.48
2026-07-24 04:54:59,1.35
2026-07-24 04:55:18,1.27
2026-07-24 04:55:50,1.52
2026-07-24 04:57:12,1.31
2026-07-24 04:57:42,1.47
2026-07-24 04:58:37,1.29
2026-07-24 05:00:08,1.48
2026-07-24 05:00:54,1.49
2026-07-24 05:01:35,1.30
2026-07-24 05:02:43,1.49
2026-07-24 05:02:51,1.32
2026-07-24 05:04:04,1.27
2026-07-24 05:05:04,1.70
2026-07-24 05:05:08,1.74
2026-07-24 05:06:06,1.24
2026-07-24 05:07:06,1.37
2026-07-24 05:08:01,1.23
2026-07-24 05:08:28,1.46
2026-07-24 05:09:41,1.25
2026-07-24 05:10:49,1.43
2026-07-24 05:10:57,1.26
2026-07-24 05:12:34,1.38
2026-07-24 05:13:15,1.22
2026-07-24 05:13:52,1.26
2026-07-24 05:14:22,1.44
2026-07-24 05:16:12,1.23
2026-07-24 05:16:34,1.45
2026-07-24 05:17:25,1.25
2026-07-24 05:17:51,1.45
2026-07-24 05:18:32,1.24
2026-07-24 05:19:32,1.46
2026-07-24 05:20:09,1.45
2026-07-24 05:21:25,1.22
2026-07-24 05:21:57,1.26
2026-07-24 05:23:02,1.47
2026-07-24 05:23:15,1.25
2026-07-24 05:23:38,1.47
2026-07-24 05:25:54,1.22
2026-07-24 05:26:26,1.48
2026-07-24 05:28:01,1.46
2026-07-24 05:28:10,1.26
2026-07-24 05:29:04,1.52
2026-07-24 05:29:50,1.25
2026-07-24 05:30:26,1.23
2026-07-24 05:30:54,1.53
2026-07-24 05:31:34,1.25
2026-07-24 05:33:05,1.49
2026-07-24 05:33:09,1.20
2026-07-24 05:33:37,1.47
2026-07-24 05:35:03,1.85
2026-07-24 05:35:44,1.23
2026-07-24 05:36:42,1.39
2026-07-24 05:38:00,1.13
2026-07-24 05:38:15,1.34
2026-07-24 05:38:56,1.16
2026-07-24 05:40:12,1.13
2026-07-24 05:40:35,1.37
2026-07-24 05:41:29,1.16
2026-07-24 05:41:39,1.39
2026-07-24 05:43:19,1.14
2026-07-24 05:43:51,1.39
2026-07-24 05:46:08,1.15
2026-07-24 05:47:06,1.37
2026-07-24 05:47:24,1.16
2026-07-24 05:48:10,1.37
2026-07-24 05:48:46,1.15
2026-07-24 05:49:58,1.13
2026-07-24 05:50:49,1.38
2026-07-24 05:51:26,1.10
2026-07-24 05:52:24,1.31
2026-07-24 05:54:00,1.01
2026-07-24 05:54:27,1.29
2026-07-24 05:54:59,1.24
2026-07-24 05:55:03,1.04
2026-07-24 05:56:25,1.22
2026-07-24 05:56:38,1.00
2026-07-24 05:58:28,1.01
2026-07-24 05:58:37,1.21
2026-07-24 06:00:53,0.95
2026-07-24 06:01:21,1.15
2026-07-24 06:02:06,0.98
2026-07-24 06:03:28,1.15
2026-07-24 06:04:04,0.98
2026-07-24 06:05:03,1.28
2026-07-24 06:05:31,0.79
2026-07-24 06:06:48,0.83
2026-07-24 06:07:11,1.08
2026-07-24 06:08:51,0.87
2026-07-24 06:09:13,1.06
2026-07-24 06:10:17,0.77
2026-07-24 06:10:48,0.98
2026-07-24 06:11:16,1.01
2026-07-24 06:12:24,0.82
2026-07-24 06:14:00,0.77
2026-07-24 06:14:23,1.04
2026-07-24 06:14:54,1.02
2026-07-24 06:14:58,0.79
2026-07-24 06:16:20,0.97
2026-07-24 06:17:06,0.78
2026-07-24 06:17:57,0.70
2026-07-24 06:18:23,0.94
2026-07-24 06:20:58,0.71
2026-07-24 06:21:22,0.95
2026-07-24 06:21:52,0.74
2026-07-24 06:22:43,0.93
2026-07-24 06:23:32,0.71
2026-07-24 06:24:18,0.86
2026-07-24 06:25:53,0.66
2026-07-24 06:27:14,0.87
2026-07-24 06:27:38,0.83
2026-07-24 06:27:51,0.64
2026-07-24 06:29:58,0.60
2026-07-24 06:30:08,0.81
2026-07-24 06:31:07,0.76
2026-07-24 06:32:19,0.52
2026-07-24 06:33:10,0.75
2026-07-24 06:33:45,0.51
2026-07-24 06:34:49,0.95
2026-07-24 06:35:12,0.51
2026-07-24 06:35:53,0.72
2026-07-24 06:37:14,0.46
2026-07-24 06:38:27,0.42
2026-07-24 06:38:55,0.62
2026-07-24 06:39:58,0.45
2026-07-24 06:41:19,0.59
2026-07-24 06:41:51,0.40
2026-07-24 06:42:55,0.34
2026-07-24 06:43:13,0.53
2026-07-24 06:44:08,0.50
2026-07-24 06:45:39,0.32
2026-07-24 06:45:52,0.50
2026-07-24 06:46:10,0.27
2026-07-24 06:48:04,0.28
2026-07-24 06:48:54,0.41
2026-07-24 06:49:08,0.37
2026-07-24 06:50:24,0.15
2026-07-24 06:51:05,0.34
2026-07-24 06:51:15,0.15
2026-07-24 06:52:59,0.28
2026-07-24 06:53:36,0.12
2026-07-24 06:54:53,0.26
2026-07-24 06:55:26,0.12
2026-07-24 06:56:11,0.29
2026-07-24 06:56:24,0.11
2026-07-24 06:57:28,0.13
2026-07-24 06:58:03,0.28
2026-07-24 06:59:36,0.10
2026-07-24 07:00:21,0.28
2026-07-24 07:01:19,0.12
2026-07-24 07:02:23,0.24
2026-07-24 07:03:32,0.08
2026-07-24 07:05:07,0.36
2026-07-24 07:05:16,0.04
2026-07-24 07:05:57,0.47
2026-07-24 07:06:10,0.00
2026-07-24 07:07:15,0.11
2026-07-24 07:08:41,-0.06
2026-07-24 07:08:58,0.04
2026-07-24 07:09:52,-0.07
2026-07-24 07:11:15,-0.01
2026-07-24 07:11:34,-0.14
2026-07-24 07:12:33,-0.01
2026-07-24 07:13:08,-0.17
2026-07-24 07:13:58,-0.03
2026-07-24 07:14:35,-0.19
2026-07-24 07:15:49,-0.11
2026-07-24 07:16:16,-0.27
2026-07-24 07:17:42,-0.15
2026-07-24 07:18:37,-0.30
2026-07-24 07:18:50,-0.16
2026-07-24 07:18:58,-0.30
2026-07-24 07:21:20,-0.33
2026-07-24 07:21:51,-0.19
2026-07-24 07:22:37,-0.23
2026-07-24 07:22:51,-0.40
2026-07-24 07:23:49,-0.26
2026-07-24 07:24:26,-0.42
2026-07-24 07:26:11,-0.33
2026-07-24 07:27:05,-0.29
2026-07-24 07:27:59,-0.44
2026-07-24 07:29:03,-0.36
2026-07-24 07:29:30,-0.47
2026-07-24 07:30:26,-0.39
2026-07-24 07:31:07,-0.50
2026-07-24 07:32:05,-0.42
2026-07-24 07:32:23,-0.51
2026-07-24 07:34:23,-0.56
2026-07-24 07:35:03,-0.36
2026-07-24 07:35:30,-0.37
2026-07-24 07:36:46,-0.56
2026-07-24 07:37:14,-0.62
2026-07-24 07:38:09,-0.50
2026-07-24 07:38:54,-0.51
2026-07-24 07:40:11,-0.62
2026-07-24 07:40:35,-0.51
2026-07-24 07:40:48,-0.64
2026-07-24 07:41:52,-0.54
2026-07-24 07:42:06,-0.63
2026-07-24 07:44:17,-0.66
2026-07-24 07:45:07,-0.57
2026-07-24 07:46:02,-0.62
2026-07-24 07:46:33,-0.70
2026-07-24 07:47:01,-0.60
2026-07-24 07:47:47,-0.74
2026-07-24 07:49:31,-0.61
2026-07-24 07:49:49,-0.75
2026-07-24 07:50:08,-0.66
2026-07-24 07:51:33,-0.77
2026-07-24 07:51:57,-0.79
2026-07-24 07:52:24,-0.69
2026-07-24 07:53:59,-0.80
2026-07-24 07:54:49,-0.69
2026-07-24 07:55:17,-0.80
2026-07-24 07:55:26,-0.71
2026-07-24 07:57:28,-0.73
2026-07-24 07:58:01,-0.81
2026-07-24 07:58:46,-0.84
2026-07-24 07:59:36,-0.71
2026-07-24 08:00:21,-0.87
2026-07-24 08:01:07,-0.69
2026-07-24 08:01:43,-0.86
2026-07-24 08:02:05,-0.75
2026-07-24 08:03:37,-0.86
2026-07-24 08:04:31,-0.77
2026-07-24 08:05:21,-0.65
2026-07-24 08:05:40,-0.92
2026-07-24 08:07:15,-0.93
2026-07-24 08:07:28,-0.79
2026-07-24 08:08:41,-0.77
2026-07-24 08:09:18,-0.97
2026-07-24 08:10:17,-0.94
2026-07-24 08:11:01,-0.80
2026-07-24 08:12:00,-0.85
2026-07-24 08:12:19,-0.95
2026-07-24 08:13:19,-0.87
2026-07-24 08:14:00,-0.97
2026-07-24 08:15:26,-1.00
2026-07-24 08:15:56,-0.84
2026-07-24 08:16:57,-0.90
2026-07-24 08:17:51,-0.99
2026-07-24 08:18:31,-0.89
2026-07-24 08:18:55,-1.05
2026-07-24 08:20:26,-1.03
2026-07-24 08:20:48,-0.85
2026-07-24 08:22:14,-0.88
2026-07-24 08:22:33,-1.05
2026-07-24 08:23:22,-0.91
2026-07-24 08:24:03,-1.07
2026-07-24 08:25:53,-0.93
2026-07-24 08:26:02,-1.12
2026-07-24 08:26:30,-0.89
2026-07-24 08:27:24,-1.09
2026-07-24 08:28:51,-0.94
2026-07-24 08:29:36,-1.12
2026-07-24 08:30:44,-1.14
2026-07-24 08:31:11,-0.95
2026-07-24 08:32:42,-1.18
2026-07-24 08:34:18,-1.19
2026-07-24 08:34:23,-0.97
2026-07-24 08:35:07,-1.13
2026-07-24 08:35:39,-0.90
2026-07-24 08:36:21,-1.01
2026-07-24 08:36:58,-1.20
2026-07-24 08:38:36,-1.00
2026-07-24 08:38:54,-1.20
2026-07-24 08:40:31,-1.06
2026-07-24 08:42:33,-0.95
2026-07-24 08:42:37,-1.19
2026-07-24 08:43:46,-1.01
2026-07-24 08:43:50,-1.17
2026-07-24 08:44:37,-0.97
2026-07-24 08:44:58,-1.22
2026-07-24 08:46:25,-1.24
2026-07-24 08:46:39,-0.99
2026-07-24 08:48:33,-1.18
2026-07-24 08:49:08,-0.99
2026-07-24 08:50:30,-1.23
2026-07-24 08:51:29,-1.22
2026-07-24 08:51:57,-1.03
2026-07-24 08:53:28,-1.19
2026-07-24 08:54:04,-1.03
2026-07-24 08:54:45,-1.22
2026-07-24 08:55:13,-0.99
2026-07-24 08:57:07,-1.05
2026-07-24 08:57:33,-1.21
2026-07-24 08:58:09,-1.19
2026-07-24 08:58:55,-1.01
2026-07-24 08:59:41,-1.18
2026-07-24 09:00:22,-1.02
2026-07-24 09:01:58,-0.93
2026-07-24 09:02:24,-1.22
2026-07-24 09:03:51,-1.20
2026-07-24 09:03:55,-0.97
2026-07-24 09:04:36,-1.02
2026-07-24 09:05:27,-1.24
2026-07-24 09:06:25,-0.91
2026-07-24 09:06:48,-1.23
2026-07-24 09:08:20,-1.19
2026-07-24 09:08:50,-0.91
2026-07-24 09:09:50,-1.26
2026-07-24 09:10:40,-0.99
2026-07-24 09:11:39,-1.00
2026-07-24 09:11:49,-1.16
2026-07-24 09:13:01,-1.13
2026-07-24 09:13:20,-0.98
2026-07-24 09:14:47,-1.19
2026-07-24 09:15:41,-0.97
2026-07-24 09:16:26,-1.17
2026-07-24 09:16:49,-1.03
2026-07-24 09:17:38,-1.01
2026-07-24 09:18:24,-1.22
2026-07-24 09:19:46,-1.23
2026-07-24 09:20:46,-0.97
2026-07-24 09:21:07,-1.15
2026-07-24 09:21:48,-0.98
2026-07-24 09:22:39,-1.19
2026-07-24 09:23:20,-0.99
2026-07-24 09:24:23,-1.00
2026-07-24 09:24:46,-1.15
2026-07-24 09:26:36,-1.16
2026-07-24 09:26:57,-0.97
2026-07-24 09:27:48,-0.95
2026-07-24 09:27:57,-1.18
2026-07-24 09:29:50,-1.15
2026-07-24 09:30:05,-0.97
2026-07-24 09:30:59,-1.16
2026-07-24 09:32:07,-0.95
2026-07-24 09:32:52,-1.14
2026-07-24 09:33:37,-0.95
2026-07-24 09:35:36,-1.10
2026-07-24 09:36:45,-1.14
2026-07-24 09:37:15,-0.96
2026-07-24 09:38:20,-1.16
2026-07-24 09:38:33,-0.92
2026-07-24 09:39:37,-1.09
2026-07-24 09:40:35,-0.97
2026-07-24 09:40:40,-1.06
2026-07-24 09:42:11,-0.93
2026-07-24 09:42:39,-0.91
2026-07-24 09:42:52,-1.09
2026-07-24 09:44:05,-0.96
2026-07-24 09:44:10,-1.09
2026-07-24 09:46:49,-0.88
2026-07-24 09:47:02,-1.07
2026-07-24 09:47:20,-1.05
2026-07-24 09:48:10,-0.88
2026-07-24 09:49:28,-0.86
2026-07-24 09:49:41,-1.02
2026-07-24 09:51:12,-0.84
2026-07-24 09:51:57,-1.03
2026-07-24 09:52:43,-0.84
2026-07-24 09:52:48,-1.02
2026-07-24 09:54:24,-0.78
2026-07-24 09:54:37,-0.98
2026-07-24 09:55:36,-0.78
2026-07-24 09:56:17,-0.99
2026-07-24 09:57:34,-0.78
2026-07-24 09:57:44,-1.01
2026-07-24 09:59:46,-0.99
2026-07-24 09:59:55,-0.74
2026-07-24 10:01:30,-0.95
2026-07-24 10:02:24,-0.71
2026-07-24 10:02:57,-0.91
2026-07-24 10:05:09,-0.59
2026-07-24 10:05:23,-0.94
2026-07-24 10:05:32,-0.91
2026-07-24 10:06:17,-0.61
2026-07-24 10:07:25,-0.70
2026-07-24 10:07:56,-0.85
2026-07-24 10:09:01,-0.81
2026-07-24 10:09:28,-0.63
2026-07-24 10:10:58,-0.81
2026-07-24 10:11:12,-0.65
2026-07-24 10:12:02,-0.68
2026-07-24 10:12:12,-0.79
2026-07-24 10:14:33,-0.62
2026-07-24 10:15:00,-0.81
2026-07-24 10:16:02,-0.84
2026-07-24 10:16:27,-0.62
2026-07-24 10:17:42,-0.78
2026-07-24 10:18:33,-0.53
2026-07-24 10:19:00,-0.73
2026-07-24 10:19:45,-0.58
2026-07-24 10:20:23,-0.54
2026-07-24 10:20:54,-0.75
2026-07-24 10:22:25,-0.76
2026-07-24 10:23:10,-0.49
2026-07-24 10:25:00,-0.65
2026-07-24 10:25:36,-0.66
2026-07-24 10:25:45,-0.47
2026-07-24 10:27:07,-0.48
2026-07-24 10:27:30,-0.74
2026-07-24 10:29:28,-0.69
2026-07-24 10:29:55,-0.43
2026-07-24 10:30:09,-0.68
2026-07-24 10:30:36,-0.38
2026-07-24 10:31:54,-0.41
2026-07-24 10:32:48,-0.65
2026-07-24 10:33:38,-0.61
2026-07-24 10:34:50,-0.22
2026-07-24 10:35:41,-0.18
2026-07-24 10:36:30,-0.46
2026-07-24 10:37:03,-0.18
2026-07-24 10:37:43,-0.58
2026-07-24 10:38:52,-0.52
2026-07-24 10:39:13,-0.20
2026-07-24 10:40:59,-0.09
2026-07-24 10:41:27,-0.49
2026-07-24 10:41:48,-0.48
2026-07-24 10:42:48,-0.20
2026-07-24 10:43:29,-0.12
2026-07-24 10:43:39,-0.41
2026-07-24 10:45:37,-0.20
2026-07-24 10:45:50,-0.41
2026-07-24 10:46:39,-0.42
2026-07-24 10:47:07,-0.14
2026-07-24 10:48:52,-0.37
2026-07-24 10:49:06,-0.16
2026-07-24 10:51:08,-0.34
2026-07-24 10:51:35,-0.06
2026-07-24 10:51:40,-0.29
2026-07-24 10:53:10,-0.08
2026-07-24 10:54:37,-0.32
2026-07-24 10:55:23,-0.30
2026-07-24 10:55:32,-0.13
2026-07-24 10:57:20,-0.34
2026-07-24 10:57:52,-0.07
2026-07-24 10:59:01,-0.22
2026-07-24 10:59:33,-0.01
2026-07-24 11:00:36,-0.24
2026-07-24 11:01:03,0.00
2026-07-24 11:02:02,0.02
2026-07-24 11:02:52,-0.22
2026-07-24 11:03:16,-0.23
2026-07-24 11:04:18,0.00
2026-07-24 11:05:05,0.12
2026-07-24 11:05:54,-0.20
2026-07-24 11:06:27,-0.02
2026-07-24 11:06:36,-0.25
2026-07-24 11:08:38,-0.23
2026-07-24 11:09:01,0.01
2026-07-24 11:10:59,0.04
2026-07-24 11:11:12,-0.16
2026-07-24 11:11:31,0.02
2026-07-24 11:11:36,-0.25
2026-07-24 11:13:05,-0.15
2026-07-24 11:13:42,0.00
2026-07-24 11:15:50,0.13
2026-07-24 11:15:54,-0.21
2026-07-24 11:16:44,0.01
2026-07-24 11:17:35,-0.15
2026-07-24 11:18:21,0.15
2026-07-24 11:19:15,-0.23
2026-07-24 11:20:13,0.07
2026-07-24 11:20:31,-0.21
2026-07-24 11:21:25,0.10
2026-07-24 11:22:11,-0.05
2026-07-24 11:22:57,0.11
2026-07-24 11:24:14,-0.08
2026-07-24 11:24:46,0.20
2026-07-24 11:24:55,-0.14
2026-07-24 11:26:21,0.08
2026-07-24 11:26:30,-0.16
2026-07-24 11:28:24,0.16
2026-07-24 11:28:37,-0.06
2026-07-24 11:29:55,-0.05
2026-07-24 11:30:10,0.10
2026-07-24 11:31:53,0.24
2026-07-24 11:32:47,-0.03
2026-07-24 11:34:24,0.13
2026-07-24 11:35:27,0.01
2026-07-24 11:35:41,0.24
2026-07-24 11:37:34,0.22
2026-07-24 11:37:39,-0.01
2026-07-24 11:38:15,0.04
2026-07-24 11:39:00,0.21
2026-07-24 11:39:37,0.27
2026-07-24 11:39:59,0.05
2026-07-24 11:41:39,0.04
2026-07-24 11:42:16,0.31
2026-07-24 11:43:20,0.12
2026-07-24 11:43:28,0.29
2026-07-24 11:45:18,0.10
2026-07-24 11:45:58,0.37
2026-07-24 11:46:22,0.10
2026-07-24 11:47:34,0.33
2026-07-24 11:47:43,0.13
2026-07-24 11:48:37,0.45
2026-07-24 11:49:55,0.49
2026-07-24 11:50:08,0.22
2026-07-24 11:51:40,0.18
2026-07-24 11:52:38,0.40
2026-07-24 11:52:42,0.46
2026-07-24 11:53:38,0.17
2026-07-24 11:54:28,0.21
2026-07-24 11:55:13,0.42
2026-07-24 11:56:08,0.28
2026-07-24 11:56:21,0.51
2026-07-24 11:58:11,0.47
2026-07-24 11:58:46,0.26
2026-07-24 11:59:37,0.44
2026-07-24 12:00:21,0.20
2026-07-24 12:01:07,0.50
2026-07-24 12:01:21,0.24
2026-07-24 12:02:42,0.31
2026-07-24 12:03:23,0.53
2026-07-24 12:04:32,0.30
2026-07-24 12:05:41,0.57
2026-07-24 12:05:58,0.12
2026-07-24 12:06:52,0.49
2026-07-24 12:08:42,0.54
2026-07-24 12:08:56,0.20
2026-07-24 12:09:41,0.31
2026-07-24 12:10:22,0.50
2026-07-24 12:10:58,0.32
2026-07-24 12:11:35,0.56
2026-07-24 12:13:02,0.35
2026-07-24 12:13:10,0.68
2026-07-24 12:15:04,0.38
2026-07-24 12:15:08,0.57
2026-07-24 12:16:12,0.32
2026-07-24 12:16:58,0.63
2026-07-24 12:17:43,0.59
2026-07-24 12:18:41,0.32
2026-07-24 12:18:47,0.41
2026-07-24 12:18:52,0.42
2026-07-24 12:18:56,0.58
2026-07-24 12:19:01,0.50
2026-07-24 12:19:18,0.37
2026-07-24 12:20:41,0.59
2026-07-24 12:21:53,0.39
2026-07-24 12:22:06,0.61
2026-07-24 12:22:30,0.66
2026-07-24 12:22:57,0.36
2026-07-24 12:24:05,0.44
2026-07-24 12:25:18,0.72
2026-07-24 12:26:12,0.37
2026-07-24 12:26:21,0.76
2026-07-24 12:27:34,0.46
2026-07-24 12:28:15,0.66
2026-07-24 12:29:05,0.68
2026-07-24 12:30:04,0.45
2026-07-24 12:31:40,0.71
2026-07-24 12:31:53,0.46
2026-07-24 12:32:38,0.70
2026-07-24 12:33:01,0.40
2026-07-24 12:34:00,0.45
2026-07-24 12:35:26,0.74
2026-07-24 12:35:46,0.69
2026-07-24 12:36:58,0.47
2026-07-24 12:37:35,0.66
2026-07-24 12:38:46,0.46
2026-07-24 12:39:10,0.52
2026-07-24 12:39:23,0.64
2026-07-24 12:41:26,0.67
2026-07-24 12:42:02,0.50
2026-07-24 12:43:16,0.74
2026-07-24 12:43:29,0.51
2026-07-24 12:44:33,0.49
2026-07-24 12:45:04,0.71
2026-07-24 12:45:32,0.69
2026-07-24 12:46:12,0.50
2026-07-24 12:47:48,0.47
2026-07-24 12:48:29,0.70
2026-07-24 12:49:32,0.76
2026-07-24 12:50:09,0.52
2026-07-24 12:51:40,0.46
2026-07-24 12:51:45,0.73
2026-07-24 12:52:53,0.80
2026-07-24 12:53:02,0.46
2026-07-24 12:54:37,0.75
2026-07-24 12:55:09,0.61
2026-07-24 12:56:23,0.82
2026-07-24 12:56:27,0.57
2026-07-24 12:57:57,0.75
2026-07-24 12:58:19,0.48
2026-07-24 12:58:39,0.50
2026-07-24 12:59:42,0.81
2026-07-24 13:00:18,0.58
2026-07-24 13:00:22,0.74
2026-07-24 13:02:07,0.78
2026-07-24 13:02:21,0.56
2026-07-24 13:05:04,0.84
2026-07-24 13:05:31,0.74
2026-07-24 13:05:45,0.54
2026-07-24 13:06:58,0.57
2026-07-24 13:08:20,0.77
2026-07-24 13:08:33,0.60
2026-07-24 13:09:10,0.78
2026-07-24 13:11:08,0.56
2026-07-24 13:11:45,0.83
2026-07-24 13:12:43,0.82
2026-07-24 13:12:48,0.60
2026-07-24 13:13:47,0.80
2026-07-24 13:14:19,0.64
2026-07-24 13:15:10,0.77
2026-07-24 13:16:45,0.56
2026-07-24 13:17:20,0.77
2026-07-24 13:17:39,0.57
2026-07-24 13:19:06,0.58
2026-07-24 13:19:46,0.81
2026-07-24 13:20:31,0.90
2026-07-24 13:21:30,0.63
2026-07-24 13:22:57,0.83
2026-07-24 13:23:06,0.58
2026-07-24 13:23:30,0.75
2026-07-24 13:24:00,0.54
2026-07-24 13:25:09,0.58
2026-07-24 13:26:04,0.83
2026-07-24 13:28:06,0.59
2026-07-24 13:29:19,0.82
2026-07-24 13:29:37,0.66
2026-07-24 13:31:09,0.95
2026-07-24 13:31:54,0.91
2026-07-24 13:32:11,0.71
2026-07-24 13:33:43,0.99
2026-07-24 13:34:56,0.59
2026-07-24 13:35:19,0.96
2026-07-24 13:35:40,0.51
2026-07-24 13:36:41,0.62
2026-07-24 13:37:35,0.78
2026-07-24 13:39:29,0.55
2026-07-24 13:40:51,0.59
2026-07-24 13:40:59,0.80
2026-07-24 13:42:03,0.51
2026-07-24 13:42:35,0.81
2026-07-24 13:43:39,0.80
2026-07-24 13:44:00,0.51
2026-07-24 13:46:04,0.76
2026-07-24 13:47:16,0.83
2026-07-24 13:48:02,0.48
2026-07-24 13:48:56,0.86
2026-07-24 13:49:42,0.53
2026-07-24 13:50:05,0.42
2026-07-24 13:51:04,0.79
2026-07-24 13:51:53,0.53
2026-07-24 13:52:58,0.81
2026-07-24 13:54:01,0.49
2026-07-24 13:54:33,0.74
2026-07-24 13:55:54,0.79
2026-07-24 13:56:03,0.51
2026-07-24 13:57:53,0.79
2026-07-24 13:58:02,0.52
2026-07-24 13:58:20,0.54
2026-07-24 13:59:18,0.71
2026-07-24 14:00:12,0.55
2026-07-24 14:00:50,0.71
2026-07-24 14:01:58,0.52
2026-07-24 14:02:47,0.82
2026-07-24 14:03:52,0.51
2026-07-24 14:05:55,0.47
2026-07-24 14:05:59,0.95
2026-07-24 14:06:49,0.79
2026-07-24 14:07:44,0.55
2026-07-24 14:08:02,0.51
2026-07-24 14:09:05,0.82
2026-07-24 14:09:42,0.61
2026-07-24 14:10:32,0.79
2026-07-24 14:11:44,0.84
2026-07-24 14:12:07,0.49
2026-07-24 14:13:24,0.87
2026-07-24 14:14:05,0.54
2026-07-24 14:15:31,0.92
2026-07-24 14:15:56,0.43
2026-07-24 14:16:17,0.93
2026-07-24 14:16:31,0.30
2026-07-24 14:18:11,0.60
2026-07-24 14:19:15,0.88
2026-07-24 14:20:33,0.96
2026-07-24 14:21:00,0.60
2026-07-24 14:21:31,0.88
2026-07-24 14:22:12,0.57
2026-07-24 14:23:16,0.60
2026-07-24 14:23:25,0.89
2026-07-24 14:24:37,0.56
2026-07-24 14:25:46,0.84
2026-07-24 14:26:09,0.65
2026-07-24 14:26:22,0.89
2026-07-24 14:28:26,0.63
2026-07-24 14:28:57,0.87
2026-07-24 14:29:24,0.88
2026-07-24 14:30:45,0.64
2026-07-24 14:32:08,0.60
2026-07-24 14:32:40,0.97
2026-07-24 14:33:07,0.62
2026-07-24 14:33:44,0.96
2026-07-24 14:34:59,0.64
2026-07-24 14:35:41,1.01
2026-07-24 14:36:40,0.95
2026-07-24 14:37:17,0.76
2026-07-24 14:37:39,0.72
2026-07-24 14:38:43,0.96
2026-07-24 14:40:05,0.75
2026-07-24 14:40:46,1.04
2026-07-24 14:41:31,0.97
2026-07-24 14:41:44,0.69
2026-07-24 14:42:49,1.00
2026-07-24 14:43:16,0.73
2026-07-24 14:44:56,1.06
2026-07-24 14:45:33,0.71
2026-07-24 14:45:55,0.94
2026-07-24 14:47:21,0.63
2026-07-24 14:48:15,0.73
2026-07-24 14:49:06,1.09
2026-07-24 14:49:20,0.64
2026-07-24 14:50:42,0.97
2026-07-24 14:50:51,1.08
2026-07-24 14:52:12,0.63
2026-07-24 14:54:01,1.05
2026-07-24 14:54:23,0.60
2026-07-24 14:55:00,0.98
2026-07-24 14:55:54,0.97
2026-07-24 14:57:16,0.71
2026-07-24 14:57:57,0.98
2026-07-24 14:58:03,0.68
2026-07-24 14:59:43,1.00
2026-07-24 15:00:05,0.68
2026-07-24 15:01:40,1.02
2026-07-24 15:02:18,0.75
2026-07-24 15:02:39,0.67
2026-07-24 15:03:29,0.98
2026-07-24 15:05:27,0.74
2026-07-24 15:05:31,1.12
2026-07-24 15:05:55,0.62
2026-07-24 15:06:49,1.00
2026-07-24 15:08:30,0.94
2026-07-24 15:08:51,0.72
2026-07-24 15:09:37,0.78
2026-07-24 15:10:14,1.04
2026-07-24 15:11:08,0.97
2026-07-24 15:11:23,0.70
2026-07-24 15:12:53,0.97
2026-07-24 15:13:34,0.74
2026-07-24 15:14:01,0.75
2026-07-24 15:14:38,0.98
2026-07-24 15:16:26,0.75
2026-07-24 15:18:30,1.06
2026-07-24 15:18:47,0.77
2026-07-24 15:18:57,0.75
2026-07-24 15:19:56,0.98
2026-07-24 15:21:00,0.69
2026-07-24 15:21:08,1.08
2026-07-24 15:22:27,1.18
2026-07-24 15:23:48,0.68
2026-07-24 15:24:19,0.75
2026-07-24 15:25:00,1.09
2026-07-24 15:25:56,0.77
2026-07-24 15:26:27,1.07
2026-07-24 15:28:16,0.82
2026-07-24 15:28:43,1.13
2026-07-24 15:29:19,1.08
2026-07-24 15:29:38,0.82
2026-07-24 15:30:33,0.81
2026-07-24 15:31:41,1.14
2026-07-24 15:33:16,0.84
2026-07-24 15:33:43,1.12
2026-07-24 15:35:01,0.79
2026-07-24 15:36:04,0.85
2026-07-24 15:36:36,1.06
2026-07-24 15:37:31,0.83
2026-07-24 15:38:39,1.08
2026-07-24 15:38:57,0.82
2026-07-24 15:39:28,1.07
2026-07-24 15:40:46,1.15
2026-07-24 15:41:04,0.69
2026-07-24 15:42:44,0.79
2026-07-24 15:43:30,1.24
2026-07-24 15:44:11,1.20
2026-07-24 15:44:48,0.84
2026-07-24 15:45:55,0.90
2026-07-24 15:46:23,1.14
2026-07-24 15:47:12,1.23
2026-07-24 15:48:02,0.90
2026-07-24 15:49:29,0.87
2026-07-24 15:49:52,1.20
2026-07-24 15:50:15,0.90
2026-07-24 15:51:18,1.33
2026-07-24 15:51:54,1.31
2026-07-24 15:53:12,0.93
2026-07-24 15:53:49,1.38
2026-07-24 15:54:06,0.97
2026-07-24 15:55:14,1.23
2026-07-24 15:56:08,0.89
2026-07-24 15:57:27,0.93
2026-07-24 15:57:35,1.39
2026-07-24 15:59:29,1.32
2026-07-24 16:00:01,0.82
2026-07-24 16:00:51,1.41
2026-07-24 16:01:00,0.78
2026-07-24 16:02:21,0.95
2026-07-24 16:02:39,1.29
2026-07-24 16:03:43,1.02
2026-07-24 16:04:42,1.36
2026-07-24 16:06:04,1.65
2026-07-24 16:06:18,0.87
2026-07-24 16:06:49,1.15
2026-07-24 16:08:15,0.73
2026-07-24 16:08:26,0.86
2026-07-24 16:09:02,1.13
2026-07-24 16:10:42,0.89
2026-07-24 16:11:31,1.30
2026-07-24 16:12:40,0.86
2026-07-24 16:12:49,1.22
2026-07-24 16:13:53,1.31
2026-07-24 16:14:20,0.93
2026-07-24 16:15:05,1.06
2026-07-24 16:16:22,1.30
2026-07-24 16:17:22,1.38
2026-07-24 16:18:16,1.06
2026-07-24 16:19:24,1.11
2026-07-24 16:19:56,1.50
2026-07-24 16:20:24,1.41
2026-07-24 16:20:37,1.11
2026-07-24 16:21:45,1.18
2026-07-24 16:22:44,1.48
2026-07-24 16:23:15,1.40
2026-07-24 16:23:30,1.18
2026-07-24 16:25:14,1.24
2026-07-24 16:26:08,1.50
2026-07-24 16:26:49,1.25
2026-07-24 16:27:07,1.51
2026-07-24 16:28:24,1.49
2026-07-24 16:29:05,1.23
2026-07-24 16:31:09,1.59
2026-07-24 16:31:23,1.24
2026-07-24 16:31:45,1.64
2026-07-24 16:31:59,1.30
2026-07-24 16:33:21,1.50
2026-07-24 16:34:42,1.11
2026-07-24 16:35:01,1.74
2026-07-24 16:35:14,1.11
2026-07-24 16:36:27,1.20
2026-07-24 16:38:02,1.40
2026-07-24 16:38:33,1.44
2026-07-24 16:39:06,1.18
2026-07-24 16:39:47,1.10
2026-07-24 16:41:08,1.47
2026-07-24 16:42:22,1.12
2026-07-24 16:43:53,1.48
2026-07-24 16:43:57,1.20
2026-07-24 16:45:59,1.48
2026-07-24 16:47:08,1.18
2026-07-24 16:47:35,1.56
2026-07-24 16:48:07,1.54
2026-07-24 16:48:12,1.27
2026-07-24 16:49:51,1.16
2026-07-24 16:50:41,1.57
2026-07-24 16:52:08,1.54
2026-07-24 16:52:26,1.18
2026-07-24 16:53:47,1.58
2026-07-24 16:53:56,1.22
2026-07-24 16:54:47,1.50
2026-07-24 16:54:51,1.27
2026-07-24 16:57:20,1.29
2026-07-24 16:57:40,1.49
2026-07-24 16:58:26,1.28
2026-07-24 16:59:15,1.52
2026-07-24 16:59:56,1.25
2026-07-24 17:00:14,1.52
2026-07-24 17:01:44,1.48
2026-07-24 17:02:30,1.24
2026-07-24 17:02:53,1.25
2026-07-24 17:03:21,1.50
2026-07-24 17:05:13,1.23
2026-07-24 17:05:32,1.64
2026-07-24 17:06:50,1.27
2026-07-24 17:06:59,1.46
2026-07-24 17:08:34,1.47
2026-07-24 17:09:02,1.23
2026-07-24 17:09:48,1.21
2026-07-24 17:10:33,1.50
2026-07-24 17:11:23,1.51
2026-07-24 17:11:41,1.20
2026-07-24 17:13:07,1.22
2026-07-24 17:13:48,1.47
2026-07-24 17:15:19,1.21
2026-07-24 17:15:55,1.52
2026-07-24 17:17:02,1.28
2026-07-24 17:17:40,1.49
2026-07-24 17:17:48,1.29
2026-07-24 17:19:10,1.51
2026-07-24 17:19:33,1.32
2026-07-24 17:20:14,1.53
2026-07-24 17:22:04,1.54
2026-07-24 17:22:13,1.32
2026-07-24 17:23:03,1.54
2026-07-24 17:24:07,1.30
2026-07-24 17:24:33,1.57
2026-07-24 17:25:33,1.31
2026-07-24 17:26:36,1.36
2026-07-24 17:26:55,1.53
2026-07-24 17:27:57,1.38
2026-07-24 17:28:34,1.62
2026-07-24 17:30:18,1.37
2026-07-24 17:30:45,1.60
2026-07-24 17:31:05,1.61
2026-07-24 17:32:12,1.34
2026-07-24 17:33:16,1.37
2026-07-24 17:34:01,1.61
2026-07-24 17:35:04,1.65
2026-07-24 17:35:14,1.19
2026-07-24 17:36:04,1.54
2026-07-24 17:36:09,1.33
2026-07-24 17:38:20,1.54
2026-07-24 17:39:33,1.65
2026-07-24 17:40:32,1.30
2026-07-24 17:41:53,1.61
2026-07-24 17:41:58,1.34
2026-07-24 17:42:39,1.58
2026-07-24 17:43:28,1.36
2026-07-24 17:44:09,1.70
2026-07-24 17:44:19,1.36
2026-07-24 17:45:59,1.35
2026-07-24 17:46:03,1.61
2026-07-24 17:47:58,1.29
2026-07-24 17:48:48,1.62
2026-07-24 17:49:19,1.44
2026-07-24 17:50:09,1.66
2026-07-24 17:51:17,1.42
2026-07-24 17:51:58,1.62
2026-07-24 17:52:21,1.60
2026-07-24 17:52:57,1.40
2026-07-24 17:55:17,1.41
2026-07-24 17:55:36,1.60
2026-07-24 17:56:23,1.63
2026-07-24 17:56:36,1.44
2026-07-24 17:57:25,1.62
2026-07-24 17:57:39,1.44
2026-07-24 17:59:50,1.64
2026-07-24 18:00:09,1.37
2026-07-24 18:00:50,1.55
2026-07-24 18:01:21,1.41
2026-07-24 18:02:21,1.53
2026-07-24 18:02:52,1.35
2026-07-24 18:04:42,1.65
2026-07-24 18:05:31,1.19
2026-07-24 18:05:36,1.47
2026-07-24 18:05:40,1.26
2026-07-24 18:07:20,1.28
2026-07-24 18:08:11,1.45
2026-07-24 18:09:05,1.43
2026-07-24 18:09:41,1.21
2026-07-24 18:11:40,1.48
2026-07-24 18:11:53,1.24
2026-07-24 18:12:12,1.47
2026-07-24 18:13:19,1.26
2026-07-24 18:14:37,1.29
2026-07-24 18:15:12,1.46
2026-07-24 18:15:31,1.33
2026-07-24 18:15:41,1.48
2026-07-24 18:17:33,1.32
2026-07-24 18:17:53,1.54
2026-07-24 18:19:24,1.33
2026-07-24 18:19:41,1.52
2026-07-24 18:21:22,1.51
2026-07-24 18:21:35,1.25
2026-07-24 18:22:03,1.24
2026-07-24 18:22:39,1.51
2026-07-24 18:24:28,1.53
2026-07-24 18:24:42,1.26
2026-07-24 18:25:45,1.30
2026-07-24 18:26:03,1.46
2026-07-24 18:27:34,1.35
2026-07-24 18:27:53,1.54
2026-07-24 18:28:42,1.56
2026-07-24 18:29:09,1.33
2026-07-24 18:30:26,1.29
2026-07-24 18:30:44,1.56
2026-07-24 18:32:03,1.54
2026-07-24 18:32:30,1.28
2026-07-24 18:34:36,1.56
2026-07-24 18:34:51,1.25
2026-07-24 18:35:40,1.51
2026-07-24 18:36:40,1.20
2026-07-24 18:37:38,1.39
2026-07-24 18:38:19,1.17
2026-07-24 18:38:38,1.37
2026-07-24 18:40:09,1.18
2026-07-24 18:40:26,1.34
2026-07-24 18:40:30,1.17
2026-07-24 18:43:29,1.39
2026-07-24 18:44:50,1.33
2026-07-24 18:44:59,1.13
2026-07-24 18:45:27,1.11
2026-07-24 18:46:34,1.34
2026-07-24 18:48:09,1.11
2026-07-24 18:48:19,1.30
2026-07-24 18:49:31,1.21
2026-07-24 18:49:41,1.04
2026-07-24 18:50:49,1.22
2026-07-24 18:51:21,1.04
2026-07-24 18:51:52,1.17
2026-07-24 18:52:11,1.04
2026-07-24 18:54:09,1.21
2026-07-24 18:54:54,0.99
2026-07-24 18:55:17,1.01
2026-07-24 18:55:35,1.18
2026-07-24 18:58:05,1.17
2026-07-24 18:58:19,0.97
2026-07-24 18:59:04,1.15
2026-07-24 18:59:58,0.97
2026-07-24 19:00:17,1.14
2026-07-24 19:01:38,0.93
2026-07-24 19:02:29,1.03
2026-07-24 19:03:05,0.91
2026-07-24 19:03:50,1.13
2026-07-24 19:03:54,0.92
2026-07-24 19:05:44,0.89
2026-07-24 19:05:58,1.27
2026-07-24 19:06:38,1.06
2026-07-24 19:07:19,0.84
2026-07-24 19:08:37,0.87
2026-07-24 19:08:58,0.99
2026-07-24 19:10:08,1.02
2026-07-24 19:11:29,0.87
2026-07-24 19:12:10,0.99
2026-07-24 19:12:51,0.81
2026-07-24 19:13:54,0.96
2026-07-24 19:14:31,0.82
2026-07-24 19:14:58,0.80
2026-07-24 19:15:48,0.97
2026-07-24 19:17:05,0.93
2026-07-24 19:18:00,0.78
2026-07-24 19:18:10,0.91
2026-07-24 19:19:04,0.75
2026-07-24 19:19:53,0.94
2026-07-24 19:21:16,0.78
2026-07-24 19:22:34,0.71
2026-07-24 19:22:51,0.88
2026-07-24 19:23:14,0.92
2026-07-24 19:23:50,0.76
2026-07-24 19:25:35,0.70
2026-07-24 19:26:20,0.87
2026-07-24 19:26:30,0.88
2026-07-24 19:27:33,0.70
2026-07-24 19:28:14,0.85
2026-07-24 19:28:55,0.70
2026-07-24 19:30:26,0.66
2026-07-24 19:31:07,0.84
2026-07-24 19:31:48,0.85
2026-07-24 19:32:19,0.64
2026-07-24 19:33:14,0.67
2026-07-24 19:33:55,0.81
2026-07-24 19:34:54,0.83
2026-07-24 19:36:12,0.68
2026-07-24 19:37:33,0.78
2026-07-24 19:37:47,0.64
2026-07-24 19:38:10,0.53
2026-07-24 19:38:46,0.74
2026-07-24 19:39:59,0.58
2026-07-24 19:41:02,0.80
2026-07-24 19:41:57,0.81
2026-07-24 19:42:06,0.56
2026-07-24 19:43:45,0.74
2026-07-24 19:44:09,0.58
2026-07-24 19:45:08,0.75
2026-07-24 19:45:36,0.48
2026-07-24 19:46:16,0.74
2026-07-24 19:47:06,0.50
2026-07-24 19:49:05,0.45
2026-07-24 19:49:18,0.77
2026-07-24 19:49:32,0.75
2026-07-24 19:50:22,0.36
2026-07-24 19:52:03,0.71
2026-07-24 19:52:25,0.46
2026-07-24 19:52:58,0.65
2026-07-24 19:53:02,0.47
2026-07-24 19:54:54,0.43
2026-07-24 19:55:00,0.65
2026-07-24 19:56:08,0.63
2026-07-24 19:56:40,0.37
2026-07-24 19:57:48,0.67
2026-07-24 19:59:14,0.43
2026-07-24 20:00:13,0.58
2026-07-24 20:00:50,0.38
2026-07-24 20:01:11,0.65
2026-07-24 20:01:35,0.39
2026-07-24 20:03:24,0.61
2026-07-24 20:03:56,0.32
2026-07-24 20:04:41,0.78
2026-07-24 20:05:36,0.39
2026-07-24 20:06:12,0.62
2026-07-24 20:06:30,0.36
2026-07-24 20:08:02,0.33
2026-07-24 20:09:05,0.55
2026-07-24 20:09:55,0.30
2026-07-24 20:10:40,0.55
2026-07-24 20:11:31,0.57
2026-07-24 20:11:53,0.34
2026-07-24 20:13:24,0.50
2026-07-24 20:13:56,0.28
2026-07-24 20:14:50,0.52
2026-07-24 20:15:14,0.28
2026-07-24 20:16:30,0.22
2026-07-24 20:17:06,0.50
2026-07-24 20:17:47,0.27
2026-07-24 20:18:38,0.47
2026-07-24 20:19:18,0.46
2026-07-24 20:19:59,0.23
2026-07-24 20:21:07,0.48
2026-07-24 20:21:40,0.17
2026-07-24 20:23:38,0.45
2026-07-24 20:23:52,0.24
2026-07-24 20:24:50,0.21
2026-07-24 20:25:45,0.47
2026-07-24 20:25:54,0.46
2026-07-24 20:27:21,0.22
2026-07-24 20:28:29,0.48
2026-07-24 20:29:00,0.21
2026-07-24 20:29:36,0.42
2026-07-24 20:30:08,0.18
2026-07-24 20:30:54,0.47
2026-07-24 20:31:35,0.17
2026-07-24 20:33:02,0.42
2026-07-24 20:33:29,0.16
2026-07-24 20:34:43,0.43
2026-07-24 20:35:18,0.10
2026-07-24 20:35:50,0.39
2026-07-24 20:36:49,0.11
2026-07-24 20:37:30,0.40
2026-07-24 20:37:48,0.10
2026-07-24 20:40:00,0.06
2026-07-24 20:40:09,0.30
2026-07-24 20:41:00,0.39
2026-07-24 20:41:50,0.12
2026-07-24 20:42:44,0.00
2026-07-24 20:42:57,0.33
2026-07-24 20:43:57,0.42
2026-07-24 20:44:55,0.08
2026-07-24 20:45:59,0.34
2026-07-24 20:46:09,0.05
2026-07-24 20:47:17,0.08
2026-07-24 20:47:21,0.36
2026-07-24 20:49:29,0.09
2026-07-24 20:50:28,0.29
2026-07-24 20:50:42,0.06
2026-07-24 20:51:09,0.29
2026-07-24 20:53:20,0.26
2026-07-24 20:53:34,0.09
2026-07-24 20:53:57,-0.03
2026-07-24 20:55:06,0.28
2026-07-24 20:55:33,0.03
2026-07-24 20:55:37,0.29
2026-07-24 20:57:17,0.06
2026-07-24 20:57:58,0.24
2026-07-24 20:59:56,0.07
2026-07-24 21:00:18,0.35
2026-07-24 21:00:55,0.28
2026-07-24 21:02:04,0.03
2026-07-24 21:02:12,0.02
2026-07-24 21:03:34,0.29
2026-07-24 21:03:57,0.09
2026-07-24 21:05:00,0.35
2026-07-24 21:05:51,0.53
2026-07-24 21:05:55,0.08
2026-07-24 21:07:12,0.28
2026-07-24 21:07:30,0.08
2026-07-24 21:09:30,0.32
2026-07-24 21:10:15,0.05
2026-07-24 21:11:54,0.31
2026-07-24 21:11:59,0.05
2026-07-24 21:12:58,0.24
2026-07-24 21:13:16,-0.01
2026-07-24 21:13:53,0.07
2026-07-24 21:14:47,0.28
2026-07-24 21:15:50,0.25
2026-07-24 21:16:27,0.05
2026-07-24 21:17:03,0.26
2026-07-24 21:17:22,0.09
2026-07-24 21:18:48,0.27
2026-07-24 21:19:46,0.04
2026-07-24 21:21:45,0.22
2026-07-24 21:22:49,0.24
2026-07-24 21:23:11,-0.01
2026-07-24 21:24:23,0.32
2026-07-24 21:25:01,0.02
2026-07-24 21:25:46,0.06
2026-07-24 21:26:27,0.32
2026-07-24 21:27:31,0.03
2026-07-24 21:27:39,0.39
2026-07-24 21:29:15,0.12
2026-07-24 21:30:05,0.36
2026-07-24 21:30:19,0.12
2026-07-24 21:30:41,0.29
2026-07-24 21:31:49,0.11
2026-07-24 21:32:40,0.32
2026-07-24 21:34:47,0.37
2026-07-24 21:35:04,0.11
2026-07-24 21:35:28,0.01
2026-07-24 21:36:13,0.39
2026-07-24 21:36:45,0.27
2026-07-24 21:37:59,0.10
2026-07-24 21:39:34,0.32
2026-07-24 21:40:01,0.12
2026-07-24 21:40:47,0.17
2026-07-24 21:41:28,0.32
2026-07-24 21:41:45,0.13
2026-07-24 21:42:13,0.28
2026-07-24 21:43:30,0.34
2026-07-24 21:44:43,0.15
2026-07-24 21:45:01,0.27
2026-07-24 21:45:24,0.15
2026-07-24 21:46:40,0.29
2026-07-24 21:47:13,0.11
2026-07-24 21:49:34,0.14
2026-07-24 21:49:38,0.33
2026-07-24 21:50:23,0.17
2026-07-24 21:50:29,0.29
2026-07-24 21:52:09,0.33
2026-07-24 21:52:36,0.17
2026-07-24 21:53:17,0.36
2026-07-24 21:54:39,0.22
2026-07-24 21:55:05,0.18
2026-07-24 21:56:32,0.39
2026-07-24 21:56:40,0.23
2026-07-24 21:58:02,0.37
2026-07-24 21:59:19,0.20
2026-07-24 22:00:51,0.25
2026-07-24 22:01:14,0.39
2026-07-24 22:01:51,0.40
2026-07-24 22:02:31,0.24
2026-07-24 22:03:16,0.45
2026-07-24 22:04:07,0.21
2026-07-24 22:04:53,0.53
2026-07-24 22:06:18,0.28
2026-07-24 22:06:59,0.16
2026-07-24 22:07:09,0.45
2026-07-24 22:08:08,0.49
2026-07-24 22:08:36,0.25
2026-07-24 22:10:55,0.31
2026-07-24 22:11:14,0.53
2026-07-24 22:11:42,0.27
2026-07-24 22:12:31,0.60
2026-07-24 22:13:57,0.29
2026-07-24 22:14:38,0.57
2026-07-24 22:15:42,0.53
2026-07-24 22:16:05,0.37
2026-07-24 22:16:36,0.32
2026-07-24 22:17:31,0.63
2026-07-24 22:18:07,0.57
2026-07-24 22:19:30,0.34
2026-07-24 22:19:48,0.35
2026-07-24 22:19:52,0.54
2026-07-24 22:21:36,0.38
2026-07-24 22:21:55,0.54
2026-07-24 22:24:02,0.39
2026-07-24 22:24:11,0.58
2026-07-24 22:24:48,0.48
2026-07-24 22:25:01,0.66
2026-07-24 22:26:27,0.43
2026-07-24 22:26:46,0.60
2026-07-24 22:27:58,0.45
2026-07-24 22:28:17,0.68
2026-07-24 22:30:00,0.73
2026-07-24 22:30:52,0.44
2026-07-24 22:31:33,0.63
2026-07-24 22:32:49,0.45
2026-07-24 22:33:03,0.47
2026-07-24 22:33:57,0.68
2026-07-24 22:34:30,0.74
2026-07-24 22:35:33,0.45
2026-07-24 22:36:37,0.54
2026-07-24 22:36:41,0.75
2026-07-24 22:37:59,0.55
2026-07-24 22:38:03,0.70
2026-07-24 22:39:34,0.47
2026-07-24 22:40:34,0.73
2026-07-24 22:41:15,0.72
2026-07-24 22:41:28,0.51
2026-07-24 22:43:23,0.60
2026-07-24 22:43:31,0.75
2026-07-24 22:44:34,0.56
2026-07-24 22:45:11,0.76
2026-07-24 22:46:46,0.79
2026-07-24 22:47:18,0.55
2026-07-24 22:48:03,0.57
2026-07-24 22:49:02,0.76
2026-07-24 22:49:29,0.73
2026-07-24 22:50:48,0.61
2026-07-24 22:51:37,0.76
2026-07-24 22:52:04,0.59
2026-07-24 22:52:45,0.62
2026-07-24 22:53:31,0.78
2026-07-24 22:55:25,0.65
2026-07-24 22:55:53,0.78
2026-07-24 22:56:42,0.68
2026-07-24 22:57:00,0.84
2026-07-24 22:57:41,0.64
2026-07-24 22:57:50,0.83
2026-07-24 22:59:16,0.71
2026-07-24 22:59:22,0.86
2026-07-24 23:01:05,0.71
2026-07-24 23:01:34,0.85
2026-07-24 23:03:18,0.90
2026-07-24 23:03:26,0.70
2026-07-24 23:04:58,0.89
2026-07-24 23:05:16,0.74
2026-07-24 23:06:29,0.76
2026-07-24 23:07:01,0.92
2026-07-24 23:07:42,0.86
2026-07-24 23:08:27,1.00
2026-07-24 23:09:13,0.99
2026-07-24 23:09:40,0.86
2026-07-24 23:11:05,0.98
2026-07-24 23:11:15,0.86
2026-07-24 23:11:20,0.94
2026-07-24 23:11:25,1.00
2026-07-24 23:11:46,0.96
2026-07-24 23:12:19,0.86
2026-07-24 23:12:41,0.95
2026-07-24 23:14:04,0.78
2026-07-24 23:14:21,0.77
2026-07-24 23:15:15,0.95
2026-07-24 23:16:10,0.87
2026-07-24 23:16:19,0.98
2026-07-24 23:18:14,0.90
2026-07-24 23:18:45,0.97
2026-07-24 23:19:39,0.90
2026-07-24 23:19:44,1.06
2026-07-24 23:21:25,1.08
2026-07-24 23:21:56,0.88
2026-07-24 23:22:33,1.06
2026-07-24 23:23:45,0.92
2026-07-24 23:24:44,0.97
2026-07-24 23:24:58,1.10
2026-07-24 23:26:33,1.11
2026-07-24 23:26:38,0.94
2026-07-24 23:27:23,1.13
2026-07-24 23:27:28,0.94
2026-07-24 23:29:04,0.97
2026-07-24 23:29:12,1.12
2026-07-24 23:30:39,0.93
2026-07-24 23:31:14,1.16
2026-07-24 23:32:33,1.19
2026-07-24 23:33:14,1.04
2026-07-24 23:34:13,1.06
2026-07-24 23:35:03,1.26
2026-07-24 23:36:16,1.25
2026-07-24 23:36:47,1.03
2026-07-24 23:37:38,1.20
2026-07-24 23:38:41,1.04
2026-07-24 23:39:49,1.05
2026-07-24 23:39:54,1.21
2026-07-24 23:40:53,1.05
2026-07-24 23:41:38,1.25
2026-07-24 23:42:37,1.31
2026-07-24 23:42:59,1.13
2026-07-24 23:43:59,1.17
2026-07-24 23:44:58,1.27
2026-07-24 23:45:58,1.17
2026-07-24 23:46:33,1.31
2026-07-24 23:47:19,1.19
2026-07-24 23:48:00,1.37
2026-07-24 23:49:31,1.19
2026-07-24 23:50:08,1.36
2026-07-24 23:50:43,1.37
2026-07-24 23:51:56,1.19
2026-07-24 23:52:46,1.38
2026-07-24 23:53:14,1.15
2026-07-24 23:54:48,1.22
2026-07-24 23:54:58,1.41
2026-07-24 23:55:34,1.19
2026-07-24 23:56:02,1.34
2026-07-24 23:57:10,1.24
2026-07-24 23:57:55,1.45
2026-07-24 23:59:45,1.37
2026-07-25 00:00:12,1.19
2026-07-25 00:00:49,1.28
2026-07-25 00:01:47,1.45
2026-07-25 00:02:51,1.26
2026-07-25 00:03:32,1.46
2026-07-25 00:04:54,1.28
2026-07-25 00:04:59,1.48
2026-07-25 00:05:35,1.32
2026-07-25 00:06:01,1.58
2026-07-25 00:07:07,1.51
2026-07-25 00:07:15,1.24
2026-07-25 00:08:50,1.47
2026-07-25 00:10:03,1.23
2026-07-25 00:10:35,1.29
2026-07-25 00:11:16,1.53
2026-07-25 00:12:51,1.49
2026-07-25 00:13:00,1.29
2026-07-25 00:14:08,1.28
2026-07-25 00:14:54,1.50
2026-07-25 00:15:13,1.40
2026-07-25 00:16:25,1.25
2026-07-25 00:16:48,1.44
2026-07-25 00:16:56,1.20
2026-07-25 00:19:09,1.24
2026-07-25 00:19:32,1.43
2026-07-25 00:20:31,1.45
2026-07-25 00:20:49,1.27
2026-07-25 00:22:38,1.30
2026-07-25 00:23:10,1.55
2026-07-25 00:23:33,1.46
2026-07-25 00:23:55,1.26
2026-07-25 00:25:03,1.27
2026-07-25 00:25:17,1.50
2026-07-25 00:26:49,1.32
2026-07-25 00:27:24,1.52
2026-07-25 00:28:42,1.50
2026-07-25 00:29:40,1.24
2026-07-25 00:30:32,1.53
2026-07-25 00:31:34,1.30
2026-07-25 00:32:15,1.56
2026-07-25 00:33:01,1.32
2026-07-25 00:33:19,1.25
2026-07-25 00:34:50,1.50
2026-07-25 00:35:40,1.57
2026-07-25 00:36:04,1.32
2026-07-25 00:36:39,1.25
2026-07-25 00:37:52,1.48
2026-07-25 00:38:25,1.28
2026-07-25 00:38:46,1.47
2026-07-25 00:39:59,1.51
2026-07-25 00:40:45,1.29
2026-07-25 00:41:39,1.50
2026-07-25 00:42:48,1.30
2026-07-25 00:43:47,1.49
2026-07-25 00:43:51,1.22
2026-07-25 00:45:13,1.29
2026-07-25 00:46:17,1.48
2026-07-25 00:46:53,1.30
2026-07-25 00:47:29,1.53
2026-07-25 00:48:42,1.55
2026-07-25 00:49:37,1.29
2026-07-25 00:50:09,1.52
2026-07-25 00:50:22,1.31
2026-07-25 00:52:48,1.26
2026-07-25 00:52:52,1.52
2026-07-25 00:53:10,1.46
2026-07-25 00:54:19,1.33
2026-07-25 00:55:26,1.50
2026-07-25 00:56:07,1.27
2026-07-25 00:56:34,1.50
2026-07-25 00:56:48,1.24
2026-07-25 00:58:14,1.34
2026-07-25 00:58:20,1.50
2026-07-25 00:59:42,1.35
2026-07-25 01:00:17,1.50
2026-07-25 01:01:50,1.48
2026-07-25 01:02:03,1.37
2026-07-25 01:03:19,1.51
2026-07-25 01:04:18,1.38
2026-07-25 01:05:04,1.67
2026-07-25 01:05:32,1.44
2026-07-25 01:07:07,1.41
2026-07-25 01:07:47,1.52
2026-07-25 01:08:42,1.54
2026-07-25 01:09:14,1.38
2026-07-25 01:10:13,1.41
2026-07-25 01:11:07,1.59
2026-07-25 01:12:06,1.36
2026-07-25 01:12:11,1.57
2026-07-25 01:14:13,1.60
2026-07-25 01:14:27,1.44
2026-07-25 01:15:35,1.68
2026-07-25 01:16:11,1.49
2026-07-25 01:17:01,1.63
2026-07-25 01:17:42,1.49
2026-07-25 01:18:06,1.54
2026-07-25 01:19:14,1.79
2026-07-25 01:19:51,1.80
2026-07-25 01:21:03,1.60
2026-07-25 01:22:06,1.86
2026-07-25 01:22:39,1.58
2026-07-25 01:23:28,1.60
2026-07-25 01:24:23,1.81
2026-07-25 01:24:32,1.56
2026-07-25 01:25:27,1.93
2026-07-25 01:26:16,1.73
2026-07-25 01:27:02,1.95
2026-07-25 01:28:00,1.64
2026-07-25 01:28:42,1.93
2026-07-25 01:29:41,1.73
2026-07-25 01:30:26,2.02
2026-07-25 01:31:07,2.06
2026-07-25 01:31:25,1.67
2026-07-25 01:33:37,1.73
2026-07-25 01:34:18,1.97
2026-07-25 01:34:45,1.70
2026-07-25 01:35:03,2.10
2026-07-25 01:36:03,2.13
2026-07-25 01:36:53,1.64
2026-07-25 01:38:46,1.99
2026-07-25 01:39:13,1.71
2026-07-25 01:39:23,2.15
2026-07-25 01:40:22,1.64
2026-07-25 01:41:20,1.62
2026-07-25 01:42:11,1.94
2026-07-25 01:43:01,1.60
2026-07-25 01:43:29,1.82
2026-07-25 01:44:49,1.98
2026-07-25 01:45:30,1.62
2026-07-25 01:46:25,1.87
2026-07-25 01:46:38,1.65
2026-07-25 01:47:34,1.84
2026-07-25 01:47:57,1.52
2026-07-25 01:49:54,1.89
2026-07-25 01:50:27,1.63
2026-07-25 01:50:57,1.70
2026-07-25 01:51:39,1.90
2026-07-25 01:53:05,1.83
2026-07-25 01:53:15,1.59
2026-07-25 01:54:09,1.91
2026-07-25 01:55:07,1.66
2026-07-25 01:56:44,1.58
2026-07-25 01:57:19,1.87
2026-07-25 01:57:33,1.90
2026-07-25 01:59:00,1.58
2026-07-25 01:59:22,1.72
2026-07-25 02:00:03,1.90
2026-07-25 02:00:58,1.63
2026-07-25 02:02:20,1.96
2026-07-25 02:02:37,2.05
2026-07-25 02:03:15,1.70
2026-07-25 02:04:13,1.77
2026-07-25 02:05:22,2.24
2026-07-25 02:05:45,2.34
2026-07-25 02:07:20,1.82
2026-07-25 02:08:23,2.05
2026-07-25 02:08:33,1.89
2026-07-25 02:09:59,2.14
2026-07-25 02:10:21,1.87
2026-07-25 02:10:54,1.85
2026-07-25 02:12:02,2.14
2026-07-25 02:12:37,1.93
2026-07-25 02:13:45,2.12
2026-07-25 02:14:26,1.86
2026-07-25 02:15:21,2.07
2026-07-25 02:15:58,1.85
2026-07-25 02:16:52,2.09
2026-07-25 02:17:19,1.84
2026-07-25 02:17:33,2.07
2026-07-25 02:19:27,1.87
2026-07-25 02:19:49,2.06
2026-07-25 02:20:35,2.13
2026-07-25 02:22:10,1.84
2026-07-25 02:22:23,1.88
2026-07-25 02:23:18,2.08
2026-07-25 02:24:53,1.84
2026-07-25 02:25:39,1.82
2026-07-25 02:26:16,2.05
2026-07-25 02:27:20,2.09
2026-07-25 02:27:24,1.84
2026-07-25 02:28:59,2.00
2026-07-25 02:29:23,1.76
2026-07-25 02:30:58,1.79
2026-07-25 02:31:35,1.94
2026-07-25 02:32:46,1.97
2026-07-25 02:33:23,1.73
2026-07-25 02:34:53,1.98
2026-07-25 02:35:21,1.71
2026-07-25 02:35:30,1.68
2026-07-25 02:36:02,1.96
2026-07-25 02:37:10,1.86
2026-07-25 02:38:05,1.63
2026-07-25 02:39:36,1.55
2026-07-25 02:40:17,1.82
2026-07-25 02:40:39,1.56
2026-07-25 02:41:38,1.80
2026-07-25 02:42:56,1.79
2026-07-25 02:43:09,1.50
2026-07-25 02:44:58,1.74
2026-07-25 02:45:02,1.50
2026-07-25 02:46:29,1.68
2026-07-25 02:46:42,1.49
2026-07-25 02:47:29,1.67
2026-07-25 02:48:18,1.44
2026-07-25 02:48:40,1.52
2026-07-25 02:49:54,1.76
2026-07-25 02:50:35,1.51
2026-07-25 02:50:48,1.72
2026-07-25 02:52:20,1.75
2026-07-25 02:52:28,1.45
2026-07-25 02:54:17,1.76
2026-07-25 02:54:40,1.46
2026-07-25 02:55:12,1.54
2026-07-25 02:56:38,1.79
2026-07-25 02:56:51,1.80
2026-07-25 02:57:37,1.59
2026-07-25 02:59:26,1.79
2026-07-25 02:59:45,1.58
2026-07-25 03:00:34,1.83
2026-07-25 03:01:30,1.54
2026-07-25 03:01:56,1.66
2026-07-25 03:02:55,1.91
2026-07-25 03:03:54,1.69
2026-07-25 03:04:49,2.05
2026-07-25 03:05:35,1.98
2026-07-25 03:06:16,1.66
2026-07-25 03:07:19,1.93
2026-07-25 03:07:46,1.65
2026-07-25 03:09:04,1.89
2026-07-25 03:09:49,1.69
2026-07-25 03:10:44,1.72
2026-07-25 03:11:20,1.95
2026-07-25 03:12:38,1.89
2026-07-25 03:12:42,1.72
2026-07-25 03:13:28,1.95
2026-07-25 03:14:03,1.66
2026-07-25 03:15:02,1.87
2026-07-25 03:15:47,1.66
2026-07-25 03:16:57,1.91
2026-07-25 03:17:51,1.64
2026-07-25 03:18:26,1.91
2026-07-25 03:19:20,1.65
2026-07-25 03:20:39,1.88
2026-07-25 03:20:53,1.62
2026-07-25 03:22:28,1.85
2026-07-25 03:22:49,1.62
2026-07-25 03:23:30,1.64
2026-07-25 03:24:08,1.88
2026-07-25 03:26:01,1.92
2026-07-25 03:26:10,1.58
2026-07-25 03:27:36,1.96
2026-07-25 03:27:46,1.56
2026-07-25 03:28:59,1.93
2026-07-25 03:29:43,1.70
2026-07-25 03:30:48,1.92
2026-07-25 03:32:23,1.95
2026-07-25 03:32:46,1.70
2026-07-25 03:33:13,2.01
2026-07-25 03:33:40,1.68
2026-07-25 03:35:34,1.66
2026-07-25 03:36:02,1.97
2026-07-25 03:36:33,1.61
2026-07-25 03:37:10,1.93
2026-07-25 03:39:41,1.68
2026-07-25 03:40:48,1.97
2026-07-25 03:41:02,1.66
2026-07-25 03:41:24,1.71
2026-07-25 03:42:32,2.05
2026-07-25 03:43:36,1.72
2026-07-25 03:43:45,1.93
2026-07-25 03:45:21,2.05
2026-07-25 03:46:06,1.75
2026-07-25 03:46:38,1.95
2026-07-25 03:47:46,1.73
2026-07-25 03:48:27,1.93
2026-07-25 03:48:46,1.71
2026-07-25 03:51:01,2.01
2026-07-25 03:51:15,1.70
2026-07-25 03:51:38,2.02
2026-07-25 03:51:51,1.68
2026-07-25 03:53:18,1.73
2026-07-25 03:53:58,2.03
2026-07-25 03:54:39,1.62
2026-07-25 03:55:53,1.98
2026-07-25 03:56:29,1.97
2026-07-25 03:57:28,1.72
2026-07-25 03:57:55,1.76
2026-07-25 03:58:17,2.01
2026-07-25 04:00:07,1.97
2026-07-25 04:00:11,1.70
2026-07-25 04:01:46,1.75
2026-07-25 04:02:27,2.05
2026-07-25 04:04:03,2.02
2026-07-25 04:04:12,1.69
2026-07-25 04:05:52,1.64
2026-07-25 04:05:56,2.19
2026-07-25 04:06:14,1.65
2026-07-25 04:06:52,1.90
2026-07-25 04:08:08,1.91
2026-07-25 04:09:21,1.65
2026-07-25 04:09:57,1.64
2026-07-25 04:10:16,1.88
2026-07-25 04:11:37,1.64
2026-07-25 04:12:14,1.87
2026-07-25 04:12:51,1.84
2026-07-25 04:12:59,1.68
2026-07-25 04:14:35,1.66
2026-07-25 04:14:58,1.85
2026-07-25 04:16:51,1.66
2026-07-25 04:17:19,1.84
2026-07-25 04:18:45,1.82
2026-07-25 04:18:59,1.60
2026-07-25 04:19:44,1.64
2026-07-25 04:20:11,1.86
2026-07-25 04:22:19,1.80
2026-07-25 04:22:37,1.56
2026-07-25 04:23:05,1.59
2026-07-25 04:23:45,1.77
2026-07-25 04:25:02,1.57
2026-07-25 04:25:43,1.75
2026-07-25 04:26:06,1.59
2026-07-25 04:27:19,1.82
2026-07-25 04:28:40,1.79
2026-07-25 04:28:44,1.58
2026-07-25 04:30:48,1.84
2026-07-25 04:31:33,1.58
2026-07-25 04:32:06,1.84
2026-07-25 04:32:41,1.60
2026-07-25 04:34:04,1.77
2026-07-25 04:34:58,1.94
2026-07-25 04:35:11,1.54
2026-07-25 04:37:00,1.78
2026-07-25 04:37:14,1.58
2026-07-25 04:38:14,1.85
2026-07-25 04:38:31,1.65
2026-07-25 04:39:12,1.78
2026-07-25 04:40:06,1.64
2026-07-25 04:41:19,1.66
2026-07-25 04:41:56,1.85
2026-07-25 04:43:27,1.63
2026-07-25 04:44:08,1.62
2026-07-25 04:44:26,1.78
2026-07-25 04:45:57,1.58
2026-07-25 04:46:29,1.71
2026-07-25 04:47:51,1.53
2026-07-25 04:49:02,1.80
2026-07-25 04:49:12,1.62
2026-07-25 04:50:33,1.76
2026-07-25 04:51:01,1.77
2026-07-25 04:51:38,1.56
2026-07-25 04:53:04,1.84
2026-07-25 04:53:32,1.50
2026-07-25 04:55:16,1.54
2026-07-25 04:55:20,1.83
2026-07-25 04:55:43,1.60
2026-07-25 04:57:05,1.82
2026-07-25 04:57:59,1.74
2026-07-25 04:58:32,1.56
2026-07-25 04:59:44,1.81
2026-07-25 05:00:29,1.51
2026-07-25 05:00:57,1.53
2026-07-25 05:01:34,1.79
2026-07-25 05:02:42,1.80
2026-07-25 05:03:44,1.48
2026-07-25 05:05:11,1.94
2026-07-25 05:05:25,1.55
2026-07-25 05:05:34,1.83
2026-07-25 05:06:38,1.52
2026-07-25 05:07:33,1.55
2026-07-25 05:08:13,1.89
2026-07-25 05:09:17,1.72
2026-07-25 05:09:54,1.56
2026-07-25 05:10:48,1.54
2026-07-25 05:11:15,1.72
2026-07-25 05:13:04,1.49
2026-07-25 05:13:13,1.75
2026-07-25 05:14:12,1.47
2026-07-25 05:14:39,1.77
2026-07-25 05:15:43,1.81
2026-07-25 05:16:47,1.52
2026-07-25 05:18:08,1.78
2026-07-25 05:18:17,1.53
2026-07-25 05:19:08,1.82
2026-07-25 05:19:30,1.51
2026-07-25 05:20:48,1.58
2026-07-25 05:22:01,1.78
2026-07-25 05:23:12,1.80
2026-07-25 05:23:18,1.56
2026-07-25 05:24:26,1.54
2026-07-25 05:25:11,1.81
2026-07-25 05:25:26,1.77
2026-07-25 05:25:34,1.50
2026-07-25 05:27:14,1.55
2026-07-25 05:28:08,1.80
2026-07-25 05:28:55,1.46
2026-07-25 05:29:44,1.78
2026-07-25 05:30:43,1.83
2026-07-25 05:31:32,1.35
2026-07-25 05:32:18,1.53
2026-07-25 05:33:22,1.79
2026-07-25 05:34:48,1.33
2026-07-25 05:35:11,2.02
2026-07-25 05:35:39,2.24
2026-07-25 05:36:42,1.47
2026-07-25 05:37:41,1.84
2026-07-25 05:37:59,1.51
2026-07-25 05:39:53,1.86
2026-07-25 05:40:03,1.43
2026-07-25 05:40:57,1.76
2026-07-25 05:41:05,1.44
2026-07-25 05:42:05,1.71
2026-07-25 05:42:40,1.54
2026-07-25 05:43:40,1.76
2026-07-25 05:44:21,1.50
2026-07-25 05:46:01,1.48
2026-07-25 05:46:23,1.72
2026-07-25 05:47:00,1.50
2026-07-25 05:47:15,1.69
2026-07-25 05:49:17,1.44
2026-07-25 05:49:58,1.72
2026-07-25 05:50:19,1.39
2026-07-25 05:51:11,1.74
2026-07-25 05:51:56,1.40
2026-07-25 05:52:09,1.95
2026-07-25 05:53:40,1.66
2026-07-25 05:53:48,1.35
2026-07-25 05:55:34,1.60
2026-07-25 05:56:28,1.34
2026-07-25 05:57:32,1.31
2026-07-25 05:57:50,1.56
2026-07-25 05:59:21,1.31
2026-07-25 05:59:25,1.57
2026-07-25 06:00:12,1.30
2026-07-25 06:01:06,1.55
2026-07-25 06:02:41,1.56
2026-07-25 06:02:46,1.29
2026-07-25 06:03:22,1.32
2026-07-25 06:04:39,1.58
2026-07-25 06:05:11,1.89
2026-07-25 06:06:10,1.22
2026-07-25 06:07:41,1.17
2026-07-25 06:08:08,1.44
2026-07-25 06:08:22,1.16
2026-07-25 06:09:02,1.44
2026-07-25 06:10:47,1.21
2026-07-25 06:11:01,1.42
2026-07-25 06:11:37,1.41
2026-07-25 06:11:51,1.14
2026-07-25 06:13:16,1.42
2026-07-25 06:14:30,1.18
2026-07-25 06:15:38,1.44
2026-07-25 06:16:24,1.15
2026-07-25 06:16:37,1.39
2026-07-25 06:16:41,1.07
2026-07-25 06:19:12,1.05
2026-07-25 06:19:21,1.40
2026-07-25 06:20:34,1.03
2026-07-25 06:20:47,1.31
2026-07-25 06:21:28,1.27
2026-07-25 06:23:03,0.98
2026-07-25 06:23:54,1.03
2026-07-25 06:24:03,1.25
2026-07-25 06:25:38,1.28
2026-07-25 06:25:47,0.94
2026-07-25 06:27:09,1.23
2026-07-25 06:27:19,1.02
2026-07-25 06:28:58,1.31
2026-07-25 06:29:07,0.91
2026-07-25 06:30:07,1.00
2026-07-25 06:31:05,1.25
2026-07-25 06:31:42,1.18
2026-07-25 06:32:59,0.87
2026-07-25 06:33:17,0.91
2026-07-25 06:34:21,1.18
2026-07-25 06:34:52,1.37
2026-07-25 06:35:15,0.73
2026-07-25 06:36:20,0.80
2026-07-25 06:37:46,1.06
2026-07-25 06:38:27,0.82
2026-07-25 06:39:21,1.09
2026-07-25 06:39:43,0.78
2026-07-25 06:39:49,1.10
2026-07-25 06:41:29,0.71
2026-07-25 06:41:33,1.15
2026-07-25 06:43:18,0.74
2026-07-25 06:43:40,1.01
2026-07-25 06:44:34,0.86
2026-07-25 06:44:57,0.72
2026-07-25 06:47:09,0.87
2026-07-25 06:47:50,0.60
2026-07-25 06:48:09,0.83
2026-07-25 06:48:22,0.63
2026-07-25 06:49:36,0.59
2026-07-25 06:50:21,0.80
2026-07-25 06:51:19,0.75
2026-07-25 06:52:13,0.56
2026-07-25 06:53:54,0.52
2026-07-25 06:53:59,0.71
2026-07-25 06:54:40,0.82
2026-07-25 06:55:11,0.55
2026-07-25 06:56:42,0.75
2026-07-25 06:57:01,0.56
2026-07-25 06:58:36,0.78
2026-07-25 06:58:49,0.56
2026-07-25 07:00:19,0.74
2026-07-25 07:00:52,0.53
2026-07-25 07:02:36,0.65
2026-07-25 07:02:46,0.64
2026-07-25 07:04:08,0.42
2026-07-25 07:04:39,0.46
2026-07-25 07:04:58,0.85
2026-07-25 07:06:32,0.91
2026-07-25 07:07:04,0.42
2026-07-25 07:07:41,0.53
2026-07-25 07:08:57,0.33
2026-07-25 07:09:44,0.51
2026-07-25 07:10:33,0.35
2026-07-25 07:11:19,0.43
2026-07-25 07:12:13,0.30
2026-07-25 07:12:54,0.39
2026-07-25 07:13:48,0.20
2026-07-25 07:14:16,0.15
2026-07-25 07:14:35,0.30
2026-07-25 07:16:28,0.12
2026-07-25 07:17:09,0.32
2026-07-25 07:17:41,0.28
2026-07-25 07:18:12,0.06
2026-07-25 07:20:25,0.23
2026-07-25 07:20:29,0.06
2026-07-25 07:20:57,0.16
2026-07-25 07:22:27,-0.01
2026-07-25 07:23:08,0.19
2026-07-25 07:23:45,-0.03
2026-07-25 07:24:43,0.16
2026-07-25 07:25:16,-0.05
2026-07-25 07:26:51,-0.09
2026-07-25 07:27:18,0.11
2026-07-25 07:27:45,0.04
2026-07-25 07:28:53,-0.15
2026-07-25 07:29:06,0.01
2026-07-25 07:29:39,-0.14
2026-07-25 07:31:05,0.01
2026-07-25 07:32:01,-0.18
2026-07-25 07:32:42,-0.06
2026-07-25 07:33:36,-0.21
2026-07-25 07:34:52,-0.26
2026-07-25 07:35:30,0.03
2026-07-25 07:35:57,0.04
2026-07-25 07:37:09,-0.31
2026-07-25 07:37:26,-0.02
2026-07-25 07:38:03,-0.26
2026-07-25 07:39:02,-0.30
2026-07-25 07:39:30,-0.14
2026-07-25 07:40:42,-0.32
2026-07-25 07:40:51,-0.15
2026-07-25 07:42:40,-0.26
2026-07-25 07:43:30,-0.37
2026-07-25 07:44:11,-0.21
2026-07-25 07:44:30,-0.38
2026-07-25 07:46:09,-0.23
2026-07-25 07:46:18,-0.40
2026-07-25 07:47:27,-0.42
2026-07-25 07:48:40,-0.27
2026-07-25 07:49:52,-0.45
2026-07-25 07:50:15,-0.27
2026-07-25 07:51:22,-0.31
2026-07-25 07:51:46,-0.44
2026-07-25 07:52:27,-0.29
2026-07-25 07:53:39,-0.51
2026-07-25 07:54:05,-0.48
2026-07-25 07:55:15,-0.30
2026-07-25 07:55:46,-0.29
2026-07-25 07:56:23,-0.53
2026-07-25 07:57:53,-0.33
2026-07-25 07:58:11,-0.54
2026-07-25 07:58:53,-0.34
2026-07-25 07:59:29,-0.52
2026-07-25 08:01:50,-0.55
2026-07-25 08:01:59,-0.34
2026-07-25 08:02:31,-0.41
2026-07-25 08:03:21,-0.52
2026-07-25 08:04:11,-0.53
2026-07-25 08:04:33,-0.42
2026-07-25 08:05:28,-0.35
2026-07-25 08:05:46,-0.57
2026-07-25 08:07:04,-0.43
2026-07-25 08:07:21,-0.61
2026-07-25 08:08:57,-0.62
2026-07-25 08:09:19,-0.47
2026-07-25 08:10:46,-0.50
2026-07-25 08:11:18,-0.63
2026-07-25 08:12:58,-0.45
2026-07-25 08:13:20,-0.81
2026-07-25 08:13:39,-0.79
2026-07-25 08:13:43,-0.37
2026-07-25 08:15:37,-0.69
2026-07-25 08:16:00,-0.54
2026-07-25 08:17:48,-0.68
2026-07-25 08:18:16,-0.55
2026-07-25 08:18:43,-0.56
2026-07-25 08:19:51,-0.71
2026-07-25 08:21:26,-0.73
2026-07-25 08:21:41,-0.59
2026-07-25 08:22:13,-0.48
2026-07-25 08:22:22,-0.79
2026-07-25 08:23:34,-0.61
2026-07-25 08:24:07,-0.77
2026-07-25 08:25:47,-0.66
2026-07-25 08:26:49,-0.80
2026-07-25 08:27:03,-0.82
2026-07-25 08:27:13,-0.66
2026-07-25 08:29:24,-0.83
2026-07-25 08:31:27,-0.64
2026-07-25 08:31:46,-0.82
2026-07-25 08:32:03,-0.84
2026-07-25 08:32:21,-0.72
2026-07-25 08:34:28,-0.89
2026-07-25 08:34:48,-0.65
2026-07-25 08:35:15,-0.64
2026-07-25 08:36:09,-0.84
2026-07-25 08:37:31,-0.71
2026-07-25 08:38:08,-0.91
2026-07-25 08:39:11,-0.70
2026-07-25 08:40:06,-0.77
2026-07-25 08:41:37,-0.91
2026-07-25 08:41:50,-0.93
2026-07-25 08:42:27,-0.73
2026-07-25 08:43:25,-0.91
2026-07-25 08:43:39,-0.72
2026-07-25 08:45:43,-0.94
2026-07-25 08:46:00,-0.77
2026-07-25 08:47:12,-0.91
2026-07-25 08:47:26,-0.76
2026-07-25 08:48:44,-0.91
2026-07-25 08:49:57,-0.80
2026-07-25 08:51:14,-0.93
2026-07-25 08:52:54,-0.81
2026-07-25 08:53:16,-0.94
2026-07-25 08:53:43,-0.78
2026-07-25 08:55:01,-0.74
2026-07-25 08:55:24,-0.92
2026-07-25 08:57:32,-0.75
2026-07-25 08:58:07,-0.95
2026-07-25 08:58:13,-0.74
2026-07-25 08:58:26,-1.03
2026-07-25 09:00:24,-0.71
2026-07-25 09:02:13,-0.98
2026-07-25 09:03:03,-0.76
2026-07-25 09:03:12,-0.99
2026-07-25 09:04:24,-0.77
2026-07-25 09:05:25,-0.92
2026-07-25 09:06:14,-0.56
2026-07-25 09:06:37,-0.96
2026-07-25 09:07:22,-0.77
2026-07-25 09:08:40,-0.96
2026-07-25 09:09:43,-0.75
2026-07-25 09:09:48,-0.78
2026-07-25 09:10:02,-1.00
2026-07-25 09:11:37,-0.73
2026-07-25 09:13:12,-0.79
2026-07-25 09:14:33,-1.01
2026-07-25 09:15:56,-0.81
2026-07-25 09:16:00,-1.03
2026-07-25 09:17:18,-0.84
2026-07-25 09:17:35,-1.02
2026-07-25 09:18:02,-0.85
2026-07-25 09:19:11,-1.01
2026-07-25 09:19:39,-0.81
2026-07-25 09:20:24,-0.99
2026-07-25 09:22:22,-0.87
2026-07-25 09:22:26,-1.02
2026-07-25 09:23:07,-1.00
2026-07-25 09:23:17,-0.88
2026-07-25 09:24:40,-1.00
2026-07-25 09:25:01,-0.88
2026-07-25 09:26:19,-1.00
2026-07-25 09:27:13,-0.87
2026-07-25 09:27:55,-0.80
2026-07-25 09:29:16,-1.05
2026-07-25 09:29:52,-0.98
2026-07-25 09:30:42,-0.82
2026-07-25 09:31:14,-0.85
2026-07-25 09:31:24,-0.99
2026-07-25 09:33:17,-0.77
2026-07-25 09:34:30,-0.93
2026-07-25 09:35:48,-0.58
2026-07-25 09:36:37,-0.65
2026-07-25 09:36:42,-0.92
2026-07-25 09:37:55,-0.81
2026-07-25 09:38:35,-0.94
2026-07-25 09:39:48,-0.92
2026-07-25 09:40:12,-0.74
2026-07-25 09:41:28,-0.90
2026-07-25 09:41:55,-0.76
2026-07-25 09:43:13,-0.87
2026-07-25 09:43:54,-0.71
2026-07-25 09:44:43,-0.90
2026-07-25 09:45:56,-0.71
2026-07-25 09:47:14,-0.88
2026-07-25 09:47:38,-0.69
2026-07-25 09:47:59,-0.91
2026-07-25 09:48:23,-0.64
2026-07-25 09:49:40,-0.94
2026-07-25 09:50:34,-0.73
2026-07-25 09:52:22,-0.84
2026-07-25 09:52:32,-0.58
2026-07-25 09:52:50,-0.68
2026-07-25 09:52:55,-0.82
2026-07-25 09:54:57,-0.64
2026-07-25 09:55:17,-0.82
2026-07-25 09:56:11,-0.66
2026-07-25 09:56:46,-0.83
2026-07-25 09:57:45,-0.77
2026-07-25 09:58:54,-0.61
2026-07-25 09:59:20,-0.76
2026-07-25 10:00:15,-0.64
2026-07-25 10:01:29,-0.62
2026-07-25 10:01:42,-0.75
2026-07-25 10:02:41,-0.58
2026-07-25 10:03:00,-0.70
2026-07-25 10:03:26,-0.65
2026-07-25 10:03:30,-0.70
2026-07-25 10:04:03,-0.59
2026-07-25 10:04:07,-0.77
2026-07-25 10:04:35,-0.73
2026-07-25 10:05:25,-0.38
2026-07-25 10:06:15,-0.73
2026-07-25 10:06:25,-0.39
2026-07-25 10:08:27,-0.67
2026-07-25 10:08:58,-0.54
2026-07-25 10:09:39,-0.55
2026-07-25 10:10:39,-0.80
2026-07-25 10:11:47,-0.51
2026-07-25 10:12:05,-0.70
2026-07-25 10:12:59,-0.50
2026-07-25 10:13:18,-0.68
2026-07-25 10:15:16,-0.71
2026-07-25 10:15:34,-0.46
2026-07-25 10:16:11,-0.48
2026-07-25 10:17:18,-0.64
2026-07-25 10:18:18,-0.70
2026-07-25 10:18:59,-0.43
2026-07-25 10:19:21,-0.60
2026-07-25 10:19:44,-0.43
2026-07-25 10:20:57,-0.38
2026-07-25 10:21:56,-0.59
2026-07-25 10:22:32,-0.35
2026-07-25 10:22:37,-0.54
2026-07-25 10:24:53,-0.53
2026-07-25 10:25:11,-0.36
2026-07-25 10:27:08,-0.48
2026-07-25 10:27:14,-0.31
2026-07-25 10:28:17,-0.49
2026-07-25 10:29:26,-0.43
2026-07-25 10:29:57,-0.30
2026-07-25 10:30:52,-0.26
2026-07-25 10:30:57,-0.44
2026-07-25 10:32:54,-0.38
2026-07-25 10:33:08,-0.14
2026-07-25 10:34:53,-0.42
2026-07-25 10:34:57,-0.16
2026-07-25 10:36:09,-0.10
2026-07-25 10:36:15,-0.30
2026-07-25 10:37:36,-0.27
2026-07-25 10:38:44,-0.12
2026-07-25 10:38:53,-0.13
2026-07-25 10:39:03,-0.26
2026-07-25 10:40:52,-0.22
2026-07-25 10:41:52,-0.02
2026-07-25 10:42:26,-0.03
2026-07-25 10:42:54,-0.23
2026-07-25 10:43:48,-0.25
2026-07-25 10:44:20,0.06
2026-07-25 10:45:55,0.01
2026-07-25 10:46:28,-0.21
2026-07-25 10:47:17,-0.23
2026-07-25 10:48:31,0.03
2026-07-25 10:48:50,-0.15
2026-07-25 10:49:25,0.06
2026-07-25 10:50:25,-0.08
2026-07-25 10:51:41,0.14
2026-07-25 10:52:40,-0.04
2026-07-25 10:53:17,0.14
2026-07-25 10:54:02,0.15
2026-07-25 10:54:11,-0.06
2026-07-25 10:56:37,0.14
2026-07-25 10:56:42,-0.03
2026-07-25 10:57:40,-0.05
2026-07-25 10:57:51,0.14
2026-07-25 10:59:47,0.05
2026-07-25 11:00:06,0.30
2026-07-25 11:00:43,-0.02
2026-07-25 11:01:28,0.20
2026-07-25 11:02:41,-0.08
2026-07-25 11:03:31,0.21
2026-07-25 11:04:35,-0.09
2026-07-25 11:04:49,0.25
2026-07-25 11:05:38,0.41
2026-07-25 11:06:11,-0.03
2026-07-25 11:07:05,0.45
2026-07-25 11:07:26,-0.02
2026-07-25 11:08:40,0.07
2026-07-25 11:08:49,0.28
2026-07-25 11:10:47,0.25
2026-07-25 11:11:19,0.09
2026-07-25 11:12:14,0.13
2026-07-25 11:13:03,0.31
2026-07-25 11:14:48,0.14
2026-07-25 11:14:52,0.32
2026-07-25 11:15:34,0.11
2026-07-25 11:16:05,0.35
2026-07-25 11:16:51,0.34
2026-07-25 11:17:13,0.16
2026-07-25 11:19:07,0.39
2026-07-25 11:19:57,0.13
2026-07-25 11:20:37,0.12
2026-07-25 11:21:42,0.38
2026-07-25 11:21:50,0.42
2026-07-25 11:22:09,0.19
2026-07-25 11:24:11,0.21
2026-07-25 11:24:57,0.46
2026-07-25 11:25:06,0.43
2026-07-25 11:25:19,0.13
2026-07-25 11:26:46,0.12
2026-07-25 11:27:00,0.40
2026-07-25 11:28:48,0.17
2026-07-25 11:29:57,0.50
2026-07-25 11:30:06,0.52
2026-07-25 11:30:15,0.24
2026-07-25 11:32:04,0.33
2026-07-25 11:32:37,0.46
2026-07-25 11:33:48,0.31
2026-07-25 11:34:39,0.56
2026-07-25 11:35:15,0.48
2026-07-25 11:36:14,0.31
2026-07-25 11:36:41,0.30
2026-07-25 11:37:54,0.57
2026-07-25 11:38:26,0.30
2026-07-25 11:39:16,0.57
2026-07-25 11:39:56,0.40
2026-07-25 11:40:56,0.67
2026-07-25 11:41:59,0.34
2026-07-25 11:42:41,0.77
2026-07-25 11:43:31,0.78
2026-07-25 11:43:49,0.36
2026-07-25 11:44:52,0.49
2026-07-25 11:45:55,0.71
2026-07-25 11:46:33,0.69
2026-07-25 11:47:08,0.48
2026-07-25 11:49:47,0.76
2026-07-25 11:50:24,0.49
2026-07-25 11:50:37,0.79
2026-07-25 11:52:22,0.52
2026-07-25 11:52:59,0.79
2026-07-25 11:53:35,0.76
2026-07-25 11:53:48,0.43
2026-07-25 11:55:47,0.83
2026-07-25 11:56:15,0.56
2026-07-25 11:57:04,1.21
2026-07-25 11:57:22,0.50
2026-07-25 11:58:40,0.88
2026-07-25 11:58:53,0.54
2026-07-25 12:00:33,0.86
2026-07-25 12:00:42,0.56
2026-07-25 12:02:13,0.85
2026-07-25 12:02:50,0.45
2026-07-25 12:03:22,0.86
2026-07-25 12:03:40,0.57
2026-07-25 12:04:52,0.53
2026-07-25 12:05:24,0.87
2026-07-25 12:06:56,0.62
2026-07-25 12:07:13,0.82
2026-07-25 12:08:12,0.56
2026-07-25 12:08:26,0.89
2026-07-25 12:09:39,0.63
2026-07-25 12:09:58,0.90
2026-07-25 12:11:19,0.51
2026-07-25 12:11:27,0.88
2026-07-25 12:13:08,0.68
2026-07-25 12:14:30,1.12
2026-07-25 12:15:37,0.97
2026-07-25 12:16:05,0.68
2026-07-25 12:16:59,1.06
2026-07-25 12:17:32,0.65
2026-07-25 12:17:51,1.07
2026-07-25 12:17:59,0.63
2026-07-25 12:19:30,0.75
2026-07-25 12:19:54,1.07
2026-07-25 12:21:25,0.67
2026-07-25 12:22:42,1.05
2026-07-25 12:22:59,0.75
2026-07-25 12:23:40,1.13
2026-07-25 12:25:39,0.73
2026-07-25 12:26:05,1.17
2026-07-25 12:26:24,0.76
2026-07-25 12:26:33,1.09
2026-07-25 12:27:54,0.82
2026-07-25 12:29:21,1.12
2026-07-25 12:29:54,1.08
2026-07-25 12:30:02,0.75
2026-07-25 12:31:06,0.81
2026-07-25 12:31:33,1.29
2026-07-25 12:33:04,0.80
2026-07-25 12:33:18,1.12
2026-07-25 12:34:21,0.90
2026-07-25 12:34:40,1.23
2026-07-25 12:36:28,1.22
2026-07-25 12:37:33,0.79
2026-07-25 12:37:42,0.68
2026-07-25 12:39:08,1.22
2026-07-25 12:39:53,0.83
2026-07-25 12:40:35,1.27
2026-07-25 12:41:30,1.28
2026-07-25 12:41:34,0.76
2026-07-25 12:43:50,1.19
2026-07-25 12:44:03,0.82
2026-07-25 12:44:45,0.83
2026-07-25 12:45:40,1.27
2026-07-25 12:46:42,1.20
2026-07-25 12:47:28,0.95
2026-07-25 12:47:42,0.97
2026-07-25 12:48:28,1.18
2026-07-25 12:49:13,1.26
2026-07-25 12:49:58,0.91
2026-07-25 12:51:46,1.12
2026-07-25 12:52:24,0.90
2026-07-25 12:52:38,0.88
2026-07-25 12:53:13,1.17
2026-07-25 12:54:26,0.90
2026-07-25 12:55:16,1.13
2026-07-25 12:56:38,1.16
2026-07-25 12:57:23,0.85
2026-07-25 12:57:33,0.67
2026-07-25 12:57:42,1.11
2026-07-25 12:59:58,0.74
2026-07-25 13:00:35,1.25
2026-07-25 13:01:43,0.83
2026-07-25 13:02:20,1.26
2026-07-25 13:02:28,1.24
2026-07-25 13:03:27,0.85
2026-07-25 13:04:36,1.24
2026-07-25 13:05:03,0.84
2026-07-25 13:06:20,0.82
2026-07-25 13:06:24,1.15
2026-07-25 13:08:23,0.86
2026-07-25 13:08:46,1.19
2026-07-25 13:10:12,0.83
2026-07-25 13:10:34,1.14
2026-07-25 13:11:34,0.86
2026-07-25 13:12:11,1.30
2026-07-25 13:13:01,1.15
2026-07-25 13:13:28,0.90
2026-07-25 13:14:54,0.86
2026-07-25 13:15:03,1.16
2026-07-25 13:16:07,0.91
2026-07-25 13:16:11,1.20
2026-07-25 13:17:32,1.13
2026-07-25 13:18:05,0.90
2026-07-25 13:19:32,0.85
2026-07-25 13:19:50,1.22
2026-07-25 13:21:38,1.16
2026-07-25 13:22:02,0.89
2026-07-25 13:22:23,0.93
2026-07-25 13:23:15,1.16
2026-07-25 13:24:00,1.17
2026-07-25 13:24:37,0.78
2026-07-25 13:25:58,1.15
2026-07-25 13:26:07,0.80
2026-07-25 13:27:47,1.11
2026-07-25 13:27:52,0.90
2026-07-25 13:29:45,0.96
2026-07-25 13:30:12,1.16
2026-07-25 13:30:35,0.97
2026-07-25 13:31:16,1.15
2026-07-25 13:32:51,0.84
2026-07-25 13:33:32,1.21
2026-07-25 13:33:59,0.76
2026-07-25 13:35:12,1.26
2026-07-25 13:35:39,1.16
2026-07-25 13:35:45,0.87
2026-07-25 13:37:28,1.15
2026-07-25 13:37:37,0.85
2026-07-25 13:38:42,1.14
2026-07-25 13:40:12,0.77
2026-07-25 13:40:53,1.21
2026-07-25 13:41:30,0.86
2026-07-25 13:42:15,0.85
2026-07-25 13:43:10,1.18
2026-07-25 13:43:41,1.10
2026-07-25 13:43:46,0.84
2026-07-25 13:45:57,1.10
2026-07-25 13:46:30,0.64
2026-07-25 13:47:06,0.76
2026-07-25 13:48:23,1.13
2026-07-25 13:49:40,0.78
2026-07-25 13:49:57,1.15
2026-07-25 13:50:30,1.25
2026-07-25 13:50:49,0.74
2026-07-25 13:52:24,1.21
2026-07-25 13:52:42,0.82
2026-07-25 13:53:36,1.16
2026-07-25 13:54:09,0.75
2026-07-25 13:56:28,0.82
2026-07-25 13:56:43,1.24
2026-07-25 13:57:24,1.18
2026-07-25 13:57:42,0.74
2026-07-25 13:58:46,0.79
2026-07-25 13:59:40,1.10
2026-07-25 14:00:21,0.79
2026-07-25 14:00:38,1.06
2026-07-25 14:01:48,0.73
2026-07-25 14:02:24,1.13
2026-07-25 14:03:32,0.83
2026-07-25 14:04:35,1.11
2026-07-25 14:05:08,0.82
2026-07-25 14:06:21,1.11
2026-07-25 14:07:29,0.79
2026-07-25 14:08:00,1.07
2026-07-25 14:08:32,0.79
2026-07-25 14:08:55,1.10
2026-07-25 14:10:08,1.18
2026-07-25 14:11:02,0.69
2026-07-25 14:12:01,1.09
2026-07-25 14:12:20,0.80
2026-07-25 14:13:41,1.05
2026-07-25 14:13:55,0.75
2026-07-25 14:15:22,1.07
2026-07-25 14:15:30,0.78
2026-07-25 14:17:33,1.09
2026-07-25 14:17:51,0.81
2026-07-25 14:18:28,0.76
2026-07-25 14:18:55,1.14
2026-07-25 14:20:02,0.82
2026-07-25 14:21:34,1.15
2026-07-25 14:21:44,0.68
2026-07-25 14:23:01,1.22
2026-07-25 14:23:42,1.16
2026-07-25 14:24:22,0.83
2026-07-25 14:25:09,0.86
2026-07-25 14:25:26,1.18
2026-07-25 14:27:19,1.22
2026-07-25 14:27:37,0.78
2026-07-25 14:28:37,0.84
2026-07-25 14:29:36,1.21
2026-07-25 14:31:07,0.78
2026-07-25 14:31:29,1.21
2026-07-25 14:31:56,1.25
2026-07-25 14:33:01,0.78
2026-07-25 14:33:59,1.34
2026-07-25 14:34:27,0.89
2026-07-25 14:35:08,1.21
2026-07-25 14:36:16,0.89
2026-07-25 14:37:32,0.79
2026-07-25 14:38:05,1.30
2026-07-25 14:38:32,0.81
2026-07-25 14:39:22,1.43
2026-07-25 14:39:45,0.90
2026-07-25 14:40:11,1.37
2026-07-25 14:41:24,1.29
2026-07-25 14:42:37,0.81
2026-07-25 14:43:09,1.24
2026-07-25 14:44:30,0.81
2026-07-25 14:44:58,1.34
2026-07-25 14:45:21,0.75
2026-07-25 14:47:23,1.31
2026-07-25 14:47:27,0.81
2026-07-25 14:49:08,1.14
2026-07-25 14:49:13,0.79
2026-07-25 14:50:16,0.72
2026-07-25 14:50:34,1.30
2026-07-25 14:51:33,0.49
2026-07-25 14:52:01,1.47
2026-07-25 14:54:26,1.69
2026-07-25 14:54:31,0.62
2026-07-25 14:54:39,1.44
2026-07-25 14:55:48,0.81
2026-07-25 14:56:15,0.39
2026-07-25 14:56:25,1.37
2026-07-25 14:58:13,0.83
2026-07-25 14:58:45,1.28
2026-07-25 15:00:12,1.29
2026-07-25 15:01:10,0.99
2026-07-25 15:02:27,0.90
2026-07-25 15:02:31,1.27
2026-07-25 15:03:08,1.00
2026-07-25 15:04:17,1.53
2026-07-25 15:05:34,1.13
2026-07-25 15:05:47,1.47
2026-07-25 15:06:15,1.00
2026-07-25 15:07:46,1.98
2026-07-25 15:07:50,0.85
2026-07-25 15:09:03,2.42
2026-07-25 15:09:29,1.69
2026-07-25 15:11:05,4.72
2026-07-25 15:11:15,5.53
2026-07-25 15:11:47,1.92
2026-07-25 15:12:45,2.23
2026-07-25 15:13:26,3.32
2026-07-25 15:14:48,2.27
2026-07-25 15:16:01,4.78
2026-07-25 15:16:06,4.43
2026-07-25 15:16:55,5.32
2026-07-25 15:18:22,6.05
2026-07-25 15:19:16,4.50
2026-07-25 15:19:22,4.15
2026-07-25 15:20:30,3.01
2026-07-25 15:21:01,3.12
2026-07-25 15:22:32,1.92
2026-07-25 15:22:55,2.05
2026-07-25 15:23:45,1.37
2026-07-25 15:24:21,1.57
2026-07-25 15:25:11,1.03
2026-07-25 15:26:19,1.39
2026-07-25 15:27:28,0.78
2026-07-25 15:27:55,1.16
2026-07-25 15:28:49,0.76
2026-07-25 15:29:52,0.77
2026-07-25 15:30:52,1.25
2026-07-25 15:32:00,0.72
2026-07-25 15:32:18,1.07
2026-07-25 15:32:46,1.13
2026-07-25 15:33:54,0.68
2026-07-25 15:35:07,0.69
2026-07-25 15:35:34,0.92
2026-07-25 15:36:15,0.96
2026-07-25 15:36:42,0.61
2026-07-25 15:37:45,1.00
2026-07-25 15:38:22,0.69
2026-07-25 15:39:48,1.03
2026-07-25 15:40:05,0.73
2026-07-25 15:41:23,1.07
2026-07-25 15:41:50,0.73
2026-07-25 15:42:50,1.13
2026-07-25 15:43:35,0.75
2026-07-25 15:44:26,1.02
2026-07-25 15:44:30,0.80
2026-07-25 15:46:15,0.66
2026-07-25 15:46:23,1.04
2026-07-25 15:48:40,1.06
2026-07-25 15:48:49,0.64
2026-07-25 15:49:58,0.73
2026-07-25 15:50:39,1.12
2026-07-25 15:51:10,0.76
2026-07-25 15:52:01,1.30
2026-07-25 15:52:27,1.02
2026-07-25 15:53:16,3.94
2026-07-25 15:54:02,2.34
2026-07-25 15:55:38,12.07
2026-07-25 15:55:43,12.95
2026-07-25 15:57:04,18.31
2026-07-25 15:57:22,15.44
2026-07-25 15:57:59,19.55
2026-07-25 15:58:59,14.79
2026-07-25 15:59:39,11.78
2026-07-25 16:00:41,11.89
2026-07-25 16:02:13,4.30
2026-07-25 16:02:21,4.18
2026-07-25 16:03:48,6.56
2026-07-25 16:03:57,6.39
2026-07-25 16:05:28,8.62
2026-07-25 16:05:37,8.35
2026-07-25 16:06:54,5.03
2026-07-25 16:07:52,4.59
2026-07-25 16:08:47,5.49
2026-07-25 16:08:52,5.44
2026-07-25 16:09:42,2.99
2026-07-25 16:10:41,3.31
2026-07-25 16:12:08,2.32
2026-07-25 16:12:16,2.64
2026-07-25 16:13:43,1.66
2026-07-25 16:13:48,2.28
2026-07-25 16:14:46,1.63
2026-07-25 16:15:51,1.47
2026-07-25 16:16:58,2.15
2026-07-25 16:17:21,2.24
2026-07-25 16:18:11,1.74
2026-07-25 16:19:41,2.08
2026-07-25 16:20:22,1.63
2026-07-25 16:20:28,1.79
2026-07-25 16:21:55,1.24
2026-07-25 16:22:08,1.34
2026-07-25 16:22:53,1.62
2026-07-25 16:24:52,1.60
2026-07-25 16:25:01,1.31
2026-07-25 16:26:46,1.29
2026-07-25 16:26:59,1.76
2026-07-25 16:27:57,1.58
2026-07-25 16:28:30,1.41
2026-07-25 16:29:34,1.65
2026-07-25 16:29:51,1.25
2026-07-25 16:30:19,1.43
2026-07-25 16:31:30,1.13
2026-07-25 16:31:58,1.22
2026-07-25 16:33:11,0.86
2026-07-25 16:34:11,0.97
2026-07-25 16:34:59,0.70
2026-07-25 16:35:27,0.60
2026-07-25 16:35:59,0.84
2026-07-25 16:37:30,0.74
2026-07-25 16:37:40,0.57
2026-07-25 16:38:34,0.69
2026-07-25 16:39:45,0.42
2026-07-25 16:41:44,0.75
2026-07-25 16:42:57,0.71
2026-07-25 16:43:05,0.39
2026-07-25 16:43:38,0.63
2026-07-25 16:44:52,0.38
2026-07-25 16:45:13,0.50
2026-07-25 16:45:59,0.25
2026-07-25 16:46:48,0.39
2026-07-25 16:48:25,0.20
2026-07-25 16:49:09,0.34
2026-07-25 16:49:55,0.16
2026-07-25 16:51:21,0.30
2026-07-25 16:51:30,0.14
2026-07-25 16:51:49,0.31
2026-07-25 16:52:34,0.11
2026-07-25 16:54:50,0.28
2026-07-25 16:54:59,0.10
2026-07-25 16:56:12,0.29
2026-07-25 16:56:26,0.13
2026-07-25 16:57:06,0.11
2026-07-25 16:57:11,0.21
2026-07-25 16:59:36,0.09
2026-07-25 16:59:55,0.23
2026-07-25 17:00:22,0.27
2026-07-25 17:01:03,0.10
2026-07-25 17:01:48,0.26
2026-07-25 17:02:01,0.09
2026-07-25 17:04:41,0.07
2026-07-25 17:04:54,0.23
2026-07-25 17:05:00,0.15
2026-07-25 17:05:21,0.32
2026-07-25 17:06:43,0.15
2026-07-25 17:08:01,0.43
2026-07-25 17:08:19,0.34
2026-07-25 17:09:51,0.76
2026-07-25 17:11:11,0.48
2026-07-25 17:11:44,0.46
2026-07-25 17:13:06,0.77
2026-07-25 17:13:14,0.66
2026-07-25 17:13:41,0.28
2026-07-25 17:15:21,0.46
2026-07-25 17:16:02,0.27
2026-07-25 17:17:02,0.45
2026-07-25 17:18:00,0.23
2026-07-25 17:18:24,0.25
2026-07-25 17:18:56,0.38
2026-07-25 17:20:12,0.37
2026-07-25 17:20:26,0.21
2026-07-25 17:21:43,0.17
2026-07-25 17:22:52,0.37
2026-07-25 17:23:33,0.21
2026-07-25 17:23:51,0.35
2026-07-25 17:24:58,0.36
2026-07-25 17:25:53,0.22
2026-07-25 17:26:57,0.16
2026-07-25 17:27:06,0.34
2026-07-25 17:28:10,0.42
2026-07-25 17:28:23,0.22
2026-07-25 17:30:45,0.41
2026-07-25 17:32:01,0.40
2026-07-25 17:32:28,0.21
2026-07-25 17:33:09,0.27
2026-07-25 17:33:41,0.47
2026-07-25 17:34:55,0.22
2026-07-25 17:35:30,0.42
2026-07-25 17:37:10,0.48
2026-07-25 17:37:51,0.28
2026-07-25 17:38:37,0.45
2026-07-25 17:40:48,0.49
2026-07-25 17:41:01,0.28
2026-07-25 17:41:38,0.30
2026-07-25 17:42:38,0.67
2026-07-25 17:44:13,0.32
2026-07-25 17:44:36,0.47
2026-07-25 17:44:40,0.31
2026-07-25 17:47:05,0.26
2026-07-25 17:47:19,0.46
2026-07-25 17:48:50,0.48
2026-07-25 17:49:27,0.29
2026-07-25 17:49:54,0.46
2026-07-25 17:50:22,0.29
2026-07-25 17:52:29,0.45
2026-07-25 17:52:46,0.28
2026-07-25 17:52:50,0.44
2026-07-25 17:53:05,0.25
2026-07-25 17:54:27,0.29
2026-07-25 17:55:39,0.46
2026-07-25 17:57:20,0.44
2026-07-25 17:57:33,0.26
2026-07-25 17:58:14,0.45
2026-07-25 17:59:03,0.25
2026-07-25 17:59:40,0.43
2026-07-25 18:00:44,0.25
2026-07-25 18:01:52,0.40
2026-07-25 18:02:37,0.22
2026-07-25 18:03:41,0.46
2026-07-25 18:04:09,0.21
2026-07-25 18:04:22,0.36
2026-07-25 18:05:17,0.22
2026-07-25 18:06:16,0.41
2026-07-25 18:06:20,0.20
2026-07-25 18:07:51,0.25
2026-07-25 18:08:14,0.45
2026-07-25 18:09:27,0.27
2026-07-25 18:09:35,0.42
2026-07-25 18:11:16,0.45
2026-07-25 18:12:14,0.27
2026-07-25 18:12:47,0.17
2026-07-25 18:13:10,0.56
2026-07-25 18:14:45,0.27
2026-07-25 18:15:34,0.55
2026-07-25 18:16:07,0.33
2026-07-25 18:16:24,0.49
2026-07-25 18:17:34,0.32
2026-07-25 18:17:42,0.46
2026-07-25 18:19:40,0.24
2026-07-25 18:20:03,0.51
2026-07-25 18:20:58,0.29
2026-07-25 18:21:20,0.49
2026-07-25 18:23:13,0.20
2026-07-25 18:23:32,0.44
2026-07-25 18:24:27,0.43
2026-07-25 18:24:45,0.26
2026-07-25 18:25:53,0.27
2026-07-25 18:27:01,0.47
2026-07-25 18:27:42,0.29
2026-07-25 18:28:23,0.48
2026-07-25 18:29:40,0.44
2026-07-25 18:30:08,0.23
2026-07-25 18:31:02,0.46
2026-07-25 18:31:57,0.28
2026-07-25 18:32:28,0.43
2026-07-25 18:32:52,0.29
2026-07-25 18:34:13,0.37
2026-07-25 18:35:35,0.27
2026-07-25 18:36:38,0.25
2026-07-25 18:36:57,0.39
2026-07-25 18:37:56,0.27
2026-07-25 18:38:04,0.40
2026-07-25 18:39:12,0.25
2026-07-25 18:39:17,0.36
2026-07-25 18:41:06,0.28
2026-07-25 18:41:11,0.38
2026-07-25 18:43:22,0.41
2026-07-25 18:43:27,0.26
2026-07-25 18:44:04,0.40
2026-07-25 18:45:13,0.24
2026-07-25 18:45:43,0.28
2026-07-25 18:45:53,0.40
2026-07-25 18:47:57,0.38
2026-07-25 18:48:46,0.29
2026-07-25 18:49:09,0.28
2026-07-25 18:49:59,0.42
2026-07-25 18:51:26,0.38
2026-07-25 18:51:57,0.25
2026-07-25 18:53:05,0.39
2026-07-25 18:53:46,0.23
2026-07-25 18:54:13,0.41
2026-07-25 18:54:17,0.26
2026-07-25 18:55:49,0.40
2026-07-25 18:56:25,0.24
2026-07-25 18:57:43,0.22
2026-07-25 18:58:19,0.39
2026-07-25 19:00:03,0.33
2026-07-25 19:00:12,0.21
2026-07-25 19:01:02,0.19
2026-07-25 19:01:48,0.37
2026-07-25 19:03:09,0.34
2026-07-25 19:03:32,0.20
2026-07-25 19:04:45,0.34
2026-07-25 19:05:30,0.38
2026-07-25 19:06:06,0.21
2026-07-25 19:07:15,0.22
2026-07-25 19:07:55,0.31
2026-07-25 19:08:46,0.32
2026-07-25 19:09:40,0.18
2026-07-25 19:10:25,0.33
2026-07-25 19:11:48,0.19
2026-07-25 19:12:05,0.18
2026-07-25 19:12:23,0.41
2026-07-25 19:13:45,0.39
2026-07-25 19:15:07,0.18
2026-07-25 19:15:25,0.33
2026-07-25 19:15:30,0.15
2026-07-25 19:17:27,0.18
2026-07-25 19:18:17,0.33
2026-07-25 19:18:54,0.13
2026-07-25 19:19:22,0.27
2026-07-25 19:20:25,0.19
2026-07-25 19:20:29,0.28
2026-07-25 19:22:05,0.35
2026-07-25 19:22:51,0.16
2026-07-25 19:24:17,0.27
2026-07-25 19:24:49,0.12
2026-07-25 19:26:12,0.24
2026-07-25 19:26:52,0.11
2026-07-25 19:28:14,0.24
2026-07-25 19:29:53,0.09
2026-07-25 19:30:11,0.23
2026-07-25 19:31:20,0.07
2026-07-25 19:32:14,0.27
2026-07-25 19:32:54,0.11
2026-07-25 19:34:12,0.23
2026-07-25 19:34:53,0.09
2026-07-25 19:35:53,0.21
2026-07-25 19:36:28,0.07
2026-07-25 19:37:14,0.05
2026-07-25 19:37:51,0.22
2026-07-25 19:39:16,0.10
2026-07-25 19:39:40,0.24
2026-07-25 19:40:03,0.20
2026-07-25 19:41:19,0.07
2026-07-25 19:42:05,0.06
2026-07-25 19:42:59,0.42
2026-07-25 19:43:32,0.19
2026-07-25 19:44:47,0.06
2026-07-25 19:45:11,0.17
2026-07-25 19:46:37,0.02
2026-07-25 19:46:41,0.07
2026-07-25 19:48:08,0.18
2026-07-25 19:48:44,0.20
2026-07-25 19:48:57,0.05
2026-07-25 19:50:56,0.24
2026-07-25 19:51:32,0.03
2026-07-25 19:52:05,0.19
2026-07-25 19:52:37,0.06
2026-07-25 19:53:40,0.14
2026-07-25 19:54:03,-0.05
2026-07-25 19:55:07,0.00
2026-07-25 19:55:38,0.16
2026-07-25 19:57:37,0.00
2026-07-25 19:58:17,0.15
2026-07-25 19:59:03,-0.02
2026-07-25 19:59:52,0.14
2026-07-25 20:01:19,-0.03
2026-07-25 20:01:47,0.14
2026-07-25 20:02:05,-0.03
2026-07-25 20:03:41,0.13
2026-07-25 20:03:49,-0.04
2026-07-25 20:04:53,-0.06
2026-07-25 20:05:25,0.16
2026-07-25 20:06:46,0.05
2026-07-25 20:08:04,0.30
2026-07-25 20:08:08,0.11
2026-07-25 20:09:35,0.37
2026-07-25 20:10:25,0.44
2026-07-25 20:11:00,0.19
2026-07-25 20:11:24,0.26
2026-07-25 20:12:46,0.50
2026-07-25 20:13:21,0.59
2026-07-25 20:14:08,0.22
2026-07-25 20:15:06,0.40
2026-07-25 20:15:29,0.21
2026-07-25 20:16:33,0.24
2026-07-25 20:17:37,0.40
2026-07-25 20:18:44,0.59
2026-07-25 20:19:16,0.27
2026-07-25 20:19:47,0.35
2026-07-25 20:20:47,0.53
2026-07-25 20:22:08,0.23
2026-07-25 20:22:45,0.51
2026-07-25 20:23:26,0.21
2026-07-25 20:24:35,0.61
2026-07-25 20:24:49,0.78
2026-07-25 20:26:14,0.32
2026-07-25 20:26:42,0.21
2026-07-25 20:27:19,0.48
2026-07-25 20:28:05,0.24
2026-07-25 20:28:09,0.39
2026-07-25 20:29:48,0.48
2026-07-25 20:30:01,0.25
2026-07-25 20:31:14,0.39
2026-07-25 20:32:36,0.10
2026-07-25 20:33:30,0.08
2026-07-25 20:34:21,0.30
2026-07-25 20:34:48,0.18
2026-07-25 20:36:01,0.40
2026-07-25 20:36:33,0.25
2026-07-25 20:37:46,0.58
2026-07-25 20:38:21,0.69
2026-07-25 20:38:35,0.44
2026-07-25 20:39:58,0.51
2026-07-25 20:41:01,0.79
2026-07-25 20:41:46,0.61
2026-07-25 20:42:23,0.88
2026-07-25 20:43:08,0.56
2026-07-25 20:45:20,0.65
2026-07-25 20:45:34,0.81
2026-07-25 20:46:51,1.21
2026-07-25 20:47:41,0.70
2026-07-25 20:48:00,0.68
2026-07-25 20:48:40,0.95
2026-07-25 20:49:21,0.72
2026-07-25 20:49:57,1.08
2026-07-25 20:51:01,1.22
2026-07-25 20:51:20,0.98
2026-07-25 20:52:01,1.18
2026-07-25 20:52:05,1.09
2026-07-25 20:52:10,1.21
2026-07-25 20:52:28,1.03
2026-07-25 20:52:59,0.90
2026-07-25 20:53:54,1.30
2026-07-25 20:55:17,1.08
2026-07-25 20:56:06,1.26
2026-07-25 20:56:51,0.90
2026-07-25 20:57:49,1.20
2026-07-25 20:58:30,0.89
2026-07-25 20:59:16,1.09
2026-07-25 20:59:35,0.91
2026-07-25 21:01:05,1.04
2026-07-25 21:01:55,0.73
2026-07-25 21:02:59,0.95
2026-07-25 21:03:13,0.68
2026-07-25 21:05:20,0.88
2026-07-25 21:05:43,0.65
2026-07-25 21:06:38,0.91
2026-07-25 21:07:09,0.69
2026-07-25 21:07:36,0.93
2026-07-25 21:08:36,0.66
2026-07-25 21:09:38,0.89
2026-07-25 21:10:39,0.64
2026-07-25 21:10:48,0.65
2026-07-25 21:11:05,0.84
2026-07-25 21:12:54,0.81
2026-07-25 21:13:58,0.48
2026-07-25 21:14:12,0.50
2026-07-25 21:15:07,0.83
2026-07-25 21:16:29,0.54
2026-07-25 21:17:23,0.90
2026-07-25 21:17:54,0.94
2026-07-25 21:18:59,0.59
2026-07-25 21:19:04,0.53
2026-07-25 21:20:33,0.86
2026-07-25 21:21:23,0.56
2026-07-25 21:22:14,0.77
2026-07-25 21:22:28,0.67
2026-07-25 21:23:27,1.08
2026-07-25 21:24:12,0.81
2026-07-25 21:24:35,1.07
2026-07-25 21:25:57,0.79
2026-07-25 21:27:14,1.12
2026-07-25 21:27:37,1.18
2026-07-25 21:28:22,0.74
2026-07-25 21:29:07,0.68
2026-07-25 21:29:30,0.92
2026-07-25 21:31:28,0.59
2026-07-25 21:31:51,0.90
2026-07-25 21:32:18,0.92
2026-07-25 21:33:45,0.69
2026-07-25 21:34:17,0.98
2026-07-25 21:35:07,0.62
2026-07-25 21:35:34,0.56
2026-07-25 21:36:28,0.91
2026-07-25 21:37:42,0.89
2026-07-25 21:38:49,0.53
2026-07-25 21:39:54,0.85
2026-07-25 21:40:15,0.56
2026-07-25 21:40:48,0.42
2026-07-25 21:41:06,0.67
2026-07-25 21:42:33,0.45
2026-07-25 21:43:18,0.95
2026-07-25 21:43:50,0.60
2026-07-25 21:44:25,0.88
2026-07-25 21:45:30,0.75
2026-07-25 21:47:05,1.04
2026-07-25 21:47:33,1.15
2026-07-25 21:48:27,0.84
2026-07-25 21:49:27,1.10
2026-07-25 21:50:12,0.73
2026-07-25 21:50:25,0.88
2026-07-25 21:52:00,0.46
2026-07-25 21:52:04,0.72
2026-07-25 21:53:41,0.45
2026-07-25 21:54:48,0.72
2026-07-25 21:55:39,0.61
2026-07-25 21:56:24,0.35
2026-07-25 21:57:00,0.28
2026-07-25 21:57:33,0.55
2026-07-25 21:59:21,0.27
2026-07-25 21:59:35,0.56
2026-07-25 22:00:48,0.45
2026-07-25 22:01:06,0.19
2026-07-25 22:02:37,0.18
2026-07-25 22:02:51,0.44
2026-07-25 22:03:40,0.37
2026-07-25 22:04:39,0.10
2026-07-25 22:05:39,0.39
2026-07-25 22:06:28,0.09
2026-07-25 22:07:09,0.46
2026-07-25 22:08:03,0.09
2026-07-25 22:08:41,0.30
2026-07-25 22:10:10,0.00
2026-07-25 22:10:47,0.04
2026-07-25 22:11:15,0.33
2026-07-25 22:12:04,0.28
2026-07-25 22:12:51,0.07
2026-07-25 22:13:31,0.28
2026-07-25 22:13:54,0.02
2026-07-25 22:15:15,0.32
2026-07-25 22:16:10,0.08
2026-07-25 22:17:00,0.10
2026-07-25 22:18:26,0.30
2026-07-25 22:18:36,0.06
2026-07-25 22:19:17,0.30
2026-07-25 22:20:20,0.13
2026-07-25 22:21:42,0.32
2026-07-25 22:22:18,0.37
2026-07-25 22:22:40,0.09
2026-07-25 22:23:31,0.17
2026-07-25 22:24:34,0.35
2026-07-25 22:25:24,0.44
2026-07-25 22:26:32,0.21
2026-07-25 22:27:00,0.24
2026-07-25 22:27:13,0.46
2026-07-25 22:28:49,0.48
2026-07-25 22:29:48,0.24
2026-07-25 22:30:38,0.18
2026-07-25 22:30:55,0.46
2026-07-25 22:32:45,0.21
2026-07-25 22:34:43,0.46
2026-07-25 22:34:56,0.26
2026-07-25 22:35:34,0.49
2026-07-25 22:36:01,0.28
2026-07-25 22:37:27,0.50
2026-07-25 22:37:44,0.24
2026-07-25 22:39:02,0.57
2026-07-25 22:39:35,0.25
2026-07-25 22:40:29,0.28
2026-07-25 22:41:09,0.52
2026-07-25 22:41:46,0.43
2026-07-25 22:42:18,0.23
2026-07-25 22:43:58,0.48
2026-07-25 22:44:11,0.29
2026-07-25 22:45:06,0.52
2026-07-25 22:46:00,0.32
2026-07-25 22:47:04,0.38
2026-07-25 22:47:54,0.55
2026-07-25 22:48:35,0.56
2026-07-25 22:48:53,0.42
2026-07-25 22:50:10,0.46
2026-07-25 22:50:23,0.74
2026-07-25 22:52:49,0.72
2026-07-25 22:52:58,0.54
2026-07-25 22:53:39,0.51
2026-07-25 22:54:11,0.78
2026-07-25 22:55:56,0.88
2026-07-25 22:56:10,0.48
2026-07-25 22:56:41,0.71
2026-07-25 22:57:53,0.88
2026-07-25 22:58:58,0.93
2026-07-25 22:59:29,0.74
2026-07-25 22:59:43,0.78
2026-07-25 23:00:51,1.03
2026-07-25 23:02:16,0.75
2026-07-25 23:02:58,1.12
2026-07-25 23:03:49,0.79
2026-07-25 23:03:58,1.00
2026-07-25 23:05:42,0.85
2026-07-25 23:06:00,1.03
2026-07-25 23:06:24,0.93
2026-07-25 23:07:54,1.21
2026-07-25 23:08:21,1.07
2026-07-25 23:09:07,1.42
2026-07-25 23:10:42,1.23
2026-07-25 23:10:48,1.43
2026-07-25 23:11:55,1.45
2026-07-25 23:12:50,1.11
2026-07-25 23:13:57,1.43
2026-07-25 23:14:11,1.17
2026-07-25 23:14:48,1.41
2026-07-25 23:14:58,1.14
2026-07-25 23:16:37,1.23
2026-07-25 23:17:35,1.41
2026-07-25 23:18:08,1.42
2026-07-25 23:19:12,1.16
2026-07-25 23:20:47,1.48
2026-07-25 23:21:00,1.21
2026-07-25 23:21:23,1.10
2026-07-25 23:22:41,1.30
2026-07-25 23:22:50,1.23
2026-07-25 23:24:07,1.06
2026-07-25 23:24:57,1.17
2026-07-25 23:25:14,1.02
2026-07-25 23:26:10,0.96
2026-07-25 23:26:24,1.15
2026-07-25 23:28:26,0.89
2026-07-25 23:29:20,1.16
2026-07-25 23:29:43,1.17
2026-07-25 23:30:20,1.07
2026-07-25 23:32:19,1.18
2026-07-25 23:32:36,0.97
2026-07-25 23:33:17,1.23
2026-07-25 23:33:49,0.95
2026-07-25 23:34:34,0.97
2026-07-25 23:35:11,1.24
2026-07-25 23:36:55,1.26
2026-07-25 23:37:19,1.11
2026-07-25 23:39:11,1.38
2026-07-25 23:39:21,1.54
2026-07-25 23:40:38,1.19
2026-07-25 23:41:42,1.41
2026-07-25 23:42:05,1.25
2026-07-25 23:43:16,1.45
2026-07-25 23:43:27,1.20
2026-07-25 23:44:29,1.36
2026-07-25 23:44:34,1.16
2026-07-25 23:46:19,1.30
2026-07-25 23:47:00,1.07
2026-07-25 23:47:40,1.18
2026-07-25 23:48:53,1.32
2026-07-25 23:49:52,1.37
2026-07-25 23:50:11,1.09
2026-07-25 23:50:55,1.27
2026-07-25 23:52:17,1.58
2026-07-25 23:52:35,1.44
2026-07-25 23:53:58,1.92
2026-07-25 23:54:21,1.71
2026-07-25 23:55:46,2.07
2026-07-25 23:55:56,2.05
2026-07-25 23:56:36,1.68
2026-07-25 23:58:08,1.69
2026-07-25 23:58:53,2.03
2026-07-25 23:59:15,2.10
2026-07-26 00:00:11,1.77
2026-07-26 00:00:52,1.70
2026-07-26 00:01:51,2.04
2026-07-26 00:02:32,1.76
2026-07-26 00:03:03,1.56
2026-07-26 00:04:49,1.76
2026-07-26 00:05:24,1.61
2026-07-26 00:06:01,1.65
2026-07-26 00:06:51,1.86
2026-07-26 00:07:36,1.77
2026-07-26 00:08:45,2.32
2026-07-26 00:10:15,2.29
2026-07-26 00:10:20,2.59
2026-07-26 00:10:43,2.25
2026-07-26 00:12:14,3.16
2026-07-26 00:12:18,3.06
2026-07-26 00:12:59,2.21
2026-07-26 00:14:17,2.27
2026-07-26 00:15:33,1.96
2026-07-26 00:17:13,2.27
2026-07-26 00:17:54,1.95
2026-07-26 00:17:59,2.20
2026-07-26 00:19:11,2.12
2026-07-26 00:19:57,2.57
2026-07-26 00:20:48,2.28
2026-07-26 00:21:51,2.74
2026-07-26 00:22:13,2.47
2026-07-26 00:23:22,3.70
2026-07-26 00:24:31,2.37
2026-07-26 00:25:29,2.99
2026-07-26 00:26:19,3.28
2026-07-26 00:27:08,2.64
2026-07-26 00:27:14,2.55
2026-07-26 00:28:45,2.90
2026-07-26 00:29:07,2.71
2026-07-26 00:30:06,3.49
2026-07-26 00:30:43,2.79
2026-07-26 00:32:04,3.61
2026-07-26 00:32:10,4.03
2026-07-26 00:33:35,3.39
2026-07-26 00:34:53,3.31
2026-07-26 00:35:20,4.14
2026-07-26 00:36:19,3.60
2026-07-26 00:36:46,4.74
2026-07-26 00:37:09,4.87
2026-07-26 00:38:12,4.16
2026-07-26 00:38:57,3.98
2026-07-26 00:39:35,5.02
2026-07-26 00:40:56,5.12
2026-07-26 00:41:41,3.74
2026-07-26 00:42:00,4.24
2026-07-26 00:42:45,3.89
2026-07-26 00:44:12,3.54
2026-07-26 00:45:15,5.22
2026-07-26 00:45:21,4.82
2026-07-26 00:46:52,3.02
2026-07-26 00:47:01,3.05
2026-07-26 00:48:27,2.71
2026-07-26 00:49:53,3.07
2026-07-26 00:50:12,2.65
2026-07-26 00:50:25,2.44
2026-07-26 00:51:33,3.58
2026-07-26 00:52:05,3.25
2026-07-26 00:53:18,2.56
2026-07-26 00:53:58,2.63
2026-07-26 00:54:48,3.05
2026-07-26 00:55:12,2.81
2026-07-26 00:56:33,3.30
2026-07-26 00:56:51,3.01
2026-07-26 00:57:55,2.58
2026-07-26 00:59:03,2.55
2026-07-26 01:00:07,2.79
2026-07-26 01:01:06,2.42
2026-07-26 01:01:42,2.94
2026-07-26 01:02:09,3.03
2026-07-26 01:03:13,2.20
2026-07-26 01:03:41,2.09
2026-07-26 01:04:53,2.95
2026-07-26 01:05:24,2.18
2026-07-26 01:06:37,2.91
2026-07-26 01:06:46,2.66
2026-07-26 01:08:12,1.94
2026-07-26 01:08:45,1.89
2026-07-26 01:09:12,2.20
2026-07-26 01:10:07,1.89
2026-07-26 01:11:41,2.12
2026-07-26 01:12:05,1.90
2026-07-26 01:12:22,2.30
2026-07-26 01:13:55,1.80
2026-07-26 01:14:36,2.32
2026-07-26 01:15:25,1.84
2026-07-26 01:16:38,2.16
2026-07-26 01:16:42,1.98
2026-07-26 01:18:13,3.44
2026-07-26 01:19:21,3.69
2026-07-26 01:19:53,3.12
2026-07-26 01:20:42,3.66
2026-07-26 01:21:10,3.12
2026-07-26 01:21:51,3.38
2026-07-26 01:22:05,2.91
2026-07-26 01:23:31,3.16
2026-07-26 01:24:11,2.73
2026-07-26 01:25:06,2.74
2026-07-26 01:26:29,3.30
2026-07-26 01:27:36,3.81
2026-07-26 01:28:00,2.91
2026-07-26 01:28:21,3.00
2026-07-26 01:29:40,3.63
2026-07-26 01:30:16,3.38
2026-07-26 01:31:24,4.17
2026-07-26 01:31:37,3.74
2026-07-26 01:32:59,4.33
2026-07-26 01:33:40,3.75
2026-07-26 01:34:12,4.33
2026-07-26 01:35:06,3.70
2026-07-26 01:36:00,4.14
2026-07-26 01:36:28,3.96
2026-07-26 01:38:04,3.44
2026-07-26 01:38:14,3.47
2026-07-26 01:39:35,3.05
2026-07-26 01:39:53,3.00
2026-07-26 01:40:20,2.58
2026-07-26 01:42:41,2.65
2026-07-26 01:42:50,3.02
2026-07-26 01:43:22,2.68
2026-07-26 01:43:54,3.12
2026-07-26 01:44:58,2.79
2026-07-26 01:45:34,3.29
2026-07-26 01:47:23,3.30
2026-07-26 01:47:46,2.85
2026-07-26 01:48:22,3.30
2026-07-26 01:49:35,2.61
2026-07-26 01:49:44,2.55
2026-07-26 01:50:16,2.91
2026-07-26 01:51:33,2.38
2026-07-26 01:51:55,2.94
2026-07-26 01:53:18,2.53
2026-07-26 01:53:36,2.98
2026-07-26 01:54:44,2.59
2026-07-26 01:56:01,3.16
2026-07-26 01:56:25,3.11
2026-07-26 01:57:28,3.53
2026-07-26 01:57:56,3.41
2026-07-26 01:58:27,3.06
2026-07-26 01:59:34,2.95
2026-07-26 02:00:44,3.57
2026-07-26 02:01:25,3.13
2026-07-26 02:02:41,3.62
2026-07-26 02:03:08,3.39
2026-07-26 02:03:40,3.88
2026-07-26 02:04:40,3.76
2026-07-26 02:05:48,2.99
2026-07-26 02:06:10,3.29
2026-07-26 02:07:18,2.45
2026-07-26 02:08:10,2.93
2026-07-26 02:09:04,2.53
2026-07-26 02:09:31,3.02
2026-07-26 02:10:38,2.52
2026-07-26 02:12:24,2.73
2026-07-26 02:12:41,2.46
2026-07-26 02:13:18,2.33
2026-07-26 02:13:27,2.86
2026-07-26 02:14:30,2.70
2026-07-26 02:15:24,2.29
2026-07-26 02:17:14,2.44
2026-07-26 02:17:41,2.76
2026-07-26 02:17:55,2.80
2026-07-26 02:19:02,2.46
2026-07-26 02:19:44,2.48
2026-07-26 02:20:33,3.09
2026-07-26 02:22:09,2.67
2026-07-26 02:22:27,3.15
2026-07-26 02:22:55,2.65
2026-07-26 02:23:32,3.09
2026-07-26 02:24:43,2.97
2026-07-26 02:25:48,2.49
2026-07-26 02:26:15,2.48
2026-07-26 02:27:18,2.88
2026-07-26 02:28:08,2.21
2026-07-26 02:28:59,2.55
2026-07-26 02:29:17,2.19
2026-07-26 02:30:48,2.68
2026-07-26 02:31:48,2.50
2026-07-26 02:32:18,2.78
2026-07-26 02:33:09,2.87
2026-07-26 02:33:44,2.50
2026-07-26 02:34:17,2.74
2026-07-26 02:35:43,2.29
2026-07-26 02:36:02,2.42
2026-07-26 02:37:23,2.08
2026-07-26 02:37:50,2.35
2026-07-26 02:39:04,1.93
2026-07-26 02:39:40,2.19
2026-07-26 02:40:43,1.87
2026-07-26 02:41:34,1.56
2026-07-26 02:42:10,1.91
2026-07-26 02:43:18,2.19
2026-07-26 02:44:04,1.63
2026-07-26 02:44:49,1.92
2026-07-26 02:45:25,1.48
2026-07-26 02:46:52,1.47
2026-07-26 02:47:06,1.70
2026-07-26 02:48:00,1.45
2026-07-26 02:49:02,1.76
2026-07-26 02:49:22,1.83
2026-07-26 02:50:39,1.59
2026-07-26 02:50:44,1.55
2026-07-26 02:52:14,1.93
2026-07-26 02:52:27,1.61
2026-07-26 02:53:36,2.25
2026-07-26 02:54:49,1.98
2026-07-26 02:54:58,2.26
2026-07-26 02:56:28,2.42
2026-07-26 02:56:41,2.14
2026-07-26 02:57:18,2.35
2026-07-26 02:58:03,2.81
2026-07-26 02:59:30,2.59
2026-07-26 03:00:34,3.40
2026-07-26 03:00:38,3.53
2026-07-26 03:01:19,4.11
2026-07-26 03:02:24,3.83
2026-07-26 03:02:41,3.46
2026-07-26 03:04:48,3.39
2026-07-26 03:05:01,3.79
2026-07-26 03:05:48,3.22
2026-07-26 03:07:04,3.73
2026-07-26 03:07:45,4.60
2026-07-26 03:08:36,3.15
2026-07-26 03:09:17,3.81
2026-07-26 03:10:16,3.05
2026-07-26 03:10:34,3.19
2026-07-26 03:11:51,2.58
2026-07-26 03:12:32,2.66
2026-07-26 03:13:40,3.53
2026-07-26 03:14:03,3.03
2026-07-26 03:15:25,3.86
2026-07-26 03:15:43,3.30
2026-07-26 03:16:10,3.80
2026-07-26 03:17:50,3.44
2026-07-26 03:18:27,4.09
2026-07-26 03:18:58,3.56
2026-07-26 03:20:02,4.21
2026-07-26 03:20:25,3.86
2026-07-26 03:21:52,4.58
2026-07-26 03:22:54,5.71
2026-07-26 03:23:08,4.25
2026-07-26 03:24:16,4.19
2026-07-26 03:25:06,5.19
2026-07-26 03:25:29,5.73
2026-07-26 03:26:15,4.32
2026-07-26 03:27:41,4.75
2026-07-26 03:28:35,4.23
2026-07-26 03:28:45,4.04
2026-07-26 03:30:06,4.65
2026-07-26 03:31:19,3.82
2026-07-26 03:31:27,4.41
2026-07-26 03:33:14,4.33
2026-07-26 03:33:35,3.55
2026-07-26 03:33:45,3.28
2026-07-26 03:34:52,3.92
2026-07-26 03:35:24,3.74
2026-07-26 03:36:24,4.69
2026-07-26 03:36:56,4.02
2026-07-26 03:37:27,4.62
2026-07-26 03:39:30,4.63
2026-07-26 03:40:01,4.08
2026-07-26 03:40:15,3.91
2026-07-26 03:41:46,4.59
2026-07-26 03:42:14,4.33
2026-07-26 03:43:12,5.66
2026-07-26 03:43:36,4.93
2026-07-26 03:45:07,3.83
2026-07-26 03:45:20,3.85
2026-07-26 03:45:34,4.52
2026-07-26 03:47:27,4.51
2026-07-26 03:47:46,4.13
2026-07-26 03:48:53,4.61
2026-07-26 03:49:03,4.17
2026-07-26 03:50:21,3.97
2026-07-26 03:51:33,4.73
2026-07-26 03:51:56,4.61
2026-07-26 03:52:29,5.25
2026-07-26 03:53:36,5.39
2026-07-26 03:54:44,4.51
2026-07-26 03:55:06,4.43
2026-07-26 03:55:53,3.90
2026-07-26 03:57:09,4.50
2026-07-26 03:57:50,3.72
2026-07-26 03:58:27,4.13
2026-07-26 03:59:35,3.67
2026-07-26 04:00:29,3.84
2026-07-26 04:01:15,3.49
2026-07-26 04:02:32,3.48
2026-07-26 04:02:55,4.15
2026-07-26 04:03:45,3.46
2026-07-26 04:04:44,4.27
2026-07-26 04:05:07,3.56
2026-07-26 04:05:56,4.40
2026-07-26 04:06:37,4.02
2026-07-26 04:07:22,3.49
2026-07-26 04:08:41,3.82
2026-07-26 04:09:39,4.28
2026-07-26 04:11:01,4.24
2026-07-26 04:11:15,3.72
2026-07-26 04:12:05,3.81
2026-07-26 04:13:04,4.51
2026-07-26 04:13:18,4.71
2026-07-26 04:14:16,3.93
2026-07-26 04:15:30,4.36
2026-07-26 04:15:39,3.87
2026-07-26 04:17:14,3.95
2026-07-26 04:18:03,4.92
2026-07-26 04:18:13,4.57
2026-07-26 04:18:53,5.07
2026-07-26 04:20:16,4.76
2026-07-26 04:21:05,3.91
2026-07-26 04:21:32,4.23
2026-07-26 04:22:59,3.78
2026-07-26 04:23:26,3.53
2026-07-26 04:24:34,4.34
2026-07-26 04:24:47,4.25
2026-07-26 04:26:01,5.68
2026-07-26 04:26:41,5.44
2026-07-26 04:27:36,3.89
2026-07-26 04:28:49,3.73
2026-07-26 04:29:11,4.43
2026-07-26 04:30:28,3.54
2026-07-26 04:31:05,4.05
2026-07-26 04:31:51,4.54
2026-07-26 04:32:50,3.85
2026-07-26 04:34:01,4.31
2026-07-26 04:34:24,3.78
2026-07-26 04:35:11,4.54
2026-07-26 04:35:38,3.80
2026-07-26 04:36:19,3.96
2026-07-26 04:37:54,5.01
2026-07-26 04:37:58,4.76
2026-07-26 04:39:25,5.56
2026-07-26 04:40:33,5.09
2026-07-26 04:40:51,4.34
2026-07-26 04:42:32,5.14
2026-07-26 04:42:50,4.54
2026-07-26 04:43:34,5.10
2026-07-26 04:44:24,4.24
2026-07-26 04:44:39,4.33
2026-07-26 04:46:04,5.13
2026-07-26 04:46:59,5.30
2026-07-26 04:47:40,4.53
2026-07-26 04:47:57,5.13
2026-07-26 04:49:29,3.78
2026-07-26 04:49:33,3.74
2026-07-26 04:50:29,4.36
2026-07-26 04:51:46,4.48
2026-07-26 04:52:13,4.05
2026-07-26 04:53:57,4.21
2026-07-26 04:54:07,5.15
2026-07-26 04:54:52,4.87
2026-07-26 04:55:23,4.06
2026-07-26 04:56:45,5.17
2026-07-26 04:57:35,4.16
2026-07-26 04:58:52,4.02
2026-07-26 04:59:20,4.50
2026-07-26 05:00:10,4.08
2026-07-26 05:00:47,4.56
2026-07-26 05:01:08,4.04
2026-07-26 05:02:22,5.05
2026-07-26 05:04:11,5.24
2026-07-26 05:04:20,4.38
2026-07-26 05:04:24,4.58
2026-07-26 05:05:18,5.32
2026-07-26 05:06:10,5.33
2026-07-26 05:07:32,3.74
2026-07-26 05:07:49,3.44
2026-07-26 05:08:57,4.61
2026-07-26 05:10:01,3.83
2026-07-26 05:10:28,4.68
2026-07-26 05:12:08,3.36
2026-07-26 05:12:22,4.09
2026-07-26 05:13:30,3.35
2026-07-26 05:14:11,3.98
2026-07-26 05:14:20,3.52
2026-07-26 05:14:43,4.30
2026-07-26 05:16:00,3.97
2026-07-26 05:17:07,5.01
2026-07-26 05:18:17,5.31
2026-07-26 05:18:34,4.49
2026-07-26 05:19:25,4.77
2026-07-26 05:20:10,4.07
2026-07-26 05:21:42,4.45
2026-07-26 05:22:04,3.73
2026-07-26 05:23:03,4.59
2026-07-26 05:23:31,3.95
2026-07-26 05:24:16,3.46
2026-07-26 05:25:11,4.16
2026-07-26 05:26:09,3.74
2026-07-26 05:26:54,4.47
2026-07-26 05:27:55,3.88
2026-07-26 05:28:58,5.93
2026-07-26 05:29:16,5.35
2026-07-26 05:30:20,7.23
2026-07-26 05:30:51,6.82
2026-07-26 05:32:22,10.21
2026-07-26 05:32:26,9.90
2026-07-26 05:33:40,11.36
2026-07-26 05:34:57,10.64
2026-07-26 05:35:38,11.91
2026-07-26 05:37:20,10.22
2026-07-26 05:37:30,10.65
2026-07-26 05:38:52,8.41
2026-07-26 05:39:05,8.48
2026-07-26 05:39:50,9.33
2026-07-26 05:40:45,8.98
2026-07-26 05:41:26,10.63
2026-07-26 05:42:21,9.76
2026-07-26 05:43:24,8.24
2026-07-26 05:44:05,9.42
2026-07-26 05:45:19,7.97
2026-07-26 05:45:46,7.79
2026-07-26 05:46:48,9.31
2026-07-26 05:47:34,8.77
2026-07-26 05:48:52,11.29
2026-07-26 05:49:15,11.53
2026-07-26 05:49:42,9.79
2026-07-26 05:50:37,10.53
2026-07-26 05:52:08,8.05
2026-07-26 05:52:25,8.12
2026-07-26 05:53:02,7.18
2026-07-26 05:53:52,8.37
2026-07-26 05:54:14,6.90
2026-07-26 05:55:32,8.02
2026-07-26 05:56:14,9.28
2026-07-26 05:57:16,8.04
2026-07-26 05:58:42,11.05
2026-07-26 05:59:37,11.58
2026-07-26 06:00:23,10.07
2026-07-26 06:00:50,11.44
2026-07-26 06:01:21,9.59
2026-07-26 06:02:12,9.62
2026-07-26 06:03:07,11.28
2026-07-26 06:04:14,10.11
2026-07-26 06:05:22,12.71
2026-07-26 06:05:40,11.62
2026-07-26 06:07:01,15.01
2026-07-26 06:07:33,16.01
2026-07-26 06:08:36,12.91
2026-07-26 06:09:08,13.46
2026-07-26 06:10:07,11.68
2026-07-26 06:10:24,12.18
2026-07-26 06:11:56,9.40
2026-07-26 06:12:10,9.55
2026-07-26 06:12:45,7.92
2026-07-26 06:14:17,9.99
2026-07-26 06:15:16,6.71
2026-07-26 06:15:44,6.93
2026-07-26 06:16:24,5.77
2026-07-26 06:17:01,6.30
2026-07-26 06:18:31,4.50
2026-07-26 06:19:13,4.28
2026-07-26 06:20:11,5.17
2026-07-26 06:20:20,5.28
2026-07-26 06:21:29,3.46
2026-07-26 06:22:37,4.12
2026-07-26 06:22:59,3.49
2026-07-26 06:24:35,4.32
2026-07-26 06:25:02,3.43
2026-07-26 06:25:35,3.26
2026-07-26 06:26:20,3.98
2026-07-26 06:27:06,4.17
2026-07-26 06:28:23,3.19
2026-07-26 06:28:41,3.10
2026-07-26 06:30:06,3.83
2026-07-26 06:30:48,3.64
2026-07-26 06:31:29,4.22
2026-07-26 06:31:52,3.74
2026-07-26 06:32:24,2.87
2026-07-26 06:33:27,3.40
2026-07-26 06:34:58,5.55
2026-07-26 06:35:49,5.43
2026-07-26 06:36:16,4.34
2026-07-26 06:37:32,4.16
2026-07-26 06:38:13,5.43
2026-07-26 06:38:59,4.82
2026-07-26 06:39:35,3.89
2026-07-26 06:40:48,3.35
2026-07-26 06:41:34,4.93
2026-07-26 06:41:51,4.86
2026-07-26 06:43:05,3.93
2026-07-26 06:44:13,4.27
2026-07-26 06:44:58,2.61
2026-07-26 06:45:11,2.68
2026-07-26 06:46:30,1.83
2026-07-26 06:46:43,1.90
2026-07-26 06:48:09,2.72
2026-07-26 06:48:27,2.93
2026-07-26 06:49:00,2.12
2026-07-26 06:49:59,2.79
2026-07-26 06:50:53,4.78
2026-07-26 06:52:06,4.33
2026-07-26 06:52:42,3.48
2026-07-26 06:53:31,3.39
2026-07-26 06:54:37,4.61
2026-07-26 06:54:58,4.69
2026-07-26 06:55:31,3.72
2026-07-26 06:57:00,4.91
2026-07-26 06:58:10,4.09
2026-07-26 06:58:27,4.27
2026-07-26 06:58:47,3.60
2026-07-26 07:00:49,3.46
2026-07-26 07:01:24,4.92
2026-07-26 07:02:02,4.47
2026-07-26 07:03:01,5.57
2026-07-26 07:03:10,5.25
2026-07-26 07:03:59,6.20
2026-07-26 07:05:39,5.16
2026-07-26 07:06:26,6.30
2026-07-26 07:07:01,4.88
2026-07-26 07:08:05,6.37
2026-07-26 07:08:18,6.62
2026-07-26 07:09:19,5.19
2026-07-26 07:09:45,5.05
2026-07-26 07:11:21,3.35
2026-07-26 07:11:39,3.92
2026-07-26 07:12:52,2.91
2026-07-26 07:13:25,3.66
2026-07-26 07:13:51,2.60
2026-07-26 07:14:54,2.41
2026-07-26 07:15:31,3.19
2026-07-26 07:16:21,3.17
2026-07-26 07:17:20,1.82
2026-07-26 07:18:15,2.52
2026-07-26 07:18:46,1.87
2026-07-26 07:19:54,2.73
2026-07-26 07:21:17,1.51
2026-07-26 07:22:11,1.25
2026-07-26 07:22:56,1.87
2026-07-26 07:23:06,1.08
2026-07-26 07:24:22,1.92
2026-07-26 07:24:54,2.29
2026-07-26 07:25:58,1.77
2026-07-26 07:26:25,1.64
2026-07-26 07:27:51,2.95
2026-07-26 07:27:57,2.84
2026-07-26 07:29:27,5.96
2026-07-26 07:30:04,4.30
2026-07-26 07:31:11,5.97
2026-07-26 07:31:34,6.51
2026-07-26 07:32:47,3.57
2026-07-26 07:32:53,3.47
2026-07-26 07:33:47,2.58
2026-07-26 07:33:51,2.46
2026-07-26 07:34:00,2.26
2026-07-26 07:34:28,2.81
2026-07-26 07:34:55,2.28
2026-07-26 07:35:44,3.56
2026-07-26 07:36:22,3.15
2026-07-26 07:37:37,1.61
2026-07-26 07:37:57,1.74
2026-07-26 07:39:22,1.07
2026-07-26 07:40:22,0.98
2026-07-26 07:40:36,1.68
2026-07-26 07:41:58,1.08
2026-07-26 07:42:28,2.23
2026-07-26 07:42:47,1.93
2026-07-26 07:43:28,3.47
2026-07-26 07:44:50,1.85
2026-07-26 07:45:57,3.75
2026-07-26 07:46:34,3.12
2026-07-26 07:47:05,3.99
2026-07-26 07:48:19,4.47
2026-07-26 07:49:00,3.20
2026-07-26 07:50:13,4.02
2026-07-26 07:50:48,2.55
2026-07-26 07:51:48,2.16
2026-07-26 07:52:29,2.93
2026-07-26 07:53:15,1.60
2026-07-26 07:53:59,2.46
2026-07-26 07:54:54,3.12
2026-07-26 07:55:54,1.27
2026-07-26 07:56:07,1.93
2026-07-26 07:57:20,0.90
2026-07-26 07:57:56,1.27
2026-07-26 07:58:46,0.69
2026-07-26 07:59:32,1.03
2026-07-26 08:00:26,2.36
2026-07-26 08:01:21,1.47
2026-07-26 08:02:20,2.19
2026-07-26 08:03:23,1.97
2026-07-26 08:04:10,2.42
2026-07-26 08:04:18,2.55
2026-07-26 08:05:08,3.78
2026-07-26 08:05:53,3.45
2026-07-26 08:07:29,2.46
2026-07-26 08:07:33,2.70
2026-07-26 08:08:05,1.65
2026-07-26 08:09:22,1.61
2026-07-26 08:10:12,1.09
2026-07-26 08:10:56,1.31
2026-07-26 08:11:21,0.75
2026-07-26 08:13:37,1.13
2026-07-26 08:13:59,0.40
2026-07-26 08:14:17,0.33
2026-07-26 08:15:44,1.25
2026-07-26 08:16:47,1.04
2026-07-26 08:17:20,2.86
2026-07-26 08:18:18,3.72
2026-07-26 08:19:00,2.62
2026-07-26 08:19:41,2.16
2026-07-26 08:20:39,3.72
2026-07-26 08:21:15,3.24
2026-07-26 08:22:00,3.96
2026-07-26 08:22:51,4.07
2026-07-26 08:23:59,2.48
2026-07-26 08:24:04,2.64
2026-07-26 08:25:12,1.35
2026-07-26 08:25:40,1.32
2026-07-26 08:26:52,0.65
2026-07-26 08:27:33,1.35
2026-07-26 08:28:54,0.34
2026-07-26 08:29:13,0.82
2026-07-26 08:30:16,0.19
2026-07-26 08:30:44,0.21
2026-07-26 08:31:34,0.90
2026-07-26 08:32:42,0.58
2026-07-26 08:33:45,2.17
2026-07-26 08:34:50,1.72
2026-07-26 08:35:30,3.32
2026-07-26 08:36:15,2.33
2026-07-26 08:37:09,3.60
2026-07-26 08:37:19,3.84
2026-07-26 08:38:28,4.71
2026-07-26 08:39:22,4.02
2026-07-26 08:39:54,2.88
2026-07-26 08:40:35,3.64
2026-07-26 08:41:43,5.41
2026-07-26 08:42:29,4.91
2026-07-26 08:43:46,4.09
2026-07-26 08:43:51,4.35
2026-07-26 08:45:12,1.42
2026-07-26 08:45:35,1.29
2026-07-26 08:46:29,1.91
2026-07-26 08:47:06,1.61
2026-07-26 08:48:31,0.87
2026-07-26 08:48:51,0.67
2026-07-26 08:50:21,2.19
2026-07-26 08:51:20,1.65
2026-07-26 08:51:43,2.70
2026-07-26 08:52:37,1.69
2026-07-26 08:54:08,2.10
2026-07-26 08:55:13,1.16
2026-07-26 08:55:53,1.00
2026-07-26 08:56:07,1.51
2026-07-26 08:57:29,0.91
2026-07-26 08:58:38,3.26
2026-07-26 08:58:55,2.34
2026-07-26 09:00:07,3.90
2026-07-26 09:00:35,4.61
2026-07-26 09:01:30,2.30
2026-07-26 09:02:28,1.75
2026-07-26 09:03:32,2.70
2026-07-26 09:03:36,2.97
2026-07-26 09:05:13,4.45
2026-07-26 09:05:58,4.99
2026-07-26 09:06:53,2.42
2026-07-26 09:06:58,2.28
2026-07-26 09:07:56,3.19
2026-07-26 09:08:33,2.54
2026-07-26 09:09:33,0.81
2026-07-26 09:10:31,0.87
2026-07-26 09:11:49,2.54
2026-07-26 09:12:06,2.27
2026-07-26 09:13:19,4.00
2026-07-26 09:13:37,3.46
2026-07-26 09:14:32,4.71
2026-07-26 09:15:26,2.94
2026-07-26 09:15:59,3.65
2026-07-26 09:16:49,2.80
2026-07-26 09:18:06,1.66
2026-07-26 09:19:01,2.19
2026-07-26 09:20:04,0.98
2026-07-26 09:20:17,1.06
2026-07-26 09:21:12,2.22
2026-07-26 09:21:49,1.41
2026-07-26 09:22:57,0.75
2026-07-26 09:23:24,0.99
2026-07-26 09:24:55,0.12
2026-07-26 09:25:40,0.61
2026-07-26 09:26:30,-0.06
2026-07-26 09:26:48,0.32
2026-07-26 09:28:09,-0.15
2026-07-26 09:28:42,-0.21
2026-07-26 09:29:59,0.15
2026-07-26 09:30:09,0.11
2026-07-26 09:30:58,-0.42
2026-07-26 09:32:06,-0.53
2026-07-26 09:33:05,-0.14
2026-07-26 09:33:46,-0.17
2026-07-26 09:34:54,-0.56
2026-07-26 09:35:22,-0.58
2026-07-26 09:36:30,-0.34
2026-07-26 09:36:54,-0.36
2026-07-26 09:37:48,0.11
2026-07-26 09:38:43,0.43
2026-07-26 09:39:32,-0.21
2026-07-26 09:40:44,0.11
2026-07-26 09:41:12,-0.19
2026-07-26 09:41:35,0.13
2026-07-26 09:42:42,-0.18
2026-07-26 09:43:42,-0.28
2026-07-26 09:44:46,0.19
2026-07-26 09:44:54,0.14
2026-07-26 09:45:31,-0.44
2026-07-26 09:47:20,0.32
2026-07-26 09:48:02,-0.24
2026-07-26 09:48:10,-0.10
2026-07-26 09:49:45,-0.66
2026-07-26 09:49:55,-0.39
2026-07-26 09:50:36,-0.77
2026-07-26 09:51:45,-0.64
2026-07-26 09:53:01,-0.18
2026-07-26 09:53:10,-0.44
2026-07-26 09:54:32,0.06
2026-07-26 09:54:50,-0.28
2026-07-26 09:56:09,0.46
2026-07-26 09:57:03,0.35
2026-07-26 09:57:20,-0.02
2026-07-26 09:58:29,-0.18
2026-07-26 09:58:52,0.18
2026-07-26 10:00:19,-0.14
2026-07-26 10:00:36,0.15
2026-07-26 10:02:25,0.37
2026-07-26 10:02:48,-0.11
2026-07-26 10:03:02,0.26
2026-07-26 10:04:05,-0.03
2026-07-26 10:04:42,0.12
2026-07-26 10:06:08,0.54
2026-07-26 10:06:31,0.59
2026-07-26 10:07:26,0.26
2026-07-26 10:08:11,0.16
2026-07-26 10:09:24,0.87
2026-07-26 10:09:55,0.61
2026-07-26 10:10:41,1.63
2026-07-26 10:11:36,0.95
2026-07-26 10:12:49,2.02
2026-07-26 10:12:57,1.58
2026-07-26 10:14:28,0.76
2026-07-26 10:14:51,1.21
2026-07-26 10:15:51,0.52
2026-07-26 10:16:12,0.45
2026-07-26 10:17:48,1.20
2026-07-26 10:17:53,1.12
2026-07-26 10:19:24,0.47
2026-07-26 10:20:46,0.04
2026-07-26 10:21:44,-0.05
2026-07-26 10:22:40,0.45
2026-07-26 10:23:06,0.49
2026-07-26 10:24:24,0.03
2026-07-26 10:24:55,0.19
2026-07-26 10:25:54,-0.30
2026-07-26 10:26:40,-0.36
2026-07-26 10:27:03,-0.14
2026-07-26 10:28:42,-0.48
2026-07-26 10:29:19,-0.08
2026-07-26 10:30:36,-0.37
2026-07-26 10:31:00,0.01
2026-07-26 10:31:13,0.12
2026-07-26 10:32:21,-0.26
2026-07-26 10:33:11,-0.07
2026-07-26 10:33:52,-0.39
2026-07-26 10:34:25,-0.37
2026-07-26 10:35:55,-0.64
2026-07-26 10:36:17,-0.46
2026-07-26 10:37:35,-0.70
2026-07-26 10:38:16,-0.59
2026-07-26 10:39:10,-0.34
2026-07-26 10:39:42,-0.53
2026-07-26 10:40:27,-0.26
2026-07-26 10:41:08,-0.37
2026-07-26 10:42:08,0.22
2026-07-26 10:43:47,-0.31
2026-07-26 10:43:57,0.17
2026-07-26 10:44:15,-0.11
2026-07-26 10:44:51,-0.51
2026-07-26 10:45:55,-0.23
2026-07-26 10:47:30,-0.48
2026-07-26 10:47:36,-0.49
2026-07-26 10:49:11,-0.01
2026-07-26 10:49:15,-0.05
2026-07-26 10:50:42,-0.32
2026-07-26 10:51:18,-0.38
2026-07-26 10:52:20,-0.06
2026-07-26 10:52:44,-0.26
2026-07-26 10:52:53,-0.05
2026-07-26 10:54:34,-0.22
2026-07-26 10:55:41,0.38
2026-07-26 10:55:49,0.42
2026-07-26 10:57:22,-0.19
2026-07-26 10:57:30,-0.07
2026-07-26 10:58:11,-0.25
2026-07-26 10:59:18,-0.10
2026-07-26 11:00:18,-0.44
2026-07-26 11:01:18,-0.17
2026-07-26 11:02:13,-0.40
2026-07-26 11:02:54,-0.21
2026-07-26 11:03:15,-0.47
2026-07-26 11:04:15,-0.46
2026-07-26 11:05:19,-0.18
2026-07-26 11:05:46,-0.28
2026-07-26 11:07:17,0.26
2026-07-26 11:07:30,0.27
2026-07-26 11:08:52,-0.21
2026-07-26 11:09:33,-0.27
2026-07-26 11:10:05,-0.01
2026-07-26 11:10:41,-0.11
2026-07-26 11:11:22,-0.29
2026-07-26 11:12:21,-0.37
2026-07-26 11:13:02,0.00
2026-07-26 11:14:02,-0.02
2026-07-26 11:14:19,-0.21
2026-07-26 11:15:45,-0.07
2026-07-26 11:16:26,-0.26
2026-07-26 11:17:53,0.04
2026-07-26 11:18:25,-0.13
2026-07-26 11:19:19,0.10
2026-07-26 11:20:28,-0.14
2026-07-26 11:20:55,-0.20
2026-07-26 11:21:41,0.02
2026-07-26 11:23:11,-0.06
2026-07-26 11:23:48,0.24
2026-07-26 11:23:52,0.22
2026-07-26 11:25:00,-0.16
2026-07-26 11:25:45,-0.18
2026-07-26 11:27:03,0.01
2026-07-26 11:27:26,-0.08
2026-07-26 11:28:25,0.11
2026-07-26 11:28:48,0.07
2026-07-26 11:29:47,-0.11
2026-07-26 11:30:28,-0.01
2026-07-26 11:31:53,0.48
2026-07-26 11:32:26,0.72
2026-07-26 11:33:34,0.39
2026-07-26 11:33:48,0.42
2026-07-26 11:34:19,0.18
2026-07-26 11:35:41,0.22
2026-07-26 11:36:50,0.05
2026-07-26 11:37:17,0.07
2026-07-26 11:38:25,-0.09
2026-07-26 11:39:19,-0.02
2026-07-26 11:39:52,-0.16
2026-07-26 11:40:33,-0.05
2026-07-26 11:41:00,-0.21
2026-07-26 11:43:02,0.06
2026-07-26 11:43:29,-0.19
2026-07-26 11:43:39,-0.15
2026-07-26 11:44:33,0.06
2026-07-26 11:45:20,-0.02
2026-07-26 11:46:55,0.14
2026-07-26 11:46:59,0.19
2026-07-26 11:48:35,0.86
2026-07-26 11:48:57,0.78
2026-07-26 11:49:34,0.94
2026-07-26 11:50:51,0.68
2026-07-26 11:51:31,0.91
2026-07-26 11:51:55,0.81
2026-07-26 11:52:45,0.53
2026-07-26 11:53:40,0.50
2026-07-26 11:53:44,0.71
2026-07-26 11:56:13,0.47
2026-07-26 11:56:49,0.78
2026-07-26 11:57:49,0.57
2026-07-26 11:58:07,0.87
2026-07-26 11:58:30,0.57
2026-07-26 12:00:01,0.28
2026-07-26 12:00:32,0.43
2026-07-26 12:01:32,0.24
2026-07-26 12:01:49,0.25
2026-07-26 12:03:16,0.42
2026-07-26 12:04:07,0.44
2026-07-26 12:05:01,0.30
2026-07-26 12:05:28,0.32
2026-07-26 12:05:55,0.45
2026-07-26 12:07:13,0.31
2026-07-26 12:08:17,0.49
2026-07-26 12:08:25,0.48
2026-07-26 12:09:24,0.82
2026-07-26 12:11:05,0.71
2026-07-26 12:11:27,0.48
2026-07-26 12:11:54,0.59
2026-07-26 12:12:17,0.75
2026-07-26 12:13:21,0.67
2026-07-26 12:14:10,0.40
2026-07-26 12:15:56,0.53
2026-07-26 12:16:36,0.87
2026-07-26 12:16:58,1.36
2026-07-26 12:18:11,0.85
2026-07-26 12:18:25,0.78
2026-07-26 12:19:56,0.46
2026-07-26 12:20:10,0.54
2026-07-26 12:21:32,0.27
2026-07-26 12:21:45,0.42
2026-07-26 12:22:44,0.24
2026-07-26 12:23:48,0.27
2026-07-26 12:24:38,0.50
2026-07-26 12:25:10,0.56
2026-07-26 12:26:28,0.30
2026-07-26 12:26:37,0.48
2026-07-26 12:27:12,0.28
2026-07-26 12:28:43,0.31
2026-07-26 12:29:47,0.71
2026-07-26 12:30:14,1.36
2026-07-26 12:31:08,0.65
2026-07-26 12:31:41,0.73
2026-07-26 12:32:44,1.00
2026-07-26 12:33:11,0.97
2026-07-26 12:33:38,0.70
2026-07-26 12:35:01,0.76
2026-07-26 12:36:23,1.44
2026-07-26 12:36:27,1.39
2026-07-26 12:38:03,2.51
2026-07-26 12:39:24,3.12
2026-07-26 12:39:43,2.34
2026-07-26 12:40:01,2.37
2026-07-26 12:41:00,3.00
2026-07-26 12:41:27,2.59
2026-07-26 12:42:50,1.32
2026-07-26 12:43:39,1.49
2026-07-26 12:44:29,1.13
2026-07-26 12:44:52,1.24
2026-07-26 12:46:00,2.03
2026-07-26 12:47:04,1.16
2026-07-26 12:47:58,1.56
2026-07-26 12:48:25,1.75
2026-07-26 12:49:02,1.02
2026-07-26 12:49:43,1.26
2026-07-26 12:51:17,2.26
2026-07-26 12:51:23,2.29
2026-07-26 12:52:22,3.16
2026-07-26 12:53:21,3.06
2026-07-26 12:54:16,1.92
2026-07-26 12:55:51,1.78
2026-07-26 12:56:14,2.23
2026-07-26 12:56:19,2.55
2026-07-26 12:57:31,4.92
2026-07-26 12:58:03,4.24
2026-07-26 12:59:30,5.53
2026-07-26 13:01:05,7.31
2026-07-26 13:01:19,7.02
2026-07-26 13:02:36,4.89
2026-07-26 13:02:54,5.34
2026-07-26 13:03:54,9.40
2026-07-26 13:04:34,8.97
2026-07-26 13:06:05,5.34
2026-07-26 13:06:09,5.04
2026-07-26 13:07:23,2.70
2026-07-26 13:07:49,3.28
2026-07-26 13:09:16,5.09
2026-07-26 13:09:30,4.48
2026-07-26 13:10:01,5.57
2026-07-26 13:11:37,6.28
2026-07-26 13:12:32,4.26
2026-07-26 13:12:45,4.28
2026-07-26 13:14:21,1.96
2026-07-26 13:14:25,1.84
2026-07-26 13:15:51,1.01
2026-07-26 13:16:55,0.83
2026-07-26 13:17:18,1.13
2026-07-26 13:17:44,1.04
2026-07-26 13:18:31,0.86
2026-07-26 13:19:38,0.92
2026-07-26 13:20:15,0.67
2026-07-26 13:21:09,0.77
2026-07-26 13:21:27,0.50
2026-07-26 13:22:41,0.53
2026-07-26 13:23:48,0.37
2026-07-26 13:25:06,0.66
2026-07-26 13:25:56,0.17
2026-07-26 13:26:40,0.23
2026-07-26 13:27:17,-0.01
2026-07-26 13:27:45,0.04
2026-07-26 13:28:35,-0.15
2026-07-26 13:30:05,0.04
2026-07-26 13:30:50,-0.12
2026-07-26 13:30:54,0.00
2026-07-26 13:32:13,-0.21
2026-07-26 13:32:44,-0.08
2026-07-26 13:33:48,-0.26
2026-07-26 13:35:14,-0.05
2026-07-26 13:35:23,-0.21
2026-07-26 13:36:04,-0.01
2026-07-26 13:37:21,-0.22
2026-07-26 13:37:39,-0.25
2026-07-26 13:38:29,-0.07
2026-07-26 13:40:10,-0.20
2026-07-26 13:40:46,-0.05
2026-07-26 13:41:08,-0.07
2026-07-26 13:41:27,-0.22
2026-07-26 13:43:06,-0.30
2026-07-26 13:43:39,-0.14
2026-07-26 13:44:56,-0.30
2026-07-26 13:45:18,-0.12
2026-07-26 13:46:12,-0.15
2026-07-26 13:46:26,-0.37
2026-07-26 13:47:49,-0.33
2026-07-26 13:48:57,-0.13
2026-07-26 13:50:28,-0.33
2026-07-26 13:51:59,-0.31
2026-07-26 13:52:08,-0.19
2026-07-26 13:52:40,-0.14
2026-07-26 13:53:51,-0.31
2026-07-26 13:54:46,-0.34
2026-07-26 13:55:32,-0.14
2026-07-26 13:55:51,-0.08
2026-07-26 13:56:36,-0.35
2026-07-26 13:58:42,-0.37
2026-07-26 13:58:53,-0.19
2026-07-26 13:59:15,-0.13
2026-07-26 13:59:56,-0.35
2026-07-26 14:00:50,-0.38
2026-07-26 14:02:11,-0.19
2026-07-26 14:02:34,-0.16
2026-07-26 14:03:25,-0.36
2026-07-26 14:04:15,-0.14
2026-07-26 14:04:38,-0.30
2026-07-26 14:06:00,-0.17
2026-07-26 14:06:17,-0.29
2026-07-26 14:08:02,-0.16
2026-07-26 14:09:01,-0.25
2026-07-26 14:10:28,-0.10
2026-07-26 14:11:36,-0.22
2026-07-26 14:11:45,-0.10
2026-07-26 14:13:34,-0.23
2026-07-26 14:14:00,-0.13
2026-07-26 14:14:56,-0.26
2026-07-26 14:15:46,-0.12
2026-07-26 14:16:31,-0.25
2026-07-26 14:17:53,-0.24
2026-07-26 14:18:30,-0.11
2026-07-26 14:19:06,-0.13
2026-07-26 14:19:24,-0.23
2026-07-26 14:20:24,-0.26
2026-07-26 14:20:41,-0.09
2026-07-26 14:22:21,-0.12
2026-07-26 14:22:45,-0.28
2026-07-26 14:24:42,-0.26
2026-07-26 14:24:51,-0.05
2026-07-26 14:25:45,-0.27
2026-07-26 14:26:00,-0.03
2026-07-26 14:27:48,-0.28
2026-07-26 14:28:07,-0.08
2026-07-26 14:29:14,0.03
2026-07-26 14:30:00,-0.30
2026-07-26 14:30:59,-0.28
2026-07-26 14:31:18,-0.05
2026-07-26 14:32:13,-0.26
2026-07-26 14:33:11,-0.08
2026-07-26 14:33:53,-0.21
2026-07-26 14:34:47,-0.04
2026-07-26 14:36:12,-0.23
2026-07-26 14:36:44,-0.08
2026-07-26 14:37:44,-0.03
2026-07-26 14:38:20,-0.18
2026-07-26 14:38:34,-0.21
2026-07-26 14:39:46,-0.08
2026-07-26 14:41:32,-0.22
2026-07-26 14:41:45,-0.04
2026-07-26 14:42:40,-0.11
2026-07-26 14:43:07,-0.28
2026-07-26 14:43:42,-0.07
2026-07-26 14:44:56,-0.23
2026-07-26 14:46:22,-0.06
2026-07-26 14:46:31,-0.25
2026-07-26 14:47:57,-0.24
2026-07-26 14:48:11,-0.10
2026-07-26 14:48:29,-0.26
2026-07-26 14:50:05,-0.05
2026-07-26 14:50:13,-0.28
2026-07-26 14:50:50,-0.08
2026-07-26 14:52:11,-0.27
2026-07-26 14:52:39,-0.07
2026-07-26 14:54:46,0.06
2026-07-26 14:54:59,-0.27
2026-07-26 14:55:18,-0.34
2026-07-26 14:55:54,0.02
2026-07-26 14:57:58,-0.19
2026-07-26 14:58:52,-0.15
2026-07-26 14:59:28,0.01
2026-07-26 15:01:17,0.03
2026-07-26 15:01:27,-0.22
2026-07-26 15:02:21,-0.17
2026-07-26 15:02:53,0.03
2026-07-26 15:03:23,0.02
2026-07-26 15:04:37,-0.22
2026-07-26 15:05:00,0.01
2026-07-26 15:05:13,-0.23
2026-07-26 15:07:12,-0.19
2026-07-26 15:07:33,0.04
2026-07-26 15:08:56,0.01
2026-07-26 15:09:47,-0.26
2026-07-26 15:10:36,-0.24
2026-07-26 15:10:58,-0.03
2026-07-26 15:12:43,-0.25
2026-07-26 15:13:51,-0.23
2026-07-26 15:13:57,-0.12
2026-07-26 15:14:55,0.04
2026-07-26 15:15:45,-0.21
2026-07-26 15:17:34,-0.02
2026-07-26 15:18:11,-0.17
2026-07-26 15:19:18,0.00
2026-07-26 15:20:32,0.02
2026-07-26 15:21:08,-0.17
2026-07-26 15:22:06,-0.23
2026-07-26 15:22:16,0.05
2026-07-26 15:23:11,-0.13
2026-07-26 15:24:14,0.23
2026-07-26 15:25:22,-0.05
2026-07-26 15:25:59,0.44
2026-07-26 15:26:26,0.09
2026-07-26 15:27:20,1.18
2026-07-26 15:28:06,0.89
2026-07-26 15:29:41,4.00
2026-07-26 15:30:13,3.30
2026-07-26 15:30:54,5.97
2026-07-26 15:31:21,3.80
2026-07-26 15:31:49,2.21
2026-07-26 15:34:06,4.64
2026-07-26 15:34:32,2.06
2026-07-26 15:34:51,1.80
2026-07-26 15:36:13,0.26
2026-07-26 15:37:16,0.49
2026-07-26 15:37:48,0.23
2026-07-26 15:38:24,0.38
2026-07-26 15:39:28,0.57
2026-07-26 15:39:37,0.49
2026-07-26 15:41:04,0.77
2026-07-26 15:41:39,0.81
2026-07-26 15:42:52,0.50
2026-07-26 15:42:56,0.55
2026-07-26 15:44:10,0.85
2026-07-26 15:44:33,0.63
2026-07-26 15:45:40,1.04
2026-07-26 15:46:29,0.74
2026-07-26 15:47:21,1.19
2026-07-26 15:47:52,1.14
2026-07-26 15:49:24,1.68
2026-07-26 15:49:37,1.54
2026-07-26 15:51:04,2.26
2026-07-26 15:51:17,2.17
2026-07-26 15:52:34,1.44
2026-07-26 15:53:01,1.47
2026-07-26 15:53:47,1.88
2026-07-26 15:54:31,1.49
2026-07-26 15:55:45,2.00
2026-07-26 15:56:22,1.61
2026-07-26 15:57:06,2.04
2026-07-26 15:57:51,2.15
2026-07-26 15:59:14,1.29
2026-07-26 16:00:26,1.48
2026-07-26 16:01:02,1.15
2026-07-26 16:01:06,1.23
2026-07-26 16:01:53,0.90
2026-07-26 16:03:33,0.95
2026-07-26 16:03:46,1.13
2026-07-26 16:04:59,1.24
2026-07-26 16:05:30,0.97
2026-07-26 16:06:11,1.09
2026-07-26 16:07:34,0.57
2026-07-26 16:07:51,0.73
2026-07-26 16:08:37,0.56
2026-07-26 16:09:49,0.79
2026-07-26 16:10:49,0.47
2026-07-26 16:11:03,0.50
2026-07-26 16:12:24,0.80
2026-07-26 16:13:01,0.88
2026-07-26 16:13:23,0.60
2026-07-26 16:14:18,0.86
2026-07-26 16:15:13,2.08
2026-07-26 16:16:03,1.19
2026-07-26 16:17:28,4.16
2026-07-26 16:18:01,3.91
2026-07-26 16:19:00,4.59
2026-07-26 16:19:13,4.23
2026-07-26 16:20:44,2.57
2026-07-26 16:21:11,3.07
2026-07-26 16:22:20,2.42
2026-07-26 16:22:42,2.57
2026-07-26 16:24:03,4.00
2026-07-26 16:25:07,3.72
2026-07-26 16:25:31,4.75
2026-07-26 16:26:34,3.59
2026-07-26 16:27:06,4.06
2026-07-26 16:27:47,4.35
2026-07-26 16:28:54,3.24
2026-07-26 16:29:40,3.48
2026-07-26 16:30:44,2.86
2026-07-26 16:31:07,2.45
2026-07-26 16:32:15,3.23
2026-07-26 16:33:10,2.70
2026-07-26 16:33:56,3.24
2026-07-26 16:34:31,3.46
2026-07-26 16:35:25,2.44
2026-07-26 16:35:44,2.46
2026-07-26 16:37:19,1.46
2026-07-26 16:37:29,1.50
2026-07-26 16:38:23,0.93
2026-07-26 16:39:00,1.13
2026-07-26 16:40:25,1.81
2026-07-26 16:40:57,1.27
2026-07-26 16:41:56,2.10
2026-07-26 16:42:20,1.91
2026-07-26 16:43:54,1.06
2026-07-26 16:43:59,1.35
2026-07-26 16:45:12,0.75
2026-07-26 16:45:44,0.63
2026-07-26 16:47:06,1.04
2026-07-26 16:48:08,1.24
2026-07-26 16:48:50,0.91
2026-07-26 16:49:18,0.93
2026-07-26 16:50:29,1.30
2026-07-26 16:50:35,1.32
2026-07-26 16:52:10,0.90
2026-07-26 16:52:23,1.00
2026-07-26 16:53:50,0.60
2026-07-26 16:54:35,0.72
2026-07-26 16:55:07,0.37
2026-07-26 16:55:34,0.63
2026-07-26 16:57:01,0.28
2026-07-26 16:57:46,0.47
2026-07-26 16:58:18,0.17
2026-07-26 16:58:59,0.19
2026-07-26 16:59:44,0.45
2026-07-26 17:00:30,0.18
2026-07-26 17:00:43,0.39
2026-07-26 17:02:41,0.34
2026-07-26 17:03:04,0.17
2026-07-26 17:04:21,0.15
2026-07-26 17:04:58,0.31
2026-07-26 17:05:47,0.11
2026-07-26 17:05:53,0.28
2026-07-26 17:07:04,0.33
2026-07-26 17:07:49,0.10
2026-07-26 17:10:11,0.32
2026-07-26 17:10:20,0.07
2026-07-26 17:11:14,0.29
2026-07-26 17:11:51,0.09
2026-07-26 17:12:15,0.25
2026-07-26 17:12:51,0.03
2026-07-26 17:14:16,0.28
2026-07-26 17:14:26,0.04
2026-07-26 17:15:24,0.24
2026-07-26 17:15:42,0.01
2026-07-26 17:17:09,0.06
2026-07-26 17:17:28,0.25
2026-07-26 17:19:12,0.10
2026-07-26 17:19:21,0.27
2026-07-26 17:20:48,0.38
2026-07-26 17:20:57,0.17
2026-07-26 17:22:46,0.13
2026-07-26 17:23:14,0.30
2026-07-26 17:23:46,0.10
2026-07-26 17:24:45,0.54
2026-07-26 17:25:15,0.53
2026-07-26 17:26:47,0.17
2026-07-26 17:26:51,0.34
2026-07-26 17:27:18,0.17
2026-07-26 17:29:21,0.12
2026-07-26 17:29:31,0.38
2026-07-26 17:30:39,0.35
2026-07-26 17:31:47,0.22
2026-07-26 17:32:46,0.24
2026-07-26 17:33:22,0.36
2026-07-26 17:33:41,0.26
2026-07-26 17:35:02,0.53
2026-07-26 17:35:34,0.35
2026-07-26 17:36:19,0.53
2026-07-26 17:37:18,0.58
2026-07-26 17:37:27,0.25
2026-07-26 17:38:53,0.37
2026-07-26 17:39:07,0.60
2026-07-26 17:41:01,0.33
2026-07-26 17:41:33,0.60
2026-07-26 17:41:46,0.39
2026-07-26 17:43:13,0.58
2026-07-26 17:43:36,0.34
2026-07-26 17:44:26,0.62
2026-07-26 17:45:20,0.64
2026-07-26 17:45:56,0.26
2026-07-26 17:47:05,0.60
2026-07-26 17:47:51,0.34
2026-07-26 17:48:18,0.38
2026-07-26 17:49:26,0.59
2026-07-26 17:51:01,0.36
2026-07-26 17:51:15,0.66
2026-07-26 17:51:56,0.42
2026-07-26 17:52:46,0.69
2026-07-26 17:54:07,0.35
2026-07-26 17:54:49,0.75
2026-07-26 17:55:21,0.53
2026-07-26 17:56:06,0.97
2026-07-26 17:57:05,0.81
2026-07-26 17:57:50,1.82
2026-07-26 17:58:36,1.25
2026-07-26 17:59:44,1.98
2026-07-26 17:59:53,1.95
2026-07-26 18:01:15,2.73
2026-07-26 18:02:04,2.40
2026-07-26 18:02:50,2.92
2026-07-26 18:03:09,2.55
2026-07-26 18:04:40,3.60
2026-07-26 18:04:53,3.40
2026-07-26 18:06:16,5.04
2026-07-26 18:06:43,5.03
2026-07-26 18:07:47,3.13
2026-07-26 18:08:49,2.88
2026-07-26 18:09:44,5.07
2026-07-26 18:10:12,8.70
2026-07-26 18:10:57,3.53
2026-07-26 18:11:47,6.23
2026-07-26 18:12:46,4.34
2026-07-26 18:13:09,6.20
2026-07-26 18:14:13,4.37
2026-07-26 18:14:54,5.32
2026-07-26 18:15:48,9.55
2026-07-26 18:16:38,8.82
2026-07-26 18:17:52,11.73
2026-07-26 18:18:01,11.37
2026-07-26 18:19:13,6.58
2026-07-26 18:19:41,8.34
2026-07-26 18:19:45,8.47
2026-07-26 18:19:50,9.00
2026-07-26 18:20:48,12.75
2026-07-26 18:21:19,10.54
2026-07-26 18:22:01,15.09
2026-07-26 18:22:59,10.94
2026-07-26 18:24:03,12.98
2026-07-26 18:24:42,11.01
2026-07-26 18:26:00,18.16
2026-07-26 18:26:18,18.05
2026-07-26 18:27:26,15.06
2026-07-26 18:28:11,16.59
2026-07-26 18:29:25,8.47
2026-07-26 18:30:05,7.88
2026-07-26 18:30:55,11.35
2026-07-26 18:31:13,10.46
2026-07-26 18:32:34,6.82
2026-07-26 18:32:53,6.64
2026-07-26 18:33:35,3.63
2026-07-26 18:34:38,4.08
2026-07-26 18:36:08,1.87
2026-07-26 18:36:44,2.48
2026-07-26 18:37:40,1.72
2026-07-26 18:37:49,1.92
2026-07-26 18:38:34,0.95
2026-07-26 18:39:47,1.46
2026-07-26 18:40:41,0.97
2026-07-26 18:41:45,1.14
2026-07-26 18:41:51,0.84
2026-07-26 18:42:45,1.18
2026-07-26 18:43:21,0.74
2026-07-26 18:45:28,1.07
2026-07-26 18:45:41,0.60
2026-07-26 18:46:31,1.09
2026-07-26 18:47:12,0.69
2026-07-26 18:47:57,1.02
2026-07-26 18:49:20,0.55
2026-07-26 18:50:19,0.90
2026-07-26 18:50:28,0.59
2026-07-26 18:51:46,0.53
2026-07-26 18:52:36,0.90
2026-07-26 18:53:53,0.83
2026-07-26 18:54:06,0.39
2026-07-26 18:55:05,0.75
2026-07-26 18:55:15,0.40
2026-07-26 18:56:28,0.24
2026-07-26 18:57:26,0.74
2026-07-26 18:58:44,0.76
2026-07-26 18:59:11,0.11
2026-07-26 19:00:19,0.07
2026-07-26 19:00:32,0.36
2026-07-26 19:01:13,0.41
2026-07-26 19:01:23,0.13
2026-07-26 19:02:34,0.12
2026-07-26 19:03:34,0.36
2026-07-26 19:04:56,0.09
2026-07-26 19:05:55,0.38
2026-07-26 19:07:12,0.08
2026-07-26 19:09:02,0.42
2026-07-26 19:10:09,0.28
2026-07-26 19:10:32,0.04
2026-07-26 19:11:17,0.32
2026-07-26 19:11:35,0.06
2026-07-26 19:13:48,0.34
2026-07-26 19:13:56,0.09
2026-07-26 19:14:42,0.40
2026-07-26 19:15:27,0.06
2026-07-26 19:15:46,0.41
2026-07-26 19:16:09,0.09
2026-07-26 19:18:24,0.37
2026-07-26 19:19:19,0.35
2026-07-26 19:19:29,0.06
2026-07-26 19:21:54,0.39
2026-07-26 19:21:58,0.04
2026-07-26 19:23:06,0.39
2026-07-26 19:23:10,-0.03
2026-07-26 19:24:09,0.38
2026-07-26 19:25:37,0.01
2026-07-26 19:26:35,0.39
2026-07-26 19:26:39,0.05
2026-07-26 19:28:02,0.06
2026-07-26 19:28:56,0.45
2026-07-26 19:30:09,0.58
2026-07-26 19:30:14,-0.05
2026-07-26 19:31:08,-0.14
2026-07-26 19:31:55,0.12
2026-07-26 19:33:16,0.08
2026-07-26 19:33:20,-0.13
2026-07-26 19:34:19,0.12
2026-07-26 19:34:32,-0.11
2026-07-26 19:35:41,-0.10
2026-07-26 19:36:26,0.10
2026-07-26 19:37:52,0.15
2026-07-26 19:38:11,-0.13
2026-07-26 19:39:24,-0.15
2026-07-26 19:40:14,0.14
2026-07-26 19:41:13,0.13
2026-07-26 19:41:49,-0.12
2026-07-26 19:42:40,0.19
2026-07-26 19:43:21,-0.12
2026-07-26 19:43:48,0.16
2026-07-26 19:44:01,-0.11
2026-07-26 19:46:45,-0.09
2026-07-26 19:47:03,0.17
2026-07-26 19:47:07,0.13
2026-07-26 19:47:54,-0.10
2026-07-26 19:48:52,-0.16
2026-07-26 19:49:37,0.09
2026-07-26 19:50:51,0.17
2026-07-26 19:51:00,-0.12
2026-07-26 19:52:21,-0.14
2026-07-26 19:53:20,0.10
2026-07-26 19:54:29,0.17
2026-07-26 19:54:38,-0.17
2026-07-26 19:55:46,0.19
2026-07-26 19:55:50,-0.15
2026-07-26 19:58:11,0.09
2026-07-26 19:58:26,-0.16
2026-07-26 19:58:52,0.14
2026-07-26 19:59:06,-0.25
2026-07-26 20:00:54,-0.23
2026-07-26 20:01:49,0.04
2026-07-26 20:02:08,-0.25
2026-07-26 20:02:53,0.03
2026-07-26 20:03:47,-0.34
2026-07-26 20:04:11,-0.03
2026-07-26 20:05:55,-0.30
2026-07-26 20:06:50,-0.01
2026-07-26 20:07:53,-0.26
2026-07-26 20:08:07,-0.05
2026-07-26 20:09:24,-0.31
2026-07-26 20:09:56,-0.01
2026-07-26 20:10:19,0.03
2026-07-26 20:10:56,-0.31
2026-07-26 20:11:54,0.03
2026-07-26 20:13:15,-0.26
2026-07-26 20:14:06,-0.01
2026-07-26 20:15:01,-0.28
2026-07-26 20:15:23,0.00
2026-07-26 20:15:36,-0.26
2026-07-26 20:17:54,-0.10
2026-07-26 20:18:07,-0.34
2026-07-26 20:19:33,-0.30
2026-07-26 20:19:56,-0.09
2026-07-26 20:21:32,0.01
2026-07-26 20:21:36,-0.35
2026-07-26 20:22:40,-0.08
2026-07-26 20:23:21,-0.34
2026-07-26 20:23:56,-0.02
2026-07-26 20:24:15,-0.31
2026-07-26 20:25:23,-0.30
2026-07-26 20:26:23,-0.07
2026-07-26 20:27:17,-0.01
2026-07-26 20:28:12,-0.34
2026-07-26 20:28:33,-0.21
2026-07-26 20:29:47,0.30
2026-07-26 20:30:05,0.39
2026-07-26 20:30:50,-0.33
2026-07-26 20:31:41,-0.08
2026-07-26 20:32:02,-0.35
2026-07-26 20:33:21,-0.42
2026-07-26 20:34:19,-0.08
2026-07-26 20:35:59,-0.14
2026-07-26 20:36:17,-0.46
2026-07-26 20:37:26,-0.39
2026-07-26 20:38:11,-0.08
2026-07-26 20:38:25,-0.42
2026-07-26 20:38:52,-0.14
2026-07-26 20:41:00,-0.11
2026-07-26 20:41:13,-0.45
2026-07-26 20:41:45,-0.36
2026-07-26 20:43:10,-0.09
2026-07-26 20:43:15,-0.10
2026-07-26 20:44:00,-0.41
2026-07-26 20:45:00,-0.12
2026-07-26 20:45:14,-0.32
2026-07-26 20:47:20,-0.34
2026-07-26 20:47:43,-0.05
2026-07-26 20:48:29,-0.30
2026-07-26 20:49:06,-0.15
2026-07-26 20:51:08,-0.40
2026-07-26 20:51:25,-0.13
2026-07-26 20:51:39,-0.12
2026-07-26 20:51:49,-0.36
2026-07-26 20:53:24,0.01
2026-07-26 20:53:50,-0.31
2026-07-26 20:55:12,0.06
2026-07-26 20:55:53,-0.33
2026-07-26 20:56:31,-0.34
2026-07-26 20:58:00,-0.01
2026-07-26 20:59:32,-0.39
2026-07-26 20:59:41,0.06
2026-07-26 20:59:45,-0.35
2026-07-26 21:00:04,0.02
2026-07-26 21:02:10,-0.28
2026-07-26 21:03:38,-0.06
2026-07-26 21:03:56,-0.36
2026-07-26 21:05:18,-0.03
2026-07-26 21:05:39,-0.34
2026-07-26 21:06:48,0.06
2026-07-26 21:06:57,-0.24
2026-07-26 21:08:10,-0.34
2026-07-26 21:08:28,-0.04
2026-07-26 21:09:41,-0.36
2026-07-26 21:10:04,-0.01
2026-07-26 21:11:17,0.08
2026-07-26 21:12:16,-0.24
2026-07-26 21:13:24,-0.21
2026-07-26 21:14:32,0.09
2026-07-26 21:15:32,-0.01
2026-07-26 21:16:07,-0.25
2026-07-26 21:16:47,0.11
2026-07-26 21:17:01,-0.28
2026-07-26 21:18:23,-0.24
2026-07-26 21:19:27,0.08
2026-07-26 21:20:03,0.10
2026-07-26 21:20:08,-0.19
2026-07-26 21:21:11,0.11
2026-07-26 21:22:33,-0.20
2026-07-26 21:23:41,0.13
2026-07-26 21:23:55,-0.19
2026-07-26 21:25:34,-0.11
2026-07-26 21:25:54,0.13
2026-07-26 21:26:11,-0.08
2026-07-26 21:26:34,0.10
2026-07-26 21:29:04,0.35
2026-07-26 21:29:17,-0.15
2026-07-26 21:29:31,-0.26
2026-07-26 21:29:58,0.24
2026-07-26 21:31:03,0.19
2026-07-26 21:31:16,-0.11
2026-07-26 21:32:56,0.17
2026-07-26 21:33:59,-0.13
2026-07-26 21:35:30,0.18
2026-07-26 21:35:54,-0.12
2026-07-26 21:36:48,0.14
2026-07-26 21:36:56,-0.10
2026-07-26 21:38:42,0.28
2026-07-26 21:38:51,-0.12
2026-07-26 21:39:50,0.14
2026-07-26 21:41:16,0.17
2026-07-26 21:41:25,-0.10
2026-07-26 21:43:54,0.14
2026-07-26 21:44:04,-0.15
2026-07-26 21:44:27,0.20
2026-07-26 21:44:45,-0.15
2026-07-26 21:45:57,0.22
2026-07-26 21:46:21,0.02
2026-07-26 21:47:56,0.24
2026-07-26 21:48:51,-0.04
2026-07-26 21:49:18,0.19
2026-07-26 21:49:32,-0.06
2026-07-26 21:51:20,0.19
2026-07-26 21:52:14,-0.13
2026-07-26 21:53:23,0.28
2026-07-26 21:53:42,-0.10
2026-07-26 21:54:32,0.18
2026-07-26 21:54:54,-0.02
2026-07-26 21:56:16,0.28
2026-07-26 21:57:01,-0.04
2026-07-26 21:57:57,0.26
2026-07-26 21:58:38,-0.03
2026-07-26 21:59:19,0.37
2026-07-26 21:59:36,-0.09
2026-07-26 22:00:49,0.31
2026-07-26 22:01:53,-0.03
2026-07-26 22:02:52,0.24
2026-07-26 22:03:19,-0.11
2026-07-26 22:04:31,0.40
2026-07-26 22:04:50,-0.02
2026-07-26 22:05:53,0.27
2026-07-26 22:06:58,-0.01
2026-07-26 22:07:43,0.04
2026-07-26 22:08:41,0.21
2026-07-26 22:09:32,0.28
2026-07-26 22:09:50,0.03
2026-07-26 22:11:02,0.37
2026-07-26 22:12:02,0.01
2026-07-26 22:12:29,0.22
2026-07-26 22:12:51,-0.01
2026-07-26 22:14:27,-0.10
2026-07-26 22:15:31,0.24
2026-07-26 22:15:48,0.01
2026-07-26 22:17:11,0.34
2026-07-26 22:17:43,-0.03
2026-07-26 22:18:28,0.35
2026-07-26 22:19:54,-0.05
2026-07-26 22:20:08,0.33
2026-07-26 22:20:35,-0.05
2026-07-26 22:20:49,0.34
2026-07-26 22:22:16,0.01
2026-07-26 22:23:18,0.36
2026-07-26 22:24:23,0.10
2026-07-26 22:24:59,0.32
2026-07-26 22:26:07,0.14
2026-07-26 22:26:57,0.34
2026-07-26 22:27:28,0.15
2026-07-26 22:28:18,0.38
2026-07-26 22:29:41,0.17
2026-07-26 22:30:08,0.64
2026-07-26 22:30:44,0.18
2026-07-26 22:31:16,0.42
2026-07-26 22:32:11,0.44
2026-07-26 22:33:14,0.18
2026-07-26 22:34:05,0.21
2026-07-26 22:34:31,0.44
2026-07-26 22:35:26,0.42
2026-07-26 22:35:44,0.21
2026-07-26 22:37:42,0.16
2026-07-26 22:38:05,0.42
2026-07-26 22:39:17,0.20
2026-07-26 22:39:44,0.39
2026-07-26 22:40:44,0.42
2026-07-26 22:41:57,0.12
2026-07-26 22:42:06,0.46
2026-07-26 22:42:59,0.11
2026-07-26 22:43:50,0.19
2026-07-26 22:44:13,0.35
2026-07-26 22:46:24,0.47
2026-07-26 22:46:52,0.17
2026-07-26 22:47:46,0.28
2026-07-26 22:48:32,0.51
2026-07-26 22:48:42,0.25
2026-07-26 22:49:27,0.51
2026-07-26 22:50:17,0.55
2026-07-26 22:50:53,0.30
2026-07-26 22:52:20,0.35
2026-07-26 22:53:14,0.60
2026-07-26 22:53:46,0.34
2026-07-26 22:54:18,0.57
2026-07-26 22:55:25,0.33
2026-07-26 22:56:48,0.63
2026-07-26 22:57:51,0.58
2026-07-26 22:57:56,0.42
2026-07-26 22:59:45,0.43
2026-07-26 22:59:59,0.86
2026-07-26 23:00:25,0.60
2026-07-26 23:01:02,0.44
2026-07-26 23:02:47,0.67
2026-07-26 23:03:04,0.46
2026-07-26 23:03:46,0.69
2026-07-26 23:05:26,0.47
2026-07-26 23:06:20,0.76
2026-07-26 23:07:30,0.71
2026-07-26 23:07:51,0.51
2026-07-26 23:09:45,0.71
2026-07-26 23:09:59,0.52
2026-07-26 23:10:07,0.49
2026-07-26 23:11:07,0.72
2026-07-26 23:12:38,0.52
2026-07-26 23:13:01,0.70
2026-07-26 23:13:36,0.53
2026-07-26 23:14:04,0.74
2026-07-26 23:15:13,0.64
2026-07-26 23:16:30,0.95
2026-07-26 23:17:01,0.69
2026-07-26 23:18:05,0.89
2026-07-26 23:19:04,0.91
2026-07-26 23:19:36,0.62
2026-07-26 23:20:08,0.92
2026-07-26 23:20:21,0.68
2026-07-26 23:22:43,0.80
2026-07-26 23:22:56,0.63
2026-07-26 23:23:50,0.87
2026-07-26 23:24:09,0.58
2026-07-26 23:24:59,0.93
2026-07-26 23:25:08,0.58
2026-07-26 23:26:33,0.75
2026-07-26 23:27:52,0.93
2026-07-26 23:28:24,0.78
2026-07-26 23:29:00,1.04
2026-07-26 23:29:54,1.21
2026-07-26 23:31:12,0.68
2026-07-26 23:31:35,0.95
2026-07-26 23:32:15,0.74
2026-07-26 23:33:14,0.75
2026-07-26 23:33:41,0.92
2026-07-26 23:34:55,0.71
2026-07-26 23:35:04,0.91
2026-07-26 23:36:39,0.98
2026-07-26 23:37:29,0.80
2026-07-26 23:38:28,1.02
2026-07-26 23:39:36,0.81
2026-07-26 23:40:30,1.00
2026-07-26 23:41:07,0.79
2026-07-26 23:41:34,1.06
2026-07-26 23:42:25,0.86
2026-07-26 23:43:24,0.73
2026-07-26 23:44:27,1.41
2026-07-26 23:45:13,1.23
2026-07-26 23:45:21,0.38
2026-07-26 23:46:34,0.85
2026-07-26 23:47:52,1.16
2026-07-26 23:48:01,0.83
2026-07-26 23:48:14,1.19
2026-07-26 23:50:22,1.10
2026-07-26 23:51:11,0.89
2026-07-26 23:52:24,1.20
2026-07-26 23:52:33,0.80
2026-07-26 23:53:05,0.82
2026-07-26 23:53:28,1.76
2026-07-26 23:55:08,1.34
2026-07-26 23:55:31,0.91
2026-07-26 23:56:29,1.14
2026-07-26 23:58:01,0.91
2026-07-26 23:59:00,1.29
2026-07-27 00:00:48,0.92
2026-07-27 00:00:59,1.23
2026-07-27 00:01:20,0.98
2026-07-27 00:02:43,1.36
2026-07-27 00:03:20,0.87
2026-07-27 00:04:00,1.23
2026-07-27 00:04:41,1.41
2026-07-27 00:05:59,0.96
2026-07-27 00:06:30,1.27
2026-07-27 00:06:53,0.86
2026-07-27 00:07:51,1.47
2026-07-27 00:09:14,0.92
2026-07-27 00:09:32,0.95
2026-07-27 00:10:50,1.59
2026-07-27 00:11:39,1.74
2026-07-27 00:12:42,1.32
2026-07-27 00:13:20,1.90
2026-07-27 00:14:14,1.28
2026-07-27 00:14:41,1.21
2026-07-27 00:15:49,1.57
2026-07-27 00:16:21,1.40
2026-07-27 00:17:38,2.04
2026-07-27 00:17:44,1.64
2026-07-27 00:19:19,3.29
2026-07-27 00:19:23,3.23
2026-07-27 00:20:04,9.01
2026-07-27 00:21:03,4.71
2026-07-27 00:22:25,1.80
2026-07-27 00:22:39,2.14
2026-07-27 00:24:05,1.50
2026-07-27 00:24:27,1.91
2026-07-27 00:24:47,1.29
2026-07-27 00:26:04,1.42
2026-07-27 00:26:34,2.10
2026-07-27 00:27:39,1.83
2026-07-27 00:28:33,1.35
2026-07-27 00:29:27,1.28
2026-07-27 00:30:31,1.56
2026-07-27 00:31:57,1.54
2026-07-27 00:32:16,1.25
2026-07-27 00:32:52,1.06
2026-07-27 00:33:47,1.62
2026-07-27 00:34:32,1.95
2026-07-27 00:35:35,1.31
2026-07-27 00:36:03,1.45
2026-07-27 00:36:49,1.84
2026-07-27 00:37:34,1.58
2026-07-27 00:38:34,1.31
2026-07-27 00:39:41,1.51
2026-07-27 00:39:45,1.24
2026-07-27 00:40:49,1.53
2026-07-27 00:41:57,1.21
2026-07-27 00:43:42,1.23
2026-07-27 00:43:51,1.49
2026-07-27 00:44:24,1.18
2026-07-27 00:44:32,1.46
2026-07-27 00:45:50,1.35
2026-07-27 00:47:20,1.23
2026-07-27 00:47:39,1.38
2026-07-27 00:49:02,1.13
2026-07-27 00:50:17,1.36
2026-07-27 00:50:36,1.09
2026-07-27 00:50:54,1.29
2026-07-27 00:51:21,1.09
2026-07-27 00:53:05,1.47
2026-07-27 00:53:25,1.03
2026-07-27 00:54:37,1.43
2026-07-27 00:55:14,1.13
2026-07-27 00:55:46,1.46
2026-07-27 00:56:17,1.04
2026-07-27 00:57:56,0.96
2026-07-27 00:58:10,1.54
2026-07-27 00:59:55,1.18
2026-07-27 00:59:59,1.65
2026-07-27 01:00:58,1.21
2026-07-27 01:02:02,2.02
2026-07-27 01:02:20,2.29
2026-07-27 01:03:33,1.40
2026-07-27 01:04:33,1.56
2026-07-27 01:05:18,2.14
2026-07-27 01:06:03,2.19
2026-07-27 01:06:35,1.51
2026-07-27 01:07:12,1.81
2026-07-27 01:08:23,1.45
2026-07-27 01:09:14,1.93
2026-07-27 01:09:41,1.45
2026-07-27 01:11:18,1.99
2026-07-27 01:11:48,1.72
2026-07-27 01:12:25,1.80
2026-07-27 01:13:47,2.83
2026-07-27 01:13:51,2.65
2026-07-27 01:15:22,1.99
2026-07-27 01:16:08,2.37
2026-07-27 01:16:49,1.73
2026-07-27 01:17:20,1.67
2026-07-27 01:17:43,2.01
2026-07-27 01:18:51,1.98
2026-07-27 01:19:51,1.64
2026-07-27 01:20:45,1.82
2026-07-27 01:22:01,1.50
2026-07-27 01:23:15,1.44
2026-07-27 01:23:20,1.67
2026-07-27 01:24:14,1.44
2026-07-27 01:24:18,1.74
2026-07-27 01:26:16,1.69
2026-07-27 01:26:49,1.40
2026-07-27 01:28:15,1.77
2026-07-27 01:28:38,1.39
2026-07-27 01:29:04,1.64
2026-07-27 01:30:08,1.39
2026-07-27 01:30:46,1.80
2026-07-27 01:31:40,1.37
2026-07-27 01:32:11,1.38
2026-07-27 01:32:34,1.70
2026-07-27 01:33:51,1.46
2026-07-27 01:34:04,1.66
2026-07-27 01:36:30,1.39
2026-07-27 01:36:35,1.77
2026-07-27 01:36:58,1.72
2026-07-27 01:38:11,1.39
2026-07-27 01:39:27,1.29
2026-07-27 01:40:04,1.67
2026-07-27 01:40:41,1.74
2026-07-27 01:41:02,1.36
2026-07-27 01:42:25,1.29
2026-07-27 01:43:29,1.65
2026-07-27 01:43:57,1.63
2026-07-27 01:44:51,1.27
2026-07-27 01:46:21,1.29
2026-07-27 01:46:45,1.58
2026-07-27 01:47:02,1.29
2026-07-27 01:48:11,1.59
2026-07-27 01:49:14,1.54
2026-07-27 01:49:41,1.29
2026-07-27 01:50:49,1.33
2026-07-27 01:51:17,1.50
2026-07-27 01:51:57,1.33
2026-07-27 01:52:21,1.51
2026-07-27 01:53:51,1.49
2026-07-27 01:54:37,1.29
2026-07-27 01:55:13,1.33
2026-07-27 01:56:26,1.52
2026-07-27 01:57:01,1.36
2026-07-27 01:57:43,1.59
2026-07-27 01:59:15,1.66
2026-07-27 01:59:32,1.36
2026-07-27 02:01:22,1.72
2026-07-27 02:01:36,1.42
2026-07-27 02:01:49,1.65
2026-07-27 02:02:08,1.43
2026-07-27 02:03:52,1.44
2026-07-27 02:04:00,1.62
2026-07-27 02:05:27,1.45
2026-07-27 02:06:31,1.81
2026-07-27 02:06:44,1.71
2026-07-27 02:07:07,1.45
2026-07-27 02:08:33,1.71
2026-07-27 02:09:10,1.47
2026-07-27 02:10:31,1.44
2026-07-27 02:11:21,1.70
2026-07-27 02:12:43,1.57
2026-07-27 02:13:06,1.75
2026-07-27 02:13:33,1.58
2026-07-27 02:14:46,1.80
2026-07-27 02:15:22,1.57
2026-07-27 02:16:08,1.73
2026-07-27 02:17:56,1.45
2026-07-27 02:18:02,1.76
2026-07-27 02:19:41,1.77
2026-07-27 02:19:45,1.47
2026-07-27 02:20:50,1.71
2026-07-27 02:21:12,1.46
2026-07-27 02:21:35,1.81
2026-07-27 02:22:53,1.44
2026-07-27 02:23:10,1.47
2026-07-27 02:24:28,1.72
2026-07-27 02:25:31,1.46
2026-07-27 02:26:03,1.73
2026-07-27 02:26:30,1.62
2026-07-27 02:27:07,1.47
2026-07-27 02:29:28,1.70
2026-07-27 02:29:37,1.41
2026-07-27 02:30:13,1.65
2026-07-27 02:31:13,1.35
2026-07-27 02:31:21,1.30
2026-07-27 02:31:44,1.55
2026-07-27 02:33:38,1.51
2026-07-27 02:33:47,1.20
2026-07-27 02:34:50,1.42
2026-07-27 02:35:44,1.21
2026-07-27 02:36:31,1.50
2026-07-27 02:37:17,1.20
2026-07-27 02:38:11,1.14
2026-07-27 02:38:25,1.45
2026-07-27 02:40:50,1.54
2026-07-27 02:40:54,1.06
2026-07-27 02:41:17,1.53
2026-07-27 02:42:25,1.15
2026-07-27 02:43:06,1.05
2026-07-27 02:44:01,1.45
2026-07-27 02:45:27,1.31
2026-07-27 02:46:08,1.02
2026-07-27 02:46:21,1.06
2026-07-27 02:47:02,1.37
2026-07-27 02:48:43,1.05
2026-07-27 02:49:19,1.41
2026-07-27 02:49:37,1.00
2026-07-27 02:50:08,1.53
2026-07-27 02:52:08,1.11
2026-07-27 02:52:39,1.47
2026-07-27 02:52:49,1.36
2026-07-27 02:53:10,1.92
2026-07-27 02:54:37,1.44
2026-07-27 02:55:59,2.67
2026-07-27 02:56:22,2.27
2026-07-27 02:56:48,3.00
2026-07-27 02:58:14,2.06
2026-07-27 02:58:55,2.61
2026-07-27 02:59:51,2.78
2026-07-27 03:00:54,1.94
2026-07-27 03:01:13,2.23
2026-07-27 03:02:30,1.74
2026-07-27 03:03:29,1.63
2026-07-27 03:03:43,2.31
2026-07-27 03:05:19,1.75
2026-07-27 03:06:30,1.96
2026-07-27 03:06:48,1.55
2026-07-27 03:09:05,1.47
2026-07-27 03:09:09,1.87
2026-07-27 03:09:18,1.66
2026-07-27 03:10:49,2.13
2026-07-27 03:11:17,2.12
2026-07-27 03:12:34,1.75
2026-07-27 03:13:28,1.94
2026-07-27 03:13:47,1.68
2026-07-27 03:14:32,1.90
2026-07-27 03:15:09,1.61
2026-07-27 03:16:35,1.56
2026-07-27 03:17:02,1.75
2026-07-27 03:18:48,1.81
2026-07-27 03:19:05,1.44
2026-07-27 03:19:56,1.53
2026-07-27 03:20:27,1.87
2026-07-27 03:20:54,1.88
2026-07-27 03:22:06,1.39
2026-07-27 03:23:46,1.47
2026-07-27 03:24:00,1.72
2026-07-27 03:24:36,1.26
2026-07-27 03:25:04,1.59
2026-07-27 03:26:21,1.31
2026-07-27 03:26:35,1.63
2026-07-27 03:27:52,1.34
2026-07-27 03:28:28,1.65
2026-07-27 03:29:41,1.79
2026-07-27 03:29:54,1.38
2026-07-27 03:31:04,1.47
2026-07-27 03:32:19,1.70
2026-07-27 03:33:28,1.42
2026-07-27 03:34:00,1.69
2026-07-27 03:34:37,1.73
2026-07-27 03:35:18,1.44
2026-07-27 03:36:12,1.45
2026-07-27 03:36:35,1.77
2026-07-27 03:37:30,1.42
2026-07-27 03:38:06,1.65
2026-07-27 03:39:18,1.46
2026-07-27 03:40:26,1.80
2026-07-27 03:41:30,1.68
2026-07-27 03:41:58,1.46
2026-07-27 03:42:25,1.42
2026-07-27 03:42:34,1.65
2026-07-27 03:44:49,1.73
2026-07-27 03:45:35,1.42
2026-07-27 03:45:45,1.44
2026-07-27 03:45:59,1.72
2026-07-27 03:47:34,1.65
2026-07-27 03:48:33,1.35
2026-07-27 03:49:05,1.63
2026-07-27 03:50:32,1.38
2026-07-27 03:50:54,1.58
2026-07-27 03:52:02,1.38
2026-07-27 03:53:01,1.33
2026-07-27 03:53:05,1.63
2026-07-27 03:54:19,1.58
2026-07-27 03:55:27,1.42
2026-07-27 03:56:38,1.38
2026-07-27 03:56:44,1.58
2026-07-27 03:57:16,1.26
2026-07-27 03:57:57,1.59
2026-07-27 03:59:10,1.63
2026-07-27 03:59:54,1.27
2026-07-27 04:01:30,1.29
2026-07-27 04:01:35,1.48
2026-07-27 04:02:52,1.37
2026-07-27 04:03:10,1.65
2026-07-27 04:03:56,1.24
2026-07-27 04:05:23,1.65
2026-07-27 04:06:31,1.56
2026-07-27 04:06:53,1.30
2026-07-27 04:08:33,1.58
2026-07-27 04:08:38,1.20
2026-07-27 04:09:20,1.54
2026-07-27 04:09:28,1.30
2026-07-27 04:10:31,1.54
2026-07-27 04:10:55,1.30
2026-07-27 04:12:20,1.34
2026-07-27 04:13:16,1.58
2026-07-27 04:13:51,1.36
2026-07-27 04:13:56,1.56
2026-07-27 04:15:32,1.19
2026-07-27 04:16:17,1.51
2026-07-27 04:17:44,1.35
2026-07-27 04:18:01,1.55
2026-07-27 04:18:51,1.51
2026-07-27 04:19:06,1.38
2026-07-27 04:20:55,1.55
2026-07-27 04:21:09,1.37
2026-07-27 04:22:16,1.49
2026-07-27 04:22:48,1.29
2026-07-27 04:23:52,1.55
2026-07-27 04:23:56,1.33
2026-07-27 04:26:00,1.53
2026-07-27 04:26:08,1.24
2026-07-27 04:27:02,1.25
2026-07-27 04:27:11,1.76
2026-07-27 04:29:23,1.23
2026-07-27 04:29:29,1.72
2026-07-27 04:30:27,1.66
2026-07-27 04:30:50,1.23
2026-07-27 04:32:07,1.29
2026-07-27 04:32:39,1.57
2026-07-27 04:34:28,1.54
2026-07-27 04:34:54,1.30
2026-07-27 04:35:22,1.63
2026-07-27 04:35:41,1.31
2026-07-27 04:37:08,1.25
2026-07-27 04:37:21,1.58
2026-07-27 04:39:10,1.42
2026-07-27 04:39:56,1.71
2026-07-27 04:40:05,1.50
2026-07-27 04:41:39,2.01
2026-07-27 04:42:07,1.70
2026-07-27 04:43:14,2.49
2026-07-27 04:43:43,1.93
2026-07-27 04:44:55,2.67
2026-07-27 04:45:14,2.56
2026-07-27 04:46:30,3.56
2026-07-27 04:47:03,3.87
2026-07-27 04:47:11,3.20
2026-07-27 04:48:34,3.17
2026-07-27 04:49:51,3.87
2026-07-27 04:50:18,4.23
2026-07-27 04:50:49,3.65
2026-07-27 04:52:03,4.37
2026-07-27 04:53:11,3.58
2026-07-27 04:53:28,3.98
2026-07-27 04:54:46,3.23
2026-07-27 04:55:08,3.41
2026-07-27 04:55:55,2.90
2026-07-27 04:56:40,3.01
2026-07-27 04:58:11,3.77
2026-07-27 04:58:38,3.97
2026-07-27 04:59:46,2.88
2026-07-27 05:00:18,2.84
2026-07-27 05:00:36,3.61
2026-07-27 05:02:07,3.11
2026-07-27 05:02:29,3.52
2026-07-27 05:02:42,3.14
2026-07-27 05:02:53,3.16
2026-07-27 05:02:58,3.15
2026-07-27 05:03:02,3.28
2026-07-27 05:03:11,3.05
2026-07-27 05:04:01,2.53
2026-07-27 05:05:18,2.82
2026-07-27 05:05:31,2.45
2026-07-27 05:07:21,2.63
2026-07-27 05:07:53,3.06
2026-07-27 05:08:29,3.13
2026-07-27 05:09:10,2.62
2026-07-27 05:10:41,2.82
2026-07-27 05:10:46,2.49
2026-07-27 05:11:48,2.90
2026-07-27 05:12:29,2.46
2026-07-27 05:13:16,2.90
2026-07-27 05:13:37,2.65
2026-07-27 05:14:51,2.51
2026-07-27 05:15:27,2.85
2026-07-27 05:17:26,2.79
2026-07-27 05:17:34,2.38
2026-07-27 05:18:29,2.78
2026-07-27 05:19:10,2.37
2026-07-27 05:20:36,2.56
2026-07-27 05:20:59,2.15
2026-07-27 05:21:53,2.02
2026-07-27 05:22:16,2.43
2026-07-27 05:22:57,2.34
2026-07-27 05:24:18,1.72
2026-07-27 05:24:55,1.89
2026-07-27 05:26:12,1.58
2026-07-27 05:26:36,1.87
2026-07-27 05:26:45,1.48
2026-07-27 05:29:09,2.15
2026-07-27 05:29:32,1.48
2026-07-27 05:29:46,1.99
2026-07-27 05:30:59,1.45
2026-07-27 05:31:22,1.35
2026-07-27 05:32:11,1.66
2026-07-27 05:33:15,1.65
2026-07-27 05:33:19,1.30
2026-07-27 05:35:00,1.59
2026-07-27 05:35:40,1.22
2026-07-27 05:37:07,1.65
2026-07-27 05:37:40,1.37
2026-07-27 05:38:10,1.24
2026-07-27 05:39:05,1.54
2026-07-27 05:40:50,1.24
2026-07-27 05:40:54,1.49
2026-07-27 05:41:44,1.18
2026-07-27 05:42:39,1.48
2026-07-27 05:43:42,1.50
2026-07-27 05:44:19,1.13
2026-07-27 05:45:14,1.48
2026-07-27 05:45:23,1.16
2026-07-27 05:46:41,1.46
2026-07-27 05:47:30,1.11
2026-07-27 05:47:43,1.44
2026-07-27 05:48:56,1.12
2026-07-27 05:49:37,1.30
2026-07-27 05:49:56,1.05
2026-07-27 05:51:12,1.32
2026-07-27 05:52:33,1.08
2026-07-27 05:52:53,1.28
2026-07-27 05:53:33,1.07
2026-07-27 05:55:09,1.31
2026-07-27 05:55:27,1.06
2026-07-27 05:56:03,1.37
2026-07-27 05:57:02,1.04
2026-07-27 05:57:57,1.01
2026-07-27 05:58:51,1.47
2026-07-27 06:00:09,1.77
2026-07-27 06:00:13,1.04
2026-07-27 06:01:35,1.25
2026-07-27 06:02:16,0.86
2026-07-27 06:03:20,0.93
2026-07-27 06:04:09,1.29
2026-07-27 06:04:32,1.30
2026-07-27 06:05:18,0.87
2026-07-27 06:07:02,1.29
2026-07-27 06:07:11,0.90
2026-07-27 06:07:43,0.93
2026-07-27 06:08:05,1.20
2026-07-27 06:09:10,0.90
2026-07-27 06:10:04,1.25
2026-07-27 06:11:20,1.51
2026-07-27 06:11:40,1.17
2026-07-27 06:12:39,1.38
2026-07-27 06:13:28,2.13
2026-07-27 06:14:22,2.15
2026-07-27 06:15:03,1.76
2026-07-27 06:15:54,1.89
2026-07-27 06:16:36,1.45
2026-07-27 06:17:34,1.39
2026-07-27 06:17:57,1.76
2026-07-27 06:19:09,1.46
2026-07-27 06:19:54,1.87
2026-07-27 06:21:12,1.64
2026-07-27 06:22:07,1.93
2026-07-27 06:22:42,1.80
2026-07-27 06:23:01,2.14
2026-07-27 06:24:09,1.91
2026-07-27 06:25:31,2.57
2026-07-27 06:25:58,2.70
2026-07-27 06:26:03,2.27
2026-07-27 06:27:33,2.12
2026-07-27 06:28:56,2.59
2026-07-27 06:29:06,2.14
2026-07-27 06:29:19,2.74
2026-07-27 06:30:36,2.49
2026-07-27 06:32:12,1.89
2026-07-27 06:32:29,2.22
2026-07-27 06:33:37,1.56
2026-07-27 06:34:50,1.96
2026-07-27 06:35:26,1.70
2026-07-27 06:36:12,1.94
2026-07-27 06:36:53,2.27
2026-07-27 06:37:15,2.18
2026-07-27 06:37:47,1.82
2026-07-27 06:39:14,1.95
2026-07-27 06:40:00,2.36
2026-07-27 06:41:08,2.27
2026-07-27 06:41:40,1.87
2026-07-27 06:42:16,2.00
2026-07-27 06:43:47,1.46
2026-07-27 06:44:28,1.44
2026-07-27 06:45:05,1.88
2026-07-27 06:46:07,1.84
2026-07-27 06:46:44,1.57
2026-07-27 06:47:39,1.72
2026-07-27 06:47:43,1.49
2026-07-27 06:50:09,1.76
2026-07-27 06:50:17,1.44
2026-07-27 06:50:40,1.52
2026-07-27 06:51:57,2.37
2026-07-27 06:52:16,2.41
2026-07-27 06:53:38,1.80
2026-07-27 06:53:42,1.92
2026-07-27 06:54:32,1.41
2026-07-27 06:55:22,1.72
2026-07-27 06:56:58,1.34
2026-07-27 06:57:29,1.28
2026-07-27 06:58:15,1.56
2026-07-27 06:59:51,2.00
2026-07-27 07:00:09,1.54
2026-07-27 07:00:27,1.96
2026-07-27 07:01:12,1.18
2026-07-27 07:01:58,1.34
2026-07-27 07:03:29,1.02
2026-07-27 07:03:38,1.11
2026-07-27 07:04:00,0.86
2026-07-27 07:06:08,1.18
2026-07-27 07:06:44,0.78
2026-07-27 07:07:11,0.73
2026-07-27 07:07:15,1.05
2026-07-27 07:08:43,0.82
2026-07-27 07:10:08,0.57
2026-07-27 07:10:36,0.73
2026-07-27 07:11:35,0.35
2026-07-27 07:11:58,0.32
2026-07-27 07:12:47,0.64
2026-07-27 07:14:00,0.46
2026-07-27 07:14:28,0.86
2026-07-27 07:15:35,0.78
2026-07-27 07:16:39,0.44
2026-07-27 07:16:48,0.55
2026-07-27 07:17:52,0.27
2026-07-27 07:18:38,0.42
2026-07-27 07:19:59,0.02
2026-07-27 07:20:45,0.38
2026-07-27 07:21:21,0.02
2026-07-27 07:22:25,-0.04
2026-07-27 07:22:48,0.20
2026-07-27 07:24:05,0.14
2026-07-27 07:24:46,-0.13
2026-07-27 07:25:12,-0.10
2026-07-27 07:25:22,0.12
2026-07-27 07:27:11,0.05
2026-07-27 07:27:47,-0.23
2026-07-27 07:28:41,-0.28
2026-07-27 07:29:59,0.16
2026-07-27 07:30:04,0.19
2026-07-27 07:31:34,-0.15
2026-07-27 07:31:57,0.17
2026-07-27 07:32:51,-0.22
2026-07-27 07:33:42,-0.23
2026-07-27 07:34:22,0.07
2026-07-27 07:35:09,-0.05
2026-07-27 07:36:03,-0.33
2026-07-27 07:37:12,-0.10
2026-07-27 07:38:11,-0.41
2026-07-27 07:38:19,-0.28
2026-07-27 07:38:56,-0.47
2026-07-27 07:40:22,-0.52
2026-07-27 07:40:49,-0.33
2026-07-27 07:41:40,-0.25
2026-07-27 07:42:29,-0.56
2026-07-27 07:43:19,-0.60
2026-07-27 07:44:14,-0.21
2026-07-27 07:45:14,-0.61
2026-07-27 07:45:54,-0.25
2026-07-27 07:46:31,-0.56
2026-07-27 07:47:20,-0.38
2026-07-27 07:48:10,-0.49
2026-07-27 07:49:47,-0.22
2026-07-27 07:49:55,-0.41
2026-07-27 07:50:08,-0.06
2026-07-27 07:51:35,-0.28
2026-07-27 07:52:53,0.19
2026-07-27 07:53:16,-0.01
2026-07-27 07:53:57,0.21
2026-07-27 07:55:32,0.23
2026-07-27 07:56:21,0.02
2026-07-27 07:56:26,0.20
2026-07-27 07:57:53,-0.05
2026-07-27 07:58:42,-0.19
2026-07-27 07:59:33,0.15
2026-07-27 08:00:23,0.10
2026-07-27 08:00:45,-0.21
2026-07-27 08:01:26,0.04
2026-07-27 08:02:58,-0.32
2026-07-27 08:03:28,-0.12
2026-07-27 08:04:09,-0.32
2026-07-27 08:05:18,-0.23
2026-07-27 08:05:59,-0.51
2026-07-27 08:07:02,-0.37
2026-07-27 08:07:16,-0.56
2026-07-27 08:08:24,-0.41
2026-07-27 08:09:28,-0.71
2026-07-27 08:10:54,-0.75
2026-07-27 08:10:58,-0.33
2026-07-27 08:11:31,-0.55
2026-07-27 08:12:44,-0.95
2026-07-27 08:13:33,-0.62
2026-07-27 08:14:32,-0.93
2026-07-27 08:15:08,-0.70
2026-07-27 08:15:21,-0.99
2026-07-27 08:16:13,-0.66
2026-07-27 08:17:39,-1.02
2026-07-27 08:17:56,-0.69
2026-07-27 08:19:10,-1.24
2026-07-27 08:20:17,-1.12
2026-07-27 08:20:31,-0.77
2026-07-27 08:22:25,-1.11
2026-07-27 08:22:43,-0.64
2026-07-27 08:23:00,-1.12
2026-07-27 08:24:10,-0.73
2026-07-27 08:24:37,-0.74
2026-07-27 08:24:54,-1.10
2026-07-27 08:26:21,-1.18
2026-07-27 08:26:35,-0.65
2026-07-27 08:28:56,-1.10
2026-07-27 08:29:04,-0.79
2026-07-27 08:29:50,-0.66
2026-07-27 08:30:22,-1.09
2026-07-27 08:31:31,-1.02
2026-07-27 08:32:29,-0.78
2026-07-27 08:32:47,-0.79
2026-07-27 08:33:51,-1.25
2026-07-27 08:34:22,-1.20
2026-07-27 08:35:45,-0.94
2026-07-27 08:36:48,-0.99
2026-07-27 08:36:52,-1.23
2026-07-27 08:37:43,-0.91
2026-07-27 08:38:24,-1.31
2026-07-27 08:39:32,-0.96
2026-07-27 08:40:53,-1.27
2026-07-27 08:41:26,-1.08
2026-07-27 08:42:01,-1.39
2026-07-27 08:42:42,-1.07
2026-07-27 08:44:14,-1.47
2026-07-27 08:44:18,-1.13
2026-07-27 08:45:39,-1.60
2026-07-27 08:47:10,-1.55
2026-07-27 08:47:24,-1.24
2026-07-27 08:47:38,-1.50
2026-07-27 08:48:04,-1.27
2026-07-27 08:49:22,-1.52
2026-07-27 08:50:07,-1.31
2026-07-27 08:51:33,-1.28
2026-07-27 08:52:20,-1.58
2026-07-27 08:52:38,-1.65
2026-07-27 08:52:42,-1.28
2026-07-27 08:54:17,-1.26
2026-07-27 08:54:23,-1.56
2026-07-27 08:55:50,-1.35
2026-07-27 08:55:58,-1.61
2026-07-27 08:57:52,-1.36
2026-07-27 08:58:19,-1.61
2026-07-27 09:00:21,-1.58
2026-07-27 09:00:41,-1.14
2026-07-27 09:00:45,-1.39
2026-07-27 09:01:21,-1.63
2026-07-27 09:03:19,-1.38
2026-07-27 09:03:46,-1.64
2026-07-27 09:04:40,-1.37
2026-07-27 09:04:50,-1.62
2026-07-27 09:06:01,-1.63
2026-07-27 09:06:17,-1.40
2026-07-27 09:07:38,-1.62
2026-07-27 09:08:09,-1.31
2026-07-27 09:09:00,-1.42
2026-07-27 09:09:21,-1.67
2026-07-27 09:11:48,-1.28
2026-07-27 09:12:15,-1.61
2026-07-27 09:12:46,-1.32
2026-07-27 09:13:00,-1.61
2026-07-27 09:14:17,-1.31
2026-07-27 09:14:31,-1.59
2026-07-27 09:16:02,-1.31
2026-07-27 09:16:11,-1.59
2026-07-27 09:17:33,-1.64
2026-07-27 09:18:50,-1.33
2026-07-27 09:19:17,-1.26
2026-07-27 09:20:08,-1.61
2026-07-27 09:22:01,-1.26
2026-07-27 09:22:05,-1.57
2026-07-27 09:23:09,-1.35
2026-07-27 09:23:55,-1.30
2026-07-27 09:24:49,-1.63
2026-07-27 09:25:45,-1.52
2026-07-27 09:26:11,-1.34
2026-07-27 09:27:14,-1.36
2026-07-27 09:28:09,-1.56
2026-07-27 09:29:13,-1.54
2026-07-27 09:30:12,-1.34
2026-07-27 09:30:57,-1.32
2026-07-27 09:31:10,-1.54
2026-07-27 09:33:32,-1.31
2026-07-27 09:33:41,-1.61
2026-07-27 09:35:07,-1.32
2026-07-27 09:36:24,-1.53
2026-07-27 09:37:01,-1.30
2026-07-27 09:37:38,-1.32
2026-07-27 09:37:51,-1.54
2026-07-27 09:39:13,-1.51
2026-07-27 09:40:07,-1.33
2026-07-27 09:41:29,-1.49
2026-07-27 09:41:38,-1.30
2026-07-27 09:42:33,-1.45
2026-07-27 09:43:05,-1.30
2026-07-27 09:44:40,-1.28
2026-07-27 09:44:53,-1.47
2026-07-27 09:46:02,-1.48
2026-07-27 09:46:24,-1.27
2026-07-27 09:47:19,-1.48
2026-07-27 09:48:13,-1.22
2026-07-27 09:49:53,-1.43
2026-07-27 09:50:57,-1.49
2026-07-27 09:51:19,-1.26
2026-07-27 09:52:37,-1.46
2026-07-27 09:52:41,-1.22
2026-07-27 09:54:03,-1.25
2026-07-27 09:54:53,-1.44
2026-07-27 09:56:09,-1.21
2026-07-27 09:56:19,-1.44
2026-07-27 09:57:23,-1.43
2026-07-27 09:57:59,-1.03
2026-07-27 09:58:53,-1.02
2026-07-27 09:59:38,-1.35
2026-07-27 10:00:44,-0.94
2026-07-27 10:01:15,-1.33
2026-07-27 10:01:52,-1.42
2026-07-27 10:02:27,-1.19
2026-07-27 10:03:35,-1.17
2026-07-27 10:03:54,-1.31
2026-07-27 10:06:15,-1.40
2026-07-27 10:06:28,-1.00
2026-07-27 10:07:27,-1.32
2026-07-27 10:07:40,-1.10
2026-07-27 10:08:50,-1.02
2026-07-27 10:09:35,-1.30
2026-07-27 10:10:46,-1.28
2026-07-27 10:11:06,-1.08
2026-07-27 10:12:13,-1.22
2026-07-27 10:13:17,-1.00
2026-07-27 10:13:26,-1.22
2026-07-27 10:14:26,-0.94
2026-07-27 10:16:06,-1.27
2026-07-27 10:16:15,-1.00
2026-07-27 10:17:14,-1.25
2026-07-27 10:17:45,-0.95
2026-07-27 10:18:25,-0.90
2026-07-27 10:19:20,-1.13
2026-07-27 10:20:12,-0.91
2026-07-27 10:20:33,-1.21
2026-07-27 10:21:51,-1.14
2026-07-27 10:22:27,-0.92
2026-07-27 10:24:17,-1.12
2026-07-27 10:24:30,-0.89
2026-07-27 10:25:47,-0.86
2026-07-27 10:25:56,-1.10
2026-07-27 10:27:05,-1.20
2026-07-27 10:27:59,-0.86
2026-07-27 10:29:03,-0.73
2026-07-27 10:29:12,-1.13
2026-07-27 10:30:01,-0.71
2026-07-27 10:31:28,-1.06
2026-07-27 10:32:14,-1.12
2026-07-27 10:32:22,-0.75
2026-07-27 10:33:58,-0.97
2026-07-27 10:34:11,-0.75
2026-07-27 10:35:25,-1.06
2026-07-27 10:36:10,-0.66
2026-07-27 10:37:23,-1.13
2026-07-27 10:37:36,-0.79
2026-07-27 10:38:26,-0.91
2026-07-27 10:39:40,-0.70
2026-07-27 10:40:07,-0.68
2026-07-27 10:40:29,-0.95
2026-07-27 10:41:29,-0.93
2026-07-27 10:42:36,-0.67
2026-07-27 10:43:13,-0.91
2026-07-27 10:43:36,-0.71
2026-07-27 10:45:02,-0.61
2026-07-27 10:45:47,-0.88
2026-07-27 10:46:51,-0.62
2026-07-27 10:46:59,-0.95
2026-07-27 10:48:21,-0.66
2026-07-27 10:49:12,-0.88
2026-07-27 10:49:53,-0.50
2026-07-27 10:51:16,-0.90
2026-07-27 10:51:37,-0.79
2026-07-27 10:52:37,-0.53
2026-07-27 10:53:40,-0.76
2026-07-27 10:54:16,-0.50
2026-07-27 10:54:53,-0.84
2026-07-27 10:55:02,-0.41
2026-07-27 10:56:20,-0.80
2026-07-27 10:56:51,-0.43
2026-07-27 10:57:54,-0.69
2026-07-27 10:58:41,-0.41
2026-07-27 11:00:02,-0.62
2026-07-27 11:00:21,-0.43
2026-07-27 11:01:15,-0.44
2026-07-27 11:02:37,-0.68
2026-07-27 11:03:31,-0.41
2026-07-27 11:03:40,-0.63
2026-07-27 11:05:11,-0.35
2026-07-27 11:05:33,-0.61
2026-07-27 11:06:10,-0.40
2026-07-27 11:07:18,-0.61
2026-07-27 11:08:49,-0.47
2026-07-27 11:09:21,-0.72
2026-07-27 11:09:53,-0.67
2026-07-27 11:10:16,-0.48
2026-07-27 11:11:46,-0.73
2026-07-27 11:11:59,-0.48
2026-07-27 11:13:45,-0.64
2026-07-27 11:14:12,-0.42
2026-07-27 11:15:38,-0.70
2026-07-27 11:15:47,-0.41
2026-07-27 11:17:22,-0.38
2026-07-27 11:17:36,-0.64
2026-07-27 11:17:42,-0.34
2026-07-27 11:18:26,-0.69
2026-07-27 11:19:44,-0.35
2026-07-27 11:19:57,-0.58
2026-07-27 11:22:04,-0.30
2026-07-27 11:22:18,-0.63
2026-07-27 11:22:40,-0.60
2026-07-27 11:23:53,-0.34
2026-07-27 11:24:56,-0.41
2026-07-27 11:25:55,-0.59
2026-07-27 11:26:36,-0.34
2026-07-27 11:26:55,-0.60
2026-07-27 11:27:44,-0.52
2026-07-27 11:28:52,-0.26
2026-07-27 11:29:48,-0.58
2026-07-27 11:31:27,-0.20
2026-07-27 11:31:46,-0.55
2026-07-27 11:33:17,-0.29
2026-07-27 11:34:02,-0.51
2026-07-27 11:35:36,-0.27
2026-07-27 11:35:56,-0.49
2026-07-27 11:36:13,-0.30
2026-07-27 11:37:40,-0.42
2026-07-27 11:37:50,-0.22
2026-07-27 11:39:16,-0.43
2026-07-27 11:40:14,-0.23
2026-07-27 11:41:05,-0.10
2026-07-27 11:41:41,-0.44
2026-07-27 11:42:45,-0.40
2026-07-27 11:43:21,-0.11
2026-07-27 11:44:52,-0.17
2026-07-27 11:45:29,-0.40
2026-07-27 11:45:51,-0.33
2026-07-27 11:46:59,-0.20
2026-07-27 11:47:40,-0.38
2026-07-27 11:48:35,-0.13
2026-07-27 11:50:10,-0.38
2026-07-27 11:50:41,-0.14
2026-07-27 11:50:50,-0.26
2026-07-27 11:52:12,-0.09
2026-07-27 11:53:02,-0.03
2026-07-27 11:53:53,-0.25
2026-07-27 11:54:43,0.12
2026-07-27 11:55:24,-0.34
2026-07-27 11:56:05,-0.36
2026-07-27 11:56:42,-0.02
2026-07-27 11:57:45,-0.33
2026-07-27 11:58:34,-0.03
2026-07-27 11:59:11,0.06
2026-07-27 11:59:29,-0.20
2026-07-27 12:01:09,-0.30
2026-07-27 12:01:22,0.00
2026-07-27 12:02:26,-0.25
2026-07-27 12:02:44,0.05
2026-07-27 12:04:51,0.06
2026-07-27 12:05:01,-0.19
2026-07-27 12:06:53,0.00
2026-07-27 12:07:30,-0.19
2026-07-27 12:08:34,0.06
2026-07-27 12:09:29,-0.18
2026-07-27 12:09:48,0.07
2026-07-27 12:10:42,0.10
2026-07-27 12:11:18,-0.19
2026-07-27 12:12:30,0.09
2026-07-27 12:13:07,-0.14
2026-07-27 12:14:19,0.03
2026-07-27 12:14:38,-0.16
2026-07-27 12:16:36,0.13
2026-07-27 12:17:03,-0.14
2026-07-27 12:17:16,0.10
2026-07-27 12:17:48,-0.08
2026-07-27 12:19:10,0.13
2026-07-27 12:19:34,-0.12
2026-07-27 12:20:32,-0.10
2026-07-27 12:21:58,0.18
2026-07-27 12:22:11,-0.07
2026-07-27 12:23:30,0.16
2026-07-27 12:23:44,0.07
2026-07-27 12:25:14,0.50
2026-07-27 12:25:23,0.38
2026-07-27 12:25:59,0.63
2026-07-27 12:27:22,0.49
2026-07-27 12:28:29,0.27
2026-07-27 12:30:00,0.42
2026-07-27 12:30:10,0.12
2026-07-27 12:30:18,0.39
2026-07-27 12:31:13,0.15
2026-07-27 12:33:11,0.03
2026-07-27 12:33:34,0.41
2026-07-27 12:33:47,0.01
2026-07-27 12:34:37,0.38
2026-07-27 12:35:50,0.07
2026-07-27 12:36:22,0.37
2026-07-27 12:37:35,0.44
2026-07-27 12:37:39,0.13
2026-07-27 12:38:52,0.40
2026-07-27 12:40:00,0.15
2026-07-27 12:40:58,0.35
2026-07-27 12:41:39,0.07
2026-07-27 12:42:16,0.32
2026-07-27 12:43:29,-0.01
2026-07-27 12:43:43,0.26
2026-07-27 12:44:01,-0.03
2026-07-27 12:45:45,0.22
2026-07-27 12:46:27,0.01
2026-07-27 12:46:49,0.28
2026-07-27 12:47:39,0.06
2026-07-27 12:49:14,0.32
2026-07-27 12:49:28,-0.05
2026-07-27 12:50:32,-0.03
2026-07-27 12:51:08,0.20
2026-07-27 12:52:13,0.18
2026-07-27 12:53:20,-0.04
2026-07-27 12:53:47,-0.02
2026-07-27 12:54:10,0.18
2026-07-27 12:55:27,0.02
2026-07-27 12:55:32,0.16
2026-07-27 12:56:57,0.14
2026-07-27 12:57:03,-0.01
2026-07-27 12:58:30,0.00
2026-07-27 12:59:15,0.19
2026-07-27 13:00:05,-0.03
2026-07-27 13:00:32,0.13
2026-07-27 13:03:06,0.18
2026-07-27 13:03:15,-0.01
2026-07-27 13:04:10,0.19
2026-07-27 13:04:36,0.00
2026-07-27 13:05:13,0.29
2026-07-27 13:06:17,0.04
2026-07-27 13:06:40,0.07
2026-07-27 13:07:11,0.26
2026-07-27 13:08:56,0.07
2026-07-27 13:09:38,0.23
2026-07-27 13:11:26,0.08
2026-07-27 13:11:30,0.23
2026-07-27 13:11:44,0.30
2026-07-27 13:12:21,0.13
2026-07-27 13:13:15,0.10
2026-07-27 13:14:28,0.34
2026-07-27 13:14:55,0.07
2026-07-27 13:15:31,0.31
2026-07-27 13:16:35,0.13
2026-07-27 13:18:02,0.34
2026-07-27 13:18:28,0.19
2026-07-27 13:18:52,0.36
2026-07-27 13:21:21,0.08
2026-07-27 13:22:25,0.10
2026-07-27 13:22:34,0.30
2026-07-27 13:23:37,0.27
2026-07-27 13:23:56,0.05
2026-07-27 13:24:55,0.07
2026-07-27 13:25:04,0.28
2026-07-27 13:26:26,0.24
2026-07-27 13:27:16,-0.02
2026-07-27 13:28:56,-0.04
2026-07-27 13:29:28,0.30
2026-07-27 13:29:47,0.17
2026-07-27 13:30:32,-0.04
2026-07-27 13:31:39,0.21
2026-07-27 13:32:24,-0.02
2026-07-27 13:33:02,-0.01
2026-07-27 13:34:18,0.19
2026-07-27 13:35:12,-0.02
2026-07-27 13:36:12,0.16
2026-07-27 13:36:53,0.18
2026-07-27 13:37:30,-0.05
2026-07-27 13:38:51,0.01
2026-07-27 13:39:09,0.15
2026-07-27 13:39:54,0.13
2026-07-27 13:40:31,0.02
2026-07-27 13:41:39,0.17
2026-07-27 13:42:20,-0.02
2026-07-27 13:42:57,-0.01
2026-07-27 13:44:08,0.15
2026-07-27 13:46:11,-0.02
2026-07-27 13:47:01,0.17
2026-07-27 13:47:24,-0.08
2026-07-27 13:48:19,-0.03
2026-07-27 13:49:22,0.19
2026-07-27 13:49:49,0.28
2026-07-27 13:50:17,-0.04
2026-07-27 13:51:43,0.20
2026-07-27 13:52:11,-0.06
2026-07-27 13:53:32,0.21
2026-07-27 13:54:09,-0.06
2026-07-27 13:55:26,-0.10
2026-07-27 13:55:48,0.14
2026-07-27 13:57:20,0.00
2026-07-27 13:58:09,0.18
2026-07-27 13:59:13,-0.03
2026-07-27 13:59:36,0.19
2026-07-27 13:59:49,-0.06
2026-07-27 14:01:07,0.26
2026-07-27 14:01:25,-0.05
2026-07-27 14:03:32,-0.10
2026-07-27 14:04:05,0.16
2026-07-27 14:05:13,0.21
2026-07-27 14:05:44,-0.05
2026-07-27 14:06:48,-0.08
2026-07-27 14:07:19,0.16
2026-07-27 14:07:56,0.15
2026-07-27 14:08:28,-0.05
2026-07-27 14:09:27,-0.01
2026-07-27 14:10:08,0.17
2026-07-27 14:11:35,0.18
2026-07-27 14:12:06,-0.14
2026-07-27 14:13:27,-0.10
2026-07-27 14:13:54,0.17
2026-07-27 14:14:40,-0.01
2026-07-27 14:15:41,0.21
2026-07-27 14:17:10,0.01
2026-07-27 14:17:56,0.24
2026-07-27 14:18:59,0.03
2026-07-27 14:19:23,0.23
2026-07-27 14:20:35,-0.01
2026-07-27 14:21:16,0.29
2026-07-27 14:21:47,0.06
2026-07-27 14:22:34,0.28
2026-07-27 14:23:14,0.04
2026-07-27 14:24:09,0.08
2026-07-27 14:24:35,0.28
2026-07-27 14:27:02,0.29
2026-07-27 14:27:10,0.04
2026-07-27 14:27:47,0.32
2026-07-27 14:28:55,-0.01
2026-07-27 14:29:26,0.01
2026-07-27 14:30:30,0.33
2026-07-27 14:30:59,0.01
2026-07-27 14:31:39,0.25
2026-07-27 14:32:38,0.31
2026-07-27 14:32:51,0.06
2026-07-27 14:35:08,0.28
2026-07-27 14:36:48,0.07
2026-07-27 14:37:15,0.26
2026-07-27 14:37:42,0.09
2026-07-27 14:37:46,0.26
2026-07-27 14:39:27,0.10
2026-07-27 14:39:45,0.25
2026-07-27 14:41:34,0.31
2026-07-27 14:41:56,0.07
2026-07-27 14:43:37,0.27
2026-07-27 14:43:56,0.07
2026-07-27 14:44:27,0.26
2026-07-27 14:44:36,0.12
2026-07-27 14:45:39,0.14
2026-07-27 14:46:58,0.29
2026-07-27 14:47:43,0.32
2026-07-27 14:48:00,0.06
2026-07-27 14:49:41,0.12
2026-07-27 14:50:13,0.32
2026-07-27 14:52:02,0.12
2026-07-27 14:52:34,0.37
2026-07-27 14:53:37,0.17
2026-07-27 14:54:23,0.11
2026-07-27 14:55:04,0.32
2026-07-27 14:56:07,0.13
2026-07-27 14:56:29,0.34
2026-07-27 14:57:28,0.39
2026-07-27 14:58:20,0.14
2026-07-27 14:59:49,0.46
2026-07-27 14:59:58,0.13
2026-07-27 15:00:30,0.16
2026-07-27 15:01:16,0.31
2026-07-27 15:02:06,0.12
2026-07-27 15:02:33,0.32
2026-07-27 15:03:46,0.17
2026-07-27 15:04:04,0.32
2026-07-27 15:05:45,0.15
2026-07-27 15:06:16,0.34
2026-07-27 15:07:07,0.38
2026-07-27 15:07:15,0.18
2026-07-27 15:09:55,0.33
2026-07-27 15:10:12,0.09
2026-07-27 15:10:40,0.13
2026-07-27 15:11:21,0.37
2026-07-27 15:12:02,0.35
2026-07-27 15:12:19,0.13
2026-07-27 15:14:50,0.38
2026-07-27 15:15:44,0.19
2026-07-27 15:16:16,0.37
2026-07-27 15:17:07,0.32
2026-07-27 15:17:11,0.12
2026-07-27 15:18:37,0.17
2026-07-27 15:19:09,0.38
2026-07-27 15:20:31,0.36
2026-07-27 15:21:25,0.12
2026-07-27 15:22:02,0.16
2026-07-27 15:22:29,0.33
2026-07-27 15:23:41,0.21
2026-07-27 15:24:36,0.33
2026-07-27 15:26:07,0.13
2026-07-27 15:26:43,0.34
2026-07-27 15:26:52,0.12
2026-07-27 15:28:10,0.37
2026-07-27 15:29:00,0.52
2026-07-27 15:29:41,0.14
2026-07-27 15:30:13,0.43
2026-07-27 15:30:49,0.18
2026-07-27 15:32:39,0.37
2026-07-27 15:32:47,0.21
2026-07-27 15:34:08,0.17
2026-07-27 15:34:18,0.38
2026-07-27 15:35:09,0.24
2026-07-27 15:36:03,0.40
2026-07-27 15:36:53,0.20
2026-07-27 15:37:48,0.39
2026-07-27 15:38:51,0.23
2026-07-27 15:39:18,0.41
2026-07-27 15:40:07,0.24
2026-07-27 15:40:26,0.42
2026-07-27 15:42:47,0.49
2026-07-27 15:42:56,0.31
2026-07-27 15:43:32,0.29
2026-07-27 15:44:42,0.53
2026-07-27 15:45:27,0.31
2026-07-27 15:46:03,0.56
2026-07-27 15:47:11,0.50
2026-07-27 15:47:25,0.31
2026-07-27 15:48:41,0.35
2026-07-27 15:49:50,0.59
2026-07-27 15:49:54,0.46
2026-07-27 15:49:59,0.44
2026-07-27 15:50:35,0.37
2026-07-27 15:51:02,0.60
2026-07-27 15:51:53,0.40
2026-07-27 15:52:51,0.70
2026-07-27 15:53:46,0.41
2026-07-27 15:54:13,0.67
2026-07-27 15:55:17,0.68
2026-07-27 15:56:11,0.40
2026-07-27 15:57:05,0.62
2026-07-27 15:57:11,0.38
2026-07-27 15:59:36,0.78
2026-07-27 15:59:40,0.32
2026-07-27 16:00:17,0.58
2026-07-27 16:00:54,0.32
2026-07-27 16:01:43,0.34
2026-07-27 16:02:32,0.60
2026-07-27 16:04:31,0.40
2026-07-27 16:04:54,0.38
2026-07-27 16:05:52,0.63
2026-07-27 16:07:05,0.40
2026-07-27 16:07:32,0.64
2026-07-27 16:08:23,0.38
2026-07-27 16:08:41,0.63
2026-07-27 16:10:30,0.36
2026-07-27 16:10:48,0.70
2026-07-27 16:11:25,0.68
2026-07-27 16:12:15,0.37
2026-07-27 16:14:12,0.70
2026-07-27 16:14:17,0.35
2026-07-27 16:15:03,0.41
2026-07-27 16:15:18,0.71
2026-07-27 16:16:33,0.42
2026-07-27 16:17:20,0.67
2026-07-27 16:18:22,0.42
2026-07-27 16:18:31,0.66
2026-07-27 16:20:08,0.72
2026-07-27 16:20:57,0.44
2026-07-27 16:21:34,0.45
2026-07-27 16:22:28,0.78
2026-07-27 16:24:08,0.80
2026-07-27 16:24:18,0.52
2026-07-27 16:24:49,0.54
2026-07-27 16:25:53,0.86
2026-07-27 16:26:29,0.83
2026-07-27 16:27:37,0.60
2026-07-27 16:28:59,0.51
2026-07-27 16:29:03,0.94
2026-07-27 16:29:35,0.47
2026-07-27 16:31:06,0.74
2026-07-27 16:31:38,0.82
2026-07-27 16:31:47,0.48
2026-07-27 16:32:51,0.59
2026-07-27 16:34:03,0.81
2026-07-27 16:34:39,0.75
2026-07-27 16:34:45,0.52
2026-07-27 16:36:15,0.76
2026-07-27 16:36:56,0.57
2026-07-27 16:38:23,0.50
2026-07-27 16:39:00,0.81
2026-07-27 16:39:49,0.60
2026-07-27 16:40:47,0.79
2026-07-27 16:41:46,0.83
2026-07-27 16:42:29,0.57
2026-07-27 16:43:18,0.52
2026-07-27 16:44:07,0.77
2026-07-27 16:45:01,0.79
2026-07-27 16:45:21,0.55
2026-07-27 16:46:52,0.46
2026-07-27 16:47:15,0.78
2026-07-27 16:48:00,0.57
2026-07-27 16:48:17,0.80
2026-07-27 16:50:30,0.58
2026-07-27 16:50:48,0.78
2026-07-27 16:51:01,0.57
2026-07-27 16:51:55,0.82
2026-07-27 16:52:50,0.75
2026-07-27 16:54:03,0.55
2026-07-27 16:54:26,0.57
2026-07-27 16:55:39,0.73
2026-07-27 16:56:50,0.55
2026-07-27 16:57:10,0.80
2026-07-27 16:57:42,0.78
2026-07-27 16:58:44,0.53
2026-07-27 16:59:30,0.84
2026-07-27 17:00:02,0.44
2026-07-27 17:01:25,0.75
2026-07-27 17:01:29,0.41
2026-07-27 17:02:59,0.51
2026-07-27 17:03:08,0.70
2026-07-27 17:04:35,0.51
2026-07-27 17:05:39,0.73
2026-07-27 17:06:02,0.51
2026-07-27 17:07:24,0.73
2026-07-27 17:07:45,0.78
2026-07-27 17:08:31,0.56
2026-07-27 17:09:53,0.51
2026-07-27 17:10:20,0.78
2026-07-27 17:11:19,0.59
2026-07-27 17:12:27,0.56
2026-07-27 17:13:30,0.76
2026-07-27 17:14:30,0.79
2026-07-27 17:15:02,0.56
2026-07-27 17:16:04,0.61
2026-07-27 17:16:18,0.82
2026-07-27 17:17:31,0.57
2026-07-27 17:18:31,0.75
2026-07-27 17:19:06,0.82
2026-07-27 17:19:20,0.62
2026-07-27 17:21:00,0.82
2026-07-27 17:21:09,0.53
2026-07-27 17:22:27,0.81
2026-07-27 17:22:31,0.57
2026-07-27 17:24:03,0.63
2026-07-27 17:25:15,0.82
2026-07-27 17:26:00,0.49
2026-07-27 17:26:04,0.78
2026-07-27 17:28:17,0.61
2026-07-27 17:28:49,0.86
2026-07-27 17:29:07,0.90
2026-07-27 17:29:12,0.61
2026-07-27 17:30:51,0.60
2026-07-27 17:31:55,0.85
2026-07-27 17:32:22,0.82
2026-07-27 17:33:30,0.62
2026-07-27 17:34:16,0.84
2026-07-27 17:35:25,0.60
2026-07-27 17:36:28,0.64
2026-07-27 17:36:38,0.86
2026-07-27 17:37:13,0.66
2026-07-27 17:38:04,0.88
2026-07-27 17:39:29,0.86
2026-07-27 17:40:01,0.64
2026-07-27 17:41:14,0.84
2026-07-27 17:41:33,0.64
2026-07-27 17:42:14,0.60
2026-07-27 17:43:25,0.86
2026-07-27 17:44:58,0.64
2026-07-27 17:45:28,0.62
2026-07-27 17:46:33,0.89
2026-07-27 17:47:08,0.90
2026-07-27 17:47:17,0.62
2026-07-27 17:49:21,0.92
2026-07-27 17:49:34,0.68
2026-07-27 17:51:37,0.66
2026-07-27 17:52:00,0.83
2026-07-27 17:52:13,0.86
2026-07-27 17:52:54,0.56
2026-07-27 17:53:48,0.67
2026-07-27 17:54:12,0.86
2026-07-27 17:55:56,0.89
2026-07-27 17:56:00,0.62
2026-07-27 17:58:16,0.66
2026-07-27 17:58:35,0.94
2026-07-27 17:58:57,1.06
2026-07-27 17:59:56,0.59
2026-07-27 18:00:24,0.94
2026-07-27 18:00:56,0.56
2026-07-27 18:02:04,0.84
2026-07-27 18:03:03,0.60
2026-07-27 18:03:58,0.79
2026-07-27 18:05:10,0.60
2026-07-27 18:06:41,0.86
2026-07-27 18:06:49,0.54
2026-07-27 18:06:54,0.49
2026-07-27 18:08:25,0.80
2026-07-27 18:09:10,0.81
2026-07-27 18:09:25,0.53
2026-07-27 18:10:57,0.77
2026-07-27 18:11:05,0.51
2026-07-27 18:12:05,0.54
2026-07-27 18:12:40,0.77
2026-07-27 18:14:15,0.56
2026-07-27 18:15:01,0.76
2026-07-27 18:15:28,0.79
2026-07-27 18:15:38,0.52
2026-07-27 18:16:50,0.53
2026-07-27 18:17:13,0.75
2026-07-27 18:18:53,0.77
2026-07-27 18:19:07,0.51
2026-07-27 18:20:38,0.73
2026-07-27 18:21:14,0.46
2026-07-27 18:22:04,0.81
2026-07-27 18:23:03,0.52
2026-07-27 18:23:35,0.72
2026-07-27 18:23:48,0.44
2026-07-27 18:25:46,0.67
2026-07-27 18:25:56,0.39
2026-07-27 18:27:00,0.63
2026-07-27 18:27:04,0.40
2026-07-27 18:28:58,0.44
2026-07-27 18:29:47,0.78
2026-07-27 18:30:00,0.58
2026-07-27 18:30:25,0.43
2026-07-27 18:32:18,0.36
2026-07-27 18:32:55,0.58
2026-07-27 18:33:36,0.35
2026-07-27 18:33:49,0.67
2026-07-27 18:35:37,0.59
2026-07-27 18:35:43,0.34
2026-07-27 18:37:22,0.61
2026-07-27 18:37:40,0.34
2026-07-27 18:38:58,0.54
2026-07-27 18:39:47,0.27
2026-07-27 18:40:28,0.57
2026-07-27 18:41:04,0.25
2026-07-27 18:42:22,0.20
2026-07-27 18:42:27,0.57
2026-07-27 18:43:30,0.49
2026-07-27 18:44:24,0.21
2026-07-27 18:45:47,0.20
2026-07-27 18:46:28,0.47
2026-07-27 18:46:55,0.20
2026-07-27 18:47:45,0.47
2026-07-27 18:48:35,0.21
2026-07-27 18:48:48,0.60
2026-07-27 18:50:21,0.24
2026-07-27 18:50:42,0.45
2026-07-27 18:51:46,0.43
2026-07-27 18:52:54,0.16
2026-07-27 18:53:36,0.13
2026-07-27 18:53:44,0.35
2026-07-27 18:54:48,0.38
2026-07-27 18:55:52,0.19
2026-07-27 18:57:45,0.15
2026-07-27 18:57:53,0.39
2026-07-27 18:58:04,0.37
2026-07-27 18:58:44,0.03
2026-07-27 19:00:02,0.29
2026-07-27 19:00:37,0.13
2026-07-27 19:02:31,0.36
2026-07-27 19:03:53,0.40
2026-07-27 19:04:29,0.06
2026-07-27 19:05:02,0.32
2026-07-27 19:05:24,0.09
2026-07-27 19:07:00,0.06
2026-07-27 19:07:18,0.34
2026-07-27 19:08:26,0.28
2026-07-27 19:09:08,0.08
2026-07-27 19:09:39,0.28
2026-07-27 19:09:43,0.12
2026-07-27 19:11:19,0.24
2026-07-27 19:12:26,0.03
2026-07-27 19:12:54,0.33
2026-07-27 19:13:08,0.01
2026-07-27 19:14:48,0.21
2026-07-27 19:15:06,0.04
2026-07-27 19:16:51,0.03
2026-07-27 19:17:41,0.17
2026-07-27 19:18:43,0.23
2026-07-27 19:19:02,0.01
2026-07-27 19:19:38,-0.05
2026-07-27 19:21:05,0.19
2026-07-27 19:21:14,-0.04
2026-07-27 19:22:27,0.21
2026-07-27 19:22:59,-0.05
2026-07-27 19:23:34,0.22
2026-07-27 19:25:24,-0.02
2026-07-27 19:26:14,-0.04
2026-07-27 19:26:50,0.17
2026-07-27 19:29:11,-0.06
2026-07-27 19:29:17,0.18
2026-07-27 19:29:43,0.31
2026-07-27 19:30:11,-0.05
2026-07-27 19:31:50,0.17
2026-07-27 19:32:32,-0.03
2026-07-27 19:33:27,-0.05
2026-07-27 19:34:08,0.16
2026-07-27 19:34:25,0.14
2026-07-27 19:34:43,-0.06
2026-07-27 19:36:19,-0.05
2026-07-27 19:36:37,0.06
2026-07-27 19:37:45,0.08
2026-07-27 19:38:12,-0.08
2026-07-27 19:39:25,0.07
2026-07-27 19:39:48,-0.20
2026-07-27 19:41:10,0.07
2026-07-27 19:41:41,-0.10
2026-07-27 19:42:36,0.05
2026-07-27 19:44:02,-0.12
2026-07-27 19:44:39,-0.15
2026-07-27 19:45:02,0.11
2026-07-27 19:46:27,0.09
2026-07-27 19:46:37,-0.14
2026-07-27 19:48:35,0.06
2026-07-27 19:48:58,-0.14
2026-07-27 19:50:06,0.17
2026-07-27 19:50:37,-0.19
2026-07-27 19:51:51,-0.17
2026-07-27 19:52:08,0.04
2026-07-27 19:52:49,0.03
2026-07-27 19:53:39,-0.29
2026-07-27 19:55:19,0.22
2026-07-27 19:55:29,-0.29
2026-07-27 19:56:59,0.04
2026-07-27 19:57:22,-0.18
2026-07-27 19:57:58,0.00
2026-07-27 19:58:16,-0.25
2026-07-27 19:59:20,0.09
2026-07-27 20:00:28,-0.30
2026-07-27 20:00:55,0.03
2026-07-27 20:01:45,-0.26
2026-07-27 20:02:59,-0.27
2026-07-27 20:03:35,0.02
2026-07-27 20:04:20,-0.29
2026-07-27 20:05:37,0.06
2026-07-27 20:06:36,-0.06
2026-07-27 20:06:51,-0.33
2026-07-27 20:08:26,-0.25
2026-07-27 20:08:43,0.09
2026-07-27 20:09:24,-0.31
2026-07-27 20:10:15,0.04
2026-07-27 20:11:41,-0.24
2026-07-27 20:11:55,-0.05
2026-07-27 20:12:40,0.02
2026-07-27 20:12:57,-0.25
2026-07-27 20:14:56,0.01
2026-07-27 20:15:11,-0.25
2026-07-27 20:15:37,-0.01
2026-07-27 20:16:59,-0.24
2026-07-27 20:17:54,-0.21
2026-07-27 20:18:44,-0.06
2026-07-27 20:19:52,-0.35
2026-07-27 20:20:10,-0.04
2026-07-27 20:21:27,-0.08
2026-07-27 20:22:04,-0.27
2026-07-27 20:22:40,-0.05
2026-07-27 20:23:31,-0.26
2026-07-27 20:25:14,-0.30
2026-07-27 20:25:23,-0.07
2026-07-27 20:25:37,-0.23
2026-07-27 20:27:08,-0.05
2026-07-27 20:28:26,0.02
2026-07-27 20:28:39,-0.25
2026-07-27 20:28:48,-0.30
2026-07-27 20:30:19,-0.01
2026-07-27 20:31:10,-0.34
2026-07-27 20:31:27,-0.06
2026-07-27 20:32:12,-0.31
2026-07-27 20:33:39,-0.09
2026-07-27 20:34:47,-0.34
2026-07-27 20:35:10,-0.01
2026-07-27 20:36:22,-0.36
2026-07-27 20:36:35,-0.05
2026-07-27 20:37:31,-0.27
2026-07-27 20:37:58,-0.03
2026-07-27 20:38:53,-0.31
2026-07-27 20:40:05,0.01
2026-07-27 20:40:28,-0.28
2026-07-27 20:40:41,-0.04
2026-07-27 20:42:22,-0.29
2026-07-27 20:43:25,0.00
2026-07-27 20:43:40,-0.40
2026-07-27 20:44:20,0.14
2026-07-27 20:45:47,-0.43
2026-07-27 20:46:46,-0.02
2026-07-27 20:47:36,0.00
2026-07-27 20:48:31,-0.33
2026-07-27 20:49:06,-0.32
2026-07-27 20:50:06,-0.08
2026-07-27 20:50:28,0.03
2026-07-27 20:51:23,-0.27
2026-07-27 20:52:18,-0.02
2026-07-27 20:53:02,-0.32
2026-07-27 20:53:48,0.01
2026-07-27 20:54:07,-0.25
2026-07-27 20:55:37,0.06
2026-07-27 20:56:23,-0.27
2026-07-27 20:56:55,-0.02
2026-07-27 20:58:07,-0.21
2026-07-27 20:59:02,0.06
2026-07-27 20:59:29,-0.37
2026-07-27 21:00:10,0.00
2026-07-27 21:00:24,-0.28
2026-07-27 21:03:02,0.04
2026-07-27 21:03:16,-0.27
2026-07-27 21:03:49,-0.23
2026-07-27 21:04:15,-0.01
2026-07-27 21:05:10,-0.23
2026-07-27 21:06:37,0.00
2026-07-27 21:07:04,0.02
2026-07-27 21:07:18,-0.23
2026-07-27 21:09:26,0.28
2026-07-27 21:09:52,-0.23
2026-07-27 21:10:20,0.18
2026-07-27 21:10:55,-0.31
2026-07-27 21:12:22,0.20
2026-07-27 21:12:32,-0.22
2026-07-27 21:13:26,0.13
2026-07-27 21:13:53,-0.28
2026-07-27 21:15:28,-0.01
2026-07-27 21:16:24,-0.18
2026-07-27 21:17:39,0.02
2026-07-27 21:18:07,-0.34
2026-07-27 21:19:24,0.13
2026-07-27 21:19:56,-0.24
2026-07-27 21:20:42,0.15
2026-07-27 21:21:00,-0.29
2026-07-27 21:21:45,-0.42
2026-07-27 21:21:55,0.04
2026-07-27 21:23:17,0.15
2026-07-27 21:23:43,-0.47
2026-07-27 21:25:10,-0.22
2026-07-27 21:25:37,0.12
2026-07-27 21:27:48,-0.24
2026-07-27 21:28:02,0.11
2026-07-27 21:29:28,-0.31
2026-07-27 21:29:42,0.15
2026-07-27 21:29:51,0.28
2026-07-27 21:30:45,-0.14
2026-07-27 21:32:40,-0.09
2026-07-27 21:33:07,0.16
2026-07-27 21:33:11,0.12
2026-07-27 21:34:19,-0.15
2026-07-27 21:35:06,0.10
2026-07-27 21:36:26,-0.28
2026-07-27 21:36:40,0.13
2026-07-27 21:37:48,-0.24
2026-07-27 21:38:35,0.10
2026-07-27 21:38:52,-0.21
2026-07-27 21:39:47,-0.16
2026-07-27 21:40:19,0.13
2026-07-27 21:42:21,-0.11
2026-07-27 21:42:49,0.17
2026-07-27 21:44:01,0.21
2026-07-27 21:44:25,-0.08
2026-07-27 21:45:10,0.00
2026-07-27 21:45:37,0.30
2026-07-27 21:46:45,0.20
2026-07-27 21:47:49,-0.03
2026-07-27 21:48:30,-0.11
2026-07-27 21:49:16,0.13
2026-07-27 21:49:51,-0.10
2026-07-27 21:50:50,0.10
2026-07-27 21:51:31,-0.10
2026-07-27 21:52:08,0.18
2026-07-27 21:53:57,0.15
2026-07-27 21:54:06,-0.09
2026-07-27 21:54:38,0.20
2026-07-27 21:55:46,-0.09
2026-07-27 21:57:26,0.23
2026-07-27 21:57:49,-0.04
2026-07-27 21:59:19,0.23
2026-07-27 21:59:23,-0.04
2026-07-27 21:59:38,0.30
2026-07-27 21:59:56,-0.01
2026-07-27 22:01:17,-0.09
2026-07-27 22:01:22,0.23
2026-07-27 22:03:25,-0.01
2026-07-27 22:04:20,0.25
2026-07-27 22:04:51,0.04
2026-07-27 22:05:22,0.31
2026-07-27 22:06:22,-0.08
2026-07-27 22:07:22,0.34
2026-07-27 22:07:49,0.29
2026-07-27 22:09:15,-0.02
2026-07-27 22:09:28,0.03
2026-07-27 22:10:59,0.29
2026-07-27 22:11:08,0.34
2026-07-27 22:11:27,0.11
2026-07-27 22:13:21,0.25
2026-07-27 22:14:02,-0.04
2026-07-27 22:14:52,0.08
2026-07-27 22:15:32,0.24
2026-07-27 22:16:03,0.10
2026-07-27 22:17:35,0.34
2026-07-27 22:17:52,0.37
2026-07-27 22:18:11,0.16
2026-07-27 22:20:09,0.20
2026-07-27 22:20:23,0.42
2026-07-27 22:21:04,0.19
2026-07-27 22:21:49,0.35
2026-07-27 22:23:02,0.20
2026-07-27 22:24:10,0.38
2026-07-27 22:25:10,0.25
2026-07-27 22:25:40,0.44
2026-07-27 22:27:07,0.40
2026-07-27 22:27:11,0.27
2026-07-27 22:28:43,0.28
2026-07-27 22:29:05,0.49
2026-07-27 22:29:28,0.29
2026-07-27 22:30:32,0.63
2026-07-27 22:31:00,0.28
2026-07-27 22:31:27,0.51
2026-07-27 22:32:53,0.33
2026-07-27 22:32:57,0.55
2026-07-27 22:34:16,0.32
2026-07-27 22:34:47,0.59
2026-07-27 22:36:26,0.67
2026-07-27 22:36:45,0.38
2026-07-27 22:37:31,0.43
2026-07-27 22:38:16,0.59
2026-07-27 22:39:20,0.41
2026-07-27 22:39:51,0.64
2026-07-27 22:41:55,0.45
2026-07-27 22:42:12,0.67
2026-07-27 22:42:30,0.37
2026-07-27 22:43:38,0.66
2026-07-27 22:44:06,0.43
2026-07-27 22:44:28,0.72
2026-07-27 22:46:31,0.46
2026-07-27 22:47:03,0.79
2026-07-27 22:47:44,0.37
2026-07-27 22:48:42,1.02
2026-07-27 22:49:07,0.34
2026-07-27 22:50:41,1.04
2026-07-27 22:50:49,0.88
2026-07-27 22:51:49,0.53
2026-07-27 22:53:07,0.59
2026-07-27 22:53:29,0.92
2026-07-27 22:54:14,0.93
2026-07-27 22:55:09,0.57
2026-07-27 22:55:40,0.46
2026-07-27 22:55:54,0.94
2026-07-27 22:58:43,0.48
2026-07-27 22:58:52,0.91
2026-07-27 22:59:32,0.55
2026-07-27 23:00:04,0.93
2026-07-27 23:00:59,0.63
2026-07-27 23:01:44,0.90
2026-07-27 23:03:02,0.58
2026-07-27 23:03:33,1.01
2026-07-27 23:04:06,1.11
2026-07-27 23:04:14,0.67
2026-07-27 23:06:18,0.61
2026-07-27 23:06:44,1.00
2026-07-27 23:07:29,1.04
2026-07-27 23:08:16,0.74
2026-07-27 23:09:06,1.25
2026-07-27 23:10:09,0.65
2026-07-27 23:11:12,0.98
2026-07-27 23:12:02,0.54
2026-07-27 23:12:21,0.62
2026-07-27 23:12:48,1.10
2026-07-27 23:13:52,1.47
2026-07-27 23:15:00,0.75
2026-07-27 23:15:55,1.25
2026-07-27 23:15:59,0.73
2026-07-27 23:17:07,0.79
2026-07-27 23:18:06,1.38
2026-07-27 23:18:51,1.28
2026-07-27 23:19:41,0.89
2026-07-27 23:21:35,0.87
2026-07-27 23:21:58,1.15
2026-07-27 23:22:38,1.16
2026-07-27 23:23:23,0.77
2026-07-27 23:23:56,0.79
2026-07-27 23:24:37,1.15
2026-07-27 23:26:07,0.86
2026-07-27 23:26:43,1.18
2026-07-27 23:27:16,0.80
2026-07-27 23:28:15,1.40
2026-07-27 23:29:00,1.34
2026-07-27 23:29:14,0.96
2026-07-27 23:30:45,1.29
2026-07-27 23:31:52,0.93
2026-07-27 23:33:00,1.24
2026-07-27 23:34:05,0.85
2026-07-27 23:34:09,1.44
2026-07-27 23:35:16,0.94
2026-07-27 23:36:12,1.23
2026-07-27 23:37:30,0.88
2026-07-27 23:38:04,1.42
2026-07-27 23:39:23,1.29
2026-07-27 23:39:27,0.94
2026-07-27 23:41:16,1.29
2026-07-27 23:41:34,0.91
2026-07-27 23:42:33,0.99
2026-07-27 23:42:47,1.25
2026-07-27 23:43:37,1.39
2026-07-27 23:43:51,0.95
2026-07-27 23:45:13,1.02
2026-07-27 23:46:24,1.27
2026-07-27 23:46:52,0.89
2026-07-27 23:48:14,1.29
2026-07-27 23:48:42,1.33
2026-07-27 23:48:51,1.05
2026-07-27 23:51:31,1.36
2026-07-27 23:52:34,1.39
2026-07-27 23:53:14,1.08
2026-07-27 23:53:37,1.37
2026-07-27 23:53:55,1.07
2026-07-27 23:55:58,1.12
2026-07-27 23:56:30,1.43
2026-07-27 23:58:05,1.11
2026-07-27 23:58:13,1.39
2026-07-27 23:59:09,1.44
2026-07-27 23:59:40,1.17
2026-07-28 00:00:21,1.44
2026-07-28 00:01:38,1.00
2026-07-28 00:02:06,1.53
2026-07-28 00:02:42,0.98
2026-07-28 00:03:19,1.03
2026-07-28 00:04:54,1.31
2026-07-28 00:05:17,0.99
2026-07-28 00:05:22,1.44
2026-07-28 00:07:19,1.09
2026-07-28 00:08:00,1.32
2026-07-28 00:08:27,1.40
2026-07-28 00:09:32,1.06
2026-07-28 00:10:27,1.44
2026-07-28 00:10:31,0.99
2026-07-28 00:12:10,1.51
2026-07-28 00:12:20,1.17
2026-07-28 00:13:27,1.15
2026-07-28 00:13:42,1.51
2026-07-28 00:15:31,1.40
2026-07-28 00:15:35,1.15
2026-07-28 00:16:39,1.44
2026-07-28 00:17:33,1.14
2026-07-28 00:19:19,1.44
2026-07-28 00:19:32,1.13
2026-07-28 00:20:30,1.44
2026-07-28 00:21:11,1.08
2026-07-28 00:22:07,1.10
2026-07-28 00:22:16,1.41
2026-07-28 00:24:14,1.06
2026-07-28 00:24:40,1.45
2026-07-28 00:24:59,0.97
2026-07-28 00:26:17,1.57
2026-07-28 00:26:44,1.11
2026-07-28 00:27:15,1.41
2026-07-28 00:28:15,1.07
2026-07-28 00:29:00,1.72
2026-07-28 00:30:04,1.13
2026-07-28 00:31:17,1.62
2026-07-28 00:31:44,1.66
2026-07-28 00:32:02,1.06
2026-07-28 00:34:23,0.98
2026-07-28 00:34:37,1.59
2026-07-28 00:34:50,1.58
2026-07-28 00:35:18,0.94
2026-07-28 00:36:21,1.15
2026-07-28 00:36:29,1.45
2026-07-28 00:38:24,1.47
2026-07-28 00:39:13,1.16
2026-07-28 00:39:37,1.43
2026-07-28 00:40:26,1.19
2026-07-28 00:41:17,1.13
2026-07-28 00:42:39,1.43
2026-07-28 00:43:34,1.46
2026-07-28 00:44:09,1.15
2026-07-28 00:44:45,1.39
2026-07-28 00:45:01,1.18
2026-07-28 00:46:57,1.22
2026-07-28 00:47:24,1.40
2026-07-28 00:47:57,1.18
2026-07-28 00:48:18,1.40
2026-07-28 00:50:32,1.46
2026-07-28 00:50:49,1.26
2026-07-28 00:52:20,1.19
2026-07-28 00:52:43,1.39
2026-07-28 00:53:06,1.21
2026-07-28 00:53:24,1.45
2026-07-28 00:54:27,1.40
2026-07-28 00:54:50,1.15
2026-07-28 00:56:11,1.45
2026-07-28 00:56:24,1.15
2026-07-28 00:58:11,1.23
2026-07-28 00:58:55,1.43
2026-07-28 00:59:36,1.54
2026-07-28 00:59:58,1.21
2026-07-28 01:01:03,1.27
2026-07-28 01:02:20,1.46
2026-07-28 01:02:47,1.33
2026-07-28 01:03:59,1.43
2026-07-28 01:04:28,1.48
2026-07-28 01:04:32,1.28
2026-07-28 01:06:38,1.32
2026-07-28 01:07:05,1.50
2026-07-28 01:08:59,1.36
2026-07-28 01:09:59,1.64
2026-07-28 01:10:03,1.38
2026-07-28 01:11:06,1.60
2026-07-28 01:12:07,1.37
2026-07-28 01:13:50,1.40
2026-07-28 01:14:03,1.65
2026-07-28 01:15:16,1.60
2026-07-28 01:15:35,1.39
2026-07-28 01:16:07,1.58
2026-07-28 01:16:52,1.28
2026-07-28 01:17:46,1.38
2026-07-28 01:18:23,1.53
2026-07-28 01:19:46,1.61
2026-07-28 01:19:59,1.44
2026-07-28 01:21:52,1.42
2026-07-28 01:22:01,1.58
2026-07-28 01:23:04,1.62
2026-07-28 01:23:42,1.48
2026-07-28 01:24:36,1.51
2026-07-28 01:25:26,1.68
2026-07-28 01:26:20,1.66
2026-07-28 01:27:01,1.48
2026-07-28 01:27:33,1.51
2026-07-28 01:29:04,1.87
2026-07-28 01:30:17,1.48
2026-07-28 01:30:43,1.77
2026-07-28 01:31:25,1.47
2026-07-28 01:32:20,1.86
2026-07-28 01:32:37,1.47
2026-07-28 01:33:41,1.77
2026-07-28 01:34:18,1.68
2026-07-28 01:35:12,1.54
2026-07-28 01:36:52,1.75
2026-07-28 01:38:45,1.45
2026-07-28 01:38:54,1.76
2026-07-28 01:40:29,1.51
2026-07-28 01:40:35,1.81
2026-07-28 01:40:44,1.49
2026-07-28 01:40:49,1.71
2026-07-28 01:42:32,1.70
2026-07-28 01:43:32,1.47
2026-07-28 01:44:54,1.69
2026-07-28 01:45:16,1.36
2026-07-28 01:46:28,1.69
2026-07-28 01:46:47,1.38
2026-07-28 01:47:19,1.51
2026-07-28 01:48:36,1.67
2026-07-28 01:49:12,1.50
2026-07-28 01:50:39,1.65
2026-07-28 01:52:05,1.48
2026-07-28 01:52:32,1.66
2026-07-28 01:53:05,1.51
2026-07-28 01:54:08,1.68
2026-07-28 01:54:59,1.49
2026-07-28 01:55:54,1.67
2026-07-28 01:56:34,1.47
2026-07-28 01:57:23,1.69
2026-07-28 01:58:32,1.51
2026-07-28 01:59:23,1.77
2026-07-28 01:59:40,1.49
2026-07-28 02:00:44,1.53
2026-07-28 02:01:56,1.72
2026-07-28 02:02:38,1.52
2026-07-28 02:03:37,1.70
2026-07-28 02:03:59,1.47
2026-07-28 02:04:35,1.75
2026-07-28 02:05:25,1.73
2026-07-28 02:06:34,1.59
2026-07-28 02:07:28,1.64
2026-07-28 02:07:37,1.81
2026-07-28 02:09:04,1.63
2026-07-28 02:09:35,1.83
2026-07-28 02:11:25,1.69
2026-07-28 02:11:57,1.82
2026-07-28 02:12:06,1.80
2026-07-28 02:13:31,1.65
2026-07-28 02:14:00,1.84
2026-07-28 02:14:21,1.66
2026-07-28 02:15:26,1.84
2026-07-28 02:16:29,1.63
2026-07-28 02:17:18,1.65
2026-07-28 02:18:14,1.83
2026-07-28 02:18:37,1.59
2026-07-28 02:19:36,1.80
2026-07-28 02:20:43,1.85
2026-07-28 02:21:24,1.60
2026-07-28 02:22:41,1.58
2026-07-28 02:23:22,1.82
2026-07-28 02:23:55,1.78
2026-07-28 02:24:16,1.65
2026-07-28 02:25:39,1.62
2026-07-28 02:26:38,1.79
2026-07-28 02:26:56,1.75
2026-07-28 02:27:24,1.57
2026-07-28 02:29:03,1.53
2026-07-28 02:29:59,1.85
2026-07-28 02:30:57,1.75
2026-07-28 02:31:29,1.48
2026-07-28 02:32:23,1.65
2026-07-28 02:32:37,1.49
2026-07-28 02:33:33,1.62
2026-07-28 02:34:27,1.39
2026-07-28 02:35:48,1.62
2026-07-28 02:36:42,1.31
2026-07-28 02:36:47,1.36
2026-07-28 02:38:00,1.48
2026-07-28 02:38:33,1.40
2026-07-28 02:38:37,1.35
2026-07-28 02:38:41,1.38
2026-07-28 02:38:46,1.43
2026-07-28 02:38:50,1.44
2026-07-28 02:39:58,1.26
2026-07-28 02:40:08,1.23
2026-07-28 02:40:35,1.49
2026-07-28 02:42:02,1.22
2026-07-28 02:43:04,1.50
2026-07-28 02:43:32,1.20
2026-07-28 02:44:45,1.37
2026-07-28 02:45:04,1.43
2026-07-28 02:45:35,1.18
2026-07-28 02:47:28,1.43
2026-07-28 02:48:01,1.19
2026-07-28 02:48:18,1.21
2026-07-28 02:49:28,1.41
2026-07-28 02:50:13,1.22
2026-07-28 02:50:49,1.40
2026-07-28 02:51:38,1.22
2026-07-28 02:52:01,1.50
2026-07-28 02:53:24,1.24
2026-07-28 02:53:55,1.43
2026-07-28 02:55:17,1.47
2026-07-28 02:55:30,1.30
2026-07-28 02:56:57,1.28
2026-07-28 02:57:34,1.51
2026-07-28 02:59:14,1.25
2026-07-28 03:00:30,1.50
2026-07-28 03:00:58,1.30
2026-07-28 03:02:15,1.52
2026-07-28 03:02:56,1.35
2026-07-28 03:03:28,1.69
2026-07-28 03:04:40,1.37
2026-07-28 03:05:00,1.29
2026-07-28 03:05:35,1.59
2026-07-28 03:06:38,1.42
2026-07-28 03:08:01,1.61
2026-07-28 03:08:15,1.64
2026-07-28 03:09:04,1.44
2026-07-28 03:09:45,1.63
2026-07-28 03:09:50,1.40
2026-07-28 03:11:33,1.63
2026-07-28 03:12:47,1.38
2026-07-28 03:13:27,1.66
2026-07-28 03:14:08,1.36
2026-07-28 03:15:03,1.44
2026-07-28 03:15:30,1.70
2026-07-28 03:17:29,1.41
2026-07-28 03:17:47,1.67
2026-07-28 03:18:24,1.70
2026-07-28 03:19:32,1.43
2026-07-28 03:20:09,1.65
2026-07-28 03:21:03,1.40
2026-07-28 03:22:15,1.66
2026-07-28 03:22:20,1.33
2026-07-28 03:23:42,1.62
2026-07-28 03:24:28,1.40
2026-07-28 03:24:59,1.43
2026-07-28 03:25:30,1.69
2026-07-28 03:27:16,1.59
2026-07-28 03:27:48,1.44
2026-07-28 03:28:05,1.47
2026-07-28 03:29:32,1.82
2026-07-28 03:29:59,1.46
2026-07-28 03:30:21,1.93
2026-07-28 03:31:44,1.44
2026-07-28 03:32:24,1.70
2026-07-28 03:34:04,1.65
2026-07-28 03:34:13,1.40
2026-07-28 03:34:31,1.70
2026-07-28 03:35:09,1.34
2026-07-28 03:36:44,1.62
2026-07-28 03:37:38,1.41
2026-07-28 03:38:52,1.72
2026-07-28 03:39:19,1.39
2026-07-28 03:40:04,1.64
2026-07-28 03:41:03,1.44
2026-07-28 03:41:08,1.46
2026-07-28 03:41:39,1.72
2026-07-28 03:42:48,1.45
2026-07-28 03:43:02,1.72
2026-07-28 03:44:50,1.75
2026-07-28 03:45:17,1.47
2026-07-28 03:46:52,1.50
2026-07-28 03:47:29,1.81
2026-07-28 03:47:46,1.72
2026-07-28 03:48:19,1.47
2026-07-28 03:49:41,1.73
2026-07-28 03:50:41,1.45
2026-07-28 03:52:11,1.77
2026-07-28 03:52:16,1.38
2026-07-28 03:53:05,1.39
2026-07-28 03:53:51,1.83
2026-07-28 03:54:37,1.72
2026-07-28 03:54:55,1.43
2026-07-28 03:56:17,1.73
2026-07-28 03:57:15,1.51
2026-07-28 03:57:42,1.39
2026-07-28 03:57:56,1.83
2026-07-28 03:59:22,1.84
2026-07-28 04:00:12,1.40
2026-07-28 04:01:03,1.64
2026-07-28 04:01:30,1.44
2026-07-28 04:03:37,1.34
2026-07-28 04:03:56,1.65
2026-07-28 04:05:26,1.40
2026-07-28 04:05:31,1.67
2026-07-28 04:07:11,1.77
2026-07-28 04:07:29,1.41
2026-07-28 04:07:51,1.68
2026-07-28 04:08:02,1.33
2026-07-28 04:09:36,1.42
2026-07-28 04:10:40,1.68
2026-07-28 04:11:39,1.44
2026-07-28 04:12:15,1.70
2026-07-28 04:14:00,1.36
2026-07-28 04:14:32,1.70
2026-07-28 04:15:31,1.42
2026-07-28 04:15:45,1.43
2026-07-28 04:17:19,1.77
2026-07-28 04:18:37,1.73
2026-07-28 04:19:00,1.39
2026-07-28 04:20:12,1.67
2026-07-28 04:20:21,1.42
2026-07-28 04:21:39,1.75
2026-07-28 04:21:48,1.40
2026-07-28 04:23:28,1.71
2026-07-28 04:23:50,1.35
2026-07-28 04:24:00,1.41
2026-07-28 04:24:58,1.67
2026-07-28 04:25:44,1.76
2026-07-28 04:27:15,1.45
2026-07-28 04:27:23,1.47
2026-07-28 04:28:32,1.73
2026-07-28 04:29:14,1.35
2026-07-28 04:29:27,1.70
2026-07-28 04:30:39,1.73
2026-07-28 04:31:44,1.40
2026-07-28 04:32:56,1.45
2026-07-28 04:33:15,1.70
2026-07-28 04:34:59,1.35
2026-07-28 04:35:22,1.67
2026-07-28 04:36:11,1.42
2026-07-28 04:37:02,1.70
2026-07-28 04:37:24,1.36
2026-07-28 04:37:51,1.70
2026-07-28 04:40:21,1.44
2026-07-28 04:41:12,1.76
2026-07-28 04:41:20,1.37
2026-07-28 04:42:29,1.81
2026-07-28 04:42:34,1.44
2026-07-28 04:43:50,1.47
2026-07-28 04:45:00,1.77
2026-07-28 04:46:52,1.78
2026-07-28 04:46:58,1.46
2026-07-28 04:47:20,1.44
2026-07-28 04:48:00,1.76
2026-07-28 04:49:41,1.40
2026-07-28 04:50:28,1.80
2026-07-28 04:51:57,1.45
2026-07-28 04:52:35,1.49
2026-07-28 04:53:37,1.80
2026-07-28 04:54:01,1.85
2026-07-28 04:54:55,1.47
2026-07-28 04:55:22,1.77
2026-07-28 04:55:40,1.47
2026-07-28 04:57:56,1.51
2026-07-28 04:58:20,1.76
2026-07-28 04:59:41,2.09
2026-07-28 05:00:14,1.38
2026-07-28 05:00:31,1.30
2026-07-28 05:00:41,1.72
2026-07-28 05:02:47,1.35
2026-07-28 05:03:05,1.81
2026-07-28 05:04:18,1.63
2026-07-28 05:04:28,1.26
2026-07-28 05:06:30,1.68
2026-07-28 05:06:43,1.26
2026-07-28 05:07:53,1.27
2026-07-28 05:08:10,1.68
2026-07-28 05:08:47,1.75
2026-07-28 05:09:49,1.27
2026-07-28 05:10:17,1.29
2026-07-28 05:11:17,1.80
2026-07-28 05:12:03,1.38
2026-07-28 05:12:24,1.84
2026-07-28 05:14:18,1.39
2026-07-28 05:14:36,1.83
2026-07-28 05:15:16,1.30
2026-07-28 05:16:07,1.85
2026-07-28 05:17:02,1.34
2026-07-28 05:18:01,1.75
2026-07-28 05:19:46,1.88
2026-07-28 05:19:50,1.31
2026-07-28 05:20:22,1.10
2026-07-28 05:20:31,1.95
2026-07-28 05:22:19,1.88
2026-07-28 05:22:38,1.24
2026-07-28 05:23:46,1.34
2026-07-28 05:23:56,1.73
2026-07-28 05:25:31,1.36
2026-07-28 05:26:12,1.68
2026-07-28 05:26:43,1.76
2026-07-28 05:26:52,1.45
2026-07-28 05:28:51,1.37
2026-07-28 05:29:54,2.05
2026-07-28 05:30:04,1.94
2026-07-28 05:31:31,1.26
2026-07-28 05:31:52,1.25
2026-07-28 05:33:14,1.72
2026-07-28 05:33:19,1.59
2026-07-28 05:33:27,1.27
2026-07-28 05:35:31,1.17
2026-07-28 05:35:49,1.56
2026-07-28 05:37:10,1.00
2026-07-28 05:37:20,1.60
2026-07-28 05:38:47,1.45
2026-07-28 05:39:10,1.21
2026-07-28 05:40:40,1.62
2026-07-28 05:40:45,1.20
2026-07-28 05:41:39,1.51
2026-07-28 05:42:20,1.19
2026-07-28 05:43:55,1.44
2026-07-28 05:44:01,1.04
2026-07-28 05:44:54,1.61
2026-07-28 05:45:35,1.13
2026-07-28 05:46:43,1.12
2026-07-28 05:47:30,1.60
2026-07-28 05:48:55,1.00
2026-07-28 05:49:22,1.62
2026-07-28 05:50:26,0.85
2026-07-28 05:51:03,2.02
2026-07-28 05:51:39,2.05
2026-07-28 05:52:14,1.20
2026-07-28 05:53:32,1.34
2026-07-28 05:53:42,1.79
2026-07-28 05:54:49,1.98
2026-07-28 05:54:55,1.21
2026-07-28 05:57:20,1.04
2026-07-28 05:58:01,1.75
2026-07-28 05:59:09,1.96
2026-07-28 05:59:23,1.14
2026-07-28 05:59:45,1.84
2026-07-28 05:59:54,1.12
2026-07-28 06:01:48,1.13
2026-07-28 06:02:38,1.71
2026-07-28 06:03:37,1.72
2026-07-28 06:03:56,1.36
2026-07-28 06:05:50,1.71
2026-07-28 06:05:54,1.25
2026-07-28 06:06:25,1.18
2026-07-28 06:06:44,1.83
2026-07-28 06:08:05,1.20
2026-07-28 06:08:50,1.61
2026-07-28 06:10:08,1.23
2026-07-28 06:10:54,1.58
2026-07-28 06:12:02,1.07
2026-07-28 06:12:51,1.52
2026-07-28 06:13:46,1.49
2026-07-28 06:14:00,1.08
2026-07-28 06:15:04,1.43
2026-07-28 06:15:44,1.03
2026-07-28 06:16:39,1.45
2026-07-28 06:16:48,1.01
2026-07-28 06:18:14,0.97
2026-07-28 06:18:41,1.42
2026-07-28 06:19:49,1.07
2026-07-28 06:19:59,1.39
2026-07-28 06:22:10,1.45
2026-07-28 06:22:47,0.91
2026-07-28 06:23:32,1.34
2026-07-28 06:23:59,0.89
2026-07-28 06:25:18,0.94
2026-07-28 06:25:54,1.30
2026-07-28 06:26:07,0.95
2026-07-28 06:27:42,1.32
2026-07-28 06:28:33,0.91
2026-07-28 06:29:00,1.58
2026-07-28 06:30:17,1.67
2026-07-28 06:30:53,0.82
2026-07-28 06:31:30,1.11
2026-07-28 06:31:57,0.79
2026-07-28 06:33:42,1.09
2026-07-28 06:33:51,0.66
2026-07-28 06:35:17,1.05
2026-07-28 06:35:21,0.63
2026-07-28 06:36:25,0.64
2026-07-28 06:37:11,1.01
2026-07-28 06:37:47,0.66
2026-07-28 06:38:09,1.14
2026-07-28 06:39:23,1.02
2026-07-28 06:39:54,0.64
2026-07-28 06:41:03,1.25
2026-07-28 06:41:25,0.51
2026-07-28 06:42:56,0.96
2026-07-28 06:43:36,0.55
2026-07-28 06:44:27,0.38
2026-07-28 06:45:03,0.94
2026-07-28 06:45:54,0.41
2026-07-28 06:46:07,0.98
2026-07-28 06:48:01,0.27
2026-07-28 06:48:51,0.85
2026-07-28 06:50:31,0.34
2026-07-28 06:50:35,0.83
2026-07-28 06:51:39,0.87
2026-07-28 06:51:52,0.26
2026-07-28 06:53:19,0.22
2026-07-28 06:53:50,0.83
2026-07-28 06:54:31,0.68
2026-07-28 06:54:40,0.00
2026-07-28 06:56:25,0.61
2026-07-28 06:56:56,0.17
2026-07-28 06:57:29,0.27
2026-07-28 06:58:54,0.85
2026-07-28 06:59:51,0.30
2026-07-28 07:00:04,0.85
2026-07-28 07:00:53,0.76
2026-07-28 07:00:58,0.16
2026-07-28 07:02:42,0.19
2026-07-28 07:02:47,0.46
2026-07-28 07:04:18,0.38
2026-07-28 07:05:03,0.09
2026-07-28 07:06:11,0.41
2026-07-28 07:07:19,0.07
2026-07-28 07:07:47,0.21
2026-07-28 07:08:32,0.05
2026-07-28 07:09:09,0.32
2026-07-28 07:09:13,-0.10
2026-07-28 07:11:21,-0.13
2026-07-28 07:11:48,0.29
2026-07-28 07:12:21,0.13
2026-07-28 07:13:32,-0.24
2026-07-28 07:14:08,-0.22
2026-07-28 07:14:40,0.08
2026-07-28 07:15:49,-0.27
2026-07-28 07:17:01,0.07
2026-07-28 07:17:46,-0.29
2026-07-28 07:18:37,-0.01
2026-07-28 07:19:27,-0.39
2026-07-28 07:19:36,-0.02
2026-07-28 07:21:02,-0.01
2026-07-28 07:22:02,-0.60
2026-07-28 07:23:18,-0.62
2026-07-28 07:23:33,0.64
2026-07-28 07:23:59,-0.10
2026-07-28 07:25:03,1.11
2026-07-28 07:25:39,0.90
2026-07-28 07:26:52,2.44
2026-07-28 07:27:11,2.10
2026-07-28 07:28:46,4.14
2026-07-28 07:29:00,3.87
2026-07-28 07:30:16,5.96
2026-07-28 07:30:48,5.98
2026-07-28 07:31:53,4.44
2026-07-28 07:32:06,4.91
2026-07-28 07:33:14,6.23
2026-07-28 07:33:55,6.16
2026-07-28 07:34:31,5.15
2026-07-28 07:35:39,5.61
2026-07-28 07:36:25,7.85
2026-07-28 07:37:20,8.17
2026-07-28 07:38:28,6.19
2026-07-28 07:38:55,6.21
2026-07-28 07:39:55,5.28
2026-07-28 07:41:03,5.77
2026-07-28 07:41:48,4.55
2026-07-28 07:42:05,4.47
2026-07-28 07:43:19,3.23
2026-07-28 07:43:59,3.67
2026-07-28 07:45:08,1.77
2026-07-28 07:45:26,1.54
2026-07-28 07:46:53,0.35
2026-07-28 07:47:15,0.27
2026-07-28 07:48:09,1.96
2026-07-28 07:48:42,1.66
2026-07-28 07:50:13,0.23
2026-07-28 07:50:49,0.56
2026-07-28 07:51:43,-0.29
2026-07-28 07:51:57,0.30
2026-07-28 07:52:47,-0.44
2026-07-28 07:54:50,-0.14
2026-07-28 07:55:03,-0.62
2026-07-28 07:55:30,-0.16
2026-07-28 07:55:53,-0.72
2026-07-28 07:57:14,-0.39
2026-07-28 07:57:47,-0.80
2026-07-28 07:58:55,-0.25
2026-07-28 07:59:40,-0.91
2026-07-28 08:00:25,-0.94
2026-07-28 08:00:34,-0.37
2026-07-28 08:02:18,-0.62
2026-07-28 08:03:13,-1.02
2026-07-28 08:04:17,-0.55
2026-07-28 08:05:02,-1.01
2026-07-28 08:05:16,-1.06
2026-07-28 08:05:39,-0.64
2026-07-28 08:07:56,-1.10
2026-07-28 08:08:09,-0.73
2026-07-28 08:09:07,-0.82
2026-07-28 08:09:57,-1.21
2026-07-28 08:10:48,-0.81
2026-07-28 08:10:57,-1.23
2026-07-28 08:12:32,-0.91
2026-07-28 08:12:55,-1.45
2026-07-28 08:13:22,-0.91
2026-07-28 08:14:54,-1.32
2026-07-28 08:15:07,-1.52
2026-07-28 08:16:16,-0.86
2026-07-28 08:17:10,-0.84
2026-07-28 08:17:15,-1.30
2026-07-28 08:18:27,-0.89
2026-07-28 08:18:37,-1.27
2026-07-28 08:21:02,-1.33
2026-07-28 08:21:16,-0.89
2026-07-28 08:21:47,-1.27
2026-07-28 08:22:37,-0.66
2026-07-28 08:24:08,-0.88
2026-07-28 08:24:45,-1.24
2026-07-28 08:26:06,-1.32
2026-07-28 08:26:24,-0.86
2026-07-28 08:27:28,-0.59
2026-07-28 08:27:50,-1.13
2026-07-28 08:28:40,-0.52
2026-07-28 08:28:45,-1.06
2026-07-28 08:30:12,-0.89
2026-07-28 08:30:43,-0.27
2026-07-28 08:32:09,-0.53
2026-07-28 08:33:04,-1.01
2026-07-28 08:33:22,-0.92
2026-07-28 08:34:44,-0.11
2026-07-28 08:35:07,-0.44
2026-07-28 08:36:01,-0.01
2026-07-28 08:36:51,-0.15
2026-07-28 08:38:05,0.60
2026-07-28 08:38:22,0.19
2026-07-28 08:39:03,1.40
2026-07-28 08:39:48,1.35
2026-07-28 08:40:44,2.30
2026-07-28 08:41:47,1.63
2026-07-28 08:42:42,1.02
2026-07-28 08:43:27,1.50
2026-07-28 08:44:39,0.94
2026-07-28 08:44:43,1.14
2026-07-28 08:45:03,0.58
2026-07-28 08:46:46,0.87
2026-07-28 08:47:26,0.34
2026-07-28 08:48:32,0.59
2026-07-28 08:48:53,0.18
2026-07-28 08:50:11,0.16
2026-07-28 08:50:56,0.57
2026-07-28 08:52:46,0.77
2026-07-28 08:52:50,0.21
2026-07-28 08:52:59,0.50
2026-07-28 08:54:16,1.73
2026-07-28 08:54:52,1.43
2026-07-28 08:55:38,2.17
2026-07-28 08:56:19,2.01
2026-07-28 08:56:24,1.68
2026-07-28 08:58:13,1.80
2026-07-28 08:58:58,2.31
2026-07-28 08:59:40,1.89
2026-07-28 09:01:02,2.67
2026-07-28 09:01:19,2.46
2026-07-28 09:02:27,3.76
2026-07-28 09:02:51,3.68
2026-07-28 09:03:54,4.71
2026-07-28 09:05:11,4.57
2026-07-28 09:05:52,5.10
2026-07-28 09:06:10,4.75
2026-07-28 09:07:40,2.65
2026-07-28 09:07:50,2.76
2026-07-28 09:09:21,1.44
2026-07-28 09:10:02,1.52
2026-07-28 09:10:56,1.10
2026-07-28 09:12:27,1.24
2026-07-28 09:12:37,1.63
2026-07-28 09:13:39,1.35
2026-07-28 09:14:20,1.79
2026-07-28 09:14:25,1.48
2026-07-28 09:15:38,1.81
2026-07-28 09:16:32,1.78
2026-07-28 09:17:13,1.21
2026-07-28 09:17:45,1.53
2026-07-28 09:19:07,1.18
2026-07-28 09:20:20,1.52
2026-07-28 09:20:57,1.02
2026-07-28 09:21:37,1.33
2026-07-28 09:21:51,0.93
2026-07-28 09:23:04,1.08
2026-07-28 09:24:16,0.79
2026-07-28 09:24:47,0.75
2026-07-28 09:25:41,1.26
2026-07-28 09:27:04,0.73
2026-07-28 09:27:14,1.14
2026-07-28 09:27:55,1.54
2026-07-28 09:28:44,0.86
2026-07-28 09:29:16,1.03
2026-07-28 09:30:47,2.17
2026-07-28 09:31:14,1.72
2026-07-28 09:32:26,2.69
2026-07-28 09:32:35,2.60
2026-07-28 09:34:07,4.51
2026-07-28 09:34:20,4.85
2026-07-28 09:35:42,6.72
2026-07-28 09:35:55,6.84
2026-07-28 09:37:22,10.29
2026-07-28 09:37:36,10.31
2026-07-28 09:38:57,9.29
2026-07-28 09:39:11,9.80
2026-07-28 09:40:46,6.76
2026-07-28 09:40:51,6.49
2026-07-28 09:42:22,3.76
2026-07-28 09:42:54,3.42
2026-07-28 09:44:20,3.09
2026-07-28 09:44:34,3.92
2026-07-28 09:45:51,3.59
2026-07-28 09:47:17,2.52
2026-07-28 09:48:17,2.33
2026-07-28 09:48:21,2.84
2026-07-28 09:49:06,2.69
2026-07-28 09:49:48,2.04
2026-07-28 09:51:22,2.46
2026-07-28 09:52:18,1.74
2026-07-28 09:52:35,2.27
2026-07-28 09:52:54,1.79
2026-07-28 09:54:07,1.97
2026-07-28 09:54:48,1.50
2026-07-28 09:56:09,1.33
2026-07-28 09:57:13,2.18
2026-07-28 09:57:18,2.01
2026-07-28 09:58:49,2.57
2026-07-28 09:59:34,2.03
2026-07-28 10:00:15,2.69
2026-07-28 10:01:28,2.23
2026-07-28 10:02:14,1.57
2026-07-28 10:02:55,1.61
2026-07-28 10:03:44,2.23
2026-07-28 10:04:11,1.82
2026-07-28 10:04:52,2.82
2026-07-28 10:05:51,2.63
2026-07-28 10:06:37,2.08
2026-07-28 10:07:13,2.31
2026-07-28 10:07:58,1.62
2026-07-28 10:08:53,1.88
2026-07-28 10:10:20,1.34
2026-07-28 10:10:38,1.70
2026-07-28 10:11:50,0.62
2026-07-28 10:12:12,0.95
2026-07-28 10:12:40,0.16
2026-07-28 10:14:03,0.45
2026-07-28 10:15:11,-0.19
2026-07-28 10:16:32,-0.53
2026-07-28 10:16:37,0.09
2026-07-28 10:17:36,-0.04
2026-07-28 10:17:49,-0.54
2026-07-28 10:19:15,-0.62
2026-07-28 10:20:15,0.02
2026-07-28 10:20:52,-0.57
2026-07-28 10:21:55,-0.01
2026-07-28 10:22:18,-0.27
2026-07-28 10:22:40,0.06
2026-07-28 10:23:44,-0.32
2026-07-28 10:24:34,0.20
2026-07-28 10:25:42,-0.17
2026-07-28 10:26:37,0.24
2026-07-28 10:27:13,0.26
2026-07-28 10:28:31,-0.14
2026-07-28 10:29:02,0.21
2026-07-28 10:29:29,-0.27
2026-07-28 10:30:47,0.04
2026-07-28 10:31:14,-0.31
2026-07-28 10:32:58,-0.32
2026-07-28 10:33:18,-0.01
2026-07-28 10:33:39,-0.31
2026-07-28 10:34:57,-0.08
2026-07-28 10:35:24,-0.21
2026-07-28 10:36:51,-0.48
2026-07-28 10:36:55,-0.57
2026-07-28 10:38:26,-0.19
2026-07-28 10:39:47,-0.62
2026-07-28 10:40:06,-0.32
2026-07-28 10:41:32,-0.61
2026-07-28 10:41:38,-0.40
2026-07-28 10:42:45,-0.34
2026-07-28 10:43:08,-0.70
2026-07-28 10:43:34,-0.75
2026-07-28 10:43:40,-0.35
2026-07-28 10:45:37,-0.59
2026-07-28 10:46:37,-0.15
2026-07-28 10:48:09,-0.05
2026-07-28 10:48:22,-0.57
2026-07-28 10:49:03,-0.32
2026-07-28 10:49:38,-0.64
2026-07-28 10:50:15,-0.33
2026-07-28 10:51:09,-0.72
2026-07-28 10:52:05,-0.63
2026-07-28 10:52:36,-0.29
2026-07-28 10:53:35,-0.81
2026-07-28 10:53:40,-0.31
2026-07-28 10:55:29,-0.36
2026-07-28 10:55:52,-0.68
2026-07-28 10:57:31,-0.45
2026-07-28 10:58:07,-0.72
2026-07-28 10:58:58,-0.38
2026-07-28 10:59:34,-0.69
2026-07-28 11:00:47,-0.81
2026-07-28 11:01:06,-0.39
2026-07-28 11:02:22,-0.74
2026-07-28 11:02:32,-0.53
2026-07-28 11:04:35,-0.80
2026-07-28 11:04:53,-0.53
2026-07-28 11:05:16,-0.50
2026-07-28 11:05:29,-0.79
2026-07-28 11:07:09,-0.35
2026-07-28 11:07:24,-0.83
2026-07-28 11:09:12,-0.87
2026-07-28 11:09:43,-0.50
2026-07-28 11:10:11,-0.48
2026-07-28 11:10:34,-0.75
2026-07-28 11:12:28,-0.56
2026-07-28 11:12:36,-0.80
2026-07-28 11:13:13,-0.58
2026-07-28 11:14:25,-0.77
2026-07-28 11:15:20,-0.86
2026-07-28 11:15:47,-0.50
2026-07-28 11:17:32,-0.77
2026-07-28 11:18:20,-0.40
2026-07-28 11:19:47,-0.88
2026-07-28 11:19:57,-0.51
2026-07-28 11:20:24,-0.83
2026-07-28 11:21:41,-0.87
2026-07-28 11:22:45,-0.48
2026-07-28 11:24:07,-0.47
2026-07-28 11:24:34,-0.80
2026-07-28 11:25:05,-0.44
2026-07-28 11:26:09,-0.92
2026-07-28 11:27:32,-0.47
2026-07-28 11:27:50,-0.75
2026-07-28 11:28:54,-0.71
2026-07-28 11:29:25,-0.45
2026-07-28 11:31:01,-0.37
2026-07-28 11:31:19,-0.76
2026-07-28 11:32:13,-0.21
2026-07-28 11:32:17,-0.83
2026-07-28 11:33:25,-0.37
2026-07-28 11:33:49,-0.69
2026-07-28 11:35:12,-0.18
2026-07-28 11:35:25,-0.72
2026-07-28 11:37:14,-0.62
2026-07-28 11:37:45,-0.24
2026-07-28 11:38:04,-0.48
2026-07-28 11:38:58,0.10
2026-07-28 11:39:43,-0.28
2026-07-28 11:39:48,0.09
2026-07-28 11:41:24,-0.34
2026-07-28 11:42:10,0.28
2026-07-28 11:44:12,0.78
2026-07-28 11:44:30,-0.04
2026-07-28 11:44:34,-0.10
2026-07-28 11:46:10,1.04
2026-07-28 11:46:41,-0.25
2026-07-28 11:47:01,0.88
2026-07-28 11:48:26,0.33
2026-07-28 11:48:57,1.28
2026-07-28 11:49:49,0.24
2026-07-28 11:50:34,1.56
2026-07-28 11:51:11,1.04
2026-07-28 11:52:46,3.40
2026-07-28 11:53:40,2.92
2026-07-28 11:54:25,3.97
2026-07-28 11:54:57,4.33
2026-07-28 11:55:55,2.87
2026-07-28 11:56:15,3.61
2026-07-28 11:57:28,2.83
2026-07-28 11:57:58,3.15
2026-07-28 11:59:16,2.00
2026-07-28 12:00:05,2.41
2026-07-28 12:00:52,1.68
2026-07-28 12:01:10,2.19
2026-07-28 12:01:55,1.55
2026-07-28 12:02:50,2.00
2026-07-28 12:04:07,2.85
2026-07-28 12:04:21,2.46
2026-07-28 12:05:56,1.63
2026-07-28 12:06:33,2.47
2026-07-28 12:06:56,1.38
2026-07-28 12:07:45,1.76
2026-07-28 12:08:54,0.74
2026-07-28 12:09:21,1.52
2026-07-28 12:10:16,0.82
2026-07-28 12:11:54,0.65
2026-07-28 12:12:22,1.21
2026-07-28 12:12:41,1.11
2026-07-28 12:13:58,0.39
2026-07-28 12:14:39,0.24
2026-07-28 12:15:34,0.65
2026-07-28 12:17:18,0.08
2026-07-28 12:18:31,0.49
2026-07-28 12:18:44,-0.20
2026-07-28 12:19:29,-0.12
2026-07-28 12:20:43,0.47
2026-07-28 12:21:06,0.03
2026-07-28 12:22:28,1.11
2026-07-28 12:22:41,1.29
2026-07-28 12:23:57,0.23
2026-07-28 12:24:29,0.62
2026-07-28 12:25:42,0.09
2026-07-28 12:25:56,0.16
2026-07-28 12:26:41,0.75
2026-07-28 12:27:31,0.53
2026-07-28 12:28:49,0.18
2026-07-28 12:29:25,0.55
2026-07-28 12:30:14,0.09
2026-07-28 12:31:32,0.47
2026-07-28 12:32:00,0.13
2026-07-28 12:32:27,0.33
2026-07-28 12:33:21,-0.01
2026-07-28 12:35:15,-0.11
2026-07-28 12:35:38,0.68
2026-07-28 12:35:51,-0.29
2026-07-28 12:36:41,0.28
2026-07-28 12:37:35,0.34
2026-07-28 12:37:46,-0.22
2026-07-28 12:39:07,0.39
2026-07-28 12:39:47,-0.16
2026-07-28 12:40:42,-0.13
2026-07-28 12:41:23,0.50
2026-07-28 12:42:30,0.42
2026-07-28 12:42:36,-0.09
2026-07-28 12:43:57,-0.12
2026-07-28 12:44:30,0.38
2026-07-28 12:46:00,-0.12
2026-07-28 12:46:59,0.80
2026-07-28 12:47:17,-0.02
2026-07-28 12:48:35,0.66
2026-07-28 12:48:54,0.61
2026-07-28 12:49:25,0.13
2026-07-28 12:51:00,0.47
2026-07-28 12:51:51,-0.08
2026-07-28 12:53:25,-0.30
2026-07-28 12:53:30,0.78
2026-07-28 12:54:34,0.77
2026-07-28 12:54:56,-0.17
2026-07-28 12:55:56,-0.19
2026-07-28 12:56:10,0.92
2026-07-28 12:57:18,-0.23
2026-07-28 12:57:27,1.04
2026-07-28 12:58:53,0.50
2026-07-28 13:00:06,1.53
2026-07-28 13:00:33,1.44
2026-07-28 13:02:05,2.91
2026-07-28 13:02:39,2.57
2026-07-28 13:03:25,4.68
2026-07-28 13:03:45,4.74
2026-07-28 13:04:39,3.71
2026-07-28 13:06:23,4.39
2026-07-28 13:07:00,3.12
2026-07-28 13:07:05,3.08
2026-07-28 13:08:26,0.64
2026-07-28 13:08:43,0.91
2026-07-28 13:10:14,0.33
2026-07-28 13:10:51,0.25
2026-07-28 13:11:59,0.63
2026-07-28 13:12:09,0.84
2026-07-28 13:12:26,0.20
2026-07-28 13:14:02,0.70
2026-07-28 13:14:53,0.06
2026-07-28 13:15:51,0.46
2026-07-28 13:15:55,0.08
2026-07-28 13:16:23,0.39
2026-07-28 13:16:28,0.31
2026-07-28 13:16:32,0.19
2026-07-28 13:16:50,0.35
2026-07-28 13:17:27,0.41
2026-07-28 13:18:35,0.07
2026-07-28 13:19:02,0.31
2026-07-28 13:19:24,-0.05
2026-07-28 13:20:15,-0.09
2026-07-28 13:21:13,0.30
2026-07-28 13:22:45,-0.09
2026-07-28 13:23:16,0.20
2026-07-28 13:23:53,0.17
2026-07-28 13:25:05,-0.17
2026-07-28 13:25:42,-0.19
2026-07-28 13:26:05,0.10
2026-07-28 13:27:54,-0.23
2026-07-28 13:28:11,0.21
2026-07-28 13:28:57,-0.31
2026-07-28 13:29:20,0.11
2026-07-28 13:30:24,-0.18
2026-07-28 13:31:13,0.21
2026-07-28 13:31:49,-0.20
2026-07-28 13:32:44,0.13
2026-07-28 13:33:34,0.11
2026-07-28 13:35:01,-0.34
2026-07-28 13:35:28,-0.27
2026-07-28 13:35:33,0.13
2026-07-28 13:36:58,-0.23
2026-07-28 13:37:11,0.05
2026-07-28 13:39:24,-0.34
2026-07-28 13:40:13,-0.20
2026-07-28 13:41:08,0.06
2026-07-28 13:41:50,-0.28
2026-07-28 13:43:02,0.04
2026-07-28 13:43:56,0.12
2026-07-28 13:44:33,-0.24
2026-07-28 13:46:04,-0.33
2026-07-28 13:46:17,0.09
2026-07-28 13:46:58,0.19
2026-07-28 13:47:52,-0.30
2026-07-28 13:49:33,0.20
2026-07-28 13:49:56,-0.21
2026-07-28 13:50:14,0.10
2026-07-28 13:51:08,-0.24
2026-07-28 13:51:58,-0.28
2026-07-28 13:52:39,0.10
2026-07-28 13:54:29,-0.24
2026-07-28 13:54:37,0.16
2026-07-28 13:55:59,-0.18
2026-07-28 13:56:04,0.13
2026-07-28 13:57:12,0.12
2026-07-28 13:57:21,-0.23
2026-07-28 13:58:56,0.22
2026-07-28 13:59:41,-0.14
2026-07-28 14:00:13,0.18
2026-07-28 14:00:22,-0.34
2026-07-28 14:01:44,0.10
2026-07-28 14:02:08,-0.24
2026-07-28 14:03:37,0.14
2026-07-28 14:04:47,-0.29
2026-07-28 14:04:56,-0.22
2026-07-28 14:05:32,0.17
2026-07-28 14:06:35,-0.21
2026-07-28 14:07:43,0.10
2026-07-28 14:08:52,-0.20
2026-07-28 14:08:57,0.05
2026-07-28 14:10:08,-0.31
2026-07-28 14:11:12,0.14
2026-07-28 14:11:30,-0.23
2026-07-28 14:11:36,0.19
2026-07-28 14:13:07,-0.12
2026-07-28 14:13:43,0.15
2026-07-28 14:14:46,0.20
2026-07-28 14:15:26,-0.12
2026-07-28 14:16:53,-0.07
2026-07-28 14:17:34,0.24
2026-07-28 14:18:10,0.20
2026-07-28 14:18:42,-0.05
2026-07-28 14:19:56,-0.04
2026-07-28 14:20:00,0.21
2026-07-28 14:22:21,-0.02
2026-07-28 14:22:34,0.25
2026-07-28 14:22:57,0.40
2026-07-28 14:24:11,-0.01
2026-07-28 14:24:42,0.03
2026-07-28 14:25:09,0.36
2026-07-28 14:26:17,-0.01
2026-07-28 14:27:16,0.29
2026-07-28 14:28:15,0.38
2026-07-28 14:29:01,-0.03
2026-07-28 14:29:46,0.00
2026-07-28 14:30:00,0.30
2026-07-28 14:31:58,0.06
2026-07-28 14:32:44,0.33
2026-07-28 14:33:52,0.31
2026-07-28 14:33:56,0.06
2026-07-28 14:34:50,0.32
2026-07-28 14:35:54,0.06
2026-07-28 14:36:54,0.12
2026-07-28 14:37:35,0.36
2026-07-28 14:38:33,0.32
2026-07-28 14:38:43,0.01
2026-07-28 14:39:50,0.33
2026-07-28 14:40:27,0.11
2026-07-28 14:41:31,0.12
2026-07-28 14:42:06,0.36
2026-07-28 14:43:25,0.54
2026-07-28 14:44:01,0.12
2026-07-28 14:45:01,0.09
2026-07-28 14:45:27,0.40
2026-07-28 14:46:44,0.07
2026-07-28 14:47:16,0.39
2026-07-28 14:48:02,0.49
2026-07-28 14:48:24,0.10
2026-07-28 14:49:51,0.13
2026-07-28 14:50:08,0.48
2026-07-28 14:51:45,0.40
2026-07-28 14:52:34,0.05
2026-07-28 14:53:01,0.13
2026-07-28 14:54:14,0.39
2026-07-28 14:54:36,0.16
2026-07-28 14:56:30,0.42
2026-07-28 14:57:16,0.13
2026-07-28 14:57:38,0.16
2026-07-28 14:58:15,0.44
2026-07-28 14:59:56,-0.05
2026-07-28 15:00:00,0.45
2026-07-28 15:01:49,0.09
2026-07-28 15:02:02,0.42
2026-07-28 15:02:48,0.34
2026-07-28 15:03:21,0.10
2026-07-28 15:04:37,0.42
2026-07-28 15:04:46,0.07
2026-07-28 15:05:59,0.28
2026-07-28 15:07:17,0.09
2026-07-28 15:08:11,0.35
2026-07-28 15:09:05,0.04
2026-07-28 15:09:37,0.35
2026-07-28 15:09:50,0.09
2026-07-28 15:10:51,0.15
2026-07-28 15:11:54,0.37
2026-07-28 15:13:34,0.05
2026-07-28 15:13:47,0.39
2026-07-28 15:15:18,0.38
2026-07-28 15:15:37,0.11
2026-07-28 15:16:18,0.39
2026-07-28 15:16:36,0.15
2026-07-28 15:17:40,0.41
2026-07-28 15:17:53,0.17
2026-07-28 15:19:37,0.42
2026-07-28 15:19:47,0.20
2026-07-28 15:21:03,0.39
2026-07-28 15:21:59,0.21
2026-07-28 15:23:07,0.40
2026-07-28 15:23:43,0.14
2026-07-28 15:24:28,0.39
2026-07-28 15:24:42,0.23
2026-07-28 15:27:07,0.44
2026-07-28 15:27:31,0.11
2026-07-28 15:28:52,0.76
2026-07-28 15:30:23,1.70
2026-07-28 15:30:28,0.13
2026-07-28 15:31:04,0.95
2026-07-28 15:31:22,0.06
2026-07-28 15:32:21,-0.01
2026-07-28 15:33:25,0.95
2026-07-28 15:34:02,0.85
2026-07-28 15:34:06,0.29
2026-07-28 15:36:40,0.20
2026-07-28 15:36:58,0.72
2026-07-28 15:37:26,0.69
2026-07-28 15:38:29,0.36
2026-07-28 15:39:09,0.32
2026-07-28 15:40:13,0.69
2026-07-28 15:40:31,0.44
2026-07-28 15:41:27,0.65
2026-07-28 15:42:25,0.38
2026-07-28 15:42:48,0.72
2026-07-28 15:44:14,0.47
2026-07-28 15:46:00,0.75
2026-07-28 15:46:04,0.45
2026-07-28 15:47:35,0.42
2026-07-28 15:48:29,0.74
2026-07-28 15:49:51,0.73
2026-07-28 15:50:09,0.43
2026-07-28 15:50:45,0.68
2026-07-28 15:51:13,0.45
2026-07-28 15:52:39,0.67
2026-07-28 15:52:53,0.48
2026-07-28 15:53:47,0.81
2026-07-28 15:54:33,0.51
2026-07-28 15:55:49,0.40
2026-07-28 15:56:49,0.70
2026-07-28 15:57:02,0.43
2026-07-28 15:57:22,0.78
2026-07-28 15:59:18,0.82
2026-07-28 15:59:24,0.39
2026-07-28 16:00:18,0.73
2026-07-28 16:01:17,0.36
2026-07-28 16:02:12,0.71
2026-07-28 16:02:17,0.39
2026-07-28 16:03:47,0.72
2026-07-28 16:04:04,0.35
2026-07-28 16:05:41,0.70
2026-07-28 16:05:55,0.51
2026-07-28 16:07:52,0.68
2026-07-28 16:08:10,0.44
2026-07-28 16:08:51,0.70
2026-07-28 16:10:09,0.46
2026-07-28 16:11:17,0.85
2026-07-28 16:11:44,0.47
2026-07-28 16:12:48,0.48
2026-07-28 16:13:02,0.75
2026-07-28 16:13:47,0.49
2026-07-28 16:14:10,0.78
2026-07-28 16:15:54,0.77
2026-07-28 16:16:44,0.47
2026-07-28 16:17:57,0.80
2026-07-28 16:18:20,0.51
2026-07-28 16:18:46,0.46
2026-07-28 16:19:33,0.76
2026-07-28 16:20:36,0.71
2026-07-28 16:20:50,0.48
2026-07-28 16:22:11,0.51
2026-07-28 16:22:15,0.78
2026-07-28 16:23:48,0.55
2026-07-28 16:24:19,0.75
2026-07-28 16:25:58,0.84
2026-07-28 16:26:39,0.51
2026-07-28 16:27:12,0.49
2026-07-28 16:27:29,0.76
2026-07-28 16:28:52,0.47
2026-07-28 16:29:33,0.98
2026-07-28 16:30:00,0.80
2026-07-28 16:31:08,0.43
2026-07-28 16:31:44,0.44
2026-07-28 16:31:49,0.67
2026-07-28 16:34:14,0.42
2026-07-28 16:34:37,0.74
2026-07-28 16:35:23,0.45
2026-07-28 16:35:59,0.68
2026-07-28 16:37:25,0.75
2026-07-28 16:37:40,0.36
2026-07-28 16:38:38,0.50
2026-07-28 16:39:28,0.83
2026-07-28 16:40:18,0.35
2026-07-28 16:41:22,0.82
2026-07-28 16:41:43,0.87
2026-07-28 16:43:06,0.47
2026-07-28 16:44:01,0.69
2026-07-28 16:44:38,0.42
2026-07-28 16:45:04,0.45
2026-07-28 16:45:49,0.75
2026-07-28 16:46:34,0.42
2026-07-28 16:47:20,0.70
2026-07-28 16:48:28,0.73
2026-07-28 16:49:01,0.46
2026-07-28 16:49:55,0.43
2026-07-28 16:50:13,0.64
2026-07-28 16:51:36,0.67
2026-07-28 16:52:52,0.47
2026-07-28 16:53:11,0.46
2026-07-28 16:53:24,0.64
2026-07-28 16:54:59,0.68
2026-07-28 16:55:32,0.50
2026-07-28 16:56:27,0.41
2026-07-28 16:57:34,0.69
2026-07-28 16:58:52,0.42
2026-07-28 16:59:37,0.78
2026-07-28 16:59:46,0.37
2026-07-28 17:00:04,0.83
2026-07-28 17:02:12,0.72
2026-07-28 17:02:49,0.47
2026-07-28 17:04:10,0.51
2026-07-28 17:04:37,0.68
2026-07-28 17:05:41,0.46
2026-07-28 17:06:03,0.76
2026-07-28 17:06:22,0.50
2026-07-28 17:07:25,0.68
2026-07-28 17:08:29,0.53
2026-07-28 17:08:43,0.73
2026-07-28 17:10:24,0.54
2026-07-28 17:11:13,0.74
2026-07-28 17:11:58,0.61
2026-07-28 17:12:39,0.82
2026-07-28 17:13:20,0.63
2026-07-28 17:14:06,0.84
2026-07-28 17:14:38,0.86
2026-07-28 17:16:09,0.58
2026-07-28 17:16:58,0.81
2026-07-28 17:17:30,0.52
2026-07-28 17:19:11,0.82
2026-07-28 17:19:19,0.57
2026-07-28 17:20:10,0.60
2026-07-28 17:20:50,0.92
2026-07-28 17:21:35,0.57
2026-07-28 17:22:13,0.88
2026-07-28 17:22:48,0.78
2026-07-28 17:23:47,0.57
2026-07-28 17:24:56,0.89
2026-07-28 17:26:03,0.58
2026-07-28 17:26:40,0.57
2026-07-28 17:27:30,0.95
2026-07-28 17:27:53,0.63
2026-07-28 17:29:19,1.02
2026-07-28 17:30:09,1.04
2026-07-28 17:30:41,0.54
2026-07-28 17:31:35,0.50
2026-07-28 17:31:58,0.78
2026-07-28 17:33:39,0.76
2026-07-28 17:33:56,0.56
2026-07-28 17:35:00,0.77
2026-07-28 17:35:45,0.57
2026-07-28 17:36:04,0.79
2026-07-28 17:36:08,0.59
2026-07-28 17:37:44,0.75
2026-07-28 17:37:58,0.56
2026-07-28 17:39:23,0.80
2026-07-28 17:39:28,0.63
2026-07-28 17:41:35,0.81
2026-07-28 17:43:48,0.79
2026-07-28 17:43:52,0.58
2026-07-28 17:44:46,0.60
2026-07-28 17:45:32,0.76
2026-07-28 17:47:21,0.56
2026-07-28 17:47:39,0.77
2026-07-28 17:49:10,0.57
2026-07-28 17:49:42,0.59
2026-07-28 17:50:23,0.79
2026-07-28 17:51:13,0.80
2026-07-28 17:51:49,0.55
2026-07-28 17:52:43,0.60
2026-07-28 17:53:30,0.78
2026-07-28 17:54:32,0.60
2026-07-28 17:55:32,0.76
2026-07-28 17:56:36,0.65
2026-07-28 17:57:17,0.99
2026-07-28 17:58:29,0.70
2026-07-28 17:58:38,0.96
2026-07-28 17:59:55,0.59
2026-07-28 18:00:04,0.98
2026-07-28 18:00:46,0.82
2026-07-28 18:01:40,0.54
2026-07-28 18:02:57,0.57
2026-07-28 18:03:46,0.75
2026-07-28 18:05:05,0.72
2026-07-28 18:05:13,0.52
2026-07-28 18:05:50,0.71
2026-07-28 18:06:31,0.53
2026-07-28 18:08:34,0.72
2026-07-28 18:09:51,0.66
2026-07-28 18:10:27,0.51
2026-07-28 18:10:55,0.48
2026-07-28 18:12:03,0.70
2026-07-28 18:12:39,0.64
2026-07-28 18:13:24,0.51
2026-07-28 18:14:13,0.72
2026-07-28 18:14:41,0.47
2026-07-28 18:16:04,0.50
2026-07-28 18:16:17,0.61
2026-07-28 18:17:57,0.62
2026-07-28 18:18:06,0.45
2026-07-28 18:20:27,0.31
2026-07-28 18:20:31,0.65
2026-07-28 18:21:03,0.57
2026-07-28 18:21:58,0.37
2026-07-28 18:22:29,0.60
2026-07-28 18:23:47,0.39
2026-07-28 18:24:51,0.72
2026-07-28 18:25:22,0.30
2026-07-28 18:25:36,0.81
2026-07-28 18:25:49,0.30
2026-07-28 18:27:25,0.46
2026-07-28 18:27:53,0.92
2026-07-28 18:29:01,0.90
2026-07-28 18:29:10,0.49
2026-07-28 18:31:03,0.50
2026-07-28 18:31:31,0.86
2026-07-28 18:32:26,0.93
2026-07-28 18:33:38,0.53
2026-07-28 18:33:56,0.94
2026-07-28 18:34:46,0.50
2026-07-28 18:36:17,0.39
2026-07-28 18:36:44,0.81
2026-07-28 18:37:07,0.73
2026-07-28 18:37:25,0.19
2026-07-28 18:40:05,0.71
2026-07-28 18:40:14,0.48
2026-07-28 18:41:21,1.01
2026-07-28 18:41:49,0.19
2026-07-28 18:42:02,0.31
2026-07-28 18:43:24,0.97
2026-07-28 18:44:28,1.47
2026-07-28 18:45:09,0.78
2026-07-28 18:46:22,1.45
2026-07-28 18:46:54,0.38
2026-07-28 18:47:34,0.70
2026-07-28 18:48:29,1.39
2026-07-28 18:48:47,1.58
2026-07-28 18:49:37,0.93
2026-07-28 18:51:04,0.97
2026-07-28 18:51:45,1.36
2026-07-28 18:51:55,1.51
2026-07-28 18:53:29,2.71
2026-07-28 18:53:38,2.84
2026-07-28 18:54:29,3.81
2026-07-28 18:55:18,3.08
2026-07-28 18:56:09,1.79
2026-07-28 18:56:54,2.35
2026-07-28 18:58:26,1.01
2026-07-28 18:58:34,0.91
2026-07-28 18:59:20,0.60
2026-07-28 19:00:45,0.81
2026-07-28 19:01:44,0.48
2026-07-28 19:01:49,0.58
2026-07-28 19:03:16,0.38
2026-07-28 19:03:48,0.48
2026-07-28 19:04:59,0.25
2026-07-28 19:05:09,0.41
2026-07-28 19:06:09,0.23
2026-07-28 19:06:54,0.34
2026-07-28 19:08:15,0.17
2026-07-28 19:09:09,0.35
2026-07-28 19:09:46,0.10
2026-07-28 19:10:05,0.27
2026-07-28 19:11:23,0.11
2026-07-28 19:11:58,0.27
2026-07-28 19:12:49,0.04
2026-07-28 19:13:30,0.19
2026-07-28 19:14:33,0.01
2026-07-28 19:15:33,0.16
2026-07-28 19:15:55,0.02
2026-07-28 19:17:08,0.00
2026-07-28 19:17:41,0.18
2026-07-28 19:19:37,-0.03
2026-07-28 19:19:43,0.17
2026-07-28 19:20:00,-0.02
2026-07-28 19:21:09,0.14
2026-07-28 19:21:45,0.09
2026-07-28 19:22:35,-0.13
2026-07-28 19:23:20,0.15
2026-07-28 19:23:39,-0.04
2026-07-28 19:25:37,0.10
2026-07-28 19:25:50,-0.06
2026-07-28 19:26:55,-0.07
2026-07-28 19:27:53,0.10
2026-07-28 19:28:57,0.11
2026-07-28 19:29:30,-0.08
2026-07-28 19:30:04,0.13
2026-07-28 19:30:45,-0.08
2026-07-28 19:31:53,0.06
2026-07-28 19:32:53,-0.15
2026-07-28 19:33:12,-0.16
2026-07-28 19:33:39,-0.01
2026-07-28 19:35:41,-0.15
2026-07-28 19:36:03,0.04
2026-07-28 19:36:36,0.01
2026-07-28 19:36:40,-0.19
2026-07-28 19:38:07,-0.18
2026-07-28 19:38:51,0.00
2026-07-28 19:40:26,-0.17
2026-07-28 19:41:04,0.02
2026-07-28 19:41:40,-0.08
2026-07-28 19:42:44,0.12
2026-07-28 19:44:02,-0.09
2026-07-28 19:44:23,0.19
2026-07-28 19:45:09,0.14
2026-07-28 19:45:22,-0.06
2026-07-28 19:47:12,-0.11
2026-07-28 19:47:44,0.03
2026-07-28 19:48:43,0.08
2026-07-28 19:48:47,-0.10
2026-07-28 19:50:28,-0.08
2026-07-28 19:50:37,0.04
2026-07-28 19:51:35,-0.11
2026-07-28 19:52:11,0.15
2026-07-28 19:52:57,-0.16
2026-07-28 19:54:33,0.18
2026-07-28 19:54:51,0.03
2026-07-28 19:55:27,0.29
2026-07-28 19:56:17,-0.02
2026-07-28 19:56:22,0.22
2026-07-28 19:58:29,-0.02
2026-07-28 19:59:19,0.21
2026-07-28 19:59:46,0.03
2026-07-28 20:00:00,0.24
2026-07-28 20:01:31,-0.02
2026-07-28 20:01:45,0.21
2026-07-28 20:03:19,0.15
2026-07-28 20:04:05,-0.05
2026-07-28 20:04:46,0.12
2026-07-28 20:05:14,-0.02
2026-07-28 20:06:17,-0.05
2026-07-28 20:06:35,0.21
2026-07-28 20:08:15,0.12
2026-07-28 20:08:38,-0.06
2026-07-28 20:09:32,0.13
2026-07-28 20:10:32,-0.09
2026-07-28 20:11:12,0.07
2026-07-28 20:12:43,-0.13
2026-07-28 20:12:57,0.09
2026-07-28 20:13:06,-0.12
2026-07-28 20:15:27,-0.14
2026-07-28 20:15:45,0.12
2026-07-28 20:16:09,0.05
2026-07-28 20:17:30,-0.18
2026-07-28 20:17:56,0.08
2026-07-28 20:18:01,-0.20
2026-07-28 20:19:47,0.23
2026-07-28 20:19:51,-0.12
2026-07-28 20:21:57,0.19
2026-07-28 20:22:17,-0.08
2026-07-28 20:23:11,-0.20
2026-07-28 20:23:33,0.08
2026-07-28 20:24:55,-0.10
2026-07-28 20:25:46,0.11
2026-07-28 20:26:12,0.16
2026-07-28 20:27:26,-0.11
2026-07-28 20:27:48,0.06
2026-07-28 20:28:56,-0.13
2026-07-28 20:29:28,0.12
2026-07-28 20:29:37,-0.23
2026-07-28 20:30:54,-0.10
2026-07-28 20:32:03,0.24
2026-07-28 20:32:52,0.32
2026-07-28 20:33:56,0.06
2026-07-28 20:34:27,0.02
2026-07-28 20:35:50,0.30
2026-07-28 20:36:35,0.35
2026-07-28 20:37:02,0.02
2026-07-28 20:38:20,0.05
2026-07-28 20:39:02,0.31
2026-07-28 20:39:15,0.09
2026-07-28 20:40:27,0.43
2026-07-28 20:41:04,0.19
2026-07-28 20:41:34,0.58
2026-07-28 20:42:29,0.28
2026-07-28 20:43:05,0.53
2026-07-28 20:44:41,0.25
2026-07-28 20:45:31,0.58
2026-07-28 20:47:15,0.30
2026-07-28 20:47:35,0.31
2026-07-28 20:48:47,0.94
2026-07-28 20:49:18,0.64
2026-07-28 20:50:23,0.98
2026-07-28 20:51:21,0.72
2026-07-28 20:52:20,1.50
2026-07-28 20:52:33,1.44
2026-07-28 20:53:01,0.94
2026-07-28 20:54:14,1.10
2026-07-28 20:55:31,0.68
2026-07-28 20:56:12,0.93
2026-07-28 20:56:36,0.59
2026-07-28 20:58:11,0.66
2026-07-28 20:58:51,1.47
2026-07-28 20:59:05,1.53
2026-07-28 21:00:13,0.46
2026-07-28 21:00:40,0.61
2026-07-28 21:01:59,0.28
2026-07-28 21:02:20,0.32
2026-07-28 21:02:29,0.51
2026-07-28 21:04:18,0.24
2026-07-28 21:04:50,0.59
2026-07-28 21:05:59,0.54
2026-07-28 21:06:35,0.26
2026-07-28 21:07:48,0.45
2026-07-28 21:08:32,0.14
2026-07-28 21:09:00,0.13
2026-07-28 21:09:13,0.42
2026-07-28 21:11:17,0.36
2026-07-28 21:12:02,0.04
2026-07-28 21:12:25,0.07
2026-07-28 21:12:51,0.26
2026-07-28 21:14:33,0.02
2026-07-28 21:14:42,0.27
2026-07-28 21:16:31,0.23
2026-07-28 21:16:48,-0.09
2026-07-28 21:18:15,-0.04
2026-07-28 21:18:24,0.20
2026-07-28 21:19:32,-0.09
2026-07-28 21:19:54,0.24
2026-07-28 21:20:34,-0.03
2026-07-28 21:21:02,0.30
2026-07-28 21:22:07,-0.08
2026-07-28 21:22:16,0.19
2026-07-28 21:24:23,-0.06
2026-07-28 21:24:45,0.13
2026-07-28 21:25:27,0.15
2026-07-28 21:26:18,-0.13
2026-07-28 21:27:47,0.09
2026-07-28 21:28:14,-0.15
2026-07-28 21:29:10,-0.20
2026-07-28 21:29:27,0.14
2026-07-28 21:30:41,-0.16
2026-07-28 21:31:12,0.06
2026-07-28 21:32:24,0.12
2026-07-28 21:33:16,-0.07
2026-07-28 21:34:10,0.14
2026-07-28 21:34:37,-0.05
2026-07-28 21:35:22,0.15
2026-07-28 21:36:16,-0.04
2026-07-28 21:37:02,-0.08
2026-07-28 21:37:34,0.14
2026-07-28 21:38:55,-0.03
2026-07-28 21:39:46,0.16
2026-07-28 21:41:03,0.23
2026-07-28 21:41:40,-0.05
2026-07-28 21:42:30,0.15
2026-07-28 21:43:02,-0.01
2026-07-28 21:44:00,0.13
2026-07-28 21:44:37,-0.11
2026-07-28 21:45:40,0.14
2026-07-28 21:46:17,-0.08
2026-07-28 21:46:49,0.05
2026-07-28 21:47:48,-0.15
2026-07-28 21:48:39,0.10
2026-07-28 21:49:56,-0.19
2026-07-28 21:50:31,-0.14
2026-07-28 21:51:12,0.11
2026-07-28 21:51:58,-0.09
2026-07-28 21:53:19,0.10
2026-07-28 21:53:25,-0.07
2026-07-28 21:55:00,0.11
2026-07-28 21:55:36,-0.02
2026-07-28 21:56:14,0.16
2026-07-28 21:57:12,0.02
2026-07-28 21:57:40,0.13
2026-07-28 21:58:34,0.03
2026-07-28 21:58:57,0.26
2026-07-28 22:00:28,0.03
2026-07-28 22:00:51,0.24
2026-07-28 22:01:45,0.05
2026-07-28 22:03:01,0.25
2026-07-28 22:03:34,0.02
2026-07-28 22:04:38,0.24
2026-07-28 22:05:00,0.31
2026-07-28 22:05:28,0.06
2026-07-28 22:07:03,0.04
2026-07-28 22:07:40,0.23
2026-07-28 22:09:29,0.32
2026-07-28 22:09:38,0.01
2026-07-28 22:10:55,0.07
2026-07-28 22:11:13,0.31
2026-07-28 22:11:50,0.10
2026-07-28 22:12:17,0.35
2026-07-28 22:13:39,0.09
2026-07-28 22:13:52,0.39
2026-07-28 22:15:05,0.10
2026-07-28 22:15:42,0.29
2026-07-28 22:17:49,0.45
2026-07-28 22:17:58,0.08
2026-07-28 22:18:34,0.21
2026-07-28 22:18:56,0.68
2026-07-28 22:19:52,0.44
2026-07-28 22:21:04,1.04
2026-07-28 22:22:08,0.71
2026-07-28 22:22:53,1.04
2026-07-28 22:23:48,0.75
2026-07-28 22:24:51,1.07
2026-07-28 22:25:50,0.81
2026-07-28 22:26:31,0.99
2026-07-28 22:28:02,2.23
2026-07-28 22:28:47,2.44
2026-07-28 22:29:15,1.86
2026-07-28 22:30:09,2.04
2026-07-28 22:30:28,1.56
2026-07-28 22:31:41,1.58
2026-07-28 22:32:36,1.93
2026-07-28 22:33:20,1.49
2026-07-28 22:34:05,1.99
2026-07-28 22:35:10,1.97
2026-07-28 22:36:09,1.65
2026-07-28 22:36:32,1.88
2026-07-28 22:37:26,1.43
2026-07-28 22:38:01,1.45
2026-07-28 22:39:06,2.29
2026-07-28 22:39:38,2.01
2026-07-28 22:41:12,3.50
2026-07-28 22:41:16,3.47
2026-07-28 22:42:49,4.73
2026-07-28 22:42:57,4.43
2026-07-28 22:44:32,2.83
2026-07-28 22:44:55,2.73
2026-07-28 22:45:40,3.86
2026-07-28 22:47:21,2.85
2026-07-28 22:47:44,3.71
2026-07-28 22:47:57,3.24
2026-07-28 22:49:28,3.94
2026-07-28 22:49:36,3.57
2026-07-28 22:50:59,4.85
2026-07-28 22:51:09,4.04
2026-07-28 22:52:21,5.89
2026-07-28 22:53:33,5.94
2026-07-28 22:54:06,4.21
2026-07-28 22:54:28,4.35
2026-07-28 22:56:04,3.02
2026-07-28 22:56:54,3.54
2026-07-28 22:57:16,2.66
2026-07-28 22:58:08,1.99
2026-07-28 22:58:48,3.40
2026-07-28 23:00:04,3.25
2026-07-28 23:00:59,1.71
2026-07-28 23:01:08,2.04
2026-07-28 23:02:07,1.36
2026-07-28 23:02:44,1.69
2026-07-28 23:02:58,1.20
2026-07-28 23:04:24,1.28
2026-07-28 23:05:37,1.78
2026-07-28 23:06:00,1.64
2026-07-28 23:06:54,1.38
2026-07-28 23:08:06,1.44
2026-07-28 23:09:01,1.15
2026-07-28 23:09:19,1.30
2026-07-28 23:10:55,1.04
2026-07-28 23:11:04,1.16
2026-07-28 23:11:59,0.97
2026-07-28 23:13:20,1.00
2026-07-28 23:13:57,1.19
2026-07-28 23:14:24,1.14
2026-07-28 23:15:05,0.97
2026-07-28 23:16:13,0.99
2026-07-28 23:17:26,1.38
2026-07-28 23:17:53,1.44
2026-07-28 23:18:11,1.13
2026-07-28 23:19:24,1.25
2026-07-28 23:20:40,1.00
2026-07-28 23:22:20,1.23
2026-07-28 23:22:26,1.00
2026-07-28 23:22:35,1.25
2026-07-28 23:22:53,0.91
2026-07-28 23:25:00,1.27
2026-07-28 23:25:09,1.06
2026-07-28 23:26:26,1.29
2026-07-28 23:26:54,1.09
2026-07-28 23:27:58,1.33
2026-07-28 23:28:06,1.16
2026-07-28 23:29:38,1.07
2026-07-28 23:30:23,1.34
2026-07-28 23:30:46,1.18
2026-07-28 23:31:44,1.33
2026-07-28 23:32:29,1.39
2026-07-28 23:34:01,1.12
2026-07-28 23:34:15,1.25
2026-07-28 23:35:41,1.12
2026-07-28 23:36:04,1.09
2026-07-28 23:37:04,1.30
2026-07-28 23:37:44,1.18
2026-07-28 23:38:39,1.44
2026-07-28 23:39:33,1.25
2026-07-28 23:39:41,1.46
2026-07-28 23:40:59,1.32
2026-07-28 23:41:04,1.54
2026-07-28 23:42:21,1.38
2026-07-28 23:43:47,1.69
2026-07-28 23:44:56,1.50
2026-07-28 23:45:13,1.70
2026-07-28 23:45:50,1.50
2026-07-28 23:46:09,1.77
2026-07-28 23:47:53,1.51
2026-07-28 23:48:39,1.82
2026-07-28 23:49:01,1.57
2026-07-28 23:49:38,1.81
2026-07-28 23:51:36,1.83
2026-07-28 23:52:08,1.56
2026-07-28 23:52:16,1.59
2026-07-28 23:53:25,1.84
2026-07-28 23:54:42,1.48
2026-07-28 23:55:19,1.84
2026-07-28 23:55:40,1.51
2026-07-28 23:56:40,1.77
2026-07-28 23:57:17,1.71
2026-07-28 23:58:20,1.52
2026-07-28 23:59:24,1.69
2026-07-29 00:00:15,1.52
2026-07-29 00:00:42,1.45
2026-07-29 00:01:58,1.78
2026-07-29 00:02:30,1.71
2026-07-29 00:03:39,1.44
2026-07-29 00:03:44,1.64
2026-07-29 00:04:15,1.70
2026-07-29 00:05:05,1.44
2026-07-29 00:06:07,1.61
2026-07-29 00:06:48,1.35
2026-07-29 00:07:34,1.36
2026-07-29 00:07:40,1.60
2026-07-29 00:09:02,1.53
2026-07-29 00:10:04,1.27
2026-07-29 00:10:27,1.68
2026-07-29 00:10:41,1.36
2026-07-29 00:13:12,1.54
2026-07-29 00:13:20,1.21
2026-07-29 00:14:10,1.16
2026-07-29 00:15:14,1.61
2026-07-29 00:15:33,1.49
2026-07-29 00:15:50,1.26
2026-07-29 00:17:12,1.49
2026-07-29 00:17:43,1.14
2026-07-29 00:18:38,1.18
2026-07-29 00:19:23,1.57
2026-07-29 00:20:45,1.33
2026-07-29 00:21:45,1.53
2026-07-29 00:22:21,1.58
2026-07-29 00:22:58,1.37
2026-07-29 00:23:39,1.42
2026-07-29 00:24:14,1.66
2026-07-29 00:25:22,1.36
2026-07-29 00:25:27,1.65
2026-07-29 00:27:17,1.38
2026-07-29 00:28:06,1.97
2026-07-29 00:28:47,1.84
2026-07-29 00:30:05,1.50
2026-07-29 00:30:09,1.74
2026-07-29 00:30:22,1.38
2026-07-29 00:32:44,1.80
2026-07-29 00:33:42,1.43
2026-07-29 00:34:47,1.95
2026-07-29 00:35:14,1.92
2026-07-29 00:35:32,1.57
2026-07-29 00:37:11,1.83
2026-07-29 00:37:34,1.40
2026-07-29 00:39:01,1.45
2026-07-29 00:39:42,1.82
2026-07-29 00:40:08,1.83
2026-07-29 00:41:34,1.35
2026-07-29 00:42:02,1.38
2026-07-29 00:42:16,1.62
2026-07-29 00:44:18,1.37
2026-07-29 00:44:59,1.62
2026-07-29 00:45:50,1.64
2026-07-29 00:45:54,1.42
2026-07-29 00:47:25,1.36
2026-07-29 00:48:15,1.63
2026-07-29 00:48:38,1.61
2026-07-29 00:49:55,1.32
2026-07-29 00:50:40,1.51
2026-07-29 00:51:30,1.18
2026-07-29 00:51:53,1.27
2026-07-29 00:53:01,1.58
2026-07-29 00:53:37,1.54
2026-07-29 00:54:09,1.32
2026-07-29 00:54:55,1.33
2026-07-29 00:56:03,1.49
2026-07-29 00:56:58,1.36
2026-07-29 00:58:01,1.55
2026-07-29 00:59:32,1.63
2026-07-29 00:59:40,1.33
2026-07-29 01:00:17,1.71
2026-07-29 01:01:08,1.33
2026-07-29 01:02:24,1.39
2026-07-29 01:02:43,1.64
2026-07-29 01:03:16,1.72
2026-07-29 01:04:41,1.30
2026-07-29 01:04:59,1.74
2026-07-29 01:05:31,1.35
2026-07-29 01:06:30,1.63
2026-07-29 01:06:45,1.41
2026-07-29 01:08:14,1.63
2026-07-29 01:09:27,1.39
2026-07-29 01:09:54,1.41
2026-07-29 01:10:49,1.61
2026-07-29 01:12:33,1.71
2026-07-29 01:12:51,1.47
2026-07-29 01:13:06,1.69
2026-07-29 01:14:04,1.46
2026-07-29 01:14:45,1.54
2026-07-29 01:16:06,2.43
2026-07-29 01:17:01,2.13
2026-07-29 01:17:42,4.18
2026-07-29 01:18:23,4.46
2026-07-29 01:19:00,3.40
2026-07-29 01:19:40,3.92
2026-07-29 01:21:16,5.79
2026-07-29 01:21:43,6.18
2026-07-29 01:22:37,8.31
2026-07-29 01:23:24,8.34
2026-07-29 01:24:31,6.42
2026-07-29 01:24:40,6.45
2026-07-29 01:26:12,3.91
2026-07-29 01:26:25,4.42
2026-07-29 01:27:38,2.40
2026-07-29 01:28:33,2.55
2026-07-29 01:29:22,2.19
2026-07-29 01:29:35,2.25
2026-07-29 01:30:43,1.98
2026-07-29 01:31:43,2.05
2026-07-29 01:32:37,1.85
2026-07-29 01:33:14,1.71
2026-07-29 01:33:59,1.89
2026-07-29 01:34:53,1.98
2026-07-29 01:36:01,1.77
2026-07-29 01:36:20,1.75
2026-07-29 01:36:43,1.94
2026-07-29 01:38:22,1.67
2026-07-29 01:39:26,1.90
2026-07-29 01:39:35,1.69
2026-07-29 01:40:53,1.86
2026-07-29 01:41:24,1.85
2026-07-29 01:41:56,1.61
2026-07-29 01:43:41,1.83
2026-07-29 01:44:12,1.55
2026-07-29 01:44:36,1.59
2026-07-29 01:45:44,1.82
2026-07-29 01:46:11,1.59
2026-07-29 01:47:36,1.80
2026-07-29 01:47:42,1.72
2026-07-29 01:49:09,1.51
2026-07-29 01:49:31,1.69
2026-07-29 01:50:08,1.47
2026-07-29 01:51:16,1.69
2026-07-29 01:52:33,1.43
2026-07-29 01:53:13,1.70
2026-07-29 01:53:37,1.46
2026-07-29 01:54:54,1.66
2026-07-29 01:55:22,1.49
2026-07-29 01:55:58,1.64
2026-07-29 01:57:02,1.46
2026-07-29 01:57:38,1.44
2026-07-29 01:58:36,1.71
2026-07-29 01:59:31,1.69
2026-07-29 02:00:03,1.39
2026-07-29 02:01:29,1.76
2026-07-29 02:01:52,1.52
2026-07-29 02:03:05,1.72
2026-07-29 02:03:23,1.53
2026-07-29 02:04:13,1.54
2026-07-29 02:04:58,1.86
2026-07-29 02:06:15,1.50
2026-07-29 02:06:34,1.81
2026-07-29 02:07:33,1.58
2026-07-29 02:07:42,1.86
2026-07-29 02:09:44,1.80
2026-07-29 02:10:12,1.62
2026-07-29 02:11:39,1.80
2026-07-29 02:12:06,1.58
2026-07-29 02:12:47,1.60
2026-07-29 02:13:59,1.87
2026-07-29 02:14:09,1.79
2026-07-29 02:15:40,1.58
2026-07-29 02:15:49,1.56
2026-07-29 02:17:01,1.77
2026-07-29 02:18:00,1.61
2026-07-29 02:18:19,1.75
2026-07-29 02:19:49,1.80
2026-07-29 02:19:59,1.57
2026-07-29 02:21:01,1.79
2026-07-29 02:21:24,1.54
2026-07-29 02:22:23,1.75
2026-07-29 02:22:38,1.52
2026-07-29 02:24:40,1.78
2026-07-29 02:25:21,1.54
2026-07-29 02:25:48,1.49
2026-07-29 02:26:19,1.90
2026-07-29 02:28:14,1.83
2026-07-29 02:28:40,1.46
2026-07-29 02:29:27,1.73
2026-07-29 02:29:40,1.38
2026-07-29 02:30:48,1.34
2026-07-29 02:31:52,1.84
2026-07-29 02:33:00,1.96
2026-07-29 02:33:31,1.30
2026-07-29 02:34:04,1.87
2026-07-29 02:35:26,1.23
2026-07-29 02:36:11,1.25
2026-07-29 02:36:52,1.69
2026-07-29 02:37:15,1.24
2026-07-29 02:37:55,1.66
2026-07-29 02:39:18,1.45
2026-07-29 02:40:03,2.02
2026-07-29 02:40:49,1.50
2026-07-29 02:41:06,1.87
2026-07-29 02:42:24,1.57
2026-07-29 02:43:01,1.34
2026-07-29 02:44:18,1.29
2026-07-29 02:44:31,1.61
2026-07-29 02:45:49,1.50
2026-07-29 02:46:47,1.23
2026-07-29 02:48:08,1.41
2026-07-29 02:48:28,1.21
2026-07-29 02:49:41,1.23
2026-07-29 02:50:22,1.48
2026-07-29 02:50:26,1.40
2026-07-29 02:51:52,1.18
2026-07-29 02:52:33,1.45
2026-07-29 02:52:51,1.12
2026-07-29 02:53:51,1.46
2026-07-29 02:54:59,1.18
2026-07-29 02:56:35,1.48
2026-07-29 02:57:10,1.17
2026-07-29 02:58:28,1.43
2026-07-29 02:58:56,1.75
2026-07-29 02:59:09,1.38
2026-07-29 03:00:35,1.89
2026-07-29 03:01:06,1.31
2026-07-29 03:02:53,1.82
2026-07-29 03:03:23,1.32
2026-07-29 03:03:47,1.30
2026-07-29 03:04:55,1.65
2026-07-29 03:06:12,1.22
2026-07-29 03:06:35,1.63
2026-07-29 03:07:07,1.38
2026-07-29 03:07:57,1.72
2026-07-29 03:09:10,1.39
2026-07-29 03:10:08,1.74
2026-07-29 03:10:22,1.65
2026-07-29 03:11:07,1.42
2026-07-29 03:12:15,1.53
2026-07-29 03:13:06,1.37
2026-07-29 03:13:47,1.55
2026-07-29 03:14:28,1.37
2026-07-29 03:15:27,1.59
2026-07-29 03:16:12,1.37
2026-07-29 03:16:58,1.65
2026-07-29 03:17:48,1.40
2026-07-29 03:19:09,1.74
2026-07-29 03:19:36,1.33
2026-07-29 03:20:40,1.35
2026-07-29 03:21:13,1.61
2026-07-29 03:22:42,1.59
2026-07-29 03:23:10,1.34
2026-07-29 03:24:28,1.58
2026-07-29 03:24:55,1.33
2026-07-29 03:25:03,1.29
2026-07-29 03:25:44,1.62
2026-07-29 03:27:33,1.63
2026-07-29 03:28:00,1.24
2026-07-29 03:28:46,1.69
2026-07-29 03:28:56,1.37
2026-07-29 03:30:21,1.75
2026-07-29 03:31:29,1.36
2026-07-29 03:32:11,1.54
2026-07-29 03:32:29,1.27
2026-07-29 03:33:42,1.60
2026-07-29 03:34:23,1.33
2026-07-29 03:35:12,1.69
2026-07-29 03:36:17,1.29
2026-07-29 03:37:19,1.78
2026-07-29 03:37:43,1.15
2026-07-29 03:38:28,1.84
2026-07-29 03:39:27,1.25
2026-07-29 03:39:59,1.44
2026-07-29 03:40:58,1.97
2026-07-29 03:42:51,1.52
2026-07-29 03:43:10,2.17
2026-07-29 03:43:14,1.84
2026-07-29 03:43:56,2.52
2026-07-29 03:44:51,2.05
2026-07-29 03:45:32,3.97
2026-07-29 03:47:10,2.70
2026-07-29 03:48:06,4.65
2026-07-29 03:48:11,4.93
2026-07-29 03:49:46,10.98
2026-07-29 03:49:50,11.06
2026-07-29 03:50:22,9.15
2026-07-29 03:51:40,8.92
2026-07-29 03:52:57,10.78
2026-07-29 03:54:05,9.08
2026-07-29 03:54:40,12.85
2026-07-29 03:54:45,13.24
2026-07-29 03:55:54,12.27
2026-07-29 03:57:20,12.39
2026-07-29 03:57:51,14.67
2026-07-29 03:58:59,14.10
2026-07-29 03:59:41,11.14
2026-07-29 03:59:45,11.79
2026-07-29 04:00:21,9.97
2026-07-29 04:01:24,11.19
2026-07-29 04:02:55,6.85
2026-07-29 04:03:05,6.54
2026-07-29 04:04:35,3.21
2026-07-29 04:04:39,3.68
2026-07-29 04:06:11,2.05
2026-07-29 04:06:24,2.12
2026-07-29 04:07:38,1.81
2026-07-29 04:08:22,2.01
2026-07-29 04:09:30,1.63
2026-07-29 04:10:38,1.62
2026-07-29 04:11:11,2.22
2026-07-29 04:12:46,2.13
2026-07-29 04:12:51,1.56
2026-07-29 04:13:18,1.90
2026-07-29 04:13:32,1.48
2026-07-29 04:14:45,1.84
2026-07-29 04:15:43,1.50
2026-07-29 04:17:01,1.87
2026-07-29 04:17:09,1.50
2026-07-29 04:18:00,1.82
2026-07-29 04:18:55,1.36
2026-07-29 04:19:31,1.35
2026-07-29 04:19:49,1.86
2026-07-29 04:21:19,1.59
2026-07-29 04:22:46,2.08
2026-07-29 04:22:52,1.85
2026-07-29 04:23:54,3.01
2026-07-29 04:24:27,2.43
2026-07-29 04:25:57,1.72
2026-07-29 04:27:28,2.00
2026-07-29 04:27:43,1.73
2026-07-29 04:28:54,1.67
2026-07-29 04:29:17,1.93
2026-07-29 04:30:17,1.95
2026-07-29 04:30:31,1.57
2026-07-29 04:31:12,1.54
2026-07-29 04:32:27,1.80
2026-07-29 04:33:31,1.51
2026-07-29 04:34:17,2.16
2026-07-29 04:34:54,2.23
2026-07-29 04:35:39,1.66
2026-07-29 04:36:11,1.69
2026-07-29 04:36:24,2.24
2026-07-29 04:38:10,1.92
2026-07-29 04:39:12,2.65
2026-07-29 04:39:22,2.53
2026-07-29 04:40:12,2.02
2026-07-29 04:41:15,2.32
2026-07-29 04:42:06,1.98
2026-07-29 04:42:47,2.05
2026-07-29 04:43:55,1.73
2026-07-29 04:44:16,1.92
2026-07-29 04:45:07,1.69
2026-07-29 04:46:20,1.61
2026-07-29 04:46:51,1.94
2026-07-29 04:47:56,1.91
2026-07-29 04:48:22,1.57
2026-07-29 04:50:26,1.85
2026-07-29 04:50:48,1.54
2026-07-29 04:51:34,1.39
2026-07-29 04:52:06,1.80
2026-07-29 04:53:33,1.84
2026-07-29 04:53:46,1.53
2026-07-29 04:54:09,1.88
2026-07-29 04:55:21,1.48
2026-07-29 04:56:01,1.43
2026-07-29 04:56:20,1.75
2026-07-29 04:57:38,1.73
2026-07-29 04:58:54,1.48
2026-07-29 05:00:11,1.41
2026-07-29 05:00:25,1.96
2026-07-29 05:01:20,1.95
2026-07-29 05:01:52,1.56
2026-07-29 05:02:29,1.93
2026-07-29 05:03:36,1.38
2026-07-29 05:04:21,1.55
2026-07-29 05:04:35,1.82
2026-07-29 05:07:05,1.57
2026-07-29 05:08:00,1.84
2026-07-29 05:08:13,1.58
2026-07-29 05:09:08,1.94
2026-07-29 05:09:17,1.64
2026-07-29 05:10:53,1.76
2026-07-29 05:11:56,2.21
2026-07-29 05:13:50,2.47
2026-07-29 05:13:54,2.20
2026-07-29 05:14:12,1.96
2026-07-29 05:15:33,2.40
2026-07-29 05:16:06,2.68
2026-07-29 05:17:06,2.23
2026-07-29 05:17:23,2.64
2026-07-29 05:18:13,1.95
2026-07-29 05:19:12,1.93
2026-07-29 05:20:29,2.56
2026-07-29 05:20:43,2.82
2026-07-29 05:22:00,2.17
2026-07-29 05:22:23,2.05
2026-07-29 05:22:31,2.65
2026-07-29 05:24:58,2.67
2026-07-29 05:25:06,2.25
2026-07-29 05:26:06,2.63
2026-07-29 05:26:20,2.11
2026-07-29 05:27:28,2.43
2026-07-29 05:28:08,2.91
2026-07-29 05:29:21,2.44
2026-07-29 05:30:25,3.19
2026-07-29 05:30:43,2.64
2026-07-29 05:31:38,3.38
2026-07-29 05:32:10,2.83
2026-07-29 05:33:09,3.24
2026-07-29 05:33:54,3.20
2026-07-29 05:35:11,2.81
2026-07-29 05:35:25,3.12
2026-07-29 05:36:02,2.54
2026-07-29 05:37:32,2.57
2026-07-29 05:38:00,3.01
2026-07-29 05:39:07,2.48
2026-07-29 05:39:17,3.08
2026-07-29 05:40:52,2.64
2026-07-29 05:41:56,3.54
2026-07-29 05:42:19,2.90
2026-07-29 05:43:17,3.54
2026-07-29 05:44:13,3.22
2026-07-29 05:45:12,4.02
2026-07-29 05:45:29,3.58
2026-07-29 05:46:10,4.21
2026-07-29 05:47:05,3.63
2026-07-29 05:48:00,4.28
2026-07-29 05:48:41,3.99
2026-07-29 05:50:06,2.90
2026-07-29 05:50:15,3.22
2026-07-29 05:51:42,3.73
2026-07-29 05:53:18,2.66
2026-07-29 05:53:35,3.08
2026-07-29 05:55:07,2.32
2026-07-29 05:55:57,2.50
2026-07-29 05:56:43,2.07
2026-07-29 05:56:51,2.25
2026-07-29 05:58:13,1.61
2026-07-29 05:59:04,2.05
2026-07-29 06:00:06,1.42
2026-07-29 06:00:21,1.90
2026-07-29 06:00:43,1.34
2026-07-29 06:03:05,1.95
2026-07-29 06:03:18,1.41
2026-07-29 06:04:12,1.59
2026-07-29 06:04:30,2.11
2026-07-29 06:05:07,1.71
2026-07-29 06:06:14,2.60
2026-07-29 06:06:56,1.87
2026-07-29 06:08:18,3.03
2026-07-29 06:08:26,2.96
2026-07-29 06:09:43,4.04
2026-07-29 06:10:07,3.73
2026-07-29 06:11:14,4.53
2026-07-29 06:12:22,5.18
2026-07-29 06:12:55,4.40
2026-07-29 06:13:26,5.02
2026-07-29 06:13:44,5.67
2026-07-29 06:15:02,5.29
2026-07-29 06:16:28,4.25
2026-07-29 06:16:42,4.47
2026-07-29 06:17:46,3.42
2026-07-29 06:18:32,3.88
2026-07-29 06:19:40,3.12
2026-07-29 06:19:57,3.28
2026-07-29 06:21:32,2.60
2026-07-29 06:22:22,2.83
2026-07-29 06:22:46,2.41
2026-07-29 06:23:27,2.63
2026-07-29 06:24:52,2.08
2026-07-29 06:24:57,2.50
2026-07-29 06:26:24,2.01
2026-07-29 06:26:47,2.41
2026-07-29 06:27:46,1.98
2026-07-29 06:28:49,2.40
2026-07-29 06:29:07,2.02
2026-07-29 06:31:01,2.84
2026-07-29 06:31:10,1.95
2026-07-29 06:31:33,2.84
2026-07-29 06:31:37,2.17
2026-07-29 06:33:12,2.19
2026-07-29 06:34:26,1.75
2026-07-29 06:35:02,1.98
2026-07-29 06:35:52,1.59
2026-07-29 06:36:37,2.07
2026-07-29 06:37:18,1.48
2026-07-29 06:38:21,1.86
2026-07-29 06:39:12,1.41
2026-07-29 06:41:10,2.07
2026-07-29 06:42:01,2.10
2026-07-29 06:42:31,1.61
2026-07-29 06:43:22,1.70
2026-07-29 06:44:40,2.23
2026-07-29 06:44:44,2.20
2026-07-29 06:45:43,1.59
2026-07-29 06:46:28,1.99
2026-07-29 06:46:47,1.53
2026-07-29 06:48:22,1.94
2026-07-29 06:49:36,1.53
2026-07-29 06:49:40,1.79
2026-07-29 06:50:43,1.34
2026-07-29 06:51:24,1.53
2026-07-29 06:52:19,1.79
2026-07-29 06:53:18,1.51
2026-07-29 06:54:07,1.99
2026-07-29 06:54:48,1.53
2026-07-29 06:56:01,2.36
2026-07-29 06:56:37,1.90
2026-07-29 06:57:09,2.46
2026-07-29 06:58:22,1.80
2026-07-29 06:59:30,2.38
2026-07-29 06:59:34,2.37
2026-07-29 07:00:33,1.69
2026-07-29 07:01:14,1.94
2026-07-29 07:02:46,1.39
2026-07-29 07:02:51,1.38
2026-07-29 07:03:31,1.80
2026-07-29 07:05:07,1.64
2026-07-29 07:06:02,1.03
2026-07-29 07:06:10,1.20
2026-07-29 07:07:14,0.85
2026-07-29 07:07:50,1.27
2026-07-29 07:08:45,0.94
2026-07-29 07:09:31,1.25
2026-07-29 07:10:47,0.91
2026-07-29 07:11:11,1.11
2026-07-29 07:11:41,0.74
2026-07-29 07:12:55,0.72
2026-07-29 07:13:45,1.01
2026-07-29 07:14:36,1.02
2026-07-29 07:15:07,0.53
2026-07-29 07:16:16,0.78
2026-07-29 07:17:05,1.11
2026-07-29 07:18:23,0.73
2026-07-29 07:18:59,1.15
2026-07-29 07:19:31,0.96
2026-07-29 07:19:53,1.21
2026-07-29 07:21:15,1.28
2026-07-29 07:21:48,0.88
2026-07-29 07:22:42,1.25
2026-07-29 07:23:09,0.96
2026-07-29 07:24:27,1.10
2026-07-29 07:25:44,0.80
2026-07-29 07:26:33,0.82
2026-07-29 07:26:56,1.18
2026-07-29 07:27:52,1.05
2026-07-29 07:29:07,0.66
2026-07-29 07:30:29,0.88
2026-07-29 07:30:52,0.46
2026-07-29 07:31:52,0.74
2026-07-29 07:32:02,0.28
2026-07-29 07:33:09,0.26
2026-07-29 07:33:40,0.55
2026-07-29 07:34:45,0.64
2026-07-29 07:35:06,0.27
2026-07-29 07:37:01,0.73
2026-07-29 07:37:23,0.17
2026-07-29 07:38:18,0.67
2026-07-29 07:38:55,0.08
2026-07-29 07:39:16,0.40
2026-07-29 07:39:40,0.01
2026-07-29 07:41:24,0.26
2026-07-29 07:42:24,-0.18
2026-07-29 07:42:59,0.27
2026-07-29 07:43:55,-0.23
2026-07-29 07:44:26,-0.08
2026-07-29 07:44:45,-0.50
2026-07-29 07:45:47,-0.22
2026-07-29 07:46:51,-0.48
2026-07-29 07:48:18,-0.47
2026-07-29 07:48:59,-0.22
2026-07-29 07:49:12,-0.58
2026-07-29 07:49:40,-0.13
2026-07-29 07:50:48,-0.41
2026-07-29 07:52:15,-0.08
2026-07-29 07:53:32,0.03
2026-07-29 07:53:45,-0.27
2026-07-29 07:54:13,-0.21
2026-07-29 07:54:35,0.13
2026-07-29 07:55:44,-0.29
2026-07-29 07:56:47,0.16
2026-07-29 07:57:23,-0.55
2026-07-29 07:58:50,0.21
2026-07-29 07:59:31,-0.24
2026-07-29 07:59:36,0.07
2026-07-29 08:00:39,-0.07
2026-07-29 08:01:25,0.32
2026-07-29 08:02:27,-0.16
2026-07-29 08:03:50,0.11
2026-07-29 08:04:35,-0.17
2026-07-29 08:05:11,0.21
2026-07-29 08:06:11,-0.20
2026-07-29 08:06:48,0.19
2026-07-29 08:07:42,0.32
2026-07-29 08:08:10,-0.11
2026-07-29 08:09:12,0.08
2026-07-29 08:09:49,-0.18
2026-07-29 08:10:52,-0.15
2026-07-29 08:11:02,0.03
2026-07-29 08:12:14,0.14
2026-07-29 08:13:41,-0.08
2026-07-29 08:14:36,-0.20
2026-07-29 08:15:12,0.01
2026-07-29 08:15:43,-0.09
2026-07-29 08:17:01,0.29
2026-07-29 08:17:11,-0.01
2026-07-29 08:17:41,0.32
2026-07-29 08:18:59,0.03
2026-07-29 08:19:53,0.33
2026-07-29 08:20:48,-0.01
2026-07-29 08:21:56,0.45
2026-07-29 08:23:18,0.72
2026-07-29 08:23:32,0.31
2026-07-29 08:23:45,0.43
2026-07-29 08:25:16,0.04
2026-07-29 08:26:21,0.29
2026-07-29 08:26:57,-0.02
2026-07-29 08:27:55,-0.21
2026-07-29 08:28:04,0.12
2026-07-29 08:29:26,-0.22
2026-07-29 08:31:01,0.18
2026-07-29 08:31:56,-0.38
2026-07-29 08:32:05,-0.08
2026-07-29 08:32:23,-0.36
2026-07-29 08:34:09,-0.28
2026-07-29 08:34:41,-0.51
2026-07-29 08:35:22,-0.57
2026-07-29 08:36:43,-0.34
2026-07-29 08:37:47,-0.35
2026-07-29 08:38:19,-0.65
2026-07-29 08:38:41,-0.67
2026-07-29 08:39:49,-0.43
2026-07-29 08:41:06,-0.66
2026-07-29 08:41:16,-0.36
2026-07-29 08:41:52,-0.54
2026-07-29 08:42:29,-0.23
2026-07-29 08:43:31,-0.57
2026-07-29 08:44:18,-0.12
2026-07-29 08:45:39,-0.64
2026-07-29 08:46:06,-0.31
2026-07-29 08:46:52,-0.70
2026-07-29 08:47:20,-0.37
2026-07-29 08:50:03,-0.72
2026-07-29 08:50:16,-0.48
2026-07-29 08:51:02,-0.77
2026-07-29 08:52:15,-0.73
2026-07-29 08:53:01,-0.53
2026-07-29 08:54:54,-0.78
2026-07-29 08:54:59,-0.40
2026-07-29 08:55:31,-0.11
2026-07-29 08:56:15,-0.64
2026-07-29 08:56:43,-0.68
2026-07-29 08:58:19,-0.31
2026-07-29 08:59:09,0.10
2026-07-29 08:59:54,-0.60
2026-07-29 09:00:25,-0.33
2026-07-29 09:00:44,-0.88
2026-07-29 09:01:57,-0.34
2026-07-29 09:03:10,-0.75
2026-07-29 09:04:04,-0.79
2026-07-29 09:04:45,-0.35
2026-07-29 09:05:07,-0.70
2026-07-29 09:05:13,-0.41
2026-07-29 09:06:39,-0.68
2026-07-29 09:07:19,-0.41
2026-07-29 09:08:28,-0.39
2026-07-29 09:09:09,-0.69
2026-07-29 09:10:04,-0.38
2026-07-29 09:10:53,-0.78
2026-07-29 09:11:38,-0.53
2026-07-29 09:11:47,-0.75
2026-07-29 09:14:27,-0.42
2026-07-29 09:14:58,-0.88
2026-07-29 09:15:21,-0.48
2026-07-29 09:17:02,-0.77
2026-07-29 09:17:32,-0.57
2026-07-29 09:19:12,-0.78
2026-07-29 09:19:31,-0.51
2026-07-29 09:20:03,-0.75
2026-07-29 09:20:21,-0.44
2026-07-29 09:22:27,-0.66
2026-07-29 09:22:54,-0.30
2026-07-29 09:23:35,-0.48
2026-07-29 09:24:08,-0.20
2026-07-29 09:25:02,-0.35
2026-07-29 09:25:56,0.06
2026-07-29 09:26:37,0.05
2026-07-29 09:27:24,-0.30
2026-07-29 09:28:09,-0.25
2026-07-29 09:29:17,0.15
2026-07-29 09:29:44,-0.15
2026-07-29 09:31:14,0.20
2026-07-29 09:32:05,-0.20
2026-07-29 09:32:54,0.39
2026-07-29 09:33:04,0.52
2026-07-29 09:33:13,0.02
2026-07-29 09:34:39,0.15
2026-07-29 09:35:21,0.60
2026-07-29 09:36:47,0.13
2026-07-29 09:37:14,0.65
2026-07-29 09:38:58,0.30
2026-07-29 09:39:21,0.67
2026-07-29 09:40:57,0.46
2026-07-29 09:41:01,0.79
2026-07-29 09:41:42,0.21
2026-07-29 09:42:50,0.74
2026-07-29 09:42:55,0.68
2026-07-29 09:44:17,0.26
2026-07-29 09:45:03,0.27
2026-07-29 09:45:20,0.80
2026-07-29 09:46:19,0.63
2026-07-29 09:47:31,0.12
2026-07-29 09:48:36,0.66
2026-07-29 09:48:45,0.26
2026-07-29 09:49:44,0.12
2026-07-29 09:50:34,0.57
2026-07-29 09:52:18,0.72
2026-07-29 09:52:42,0.46
2026-07-29 09:53:03,0.62
2026-07-29 09:54:07,1.06
2026-07-29 09:55:25,1.03
2026-07-29 09:56:02,0.48
2026-07-29 09:56:51,0.64
2026-07-29 09:57:23,1.06
2026-07-29 09:57:54,0.84
2026-07-29 09:59:07,0.56
2026-07-29 09:59:48,0.80
2026-07-29 10:00:48,0.42
2026-07-29 10:01:14,0.33
2026-07-29 10:01:50,0.78
2026-07-29 10:04:07,0.35
2026-07-29 10:04:34,0.55
2026-07-29 10:05:39,0.27
2026-07-29 10:06:25,0.10
2026-07-29 10:07:19,0.54
2026-07-29 10:08:17,0.33
2026-07-29 10:08:40,0.55
2026-07-29 10:09:30,0.64
2026-07-29 10:10:25,0.31
2026-07-29 10:12:09,0.62
2026-07-29 10:12:31,0.34
2026-07-29 10:13:03,0.31
2026-07-29 10:13:48,0.72
2026-07-29 10:14:21,0.29
2026-07-29 10:15:19,0.54
2026-07-29 10:16:00,0.53
2026-07-29 10:17:22,0.13
2026-07-29 10:17:59,0.19
2026-07-29 10:18:13,0.49
2026-07-29 10:20:20,0.57
2026-07-29 10:20:46,0.29
2026-07-29 10:21:46,0.91
2026-07-29 10:22:13,0.48
2026-07-29 10:22:54,0.53
2026-07-29 10:23:58,1.04
2026-07-29 10:24:56,0.61
2026-07-29 10:25:06,1.05
2026-07-29 10:26:41,1.31
2026-07-29 10:27:00,0.88
2026-07-29 10:27:40,0.84
2026-07-29 10:28:03,1.12
2026-07-29 10:29:30,0.73
2026-07-29 10:30:37,1.06
2026-07-29 10:30:56,0.74
2026-07-29 10:31:54,1.20
2026-07-29 10:32:26,1.15
2026-07-29 10:33:07,0.66
2026-07-29 10:34:43,0.56
2026-07-29 10:34:53,0.93
2026-07-29 10:36:04,0.49
2026-07-29 10:36:23,0.77
2026-07-29 10:37:27,0.56
2026-07-29 10:38:57,0.92
2026-07-29 10:39:03,1.04
2026-07-29 10:39:33,0.75
2026-07-29 10:41:00,0.74
2026-07-29 10:41:51,1.10
2026-07-29 10:42:22,0.75
2026-07-29 10:43:26,1.30
2026-07-29 10:43:58,0.97
2026-07-29 10:44:02,0.89
2026-07-29 10:44:07,0.99
2026-07-29 10:44:20,1.10
2026-07-29 10:45:10,0.78
2026-07-29 10:45:47,0.57
2026-07-29 10:46:42,1.06
2026-07-29 10:48:12,0.95
2026-07-29 10:48:49,0.63
2026-07-29 10:49:34,0.58
2026-07-29 10:49:57,0.95
2026-07-29 10:50:56,0.79
2026-07-29 10:51:27,0.47
2026-07-29 10:52:13,0.48
2026-07-29 10:52:45,0.81
2026-07-29 10:54:34,0.87
2026-07-29 10:54:56,0.51
2026-07-29 10:56:33,0.90
2026-07-29 10:56:55,0.44
2026-07-29 10:57:36,0.78
2026-07-29 10:58:39,0.32
2026-07-29 10:59:46,0.60
2026-07-29 11:00:24,0.38
2026-07-29 11:00:52,0.40
2026-07-29 11:01:46,0.64
2026-07-29 11:03:30,0.63
2026-07-29 11:03:35,0.28
2026-07-29 11:04:02,0.56
2026-07-29 11:05:02,0.33
2026-07-29 11:05:43,0.32
2026-07-29 11:06:51,0.51
2026-07-29 11:07:21,0.57
2026-07-29 11:07:45,0.28
2026-07-29 11:08:48,0.14
2026-07-29 11:10:20,0.53
2026-07-29 11:10:33,0.37
2026-07-29 11:11:41,0.64
2026-07-29 11:12:22,0.46
2026-07-29 11:13:16,0.70
2026-07-29 11:13:43,0.85
2026-07-29 11:14:10,0.60
2026-07-29 11:16:55,0.83
2026-07-29 11:17:18,0.64
2026-07-29 11:17:53,0.94
2026-07-29 11:18:44,0.67
2026-07-29 11:19:29,0.93
2026-07-29 11:20:41,0.67
2026-07-29 11:21:18,0.91
2026-07-29 11:22:54,0.99
2026-07-29 11:23:07,0.70
2026-07-29 11:23:53,0.90
2026-07-29 11:24:02,0.65
2026-07-29 11:25:15,1.05
2026-07-29 11:26:46,0.72
2026-07-29 11:27:40,0.68
2026-07-29 11:28:07,1.00
2026-07-29 11:28:35,1.14
2026-07-29 11:30:01,0.30
2026-07-29 11:30:15,0.41
2026-07-29 11:31:45,0.69
2026-07-29 11:32:04,0.75
2026-07-29 11:33:25,0.44
2026-07-29 11:33:44,0.43
2026-07-29 11:34:11,0.73
2026-07-29 11:35:15,0.76
2026-07-29 11:36:14,0.41
2026-07-29 11:36:55,0.74
2026-07-29 11:37:17,0.47
2026-07-29 11:38:25,0.51
2026-07-29 11:39:43,0.75
2026-07-29 11:40:37,0.72
2026-07-29 11:41:37,0.47
2026-07-29 11:42:08,0.60
2026-07-29 11:43:17,0.35
2026-07-29 11:44:02,0.68
2026-07-29 11:44:30,0.33
2026-07-29 11:45:41,0.42
2026-07-29 11:46:22,0.64
2026-07-29 11:47:00,0.43
2026-07-29 11:47:18,0.62
2026-07-29 11:48:49,0.59
2026-07-29 11:48:57,0.42
2026-07-29 11:50:01,0.48
2026-07-29 11:50:05,0.73
2026-07-29 11:52:13,0.42
2026-07-29 11:52:36,0.84
2026-07-29 11:53:16,1.02
2026-07-29 11:53:30,0.59
2026-07-29 11:55:24,0.57
2026-07-29 11:56:19,0.93
2026-07-29 11:56:36,0.83
2026-07-29 11:57:30,0.38
2026-07-29 11:58:57,0.47
2026-07-29 11:59:47,0.76
2026-07-29 12:00:18,0.77
2026-07-29 12:01:18,0.45
2026-07-29 12:01:36,0.77
2026-07-29 12:01:54,0.38
2026-07-29 12:03:26,0.33
2026-07-29 12:04:28,0.93
2026-07-29 12:04:51,0.87
2026-07-29 12:06:22,0.40
2026-07-29 12:07:12,0.65
2026-07-29 12:07:57,0.33
2026-07-29 12:08:11,0.53
2026-07-29 12:08:57,0.13
2026-07-29 12:10:04,0.59
2026-07-29 12:10:55,0.25
2026-07-29 12:12:12,0.33
2026-07-29 12:12:47,0.63
2026-07-29 12:13:07,0.56
2026-07-29 12:14:28,0.28
2026-07-29 12:15:36,0.17
2026-07-29 12:16:03,0.57
2026-07-29 12:16:40,0.43
2026-07-29 12:17:12,0.17
2026-07-29 12:18:11,0.16
2026-07-29 12:18:57,0.51
2026-07-29 12:19:52,0.83
2026-07-29 12:21:03,0.18
2026-07-29 12:21:49,0.10
2026-07-29 12:22:26,0.48
2026-07-29 12:23:21,0.54
2026-07-29 12:23:29,0.26
2026-07-29 12:25:00,0.43
2026-07-29 12:26:03,0.00
2026-07-29 12:26:17,0.43
2026-07-29 12:26:40,0.22
2026-07-29 12:28:05,0.41
2026-07-29 12:28:33,0.24
2026-07-29 12:29:46,0.25
2026-07-29 12:30:13,0.49
2026-07-29 12:31:44,0.33
2026-07-29 12:31:49,0.51
2026-07-29 12:33:16,0.67
2026-07-29 12:33:56,0.31
2026-07-29 12:34:33,0.33
2026-07-29 12:36:08,0.60
2026-07-29 12:36:39,0.35
2026-07-29 12:37:44,0.83
2026-07-29 12:38:02,0.75
2026-07-29 12:39:19,0.40
2026-07-29 12:40:50,0.60
2026-07-29 12:41:00,0.41
2026-07-29 12:41:21,0.70
2026-07-29 12:41:49,0.32
2026-07-29 12:43:47,0.65
2026-07-29 12:43:56,0.39
2026-07-29 12:44:37,0.80
2026-07-29 12:45:18,0.34
2026-07-29 12:47:16,0.36
2026-07-29 12:47:39,0.60
2026-07-29 12:48:06,0.64
2026-07-29 12:48:14,0.36
2026-07-29 12:50:17,0.42
2026-07-29 12:50:49,0.64
2026-07-29 12:51:26,0.68
2026-07-29 12:52:06,0.26
2026-07-29 12:52:48,0.63
2026-07-29 12:53:37,0.38
2026-07-29 12:54:32,0.46
2026-07-29 12:54:42,0.60
2026-07-29 12:56:03,0.68
2026-07-29 12:57:03,0.49
2026-07-29 12:57:39,0.60
2026-07-29 12:58:42,0.45
2026-07-29 13:00:23,0.61
2026-07-29 13:00:28,0.46
2026-07-29 13:00:59,0.52
2026-07-29 13:02:25,0.68
2026-07-29 13:02:47,0.73
2026-07-29 13:04:05,0.53
2026-07-29 13:04:37,0.66
2026-07-29 13:05:05,0.57
2026-07-29 13:06:07,0.62
2026-07-29 13:06:48,0.71
2026-07-29 13:08:01,0.63
2026-07-29 13:08:15,0.74
2026-07-29 13:09:36,0.62
2026-07-29 13:10:04,0.77
2026-07-29 13:11:03,0.74
2026-07-29 13:12:20,0.57
2026-07-29 13:12:29,0.70
2026-07-29 13:12:57,0.59
2026-07-29 13:14:09,0.75
2026-07-29 13:14:22,0.60
2026-07-29 13:15:49,0.66
2026-07-29 13:17:15,0.46
2026-07-29 13:17:28,0.48
2026-07-29 13:18:36,0.60
2026-07-29 13:19:13,0.44
2026-07-29 13:19:46,0.65
2026-07-29 13:20:53,0.57
2026-07-29 13:21:16,0.46
2026-07-29 13:23:00,0.54
2026-07-29 13:23:19,0.37
2026-07-29 13:25:30,0.55
2026-07-29 13:25:54,0.48
2026-07-29 13:27:06,0.30
2026-07-29 13:27:20,0.44
2026-07-29 13:28:36,0.28
2026-07-29 13:29:08,0.25
2026-07-29 13:29:17,0.36
2026-07-29 13:32:11,0.18
2026-07-29 13:32:15,0.16
2026-07-29 13:32:24,0.41
2026-07-29 13:34:53,0.36
2026-07-29 13:35:30,0.17
2026-07-29 13:36:07,0.25
2026-07-29 13:37:10,0.10
2026-07-29 13:38:09,0.20
2026-07-29 13:38:42,0.03
2026-07-29 13:39:03,0.18
2026-07-29 13:40:17,0.04
2026-07-29 13:41:06,0.18
2026-07-29 13:41:38,0.05
2026-07-29 13:42:10,0.04
2026-07-29 13:42:38,0.18
2026-07-29 13:43:50,0.08
2026-07-29 13:45:02,0.20
2026-07-29 13:46:15,0.09
2026-07-29 13:46:42,0.27
2026-07-29 13:47:15,0.13
2026-07-29 13:47:46,0.26
2026-07-29 13:48:54,0.10
2026-07-29 13:49:04,0.27
2026-07-29 13:51:29,0.32
2026-07-29 13:51:52,0.04
2026-07-29 13:52:50,0.22
2026-07-29 13:53:22,0.07
2026-07-29 13:53:45,0.24
2026-07-29 13:54:58,0.11
2026-07-29 13:55:21,0.24
2026-07-29 13:55:34,0.12
2026-07-29 13:57:00,0.14
2026-07-29 13:58:18,0.32
2026-07-29 13:58:54,0.16
2026-07-29 13:58:58,0.29
2026-07-29 14:01:01,0.21
2026-07-29 14:01:28,0.46
2026-07-29 14:02:27,0.25
2026-07-29 14:02:36,0.63
2026-07-29 14:04:02,0.47
2026-07-29 14:04:26,0.25
2026-07-29 14:06:24,0.24
2026-07-29 14:06:51,0.42
2026-07-29 14:07:37,0.27
2026-07-29 14:08:08,0.41
2026-07-29 14:08:49,0.24
2026-07-29 14:09:07,0.39
2026-07-29 14:11:00,0.25
2026-07-29 14:11:41,0.48
2026-07-29 14:12:14,0.24
2026-07-29 14:13:17,0.54
2026-07-29 14:13:35,0.31
2026-07-29 14:14:16,0.51
2026-07-29 14:15:16,0.55
2026-07-29 14:16:42,0.34
2026-07-29 14:17:04,0.37
2026-07-29 14:17:37,0.51
2026-07-29 14:18:45,0.55
2026-07-29 14:19:02,0.36
2026-07-29 14:20:55,0.54
2026-07-29 14:21:00,0.37
2026-07-29 14:22:27,0.57
2026-07-29 14:23:12,0.33
2026-07-29 14:25:02,0.56
2026-07-29 14:25:47,0.31
2026-07-29 14:25:56,0.55
2026-07-29 14:26:59,0.29
2026-07-29 14:28:07,0.49
2026-07-29 14:29:39,0.29
2026-07-29 14:29:53,0.51
2026-07-29 14:30:15,0.25
2026-07-29 14:30:55,0.56
2026-07-29 14:32:36,0.24
2026-07-29 14:33:44,0.46
2026-07-29 14:34:48,0.17
2026-07-29 14:35:46,0.16
2026-07-29 14:36:27,0.37
2026-07-29 14:36:41,-0.01
2026-07-29 14:37:45,0.36
2026-07-29 14:38:35,0.09
2026-07-29 14:38:54,0.34
2026-07-29 14:40:01,0.26
2026-07-29 14:40:38,0.03
2026-07-29 14:42:36,0.22
2026-07-29 14:42:50,-0.01
2026-07-29 14:43:25,0.22
2026-07-29 14:44:31,-0.02
2026-07-29 14:45:42,-0.04
2026-07-29 14:46:27,0.30
2026-07-29 14:46:37,0.47
2026-07-29 14:47:49,-0.03
2026-07-29 14:48:54,0.23
2026-07-29 14:49:21,-0.02
2026-07-29 14:49:48,-0.01
2026-07-29 14:50:06,0.37
2026-07-29 14:51:54,0.01
2026-07-29 14:52:14,0.53
2026-07-29 14:53:08,0.38
2026-07-29 14:54:12,-0.03
2026-07-29 14:55:14,0.29
2026-07-29 14:55:37,-0.04
2026-07-29 14:56:28,-0.01
2026-07-29 14:57:22,0.23
2026-07-29 14:58:12,-0.01
2026-07-29 14:58:30,0.18
2026-07-29 14:59:48,0.15
2026-07-29 15:00:15,-0.01
2026-07-29 15:02:49,-0.02
2026-07-29 15:02:58,0.28
2026-07-29 15:04:15,-0.05
2026-07-29 15:04:25,0.19
2026-07-29 15:05:28,0.36
2026-07-29 15:06:09,-0.03
2026-07-29 15:06:27,0.19
2026-07-29 15:07:08,-0.14
2026-07-29 15:08:08,-0.07
2026-07-29 15:08:35,0.25
2026-07-29 15:10:04,0.23
2026-07-29 15:10:59,-0.07
2026-07-29 15:12:12,0.24
2026-07-29 15:12:18,-0.12
2026-07-29 15:13:02,-0.02
2026-07-29 15:13:56,0.19
2026-07-29 15:15:19,-0.03
2026-07-29 15:15:47,0.34
2026-07-29 15:16:13,0.36
2026-07-29 15:16:32,-0.08
2026-07-29 15:18:34,0.16
2026-07-29 15:18:51,-0.04
2026-07-29 15:19:47,-0.16
2026-07-29 15:19:57,0.23
2026-07-29 15:21:12,0.29
2026-07-29 15:22:12,0.02
2026-07-29 15:23:03,0.24
2026-07-29 15:23:30,-0.10
2026-07-29 15:24:55,-0.05
2026-07-29 15:25:22,0.37
2026-07-29 15:26:13,-0.05
2026-07-29 15:26:35,0.31
2026-07-29 15:28:38,0.21
2026-07-29 15:29:06,-0.07
2026-07-29 15:29:47,0.01
2026-07-29 15:30:09,0.39
2026-07-29 15:31:59,0.06
2026-07-29 15:32:12,0.44
2026-07-29 15:32:44,0.05
2026-07-29 15:32:57,0.44
2026-07-29 15:34:47,-0.05
2026-07-29 15:35:01,0.33
2026-07-29 15:36:09,0.41
2026-07-29 15:37:31,0.01
2026-07-29 15:38:38,0.02
2026-07-29 15:39:02,0.35
2026-07-29 15:40:06,0.12
2026-07-29 15:40:55,0.36
2026-07-29 15:41:45,0.59
2026-07-29 15:42:22,0.08
2026-07-29 15:42:48,0.11
2026-07-29 15:43:21,0.57
2026-07-29 15:44:37,0.50
2026-07-29 15:44:56,0.15
2026-07-29 15:46:31,0.16
2026-07-29 15:47:12,0.59
2026-07-29 15:47:45,0.65
2026-07-29 15:48:15,0.21
2026-07-29 15:49:47,0.24
2026-07-29 15:49:51,0.55
2026-07-29 15:51:08,0.65
2026-07-29 15:51:45,0.28
2026-07-29 15:53:10,0.19
2026-07-29 15:54:02,0.55
2026-07-29 15:55:24,0.29
2026-07-29 15:55:50,0.57
2026-07-29 15:56:09,0.21
2026-07-29 15:57:45,0.36
2026-07-29 15:58:12,0.70
2026-07-29 15:59:24,0.65
2026-07-29 16:00:41,0.32
2026-07-29 16:01:46,0.92
2026-07-29 16:01:55,0.46
2026-07-29 16:03:48,0.91
2026-07-29 16:04:10,0.51
2026-07-29 16:04:51,0.74
2026-07-29 16:06:13,0.51
2026-07-29 16:07:07,0.73
2026-07-29 16:07:48,0.51
2026-07-29 16:08:11,0.77
2026-07-29 16:09:25,0.75
2026-07-29 16:09:29,0.55
2026-07-29 16:11:09,0.58
2026-07-29 16:11:36,0.86
2026-07-29 16:13:44,0.76
2026-07-29 16:13:52,0.32
2026-07-29 16:13:57,0.36
2026-07-29 16:14:20,0.73
2026-07-29 16:15:50,0.80
2026-07-29 16:16:40,0.55
2026-07-29 16:17:35,0.73
2026-07-29 16:17:45,0.50
2026-07-29 16:19:11,0.67
2026-07-29 16:19:16,0.45
2026-07-29 16:20:56,0.46
2026-07-29 16:21:41,0.74
2026-07-29 16:22:26,0.50
2026-07-29 16:22:40,0.80
2026-07-29 16:24:34,0.54
2026-07-29 16:25:24,0.78
2026-07-29 16:26:05,0.55
2026-07-29 16:26:27,0.70
2026-07-29 16:27:40,0.56
2026-07-29 16:28:39,0.88
2026-07-29 16:29:30,0.96
2026-07-29 16:29:38,0.53
2026-07-29 16:30:59,0.67
2026-07-29 16:31:45,0.97
2026-07-29 16:32:31,1.16
2026-07-29 16:32:45,0.60
2026-07-29 16:33:53,0.43
2026-07-29 16:34:20,0.86
2026-07-29 16:35:46,0.75
2026-07-29 16:36:32,0.52
2026-07-29 16:37:09,0.53
2026-07-29 16:38:30,0.77
2026-07-29 16:38:44,0.57
2026-07-29 16:39:56,0.79
2026-07-29 16:41:27,0.86
2026-07-29 16:41:59,0.45
2026-07-29 16:42:34,0.48
2026-07-29 16:42:54,0.76
2026-07-29 16:43:52,0.77
2026-07-29 16:44:48,0.46
2026-07-29 16:46:50,0.72
2026-07-29 16:47:17,0.65
2026-07-29 16:47:31,0.41
2026-07-29 16:49:19,0.67
2026-07-29 16:49:52,0.42
2026-07-29 16:50:20,0.39
2026-07-29 16:51:08,0.70
2026-07-29 16:52:44,0.69
2026-07-29 16:52:58,0.43
2026-07-29 16:54:10,0.69
2026-07-29 16:54:38,0.39
2026-07-29 16:56:45,0.33
2026-07-29 16:56:50,0.82
2026-07-29 16:57:03,0.63
2026-07-29 16:57:39,0.34
2026-07-29 16:59:38,0.35
2026-07-29 17:00:00,0.70
2026-07-29 17:00:10,0.36
2026-07-29 17:00:41,0.68
2026-07-29 17:02:25,0.44
2026-07-29 17:03:10,0.83
2026-07-29 17:04:06,0.45
2026-07-29 17:04:37,0.79
2026-07-29 17:05:41,0.80
2026-07-29 17:06:08,0.43
2026-07-29 17:07:17,0.47
2026-07-29 17:07:39,0.83
2026-07-29 17:08:39,0.75
2026-07-29 17:09:37,0.55
2026-07-29 17:10:54,0.77
2026-07-29 17:11:31,0.52
2026-07-29 17:12:53,0.89
2026-07-29 17:13:06,0.47
2026-07-29 17:13:43,0.80
2026-07-29 17:13:51,0.45
2026-07-29 17:15:24,0.81
2026-07-29 17:15:28,0.50
2026-07-29 17:16:39,0.51
2026-07-29 17:16:45,0.74
2026-07-29 17:19:06,0.46
2026-07-29 17:19:51,0.77
2026-07-29 17:21:09,0.72
2026-07-29 17:21:22,0.53
2026-07-29 17:22:34,0.82
2026-07-29 17:23:07,0.53
2026-07-29 17:23:20,0.49
2026-07-29 17:24:14,0.89
2026-07-29 17:26:03,0.46
2026-07-29 17:26:13,0.83
2026-07-29 17:26:40,0.78
2026-07-29 17:27:21,0.57
2026-07-29 17:29:28,0.93
2026-07-29 17:30:13,0.82
2026-07-29 17:31:27,0.56
2026-07-29 17:32:17,0.55
2026-07-29 17:32:34,0.95
2026-07-29 17:33:15,0.99
2026-07-29 17:33:43,0.66
2026-07-29 17:36:00,0.55
2026-07-29 17:36:08,0.96
2026-07-29 17:36:45,0.97
2026-07-29 17:37:44,0.60
2026-07-29 17:38:21,0.59
2026-07-29 17:38:52,0.86
2026-07-29 17:39:51,0.85
2026-07-29 17:40:32,0.53
2026-07-29 17:42:08,0.86
2026-07-29 17:42:17,0.59
2026-07-29 17:43:47,0.87
2026-07-29 17:44:01,0.61
2026-07-29 17:45:32,0.85
2026-07-29 17:47:22,0.87
2026-07-29 17:47:57,0.57
2026-07-29 17:48:11,0.60
2026-07-29 17:48:44,0.87
2026-07-29 17:50:01,0.90
2026-07-29 17:50:11,0.69
2026-07-29 17:51:32,0.56
2026-07-29 17:52:26,0.98
2026-07-29 17:53:21,0.99
2026-07-29 17:53:44,0.71
2026-07-29 17:54:47,1.04
2026-07-29 17:55:23,0.61
2026-07-29 17:56:17,0.68
2026-07-29 17:56:58,0.93
2026-07-29 17:57:54,0.65
2026-07-29 17:59:11,1.10
2026-07-29 17:59:42,0.94
2026-07-29 18:01:08,0.66
2026-07-29 18:01:32,1.08
2026-07-29 18:01:53,0.56
2026-07-29 18:03:34,0.57
2026-07-29 18:03:48,1.02
2026-07-29 18:04:51,0.53
2026-07-29 18:05:14,0.83
2026-07-29 18:06:22,0.80
2026-07-29 18:06:31,0.62
2026-07-29 18:07:48,0.54
2026-07-29 18:08:06,0.87
2026-07-29 18:09:28,0.65
2026-07-29 18:09:52,0.87
2026-07-29 18:11:13,0.64
2026-07-29 18:11:27,0.87
2026-07-29 18:13:48,0.56
2026-07-29 18:14:23,0.91
2026-07-29 18:15:28,0.50
2026-07-29 18:15:37,0.98
2026-07-29 18:16:50,0.90
2026-07-29 18:17:04,0.57
2026-07-29 18:18:48,0.51
2026-07-29 18:19:20,1.13
2026-07-29 18:19:24,0.50
2026-07-29 18:19:33,1.04
2026-07-29 18:21:41,0.59
2026-07-29 18:22:02,0.89
2026-07-29 18:23:56,0.53
2026-07-29 18:24:05,0.88
2026-07-29 18:25:18,0.93
2026-07-29 18:25:27,0.33
2026-07-29 18:25:59,0.88
2026-07-29 18:26:08,0.33
2026-07-29 18:27:40,0.72
2026-07-29 18:28:57,0.47
2026-07-29 18:29:52,0.84
2026-07-29 18:30:09,0.37
2026-07-29 18:31:13,0.46
2026-07-29 18:32:22,0.75
2026-07-29 18:33:38,0.41
2026-07-29 18:33:51,0.95
2026-07-29 18:34:38,0.64
2026-07-29 18:35:46,0.36
2026-07-29 18:36:18,0.33
2026-07-29 18:36:32,0.66
2026-07-29 18:38:48,0.35
2026-07-29 18:39:05,0.60
2026-07-29 18:39:15,0.39
2026-07-29 18:39:46,0.60
2026-07-29 18:41:00,0.54
2026-07-29 18:41:36,0.30
2026-07-29 18:43:11,0.56
2026-07-29 18:43:43,0.32
2026-07-29 18:44:38,0.48
2026-07-29 18:44:42,0.27
2026-07-29 18:46:35,0.32
2026-07-29 18:47:02,0.47
2026-07-29 18:47:34,0.49
2026-07-29 18:48:02,0.24
2026-07-29 18:49:56,0.43
2026-07-29 18:50:41,0.14
2026-07-29 18:51:49,0.40
2026-07-29 18:52:12,0.22
2026-07-29 18:52:44,0.13
2026-07-29 18:52:58,0.47
2026-07-29 18:54:14,0.11
2026-07-29 18:55:32,0.40
2026-07-29 18:55:50,0.13
2026-07-29 18:56:22,0.40
2026-07-29 18:57:43,0.03
2026-07-29 18:58:16,0.42
2026-07-29 18:59:47,0.09
2026-07-29 18:59:51,0.34
2026-07-29 19:00:50,0.29
2026-07-29 19:01:58,-0.01
2026-07-29 19:03:16,0.32
2026-07-29 19:03:46,0.06
2026-07-29 19:03:56,0.29
2026-07-29 19:04:10,0.06
2026-07-29 19:06:03,0.33
2026-07-29 19:06:39,0.01
2026-07-29 19:08:15,-0.01
2026-07-29 19:08:33,0.33
2026-07-29 19:10:08,0.37
2026-07-29 19:10:13,-0.15
2026-07-29 19:10:31,-0.03
2026-07-29 19:10:55,0.20
2026-07-29 19:12:47,0.22
2026-07-29 19:13:06,-0.05
2026-07-29 19:14:04,-0.28
2026-07-29 19:14:14,0.18
2026-07-29 19:15:31,0.19
2026-07-29 19:16:26,-0.11
2026-07-29 19:17:20,0.20
2026-07-29 19:17:37,-0.05
2026-07-29 19:18:51,-0.12
2026-07-29 19:20:18,0.27
2026-07-29 19:21:17,0.26
2026-07-29 19:21:43,-0.16
2026-07-29 19:22:48,0.27
2026-07-29 19:23:06,-0.25
2026-07-29 19:23:55,-0.17
2026-07-29 19:25:17,0.24
2026-07-29 19:25:27,-0.17
2026-07-29 19:26:57,0.32
2026-07-29 19:27:47,0.27
2026-07-29 19:28:24,-0.17
2026-07-29 19:29:00,0.17
2026-07-29 19:29:22,-0.24
2026-07-29 19:31:26,-0.19
2026-07-29 19:31:44,0.09
2026-07-29 19:32:02,0.22
2026-07-29 19:32:15,-0.25
2026-07-29 19:33:37,0.04
2026-07-29 19:34:46,-0.20
2026-07-29 19:35:59,0.10
2026-07-29 19:36:39,-0.18
2026-07-29 19:36:58,0.04
2026-07-29 19:38:02,-0.19
2026-07-29 19:38:33,0.20
2026-07-29 19:40:08,-0.24
2026-07-29 19:40:41,-0.30
2026-07-29 19:40:58,0.13
2026-07-29 19:42:07,-0.19
2026-07-29 19:43:15,0.13
2026-07-29 19:44:14,-0.29
2026-07-29 19:45:04,0.38
2026-07-29 19:45:12,0.08
2026-07-29 19:46:22,-0.34
2026-07-29 19:47:25,0.09
2026-07-29 19:47:47,-0.23
2026-07-29 19:49:01,-0.35
2026-07-29 19:49:51,0.21
2026-07-29 19:51:30,-0.37
2026-07-29 19:51:39,0.16
2026-07-29 19:52:11,-0.36
2026-07-29 19:53:05,0.14
2026-07-29 19:54:46,-0.03
2026-07-29 19:54:55,-0.33
2026-07-29 19:55:12,-0.52
2026-07-29 19:55:18,0.19
2026-07-29 19:56:48,0.00
2026-07-29 19:58:07,-0.30
2026-07-29 19:58:33,-0.10
2026-07-29 19:59:59,-0.32
2026-07-29 20:00:13,-0.33
2026-07-29 20:01:08,0.17
2026-07-29 20:01:49,-0.29
2026-07-29 20:02:34,0.10
2026-07-29 20:04:00,0.02
2026-07-29 20:04:49,-0.29
2026-07-29 20:05:18,-0.44
2026-07-29 20:06:07,0.05
2026-07-29 20:06:40,-0.31
2026-07-29 20:07:38,0.00
2026-07-29 20:09:09,-0.28
2026-07-29 20:09:50,-0.07
2026-07-29 20:10:50,-0.02
2026-07-29 20:11:26,-0.36
2026-07-29 20:12:44,-0.37
2026-07-29 20:13:11,0.02
2026-07-29 20:13:56,-0.39
2026-07-29 20:14:00,-0.01
2026-07-29 20:15:58,-0.02
2026-07-29 20:16:16,-0.36
2026-07-29 20:16:35,-0.32
2026-07-29 20:16:54,0.03
2026-07-29 20:18:10,-0.36
2026-07-29 20:18:24,-0.02
2026-07-29 20:20:04,-0.07
2026-07-29 20:20:45,-0.34
2026-07-29 20:22:20,-0.29
2026-07-29 20:23:01,-0.13
2026-07-29 20:23:15,-0.10
2026-07-29 20:23:56,-0.31
2026-07-29 20:25:32,-0.06
2026-07-29 20:26:57,-0.12
2026-07-29 20:27:02,-0.34
2026-07-29 20:28:38,-0.39
2026-07-29 20:29:24,0.13
2026-07-29 20:30:26,-0.40
2026-07-29 20:30:54,-0.02
2026-07-29 20:31:44,0.07
2026-07-29 20:32:43,-0.35
2026-07-29 20:33:42,0.18
2026-07-29 20:33:47,-0.41
2026-07-29 20:35:22,0.06
2026-07-29 20:35:45,-0.43
2026-07-29 20:36:40,-0.41
2026-07-29 20:37:25,0.01
2026-07-29 20:38:19,-0.46
2026-07-29 20:38:38,0.06
2026-07-29 20:39:46,0.10
2026-07-29 20:40:09,-0.34
2026-07-29 20:42:12,-0.45
2026-07-29 20:42:48,0.18
2026-07-29 20:43:01,-0.43
2026-07-29 20:44:23,0.13
2026-07-29 20:45:45,-0.33
2026-07-29 20:46:08,0.32
2026-07-29 20:46:58,0.05
2026-07-29 20:47:19,-0.65
2026-07-29 20:48:42,0.12
2026-07-29 20:49:19,-0.33
2026-07-29 20:49:37,0.18
2026-07-29 20:49:46,-0.20
2026-07-29 20:51:58,0.28
2026-07-29 20:52:07,-0.31
2026-07-29 20:52:52,0.20
2026-07-29 20:53:47,-0.34
2026-07-29 20:54:28,-0.27
2026-07-29 20:54:41,0.07
2026-07-29 20:57:12,-0.19
2026-07-29 20:57:34,0.20
2026-07-29 20:57:47,-0.30
2026-07-29 20:58:47,0.13
2026-07-29 21:00:22,0.35
2026-07-29 21:00:27,-0.21
2026-07-29 21:01:35,-0.36
2026-07-29 21:01:57,0.35
2026-07-29 21:03:02,-0.35
2026-07-29 21:03:16,0.50
2026-07-29 21:04:37,0.32
2026-07-29 21:04:55,-0.31
2026-07-29 21:06:07,-0.16
2026-07-29 21:06:49,0.17
2026-07-29 21:09:01,0.20
2026-07-29 21:09:09,-0.20
2026-07-29 21:10:31,0.26
2026-07-29 21:10:46,-0.22
2026-07-29 21:10:59,-0.28
2026-07-29 21:11:03,0.43
2026-07-29 21:14:05,-0.24
2026-07-29 21:14:14,0.28
2026-07-29 21:14:23,-0.24
2026-07-29 21:14:55,0.21
2026-07-29 21:17:15,-0.14
2026-07-29 21:17:21,0.21
2026-07-29 21:17:42,-0.25
2026-07-29 21:18:33,0.18
2026-07-29 21:19:22,-0.08
2026-07-29 21:20:31,0.20
2026-07-29 21:21:48,-0.15
2026-07-29 21:22:25,0.10
2026-07-29 21:23:42,0.17
2026-07-29 21:23:47,-0.30
2026-07-29 21:24:32,0.12
2026-07-29 21:25:04,-0.14
2026-07-29 21:26:07,0.18
2026-07-29 21:28:06,-0.08
2026-07-29 21:28:33,0.15
2026-07-29 21:29:27,0.17
2026-07-29 21:30:13,-0.10
2026-07-29 21:31:53,0.38
2026-07-29 21:32:03,-0.10
2026-07-29 21:32:20,-0.04
2026-07-29 21:32:25,-0.10
2026-07-29 21:32:56,0.45
2026-07-29 21:33:56,-0.26
2026-07-29 21:35:13,0.15
2026-07-29 21:35:27,-0.28
2026-07-29 21:36:35,-0.38
2026-07-29 21:37:06,0.29
2026-07-29 21:37:53,0.01
2026-07-29 21:38:43,0.31
2026-07-29 21:39:10,0.01
2026-07-29 21:40:32,0.68
2026-07-29 21:41:39,0.56
2026-07-29 21:42:12,-0.23
2026-07-29 21:42:20,0.38
2026-07-29 21:42:47,-0.24
2026-07-29 21:44:05,-0.07
2026-07-29 21:44:18,0.28
2026-07-29 21:45:36,-0.13
2026-07-29 21:46:03,0.23
2026-07-29 21:47:43,-0.15
2026-07-29 21:47:51,0.19
2026-07-29 21:50:22,-0.19
2026-07-29 21:50:54,0.26
2026-07-29 21:52:07,-0.15
2026-07-29 21:53:01,0.25
2026-07-29 21:54:55,-0.14
2026-07-29 21:55:13,0.42
2026-07-29 21:55:58,-0.01
2026-07-29 21:56:07,0.36
2026-07-29 21:57:24,0.53
2026-07-29 21:58:33,-0.03
2026-07-29 21:59:05,-0.08
2026-07-29 21:59:40,0.42
2026-07-29 22:00:35,0.04
2026-07-29 22:00:40,0.52
2026-07-29 22:03:10,0.42
2026-07-29 22:03:33,0.05
2026-07-29 22:04:05,0.01
2026-07-29 22:04:37,0.35
2026-07-29 22:07:02,-0.11
2026-07-29 22:07:20,0.39
2026-07-29 22:08:38,-0.02
2026-07-29 22:08:42,-0.12
2026-07-29 22:09:06,0.37
2026-07-29 22:10:28,0.44
2026-07-29 22:11:03,0.05
2026-07-29 22:12:39,-0.01
2026-07-29 22:12:57,0.37
2026-07-29 22:14:05,0.12
2026-07-29 22:14:14,0.56
2026-07-29 22:15:32,0.41
2026-07-29 22:16:22,0.17
2026-07-29 22:18:24,0.49
2026-07-29 22:20:00,0.58
2026-07-29 22:20:14,0.12
2026-07-29 22:20:18,0.21
2026-07-29 22:20:32,0.52
2026-07-29 22:22:38,0.58
2026-07-29 22:23:05,0.18
2026-07-29 22:23:38,0.56
2026-07-29 22:24:24,0.25
2026-07-29 22:25:13,0.54
2026-07-29 22:26:39,0.29
2026-07-29 22:28:21,0.53
2026-07-29 22:28:42,0.56
2026-07-29 22:30:04,0.32
2026-07-29 22:30:54,0.62
2026-07-29 22:31:30,0.31
2026-07-29 22:32:03,0.72
2026-07-29 22:33:01,0.46
2026-07-29 22:33:29,0.43
2026-07-29 22:33:52,0.83
2026-07-29 22:36:08,0.50
2026-07-29 22:36:40,0.85
2026-07-29 22:37:07,0.46
2026-07-29 22:38:19,0.83
2026-07-29 22:38:47,0.48
2026-07-29 22:39:23,0.78
2026-07-29 22:40:50,0.53
2026-07-29 22:41:12,0.89
2026-07-29 22:42:20,0.52
2026-07-29 22:42:25,0.79
2026-07-29 22:44:05,0.43
2026-07-29 22:44:27,0.98
2026-07-29 22:45:35,1.02
2026-07-29 22:45:54,0.50
2026-07-29 22:47:38,0.83
2026-07-29 22:47:48,0.53
2026-07-29 22:48:29,0.47
2026-07-29 22:48:37,0.89
2026-07-29 22:49:59,0.82
2026-07-29 22:50:08,0.55
2026-07-29 22:52:11,0.79
2026-07-29 22:52:33,0.53
2026-07-29 22:53:28,1.01
2026-07-29 22:54:22,0.51
2026-07-29 22:55:21,0.97
2026-07-29 22:55:45,0.54
2026-07-29 22:57:38,1.46
2026-07-29 22:57:47,0.56
2026-07-29 22:58:19,1.15
2026-07-29 22:59:31,0.55
2026-07-29 22:59:55,1.36
2026-07-29 23:01:12,0.68
2026-07-29 23:02:33,0.63
2026-07-29 23:02:43,1.23
2026-07-29 23:03:14,1.25
2026-07-29 23:04:18,0.59
2026-07-29 23:06:11,1.15
2026-07-29 23:06:16,0.64
2026-07-29 23:06:53,1.54
2026-07-29 23:07:47,0.80
2026-07-29 23:08:41,0.61
2026-07-29 23:09:08,1.35
2026-07-29 23:09:49,1.13
2026-07-29 23:10:35,0.78
2026-07-29 23:11:26,1.04
2026-07-29 23:12:55,0.72
2026-07-29 23:13:14,0.69
2026-07-29 23:13:41,1.07
2026-07-29 23:15:48,1.24
2026-07-29 23:16:02,0.77
2026-07-29 23:17:18,0.91
2026-07-29 23:17:46,1.41
2026-07-29 23:18:45,1.30
2026-07-29 23:19:09,0.87
2026-07-29 23:20:03,1.26
2026-07-29 23:21:15,0.57
2026-07-29 23:22:27,0.83
2026-07-29 23:22:47,1.59
2026-07-29 23:23:04,1.40
2026-07-29 23:24:22,0.69
2026-07-29 23:25:02,1.37
2026-07-29 23:25:16,0.95
2026-07-29 23:27:28,0.94
2026-07-29 23:27:46,1.48
2026-07-29 23:28:50,1.53
2026-07-29 23:29:12,0.87
2026-07-29 23:29:58,1.79
2026-07-29 23:30:30,0.81
2026-07-29 23:31:28,0.97
2026-07-29 23:32:32,1.77
2026-07-29 23:33:22,1.40
2026-07-29 23:34:26,0.95
2026-07-29 23:34:40,0.89
2026-07-29 23:35:20,1.34
2026-07-29 23:37:32,1.31
2026-07-29 23:37:41,1.03
2026-07-29 23:37:51,0.84
2026-07-29 23:38:05,1.48
2026-07-29 23:40:02,1.31
2026-07-29 23:40:38,0.93
2026-07-29 23:42:05,1.45
2026-07-29 23:42:42,0.83
2026-07-29 23:42:46,0.75
2026-07-29 23:44:17,1.58
2026-07-29 23:44:30,0.92
2026-07-29 23:44:57,1.73
2026-07-29 23:46:24,1.72
2026-07-29 23:47:05,0.91
2026-07-29 23:48:21,1.43
2026-07-29 23:48:27,1.05
2026-07-29 23:49:26,1.46
2026-07-29 23:50:56,1.00
2026-07-29 23:51:23,1.36
2026-07-29 23:52:17,0.98
2026-07-29 23:53:13,1.10
2026-07-29 23:53:40,1.36
2026-07-29 23:54:44,1.33
2026-07-29 23:55:33,1.07
2026-07-29 23:56:27,1.39
2026-07-29 23:56:47,1.05
2026-07-29 23:58:35,1.03
2026-07-29 23:59:08,1.56
2026-07-29 23:59:30,0.99
2026-07-30 00:00:11,1.50
2026-07-30 00:02:10,0.95
2026-07-30 00:02:14,1.55
2026-07-30 00:03:13,1.43
2026-07-30 00:03:58,1.12
2026-07-30 00:04:21,0.97
2026-07-30 00:04:39,1.48
2026-07-30 00:07:14,1.02
2026-07-30 00:07:22,1.41
2026-07-30 00:08:36,1.53
2026-07-30 00:08:58,0.99
2026-07-30 00:09:17,1.38
2026-07-30 00:09:49,1.09
2026-07-30 00:11:37,0.99
2026-07-30 00:11:52,1.45
2026-07-30 00:13:04,1.34
2026-07-30 00:13:18,1.15
2026-07-30 00:14:17,1.10
2026-07-30 00:15:34,1.46
2026-07-30 00:16:42,1.67
2026-07-30 00:16:52,1.03
2026-07-30 00:18:03,1.14
2026-07-30 00:18:22,1.54
2026-07-30 00:19:17,1.13
2026-07-30 00:19:21,1.42
2026-07-30 00:22:05,1.15
2026-07-30 00:22:46,1.39
2026-07-30 00:22:50,1.19
2026-07-30 00:24:17,1.12
2026-07-30 00:25:38,1.40
2026-07-30 00:26:15,1.38
2026-07-30 00:26:29,1.10
2026-07-30 00:28:45,1.34
2026-07-30 00:29:52,1.10
2026-07-30 00:30:02,1.40
2026-07-30 00:31:06,1.19
2026-07-30 00:32:10,1.57
2026-07-30 00:32:46,1.13
2026-07-30 00:33:17,1.51
2026-07-30 00:34:39,1.52
2026-07-30 00:35:25,1.04
2026-07-30 00:35:48,1.44
2026-07-30 00:37:04,1.15
2026-07-30 00:37:14,1.47
2026-07-30 00:38:08,1.11
2026-07-30 00:39:38,1.17
2026-07-30 00:40:06,1.46
2026-07-30 00:41:27,1.18
2026-07-30 00:41:41,1.50
2026-07-30 00:42:13,1.05
2026-07-30 00:43:18,1.47
2026-07-30 00:44:43,1.06
2026-07-30 00:44:53,1.53
2026-07-30 00:45:38,1.51
2026-07-30 00:46:05,1.00
2026-07-30 00:47:09,1.18
2026-07-30 00:48:39,1.56
2026-07-30 00:49:47,1.10
2026-07-30 00:49:52,1.72
2026-07-30 00:50:41,1.50
2026-07-30 00:50:57,1.11
2026-07-30 00:53:26,1.74
2026-07-30 00:53:40,1.10
2026-07-30 00:53:53,1.25
2026-07-30 00:54:11,1.75
2026-07-30 00:55:24,1.82
2026-07-30 00:55:37,1.29
2026-07-30 00:57:13,1.33
2026-07-30 00:58:16,1.73
2026-07-30 00:58:49,1.69
2026-07-30 01:00:07,1.35
2026-07-30 01:01:46,1.28
2026-07-30 01:01:56,1.71
2026-07-30 01:02:17,1.13
2026-07-30 01:02:28,1.66
2026-07-30 01:03:40,1.29
2026-07-30 01:03:53,1.58
2026-07-30 01:05:29,1.28
2026-07-30 01:06:37,1.80
2026-07-30 01:07:45,1.68
2026-07-30 01:08:26,1.30
2026-07-30 01:09:02,1.25
2026-07-30 01:09:11,1.81
2026-07-30 01:10:25,1.76
2026-07-30 01:11:19,1.25
2026-07-30 01:12:23,1.39
2026-07-30 01:13:17,1.73
2026-07-30 01:13:39,1.34
2026-07-30 01:13:49,1.92
2026-07-30 01:16:05,1.23
2026-07-30 01:16:37,1.81
2026-07-30 01:18:00,1.74
2026-07-30 01:18:08,1.33
2026-07-30 01:19:15,1.37
2026-07-30 01:19:56,1.69
2026-07-30 01:20:10,1.92
2026-07-30 01:21:37,1.42
2026-07-30 01:22:10,1.35
2026-07-30 01:22:41,1.89
2026-07-30 01:23:32,1.78
2026-07-30 01:24:47,1.49
2026-07-30 01:25:10,1.47
2026-07-30 01:25:52,1.77
2026-07-30 01:27:09,1.51
2026-07-30 01:27:14,1.85
2026-07-30 01:28:53,1.84
2026-07-30 01:29:20,1.46
2026-07-30 01:30:02,1.54
2026-07-30 01:30:34,1.79
2026-07-30 01:32:05,1.87
2026-07-30 01:32:32,1.51
2026-07-30 01:33:22,1.54
2026-07-30 01:34:16,1.79
2026-07-30 01:35:01,1.80
2026-07-30 01:35:29,1.47
2026-07-30 01:37:03,1.77
2026-07-30 01:37:18,1.54
2026-07-30 01:39:30,1.45
2026-07-30 01:39:38,1.75
2026-07-30 01:41:05,1.79
2026-07-30 01:41:28,1.46
2026-07-30 01:41:51,1.51
2026-07-30 01:42:19,1.78
2026-07-30 01:44:02,1.75
2026-07-30 01:44:34,1.46
2026-07-30 01:45:24,1.37
2026-07-30 01:46:05,1.74
2026-07-30 01:46:59,1.88
2026-07-30 01:47:58,1.47
2026-07-30 01:48:54,1.44
2026-07-30 01:49:03,1.73
2026-07-30 01:50:19,1.83
2026-07-30 01:51:09,1.43
2026-07-30 01:51:54,1.41
2026-07-30 01:53:03,1.88
2026-07-30 01:53:17,1.40
2026-07-30 01:54:21,1.73
2026-07-30 01:55:15,1.69
2026-07-30 01:55:56,1.43
2026-07-30 01:56:32,1.37
2026-07-30 01:57:00,1.72
2026-07-30 01:58:11,1.68
2026-07-30 01:58:39,1.29
2026-07-30 01:59:47,1.33
2026-07-30 02:00:01,1.71
2026-07-30 02:01:36,1.44
2026-07-30 02:02:17,1.91
2026-07-30 02:03:16,1.93
2026-07-30 02:04:16,1.40
2026-07-30 02:05:06,1.85
2026-07-30 02:05:51,1.38
2026-07-30 02:06:18,1.47
2026-07-30 02:07:39,1.84
2026-07-30 02:08:35,1.92
2026-07-30 02:08:45,1.56
2026-07-30 02:09:39,2.05
2026-07-30 02:10:33,1.60
2026-07-30 02:12:31,1.87
2026-07-30 02:12:36,1.43
2026-07-30 02:13:35,1.88
2026-07-30 02:14:24,1.50
2026-07-30 02:15:01,1.81
2026-07-30 02:15:51,1.52
2026-07-30 02:16:45,1.44
2026-07-30 02:17:49,1.87
2026-07-30 02:18:16,1.49
2026-07-30 02:19:01,1.70
2026-07-30 02:19:34,1.43
2026-07-30 02:19:57,1.83
2026-07-30 02:21:36,1.70
2026-07-30 02:22:17,1.35
2026-07-30 02:23:07,1.77
2026-07-30 02:23:25,1.44
2026-07-30 02:24:38,1.34
2026-07-30 02:25:24,1.67
2026-07-30 02:26:59,1.66
2026-07-30 02:27:13,1.37
2026-07-30 02:28:17,1.57
2026-07-30 02:28:21,1.32
2026-07-30 02:29:25,1.64
2026-07-30 02:29:52,1.33
2026-07-30 02:31:42,1.73
2026-07-30 02:32:27,1.14
2026-07-30 02:32:44,1.11
2026-07-30 02:34:02,1.50
2026-07-30 02:34:43,1.44
2026-07-30 02:35:15,1.02
2026-07-30 02:36:00,1.41
2026-07-30 02:37:08,0.92
2026-07-30 02:38:30,1.46
2026-07-30 02:38:49,0.94
2026-07-30 02:39:30,0.92
2026-07-30 02:39:48,1.29
2026-07-30 02:41:46,1.22
2026-07-30 02:41:59,0.85
2026-07-30 02:42:55,1.33
2026-07-30 02:43:08,0.99
2026-07-30 02:45:07,1.40
2026-07-30 02:45:38,0.97
2026-07-30 02:46:09,1.27
2026-07-30 02:46:15,0.92
2026-07-30 02:47:46,0.89
2026-07-30 02:47:50,1.29
2026-07-30 02:49:57,1.00
2026-07-30 02:50:43,1.28
2026-07-30 02:51:46,0.94
2026-07-30 02:52:18,1.30
2026-07-30 02:52:33,0.93
2026-07-30 02:52:41,1.33
2026-07-30 02:54:44,0.97
2026-07-30 02:55:25,1.49
2026-07-30 02:56:46,0.99
2026-07-30 02:57:17,1.54
2026-07-30 02:57:54,1.13
2026-07-30 02:58:27,1.41
2026-07-30 03:00:06,1.01
2026-07-30 03:00:42,1.43
2026-07-30 03:01:27,1.00
2026-07-30 03:01:47,1.64
2026-07-30 03:02:33,1.03
2026-07-30 03:02:50,1.43
2026-07-30 03:04:30,1.01
2026-07-30 03:05:11,1.47
2026-07-30 03:06:29,1.20
2026-07-30 03:06:51,1.51
2026-07-30 03:08:21,1.58
2026-07-30 03:08:36,1.16
2026-07-30 03:09:16,1.15
2026-07-30 03:10:12,1.62
2026-07-30 03:11:41,1.68
2026-07-30 03:11:46,1.05
2026-07-30 03:12:27,1.66
2026-07-30 03:12:59,1.07
2026-07-30 03:14:12,1.27
2026-07-30 03:14:16,1.64
2026-07-30 03:16:00,1.61
2026-07-30 03:16:24,1.28
2026-07-30 03:17:59,1.56
2026-07-30 03:18:40,1.12
2026-07-30 03:19:34,1.58
2026-07-30 03:20:20,1.29
2026-07-30 03:20:38,1.57
2026-07-30 03:22:09,1.23
2026-07-30 03:23:27,1.15
2026-07-30 03:23:36,1.49
2026-07-30 03:24:21,1.62
2026-07-30 03:24:57,1.11
2026-07-30 03:25:34,1.54
2026-07-30 03:26:19,1.24
2026-07-30 03:28:00,1.29
2026-07-30 03:28:26,1.60
2026-07-30 03:30:01,1.22
2026-07-30 03:31:19,1.16
2026-07-30 03:31:51,1.75
2026-07-30 03:32:14,1.53
2026-07-30 03:32:23,1.24
2026-07-30 03:34:52,1.21
2026-07-30 03:35:11,1.46
2026-07-30 03:35:33,1.20
2026-07-30 03:36:24,1.45
2026-07-30 03:37:10,1.22
2026-07-30 03:37:46,1.47
2026-07-30 03:38:44,1.18
2026-07-30 03:40:02,1.49
2026-07-30 03:40:56,1.51
2026-07-30 03:41:05,1.21
2026-07-30 03:42:23,1.46
2026-07-30 03:42:58,1.21
2026-07-30 03:44:20,1.23
2026-07-30 03:45:11,1.51
2026-07-30 03:45:42,1.50
2026-07-30 03:45:52,1.22
2026-07-30 03:47:00,1.48
2026-07-30 03:47:36,1.29
2026-07-30 03:49:03,1.22
2026-07-30 03:49:48,1.50
2026-07-30 03:50:43,1.49
2026-07-30 03:51:10,1.22
2026-07-30 03:51:55,1.45
2026-07-30 03:52:45,1.17
2026-07-30 03:53:39,1.47
2026-07-30 03:53:49,1.21
2026-07-30 03:55:42,1.22
2026-07-30 03:56:28,1.42
2026-07-30 03:57:36,1.46
2026-07-30 03:57:55,1.22
2026-07-30 03:58:36,1.18
2026-07-30 03:58:49,1.49
2026-07-30 04:00:43,1.15
2026-07-30 04:01:29,1.49
2026-07-30 04:03:08,1.71
2026-07-30 04:03:13,1.23
2026-07-30 04:03:35,1.63
2026-07-30 04:03:44,1.22
2026-07-30 04:05:07,1.48
2026-07-30 04:05:11,1.11
2026-07-30 04:07:45,1.57
2026-07-30 04:08:23,1.21
2026-07-30 04:08:53,1.24
2026-07-30 04:09:08,1.55
2026-07-30 04:10:29,1.12
2026-07-30 04:10:38,1.66
2026-07-30 04:12:27,1.28
2026-07-30 04:12:59,1.48
2026-07-30 04:14:39,1.53
2026-07-30 04:14:43,1.22
2026-07-30 04:15:06,1.45
2026-07-30 04:15:16,1.20
2026-07-30 04:16:43,1.15
2026-07-30 04:17:58,1.55
2026-07-30 04:18:31,1.53
2026-07-30 04:18:35,1.20
2026-07-30 04:20:12,1.22
2026-07-30 04:20:42,1.52
2026-07-30 04:22:22,1.15
2026-07-30 04:22:45,1.49
2026-07-30 04:24:02,1.52
2026-07-30 04:24:22,1.21
2026-07-30 04:25:33,1.29
2026-07-30 04:26:28,1.58
2026-07-30 04:26:59,1.24
2026-07-30 04:27:23,1.60
2026-07-30 04:28:40,1.55
2026-07-30 04:29:25,1.25
2026-07-30 04:31:10,1.59
2026-07-30 04:31:28,1.26
2026-07-30 04:32:05,1.73
2026-07-30 04:32:35,1.16
2026-07-30 04:33:26,1.65
2026-07-30 04:33:49,1.20
2026-07-30 04:35:38,1.50
2026-07-30 04:35:47,1.17
2026-07-30 04:36:45,1.07
2026-07-30 04:37:13,1.53
2026-07-30 04:38:53,1.20
2026-07-30 04:39:07,1.83
2026-07-30 04:40:34,1.33
2026-07-30 04:41:01,1.72
2026-07-30 04:41:55,1.13
2026-07-30 04:42:04,1.51
2026-07-30 04:43:58,1.32
2026-07-30 04:44:25,1.59
2026-07-30 04:44:57,1.60
2026-07-30 04:46:13,1.29
2026-07-30 04:46:38,1.57
2026-07-30 04:48:45,1.26
2026-07-30 04:50:56,1.50
2026-07-30 04:51:06,1.22
2026-07-30 04:51:46,1.24
2026-07-30 04:52:40,1.49
2026-07-30 04:53:40,1.25
2026-07-30 04:53:53,1.52
2026-07-30 04:55:20,1.19
2026-07-30 04:55:39,1.51
2026-07-30 04:57:14,1.52
2026-07-30 04:57:18,1.18
2026-07-30 04:58:36,1.57
2026-07-30 04:59:25,1.23
2026-07-30 05:00:02,1.71
2026-07-30 05:02:14,1.15
2026-07-30 05:02:41,1.60
2026-07-30 05:03:03,1.75
2026-07-30 05:04:25,1.07
2026-07-30 05:04:53,1.23
2026-07-30 05:05:06,1.49
2026-07-30 05:06:14,1.53
2026-07-30 05:07:41,1.19
2026-07-30 05:07:54,1.54
2026-07-30 05:09:20,1.21
2026-07-30 05:10:20,1.61
2026-07-30 05:10:24,1.29
2026-07-30 05:12:23,1.56
2026-07-30 05:12:40,1.24
2026-07-30 05:13:45,1.27
2026-07-30 05:13:54,1.63
2026-07-30 05:15:01,1.55
2026-07-30 05:15:52,1.23
2026-07-30 05:16:50,1.53
2026-07-30 05:17:09,1.26
2026-07-30 05:18:26,1.51
2026-07-30 05:19:11,1.20
2026-07-30 05:20:28,1.49
2026-07-30 05:20:47,1.26
2026-07-30 05:22:13,1.49
2026-07-30 05:22:18,1.27
2026-07-30 05:23:13,1.47
2026-07-30 05:24:12,1.23
2026-07-30 05:24:34,1.18
2026-07-30 05:24:52,1.45
2026-07-30 05:26:01,1.14
2026-07-30 05:27:00,1.45
2026-07-30 05:27:45,1.15
2026-07-30 05:28:35,1.46
2026-07-30 05:30:11,1.48
2026-07-30 05:30:46,1.22
2026-07-30 05:32:13,1.74
2026-07-30 05:32:31,1.21
2026-07-30 05:32:40,1.72
2026-07-30 05:33:03,1.07
2026-07-30 05:35:50,1.42
2026-07-30 05:36:47,1.11
2026-07-30 05:38:49,1.08
2026-07-30 05:38:53,1.34
2026-07-30 05:39:43,1.04
2026-07-30 05:40:10,1.40
2026-07-30 05:41:14,1.43
2026-07-30 05:41:50,1.04
2026-07-30 05:42:40,1.35
2026-07-30 05:43:49,1.00
2026-07-30 05:44:48,1.29
2026-07-30 05:45:20,1.05
2026-07-30 05:46:04,1.30
2026-07-30 05:46:50,1.02
2026-07-30 05:48:49,1.32
2026-07-30 05:49:02,1.01
2026-07-30 05:49:20,0.99
2026-07-30 05:50:06,1.22
2026-07-30 05:51:55,1.01
2026-07-30 05:52:45,1.26
2026-07-30 05:52:50,1.00
2026-07-30 05:55:29,0.94
2026-07-30 05:55:33,1.19
2026-07-30 05:55:55,0.89
2026-07-30 05:56:41,1.17
2026-07-30 05:58:48,0.93
2026-07-30 05:59:07,0.89
2026-07-30 05:59:29,1.17
2026-07-30 06:02:00,1.51
2026-07-30 06:02:13,0.93
2026-07-30 06:02:40,1.53
2026-07-30 06:03:34,0.89
2026-07-30 06:04:21,1.04
2026-07-30 06:04:35,0.81
2026-07-30 06:06:05,0.97
2026-07-30 06:06:09,0.79
2026-07-30 06:07:27,1.05
2026-07-30 06:08:45,0.76
2026-07-30 06:09:07,1.10
2026-07-30 06:09:39,0.72
2026-07-30 06:10:51,0.67
2026-07-30 06:11:37,0.96
2026-07-30 06:13:35,1.04
2026-07-30 06:13:44,0.62
2026-07-30 06:14:12,0.59
2026-07-30 06:14:29,0.98
2026-07-30 06:15:43,0.64
2026-07-30 06:17:05,1.03
2026-07-30 06:17:22,0.44
2026-07-30 06:18:16,0.93
2026-07-30 06:19:43,0.47
2026-07-30 06:20:34,0.96
2026-07-30 06:21:00,0.63
2026-07-30 06:22:32,1.31
2026-07-30 06:23:31,0.58
2026-07-30 06:23:49,0.88
2026-07-30 06:23:53,0.46
2026-07-30 06:25:47,0.47
2026-07-30 06:26:36,0.95
2026-07-30 06:27:04,0.97
2026-07-30 06:27:18,0.42
2026-07-30 06:29:16,0.72
2026-07-30 06:30:05,0.37
2026-07-30 06:30:28,0.26
2026-07-30 06:31:55,0.75
2026-07-30 06:32:13,0.21
2026-07-30 06:32:18,0.84
2026-07-30 06:34:25,0.69
2026-07-30 06:34:53,0.17
2026-07-30 06:35:37,0.71
2026-07-30 06:36:28,0.29
2026-07-30 06:37:03,0.12
2026-07-30 06:37:44,0.60
2026-07-30 06:39:16,0.12
2026-07-30 06:40:11,0.86
2026-07-30 06:40:24,0.67
2026-07-30 06:41:13,0.17
2026-07-30 06:42:13,0.46
2026-07-30 06:42:17,0.09
2026-07-30 06:43:57,0.00
2026-07-30 06:44:48,0.49
2026-07-30 06:45:37,0.56
2026-07-30 06:46:37,0.13
2026-07-30 06:47:45,-0.07
2026-07-30 06:47:58,0.47
2026-07-30 06:48:39,0.59
2026-07-30 06:48:48,0.10
2026-07-30 06:51:06,0.36
2026-07-30 06:51:15,0.01
2026-07-30 06:52:04,0.48
2026-07-30 06:52:36,-0.13
2026-07-30 06:53:26,0.31
2026-07-30 06:54:40,-0.03
2026-07-30 06:55:06,0.16
2026-07-30 06:55:30,-0.05
2026-07-30 06:57:45,0.24
2026-07-30 06:57:59,-0.34
2026-07-30 06:58:40,-0.15
2026-07-30 06:59:20,0.13
2026-07-30 07:00:07,0.32
2026-07-30 07:00:42,-0.12
2026-07-30 07:02:28,-0.23
2026-07-30 07:02:59,0.14
2026-07-30 07:04:30,-0.25
2026-07-30 07:04:38,0.04
2026-07-30 07:05:15,0.01
2026-07-30 07:05:28,-0.33
2026-07-30 07:07:23,0.18
2026-07-30 07:07:27,-0.40
2026-07-30 07:08:27,-0.01
2026-07-30 07:09:16,-0.49
2026-07-30 07:09:57,-0.48
2026-07-30 07:10:24,-0.02
2026-07-30 07:11:37,-0.16
2026-07-30 07:12:27,-0.57
2026-07-30 07:13:27,-0.22
2026-07-30 07:13:36,-0.50
2026-07-30 07:14:52,-0.54
2026-07-30 07:15:15,-0.21
2026-07-30 07:17:04,-0.31
2026-07-30 07:17:22,-0.59
2026-07-30 07:18:40,-0.39
2026-07-30 07:19:11,-0.58
2026-07-30 07:19:52,-0.45
2026-07-30 07:20:50,-0.62
2026-07-30 07:22:13,-0.61
2026-07-30 07:22:41,-0.46
2026-07-30 07:23:08,-0.42
2026-07-30 07:24:02,-0.66
2026-07-30 07:25:01,-0.73
2026-07-30 07:25:05,-0.44
2026-07-30 07:27:04,-0.56
2026-07-30 07:27:27,-0.72
2026-07-30 07:28:21,-0.71
2026-07-30 07:28:58,-0.52
2026-07-30 07:30:19,-0.57
2026-07-30 07:31:04,-0.80
2026-07-30 07:32:04,-0.77
2026-07-30 07:32:44,-0.49
2026-07-30 07:33:25,-0.52
2026-07-30 07:34:06,-0.86
2026-07-30 07:35:27,-0.63
2026-07-30 07:36:00,-0.89
2026-07-30 07:37:04,-0.94
2026-07-30 07:37:22,-0.71
2026-07-30 07:38:22,-0.88
2026-07-30 07:39:24,-0.71
2026-07-30 07:40:23,-0.77
2026-07-30 07:41:14,-0.94
2026-07-30 07:41:51,-0.98
2026-07-30 07:42:12,-0.70
2026-07-30 07:42:58,-1.01
2026-07-30 07:43:16,-0.52
2026-07-30 07:44:52,-0.72
2026-07-30 07:45:33,-1.10
2026-07-30 07:46:19,-1.03
2026-07-30 07:46:32,-0.78
2026-07-30 07:48:23,-0.98
2026-07-30 07:48:44,-0.78
2026-07-30 07:50:06,-1.07
2026-07-30 07:50:16,-0.88
2026-07-30 07:52:00,-0.90
2026-07-30 07:52:41,-1.12
2026-07-30 07:53:41,-1.06
2026-07-30 07:53:46,-0.88
2026-07-30 07:55:16,-1.14
2026-07-30 07:55:20,-0.92
2026-07-30 07:56:10,-0.95
2026-07-30 07:57:01,-1.08
2026-07-30 07:58:50,-0.82
2026-07-30 07:58:54,-1.11
2026-07-30 08:00:12,-0.91
2026-07-30 08:00:40,-1.13
2026-07-30 08:02:05,-1.18
2026-07-30 08:02:19,-0.69
2026-07-30 08:02:46,-0.82
2026-07-30 08:04:03,-1.16
2026-07-30 08:05:07,-1.17
2026-07-30 08:05:39,-0.85
2026-07-30 08:06:01,-0.68
2026-07-30 08:07:38,-1.11
2026-07-30 08:08:13,-1.29
2026-07-30 08:08:49,-0.51
2026-07-30 08:09:34,-0.40
2026-07-30 08:09:44,-1.29
2026-07-30 08:11:20,-1.15
2026-07-30 08:12:18,-0.85
2026-07-30 08:12:46,-0.88
2026-07-30 08:14:11,-1.39
2026-07-30 08:14:21,-0.96
2026-07-30 08:14:39,-1.33
2026-07-30 08:14:44,-1.11
2026-07-30 08:14:48,-1.16
2026-07-30 08:14:52,-1.31
2026-07-30 08:15:17,-0.91
2026-07-30 08:17:27,-1.29
2026-07-30 08:18:00,-1.27
2026-07-30 08:18:54,-0.97
2026-07-30 08:19:31,-1.26
2026-07-30 08:19:48,-0.99
2026-07-30 08:21:23,-1.05
2026-07-30 08:22:04,-1.33
2026-07-30 08:23:45,-1.31
2026-07-30 08:23:54,-0.97
2026-07-30 08:24:30,-1.09
2026-07-30 08:24:52,-1.35
2026-07-30 08:26:09,-1.40
2026-07-30 08:26:13,-1.11
2026-07-30 08:27:32,-1.40
2026-07-30 08:28:49,-1.15
2026-07-30 08:29:08,-1.35
2026-07-30 08:29:25,-1.16
2026-07-30 08:30:48,-1.36
2026-07-30 08:31:37,-1.01
2026-07-30 08:32:59,-1.40
2026-07-30 08:33:08,-1.04
2026-07-30 08:34:20,-1.18
2026-07-30 08:35:06,-1.37
2026-07-30 08:36:33,-1.36
2026-07-30 08:36:37,-1.18
2026-07-30 08:37:32,-1.21
2026-07-30 08:38:27,-1.38
2026-07-30 08:39:44,-1.07
2026-07-30 08:40:02,-1.45
2026-07-30 08:41:14,-1.16
2026-07-30 08:42:04,-1.45
2026-07-30 08:42:41,-1.42
2026-07-30 08:42:50,-1.14
2026-07-30 08:44:48,-1.43
2026-07-30 08:45:20,-1.19
2026-07-30 08:45:56,-1.37
2026-07-30 08:46:28,-1.21
2026-07-30 08:47:19,-1.16
2026-07-30 08:48:36,-1.46
2026-07-30 08:49:21,-1.18
2026-07-30 08:49:25,-1.45
2026-07-30 08:51:05,-1.42
2026-07-30 08:51:55,-1.12
2026-07-30 08:52:18,-1.16
2026-07-30 08:53:07,-1.41
2026-07-30 08:55:11,-1.55
2026-07-30 08:55:15,-1.17
2026-07-30 08:56:09,-1.42
2026-07-30 08:56:37,-1.10
2026-07-30 08:57:31,-1.12
2026-07-30 08:57:55,-1.52
2026-07-30 08:59:30,-1.12
2026-07-30 08:59:38,-1.47
2026-07-30 09:00:39,-1.44
2026-07-30 09:01:38,-0.91
2026-07-30 09:02:33,-1.01
2026-07-30 09:03:22,-1.43
2026-07-30 09:04:35,-1.46
2026-07-30 09:04:57,-0.92
2026-07-30 09:06:33,-0.71
2026-07-30 09:07:00,-1.47
2026-07-30 09:07:37,-0.86
2026-07-30 09:08:04,-1.65
2026-07-30 09:10:06,-1.03
2026-07-30 09:10:12,-1.49
2026-07-30 09:10:33,-0.91
2026-07-30 09:10:38,-1.44
2026-07-30 09:13:17,-1.39
2026-07-30 09:13:31,-1.06
2026-07-30 09:13:41,-0.96
2026-07-30 09:14:12,-1.51
2026-07-30 09:16:18,-1.44
2026-07-30 09:16:45,-0.99
2026-07-30 09:17:00,-0.90
2026-07-30 09:18:31,-1.29
2026-07-30 09:18:45,-1.32
2026-07-30 09:19:20,-0.99
2026-07-30 09:21:14,-1.36
2026-07-30 09:21:24,-1.06
2026-07-30 09:21:55,-1.35
2026-07-30 09:22:05,-1.04
2026-07-30 09:23:39,-1.09
2026-07-30 09:25:02,-1.25
2026-07-30 09:25:30,-1.34
2026-07-30 09:26:45,-1.09
2026-07-30 09:27:32,-0.95
2026-07-30 09:27:40,-1.34
2026-07-30 09:28:35,-1.02
2026-07-30 09:29:16,-1.29
2026-07-30 09:31:14,-1.24
2026-07-30 09:31:42,-1.05
2026-07-30 09:32:32,-1.25
2026-07-30 09:33:22,-0.89
2026-07-30 09:33:35,-0.88
2026-07-30 09:33:53,-1.29
2026-07-30 09:35:46,-1.21
2026-07-30 09:36:28,-1.04
2026-07-30 09:36:51,-1.16
2026-07-30 09:37:18,-1.03
2026-07-30 09:39:21,-1.20
2026-07-30 09:39:52,-0.95
2026-07-30 09:40:15,-0.93
2026-07-30 09:40:33,-1.17
2026-07-30 09:42:22,-0.97
2026-07-30 09:43:07,-1.15
2026-07-30 09:43:44,-0.85
2026-07-30 09:44:25,-1.15
2026-07-30 09:45:32,-0.78
2026-07-30 09:45:51,-1.07
2026-07-30 09:46:40,-1.08
2026-07-30 09:46:45,-0.88
2026-07-30 09:49:48,-0.67
2026-07-30 09:49:56,-1.24
2026-07-30 09:50:05,-1.06
2026-07-30 09:50:33,-0.62
2026-07-30 09:51:55,-0.82
2026-07-30 09:52:50,-1.04
2026-07-30 09:54:43,-1.16
2026-07-30 09:54:47,-0.55
2026-07-30 09:55:24,-1.04
2026-07-30 09:55:38,-0.58
2026-07-30 09:57:08,-1.02
2026-07-30 09:57:58,-0.61
2026-07-30 09:58:26,-0.41
2026-07-30 09:59:06,-1.09
2026-07-30 10:00:16,-0.77
2026-07-30 10:00:20,-0.97
2026-07-30 10:01:50,-0.68
2026-07-30 10:02:08,-1.05
2026-07-30 10:04:16,-0.71
2026-07-30 10:04:30,-0.92
2026-07-30 10:04:52,-0.96
2026-07-30 10:06:22,-0.68
2026-07-30 10:06:28,-0.85
2026-07-30 10:06:45,-0.64
2026-07-30 10:09:02,-0.59
2026-07-30 10:09:16,-0.93
2026-07-30 10:09:51,-0.63
2026-07-30 10:10:24,-0.95
2026-07-30 10:11:37,-0.41
2026-07-30 10:12:26,-0.97
2026-07-30 10:13:12,-0.94
2026-07-30 10:14:20,-0.28
2026-07-30 10:15:47,-0.85
2026-07-30 10:15:51,-0.36
2026-07-30 10:16:55,-0.45
2026-07-30 10:17:26,-0.83
2026-07-30 10:18:11,-0.87
2026-07-30 10:18:21,-0.49
2026-07-30 10:20:29,-0.37
2026-07-30 10:21:10,-0.85
2026-07-30 10:21:23,-1.00
2026-07-30 10:22:04,-0.31
2026-07-30 10:23:26,-0.82
2026-07-30 10:24:35,0.04
2026-07-30 10:24:56,-0.25
2026-07-30 10:25:33,-0.72
2026-07-30 10:27:17,-0.44
2026-07-30 10:27:27,-0.72
2026-07-30 10:28:58,0.03
2026-07-30 10:29:30,-0.74
2026-07-30 10:29:34,-0.18
2026-07-30 10:30:38,-0.70
2026-07-30 10:31:33,-0.21
2026-07-30 10:32:04,-0.82
2026-07-30 10:33:12,-0.75
2026-07-30 10:34:26,-0.44
2026-07-30 10:35:16,-0.30
2026-07-30 10:35:47,-0.73
2026-07-30 10:36:41,-0.65
2026-07-30 10:37:22,-0.39
2026-07-30 10:37:59,-0.58
2026-07-30 10:39:02,-0.37
2026-07-30 10:39:43,-0.19
2026-07-30 10:40:24,-0.78
2026-07-30 10:41:50,-0.68
2026-07-30 10:42:42,-0.14
2026-07-30 10:43:40,-0.22
2026-07-30 10:43:49,-0.58
2026-07-30 10:44:48,-0.71
2026-07-30 10:45:05,-0.22
2026-07-30 10:46:28,-0.19
2026-07-30 10:46:37,-0.58
2026-07-30 10:49:11,-0.25
2026-07-30 10:49:29,-0.18
2026-07-30 10:50:11,-0.46
2026-07-30 10:52:00,-0.54
2026-07-30 10:52:27,-0.25
2026-07-30 10:52:45,-0.20
2026-07-30 10:53:08,-0.57
2026-07-30 10:54:39,-0.55
2026-07-30 10:55:20,-0.20
2026-07-30 10:56:14,-0.21
2026-07-30 10:56:47,-0.60
2026-07-30 10:57:37,-0.49
2026-07-30 10:58:13,-0.04
2026-07-30 10:59:22,-0.15
2026-07-30 10:59:57,-0.52
2026-07-30 11:01:19,-0.48
2026-07-30 11:02:31,0.03
2026-07-30 11:02:41,0.18
2026-07-30 11:03:36,-0.48
2026-07-30 11:04:21,-0.20
2026-07-30 11:06:06,-0.47
2026-07-30 11:07:05,-0.24
2026-07-30 11:07:59,-0.48
2026-07-30 11:08:49,-0.18
2026-07-30 11:09:35,-0.17
2026-07-30 11:09:57,-0.51
2026-07-30 11:11:19,-0.16
2026-07-30 11:11:45,-0.47
2026-07-30 11:12:55,-0.21
2026-07-30 11:13:36,-0.45
2026-07-30 11:14:07,-0.55
2026-07-30 11:15:15,-0.20
2026-07-30 11:16:47,-0.21
2026-07-30 11:17:18,-0.45
2026-07-30 11:17:55,-0.23
2026-07-30 11:18:54,-0.45
2026-07-30 11:20:38,-0.12
2026-07-30 11:21:51,-0.47
2026-07-30 11:22:19,-0.12
2026-07-30 11:23:30,-0.49
2026-07-30 11:23:48,-0.21
2026-07-30 11:24:39,-0.62
2026-07-30 11:25:24,-0.09
2026-07-30 11:26:09,-0.17
2026-07-30 11:26:23,-0.42
2026-07-30 11:28:26,-0.47
2026-07-30 11:28:50,0.01
2026-07-30 11:30:02,-0.41
2026-07-30 11:30:47,-0.01
2026-07-30 11:31:50,-0.49
2026-07-30 11:32:55,-0.12
2026-07-30 11:33:49,-0.38
2026-07-30 11:34:21,-0.06
2026-07-30 11:35:29,-0.38
2026-07-30 11:36:29,-0.42
2026-07-30 11:36:37,-0.02
2026-07-30 11:37:54,-0.36
2026-07-30 11:37:59,-0.07
2026-07-30 11:39:20,-0.06
2026-07-30 11:39:29,-0.34
2026-07-30 11:40:47,-0.27
2026-07-30 11:42:04,0.05
2026-07-30 11:42:18,0.10
2026-07-30 11:42:45,-0.19
2026-07-30 11:44:03,-0.23
2026-07-30 11:45:16,0.14
2026-07-30 11:45:37,0.21
2026-07-30 11:46:51,-0.14
2026-07-30 11:48:31,0.15
2026-07-30 11:48:39,-0.19
2026-07-30 11:48:58,-0.23
2026-07-30 11:49:26,0.37
2026-07-30 11:50:51,-0.19
2026-07-30 11:51:41,0.19
2026-07-30 11:52:08,0.18
2026-07-30 11:52:45,-0.13
2026-07-30 11:53:44,-0.23
2026-07-30 11:54:51,0.26
2026-07-30 11:56:55,-0.10
2026-07-30 11:56:59,0.32
2026-07-30 11:57:05,-0.08
2026-07-30 11:57:50,0.34
2026-07-30 11:58:53,0.07
2026-07-30 12:00:11,0.51
2026-07-30 12:00:47,0.55
2026-07-30 12:01:45,0.17
2026-07-30 12:02:09,0.47
2026-07-30 12:02:54,0.03
2026-07-30 12:04:07,-0.20
2026-07-30 12:05:01,0.39
2026-07-30 12:05:29,0.24
2026-07-30 12:05:55,-0.09
2026-07-30 12:07:45,-0.26
2026-07-30 12:08:30,0.48
2026-07-30 12:08:34,0.13
2026-07-30 12:10:01,0.56
2026-07-30 12:10:23,0.43
2026-07-30 12:11:19,-0.11
2026-07-30 12:12:40,-0.20
2026-07-30 12:13:12,0.36
2026-07-30 12:13:49,0.57
2026-07-30 12:14:33,-0.02
2026-07-30 12:15:11,-0.18
2026-07-30 12:16:13,0.33
2026-07-30 12:17:18,0.40
2026-07-30 12:18:21,-0.19
2026-07-30 12:19:07,0.49
2026-07-30 12:19:11,-0.02
2026-07-30 12:20:06,0.44
2026-07-30 12:21:00,0.05
2026-07-30 12:21:45,0.50
2026-07-30 12:22:31,0.04
2026-07-30 12:24:06,0.48
2026-07-30 12:24:57,-0.06
2026-07-30 12:25:33,0.58
2026-07-30 12:25:55,-0.10
2026-07-30 12:27:14,-0.09
2026-07-30 12:27:22,0.30
2026-07-30 12:29:43,0.41
2026-07-30 12:29:52,-0.04
2026-07-30 12:30:38,-0.09
2026-07-30 12:31:28,0.37
2026-07-30 12:32:32,0.38
2026-07-30 12:33:07,-0.05
2026-07-30 12:33:48,0.27
2026-07-30 12:34:16,-0.01
2026-07-30 12:35:15,0.00
2026-07-30 12:35:21,0.39
2026-07-30 12:37:04,0.32
2026-07-30 12:37:09,-0.42
2026-07-30 12:39:03,0.30
2026-07-30 12:39:52,0.07
2026-07-30 12:40:05,0.26
2026-07-30 12:40:20,-0.01
2026-07-30 12:42:09,0.03
2026-07-30 12:42:23,0.37
2026-07-30 12:43:13,-0.01
2026-07-30 12:43:31,0.35
2026-07-30 12:45:02,-0.06
2026-07-30 12:45:56,0.31
2026-07-30 12:47:04,0.37
2026-07-30 12:47:50,0.06
2026-07-30 12:48:12,0.33
2026-07-30 12:48:53,0.09
2026-07-30 12:50:06,0.15
2026-07-30 12:50:15,0.36
2026-07-30 12:52:27,0.03
2026-07-30 12:52:31,0.28
2026-07-30 12:53:07,0.33
2026-07-30 12:53:40,-0.01
2026-07-30 12:54:52,0.06
2026-07-30 12:55:06,0.30
2026-07-30 12:56:37,0.43
2026-07-30 12:57:37,0.14
2026-07-30 12:58:03,0.08
2026-07-30 12:58:35,0.39
2026-07-30 12:59:53,0.10
2026-07-30 12:59:57,0.34
2026-07-30 13:01:41,0.40
2026-07-30 13:02:32,0.11
2026-07-30 13:03:22,0.39
2026-07-30 13:03:30,0.09
2026-07-30 13:04:57,0.33
2026-07-30 13:05:29,0.11
2026-07-30 13:07:04,0.42
2026-07-30 13:07:27,0.11
2026-07-30 13:08:30,0.10
2026-07-30 13:09:03,0.35
2026-07-30 13:10:56,0.37
2026-07-30 13:11:01,0.14
2026-07-30 13:11:59,0.49
2026-07-30 13:12:49,0.09
2026-07-30 13:13:04,-0.02
2026-07-30 13:13:58,0.32
2026-07-30 13:15:28,0.45
2026-07-30 13:16:00,0.10
2026-07-30 13:16:19,0.04
2026-07-30 13:17:23,0.54
2026-07-30 13:18:04,0.39
2026-07-30 13:19:08,0.01
2026-07-30 13:20:43,0.25
2026-07-30 13:21:05,0.09
2026-07-30 13:21:15,0.33
2026-07-30 13:22:00,0.08
2026-07-30 13:23:07,0.27
2026-07-30 13:24:21,-0.02
2026-07-30 13:24:34,0.03
2026-07-30 13:24:38,0.27
2026-07-30 13:26:19,0.37
2026-07-30 13:27:35,0.02
2026-07-30 13:27:58,0.01
2026-07-30 13:28:48,0.21
2026-07-30 13:29:29,0.01
2026-07-30 13:30:37,0.31
2026-07-30 13:32:00,0.28
2026-07-30 13:32:36,-0.03
2026-07-30 13:32:54,0.36
2026-07-30 13:33:25,-0.10
2026-07-30 13:34:25,-0.04
2026-07-30 13:35:23,0.28
2026-07-30 13:37:31,-0.28
2026-07-30 13:37:35,0.39
2026-07-30 13:38:08,0.44
2026-07-30 13:39:02,-0.32
2026-07-30 13:39:20,-0.17
2026-07-30 13:40:37,0.21
2026-07-30 13:41:28,-0.04
2026-07-30 13:41:50,0.18
2026-07-30 13:43:40,-0.19
2026-07-30 13:43:49,0.20
2026-07-30 13:45:02,0.21
2026-07-30 13:45:07,-0.17
2026-07-30 13:47:04,-0.05
2026-07-30 13:47:32,0.18
2026-07-30 13:48:08,-0.02
2026-07-30 13:48:40,0.15
2026-07-30 13:49:34,0.14
2026-07-30 13:50:29,-0.16
2026-07-30 13:50:56,-0.22
2026-07-30 13:51:46,0.23
2026-07-30 13:52:37,0.14
2026-07-30 13:53:03,-0.16
2026-07-30 13:53:13,-0.04
2026-07-30 13:53:15,0.01
