obsTime,Signal drop
2026-07-21 08:54:16,0.30
2026-07-21 08:54:18,0.20
2026-07-21 08:54:27,0.10
2026-07-21 08:54:56,0.30
2026-07-21 08:55:06,-0.10
2026-07-21 08:56:34,0.30
2026-07-21 08:57:13,-0.10
2026-07-21 08:58:11,0.30
2026-07-21 08:58:41,-0.10
2026-07-21 09:00:08,0.30
2026-07-21 09:01:16,0.00
2026-07-21 09:01:36,0.60
2026-07-21 09:01:46,-0.20
2026-07-21 09:03:14,0.40
2026-07-21 09:04:31,-0.10
2026-07-21 09:05:10,0.30
2026-07-21 09:05:30,0.10
2026-07-21 09:07:27,0.40
2026-07-21 09:08:34,0.50
2026-07-21 09:08:45,0.10
2026-07-21 09:10:02,0.50
2026-07-21 09:10:51,0.00
2026-07-21 09:11:20,0.80
2026-07-21 09:12:09,0.00
2026-07-21 09:13:27,0.50
2026-07-21 09:14:15,0.10
2026-07-21 09:14:45,0.20
2026-07-21 09:15:33,0.60
2026-07-21 09:16:13,0.20
2026-07-21 09:16:51,0.50
2026-07-21 09:18:49,-0.20
2026-07-21 09:18:59,0.50
2026-07-21 09:20:36,-0.10
2026-07-21 09:21:24,0.80
2026-07-21 09:22:04,-0.10
2026-07-21 09:22:52,0.40
2026-07-21 09:23:11,-0.20
2026-07-21 09:24:29,0.30
2026-07-21 09:24:39,-0.10
2026-07-21 09:26:07,0.30
2026-07-21 09:26:55,-0.30
2026-07-21 09:28:04,0.30
2026-07-21 09:28:23,-0.10
2026-07-21 09:30:29,0.40
2026-07-21 09:31:28,-0.10
2026-07-21 09:32:17,0.40
2026-07-21 09:33:35,0.50
2026-07-21 09:33:55,-0.20
2026-07-21 09:34:23,0.30
2026-07-21 09:34:53,0.10
2026-07-21 09:36:40,0.40
2026-07-21 09:36:49,-0.10
2026-07-21 09:38:56,0.60
2026-07-21 09:39:25,0.10
2026-07-21 09:40:33,0.30
2026-07-21 09:41:41,0.40
2026-07-21 09:42:01,0.00
2026-07-21 09:43:28,-0.10
2026-07-21 09:43:39,0.50
2026-07-21 09:44:46,0.30
2026-07-21 09:45:16,0.00
2026-07-21 09:47:03,-0.20
2026-07-21 09:47:31,0.30
2026-07-21 09:47:52,-0.10
2026-07-21 09:48:01,0.20
2026-07-21 09:49:19,0.30
2026-07-21 09:50:27,-0.20
2026-07-21 09:51:07,-0.30
2026-07-21 09:51:46,0.20
2026-07-21 09:53:03,-0.30
2026-07-21 09:53:13,0.40
2026-07-21 09:54:22,-0.10
2026-07-21 09:55:20,0.20
2026-07-21 09:56:38,-0.10
2026-07-21 09:56:48,0.30
2026-07-21 09:57:36,0.80
2026-07-21 09:57:55,0.00
2026-07-21 09:59:33,0.30
2026-07-21 10:00:41,-0.20
2026-07-21 10:00:51,0.00
2026-07-21 10:01:11,0.70
2026-07-21 10:02:38,0.00
2026-07-21 10:02:48,0.30
2026-07-21 10:04:45,-0.20
2026-07-21 10:06:41,0.30
2026-07-21 10:07:21,-0.10
2026-07-21 10:07:49,0.30
2026-07-21 10:09:17,-0.20
2026-07-21 10:09:56,0.40
2026-07-21 10:11:04,-0.10
2026-07-21 10:11:24,0.40
2026-07-21 10:12:52,-0.20
2026-07-21 10:13:41,0.50
2026-07-21 10:14:58,-0.10
2026-07-21 10:15:08,0.50
2026-07-21 10:15:47,-0.30
2026-07-21 10:16:55,0.60
2026-07-21 10:18:12,-0.60
2026-07-21 10:18:33,0.70
2026-07-21 10:19:21,0.80
2026-07-21 10:20:30,-0.20
2026-07-21 10:20:39,0.50
2026-07-21 10:20:59,-0.50
2026-07-21 10:22:26,0.00
2026-07-21 10:22:56,0.30
2026-07-21 10:24:03,-0.10
2026-07-21 10:24:14,0.30
2026-07-21 10:26:01,-0.10
2026-07-21 10:27:29,0.00
2026-07-21 10:28:26,0.40
2026-07-21 10:28:56,0.00
2026-07-21 10:29:44,0.40
2026-07-21 10:30:44,0.00
2026-07-21 10:31:42,0.50
2026-07-21 10:32:11,-0.40
2026-07-21 10:32:21,0.40
2026-07-21 10:34:36,-0.10
2026-07-21 10:34:47,0.40
2026-07-21 10:35:54,0.50
2026-07-21 10:36:14,-0.10
2026-07-21 10:37:51,0.60
2026-07-21 10:38:02,-0.50
2026-07-21 10:39:00,0.40
2026-07-21 10:39:58,0.00
2026-07-21 10:40:27,-0.10
2026-07-21 10:41:26,0.40
2026-07-21 10:42:54,-0.10
2026-07-21 10:43:32,0.30
2026-07-21 10:45:00,0.50
2026-07-21 10:45:10,-0.30
2026-07-21 10:45:20,0.00
2026-07-21 10:46:18,0.50
2026-07-21 10:47:07,0.60
2026-07-21 10:47:46,-0.30
2026-07-21 10:48:44,0.10
2026-07-21 10:49:52,0.40
2026-07-21 10:51:29,-0.20
2026-07-21 10:51:59,0.40
2026-07-21 10:52:48,-0.30
2026-07-21 10:53:36,-0.10
2026-07-21 10:54:34,0.20
2026-07-21 10:55:53,-0.20
2026-07-21 10:56:11,0.40
2026-07-21 10:57:01,-0.10
2026-07-21 10:58:08,0.40
2026-07-21 10:58:38,-0.20
2026-07-21 10:59:36,0.50
2026-07-21 11:00:34,-0.10
2026-07-21 11:00:45,0.60
2026-07-21 11:02:12,-0.10
2026-07-21 11:02:42,0.30
2026-07-21 11:03:49,0.40
2026-07-21 11:04:29,-0.30
2026-07-21 11:05:37,0.50
2026-07-21 11:06:25,-0.20
2026-07-21 11:07:52,0.50
2026-07-21 11:08:03,-0.30
2026-07-21 11:08:42,-0.20
2026-07-21 11:09:41,0.60
2026-07-21 11:10:39,-0.10
2026-07-21 11:11:08,0.60
2026-07-21 11:11:47,0.70
2026-07-21 11:12:26,-0.10
2026-07-21 11:13:44,0.20
2026-07-21 11:14:33,-0.20
2026-07-21 11:15:21,-0.30
2026-07-21 11:16:29,0.50
2026-07-21 11:16:48,0.60
2026-07-21 11:17:48,-0.20
2026-07-21 11:18:26,0.00
2026-07-21 11:18:37,0.30
2026-07-21 11:20:33,0.40
2026-07-21 11:20:52,-0.10
2026-07-21 11:21:41,-0.20
2026-07-21 11:22:19,0.30
2026-07-21 11:23:47,0.10
2026-07-21 11:24:17,0.40
2026-07-21 11:25:15,0.00
2026-07-21 11:26:04,0.60
2026-07-21 11:27:22,0.30
2026-07-21 11:27:32,-0.20
2026-07-21 11:28:40,-0.10
2026-07-21 11:29:28,0.40
2026-07-21 11:31:24,-0.20
2026-07-21 11:33:02,0.30
2026-07-21 11:33:32,-0.20
2026-07-21 11:34:11,0.20
2026-07-21 11:34:50,0.30
2026-07-21 11:35:58,-0.10
2026-07-21 11:36:37,0.20
2026-07-21 11:38:53,0.00
2026-07-21 11:40:11,-0.20
2026-07-21 11:40:31,0.30
2026-07-21 11:42:09,-0.30
2026-07-21 11:42:37,0.40
2026-07-21 11:43:07,0.30
2026-07-21 11:43:56,-0.30
2026-07-21 11:44:54,0.20
2026-07-21 11:45:13,-0.20
2026-07-21 11:46:50,0.30
2026-07-21 11:47:19,-0.10
2026-07-21 11:48:37,0.20
2026-07-21 11:49:27,0.00
2026-07-21 11:49:55,-0.20
2026-07-21 11:50:15,0.30
2026-07-21 11:51:42,0.20
2026-07-21 11:52:02,-0.20
2026-07-21 11:53:30,-0.30
2026-07-21 11:54:18,0.50
2026-07-21 11:54:37,0.10
2026-07-21 11:55:55,0.50
2026-07-21 11:56:45,-0.20
2026-07-21 11:57:52,0.30
2026-07-21 11:58:41,-0.30
2026-07-21 12:00:27,-0.40
2026-07-21 12:00:37,0.20
2026-07-21 12:01:46,-0.40
2026-07-21 12:02:25,0.40
2026-07-21 12:03:42,0.80
2026-07-21 12:04:03,-0.10
2026-07-21 12:05:10,1.00
2026-07-21 12:05:59,0.00
2026-07-21 12:06:18,-0.20
2026-07-21 12:06:48,0.70
2026-07-21 12:07:55,-0.20
2026-07-21 12:08:25,0.60
2026-07-21 12:10:12,-0.10
2026-07-21 12:10:41,0.50
2026-07-21 12:11:59,-0.10
2026-07-21 12:12:09,0.70
2026-07-21 12:13:18,-0.10
2026-07-21 12:13:27,0.50
2026-07-21 12:14:55,-0.10
2026-07-21 12:15:14,0.60
2026-07-21 12:17:02,1.20
2026-07-21 12:17:12,-0.20
2026-07-21 12:18:40,0.10
2026-07-21 12:18:50,0.90
2026-07-21 12:19:57,0.00
2026-07-21 12:20:27,0.70
2026-07-21 12:21:05,0.50
2026-07-21 12:21:15,0.00
2026-07-21 12:22:53,0.10
2026-07-21 12:23:12,0.30
2026-07-21 12:24:30,0.10
2026-07-21 12:25:18,0.50
2026-07-21 12:26:27,0.40
2026-07-21 12:26:36,-0.10
2026-07-21 12:27:36,0.20
2026-07-21 12:29:13,-0.30
2026-07-21 12:29:22,-0.10
2026-07-21 12:30:11,0.20
2026-07-21 12:31:49,0.30
2026-07-21 12:32:27,-0.10
2026-07-21 12:32:36,-0.20
2026-07-21 12:33:06,0.10
2026-07-21 12:34:14,0.00
2026-07-21 12:35:42,0.40
2026-07-21 12:35:52,0.00
2026-07-21 12:36:41,0.30
2026-07-21 12:37:39,0.50
2026-07-21 12:37:49,-0.10
2026-07-21 12:39:45,0.40
2026-07-21 12:40:44,0.00
2026-07-21 12:41:42,-0.10
2026-07-21 12:42:01,0.60
2026-07-21 12:42:50,0.10
2026-07-21 12:43:00,0.60
2026-07-21 12:44:08,0.50
2026-07-21 12:44:38,0.00
2026-07-21 12:46:16,-0.10
2026-07-21 12:47:23,0.50
2026-07-21 12:48:21,0.00
2026-07-21 12:48:31,0.70
2026-07-21 12:50:28,-0.10
2026-07-21 12:50:38,0.60
2026-07-21 12:51:17,0.70
2026-07-21 12:51:36,-0.40
2026-07-21 12:53:13,0.70
2026-07-21 12:53:23,0.30
2026-07-21 12:54:03,0.40
2026-07-21 12:55:01,1.20
2026-07-21 12:56:49,2.20
2026-07-21 12:57:47,2.10
2026-07-21 12:58:26,2.90
2026-07-21 12:59:15,2.60
2026-07-21 13:00:32,1.40
2026-07-21 13:00:52,2.00
2026-07-21 13:02:00,1.20
2026-07-21 13:02:58,0.30
2026-07-21 13:04:17,0.40
2026-07-21 13:05:24,0.00
2026-07-21 13:06:03,-0.30
2026-07-21 13:06:22,0.50
2026-07-21 13:07:40,-0.10
2026-07-21 13:08:39,0.90
2026-07-21 13:09:08,0.70
2026-07-21 13:09:28,-0.30
2026-07-21 13:10:46,-0.10
2026-07-21 13:11:44,0.80
2026-07-21 13:12:43,0.00
2026-07-21 13:12:53,0.60
2026-07-21 13:14:30,0.80
2026-07-21 13:14:40,0.20
2026-07-21 13:15:39,0.60
2026-07-21 13:15:58,1.00
2026-07-21 13:17:06,1.10
2026-07-21 13:18:34,2.60
2026-07-21 13:18:53,2.90
2026-07-21 13:19:52,8.90
2026-07-21 13:20:40,7.40
2026-07-21 13:21:48,9.30
2026-07-21 13:22:17,8.50
2026-07-21 13:23:07,14.00
2026-07-21 13:24:04,10.40
2026-07-21 13:24:44,12.90
2026-07-21 13:26:21,10.70
2026-07-21 13:26:40,8.00
2026-07-21 13:27:00,7.00
2026-07-21 13:28:37,3.20
2026-07-21 13:28:47,2.70
2026-07-21 13:29:45,1.00
2026-07-21 13:30:25,0.80
2026-07-21 13:30:53,0.40
2026-07-21 13:32:02,0.50
2026-07-21 13:32:21,-0.10
2026-07-21 13:33:39,0.10
2026-07-21 13:34:08,-0.30
2026-07-21 13:35:16,0.00
2026-07-21 13:35:36,-0.30
2026-07-21 13:37:23,0.30
2026-07-21 13:38:12,-0.40
2026-07-21 13:38:50,0.30
2026-07-21 13:39:01,-0.40
2026-07-21 13:40:48,-0.20
2026-07-21 13:40:57,0.10
2026-07-21 13:42:06,-0.10
2026-07-21 13:42:54,0.30
2026-07-21 13:43:34,-0.20
2026-07-21 13:44:21,0.20
2026-07-21 13:45:39,-0.20
2026-07-21 13:47:08,-0.40
2026-07-21 13:47:17,0.10
2026-07-21 13:49:24,-0.50
2026-07-21 13:50:12,-0.30
2026-07-21 13:50:23,0.10
2026-07-21 13:52:00,0.00
2026-07-21 13:53:08,-0.40
2026-07-21 13:53:37,0.10
2026-07-21 13:54:15,-0.40
2026-07-21 13:55:24,0.20
2026-07-21 13:56:13,-0.40
2026-07-21 13:57:30,-0.10
2026-07-21 13:58:30,0.10
2026-07-21 13:58:39,-0.30
2026-07-21 14:00:07,-0.60
2026-07-21 14:00:45,0.00
2026-07-21 14:01:54,-0.60
2026-07-21 14:02:23,0.10
2026-07-21 14:04:20,-0.50
2026-07-21 14:04:39,0.00
2026-07-21 14:04:59,0.10
2026-07-21 14:05:38,-0.50
2026-07-21 14:06:37,0.00
2026-07-21 14:07:15,-0.40
2026-07-21 14:09:02,-0.10
2026-07-21 14:10:50,-0.60
2026-07-21 14:10:59,0.00
2026-07-21 14:11:48,-0.10
2026-07-21 14:11:57,-0.50
2026-07-21 14:13:16,0.00
2026-07-21 14:13:25,-0.50
2026-07-21 14:15:02,-0.30
2026-07-21 14:16:20,-0.10
2026-07-21 14:16:59,-0.70
2026-07-21 14:17:29,0.00
2026-07-21 14:19:25,-0.50
2026-07-21 14:20:05,-0.60
2026-07-21 14:20:53,0.00
2026-07-21 14:22:51,-0.50
2026-07-21 14:23:58,0.00
2026-07-21 14:25:06,-0.40
2026-07-21 14:26:06,-0.10
2026-07-21 14:26:54,-0.50
2026-07-21 14:27:13,-0.10
2026-07-21 14:28:21,-0.60
2026-07-21 14:28:41,-0.10
2026-07-21 14:29:59,0.00
2026-07-21 14:30:28,-0.70
2026-07-21 14:32:14,0.00
2026-07-21 14:32:44,-0.50
2026-07-21 14:34:01,0.00
2026-07-21 14:34:42,-0.60
2026-07-21 14:35:10,0.00
2026-07-21 14:37:27,-0.60
2026-07-21 14:37:37,0.00
2026-07-21 14:38:05,-0.10
2026-07-21 14:39:23,-0.50
2026-07-21 14:39:53,-0.10
2026-07-21 14:40:02,-0.40
2026-07-21 14:41:19,-0.30
2026-07-21 14:41:30,0.00
2026-07-21 14:43:08,-0.40
2026-07-21 14:43:56,-0.10
2026-07-21 14:44:55,-0.60
2026-07-21 14:45:43,-0.10
2026-07-21 14:46:13,0.00
2026-07-21 14:47:50,-0.50
2026-07-21 14:48:00,-0.20
2026-07-21 14:49:08,-0.50
2026-07-21 14:49:47,-0.10
2026-07-21 14:50:15,-0.50
2026-07-21 14:51:14,-0.40
2026-07-21 14:52:32,0.00
2026-07-21 14:53:31,-0.40
2026-07-21 14:54:10,0.00
2026-07-21 14:54:39,-0.50
2026-07-21 14:54:49,-0.10
2026-07-21 14:57:24,-0.50
2026-07-21 14:58:04,-0.60
2026-07-21 14:58:13,0.00
2026-07-21 15:00:29,0.10
2026-07-21 15:00:49,-0.40
2026-07-21 15:02:07,0.00
2026-07-21 15:02:26,-0.50
2026-07-21 15:03:14,0.00
2026-07-21 15:03:54,-0.40
2026-07-21 15:04:52,-0.10
2026-07-21 15:05:40,-0.50
2026-07-21 15:07:28,0.00
2026-07-21 15:08:55,0.20
2026-07-21 15:09:06,-0.40
2026-07-21 15:10:23,0.00
2026-07-21 15:11:32,-0.40
2026-07-21 15:12:20,0.00
2026-07-21 15:12:49,-0.10
2026-07-21 15:14:08,-0.50
2026-07-21 15:14:17,-0.10
2026-07-21 15:14:46,-0.50
2026-07-21 15:17:31,0.00
2026-07-21 15:18:01,-0.60
2026-07-21 15:18:30,0.10
2026-07-21 15:19:58,0.00
2026-07-21 15:20:36,-0.50
2026-07-21 15:21:26,-0.10
2026-07-21 15:23:13,-0.50
2026-07-21 15:23:32,-0.10
2026-07-21 15:24:21,-0.50
2026-07-21 15:24:31,0.00
2026-07-21 15:26:18,-0.60
2026-07-21 15:27:17,0.10
2026-07-21 15:28:05,-0.50
2026-07-21 15:28:24,0.10
2026-07-21 15:30:02,-0.50
2026-07-21 15:31:30,-0.10
2026-07-21 15:31:39,-0.50
2026-07-21 15:32:48,0.00
2026-07-21 15:32:58,-0.60
2026-07-21 15:34:16,0.00
2026-07-21 15:34:54,-0.50
2026-07-21 15:35:42,0.10
2026-07-21 15:36:31,-0.40
2026-07-21 15:37:30,-0.10
2026-07-21 15:37:40,-0.50
2026-07-21 15:40:26,0.00
2026-07-21 15:41:54,-0.60
2026-07-21 15:42:03,0.00
2026-07-21 15:42:51,-0.60
2026-07-21 15:45:08,-0.50
2026-07-21 15:45:26,0.00
2026-07-21 15:46:36,-0.40
2026-07-21 15:47:34,-0.10
2026-07-21 15:48:22,-0.50
2026-07-21 15:49:02,-0.40
2026-07-21 15:49:41,0.00
2026-07-21 15:51:57,-0.60
2026-07-21 15:52:44,0.00
2026-07-21 15:53:05,-0.40
2026-07-21 15:54:03,-0.10
2026-07-21 15:55:11,-0.60
2026-07-21 15:56:30,-0.50
2026-07-21 15:56:59,-0.10
2026-07-21 15:57:27,-0.40
2026-07-21 16:00:03,-0.60
2026-07-21 16:00:23,0.00
2026-07-21 16:01:03,0.10
2026-07-21 16:01:40,-0.40
2026-07-21 16:02:30,0.00
2026-07-21 16:03:08,-0.50
2026-07-21 16:03:48,-0.60
2026-07-21 16:03:58,0.10
2026-07-21 16:05:35,-0.40
2026-07-21 16:06:04,0.00
2026-07-21 16:07:03,-0.40
2026-07-21 16:07:51,0.00
2026-07-21 16:09:58,-0.40
2026-07-21 16:11:35,0.10
2026-07-21 16:11:45,-0.50
2026-07-21 16:12:04,0.00
2026-07-21 16:13:22,-0.50
2026-07-21 16:14:12,0.10
2026-07-21 16:15:10,-0.50
2026-07-21 16:15:19,0.10
2026-07-21 16:16:07,-0.30
2026-07-21 16:17:07,-0.50
2026-07-21 16:18:34,-0.20
2026-07-21 16:18:44,-0.40
2026-07-21 16:20:02,0.00
2026-07-21 16:21:21,-0.50
2026-07-21 16:21:30,0.10
2026-07-21 16:22:09,-0.40
2026-07-21 16:22:18,-0.10
2026-07-21 16:24:35,-0.40
2026-07-21 16:26:02,-0.50
2026-07-21 16:26:50,0.10
2026-07-21 16:27:01,0.00
2026-07-21 16:28:19,-0.40
2026-07-21 16:28:57,0.00
2026-07-21 16:30:06,-0.40
2026-07-21 16:31:24,-0.50
2026-07-21 16:31:34,0.00
2026-07-21 16:31:53,-0.30
2026-07-21 16:32:31,0.00
2026-07-21 16:33:40,-0.50
2026-07-21 16:34:39,0.20
2026-07-21 16:35:17,0.10
2026-07-21 16:36:35,-0.50
2026-07-21 16:37:24,-0.40
2026-07-21 16:37:34,0.00
2026-07-21 16:38:33,-0.40
2026-07-21 16:38:42,0.00
2026-07-21 16:40:29,-0.30
2026-07-21 16:41:27,0.10
2026-07-21 16:41:47,0.00
2026-07-21 16:42:26,-0.50
2026-07-21 16:43:25,0.00
2026-07-21 16:43:43,-0.40
2026-07-21 16:45:30,0.00
2026-07-21 16:46:30,-0.50
2026-07-21 16:46:58,-0.40
2026-07-21 16:47:18,0.00
2026-07-21 16:49:15,-0.10
2026-07-21 16:49:43,-0.60
2026-07-21 16:50:33,-0.40
2026-07-21 16:50:52,0.00
2026-07-21 16:51:50,-0.10
2026-07-21 16:52:48,-0.40
2026-07-21 16:53:28,0.00
2026-07-21 16:53:57,-0.50
2026-07-21 16:54:56,-0.20
2026-07-21 16:55:44,0.00
2026-07-21 16:57:21,-0.40
2026-07-21 16:57:31,-0.10
2026-07-21 16:58:28,0.00
2026-07-21 16:58:39,-0.30
2026-07-21 17:00:46,-0.40
2026-07-21 17:01:05,0.00
2026-07-21 17:02:23,-0.50
2026-07-21 17:02:32,-0.10
2026-07-21 17:03:21,-0.50
2026-07-21 17:03:42,0.00
2026-07-21 17:05:28,-0.30
2026-07-21 17:06:17,0.00
2026-07-21 17:06:36,-0.40
2026-07-21 17:08:04,0.00
2026-07-21 17:08:24,-0.10
2026-07-21 17:09:02,-0.50
2026-07-21 17:09:50,-0.10
2026-07-21 17:10:50,-0.40
2026-07-21 17:12:07,0.00
2026-07-21 17:13:54,-0.50
2026-07-21 17:14:42,0.00
2026-07-21 17:14:53,-0.30
2026-07-21 17:17:28,0.10
2026-07-21 17:18:27,-0.30
2026-07-21 17:19:35,0.10
2026-07-21 17:19:45,-0.20
2026-07-21 17:20:04,0.00
2026-07-21 17:21:31,-0.40
2026-07-21 17:21:50,0.00
2026-07-21 17:24:08,-0.40
2026-07-21 17:24:37,-0.10
2026-07-21 17:25:06,-0.40
2026-07-21 17:26:24,-0.30
2026-07-21 17:27:22,0.10
2026-07-21 17:28:01,0.00
2026-07-21 17:28:59,-0.50
2026-07-21 17:29:49,0.00
2026-07-21 17:30:18,-0.30
2026-07-21 17:31:16,-0.50
2026-07-21 17:32:04,0.00
2026-07-21 17:34:01,-0.40
2026-07-21 17:34:31,-0.10
2026-07-21 17:35:20,-0.30
2026-07-21 17:36:27,0.00
2026-07-21 17:37:55,-0.30
2026-07-21 17:38:34,0.00
2026-07-21 17:39:42,-0.10
2026-07-21 17:40:50,-0.40
2026-07-21 17:41:10,0.10
2026-07-21 17:41:20,-0.30
2026-07-21 17:42:47,-0.10
2026-07-21 17:43:07,0.10
2026-07-21 17:44:44,0.00
2026-07-21 17:45:04,-0.30
2026-07-21 17:47:00,0.00
2026-07-21 17:48:38,-0.30
2026-07-21 17:49:36,0.00
2026-07-21 17:50:54,-0.20
2026-07-21 17:51:33,0.00
2026-07-21 17:53:11,-0.30
2026-07-21 17:53:40,0.10
2026-07-21 17:54:39,-0.40
2026-07-21 17:55:17,0.00
2026-07-21 17:56:54,-0.30
2026-07-21 17:58:12,0.10
2026-07-21 17:58:31,-0.30
2026-07-21 18:00:30,-0.10
2026-07-21 18:00:39,-0.40
2026-07-21 18:02:16,0.10
2026-07-21 18:02:55,-0.30
2026-07-21 18:04:03,0.10
2026-07-21 18:04:12,0.00
2026-07-21 18:05:50,-0.40
2026-07-21 18:06:30,-0.30
2026-07-21 18:06:49,0.10
2026-07-21 18:07:48,-0.20
2026-07-21 18:08:07,0.10
2026-07-21 18:09:54,-0.30
2026-07-21 18:10:04,0.20
2026-07-21 18:11:03,-0.40
2026-07-21 18:11:12,0.00
2026-07-21 18:12:50,-0.30
2026-07-21 18:15:06,0.00
2026-07-21 18:16:14,-0.30
2026-07-21 18:16:34,0.10
2026-07-21 18:17:32,-0.30
2026-07-21 18:17:51,0.00
2026-07-21 18:19:49,-0.30
2026-07-21 18:22:15,0.00
2026-07-21 18:22:53,-0.60
2026-07-21 18:23:52,0.20
2026-07-21 18:24:21,-0.20
2026-07-21 18:25:49,-0.30
2026-07-21 18:26:57,0.00
2026-07-21 18:27:36,0.10
2026-07-21 18:28:15,-0.30
2026-07-21 18:29:03,0.00
2026-07-21 18:29:43,-0.40
2026-07-21 18:30:41,0.20
2026-07-21 18:31:00,-0.30
2026-07-21 18:32:38,0.00
2026-07-21 18:33:07,-0.30
2026-07-21 18:34:15,0.10
2026-07-21 18:34:35,-0.30
2026-07-21 18:35:53,-0.40
2026-07-21 18:37:11,0.20
2026-07-21 18:37:59,-0.30
2026-07-21 18:39:17,0.10
2026-07-21 18:39:56,-0.40
2026-07-21 18:40:35,0.00
2026-07-21 18:41:34,-0.30
2026-07-21 18:42:32,0.00
2026-07-21 18:42:42,-0.30
2026-07-21 18:45:08,0.10
2026-07-21 18:46:07,-0.30
2026-07-21 18:46:16,0.20
2026-07-21 18:47:14,0.10
2026-07-21 18:47:25,-0.30
2026-07-21 18:49:50,0.00
2026-07-21 18:50:29,-0.30
2026-07-21 18:50:39,0.00
2026-07-21 18:52:06,-0.20
2026-07-21 18:52:16,0.00
2026-07-21 18:54:13,-0.30
2026-07-21 18:55:20,0.10
2026-07-21 18:55:41,-0.30
2026-07-21 18:55:50,0.00
2026-07-21 18:57:57,0.10
2026-07-21 18:58:36,-0.20
2026-07-21 18:58:46,0.10
2026-07-21 18:59:06,-0.30
2026-07-21 19:01:12,-0.10
2026-07-21 19:01:51,-0.30
2026-07-21 19:02:39,0.10
2026-07-21 19:02:59,-0.30
2026-07-21 19:03:39,-0.40
2026-07-21 19:04:56,0.10
2026-07-21 19:05:35,-0.30
2026-07-21 19:07:42,0.00
2026-07-21 19:07:52,-0.20
2026-07-21 19:09:39,0.00
2026-07-21 19:10:47,-0.30
2026-07-21 19:12:15,0.00
2026-07-21 19:14:01,0.10
2026-07-21 19:14:50,-0.20
2026-07-21 19:15:29,0.10
2026-07-21 19:15:48,-0.30
2026-07-21 19:17:26,0.00
2026-07-21 19:18:53,-0.20
2026-07-21 19:19:13,0.10
2026-07-21 19:20:41,-0.20
2026-07-21 19:21:49,0.00
2026-07-21 19:22:38,-0.20
2026-07-21 19:24:06,0.10
2026-07-21 19:25:04,-0.20
2026-07-21 19:26:11,0.10
2026-07-21 19:26:51,-0.30
2026-07-21 19:27:29,0.10
2026-07-21 19:29:17,-0.30
2026-07-21 19:29:47,0.10
2026-07-21 19:30:15,-0.30
2026-07-21 19:31:04,0.10
2026-07-21 19:32:13,-0.30
2026-07-21 19:32:23,0.10
2026-07-21 19:34:39,-0.30
2026-07-21 19:35:08,0.10
2026-07-21 19:35:38,-0.30
2026-07-21 19:37:15,-0.20
2026-07-21 19:37:24,0.10
2026-07-21 19:38:43,-0.10
2026-07-21 19:40:20,-0.20
2026-07-21 19:40:39,0.10
2026-07-21 19:41:37,0.00
2026-07-21 19:41:48,-0.20
2026-07-21 19:43:14,0.10
2026-07-21 19:43:44,0.00
2026-07-21 19:45:12,0.10
2026-07-21 19:46:01,-0.20
2026-07-21 19:46:59,-0.30
2026-07-21 19:47:38,0.10
2026-07-21 19:48:55,-0.20
2026-07-21 19:50:33,0.10
2026-07-21 19:51:42,0.00
2026-07-21 19:52:10,-0.20
2026-07-21 19:53:10,0.10
2026-07-21 19:54:27,-0.30
2026-07-21 19:55:25,-0.20
2026-07-21 19:55:54,0.10
2026-07-21 19:56:52,-0.20
2026-07-21 19:58:39,0.10
2026-07-21 20:00:07,-0.20
2026-07-21 20:00:46,0.10
2026-07-21 20:01:35,-0.10
2026-07-21 20:01:45,0.10
2026-07-21 20:04:20,-0.20
2026-07-21 20:05:00,0.10
2026-07-21 20:07:55,-0.20
2026-07-21 20:08:05,0.00
2026-07-21 20:09:13,-0.30
2026-07-21 20:09:51,0.10
2026-07-21 20:11:10,-0.30
2026-07-21 20:11:19,0.10
2026-07-21 20:11:29,0.00
2026-07-21 20:13:06,0.10
2026-07-21 20:13:16,-0.10
2026-07-21 20:14:34,0.10
2026-07-21 20:15:32,-0.30
2026-07-21 20:16:12,-0.20
2026-07-21 20:16:21,0.10
2026-07-21 20:17:59,0.20
2026-07-21 20:18:28,-0.20
2026-07-21 20:20:25,0.20
2026-07-21 20:20:45,-0.10
2026-07-21 20:21:14,0.20
2026-07-21 20:21:33,-0.20
2026-07-21 20:23:49,0.00
2026-07-21 20:24:00,-0.10
2026-07-21 20:24:28,-0.20
2026-07-21 20:24:48,0.20
2026-07-21 20:26:26,-0.20
2026-07-21 20:26:45,0.10
2026-07-21 20:28:04,-0.10
2026-07-21 20:28:32,0.20
2026-07-21 20:29:41,-0.20
2026-07-21 20:30:18,0.20
2026-07-21 20:31:08,0.00
2026-07-21 20:31:37,0.20
2026-07-21 20:33:24,-0.10
2026-07-21 20:34:22,0.20
2026-07-21 20:35:41,-0.20
2026-07-21 20:36:59,0.20
2026-07-21 20:37:47,-0.10
2026-07-21 20:38:37,0.20
2026-07-21 20:40:04,-0.10
2026-07-21 20:40:23,0.30
2026-07-21 20:41:31,-0.20
2026-07-21 20:41:51,0.20
2026-07-21 20:43:09,0.00
2026-07-21 20:44:18,0.30
2026-07-21 20:45:16,-0.10
2026-07-21 20:47:03,0.20
2026-07-21 20:47:32,-0.20
2026-07-21 20:47:51,0.20
2026-07-21 20:48:59,-0.10
2026-07-21 20:49:59,0.20
2026-07-21 20:50:09,-0.10
2026-07-21 20:51:06,0.10
2026-07-21 20:51:16,-0.10
2026-07-21 20:52:44,0.20
2026-07-21 20:53:14,-0.10
2026-07-21 20:55:19,0.20
2026-07-21 20:55:59,-0.10
2026-07-21 20:56:08,0.10
2026-07-21 20:57:46,0.20
2026-07-21 20:57:55,-0.10
2026-07-21 21:00:02,0.20
2026-07-21 21:00:12,-0.20
2026-07-21 21:01:00,-0.10
2026-07-21 21:01:20,0.20
2026-07-21 21:02:58,-0.20
2026-07-21 21:04:05,0.20
2026-07-21 21:04:25,-0.10
2026-07-21 21:05:53,0.30
2026-07-21 21:06:13,-0.10
2026-07-21 21:07:40,0.30
2026-07-21 21:08:00,-0.10
2026-07-21 21:10:06,0.20
2026-07-21 21:11:14,0.00
2026-07-21 21:11:43,0.20
2026-07-21 21:13:31,-0.10
2026-07-21 21:14:08,0.00
2026-07-21 21:15:27,0.30
2026-07-21 21:15:36,0.20
2026-07-21 21:15:46,0.00
2026-07-21 21:17:34,0.30
2026-07-21 21:17:44,-0.10
2026-07-21 21:19:21,0.20
2026-07-21 21:20:09,-0.10
2026-07-21 21:20:39,0.20
2026-07-21 21:21:47,0.00
2026-07-21 21:23:04,0.20
2026-07-21 21:24:13,-0.10
2026-07-21 21:24:22,0.20
2026-07-21 21:26:19,-0.10
2026-07-21 21:26:30,0.10
2026-07-21 21:27:47,0.20
2026-07-21 21:27:57,-0.10
2026-07-21 21:28:55,0.20
2026-07-21 21:30:03,0.00
2026-07-21 21:32:00,0.30
2026-07-21 21:32:20,0.00
2026-07-21 21:32:30,0.30
2026-07-21 21:33:48,0.00
2026-07-21 21:34:07,0.30
2026-07-21 21:35:26,0.00
2026-07-21 21:36:03,0.30
2026-07-21 21:37:03,0.00
2026-07-21 21:38:30,0.40
2026-07-21 21:38:50,0.30
2026-07-21 21:38:59,0.10
2026-07-21 21:41:35,0.30
2026-07-21 21:42:24,0.00
2026-07-21 21:43:51,0.30
2026-07-21 21:44:59,0.00
2026-07-21 21:45:58,0.30
2026-07-21 21:47:07,0.10
2026-07-21 21:49:13,0.40
2026-07-21 21:50:12,0.00
2026-07-21 21:50:21,0.30
2026-07-21 21:51:40,0.00
2026-07-21 21:53:26,0.40
2026-07-21 21:54:15,0.00
2026-07-21 21:55:23,0.40
2026-07-21 21:56:12,0.00
2026-07-21 21:57:00,0.30
2026-07-21 21:57:58,0.00
2026-07-21 21:58:58,0.20
2026-07-21 21:59:16,0.40
2026-07-21 22:00:35,0.00
2026-07-21 22:02:02,0.20
2026-07-21 22:02:22,0.40
2026-07-21 22:03:49,0.20
2026-07-21 22:05:07,0.40
2026-07-21 22:05:16,0.10
2026-07-21 22:07:53,0.60
2026-07-21 22:09:01,0.40
2026-07-21 22:09:11,0.20
2026-07-21 22:10:20,0.30
2026-07-21 22:10:39,0.10
2026-07-21 22:11:57,0.30
2026-07-21 22:12:16,0.10
2026-07-21 22:13:34,0.40
2026-07-21 22:15:21,0.10
2026-07-21 22:16:49,0.30
2026-07-21 22:17:48,0.10
2026-07-21 22:18:26,0.40
2026-07-21 22:19:53,0.00
2026-07-21 22:20:03,0.40
2026-07-21 22:20:33,0.10
2026-07-21 22:22:30,0.40
2026-07-21 22:22:58,0.00
2026-07-21 22:23:38,0.20
2026-07-21 22:24:16,0.40
2026-07-21 22:26:03,0.10
2026-07-21 22:27:22,0.40
2026-07-21 22:28:39,0.50
2026-07-21 22:28:49,0.20
2026-07-21 22:30:56,0.50
2026-07-21 22:31:25,0.10
2026-07-21 22:32:43,0.50
2026-07-21 22:32:52,0.20
2026-07-21 22:33:12,0.40
2026-07-21 22:33:22,0.20
2026-07-21 22:34:59,0.50
2026-07-21 22:36:17,0.20
2026-07-21 22:36:28,0.50
2026-07-21 22:36:47,0.20
2026-07-21 22:38:33,0.10
2026-07-21 22:38:44,0.50
2026-07-21 22:40:40,0.60
2026-07-21 22:40:50,0.10
2026-07-21 22:41:38,0.20
2026-07-21 22:42:08,0.50
2026-07-21 22:43:16,0.20
2026-07-21 22:43:55,0.50
2026-07-21 22:44:53,0.40
2026-07-21 22:45:03,0.10
2026-07-21 22:46:31,0.50
2026-07-21 22:48:38,0.20
2026-07-21 22:48:47,0.50
2026-07-21 22:51:14,0.10
2026-07-21 22:52:11,0.20
2026-07-21 22:52:21,0.50
2026-07-21 22:53:10,0.20
2026-07-21 22:53:59,0.50
2026-07-21 22:55:07,0.20
2026-07-21 22:55:36,0.50
2026-07-21 22:57:33,0.10
2026-07-21 22:58:12,0.30
2026-07-21 22:58:51,0.50
2026-07-21 22:59:49,0.40
2026-07-21 23:01:07,0.00
2026-07-21 23:01:27,0.10
2026-07-21 23:01:46,0.40
2026-07-21 23:03:04,0.20
2026-07-21 23:03:53,0.50
2026-07-21 23:04:42,0.20
2026-07-21 23:04:51,0.50
2026-07-21 23:06:28,0.60
2026-07-21 23:07:18,0.20
2026-07-21 23:08:05,0.50
2026-07-21 23:08:25,0.20
2026-07-21 23:10:02,0.60
2026-07-21 23:12:28,0.20
2026-07-21 23:12:37,0.60
2026-07-21 23:14:15,0.10
2026-07-21 23:14:26,0.20
2026-07-21 23:14:55,0.60
2026-07-21 23:16:41,0.50
2026-07-21 23:17:01,0.30
2026-07-21 23:17:50,0.20
2026-07-21 23:18:09,0.60
2026-07-21 23:19:27,0.30
2026-07-21 23:20:06,0.60
2026-07-21 23:21:24,0.30
2026-07-21 23:22:13,0.70
2026-07-21 23:23:11,0.20
2026-07-21 23:23:31,0.50
2026-07-21 23:24:19,0.60
2026-07-21 23:24:39,0.20
2026-07-21 23:26:17,0.60
2026-07-21 23:27:25,0.20
2026-07-21 23:27:54,0.60
2026-07-21 23:28:04,0.20
2026-07-21 23:29:51,0.60
2026-07-21 23:31:18,0.30
2026-07-21 23:33:05,0.60
2026-07-21 23:33:16,0.20
2026-07-21 23:34:13,0.60
2026-07-21 23:34:32,0.30
2026-07-21 23:36:00,0.60
2026-07-21 23:36:30,0.30
2026-07-21 23:37:58,0.60
2026-07-21 23:40:34,0.20
2026-07-21 23:41:23,0.40
2026-07-21 23:42:11,0.60
2026-07-21 23:42:31,0.30
2026-07-21 23:43:09,0.60
2026-07-21 23:44:27,0.20
2026-07-21 23:44:56,0.60
2026-07-21 23:46:34,0.30
2026-07-21 23:47:31,0.60
2026-07-21 23:48:02,0.30
2026-07-21 23:49:39,0.60
2026-07-21 23:49:49,0.30
2026-07-21 23:50:47,0.60
2026-07-21 23:51:46,0.30
2026-07-21 23:52:54,0.70
2026-07-21 23:53:33,0.40
2026-07-21 23:54:41,0.30
2026-07-21 23:55:20,0.70
2026-07-21 23:55:49,0.60
2026-07-21 23:56:18,0.30
2026-07-21 23:58:25,0.70
2026-07-21 23:59:03,0.30
2026-07-21 23:59:13,0.60
2026-07-22 00:01:20,0.30
2026-07-22 00:02:28,0.60
2026-07-22 00:02:38,0.30
2026-07-22 00:04:06,0.60
2026-07-22 00:04:25,0.30
2026-07-22 00:05:33,0.60
2026-07-22 00:06:31,0.30
2026-07-22 00:07:49,0.70
2026-07-22 00:09:17,0.30
2026-07-22 00:09:37,0.60
2026-07-22 00:11:24,0.30
2026-07-22 00:12:31,0.60
2026-07-22 00:14:39,0.30
2026-07-22 00:15:46,0.70
2026-07-22 00:17:05,0.30
2026-07-22 00:17:14,0.60
2026-07-22 00:17:54,0.40
2026-07-22 00:19:11,0.30
2026-07-22 00:20:10,0.70
2026-07-22 00:20:39,0.40
2026-07-22 00:20:48,0.70
2026-07-22 00:23:05,0.30
2026-07-22 00:23:44,0.70
2026-07-22 00:24:03,0.40
2026-07-22 00:25:21,0.30
2026-07-22 00:25:31,0.70
2026-07-22 00:27:48,0.40
2026-07-22 00:29:25,0.70
2026-07-22 00:30:04,0.30
2026-07-22 00:30:53,0.70
2026-07-22 00:31:42,0.40
2026-07-22 00:32:21,0.70
2026-07-22 00:33:39,0.30
2026-07-22 00:33:58,0.70
2026-07-22 00:35:16,0.40
2026-07-22 00:36:04,0.80
2026-07-22 00:37:22,0.60
2026-07-22 00:38:30,0.80
2026-07-22 00:38:40,0.70
2026-07-22 00:39:29,0.40
2026-07-22 00:40:18,0.50
2026-07-22 00:40:38,0.70
2026-07-22 00:43:13,0.30
2026-07-22 00:43:32,0.70
2026-07-22 00:44:11,0.40
2026-07-22 00:45:10,0.70
2026-07-22 00:45:30,0.40
2026-07-22 00:47:46,0.70
2026-07-22 00:49:43,0.30
2026-07-22 00:50:12,0.80
2026-07-22 00:51:39,0.40
2026-07-22 00:52:28,0.70
2026-07-22 00:52:39,0.40
2026-07-22 00:53:46,0.70
2026-07-22 00:55:24,0.40
2026-07-22 00:56:51,0.70
2026-07-22 00:57:40,0.40
2026-07-22 00:59:07,0.70
2026-07-22 01:00:15,0.40
2026-07-22 01:02:02,0.70
2026-07-22 01:02:51,0.50
2026-07-22 01:04:00,0.40
2026-07-22 01:04:19,0.80
2026-07-22 01:06:35,0.40
2026-07-22 01:06:55,0.80
2026-07-22 01:07:34,0.60
2026-07-22 01:08:42,0.80
2026-07-22 01:08:52,0.40
2026-07-22 01:10:38,0.80
2026-07-22 01:10:48,0.50
2026-07-22 01:11:37,0.70
2026-07-22 01:12:45,0.40
2026-07-22 01:13:53,0.80
2026-07-22 01:14:13,0.50
2026-07-22 01:15:21,0.70
2026-07-22 01:16:29,0.40
2026-07-22 01:16:38,0.70
2026-07-22 01:17:47,0.50
2026-07-22 01:18:25,0.70
2026-07-22 01:19:05,0.40
2026-07-22 01:20:42,0.70
2026-07-22 01:21:40,0.40
2026-07-22 01:23:08,0.50
2026-07-22 01:23:28,0.70
2026-07-22 01:25:54,0.40
2026-07-22 01:26:42,0.70
2026-07-22 01:26:52,0.50
2026-07-22 01:28:10,0.80
2026-07-22 01:28:30,0.50
2026-07-22 01:29:47,0.80
2026-07-22 01:30:17,0.40
2026-07-22 01:31:24,0.70
2026-07-22 01:32:23,0.40
2026-07-22 01:33:41,0.80
2026-07-22 01:36:07,0.40
2026-07-22 01:36:46,0.80
2026-07-22 01:37:45,0.40
2026-07-22 01:38:14,0.80
2026-07-22 01:38:33,0.50
2026-07-22 01:41:00,0.80
2026-07-22 01:42:37,0.40
2026-07-22 01:43:16,0.80
2026-07-22 01:44:53,0.50
2026-07-22 01:45:23,0.80
2026-07-22 01:47:49,0.40
2026-07-22 01:47:59,0.50
2026-07-22 01:48:18,0.80
2026-07-22 01:50:54,0.50
2026-07-22 01:51:41,0.80
2026-07-22 01:52:12,0.50
2026-07-22 01:53:19,0.80
2026-07-22 01:54:28,0.50
2026-07-22 01:54:37,0.70
2026-07-22 01:56:34,0.80
2026-07-22 01:57:22,0.40
2026-07-22 01:58:22,0.80
2026-07-22 01:58:31,0.40
2026-07-22 01:59:29,0.80
2026-07-22 02:00:27,0.50
2026-07-22 02:01:17,0.60
2026-07-22 02:01:26,0.80
2026-07-22 02:04:03,0.50
2026-07-22 02:04:22,0.90
2026-07-22 02:04:51,0.50
2026-07-22 02:07:07,0.90
2026-07-22 02:07:46,0.60
2026-07-22 02:09:13,0.90
2026-07-22 02:09:43,0.50
2026-07-22 02:09:53,0.90
2026-07-22 02:11:31,0.50
2026-07-22 02:11:49,0.90
2026-07-22 02:12:38,0.80
2026-07-22 02:13:47,0.50
2026-07-22 02:14:26,0.80
2026-07-22 02:14:55,0.50
2026-07-22 02:16:03,0.80
2026-07-22 02:16:32,0.50
2026-07-22 02:17:50,0.80
2026-07-22 02:18:49,0.50
2026-07-22 02:19:56,0.80
2026-07-22 02:21:04,0.50
2026-07-22 02:21:14,0.80
2026-07-22 02:23:12,0.50
2026-07-22 02:24:39,0.40
2026-07-22 02:25:27,0.80
2026-07-22 02:25:58,0.50
2026-07-22 02:26:07,0.80
2026-07-22 02:28:12,0.50
2026-07-22 02:29:02,0.90
2026-07-22 02:29:21,0.50
2026-07-22 02:30:00,0.90
2026-07-22 02:31:48,0.50
2026-07-22 02:32:26,0.90
2026-07-22 02:33:35,0.50
2026-07-22 02:34:04,0.70
2026-07-22 02:34:23,0.80
2026-07-22 02:36:20,0.50
2026-07-22 02:38:56,0.90
2026-07-22 02:39:06,0.80
2026-07-22 02:39:35,0.50
2026-07-22 02:40:44,0.60
2026-07-22 02:40:53,0.80
2026-07-22 02:42:21,0.50
2026-07-22 02:43:38,0.90
2026-07-22 02:44:07,0.80
2026-07-22 02:44:37,0.60
2026-07-22 02:45:44,0.80
2026-07-22 02:46:34,0.70
2026-07-22 02:47:32,0.50
2026-07-22 02:48:20,0.90
2026-07-22 02:49:29,0.80
2026-07-22 02:50:07,0.50
2026-07-22 02:50:47,0.80
2026-07-22 02:51:07,0.60
2026-07-22 02:52:15,0.80
2026-07-22 02:52:34,0.50
2026-07-22 02:54:40,0.80
2026-07-22 02:55:00,0.50
2026-07-22 02:55:39,0.80
2026-07-22 02:56:27,0.50
2026-07-22 02:57:25,0.80
2026-07-22 02:57:46,0.50
2026-07-22 02:59:03,0.90
2026-07-22 02:59:52,0.40
2026-07-22 03:01:10,0.70
2026-07-22 03:01:39,0.90
2026-07-22 03:02:28,0.40
2026-07-22 03:02:47,0.80
2026-07-22 03:03:55,0.40
2026-07-22 03:04:54,0.90
2026-07-22 03:06:41,0.80
2026-07-22 03:07:01,0.40
2026-07-22 03:07:20,0.50
2026-07-22 03:07:39,0.80
2026-07-22 03:08:47,0.50
2026-07-22 03:10:15,0.90
2026-07-22 03:10:25,0.50
2026-07-22 03:10:54,0.80
2026-07-22 03:12:02,0.50
2026-07-22 03:13:20,0.80
2026-07-22 03:14:09,0.70
2026-07-22 03:14:28,0.80
2026-07-22 03:16:06,0.50
2026-07-22 03:17:33,0.80
2026-07-22 03:18:52,0.50
2026-07-22 03:19:01,0.80
2026-07-22 03:21:37,0.50
2026-07-22 03:22:55,0.80
2026-07-22 03:23:34,0.50
2026-07-22 03:25:11,0.80
2026-07-22 03:26:19,0.50
2026-07-22 03:27:47,0.80
2026-07-22 03:28:36,0.40
2026-07-22 03:28:56,0.80
2026-07-22 03:30:33,0.50
2026-07-22 03:32:29,0.80
2026-07-22 03:34:27,0.40
2026-07-22 03:36:23,0.80
2026-07-22 03:37:32,0.50
2026-07-22 03:39:37,0.80
2026-07-22 03:39:58,0.40
2026-07-22 03:40:07,0.70
2026-07-22 03:41:15,0.60
2026-07-22 03:42:43,0.40
2026-07-22 03:42:52,0.80
2026-07-22 03:43:32,0.50
2026-07-22 03:44:50,0.80
2026-07-22 03:45:38,0.40
2026-07-22 03:46:56,0.80
2026-07-22 03:47:26,0.50
2026-07-22 03:48:44,0.40
2026-07-22 03:49:13,0.80
2026-07-22 03:50:01,0.50
2026-07-22 03:50:21,0.70
2026-07-22 03:51:39,0.40
2026-07-22 03:51:48,0.80
2026-07-22 03:53:56,0.50
2026-07-22 03:55:23,0.80
2026-07-22 03:57:29,0.70
2026-07-22 03:57:59,0.40
2026-07-22 03:58:37,0.70
2026-07-22 03:59:27,0.40
2026-07-22 04:00:05,0.80
2026-07-22 04:01:14,0.40
2026-07-22 04:01:43,0.70
2026-07-22 04:04:19,0.40
2026-07-22 04:05:08,0.70
2026-07-22 04:07:14,0.50
2026-07-22 04:08:23,0.40
2026-07-22 04:08:32,0.80
2026-07-22 04:10:09,0.70
2026-07-22 04:10:58,0.30
2026-07-22 04:12:05,0.70
2026-07-22 04:12:16,0.40
2026-07-22 04:13:33,0.30
2026-07-22 04:14:22,0.70
2026-07-22 04:14:42,0.40
2026-07-22 04:15:20,0.80
2026-07-22 04:16:48,0.70
2026-07-22 04:17:08,0.30
2026-07-22 04:18:16,0.40
2026-07-22 04:19:04,0.70
2026-07-22 04:20:41,0.50
2026-07-22 04:21:21,0.70
2026-07-22 04:22:28,0.30
2026-07-22 04:23:08,0.70
2026-07-22 04:24:36,0.50
2026-07-22 04:24:54,0.80
2026-07-22 04:27:02,0.30
2026-07-22 04:27:50,0.70
2026-07-22 04:28:19,0.40
2026-07-22 04:30:07,0.70
2026-07-22 04:31:05,0.30
2026-07-22 04:31:15,0.40
2026-07-22 04:31:24,0.70
2026-07-22 04:33:02,0.40
2026-07-22 04:33:12,0.70
2026-07-22 04:34:49,0.30
2026-07-22 04:34:59,0.70
2026-07-22 04:36:17,0.80
2026-07-22 04:36:26,0.40
2026-07-22 04:38:03,0.70
2026-07-22 04:38:33,0.30
2026-07-22 04:39:31,0.70
2026-07-22 04:40:59,0.30
2026-07-22 04:41:18,0.70
2026-07-22 04:41:29,0.30
2026-07-22 04:43:26,0.70
2026-07-22 04:44:23,0.40
2026-07-22 04:44:44,0.70
2026-07-22 04:45:51,0.30
2026-07-22 04:46:40,0.70
2026-07-22 04:47:19,0.30
2026-07-22 04:47:48,0.70
2026-07-22 04:48:08,0.30
2026-07-22 04:49:54,0.70
2026-07-22 04:50:34,0.40
2026-07-22 04:51:02,0.70
2026-07-22 04:51:12,0.30
2026-07-22 04:53:29,0.70
2026-07-22 04:53:40,0.30
2026-07-22 04:54:57,0.70
2026-07-22 04:56:05,0.60
2026-07-22 04:56:25,0.30
2026-07-22 04:58:41,0.40
2026-07-22 04:59:00,0.70
2026-07-22 04:59:20,0.40
2026-07-22 04:59:30,0.70
2026-07-22 05:00:58,0.40
2026-07-22 05:01:07,0.70
2026-07-22 05:02:35,0.60
2026-07-22 05:02:45,0.30
2026-07-22 05:05:01,0.70
2026-07-22 05:05:39,0.30
2026-07-22 05:06:09,0.80
2026-07-22 05:07:07,0.30
2026-07-22 05:08:16,0.70
2026-07-22 05:08:54,0.20
2026-07-22 05:09:34,0.30
2026-07-22 05:09:43,0.60
2026-07-22 05:11:30,0.30
2026-07-22 05:12:29,0.60
2026-07-22 05:13:27,0.20
2026-07-22 05:15:14,0.70
2026-07-22 05:15:44,0.20
2026-07-22 05:15:53,0.30
2026-07-22 05:17:01,0.70
2026-07-22 05:18:19,0.20
2026-07-22 05:19:57,0.60
2026-07-22 05:20:07,0.30
2026-07-22 05:20:45,0.60
2026-07-22 05:21:05,0.20
2026-07-22 05:22:32,0.60
2026-07-22 05:24:20,0.30
2026-07-22 05:24:39,0.70
2026-07-22 05:26:35,0.60
2026-07-22 05:26:56,0.30
2026-07-22 05:27:34,0.20
2026-07-22 05:28:13,0.60
2026-07-22 05:29:02,0.30
2026-07-22 05:29:50,0.60
2026-07-22 05:30:38,0.40
2026-07-22 05:30:58,0.60
2026-07-22 05:32:55,0.30
2026-07-22 05:33:43,0.60
2026-07-22 05:35:02,0.20
2026-07-22 05:35:51,0.70
2026-07-22 05:36:01,0.30
2026-07-22 05:38:26,0.60
2026-07-22 05:39:43,0.20
2026-07-22 05:40:32,0.60
2026-07-22 05:41:51,0.20
2026-07-22 05:42:49,0.60
2026-07-22 05:43:09,0.20
2026-07-22 05:45:05,0.60
2026-07-22 05:45:15,0.20
2026-07-22 05:46:51,0.70
2026-07-22 05:47:22,0.40
2026-07-22 05:48:10,0.60
2026-07-22 05:48:49,0.30
2026-07-22 05:49:47,0.60
2026-07-22 05:51:15,0.20
2026-07-22 05:51:25,0.60
2026-07-22 05:53:22,0.30
2026-07-22 05:54:01,0.20
2026-07-22 05:54:20,0.60
2026-07-22 05:56:37,0.20
2026-07-22 05:57:25,0.50
2026-07-22 05:58:34,0.20
2026-07-22 05:58:43,0.50
2026-07-22 05:59:23,0.20
2026-07-22 06:00:21,0.50
2026-07-22 06:01:49,0.10
2026-07-22 06:01:58,0.50
2026-07-22 06:03:26,0.20
2026-07-22 06:03:55,0.50
2026-07-22 06:05:23,0.10
2026-07-22 06:06:31,0.50
2026-07-22 06:07:00,0.10
2026-07-22 06:07:09,0.50
2026-07-22 06:09:07,0.20
2026-07-22 06:10:14,0.50
2026-07-22 06:10:34,0.20
2026-07-22 06:12:11,0.10
2026-07-22 06:12:41,0.50
2026-07-22 06:14:37,0.10
2026-07-22 06:15:46,0.50
2026-07-22 06:16:05,0.10
2026-07-22 06:16:54,0.50
2026-07-22 06:17:32,0.20
2026-07-22 06:19:00,0.50
2026-07-22 06:19:50,0.10
2026-07-22 06:20:47,0.40
2026-07-22 06:20:57,0.20
2026-07-22 06:22:05,0.50
2026-07-22 06:24:03,0.10
2026-07-22 06:25:21,0.50
2026-07-22 06:25:41,0.20
2026-07-22 06:26:48,0.50
2026-07-22 06:26:59,0.20
2026-07-22 06:28:36,0.40
2026-07-22 06:29:14,0.20
2026-07-22 06:30:23,0.40
2026-07-22 06:31:02,0.10
2026-07-22 06:32:19,0.50
2026-07-22 06:33:57,0.10
2026-07-22 06:35:15,0.20
2026-07-22 06:35:34,0.50
2026-07-22 06:36:43,0.10
2026-07-22 06:37:12,0.40
2026-07-22 06:38:30,0.50
2026-07-22 06:39:19,0.10
2026-07-22 06:39:58,0.40
2026-07-22 06:41:25,0.00
2026-07-22 06:42:23,0.50
2026-07-22 06:42:33,0.10
2026-07-22 06:43:22,0.50
2026-07-22 06:44:20,0.10
2026-07-22 06:45:28,0.50
2026-07-22 06:45:39,0.20
2026-07-22 06:47:45,0.50
2026-07-22 06:48:04,0.20
2026-07-22 06:49:22,0.50
2026-07-22 06:49:32,0.20
2026-07-22 06:50:11,0.10
2026-07-22 06:50:20,0.50
2026-07-22 06:51:49,0.10
2026-07-22 06:52:08,0.40
2026-07-22 06:53:26,0.50
2026-07-22 06:53:46,0.10
2026-07-22 06:55:42,0.50
2026-07-22 06:57:30,0.10
2026-07-22 06:58:27,0.40
2026-07-22 06:58:38,0.10
2026-07-22 06:59:55,0.40
2026-07-22 07:00:25,0.10
2026-07-22 07:02:03,0.40
2026-07-22 07:02:31,0.10
2026-07-22 07:03:31,0.00
2026-07-22 07:04:38,0.50
2026-07-22 07:05:46,0.10
2026-07-22 07:05:56,0.50
2026-07-22 07:06:25,0.40
2026-07-22 07:06:35,0.00
2026-07-22 07:08:22,0.40
2026-07-22 07:08:32,0.00
2026-07-22 07:09:49,0.30
2026-07-22 07:10:00,0.10
2026-07-22 07:11:46,0.40
2026-07-22 07:14:03,0.00
2026-07-22 07:15:30,0.40
2026-07-22 07:17:18,0.00
2026-07-22 07:17:57,0.50
2026-07-22 07:18:17,0.10
2026-07-22 07:19:45,0.40
2026-07-22 07:20:03,0.10
2026-07-22 07:21:41,0.40
2026-07-22 07:22:49,0.00
2026-07-22 07:24:26,0.40
2026-07-22 07:25:45,0.00
2026-07-22 07:26:23,0.30
2026-07-22 07:26:33,0.00
2026-07-22 07:28:11,0.40
2026-07-22 07:28:40,0.00
2026-07-22 07:30:27,0.40
2026-07-22 07:31:26,0.10
2026-07-22 07:32:04,0.40
2026-07-22 07:33:21,-0.10
2026-07-22 07:33:41,0.40
2026-07-22 07:34:40,0.00
2026-07-22 07:35:09,0.40
2026-07-22 07:36:08,0.10
2026-07-22 07:37:35,0.40
2026-07-22 07:37:44,0.10
2026-07-22 07:38:04,0.30
2026-07-22 07:39:22,0.00
2026-07-22 07:40:20,0.30
2026-07-22 07:41:28,0.50
2026-07-22 07:42:17,0.00
2026-07-22 07:43:16,0.40
2026-07-22 07:44:34,0.00
2026-07-22 07:45:52,0.40
2026-07-22 07:46:02,0.30
2026-07-22 07:46:21,0.00
2026-07-22 07:47:49,0.20
2026-07-22 07:49:16,0.40
2026-07-22 07:49:46,0.10
2026-07-22 07:51:23,0.00
2026-07-22 07:51:33,0.30
2026-07-22 07:52:31,-0.10
2026-07-22 07:52:50,0.30
2026-07-22 07:54:57,-0.10
2026-07-22 07:55:26,0.30
2026-07-22 07:56:16,-0.10
2026-07-22 07:57:04,0.30
2026-07-22 07:58:02,0.40
2026-07-22 07:58:31,0.00
2026-07-22 07:59:40,-0.10
2026-07-22 08:00:19,0.30
2026-07-22 08:01:17,-0.10
2026-07-22 08:01:56,0.40
2026-07-22 08:02:25,-0.10
2026-07-22 08:03:34,0.40
2026-07-22 08:04:11,-0.10
2026-07-22 08:04:32,0.30
2026-07-22 08:06:10,-0.10
2026-07-22 08:07:07,0.40
2026-07-22 08:08:16,-0.10
2026-07-22 08:08:54,0.50
2026-07-22 08:09:05,0.30
2026-07-22 08:10:13,-0.20
2026-07-22 08:11:02,0.40
2026-07-22 08:11:11,-0.30
2026-07-22 08:12:19,0.30
2026-07-22 08:13:38,-0.20
2026-07-22 08:13:57,0.30
2026-07-22 08:15:06,-0.20
2026-07-22 08:16:43,-0.30
2026-07-22 08:16:52,0.50
2026-07-22 08:17:41,-0.10
2026-07-22 08:18:00,0.30
2026-07-22 08:20:16,-0.20
2026-07-22 08:21:34,0.30
2026-07-22 08:21:44,-0.30
2026-07-22 08:22:14,0.20
2026-07-22 08:22:43,-0.20
2026-07-22 08:23:52,0.00
2026-07-22 08:24:01,0.20
2026-07-22 08:25:57,0.30
2026-07-22 08:26:17,-0.20
2026-07-22 08:27:16,-0.10
2026-07-22 08:28:04,0.30
2026-07-22 08:29:32,-0.10
2026-07-22 08:30:59,0.30
2026-07-22 08:32:21,0.00
2026-07-22 08:32:41,-0.30
2026-07-22 08:33:49,0.10
2026-07-22 08:34:19,-0.20
2026-07-22 08:36:06,0.10
2026-07-22 08:36:25,-0.50
2026-07-22 08:37:04,-0.30
2026-07-22 08:37:33,0.10
2026-07-22 08:38:51,-0.30
2026-07-22 08:40:19,0.20
2026-07-22 08:40:38,-0.30
2026-07-22 08:40:47,0.00
2026-07-22 08:42:35,-0.40
2026-07-22 08:42:45,0.20
2026-07-22 08:44:23,-0.20
2026-07-22 08:44:51,0.40
2026-07-22 08:45:20,0.30
2026-07-22 08:45:30,-0.30
2026-07-22 08:47:37,0.30
2026-07-22 08:47:47,-0.20
2026-07-22 08:49:05,0.20
2026-07-22 08:49:24,-0.20
2026-07-22 08:51:01,-0.30
2026-07-22 08:51:21,0.20
2026-07-22 08:52:58,-0.10
2026-07-22 08:53:37,-0.30
2026-07-22 08:54:46,0.40
2026-07-22 08:56:13,-0.30
2026-07-22 08:56:23,0.60
2026-07-22 08:57:31,0.70
2026-07-22 08:58:10,-0.50
2026-07-22 08:59:09,-0.30
2026-07-22 09:00:06,0.40
2026-07-22 09:00:16,-0.40
2026-07-22 09:01:15,0.20
2026-07-22 09:02:14,-0.20
2026-07-22 09:02:33,0.10
2026-07-22 09:04:00,-0.50
2026-07-22 09:04:10,0.10
2026-07-22 09:05:19,-0.10
2026-07-22 09:05:47,0.30
2026-07-22 09:08:14,-0.80
2026-07-22 09:08:43,0.70
2026-07-22 09:10:20,0.60
2026-07-22 09:10:50,-0.30
2026-07-22 09:13:05,0.20
2026-07-22 09:13:25,-0.20
2026-07-22 09:14:04,0.30
2026-07-22 09:16:20,-0.30
2026-07-22 09:16:40,0.10
2026-07-22 09:17:58,-0.20
2026-07-22 09:18:37,-0.30
2026-07-22 09:19:45,0.10
2026-07-22 09:21:22,-0.30
2026-07-22 09:21:32,0.20
2026-07-22 09:21:41,0.00
2026-07-22 09:21:51,0.10
2026-07-22 09:24:46,-0.20
2026-07-22 09:25:45,0.10
2026-07-22 09:25:54,-0.30
2026-07-22 09:26:34,-0.10
2026-07-22 09:26:44,0.00
2026-07-22 09:29:09,0.10
2026-07-22 09:29:49,-0.30
2026-07-22 09:30:07,0.10
2026-07-22 09:31:17,-0.30
2026-07-22 09:32:04,0.20
2026-07-22 09:32:24,-0.20
2026-07-22 09:33:12,0.20
2026-07-22 09:34:31,-0.20
2026-07-22 09:35:39,0.20
2026-07-22 09:35:58,-0.40
2026-07-22 09:36:27,-0.20
2026-07-22 09:36:57,0.10
2026-07-22 09:38:43,-0.30
2026-07-22 09:39:02,0.10
2026-07-22 09:40:21,-0.30
2026-07-22 09:40:30,0.10
2026-07-22 09:41:39,-0.20
2026-07-22 09:42:27,0.10
2026-07-22 09:43:26,0.00
2026-07-22 09:44:34,-0.40
2026-07-22 09:45:13,0.10
2026-07-22 09:45:53,-0.30
2026-07-22 09:46:40,0.10
2026-07-22 09:48:18,-0.20
2026-07-22 09:49:07,0.30
2026-07-22 09:49:55,-0.10
2026-07-22 09:50:15,0.10
2026-07-22 09:52:02,-0.20
2026-07-22 09:52:50,0.30
2026-07-22 09:53:20,0.10
2026-07-22 09:53:48,-0.30
2026-07-22 09:54:48,0.10
2026-07-22 09:55:26,-0.30
2026-07-22 09:56:15,-0.20
2026-07-22 09:56:44,0.20
2026-07-22 09:58:12,-0.20
2026-07-22 09:59:01,0.20
2026-07-22 10:00:08,0.30
2026-07-22 10:01:06,-0.20
2026-07-22 10:01:46,0.20
2026-07-22 10:02:06,-0.20
2026-07-22 10:03:24,0.30
2026-07-22 10:05:20,-0.70
2026-07-22 10:06:20,-0.20
2026-07-22 10:06:38,0.20
2026-07-22 10:09:04,-0.20
2026-07-22 10:09:14,0.20
2026-07-22 10:09:43,-0.20
2026-07-22 10:11:40,0.00
2026-07-22 10:11:51,0.20
2026-07-22 10:13:38,-0.10
2026-07-22 10:14:16,0.20
2026-07-22 10:15:06,-0.30
2026-07-22 10:15:15,0.20
2026-07-22 10:17:20,-0.30
2026-07-22 10:17:41,0.50
2026-07-22 10:17:51,-0.20
2026-07-22 10:18:49,0.40
2026-07-22 10:20:16,-0.40
2026-07-22 10:20:56,0.20
2026-07-22 10:21:54,0.00
2026-07-22 10:22:24,0.60
2026-07-22 10:23:12,-0.30
2026-07-22 10:23:41,0.50
2026-07-22 10:24:29,0.40
2026-07-22 10:25:38,-0.30
2026-07-22 10:27:25,0.40
2026-07-22 10:27:44,-0.30
2026-07-22 10:28:42,0.80
2026-07-22 10:29:32,-0.10
2026-07-22 10:29:42,0.20
2026-07-22 10:31:00,-0.20
2026-07-22 10:31:10,0.30
2026-07-22 10:32:37,0.10
2026-07-22 10:32:56,-0.20
2026-07-22 10:34:14,-0.10
2026-07-22 10:35:02,0.30
2026-07-22 10:36:01,-0.10
2026-07-22 10:36:30,0.30
2026-07-22 10:37:48,-0.30
2026-07-22 10:38:08,0.40
2026-07-22 10:40:34,-0.30
2026-07-22 10:40:43,0.30
2026-07-22 10:41:42,-0.10
2026-07-22 10:43:00,0.50
2026-07-22 10:43:39,-0.20
2026-07-22 10:44:08,0.40
2026-07-22 10:45:27,-0.40
2026-07-22 10:45:46,0.50
2026-07-22 10:46:25,-0.20
2026-07-22 10:48:12,-0.40
2026-07-22 10:48:42,0.60
2026-07-22 10:49:40,-0.30
2026-07-22 10:50:19,0.50
2026-07-22 10:51:27,-0.50
2026-07-22 10:51:47,0.40
2026-07-22 10:52:55,-0.10
2026-07-22 10:53:43,0.30
2026-07-22 10:54:23,-0.10
2026-07-22 10:56:19,0.30
2026-07-22 10:56:58,0.00
2026-07-22 10:57:18,0.30
2026-07-22 10:58:36,-0.20
2026-07-22 10:59:05,0.30
2026-07-22 10:59:33,-0.20
2026-07-22 11:00:43,-0.10
2026-07-22 11:01:11,0.20
2026-07-22 11:02:20,0.30
2026-07-22 11:03:09,-0.30
2026-07-22 11:04:37,-0.20
2026-07-22 11:05:14,0.30
2026-07-22 11:06:42,-0.60
2026-07-22 11:07:02,0.70
2026-07-22 11:07:12,-0.40
2026-07-22 11:07:21,0.60
2026-07-22 11:10:17,-0.20
2026-07-22 11:11:06,0.00
2026-07-22 11:11:55,0.50
2026-07-22 11:12:23,0.80
2026-07-22 11:12:52,-0.10
2026-07-22 11:13:51,0.50
2026-07-22 11:14:21,0.00
2026-07-22 11:16:37,0.50
2026-07-22 11:17:15,0.00
2026-07-22 11:18:14,0.40
2026-07-22 11:19:23,0.50
2026-07-22 11:19:51,0.00
2026-07-22 11:21:28,0.50
2026-07-22 11:21:39,-0.20
2026-07-22 11:22:18,-0.10
2026-07-22 11:22:47,0.40
2026-07-22 11:23:46,0.00
2026-07-22 11:25:04,0.50
2026-07-22 11:25:23,0.30
2026-07-22 11:25:32,0.00
2026-07-22 11:27:19,0.40
2026-07-22 11:28:37,0.00
2026-07-22 11:28:46,0.40
2026-07-22 11:29:07,0.00
2026-07-22 11:30:34,0.30
2026-07-22 11:30:44,0.10
2026-07-22 11:32:01,0.50
2026-07-22 11:32:50,0.10
2026-07-22 11:34:09,0.00
2026-07-22 11:34:27,0.40
2026-07-22 11:36:04,-0.10
2026-07-22 11:36:25,0.60
2026-07-22 11:37:04,-0.20
2026-07-22 11:38:22,0.40
2026-07-22 11:39:30,0.60
2026-07-22 11:39:40,-0.20
2026-07-22 11:40:18,-0.10
2026-07-22 11:40:28,0.60
2026-07-22 11:41:55,0.40
2026-07-22 11:42:15,0.20
2026-07-22 11:43:42,0.50
2026-07-22 11:44:22,0.10
2026-07-22 11:45:10,0.30
2026-07-22 11:45:49,0.00
2026-07-22 11:47:07,0.40
2026-07-22 11:47:26,0.00
2026-07-22 11:49:23,0.80
2026-07-22 11:49:52,0.10
2026-07-22 11:50:51,0.60
2026-07-22 11:52:08,0.50
2026-07-22 11:52:28,0.20
2026-07-22 11:53:36,0.10
2026-07-22 11:53:55,0.50
2026-07-22 11:55:14,0.20
2026-07-22 11:55:33,0.70
2026-07-22 11:56:42,-0.20
2026-07-22 11:57:11,0.60
2026-07-22 11:59:57,0.10
2026-07-22 12:01:24,0.70
2026-07-22 12:02:03,0.20
2026-07-22 12:03:50,0.50
2026-07-22 12:05:07,0.60
2026-07-22 12:05:37,0.10
2026-07-22 12:07:14,-0.10
2026-07-22 12:08:12,0.60
2026-07-22 12:08:32,0.50
2026-07-22 12:09:20,0.10
2026-07-22 12:11:08,0.00
2026-07-22 12:11:27,0.70
2026-07-22 12:11:47,0.10
2026-07-22 12:11:57,0.70
2026-07-22 12:13:15,0.60
2026-07-22 12:14:43,0.10
2026-07-22 12:15:12,0.20
2026-07-22 12:15:50,0.70
2026-07-22 12:17:18,0.20
2026-07-22 12:18:55,0.70
2026-07-22 12:19:05,0.30
2026-07-22 12:19:53,0.20
2026-07-22 12:21:02,0.60
2026-07-22 12:22:01,0.10
2026-07-22 12:22:39,0.70
2026-07-22 12:23:08,0.60
2026-07-22 12:24:07,0.10
2026-07-22 12:24:46,0.50
2026-07-22 12:25:06,0.20
2026-07-22 12:26:43,0.10
2026-07-22 12:27:41,0.70
2026-07-22 12:28:20,0.10
2026-07-22 12:29:09,0.60
2026-07-22 12:30:37,0.10
2026-07-22 12:30:47,0.60
2026-07-22 12:31:25,0.50
2026-07-22 12:31:35,0.10
2026-07-22 12:31:45,0.20
2026-07-22 12:31:54,0.70
2026-07-22 12:32:14,0.80
2026-07-22 12:32:24,0.30
2026-07-22 12:33:12,0.60
2026-07-22 12:34:01,0.10
2026-07-22 12:34:50,0.30
2026-07-22 12:35:00,0.60
2026-07-22 12:36:18,0.40
2026-07-22 12:36:27,0.70
2026-07-22 12:38:33,0.40
2026-07-22 12:40:01,0.10
2026-07-22 12:40:30,0.60
2026-07-22 12:41:47,0.50
2026-07-22 12:43:25,0.40
2026-07-22 12:44:05,0.80
2026-07-22 12:44:53,0.20
2026-07-22 12:45:03,0.60
2026-07-22 12:47:10,0.30
2026-07-22 12:48:18,0.20
2026-07-22 12:48:47,0.70
2026-07-22 12:49:36,0.30
2026-07-22 12:49:55,0.60
2026-07-22 12:51:23,0.10
2026-07-22 12:52:50,0.20
2026-07-22 12:53:38,0.50
2026-07-22 12:54:56,0.80
2026-07-22 12:55:16,0.40
2026-07-22 12:56:44,0.30
2026-07-22 12:57:23,0.90
2026-07-22 12:58:50,0.70
2026-07-22 12:59:19,0.00
2026-07-22 12:59:49,0.80
2026-07-22 13:00:47,0.30
2026-07-22 13:01:27,0.50
2026-07-22 13:02:04,-0.20
2026-07-22 13:02:53,0.60
2026-07-22 13:03:13,-0.20
2026-07-22 13:04:31,0.30
2026-07-22 13:04:41,0.50
2026-07-22 13:06:47,0.20
2026-07-22 13:06:56,0.70
2026-07-22 13:08:24,0.30
2026-07-22 13:09:33,0.00
2026-07-22 13:09:42,0.60
2026-07-22 13:11:00,0.40
2026-07-22 13:12:27,0.80
2026-07-22 13:13:07,0.30
2026-07-22 13:13:55,0.90
2026-07-22 13:15:03,0.30
2026-07-22 13:15:14,0.80
2026-07-22 13:16:03,0.70
2026-07-22 13:17:01,0.20
2026-07-22 13:17:40,0.70
2026-07-22 13:17:59,0.10
2026-07-22 13:20:45,0.70
2026-07-22 13:21:44,0.60
2026-07-22 13:22:12,0.00
2026-07-22 13:23:01,0.70
2026-07-22 13:23:31,-0.10
2026-07-22 13:25:08,0.80
2026-07-22 13:25:27,0.20
2026-07-22 13:26:06,0.80
2026-07-22 13:26:36,0.30
2026-07-22 13:28:51,0.70
2026-07-22 13:29:31,0.10
2026-07-22 13:30:39,0.70
2026-07-22 13:30:58,0.10
2026-07-22 13:31:37,0.80
2026-07-22 13:33:15,0.20
2026-07-22 13:34:04,0.80
2026-07-22 13:34:52,0.10
2026-07-22 13:36:20,0.60
2026-07-22 13:36:30,0.10
2026-07-22 13:37:27,-0.10
2026-07-22 13:37:57,0.50
2026-07-22 13:39:54,0.70
2026-07-22 13:40:23,-0.10
2026-07-22 13:41:12,0.20
2026-07-22 13:42:11,0.70
2026-07-22 13:43:48,0.00
2026-07-22 13:44:26,0.90
2026-07-22 13:44:36,0.20
2026-07-22 13:45:53,0.60
2026-07-22 13:46:33,0.10
2026-07-22 13:47:41,0.20
2026-07-22 13:47:51,0.60
2026-07-22 13:48:58,0.30
2026-07-22 13:50:17,0.70
2026-07-22 13:50:46,0.30
2026-07-22 13:51:54,0.80
2026-07-22 13:53:32,0.20
2026-07-22 13:54:21,0.80
2026-07-22 13:55:19,0.50
2026-07-22 13:55:58,0.80
2026-07-22 13:57:07,0.00
2026-07-22 13:57:16,1.00
2026-07-22 13:57:55,0.40
2026-07-22 13:59:03,0.10
2026-07-22 13:59:13,0.50
2026-07-22 14:01:09,0.00
2026-07-22 14:03:35,0.60
2026-07-22 14:03:45,0.50
2026-07-22 14:04:25,0.10
2026-07-22 14:05:33,0.30
2026-07-22 14:06:11,0.70
2026-07-22 14:08:08,0.30
2026-07-22 14:08:57,0.80
2026-07-22 14:09:56,0.40
2026-07-22 14:11:14,0.80
2026-07-22 14:11:43,0.20
2026-07-22 14:13:20,0.90
2026-07-22 14:14:38,0.70
2026-07-22 14:15:17,0.10
2026-07-22 14:15:36,0.60
2026-07-22 14:16:15,0.10
2026-07-22 14:17:23,0.60
2026-07-22 14:17:43,0.20
2026-07-22 14:19:20,0.60
2026-07-22 14:21:36,0.20
2026-07-22 14:22:06,0.60
2026-07-22 14:23:25,0.30
2026-07-22 14:24:13,0.10
2026-07-22 14:24:23,0.60
2026-07-22 14:25:50,0.80
2026-07-22 14:26:10,0.10
2026-07-22 14:27:07,0.20
2026-07-22 14:27:28,0.60
2026-07-22 14:29:43,0.00
2026-07-22 14:30:03,0.60
2026-07-22 14:30:32,0.20
2026-07-22 14:30:43,0.60
2026-07-22 14:31:50,0.70
2026-07-22 14:32:58,0.30
2026-07-22 14:34:26,0.50
2026-07-22 14:34:56,0.20
2026-07-22 14:36:24,0.90
2026-07-22 14:36:34,0.40
2026-07-22 14:37:21,0.50
2026-07-22 14:37:51,0.90
2026-07-22 14:38:59,0.60
2026-07-22 14:39:18,0.90
2026-07-22 14:40:36,0.40
2026-07-22 14:40:46,1.10
2026-07-22 14:42:14,0.70
2026-07-22 14:42:24,0.40
2026-07-22 14:43:42,0.80
2026-07-22 14:43:52,0.40
2026-07-22 14:45:29,0.30
2026-07-22 14:45:38,0.60
2026-07-22 14:47:25,0.30
2026-07-22 14:48:05,0.60
2026-07-22 14:48:23,0.40
2026-07-22 14:49:51,0.70
2026-07-22 14:50:00,0.20
2026-07-22 14:51:29,0.80
2026-07-22 14:51:48,0.70
2026-07-22 14:52:56,0.30
2026-07-22 14:53:35,0.40
2026-07-22 14:54:15,0.70
2026-07-22 14:55:03,0.40
2026-07-22 14:55:32,0.80
2026-07-22 14:57:19,0.30
2026-07-22 14:57:29,0.80
2026-07-22 14:58:46,0.30
2026-07-22 14:59:45,0.70
2026-07-22 14:59:56,0.80
2026-07-22 15:00:14,0.20
2026-07-22 15:01:42,0.80
2026-07-22 15:01:51,0.00
2026-07-22 15:03:19,0.60
2026-07-22 15:04:27,0.20
2026-07-22 15:05:36,0.80
2026-07-22 15:07:51,0.40
2026-07-22 15:08:31,1.00
2026-07-22 15:08:41,0.20
2026-07-22 15:09:49,0.80
2026-07-22 15:10:37,0.30
2026-07-22 15:12:05,0.90
2026-07-22 15:12:15,0.20
2026-07-22 15:14:02,0.90
2026-07-22 15:15:20,0.60
2026-07-22 15:16:19,0.20
2026-07-22 15:17:07,1.00
2026-07-22 15:18:35,1.30
2026-07-22 15:19:32,0.00
2026-07-22 15:20:02,0.40
2026-07-22 15:20:22,0.90
2026-07-22 15:21:59,0.20
2026-07-22 15:22:18,0.80
2026-07-22 15:23:07,0.30
2026-07-22 15:23:55,0.80
2026-07-22 15:25:33,1.00
2026-07-22 15:26:13,0.10
2026-07-22 15:26:51,-0.10
2026-07-22 15:27:31,0.60
2026-07-22 15:27:59,0.70
2026-07-22 15:28:28,0.20
2026-07-22 15:30:06,1.00
2026-07-22 15:31:14,0.10
2026-07-22 15:31:44,0.80
2026-07-22 15:33:31,0.70
2026-07-22 15:33:50,0.10
2026-07-22 15:35:47,0.80
2026-07-22 15:35:57,0.20
2026-07-22 15:37:34,0.80
2026-07-22 15:38:42,0.10
2026-07-22 15:39:02,0.70
2026-07-22 15:39:50,0.30
2026-07-22 15:40:30,0.80
2026-07-22 15:41:18,0.60
2026-07-22 15:41:37,0.10
2026-07-22 15:42:45,0.00
2026-07-22 15:42:55,0.50
2026-07-22 15:45:02,0.30
2026-07-22 15:46:00,0.80
2026-07-22 15:46:30,0.60
2026-07-22 15:46:49,0.00
2026-07-22 15:47:58,0.60
2026-07-22 15:48:36,0.20
2026-07-22 15:49:45,0.60
2026-07-22 15:50:43,0.10
2026-07-22 15:52:10,0.60
2026-07-22 15:52:30,0.00
2026-07-22 15:53:08,0.10
2026-07-22 15:53:28,0.50
2026-07-22 15:55:55,0.10
2026-07-22 15:56:24,0.20
2026-07-22 15:56:54,0.60
2026-07-22 15:58:59,0.10
2026-07-22 15:59:09,0.40
2026-07-22 15:59:19,0.60
2026-07-22 15:59:39,0.30
2026-07-22 16:01:06,0.00
2026-07-22 16:01:25,0.60
2026-07-22 16:02:53,0.50
2026-07-22 16:03:42,0.00
2026-07-22 16:04:12,0.20
2026-07-22 16:05:49,0.60
2026-07-22 16:05:58,0.20
2026-07-22 16:06:47,0.70
2026-07-22 16:08:35,0.10
2026-07-22 16:09:32,0.00
2026-07-22 16:09:53,0.60
2026-07-22 16:11:30,0.00
2026-07-22 16:12:47,0.30
2026-07-22 16:13:56,0.80
2026-07-22 16:14:15,0.70
2026-07-22 16:14:54,0.20
2026-07-22 16:15:53,0.30
2026-07-22 16:16:21,0.80
2026-07-22 16:18:48,0.10
2026-07-22 16:19:07,0.30
2026-07-22 16:19:36,0.60
2026-07-22 16:20:44,0.80
2026-07-22 16:22:03,0.10
2026-07-22 16:23:01,0.50
2026-07-22 16:24:19,0.60
2026-07-22 16:25:08,0.10
2026-07-22 16:26:16,0.80
2026-07-22 16:27:14,0.00
2026-07-22 16:27:24,0.50
2026-07-22 16:27:34,0.10
2026-07-22 16:29:30,0.60
2026-07-22 16:30:10,0.00
2026-07-22 16:30:49,0.20
2026-07-22 16:31:07,0.70
2026-07-22 16:33:15,0.60
2026-07-22 16:33:25,0.10
2026-07-22 16:34:03,0.00
2026-07-22 16:34:13,0.50
2026-07-22 16:36:20,0.60
2026-07-22 16:37:08,0.20
2026-07-22 16:37:18,0.40
2026-07-22 16:38:16,0.00
2026-07-22 16:39:15,0.10
2026-07-22 16:40:23,0.50
2026-07-22 16:41:02,0.10
2026-07-22 16:42:00,0.50
2026-07-22 16:42:11,0.60
2026-07-22 16:42:39,0.00
2026-07-22 16:44:07,0.50
2026-07-22 16:45:15,0.10
2026-07-22 16:46:14,0.50
2026-07-22 16:47:52,0.10
2026-07-22 16:48:11,0.60
2026-07-22 16:48:49,0.00
2026-07-22 16:50:07,0.40
2026-07-22 16:51:07,0.20
2026-07-22 16:53:12,0.10
2026-07-22 16:53:33,0.50
2026-07-22 16:54:21,0.10
2026-07-22 16:55:10,0.50
2026-07-22 16:56:18,-0.10
2026-07-22 16:56:57,0.50
2026-07-22 16:57:15,0.10
2026-07-22 16:57:45,0.50
2026-07-22 16:58:44,0.00
2026-07-22 16:59:23,0.40
2026-07-22 17:00:51,0.50
2026-07-22 17:01:01,-0.10
2026-07-22 17:02:28,0.20
2026-07-22 17:03:06,0.60
2026-07-22 17:03:45,0.00
2026-07-22 17:04:15,0.50
2026-07-22 17:06:11,0.10
2026-07-22 17:06:51,0.70
2026-07-22 17:07:39,-0.20
2026-07-22 17:08:19,0.70
2026-07-22 17:09:56,0.50
2026-07-22 17:10:06,-0.20
2026-07-22 17:10:15,1.10
2026-07-22 17:10:24,0.00
2026-07-22 17:11:52,0.60
2026-07-22 17:12:12,0.00
2026-07-22 17:13:50,0.50
2026-07-22 17:14:09,0.20
2026-07-22 17:15:16,0.50
2026-07-22 17:15:47,0.10
2026-07-22 17:17:42,0.50
2026-07-22 17:18:42,0.40
2026-07-22 17:19:19,0.00
2026-07-22 17:20:38,0.20
2026-07-22 17:21:07,0.50
2026-07-22 17:21:46,0.40
2026-07-22 17:22:15,0.10
2026-07-22 17:23:34,0.30
2026-07-22 17:24:23,0.00
2026-07-22 17:25:11,0.40
2026-07-22 17:25:40,0.00
2026-07-22 17:27:27,0.40
2026-07-22 17:29:15,0.10
2026-07-22 17:29:43,0.30
2026-07-22 17:30:03,0.10
2026-07-22 17:30:32,0.40
2026-07-22 17:32:00,0.50
2026-07-22 17:32:09,0.10
2026-07-22 17:33:37,0.50
2026-07-22 17:35:24,0.10
2026-07-22 17:37:01,0.50
2026-07-22 17:37:11,0.00
2026-07-22 17:38:29,0.50
2026-07-22 17:39:09,0.10
2026-07-22 17:41:05,0.50
2026-07-22 17:41:34,0.60
2026-07-22 17:41:54,0.10
2026-07-22 17:43:12,0.40
2026-07-22 17:43:51,0.10
2026-07-22 17:44:59,0.20
2026-07-22 17:45:57,0.50
2026-07-22 17:47:25,0.10
2026-07-22 17:48:04,0.50
2026-07-22 17:48:23,0.40
2026-07-22 17:48:53,0.10
2026-07-22 17:50:30,0.40
2026-07-22 17:50:50,0.00
2026-07-22 17:52:27,0.40
2026-07-22 17:53:15,0.50
2026-07-22 17:53:45,0.00
2026-07-22 17:55:22,0.40
2026-07-22 17:55:41,0.10
2026-07-22 17:57:28,0.40
2026-07-22 17:57:38,0.10
2026-07-22 17:58:08,0.40
2026-07-22 17:58:56,0.00
2026-07-22 17:59:45,0.40
2026-07-22 18:00:04,0.10
2026-07-22 18:01:22,0.40
2026-07-22 18:01:31,-0.10
2026-07-22 18:03:29,0.00
2026-07-22 18:03:38,0.40
2026-07-22 18:05:54,0.00
2026-07-22 18:06:34,0.20
2026-07-22 18:07:22,0.40
2026-07-22 18:08:12,0.00
2026-07-22 18:09:58,0.40
2026-07-22 18:10:56,0.00
2026-07-22 18:11:16,0.10
2026-07-22 18:12:24,0.40
2026-07-22 18:13:22,0.10
2026-07-22 18:14:30,0.30
2026-07-22 18:15:00,0.40
2026-07-22 18:15:58,0.00
2026-07-22 18:17:26,0.40
2026-07-22 18:17:35,0.10
2026-07-22 18:17:55,0.40
2026-07-22 18:18:05,0.00
2026-07-22 18:20:31,0.40
2026-07-22 18:20:50,0.00
2026-07-22 18:21:10,0.40
2026-07-22 18:21:20,0.00
2026-07-22 18:22:48,0.40
2026-07-22 18:22:58,0.00
2026-07-22 18:24:35,0.30
2026-07-22 18:25:43,0.10
2026-07-22 18:27:21,0.00
2026-07-22 18:27:30,0.50
2026-07-22 18:27:50,0.10
2026-07-22 18:27:59,0.50
2026-07-22 18:29:56,-0.10
2026-07-22 18:30:07,0.40
2026-07-22 18:31:04,0.00
2026-07-22 18:31:24,0.40
2026-07-22 18:33:02,0.00
2026-07-22 18:33:49,0.40
2026-07-22 18:34:58,0.00
2026-07-22 18:35:27,0.30
2026-07-22 18:37:35,-0.10
2026-07-22 18:37:44,0.50
2026-07-22 18:37:53,-0.10
2026-07-22 18:39:51,0.50
2026-07-22 18:41:28,0.40
2026-07-22 18:41:58,0.00
2026-07-22 18:43:06,0.40
2026-07-22 18:43:26,-0.10
2026-07-22 18:44:33,0.30
2026-07-22 18:45:51,-0.10
2026-07-22 18:46:10,-0.20
2026-07-22 18:46:31,0.30
2026-07-22 18:48:36,-0.10
2026-07-22 18:49:25,0.30
2026-07-22 18:52:12,0.00
2026-07-22 18:53:29,-0.10
2026-07-22 18:53:58,0.30
2026-07-22 18:54:27,-0.10
2026-07-22 18:56:24,0.30
2026-07-22 18:57:52,0.20
2026-07-22 18:58:21,-0.10
2026-07-22 18:59:30,0.20
2026-07-22 19:00:47,-0.10
2026-07-22 19:02:05,0.30
2026-07-22 19:02:44,-0.10
2026-07-22 19:03:33,0.20
2026-07-22 19:04:12,0.00
2026-07-22 19:05:39,0.40
2026-07-22 19:05:59,0.30
2026-07-22 19:07:07,-0.10
2026-07-22 19:08:53,0.30
2026-07-22 19:09:04,0.00
2026-07-22 19:09:53,0.20
2026-07-22 19:10:51,-0.20
2026-07-22 19:11:20,0.20
2026-07-22 19:12:19,0.30
2026-07-22 19:12:29,0.10
2026-07-22 19:14:25,0.30
2026-07-22 19:15:14,-0.10
2026-07-22 19:16:12,0.30
2026-07-22 19:16:42,-0.10
2026-07-22 19:17:21,0.30
2026-07-22 19:18:49,-0.20
2026-07-22 19:19:17,0.20
2026-07-22 19:19:38,0.00
2026-07-22 19:20:35,-0.10
2026-07-22 19:20:45,0.30
2026-07-22 19:22:42,-0.20
2026-07-22 19:22:53,0.30
2026-07-22 19:24:00,-0.20
2026-07-22 19:24:30,0.20
2026-07-22 19:25:57,-0.10
2026-07-22 19:26:35,0.20
2026-07-22 19:28:13,-0.20
2026-07-22 19:29:02,-0.10
2026-07-22 19:29:31,0.20
2026-07-22 19:30:39,0.00
2026-07-22 19:30:59,0.20
2026-07-22 19:32:37,-0.10
2026-07-22 19:33:06,0.20
2026-07-22 19:34:52,-0.10
2026-07-22 19:35:32,0.20
2026-07-22 19:36:01,-0.10
2026-07-22 19:37:09,0.20
2026-07-22 19:37:39,-0.10
2026-07-22 19:39:16,0.20
2026-07-22 19:41:42,-0.20
2026-07-22 19:41:52,0.20
2026-07-22 19:43:29,-0.20
2026-07-22 19:44:08,0.30
2026-07-22 19:45:06,-0.20
2026-07-22 19:45:36,0.20
2026-07-22 19:46:44,-0.10
2026-07-22 19:47:13,0.20
2026-07-22 19:47:33,-0.10
2026-07-22 19:49:29,-0.30
2026-07-22 19:49:39,0.30
2026-07-22 19:50:38,0.20
2026-07-22 19:50:47,-0.10
2026-07-22 19:52:54,0.20
2026-07-22 19:53:53,0.30
2026-07-22 19:54:11,-0.10
2026-07-22 19:55:39,-0.20
2026-07-22 19:56:09,0.30
2026-07-22 19:57:27,0.20
2026-07-22 19:58:15,-0.20
2026-07-22 19:58:35,0.20
2026-07-22 19:59:34,-0.10
2026-07-22 20:00:51,0.20
2026-07-22 20:01:11,-0.20
2026-07-22 20:02:48,0.20
2026-07-22 20:03:27,-0.20
2026-07-22 20:03:37,0.30
2026-07-22 20:05:24,-0.20
2026-07-22 20:06:12,0.30
2026-07-22 20:07:31,-0.10
2026-07-22 20:07:40,0.20
2026-07-22 20:09:18,-0.20
2026-07-22 20:10:06,0.10
2026-07-22 20:11:05,-0.20
2026-07-22 20:11:53,0.20
2026-07-22 20:12:13,-0.10
2026-07-22 20:13:31,-0.20
2026-07-22 20:13:40,0.20
2026-07-22 20:15:28,-0.30
2026-07-22 20:15:38,0.30
2026-07-22 20:16:55,-0.20
2026-07-22 20:17:34,0.10
2026-07-22 20:18:33,0.20
2026-07-22 20:18:42,-0.10
2026-07-22 20:20:19,0.20
2026-07-22 20:21:28,-0.30
2026-07-22 20:21:38,-0.10
2026-07-22 20:22:46,0.20
2026-07-22 20:24:04,-0.10
2026-07-22 20:24:43,0.30
2026-07-22 20:25:12,-0.20
2026-07-22 20:25:51,0.20
2026-07-22 20:27:00,0.30
2026-07-22 20:27:19,-0.20
2026-07-22 20:29:15,-0.30
2026-07-22 20:29:25,0.40
2026-07-22 20:29:55,-0.20
2026-07-22 20:30:14,0.20
2026-07-22 20:31:41,-0.40
2026-07-22 20:32:20,0.30
2026-07-22 20:33:09,0.40
2026-07-22 20:33:19,-0.20
2026-07-22 20:35:06,-0.10
2026-07-22 20:36:14,0.20
2026-07-22 20:36:54,-0.30
2026-07-22 20:37:23,0.20
2026-07-22 20:39:00,-0.10
2026-07-22 20:39:10,0.30
2026-07-22 20:40:18,0.20
2026-07-22 20:41:06,-0.40
2026-07-22 20:41:26,-0.30
2026-07-22 20:41:55,0.20
2026-07-22 20:43:14,-0.20
2026-07-22 20:43:42,0.50
2026-07-22 20:45:39,0.20
2026-07-22 20:45:49,-0.10
2026-07-22 20:46:28,-0.30
2026-07-22 20:46:37,0.20
2026-07-22 20:48:05,-0.30
2026-07-22 20:49:04,0.20
2026-07-22 20:49:42,-0.20
2026-07-22 20:50:32,0.20
2026-07-22 20:52:19,-0.20
2026-07-22 20:54:15,0.30
2026-07-22 20:55:13,0.10
2026-07-22 20:55:23,-0.20
2026-07-22 20:56:41,-0.10
2026-07-22 20:56:50,0.30
2026-07-22 20:58:38,0.20
2026-07-22 20:59:07,-0.30
2026-07-22 20:59:37,-0.10
2026-07-22 20:59:55,0.30
2026-07-22 21:01:23,-0.30
2026-07-22 21:02:41,0.30
2026-07-22 21:03:00,-0.20
2026-07-22 21:03:20,0.30
2026-07-22 21:04:47,-0.20
2026-07-22 21:05:17,0.50
2026-07-22 21:06:54,-0.10
2026-07-22 21:07:33,0.40
2026-07-22 21:07:53,-0.20
2026-07-22 21:08:41,0.40
2026-07-22 21:09:40,-0.10
2026-07-22 21:10:09,0.20
2026-07-22 21:11:26,0.30
2026-07-22 21:11:36,0.00
2026-07-22 21:13:04,0.20
2026-07-22 21:13:34,-0.30
2026-07-22 21:14:32,-0.20
2026-07-22 21:15:31,0.20
2026-07-22 21:17:18,-0.20
2026-07-22 21:18:17,0.40
2026-07-22 21:19:05,-0.30
2026-07-22 21:20:33,-0.10
2026-07-22 21:20:52,0.40
2026-07-22 21:21:02,0.20
2026-07-22 21:22:00,-0.10
2026-07-22 21:22:49,-0.20
2026-07-22 21:23:08,0.20
2026-07-22 21:24:36,-0.10
2026-07-22 21:24:46,0.10
2026-07-22 21:26:03,0.20
2026-07-22 21:26:33,-0.20
2026-07-22 21:28:20,0.30
2026-07-22 21:28:59,-0.30
2026-07-22 21:30:17,-0.60
2026-07-22 21:30:27,0.30
2026-07-22 21:30:55,0.00
2026-07-22 21:31:54,-0.20
2026-07-22 21:32:33,0.30
2026-07-22 21:34:11,-0.20
2026-07-22 21:34:40,0.20
2026-07-22 21:34:59,-0.10
2026-07-22 21:36:17,0.10
2026-07-22 21:37:35,0.20
2026-07-22 21:37:45,-0.20
2026-07-22 21:39:41,0.20
2026-07-22 21:39:51,-0.30
2026-07-22 21:41:09,0.20
2026-07-22 21:41:19,-0.10
2026-07-22 21:43:06,0.30
2026-07-22 21:43:35,-0.20
2026-07-22 21:44:15,-0.10
2026-07-22 21:44:24,0.10
2026-07-22 21:46:12,-0.20
2026-07-22 21:46:50,0.20
2026-07-22 21:47:58,0.30
2026-07-22 21:48:47,-0.20
2026-07-22 21:49:07,0.20
2026-07-22 21:49:46,-0.30
2026-07-22 21:50:44,0.30
2026-07-22 21:51:03,-0.10
2026-07-22 21:52:30,0.20
2026-07-22 21:53:01,-0.10
2026-07-22 21:54:57,0.30
2026-07-22 21:55:16,-0.10
2026-07-22 21:56:05,0.30
2026-07-22 21:57:13,-0.20
2026-07-22 21:57:33,0.30
2026-07-22 21:58:51,-0.10
2026-07-22 21:59:01,0.20
2026-07-22 21:59:30,-0.10
2026-07-22 22:01:17,-0.30
2026-07-22 22:02:06,0.30
2026-07-22 22:02:16,-0.10
2026-07-22 22:03:04,0.30
2026-07-22 22:04:12,-0.10
2026-07-22 22:04:32,0.20
2026-07-22 22:05:49,-0.10
2026-07-22 22:07:56,0.20
2026-07-22 22:09:43,-0.20
2026-07-22 22:10:02,0.30
2026-07-22 22:10:41,0.00
2026-07-22 22:10:52,0.20
2026-07-22 22:12:48,-0.20
2026-07-22 22:13:17,0.20
2026-07-22 22:14:15,0.10
2026-07-22 22:14:35,0.20
2026-07-22 22:15:53,-0.10
2026-07-22 22:16:02,0.20
2026-07-22 22:18:29,-0.10
2026-07-22 22:18:47,0.20
2026-07-22 22:19:37,-0.30
2026-07-22 22:20:25,-0.10
2026-07-22 22:20:35,0.30
2026-07-22 22:22:51,-0.20
2026-07-22 22:23:30,0.20
2026-07-22 22:25:08,-0.20
2026-07-22 22:25:47,0.20
2026-07-22 22:26:06,-0.20
2026-07-22 22:27:24,0.20
2026-07-22 22:27:43,-0.10
2026-07-22 22:30:00,0.20
2026-07-22 22:30:29,-0.10
2026-07-22 22:31:28,0.30
2026-07-22 22:32:06,0.20
2026-07-22 22:32:25,-0.10
2026-07-22 22:33:54,0.00
2026-07-22 22:34:13,0.20
2026-07-22 22:36:10,-0.20
2026-07-22 22:38:06,0.30
2026-07-22 22:38:46,-0.10
2026-07-22 22:39:24,0.20
2026-07-22 22:40:13,0.00
2026-07-22 22:41:41,0.30
2026-07-22 22:42:09,0.00
2026-07-22 22:42:39,0.20
2026-07-22 22:43:47,-0.10
2026-07-22 22:45:24,-0.20
2026-07-22 22:45:45,0.20
2026-07-22 22:47:11,-0.10
2026-07-22 22:47:41,0.20
2026-07-22 22:49:09,-0.10
2026-07-22 22:50:17,0.20
2026-07-22 22:50:55,-0.10
2026-07-22 22:51:54,0.20
2026-07-22 22:53:51,-0.20
2026-07-22 22:55:38,0.30
2026-07-22 22:56:27,-0.10
2026-07-22 22:57:35,0.30
2026-07-22 22:57:45,-0.10
2026-07-22 22:59:41,0.30
2026-07-22 22:59:51,-0.10
2026-07-22 23:00:11,0.00
2026-07-22 23:00:40,0.30
2026-07-22 23:01:59,0.20
2026-07-22 23:02:36,-0.20
2026-07-22 23:03:26,0.00
2026-07-22 23:03:55,0.20
2026-07-22 23:05:22,-0.10
2026-07-22 23:06:31,0.20
2026-07-22 23:06:51,-0.10
2026-07-22 23:07:19,0.20
2026-07-22 23:08:17,-0.10
2026-07-22 23:08:47,0.20
2026-07-22 23:09:55,-0.30
2026-07-22 23:10:25,0.30
2026-07-22 23:11:33,0.00
2026-07-22 23:12:22,0.30
2026-07-22 23:13:40,-0.10
2026-07-22 23:13:59,0.30
2026-07-22 23:15:17,0.20
2026-07-22 23:15:26,-0.10
2026-07-22 23:16:35,0.20
2026-07-22 23:16:45,-0.20
2026-07-22 23:18:22,0.20
2026-07-22 23:19:30,-0.20
2026-07-22 23:20:28,-0.10
2026-07-22 23:20:58,0.30
2026-07-22 23:21:36,-0.10
2026-07-22 23:21:46,0.20
2026-07-22 23:24:03,0.40
2026-07-22 23:24:12,-0.10
2026-07-22 23:24:51,-0.20
2026-07-22 23:25:11,0.30
2026-07-22 23:26:39,0.20
2026-07-22 23:27:17,0.00
2026-07-22 23:29:04,-0.20
2026-07-22 23:29:24,0.40
2026-07-22 23:29:44,0.30
2026-07-22 23:31:12,-0.20
2026-07-22 23:31:22,0.00
2026-07-22 23:32:39,0.30
2026-07-22 23:33:08,0.20
2026-07-22 23:33:47,-0.20
2026-07-22 23:34:45,0.20
2026-07-22 23:35:05,-0.10
2026-07-22 23:36:23,-0.20
2026-07-22 23:36:42,0.30
2026-07-22 23:38:10,0.00
2026-07-22 23:38:30,0.30
2026-07-22 23:39:57,0.20
2026-07-22 23:40:17,-0.10
2026-07-22 23:41:15,0.00
2026-07-22 23:41:25,0.30
2026-07-22 23:43:51,-0.10
2026-07-22 23:44:49,0.20
2026-07-22 23:46:56,0.30
2026-07-22 23:47:26,-0.10
2026-07-22 23:48:53,0.20
2026-07-22 23:49:12,-0.10
2026-07-22 23:49:41,0.20
2026-07-22 23:51:09,0.30
2026-07-22 23:51:29,-0.10
2026-07-22 23:53:55,0.30
2026-07-22 23:54:05,-0.20
2026-07-22 23:54:34,0.30
2026-07-22 23:54:44,0.00
2026-07-22 23:56:31,0.30
2026-07-22 23:56:59,-0.10
2026-07-22 23:58:47,0.30
2026-07-23 00:00:34,-0.10
2026-07-23 00:02:02,0.30
2026-07-23 00:02:11,-0.10
2026-07-23 00:02:50,0.40
2026-07-23 00:03:39,-0.10
2026-07-23 00:05:06,0.30
2026-07-23 00:06:15,0.20
2026-07-23 00:07:32,-0.10
2026-07-23 00:09:10,0.30
2026-07-23 00:10:08,-0.10
2026-07-23 00:10:28,0.30
2026-07-23 00:11:16,-0.10
2026-07-23 00:12:34,0.30
2026-07-23 00:12:44,0.00
2026-07-23 00:12:53,0.30
2026-07-23 00:15:20,0.00
2026-07-23 00:16:09,0.20
2026-07-23 00:16:28,-0.20
2026-07-23 00:17:46,0.20
2026-07-23 00:18:16,0.00
2026-07-23 00:19:14,0.20
2026-07-23 00:19:52,-0.20
2026-07-23 00:20:51,-0.10
2026-07-23 00:21:10,0.20
2026-07-23 00:22:47,-0.10
2026-07-23 00:23:07,0.20
2026-07-23 00:25:24,-0.10
2026-07-23 00:25:34,0.20
2026-07-23 00:26:42,-0.10
2026-07-23 00:27:30,0.30
2026-07-23 00:27:40,-0.10
2026-07-23 00:29:07,0.20
2026-07-23 00:29:38,-0.10
2026-07-23 00:31:53,0.30
2026-07-23 00:32:32,-0.10
2026-07-23 00:34:00,0.20
2026-07-23 00:34:38,-0.10
2026-07-23 00:35:56,0.20
2026-07-23 00:36:35,-0.10
2026-07-23 00:37:33,0.20
2026-07-23 00:39:11,-0.10
2026-07-23 00:40:10,0.30
2026-07-23 00:40:39,0.20
2026-07-23 00:40:59,-0.10
2026-07-23 00:42:26,0.20
2026-07-23 00:43:34,-0.20
2026-07-23 00:44:14,0.20
2026-07-23 00:45:31,-0.10
2026-07-23 00:46:10,0.20
2026-07-23 00:46:19,-0.20
2026-07-23 00:47:18,-0.10
2026-07-23 00:47:28,0.20
2026-07-23 00:49:06,-0.10
2026-07-23 00:50:24,0.20
2026-07-23 00:50:53,0.00
2026-07-23 00:51:22,0.30
2026-07-23 00:53:10,-0.20
2026-07-23 00:53:38,0.30
2026-07-23 00:53:58,0.20
2026-07-23 00:55:06,-0.20
2026-07-23 00:55:36,0.20
2026-07-23 00:55:55,-0.10
2026-07-23 00:57:23,0.20
2026-07-23 00:59:58,-0.20
2026-07-23 01:00:38,-0.10
2026-07-23 01:01:26,0.20
2026-07-23 01:03:23,-0.10
2026-07-23 01:03:43,0.30
2026-07-23 01:05:10,-0.10
2026-07-23 01:05:39,0.20
2026-07-23 01:07:27,0.10
2026-07-23 01:08:15,-0.20
2026-07-23 01:09:33,0.20
2026-07-23 01:10:22,-0.10
2026-07-23 01:11:01,0.20
2026-07-23 01:12:09,-0.10
2026-07-23 01:12:19,0.20
2026-07-23 01:14:35,-0.10
2026-07-23 01:16:03,0.20
2026-07-23 01:16:23,-0.10
2026-07-23 01:17:50,0.30
2026-07-23 01:18:19,-0.10
2026-07-23 01:19:27,0.30
2026-07-23 01:20:16,0.20
2026-07-23 01:20:35,-0.10
2026-07-23 01:22:32,0.30
2026-07-23 01:23:21,-0.10
2026-07-23 01:24:10,0.10
2026-07-23 01:24:39,-0.10
2026-07-23 01:26:16,0.30
2026-07-23 01:26:55,-0.10
2026-07-23 01:27:34,0.20
2026-07-23 01:28:32,0.00
2026-07-23 01:28:42,0.20
2026-07-23 01:31:08,0.30
2026-07-23 01:31:37,0.00
2026-07-23 01:31:56,-0.10
2026-07-23 01:32:45,0.20
2026-07-23 01:33:34,0.40
2026-07-23 01:33:45,-0.20
2026-07-23 01:35:11,-0.10
2026-07-23 01:35:22,0.30
2026-07-23 01:36:59,0.20
2026-07-23 01:37:09,-0.20
2026-07-23 01:38:26,0.20
2026-07-23 01:38:46,-0.10
2026-07-23 01:40:23,-0.20
2026-07-23 01:41:31,0.20
2026-07-23 01:43:18,-0.10
2026-07-23 01:43:48,0.20
2026-07-23 01:44:56,-0.10
2026-07-23 01:46:04,0.30
2026-07-23 01:47:03,0.20
2026-07-23 01:47:51,-0.10
2026-07-23 01:48:31,0.30
2026-07-23 01:48:40,-0.10
2026-07-23 01:50:36,0.30
2026-07-23 01:50:57,-0.10
2026-07-23 01:52:14,0.10
2026-07-23 01:52:35,-0.20
2026-07-23 01:53:23,-0.10
2026-07-23 01:53:42,0.20
2026-07-23 01:55:59,-0.20
2026-07-23 01:56:37,0.20
2026-07-23 01:56:47,-0.10
2026-07-23 01:58:44,0.20
2026-07-23 02:00:32,-0.40
2026-07-23 02:01:30,-0.10
2026-07-23 02:01:49,0.20
2026-07-23 02:03:45,-0.10
2026-07-23 02:05:03,0.20
2026-07-23 02:06:22,-0.20
2026-07-23 02:06:31,-0.10
2026-07-23 02:07:10,0.20
2026-07-23 02:08:18,-0.10
2026-07-23 02:09:16,0.20
2026-07-23 02:10:53,-0.20
2026-07-23 02:12:41,0.30
2026-07-23 02:13:00,-0.20
2026-07-23 02:13:20,0.20
2026-07-23 02:13:49,-0.10
2026-07-23 02:15:07,0.30
2026-07-23 02:16:25,0.20
2026-07-23 02:17:53,-0.20
2026-07-23 02:18:11,-0.10
2026-07-23 02:18:31,0.20
2026-07-23 02:19:48,-0.20
2026-07-23 02:20:28,0.20
2026-07-23 02:21:36,-0.10
2026-07-23 02:21:46,0.20
2026-07-23 02:23:34,-0.10
2026-07-23 02:24:12,0.20
2026-07-23 02:25:02,-0.10
2026-07-23 02:26:19,0.30
2026-07-23 02:26:39,-0.10
2026-07-23 02:27:56,-0.20
2026-07-23 02:28:06,0.10
2026-07-23 02:29:33,0.20
2026-07-23 02:29:44,-0.10
2026-07-23 02:32:39,0.30
2026-07-23 02:33:28,-0.20
2026-07-23 02:33:57,0.20
2026-07-23 02:35:25,-0.30
2026-07-23 02:36:33,0.30
2026-07-23 02:36:42,0.10
2026-07-23 02:38:19,-0.20
2026-07-23 02:38:29,0.50
2026-07-23 02:40:06,0.00
2026-07-23 02:40:55,0.40
2026-07-23 02:41:15,0.20
2026-07-23 02:42:03,-0.20
2026-07-23 02:43:31,0.30
2026-07-23 02:44:00,-0.40
2026-07-23 02:45:09,0.30
2026-07-23 02:45:28,0.00
2026-07-23 02:46:26,-0.10
2026-07-23 02:47:34,0.50
2026-07-23 02:48:03,0.20
2026-07-23 02:48:33,-0.30
2026-07-23 02:50:01,0.50
2026-07-23 02:50:39,-0.30
2026-07-23 02:51:18,0.10
2026-07-23 02:52:16,-0.70
2026-07-23 02:52:56,0.40
2026-07-23 02:53:54,-0.30
2026-07-23 02:54:23,0.20
2026-07-23 02:55:31,-0.10
2026-07-23 02:56:59,-0.30
2026-07-23 02:57:09,0.30
2026-07-23 02:58:07,-0.10
2026-07-23 02:58:17,0.20
2026-07-23 03:00:43,-0.30
2026-07-23 03:01:12,0.10
2026-07-23 03:01:23,-0.20
2026-07-23 03:02:40,0.20
2026-07-23 03:02:50,-0.10
2026-07-23 03:05:06,-0.20
2026-07-23 03:05:26,0.30
2026-07-23 03:05:55,0.20
2026-07-23 03:06:34,-0.10
2026-07-23 03:07:32,0.20
2026-07-23 03:08:51,-0.20
2026-07-23 03:09:58,0.30
2026-07-23 03:11:06,0.20
2026-07-23 03:11:26,-0.10
2026-07-23 03:13:13,-0.30
2026-07-23 03:13:42,0.10
2026-07-23 03:14:11,0.20
2026-07-23 03:14:50,-0.20
2026-07-23 03:16:18,-0.40
2026-07-23 03:16:27,0.20
2026-07-23 03:18:25,-0.20
2026-07-23 03:19:33,0.30
2026-07-23 03:19:52,-0.10
2026-07-23 03:20:51,0.20
2026-07-23 03:21:50,-0.20
2026-07-23 03:22:57,0.10
2026-07-23 03:23:07,-0.20
2026-07-23 03:24:25,0.10
2026-07-23 03:24:55,-0.30
2026-07-23 03:26:03,0.10
2026-07-23 03:26:32,-0.30
2026-07-23 03:27:40,0.30
2026-07-23 03:28:58,0.20
2026-07-23 03:29:08,-0.30
2026-07-23 03:31:13,-0.10
2026-07-23 03:32:13,0.30
2026-07-23 03:32:22,0.10
2026-07-23 03:32:41,-0.40
2026-07-23 03:34:09,0.20
2026-07-23 03:34:28,-0.20
2026-07-23 03:36:36,-0.10
2026-07-23 03:36:45,0.20
2026-07-23 03:37:14,0.10
2026-07-23 03:37:34,-0.20
2026-07-23 03:39:21,-0.30
2026-07-23 03:39:31,0.20
2026-07-23 03:41:27,-0.20
2026-07-23 03:41:36,0.30
2026-07-23 03:42:46,-0.30
2026-07-23 03:43:14,0.30
2026-07-23 03:43:54,0.10
2026-07-23 03:44:13,-0.40
2026-07-23 03:46:10,-0.30
2026-07-23 03:46:29,0.30
2026-07-23 03:47:17,-0.20
2026-07-23 03:47:37,0.10
2026-07-23 03:49:14,-0.20
2026-07-23 03:49:34,0.20
2026-07-23 03:50:42,0.00
2026-07-23 03:51:50,0.30
2026-07-23 03:52:30,0.10
2026-07-23 03:53:37,-0.20
2026-07-23 03:53:47,0.10
2026-07-23 03:53:57,-0.20
2026-07-23 03:55:25,0.20
2026-07-23 03:56:52,-0.40
2026-07-23 03:57:02,0.10
2026-07-23 03:58:30,-0.40
2026-07-23 03:58:39,-0.20
2026-07-23 04:00:07,0.10
2026-07-23 04:00:36,-0.50
2026-07-23 04:01:15,0.10
2026-07-23 04:03:03,-0.40
2026-07-23 04:03:21,0.20
2026-07-23 04:03:40,-0.30
2026-07-23 04:04:30,0.30
2026-07-23 04:05:18,0.10
2026-07-23 04:06:26,-0.50
2026-07-23 04:07:06,0.10
2026-07-23 04:07:44,-0.20
2026-07-23 04:08:44,0.00
2026-07-23 04:09:21,-0.40
2026-07-23 04:10:21,0.20
2026-07-23 04:11:48,-0.40
2026-07-23 04:12:27,0.20
2026-07-23 04:13:25,-0.40
2026-07-23 04:14:04,-0.20
2026-07-23 04:14:25,0.10
2026-07-23 04:15:13,-0.30
2026-07-23 04:15:42,0.00
2026-07-23 04:17:29,-0.20
2026-07-23 04:18:28,0.00
2026-07-23 04:19:17,-0.30
2026-07-23 04:21:03,0.10
2026-07-23 04:21:13,-0.30
2026-07-23 04:23:00,-0.50
2026-07-23 04:23:10,0.10
2026-07-23 04:24:28,-0.20
2026-07-23 04:25:56,0.10
2026-07-23 04:26:06,-0.30
2026-07-23 04:27:03,0.10
2026-07-23 04:28:12,-0.30
2026-07-23 04:28:31,0.10
2026-07-23 04:29:01,-0.10
2026-07-23 04:30:08,-0.20
2026-07-23 04:30:38,0.00
2026-07-23 04:32:34,-0.30
2026-07-23 04:33:43,0.10
2026-07-23 04:35:01,0.00
2026-07-23 04:35:39,-0.40
2026-07-23 04:36:38,0.00
2026-07-23 04:37:07,-0.30
2026-07-23 04:38:25,-0.20
2026-07-23 04:39:14,0.10
2026-07-23 04:40:51,-0.30
2026-07-23 04:41:49,0.10
2026-07-23 04:43:07,-0.40
2026-07-23 04:44:35,0.10
2026-07-23 04:44:45,-0.30
2026-07-23 04:45:04,0.00
2026-07-23 04:45:52,-0.40
2026-07-23 04:47:11,0.00
2026-07-23 04:47:30,-0.30
2026-07-23 04:48:19,0.00
2026-07-23 04:49:37,-0.40
2026-07-23 04:49:56,0.10
2026-07-23 04:50:35,-0.40
2026-07-23 04:51:53,-0.30
2026-07-23 04:52:22,0.10
2026-07-23 04:54:38,-0.20
2026-07-23 04:54:59,-0.30
2026-07-23 04:55:18,0.00
2026-07-23 04:56:46,0.10
2026-07-23 04:57:44,-0.20
2026-07-23 04:58:42,0.10
2026-07-23 04:59:31,-0.50
2026-07-23 05:00:39,0.20
2026-07-23 05:00:49,-0.30
2026-07-23 05:02:06,-0.10
2026-07-23 05:03:14,-0.30
2026-07-23 05:03:54,0.00
2026-07-23 05:05:31,-0.50
2026-07-23 05:05:51,0.10
2026-07-23 05:06:29,0.00
2026-07-23 05:06:39,-0.30
2026-07-23 05:08:07,0.10
2026-07-23 05:08:26,-0.30
2026-07-23 05:10:14,-0.60
2026-07-23 05:10:24,0.10
2026-07-23 05:11:32,-0.40
2026-07-23 05:12:10,0.00
2026-07-23 05:13:38,-0.50
2026-07-23 05:14:07,-0.10
2026-07-23 05:14:55,-0.40
2026-07-23 05:15:15,0.10
2026-07-23 05:17:22,-0.40
2026-07-23 05:18:50,0.00
2026-07-23 05:20:08,0.10
2026-07-23 05:20:27,-0.40
2026-07-23 05:21:55,0.10
2026-07-23 05:22:04,-0.40
2026-07-23 05:23:23,-0.50
2026-07-23 05:23:41,0.10
2026-07-23 05:25:28,-0.50
2026-07-23 05:25:38,0.20
2026-07-23 05:26:08,-0.50
2026-07-23 05:26:46,0.10
2026-07-23 05:27:45,-0.40
2026-07-23 05:28:24,0.00
2026-07-23 05:30:41,-0.30
2026-07-23 05:31:00,0.10
2026-07-23 05:31:29,-0.60
2026-07-23 05:31:49,0.10
2026-07-23 05:33:27,-0.40
2026-07-23 05:33:55,0.10
2026-07-23 05:35:13,-0.40
2026-07-23 05:35:23,-0.10
2026-07-23 05:36:50,-0.40
2026-07-23 05:37:30,0.00
2026-07-23 05:38:00,-0.30
2026-07-23 05:38:18,0.00
2026-07-23 05:39:37,-0.30
2026-07-23 05:41:23,0.10
2026-07-23 05:42:22,-0.30
2026-07-23 05:42:51,-0.40
2026-07-23 05:43:59,0.00
2026-07-23 05:44:18,-0.10
2026-07-23 05:45:18,-0.40
2026-07-23 05:45:56,-0.30
2026-07-23 05:46:45,0.00
2026-07-23 05:48:51,-0.40
2026-07-23 05:49:11,0.00
2026-07-23 05:49:21,-0.10
2026-07-23 05:49:49,-0.40
2026-07-23 05:51:08,-0.10
2026-07-23 05:51:56,-0.50
2026-07-23 05:52:36,-0.40
2026-07-23 05:53:34,0.00
2026-07-23 05:54:13,-0.10
2026-07-23 05:55:21,-0.30
2026-07-23 05:56:39,-0.40
2026-07-23 05:57:08,0.00
2026-07-23 05:57:27,-0.10
2026-07-23 05:57:47,-0.40
2026-07-23 05:59:15,0.00
2026-07-23 05:59:35,-0.20
2026-07-23 06:00:53,-0.40
2026-07-23 06:02:00,0.00
2026-07-23 06:02:30,-0.10
2026-07-23 06:02:40,-0.30
2026-07-23 06:05:06,-0.10
2026-07-23 06:05:25,-0.50
2026-07-23 06:06:13,-0.10
2026-07-23 06:07:03,-0.50
2026-07-23 06:07:41,-0.10
2026-07-23 06:09:19,-0.20
2026-07-23 06:09:49,-0.50
2026-07-23 06:10:46,-0.40
2026-07-23 06:11:36,0.00
2026-07-23 06:12:34,-0.50
2026-07-23 06:12:54,-0.10
2026-07-23 06:14:02,-0.40
2026-07-23 06:14:50,-0.20
2026-07-23 06:15:49,-0.40
2026-07-23 06:16:18,-0.10
2026-07-23 06:17:17,-0.40
2026-07-23 06:18:35,-0.10
2026-07-23 06:20:21,-0.40
2026-07-23 06:20:50,-0.10
2026-07-23 06:21:00,-0.40
2026-07-23 06:23:45,-0.10
2026-07-23 06:23:55,-0.40
2026-07-23 06:24:35,-0.10
2026-07-23 06:25:42,-0.30
2026-07-23 06:25:53,-0.10
2026-07-23 06:27:31,-0.40
2026-07-23 06:27:49,-0.10
2026-07-23 06:28:58,-0.40
2026-07-23 06:29:08,-0.10
2026-07-23 06:31:13,-0.40
2026-07-23 06:31:43,0.00
2026-07-23 06:32:12,-0.30
2026-07-23 06:32:22,-0.10
2026-07-23 06:35:08,-0.40
2026-07-23 06:35:26,-0.10
2026-07-23 06:35:47,-0.40
2026-07-23 06:37:34,0.00
2026-07-23 06:38:53,-0.50
2026-07-23 06:39:31,-0.10
2026-07-23 06:40:49,-0.50
2026-07-23 06:41:28,-0.10
2026-07-23 06:42:55,-0.40
2026-07-23 06:43:45,-0.50
2026-07-23 06:43:54,-0.20
2026-07-23 06:45:50,-0.10
2026-07-23 06:46:39,-0.40
2026-07-23 06:47:08,-0.50
2026-07-23 06:47:18,-0.10
2026-07-23 06:50:03,-0.40
2026-07-23 06:50:23,-0.10
2026-07-23 06:51:03,-0.50
2026-07-23 06:52:01,-0.20
2026-07-23 06:52:10,-0.40
2026-07-23 06:53:48,-0.50
2026-07-23 06:54:36,-0.10
2026-07-23 06:56:04,-0.50
2026-07-23 06:57:03,-0.60
2026-07-23 06:58:01,-0.10
2026-07-23 06:58:30,-0.50
2026-07-23 07:00:07,-0.10
2026-07-23 07:00:17,-0.30
2026-07-23 07:00:57,-0.60
2026-07-23 07:01:54,-0.50
2026-07-23 07:02:04,-0.10
2026-07-23 07:03:32,-0.60
2026-07-23 07:04:11,-0.10
2026-07-23 07:05:19,-0.50
2026-07-23 07:05:58,-0.10
2026-07-23 07:06:47,-0.50
2026-07-23 07:06:57,-0.10
2026-07-23 07:09:53,-0.50
2026-07-23 07:10:02,0.00
2026-07-23 07:10:31,-0.50
2026-07-23 07:11:10,0.00
2026-07-23 07:11:48,-0.10
2026-07-23 07:12:08,-0.40
2026-07-23 07:14:44,-0.50
2026-07-23 07:14:53,-0.10
2026-07-23 07:15:52,-0.30
2026-07-23 07:16:01,-0.10
2026-07-23 07:16:41,-0.40
2026-07-23 07:17:29,-0.10
2026-07-23 07:18:18,0.00
2026-07-23 07:18:39,-0.60
2026-07-23 07:20:06,-0.30
2026-07-23 07:20:25,-0.10
2026-07-23 07:21:53,-0.40
2026-07-23 07:22:51,0.00
2026-07-23 07:24:19,-0.50
2026-07-23 07:24:38,-0.10
2026-07-23 07:25:37,-0.40
2026-07-23 07:26:34,-0.10
2026-07-23 07:27:53,-0.50
2026-07-23 07:28:32,0.00
2026-07-23 07:29:20,-0.40
2026-07-23 07:30:57,0.00
2026-07-23 07:31:07,-0.40
2026-07-23 07:31:37,-0.60
2026-07-23 07:31:47,-0.20
2026-07-23 07:33:24,-0.50
2026-07-23 07:34:32,0.00
2026-07-23 07:35:10,-0.40
2026-07-23 07:35:20,-0.10
2026-07-23 07:36:29,-0.50
2026-07-23 07:36:57,-0.10
2026-07-23 07:38:06,-0.30
2026-07-23 07:38:25,-0.10
2026-07-23 07:39:53,-0.40
2026-07-23 07:41:21,0.00
2026-07-23 07:41:40,-0.10
2026-07-23 07:42:19,-0.50
2026-07-23 07:43:18,-0.10
2026-07-23 07:44:15,-0.40
2026-07-23 07:44:55,-0.10
2026-07-23 07:45:43,-0.50
2026-07-23 07:47:01,-0.10
2026-07-23 07:47:21,-0.40
2026-07-23 07:48:28,-0.10
2026-07-23 07:49:37,-0.50
2026-07-23 07:50:06,-0.20
2026-07-23 07:51:34,-0.10
2026-07-23 07:52:42,-0.40
2026-07-23 07:53:41,-0.10
2026-07-23 07:54:39,-0.30
2026-07-23 07:55:18,-0.10
2026-07-23 07:56:26,-0.50
2026-07-23 07:56:36,-0.10
2026-07-23 07:57:54,-0.40
2026-07-23 07:58:04,-0.10
2026-07-23 08:00:39,-0.30
2026-07-23 08:02:27,-0.40
2026-07-23 08:02:46,0.00
2026-07-23 08:03:15,-0.40
2026-07-23 08:04:33,-0.50
2026-07-23 08:04:53,-0.10
2026-07-23 08:07:09,-0.50
2026-07-23 08:07:28,0.00
2026-07-23 08:07:58,-0.40
2026-07-23 08:08:56,0.00
2026-07-23 08:10:14,-0.30
2026-07-23 08:11:23,-0.10
2026-07-23 08:11:51,-0.40
2026-07-23 08:13:00,-0.30
2026-07-23 08:13:38,0.00
2026-07-23 08:14:37,-0.30
2026-07-23 08:15:55,0.20
2026-07-23 08:16:34,-0.60
2026-07-23 08:17:13,0.10
2026-07-23 08:19:19,-0.30
2026-07-23 08:20:28,0.00
2026-07-23 08:20:47,-0.40
2026-07-23 08:21:45,0.20
2026-07-23 08:22:24,-0.20
2026-07-23 08:22:54,0.00
2026-07-23 08:23:42,-0.30
2026-07-23 08:24:22,0.00
2026-07-23 08:24:32,-0.20
2026-07-23 08:26:27,0.10
2026-07-23 08:26:57,-0.30
2026-07-23 08:28:05,0.00
2026-07-23 08:28:44,-0.30
2026-07-23 08:29:32,0.10
2026-07-23 08:30:31,-0.30
2026-07-23 08:31:20,0.10
2026-07-23 08:33:17,-0.10
2026-07-23 08:33:55,0.10
2026-07-23 08:34:44,-0.30
2026-07-23 08:36:03,0.10
2026-07-23 08:37:01,-0.20
2026-07-23 08:37:49,0.20
2026-07-23 08:39:08,-0.30
2026-07-23 08:39:26,0.10
2026-07-23 08:40:15,-0.20
2026-07-23 08:42:21,0.20
2026-07-23 08:42:31,0.00
2026-07-23 08:43:39,-0.40
2026-07-23 08:44:08,-0.20
2026-07-23 08:45:16,0.20
2026-07-23 08:46:05,0.10
2026-07-23 08:46:35,-0.20
2026-07-23 08:47:43,0.10
2026-07-23 08:49:20,0.20
2026-07-23 08:50:08,-0.20
2026-07-23 08:51:17,-0.10
2026-07-23 08:51:26,0.20
2026-07-23 08:53:53,-0.10
2026-07-23 08:54:02,0.20
2026-07-23 08:55:30,-0.30
2026-07-23 08:56:19,0.20
2026-07-23 08:56:48,-0.20
2026-07-23 08:58:25,-0.30
2026-07-23 08:58:54,0.20
2026-07-23 08:59:53,-0.20
2026-07-23 09:00:03,0.20
2026-07-23 09:00:53,0.00
2026-07-23 09:01:02,0.30
2026-07-23 09:02:20,-0.10
2026-07-23 09:02:39,0.30
2026-07-23 09:04:16,-0.10
2026-07-23 09:05:15,0.70
2026-07-23 09:05:44,0.40
2026-07-23 09:06:03,-0.30
2026-07-23 09:07:31,-0.10
2026-07-23 09:07:50,0.20
2026-07-23 09:09:37,0.40
2026-07-23 09:10:06,0.10
2026-07-23 09:11:05,0.30
2026-07-23 09:11:34,-0.10
2026-07-23 09:12:23,0.30
2026-07-23 09:13:11,-0.20
2026-07-23 09:14:29,0.30
2026-07-23 09:14:49,-0.10
2026-07-23 09:16:26,0.30
2026-07-23 09:18:43,-0.10
2026-07-23 09:19:01,-0.20
2026-07-23 09:19:21,0.30
2026-07-23 09:21:37,-0.10
2026-07-23 09:22:46,0.40
2026-07-23 09:24:13,-0.50
2026-07-23 09:26:01,-0.10
2026-07-23 09:26:29,0.40
2026-07-23 09:27:57,-0.30
2026-07-23 09:29:04,0.40
2026-07-23 09:29:25,0.00
2026-07-23 09:31:31,0.50
2026-07-23 09:31:51,-0.30
2026-07-23 09:33:19,0.40
2026-07-23 09:35:06,-0.10
2026-07-23 09:36:04,0.30
2026-07-23 09:37:02,0.00
2026-07-23 09:37:23,0.30
2026-07-23 09:39:00,0.40
2026-07-23 09:39:38,-0.10
2026-07-23 09:40:27,0.30
2026-07-23 09:41:06,0.00
2026-07-23 09:42:14,0.30
2026-07-23 09:42:34,0.00
2026-07-23 09:43:32,-0.10
2026-07-23 09:44:11,0.30
2026-07-23 09:46:18,0.00
2026-07-23 09:46:37,0.40
2026-07-23 09:48:14,-0.10
2026-07-23 09:48:24,0.60
2026-07-23 09:49:13,0.40
2026-07-23 09:49:52,0.10
2026-07-23 09:51:00,0.50
2026-07-23 09:51:19,-0.20
2026-07-23 09:52:36,0.30
2026-07-23 09:53:46,-0.10
2026-07-23 09:53:55,0.40
2026-07-23 09:55:03,0.30
2026-07-23 09:55:13,0.00
2026-07-23 09:57:29,0.30
2026-07-23 09:58:57,-0.10
2026-07-23 09:59:36,0.40
2026-07-23 10:00:35,0.00
2026-07-23 10:01:23,0.40
2026-07-23 10:01:43,0.00
2026-07-23 10:03:00,0.40
2026-07-23 10:03:21,0.10
2026-07-23 10:03:59,0.40
2026-07-23 10:05:56,0.00
2026-07-23 10:06:36,0.10
2026-07-23 10:06:45,0.40
2026-07-23 10:09:40,0.00
2026-07-23 10:10:09,0.30
2026-07-23 10:11:28,0.00
2026-07-23 10:11:37,0.30
2026-07-23 10:12:17,0.00
2026-07-23 10:13:24,0.10
2026-07-23 10:13:44,0.40
2026-07-23 10:15:41,0.00
2026-07-23 10:15:50,0.40
2026-07-23 10:16:49,0.50
2026-07-23 10:18:07,0.00
2026-07-23 10:19:35,0.50
2026-07-23 10:20:23,0.00
2026-07-23 10:21:12,0.50
2026-07-23 10:21:50,0.40
2026-07-23 10:22:00,0.10
2026-07-23 10:23:38,0.40
2026-07-23 10:25:35,0.10
2026-07-23 10:27:21,0.40
2026-07-23 10:28:59,0.00
2026-07-23 10:30:17,0.40
2026-07-23 10:30:56,0.00
2026-07-23 10:31:25,0.30
2026-07-23 10:32:04,0.10
2026-07-23 10:33:03,0.20
2026-07-23 10:33:22,0.40
2026-07-23 10:35:29,0.10
2026-07-23 10:36:26,0.40
2026-07-23 10:36:47,0.00
2026-07-23 10:38:34,0.40
2026-07-23 10:39:31,0.00
2026-07-23 10:40:21,0.50
2026-07-23 10:41:09,0.10
2026-07-23 10:41:29,-0.10
2026-07-23 10:42:07,0.40
2026-07-23 10:42:56,0.10
2026-07-23 10:43:26,0.40
2026-07-23 10:44:54,0.20
2026-07-23 10:46:02,0.50
2026-07-23 10:47:00,0.10
2026-07-23 10:47:39,0.60
2026-07-23 10:48:27,0.10
2026-07-23 10:49:16,0.60
2026-07-23 10:49:45,0.20
2026-07-23 10:51:23,0.70
2026-07-23 10:51:33,-0.20
2026-07-23 10:52:51,0.70
2026-07-23 10:53:20,0.00
2026-07-23 10:54:28,0.30
2026-07-23 10:54:38,0.50
2026-07-23 10:56:34,0.20
2026-07-23 10:57:13,0.60
2026-07-23 10:59:01,0.30
2026-07-23 10:59:39,0.40
2026-07-23 11:00:28,0.60
2026-07-23 11:01:26,0.10
2026-07-23 11:02:54,0.50
2026-07-23 11:03:43,0.20
2026-07-23 11:04:31,0.50
2026-07-23 11:05:11,0.20
2026-07-23 11:07:07,0.10
2026-07-23 11:07:27,0.50
2026-07-23 11:07:47,0.20
2026-07-23 11:08:06,0.50
2026-07-23 11:10:52,0.20
2026-07-23 11:11:01,0.10
2026-07-23 11:12:09,0.60
2026-07-23 11:13:37,0.20
2026-07-23 11:14:45,0.50
2026-07-23 11:16:02,0.30
2026-07-23 11:16:42,0.60
2026-07-23 11:18:00,0.30
2026-07-23 11:19:27,0.40
2026-07-23 11:19:47,0.70
2026-07-23 11:21:15,0.60
2026-07-23 11:21:43,0.20
2026-07-23 11:22:42,0.60
2026-07-23 11:22:52,0.50
2026-07-23 11:24:29,0.60
2026-07-23 11:25:47,0.20
2026-07-23 11:26:06,0.30
2026-07-23 11:26:36,0.70
2026-07-23 11:28:03,0.30
2026-07-23 11:29:21,0.40
2026-07-23 11:29:41,0.70
2026-07-23 11:32:07,0.20
2026-07-23 11:32:26,0.70
2026-07-23 11:32:37,0.40
2026-07-23 11:34:33,0.30
2026-07-23 11:34:42,0.70
2026-07-23 11:36:00,0.50
2026-07-23 11:37:18,0.80
2026-07-23 11:38:06,0.40
2026-07-23 11:38:17,0.80
2026-07-23 11:39:34,0.40
2026-07-23 11:39:44,0.80
2026-07-23 11:40:43,0.40
2026-07-23 11:41:42,0.80
2026-07-23 11:42:49,0.40
2026-07-23 11:43:47,0.80
2026-07-23 11:44:36,0.40
2026-07-23 11:45:05,1.00
2026-07-23 11:47:02,0.90
2026-07-23 11:47:12,0.40
2026-07-23 11:48:00,0.90
2026-07-23 11:48:20,0.20
2026-07-23 11:49:18,0.30
2026-07-23 11:50:27,0.70
2026-07-23 11:51:05,0.30
2026-07-23 11:51:35,0.90
2026-07-23 11:52:23,1.30
2026-07-23 11:53:03,-0.20
2026-07-23 11:54:01,1.10
2026-07-23 11:54:30,0.10
2026-07-23 11:55:38,0.70
2026-07-23 11:55:48,0.30
2026-07-23 11:57:35,1.00
2026-07-23 11:58:04,0.00
2026-07-23 11:59:32,0.20
2026-07-23 11:59:51,0.70
2026-07-23 12:00:49,0.80
2026-07-23 12:01:29,0.20
2026-07-23 12:03:06,0.80
2026-07-23 12:03:54,0.40
2026-07-23 12:05:04,1.00
2026-07-23 12:05:32,0.40
2026-07-23 12:06:12,1.10
2026-07-23 12:07:49,0.80
2026-07-23 12:08:27,0.20
2026-07-23 12:09:07,0.70
2026-07-23 12:09:17,0.50
2026-07-23 12:11:03,0.90
2026-07-23 12:11:52,0.30
2026-07-23 12:12:22,0.40
2026-07-23 12:13:20,1.00
2026-07-23 12:13:49,0.50
2026-07-23 12:14:18,0.80
2026-07-23 12:16:15,1.50
2026-07-23 12:16:25,0.30
2026-07-23 12:17:33,-0.10
2026-07-23 12:17:52,0.90
2026-07-23 12:18:51,0.30
2026-07-23 12:19:49,1.00
2026-07-23 12:20:18,0.50
2026-07-23 12:21:07,0.90
2026-07-23 12:22:26,0.50
2026-07-23 12:22:35,1.00
2026-07-23 12:24:31,0.50
2026-07-23 12:24:51,2.30
2026-07-23 12:25:30,-0.10
2026-07-23 12:26:29,1.30
2026-07-23 12:27:17,0.60
2026-07-23 12:27:36,1.20
2026-07-23 12:28:35,0.40
2026-07-23 12:29:34,1.00
2026-07-23 12:30:41,0.40
2026-07-23 12:31:21,1.00
2026-07-23 12:32:09,0.50
2026-07-23 12:33:47,1.20
2026-07-23 12:34:45,0.30
2026-07-23 12:35:54,0.90
2026-07-23 12:36:43,0.30
2026-07-23 12:37:12,0.90
2026-07-23 12:38:10,0.50
2026-07-23 12:38:58,1.20
2026-07-23 12:40:26,1.00
2026-07-23 12:41:15,0.40
2026-07-23 12:42:33,1.00
2026-07-23 12:43:50,0.90
2026-07-23 12:44:30,-0.20
2026-07-23 12:45:08,1.00
2026-07-23 12:46:26,0.30
2026-07-23 12:46:56,0.80
2026-07-23 12:47:06,0.40
2026-07-23 12:48:53,0.90
2026-07-23 12:49:12,0.40
2026-07-23 12:50:31,0.30
2026-07-23 12:50:49,1.30
2026-07-23 12:51:48,0.50
2026-07-23 12:52:46,1.00
2026-07-23 12:53:35,0.30
2026-07-23 12:54:44,1.10
2026-07-23 12:55:32,0.40
2026-07-23 12:56:01,1.00
2026-07-23 12:56:49,0.50
2026-07-23 12:57:00,0.90
2026-07-23 12:59:16,0.40
2026-07-23 13:00:34,0.30
2026-07-23 13:01:23,0.90
2026-07-23 13:01:33,0.50
2026-07-23 13:02:12,0.90
2026-07-23 13:03:10,1.10
2026-07-23 13:04:19,0.30
2026-07-23 13:04:57,0.50
2026-07-23 13:05:26,0.90
2026-07-23 13:06:53,0.60
2026-07-23 13:07:03,0.90
2026-07-23 13:08:21,0.50
2026-07-23 13:09:11,0.90
2026-07-23 13:10:18,0.50
2026-07-23 13:10:48,0.90
2026-07-23 13:11:36,0.50
2026-07-23 13:12:44,0.80
2026-07-23 13:13:14,0.90
2026-07-23 13:13:33,0.40
2026-07-23 13:15:01,0.50
2026-07-23 13:15:10,0.80
2026-07-23 13:16:57,0.90
2026-07-23 13:17:27,0.40
2026-07-23 13:18:06,0.90
2026-07-23 13:18:54,0.50
2026-07-23 13:19:53,0.40
2026-07-23 13:20:32,0.80
2026-07-23 13:22:47,0.40
2026-07-23 13:22:57,0.50
2026-07-23 13:24:15,1.00
2026-07-23 13:24:45,0.90
2026-07-23 13:24:55,0.60
2026-07-23 13:26:22,0.80
2026-07-23 13:26:51,0.60
2026-07-23 13:28:28,0.50
2026-07-23 13:29:17,0.90
2026-07-23 13:29:56,0.80
2026-07-23 13:30:35,0.50
2026-07-23 13:31:33,0.80
2026-07-23 13:31:53,0.40
2026-07-23 13:33:10,1.00
2026-07-23 13:34:09,0.30
2026-07-23 13:35:08,0.40
2026-07-23 13:35:18,1.00
2026-07-23 13:36:25,0.50
2026-07-23 13:36:46,1.00
2026-07-23 13:38:24,0.50
2026-07-23 13:39:51,1.00
2026-07-23 13:40:49,0.50
2026-07-23 13:41:09,0.90
2026-07-23 13:41:57,0.50
2026-07-23 13:43:15,1.10
2026-07-23 13:43:24,0.50
2026-07-23 13:44:42,0.90
2026-07-23 13:45:31,0.60
2026-07-23 13:46:30,0.90
2026-07-23 13:48:17,0.60
2026-07-23 13:49:25,0.70
2026-07-23 13:50:33,1.00
2026-07-23 13:51:02,0.60
2026-07-23 13:51:51,1.00
2026-07-23 13:53:37,0.60
2026-07-23 13:54:46,0.70
2026-07-23 13:55:35,1.10
2026-07-23 13:56:15,0.50
2026-07-23 13:57:13,1.00
2026-07-23 13:58:31,0.60
2026-07-23 13:59:29,1.10
2026-07-23 13:59:48,0.40
2026-07-23 14:00:56,1.00
2026-07-23 14:01:45,0.50
2026-07-23 14:02:54,0.90
2026-07-23 14:03:42,0.50
2026-07-23 14:05:10,1.30
2026-07-23 14:05:59,0.60
2026-07-23 14:06:09,1.00
2026-07-23 14:07:55,0.50
2026-07-23 14:08:44,1.10
2026-07-23 14:09:23,0.60
2026-07-23 14:09:42,1.00
2026-07-23 14:12:09,0.40
2026-07-23 14:12:29,0.50
2026-07-23 14:13:46,1.10
2026-07-23 14:14:35,0.50
2026-07-23 14:14:45,1.00
2026-07-23 14:16:51,0.50
2026-07-23 14:17:21,1.00
2026-07-23 14:18:10,0.50
2026-07-23 14:19:56,0.60
2026-07-23 14:20:36,0.90
2026-07-23 14:21:54,0.60
2026-07-23 14:22:33,0.80
2026-07-23 14:23:31,0.50
2026-07-23 14:25:18,1.10
2026-07-23 14:25:47,1.00
2026-07-23 14:27:05,0.50
2026-07-23 14:27:24,0.60
2026-07-23 14:28:04,1.00
2026-07-23 14:29:02,0.90
2026-07-23 14:29:32,0.50
2026-07-23 14:30:59,0.90
2026-07-23 14:32:07,0.60
2026-07-23 14:32:26,0.90
2026-07-23 14:33:45,0.50
2026-07-23 14:34:04,1.10
2026-07-23 14:34:32,0.50
2026-07-23 14:36:10,0.90
2026-07-23 14:36:50,0.50
2026-07-23 14:37:48,0.70
2026-07-23 14:38:46,1.20
2026-07-23 14:39:05,0.60
2026-07-23 14:40:23,1.00
2026-07-23 14:40:53,0.60
2026-07-23 14:41:42,1.20
2026-07-23 14:42:10,0.50
2026-07-23 14:42:40,1.10
2026-07-23 14:44:09,0.40
2026-07-23 14:45:16,1.00
2026-07-23 14:46:53,0.70
2026-07-23 14:47:32,0.60
2026-07-23 14:47:51,0.90
2026-07-23 14:49:49,1.00
2026-07-23 14:50:17,0.50
2026-07-23 14:51:16,0.60
2026-07-23 14:51:36,1.00
2026-07-23 14:52:24,0.80
2026-07-23 14:54:31,0.50
2026-07-23 14:54:41,1.10
2026-07-23 14:55:29,0.70
2026-07-23 14:56:18,1.10
2026-07-23 14:57:07,0.60
2026-07-23 14:57:45,1.20
2026-07-23 14:58:54,1.10
2026-07-23 15:00:12,0.60
2026-07-23 15:00:22,1.10
2026-07-23 15:00:41,0.60
2026-07-23 15:02:18,1.00
2026-07-23 15:04:35,0.50
2026-07-23 15:06:03,0.60
2026-07-23 15:06:51,1.00
2026-07-23 15:07:30,1.10
2026-07-23 15:08:28,0.60
2026-07-23 15:08:48,1.00
2026-07-23 15:09:46,0.60
2026-07-23 15:10:44,1.00
2026-07-23 15:10:54,0.50
2026-07-23 15:11:53,0.60
2026-07-23 15:12:02,0.90
2026-07-23 15:14:09,1.00
2026-07-23 15:15:07,0.30
2026-07-23 15:15:36,0.90
2026-07-23 15:16:35,0.40
2026-07-23 15:17:44,0.90
2026-07-23 15:18:32,0.30
2026-07-23 15:19:02,0.80
2026-07-23 15:20:58,0.50
2026-07-23 15:22:06,0.40
2026-07-23 15:22:45,0.90
2026-07-23 15:23:34,0.80
2026-07-23 15:24:43,0.30
2026-07-23 15:25:12,0.80
2026-07-23 15:26:00,0.30
2026-07-23 15:27:08,0.80
2026-07-23 15:28:35,0.70
2026-07-23 15:28:56,0.40
2026-07-23 15:31:02,0.30
2026-07-23 15:31:31,0.70
2026-07-23 15:32:11,0.40
2026-07-23 15:33:09,0.80
2026-07-23 15:33:48,0.20
2026-07-23 15:33:58,0.80
2026-07-23 15:35:26,0.70
2026-07-23 15:35:44,0.30
2026-07-23 15:36:43,0.20
2026-07-23 15:37:22,0.70
2026-07-23 15:38:31,0.60
2026-07-23 15:38:40,0.50
2026-07-23 15:38:59,0.70
2026-07-23 15:39:29,0.50
2026-07-23 15:40:08,0.70
2026-07-23 15:40:17,0.40
2026-07-23 15:41:35,0.90
2026-07-23 15:42:34,0.30
2026-07-23 15:44:40,0.70
2026-07-23 15:44:49,0.20
2026-07-23 15:45:20,0.80
2026-07-23 15:46:17,0.20
2026-07-23 15:47:26,0.70
2026-07-23 15:48:34,0.30
2026-07-23 15:49:32,0.70
2026-07-23 15:50:02,0.30
2026-07-23 15:51:00,0.80
2026-07-23 15:51:48,0.90
2026-07-23 15:52:47,0.30
2026-07-23 15:53:16,0.50
2026-07-23 15:53:45,0.80
2026-07-23 15:55:43,0.40
2026-07-23 15:56:02,0.90
2026-07-23 15:57:48,0.50
2026-07-23 15:59:36,0.90
2026-07-23 16:00:25,0.50
2026-07-23 16:00:54,0.90
2026-07-23 16:01:43,0.50
2026-07-23 16:03:50,0.80
2026-07-23 16:03:59,0.50
2026-07-23 16:04:39,0.80
2026-07-23 16:05:56,0.30
2026-07-23 16:06:34,0.90
2026-07-23 16:07:04,0.50
2026-07-23 16:08:11,0.80
2026-07-23 16:08:51,0.40
2026-07-23 16:09:59,0.80
2026-07-23 16:11:07,0.40
2026-07-23 16:11:17,0.90
2026-07-23 16:11:56,0.50
2026-07-23 16:12:54,0.80
2026-07-23 16:13:24,0.40
2026-07-23 16:14:41,0.50
2026-07-23 16:15:01,0.80
2026-07-23 16:17:37,0.40
2026-07-23 16:18:05,0.90
2026-07-23 16:18:35,0.50
2026-07-23 16:19:42,0.40
2026-07-23 16:20:03,0.90
2026-07-23 16:21:50,1.00
2026-07-23 16:22:19,0.30
2026-07-23 16:23:08,0.80
2026-07-23 16:24:25,0.40
2026-07-23 16:25:05,0.90
2026-07-23 16:25:24,0.40
2026-07-23 16:26:33,0.70
2026-07-23 16:28:10,0.80
2026-07-23 16:28:19,0.50
2026-07-23 16:29:57,0.70
2026-07-23 16:30:06,0.40
2026-07-23 16:31:24,0.20
2026-07-23 16:32:14,0.70
2026-07-23 16:33:31,0.30
2026-07-23 16:35:47,0.80
2026-07-23 16:36:56,0.30
2026-07-23 16:37:34,0.80
2026-07-23 16:38:43,0.70
2026-07-23 16:38:52,0.40
2026-07-23 16:39:41,0.30
2026-07-23 16:40:00,0.70
2026-07-23 16:41:00,0.30
2026-07-23 16:41:48,0.70
2026-07-23 16:42:37,0.30
2026-07-23 16:43:15,0.80
2026-07-23 16:44:24,0.40
2026-07-23 16:44:53,0.70
2026-07-23 16:46:51,0.40
2026-07-23 16:48:08,0.70
2026-07-23 16:49:06,0.30
2026-07-23 16:49:26,0.70
2026-07-23 16:49:55,0.40
2026-07-23 16:51:03,0.70
2026-07-23 16:52:11,0.30
2026-07-23 16:53:39,0.80
2026-07-23 16:54:27,0.30
2026-07-23 16:54:37,0.70
2026-07-23 16:56:05,0.40
2026-07-23 16:56:14,0.70
2026-07-23 16:57:42,0.60
2026-07-23 16:58:12,0.30
2026-07-23 16:59:10,0.50
2026-07-23 17:00:28,0.20
2026-07-23 17:00:57,0.60
2026-07-23 17:01:27,0.30
2026-07-23 17:03:43,0.70
2026-07-23 17:04:03,0.80
2026-07-23 17:04:32,0.30
2026-07-23 17:06:28,0.80
2026-07-23 17:07:08,0.30
2026-07-23 17:07:27,0.40
2026-07-23 17:07:56,0.70
2026-07-23 17:09:13,0.30
2026-07-23 17:09:53,0.60
2026-07-23 17:11:01,0.30
2026-07-23 17:11:21,0.70
2026-07-23 17:12:39,0.30
2026-07-23 17:14:26,0.40
2026-07-23 17:14:55,0.70
2026-07-23 17:16:32,0.30
2026-07-23 17:17:02,0.70
2026-07-23 17:18:39,0.30
2026-07-23 17:19:09,0.80
2026-07-23 17:19:57,0.40
2026-07-23 17:20:36,0.30
2026-07-23 17:21:05,0.60
2026-07-23 17:23:32,0.70
2026-07-23 17:23:50,0.10
2026-07-23 17:24:00,0.60
2026-07-23 17:24:20,0.20
2026-07-23 17:26:17,0.60
2026-07-23 17:27:25,0.20
2026-07-23 17:27:45,0.50
2026-07-23 17:28:53,0.20
2026-07-23 17:29:22,0.50
2026-07-23 17:30:40,0.30
2026-07-23 17:30:50,0.60
2026-07-23 17:32:18,0.30
2026-07-23 17:34:04,0.60
2026-07-23 17:34:23,0.30
2026-07-23 17:35:32,0.20
2026-07-23 17:36:40,0.60
2026-07-23 17:37:19,0.70
2026-07-23 17:37:38,0.20
2026-07-23 17:38:57,0.10
2026-07-23 17:39:36,0.50
2026-07-23 17:40:24,0.30
2026-07-23 17:40:53,0.70
2026-07-23 17:42:41,0.20
2026-07-23 17:43:09,0.80
2026-07-23 17:45:17,0.20
2026-07-23 17:45:45,0.70
2026-07-23 17:45:55,0.20
2026-07-23 17:47:04,0.60
2026-07-23 17:47:22,0.10
2026-07-23 17:49:30,0.70
2026-07-23 17:50:18,1.00
2026-07-23 17:51:07,0.40
2026-07-23 17:52:05,0.30
2026-07-23 17:52:15,0.60
2026-07-23 17:53:33,0.70
2026-07-23 17:55:11,0.30
2026-07-23 17:55:50,0.20
2026-07-23 17:56:29,0.70
2026-07-23 17:57:27,0.10
2026-07-23 17:57:46,0.60
2026-07-23 17:58:54,0.30
2026-07-23 17:59:04,0.60
2026-07-23 18:01:30,0.30
2026-07-23 18:02:29,0.20
2026-07-23 18:02:48,0.60
2026-07-23 18:03:46,0.20
2026-07-23 18:04:54,0.60
2026-07-23 18:05:24,0.10
2026-07-23 18:05:44,0.50
2026-07-23 18:07:39,0.00
2026-07-23 18:08:29,0.60
2026-07-23 18:08:48,0.20
2026-07-23 18:10:26,0.60
2026-07-23 18:10:35,0.20
2026-07-23 18:12:32,0.70
2026-07-23 18:12:52,0.30
2026-07-23 18:13:21,0.20
2026-07-23 18:13:40,0.50
2026-07-23 18:15:08,0.60
2026-07-23 18:15:18,0.20
2026-07-23 18:17:05,0.60
2026-07-23 18:17:35,0.20
2026-07-23 18:19:21,0.60
2026-07-23 18:20:20,0.10
2026-07-23 18:20:39,0.50
2026-07-23 18:21:38,0.00
2026-07-23 18:22:36,0.50
2026-07-23 18:23:53,-0.10
2026-07-23 18:24:53,0.60
2026-07-23 18:25:02,0.10
2026-07-23 18:25:12,0.50
2026-07-23 18:26:40,0.60
2026-07-23 18:27:39,0.20
2026-07-23 18:28:36,0.70
2026-07-23 18:29:25,0.20
2026-07-23 18:30:04,0.50
2026-07-23 18:31:02,0.30
2026-07-23 18:31:42,0.60
2026-07-23 18:32:49,0.20
2026-07-23 18:33:49,0.50
2026-07-23 18:34:07,0.10
2026-07-23 18:36:04,0.60
2026-07-23 18:36:34,0.50
2026-07-23 18:36:43,0.10
2026-07-23 18:38:11,0.60
2026-07-23 18:38:30,0.10
2026-07-23 18:40:07,0.60
2026-07-23 18:40:28,0.20
2026-07-23 18:41:56,0.60
2026-07-23 18:42:15,-0.10
2026-07-23 18:43:52,0.60
2026-07-23 18:44:51,0.10
2026-07-23 18:45:11,0.60
2026-07-23 18:46:28,-0.10
2026-07-23 18:46:57,0.50
2026-07-23 18:48:15,0.10
2026-07-23 18:48:25,0.40
2026-07-23 18:49:52,0.50
2026-07-23 18:50:12,0.10
2026-07-23 18:51:40,0.00
2026-07-23 18:52:19,0.50
2026-07-23 18:53:27,-0.10
2026-07-23 18:54:35,0.60
2026-07-23 18:54:55,0.00
2026-07-23 18:55:53,0.50
2026-07-23 18:56:33,0.60
2026-07-23 18:56:52,0.00
2026-07-23 18:58:48,0.10
2026-07-23 18:58:58,0.50
2026-07-23 18:59:48,0.00
2026-07-23 19:00:36,0.40
2026-07-23 19:01:34,0.10
2026-07-23 19:03:21,0.20
2026-07-23 19:04:29,0.60
2026-07-23 19:05:18,0.10
2026-07-23 19:05:29,0.50
2026-07-23 19:06:16,0.10
2026-07-23 19:06:36,0.40
2026-07-23 19:08:43,-0.10
2026-07-23 19:09:31,0.50
2026-07-23 19:10:01,0.20
2026-07-23 19:11:09,0.00
2026-07-23 19:12:17,0.50
2026-07-23 19:12:56,0.40
2026-07-23 19:13:06,0.00
2026-07-23 19:15:12,0.20
2026-07-23 19:15:22,0.40
2026-07-23 19:16:11,0.10
2026-07-23 19:16:40,0.50
2026-07-23 19:17:58,0.00
2026-07-23 19:19:06,0.50
2026-07-23 19:20:53,0.10
2026-07-23 19:21:32,0.40
2026-07-23 19:22:01,0.00
2026-07-23 19:22:50,0.50
2026-07-23 19:23:39,0.10
2026-07-23 19:24:38,0.30
2026-07-23 19:26:05,0.10
2026-07-23 19:26:34,0.40
2026-07-23 19:27:42,0.00
2026-07-23 19:28:21,0.40
2026-07-23 19:29:29,0.10
2026-07-23 19:29:59,0.50
2026-07-23 19:31:16,0.00
2026-07-23 19:31:56,0.40
2026-07-23 19:33:04,0.00
2026-07-23 19:33:14,0.40
2026-07-23 19:35:30,0.00
2026-07-23 19:35:59,0.10
2026-07-23 19:36:09,0.40
2026-07-23 19:38:25,0.10
2026-07-23 19:39:34,0.40
2026-07-23 19:40:32,-0.10
2026-07-23 19:41:11,0.30
2026-07-23 19:42:19,0.00
2026-07-23 19:42:38,0.30
2026-07-23 19:43:56,0.00
2026-07-23 19:44:06,0.30
2026-07-23 19:44:35,-0.10
2026-07-23 19:46:03,0.40
2026-07-23 19:46:33,-0.10
2026-07-23 19:48:00,0.40
2026-07-23 19:48:19,0.00
2026-07-23 19:49:18,0.10
2026-07-23 19:50:35,0.40
2026-07-23 19:50:45,0.30
2026-07-23 19:51:33,-0.10
2026-07-23 19:52:42,0.10
2026-07-23 19:53:21,0.40
2026-07-23 19:54:00,0.30
2026-07-23 19:55:19,-0.10
2026-07-23 19:56:37,0.40
2026-07-23 19:57:44,0.30
2026-07-23 19:57:54,0.00
2026-07-23 20:00:10,0.40
2026-07-23 20:00:40,0.30
2026-07-23 20:00:59,-0.10
2026-07-23 20:02:18,0.30
2026-07-23 20:02:27,0.00
2026-07-23 20:04:43,-0.30
2026-07-23 20:04:53,0.30
2026-07-23 20:05:51,0.00
2026-07-23 20:06:10,0.50
2026-07-23 20:07:19,0.10
2026-07-23 20:07:48,0.40
2026-07-23 20:09:06,0.00
2026-07-23 20:09:36,0.30
2026-07-23 20:10:43,0.00
2026-07-23 20:10:53,0.40
2026-07-23 20:12:11,-0.10
2026-07-23 20:13:10,0.40
2026-07-23 20:13:59,0.00
2026-07-23 20:14:47,0.40
2026-07-23 20:15:36,0.10
2026-07-23 20:15:46,0.30
2026-07-23 20:17:52,0.10
2026-07-23 20:18:02,0.40
2026-07-23 20:19:30,0.30
2026-07-23 20:20:09,-0.10
2026-07-23 20:20:37,0.00
2026-07-23 20:21:56,0.40
2026-07-23 20:23:04,-0.10
2026-07-23 20:24:02,0.10
2026-07-23 20:24:12,0.40
2026-07-23 20:25:39,0.10
2026-07-23 20:25:50,0.40
2026-07-23 20:27:17,0.30
2026-07-23 20:27:27,0.00
2026-07-23 20:28:54,0.30
2026-07-23 20:29:04,0.00
2026-07-23 20:30:51,-0.20
2026-07-23 20:31:20,0.40
2026-07-23 20:33:08,-0.10
2026-07-23 20:33:36,0.50
2026-07-23 20:34:35,-0.10
2026-07-23 20:35:53,0.30
2026-07-23 20:36:23,0.00
2026-07-23 20:37:11,-0.10
2026-07-23 20:37:31,0.40
2026-07-23 20:39:08,0.00
2026-07-23 20:39:47,0.40
2026-07-23 20:40:26,0.50
2026-07-23 20:40:36,-0.10
2026-07-23 20:42:13,-0.20
2026-07-23 20:43:02,0.30
2026-07-23 20:44:30,0.00
2026-07-23 20:45:18,-0.10
2026-07-23 20:45:28,0.30
2026-07-23 20:47:14,0.00
2026-07-23 20:47:34,0.30
2026-07-23 20:48:32,-0.20
2026-07-23 20:48:43,0.30
2026-07-23 20:50:10,0.00
2026-07-23 20:50:30,0.40
2026-07-23 20:51:48,0.00
2026-07-23 20:52:55,0.40
2026-07-23 20:53:45,0.30
2026-07-23 20:53:54,0.10
2026-07-23 20:55:13,0.30
2026-07-23 20:55:51,0.20
2026-07-23 20:56:50,0.00
2026-07-23 20:57:29,0.30
2026-07-23 20:58:56,0.00
2026-07-23 21:00:14,0.30
2026-07-23 21:00:33,0.00
2026-07-23 21:02:50,0.40
2026-07-23 21:03:09,-0.10
2026-07-23 21:03:19,0.40
2026-07-23 21:03:48,-0.10
2026-07-23 21:05:36,0.50
2026-07-23 21:06:34,-0.10
2026-07-23 21:06:44,0.10
2026-07-23 21:07:32,0.30
2026-07-23 21:08:50,0.00
2026-07-23 21:10:57,0.30
2026-07-23 21:11:45,0.00
2026-07-23 21:12:05,0.30
2026-07-23 21:13:43,0.00
2026-07-23 21:15:30,0.30
2026-07-23 21:15:40,0.00
2026-07-23 21:16:37,0.30
2026-07-23 21:16:47,0.10
2026-07-23 21:18:35,0.00
2026-07-23 21:19:33,0.30
2026-07-23 21:21:10,-0.10
2026-07-23 21:22:08,0.00
2026-07-23 21:22:18,0.30
2026-07-23 21:23:07,0.00
2026-07-23 21:23:16,0.30
2026-07-23 21:26:12,0.40
2026-07-23 21:26:21,0.00
2026-07-23 21:26:31,0.20
2026-07-23 21:26:51,-0.10
2026-07-23 21:28:19,0.30
2026-07-23 21:29:07,0.00
2026-07-23 21:29:56,0.30
2026-07-23 21:30:25,0.10
2026-07-23 21:31:23,0.30
2026-07-23 21:32:12,0.10
2026-07-23 21:33:59,0.40
2026-07-23 21:34:09,-0.10
2026-07-23 21:34:48,0.00
2026-07-23 21:35:07,0.30
2026-07-23 21:37:14,0.00
2026-07-23 21:38:12,0.30
2026-07-23 21:40:09,0.10
2026-07-23 21:40:30,0.40
2026-07-23 21:42:07,0.30
2026-07-23 21:42:44,0.00
2026-07-23 21:43:15,0.30
2026-07-23 21:45:11,0.00
2026-07-23 21:46:10,0.30
2026-07-23 21:46:58,0.00
2026-07-23 21:48:25,0.30
2026-07-23 21:49:43,0.00
2026-07-23 21:51:11,-0.10
2026-07-23 21:51:30,0.30
2026-07-23 21:53:08,0.00
2026-07-23 21:53:38,0.30
2026-07-23 21:55:15,0.10
2026-07-23 21:55:34,0.30
2026-07-23 21:57:11,0.00
2026-07-23 21:57:32,0.30
2026-07-23 21:58:10,-0.10
2026-07-23 21:58:39,0.30
2026-07-23 21:59:57,-0.10
2026-07-23 22:01:54,0.00
2026-07-23 22:02:04,0.30
2026-07-23 22:03:12,0.00
2026-07-23 22:03:22,0.40
2026-07-23 22:04:50,0.00
2026-07-23 22:05:00,0.30
2026-07-23 22:06:27,0.00
2026-07-23 22:08:15,0.40
2026-07-23 22:08:33,0.00
2026-07-23 22:09:42,0.10
2026-07-23 22:09:52,0.40
2026-07-23 22:11:09,0.00
2026-07-23 22:12:27,0.40
2026-07-23 22:12:57,0.00
2026-07-23 22:14:05,0.40
2026-07-23 22:14:24,0.30
2026-07-23 22:15:23,0.00
2026-07-23 22:16:01,0.40
2026-07-23 22:16:31,0.10
2026-07-23 22:18:28,0.40
2026-07-23 22:19:46,-0.10
2026-07-23 22:20:05,0.40
2026-07-23 22:22:21,0.10
2026-07-23 22:22:31,-0.10
2026-07-23 22:23:01,0.40
2026-07-23 22:24:09,0.00
2026-07-23 22:25:17,0.40
2026-07-23 22:25:56,0.30
2026-07-23 22:26:15,0.10
2026-07-23 22:28:22,0.40
2026-07-23 22:28:51,0.00
2026-07-23 22:29:20,0.30
2026-07-23 22:30:19,0.10
2026-07-23 22:31:17,0.40
2026-07-23 22:33:52,0.00
2026-07-23 22:34:13,0.40
2026-07-23 22:34:42,0.00
2026-07-23 22:35:50,0.10
2026-07-23 22:37:07,0.40
2026-07-23 22:37:28,0.30
2026-07-23 22:37:47,0.00
2026-07-23 22:40:33,0.40
2026-07-23 22:41:01,0.30
2026-07-23 22:41:11,0.00
2026-07-23 22:42:48,0.30
2026-07-23 22:44:46,0.00
2026-07-23 22:45:44,0.40
2026-07-23 22:45:54,0.00
2026-07-23 22:47:51,0.40
2026-07-23 22:48:01,0.00
2026-07-23 22:49:57,0.40
2026-07-23 22:51:44,0.00
2026-07-23 22:52:23,0.10
2026-07-23 22:53:12,0.40
2026-07-23 22:54:20,0.30
2026-07-23 22:54:49,0.00
2026-07-23 22:55:47,0.30
2026-07-23 22:57:25,0.40
2026-07-23 22:58:14,0.20
2026-07-23 22:59:13,0.40
2026-07-23 23:00:20,0.00
2026-07-23 23:00:30,0.40
2026-07-23 23:00:50,0.00
2026-07-23 23:02:07,0.40
2026-07-23 23:02:27,0.10
2026-07-23 23:03:55,0.00
2026-07-23 23:04:43,0.40
2026-07-23 23:06:01,0.10
2026-07-23 23:06:31,0.40
2026-07-23 23:08:36,-0.10
2026-07-23 23:08:56,0.40
2026-07-23 23:09:16,0.10
2026-07-23 23:10:23,0.30
2026-07-23 23:11:32,0.00
2026-07-23 23:12:12,0.30
2026-07-23 23:12:21,0.10
2026-07-23 23:13:49,0.30
2026-07-23 23:14:56,0.00
2026-07-23 23:15:27,0.40
2026-07-23 23:16:14,0.10
2026-07-23 23:17:52,0.40
2026-07-23 23:18:50,0.00
2026-07-23 23:19:09,0.30
2026-07-23 23:20:57,0.00
2026-07-23 23:22:05,0.30
2026-07-23 23:22:54,0.00
2026-07-23 23:23:43,0.10
2026-07-23 23:24:02,0.30
2026-07-23 23:26:08,0.10
2026-07-23 23:26:18,0.40
2026-07-23 23:26:58,0.00
2026-07-23 23:27:46,0.40
2026-07-23 23:29:52,0.00
2026-07-23 23:30:13,0.30
2026-07-23 23:30:31,0.10
2026-07-23 23:32:18,0.40
2026-07-23 23:32:28,0.00
2026-07-23 23:33:27,0.10
2026-07-23 23:34:06,0.40
2026-07-23 23:35:33,0.30
2026-07-23 23:36:12,-0.10
2026-07-23 23:37:11,0.00
2026-07-23 23:37:50,0.30
2026-07-23 23:39:36,0.00
2026-07-23 23:40:16,0.40
2026-07-23 23:40:45,0.00
2026-07-23 23:41:53,0.10
2026-07-23 23:42:13,0.30
2026-07-23 23:43:40,0.00
2026-07-23 23:45:28,0.30
2026-07-23 23:47:15,0.20
2026-07-23 23:47:25,0.40
2026-07-23 23:49:21,0.00
2026-07-23 23:50:20,0.10
2026-07-23 23:50:40,0.40
2026-07-23 23:52:46,0.00
2026-07-23 23:52:56,0.40
2026-07-23 23:54:23,0.10
2026-07-23 23:55:12,0.00
2026-07-23 23:55:22,0.30
2026-07-23 23:57:19,0.10
2026-07-23 23:58:37,0.00
2026-07-23 23:58:46,0.30
2026-07-24 00:00:24,0.40
2026-07-24 00:00:33,0.10
2026-07-24 00:02:40,0.40
2026-07-24 00:03:09,0.30
2026-07-24 00:03:39,0.00
2026-07-24 00:05:45,0.40
2026-07-24 00:06:04,0.00
2026-07-24 00:07:02,0.40
2026-07-24 00:08:40,0.50
2026-07-24 00:08:49,0.00
2026-07-24 00:11:06,0.40
2026-07-24 00:11:54,0.00
2026-07-24 00:13:32,0.40
2026-07-24 00:13:52,0.00
2026-07-24 00:15:00,0.10
2026-07-24 00:15:19,0.50
2026-07-24 00:16:38,0.30
2026-07-24 00:17:16,0.10
2026-07-24 00:18:24,0.30
2026-07-24 00:18:34,0.10
2026-07-24 00:19:43,0.00
2026-07-24 00:21:11,0.40
2026-07-24 00:21:20,0.10
2026-07-24 00:21:39,0.40
2026-07-24 00:22:57,0.10
2026-07-24 00:23:06,0.40
2026-07-24 00:25:14,0.30
2026-07-24 00:26:12,0.00
2026-07-24 00:26:41,0.30
2026-07-24 00:27:39,0.00
2026-07-24 00:28:19,0.30
2026-07-24 00:29:56,0.00
2026-07-24 00:30:16,0.30
2026-07-24 00:31:14,0.40
2026-07-24 00:31:33,0.10
2026-07-24 00:33:11,0.00
2026-07-24 00:33:21,0.40
2026-07-24 00:34:58,0.30
2026-07-24 00:35:17,-0.10
2026-07-24 00:36:35,0.00
2026-07-24 00:37:25,0.30
2026-07-24 00:38:33,-0.10
2026-07-24 00:39:30,0.00
2026-07-24 00:39:51,0.40
2026-07-24 00:41:08,0.00
2026-07-24 00:41:18,0.30
2026-07-24 00:43:24,0.00
2026-07-24 00:45:11,0.30
2026-07-24 00:46:58,0.10
2026-07-24 00:47:28,0.30
2026-07-24 00:48:16,0.00
2026-07-24 00:48:46,0.30
2026-07-24 00:50:33,0.00
2026-07-24 00:51:12,0.30
2026-07-24 00:53:19,0.00
2026-07-24 00:54:07,0.30
2026-07-24 00:55:05,0.00
2026-07-24 00:56:14,0.30
2026-07-24 00:56:33,0.00
2026-07-24 00:58:50,0.40
2026-07-24 00:59:20,0.30
2026-07-24 00:59:48,0.00
2026-07-24 01:01:06,0.30
2026-07-24 01:01:15,0.00
2026-07-24 01:03:52,0.40
2026-07-24 01:04:50,0.00
2026-07-24 01:05:19,0.30
2026-07-24 01:07:26,0.00
2026-07-24 01:07:36,0.30
2026-07-24 01:07:46,0.00
2026-07-24 01:09:33,0.30
2026-07-24 01:10:31,-0.10
2026-07-24 01:11:29,0.20
2026-07-24 01:12:08,-0.10
2026-07-24 01:12:38,0.30
2026-07-24 01:12:47,-0.10
2026-07-24 01:14:15,0.00
2026-07-24 01:14:24,0.20
2026-07-24 01:16:02,0.30
2026-07-24 01:16:41,0.00
2026-07-24 01:17:49,0.20
2026-07-24 01:18:09,-0.10
2026-07-24 01:19:07,0.30
2026-07-24 01:19:56,0.10
2026-07-24 01:21:14,0.30
2026-07-24 01:21:42,-0.10
2026-07-24 01:23:29,0.30
2026-07-24 01:23:40,0.00
2026-07-24 01:24:09,-0.10
2026-07-24 01:24:48,0.30
2026-07-24 01:25:56,-0.10
2026-07-24 01:26:06,0.20
2026-07-24 01:27:53,0.00
2026-07-24 01:29:21,-0.20
2026-07-24 01:29:50,0.20
2026-07-24 01:31:47,-0.10
2026-07-24 01:32:16,0.00
2026-07-24 01:33:14,0.30
2026-07-24 01:33:54,0.00
2026-07-24 01:34:23,0.30
2026-07-24 01:36:29,-0.10
2026-07-24 01:37:09,0.30
2026-07-24 01:37:18,0.00
2026-07-24 01:37:57,0.30
2026-07-24 01:39:05,0.00
2026-07-24 01:39:15,0.20
2026-07-24 01:40:43,0.00
2026-07-24 01:42:00,0.30
2026-07-24 01:42:30,0.20
2026-07-24 01:43:28,-0.10
2026-07-24 01:44:08,0.00
2026-07-24 01:44:27,0.30
2026-07-24 01:45:55,0.20
2026-07-24 01:46:13,-0.10
2026-07-24 01:47:13,0.20
2026-07-24 01:47:51,-0.10
2026-07-24 01:49:58,0.20
2026-07-24 01:51:45,-0.20
2026-07-24 01:52:54,0.30
2026-07-24 01:53:03,-0.10
2026-07-24 01:53:42,0.20
2026-07-24 01:54:41,-0.10
2026-07-24 01:55:49,0.20
2026-07-24 01:57:16,-0.10
2026-07-24 01:58:54,0.20
2026-07-24 02:00:41,0.30
2026-07-24 02:01:29,-0.10
2026-07-24 02:02:18,0.30
2026-07-24 02:03:46,-0.10
2026-07-24 02:03:55,0.30
2026-07-24 02:06:12,-0.10
2026-07-24 02:07:20,0.30
2026-07-24 02:07:30,-0.10
2026-07-24 02:08:38,0.30
2026-07-24 02:08:47,-0.10
2026-07-24 02:10:15,0.20
2026-07-24 02:11:13,-0.10
2026-07-24 02:12:12,0.20
2026-07-24 02:12:50,-0.20
2026-07-24 02:14:28,-0.10
2026-07-24 02:15:08,0.30
2026-07-24 02:15:26,-0.10
2026-07-24 02:16:35,0.30
2026-07-24 02:17:14,0.20
2026-07-24 02:18:12,-0.10
2026-07-24 02:18:40,0.30
2026-07-24 02:19:40,-0.10
2026-07-24 02:20:58,0.20
2026-07-24 02:22:06,0.00
2026-07-24 02:22:35,0.30
2026-07-24 02:24:12,-0.10
2026-07-24 02:24:51,0.30
2026-07-24 02:25:40,-0.10
2026-07-24 02:25:49,0.20
2026-07-24 02:26:58,-0.10
2026-07-24 02:27:47,0.20
2026-07-24 02:29:24,-0.10
2026-07-24 02:30:31,0.20
2026-07-24 02:32:09,-0.10
2026-07-24 02:32:19,0.20
2026-07-24 02:34:06,-0.10
2026-07-24 02:34:26,0.20
2026-07-24 02:35:05,0.00
2026-07-24 02:35:34,0.20
2026-07-24 02:36:52,-0.10
2026-07-24 02:37:11,0.20
2026-07-24 02:39:08,-0.10
2026-07-24 02:40:35,0.20
2026-07-24 02:41:34,-0.10
2026-07-24 02:42:02,0.20
2026-07-24 02:44:20,-0.10
2026-07-24 02:44:58,0.20
2026-07-24 02:46:15,-0.10
2026-07-24 02:46:45,0.20
2026-07-24 02:47:05,-0.20
2026-07-24 02:48:23,0.20
2026-07-24 02:49:20,-0.10
2026-07-24 02:50:39,0.20
2026-07-24 02:51:56,-0.20
2026-07-24 02:52:16,0.20
2026-07-24 02:53:15,-0.20
2026-07-24 02:53:34,0.10
2026-07-24 02:55:41,-0.20
2026-07-24 02:57:19,0.10
2026-07-24 02:58:07,-0.10
2026-07-24 02:59:06,0.20
2026-07-24 02:59:44,-0.20
2026-07-24 02:59:54,0.20
2026-07-24 03:01:22,-0.20
2026-07-24 03:01:32,0.20
2026-07-24 03:04:07,-0.10
2026-07-24 03:04:56,0.20
2026-07-24 03:05:44,-0.10
2026-07-24 03:06:52,0.20
2026-07-24 03:07:42,0.00
2026-07-24 03:08:00,-0.10
2026-07-24 03:08:10,0.10
2026-07-24 03:10:07,-0.10
2026-07-24 03:12:05,0.10
2026-07-24 03:14:10,-0.30
2026-07-24 03:14:50,0.20
2026-07-24 03:15:48,-0.20
2026-07-24 03:16:56,0.00
2026-07-24 03:17:55,0.10
2026-07-24 03:19:03,-0.10
2026-07-24 03:19:32,-0.30
2026-07-24 03:20:01,0.10
2026-07-24 03:22:08,-0.20
2026-07-24 03:22:18,0.20
2026-07-24 03:23:06,0.10
2026-07-24 03:23:25,-0.20
2026-07-24 03:24:53,0.10
2026-07-24 03:26:30,-0.20
2026-07-24 03:27:09,0.10
2026-07-24 03:27:58,-0.20
2026-07-24 03:28:26,0.10
2026-07-24 03:29:45,-0.20
2026-07-24 03:31:04,0.10
2026-07-24 03:31:22,-0.20
2026-07-24 03:33:09,0.10
2026-07-24 03:33:18,-0.20
2026-07-24 03:35:36,0.20
2026-07-24 03:36:04,-0.20
2026-07-24 03:36:24,0.10
2026-07-24 03:38:11,-0.10
2026-07-24 03:39:39,-0.30
2026-07-24 03:39:49,0.10
2026-07-24 03:42:14,-0.20
2026-07-24 03:42:44,0.10
2026-07-24 03:44:02,-0.30
2026-07-24 03:45:00,0.10
2026-07-24 03:45:19,-0.20
2026-07-24 03:46:08,0.00
2026-07-24 03:46:57,-0.30
2026-07-24 03:47:55,0.10
2026-07-24 03:48:05,-0.20
2026-07-24 03:50:12,0.10
2026-07-24 03:51:10,0.00
2026-07-24 03:51:58,-0.30
2026-07-24 03:52:38,-0.10
2026-07-24 03:53:46,0.10
2026-07-24 03:55:33,-0.20
2026-07-24 03:55:53,0.10
2026-07-24 03:56:02,-0.20
2026-07-24 03:57:30,0.10
2026-07-24 03:58:58,-0.30
2026-07-24 03:59:07,0.10
2026-07-24 04:00:16,-0.30
2026-07-24 04:01:43,0.10
2026-07-24 04:02:12,-0.30
2026-07-24 04:03:01,0.10
2026-07-24 04:03:30,-0.30
2026-07-24 04:04:29,0.10
2026-07-24 04:04:48,-0.20
2026-07-24 04:06:07,0.10
2026-07-24 04:07:14,-0.30
2026-07-24 04:07:44,0.10
2026-07-24 04:07:53,-0.30
2026-07-24 04:09:01,-0.20
2026-07-24 04:09:21,0.10
2026-07-24 04:10:49,-0.30
2026-07-24 04:10:58,0.00
2026-07-24 04:12:26,0.10
2026-07-24 04:13:15,-0.30
2026-07-24 04:15:11,0.10
2026-07-24 04:15:30,-0.20
2026-07-24 04:15:50,-0.30
2026-07-24 04:16:10,0.00
2026-07-24 04:18:35,-0.30
2026-07-24 04:18:56,0.00
2026-07-24 04:19:15,-0.30
2026-07-24 04:21:02,0.00
2026-07-24 04:22:20,-0.30
2026-07-24 04:22:39,0.00
2026-07-24 04:23:57,-0.30
2026-07-24 04:24:26,0.00
2026-07-24 04:25:53,-0.20
2026-07-24 04:27:31,0.00
2026-07-24 04:28:01,-0.40
2026-07-24 04:28:59,0.00
2026-07-24 04:29:38,-0.30
2026-07-24 04:30:46,0.00
2026-07-24 04:31:44,-0.40
2026-07-24 04:32:53,0.00
2026-07-24 04:33:32,-0.30
2026-07-24 04:33:52,0.00
2026-07-24 04:34:10,-0.30
2026-07-24 04:35:29,0.00
2026-07-24 04:36:07,-0.30
2026-07-24 04:37:06,0.00
2026-07-24 04:37:55,-0.30
2026-07-24 04:38:43,0.10
2026-07-24 04:39:13,-0.30
2026-07-24 04:40:40,0.00
2026-07-24 04:40:50,-0.30
2026-07-24 04:42:07,-0.20
2026-07-24 04:42:28,0.00
2026-07-24 04:44:43,-0.30
2026-07-24 04:45:43,0.00
2026-07-24 04:48:09,-0.20
2026-07-24 04:48:57,0.00
2026-07-24 04:49:06,-0.30
2026-07-24 04:50:44,-0.40
2026-07-24 04:50:54,0.00
2026-07-24 04:52:01,-0.30
2026-07-24 04:52:31,0.00
2026-07-24 04:54:09,-0.30
2026-07-24 04:54:38,0.00
2026-07-24 04:56:44,-0.40
2026-07-24 04:56:54,-0.10
2026-07-24 04:58:22,-0.40
2026-07-24 04:58:32,0.00
2026-07-24 04:59:30,-0.40
2026-07-24 05:00:38,-0.10
2026-07-24 05:01:57,0.00
2026-07-24 05:02:15,-0.30
2026-07-24 05:03:34,-0.10
2026-07-24 05:03:43,-0.40
2026-07-24 05:05:21,0.00
2026-07-24 05:06:10,-0.40
2026-07-24 05:07:47,0.00
2026-07-24 05:08:15,-0.30
2026-07-24 05:08:26,-0.10
2026-07-24 05:09:24,-0.30
2026-07-24 05:10:42,0.00
2026-07-24 05:10:52,-0.30
2026-07-24 05:12:10,0.00
2026-07-24 05:12:39,-0.40
2026-07-24 05:14:36,0.00
2026-07-24 05:15:14,-0.40
2026-07-24 05:15:34,-0.10
2026-07-24 05:16:52,-0.40
2026-07-24 05:17:51,0.00
2026-07-24 05:18:29,-0.40
2026-07-24 05:18:39,-0.10
2026-07-24 05:20:07,-0.40
2026-07-24 05:20:37,-0.10
2026-07-24 05:22:32,-0.40
2026-07-24 05:23:22,0.00
2026-07-24 05:23:51,-0.30
2026-07-24 05:25:28,-0.40
2026-07-24 05:25:38,-0.10
2026-07-24 05:26:36,-0.40
2026-07-24 05:26:46,-0.10
2026-07-24 05:28:32,-0.40
2026-07-24 05:30:59,-0.10
2026-07-24 05:33:05,-0.40
2026-07-24 05:34:04,0.00
2026-07-24 05:35:02,-0.30
2026-07-24 05:35:22,-0.10
2026-07-24 05:37:18,-0.40
2026-07-24 05:37:38,0.00
2026-07-24 05:38:46,-0.10
2026-07-24 05:39:05,-0.40
2026-07-24 05:39:45,-0.10
2026-07-24 05:40:33,-0.50
2026-07-24 05:41:51,-0.30
2026-07-24 05:42:11,0.00
2026-07-24 05:43:09,-0.10
2026-07-24 05:43:19,-0.40
2026-07-24 05:45:26,-0.10
2026-07-24 05:45:45,-0.40
2026-07-24 05:46:54,-0.10
2026-07-24 05:48:21,-0.30
2026-07-24 05:50:26,-0.10
2026-07-24 05:51:26,-0.40
2026-07-24 05:51:55,-0.10
2026-07-24 05:53:03,-0.20
2026-07-24 05:53:41,-0.40
2026-07-24 05:54:50,-0.10
2026-07-24 05:56:18,-0.50
2026-07-24 05:57:07,-0.10
2026-07-24 05:58:24,-0.40
2026-07-24 05:59:52,-0.50
2026-07-24 06:00:22,-0.10
2026-07-24 06:01:20,-0.50
2026-07-24 06:01:59,-0.10
2026-07-24 06:03:07,-0.40
2026-07-24 06:03:16,-0.10
2026-07-24 06:04:53,-0.40
2026-07-24 06:06:12,-0.10
2026-07-24 06:06:51,-0.40
2026-07-24 06:07:58,-0.10
2026-07-24 06:08:08,-0.40
2026-07-24 06:10:15,-0.10
2026-07-24 06:10:43,-0.40
2026-07-24 06:11:23,-0.10
2026-07-24 06:11:52,-0.40
2026-07-24 06:13:20,-0.10
2026-07-24 06:14:58,-0.40
2026-07-24 06:16:15,-0.10
2026-07-24 06:16:35,-0.30
2026-07-24 06:17:43,-0.40
2026-07-24 06:18:31,-0.10
2026-07-24 06:19:29,-0.40
2026-07-24 06:19:39,-0.20
2026-07-24 06:21:06,-0.40
2026-07-24 06:21:46,-0.10
2026-07-24 06:24:02,-0.40
2026-07-24 06:24:51,-0.10
2026-07-24 06:27:07,-0.50
2026-07-24 06:27:36,-0.30
2026-07-24 06:28:06,-0.10
2026-07-24 06:30:51,-0.50
2026-07-24 06:31:10,-0.10
2026-07-24 06:31:30,-0.40
2026-07-24 06:33:07,-0.10
2026-07-24 06:35:14,-0.40
2026-07-24 06:36:22,-0.20
2026-07-24 06:37:59,-0.30
2026-07-24 06:38:38,-0.10
2026-07-24 06:39:27,-0.20
2026-07-24 06:39:55,-0.40
2026-07-24 06:40:55,-0.50
2026-07-24 06:41:14,-0.20
2026-07-24 06:43:30,-0.50
2026-07-24 06:44:19,-0.20
2026-07-24 06:45:27,-0.10
2026-07-24 06:45:56,-0.50
2026-07-24 06:46:55,-0.10
2026-07-24 06:47:34,-0.20
2026-07-24 06:47:43,-0.40
2026-07-24 06:49:40,-0.50
2026-07-24 06:49:51,-0.10
2026-07-24 06:51:08,-0.40
2026-07-24 06:52:26,-0.10
2026-07-24 06:52:55,-0.50
2026-07-24 06:54:32,-0.20
2026-07-24 06:54:42,-0.40
2026-07-24 06:56:00,-0.10
2026-07-24 06:56:59,-0.50
2026-07-24 06:57:37,-0.40
2026-07-24 06:57:47,-0.20
2026-07-24 06:59:44,-0.50
2026-07-24 07:00:42,-0.20
2026-07-24 07:00:52,-0.50
2026-07-24 07:02:40,-0.10
2026-07-24 07:03:57,-0.50
2026-07-24 07:04:07,-0.20
2026-07-24 07:05:54,-0.40
2026-07-24 07:06:53,-0.10
2026-07-24 07:08:50,-0.50
2026-07-24 07:08:59,-0.40
2026-07-24 07:09:09,-0.10
2026-07-24 07:10:56,-0.40
2026-07-24 07:11:26,-0.20
2026-07-24 07:12:34,-0.50
2026-07-24 07:12:44,-0.20
2026-07-24 07:14:21,-0.40
2026-07-24 07:15:00,-0.10
2026-07-24 07:15:39,-0.20
2026-07-24 07:16:57,-0.50
2026-07-24 07:17:07,-0.10
2026-07-24 07:17:55,-0.40
2026-07-24 07:19:14,-0.10
2026-07-24 07:19:23,-0.40
2026-07-24 07:20:51,-0.10
2026-07-24 07:21:40,-0.50
2026-07-24 07:22:08,-0.10
2026-07-24 07:22:18,-0.40
2026-07-24 07:23:56,-0.10
2026-07-24 07:24:55,-0.50
2026-07-24 07:25:23,-0.40
2026-07-24 07:25:53,-0.20
2026-07-24 07:27:11,-0.50
2026-07-24 07:27:21,-0.10
2026-07-24 07:28:48,-0.40
2026-07-24 07:30:15,-0.10
2026-07-24 07:30:45,-0.40
2026-07-24 07:31:24,-0.10
2026-07-24 07:32:52,-0.40
2026-07-24 07:33:02,-0.10
2026-07-24 07:34:19,-0.50
2026-07-24 07:35:08,-0.10
2026-07-24 07:36:36,-0.50
2026-07-24 07:37:05,-0.10
2026-07-24 07:37:24,-0.50
2026-07-24 07:38:42,-0.40
2026-07-24 07:39:02,0.00
2026-07-24 07:40:20,-0.40
2026-07-24 07:41:09,-0.10
2026-07-24 07:41:58,-0.20
2026-07-24 07:42:26,-0.50
2026-07-24 07:44:03,-0.10
2026-07-24 07:44:52,-0.40
2026-07-24 07:45:12,-0.10
2026-07-24 07:46:00,-0.40
2026-07-24 07:46:49,-0.10
2026-07-24 07:47:17,-0.40
2026-07-24 07:49:06,-0.10
2026-07-24 07:49:16,-0.40
2026-07-24 07:50:44,-0.10
2026-07-24 07:51:51,-0.40
2026-07-24 07:52:01,-0.10
2026-07-24 07:54:08,-0.40
2026-07-24 07:55:26,-0.10
2026-07-24 07:57:03,-0.40
2026-07-24 07:59:10,-0.10
2026-07-24 08:00:28,-0.40
2026-07-24 08:03:13,0.00
2026-07-24 08:03:22,-0.10
2026-07-24 08:03:52,-0.40
2026-07-24 08:05:10,-0.10
2026-07-24 08:06:28,-0.40
2026-07-24 08:07:08,-0.10
2026-07-24 08:08:05,-0.40
2026-07-24 08:08:45,-0.10
2026-07-24 08:09:03,-0.40
2026-07-24 08:10:22,-0.10
2026-07-24 08:11:30,-0.40
2026-07-24 08:11:50,-0.10
2026-07-24 08:11:59,-0.40
2026-07-24 08:13:17,-0.10
2026-07-24 08:13:56,-0.40
2026-07-24 08:15:04,-0.10
2026-07-24 08:16:03,-0.40
2026-07-24 08:17:21,0.00
2026-07-24 08:18:19,-0.30
2026-07-24 08:19:36,0.00
2026-07-24 08:20:45,-0.30
2026-07-24 08:21:44,0.00
2026-07-24 08:22:22,-0.40
2026-07-24 08:23:40,-0.30
2026-07-24 08:24:10,0.00
2026-07-24 08:25:17,-0.30
2026-07-24 08:25:57,0.10
2026-07-24 08:27:15,-0.40
2026-07-24 08:28:03,-0.30
2026-07-24 08:29:12,0.10
2026-07-24 08:30:58,-0.30
2026-07-24 08:31:28,-0.20
2026-07-24 08:31:38,0.10
2026-07-24 08:33:25,-0.20
2026-07-24 08:35:02,0.10
2026-07-24 08:36:11,-0.30
2026-07-24 08:36:21,0.10
2026-07-24 08:36:39,-0.10
2026-07-24 08:38:07,-0.20
2026-07-24 08:39:06,0.10
2026-07-24 08:40:43,-0.20
2026-07-24 08:41:41,0.10
2026-07-24 08:42:01,-0.20
2026-07-24 08:44:17,0.20
2026-07-24 08:44:56,-0.20
2026-07-24 08:46:04,0.20
2026-07-24 08:47:02,-0.20
2026-07-24 08:48:01,-0.10
2026-07-24 08:48:11,0.10
2026-07-24 08:49:38,-0.10
2026-07-24 08:49:58,0.20
2026-07-24 08:51:16,-0.10
2026-07-24 08:51:45,0.20
2026-07-24 08:53:32,-0.10
2026-07-24 08:55:00,0.00
2026-07-24 08:55:10,0.20
2026-07-24 08:56:07,-0.10
2026-07-24 08:56:37,0.20
2026-07-24 08:57:45,-0.10
2026-07-24 08:57:54,0.20
2026-07-24 09:00:10,-0.10
2026-07-24 09:01:39,0.50
2026-07-24 09:02:28,-0.10
2026-07-24 09:03:16,0.20
2026-07-24 09:04:05,-0.20
2026-07-24 09:04:24,0.20
2026-07-24 09:04:34,-0.10
2026-07-24 09:06:50,0.30
2026-07-24 09:08:56,-0.10
2026-07-24 09:09:06,0.30
2026-07-24 09:09:46,0.20
2026-07-24 09:10:53,-0.10
2026-07-24 09:11:32,-0.20
2026-07-24 09:11:42,0.20
2026-07-24 09:13:00,-0.10
2026-07-24 09:15:16,0.30
2026-07-24 09:16:14,-0.10
2026-07-24 09:16:44,0.20
2026-07-24 09:17:42,-0.10
2026-07-24 09:18:11,0.30
2026-07-24 09:20:27,-0.10
2026-07-24 09:21:55,0.30
2026-07-24 09:22:43,0.00
2026-07-24 09:23:32,0.30
2026-07-24 09:24:11,0.10
2026-07-24 09:24:21,0.30
2026-07-24 09:25:49,-0.10
2026-07-24 09:25:58,0.30
2026-07-24 09:27:35,0.10
2026-07-24 09:27:45,0.30
2026-07-24 09:29:31,-0.10
2026-07-24 09:30:59,0.30
2026-07-24 09:32:17,0.00
2026-07-24 09:32:36,0.30
2026-07-24 09:32:57,0.00
2026-07-24 09:34:14,0.30
2026-07-24 09:35:03,0.10
2026-07-24 09:35:42,0.30
2026-07-24 09:36:49,0.00
2026-07-24 09:37:39,0.30
2026-07-24 09:37:49,0.00
2026-07-24 09:39:54,0.30
2026-07-24 09:41:03,0.00
2026-07-24 09:42:41,0.30
2026-07-24 09:44:18,-0.10
2026-07-24 09:44:48,0.40
2026-07-24 09:45:56,0.30
2026-07-24 09:47:13,-0.10
2026-07-24 09:47:43,0.40
2026-07-24 09:49:00,-0.10
2026-07-24 09:49:21,0.40
2026-07-24 09:50:48,0.10
2026-07-24 09:51:07,0.30
2026-07-24 09:52:15,0.40
2026-07-24 09:52:25,0.10
2026-07-24 09:54:21,0.40
2026-07-24 09:55:40,0.10
2026-07-24 09:57:07,0.70
2026-07-24 09:57:17,0.50
2026-07-24 09:57:36,0.00
2026-07-24 09:59:04,0.40
2026-07-24 09:59:53,0.10
2026-07-24 10:01:01,0.20
2026-07-24 10:01:30,0.50
2026-07-24 10:02:38,0.10
2026-07-24 10:03:47,0.20
2026-07-24 10:03:57,0.60
2026-07-24 10:05:34,0.10
2026-07-24 10:06:42,0.60
2026-07-24 10:07:40,0.40
2026-07-24 10:08:29,0.70
2026-07-24 10:09:38,0.20
2026-07-24 10:10:25,0.30
2026-07-24 10:11:43,0.60
2026-07-24 10:12:23,0.20
2026-07-24 10:13:41,0.60
2026-07-24 10:14:20,0.30
2026-07-24 10:15:47,0.60
2026-07-24 10:15:57,0.30
2026-07-24 10:17:15,0.60
2026-07-24 10:17:34,0.20
2026-07-24 10:18:43,0.60
2026-07-24 10:19:11,0.20
2026-07-24 10:20:29,0.60
2026-07-24 10:21:08,0.30
2026-07-24 10:21:57,0.60
2026-07-24 10:23:05,0.40
2026-07-24 10:23:53,0.30
2026-07-24 10:24:14,0.70
2026-07-24 10:25:21,0.60
2026-07-24 10:26:10,0.20
2026-07-24 10:27:08,0.40
2026-07-24 10:27:47,0.60
2026-07-24 10:29:15,0.20
2026-07-24 10:29:34,0.60
2026-07-24 10:30:23,0.20
2026-07-24 10:30:43,0.60
2026-07-24 10:31:51,0.30
2026-07-24 10:32:30,0.60
2026-07-24 10:33:38,0.70
2026-07-24 10:34:47,0.20
2026-07-24 10:35:25,0.10
2026-07-24 10:35:35,0.50
2026-07-24 10:37:32,0.10
2026-07-24 10:37:51,0.50
2026-07-24 10:38:30,0.70
2026-07-24 10:39:00,0.00
2026-07-24 10:40:18,0.10
2026-07-24 10:40:46,0.50
2026-07-24 10:42:33,0.10
2026-07-24 10:43:22,0.20
2026-07-24 10:43:32,0.50
2026-07-24 10:45:00,0.60
2026-07-24 10:45:59,0.10
2026-07-24 10:46:56,0.50
2026-07-24 10:48:05,0.20
2026-07-24 10:48:44,0.60
2026-07-24 10:48:53,0.30
2026-07-24 10:50:21,0.60
2026-07-24 10:50:41,0.20
2026-07-24 10:51:49,0.10
2026-07-24 10:52:09,0.60
2026-07-24 10:53:17,0.10
2026-07-24 10:53:37,0.50
2026-07-24 10:55:05,0.10
2026-07-24 10:55:23,0.70
2026-07-24 10:57:00,0.20
2026-07-24 10:57:30,0.50
2026-07-24 10:58:37,0.20
2026-07-24 10:58:58,0.50
2026-07-24 11:01:04,0.00
2026-07-24 11:01:23,0.60
2026-07-24 11:02:02,-0.10
2026-07-24 11:03:01,0.50
2026-07-24 11:03:20,0.00
2026-07-24 11:03:30,0.40
2026-07-24 11:05:55,0.10
2026-07-24 11:08:03,0.60
2026-07-24 11:08:22,0.40
2026-07-24 11:09:10,0.00
2026-07-24 11:10:18,0.40
2026-07-24 11:11:45,0.00
2026-07-24 11:11:56,0.60
2026-07-24 11:13:13,0.50
2026-07-24 11:13:23,0.10
2026-07-24 11:15:21,0.40
2026-07-24 11:16:28,0.00
2026-07-24 11:16:59,0.40
2026-07-24 11:18:26,0.00
2026-07-24 11:18:45,0.40
2026-07-24 11:19:43,0.00
2026-07-24 11:20:51,0.60
2026-07-24 11:21:40,-0.10
2026-07-24 11:21:50,0.40
2026-07-24 11:22:58,0.10
2026-07-24 11:24:07,0.50
2026-07-24 11:24:55,0.20
2026-07-24 11:25:14,0.40
2026-07-24 11:26:42,0.50
2026-07-24 11:26:52,0.00
2026-07-24 11:28:20,0.40
2026-07-24 11:28:29,0.10
2026-07-24 11:29:57,0.20
2026-07-24 11:30:26,0.60
2026-07-24 11:31:35,0.20
2026-07-24 11:31:54,0.50
2026-07-24 11:33:03,0.70
2026-07-24 11:33:12,0.20
2026-07-24 11:34:40,0.70
2026-07-24 11:35:57,0.20
2026-07-24 11:37:15,0.60
2026-07-24 11:37:25,0.20
2026-07-24 11:38:23,0.60
2026-07-24 11:39:51,0.20
2026-07-24 11:40:58,0.70
2026-07-24 11:41:28,0.60
2026-07-24 11:41:38,0.20
2026-07-24 11:42:46,0.30
2026-07-24 11:44:03,0.60
2026-07-24 11:45:31,0.20
2026-07-24 11:46:39,0.30
2026-07-24 11:46:59,0.60
2026-07-24 11:47:48,0.10
2026-07-24 11:48:07,0.60
2026-07-24 11:49:25,0.20
2026-07-24 11:49:54,0.60
2026-07-24 11:52:02,0.10
2026-07-24 11:52:20,0.60
2026-07-24 11:53:57,0.40
2026-07-24 11:55:35,0.70
2026-07-24 11:57:33,0.40
2026-07-24 11:57:52,0.70
2026-07-24 11:58:40,0.40
2026-07-24 11:59:38,0.80
2026-07-24 12:00:17,0.30
2026-07-24 12:00:57,0.70
2026-07-24 12:01:06,0.40
2026-07-24 12:02:52,0.30
2026-07-24 12:03:13,0.70
2026-07-24 12:05:00,0.50
2026-07-24 12:05:58,0.80
2026-07-24 12:06:28,0.40
2026-07-24 12:07:45,0.50
2026-07-24 12:08:15,0.80
2026-07-24 12:10:21,0.50
2026-07-24 12:11:10,0.70
2026-07-24 12:11:38,0.20
2026-07-24 12:12:28,0.70
2026-07-24 12:13:46,0.20
2026-07-24 12:14:44,0.60
2026-07-24 12:16:02,0.30
2026-07-24 12:16:21,0.70
2026-07-24 12:17:39,0.50
2026-07-24 12:19:36,0.70
2026-07-24 12:19:46,0.30
2026-07-24 12:21:43,0.60
2026-07-24 12:21:52,0.30
2026-07-24 12:23:29,0.70
2026-07-24 12:24:57,0.60
2026-07-24 12:25:17,0.30
2026-07-24 12:25:46,0.70
2026-07-24 12:26:05,0.30
2026-07-24 12:28:02,0.50
2026-07-24 12:29:01,0.60
2026-07-24 12:30:28,0.10
2026-07-24 12:31:07,0.60
2026-07-24 12:31:56,0.20
2026-07-24 12:32:25,0.60
2026-07-24 12:33:53,0.30
2026-07-24 12:34:13,0.60
2026-07-24 12:34:42,0.30
2026-07-24 12:36:38,0.20
2026-07-24 12:36:58,0.70
2026-07-24 12:38:26,0.30
2026-07-24 12:39:44,0.70
2026-07-24 12:40:32,0.90
2026-07-24 12:41:31,0.30
2026-07-24 12:43:09,0.80
2026-07-24 12:45:04,0.30
2026-07-24 12:45:54,0.80
2026-07-24 12:46:13,0.50
2026-07-24 12:48:09,0.10
2026-07-24 12:48:40,1.00
2026-07-24 12:49:47,0.90
2026-07-24 12:50:17,0.40
2026-07-24 12:50:56,0.80
2026-07-24 12:51:05,0.50
2026-07-24 12:52:53,0.80
2026-07-24 12:53:02,0.50
2026-07-24 12:55:00,0.40
2026-07-24 12:55:09,0.90
2026-07-24 12:55:28,0.40
2026-07-24 12:56:56,0.70
2026-07-24 12:57:05,0.40
2026-07-24 12:58:14,0.70
2026-07-24 12:59:41,0.40
2026-07-24 13:01:18,0.90
2026-07-24 13:01:58,0.60
2026-07-24 13:02:46,0.80
2026-07-24 13:03:55,0.60
2026-07-24 13:05:42,0.80
2026-07-24 13:06:01,0.50
2026-07-24 13:06:59,0.70
2026-07-24 13:07:39,0.50
2026-07-24 13:09:07,0.70
2026-07-24 13:10:04,0.40
2026-07-24 13:10:14,0.70
2026-07-24 13:10:24,0.40
2026-07-24 13:12:11,0.90
2026-07-24 13:13:00,0.30
2026-07-24 13:13:40,0.40
2026-07-24 13:13:59,0.70
2026-07-24 13:15:17,1.00
2026-07-24 13:16:15,0.50
2026-07-24 13:16:54,0.90
2026-07-24 13:18:02,0.40
2026-07-24 13:19:20,1.00
2026-07-24 13:20:47,0.40
2026-07-24 13:22:54,1.00
2026-07-24 13:24:31,0.50
2026-07-24 13:25:01,0.90
2026-07-24 13:26:28,0.40
2026-07-24 13:26:48,0.80
2026-07-24 13:26:58,0.20
2026-07-24 13:29:14,0.70
2026-07-24 13:29:23,0.40
2026-07-24 13:30:12,0.70
2026-07-24 13:32:48,0.10
2026-07-24 13:33:27,0.20
2026-07-24 13:33:46,0.70
2026-07-24 13:35:04,0.30
2026-07-24 13:35:34,0.80
2026-07-24 13:36:51,0.90
2026-07-24 13:37:40,0.40
2026-07-24 13:38:49,0.70
2026-07-24 13:39:08,0.40
2026-07-24 13:40:07,0.70
2026-07-24 13:40:16,0.30
2026-07-24 13:41:44,0.80
2026-07-24 13:43:40,0.40
2026-07-24 13:43:50,0.80
2026-07-24 13:46:16,0.40
2026-07-24 13:47:15,0.80
2026-07-24 13:48:42,0.40
2026-07-24 13:49:11,0.80
2026-07-24 13:51:08,0.50
2026-07-24 13:51:28,0.80
2026-07-24 13:51:57,0.50
2026-07-24 13:53:15,0.80
2026-07-24 13:53:25,0.40
2026-07-24 13:55:02,0.70
2026-07-24 13:55:41,0.40
2026-07-24 13:56:40,0.80
2026-07-24 13:57:57,0.50
2026-07-24 13:58:56,0.90
2026-07-24 13:59:54,0.50
2026-07-24 14:00:23,0.80
2026-07-24 14:02:30,0.50
2026-07-24 14:02:59,0.90
2026-07-24 14:03:29,0.80
2026-07-24 14:04:17,0.50
2026-07-24 14:05:25,0.90
2026-07-24 14:06:04,0.50
2026-07-24 14:07:32,0.40
2026-07-24 14:07:51,0.90
2026-07-24 14:08:30,0.50
2026-07-24 14:09:29,1.00
2026-07-24 14:10:47,0.60
2026-07-24 14:10:56,0.90
2026-07-24 14:11:25,0.50
2026-07-24 14:12:05,1.00
2026-07-24 14:13:52,0.30
2026-07-24 14:14:20,1.00
2026-07-24 14:15:10,1.10
2026-07-24 14:15:58,0.50
2026-07-24 14:16:28,0.40
2026-07-24 14:17:06,0.90
2026-07-24 14:18:15,0.40
2026-07-24 14:18:54,0.90
2026-07-24 14:19:34,0.60
2026-07-24 14:19:52,1.00
2026-07-24 14:21:11,0.90
2026-07-24 14:21:20,0.60
2026-07-24 14:23:06,0.50
2026-07-24 14:23:46,0.80
2026-07-24 14:25:24,1.00
2026-07-24 14:25:52,0.60
2026-07-24 14:26:51,1.00
2026-07-24 14:27:40,0.50
2026-07-24 14:28:38,0.80
2026-07-24 14:30:06,0.90
2026-07-24 14:30:55,0.50
2026-07-24 14:31:04,0.40
2026-07-24 14:31:43,0.90
2026-07-24 14:32:51,1.10
2026-07-24 14:33:11,0.50
2026-07-24 14:35:07,0.90
2026-07-24 14:35:27,0.30
2026-07-24 14:36:06,0.90
2026-07-24 14:36:25,0.50
2026-07-24 14:38:13,1.10
2026-07-24 14:38:41,0.30
2026-07-24 14:39:30,0.40
2026-07-24 14:39:50,1.00
2026-07-24 14:41:08,0.30
2026-07-24 14:41:28,0.80
2026-07-24 14:43:44,0.40
2026-07-24 14:44:52,0.10
2026-07-24 14:45:01,0.80
2026-07-24 14:47:09,0.70
2026-07-24 14:47:18,0.20
2026-07-24 14:48:26,0.70
2026-07-24 14:48:36,-0.30
2026-07-24 14:49:14,0.60
2026-07-24 14:49:34,0.10
2026-07-24 14:51:22,0.70
2026-07-24 14:52:29,-0.10
2026-07-24 14:52:49,0.20
2026-07-24 14:53:09,0.60
2026-07-24 14:55:05,0.30
2026-07-24 14:55:15,0.80
2026-07-24 14:55:54,1.10
2026-07-24 14:57:02,0.20
2026-07-24 14:57:50,0.40
2026-07-24 14:58:30,0.90
2026-07-24 14:59:09,1.00
2026-07-24 14:59:19,0.30
2026-07-24 15:01:35,0.90
2026-07-24 15:02:43,0.80
2026-07-24 15:04:01,0.30
2026-07-24 15:05:28,0.70
2026-07-24 15:06:08,0.80
2026-07-24 15:06:17,0.10
2026-07-24 15:07:26,0.80
2026-07-24 15:08:43,0.20
2026-07-24 15:09:31,0.90
2026-07-24 15:10:10,0.30
2026-07-24 15:10:59,0.20
2026-07-24 15:11:58,0.70
2026-07-24 15:12:36,0.20
2026-07-24 15:13:54,0.80
2026-07-24 15:14:04,0.70
2026-07-24 15:14:43,0.30
2026-07-24 15:16:11,0.70
2026-07-24 15:16:21,-0.40
2026-07-24 15:17:58,0.20
2026-07-24 15:18:46,0.80
2026-07-24 15:19:05,0.70
2026-07-24 15:19:26,0.20
2026-07-24 15:20:53,0.80
2026-07-24 15:22:01,0.20
2026-07-24 15:22:40,0.80
2026-07-24 15:24:17,0.40
2026-07-24 15:24:36,0.80
2026-07-24 15:26:13,0.90
2026-07-24 15:27:02,0.30
2026-07-24 15:27:12,0.70
2026-07-24 15:28:30,0.40
2026-07-24 15:29:09,0.30
2026-07-24 15:29:19,0.70
2026-07-24 15:31:16,0.20
2026-07-24 15:32:04,0.70
2026-07-24 15:32:34,0.20
2026-07-24 15:32:53,0.70
2026-07-24 15:33:51,0.20
2026-07-24 15:34:30,0.60
2026-07-24 15:35:39,0.90
2026-07-24 15:35:57,0.20
2026-07-24 15:37:34,0.30
2026-07-24 15:37:54,0.50
2026-07-24 15:38:53,0.70
2026-07-24 15:40:11,0.30
2026-07-24 15:41:57,0.70
2026-07-24 15:42:07,0.80
2026-07-24 15:42:17,0.50
2026-07-24 15:44:24,0.90
2026-07-24 15:44:53,0.40
2026-07-24 15:45:23,0.50
2026-07-24 15:46:21,0.80
2026-07-24 15:47:11,0.70
2026-07-24 15:47:39,0.40
2026-07-24 15:48:48,0.90
2026-07-24 15:49:26,0.30
2026-07-24 15:50:15,0.10
2026-07-24 15:51:43,0.80
2026-07-24 15:53:10,0.30
2026-07-24 15:53:49,0.80
2026-07-24 15:54:19,0.20
2026-07-24 15:55:46,0.30
2026-07-24 15:56:16,0.70
2026-07-24 15:57:14,0.60
2026-07-24 15:57:34,0.20
2026-07-24 15:58:42,0.10
2026-07-24 15:59:11,0.60
2026-07-24 16:00:48,0.70
2026-07-24 16:01:17,0.30
2026-07-24 16:02:45,0.70
2026-07-24 16:03:05,0.30
2026-07-24 16:04:23,0.80
2026-07-24 16:04:42,0.30
2026-07-24 16:05:20,0.60
2026-07-24 16:06:29,0.30
2026-07-24 16:07:18,0.60
2026-07-24 16:07:28,0.20
2026-07-24 16:08:25,0.30
2026-07-24 16:09:24,0.70
2026-07-24 16:10:33,0.30
2026-07-24 16:12:10,0.70
2026-07-24 16:12:48,0.30
2026-07-24 16:13:47,0.80
2026-07-24 16:14:06,0.30
2026-07-24 16:15:25,0.70
2026-07-24 16:16:03,0.30
2026-07-24 16:17:02,0.70
2026-07-24 16:17:31,0.30
2026-07-24 16:18:49,0.40
2026-07-24 16:19:38,0.60
2026-07-24 16:20:36,0.30
2026-07-24 16:22:14,0.70
2026-07-24 16:22:32,0.30
2026-07-24 16:24:09,0.70
2026-07-24 16:25:09,0.30
2026-07-24 16:25:57,0.70
2026-07-24 16:27:05,0.30
2026-07-24 16:27:44,0.80
2026-07-24 16:29:02,0.40
2026-07-24 16:30:50,0.70
2026-07-24 16:32:07,0.40
2026-07-24 16:33:35,0.70
2026-07-24 16:34:43,0.50
2026-07-24 16:34:53,0.40
2026-07-24 16:35:13,0.80
2026-07-24 16:36:31,0.70
2026-07-24 16:36:50,0.30
2026-07-24 16:38:36,0.70
2026-07-24 16:40:23,0.80
2026-07-24 16:40:34,0.20
2026-07-24 16:41:32,0.30
2026-07-24 16:41:42,0.70
2026-07-24 16:43:19,0.30
2026-07-24 16:43:49,0.70
2026-07-24 16:44:46,0.30
2026-07-24 16:45:36,0.70
2026-07-24 16:47:23,0.30
2026-07-24 16:49:00,0.80
2026-07-24 16:50:57,0.40
2026-07-24 16:51:46,0.30
2026-07-24 16:52:45,0.70
2026-07-24 16:53:42,0.40
2026-07-24 16:55:39,0.30
2026-07-24 16:55:59,0.70
2026-07-24 16:57:07,0.40
2026-07-24 16:57:17,0.80
2026-07-24 16:58:15,0.30
2026-07-24 16:59:04,0.70
2026-07-24 17:00:31,0.40
2026-07-24 17:00:51,0.70
2026-07-24 17:01:40,0.50
2026-07-24 17:01:59,0.80
2026-07-24 17:02:57,0.40
2026-07-24 17:04:16,0.80
2026-07-24 17:04:54,0.70
2026-07-24 17:06:03,0.40
2026-07-24 17:06:32,0.70
2026-07-24 17:07:10,0.40
2026-07-24 17:07:49,0.30
2026-07-24 17:08:28,0.70
2026-07-24 17:09:36,0.60
2026-07-24 17:09:46,0.30
2026-07-24 17:11:34,0.70
2026-07-24 17:13:21,0.40
2026-07-24 17:13:50,0.70
2026-07-24 17:14:39,0.30
2026-07-24 17:14:49,0.80
2026-07-24 17:16:35,0.40
2026-07-24 17:17:14,0.70
2026-07-24 17:17:54,0.40
2026-07-24 17:18:22,0.70
2026-07-24 17:19:31,0.60
2026-07-24 17:20:20,0.30
2026-07-24 17:21:37,0.40
2026-07-24 17:21:57,0.70
2026-07-24 17:23:15,0.20
2026-07-24 17:24:33,0.60
2026-07-24 17:25:22,0.20
2026-07-24 17:26:30,0.70
2026-07-24 17:27:38,0.60
2026-07-24 17:28:27,0.20
2026-07-24 17:29:26,0.60
2026-07-24 17:29:44,0.30
2026-07-24 17:31:31,0.60
2026-07-24 17:33:08,0.20
2026-07-24 17:33:57,0.60
2026-07-24 17:35:35,0.30
2026-07-24 17:36:04,0.60
2026-07-24 17:36:53,0.30
2026-07-24 17:37:32,0.60
2026-07-24 17:38:21,0.20
2026-07-24 17:39:19,0.60
2026-07-24 17:39:29,0.20
2026-07-24 17:40:57,0.60
2026-07-24 17:42:24,0.30
2026-07-24 17:42:34,0.20
2026-07-24 17:43:22,0.60
2026-07-24 17:45:30,0.20
2026-07-24 17:45:49,0.60
2026-07-24 17:47:16,0.20
2026-07-24 17:47:55,0.60
2026-07-24 17:48:05,0.30
2026-07-24 17:49:33,0.60
2026-07-24 17:50:11,0.20
2026-07-24 17:50:50,0.60
2026-07-24 17:52:08,0.20
2026-07-24 17:52:38,0.60
2026-07-24 17:52:48,0.40
2026-07-24 17:54:06,0.60
2026-07-24 17:54:44,0.20
2026-07-24 17:56:12,0.60
2026-07-24 17:56:52,0.20
2026-07-24 17:57:30,0.60
2026-07-24 17:58:58,0.20
2026-07-24 17:59:07,0.50
2026-07-24 18:01:14,0.20
2026-07-24 18:02:12,0.60
2026-07-24 18:03:11,0.30
2026-07-24 18:04:10,0.50
2026-07-24 18:05:27,0.20
2026-07-24 18:06:15,0.60
2026-07-24 18:07:53,0.20
2026-07-24 18:08:22,0.60
2026-07-24 18:09:40,0.20
2026-07-24 18:10:58,0.60
2026-07-24 18:11:28,0.20
2026-07-24 18:12:16,0.60
2026-07-24 18:12:45,0.40
2026-07-24 18:14:13,0.50
2026-07-24 18:14:32,0.20
2026-07-24 18:15:31,0.50
2026-07-24 18:16:10,0.20
2026-07-24 18:18:26,0.60
2026-07-24 18:18:46,0.30
2026-07-24 18:19:35,0.50
2026-07-24 18:20:24,0.20
2026-07-24 18:20:34,0.50
2026-07-24 18:22:11,0.60
2026-07-24 18:22:59,0.20
2026-07-24 18:24:07,0.10
2026-07-24 18:24:37,0.50
2026-07-24 18:25:25,0.20
2026-07-24 18:25:54,0.50
2026-07-24 18:27:02,0.40
2026-07-24 18:27:22,0.20
2026-07-24 18:29:38,0.60
2026-07-24 18:30:27,0.50
2026-07-24 18:31:34,0.20
2026-07-24 18:32:05,0.50
2026-07-24 18:32:34,0.20
2026-07-24 18:33:52,0.50
2026-07-24 18:35:10,0.20
2026-07-24 18:36:27,0.10
2026-07-24 18:36:38,0.50
2026-07-24 18:37:06,0.10
2026-07-24 18:37:46,0.50
2026-07-24 18:38:34,0.20
2026-07-24 18:39:03,0.50
2026-07-24 18:40:30,0.20
2026-07-24 18:42:29,0.50
2026-07-24 18:43:56,0.10
2026-07-24 18:45:13,0.30
2026-07-24 18:45:43,0.50
2026-07-24 18:47:20,0.10
2026-07-24 18:49:17,0.50
2026-07-24 18:49:56,0.10
2026-07-24 18:50:06,0.50
2026-07-24 18:50:15,0.20
2026-07-24 18:52:02,0.50
2026-07-24 18:52:52,0.10
2026-07-24 18:54:48,0.40
2026-07-24 18:55:47,0.50
2026-07-24 18:56:06,0.10
2026-07-24 18:56:45,0.50
2026-07-24 18:57:43,0.10
2026-07-24 18:58:33,0.20
2026-07-24 18:58:52,0.50
2026-07-24 19:00:00,0.40
2026-07-24 19:01:18,0.10
2026-07-24 19:01:57,0.40
2026-07-24 19:02:06,0.10
2026-07-24 19:03:53,0.30
2026-07-24 19:04:33,0.50
2026-07-24 19:05:21,0.10
2026-07-24 19:05:41,0.40
2026-07-24 19:06:49,0.10
2026-07-24 19:06:59,0.40
2026-07-24 19:08:36,0.10
2026-07-24 19:10:33,0.40
2026-07-24 19:11:32,0.00
2026-07-24 19:11:51,0.10
2026-07-24 19:12:20,0.40
2026-07-24 19:13:37,0.00
2026-07-24 19:15:05,0.10
2026-07-24 19:15:35,0.40
2026-07-24 19:16:52,0.10
2026-07-24 19:17:12,0.40
2026-07-24 19:19:09,0.10
2026-07-24 19:19:38,0.50
2026-07-24 19:20:07,0.10
2026-07-24 19:20:16,0.40
2026-07-24 19:22:42,0.00
2026-07-24 19:23:12,0.10
2026-07-24 19:23:22,0.40
2026-07-24 19:25:08,0.10
2026-07-24 19:26:36,0.50
2026-07-24 19:27:35,0.00
2026-07-24 19:28:04,0.10
2026-07-24 19:28:33,0.40
2026-07-24 19:30:11,0.10
2026-07-24 19:32:46,0.50
2026-07-24 19:33:26,0.20
2026-07-24 19:33:54,0.50
2026-07-24 19:35:12,0.10
2026-07-24 19:35:51,0.50
2026-07-24 19:36:20,0.00
2026-07-24 19:36:50,0.40
2026-07-24 19:38:27,0.30
2026-07-24 19:39:55,0.40
2026-07-24 19:40:33,0.00
2026-07-24 19:41:41,0.40
2026-07-24 19:42:21,0.00
2026-07-24 19:42:59,0.40
2026-07-24 19:44:08,0.10
2026-07-24 19:44:37,0.50
2026-07-24 19:44:57,0.10
2026-07-24 19:46:54,0.40
2026-07-24 19:47:52,0.00
2026-07-24 19:48:02,0.40
2026-07-24 19:49:49,0.00
2026-07-24 19:51:54,0.40
2026-07-24 19:52:25,0.00
2026-07-24 19:53:53,0.40
2026-07-24 19:54:11,-0.10
2026-07-24 19:54:50,0.00
2026-07-24 19:55:00,0.40
2026-07-24 19:56:47,0.20
2026-07-24 19:56:58,0.00
2026-07-24 19:57:46,0.40
2026-07-24 19:58:15,0.10
2026-07-24 20:00:12,0.00
2026-07-24 20:00:22,0.40
2026-07-24 20:01:11,0.00
2026-07-24 20:01:20,0.30
2026-07-24 20:03:07,0.00
2026-07-24 20:03:26,0.30
2026-07-24 20:04:05,0.40
2026-07-24 20:04:16,0.00
2026-07-24 20:05:04,0.40
2026-07-24 20:05:53,0.00
2026-07-24 20:06:12,0.40
2026-07-24 20:06:51,0.00
2026-07-24 20:09:17,0.40
2026-07-24 20:10:25,0.00
2026-07-24 20:11:23,0.30
2026-07-24 20:12:22,0.00
2026-07-24 20:12:41,0.10
2026-07-24 20:13:20,0.40
2026-07-24 20:14:48,0.30
2026-07-24 20:15:17,-0.10
2026-07-24 20:16:35,0.40
2026-07-24 20:17:04,0.00
2026-07-24 20:19:02,0.50
2026-07-24 20:19:30,0.40
2026-07-24 20:20:00,0.10
2026-07-24 20:21:38,0.30
2026-07-24 20:21:57,0.00
2026-07-24 20:22:56,0.30
2026-07-24 20:23:44,0.00
2026-07-24 20:24:13,0.30
2026-07-24 20:24:52,0.00
2026-07-24 20:26:11,0.30
2026-07-24 20:26:59,-0.10
2026-07-24 20:27:48,0.30
2026-07-24 20:28:16,-0.10
2026-07-24 20:29:35,0.30
2026-07-24 20:29:54,0.00
2026-07-24 20:30:52,0.10
2026-07-24 20:31:03,0.30
2026-07-24 20:32:30,0.00
2026-07-24 20:32:50,0.30
2026-07-24 20:34:47,0.00
2026-07-24 20:35:35,0.30
2026-07-24 20:35:55,0.00
2026-07-24 20:36:05,0.30
2026-07-24 20:38:01,0.40
2026-07-24 20:38:40,0.00
2026-07-24 20:39:29,0.40
2026-07-24 20:40:48,0.30
2026-07-24 20:41:25,0.00
2026-07-24 20:42:25,-0.10
2026-07-24 20:42:53,0.40
2026-07-24 20:44:20,0.30
2026-07-24 20:45:29,-0.10
2026-07-24 20:45:39,0.40
2026-07-24 20:46:28,0.00
2026-07-24 20:47:16,-0.10
2026-07-24 20:47:26,0.20
2026-07-24 20:49:43,0.10
2026-07-24 20:49:52,0.20
2026-07-24 20:51:00,0.00
2026-07-24 20:51:48,0.40
2026-07-24 20:52:18,0.00
2026-07-24 20:52:37,0.20
2026-07-24 20:54:05,0.40
2026-07-24 20:55:13,0.00
2026-07-24 20:55:51,0.30
2026-07-24 20:57:59,0.00
2026-07-24 20:58:09,0.30
2026-07-24 20:59:46,-0.10
2026-07-24 21:01:23,0.30
2026-07-24 21:02:51,0.00
2026-07-24 21:03:49,0.30
2026-07-24 21:04:08,0.00
2026-07-24 21:05:26,0.30
2026-07-24 21:06:15,-0.20
2026-07-24 21:07:13,0.30
2026-07-24 21:08:32,-0.10
2026-07-24 21:09:00,0.00
2026-07-24 21:09:40,0.30
2026-07-24 21:10:58,0.00
2026-07-24 21:11:46,0.30
2026-07-24 21:13:24,0.00
2026-07-24 21:13:53,0.30
2026-07-24 21:14:23,-0.10
2026-07-24 21:15:30,0.30
2026-07-24 21:15:51,0.00
2026-07-24 21:17:37,0.30
2026-07-24 21:18:46,0.20
2026-07-24 21:19:24,-0.10
2026-07-24 21:20:42,0.30
2026-07-24 21:21:11,0.00
2026-07-24 21:22:00,0.30
2026-07-24 21:22:39,0.00
2026-07-24 21:24:55,0.20
2026-07-24 21:25:25,0.30
2026-07-24 21:26:33,-0.10
2026-07-24 21:27:12,0.00
2026-07-24 21:27:51,0.30
2026-07-24 21:28:40,0.40
2026-07-24 21:29:38,0.00
2026-07-24 21:30:28,0.30
2026-07-24 21:32:14,0.00
2026-07-24 21:34:10,0.30
2026-07-24 21:35:00,0.00
2026-07-24 21:35:10,0.30
2026-07-24 21:36:18,-0.10
2026-07-24 21:36:47,0.10
2026-07-24 21:37:46,0.30
2026-07-24 21:38:44,0.00
2026-07-24 21:38:53,0.40
2026-07-24 21:40:31,-0.10
2026-07-24 21:40:41,0.30
2026-07-24 21:41:59,-0.10
2026-07-24 21:42:18,0.40
2026-07-24 21:43:36,0.00
2026-07-24 21:44:55,0.30
2026-07-24 21:46:12,-0.10
2026-07-24 21:46:41,0.00
2026-07-24 21:46:51,0.30
2026-07-24 21:48:28,0.20
2026-07-24 21:48:37,0.00
2026-07-24 21:50:05,0.30
2026-07-24 21:50:45,0.10
2026-07-24 21:52:02,0.00
2026-07-24 21:52:51,0.30
2026-07-24 21:53:20,0.00
2026-07-24 21:54:28,0.40
2026-07-24 21:54:57,0.30
2026-07-24 21:55:08,0.00
2026-07-24 21:56:45,0.30
2026-07-24 21:57:04,0.00
2026-07-24 21:59:10,0.10
2026-07-24 21:59:41,0.40
2026-07-24 22:00:08,0.00
2026-07-24 22:00:19,0.30
2026-07-24 22:02:06,0.00
2026-07-24 22:03:34,0.30
2026-07-24 22:04:51,0.00
2026-07-24 22:05:12,0.30
2026-07-24 22:06:29,-0.10
2026-07-24 22:06:39,0.30
2026-07-24 22:08:16,0.00
2026-07-24 22:08:36,0.30
2026-07-24 22:10:42,-0.10
2026-07-24 22:11:41,0.30
2026-07-24 22:12:49,0.00
2026-07-24 22:13:57,0.40
2026-07-24 22:14:45,0.30
2026-07-24 22:15:34,0.00
2026-07-24 22:16:43,0.40
2026-07-24 22:17:02,0.00
2026-07-24 22:18:00,0.30
2026-07-24 22:18:59,0.00
2026-07-24 22:19:57,0.40
2026-07-24 22:20:26,-0.10
2026-07-24 22:21:54,0.00
2026-07-24 22:22:13,0.40
2026-07-24 22:23:21,0.30
2026-07-24 22:23:40,-0.20
2026-07-24 22:25:38,0.00
2026-07-24 22:26:07,0.40
2026-07-24 22:26:17,0.00
2026-07-24 22:26:26,0.30
2026-07-24 22:28:33,0.00
2026-07-24 22:29:12,0.40
2026-07-24 22:29:51,0.30
2026-07-24 22:30:21,-0.10
2026-07-24 22:31:28,0.40
2026-07-24 22:32:26,0.10
2026-07-24 22:32:56,-0.10
2026-07-24 22:33:16,0.20
2026-07-24 22:34:53,0.30
2026-07-24 22:35:51,0.10
2026-07-24 22:36:21,0.30
2026-07-24 22:37:39,-0.10
2026-07-24 22:37:48,0.30
2026-07-24 22:39:06,-0.10
2026-07-24 22:39:54,0.00
2026-07-24 22:40:34,0.40
2026-07-24 22:41:12,0.30
2026-07-24 22:41:32,0.00
2026-07-24 22:43:00,0.30
2026-07-24 22:43:39,-0.10
2026-07-24 22:44:37,0.30
2026-07-24 22:44:46,0.00
2026-07-24 22:46:24,0.10
2026-07-24 22:47:23,0.40
2026-07-24 22:47:52,0.00
2026-07-24 22:49:01,0.30
2026-07-24 22:49:49,0.00
2026-07-24 22:50:38,0.40
2026-07-24 22:51:06,0.30
2026-07-24 22:52:05,0.00
2026-07-24 22:52:53,0.40
2026-07-24 22:53:13,0.00
2026-07-24 22:55:00,0.30
2026-07-24 22:56:38,0.00
2026-07-24 22:57:46,0.40
2026-07-24 22:57:56,0.00
2026-07-24 22:59:33,0.30
2026-07-24 23:00:11,0.00
2026-07-24 23:01:11,0.30
2026-07-24 23:02:09,0.00
2026-07-24 23:02:48,0.40
2026-07-24 23:03:56,-0.10
2026-07-24 23:05:24,0.30
2026-07-24 23:06:02,0.00
2026-07-24 23:06:31,0.30
2026-07-24 23:08:09,0.00
2026-07-24 23:08:29,0.30
2026-07-24 23:10:44,-0.10
2026-07-24 23:11:04,0.00
2026-07-24 23:11:14,0.30
2026-07-24 23:13:30,0.00
2026-07-24 23:14:58,0.40
2026-07-24 23:16:15,0.00
2026-07-24 23:17:24,0.40
2026-07-24 23:18:51,0.00
2026-07-24 23:19:21,0.10
2026-07-24 23:20:29,0.40
2026-07-24 23:20:58,0.10
2026-07-24 23:21:08,0.30
2026-07-24 23:23:24,0.00
2026-07-24 23:25:01,0.30
2026-07-24 23:26:00,0.00
2026-07-24 23:26:10,0.40
2026-07-24 23:27:28,0.00
2026-07-24 23:28:47,0.40
2026-07-24 23:30:33,0.10
2026-07-24 23:31:31,0.40
2026-07-24 23:32:01,0.00
2026-07-24 23:32:50,0.30
2026-07-24 23:34:17,0.40
2026-07-24 23:34:37,0.00
2026-07-24 23:35:45,0.40
2026-07-24 23:36:05,0.00
2026-07-24 23:37:22,0.40
2026-07-24 23:38:50,0.00
2026-07-24 23:39:00,0.30
2026-07-24 23:39:48,-0.10
2026-07-24 23:40:37,0.00
2026-07-24 23:41:06,0.30
2026-07-24 23:42:33,0.00
2026-07-24 23:42:53,0.30
2026-07-24 23:44:50,-0.10
2026-07-24 23:45:28,0.30
2026-07-24 23:46:27,0.20
2026-07-24 23:47:16,-0.10
2026-07-24 23:47:36,0.30
2026-07-24 23:50:21,-0.10
2026-07-24 23:50:31,0.00
2026-07-24 23:51:00,0.30
2026-07-24 23:53:07,0.10
2026-07-24 23:53:26,0.40
2026-07-24 23:54:34,0.30
2026-07-24 23:54:44,-0.10
2026-07-24 23:55:33,0.30
2026-07-24 23:56:59,0.00
2026-07-24 23:57:29,0.40
2026-07-24 23:58:09,0.00
2026-07-24 23:58:47,0.10
2026-07-24 23:59:26,0.40
2026-07-25 00:00:44,0.00
2026-07-25 00:01:14,0.40
2026-07-25 00:02:02,0.10
2026-07-25 00:02:22,0.30
2026-07-25 00:04:17,0.10
2026-07-25 00:05:26,0.00
2026-07-25 00:05:55,0.30
2026-07-25 00:07:23,0.00
2026-07-25 00:07:32,0.40
2026-07-25 00:09:10,-0.10
2026-07-25 00:09:49,0.40
2026-07-25 00:10:58,0.00
2026-07-25 00:12:05,0.40
2026-07-25 00:12:15,0.00
2026-07-25 00:14:31,0.40
2026-07-25 00:15:21,0.30
2026-07-25 00:16:28,0.00
2026-07-25 00:17:36,0.40
2026-07-25 00:18:54,0.30
2026-07-25 00:19:54,-0.10
2026-07-25 00:20:31,0.30
2026-07-25 00:20:52,-0.10
2026-07-25 00:21:50,0.10
2026-07-25 00:22:29,0.30
2026-07-25 00:23:37,0.00
2026-07-25 00:23:47,0.30
2026-07-25 00:25:44,0.00
2026-07-25 00:26:23,0.40
2026-07-25 00:28:00,0.00
2026-07-25 00:28:30,0.40
2026-07-25 00:28:49,0.10
2026-07-25 00:30:07,0.00
2026-07-25 00:30:55,0.30
2026-07-25 00:32:04,-0.10
2026-07-25 00:33:12,0.40
2026-07-25 00:33:31,0.00
2026-07-25 00:33:41,0.40
2026-07-25 00:35:07,0.30
2026-07-25 00:36:26,-0.10
2026-07-25 00:37:05,0.40
2026-07-25 00:37:25,-0.10
2026-07-25 00:38:23,0.40
2026-07-25 00:38:33,0.20
2026-07-25 00:40:48,0.40
2026-07-25 00:40:59,0.00
2026-07-25 00:42:55,0.40
2026-07-25 00:43:15,0.30
2026-07-25 00:44:03,0.00
2026-07-25 00:44:52,0.10
2026-07-25 00:45:02,0.40
2026-07-25 00:46:59,0.00
2026-07-25 00:47:09,0.40
2026-07-25 00:48:56,0.20
2026-07-25 00:50:43,0.10
2026-07-25 00:51:21,0.50
2026-07-25 00:51:32,0.40
2026-07-25 00:52:59,0.00
2026-07-25 00:53:19,0.40
2026-07-25 00:53:58,0.10
2026-07-25 00:54:47,0.30
2026-07-25 00:54:57,0.00
2026-07-25 00:56:43,0.30
2026-07-25 00:57:02,0.00
2026-07-25 00:58:30,0.40
2026-07-25 00:59:39,0.10
2026-07-25 00:59:57,0.40
2026-07-25 01:00:07,0.10
2026-07-25 01:01:55,0.30
2026-07-25 01:03:32,0.40
2026-07-25 01:04:02,0.00
2026-07-25 01:04:50,0.40
2026-07-25 01:05:48,0.00
2026-07-25 01:06:18,0.40
2026-07-25 01:06:57,0.10
2026-07-25 01:08:24,0.00
2026-07-25 01:08:34,0.40
2026-07-25 01:10:51,0.00
2026-07-25 01:11:20,0.40
2026-07-25 01:12:48,0.00
2026-07-25 01:14:05,0.40
2026-07-25 01:14:15,0.00
2026-07-25 01:14:53,0.40
2026-07-25 01:16:31,0.10
2026-07-25 01:16:42,0.40
2026-07-25 01:18:09,0.00
2026-07-25 01:18:47,0.30
2026-07-25 01:19:47,0.40
2026-07-25 01:20:06,0.10
2026-07-25 01:21:14,0.40
2026-07-25 01:22:42,0.00
2026-07-25 01:23:50,0.30
2026-07-25 01:24:29,0.40
2026-07-25 01:24:48,0.10
2026-07-25 01:26:06,0.40
2026-07-25 01:26:26,0.00
2026-07-25 01:28:04,-0.10
2026-07-25 01:28:42,0.40
2026-07-25 01:29:31,0.00
2026-07-25 01:30:10,0.40
2026-07-25 01:31:19,0.10
2026-07-25 01:31:38,0.30
2026-07-25 01:33:44,0.40
2026-07-25 01:34:04,0.00
2026-07-25 01:34:24,0.10
2026-07-25 01:35:51,0.40
2026-07-25 01:36:29,0.30
2026-07-25 01:36:49,0.00
2026-07-25 01:39:15,0.40
2026-07-25 01:39:54,-0.10
2026-07-25 01:41:22,0.00
2026-07-25 01:41:52,0.40
2026-07-25 01:43:00,-0.10
2026-07-25 01:43:09,0.40
2026-07-25 01:44:47,0.00
2026-07-25 01:45:35,0.40
2026-07-25 01:46:05,0.00
2026-07-25 01:48:21,0.40
2026-07-25 01:49:29,0.00
2026-07-25 01:49:48,0.30
2026-07-25 01:50:57,0.40
2026-07-25 01:51:36,-0.10
2026-07-25 01:52:44,0.40
2026-07-25 01:52:53,0.10
2026-07-25 01:54:21,0.00
2026-07-25 01:54:31,0.30
2026-07-25 01:56:28,0.00
2026-07-25 01:57:55,0.10
2026-07-25 01:58:34,0.40
2026-07-25 01:59:14,-0.10
2026-07-25 02:00:12,0.50
2026-07-25 02:01:10,0.30
2026-07-25 02:01:39,0.00
2026-07-25 02:02:28,0.10
2026-07-25 02:03:36,0.40
2026-07-25 02:04:35,0.10
2026-07-25 02:05:52,0.40
2026-07-25 02:06:32,0.10
2026-07-25 02:07:40,0.00
2026-07-25 02:07:50,0.40
2026-07-25 02:10:05,-0.10
2026-07-25 02:11:05,0.10
2026-07-25 02:11:23,0.40
2026-07-25 02:12:32,0.30
2026-07-25 02:12:42,0.00
2026-07-25 02:14:09,0.30
2026-07-25 02:14:48,-0.10
2026-07-25 02:16:06,0.00
2026-07-25 02:16:46,0.40
2026-07-25 02:17:34,-0.10
2026-07-25 02:20:00,0.40
2026-07-25 02:20:49,0.00
2026-07-25 02:21:38,0.40
2026-07-25 02:22:16,0.30
2026-07-25 02:22:46,0.00
2026-07-25 02:24:04,0.10
2026-07-25 02:24:14,0.40
2026-07-25 02:25:42,0.00
2026-07-25 02:26:30,0.30
2026-07-25 02:27:09,0.40
2026-07-25 02:27:28,0.00
2026-07-25 02:29:06,0.30
2026-07-25 02:30:23,0.00
2026-07-25 02:30:33,0.40
2026-07-25 02:31:03,0.00
2026-07-25 02:32:11,0.30
2026-07-25 02:32:21,-0.10
2026-07-25 02:34:27,0.00
2026-07-25 02:34:37,0.30
2026-07-25 02:35:26,0.40
2026-07-25 02:35:46,-0.10
2026-07-25 02:37:13,0.30
2026-07-25 02:37:41,-0.10
2026-07-25 02:40:08,0.30
2026-07-25 02:40:28,-0.10
2026-07-25 02:40:46,0.30
2026-07-25 02:42:24,-0.20
2026-07-25 02:42:54,0.30
2026-07-25 02:44:11,0.00
2026-07-25 02:46:37,0.40
2026-07-25 02:46:58,0.30
2026-07-25 02:48:05,0.00
2026-07-25 02:48:55,0.20
2026-07-25 02:49:33,0.00
2026-07-25 02:50:23,0.20
2026-07-25 02:50:32,-0.10
2026-07-25 02:52:18,0.30
2026-07-25 02:52:58,0.00
2026-07-25 02:53:46,0.20
2026-07-25 02:54:16,-0.10
2026-07-25 02:55:24,0.00
2026-07-25 02:56:13,0.30
2026-07-25 02:57:31,0.00
2026-07-25 02:57:50,0.30
2026-07-25 02:58:48,-0.10
2026-07-25 03:00:06,0.30
2026-07-25 03:00:16,-0.10
2026-07-25 03:01:04,0.30
2026-07-25 03:02:23,-0.10
2026-07-25 03:02:42,0.30
2026-07-25 03:03:31,0.00
2026-07-25 03:04:49,0.30
2026-07-25 03:06:17,-0.10
2026-07-25 03:06:45,0.30
2026-07-25 03:07:14,0.00
2026-07-25 03:08:42,-0.10
2026-07-25 03:09:02,0.30
2026-07-25 03:10:20,-0.10
2026-07-25 03:10:30,0.20
2026-07-25 03:13:15,-0.20
2026-07-25 03:13:25,0.20
2026-07-25 03:14:23,-0.10
2026-07-25 03:15:22,0.30
2026-07-25 03:16:10,0.00
2026-07-25 03:17:27,0.30
2026-07-25 03:17:38,-0.10
2026-07-25 03:18:27,0.00
2026-07-25 03:18:45,0.20
2026-07-25 03:21:03,0.30
2026-07-25 03:21:12,-0.10
2026-07-25 03:21:41,0.00
2026-07-25 03:22:10,0.30
2026-07-25 03:23:48,0.00
2026-07-25 03:24:07,0.20
2026-07-25 03:24:56,-0.10
2026-07-25 03:25:34,0.30
2026-07-25 03:27:02,-0.10
2026-07-25 03:27:51,0.30
2026-07-25 03:28:49,0.00
2026-07-25 03:30:17,-0.10
2026-07-25 03:30:26,0.20
2026-07-25 03:31:35,0.40
2026-07-25 03:32:24,-0.10
2026-07-25 03:33:31,0.30
2026-07-25 03:35:19,0.20
2026-07-25 03:35:48,-0.10
2026-07-25 03:36:46,0.30
2026-07-25 03:38:53,-0.10
2026-07-25 03:39:03,0.30
2026-07-25 03:40:11,-0.10
2026-07-25 03:41:29,0.20
2026-07-25 03:42:08,-0.10
2026-07-25 03:43:07,0.30
2026-07-25 03:44:15,-0.10
2026-07-25 03:44:44,0.20
2026-07-25 03:45:03,-0.20
2026-07-25 03:46:30,0.30
2026-07-25 03:47:10,-0.10
2026-07-25 03:48:08,0.20
2026-07-25 03:48:57,-0.20
2026-07-25 03:49:55,0.00
2026-07-25 03:50:34,0.30
2026-07-25 03:52:02,-0.20
2026-07-25 03:53:58,0.20
2026-07-25 03:54:28,-0.20
2026-07-25 03:55:16,0.20
2026-07-25 03:57:13,-0.20
2026-07-25 03:58:11,0.20
2026-07-25 03:58:51,-0.20
2026-07-25 03:59:33,-0.10
2026-07-25 04:00:03,0.10
2026-07-25 04:01:40,-0.30
2026-07-25 04:03:08,0.10
2026-07-25 04:04:15,-0.20
2026-07-25 04:05:14,0.10
2026-07-25 04:06:03,-0.10
2026-07-25 04:06:42,-0.20
2026-07-25 04:06:51,0.20
2026-07-25 04:08:00,-0.20
2026-07-25 04:08:59,0.20
2026-07-25 04:09:27,0.10
2026-07-25 04:10:16,-0.20
2026-07-25 04:11:24,0.20
2026-07-25 04:11:43,-0.10
2026-07-25 04:13:41,0.20
2026-07-25 04:14:39,-0.20
2026-07-25 04:14:59,0.10
2026-07-25 04:16:26,-0.20
2026-07-25 04:16:56,0.10
2026-07-25 04:18:51,-0.20
2026-07-25 04:19:22,0.10
2026-07-25 04:20:29,-0.10
2026-07-25 04:21:18,0.10
2026-07-25 04:21:28,-0.20
2026-07-25 04:24:14,0.20
2026-07-25 04:24:32,-0.20
2026-07-25 04:25:41,0.10
2026-07-25 04:27:18,-0.20
2026-07-25 04:27:38,0.10
2026-07-25 04:28:55,-0.20
2026-07-25 04:29:25,-0.10
2026-07-25 04:30:04,0.20
2026-07-25 04:31:32,-0.20
2026-07-25 04:32:21,0.20
2026-07-25 04:33:18,-0.20
2026-07-25 04:33:47,0.20
2026-07-25 04:34:36,0.10
2026-07-25 04:35:25,-0.20
2026-07-25 04:36:24,-0.30
2026-07-25 04:36:53,0.10
2026-07-25 04:37:51,-0.20
2026-07-25 04:39:49,0.10
2026-07-25 04:41:35,-0.30
2026-07-25 04:42:43,-0.10
2026-07-25 04:42:54,0.10
2026-07-25 04:44:40,-0.20
2026-07-25 04:46:08,0.10
2026-07-25 04:48:04,-0.20
2026-07-25 04:50:12,-0.30
2026-07-25 04:50:22,0.10
2026-07-25 04:51:20,-0.20
2026-07-25 04:52:38,0.10
2026-07-25 04:53:07,-0.20
2026-07-25 04:55:04,-0.30
2026-07-25 04:55:23,0.20
2026-07-25 04:55:43,0.10
2026-07-25 04:55:53,-0.20
2026-07-25 04:57:31,0.20
2026-07-25 04:58:19,-0.30
2026-07-25 04:58:58,0.10
2026-07-25 04:59:17,-0.20
2026-07-25 05:01:03,0.10
2026-07-25 05:01:53,-0.20
2026-07-25 05:02:51,0.10
2026-07-25 05:04:28,-0.20
2026-07-25 05:04:38,0.10
2026-07-25 05:05:47,-0.30
2026-07-25 05:06:45,0.10
2026-07-25 05:07:15,-0.20
2026-07-25 05:08:41,0.20
2026-07-25 05:08:52,0.10
2026-07-25 05:10:00,-0.30
2026-07-25 05:11:08,0.10
2026-07-25 05:12:26,0.20
2026-07-25 05:13:44,-0.30
2026-07-25 05:14:03,-0.20
2026-07-25 05:14:22,0.20
2026-07-25 05:15:31,0.10
2026-07-25 05:15:40,-0.30
2026-07-25 05:17:28,-0.20
2026-07-25 05:17:48,0.20
2026-07-25 05:20:13,-0.30
2026-07-25 05:20:43,-0.40
2026-07-25 05:21:31,0.10
2026-07-25 05:22:10,-0.20
2026-07-25 05:22:58,0.20
2026-07-25 05:23:58,0.10
2026-07-25 05:24:36,-0.40
2026-07-25 05:25:25,0.10
2026-07-25 05:25:44,-0.20
2026-07-25 05:27:12,0.10
2026-07-25 05:29:28,-0.20
2026-07-25 05:30:26,-0.30
2026-07-25 05:30:36,0.10
2026-07-25 05:32:24,-0.30
2026-07-25 05:34:01,0.00
2026-07-25 05:34:59,-0.30
2026-07-25 05:36:06,0.10
2026-07-25 05:36:16,-0.30
2026-07-25 05:37:34,0.10
2026-07-25 05:38:14,-0.30
2026-07-25 05:38:33,0.10
2026-07-25 05:39:02,-0.20
2026-07-25 05:40:20,-0.30
2026-07-25 05:40:49,0.00
2026-07-25 05:41:57,0.10
2026-07-25 05:42:37,-0.20
2026-07-25 05:43:35,0.10
2026-07-25 05:43:55,-0.20
2026-07-25 05:45:12,-0.30
2026-07-25 05:45:23,0.00
2026-07-25 05:47:20,-0.30
2026-07-25 05:47:59,0.10
2026-07-25 05:49:36,-0.30
2026-07-25 05:51:23,0.10
2026-07-25 05:53:10,-0.20
2026-07-25 05:53:39,-0.30
2026-07-25 05:53:59,0.10
2026-07-25 05:55:57,-0.30
2026-07-25 05:56:54,-0.40
2026-07-25 05:57:04,0.00
2026-07-25 05:58:22,-0.40
2026-07-25 05:58:42,0.00
2026-07-25 06:00:19,-0.30
2026-07-25 06:00:28,0.10
2026-07-25 06:01:47,0.00
2026-07-25 06:02:54,-0.30
2026-07-25 06:03:52,0.10
2026-07-25 06:04:22,-0.20
2026-07-25 06:05:50,-0.30
2026-07-25 06:06:10,0.10
2026-07-25 06:08:06,-0.30
2026-07-25 06:08:25,0.00
2026-07-25 06:09:05,-0.30
2026-07-25 06:11:21,0.10
2026-07-25 06:11:50,-0.40
2026-07-25 06:12:19,0.00
2026-07-25 06:13:28,-0.30
2026-07-25 06:14:56,-0.40
2026-07-25 06:15:14,0.00
2026-07-25 06:17:11,-0.20
2026-07-25 06:17:31,0.00
2026-07-25 06:19:08,-0.30
2026-07-25 06:20:17,0.00
2026-07-25 06:22:14,-0.30
2026-07-25 06:22:33,0.00
2026-07-25 06:23:32,-0.30
2026-07-25 06:23:42,0.10
2026-07-25 06:25:47,-0.30
2026-07-25 06:26:56,0.10
2026-07-25 06:27:14,-0.30
2026-07-25 06:28:13,0.00
2026-07-25 06:28:23,-0.30
2026-07-25 06:30:01,0.00
2026-07-25 06:30:30,-0.30
2026-07-25 06:32:46,0.10
2026-07-25 06:33:15,0.00
2026-07-25 06:33:25,-0.30
2026-07-25 06:34:42,-0.20
2026-07-25 06:35:02,0.00
2026-07-25 06:36:40,-0.30
2026-07-25 06:38:08,0.10
2026-07-25 06:38:36,-0.20
2026-07-25 06:39:54,0.10
2026-07-25 06:41:02,-0.40
2026-07-25 06:41:22,0.10
2026-07-25 06:42:21,-0.20
2026-07-25 06:43:00,0.10
2026-07-25 06:44:17,-0.30
2026-07-25 06:45:06,0.00
2026-07-25 06:45:45,-0.30
2026-07-25 06:46:43,0.00
2026-07-25 06:47:41,-0.40
2026-07-25 06:48:11,0.00
2026-07-25 06:48:31,-0.30
2026-07-25 06:49:49,-0.40
2026-07-25 06:50:18,0.00
2026-07-25 06:51:45,-0.20
2026-07-25 06:52:54,-0.30
2026-07-25 06:53:52,0.10
2026-07-25 06:55:29,-0.20
2026-07-25 06:56:18,0.00
2026-07-25 06:56:27,-0.30
2026-07-25 06:57:46,0.10
2026-07-25 06:58:54,-0.20
2026-07-25 06:59:33,-0.10
2026-07-25 06:59:42,0.00
2026-07-25 07:01:10,-0.30
2026-07-25 07:01:20,0.10
2026-07-25 07:03:27,-0.30
2026-07-25 07:03:46,0.00
2026-07-25 07:05:04,-0.30
2026-07-25 07:05:14,0.10
2026-07-25 07:07:11,-0.30
2026-07-25 07:07:50,0.10
2026-07-25 07:08:48,-0.30
2026-07-25 07:09:27,-0.20
2026-07-25 07:09:57,0.10
2026-07-25 07:11:24,-0.20
2026-07-25 07:13:31,0.10
2026-07-25 07:15:47,-0.30
2026-07-25 07:16:06,0.10
2026-07-25 07:16:27,-0.20
2026-07-25 07:17:54,-0.30
2026-07-25 07:18:22,0.10
2026-07-25 07:19:50,-0.30
2026-07-25 07:20:10,0.10
2026-07-25 07:21:37,-0.20
2026-07-25 07:21:47,0.10
2026-07-25 07:23:15,0.00
2026-07-25 07:23:35,-0.30
2026-07-25 07:24:33,-0.20
2026-07-25 07:24:43,0.10
2026-07-25 07:26:40,0.00
2026-07-25 07:27:18,-0.30
2026-07-25 07:27:28,-0.10
2026-07-25 07:28:56,0.10
2026-07-25 07:29:16,-0.30
2026-07-25 07:29:26,0.00
2026-07-25 07:31:12,-0.30
2026-07-25 07:32:11,0.10
2026-07-25 07:32:49,-0.30
2026-07-25 07:33:19,0.00
2026-07-25 07:34:36,-0.30
2026-07-25 07:35:16,0.10
2026-07-25 07:37:03,-0.40
2026-07-25 07:37:32,0.10
2026-07-25 07:37:41,-0.20
2026-07-25 07:39:29,0.10
2026-07-25 07:39:58,-0.20
2026-07-25 07:40:57,0.10
2026-07-25 07:41:26,-0.30
2026-07-25 07:42:24,-0.10
2026-07-25 07:43:03,0.20
2026-07-25 07:44:11,0.00
2026-07-25 07:45:10,-0.30
2026-07-25 07:45:48,-0.20
2026-07-25 07:46:47,0.10
2026-07-25 07:47:35,-0.20
2026-07-25 07:49:03,0.10
2026-07-25 07:49:33,-0.20
2026-07-25 07:50:50,0.10
2026-07-25 07:51:20,-0.20
2026-07-25 07:53:16,0.20
2026-07-25 07:54:15,-0.10
2026-07-25 07:55:23,0.20
2026-07-25 07:55:43,-0.30
2026-07-25 07:56:02,0.10
2026-07-25 07:57:49,-0.20
2026-07-25 07:58:18,0.10
2026-07-25 07:59:17,0.00
2026-07-25 08:00:06,-0.30
2026-07-25 08:01:53,0.20
2026-07-25 08:02:41,-0.20
2026-07-25 08:03:30,0.10
2026-07-25 08:04:19,-0.20
2026-07-25 08:05:47,0.10
2026-07-25 08:06:15,-0.20
2026-07-25 08:07:04,-0.30
2026-07-25 08:07:14,0.10
2026-07-25 08:09:50,-0.20
2026-07-25 08:10:39,-0.30
2026-07-25 08:10:48,0.10
2026-07-25 08:13:05,-0.30
2026-07-25 08:13:25,0.10
2026-07-25 08:15:02,-0.30
2026-07-25 08:15:50,0.10
2026-07-25 08:16:20,-0.30
2026-07-25 08:16:58,-0.20
2026-07-25 08:17:47,0.20
2026-07-25 08:18:56,0.10
2026-07-25 08:19:15,-0.20
2026-07-25 08:20:33,0.10
2026-07-25 08:21:51,-0.30
2026-07-25 08:22:49,-0.10
2026-07-25 08:23:09,0.20
2026-07-25 08:23:48,0.10
2026-07-25 08:25:05,-0.20
2026-07-25 08:25:15,0.10
2026-07-25 08:26:42,-0.20
2026-07-25 08:26:53,0.10
2026-07-25 08:27:02,-0.20
2026-07-25 08:28:30,0.20
2026-07-25 08:29:29,-0.20
2026-07-25 08:30:27,-0.10
2026-07-25 08:30:47,0.10
2026-07-25 08:31:55,0.20
2026-07-25 08:33:02,-0.20
2026-07-25 08:33:52,0.10
2026-07-25 08:34:11,-0.20
2026-07-25 08:35:58,0.20
2026-07-25 08:36:38,-0.20
2026-07-25 08:37:26,-0.10
2026-07-25 08:37:55,0.20
2026-07-25 08:39:03,-0.20
2026-07-25 08:40:02,0.20
2026-07-25 08:40:51,-0.20
2026-07-25 08:41:39,0.30
2026-07-25 08:42:48,-0.20
2026-07-25 08:42:57,0.20
2026-07-25 08:44:06,-0.20
2026-07-25 08:44:25,0.20
2026-07-25 08:45:34,-0.10
2026-07-25 08:46:12,0.30
2026-07-25 08:46:42,0.20
2026-07-25 08:47:20,-0.10
2026-07-25 08:49:07,0.20
2026-07-25 08:49:47,-0.10
2026-07-25 08:50:45,-0.20
2026-07-25 08:50:55,0.20
2026-07-25 08:51:43,-0.20
2026-07-25 08:53:01,0.30
2026-07-25 08:53:40,0.20
2026-07-25 08:53:50,-0.20
2026-07-25 08:54:57,0.10
2026-07-25 08:56:06,-0.10
2026-07-25 08:57:24,0.30
2026-07-25 08:57:33,-0.10
2026-07-25 08:58:22,-0.20
2026-07-25 08:59:30,0.20
2026-07-25 09:00:10,-0.10
2026-07-25 09:01:37,0.20
2026-07-25 09:02:36,-0.10
2026-07-25 09:03:53,0.20
2026-07-25 09:05:40,-0.10
2026-07-25 09:07:08,0.20
2026-07-25 09:08:36,-0.10
2026-07-25 09:10:13,0.20
2026-07-25 09:10:23,-0.20
2026-07-25 09:11:31,0.20
2026-07-25 09:12:29,-0.10
2026-07-25 09:13:18,0.20
2026-07-25 09:14:07,-0.10
2026-07-25 09:15:14,0.20
2026-07-25 09:15:34,-0.10
2026-07-25 09:16:52,0.00
2026-07-25 09:17:02,0.30
2026-07-25 09:19:28,-0.10
2026-07-25 09:20:07,0.30
2026-07-25 09:20:55,0.00
2026-07-25 09:21:45,0.20
2026-07-25 09:22:14,-0.10
2026-07-25 09:23:51,0.30
2026-07-25 09:24:00,0.00
2026-07-25 09:25:19,-0.10
2026-07-25 09:25:28,0.30
2026-07-25 09:27:25,-0.10
2026-07-25 09:29:22,0.30
2026-07-25 09:29:41,0.00
2026-07-25 09:30:00,0.30
2026-07-25 09:31:28,0.20
2026-07-25 09:32:46,-0.10
2026-07-25 09:32:56,0.10
2026-07-25 09:33:06,0.30
2026-07-25 09:35:22,0.10
2026-07-25 09:35:31,0.00
2026-07-25 09:36:11,-0.10
2026-07-25 09:36:50,0.30
2026-07-25 09:38:27,-0.10
2026-07-25 09:38:56,0.30
2026-07-25 09:39:35,0.00
2026-07-25 09:39:44,0.30
2026-07-25 09:41:32,0.00
2026-07-25 09:43:19,-0.10
2026-07-25 09:43:29,0.20
2026-07-25 09:44:27,0.30
2026-07-25 09:44:36,0.00
2026-07-25 09:46:34,0.10
2026-07-25 09:46:44,0.30
2026-07-25 09:47:51,0.00
2026-07-25 09:48:12,0.30
2026-07-25 09:50:17,0.00
2026-07-25 09:50:27,0.30
2026-07-25 09:52:15,0.00
2026-07-25 09:53:22,0.40
2026-07-25 09:53:43,0.10
2026-07-25 09:54:50,0.00
2026-07-25 09:55:10,0.30
2026-07-25 09:56:28,0.00
2026-07-25 09:56:58,0.30
2026-07-25 09:57:56,0.00
2026-07-25 09:59:24,0.30
2026-07-25 10:00:12,0.00
2026-07-25 10:02:28,0.40
2026-07-25 10:03:07,0.00
2026-07-25 10:04:35,0.40
2026-07-25 10:05:24,0.10
2026-07-25 10:06:22,0.40
2026-07-25 10:09:08,0.00
2026-07-25 10:10:07,0.10
2026-07-25 10:10:16,0.40
2026-07-25 10:11:24,0.10
2026-07-25 10:12:33,0.40
2026-07-25 10:12:52,0.00
2026-07-25 10:14:10,0.10
2026-07-25 10:15:27,0.40
2026-07-25 10:16:16,0.10
2026-07-25 10:16:26,0.40
2026-07-25 10:18:53,0.00
2026-07-25 10:19:12,0.20
2026-07-25 10:19:30,0.50
2026-07-25 10:21:18,0.10
2026-07-25 10:22:17,0.40
2026-07-25 10:22:26,0.60
2026-07-25 10:22:56,0.10
2026-07-25 10:24:03,0.50
2026-07-25 10:25:31,0.20
2026-07-25 10:25:41,0.10
2026-07-25 10:25:51,0.50
2026-07-25 10:28:56,0.10
2026-07-25 10:29:06,0.40
2026-07-25 10:29:44,0.10
2026-07-25 10:31:03,0.20
2026-07-25 10:31:22,0.50
2026-07-25 10:32:39,0.20
2026-07-25 10:32:59,0.50
2026-07-25 10:33:57,0.10
2026-07-25 10:35:25,0.50
2026-07-25 10:35:55,0.10
2026-07-25 10:36:05,0.50
2026-07-25 10:37:12,0.10
2026-07-25 10:37:33,0.50
2026-07-25 10:40:08,0.10
2026-07-25 10:41:55,0.50
2026-07-25 10:43:42,0.10
2026-07-25 10:44:02,0.50
2026-07-25 10:45:01,0.10
2026-07-25 10:46:47,0.60
2026-07-25 10:47:26,0.20
2026-07-25 10:47:55,0.60
2026-07-25 10:49:52,0.20
2026-07-25 10:50:02,0.60
2026-07-25 10:51:20,0.20
2026-07-25 10:53:07,0.60
2026-07-25 10:53:56,0.20
2026-07-25 10:54:15,0.70
2026-07-25 10:55:24,0.60
2026-07-25 10:56:31,0.30
2026-07-25 10:57:20,0.60
2026-07-25 10:59:47,0.20
2026-07-25 11:00:54,0.30
2026-07-25 11:01:33,0.90
2026-07-25 11:02:12,0.30
2026-07-25 11:02:22,0.60
2026-07-25 11:03:59,0.20
2026-07-25 11:05:46,0.30
2026-07-25 11:06:15,0.70
2026-07-25 11:06:55,0.30
2026-07-25 11:08:13,0.70
2026-07-25 11:09:01,0.30
2026-07-25 11:10:10,0.70
2026-07-25 11:10:49,0.30
2026-07-25 11:11:47,0.70
2026-07-25 11:11:57,0.60
2026-07-25 11:12:06,0.30
2026-07-25 11:15:02,0.70
2026-07-25 11:15:31,0.20
2026-07-25 11:15:41,0.70
2026-07-25 11:17:19,0.40
2026-07-25 11:19:05,0.70
2026-07-25 11:20:33,0.40
2026-07-25 11:21:02,0.70
2026-07-25 11:22:10,0.40
2026-07-25 11:23:28,0.60
2026-07-25 11:24:07,0.30
2026-07-25 11:25:15,0.80
2026-07-25 11:25:25,0.50
2026-07-25 11:26:52,0.80
2026-07-25 11:27:12,0.20
2026-07-25 11:28:59,0.80
2026-07-25 11:29:57,0.30
2026-07-25 11:30:46,0.90
2026-07-25 11:31:15,0.40
2026-07-25 11:31:44,0.50
2026-07-25 11:32:04,0.60
2026-07-25 11:33:51,0.30
2026-07-25 11:34:10,0.90
2026-07-25 11:35:28,0.20
2026-07-25 11:35:58,0.80
2026-07-25 11:37:25,0.40
2026-07-25 11:38:53,0.80
2026-07-25 11:39:41,0.40
2026-07-25 11:40:59,0.50
2026-07-25 11:41:28,0.80
2026-07-25 11:41:58,0.20
2026-07-25 11:42:08,0.70
2026-07-25 11:43:55,0.80
2026-07-25 11:44:34,0.30
2026-07-25 11:45:32,0.70
2026-07-25 11:46:41,0.80
2026-07-25 11:47:09,0.30
2026-07-25 11:48:18,0.20
2026-07-25 11:48:57,0.80
2026-07-25 11:50:14,0.70
2026-07-25 11:51:23,0.30
2026-07-25 11:51:33,0.70
2026-07-25 11:52:32,0.30
2026-07-25 11:53:29,0.70
2026-07-25 11:53:50,0.40
2026-07-25 11:54:48,0.30
2026-07-25 11:55:27,0.70
2026-07-25 11:56:54,0.30
2026-07-25 11:57:14,0.80
2026-07-25 11:58:03,0.40
2026-07-25 11:59:10,0.80
2026-07-25 12:00:08,0.90
2026-07-25 12:00:48,0.50
2026-07-25 12:01:36,0.80
2026-07-25 12:01:56,0.40
2026-07-25 12:03:13,0.80
2026-07-25 12:04:13,0.50
2026-07-25 12:05:01,0.90
2026-07-25 12:05:31,0.50
2026-07-25 12:06:19,0.80
2026-07-25 12:06:49,0.60
2026-07-25 12:08:16,0.90
2026-07-25 12:09:35,0.30
2026-07-25 12:09:54,0.40
2026-07-25 12:11:02,0.80
2026-07-25 12:12:20,0.50
2026-07-25 12:13:28,0.90
2026-07-25 12:14:36,0.50
2026-07-25 12:15:05,0.90
2026-07-25 12:17:02,0.40
2026-07-25 12:18:11,1.00
2026-07-25 12:19:28,0.30
2026-07-25 12:20:18,0.80
2026-07-25 12:20:27,0.20
2026-07-25 12:21:16,0.80
2026-07-25 12:22:14,0.10
2026-07-25 12:23:13,0.30
2026-07-25 12:23:41,0.70
2026-07-25 12:24:50,0.30
2026-07-25 12:25:09,0.80
2026-07-25 12:26:08,0.40
2026-07-25 12:27:16,0.80
2026-07-25 12:28:24,0.10
2026-07-25 12:29:51,0.20
2026-07-25 12:30:11,0.90
2026-07-25 12:31:10,0.70
2026-07-25 12:32:27,0.20
2026-07-25 12:33:45,0.30
2026-07-25 12:33:55,0.70
2026-07-25 12:34:25,0.80
2026-07-25 12:35:03,0.30
2026-07-25 12:36:02,1.00
2026-07-25 12:37:20,0.40
2026-07-25 12:38:08,0.80
2026-07-25 12:38:28,0.30
2026-07-25 12:40:05,0.20
2026-07-25 12:40:25,0.80
2026-07-25 12:41:03,0.40
2026-07-25 12:41:13,0.80
2026-07-25 12:43:30,0.40
2026-07-25 12:44:38,0.70
2026-07-25 12:44:48,0.40
2026-07-25 12:46:44,0.20
2026-07-25 12:47:03,0.70
2026-07-25 12:48:12,0.60
2026-07-25 12:48:31,0.20
2026-07-25 12:49:49,0.70
2026-07-25 12:50:28,0.30
2026-07-25 12:51:26,0.70
2026-07-25 12:52:16,0.30
2026-07-25 12:53:14,0.70
2026-07-25 12:54:03,0.20
2026-07-25 12:54:12,0.30
2026-07-25 12:55:40,0.60
2026-07-25 12:55:49,0.30
2026-07-25 12:56:09,0.80
2026-07-25 12:57:36,0.70
2026-07-25 12:58:06,0.20
2026-07-25 12:59:24,0.50
2026-07-25 12:59:35,0.80
2026-07-25 13:00:52,0.40
2026-07-25 13:01:30,0.80
2026-07-25 13:03:07,0.70
2026-07-25 13:03:27,0.40
2026-07-25 13:04:26,0.80
2026-07-25 13:05:04,0.30
2026-07-25 13:06:12,0.80
2026-07-25 13:06:22,0.50
2026-07-25 13:07:41,0.40
2026-07-25 13:08:20,0.80
2026-07-25 13:10:16,0.30
2026-07-25 13:11:05,1.00
2026-07-25 13:11:34,0.30
2026-07-25 13:12:33,0.40
2026-07-25 13:12:43,0.80
2026-07-25 13:14:20,0.40
2026-07-25 13:15:28,0.90
2026-07-25 13:16:56,0.30
2026-07-25 13:17:06,0.90
2026-07-25 13:17:34,0.50
2026-07-25 13:18:42,0.80
2026-07-25 13:19:02,0.50
2026-07-25 13:19:31,0.80
2026-07-25 13:21:57,0.40
2026-07-25 13:23:34,0.80
2026-07-25 13:23:55,0.30
2026-07-25 13:24:43,0.80
2026-07-25 13:25:52,0.30
2026-07-25 13:27:58,0.80
2026-07-25 13:28:17,0.40
2026-07-25 13:28:56,0.80
2026-07-25 13:29:06,0.40
2026-07-25 13:30:52,0.70
2026-07-25 13:31:32,0.40
2026-07-25 13:32:20,0.30
2026-07-25 13:33:00,0.80
2026-07-25 13:33:58,0.20
2026-07-25 13:34:47,0.80
2026-07-25 13:36:53,0.30
2026-07-25 13:38:31,0.80
2026-07-25 13:39:48,0.30
2026-07-25 13:41:06,0.70
2026-07-25 13:43:33,0.20
2026-07-25 13:44:01,0.40
2026-07-25 13:44:21,0.70
2026-07-25 13:45:29,0.60
2026-07-25 13:46:19,0.30
2026-07-25 13:47:06,0.70
2026-07-25 13:47:56,0.30
2026-07-25 13:49:23,0.60
2026-07-25 13:49:33,0.20
2026-07-25 13:51:10,0.30
2026-07-25 13:51:30,0.70
2026-07-25 13:52:57,0.30
2026-07-25 13:53:08,0.70
2026-07-25 13:53:56,0.20
2026-07-25 13:55:14,0.40
2026-07-25 13:55:34,0.70
2026-07-25 13:57:00,0.30
2026-07-25 13:57:30,0.70
2026-07-25 13:59:27,0.20
2026-07-25 13:59:56,0.70
2026-07-25 14:01:04,0.30
2026-07-25 14:03:00,0.70
2026-07-25 14:03:10,0.20
2026-07-25 14:03:30,0.70
2026-07-25 14:03:59,0.20
2026-07-25 14:06:15,0.70
2026-07-25 14:06:25,0.40
2026-07-25 14:06:55,0.70
2026-07-25 14:08:22,0.20
2026-07-25 14:08:41,0.70
2026-07-25 14:09:21,0.40
2026-07-25 14:10:38,0.10
2026-07-25 14:10:48,0.80
2026-07-25 14:12:26,0.30
2026-07-25 14:12:36,0.80
2026-07-25 14:14:23,0.30
2026-07-25 14:14:42,0.80
2026-07-25 14:15:41,0.70
2026-07-25 14:16:29,0.40
2026-07-25 14:16:50,0.70
2026-07-25 14:17:18,0.40
2026-07-25 14:18:27,0.50
2026-07-25 14:19:06,0.80
2026-07-25 14:20:23,0.60
2026-07-25 14:20:53,0.30
2026-07-25 14:21:42,0.90
2026-07-25 14:21:51,0.40
2026-07-25 14:23:28,0.50
2026-07-25 14:23:38,0.80
2026-07-25 14:26:23,0.30
2026-07-25 14:26:33,0.80
2026-07-25 14:27:23,0.40
2026-07-25 14:28:21,0.30
2026-07-25 14:28:40,0.80
2026-07-25 14:30:08,0.70
2026-07-25 14:30:46,0.30
2026-07-25 14:31:55,0.80
2026-07-25 14:32:54,0.20
2026-07-25 14:33:13,0.40
2026-07-25 14:33:32,0.70
2026-07-25 14:34:50,0.30
2026-07-25 14:35:49,0.80
2026-07-25 14:36:27,0.30
2026-07-25 14:36:57,0.80
2026-07-25 14:38:14,0.30
2026-07-25 14:38:54,0.60
2026-07-25 14:39:51,0.70
2026-07-25 14:40:40,0.30
2026-07-25 14:41:59,0.70
2026-07-25 14:43:16,0.40
2026-07-25 14:43:27,0.80
2026-07-25 14:45:13,0.70
2026-07-25 14:45:32,0.30
2026-07-25 14:46:41,0.90
2026-07-25 14:47:09,0.20
2026-07-25 14:48:17,0.80
2026-07-25 14:48:27,0.30
2026-07-25 14:49:45,0.70
2026-07-25 14:51:03,0.10
2026-07-25 14:51:22,0.20
2026-07-25 14:51:33,0.70
2026-07-25 14:52:59,0.30
2026-07-25 14:53:30,0.90
2026-07-25 14:55:07,0.30
2026-07-25 14:55:45,1.00
2026-07-25 14:56:35,0.20
2026-07-25 14:57:52,0.90
2026-07-25 14:58:40,0.40
2026-07-25 14:59:20,0.80
2026-07-25 14:59:40,0.70
2026-07-25 15:00:08,0.20
2026-07-25 15:01:17,0.30
2026-07-25 15:01:36,0.90
2026-07-25 15:03:33,0.20
2026-07-25 15:03:53,0.70
2026-07-25 15:04:51,0.20
2026-07-25 15:05:20,0.80
2026-07-25 15:06:09,0.20
2026-07-25 15:07:46,0.90
2026-07-25 15:08:06,0.00
2026-07-25 15:09:13,0.90
2026-07-25 15:09:34,0.20
2026-07-25 15:10:01,1.00
2026-07-25 15:11:20,0.30
2026-07-25 15:12:38,3.10
2026-07-25 15:12:48,2.80
2026-07-25 15:13:56,1.30
2026-07-25 15:14:25,2.30
2026-07-25 15:15:42,0.80
2026-07-25 15:17:30,0.90
2026-07-25 15:17:40,0.20
2026-07-25 15:17:49,1.00
2026-07-25 15:18:47,3.00
2026-07-25 15:19:46,2.60
2026-07-25 15:20:25,1.70
2026-07-25 15:21:04,2.00
2026-07-25 15:22:32,0.60
2026-07-25 15:24:00,1.10
2026-07-25 15:24:10,0.60
2026-07-25 15:24:19,1.10
2026-07-25 15:24:58,1.80
2026-07-25 15:26:35,2.10
2026-07-25 15:27:34,0.60
2026-07-25 15:27:53,0.70
2026-07-25 15:29:11,0.10
2026-07-25 15:29:51,0.50
2026-07-25 15:30:39,0.10
2026-07-25 15:31:18,0.40
2026-07-25 15:31:47,-0.10
2026-07-25 15:32:56,0.60
2026-07-25 15:33:33,0.20
2026-07-25 15:34:33,0.30
2026-07-25 15:35:01,-0.10
2026-07-25 15:35:51,0.00
2026-07-25 15:36:00,0.30
2026-07-25 15:38:26,-0.10
2026-07-25 15:38:37,0.30
2026-07-25 15:40:23,-0.10
2026-07-25 15:41:12,0.00
2026-07-25 15:41:51,0.30
2026-07-25 15:43:57,-0.20
2026-07-25 15:44:07,0.30
2026-07-25 15:44:27,-0.10
2026-07-25 15:45:55,0.30
2026-07-25 15:47:22,-0.30
2026-07-25 15:47:42,-0.10
2026-07-25 15:48:21,0.30
2026-07-25 15:49:10,0.20
2026-07-25 15:49:58,-0.10
2026-07-25 15:51:55,0.40
2026-07-25 15:52:04,-0.20
2026-07-25 15:52:53,0.40
2026-07-25 15:53:02,-0.10
2026-07-25 15:54:51,0.00
2026-07-25 15:55:28,0.60
2026-07-25 15:57:16,3.50
2026-07-25 15:57:26,3.80
2026-07-25 15:58:05,5.70
2026-07-25 15:59:22,5.50
2026-07-25 16:00:31,2.80
2026-07-25 16:00:41,2.60
2026-07-25 16:01:38,1.20
2026-07-25 16:02:18,2.90
2026-07-25 16:03:46,5.50
2026-07-25 16:04:04,6.40
2026-07-25 16:05:23,5.50
2026-07-25 16:05:41,6.00
2026-07-25 16:06:40,3.60
2026-07-25 16:08:37,2.40
2026-07-25 16:09:06,2.30
2026-07-25 16:09:36,1.00
2026-07-25 16:10:34,1.70
2026-07-25 16:10:54,1.10
2026-07-25 16:12:31,1.50
2026-07-25 16:13:19,0.80
2026-07-25 16:14:18,1.00
2026-07-25 16:14:28,0.80
2026-07-25 16:16:15,0.40
2026-07-25 16:16:45,0.90
2026-07-25 16:17:22,0.80
2026-07-25 16:17:33,0.30
2026-07-25 16:19:11,0.10
2026-07-25 16:19:20,0.50
2026-07-25 16:21:26,0.40
2026-07-25 16:21:56,0.00
2026-07-25 16:22:15,0.40
2026-07-25 16:22:54,0.10
2026-07-25 16:24:51,0.60
2026-07-25 16:26:19,0.10
2026-07-25 16:27:08,0.40
2026-07-25 16:27:56,0.10
2026-07-25 16:28:45,0.50
2026-07-25 16:29:24,0.10
2026-07-25 16:31:02,0.00
2026-07-25 16:31:11,0.30
2026-07-25 16:32:10,-0.10
2026-07-25 16:32:20,0.20
2026-07-25 16:34:17,-0.30
2026-07-25 16:36:52,0.10
2026-07-25 16:37:03,0.00
2026-07-25 16:38:30,-0.40
2026-07-25 16:38:50,0.00
2026-07-25 16:38:59,-0.40
2026-07-25 16:40:18,0.00
2026-07-25 16:40:36,-0.30
2026-07-25 16:42:43,0.10
2026-07-25 16:44:10,-0.20
2026-07-25 16:44:40,0.20
2026-07-25 16:45:38,-0.10
2026-07-25 16:45:48,0.20
2026-07-25 16:46:56,0.00
2026-07-25 16:48:13,-0.30
2026-07-25 16:48:33,-0.20
2026-07-25 16:48:53,-0.50
2026-07-25 16:51:09,-0.10
2026-07-25 16:51:58,-0.40
2026-07-25 16:52:56,-0.10
2026-07-25 16:53:26,-0.40
2026-07-25 16:54:33,0.00
2026-07-25 16:55:03,-0.40
2026-07-25 16:55:52,0.20
2026-07-25 16:56:49,-0.10
2026-07-25 16:57:58,0.50
2026-07-25 16:58:37,0.10
2026-07-25 17:00:05,0.20
2026-07-25 17:00:44,-0.10
2026-07-25 17:01:52,-0.30
2026-07-25 17:03:00,0.00
2026-07-25 17:03:59,-0.30
2026-07-25 17:04:58,0.00
2026-07-25 17:05:16,-0.30
2026-07-25 17:07:43,-0.20
2026-07-25 17:07:53,0.20
2026-07-25 17:09:00,-0.10
2026-07-25 17:09:39,0.30
2026-07-25 17:10:48,0.40
2026-07-25 17:10:57,0.00
2026-07-25 17:12:06,-0.10
2026-07-25 17:12:25,0.20
2026-07-25 17:13:23,-0.20
2026-07-25 17:14:02,0.10
2026-07-25 17:14:51,-0.30
2026-07-25 17:15:00,0.00
2026-07-25 17:16:38,-0.40
2026-07-25 17:16:48,-0.10
2026-07-25 17:18:25,-0.40
2026-07-25 17:19:14,-0.10
2026-07-25 17:20:02,-0.50
2026-07-25 17:21:49,-0.20
2026-07-25 17:22:39,-0.60
2026-07-25 17:23:56,-0.20
2026-07-25 17:25:04,-0.70
2026-07-25 17:25:14,-0.20
2026-07-25 17:27:20,-0.60
2026-07-25 17:28:10,-0.30
2026-07-25 17:29:17,-0.70
2026-07-25 17:29:57,-0.60
2026-07-25 17:30:25,-0.20
2026-07-25 17:31:34,-0.30
2026-07-25 17:31:52,-0.70
2026-07-25 17:33:01,-0.30
2026-07-25 17:33:20,-0.70
2026-07-25 17:35:07,-0.30
2026-07-25 17:35:17,-0.60
2026-07-25 17:36:55,-0.30
2026-07-25 17:37:15,-0.70
2026-07-25 17:38:22,-0.30
2026-07-25 17:39:10,-0.60
2026-07-25 17:39:40,-0.30
2026-07-25 17:39:50,-0.60
2026-07-25 17:41:46,-0.70
2026-07-25 17:42:15,-0.30
2026-07-25 17:43:14,-0.70
2026-07-25 17:44:42,-0.30
2026-07-25 17:45:01,-0.60
2026-07-25 17:46:59,-0.20
2026-07-25 17:47:18,-0.50
2026-07-25 17:48:06,-0.70
2026-07-25 17:49:15,-0.20
2026-07-25 17:49:34,-0.30
2026-07-25 17:49:53,-0.60
2026-07-25 17:51:31,-0.30
2026-07-25 17:52:29,-0.70
2026-07-25 17:54:26,-0.20
2026-07-25 17:54:36,-0.30
2026-07-25 17:55:05,-0.60
2026-07-25 17:56:23,-0.70
2026-07-25 17:56:33,-0.30
2026-07-25 17:58:00,-0.70
2026-07-25 17:59:48,-0.30
2026-07-25 18:01:35,-0.70
2026-07-25 18:02:23,-0.20
2026-07-25 18:02:52,-0.60
2026-07-25 18:03:13,-0.30
2026-07-25 18:04:30,-0.60
2026-07-25 18:04:40,-0.20
2026-07-25 18:06:46,-0.60
2026-07-25 18:07:45,-0.30
2026-07-25 18:08:23,-0.60
2026-07-25 18:09:51,-0.30
2026-07-25 18:11:29,-0.20
2026-07-25 18:11:48,-0.50
2026-07-25 18:12:47,-0.60
2026-07-25 18:12:56,-0.30
2026-07-25 18:14:44,-0.70
2026-07-25 18:14:54,-0.30
2026-07-25 18:16:02,-0.20
2026-07-25 18:17:19,-0.60
2026-07-25 18:18:09,-0.20
2026-07-25 18:18:18,-0.60
2026-07-25 18:19:45,-0.20
2026-07-25 18:20:05,-0.60
2026-07-25 18:22:02,-0.20
2026-07-25 18:22:12,-0.60
2026-07-25 18:23:00,-0.10
2026-07-25 18:23:40,-0.60
2026-07-25 18:24:38,-0.20
2026-07-25 18:25:46,-0.50
2026-07-25 18:26:25,-0.20
2026-07-25 18:27:33,-0.50
2026-07-25 18:27:53,-0.10
2026-07-25 18:29:20,-0.50
2026-07-25 18:30:48,-0.20
2026-07-25 18:31:46,-0.60
2026-07-25 18:33:54,-0.10
2026-07-25 18:34:13,-0.60
2026-07-25 18:34:22,-0.20
2026-07-25 18:36:19,-0.60
2026-07-25 18:36:38,-0.20
2026-07-25 18:37:36,-0.50
2026-07-25 18:38:16,-0.20
2026-07-25 18:40:32,-0.60
2026-07-25 18:40:42,-0.50
2026-07-25 18:41:01,-0.20
2026-07-25 18:42:59,-0.60
2026-07-25 18:44:07,-0.20
2026-07-25 18:44:45,-0.60
2026-07-25 18:45:44,-0.20
2026-07-25 18:46:22,-0.70
2026-07-25 18:47:40,-0.50
2026-07-25 18:48:30,-0.20
2026-07-25 18:50:26,-0.50
2026-07-25 18:50:35,-0.10
2026-07-25 18:51:24,-0.60
2026-07-25 18:52:22,-0.20
2026-07-25 18:53:02,-0.50
2026-07-25 18:54:48,-0.20
2026-07-25 18:56:07,-0.50
2026-07-25 18:57:15,-0.20
2026-07-25 18:58:14,-0.50
2026-07-25 18:59:03,-0.20
2026-07-25 18:59:12,-0.60
2026-07-25 19:01:38,-0.10
2026-07-25 19:01:58,-0.60
2026-07-25 19:02:17,-0.50
2026-07-25 19:02:46,-0.20
2026-07-25 19:04:44,-0.50
2026-07-25 19:05:32,-0.20
2026-07-25 19:05:41,-0.50
2026-07-25 19:07:19,-0.20
2026-07-25 19:08:47,-0.60
2026-07-25 19:09:15,-0.10
2026-07-25 19:10:24,-0.50
2026-07-25 19:10:52,-0.20
2026-07-25 19:12:21,-0.40
2026-07-25 19:13:48,-0.50
2026-07-25 19:13:58,-0.10
2026-07-25 19:15:45,-0.50
2026-07-25 19:17:32,-0.20
2026-07-25 19:18:31,-0.60
2026-07-25 19:18:50,-0.50
2026-07-25 19:19:20,-0.20
2026-07-25 19:20:28,-0.60
2026-07-25 19:20:57,-0.10
2026-07-25 19:22:25,-0.20
2026-07-25 19:23:13,-0.60
2026-07-25 19:23:33,-0.20
2026-07-25 19:23:43,-0.50
2026-07-25 19:25:39,-0.20
2026-07-25 19:27:07,-0.50
2026-07-25 19:27:16,-0.20
2026-07-25 19:29:24,-0.60
2026-07-25 19:30:22,-0.10
2026-07-25 19:31:10,-0.60
2026-07-25 19:32:29,-0.20
2026-07-25 19:33:17,-0.60
2026-07-25 19:33:36,-0.50
2026-07-25 19:34:06,-0.20
2026-07-25 19:35:14,-0.50
2026-07-25 19:35:24,-0.10
2026-07-25 19:37:01,-0.20
2026-07-25 19:37:30,-0.40
2026-07-25 19:39:07,-0.10
2026-07-25 19:39:17,-0.30
2026-07-25 19:40:35,-0.20
2026-07-25 19:41:24,-0.50
2026-07-25 19:42:03,-0.10
2026-07-25 19:43:01,-0.50
2026-07-25 19:43:30,-0.10
2026-07-25 19:44:00,-0.60
2026-07-25 19:45:18,-0.10
2026-07-25 19:45:28,-0.50
2026-07-25 19:47:05,-0.10
2026-07-25 19:47:24,-0.40
2026-07-25 19:48:43,-0.10
2026-07-25 19:49:31,-0.40
2026-07-25 19:50:00,-0.10
2026-07-25 19:50:29,-0.30
2026-07-25 19:51:37,-0.10
2026-07-25 19:52:16,-0.40
2026-07-25 19:53:15,-0.50
2026-07-25 19:53:44,-0.10
2026-07-25 19:55:02,-0.50
2026-07-25 19:55:31,-0.10
2026-07-25 19:57:18,-0.50
2026-07-25 19:58:17,-0.10
2026-07-25 19:59:34,-0.50
2026-07-25 20:00:14,-0.10
2026-07-25 20:01:12,-0.50
2026-07-25 20:01:32,-0.40
2026-07-25 20:01:42,-0.20
2026-07-25 20:03:47,-0.10
2026-07-25 20:04:47,-0.50
2026-07-25 20:05:15,-0.10
2026-07-25 20:05:54,-0.50
2026-07-25 20:07:02,-0.10
2026-07-25 20:08:01,-0.40
2026-07-25 20:08:10,-0.50
2026-07-25 20:08:30,-0.10
2026-07-25 20:10:08,-0.40
2026-07-25 20:10:17,0.00
2026-07-25 20:11:26,-0.10
2026-07-25 20:12:53,-0.40
2026-07-25 20:13:23,0.00
2026-07-25 20:14:41,-0.40
2026-07-25 20:15:00,0.00
2026-07-25 20:15:58,-0.30
2026-07-25 20:16:57,-0.40
2026-07-25 20:17:07,0.00
2026-07-25 20:18:05,-0.30
2026-07-25 20:18:14,0.00
2026-07-25 20:20:50,-0.40
2026-07-25 20:21:39,0.00
2026-07-25 20:21:49,-0.40
2026-07-25 20:24:05,0.10
2026-07-25 20:24:54,-0.30
2026-07-25 20:26:12,0.10
2026-07-25 20:26:31,0.00
2026-07-25 20:27:00,-0.40
2026-07-25 20:28:08,-0.10
2026-07-25 20:30:45,-0.50
2026-07-25 20:31:23,0.00
2026-07-25 20:32:41,-0.50
2026-07-25 20:32:51,-0.20
2026-07-25 20:33:00,-0.50
2026-07-25 20:34:58,-0.20
2026-07-25 20:35:27,0.00
2026-07-25 20:36:15,-0.40
2026-07-25 20:37:14,0.00
2026-07-25 20:38:13,-0.40
2026-07-25 20:39:11,0.00
2026-07-25 20:39:30,-0.30
2026-07-25 20:40:18,0.20
2026-07-25 20:41:08,-0.30
2026-07-25 20:41:46,0.10
2026-07-25 20:43:05,-0.20
2026-07-25 20:43:24,0.10
2026-07-25 20:45:22,-0.30
2026-07-25 20:46:10,-0.20
2026-07-25 20:47:00,0.20
2026-07-25 20:47:48,0.30
2026-07-25 20:49:05,-0.10
2026-07-25 20:49:45,0.20
2026-07-25 20:51:22,-0.10
2026-07-25 20:51:31,0.30
2026-07-25 20:52:40,0.00
2026-07-25 20:53:38,0.40
2026-07-25 20:54:46,0.00
2026-07-25 20:56:14,0.50
2026-07-25 20:56:23,0.00
2026-07-25 20:58:31,0.40
2026-07-25 20:59:28,0.50
2026-07-25 21:00:46,-0.10
2026-07-25 21:00:56,-0.20
2026-07-25 21:01:06,0.20
2026-07-25 21:03:22,0.30
2026-07-25 21:03:32,0.00
2026-07-25 21:04:40,0.20
2026-07-25 21:05:00,-0.20
2026-07-25 21:06:17,0.20
2026-07-25 21:06:37,-0.20
2026-07-25 21:08:44,0.20
2026-07-25 21:09:32,-0.20
2026-07-25 21:09:42,0.10
2026-07-25 21:10:50,0.20
2026-07-25 21:11:58,-0.20
2026-07-25 21:13:26,0.10
2026-07-25 21:13:46,-0.30
2026-07-25 21:14:24,0.10
2026-07-25 21:15:33,-0.20
2026-07-25 21:16:22,-0.10
2026-07-25 21:16:50,0.20
2026-07-25 21:17:30,0.10
2026-07-25 21:18:38,-0.30
2026-07-25 21:19:36,0.00
2026-07-25 21:21:04,-0.30
2026-07-25 21:21:23,0.10
2026-07-25 21:23:11,-0.30
2026-07-25 21:23:20,0.10
2026-07-25 21:24:48,-0.20
2026-07-25 21:26:45,0.20
2026-07-25 21:27:44,0.10
2026-07-25 21:28:12,-0.20
2026-07-25 21:29:12,-0.30
2026-07-25 21:29:40,0.20
2026-07-25 21:30:38,-0.20
2026-07-25 21:31:47,0.20
2026-07-25 21:33:04,-0.20
2026-07-25 21:33:44,0.20
2026-07-25 21:34:22,-0.20
2026-07-25 21:36:09,0.20
2026-07-25 21:37:57,-0.20
2026-07-25 21:38:26,0.30
2026-07-25 21:38:55,0.20
2026-07-25 21:39:44,-0.20
2026-07-25 21:40:42,0.50
2026-07-25 21:41:02,-0.10
2026-07-25 21:42:10,0.20
2026-07-25 21:42:20,-0.10
2026-07-25 21:43:48,-0.20
2026-07-25 21:44:36,0.20
2026-07-25 21:45:44,-0.10
2026-07-25 21:46:03,0.30
2026-07-25 21:47:21,0.00
2026-07-25 21:47:30,0.40
2026-07-25 21:48:58,0.50
2026-07-25 21:50:06,-0.20
2026-07-25 21:50:55,-0.10
2026-07-25 21:51:15,0.30
2026-07-25 21:52:03,0.20
2026-07-25 21:53:20,-0.20
2026-07-25 21:54:00,-0.30
2026-07-25 21:54:48,0.20
2026-07-25 21:56:56,-0.20
2026-07-25 21:57:15,0.10
2026-07-25 21:58:33,-0.30
2026-07-25 21:58:52,0.10
2026-07-25 21:59:21,-0.20
2026-07-25 22:00:49,-0.30
2026-07-25 22:01:08,0.00
2026-07-25 22:02:46,-0.30
2026-07-25 22:03:53,0.10
2026-07-25 22:04:23,-0.30
2026-07-25 22:05:31,0.00
2026-07-25 22:05:51,-0.40
2026-07-25 22:06:59,0.00
2026-07-25 22:07:56,-0.30
2026-07-25 22:08:56,-0.20
2026-07-25 22:09:15,0.00
2026-07-25 22:11:02,-0.50
2026-07-25 22:12:20,0.00
2026-07-25 22:13:00,-0.30
2026-07-25 22:13:58,0.00
2026-07-25 22:14:56,-0.50
2026-07-25 22:16:15,-0.10
2026-07-25 22:18:20,-0.40
2026-07-25 22:18:30,0.00
2026-07-25 22:19:58,-0.50
2026-07-25 22:20:37,-0.10
2026-07-25 22:21:26,-0.40
2026-07-25 22:22:14,-0.10
2026-07-25 22:23:03,-0.40
2026-07-25 22:23:42,0.00
2026-07-25 22:24:31,-0.40
2026-07-25 22:25:20,-0.10
2026-07-25 22:26:18,-0.50
2026-07-25 22:27:06,0.00
2026-07-25 22:27:46,-0.30
2026-07-25 22:28:24,-0.40
2026-07-25 22:29:23,0.00
2026-07-25 22:30:12,-0.30
2026-07-25 22:30:41,-0.10
2026-07-25 22:32:09,-0.50
2026-07-25 22:33:46,-0.30
2026-07-25 22:34:25,-0.10
2026-07-25 22:35:43,-0.50
2026-07-25 22:37:30,-0.10
2026-07-25 22:38:47,-0.50
2026-07-25 22:38:58,-0.10
2026-07-25 22:41:04,-0.50
2026-07-25 22:41:42,-0.40
2026-07-25 22:43:10,0.00
2026-07-25 22:43:30,-0.10
2026-07-25 22:44:48,-0.40
2026-07-25 22:45:55,0.00
2026-07-25 22:46:05,-0.40
2026-07-25 22:47:14,0.00
2026-07-25 22:47:33,-0.50
2026-07-25 22:48:13,-0.40
2026-07-25 22:48:22,0.00
2026-07-25 22:49:59,-0.10
2026-07-25 22:50:19,-0.40
2026-07-25 22:52:06,0.00
2026-07-25 22:52:55,-0.30
2026-07-25 22:53:44,-0.40
2026-07-25 22:54:42,0.00
2026-07-25 22:55:22,0.10
2026-07-25 22:55:50,-0.30
2026-07-25 22:56:29,0.10
2026-07-25 22:57:09,-0.30
2026-07-25 22:58:55,0.10
2026-07-25 22:59:54,-0.40
2026-07-25 23:00:13,0.00
2026-07-25 23:01:51,-0.40
2026-07-25 23:02:10,0.00
2026-07-25 23:04:08,-0.40
2026-07-25 23:05:15,0.00
2026-07-25 23:05:35,-0.30
2026-07-25 23:07:02,0.00
2026-07-25 23:07:50,-0.30
2026-07-25 23:08:59,0.10
2026-07-25 23:09:38,0.00
2026-07-25 23:09:58,-0.30
2026-07-25 23:12:24,0.10
2026-07-25 23:13:13,-0.30
2026-07-25 23:13:31,0.10
2026-07-25 23:14:59,0.20
2026-07-25 23:15:29,-0.20
2026-07-25 23:16:56,-0.30
2026-07-25 23:17:06,0.20
2026-07-25 23:17:55,-0.30
2026-07-25 23:18:33,0.10
2026-07-25 23:19:52,0.20
2026-07-25 23:20:01,-0.20
2026-07-25 23:21:09,-0.30
2026-07-25 23:21:19,0.10
2026-07-25 23:23:06,-0.20
2026-07-25 23:24:44,0.10
2026-07-25 23:25:32,-0.30
2026-07-25 23:26:50,0.00
2026-07-25 23:27:49,-0.30
2026-07-25 23:28:37,0.10
2026-07-25 23:29:26,-0.30
2026-07-25 23:29:45,0.00
2026-07-25 23:31:43,-0.50
2026-07-25 23:32:11,0.00
2026-07-25 23:33:00,0.10
2026-07-25 23:34:08,-0.30
2026-07-25 23:34:38,0.10
2026-07-25 23:35:56,-0.40
2026-07-25 23:36:06,-0.20
2026-07-25 23:37:13,0.00
2026-07-25 23:37:43,0.10
2026-07-25 23:38:50,-0.20
2026-07-25 23:39:39,-0.30
2026-07-25 23:39:59,0.10
2026-07-25 23:40:58,0.00
2026-07-25 23:41:27,-0.30
2026-07-25 23:42:44,0.00
2026-07-25 23:43:43,-0.40
2026-07-25 23:45:01,0.00
2026-07-25 23:45:40,-0.40
2026-07-25 23:46:19,0.00
2026-07-25 23:48:16,-0.30
2026-07-25 23:49:04,0.00
2026-07-25 23:49:34,-0.30
2026-07-25 23:49:53,0.00
2026-07-25 23:51:01,-0.30
2026-07-25 23:52:09,0.10
2026-07-25 23:53:17,-0.20
2026-07-25 23:53:26,0.20
2026-07-25 23:54:15,-0.10
2026-07-25 23:54:44,0.30
2026-07-25 23:56:22,0.00
2026-07-25 23:58:00,-0.10
2026-07-25 23:58:09,0.20
2026-07-25 23:59:18,0.30
2026-07-26 00:00:35,-0.10
2026-07-26 00:01:34,0.40
2026-07-26 00:01:44,-0.10
2026-07-26 00:02:33,0.10
2026-07-26 00:03:21,0.40
2026-07-26 00:03:31,0.30
2026-07-26 00:03:40,0.40
2026-07-26 00:03:50,0.50
2026-07-26 00:04:00,0.40
2026-07-26 00:04:48,0.10
2026-07-26 00:06:46,0.40
2026-07-26 00:07:25,0.10
2026-07-26 00:08:24,0.40
2026-07-26 00:09:12,-0.10
2026-07-26 00:09:21,0.30
2026-07-26 00:10:59,-0.10
2026-07-26 00:11:18,0.30
2026-07-26 00:12:56,0.00
2026-07-26 00:13:44,0.50
2026-07-26 00:14:04,0.00
2026-07-26 00:15:12,0.50
2026-07-26 00:16:10,0.20
2026-07-26 00:16:50,0.60
2026-07-26 00:17:58,0.20
2026-07-26 00:18:37,0.60
2026-07-26 00:19:06,0.30
2026-07-26 00:20:24,0.90
2026-07-26 00:20:34,0.50
2026-07-26 00:21:42,1.00
2026-07-26 00:22:40,0.40
2026-07-26 00:22:51,1.00
2026-07-26 00:24:08,0.90
2026-07-26 00:25:26,0.50
2026-07-26 00:25:36,0.90
2026-07-26 00:26:06,0.50
2026-07-26 00:27:13,0.60
2026-07-26 00:28:21,1.00
2026-07-26 00:29:01,0.50
2026-07-26 00:31:26,0.80
2026-07-26 00:31:56,1.40
2026-07-26 00:32:35,1.30
2026-07-26 00:33:43,1.00
2026-07-26 00:34:12,0.70
2026-07-26 00:35:01,1.50
2026-07-26 00:35:29,1.80
2026-07-26 00:36:28,1.10
2026-07-26 00:37:47,1.20
2026-07-26 00:38:35,1.60
2026-07-26 00:38:45,1.70
2026-07-26 00:39:15,2.20
2026-07-26 00:40:32,1.30
2026-07-26 00:41:40,2.20
2026-07-26 00:42:00,2.50
2026-07-26 00:43:27,1.50
2026-07-26 00:44:06,1.40
2026-07-26 00:45:14,2.00
2026-07-26 00:45:24,1.80
2026-07-26 00:46:33,2.40
2026-07-26 00:47:11,2.50
2026-07-26 00:48:10,1.60
2026-07-26 00:49:08,1.80
2026-07-26 00:49:47,1.30
2026-07-26 00:50:15,1.00
2026-07-26 00:51:04,1.60
2026-07-26 00:52:13,1.20
2026-07-26 00:52:23,1.60
2026-07-26 00:53:51,0.90
2026-07-26 00:55:08,1.80
2026-07-26 00:55:19,1.30
2026-07-26 00:56:46,1.90
2026-07-26 00:56:56,1.60
2026-07-26 00:57:34,1.20
2026-07-26 00:58:42,1.50
2026-07-26 00:59:11,1.10
2026-07-26 01:01:00,1.70
2026-07-26 01:01:57,1.50
2026-07-26 01:02:37,1.00
2026-07-26 01:03:35,1.20
2026-07-26 01:05:03,0.40
2026-07-26 01:05:32,0.30
2026-07-26 01:06:30,1.00
2026-07-26 01:08:18,0.50
2026-07-26 01:08:56,0.30
2026-07-26 01:09:16,0.80
2026-07-26 01:10:14,0.20
2026-07-26 01:10:33,0.60
2026-07-26 01:11:42,0.20
2026-07-26 01:12:21,0.80
2026-07-26 01:13:38,0.30
2026-07-26 01:13:58,0.80
2026-07-26 01:15:16,0.70
2026-07-26 01:15:26,0.30
2026-07-26 01:17:03,0.70
2026-07-26 01:17:32,0.00
2026-07-26 01:18:31,0.30
2026-07-26 01:19:49,-0.10
2026-07-26 01:19:59,0.20
2026-07-26 01:20:28,0.60
2026-07-26 01:21:36,0.30
2026-07-26 01:22:24,0.60
2026-07-26 01:23:23,0.30
2026-07-26 01:23:42,0.70
2026-07-26 01:25:00,0.30
2026-07-26 01:25:59,0.90
2026-07-26 01:27:17,0.70
2026-07-26 01:27:46,1.20
2026-07-26 01:29:04,1.80
2026-07-26 01:29:23,1.10
2026-07-26 01:29:52,1.70
2026-07-26 01:31:29,3.10
2026-07-26 01:31:59,2.90
2026-07-26 01:33:07,1.40
2026-07-26 01:33:36,1.20
2026-07-26 01:34:44,1.70
2026-07-26 01:34:54,1.40
2026-07-26 01:36:12,2.00
2026-07-26 01:37:10,1.20
2026-07-26 01:37:49,1.70
2026-07-26 01:38:57,2.00
2026-07-26 01:39:17,1.40
2026-07-26 01:40:05,1.90
2026-07-26 01:41:13,1.20
2026-07-26 01:41:33,1.50
2026-07-26 01:43:00,0.80
2026-07-26 01:43:39,1.00
2026-07-26 01:44:18,0.50
2026-07-26 01:44:58,0.80
2026-07-26 01:45:17,1.30
2026-07-26 01:46:35,0.80
2026-07-26 01:46:54,1.40
2026-07-26 01:48:03,1.10
2026-07-26 01:48:31,1.80
2026-07-26 01:50:38,1.50
2026-07-26 01:51:07,0.70
2026-07-26 01:51:36,1.10
2026-07-26 01:52:16,0.50
2026-07-26 01:54:21,0.90
2026-07-26 01:55:21,0.80
2026-07-26 01:55:40,0.40
2026-07-26 01:56:48,0.30
2026-07-26 01:57:47,0.80
2026-07-26 01:57:57,0.90
2026-07-26 01:58:45,0.60
2026-07-26 02:00:22,1.30
2026-07-26 02:01:12,0.40
2026-07-26 02:02:10,1.20
2026-07-26 02:03:17,0.60
2026-07-26 02:04:26,1.10
2026-07-26 02:06:03,0.70
2026-07-26 02:06:53,1.20
2026-07-26 02:08:20,0.90
2026-07-26 02:08:39,0.50
2026-07-26 02:09:57,0.80
2026-07-26 02:11:05,0.10
2026-07-26 02:11:34,0.70
2026-07-26 02:11:44,0.10
2026-07-26 02:13:02,1.00
2026-07-26 02:13:51,0.00
2026-07-26 02:14:49,0.80
2026-07-26 02:15:09,0.20
2026-07-26 02:16:27,0.60
2026-07-26 02:16:46,0.20
2026-07-26 02:18:33,0.70
2026-07-26 02:19:51,0.20
2026-07-26 02:21:19,0.30
2026-07-26 02:22:27,0.80
2026-07-26 02:23:16,0.70
2026-07-26 02:23:25,0.20
2026-07-26 02:25:22,1.00
2026-07-26 02:25:51,0.30
2026-07-26 02:26:11,0.70
2026-07-26 02:26:30,0.30
2026-07-26 02:27:48,0.70
2026-07-26 02:28:17,0.20
2026-07-26 02:29:45,0.80
2026-07-26 02:30:34,0.20
2026-07-26 02:31:03,0.00
2026-07-26 02:31:53,0.60
2026-07-26 02:32:50,0.50
2026-07-26 02:33:48,0.00
2026-07-26 02:34:18,-0.10
2026-07-26 02:34:38,0.60
2026-07-26 02:35:56,0.30
2026-07-26 02:36:34,0.00
2026-07-26 02:37:43,0.10
2026-07-26 02:38:02,0.40
2026-07-26 02:40:28,0.20
2026-07-26 02:40:38,-0.30
2026-07-26 02:40:48,-0.10
2026-07-26 02:40:57,0.20
2026-07-26 02:43:43,-0.30
2026-07-26 02:44:41,0.10
2026-07-26 02:46:57,-0.20
2026-07-26 02:47:07,0.10
2026-07-26 02:47:56,-0.40
2026-07-26 02:48:06,0.10
2026-07-26 02:49:05,0.00
2026-07-26 02:49:52,-0.20
2026-07-26 02:51:40,0.20
2026-07-26 02:52:38,-0.30
2026-07-26 02:52:58,0.00
2026-07-26 02:54:15,-0.10
2026-07-26 02:54:35,0.20
2026-07-26 02:55:53,-0.30
2026-07-26 02:56:22,0.20
2026-07-26 02:57:20,-0.20
2026-07-26 02:58:48,0.30
2026-07-26 02:59:17,-0.20
2026-07-26 03:00:26,0.50
2026-07-26 03:01:05,0.10
2026-07-26 03:01:53,1.00
2026-07-26 03:02:23,0.70
2026-07-26 03:02:43,1.10
2026-07-26 03:04:29,0.70
2026-07-26 03:04:49,1.30
2026-07-26 03:05:57,0.50
2026-07-26 03:06:56,1.20
2026-07-26 03:07:44,0.30
2026-07-26 03:08:42,1.00
2026-07-26 03:10:29,0.20
2026-07-26 03:10:39,0.80
2026-07-26 03:11:28,0.30
2026-07-26 03:13:15,0.90
2026-07-26 03:13:35,0.10
2026-07-26 03:13:54,0.80
2026-07-26 03:14:05,0.40
2026-07-26 03:16:20,0.30
2026-07-26 03:16:59,1.00
2026-07-26 03:17:38,0.70
2026-07-26 03:18:08,0.40
2026-07-26 03:19:06,0.80
2026-07-26 03:19:35,0.50
2026-07-26 03:20:53,0.40
2026-07-26 03:21:32,1.10
2026-07-26 03:22:20,0.80
2026-07-26 03:22:40,1.40
2026-07-26 03:24:08,1.50
2026-07-26 03:24:46,1.10
2026-07-26 03:25:45,1.50
2026-07-26 03:26:53,1.00
2026-07-26 03:27:41,1.80
2026-07-26 03:28:30,1.20
2026-07-26 03:29:29,1.30
2026-07-26 03:30:08,0.90
2026-07-26 03:30:18,1.40
2026-07-26 03:31:06,0.70
2026-07-26 03:32:05,0.90
2026-07-26 03:33:32,0.40
2026-07-26 03:34:31,0.20
2026-07-26 03:34:50,0.90
2026-07-26 03:35:39,0.80
2026-07-26 03:35:59,0.20
2026-07-26 03:37:06,0.50
2026-07-26 03:37:45,1.00
2026-07-26 03:39:22,0.60
2026-07-26 03:40:02,1.30
2026-07-26 03:40:40,0.70
2026-07-26 03:41:39,1.80
2026-07-26 03:42:17,1.50
2026-07-26 03:43:17,0.90
2026-07-26 03:44:34,1.70
2026-07-26 03:45:13,1.60
2026-07-26 03:46:12,1.00
2026-07-26 03:47:09,1.80
2026-07-26 03:47:58,1.10
2026-07-26 03:48:37,1.80
2026-07-26 03:49:08,1.20
2026-07-26 03:50:54,1.40
2026-07-26 03:51:03,0.90
2026-07-26 03:51:53,1.40
2026-07-26 03:53:11,2.10
2026-07-26 03:53:30,1.60
2026-07-26 03:54:49,2.40
2026-07-26 03:55:17,2.60
2026-07-26 03:56:16,1.30
2026-07-26 03:57:04,1.90
2026-07-26 03:58:13,1.30
2026-07-26 03:58:22,1.70
2026-07-26 03:59:01,1.20
2026-07-26 04:00:49,1.70
2026-07-26 04:01:08,1.00
2026-07-26 04:02:45,1.60
2026-07-26 04:03:24,0.90
2026-07-26 04:04:03,1.40
2026-07-26 04:05:21,1.10
2026-07-26 04:05:49,1.70
2026-07-26 04:06:39,1.40
2026-07-26 04:07:57,0.60
2026-07-26 04:08:45,0.90
2026-07-26 04:09:25,0.40
2026-07-26 04:10:13,0.50
2026-07-26 04:11:30,1.60
2026-07-26 04:12:49,1.10
2026-07-26 04:13:28,2.00
2026-07-26 04:13:48,1.40
2026-07-26 04:16:13,2.20
2026-07-26 04:16:34,1.40
2026-07-26 04:16:53,1.90
2026-07-26 04:18:11,1.30
2026-07-26 04:19:28,2.10
2026-07-26 04:19:49,1.60
2026-07-26 04:21:06,2.20
2026-07-26 04:21:54,1.30
2026-07-26 04:23:03,2.40
2026-07-26 04:23:12,2.00
2026-07-26 04:24:30,2.70
2026-07-26 04:25:39,2.00
2026-07-26 04:25:58,3.40
2026-07-26 04:27:07,3.30
2026-07-26 04:27:44,2.10
2026-07-26 04:28:34,2.90
2026-07-26 04:29:32,2.10
2026-07-26 04:30:02,1.90
2026-07-26 04:30:40,3.00
2026-07-26 04:31:30,1.70
2026-07-26 04:32:27,2.40
2026-07-26 04:33:16,2.10
2026-07-26 04:34:14,1.10
2026-07-26 04:35:23,1.20
2026-07-26 04:35:52,2.00
2026-07-26 04:36:30,1.70
2026-07-26 04:36:40,0.90
2026-07-26 04:37:59,1.10
2026-07-26 04:38:57,1.70
2026-07-26 04:39:46,1.90
2026-07-26 04:40:06,1.20
2026-07-26 04:41:33,2.10
2026-07-26 04:42:51,1.50
2026-07-26 04:43:39,3.00
2026-07-26 04:44:09,1.60
2026-07-26 04:44:38,2.30
2026-07-26 04:45:17,3.10
2026-07-26 04:46:25,2.70
2026-07-26 04:47:34,2.10
2026-07-26 04:47:53,2.50
2026-07-26 04:49:21,1.60
2026-07-26 04:50:19,1.80
2026-07-26 04:51:07,2.50
2026-07-26 04:51:57,1.90
2026-07-26 04:52:45,3.40
2026-07-26 04:52:55,3.10
2026-07-26 04:54:03,5.90
2026-07-26 04:54:43,2.80
2026-07-26 04:55:41,4.10
2026-07-26 04:56:21,2.90
2026-07-26 04:57:08,3.80
2026-07-26 04:58:16,3.10
2026-07-26 04:59:15,4.30
2026-07-26 04:59:44,3.80
2026-07-26 05:00:43,2.30
2026-07-26 05:01:12,1.90
2026-07-26 05:02:01,2.80
2026-07-26 05:03:09,1.90
2026-07-26 05:03:57,3.80
2026-07-26 05:04:46,3.50
2026-07-26 05:05:16,5.00
2026-07-26 05:06:34,4.20
2026-07-26 05:07:12,2.80
2026-07-26 05:07:52,2.60
2026-07-26 05:08:30,4.20
2026-07-26 05:09:48,2.10
2026-07-26 05:10:07,3.50
2026-07-26 05:10:57,2.50
2026-07-26 05:12:24,1.00
2026-07-26 05:13:12,1.70
2026-07-26 05:14:01,0.90
2026-07-26 05:14:30,1.30
2026-07-26 05:15:09,1.80
2026-07-26 05:16:17,2.30
2026-07-26 05:16:27,1.60
2026-07-26 05:18:04,1.40
2026-07-26 05:19:03,3.50
2026-07-26 05:19:13,2.10
2026-07-26 05:20:02,3.50
2026-07-26 05:21:48,3.00
2026-07-26 05:22:28,1.60
2026-07-26 05:22:38,1.20
2026-07-26 05:23:16,2.30
2026-07-26 05:24:15,1.20
2026-07-26 05:24:33,1.80
2026-07-26 05:25:52,1.50
2026-07-26 05:27:20,2.70
2026-07-26 05:27:48,1.70
2026-07-26 05:28:37,4.40
2026-07-26 05:29:26,3.70
2026-07-26 05:29:56,5.10
2026-07-26 05:31:03,3.40
2026-07-26 05:32:21,5.20
2026-07-26 05:32:31,5.30
2026-07-26 05:32:51,7.00
2026-07-26 05:34:28,7.70
2026-07-26 05:35:17,6.40
2026-07-26 05:36:06,6.90
2026-07-26 05:37:14,4.30
2026-07-26 05:38:02,4.60
2026-07-26 05:38:51,3.50
2026-07-26 05:39:20,3.20
2026-07-26 05:40:37,5.10
2026-07-26 05:41:17,3.20
2026-07-26 05:41:47,5.60
2026-07-26 05:43:04,4.50
2026-07-26 05:43:14,6.00
2026-07-26 05:44:12,6.70
2026-07-26 05:45:10,5.30
2026-07-26 05:45:39,6.50
2026-07-26 05:47:07,5.20
2026-07-26 05:47:37,4.80
2026-07-26 05:48:45,7.50
2026-07-26 05:49:14,8.40
2026-07-26 05:50:22,5.60
2026-07-26 05:50:42,5.90
2026-07-26 05:52:09,2.80
2026-07-26 05:52:19,3.10
2026-07-26 05:53:46,6.10
2026-07-26 05:53:56,6.40
2026-07-26 05:54:46,4.40
2026-07-26 05:55:44,5.90
2026-07-26 05:56:23,4.20
2026-07-26 05:57:41,5.50
2026-07-26 05:58:49,4.60
2026-07-26 06:00:26,6.40
2026-07-26 06:00:36,6.00
2026-07-26 06:01:34,4.90
2026-07-26 06:02:32,4.70
2026-07-26 06:03:41,8.20
2026-07-26 06:04:00,7.20
2026-07-26 06:04:40,9.90
2026-07-26 06:05:37,7.80
2026-07-26 06:06:07,9.70
2026-07-26 06:07:45,9.20
2026-07-26 06:08:33,7.30
2026-07-26 06:09:12,6.70
2026-07-26 06:09:50,8.20
2026-07-26 06:11:00,7.20
2026-07-26 06:11:37,9.50
2026-07-26 06:12:56,8.00
2026-07-26 06:13:05,8.80
2026-07-26 06:14:14,9.00
2026-07-26 06:15:03,6.30
2026-07-26 06:15:22,6.70
2026-07-26 06:16:01,4.10
2026-07-26 06:17:09,5.70
2026-07-26 06:17:58,3.70
2026-07-26 06:19:26,4.50
2026-07-26 06:20:04,6.90
2026-07-26 06:20:33,6.00
2026-07-26 06:21:42,2.50
2026-07-26 06:22:01,4.20
2026-07-26 06:22:31,1.80
2026-07-26 06:23:39,4.40
2026-07-26 06:24:47,2.40
2026-07-26 06:25:36,2.00
2026-07-26 06:26:24,2.90
2026-07-26 06:26:53,2.60
2026-07-26 06:27:32,1.30
2026-07-26 06:29:40,1.70
2026-07-26 06:30:08,0.80
2026-07-26 06:30:17,0.90
2026-07-26 06:31:17,1.80
2026-07-26 06:32:34,0.50
2026-07-26 06:32:54,1.60
2026-07-26 06:33:32,1.00
2026-07-26 06:34:50,3.10
2026-07-26 06:35:20,3.60
2026-07-26 06:36:37,2.10
2026-07-26 06:36:58,2.90
2026-07-26 06:37:36,1.70
2026-07-26 06:38:36,0.70
2026-07-26 06:39:43,1.70
2026-07-26 06:41:01,2.60
2026-07-26 06:41:50,2.00
2026-07-26 06:42:19,0.70
2026-07-26 06:44:17,1.50
2026-07-26 06:45:24,1.90
2026-07-26 06:45:34,1.10
2026-07-26 06:46:52,1.60
2026-07-26 06:47:31,3.60
2026-07-26 06:48:58,2.60
2026-07-26 06:49:47,3.50
2026-07-26 06:49:57,3.40
2026-07-26 06:51:34,1.70
2026-07-26 06:51:44,2.10
2026-07-26 06:52:52,1.20
2026-07-26 06:53:40,1.40
2026-07-26 06:54:20,3.00
2026-07-26 06:55:08,1.80
2026-07-26 06:55:57,3.50
2026-07-26 06:57:25,2.60
2026-07-26 06:57:53,3.20
2026-07-26 06:59:12,2.10
2026-07-26 07:00:30,1.90
2026-07-26 07:01:18,2.90
2026-07-26 07:02:17,2.30
2026-07-26 07:03:05,3.30
2026-07-26 07:03:34,3.70
2026-07-26 07:03:54,2.70
2026-07-26 07:05:21,3.70
2026-07-26 07:06:39,2.90
2026-07-26 07:07:48,6.10
2026-07-26 07:08:07,5.30
2026-07-26 07:09:16,3.10
2026-07-26 07:10:03,3.90
2026-07-26 07:11:21,2.10
2026-07-26 07:11:31,2.70
2026-07-26 07:12:59,1.70
2026-07-26 07:13:57,2.40
2026-07-26 07:14:36,1.60
2026-07-26 07:14:56,2.50
2026-07-26 07:15:16,1.30
2026-07-26 07:16:43,2.00
2026-07-26 07:17:21,0.90
2026-07-26 07:18:30,1.50
2026-07-26 07:19:38,0.60
2026-07-26 07:20:17,1.40
2026-07-26 07:21:15,0.80
2026-07-26 07:22:04,0.60
2026-07-26 07:22:34,1.60
2026-07-26 07:23:02,0.90
2026-07-26 07:24:30,1.80
2026-07-26 07:24:39,1.90
2026-07-26 07:25:19,3.30
2026-07-26 07:26:17,2.00
2026-07-26 07:27:25,3.50
2026-07-26 07:28:05,3.00
2026-07-26 07:29:22,7.10
2026-07-26 07:29:43,4.30
2026-07-26 07:31:09,1.50
2026-07-26 07:31:29,2.90
2026-07-26 07:32:08,1.50
2026-07-26 07:34:05,3.10
2026-07-26 07:34:24,1.60
2026-07-26 07:35:13,3.10
2026-07-26 07:36:01,1.30
2026-07-26 07:36:21,0.50
2026-07-26 07:37:29,1.40
2026-07-26 07:38:08,0.40
2026-07-26 07:39:06,1.30
2026-07-26 07:40:24,1.20
2026-07-26 07:40:53,0.70
2026-07-26 07:41:13,0.60
2026-07-26 07:42:11,1.50
2026-07-26 07:43:10,2.60
2026-07-26 07:44:19,1.50
2026-07-26 07:45:16,2.00
2026-07-26 07:45:46,3.90
2026-07-26 07:46:05,4.10
2026-07-26 07:46:44,2.80
2026-07-26 07:47:42,3.30
2026-07-26 07:49:19,1.70
2026-07-26 07:50:09,3.30
2026-07-26 07:50:47,1.50
2026-07-26 07:51:37,1.10
2026-07-26 07:52:34,3.90
2026-07-26 07:52:54,4.10
2026-07-26 07:54:02,1.90
2026-07-26 07:55:00,2.90
2026-07-26 07:55:29,1.30
2026-07-26 07:56:18,3.30
2026-07-26 07:57:27,1.70
2026-07-26 07:57:46,1.40
2026-07-26 07:58:25,2.40
2026-07-26 07:59:32,1.30
2026-07-26 07:59:52,2.20
2026-07-26 08:01:09,1.70
2026-07-26 08:02:28,3.00
2026-07-26 08:02:37,3.50
2026-07-26 08:03:46,1.90
2026-07-26 08:04:15,1.50
2026-07-26 08:05:13,3.60
2026-07-26 08:06:02,2.80
2026-07-26 08:07:20,1.50
2026-07-26 08:08:09,2.50
2026-07-26 08:08:48,0.90
2026-07-26 08:09:27,1.30
2026-07-26 08:10:26,0.40
2026-07-26 08:10:54,0.30
2026-07-26 08:11:23,1.40
2026-07-26 08:13:11,0.40
2026-07-26 08:13:50,1.20
2026-07-26 08:14:29,0.40
2026-07-26 08:15:18,1.30
2026-07-26 08:15:56,1.70
2026-07-26 08:17:04,3.10
2026-07-26 08:17:34,4.00
2026-07-26 08:19:01,2.30
2026-07-26 08:19:12,1.70
2026-07-26 08:20:39,5.00
2026-07-26 08:20:50,5.20
2026-07-26 08:22:17,1.50
2026-07-26 08:23:25,0.70
2026-07-26 08:23:44,2.00
2026-07-26 08:24:04,1.70
2026-07-26 08:25:31,0.90
2026-07-26 08:25:50,1.40
2026-07-26 08:26:40,0.70
2026-07-26 08:28:45,1.60
2026-07-26 08:28:56,0.80
2026-07-26 08:29:35,0.50
2026-07-26 08:30:04,1.20
2026-07-26 08:30:43,0.80
2026-07-26 08:31:12,1.20
2026-07-26 08:32:21,0.80
2026-07-26 08:33:18,3.00
2026-07-26 08:34:07,1.70
2026-07-26 08:35:06,4.90
2026-07-26 08:37:03,3.00
2026-07-26 08:38:50,4.70
2026-07-26 08:39:19,5.10
2026-07-26 08:40:27,4.10
2026-07-26 08:40:36,4.50
2026-07-26 08:41:44,3.00
2026-07-26 08:42:53,1.50
2026-07-26 08:44:31,1.10
2026-07-26 08:44:40,1.80
2026-07-26 08:45:59,0.60
2026-07-26 08:46:27,1.50
2026-07-26 08:48:14,1.90
2026-07-26 08:48:35,0.90
2026-07-26 08:49:13,1.30
2026-07-26 08:49:42,2.80
2026-07-26 08:51:29,3.40
2026-07-26 08:51:49,2.00
2026-07-26 08:52:07,2.10
2026-07-26 08:52:57,1.30
2026-07-26 08:54:05,2.00
2026-07-26 08:55:22,1.20
2026-07-26 08:56:11,1.70
2026-07-26 08:57:30,1.10
2026-07-26 08:58:18,7.40
2026-07-26 08:58:47,2.90
2026-07-26 09:00:15,1.10
2026-07-26 09:00:35,1.40
2026-07-26 09:01:33,3.30
2026-07-26 09:02:12,1.90
2026-07-26 09:03:29,3.60
2026-07-26 09:03:59,2.30
2026-07-26 09:04:57,4.50
2026-07-26 09:05:16,5.20
2026-07-26 09:06:25,1.60
2026-07-26 09:07:14,2.50
2026-07-26 09:08:02,1.30
2026-07-26 09:08:52,1.00
2026-07-26 09:09:10,1.80
2026-07-26 09:10:29,0.90
2026-07-26 09:11:36,4.20
2026-07-26 09:12:16,3.80
2026-07-26 09:12:55,2.90
2026-07-26 09:14:02,5.20
2026-07-26 09:15:01,1.50
2026-07-26 09:15:11,1.30
2026-07-26 09:16:20,2.60
2026-07-26 09:16:58,2.70
2026-07-26 09:17:27,1.50
2026-07-26 09:19:05,0.80
2026-07-26 09:19:25,1.70
2026-07-26 09:20:52,1.10
2026-07-26 09:21:02,1.80
2026-07-26 09:22:00,1.00
2026-07-26 09:23:19,0.10
2026-07-26 09:23:28,0.60
2026-07-26 09:23:57,0.00
2026-07-26 09:26:34,1.00
2026-07-26 09:27:01,0.90
2026-07-26 09:27:41,0.20
2026-07-26 09:28:48,0.50
2026-07-26 09:29:09,0.20
2026-07-26 09:30:16,0.10
2026-07-26 09:30:26,-0.30
2026-07-26 09:32:33,0.30
2026-07-26 09:33:41,0.20
2026-07-26 09:34:29,-0.20
2026-07-26 09:34:59,0.30
2026-07-26 09:35:28,0.80
2026-07-26 09:37:06,0.10
2026-07-26 09:37:24,0.60
2026-07-26 09:38:23,0.70
2026-07-26 09:38:33,0.20
2026-07-26 09:40:10,0.80
2026-07-26 09:41:28,0.20
2026-07-26 09:42:07,-0.20
2026-07-26 09:42:17,0.40
2026-07-26 09:43:35,0.00
2026-07-26 09:44:33,0.70
2026-07-26 09:45:51,0.50
2026-07-26 09:46:20,-0.20
2026-07-26 09:47:38,0.30
2026-07-26 09:47:48,-0.20
2026-07-26 09:48:37,0.40
2026-07-26 09:48:56,-0.30
2026-07-26 09:50:05,0.10
2026-07-26 09:50:24,-0.30
2026-07-26 09:52:01,-0.20
2026-07-26 09:52:51,0.40
2026-07-26 09:53:09,-0.10
2026-07-26 09:53:39,0.70
2026-07-26 09:54:57,0.00
2026-07-26 09:55:16,0.50
2026-07-26 09:56:54,0.00
2026-07-26 09:57:04,0.50
2026-07-26 09:58:32,1.10
2026-07-26 09:59:29,0.20
2026-07-26 09:59:50,0.00
2026-07-26 10:00:18,0.40
2026-07-26 10:02:35,0.00
2026-07-26 10:02:44,0.50
2026-07-26 10:03:05,0.80
2026-07-26 10:04:13,0.00
2026-07-26 10:05:40,0.60
2026-07-26 10:06:00,0.00
2026-07-26 10:06:29,0.20
2026-07-26 10:07:27,1.00
2026-07-26 10:08:05,0.70
2026-07-26 10:08:55,2.00
2026-07-26 10:10:32,2.40
2026-07-26 10:10:51,1.10
2026-07-26 10:11:21,0.50
2026-07-26 10:12:10,1.20
2026-07-26 10:13:27,1.10
2026-07-26 10:13:56,0.30
2026-07-26 10:14:55,2.20
2026-07-26 10:15:04,0.60
2026-07-26 10:16:22,1.10
2026-07-26 10:17:41,0.10
2026-07-26 10:18:49,0.50
2026-07-26 10:20:26,0.10
2026-07-26 10:21:34,0.30
2026-07-26 10:22:23,-0.30
2026-07-26 10:23:41,0.00
2026-07-26 10:24:49,-0.40
2026-07-26 10:25:09,0.00
2026-07-26 10:26:55,-0.60
2026-07-26 10:27:14,-0.10
2026-07-26 10:27:54,-0.50
2026-07-26 10:28:32,-0.10
2026-07-26 10:29:41,-0.50
2026-07-26 10:30:10,-0.20
2026-07-26 10:31:48,-0.50
2026-07-26 10:31:57,-0.10
2026-07-26 10:33:15,-0.20
2026-07-26 10:33:45,-0.50
2026-07-26 10:34:33,-0.20
2026-07-26 10:35:32,-0.60
2026-07-26 10:36:01,-0.70
2026-07-26 10:36:10,-0.20
2026-07-26 10:37:48,-0.60
2026-07-26 10:38:08,-0.20
2026-07-26 10:40:04,-0.60
2026-07-26 10:40:13,0.00
2026-07-26 10:41:32,-0.50
2026-07-26 10:41:51,0.00
2026-07-26 10:43:00,-0.40
2026-07-26 10:44:08,0.00
2026-07-26 10:44:28,0.10
2026-07-26 10:44:57,-0.40
2026-07-26 10:46:24,0.10
2026-07-26 10:47:32,-0.50
2026-07-26 10:47:42,-0.40
2026-07-26 10:48:50,0.00
2026-07-26 10:49:58,0.10
2026-07-26 10:50:09,-0.30
2026-07-26 10:51:55,0.20
2026-07-26 10:52:15,-0.40
2026-07-26 10:52:45,0.00
2026-07-26 10:53:52,-0.40
2026-07-26 10:54:40,0.10
2026-07-26 10:55:50,0.00
2026-07-26 10:56:18,-0.20
2026-07-26 10:58:05,-0.50
2026-07-26 10:58:44,-0.10
2026-07-26 10:59:43,-0.20
2026-07-26 11:00:03,-0.50
2026-07-26 11:02:18,0.10
2026-07-26 11:03:08,0.20
2026-07-26 11:03:26,-0.30
2026-07-26 11:04:06,-0.40
2026-07-26 11:04:25,-0.10
2026-07-26 11:05:43,-0.40
2026-07-26 11:06:31,0.00
2026-07-26 11:07:21,-0.10
2026-07-26 11:08:49,-0.50
2026-07-26 11:09:07,-0.20
2026-07-26 11:09:17,-0.50
2026-07-26 11:11:14,-0.20
2026-07-26 11:11:24,-0.50
2026-07-26 11:12:52,-0.10
2026-07-26 11:14:09,-0.30
2026-07-26 11:14:58,-0.10
2026-07-26 11:16:55,-0.50
2026-07-26 11:17:25,-0.40
2026-07-26 11:18:03,-0.10
2026-07-26 11:20:00,-0.40
2026-07-26 11:20:39,-0.50
2026-07-26 11:20:59,-0.10
2026-07-26 11:22:46,-0.30
2026-07-26 11:22:56,0.00
2026-07-26 11:24:24,-0.40
2026-07-26 11:24:33,0.00
2026-07-26 11:26:40,-0.40
2026-07-26 11:26:49,0.00
2026-07-26 11:27:29,-0.30
2026-07-26 11:28:56,-0.40
2026-07-26 11:29:25,-0.10
2026-07-26 11:30:33,0.00
2026-07-26 11:31:51,-0.50
2026-07-26 11:32:11,-0.30
2026-07-26 11:32:30,0.00
2026-07-26 11:33:48,-0.20
2026-07-26 11:34:47,-0.50
2026-07-26 11:36:04,-0.10
2026-07-26 11:36:53,-0.50
2026-07-26 11:37:32,-0.40
2026-07-26 11:37:51,-0.10
2026-07-26 11:39:00,-0.40
2026-07-26 11:39:29,0.00
2026-07-26 11:41:45,-0.40
2026-07-26 11:42:34,-0.10
2026-07-26 11:43:03,-0.40
2026-07-26 11:43:52,-0.10
2026-07-26 11:44:30,-0.40
2026-07-26 11:46:18,0.00
2026-07-26 11:46:47,-0.40
2026-07-26 11:46:57,0.10
2026-07-26 11:47:16,-0.30
2026-07-26 11:48:53,-0.20
2026-07-26 11:49:43,0.20
2026-07-26 11:50:40,0.10
2026-07-26 11:51:11,-0.30
2026-07-26 11:51:59,-0.10
2026-07-26 11:52:38,0.10
2026-07-26 11:54:34,-0.10
2026-07-26 11:54:53,0.20
2026-07-26 11:55:53,-0.20
2026-07-26 11:56:12,0.40
2026-07-26 11:57:01,0.30
2026-07-26 11:57:59,-0.20
2026-07-26 11:58:38,0.10
2026-07-26 12:00:06,-0.30
2026-07-26 12:00:25,-0.10
2026-07-26 12:00:54,-0.20
2026-07-26 12:02:32,0.00
2026-07-26 12:03:01,-0.40
2026-07-26 12:03:30,-0.10
2026-07-26 12:03:50,-0.40
2026-07-26 12:05:07,-0.30
2026-07-26 12:06:15,0.00
2026-07-26 12:07:52,-0.20
2026-07-26 12:09:11,-0.10
2026-07-26 12:09:40,0.20
2026-07-26 12:10:39,-0.20
2026-07-26 12:11:56,-0.30
2026-07-26 12:12:06,0.10
2026-07-26 12:14:22,-0.30
2026-07-26 12:15:21,-0.20
2026-07-26 12:16:20,0.20
2026-07-26 12:17:18,0.40
2026-07-26 12:17:56,-0.10
2026-07-26 12:19:05,0.10
2026-07-26 12:19:34,-0.30
2026-07-26 12:20:24,-0.40
2026-07-26 12:21:11,0.00
2026-07-26 12:22:01,-0.20
2026-07-26 12:22:10,0.00
2026-07-26 12:23:38,-0.10
2026-07-26 12:23:57,-0.30
2026-07-26 12:25:06,-0.40
2026-07-26 12:26:14,0.00
2026-07-26 12:27:22,-0.40
2026-07-26 12:28:49,-0.10
2026-07-26 12:29:38,0.10
2026-07-26 12:30:27,0.40
2026-07-26 12:31:15,0.10
2026-07-26 12:32:43,0.40
2026-07-26 12:33:51,0.00
2026-07-26 12:34:20,0.50
2026-07-26 12:34:50,0.00
2026-07-26 12:35:38,1.10
2026-07-26 12:36:28,1.00
2026-07-26 12:37:35,2.30
2026-07-26 12:38:53,1.80
2026-07-26 12:39:42,1.10
2026-07-26 12:40:11,1.30
2026-07-26 12:41:19,0.50
2026-07-26 12:41:29,1.00
2026-07-26 12:42:18,0.10
2026-07-26 12:43:36,0.90
2026-07-26 12:43:46,0.50
2026-07-26 12:44:54,0.60
2026-07-26 12:46:12,0.20
2026-07-26 12:46:31,0.00
2026-07-26 12:47:59,0.70
2026-07-26 12:48:18,0.80
2026-07-26 12:48:47,1.30
2026-07-26 12:49:46,1.50
2026-07-26 12:50:25,0.80
2026-07-26 12:52:12,1.60
2026-07-26 12:52:42,1.00
2026-07-26 12:53:10,0.70
2026-07-26 12:54:28,1.50
2026-07-26 12:54:38,1.60
2026-07-26 12:56:05,2.90
2026-07-26 12:56:15,2.80
2026-07-26 12:57:04,4.20
2026-07-26 12:58:03,3.50
2026-07-26 12:58:42,4.70
2026-07-26 12:59:40,4.80
2026-07-26 13:00:28,5.90
2026-07-26 13:01:18,4.60
2026-07-26 13:02:45,1.90
2026-07-26 13:03:43,1.60
2026-07-26 13:04:22,2.40
2026-07-26 13:05:01,1.20
2026-07-26 13:05:50,2.30
2026-07-26 13:06:39,1.60
2026-07-26 13:07:46,3.00
2026-07-26 13:08:16,3.80
2026-07-26 13:09:24,2.30
2026-07-26 13:09:33,1.80
2026-07-26 13:11:01,0.30
2026-07-26 13:11:11,0.50
2026-07-26 13:11:50,0.00
2026-07-26 13:13:17,0.30
2026-07-26 13:13:47,-0.10
2026-07-26 13:14:45,0.20
2026-07-26 13:15:04,-0.20
2026-07-26 13:16:32,-0.30
2026-07-26 13:16:41,0.10
2026-07-26 13:17:59,-0.30
2026-07-26 13:18:09,0.10
2026-07-26 13:19:28,-0.30
2026-07-26 13:20:26,0.00
2026-07-26 13:21:15,-0.20
2026-07-26 13:21:24,-0.40
2026-07-26 13:23:02,-0.10
2026-07-26 13:24:00,-0.60
2026-07-26 13:24:20,-0.20
2026-07-26 13:24:49,-0.40
2026-07-26 13:26:46,-0.10
2026-07-26 13:27:35,-0.60
2026-07-26 13:27:45,-0.50
2026-07-26 13:29:12,-0.10
2026-07-26 13:29:41,-0.50
2026-07-26 13:29:50,-0.10
2026-07-26 13:31:18,-0.50
2026-07-26 13:31:38,-0.20
2026-07-26 13:32:55,-0.60
2026-07-26 13:33:05,-0.20
2026-07-26 13:34:53,-0.10
2026-07-26 13:35:12,-0.50
2026-07-26 13:36:11,-0.20
2026-07-26 13:36:31,-0.50
2026-07-26 13:37:58,-0.60
2026-07-26 13:38:27,-0.20
2026-07-26 13:40:24,-0.50
2026-07-26 13:42:21,-0.20
2026-07-26 13:42:30,-0.40
2026-07-26 13:43:29,-0.10
2026-07-26 13:44:07,-0.50
2026-07-26 13:44:47,-0.10
2026-07-26 13:47:04,-0.40
2026-07-26 13:47:32,-0.20
2026-07-26 13:49:00,-0.50
2026-07-26 13:49:10,-0.20
2026-07-26 13:49:49,-0.50
2026-07-26 13:51:07,-0.10
2026-07-26 13:53:03,-0.50
2026-07-26 13:54:12,-0.40
2026-07-26 13:55:21,-0.10
2026-07-26 13:56:28,-0.50
2026-07-26 13:57:07,-0.10
2026-07-26 13:57:46,0.00
2026-07-26 13:58:26,-0.40
2026-07-26 13:59:14,-0.10
2026-07-26 14:00:52,-0.50
2026-07-26 14:01:59,0.00
2026-07-26 14:02:19,-0.10
2026-07-26 14:03:17,-0.40
2026-07-26 14:04:07,-0.10
2026-07-26 14:04:44,-0.30
2026-07-26 14:05:34,-0.50
2026-07-26 14:06:12,-0.10
2026-07-26 14:07:50,-0.50
2026-07-26 14:10:16,-0.20
2026-07-26 14:10:55,-0.40
2026-07-26 14:12:13,-0.10
2026-07-26 14:13:30,-0.50
2026-07-26 14:14:10,-0.10
2026-07-26 14:15:08,-0.40
2026-07-26 14:16:46,-0.50
2026-07-26 14:16:55,0.00
2026-07-26 14:17:06,-0.40
2026-07-26 14:17:25,-0.10
2026-07-26 14:19:12,-0.40
2026-07-26 14:20:39,0.00
2026-07-26 14:20:59,-0.40
2026-07-26 14:22:07,-0.10
2026-07-26 14:22:36,-0.50
2026-07-26 14:23:54,-0.10
2026-07-26 14:24:14,-0.40
2026-07-26 14:25:51,-0.10
2026-07-26 14:27:19,-0.50
2026-07-26 14:28:47,-0.10
2026-07-26 14:29:25,-0.40
2026-07-26 14:30:24,-0.10
2026-07-26 14:31:32,-0.40
2026-07-26 14:32:20,0.00
2026-07-26 14:33:48,-0.40
2026-07-26 14:33:57,-0.10
2026-07-26 14:35:16,-0.40
2026-07-26 14:35:25,-0.10
2026-07-26 14:38:21,-0.30
2026-07-26 14:38:50,-0.50
2026-07-26 14:39:10,-0.10
2026-07-26 14:41:06,-0.40
2026-07-26 14:41:46,0.00
2026-07-26 14:42:05,-0.10
2026-07-26 14:42:15,-0.40
2026-07-26 14:43:33,-0.10
2026-07-26 14:43:43,-0.30
2026-07-26 14:45:30,-0.10
2026-07-26 14:45:59,-0.40
2026-07-26 14:47:17,-0.50
2026-07-26 14:47:36,-0.10
2026-07-26 14:48:54,0.00
2026-07-26 14:49:24,-0.50
2026-07-26 14:50:22,0.00
2026-07-26 14:50:42,-0.40
2026-07-26 14:51:49,-0.30
2026-07-26 14:53:07,0.00
2026-07-26 14:54:06,-0.40
2026-07-26 14:55:24,-0.10
2026-07-26 14:55:43,-0.40
2026-07-26 14:57:30,0.00
2026-07-26 14:58:09,-0.30
2026-07-26 14:58:29,0.00
2026-07-26 14:58:38,-0.40
2026-07-26 15:00:06,-0.10
2026-07-26 15:00:15,-0.40
2026-07-26 15:02:03,-0.10
2026-07-26 15:02:22,-0.40
2026-07-26 15:03:40,0.00
2026-07-26 15:04:20,-0.50
2026-07-26 15:04:59,-0.10
2026-07-26 15:06:26,-0.50
2026-07-26 15:06:36,-0.10
2026-07-26 15:07:44,-0.40
2026-07-26 15:08:24,-0.50
2026-07-26 15:08:33,-0.10
2026-07-26 15:10:29,-0.40
2026-07-26 15:11:47,-0.10
2026-07-26 15:12:06,-0.30
2026-07-26 15:13:25,-0.40
2026-07-26 15:14:04,0.00
2026-07-26 15:15:02,-0.10
2026-07-26 15:15:12,-0.50
2026-07-26 15:16:30,-0.40
2026-07-26 15:17:38,0.00
2026-07-26 15:18:27,-0.40
2026-07-26 15:18:37,-0.10
2026-07-26 15:20:14,-0.20
2026-07-26 15:21:03,-0.50
2026-07-26 15:22:40,0.00
2026-07-26 15:23:28,-0.10
2026-07-26 15:24:28,-0.40
2026-07-26 15:25:16,-0.60
2026-07-26 15:25:45,0.30
2026-07-26 15:27:03,-0.20
2026-07-26 15:27:32,0.60
2026-07-26 15:28:21,0.20
2026-07-26 15:29:39,-0.20
2026-07-26 15:30:28,0.60
2026-07-26 15:32:14,-0.30
2026-07-26 15:32:34,0.20
2026-07-26 15:33:23,0.40
2026-07-26 15:34:31,-0.10
2026-07-26 15:34:41,0.20
2026-07-26 15:35:59,-0.40
2026-07-26 15:36:38,-0.10
2026-07-26 15:37:46,-0.50
2026-07-26 15:38:05,-0.10
2026-07-26 15:39:33,-0.40
2026-07-26 15:40:02,-0.10
2026-07-26 15:41:30,-0.40
2026-07-26 15:41:50,0.00
2026-07-26 15:44:25,0.30
2026-07-26 15:44:45,0.50
2026-07-26 15:45:14,0.10
2026-07-26 15:47:40,0.80
2026-07-26 15:48:28,0.50
2026-07-26 15:48:48,1.10
2026-07-26 15:49:37,0.80
2026-07-26 15:50:06,0.30
2026-07-26 15:51:14,0.90
2026-07-26 15:52:23,0.20
2026-07-26 15:53:01,0.60
2026-07-26 15:53:41,0.20
2026-07-26 15:54:49,0.60
2026-07-26 15:55:47,0.20
2026-07-26 15:56:17,0.10
2026-07-26 15:56:36,0.40
2026-07-26 15:57:54,-0.10
2026-07-26 15:58:52,0.40
2026-07-26 15:59:41,0.50
2026-07-26 16:00:20,0.00
2026-07-26 16:01:09,-0.10
2026-07-26 16:01:27,0.20
2026-07-26 16:02:55,0.00
2026-07-26 16:03:54,-0.40
2026-07-26 16:04:33,0.00
2026-07-26 16:05:41,-0.50
2026-07-26 16:06:10,-0.40
2026-07-26 16:06:30,0.00
2026-07-26 16:07:48,-0.40
2026-07-26 16:09:06,0.00
2026-07-26 16:09:35,-0.40
2026-07-26 16:09:55,0.00
2026-07-26 16:11:41,0.10
2026-07-26 16:12:21,-0.40
2026-07-26 16:13:38,0.00
2026-07-26 16:14:36,-0.20
2026-07-26 16:15:36,0.50
2026-07-26 16:15:55,0.60
2026-07-26 16:16:53,1.10
2026-07-26 16:17:41,0.80
2026-07-26 16:19:09,2.50
2026-07-26 16:19:29,2.00
2026-07-26 16:20:08,1.50
2026-07-26 16:21:06,1.80
2026-07-26 16:21:45,1.30
2026-07-26 16:23:03,1.20
2026-07-26 16:23:52,1.90
2026-07-26 16:24:21,2.20
2026-07-26 16:24:50,1.90
2026-07-26 16:25:58,1.80
2026-07-26 16:26:37,0.80
2026-07-26 16:27:35,1.30
2026-07-26 16:28:05,0.70
2026-07-26 16:29:13,0.90
2026-07-26 16:29:32,0.60
2026-07-26 16:31:10,0.70
2026-07-26 16:31:30,1.30
2026-07-26 16:32:48,1.20
2026-07-26 16:33:36,0.70
2026-07-26 16:34:25,1.00
2026-07-26 16:34:54,0.50
2026-07-26 16:36:12,0.20
2026-07-26 16:38:38,-0.10
2026-07-26 16:39:36,-0.30
2026-07-26 16:39:45,0.00
2026-07-26 16:40:45,-0.40
2026-07-26 16:42:02,0.50
2026-07-26 16:42:31,0.20
2026-07-26 16:43:21,-0.20
2026-07-26 16:43:59,0.00
2026-07-26 16:44:28,-0.30
2026-07-26 16:45:36,0.10
2026-07-26 16:46:26,-0.30
2026-07-26 16:47:24,0.20
2026-07-26 16:48:31,-0.30
2026-07-26 16:49:40,0.00
2026-07-26 16:50:09,-0.40
2026-07-26 16:50:58,0.00
2026-07-26 16:52:07,-0.50
2026-07-26 16:52:16,-0.40
2026-07-26 16:52:44,-0.10
2026-07-26 16:53:53,-0.50
2026-07-26 16:54:21,-0.20
2026-07-26 16:55:49,-0.30
2026-07-26 16:55:59,-0.60
2026-07-26 16:57:27,-0.20
2026-07-26 16:58:07,-0.60
2026-07-26 16:59:25,-0.50
2026-07-26 16:59:34,-0.20
2026-07-26 17:01:50,-0.60
2026-07-26 17:02:39,-0.30
2026-07-26 17:04:35,-0.50
2026-07-26 17:04:45,-0.20
2026-07-26 17:05:43,-0.60
2026-07-26 17:06:03,-0.20
2026-07-26 17:07:41,-0.60
2026-07-26 17:08:00,-0.20
2026-07-26 17:09:18,-0.60
2026-07-26 17:09:38,-0.30
2026-07-26 17:11:15,-0.10
2026-07-26 17:11:44,-0.60
2026-07-26 17:12:52,-0.20
2026-07-26 17:14:11,-0.60
2026-07-26 17:14:29,-0.20
2026-07-26 17:16:27,-0.60
2026-07-26 17:17:16,-0.50
2026-07-26 17:17:34,-0.20
2026-07-26 17:19:02,-0.60
2026-07-26 17:19:31,-0.30
2026-07-26 17:20:20,-0.60
2026-07-26 17:20:49,-0.20
2026-07-26 17:22:37,-0.10
2026-07-26 17:22:47,-0.70
2026-07-26 17:25:02,-0.20
2026-07-26 17:25:23,-0.40
2026-07-26 17:26:40,-0.20
2026-07-26 17:28:18,-0.50
2026-07-26 17:28:38,-0.20
2026-07-26 17:29:06,-0.60
2026-07-26 17:30:24,-0.10
2026-07-26 17:31:13,-0.60
2026-07-26 17:32:02,-0.20
2026-07-26 17:33:10,-0.60
2026-07-26 17:33:39,-0.20
2026-07-26 17:34:56,-0.60
2026-07-26 17:35:56,-0.10
2026-07-26 17:37:13,-0.20
2026-07-26 17:38:22,-0.50
2026-07-26 17:39:00,-0.20
2026-07-26 17:39:10,-0.60
2026-07-26 17:40:57,-0.20
2026-07-26 17:41:16,-0.50
2026-07-26 17:42:05,-0.20
2026-07-26 17:44:32,-0.60
2026-07-26 17:45:50,-0.10
2026-07-26 17:46:18,-0.50
2026-07-26 17:46:57,-0.10
2026-07-26 17:48:25,-0.60
2026-07-26 17:49:14,-0.10
2026-07-26 17:50:12,0.00
2026-07-26 17:51:01,-0.30
2026-07-26 17:52:10,-0.10
2026-07-26 17:52:38,-0.50
2026-07-26 17:53:18,-0.40
2026-07-26 17:54:26,0.30
2026-07-26 17:55:14,-0.10
2026-07-26 17:55:34,0.30
2026-07-26 17:56:51,0.10
2026-07-26 17:57:02,0.60
2026-07-26 17:58:59,0.00
2026-07-26 17:59:47,0.80
2026-07-26 18:00:06,0.60
2026-07-26 18:01:05,1.50
2026-07-26 18:02:04,1.20
2026-07-26 18:02:33,1.90
2026-07-26 18:03:42,1.80
2026-07-26 18:04:00,1.30
2026-07-26 18:04:59,2.10
2026-07-26 18:06:17,1.30
2026-07-26 18:06:56,1.20
2026-07-26 18:08:04,2.90
2026-07-26 18:08:33,3.50
2026-07-26 18:09:02,2.40
2026-07-26 18:09:51,3.80
2026-07-26 18:10:39,7.30
2026-07-26 18:12:17,5.40
2026-07-26 18:12:37,6.80
2026-07-26 18:13:54,4.60
2026-07-26 18:14:32,6.60
2026-07-26 18:15:02,7.50
2026-07-26 18:16:20,6.00
2026-07-26 18:17:08,6.50
2026-07-26 18:17:47,5.00
2026-07-26 18:18:45,5.10
2026-07-26 18:19:05,6.60
2026-07-26 18:20:43,7.80
2026-07-26 18:21:12,6.40
2026-07-26 18:21:22,6.20
2026-07-26 18:22:00,7.30
2026-07-26 18:23:00,6.80
2026-07-26 18:24:26,9.80
2026-07-26 18:25:36,8.20
2026-07-26 18:26:24,8.00
2026-07-26 18:27:51,4.90
2026-07-26 18:28:20,4.30
2026-07-26 18:29:18,2.50
2026-07-26 18:29:38,2.30
2026-07-26 18:30:17,1.40
2026-07-26 18:31:16,1.70
2026-07-26 18:32:04,0.80
2026-07-26 18:33:03,0.70
2026-07-26 18:34:10,1.00
2026-07-26 18:34:39,0.60
2026-07-26 18:36:07,0.10
2026-07-26 18:36:26,0.20
2026-07-26 18:36:36,-0.20
2026-07-26 18:37:54,-0.30
2026-07-26 18:38:13,-0.10
2026-07-26 18:39:51,-0.40
2026-07-26 18:41:28,-0.30
2026-07-26 18:41:39,-0.60
2026-07-26 18:42:46,-0.50
2026-07-26 18:43:25,-0.20
2026-07-26 18:44:34,-0.30
2026-07-26 18:45:42,-0.60
2026-07-26 18:46:11,-0.50
2026-07-26 18:46:50,-0.20
2026-07-26 18:49:07,-0.70
2026-07-26 18:50:05,-0.20
2026-07-26 18:50:44,-0.60
2026-07-26 18:51:23,-0.30
2026-07-26 18:51:33,-0.60
2026-07-26 18:53:29,-0.30
2026-07-26 18:54:48,-0.70
2026-07-26 18:56:25,-0.30
2026-07-26 18:57:43,-0.60
2026-07-26 18:58:21,-0.30
2026-07-26 18:59:49,-0.60
2026-07-26 19:01:07,-0.30
2026-07-26 19:02:34,-0.70
2026-07-26 19:03:23,-0.30
2026-07-26 19:04:32,-0.60
2026-07-26 19:05:01,-0.30
2026-07-26 19:06:38,-0.60
2026-07-26 19:07:56,-0.30
2026-07-26 19:09:04,-0.70
2026-07-26 19:09:14,-0.40
2026-07-26 19:09:24,-0.70
2026-07-26 19:10:52,-0.30
2026-07-26 19:11:40,-0.70
2026-07-26 19:12:39,-0.30
2026-07-26 19:13:18,-0.60
2026-07-26 19:14:16,-0.30
2026-07-26 19:14:35,-0.60
2026-07-26 19:16:42,-0.30
2026-07-26 19:17:30,-0.60
2026-07-26 19:18:47,-0.30
2026-07-26 19:20:06,-0.70
2026-07-26 19:21:43,-0.40
2026-07-26 19:22:42,-0.60
2026-07-26 19:23:40,-0.30
2026-07-26 19:25:08,-0.70
2026-07-26 19:25:28,-0.30
2026-07-26 19:26:16,-0.60
2026-07-26 19:27:54,-0.30
2026-07-26 19:29:01,-0.20
2026-07-26 19:30:10,-0.60
2026-07-26 19:30:39,-0.50
2026-07-26 19:30:59,-0.30
2026-07-26 19:32:26,-0.70
2026-07-26 19:33:24,-0.30
2026-07-26 19:34:04,-0.70
2026-07-26 19:34:14,-0.30
2026-07-26 19:36:10,-0.70
2026-07-26 19:36:29,-0.30
2026-07-26 19:37:19,-0.60
2026-07-26 19:37:28,-0.30
2026-07-26 19:40:15,-0.70
2026-07-26 19:40:33,-0.20
2026-07-26 19:40:53,-0.60
2026-07-26 19:42:40,-0.30
2026-07-26 19:43:29,-0.60
2026-07-26 19:45:16,-0.30
2026-07-26 19:46:24,-0.60
2026-07-26 19:48:01,-0.30
2026-07-26 19:48:50,-0.60
2026-07-26 19:50:08,-0.20
2026-07-26 19:50:47,-0.60
2026-07-26 19:50:56,-0.30
2026-07-26 19:52:05,-0.60
2026-07-26 19:52:15,-0.30
2026-07-26 19:54:02,-0.60
2026-07-26 19:55:00,-0.30
2026-07-26 19:56:46,-0.70
2026-07-26 19:57:17,-0.60
2026-07-26 19:57:45,-0.30
2026-07-26 19:59:13,-0.50
2026-07-26 19:59:52,-0.30
2026-07-26 20:00:22,-0.20
2026-07-26 20:01:00,-0.60
2026-07-26 20:02:18,-0.70
2026-07-26 20:02:48,-0.30
2026-07-26 20:03:46,-0.70
2026-07-26 20:05:04,-0.30
2026-07-26 20:05:52,-0.70
2026-07-26 20:06:03,-0.30
2026-07-26 20:07:00,-0.40
2026-07-26 20:07:10,-0.60
2026-07-26 20:08:48,-0.30
2026-07-26 20:09:27,-0.60
2026-07-26 20:10:55,-0.30
2026-07-26 20:12:03,-0.70
2026-07-26 20:12:32,-0.20
2026-07-26 20:13:30,-0.60
2026-07-26 20:13:40,-0.30
2026-07-26 20:15:18,-0.20
2026-07-26 20:15:56,-0.70
2026-07-26 20:17:13,-0.30
2026-07-26 20:17:24,-0.60
2026-07-26 20:19:31,-0.30
2026-07-26 20:20:59,-0.60
2026-07-26 20:21:46,-0.30
2026-07-26 20:22:54,-0.60
2026-07-26 20:23:54,-0.30
2026-07-26 20:25:41,-0.60
2026-07-26 20:25:59,-0.20
2026-07-26 20:26:49,-0.30
2026-07-26 20:26:58,-0.60
2026-07-26 20:29:04,-0.40
2026-07-26 20:29:24,-0.10
2026-07-26 20:31:01,-0.60
2026-07-26 20:31:12,-0.20
2026-07-26 20:32:20,-0.50
2026-07-26 20:33:17,-0.20
2026-07-26 20:34:45,-0.50
2026-07-26 20:35:05,-0.70
2026-07-26 20:35:15,-0.30
2026-07-26 20:37:50,-0.60
2026-07-26 20:38:20,-0.30
2026-07-26 20:39:48,-0.70
2026-07-26 20:39:58,-0.60
2026-07-26 20:40:46,-0.20
2026-07-26 20:42:34,-0.60
2026-07-26 20:42:53,-0.20
2026-07-26 20:43:12,-0.60
2026-07-26 20:43:31,-0.20
2026-07-26 20:44:59,-0.50
2026-07-26 20:46:26,-0.20
2026-07-26 20:46:37,-0.30
2026-07-26 20:47:06,-0.60
2026-07-26 20:48:34,-0.70
2026-07-26 20:49:22,-0.20
2026-07-26 20:50:11,-0.60
2026-07-26 20:52:57,-0.20
2026-07-26 20:53:16,-0.30
2026-07-26 20:54:15,-0.60
2026-07-26 20:55:22,-0.20
2026-07-26 20:56:12,-0.40
2026-07-26 20:56:31,-0.50
2026-07-26 20:57:00,-0.20
2026-07-26 20:58:38,-0.60
2026-07-26 21:00:05,-0.20
2026-07-26 21:00:54,-0.50
2026-07-26 21:01:33,-0.10
2026-07-26 21:01:53,-0.60
2026-07-26 21:03:01,-0.20
2026-07-26 21:04:09,-0.60
2026-07-26 21:04:48,-0.20
2026-07-26 21:05:07,-0.50
2026-07-26 21:06:26,-0.60
2026-07-26 21:06:35,-0.20
2026-07-26 21:08:42,-0.40
2026-07-26 21:09:39,-0.10
2026-07-26 21:11:08,-0.50
2026-07-26 21:12:35,-0.10
2026-07-26 21:12:54,-0.20
2026-07-26 21:13:34,-0.50
2026-07-26 21:15:20,-0.20
2026-07-26 21:15:50,-0.60
2026-07-26 21:16:39,-0.10
2026-07-26 21:17:27,-0.50
2026-07-26 21:18:06,-0.20
2026-07-26 21:18:44,-0.50
2026-07-26 21:20:12,-0.20
2026-07-26 21:20:42,-0.50
2026-07-26 21:21:40,-0.40
2026-07-26 21:22:09,-0.10
2026-07-26 21:23:17,-0.50
2026-07-26 21:23:47,-0.10
2026-07-26 21:25:53,-0.40
2026-07-26 21:26:23,-0.60
2026-07-26 21:27:11,0.00
2026-07-26 21:27:50,-0.50
2026-07-26 21:28:38,0.00
2026-07-26 21:30:15,-0.40
2026-07-26 21:30:55,0.10
2026-07-26 21:31:24,0.00
2026-07-26 21:31:34,-0.40
2026-07-26 21:33:11,0.00
2026-07-26 21:33:30,-0.50
2026-07-26 21:34:29,-0.30
2026-07-26 21:34:39,-0.10
2026-07-26 21:37:24,-0.40
2026-07-26 21:37:54,-0.10
2026-07-26 21:38:43,-0.40
2026-07-26 21:40:29,0.00
2026-07-26 21:41:28,-0.40
2026-07-26 21:41:48,-0.10
2026-07-26 21:42:37,-0.30
2026-07-26 21:43:44,0.00
2026-07-26 21:44:24,-0.40
2026-07-26 21:44:42,-0.10
2026-07-26 21:46:40,-0.40
2026-07-26 21:47:19,0.00
2026-07-26 21:47:38,-0.10
2026-07-26 21:48:46,-0.50
2026-07-26 21:49:35,-0.10
2026-07-26 21:50:05,-0.40
2026-07-26 21:51:22,-0.10
2026-07-26 21:52:10,-0.40
2026-07-26 21:52:40,-0.10
2026-07-26 21:53:00,-0.40
2026-07-26 21:54:56,-0.10
2026-07-26 21:55:55,0.00
2026-07-26 21:56:14,-0.40
2026-07-26 21:58:11,0.00
2026-07-26 21:59:59,-0.30
2026-07-26 22:00:47,-0.40
2026-07-26 22:01:17,-0.10
2026-07-26 22:03:43,-0.40
2026-07-26 22:04:21,-0.50
2026-07-26 22:04:32,-0.10
2026-07-26 22:06:28,-0.40
2026-07-26 22:07:07,0.10
2026-07-26 22:07:47,-0.30
2026-07-26 22:08:45,0.10
2026-07-26 22:09:04,-0.10
2026-07-26 22:09:24,-0.40
2026-07-26 22:10:41,-0.10
2026-07-26 22:11:30,-0.50
2026-07-26 22:12:38,-0.10
2026-07-26 22:13:07,-0.50
2026-07-26 22:14:05,-0.10
2026-07-26 22:15:33,-0.40
2026-07-26 22:15:43,-0.10
2026-07-26 22:16:32,-0.40
2026-07-26 22:18:38,-0.50
2026-07-26 22:18:48,0.00
2026-07-26 22:18:58,-0.10
2026-07-26 22:19:18,-0.40
2026-07-26 22:21:54,0.00
2026-07-26 22:22:13,-0.10
2026-07-26 22:23:01,-0.30
2026-07-26 22:24:01,-0.40
2026-07-26 22:24:39,0.00
2026-07-26 22:25:57,-0.40
2026-07-26 22:27:25,-0.30
2026-07-26 22:28:04,0.10
2026-07-26 22:28:52,0.00
2026-07-26 22:29:22,-0.30
2026-07-26 22:30:59,0.00
2026-07-26 22:32:46,-0.40
2026-07-26 22:35:02,0.00
2026-07-26 22:35:32,-0.30
2026-07-26 22:36:11,0.00
2026-07-26 22:37:09,-0.10
2026-07-26 22:37:19,-0.40
2026-07-26 22:38:56,-0.30
2026-07-26 22:39:05,0.00
2026-07-26 22:40:53,-0.50
2026-07-26 22:42:20,0.00
2026-07-26 22:43:09,-0.30
2026-07-26 22:44:36,0.00
2026-07-26 22:44:55,-0.50
2026-07-26 22:46:04,-0.40
2026-07-26 22:46:13,0.00
2026-07-26 22:47:03,-0.30
2026-07-26 22:47:12,0.00
2026-07-26 22:49:09,-0.30
2026-07-26 22:50:27,0.00
2026-07-26 22:51:36,-0.40
2026-07-26 22:52:04,0.00
2026-07-26 22:55:00,-0.30
2026-07-26 22:55:40,0.00
2026-07-26 22:56:37,-0.20
2026-07-26 22:57:07,0.00
2026-07-26 22:58:44,-0.30
2026-07-26 22:58:54,0.00
2026-07-26 23:00:12,-0.30
2026-07-26 23:01:20,-0.10
2026-07-26 23:01:58,0.00
2026-07-26 23:02:28,-0.30
2026-07-26 23:03:55,0.00
2026-07-26 23:04:15,-0.30
2026-07-26 23:05:52,0.00
2026-07-26 23:06:50,-0.30
2026-07-26 23:07:39,0.10
2026-07-26 23:08:38,0.00
2026-07-26 23:09:07,-0.30
2026-07-26 23:10:05,0.00
2026-07-26 23:11:14,-0.30
2026-07-26 23:12:03,0.00
2026-07-26 23:12:12,-0.30
2026-07-26 23:13:40,0.00
2026-07-26 23:14:38,-0.30
2026-07-26 23:15:08,-0.40
2026-07-26 23:15:27,0.10
2026-07-26 23:17:24,-0.30
2026-07-26 23:19:01,-0.40
2026-07-26 23:19:49,0.10
2026-07-26 23:20:00,-0.40
2026-07-26 23:20:49,0.10
2026-07-26 23:22:45,-0.20
2026-07-26 23:23:34,0.10
2026-07-26 23:24:13,-0.30
2026-07-26 23:25:21,0.10
2026-07-26 23:26:00,-0.40
2026-07-26 23:26:58,-0.30
2026-07-26 23:27:18,0.00
2026-07-26 23:29:25,-0.40
2026-07-26 23:30:22,0.10
2026-07-26 23:31:40,0.00
2026-07-26 23:32:39,-0.30
2026-07-26 23:33:37,0.00
2026-07-26 23:33:48,-0.30
2026-07-26 23:34:55,-0.20
2026-07-26 23:35:53,0.10
2026-07-26 23:37:02,-0.30
2026-07-26 23:37:51,0.10
2026-07-26 23:39:08,-0.30
2026-07-26 23:39:48,-0.40
2026-07-26 23:39:57,0.00
2026-07-26 23:42:24,-0.20
2026-07-26 23:43:02,0.10
2026-07-26 23:44:10,-0.40
2026-07-26 23:44:30,0.10
2026-07-26 23:45:09,-0.30
2026-07-26 23:46:17,0.10
2026-07-26 23:46:37,-0.30
2026-07-26 23:47:06,0.10
2026-07-26 23:48:34,0.00
2026-07-26 23:49:02,-0.40
2026-07-26 23:49:42,-0.20
2026-07-26 23:50:20,0.00
2026-07-26 23:51:19,0.10
2026-07-26 23:51:57,-0.20
2026-07-26 23:54:05,0.10
2026-07-26 23:54:15,-0.40
2026-07-26 23:54:43,0.00
2026-07-26 23:56:11,-0.30
2026-07-26 23:56:20,0.00
2026-07-26 23:56:50,-0.30
2026-07-26 23:58:08,0.10
2026-07-26 23:59:26,-0.20
2026-07-27 00:00:44,0.10
2026-07-27 00:01:03,-0.40
2026-07-27 00:02:21,0.30
2026-07-27 00:02:51,-0.20
2026-07-27 00:03:29,0.40
2026-07-27 00:04:48,-0.20
2026-07-27 00:05:06,0.30
2026-07-27 00:06:34,-0.20
2026-07-27 00:07:33,0.30
2026-07-27 00:08:02,0.20
2026-07-27 00:08:32,-0.20
2026-07-27 00:10:09,0.40
2026-07-27 00:10:48,-0.20
2026-07-27 00:11:37,0.20
2026-07-27 00:12:15,-0.40
2026-07-27 00:13:05,-0.30
2026-07-27 00:13:53,1.00
2026-07-27 00:15:11,1.50
2026-07-27 00:16:00,0.10
2026-07-27 00:16:19,-0.30
2026-07-27 00:17:27,0.40
2026-07-27 00:18:06,0.80
2026-07-27 00:18:15,0.00
2026-07-27 00:19:53,0.30
2026-07-27 00:20:13,1.20
2026-07-27 00:21:02,1.10
2026-07-27 00:22:29,-0.30
2026-07-27 00:23:08,-0.20
2026-07-27 00:24:16,0.30
2026-07-27 00:24:36,-0.40
2026-07-27 00:25:05,0.20
2026-07-27 00:26:04,-0.30
2026-07-27 00:27:22,0.30
2026-07-27 00:28:59,-0.20
2026-07-27 00:29:19,0.10
2026-07-27 00:30:47,-0.30
2026-07-27 00:30:56,0.10
2026-07-27 00:31:15,-0.20
2026-07-27 00:33:32,0.20
2026-07-27 00:35:48,-0.30
2026-07-27 00:36:17,0.20
2026-07-27 00:36:47,-0.30
2026-07-27 00:38:53,0.10
2026-07-27 00:39:13,-0.30
2026-07-27 00:40:01,0.20
2026-07-27 00:40:50,0.10
2026-07-27 00:41:00,-0.20
2026-07-27 00:42:37,0.10
2026-07-27 00:42:47,-0.30
2026-07-27 00:44:14,-0.40
2026-07-27 00:44:24,0.10
2026-07-27 00:46:31,-0.40
2026-07-27 00:46:51,0.20
2026-07-27 00:47:58,-0.40
2026-07-27 00:48:18,0.10
2026-07-27 00:50:05,-0.40
2026-07-27 00:50:43,0.10
2026-07-27 00:51:51,-0.20
2026-07-27 00:52:21,0.10
2026-07-27 00:53:49,-0.30
2026-07-27 00:54:18,0.00
2026-07-27 00:55:17,-0.30
2026-07-27 00:57:04,-0.20
2026-07-27 00:57:13,0.10
2026-07-27 00:57:33,-0.30
2026-07-27 00:58:12,0.20
2026-07-27 00:59:20,0.10
2026-07-27 00:59:50,-0.20
2026-07-27 01:00:38,-0.30
2026-07-27 01:01:46,0.30
2026-07-27 01:02:25,-0.10
2026-07-27 01:02:35,0.30
2026-07-27 01:04:22,0.20
2026-07-27 01:04:42,-0.30
2026-07-27 01:05:50,0.20
2026-07-27 01:06:58,-0.30
2026-07-27 01:08:25,0.00
2026-07-27 01:09:34,-0.30
2026-07-27 01:10:42,0.10
2026-07-27 01:11:31,-0.30
2026-07-27 01:13:37,0.30
2026-07-27 01:14:06,-0.10
2026-07-27 01:14:45,0.40
2026-07-27 01:16:52,-0.20
2026-07-27 01:17:11,0.10
2026-07-27 01:18:39,-0.20
2026-07-27 01:19:18,0.20
2026-07-27 01:19:37,-0.20
2026-07-27 01:20:26,0.20
2026-07-27 01:21:34,-0.40
2026-07-27 01:22:32,0.10
2026-07-27 01:23:22,-0.40
2026-07-27 01:23:59,0.00
2026-07-27 01:24:49,-0.30
2026-07-27 01:25:37,0.00
2026-07-27 01:26:46,-0.40
2026-07-27 01:27:15,-0.20
2026-07-27 01:27:54,0.10
2026-07-27 01:29:03,-0.30
2026-07-27 01:30:20,0.10
2026-07-27 01:30:40,-0.10
2026-07-27 01:32:17,0.10
2026-07-27 01:32:27,-0.30
2026-07-27 01:34:13,0.20
2026-07-27 01:35:12,-0.10
2026-07-27 01:35:41,0.00
2026-07-27 01:35:51,-0.40
2026-07-27 01:37:18,0.00
2026-07-27 01:37:38,-0.50
2026-07-27 01:38:56,0.00
2026-07-27 01:39:16,-0.40
2026-07-27 01:40:43,0.10
2026-07-27 01:42:01,0.20
2026-07-27 01:42:21,-0.30
2026-07-27 01:44:47,0.10
2026-07-27 01:46:24,-0.30
2026-07-27 01:47:52,0.10
2026-07-27 01:48:59,0.00
2026-07-27 01:49:58,-0.30
2026-07-27 01:50:17,0.00
2026-07-27 01:50:47,-0.30
2026-07-27 01:53:12,0.10
2026-07-27 01:54:40,-0.30
2026-07-27 01:55:58,0.00
2026-07-27 01:57:07,0.10
2026-07-27 01:58:05,-0.20
2026-07-27 01:59:03,-0.30
2026-07-27 01:59:43,0.20
2026-07-27 02:00:30,-0.40
2026-07-27 02:01:30,0.10
2026-07-27 02:01:39,-0.40
2026-07-27 02:01:49,0.00
2026-07-27 02:03:56,-0.40
2026-07-27 02:04:06,0.00
2026-07-27 02:05:14,0.10
2026-07-27 02:06:02,-0.30
2026-07-27 02:06:51,0.00
2026-07-27 02:08:29,-0.40
2026-07-27 02:08:58,0.00
2026-07-27 02:09:57,-0.30
2026-07-27 02:10:35,0.10
2026-07-27 02:11:53,-0.40
2026-07-27 02:12:12,0.10
2026-07-27 02:13:40,-0.30
2026-07-27 02:14:09,0.10
2026-07-27 02:15:07,0.00
2026-07-27 02:15:28,-0.30
2026-07-27 02:16:55,0.00
2026-07-27 02:18:42,-0.30
2026-07-27 02:19:30,0.10
2026-07-27 02:19:50,-0.30
2026-07-27 02:20:00,0.10
2026-07-27 02:21:37,0.00
2026-07-27 02:22:16,-0.30
2026-07-27 02:23:25,-0.10
2026-07-27 02:24:13,0.10
2026-07-27 02:25:11,-0.30
2026-07-27 02:25:51,0.00
2026-07-27 02:26:39,-0.40
2026-07-27 02:27:57,0.10
2026-07-27 02:28:55,-0.40
2026-07-27 02:29:34,0.00
2026-07-27 02:29:54,-0.30
2026-07-27 02:30:33,0.00
2026-07-27 02:32:10,-0.40
2026-07-27 02:33:58,0.00
2026-07-27 02:35:15,-0.30
2026-07-27 02:35:44,0.00
2026-07-27 02:36:24,-0.40
2026-07-27 02:36:43,0.00
2026-07-27 02:38:21,-0.40
2026-07-27 02:38:40,0.00
2026-07-27 02:38:50,0.10
2026-07-27 02:39:00,-0.20
2026-07-27 02:39:10,0.10
2026-07-27 02:39:58,-0.30
2026-07-27 02:41:06,0.10
2026-07-27 02:41:55,-0.40
2026-07-27 02:42:53,0.10
2026-07-27 02:43:03,0.00
2026-07-27 02:43:13,-0.30
2026-07-27 02:45:10,0.00
2026-07-27 02:45:58,-0.30
2026-07-27 02:46:18,0.10
2026-07-27 02:47:35,-0.40
2026-07-27 02:48:05,-0.30
2026-07-27 02:48:24,0.00
2026-07-27 02:49:43,-0.30
2026-07-27 02:50:01,0.00
2026-07-27 02:51:10,-0.30
2026-07-27 02:52:08,0.10
2026-07-27 02:53:56,-0.30
2026-07-27 02:54:15,0.20
2026-07-27 02:54:44,0.10
2026-07-27 02:55:24,-0.20
2026-07-27 02:56:12,-0.10
2026-07-27 02:56:42,0.40
2026-07-27 02:58:38,-0.20
2026-07-27 03:00:25,-0.30
2026-07-27 03:00:34,0.20
2026-07-27 03:01:05,0.00
2026-07-27 03:02:03,-0.30
2026-07-27 03:03:01,-0.40
2026-07-27 03:04:00,0.20
2026-07-27 03:04:29,0.10
2026-07-27 03:05:38,-0.20
2026-07-27 03:06:06,0.10
2026-07-27 03:07:05,-0.40
2026-07-27 03:08:23,0.10
2026-07-27 03:09:11,-0.40
2026-07-27 03:09:30,-0.30
2026-07-27 03:10:39,0.20
2026-07-27 03:11:18,0.00
2026-07-27 03:11:56,-0.30
2026-07-27 03:13:05,-0.40
2026-07-27 03:13:33,0.00
2026-07-27 03:14:33,-0.40
2026-07-27 03:15:50,0.30
2026-07-27 03:16:00,0.00
2026-07-27 03:16:10,-0.60
2026-07-27 03:17:57,-0.30
2026-07-27 03:18:06,0.00
2026-07-27 03:19:34,-0.40
2026-07-27 03:19:53,0.00
2026-07-27 03:21:11,-0.40
2026-07-27 03:22:00,0.00
2026-07-27 03:22:39,-0.10
2026-07-27 03:22:49,-0.40
2026-07-27 03:24:17,-0.10
2026-07-27 03:24:55,-0.50
2026-07-27 03:26:04,-0.30
2026-07-27 03:26:32,0.00
2026-07-27 03:28:39,-0.40
2026-07-27 03:28:49,-0.10
2026-07-27 03:29:28,-0.40
2026-07-27 03:29:37,-0.10
2026-07-27 03:31:35,0.10
2026-07-27 03:31:45,-0.40
2026-07-27 03:33:02,0.00
2026-07-27 03:35:00,-0.30
2026-07-27 03:35:48,0.00
2026-07-27 03:36:37,-0.30
2026-07-27 03:37:35,0.00
2026-07-27 03:37:45,-0.20
2026-07-27 03:39:22,0.00
2026-07-27 03:40:01,-0.40
2026-07-27 03:41:09,-0.50
2026-07-27 03:42:08,-0.10
2026-07-27 03:42:46,-0.50
2026-07-27 03:43:45,0.00
2026-07-27 03:44:04,-0.10
2026-07-27 03:44:44,-0.50
2026-07-27 03:45:41,-0.40
2026-07-27 03:46:11,0.00
2026-07-27 03:47:29,-0.10
2026-07-27 03:48:47,-0.40
2026-07-27 03:48:56,-0.10
2026-07-27 03:49:26,-0.40
2026-07-27 03:50:54,-0.10
2026-07-27 03:51:32,-0.40
2026-07-27 03:52:12,-0.50
2026-07-27 03:53:19,0.00
2026-07-27 03:54:27,-0.10
2026-07-27 03:54:37,-0.40
2026-07-27 03:56:14,-0.50
2026-07-27 03:57:03,-0.10
2026-07-27 03:57:22,-0.50
2026-07-27 03:57:32,-0.10
2026-07-27 03:59:00,-0.60
2026-07-27 03:59:29,0.00
2026-07-27 04:00:47,-0.40
2026-07-27 04:02:04,-0.10
2026-07-27 04:03:42,-0.40
2026-07-27 04:04:02,-0.20
2026-07-27 04:04:40,-0.40
2026-07-27 04:05:49,-0.20
2026-07-27 04:07:07,-0.10
2026-07-27 04:07:26,-0.40
2026-07-27 04:08:54,-0.50
2026-07-27 04:09:23,-0.30
2026-07-27 04:10:50,-0.50
2026-07-27 04:11:21,-0.10
2026-07-27 04:12:18,-0.20
2026-07-27 04:12:38,-0.50
2026-07-27 04:14:53,-0.10
2026-07-27 04:15:03,-0.50
2026-07-27 04:15:23,-0.10
2026-07-27 04:16:12,-0.60
2026-07-27 04:17:29,-0.20
2026-07-27 04:18:18,-0.50
2026-07-27 04:18:48,-0.10
2026-07-27 04:20:06,-0.50
2026-07-27 04:20:35,-0.40
2026-07-27 04:21:34,-0.10
2026-07-27 04:22:42,0.00
2026-07-27 04:23:02,-0.50
2026-07-27 04:24:57,-0.10
2026-07-27 04:26:06,-0.50
2026-07-27 04:26:34,-0.10
2026-07-27 04:26:55,-0.40
2026-07-27 04:27:34,-0.10
2026-07-27 04:29:21,-0.40
2026-07-27 04:30:10,0.00
2026-07-27 04:30:29,-0.40
2026-07-27 04:32:06,-0.10
2026-07-27 04:32:36,-0.40
2026-07-27 04:33:34,-0.50
2026-07-27 04:33:53,0.10
2026-07-27 04:35:21,-0.20
2026-07-27 04:36:10,0.10
2026-07-27 04:36:58,-0.20
2026-07-27 04:38:16,0.40
2026-07-27 04:38:26,-0.10
2026-07-27 04:39:24,0.40
2026-07-27 04:40:34,0.00
2026-07-27 04:41:31,0.60
2026-07-27 04:42:20,0.30
2026-07-27 04:42:59,0.70
2026-07-27 04:43:38,0.40
2026-07-27 04:44:37,0.90
2026-07-27 04:45:25,0.60
2026-07-27 04:45:44,1.10
2026-07-27 04:47:03,0.80
2026-07-27 04:47:12,1.30
2026-07-27 04:48:29,1.20
2026-07-27 04:49:39,0.70
2026-07-27 04:49:57,1.10
2026-07-27 04:50:47,0.80
2026-07-27 04:52:33,1.20
2026-07-27 04:53:12,0.90
2026-07-27 04:53:33,1.20
2026-07-27 04:54:31,0.70
2026-07-27 04:55:10,0.80
2026-07-27 04:56:08,0.10
2026-07-27 04:56:37,0.30
2026-07-27 04:56:47,0.60
2026-07-27 04:58:34,0.50
2026-07-27 04:59:33,0.00
2026-07-27 05:00:01,0.30
2026-07-27 05:01:10,-0.30
2026-07-27 05:02:17,0.10
2026-07-27 05:03:06,-0.30
2026-07-27 05:03:16,0.00
2026-07-27 05:03:26,-0.10
2026-07-27 05:04:53,0.00
2026-07-27 05:05:32,-0.40
2026-07-27 05:07:38,0.10
2026-07-27 05:07:58,-0.50
2026-07-27 05:08:56,0.00
2026-07-27 05:09:16,-0.40
2026-07-27 05:09:46,0.00
2026-07-27 05:10:14,-0.30
2026-07-27 05:12:31,0.10
2026-07-27 05:13:58,0.00
2026-07-27 05:14:27,-0.30
2026-07-27 05:15:45,0.10
2026-07-27 05:17:52,-0.40
2026-07-27 05:18:21,-0.20
2026-07-27 05:18:50,0.10
2026-07-27 05:19:39,0.00
2026-07-27 05:19:58,-0.40
2026-07-27 05:21:55,-0.10
2026-07-27 05:22:05,-0.50
2026-07-27 05:23:42,-0.60
2026-07-27 05:24:31,-0.20
2026-07-27 05:25:39,-0.60
2026-07-27 05:25:49,-0.20
2026-07-27 05:26:27,-0.50
2026-07-27 05:28:25,-0.10
2026-07-27 05:29:23,-0.60
2026-07-27 05:30:12,-0.10
2026-07-27 05:31:49,-0.50
2026-07-27 05:32:08,-0.20
2026-07-27 05:34:25,-0.60
2026-07-27 05:34:44,-0.30
2026-07-27 05:34:54,-0.60
2026-07-27 05:36:12,-0.30
2026-07-27 05:37:40,-0.70
2026-07-27 05:37:58,-0.20
2026-07-27 05:39:17,-0.70
2026-07-27 05:39:56,-0.20
2026-07-27 05:42:21,-0.30
2026-07-27 05:42:31,-0.60
2026-07-27 05:42:50,-0.30
2026-07-27 05:43:01,-0.70
2026-07-27 05:45:16,-0.60
2026-07-27 05:45:36,-0.20
2026-07-27 05:46:05,-0.40
2026-07-27 05:47:13,-0.10
2026-07-27 05:47:53,-0.40
2026-07-27 05:48:41,0.00
2026-07-27 05:49:49,-0.60
2026-07-27 05:50:08,-0.10
2026-07-27 05:51:17,-0.60
2026-07-27 05:51:56,-0.20
2026-07-27 05:54:02,-0.60
2026-07-27 05:54:41,-0.20
2026-07-27 05:55:30,-0.60
2026-07-27 05:55:59,-0.20
2026-07-27 05:56:58,-0.50
2026-07-27 05:58:06,-0.60
2026-07-27 05:58:15,-0.10
2026-07-27 05:59:24,-0.20
2026-07-27 06:00:12,-0.60
2026-07-27 06:01:20,-0.50
2026-07-27 06:01:40,-0.20
2026-07-27 06:02:39,-0.50
2026-07-27 06:03:47,-0.10
2026-07-27 06:05:05,0.10
2026-07-27 06:05:34,-0.50
2026-07-27 06:06:33,-0.20
2026-07-27 06:07:31,-0.50
2026-07-27 06:08:39,0.00
2026-07-27 06:09:18,-0.40
2026-07-27 06:09:37,0.00
2026-07-27 06:10:55,-0.30
2026-07-27 06:11:05,0.00
2026-07-27 06:12:42,0.10
2026-07-27 06:13:41,-0.40
2026-07-27 06:14:49,0.10
2026-07-27 06:15:38,-0.40
2026-07-27 06:15:47,-0.20
2026-07-27 06:17:05,0.00
2026-07-27 06:17:34,-0.40
2026-07-27 06:19:01,0.10
2026-07-27 06:19:21,-0.40
2026-07-27 06:19:51,0.00
2026-07-27 06:20:49,-0.40
2026-07-27 06:21:47,0.00
2026-07-27 06:22:46,-0.10
2026-07-27 06:23:24,0.30
2026-07-27 06:25:12,-0.10
2026-07-27 06:25:22,0.30
2026-07-27 06:27:09,-0.10
2026-07-27 06:27:27,0.30
2026-07-27 06:27:57,-0.10
2026-07-27 06:29:15,-0.20
2026-07-27 06:29:34,0.20
2026-07-27 06:31:41,0.30
2026-07-27 06:31:51,0.00
2026-07-27 06:32:19,0.20
2026-07-27 06:32:30,0.00
2026-07-27 06:34:27,0.10
2026-07-27 06:35:15,-0.30
2026-07-27 06:35:55,-0.10
2026-07-27 06:36:13,0.20
2026-07-27 06:37:32,-0.10
2026-07-27 06:38:00,0.40
2026-07-27 06:39:37,0.30
2026-07-27 06:40:17,0.80
2026-07-27 06:41:35,0.20
2026-07-27 06:41:54,0.80
2026-07-27 06:42:14,0.50
2026-07-27 06:43:22,1.00
2026-07-27 06:43:51,0.90
2026-07-27 06:44:50,0.40
2026-07-27 06:45:38,0.80
2026-07-27 06:46:36,0.40
2026-07-27 06:47:54,0.90
2026-07-27 06:49:12,1.00
2026-07-27 06:49:32,0.60
2026-07-27 06:50:40,1.00
2026-07-27 06:51:19,0.60
2026-07-27 06:52:08,0.90
2026-07-27 06:53:35,0.20
2026-07-27 06:53:45,0.40
2026-07-27 06:55:13,0.10
2026-07-27 06:55:41,0.30
2026-07-27 06:56:30,-0.30
2026-07-27 06:57:39,0.00
2026-07-27 06:58:17,-0.30
2026-07-27 06:58:56,0.10
2026-07-27 06:59:54,-0.30
2026-07-27 07:00:44,-0.10
2026-07-27 07:00:54,-0.30
2026-07-27 07:02:02,-0.50
2026-07-27 07:02:31,-0.10
2026-07-27 07:03:49,-0.40
2026-07-27 07:04:27,-0.10
2026-07-27 07:06:15,-0.50
2026-07-27 07:06:54,-0.30
2026-07-27 07:07:03,0.00
2026-07-27 07:08:40,-0.10
2026-07-27 07:09:20,-0.50
2026-07-27 07:10:38,0.00
2026-07-27 07:10:57,-0.50
2026-07-27 07:12:34,0.00
2026-07-27 07:14:02,-0.10
2026-07-27 07:14:21,-0.60
2026-07-27 07:15:30,-0.20
2026-07-27 07:16:28,-0.70
2026-07-27 07:16:48,-0.50
2026-07-27 07:18:15,-0.20
2026-07-27 07:19:43,-0.60
2026-07-27 07:21:20,-0.20
2026-07-27 07:21:59,-0.60
2026-07-27 07:22:48,-0.20
2026-07-27 07:23:36,-0.50
2026-07-27 07:24:54,-0.10
2026-07-27 07:26:02,-0.50
2026-07-27 07:26:51,-0.10
2026-07-27 07:27:59,-0.50
2026-07-27 07:29:36,-0.20
2026-07-27 07:29:56,-0.50
2026-07-27 07:30:34,-0.60
2026-07-27 07:31:04,-0.10
2026-07-27 07:32:01,-0.50
2026-07-27 07:33:20,-0.40
2026-07-27 07:33:29,-0.20
2026-07-27 07:35:07,-0.60
2026-07-27 07:35:36,-0.10
2026-07-27 07:38:12,-0.40
2026-07-27 07:39:19,-0.50
2026-07-27 07:39:29,0.00
2026-07-27 07:40:28,-0.50
2026-07-27 07:41:46,-0.10
2026-07-27 07:42:54,-0.40
2026-07-27 07:44:41,0.10
2026-07-27 07:45:09,-0.40
2026-07-27 07:45:39,0.00
2026-07-27 07:47:07,0.10
2026-07-27 07:48:05,-0.30
2026-07-27 07:48:34,0.10
2026-07-27 07:51:20,-0.40
2026-07-27 07:51:30,0.00
2026-07-27 07:52:37,-0.50
2026-07-27 07:53:26,0.00
2026-07-27 07:54:15,-0.40
2026-07-27 07:55:43,-0.50
2026-07-27 07:55:52,0.00
2026-07-27 07:56:32,-0.50
2026-07-27 07:56:51,-0.10
2026-07-27 07:59:18,-0.50
2026-07-27 07:59:46,-0.10
2026-07-27 08:00:06,-0.50
2026-07-27 08:01:53,-0.10
2026-07-27 08:03:10,-0.20
2026-07-27 08:03:49,-0.60
2026-07-27 08:04:48,-0.20
2026-07-27 08:05:46,-0.40
2026-07-27 08:06:54,-0.60
2026-07-27 08:07:13,-0.10
2026-07-27 08:09:11,-0.50
2026-07-27 08:09:21,-0.10
2026-07-27 08:10:19,-0.30
2026-07-27 08:10:39,-0.50
2026-07-27 08:12:06,-0.20
2026-07-27 08:12:35,-0.60
2026-07-27 08:13:05,-0.50
2026-07-27 08:13:15,-0.20
2026-07-27 08:15:12,-0.50
2026-07-27 08:16:20,-0.60
2026-07-27 08:17:08,-0.10
2026-07-27 08:17:58,-0.60
2026-07-27 08:18:45,-0.20
2026-07-27 08:19:54,0.00
2026-07-27 08:20:23,-0.40
2026-07-27 08:21:40,0.00
2026-07-27 08:21:50,-0.50
2026-07-27 08:22:49,-0.20
2026-07-27 08:24:07,-0.50
2026-07-27 08:24:36,-0.70
2026-07-27 08:24:55,-0.20
2026-07-27 08:26:33,-0.70
2026-07-27 08:26:53,-0.10
2026-07-27 08:28:58,-0.70
2026-07-27 08:29:48,-0.60
2026-07-27 08:30:26,-0.20
2026-07-27 08:32:04,-0.70
2026-07-27 08:32:23,-0.10
2026-07-27 08:33:22,-0.60
2026-07-27 08:34:01,-0.20
2026-07-27 08:34:40,-0.60
2026-07-27 08:35:00,-0.20
2026-07-27 08:36:56,-0.40
2026-07-27 08:37:07,-0.70
2026-07-27 08:38:24,-0.30
2026-07-27 08:40:30,-0.60
2026-07-27 08:41:29,-0.20
2026-07-27 08:42:57,-0.60
2026-07-27 08:43:55,-0.20
2026-07-27 08:45:22,-0.60
2026-07-27 08:45:42,-0.30
2026-07-27 08:46:01,-0.50
2026-07-27 08:46:21,-0.30
2026-07-27 08:48:08,-0.70
2026-07-27 08:49:16,-0.60
2026-07-27 08:49:45,-0.30
2026-07-27 08:51:03,-0.50
2026-07-27 08:52:21,-0.20
2026-07-27 08:53:11,-0.60
2026-07-27 08:54:38,-0.20
2026-07-27 08:55:26,-0.70
2026-07-27 08:56:15,-0.20
2026-07-27 08:57:04,-0.60
2026-07-27 08:57:53,-0.10
2026-07-27 08:59:10,-0.60
2026-07-27 09:00:09,-0.10
2026-07-27 09:01:17,-0.60
2026-07-27 09:01:47,-0.10
2026-07-27 09:02:24,-0.60
2026-07-27 09:02:35,-0.20
2026-07-27 09:05:20,-0.70
2026-07-27 09:05:50,-0.60
2026-07-27 09:06:39,-0.20
2026-07-27 09:07:27,-0.30
2026-07-27 09:08:16,-0.60
2026-07-27 09:09:24,-0.20
2026-07-27 09:10:13,-0.60
2026-07-27 09:11:40,-0.70
2026-07-27 09:12:00,-0.20
2026-07-27 09:12:57,-0.10
2026-07-27 09:13:56,-0.70
2026-07-27 09:14:15,-0.60
2026-07-27 09:14:55,-0.20
2026-07-27 09:15:43,-0.50
2026-07-27 09:16:12,-0.20
2026-07-27 09:18:10,-0.50
2026-07-27 09:19:17,-0.20
2026-07-27 09:19:27,-0.60
2026-07-27 09:20:55,-0.40
2026-07-27 09:21:24,-0.10
2026-07-27 09:22:22,-0.20
2026-07-27 09:23:01,-0.50
2026-07-27 09:24:00,0.00
2026-07-27 09:25:18,-0.60
2026-07-27 09:25:37,-0.50
2026-07-27 09:26:16,-0.10
2026-07-27 09:27:33,-0.50
2026-07-27 09:27:43,-0.20
2026-07-27 09:29:00,-0.50
2026-07-27 09:29:50,-0.10
2026-07-27 09:31:27,-0.50
2026-07-27 09:31:56,-0.10
2026-07-27 09:32:16,-0.50
2026-07-27 09:33:33,-0.20
2026-07-27 09:34:22,-0.60
2026-07-27 09:35:40,-0.50
2026-07-27 09:35:59,0.00
2026-07-27 09:37:27,-0.30
2026-07-27 09:38:06,-0.50
2026-07-27 09:38:54,-0.20
2026-07-27 09:39:34,-0.60
2026-07-27 09:40:22,-0.30
2026-07-27 09:40:31,-0.70
2026-07-27 09:42:19,-0.20
2026-07-27 09:43:18,-0.60
2026-07-27 09:43:46,-0.10
2026-07-27 09:45:14,-0.50
2026-07-27 09:45:24,-0.20
2026-07-27 09:45:54,-0.50
2026-07-27 09:47:12,-0.40
2026-07-27 09:48:29,-0.10
2026-07-27 09:49:08,-0.40
2026-07-27 09:49:27,-0.10
2026-07-27 09:50:16,-0.50
2026-07-27 09:50:55,-0.20
2026-07-27 09:52:13,-0.70
2026-07-27 09:52:22,-0.10
2026-07-27 09:54:49,-0.50
2026-07-27 09:56:07,-0.10
2026-07-27 09:56:45,-0.50
2026-07-27 09:56:56,0.00
2026-07-27 09:57:25,-0.40
2026-07-27 09:58:33,-0.10
2026-07-27 09:59:22,-0.50
2026-07-27 10:01:18,-0.10
2026-07-27 10:01:38,-0.50
2026-07-27 10:02:07,-0.60
2026-07-27 10:02:16,-0.10
2026-07-27 10:04:43,-0.20
2026-07-27 10:04:53,-0.40
2026-07-27 10:05:41,0.00
2026-07-27 10:07:09,-0.50
2026-07-27 10:07:18,-0.10
2026-07-27 10:08:56,-0.40
2026-07-27 10:10:53,-0.10
2026-07-27 10:11:12,-0.50
2026-07-27 10:11:42,-0.30
2026-07-27 10:12:11,0.00
2026-07-27 10:13:48,-0.40
2026-07-27 10:14:07,-0.10
2026-07-27 10:16:05,-0.50
2026-07-27 10:17:13,-0.10
2026-07-27 10:18:50,-0.40
2026-07-27 10:19:29,0.00
2026-07-27 10:20:28,-0.40
2026-07-27 10:21:55,-0.20
2026-07-27 10:22:53,0.10
2026-07-27 10:23:32,-0.30
2026-07-27 10:23:42,-0.10
2026-07-27 10:25:38,-0.50
2026-07-27 10:26:08,0.00
2026-07-27 10:26:37,-0.10
2026-07-27 10:26:47,-0.40
2026-07-27 10:29:03,0.00
2026-07-27 10:30:01,-0.30
2026-07-27 10:31:19,0.00
2026-07-27 10:31:49,-0.40
2026-07-27 10:32:08,-0.10
2026-07-27 10:33:55,-0.50
2026-07-27 10:34:53,0.00
2026-07-27 10:35:04,-0.50
2026-07-27 10:37:01,0.00
2026-07-27 10:39:07,0.20
2026-07-27 10:39:17,-0.30
2026-07-27 10:39:56,0.00
2026-07-27 10:41:04,-0.30
2026-07-27 10:41:33,0.10
2026-07-27 10:42:12,-0.40
2026-07-27 10:43:20,-0.10
2026-07-27 10:43:50,-0.50
2026-07-27 10:45:07,-0.30
2026-07-27 10:45:17,0.10
2026-07-27 10:46:35,-0.30
2026-07-27 10:47:24,0.00
2026-07-27 10:49:11,-0.40
2026-07-27 10:50:19,0.00
2026-07-27 10:50:38,-0.50
2026-07-27 10:52:45,0.00
2026-07-27 10:53:54,-0.50
2026-07-27 10:54:13,0.40
2026-07-27 10:54:43,0.20
2026-07-27 10:54:52,-0.30
2026-07-27 10:56:49,0.00
2026-07-27 10:57:47,-0.50
2026-07-27 10:58:07,0.00
2026-07-27 10:59:25,-0.50
2026-07-27 10:59:35,-0.20
2026-07-27 10:59:44,0.00
2026-07-27 11:01:12,-0.10
2026-07-27 11:02:50,-0.50
2026-07-27 11:03:38,-0.30
2026-07-27 11:04:27,0.00
2026-07-27 11:05:34,-0.40
2026-07-27 11:06:33,-0.50
2026-07-27 11:06:52,0.00
2026-07-27 11:08:10,-0.40
2026-07-27 11:08:49,0.00
2026-07-27 11:11:05,-0.30
2026-07-27 11:11:35,-0.50
2026-07-27 11:12:13,0.00
2026-07-27 11:13:02,-0.40
2026-07-27 11:13:22,-0.10
2026-07-27 11:14:50,-0.40
2026-07-27 11:15:18,0.10
2026-07-27 11:16:08,0.00
2026-07-27 11:16:27,-0.30
2026-07-27 11:18:04,0.00
2026-07-27 11:18:33,-0.40
2026-07-27 11:19:31,-0.50
2026-07-27 11:19:51,-0.10
2026-07-27 11:21:58,-0.50
2026-07-27 11:23:06,0.00
2026-07-27 11:25:03,-0.40
2026-07-27 11:26:59,-0.50
2026-07-27 11:27:28,0.10
2026-07-27 11:28:26,-0.10
2026-07-27 11:28:37,-0.50
2026-07-27 11:29:26,0.00
2026-07-27 11:29:45,-0.30
2026-07-27 11:31:03,-0.50
2026-07-27 11:31:13,-0.10
2026-07-27 11:32:59,-0.30
2026-07-27 11:33:19,0.00
2026-07-27 11:35:35,-0.50
2026-07-27 11:36:04,-0.40
2026-07-27 11:37:03,0.00
2026-07-27 11:37:32,-0.40
2026-07-27 11:37:52,0.10
2026-07-27 11:39:10,-0.30
2026-07-27 11:39:39,-0.10
2026-07-27 11:40:57,0.00
2026-07-27 11:41:26,-0.40
2026-07-27 11:42:53,0.00
2026-07-27 11:45:10,-0.40
2026-07-27 11:46:28,0.10
2026-07-27 11:46:48,-0.40
2026-07-27 11:47:35,0.10
2026-07-27 11:48:06,-0.20
2026-07-27 11:49:13,0.00
2026-07-27 11:49:23,-0.30
2026-07-27 11:51:10,0.20
2026-07-27 11:51:39,-0.20
2026-07-27 11:52:58,-0.40
2026-07-27 11:53:07,0.20
2026-07-27 11:54:45,-0.30
2026-07-27 11:55:04,0.10
2026-07-27 11:55:53,-0.40
2026-07-27 11:56:21,0.00
2026-07-27 11:57:20,0.10
2026-07-27 11:57:59,-0.30
2026-07-27 11:58:57,0.00
2026-07-27 12:00:35,-0.30
2026-07-27 12:01:53,0.00
2026-07-27 12:03:02,-0.40
2026-07-27 12:04:29,0.00
2026-07-27 12:04:39,-0.40
2026-07-27 12:05:46,0.00
2026-07-27 12:06:16,-0.40
2026-07-27 12:07:15,0.00
2026-07-27 12:08:33,-0.30
2026-07-27 12:09:40,0.10
2026-07-27 12:09:50,-0.20
2026-07-27 12:10:39,0.00
2026-07-27 12:11:18,-0.30
2026-07-27 12:12:26,-0.20
2026-07-27 12:12:46,0.20
2026-07-27 12:14:04,-0.30
2026-07-27 12:14:43,0.10
2026-07-27 12:16:30,-0.40
2026-07-27 12:17:08,0.10
2026-07-27 12:17:48,-0.20
2026-07-27 12:19:16,-0.30
2026-07-27 12:19:25,0.20
2026-07-27 12:21:11,0.10
2026-07-27 12:21:22,-0.30
2026-07-27 12:22:21,0.10
2026-07-27 12:23:38,-0.30
2026-07-27 12:23:48,0.10
2026-07-27 12:24:27,-0.30
2026-07-27 12:25:26,-0.40
2026-07-27 12:26:15,0.10
2026-07-27 12:27:22,0.00
2026-07-27 12:27:42,-0.50
2026-07-27 12:29:20,0.20
2026-07-27 12:29:58,-0.20
2026-07-27 12:30:57,0.10
2026-07-27 12:31:35,-0.40
2026-07-27 12:32:25,-0.50
2026-07-27 12:33:23,0.10
2026-07-27 12:33:43,-0.40
2026-07-27 12:34:21,0.10
2026-07-27 12:35:39,-0.10
2026-07-27 12:35:48,-0.40
2026-07-27 12:37:26,-0.10
2026-07-27 12:38:06,-0.40
2026-07-27 12:38:54,-0.10
2026-07-27 12:39:34,-0.50
2026-07-27 12:40:12,-0.40
2026-07-27 12:41:01,-0.10
2026-07-27 12:41:59,0.00
2026-07-27 12:43:07,-0.40
2026-07-27 12:43:47,-0.10
2026-07-27 12:44:16,-0.50
2026-07-27 12:45:14,-0.10
2026-07-27 12:45:53,-0.20
2026-07-27 12:47:02,-0.40
2026-07-27 12:47:21,-0.10
2026-07-27 12:49:08,-0.40
2026-07-27 12:49:28,-0.10
2026-07-27 12:50:06,-0.40
2026-07-27 12:50:25,0.00
2026-07-27 12:52:03,-0.40
2026-07-27 12:53:02,0.00
2026-07-27 12:53:40,-0.40
2026-07-27 12:54:19,0.00
2026-07-27 12:55:38,-0.20
2026-07-27 12:55:47,0.00
2026-07-27 12:56:45,0.10
2026-07-27 12:57:43,-0.30
2026-07-27 12:58:33,0.10
2026-07-27 12:59:32,-0.20
2026-07-27 13:00:10,0.20
2026-07-27 13:00:49,-0.20
2026-07-27 13:02:46,0.10
2026-07-27 13:04:43,-0.20
2026-07-27 13:05:12,0.10
2026-07-27 13:05:51,-0.20
2026-07-27 13:07:00,0.10
2026-07-27 13:08:17,-0.20
2026-07-27 13:08:37,0.10
2026-07-27 13:10:43,-0.20
2026-07-27 13:11:52,0.00
2026-07-27 13:12:40,-0.30
2026-07-27 13:13:29,0.10
2026-07-27 13:13:58,-0.30
2026-07-27 13:15:56,0.10
2026-07-27 13:16:53,-0.20
2026-07-27 13:17:03,0.10
2026-07-27 13:19:01,-0.30
2026-07-27 13:19:49,0.10
2026-07-27 13:20:28,-0.30
2026-07-27 13:21:56,0.00
2026-07-27 13:23:53,-0.30
2026-07-27 13:24:02,0.10
2026-07-27 13:25:40,-0.40
2026-07-27 13:26:29,-0.30
2026-07-27 13:26:38,0.00
2026-07-27 13:28:25,-0.30
2026-07-27 13:28:45,0.00
2026-07-27 13:30:52,-0.30
2026-07-27 13:32:29,0.10
2026-07-27 13:32:49,-0.30
2026-07-27 13:33:38,0.10
2026-07-27 13:34:26,-0.40
2026-07-27 13:34:46,0.00
2026-07-27 13:35:25,-0.30
2026-07-27 13:36:23,0.10
2026-07-27 13:36:42,-0.40
2026-07-27 13:38:01,-0.30
2026-07-27 13:38:10,0.00
2026-07-27 13:39:47,0.10
2026-07-27 13:39:56,-0.30
2026-07-27 13:41:34,0.10
2026-07-27 13:42:14,-0.30
2026-07-27 13:43:11,0.00
2026-07-27 13:43:22,-0.20
2026-07-27 13:44:39,-0.30
2026-07-27 13:45:57,0.00
2026-07-27 13:46:37,0.20
2026-07-27 13:46:47,-0.30
2026-07-27 13:47:55,0.10
2026-07-27 13:48:04,-0.40
2026-07-27 13:50:30,-0.30
2026-07-27 13:50:50,0.10
2026-07-27 13:51:38,-0.20
2026-07-27 13:53:25,-0.30
2026-07-27 13:54:15,0.10
2026-07-27 13:55:52,-0.20
2026-07-27 13:57:38,0.10
2026-07-27 13:57:48,0.00
2026-07-27 13:58:28,-0.30
2026-07-27 13:59:25,-0.20
2026-07-27 13:59:36,0.00
2026-07-27 14:01:14,0.10
2026-07-27 14:02:31,-0.20
2026-07-27 14:03:39,0.10
2026-07-27 14:04:18,-0.30
2026-07-27 14:04:37,0.10
2026-07-27 14:04:56,-0.30
2026-07-27 14:06:05,0.10
2026-07-27 14:06:24,-0.10
2026-07-27 14:07:42,0.00
2026-07-27 14:09:09,-0.20
2026-07-27 14:09:29,0.10
2026-07-27 14:10:19,-0.40
2026-07-27 14:10:57,0.00
2026-07-27 14:12:05,-0.40
2026-07-27 14:12:44,0.00
2026-07-27 14:13:52,-0.30
2026-07-27 14:14:32,-0.40
2026-07-27 14:15:01,0.10
2026-07-27 14:16:18,0.00
2026-07-27 14:16:37,-0.40
2026-07-27 14:17:46,0.00
2026-07-27 14:18:05,-0.40
2026-07-27 14:19:14,-0.30
2026-07-27 14:19:53,0.00
2026-07-27 14:21:59,-0.30
2026-07-27 14:22:48,0.00
2026-07-27 14:23:27,-0.40
2026-07-27 14:25:23,0.00
2026-07-27 14:25:43,-0.40
2026-07-27 14:26:12,-0.30
2026-07-27 14:26:32,0.10
2026-07-27 14:27:31,0.00
2026-07-27 14:27:50,-0.30
2026-07-27 14:29:08,0.00
2026-07-27 14:30:36,-0.20
2026-07-27 14:31:24,-0.40
2026-07-27 14:32:13,0.10
2026-07-27 14:33:11,-0.30
2026-07-27 14:33:31,0.00
2026-07-27 14:34:19,-0.30
2026-07-27 14:35:18,0.00
2026-07-27 14:35:56,-0.30
2026-07-27 14:36:55,0.00
2026-07-27 14:38:22,-0.30
2026-07-27 14:39:01,0.00
2026-07-27 14:40:19,-0.30
2026-07-27 14:41:48,0.10
2026-07-27 14:42:26,0.00
2026-07-27 14:42:45,-0.30
2026-07-27 14:44:42,0.00
2026-07-27 14:46:30,-0.20
2026-07-27 14:46:50,0.10
2026-07-27 14:47:38,-0.30
2026-07-27 14:48:17,0.10
2026-07-27 14:48:55,0.00
2026-07-27 14:50:13,-0.30
2026-07-27 14:51:03,0.10
2026-07-27 14:51:12,-0.30
2026-07-27 14:52:21,-0.20
2026-07-27 14:53:19,0.10
2026-07-27 14:54:08,-0.30
2026-07-27 14:54:46,0.10
2026-07-27 14:56:24,-0.30
2026-07-27 14:57:22,-0.20
2026-07-27 14:57:31,0.10
2026-07-27 14:59:58,-0.30
2026-07-27 15:00:56,0.10
2026-07-27 15:01:17,-0.30
2026-07-27 15:03:12,0.10
2026-07-27 15:04:11,-0.10
2026-07-27 15:04:40,-0.30
2026-07-27 15:06:27,0.10
2026-07-27 15:06:47,-0.30
2026-07-27 15:07:16,-0.20
2026-07-27 15:07:35,0.10
2026-07-27 15:09:23,-0.30
2026-07-27 15:10:50,0.10
2026-07-27 15:11:58,-0.30
2026-07-27 15:12:17,0.10
2026-07-27 15:12:48,-0.30
2026-07-27 15:13:55,0.10
2026-07-27 15:14:15,-0.30
2026-07-27 15:15:53,0.00
2026-07-27 15:17:39,0.10
2026-07-27 15:18:08,-0.30
2026-07-27 15:19:26,0.00
2026-07-27 15:20:44,-0.20
2026-07-27 15:20:53,0.10
2026-07-27 15:22:41,-0.20
2026-07-27 15:23:48,0.10
2026-07-27 15:23:59,-0.20
2026-07-27 15:25:56,0.00
2026-07-27 15:26:25,-0.30
2026-07-27 15:26:53,0.10
2026-07-27 15:27:03,-0.10
2026-07-27 15:29:10,0.10
2026-07-27 15:29:39,-0.30
2026-07-27 15:30:09,-0.20
2026-07-27 15:30:18,0.10
2026-07-27 15:31:56,-0.30
2026-07-27 15:32:06,0.10
2026-07-27 15:34:12,-0.30
2026-07-27 15:35:10,0.00
2026-07-27 15:35:20,-0.20
2026-07-27 15:36:47,0.10
2026-07-27 15:37:17,-0.20
2026-07-27 15:38:24,0.10
2026-07-27 15:38:54,-0.30
2026-07-27 15:41:39,0.10
2026-07-27 15:41:50,-0.20
2026-07-27 15:42:38,0.00
2026-07-27 15:43:56,-0.10
2026-07-27 15:44:44,0.10
2026-07-27 15:45:05,-0.20
2026-07-27 15:45:53,0.10
2026-07-27 15:47:19,-0.20
2026-07-27 15:47:50,0.10
2026-07-27 15:49:27,-0.30
2026-07-27 15:50:05,-0.20
2026-07-27 15:50:15,0.10
2026-07-27 15:52:42,-0.30
2026-07-27 15:53:21,0.10
2026-07-27 15:54:28,-0.30
2026-07-27 15:54:58,0.00
2026-07-27 15:55:18,-0.20
2026-07-27 15:57:15,0.10
2026-07-27 15:58:04,-0.30
2026-07-27 15:58:23,0.10
2026-07-27 15:59:31,-0.20
2026-07-27 16:00:29,0.10
2026-07-27 16:01:47,-0.20
2026-07-27 16:02:07,0.20
2026-07-27 16:03:34,0.10
2026-07-27 16:04:33,-0.30
2026-07-27 16:05:32,0.20
2026-07-27 16:05:50,-0.20
2026-07-27 16:07:47,0.20
2026-07-27 16:08:07,-0.30
2026-07-27 16:08:17,0.10
2026-07-27 16:09:45,-0.20
2026-07-27 16:10:04,0.10
2026-07-27 16:11:51,-0.20
2026-07-27 16:13:38,0.10
2026-07-27 16:14:27,-0.30
2026-07-27 16:15:45,0.10
2026-07-27 16:17:33,-0.20
2026-07-27 16:18:31,0.10
2026-07-27 16:20:18,-0.20
2026-07-27 16:20:27,0.10
2026-07-27 16:22:14,-0.20
2026-07-27 16:22:44,0.20
2026-07-27 16:23:03,-0.20
2026-07-27 16:23:13,0.20
2026-07-27 16:25:29,-0.20
2026-07-27 16:26:28,0.20
2026-07-27 16:27:54,-0.10
2026-07-27 16:29:04,0.30
2026-07-27 16:29:42,0.00
2026-07-27 16:30:21,0.40
2026-07-27 16:31:20,0.30
2026-07-27 16:32:09,0.00
2026-07-27 16:33:17,0.30
2026-07-27 16:35:13,-0.10
2026-07-27 16:36:12,0.30
2026-07-27 16:37:20,-0.10
2026-07-27 16:38:17,0.20
2026-07-27 16:39:36,-0.10
2026-07-27 16:40:25,0.30
2026-07-27 16:41:13,0.20
2026-07-27 16:41:33,-0.10
2026-07-27 16:43:00,0.20
2026-07-27 16:43:30,-0.10
2026-07-27 16:44:38,0.20
2026-07-27 16:45:07,-0.20
2026-07-27 16:46:06,0.20
2026-07-27 16:46:54,-0.10
2026-07-27 16:47:53,0.20
2026-07-27 16:48:02,-0.10
2026-07-27 16:49:21,0.10
2026-07-27 16:49:49,-0.20
2026-07-27 16:51:07,0.20
2026-07-27 16:51:56,-0.30
2026-07-27 16:53:03,0.20
2026-07-27 16:53:24,-0.10
2026-07-27 16:54:21,0.20
2026-07-27 16:55:02,-0.20
2026-07-27 16:56:09,0.30
2026-07-27 16:56:39,-0.10
2026-07-27 16:58:35,0.20
2026-07-27 16:58:44,-0.10
2026-07-27 16:59:24,0.20
2026-07-27 17:00:03,-0.20
2026-07-27 17:01:02,0.20
2026-07-27 17:01:31,-0.20
2026-07-27 17:02:48,0.10
2026-07-27 17:03:08,-0.20
2026-07-27 17:04:16,0.10
2026-07-27 17:05:35,0.00
2026-07-27 17:06:33,-0.10
2026-07-27 17:06:43,0.10
2026-07-27 17:08:00,-0.20
2026-07-27 17:09:28,-0.30
2026-07-27 17:09:48,0.10
2026-07-27 17:11:16,-0.30
2026-07-27 17:12:04,0.10
2026-07-27 17:13:32,-0.20
2026-07-27 17:14:21,0.10
2026-07-27 17:16:17,-0.20
2026-07-27 17:17:44,0.20
2026-07-27 17:18:43,-0.20
2026-07-27 17:19:12,0.10
2026-07-27 17:20:30,-0.30
2026-07-27 17:21:19,-0.20
2026-07-27 17:21:48,0.10
2026-07-27 17:22:37,0.00
2026-07-27 17:24:04,-0.20
2026-07-27 17:24:24,0.10
2026-07-27 17:26:40,-0.20
2026-07-27 17:27:38,-0.30
2026-07-27 17:28:17,0.10
2026-07-27 17:29:06,0.00
2026-07-27 17:30:05,-0.20
2026-07-27 17:32:11,0.10
2026-07-27 17:33:10,-0.30
2026-07-27 17:34:07,0.10
2026-07-27 17:35:05,-0.10
2026-07-27 17:35:35,-0.20
2026-07-27 17:35:45,0.10
2026-07-27 17:38:50,-0.30
2026-07-27 17:39:38,0.10
2026-07-27 17:40:28,-0.30
2026-07-27 17:40:37,0.10
2026-07-27 17:41:06,-0.30
2026-07-27 17:42:14,0.10
2026-07-27 17:42:43,-0.30
2026-07-27 17:44:01,-0.20
2026-07-27 17:44:50,0.10
2026-07-27 17:46:36,-0.30
2026-07-27 17:47:25,0.10
2026-07-27 17:47:55,-0.30
2026-07-27 17:49:51,0.10
2026-07-27 17:51:19,-0.20
2026-07-27 17:52:28,0.10
2026-07-27 17:53:46,-0.20
2026-07-27 17:53:55,0.10
2026-07-27 17:56:21,-0.20
2026-07-27 17:57:58,0.10
2026-07-27 17:59:16,-0.20
2026-07-27 17:59:46,0.10
2026-07-27 18:01:23,-0.30
2026-07-27 18:02:02,0.10
2026-07-27 18:02:12,-0.10
2026-07-27 18:03:39,0.00
2026-07-27 18:03:59,-0.30
2026-07-27 18:06:25,-0.20
2026-07-27 18:06:53,0.10
2026-07-27 18:08:02,-0.30
2026-07-27 18:09:00,0.00
2026-07-27 18:10:17,-0.20
2026-07-27 18:11:07,0.10
2026-07-27 18:11:55,0.00
2026-07-27 18:12:53,-0.20
2026-07-27 18:14:02,0.10
2026-07-27 18:14:21,-0.20
2026-07-27 18:15:10,0.10
2026-07-27 18:15:30,-0.40
2026-07-27 18:16:58,0.10
2026-07-27 18:17:36,-0.20
2026-07-27 18:18:44,0.10
2026-07-27 18:19:33,-0.30
2026-07-27 18:20:30,0.10
2026-07-27 18:21:39,-0.30
2026-07-27 18:21:49,-0.20
2026-07-27 18:22:48,0.10
2026-07-27 18:24:25,-0.30
2026-07-27 18:25:23,0.10
2026-07-27 18:25:33,-0.40
2026-07-27 18:27:10,-0.20
2026-07-27 18:27:29,0.00
2026-07-27 18:28:28,-0.30
2026-07-27 18:29:55,0.10
2026-07-27 18:30:05,0.00
2026-07-27 18:30:24,-0.30
2026-07-27 18:31:42,0.00
2026-07-27 18:33:10,-0.30
2026-07-27 18:33:29,0.00
2026-07-27 18:33:59,-0.30
2026-07-27 18:35:06,0.00
2026-07-27 18:35:46,-0.30
2026-07-27 18:37:14,0.00
2026-07-27 18:38:31,-0.40
2026-07-27 18:38:51,0.00
2026-07-27 18:39:59,-0.30
2026-07-27 18:41:07,0.00
2026-07-27 18:42:06,-0.30
2026-07-27 18:42:24,0.00
2026-07-27 18:44:12,-0.40
2026-07-27 18:45:01,0.00
2026-07-27 18:45:11,-0.30
2026-07-27 18:46:38,0.00
2026-07-27 18:46:48,-0.30
2026-07-27 18:48:15,0.00
2026-07-27 18:49:05,-0.30
2026-07-27 18:50:23,0.10
2026-07-27 18:50:33,-0.30
2026-07-27 18:51:30,0.00
2026-07-27 18:51:50,-0.20
2026-07-27 18:53:18,-0.40
2026-07-27 18:53:37,0.00
2026-07-27 18:55:05,0.10
2026-07-27 18:55:33,-0.50
2026-07-27 18:57:11,0.00
2026-07-27 18:57:41,-0.40
2026-07-27 18:58:10,-0.30
2026-07-27 18:58:48,0.00
2026-07-27 19:00:46,-0.40
2026-07-27 19:02:04,-0.10
2026-07-27 19:03:02,0.00
2026-07-27 19:03:12,-0.40
2026-07-27 19:04:40,-0.10
2026-07-27 19:05:38,-0.40
2026-07-27 19:06:46,0.00
2026-07-27 19:07:15,-0.40
2026-07-27 19:08:32,0.00
2026-07-27 19:09:12,-0.40
2026-07-27 19:09:41,0.00
2026-07-27 19:10:30,-0.30
2026-07-27 19:11:37,-0.10
2026-07-27 19:12:07,-0.40
2026-07-27 19:12:55,0.00
2026-07-27 19:13:05,-0.30
2026-07-27 19:14:33,-0.10
2026-07-27 19:14:52,-0.40
2026-07-27 19:16:39,0.00
2026-07-27 19:18:07,-0.20
2026-07-27 19:18:27,0.00
2026-07-27 19:20:04,-0.40
2026-07-27 19:20:53,0.10
2026-07-27 19:21:41,-0.40
2026-07-27 19:22:50,0.00
2026-07-27 19:23:18,-0.30
2026-07-27 19:24:36,-0.10
2026-07-27 19:25:25,-0.30
2026-07-27 19:26:33,-0.10
2026-07-27 19:27:31,-0.40
2026-07-27 19:28:11,-0.10
2026-07-27 19:29:09,-0.40
2026-07-27 19:29:58,-0.10
2026-07-27 19:30:08,-0.40
2026-07-27 19:32:03,-0.10
2026-07-27 19:32:53,-0.40
2026-07-27 19:34:50,0.00
2026-07-27 19:35:19,-0.40
2026-07-27 19:36:27,0.00
2026-07-27 19:38:04,-0.50
2026-07-27 19:38:24,0.00
2026-07-27 19:39:32,-0.40
2026-07-27 19:40:02,0.00
2026-07-27 19:41:10,-0.10
2026-07-27 19:41:39,-0.40
2026-07-27 19:44:05,0.00
2026-07-27 19:44:15,-0.30
2026-07-27 19:44:25,-0.10
2026-07-27 19:46:02,-0.30
2026-07-27 19:46:21,-0.10
2026-07-27 19:47:40,-0.40
2026-07-27 19:48:08,0.00
2026-07-27 19:49:17,-0.10
2026-07-27 19:50:06,-0.40
2026-07-27 19:51:04,-0.10
2026-07-27 19:51:33,-0.40
2026-07-27 19:52:31,-0.30
2026-07-27 19:53:11,0.00
2026-07-27 19:54:19,-0.40
2026-07-27 19:54:58,-0.10
2026-07-27 19:56:16,-0.30
2026-07-27 19:57:34,-0.10
2026-07-27 19:58:02,-0.40
2026-07-27 19:59:11,-0.10
2026-07-27 19:59:30,-0.40
2026-07-27 20:00:48,-0.50
2026-07-27 20:00:58,-0.10
2026-07-27 20:03:14,-0.50
2026-07-27 20:04:52,0.00
2026-07-27 20:05:31,-0.50
2026-07-27 20:06:39,-0.30
2026-07-27 20:06:58,-0.50
2026-07-27 20:07:27,-0.20
2026-07-27 20:08:16,-0.10
2026-07-27 20:09:34,-0.40
2026-07-27 20:09:53,-0.10
2026-07-27 20:11:12,-0.40
2026-07-27 20:11:30,-0.10
2026-07-27 20:13:28,-0.40
2026-07-27 20:13:48,-0.10
2026-07-27 20:13:57,-0.40
2026-07-27 20:15:05,-0.10
2026-07-27 20:17:02,-0.50
2026-07-27 20:17:21,-0.40
2026-07-27 20:17:51,-0.20
2026-07-27 20:20:07,-0.10
2026-07-27 20:20:16,-0.50
2026-07-27 20:21:06,-0.10
2026-07-27 20:21:54,-0.40
2026-07-27 20:22:43,-0.20
2026-07-27 20:24:11,-0.10
2026-07-27 20:24:30,-0.30
2026-07-27 20:25:48,-0.50
2026-07-27 20:26:26,-0.10
2026-07-27 20:28:14,-0.40
2026-07-27 20:28:52,-0.50
2026-07-27 20:30:10,0.00
2026-07-27 20:30:59,-0.40
2026-07-27 20:31:48,0.00
2026-07-27 20:32:37,-0.30
2026-07-27 20:34:14,0.00
2026-07-27 20:35:22,-0.40
2026-07-27 20:35:32,-0.10
2026-07-27 20:35:51,-0.40
2026-07-27 20:38:17,0.00
2026-07-27 20:38:27,-0.40
2026-07-27 20:38:47,-0.10
2026-07-27 20:39:06,-0.40
2026-07-27 20:40:53,-0.10
2026-07-27 20:41:03,-0.40
2026-07-27 20:42:02,-0.50
2026-07-27 20:42:11,-0.10
2026-07-27 20:43:39,-0.50
2026-07-27 20:44:08,-0.10
2026-07-27 20:46:15,-0.40
2026-07-27 20:47:23,-0.10
2026-07-27 20:47:33,-0.40
2026-07-27 20:48:51,-0.10
2026-07-27 20:49:39,-0.50
2026-07-27 20:50:37,0.00
2026-07-27 20:51:46,-0.40
2026-07-27 20:52:24,-0.10
2026-07-27 20:52:34,-0.40
2026-07-27 20:53:33,0.00
2026-07-27 20:53:42,-0.40
2026-07-27 20:56:18,-0.10
2026-07-27 20:57:37,-0.40
2026-07-27 20:58:44,-0.10
2026-07-27 20:59:05,-0.40
2026-07-27 21:00:42,-0.10
2026-07-27 21:01:30,-0.40
2026-07-27 21:01:59,-0.30
2026-07-27 21:02:19,-0.10
2026-07-27 21:04:05,-0.30
2026-07-27 21:05:13,-0.40
2026-07-27 21:05:53,0.00
2026-07-27 21:07:00,-0.10
2026-07-27 21:07:40,-0.40
2026-07-27 21:08:28,-0.50
2026-07-27 21:09:46,-0.10
2026-07-27 21:11:04,-0.40
2026-07-27 21:11:53,-0.30
2026-07-27 21:12:03,-0.10
2026-07-27 21:13:41,-0.40
2026-07-27 21:13:59,0.00
2026-07-27 21:15:18,-0.40
2026-07-27 21:15:56,-0.10
2026-07-27 21:16:45,-0.40
2026-07-27 21:17:23,-0.10
2026-07-27 21:18:22,-0.30
2026-07-27 21:18:32,-0.10
2026-07-27 21:19:59,-0.40
2026-07-27 21:20:48,0.00
2026-07-27 21:21:57,-0.10
2026-07-27 21:22:06,-0.40
2026-07-27 21:23:24,0.00
2026-07-27 21:24:32,-0.40
2026-07-27 21:25:12,-0.30
2026-07-27 21:25:21,0.00
2026-07-27 21:27:18,-0.40
2026-07-27 21:28:17,0.00
2026-07-27 21:29:25,-0.40
2026-07-27 21:30:22,-0.30
2026-07-27 21:30:43,0.00
2026-07-27 21:31:31,-0.30
2026-07-27 21:31:50,-0.10
2026-07-27 21:33:09,-0.40
2026-07-27 21:33:47,-0.10
2026-07-27 21:34:56,-0.30
2026-07-27 21:35:45,0.00
2026-07-27 21:36:33,-0.30
2026-07-27 21:36:43,0.00
2026-07-27 21:38:50,-0.40
2026-07-27 21:41:06,0.00
2026-07-27 21:41:26,-0.40
2026-07-27 21:41:45,-0.10
2026-07-27 21:43:03,-0.50
2026-07-27 21:43:22,0.00
2026-07-27 21:45:19,-0.40
2026-07-27 21:45:39,0.00
2026-07-27 21:47:16,-0.40
2026-07-27 21:48:24,-0.50
2026-07-27 21:49:12,0.00
2026-07-27 21:50:01,-0.40
2026-07-27 21:50:49,0.00
2026-07-27 21:52:47,-0.40
2026-07-27 21:53:26,0.00
2026-07-27 21:54:15,-0.30
2026-07-27 21:54:53,0.00
2026-07-27 21:55:22,-0.40
2026-07-27 21:56:40,0.00
2026-07-27 21:57:49,-0.40
2026-07-27 21:58:47,0.20
2026-07-27 21:59:26,-0.30
2026-07-27 21:59:56,-0.20
2026-07-27 22:00:25,0.00
2026-07-27 22:01:43,-0.30
2026-07-27 22:01:53,0.00
2026-07-27 22:02:51,-0.30
2026-07-27 22:03:20,0.10
2026-07-27 22:04:49,-0.30
2026-07-27 22:05:46,0.00
2026-07-27 22:07:04,0.10
2026-07-27 22:07:34,-0.30
2026-07-27 22:08:12,-0.10
2026-07-27 22:08:21,-0.30
2026-07-27 22:09:30,0.00
2026-07-27 22:10:18,-0.30
2026-07-27 22:11:46,0.00
2026-07-27 22:12:54,-0.30
2026-07-27 22:13:04,0.00
2026-07-27 22:14:32,-0.20
2026-07-27 22:14:42,0.00
2026-07-27 22:16:48,-0.30
2026-07-27 22:17:47,0.00
2026-07-27 22:17:57,-0.30
2026-07-27 22:19:34,0.00
2026-07-27 22:20:02,-0.20
2026-07-27 22:21:02,0.00
2026-07-27 22:22:10,-0.30
2026-07-27 22:22:48,0.10
2026-07-27 22:22:58,-0.20
2026-07-27 22:24:25,-0.30
2026-07-27 22:25:15,0.00
2026-07-27 22:26:32,0.10
2026-07-27 22:26:43,-0.30
2026-07-27 22:27:40,0.00
2026-07-27 22:28:38,-0.30
2026-07-27 22:30:15,0.00
2026-07-27 22:31:34,-0.30
2026-07-27 22:33:01,0.10
2026-07-27 22:33:11,-0.30
2026-07-27 22:34:20,0.00
2026-07-27 22:35:18,-0.30
2026-07-27 22:36:06,-0.20
2026-07-27 22:36:36,0.00
2026-07-27 22:38:13,-0.40
2026-07-27 22:40:10,-0.30
2026-07-27 22:40:29,0.20
2026-07-27 22:40:58,-0.30
2026-07-27 22:41:19,0.00
2026-07-27 22:42:36,0.10
2026-07-27 22:44:04,-0.40
2026-07-27 22:44:13,-0.30
2026-07-27 22:45:02,0.10
2026-07-27 22:46:00,0.00
2026-07-27 22:46:10,-0.30
2026-07-27 22:47:37,0.10
2026-07-27 22:48:07,-0.20
2026-07-27 22:49:35,-0.30
2026-07-27 22:49:54,0.00
2026-07-27 22:51:12,-0.30
2026-07-27 22:52:01,0.10
2026-07-27 22:53:00,-0.30
2026-07-27 22:54:18,0.10
2026-07-27 22:55:06,-0.40
2026-07-27 22:55:56,0.10
2026-07-27 22:56:05,-0.30
2026-07-27 22:57:33,0.10
2026-07-27 22:59:10,-0.20
2026-07-27 22:59:38,0.10
2026-07-27 23:01:25,-0.20
2026-07-27 23:02:05,0.20
2026-07-27 23:03:03,-0.40
2026-07-27 23:03:51,0.10
2026-07-27 23:04:31,-0.30
2026-07-27 23:05:58,-0.10
2026-07-27 23:06:37,0.10
2026-07-27 23:07:27,-0.20
2026-07-27 23:08:34,0.20
2026-07-27 23:08:54,-0.10
2026-07-27 23:09:23,0.20
2026-07-27 23:10:41,-0.30
2026-07-27 23:10:51,0.10
2026-07-27 23:12:18,-0.40
2026-07-27 23:12:47,0.20
2026-07-27 23:14:15,0.10
2026-07-27 23:15:04,-0.40
2026-07-27 23:15:52,0.10
2026-07-27 23:17:00,-0.50
2026-07-27 23:17:40,0.30
2026-07-27 23:17:50,-0.20
2026-07-27 23:18:48,0.10
2026-07-27 23:19:27,-0.40
2026-07-27 23:20:25,0.10
2026-07-27 23:20:45,-0.30
2026-07-27 23:22:13,-0.20
2026-07-27 23:23:20,0.30
2026-07-27 23:24:28,0.20
2026-07-27 23:25:08,-0.20
2026-07-27 23:25:27,-0.30
2026-07-27 23:25:56,0.10
2026-07-27 23:28:12,-0.40
2026-07-27 23:29:01,-0.10
2026-07-27 23:29:11,0.10
2026-07-27 23:30:38,-0.40
2026-07-27 23:31:56,0.20
2026-07-27 23:33:04,-0.30
2026-07-27 23:34:13,0.10
2026-07-27 23:34:22,-0.40
2026-07-27 23:35:31,-0.20
2026-07-27 23:35:50,0.20
2026-07-27 23:36:59,-0.20
2026-07-27 23:37:18,0.20
2026-07-27 23:38:35,0.10
2026-07-27 23:39:24,-0.30
2026-07-27 23:41:02,0.10
2026-07-27 23:41:31,-0.30
2026-07-27 23:42:10,0.10
2026-07-27 23:42:59,-0.20
2026-07-27 23:44:46,0.20
2026-07-27 23:45:25,-0.40
2026-07-27 23:46:33,0.20
2026-07-27 23:47:22,-0.40
2026-07-27 23:48:01,0.20
2026-07-27 23:48:40,0.10
2026-07-27 23:48:59,-0.20
2026-07-27 23:50:17,0.10
2026-07-27 23:50:27,-0.30
2026-07-27 23:51:54,0.10
2026-07-27 23:53:03,-0.20
2026-07-27 23:54:01,0.10
2026-07-27 23:56:36,-0.30
2026-07-27 23:57:16,0.20
2026-07-27 23:59:32,-0.20
2026-07-28 00:00:12,-0.10
2026-07-28 00:00:40,0.20
2026-07-28 00:01:49,0.10
2026-07-28 00:02:37,-0.30
2026-07-28 00:03:26,0.20
2026-07-28 00:03:45,-0.10
2026-07-28 00:05:13,-0.20
2026-07-28 00:05:32,0.10
2026-07-28 00:06:50,0.20
2026-07-28 00:07:39,-0.20
2026-07-28 00:08:47,0.20
2026-07-28 00:09:26,-0.20
2026-07-28 00:09:55,-0.30
2026-07-28 00:10:05,0.10
2026-07-28 00:12:40,-0.20
2026-07-28 00:13:30,0.20
2026-07-28 00:14:38,-0.20
2026-07-28 00:15:07,-0.30
2026-07-28 00:15:46,0.20
2026-07-28 00:16:53,0.30
2026-07-28 00:17:04,-0.20
2026-07-28 00:18:11,-0.10
2026-07-28 00:18:41,0.10
2026-07-28 00:19:48,-0.20
2026-07-28 00:20:38,0.20
2026-07-28 00:22:34,-0.20
2026-07-28 00:23:13,0.20
2026-07-28 00:24:41,-0.20
2026-07-28 00:24:51,-0.10
2026-07-28 00:25:01,0.10
2026-07-28 00:26:29,-0.30
2026-07-28 00:26:48,0.20
2026-07-28 00:28:06,0.10
2026-07-28 00:28:35,-0.20
2026-07-28 00:30:22,-0.30
2026-07-28 00:30:32,0.10
2026-07-28 00:32:39,-0.30
2026-07-28 00:33:27,0.20
2026-07-28 00:33:37,-0.30
2026-07-28 00:34:55,0.10
2026-07-28 00:36:03,-0.20
2026-07-28 00:36:52,-0.10
2026-07-28 00:37:30,0.20
2026-07-28 00:38:58,-0.30
2026-07-28 00:40:06,-0.10
2026-07-28 00:40:55,0.20
2026-07-28 00:41:43,-0.20
2026-07-28 00:41:53,0.10
2026-07-28 00:43:11,-0.20
2026-07-28 00:43:40,0.10
2026-07-28 00:44:39,-0.20
2026-07-28 00:45:08,0.10
2026-07-28 00:46:46,-0.30
2026-07-28 00:47:54,-0.20
2026-07-28 00:49:01,0.20
2026-07-28 00:49:31,-0.20
2026-07-28 00:49:41,0.10
2026-07-28 00:51:28,-0.10
2026-07-28 00:51:57,0.20
2026-07-28 00:53:05,-0.10
2026-07-28 00:53:24,0.20
2026-07-28 00:55:41,-0.20
2026-07-28 00:57:18,0.20
2026-07-28 00:58:17,-0.10
2026-07-28 00:59:34,-0.20
2026-07-28 00:59:44,0.10
2026-07-28 01:01:32,-0.20
2026-07-28 01:01:42,0.10
2026-07-28 01:02:59,0.20
2026-07-28 01:04:18,-0.30
2026-07-28 01:04:27,-0.10
2026-07-28 01:04:56,0.10
2026-07-28 01:06:14,-0.20
2026-07-28 01:06:53,0.10
2026-07-28 01:07:42,-0.20
2026-07-28 01:08:50,0.20
2026-07-28 01:09:19,-0.20
2026-07-28 01:10:38,0.20
2026-07-28 01:11:16,0.10
2026-07-28 01:12:04,-0.20
2026-07-28 01:13:23,0.20
2026-07-28 01:14:51,-0.10
2026-07-28 01:15:29,0.20
2026-07-28 01:16:18,-0.20
2026-07-28 01:16:37,0.20
2026-07-28 01:18:54,-0.20
2026-07-28 01:19:13,-0.10
2026-07-28 01:19:42,0.20
2026-07-28 01:21:29,0.10
2026-07-28 01:22:28,-0.20
2026-07-28 01:22:37,0.10
2026-07-28 01:22:57,-0.10
2026-07-28 01:24:15,-0.20
2026-07-28 01:24:35,0.20
2026-07-28 01:26:03,0.10
2026-07-28 01:27:01,-0.20
2026-07-28 01:27:50,0.10
2026-07-28 01:30:15,-0.30
2026-07-28 01:32:03,0.20
2026-07-28 01:32:13,-0.10
2026-07-28 01:33:10,0.20
2026-07-28 01:33:40,-0.20
2026-07-28 01:34:09,0.10
2026-07-28 01:34:28,-0.10
2026-07-28 01:35:56,0.20
2026-07-28 01:38:13,-0.20
2026-07-28 01:39:11,0.20
2026-07-28 01:41:08,-0.10
2026-07-28 01:41:17,0.20
2026-07-28 01:42:55,-0.20
2026-07-28 01:43:34,0.20
2026-07-28 01:44:22,-0.20
2026-07-28 01:44:52,0.20
2026-07-28 01:46:20,-0.20
2026-07-28 01:46:49,0.10
2026-07-28 01:48:26,-0.20
2026-07-28 01:48:36,0.20
2026-07-28 01:50:04,-0.20
2026-07-28 01:50:33,0.20
2026-07-28 01:51:32,-0.10
2026-07-28 01:52:30,-0.20
2026-07-28 01:52:59,0.20
2026-07-28 01:54:08,-0.20
2026-07-28 01:55:05,0.20
2026-07-28 01:55:36,0.10
2026-07-28 01:56:14,-0.20
2026-07-28 01:57:22,0.10
2026-07-28 01:57:31,-0.20
2026-07-28 01:58:50,0.20
2026-07-28 02:00:08,-0.20
2026-07-28 02:00:27,0.10
2026-07-28 02:00:57,-0.20
2026-07-28 02:02:44,0.10
2026-07-28 02:03:12,-0.20
2026-07-28 02:04:01,0.10
2026-07-28 02:04:22,-0.20
2026-07-28 02:05:29,0.10
2026-07-28 02:05:59,-0.20
2026-07-28 02:07:36,-0.30
2026-07-28 02:07:45,0.10
2026-07-28 02:08:44,-0.20
2026-07-28 02:10:02,0.20
2026-07-28 02:10:50,-0.30
2026-07-28 02:11:00,0.10
2026-07-28 02:12:28,-0.20
2026-07-28 02:12:47,0.10
2026-07-28 02:13:56,-0.20
2026-07-28 02:14:06,0.10
2026-07-28 02:15:33,-0.20
2026-07-28 02:17:00,0.20
2026-07-28 02:17:20,-0.20
2026-07-28 02:19:17,-0.10
2026-07-28 02:19:26,0.20
2026-07-28 02:20:15,-0.10
2026-07-28 02:20:26,0.10
2026-07-28 02:22:31,-0.20
2026-07-28 02:25:07,0.20
2026-07-28 02:25:55,-0.20
2026-07-28 02:27:33,0.00
2026-07-28 02:28:42,0.10
2026-07-28 02:28:51,-0.20
2026-07-28 02:30:19,0.10
2026-07-28 02:30:29,-0.20
2026-07-28 02:32:06,-0.10
2026-07-28 02:32:15,0.10
2026-07-28 02:33:34,0.20
2026-07-28 02:33:43,-0.20
2026-07-28 02:35:30,0.10
2026-07-28 02:35:49,-0.10
2026-07-28 02:36:48,0.10
2026-07-28 02:37:47,-0.20
2026-07-28 02:39:14,0.10
2026-07-28 02:41:39,-0.20
2026-07-28 02:41:49,0.10
2026-07-28 02:42:38,-0.20
2026-07-28 02:43:56,0.20
2026-07-28 02:45:05,0.10
2026-07-28 02:46:02,-0.20
2026-07-28 02:46:42,0.10
2026-07-28 02:48:00,-0.20
2026-07-28 02:49:08,-0.30
2026-07-28 02:49:18,0.10
2026-07-28 02:49:57,-0.20
2026-07-28 02:50:35,0.10
2026-07-28 02:52:52,0.20
2026-07-28 02:53:01,-0.20
2026-07-28 02:54:19,0.20
2026-07-28 02:54:29,-0.20
2026-07-28 02:55:28,0.10
2026-07-28 02:57:05,-0.10
2026-07-28 02:57:33,0.20
2026-07-28 02:58:23,0.10
2026-07-28 02:58:52,-0.10
2026-07-28 02:59:51,0.10
2026-07-28 03:01:19,-0.10
2026-07-28 03:01:48,-0.20
2026-07-28 03:02:16,0.10
2026-07-28 03:03:35,-0.20
2026-07-28 03:05:02,-0.30
2026-07-28 03:05:22,0.10
2026-07-28 03:07:00,-0.20
2026-07-28 03:07:57,0.10
2026-07-28 03:08:18,-0.20
2026-07-28 03:08:46,0.10
2026-07-28 03:10:43,-0.30
2026-07-28 03:12:50,0.10
2026-07-28 03:13:48,-0.20
2026-07-28 03:14:56,0.10
2026-07-28 03:16:34,-0.20
2026-07-28 03:16:43,0.10
2026-07-28 03:18:11,-0.20
2026-07-28 03:20:18,0.10
2026-07-28 03:20:28,-0.30
2026-07-28 03:21:46,-0.20
2026-07-28 03:22:15,0.00
2026-07-28 03:23:14,-0.30
2026-07-28 03:23:52,0.10
2026-07-28 03:25:00,0.00
2026-07-28 03:25:59,-0.30
2026-07-28 03:26:47,0.10
2026-07-28 03:28:05,-0.20
2026-07-28 03:28:24,0.40
2026-07-28 03:29:43,0.00
2026-07-28 03:30:13,-0.20
2026-07-28 03:31:20,0.20
2026-07-28 03:31:50,-0.10
2026-07-28 03:33:47,-0.20
2026-07-28 03:33:56,0.10
2026-07-28 03:35:33,-0.40
2026-07-28 03:35:53,0.20
2026-07-28 03:36:13,-0.30
2026-07-28 03:37:31,0.20
2026-07-28 03:37:50,0.10
2026-07-28 03:39:08,-0.40
2026-07-28 03:39:27,-0.30
2026-07-28 03:41:05,0.20
2026-07-28 03:41:23,0.10
2026-07-28 03:42:03,-0.20
2026-07-28 03:43:11,0.20
2026-07-28 03:44:00,-0.30
2026-07-28 03:44:29,0.10
2026-07-28 03:45:38,-0.30
2026-07-28 03:46:55,0.10
2026-07-28 03:47:04,-0.30
2026-07-28 03:48:23,-0.20
2026-07-28 03:48:41,0.10
2026-07-28 03:49:21,0.20
2026-07-28 03:49:50,-0.20
2026-07-28 03:51:37,0.00
2026-07-28 03:53:05,0.10
2026-07-28 03:54:13,-0.30
2026-07-28 03:55:02,0.10
2026-07-28 03:55:31,-0.30
2026-07-28 03:56:20,0.10
2026-07-28 03:57:18,-0.20
2026-07-28 03:57:37,0.10
2026-07-28 03:58:55,-0.20
2026-07-28 03:59:25,0.10
2026-07-28 04:01:22,-0.20
2026-07-28 04:03:28,0.10
2026-07-28 04:03:38,-0.20
2026-07-28 04:04:27,0.00
2026-07-28 04:04:45,-0.30
2026-07-28 04:07:21,0.10
2026-07-28 04:07:50,-0.30
2026-07-28 04:08:30,0.10
2026-07-28 04:09:28,0.00
2026-07-28 04:10:07,-0.30
2026-07-28 04:11:35,0.10
2026-07-28 04:11:54,-0.30
2026-07-28 04:12:43,0.10
2026-07-28 04:13:02,-0.20
2026-07-28 04:14:21,0.00
2026-07-28 04:15:18,-0.30
2026-07-28 04:16:36,0.10
2026-07-28 04:16:56,-0.30
2026-07-28 04:18:53,0.10
2026-07-28 04:19:21,0.00
2026-07-28 04:19:42,-0.30
2026-07-28 04:21:09,-0.20
2026-07-28 04:21:38,0.00
2026-07-28 04:22:56,-0.20
2026-07-28 04:24:04,-0.30
2026-07-28 04:25:02,0.00
2026-07-28 04:25:41,-0.20
2026-07-28 04:25:51,0.00
2026-07-28 04:27:19,-0.30
2026-07-28 04:27:38,0.00
2026-07-28 04:30:04,-0.30
2026-07-28 04:31:41,0.10
2026-07-28 04:32:29,0.00
2026-07-28 04:32:49,-0.30
2026-07-28 04:34:37,0.00
2026-07-28 04:36:43,-0.40
2026-07-28 04:38:01,0.10
2026-07-28 04:38:50,-0.30
2026-07-28 04:39:00,0.00
2026-07-28 04:39:58,-0.30
2026-07-28 04:41:25,0.00
2026-07-28 04:42:25,-0.30
2026-07-28 04:42:34,0.00
2026-07-28 04:44:30,-0.40
2026-07-28 04:45:39,-0.30
2026-07-28 04:46:08,0.00
2026-07-28 04:47:26,-0.40
2026-07-28 04:47:36,0.00
2026-07-28 04:49:32,-0.20
2026-07-28 04:50:31,-0.40
2026-07-28 04:50:51,0.00
2026-07-28 04:52:09,-0.30
2026-07-28 04:52:18,0.00
2026-07-28 04:53:56,-0.40
2026-07-28 04:54:05,0.00
2026-07-28 04:56:31,-0.20
2026-07-28 04:57:00,-0.30
2026-07-28 04:57:19,-0.10
2026-07-28 04:58:47,-0.30
2026-07-28 04:59:06,0.00
2026-07-28 05:01:14,-0.40
2026-07-28 05:02:41,0.00
2026-07-28 05:03:39,-0.20
2026-07-28 05:03:59,-0.40
2026-07-28 05:05:17,0.00
2026-07-28 05:05:45,-0.30
2026-07-28 05:07:04,0.00
2026-07-28 05:07:43,-0.40
2026-07-28 05:09:40,-0.10
2026-07-28 05:11:17,0.00
2026-07-28 05:11:37,-0.50
2026-07-28 05:11:56,0.00
2026-07-28 05:12:05,-0.30
2026-07-28 05:13:52,-0.40
2026-07-28 05:14:03,-0.10
2026-07-28 05:16:09,-0.40
2026-07-28 05:17:46,-0.10
2026-07-28 05:18:45,0.00
2026-07-28 05:19:33,-0.40
2026-07-28 05:20:12,-0.50
2026-07-28 05:21:21,0.00
2026-07-28 05:22:29,-0.30
2026-07-28 05:23:27,0.00
2026-07-28 05:24:36,-0.50
2026-07-28 05:25:04,-0.10
2026-07-28 05:25:24,-0.50
2026-07-28 05:26:42,-0.10
2026-07-28 05:27:40,-0.50
2026-07-28 05:28:39,-0.40
2026-07-28 05:28:49,-0.10
2026-07-28 05:30:17,0.00
2026-07-28 05:30:45,-0.40
2026-07-28 05:32:53,0.00
2026-07-28 05:33:21,-0.10
2026-07-28 05:33:32,-0.50
2026-07-28 05:35:37,0.00
2026-07-28 05:35:47,-0.30
2026-07-28 05:36:45,0.00
2026-07-28 05:37:54,-0.40
2026-07-28 05:39:22,0.00
2026-07-28 05:40:59,-0.30
2026-07-28 05:41:28,0.00
2026-07-28 05:41:38,-0.10
2026-07-28 05:42:46,-0.40
2026-07-28 05:43:15,-0.10
2026-07-28 05:43:34,-0.50
2026-07-28 05:44:53,-0.10
2026-07-28 05:45:12,-0.50
2026-07-28 05:46:58,0.00
2026-07-28 05:47:48,-0.50
2026-07-28 05:48:26,-0.40
2026-07-28 05:48:36,-0.20
2026-07-28 05:50:13,0.00
2026-07-28 05:50:23,-0.40
2026-07-28 05:51:51,-0.10
2026-07-28 05:52:39,-0.50
2026-07-28 05:53:19,-0.40
2026-07-28 05:53:28,-0.10
2026-07-28 05:55:15,-0.50
2026-07-28 05:55:35,-0.10
2026-07-28 05:56:53,-0.40
2026-07-28 05:58:11,-0.10
2026-07-28 05:59:29,-0.40
2026-07-28 06:00:27,0.00
2026-07-28 06:01:25,-0.40
2026-07-28 06:01:44,-0.10
2026-07-28 06:03:03,0.00
2026-07-28 06:03:13,-0.50
2026-07-28 06:05:00,-0.40
2026-07-28 06:05:30,-0.10
2026-07-28 06:06:48,0.00
2026-07-28 06:06:57,-0.40
2026-07-28 06:08:05,-0.50
2026-07-28 06:09:33,-0.10
2026-07-28 06:09:52,-0.40
2026-07-28 06:10:51,-0.10
2026-07-28 06:11:49,-0.40
2026-07-28 06:11:59,-0.10
2026-07-28 06:14:25,-0.50
2026-07-28 06:14:44,-0.10
2026-07-28 06:15:24,-0.50
2026-07-28 06:16:32,-0.10
2026-07-28 06:16:42,-0.50
2026-07-28 06:18:58,-0.10
2026-07-28 06:19:47,-0.20
2026-07-28 06:19:57,-0.40
2026-07-28 06:21:14,-0.10
2026-07-28 06:22:12,-0.40
2026-07-28 06:22:52,-0.20
2026-07-28 06:24:00,-0.50
2026-07-28 06:24:48,-0.60
2026-07-28 06:25:17,-0.20
2026-07-28 06:26:06,-0.50
2026-07-28 06:26:25,-0.20
2026-07-28 06:28:32,-0.10
2026-07-28 06:29:01,-0.50
2026-07-28 06:29:40,-0.60
2026-07-28 06:30:00,-0.20
2026-07-28 06:31:38,-0.40
2026-07-28 06:33:24,-0.10
2026-07-28 06:33:34,-0.50
2026-07-28 06:34:23,-0.40
2026-07-28 06:35:31,-0.10
2026-07-28 06:36:11,-0.40
2026-07-28 06:37:18,0.10
2026-07-28 06:38:06,-0.30
2026-07-28 06:38:16,0.00
2026-07-28 06:40:33,-0.40
2026-07-28 06:41:12,-0.50
2026-07-28 06:41:42,0.20
2026-07-28 06:42:39,-0.10
2026-07-28 06:43:29,-0.50
2026-07-28 06:44:17,-0.40
2026-07-28 06:44:27,0.20
2026-07-28 06:46:23,0.60
2026-07-28 06:47:32,-0.60
2026-07-28 06:47:42,0.60
2026-07-28 06:48:11,-0.60
2026-07-28 06:49:28,-0.70
2026-07-28 06:50:27,0.00
2026-07-28 06:51:15,-0.10
2026-07-28 06:51:26,-0.60
2026-07-28 06:52:43,0.10
2026-07-28 06:53:33,-0.60
2026-07-28 06:54:30,-0.50
2026-07-28 06:54:41,-0.10
2026-07-28 06:55:58,-0.60
2026-07-28 06:56:18,-0.20
2026-07-28 06:57:36,-0.60
2026-07-28 06:57:56,0.00
2026-07-28 06:59:33,-0.10
2026-07-28 07:00:31,-0.60
2026-07-28 07:01:59,-0.50
2026-07-28 07:02:09,-0.10
2026-07-28 07:02:57,-0.40
2026-07-28 07:03:56,0.00
2026-07-28 07:04:25,-0.10
2026-07-28 07:05:14,-0.60
2026-07-28 07:06:02,0.20
2026-07-28 07:06:22,-0.70
2026-07-28 07:06:31,-0.20
2026-07-28 07:07:10,-0.50
2026-07-28 07:07:19,0.00
2026-07-28 07:07:40,-0.60
2026-07-28 07:08:18,0.00
2026-07-28 07:09:37,-0.50
2026-07-28 07:10:35,0.00
2026-07-28 07:11:23,0.10
2026-07-28 07:12:02,-0.50
2026-07-28 07:12:42,-0.10
2026-07-28 07:13:00,-0.60
2026-07-28 07:14:28,0.00
2026-07-28 07:15:08,-0.50
2026-07-28 07:16:25,0.10
2026-07-28 07:17:24,0.00
2026-07-28 07:18:42,-0.40
2026-07-28 07:19:30,-0.30
2026-07-28 07:20:00,0.20
2026-07-28 07:20:39,-0.30
2026-07-28 07:21:56,0.20
2026-07-28 07:22:16,-0.30
2026-07-28 07:23:43,0.60
2026-07-28 07:23:54,0.70
2026-07-28 07:25:01,0.30
2026-07-28 07:25:31,0.60
2026-07-28 07:26:48,1.20
2026-07-28 07:27:18,1.10
2026-07-28 07:27:27,0.40
2026-07-28 07:29:04,0.70
2026-07-28 07:30:23,2.00
2026-07-28 07:30:42,2.10
2026-07-28 07:32:00,8.00
2026-07-28 07:32:10,8.60
2026-07-28 07:33:27,10.50
2026-07-28 07:33:47,12.00
2026-07-28 07:34:45,8.50
2026-07-28 07:35:34,7.20
2026-07-28 07:36:13,9.70
2026-07-28 07:37:31,9.40
2026-07-28 07:38:19,7.70
2026-07-28 07:39:28,11.30
2026-07-28 07:40:17,7.90
2026-07-28 07:41:25,6.00
2026-07-28 07:41:55,10.00
2026-07-28 07:42:04,10.30
2026-07-28 07:43:32,14.90
2026-07-28 07:43:50,17.40
2026-07-28 07:45:09,10.00
2026-07-28 07:45:38,9.30
2026-07-28 07:46:56,4.80
2026-07-28 07:47:26,5.00
2026-07-28 07:48:34,3.90
2026-07-28 07:49:22,4.80
2026-07-28 07:50:11,2.40
2026-07-28 07:50:50,3.20
2026-07-28 07:51:29,0.70
2026-07-28 07:52:36,0.10
2026-07-28 07:52:56,1.30
2026-07-28 07:53:55,0.30
2026-07-28 07:54:14,-0.10
2026-07-28 07:55:22,-0.40
2026-07-28 07:56:41,0.30
2026-07-28 07:56:59,0.20
2026-07-28 07:57:29,-0.30
2026-07-28 07:58:57,0.40
2026-07-28 07:59:36,-0.60
2026-07-28 08:00:25,0.20
2026-07-28 08:01:13,-0.30
2026-07-28 08:02:21,0.10
2026-07-28 08:03:19,-0.70
2026-07-28 08:03:49,-0.60
2026-07-28 08:04:08,-0.10
2026-07-28 08:05:26,-0.50
2026-07-28 08:05:45,-0.10
2026-07-28 08:07:03,-0.60
2026-07-28 08:07:13,-0.10
2026-07-28 08:08:50,0.60
2026-07-28 08:09:10,-0.80
2026-07-28 08:10:08,0.10
2026-07-28 08:10:18,-0.50
2026-07-28 08:12:44,0.00
2026-07-28 08:14:02,-0.60
2026-07-28 08:14:40,0.00
2026-07-28 08:15:01,-0.10
2026-07-28 08:16:38,-0.60
2026-07-28 08:17:46,-0.50
2026-07-28 08:18:16,0.00
2026-07-28 08:18:53,-0.10
2026-07-28 08:19:04,-0.40
2026-07-28 08:20:21,-0.60
2026-07-28 08:21:01,-0.20
2026-07-28 08:21:59,-0.60
2026-07-28 08:22:48,0.00
2026-07-28 08:23:16,-0.60
2026-07-28 08:23:36,-0.10
2026-07-28 08:25:34,-0.80
2026-07-28 08:26:02,-0.10
2026-07-28 08:26:42,-0.50
2026-07-28 08:27:01,-0.10
2026-07-28 08:28:38,-0.50
2026-07-28 08:29:17,-0.10
2026-07-28 08:30:15,-0.20
2026-07-28 08:30:26,-0.60
2026-07-28 08:32:03,-0.10
2026-07-28 08:33:02,-0.60
2026-07-28 08:33:50,-0.20
2026-07-28 08:35:18,-0.10
2026-07-28 08:35:47,-0.50
2026-07-28 08:36:45,0.00
2026-07-28 08:38:13,-0.50
2026-07-28 08:39:21,0.00
2026-07-28 08:40:29,0.60
2026-07-28 08:41:08,0.20
2026-07-28 08:41:48,0.00
2026-07-28 08:42:46,0.50
2026-07-28 08:43:05,0.30
2026-07-28 08:44:03,0.70
2026-07-28 08:44:52,0.80
2026-07-28 08:45:51,0.30
2026-07-28 08:46:39,0.60
2026-07-28 08:47:09,0.20
2026-07-28 08:48:17,0.70
2026-07-28 08:49:34,-0.10
2026-07-28 08:51:02,0.60
2026-07-28 08:51:42,0.20
2026-07-28 08:52:01,0.70
2026-07-28 08:53:48,0.50
2026-07-28 08:54:17,1.50
2026-07-28 08:54:47,1.70
2026-07-28 08:55:06,1.20
2026-07-28 08:56:34,1.10
2026-07-28 08:57:51,0.50
2026-07-28 08:58:02,0.90
2026-07-28 08:59:10,0.20
2026-07-28 09:00:38,0.90
2026-07-28 09:02:24,1.60
2026-07-28 09:03:03,1.20
2026-07-28 09:04:01,1.90
2026-07-28 09:04:31,2.10
2026-07-28 09:05:38,4.20
2026-07-28 09:06:28,3.60
2026-07-28 09:07:46,2.40
2026-07-28 09:08:05,2.60
2026-07-28 09:08:54,1.70
2026-07-28 09:09:33,1.80
2026-07-28 09:11:01,1.10
2026-07-28 09:11:29,1.30
2026-07-28 09:11:39,0.90
2026-07-28 09:14:15,1.40
2026-07-28 09:14:25,1.70
2026-07-28 09:15:52,2.80
2026-07-28 09:16:22,2.60
2026-07-28 09:17:30,2.00
2026-07-28 09:17:59,1.90
2026-07-28 09:18:19,2.40
2026-07-28 09:19:37,1.90
2026-07-28 09:20:15,1.00
2026-07-28 09:22:02,1.30
2026-07-28 09:22:23,0.70
2026-07-28 09:22:42,1.30
2026-07-28 09:23:50,0.60
2026-07-28 09:24:38,0.10
2026-07-28 09:24:48,0.80
2026-07-28 09:26:05,0.40
2026-07-28 09:27:14,1.30
2026-07-28 09:28:32,1.20
2026-07-28 09:28:52,1.90
2026-07-28 09:29:21,1.80
2026-07-28 09:30:09,2.40
2026-07-28 09:31:08,1.80
2026-07-28 09:31:56,2.50
2026-07-28 09:32:46,1.70
2026-07-28 09:33:44,3.30
2026-07-28 09:34:13,3.80
2026-07-28 09:35:41,8.30
2026-07-28 09:36:48,7.20
2026-07-28 09:37:09,8.60
2026-07-28 09:37:47,7.80
2026-07-28 09:38:55,10.20
2026-07-28 09:39:14,9.20
2026-07-28 09:40:14,8.30
2026-07-28 09:40:51,8.20
2026-07-28 09:42:19,6.20
2026-07-28 09:42:29,6.00
2026-07-28 09:43:57,2.60
2026-07-28 09:45:05,2.50
2026-07-28 09:45:15,1.80
2026-07-28 09:46:23,2.40
2026-07-28 09:47:13,1.90
2026-07-28 09:48:10,1.30
2026-07-28 09:48:50,2.00
2026-07-28 09:49:28,2.30
2026-07-28 09:49:58,1.60
2026-07-28 09:50:47,1.40
2026-07-28 09:51:26,2.00
2026-07-28 09:52:24,1.80
2026-07-28 09:53:42,0.50
2026-07-28 09:54:21,1.10
2026-07-28 09:54:41,0.40
2026-07-28 09:57:17,1.20
2026-07-28 09:57:36,1.00
2026-07-28 09:58:54,1.60
2026-07-28 09:59:13,1.90
2026-07-28 09:59:52,3.00
2026-07-28 10:00:41,2.50
2026-07-28 10:01:30,1.60
2026-07-28 10:03:27,0.80
2026-07-28 10:04:05,1.10
2026-07-28 10:04:25,0.80
2026-07-28 10:05:33,0.50
2026-07-28 10:07:10,1.80
2026-07-28 10:07:50,2.20
2026-07-28 10:08:09,1.40
2026-07-28 10:09:07,0.80
2026-07-28 10:10:05,2.00
2026-07-28 10:12:03,1.50
2026-07-28 10:12:13,1.70
2026-07-28 10:13:11,0.70
2026-07-28 10:14:09,0.90
2026-07-28 10:14:38,0.30
2026-07-28 10:16:06,0.00
2026-07-28 10:16:16,0.40
2026-07-28 10:17:44,0.20
2026-07-28 10:17:54,-0.10
2026-07-28 10:18:51,0.50
2026-07-28 10:19:40,0.00
2026-07-28 10:20:38,-0.20
2026-07-28 10:21:27,0.40
2026-07-28 10:22:36,0.00
2026-07-28 10:23:54,-0.20
2026-07-28 10:24:13,0.30
2026-07-28 10:25:50,0.40
2026-07-28 10:26:09,0.00
2026-07-28 10:27:18,-0.10
2026-07-28 10:28:36,0.50
2026-07-28 10:28:56,0.00
2026-07-28 10:29:45,0.40
2026-07-28 10:30:23,0.10
2026-07-28 10:31:50,0.50
2026-07-28 10:32:40,0.40
2026-07-28 10:33:00,0.00
2026-07-28 10:34:17,0.50
2026-07-28 10:35:26,0.30
2026-07-28 10:36:53,-0.20
2026-07-28 10:37:13,0.10
2026-07-28 10:38:31,-0.40
2026-07-28 10:39:00,-0.50
2026-07-28 10:39:49,0.10
2026-07-28 10:40:18,-0.50
2026-07-28 10:40:28,-0.10
2026-07-28 10:42:24,-0.30
2026-07-28 10:43:22,-0.60
2026-07-28 10:43:42,-0.30
2026-07-28 10:44:59,-0.70
2026-07-28 10:45:49,-0.20
2026-07-28 10:45:59,-0.80
2026-07-28 10:47:07,-0.70
2026-07-28 10:47:17,-0.20
2026-07-28 10:48:35,-0.30
2026-07-28 10:49:03,-0.70
2026-07-28 10:50:31,-0.30
2026-07-28 10:50:41,-0.70
2026-07-28 10:52:08,-0.20
2026-07-28 10:52:58,-0.80
2026-07-28 10:53:27,-0.70
2026-07-28 10:53:36,-0.30
2026-07-28 10:55:13,-0.70
2026-07-28 10:55:23,-0.20
2026-07-28 10:56:51,-0.60
2026-07-28 10:57:59,-0.20
2026-07-28 10:58:29,-0.40
2026-07-28 10:59:47,-0.70
2026-07-28 11:00:06,-0.30
2026-07-28 11:00:35,-0.80
2026-07-28 11:01:43,-0.70
2026-07-28 11:02:41,-0.30
2026-07-28 11:04:39,-0.80
2026-07-28 11:05:07,-0.30
2026-07-28 11:05:37,-0.70
2026-07-28 11:06:45,-0.60
2026-07-28 11:06:54,-0.20
2026-07-28 11:08:42,-0.30
2026-07-28 11:09:50,-0.50
2026-07-28 11:10:09,-0.30
2026-07-28 11:10:49,-0.60
2026-07-28 11:11:47,-0.30
2026-07-28 11:11:57,-0.70
2026-07-28 11:13:54,-0.40
2026-07-28 11:15:02,-0.30
2026-07-28 11:15:50,-0.60
2026-07-28 11:16:39,-0.20
2026-07-28 11:17:27,-0.80
2026-07-28 11:18:26,-0.40
2026-07-28 11:19:16,-0.70
2026-07-28 11:20:23,-0.20
2026-07-28 11:21:31,-0.80
2026-07-28 11:21:51,-0.30
2026-07-28 11:23:19,-0.70
2026-07-28 11:24:36,-0.30
2026-07-28 11:24:46,-0.70
2026-07-28 11:25:16,-0.30
2026-07-28 11:27:12,-0.70
2026-07-28 11:28:30,-0.60
2026-07-28 11:28:59,-0.30
2026-07-28 11:30:17,-0.60
2026-07-28 11:31:06,-0.20
2026-07-28 11:31:54,-0.60
2026-07-28 11:33:41,-0.10
2026-07-28 11:35:09,-0.20
2026-07-28 11:35:19,-0.60
2026-07-28 11:36:46,-0.20
2026-07-28 11:37:06,-0.60
2026-07-28 11:38:24,-0.20
2026-07-28 11:40:21,-0.50
2026-07-28 11:41:10,-0.20
2026-07-28 11:42:27,-0.50
2026-07-28 11:43:35,-0.20
2026-07-28 11:45:32,-0.50
2026-07-28 11:46:40,-0.20
2026-07-28 11:48:08,-0.60
2026-07-28 11:48:28,-0.20
2026-07-28 11:49:45,-0.10
2026-07-28 11:50:33,-0.50
2026-07-28 11:51:23,-0.30
2026-07-28 11:51:52,0.10
2026-07-28 11:53:01,-0.10
2026-07-28 11:53:48,0.30
2026-07-28 11:54:47,0.10
2026-07-28 11:55:36,0.70
2026-07-28 11:56:15,0.40
2026-07-28 11:56:54,0.80
2026-07-28 11:58:01,0.50
2026-07-28 11:58:51,-0.10
2026-07-28 12:00:28,-0.20
2026-07-28 12:00:47,0.50
2026-07-28 12:01:46,-0.40
2026-07-28 12:02:05,0.20
2026-07-28 12:02:44,-0.10
2026-07-28 12:04:11,1.50
2026-07-28 12:04:31,1.30
2026-07-28 12:05:19,0.30
2026-07-28 12:06:37,1.30
2026-07-28 12:07:07,0.40
2026-07-28 12:07:56,0.70
2026-07-28 12:08:24,0.00
2026-07-28 12:09:23,0.60
2026-07-28 12:10:41,0.00
2026-07-28 12:11:10,-0.20
2026-07-28 12:11:20,0.20
2026-07-28 12:14:14,-0.30
2026-07-28 12:14:45,0.00
2026-07-28 12:15:42,-0.70
2026-07-28 12:16:12,-0.50
2026-07-28 12:16:22,0.10
2026-07-28 12:17:50,-0.20
2026-07-28 12:18:00,-0.60
2026-07-28 12:19:55,-0.70
2026-07-28 12:20:25,0.00
2026-07-28 12:21:33,0.10
2026-07-28 12:21:43,-0.70
2026-07-28 12:22:32,0.20
2026-07-28 12:23:21,-0.30
2026-07-28 12:24:38,-0.60
2026-07-28 12:25:17,0.10
2026-07-28 12:26:06,-0.60
2026-07-28 12:26:45,0.30
2026-07-28 12:28:22,-0.70
2026-07-28 12:28:41,0.10
2026-07-28 12:29:11,0.20
2026-07-28 12:29:50,-0.50
2026-07-28 12:30:58,0.00
2026-07-28 12:31:27,-0.70
2026-07-28 12:32:26,0.10
2026-07-28 12:33:14,-0.40
2026-07-28 12:34:42,0.10
2026-07-28 12:35:31,-0.50
2026-07-28 12:36:39,0.50
2026-07-28 12:36:49,-0.40
2026-07-28 12:37:27,-0.50
2026-07-28 12:38:07,0.20
2026-07-28 12:39:15,-0.20
2026-07-28 12:40:33,0.80
2026-07-28 12:41:02,1.00
2026-07-28 12:41:41,0.10
2026-07-28 12:43:09,0.40
2026-07-28 12:43:18,-0.20
2026-07-28 12:44:17,-0.40
2026-07-28 12:44:27,0.10
2026-07-28 12:45:36,-0.30
2026-07-28 12:46:33,0.40
2026-07-28 12:48:01,-0.40
2026-07-28 12:49:09,0.20
2026-07-28 12:50:18,-0.50
2026-07-28 12:50:57,0.00
2026-07-28 12:51:55,-0.60
2026-07-28 12:52:14,0.20
2026-07-28 12:53:03,-0.80
2026-07-28 12:53:52,-0.50
2026-07-28 12:54:50,0.40
2026-07-28 12:55:39,-0.30
2026-07-28 12:57:07,1.20
2026-07-28 12:57:36,0.60
2026-07-28 12:58:05,1.40
2026-07-28 12:58:54,0.90
2026-07-28 12:59:53,0.20
2026-07-28 13:00:50,1.00
2026-07-28 13:01:20,-0.10
2026-07-28 13:02:08,0.80
2026-07-28 13:03:17,2.10
2026-07-28 13:04:15,1.40
2026-07-28 13:05:23,2.40
2026-07-28 13:05:53,5.80
2026-07-28 13:07:00,1.40
2026-07-28 13:07:11,1.60
2026-07-28 13:07:59,-0.30
2026-07-28 13:08:48,-0.60
2026-07-28 13:09:56,0.10
2026-07-28 13:11:34,-0.80
2026-07-28 13:11:43,0.20
2026-07-28 13:12:41,0.10
2026-07-28 13:12:51,-0.70
2026-07-28 13:14:18,0.00
2026-07-28 13:14:49,-0.60
2026-07-28 13:16:25,-0.10
2026-07-28 13:18:21,-0.70
2026-07-28 13:18:32,0.00
2026-07-28 13:18:51,-0.70
2026-07-28 13:19:11,-0.10
2026-07-28 13:20:29,0.10
2026-07-28 13:21:07,-0.60
2026-07-28 13:22:55,-0.80
2026-07-28 13:23:04,0.10
2026-07-28 13:24:02,-1.00
2026-07-28 13:25:11,0.00
2026-07-28 13:25:30,-0.80
2026-07-28 13:26:29,0.10
2026-07-28 13:27:28,-0.60
2026-07-28 13:28:16,-0.10
2026-07-28 13:29:15,0.00
2026-07-28 13:29:44,-0.60
2026-07-28 13:30:32,-0.50
2026-07-28 13:31:02,-0.10
2026-07-28 13:31:50,-0.40
2026-07-28 13:32:58,0.20
2026-07-28 13:33:28,-0.50
2026-07-28 13:34:07,0.20
2026-07-28 13:35:15,-0.10
2026-07-28 13:35:53,-0.40
2026-07-28 13:37:31,0.10
2026-07-28 13:38:59,0.20
2026-07-28 13:39:57,-0.40
2026-07-28 13:40:26,-0.10
2026-07-28 13:40:46,-0.40
2026-07-28 13:41:53,0.10
2026-07-28 13:42:24,-0.40
2026-07-28 13:44:49,0.10
2026-07-28 13:45:08,-0.20
2026-07-28 13:45:29,0.00
2026-07-28 13:47:55,-0.40
2026-07-28 13:48:43,0.10
2026-07-28 13:48:53,-0.40
2026-07-28 13:50:01,0.10
2026-07-28 13:50:30,-0.40
2026-07-28 13:52:07,-0.30
2026-07-28 13:52:17,0.10
2026-07-28 13:54:15,-0.30
2026-07-28 13:55:03,0.00
2026-07-28 13:55:22,-0.40
2026-07-28 13:56:40,0.20
2026-07-28 13:56:50,-0.30
2026-07-28 13:59:35,-0.20
2026-07-28 13:59:45,0.20
2026-07-28 13:59:55,0.00
2026-07-28 14:01:03,-0.20
2026-07-28 14:01:43,-0.40
2026-07-28 14:01:52,0.00
2026-07-28 14:03:10,0.10
2026-07-28 14:03:20,-0.40
2026-07-28 14:05:56,-0.30
2026-07-28 14:06:05,0.20
2026-07-28 14:07:03,-0.20
2026-07-28 14:07:51,0.10
2026-07-28 14:08:41,-0.30
2026-07-28 14:09:10,0.00
2026-07-28 14:10:18,0.10
2026-07-28 14:10:47,-0.40
2026-07-28 14:11:26,-0.30
2026-07-28 14:12:34,0.20
2026-07-28 14:13:23,-0.40
2026-07-28 14:14:32,0.20
2026-07-28 14:14:42,-0.10
2026-07-28 14:14:51,0.20
2026-07-28 14:16:28,-0.10
2026-07-28 14:17:47,0.30
2026-07-28 14:18:54,-0.10
2026-07-28 14:20:32,0.00
2026-07-28 14:21:10,0.40
2026-07-28 14:22:38,-0.10
2026-07-28 14:23:17,0.30
2026-07-28 14:24:16,-0.10
2026-07-28 14:25:14,0.40
2026-07-28 14:26:51,0.10
2026-07-28 14:27:31,0.40
2026-07-28 14:29:18,-0.10
2026-07-28 14:29:36,0.10
2026-07-28 14:30:06,0.40
2026-07-28 14:31:43,0.10
2026-07-28 14:33:31,0.50
2026-07-28 14:34:38,0.00
2026-07-28 14:35:08,0.40
2026-07-28 14:36:15,0.00
2026-07-28 14:36:36,0.40
2026-07-28 14:38:04,0.00
2026-07-28 14:38:52,0.40
2026-07-28 14:39:41,0.50
2026-07-28 14:40:39,0.10
2026-07-28 14:41:18,0.40
2026-07-28 14:42:07,0.00
2026-07-28 14:43:34,0.40
2026-07-28 14:43:54,0.00
2026-07-28 14:44:42,0.50
2026-07-28 14:45:01,0.10
2026-07-28 14:46:10,0.40
2026-07-28 14:47:17,0.10
2026-07-28 14:47:57,0.40
2026-07-28 14:48:45,-0.10
2026-07-28 14:49:44,0.30
2026-07-28 14:50:13,-0.10
2026-07-28 14:51:50,0.30
2026-07-28 14:52:10,-0.10
2026-07-28 14:53:08,-0.30
2026-07-28 14:53:27,0.30
2026-07-28 14:55:05,-0.10
2026-07-28 14:55:34,0.30
2026-07-28 14:56:03,-0.20
2026-07-28 14:56:13,0.20
2026-07-28 14:58:10,0.30
2026-07-28 14:58:39,-0.30
2026-07-28 14:59:18,0.10
2026-07-28 14:59:28,-0.30
2026-07-28 15:01:15,0.10
2026-07-28 15:01:44,-0.30
2026-07-28 15:03:31,0.20
2026-07-28 15:03:51,-0.20
2026-07-28 15:04:59,0.10
2026-07-28 15:05:09,-0.30
2026-07-28 15:06:46,0.10
2026-07-28 15:07:35,-0.30
2026-07-28 15:08:24,0.00
2026-07-28 15:10:40,-0.30
2026-07-28 15:12:17,0.20
2026-07-28 15:13:07,-0.30
2026-07-28 15:13:26,0.20
2026-07-28 15:14:15,-0.20
2026-07-28 15:14:35,0.10
2026-07-28 15:16:40,-0.10
2026-07-28 15:17:39,0.20
2026-07-28 15:17:49,-0.20
2026-07-28 15:19:36,0.20
2026-07-28 15:20:54,0.10
2026-07-28 15:21:43,-0.30
2026-07-28 15:23:01,0.20
2026-07-28 15:23:50,-0.30
2026-07-28 15:24:29,0.20
2026-07-28 15:25:57,-0.30
2026-07-28 15:26:16,0.10
2026-07-28 15:27:44,0.30
2026-07-28 15:28:12,-0.20
2026-07-28 15:30:00,0.30
2026-07-28 15:30:20,-0.20
2026-07-28 15:31:27,0.20
2026-07-28 15:33:25,-0.20
2026-07-28 15:34:13,0.20
2026-07-28 15:36:10,-0.20
2026-07-28 15:37:48,-0.30
2026-07-28 15:37:58,0.10
2026-07-28 15:39:06,0.00
2026-07-28 15:40:13,-0.40
2026-07-28 15:40:34,-0.30
2026-07-28 15:41:02,0.10
2026-07-28 15:42:11,-0.20
2026-07-28 15:42:49,0.10
2026-07-28 15:43:49,0.00
2026-07-28 15:43:58,-0.30
2026-07-28 15:45:54,0.10
2026-07-28 15:47:22,-0.30
2026-07-28 15:47:52,0.00
2026-07-28 15:49:09,0.10
2026-07-28 15:49:19,-0.30
2026-07-28 15:51:55,0.10
2026-07-28 15:52:04,-0.20
2026-07-28 15:52:24,0.10
2026-07-28 15:54:21,0.20
2026-07-28 15:55:10,-0.30
2026-07-28 15:56:57,0.30
2026-07-28 15:57:16,0.10
2026-07-28 15:57:25,-0.30
2026-07-28 15:59:02,-0.20
2026-07-28 16:00:02,0.30
2026-07-28 16:00:40,-0.60
2026-07-28 16:01:49,0.30
2026-07-28 16:01:58,-0.20
2026-07-28 16:02:28,0.20
2026-07-28 16:04:15,-0.20
2026-07-28 16:04:43,0.10
2026-07-28 16:05:52,-0.30
2026-07-28 16:06:11,0.10
2026-07-28 16:07:48,-0.30
2026-07-28 16:09:26,0.10
2026-07-28 16:11:43,-0.30
2026-07-28 16:12:50,-0.20
2026-07-28 16:13:01,0.20
2026-07-28 16:13:39,-0.10
2026-07-28 16:13:49,0.10
2026-07-28 16:15:16,-0.20
2026-07-28 16:15:56,0.10
2026-07-28 16:17:43,-0.20
2026-07-28 16:19:01,0.10
2026-07-28 16:19:40,-0.30
2026-07-28 16:20:29,0.10
2026-07-28 16:21:18,-0.40
2026-07-28 16:22:06,0.20
2026-07-28 16:22:45,-0.20
2026-07-28 16:23:24,0.10
2026-07-28 16:23:44,-0.20
2026-07-28 16:25:50,0.00
2026-07-28 16:26:58,0.10
2026-07-28 16:27:18,-0.20
2026-07-28 16:29:05,0.20
2026-07-28 16:30:13,-0.20
2026-07-28 16:31:21,0.20
2026-07-28 16:31:41,0.10
2026-07-28 16:32:00,-0.30
2026-07-28 16:33:47,-0.20
2026-07-28 16:34:26,0.20
2026-07-28 16:35:15,0.10
2026-07-28 16:36:04,-0.30
2026-07-28 16:36:52,-0.20
2026-07-28 16:38:10,0.20
2026-07-28 16:38:29,-0.30
2026-07-28 16:39:37,0.20
2026-07-28 16:40:37,-0.20
2026-07-28 16:41:15,0.20
2026-07-28 16:41:54,0.00
2026-07-28 16:42:14,-0.20
2026-07-28 16:43:31,0.10
2026-07-28 16:43:52,-0.20
2026-07-28 16:44:59,0.20
2026-07-28 16:45:57,-0.20
2026-07-28 16:46:46,0.20
2026-07-28 16:46:55,-0.10
2026-07-28 16:48:14,0.20
2026-07-28 16:48:24,-0.20
2026-07-28 16:50:30,0.10
2026-07-28 16:51:47,0.20
2026-07-28 16:52:08,-0.20
2026-07-28 16:53:15,0.20
2026-07-28 16:54:04,-0.30
2026-07-28 16:54:52,-0.20
2026-07-28 16:55:13,0.10
2026-07-28 16:56:30,-0.20
2026-07-28 16:57:58,0.10
2026-07-28 16:58:27,-0.10
2026-07-28 16:59:45,0.10
2026-07-28 17:00:14,-0.20
2026-07-28 17:02:01,0.10
2026-07-28 17:02:41,-0.30
2026-07-28 17:03:38,0.10
2026-07-28 17:03:58,-0.20
2026-07-28 17:05:26,0.00
2026-07-28 17:06:04,-0.30
2026-07-28 17:06:44,0.10
2026-07-28 17:08:12,-0.30
2026-07-28 17:08:50,0.00
2026-07-28 17:09:49,0.10
2026-07-28 17:09:59,-0.30
2026-07-28 17:12:04,0.20
2026-07-28 17:12:15,-0.30
2026-07-28 17:13:32,0.10
2026-07-28 17:14:21,-0.20
2026-07-28 17:15:59,0.10
2026-07-28 17:16:37,0.20
2026-07-28 17:17:26,-0.20
2026-07-28 17:18:15,0.00
2026-07-28 17:18:34,-0.20
2026-07-28 17:19:33,-0.30
2026-07-28 17:20:12,0.10
2026-07-28 17:21:59,-0.20
2026-07-28 17:22:58,0.10
2026-07-28 17:23:17,-0.30
2026-07-28 17:25:23,-0.40
2026-07-28 17:25:33,0.10
2026-07-28 17:26:40,-0.40
2026-07-28 17:27:11,0.10
2026-07-28 17:27:50,0.00
2026-07-28 17:28:18,-0.20
2026-07-28 17:29:56,0.00
2026-07-28 17:30:26,-0.30
2026-07-28 17:31:04,0.00
2026-07-28 17:31:24,-0.30
2026-07-28 17:34:10,0.10
2026-07-28 17:34:39,0.00
2026-07-28 17:34:59,-0.30
2026-07-28 17:36:17,0.00
2026-07-28 17:37:44,-0.20
2026-07-28 17:38:03,0.00
2026-07-28 17:40:19,-0.30
2026-07-28 17:41:08,0.00
2026-07-28 17:41:57,-0.30
2026-07-28 17:42:55,-0.20
2026-07-28 17:43:05,0.00
2026-07-28 17:45:21,-0.30
2026-07-28 17:46:00,0.00
2026-07-28 17:46:30,-0.30
2026-07-28 17:47:38,0.00
2026-07-28 17:48:26,-0.30
2026-07-28 17:49:35,0.00
2026-07-28 17:51:13,0.10
2026-07-28 17:51:31,-0.30
2026-07-28 17:52:40,0.00
2026-07-28 17:53:09,-0.30
2026-07-28 17:54:17,0.00
2026-07-28 17:54:27,-0.30
2026-07-28 17:56:05,0.00
2026-07-28 17:57:12,-0.30
2026-07-28 17:57:31,-0.40
2026-07-28 17:57:52,0.00
2026-07-28 17:59:30,-0.30
2026-07-28 17:59:39,0.00
2026-07-28 18:00:58,-0.20
2026-07-28 18:02:25,0.10
2026-07-28 18:02:44,-0.30
2026-07-28 18:04:22,-0.10
2026-07-28 18:05:50,0.00
2026-07-28 18:05:59,-0.30
2026-07-28 18:07:56,0.00
2026-07-28 18:09:33,0.10
2026-07-28 18:09:43,-0.30
2026-07-28 18:11:01,0.00
2026-07-28 18:13:36,0.10
2026-07-28 18:14:25,0.00
2026-07-28 18:14:54,-0.30
2026-07-28 18:16:12,0.00
2026-07-28 18:16:42,-0.30
2026-07-28 18:17:31,0.00
2026-07-28 18:18:59,-0.30
2026-07-28 18:19:27,0.00
2026-07-28 18:20:36,-0.10
2026-07-28 18:20:45,0.00
2026-07-28 18:23:40,-0.30
2026-07-28 18:24:40,-0.40
2026-07-28 18:24:49,0.00
2026-07-28 18:26:45,-0.40
2026-07-28 18:27:15,-0.30
2026-07-28 18:27:25,0.00
2026-07-28 18:28:53,-0.30
2026-07-28 18:29:02,0.10
2026-07-28 18:31:58,-0.30
2026-07-28 18:32:46,0.10
2026-07-28 18:33:25,-0.30
2026-07-28 18:33:53,0.00
2026-07-28 18:34:24,-0.10
2026-07-28 18:35:31,-0.20
2026-07-28 18:36:40,0.10
2026-07-28 18:37:09,-0.20
2026-07-28 18:37:58,0.10
2026-07-28 18:39:16,-0.20
2026-07-28 18:39:44,0.10
2026-07-28 18:41:42,-0.40
2026-07-28 18:42:02,0.00
2026-07-28 18:42:59,-0.30
2026-07-28 18:43:48,0.10
2026-07-28 18:44:17,-0.20
2026-07-28 18:45:35,-0.30
2026-07-28 18:46:14,0.00
2026-07-28 18:47:02,-0.30
2026-07-28 18:47:13,0.00
2026-07-28 18:49:20,-0.30
2026-07-28 18:49:58,0.10
2026-07-28 18:50:38,-0.20
2026-07-28 18:52:34,0.40
2026-07-28 18:52:43,-0.10
2026-07-28 18:53:52,0.10
2026-07-28 18:54:11,1.90
2026-07-28 18:55:20,1.40
2026-07-28 18:56:09,0.60
2026-07-28 18:56:57,0.90
2026-07-28 18:58:15,-0.10
2026-07-28 18:59:03,0.00
2026-07-28 18:59:24,-0.50
2026-07-28 19:00:11,-0.40
2026-07-28 19:00:21,0.00
2026-07-28 19:02:39,-0.50
2026-07-28 19:03:37,-0.10
2026-07-28 19:04:44,-0.40
2026-07-28 19:05:24,-0.10
2026-07-28 19:06:02,-0.50
2026-07-28 19:07:01,-0.10
2026-07-28 19:08:47,-0.40
2026-07-28 19:10:06,-0.10
2026-07-28 19:10:34,-0.50
2026-07-28 19:11:44,-0.40
2026-07-28 19:12:12,-0.10
2026-07-28 19:14:38,-0.30
2026-07-28 19:16:36,-0.10
2026-07-28 19:16:55,-0.40
2026-07-28 19:17:05,-0.10
2026-07-28 19:18:52,-0.30
2026-07-28 19:19:41,0.00
2026-07-28 19:20:19,-0.10
2026-07-28 19:20:58,-0.40
2026-07-28 19:22:16,-0.50
2026-07-28 19:22:26,-0.10
2026-07-28 19:24:23,-0.50
2026-07-28 19:25:22,-0.20
2026-07-28 19:25:41,-0.50
2026-07-28 19:27:09,-0.10
2026-07-28 19:27:57,-0.40
2026-07-28 19:28:17,-0.10
2026-07-28 19:28:26,-0.40
2026-07-28 19:30:24,-0.10
2026-07-28 19:31:22,-0.50
2026-07-28 19:32:01,-0.10
2026-07-28 19:32:40,-0.40
2026-07-28 19:33:57,-0.50
2026-07-28 19:34:47,-0.10
2026-07-28 19:35:06,-0.20
2026-07-28 19:35:35,-0.50
2026-07-28 19:36:33,-0.40
2026-07-28 19:36:43,-0.20
2026-07-28 19:38:31,-0.10
2026-07-28 19:39:10,-0.50
2026-07-28 19:40:08,-0.20
2026-07-28 19:41:25,-0.10
2026-07-28 19:42:14,-0.40
2026-07-28 19:43:13,-0.20
2026-07-28 19:43:24,-0.50
2026-07-28 19:45:10,-0.20
2026-07-28 19:46:47,-0.50
2026-07-28 19:47:26,-0.10
2026-07-28 19:48:34,-0.20
2026-07-28 19:48:44,-0.60
2026-07-28 19:49:42,-0.50
2026-07-28 19:50:32,-0.20
2026-07-28 19:52:28,-0.50
2026-07-28 19:53:07,-0.10
2026-07-28 19:53:47,-0.40
2026-07-28 19:55:23,-0.50
2026-07-28 19:55:33,-0.20
2026-07-28 19:57:39,-0.40
2026-07-28 19:58:00,-0.20
2026-07-28 19:58:57,-0.50
2026-07-28 19:59:46,-0.20
2026-07-28 20:00:15,-0.50
2026-07-28 20:02:32,-0.10
2026-07-28 20:03:10,-0.50
2026-07-28 20:04:00,-0.10
2026-07-28 20:04:38,-0.20
2026-07-28 20:04:58,-0.50
2026-07-28 20:06:46,-0.10
2026-07-28 20:07:14,-0.50
2026-07-28 20:07:54,-0.10
2026-07-28 20:08:23,-0.50
2026-07-28 20:09:31,-0.10
2026-07-28 20:09:41,-0.50
2026-07-28 20:11:18,-0.40
2026-07-28 20:11:37,-0.10
2026-07-28 20:12:46,-0.50
2026-07-28 20:13:15,0.00
2026-07-28 20:15:02,-0.10
2026-07-28 20:15:32,-0.40
2026-07-28 20:16:20,-0.50
2026-07-28 20:17:19,-0.20
2026-07-28 20:17:47,-0.50
2026-07-28 20:17:57,-0.10
2026-07-28 20:19:25,-0.20
2026-07-28 20:20:04,-0.50
2026-07-28 20:21:23,-0.20
2026-07-28 20:23:09,-0.10
2026-07-28 20:23:58,-0.50
2026-07-28 20:24:46,-0.10
2026-07-28 20:25:36,-0.50
2026-07-28 20:27:03,-0.10
2026-07-28 20:27:51,-0.40
2026-07-28 20:28:01,-0.10
2026-07-28 20:29:18,-0.40
2026-07-28 20:29:29,0.00
2026-07-28 20:31:26,-0.40
2026-07-28 20:31:36,-0.10
2026-07-28 20:33:22,-0.40
2026-07-28 20:34:31,-0.10
2026-07-28 20:35:19,-0.40
2026-07-28 20:36:47,-0.10
2026-07-28 20:37:55,-0.50
2026-07-28 20:38:35,-0.10
2026-07-28 20:40:12,-0.40
2026-07-28 20:41:09,-0.50
2026-07-28 20:41:29,-0.10
2026-07-28 20:42:28,0.00
2026-07-28 20:42:38,-0.50
2026-07-28 20:44:34,-0.40
2026-07-28 20:45:04,-0.10
2026-07-28 20:46:02,-0.30
2026-07-28 20:46:31,0.00
2026-07-28 20:47:40,-0.30
2026-07-28 20:47:49,0.00
2026-07-28 20:49:26,-0.30
2026-07-28 20:50:25,0.20
2026-07-28 20:51:23,-0.10
2026-07-28 20:52:13,0.30
2026-07-28 20:53:50,0.00
2026-07-28 20:53:59,0.40
2026-07-28 20:54:28,0.20
2026-07-28 20:55:07,-0.20
2026-07-28 20:55:46,0.20
2026-07-28 20:56:06,-0.20
2026-07-28 20:57:53,0.20
2026-07-28 20:58:12,0.30
2026-07-28 20:59:01,0.40
2026-07-28 20:59:49,-0.20
2026-07-28 21:00:48,-0.30
2026-07-28 21:00:57,0.00
2026-07-28 21:03:04,-0.40
2026-07-28 21:03:24,0.10
2026-07-28 21:04:03,-0.10
2026-07-28 21:05:12,-0.30
2026-07-28 21:05:49,0.00
2026-07-28 21:06:39,-0.40
2026-07-28 21:07:57,0.00
2026-07-28 21:08:26,-0.40
2026-07-28 21:10:03,-0.30
2026-07-28 21:10:12,-0.10
2026-07-28 21:11:02,-0.50
2026-07-28 21:12:00,0.00
2026-07-28 21:12:39,-0.50
2026-07-28 21:13:18,0.00
2026-07-28 21:14:45,-0.40
2026-07-28 21:15:44,-0.30
2026-07-28 21:16:22,0.00
2026-07-28 21:17:31,-0.30
2026-07-28 21:17:41,0.00
2026-07-28 21:18:59,-0.10
2026-07-28 21:20:07,-0.40
2026-07-28 21:20:46,-0.10
2026-07-28 21:21:06,-0.30
2026-07-28 21:22:14,-0.40
2026-07-28 21:22:24,-0.20
2026-07-28 21:24:11,-0.10
2026-07-28 21:25:18,-0.40
2026-07-28 21:25:39,-0.10
2026-07-28 21:26:07,-0.40
2026-07-28 21:27:55,-0.10
2026-07-28 21:29:42,-0.20
2026-07-28 21:30:11,-0.50
2026-07-28 21:30:59,-0.10
2026-07-28 21:32:48,-0.50
2026-07-28 21:33:36,-0.40
2026-07-28 21:34:05,-0.10
2026-07-28 21:36:30,-0.40
2026-07-28 21:37:20,-0.10
2026-07-28 21:38:48,-0.30
2026-07-28 21:38:57,-0.10
2026-07-28 21:40:15,0.00
2026-07-28 21:40:43,-0.40
2026-07-28 21:42:21,-0.10
2026-07-28 21:42:41,-0.40
2026-07-28 21:43:49,-0.10
2026-07-28 21:44:38,-0.40
2026-07-28 21:45:56,0.10
2026-07-28 21:46:06,-0.40
2026-07-28 21:47:24,-0.10
2026-07-28 21:48:12,-0.50
2026-07-28 21:48:41,-0.10
2026-07-28 21:49:59,-0.40
2026-07-28 21:50:09,-0.10
2026-07-28 21:51:06,-0.40
2026-07-28 21:52:16,-0.50
2026-07-28 21:52:25,-0.10
2026-07-28 21:53:24,-0.20
2026-07-28 21:53:42,-0.40
2026-07-28 21:56:29,-0.10
2026-07-28 21:57:27,-0.40
2026-07-28 21:58:06,-0.10
2026-07-28 21:58:34,-0.40
2026-07-28 21:58:45,-0.10
2026-07-28 22:01:20,-0.50
2026-07-28 22:02:00,-0.40
2026-07-28 22:02:48,0.00
2026-07-28 22:04:05,-0.40
2026-07-28 22:05:15,-0.10
2026-07-28 22:05:24,-0.50
2026-07-28 22:06:52,0.00
2026-07-28 22:08:09,-0.40
2026-07-28 22:08:19,0.00
2026-07-28 22:09:46,-0.40
2026-07-28 22:09:56,-0.10
2026-07-28 22:10:56,-0.40
2026-07-28 22:11:44,-0.30
2026-07-28 22:11:53,0.00
2026-07-28 22:13:41,-0.10
2026-07-28 22:13:50,-0.30
2026-07-28 22:15:47,0.00
2026-07-28 22:17:14,-0.40
2026-07-28 22:17:34,0.00
2026-07-28 22:19:11,-0.40
2026-07-28 22:19:31,0.20
2026-07-28 22:21:18,-0.30
2026-07-28 22:21:28,-0.10
2026-07-28 22:22:45,0.20
2026-07-28 22:23:14,-0.10
2026-07-28 22:23:54,0.30
2026-07-28 22:25:41,-0.30
2026-07-28 22:26:09,0.20
2026-07-28 22:26:49,0.10
2026-07-28 22:27:57,0.70
2026-07-28 22:29:04,0.60
2026-07-28 22:29:35,0.10
2026-07-28 22:30:13,0.70
2026-07-28 22:31:41,0.40
2026-07-28 22:32:00,0.00
2026-07-28 22:33:18,0.40
2026-07-28 22:34:36,0.00
2026-07-28 22:35:05,0.30
2026-07-28 22:35:15,-0.10
2026-07-28 22:36:23,-0.20
2026-07-28 22:36:42,0.10
2026-07-28 22:38:00,-0.30
2026-07-28 22:38:10,0.10
2026-07-28 22:40:26,-0.20
2026-07-28 22:40:36,0.30
2026-07-28 22:41:15,0.40
2026-07-28 22:42:13,0.00
2026-07-28 22:43:31,0.10
2026-07-28 22:44:11,0.30
2026-07-28 22:44:40,-0.10
2026-07-28 22:45:09,0.40
2026-07-28 22:46:17,0.50
2026-07-28 22:47:35,-0.10
2026-07-28 22:47:54,0.00
2026-07-28 22:49:22,0.50
2026-07-28 22:49:41,0.20
2026-07-28 22:50:21,0.90
2026-07-28 22:51:48,0.80
2026-07-28 22:52:27,1.30
2026-07-28 22:53:07,1.50
2026-07-28 22:54:04,0.70
2026-07-28 22:55:32,0.90
2026-07-28 22:56:01,0.20
2026-07-28 22:56:21,0.00
2026-07-28 22:56:31,0.50
2026-07-28 22:57:58,0.20
2026-07-28 22:58:47,0.70
2026-07-28 22:59:45,1.00
2026-07-28 23:00:34,0.30
2026-07-28 23:01:03,0.20
2026-07-28 23:02:21,-0.30
2026-07-28 23:04:17,0.10
2026-07-28 23:04:47,-0.20
2026-07-28 23:05:26,0.20
2026-07-28 23:06:34,0.10
2026-07-28 23:06:44,-0.30
2026-07-28 23:08:31,0.10
2026-07-28 23:09:00,-0.30
2026-07-28 23:09:39,0.00
2026-07-28 23:10:58,-0.30
2026-07-28 23:11:07,-0.10
2026-07-28 23:12:44,-0.30
2026-07-28 23:14:02,0.00
2026-07-28 23:15:01,-0.30
2026-07-28 23:16:09,0.00
2026-07-28 23:17:16,-0.30
2026-07-28 23:17:46,0.00
2026-07-28 23:20:42,-0.40
2026-07-28 23:20:52,0.00
2026-07-28 23:21:30,-0.30
2026-07-28 23:22:48,0.00
2026-07-28 23:23:27,-0.30
2026-07-28 23:24:25,0.00
2026-07-28 23:24:55,-0.30
2026-07-28 23:26:52,0.10
2026-07-28 23:27:30,0.00
2026-07-28 23:28:00,-0.20
2026-07-28 23:29:38,-0.30
2026-07-28 23:30:25,0.10
2026-07-28 23:30:45,-0.30
2026-07-28 23:31:34,0.00
2026-07-28 23:32:52,-0.30
2026-07-28 23:34:48,0.00
2026-07-28 23:36:36,-0.30
2026-07-28 23:37:34,0.00
2026-07-28 23:38:13,-0.30
2026-07-28 23:39:21,0.00
2026-07-28 23:40:10,-0.40
2026-07-28 23:41:09,0.10
2026-07-28 23:41:48,-0.20
2026-07-28 23:42:46,0.00
2026-07-28 23:44:14,0.10
2026-07-28 23:45:02,-0.40
2026-07-28 23:45:52,-0.20
2026-07-28 23:46:29,0.10
2026-07-28 23:47:48,-0.30
2026-07-28 23:49:06,0.10
2026-07-28 23:49:34,-0.20
2026-07-28 23:50:33,0.10
2026-07-28 23:50:52,-0.20
2026-07-28 23:53:38,0.10
2026-07-28 23:54:07,-0.30
2026-07-28 23:54:56,0.10
2026-07-28 23:55:45,-0.20
2026-07-28 23:56:05,0.10
2026-07-28 23:58:02,-0.30
2026-07-28 23:59:39,0.10
2026-07-29 00:00:47,0.00
2026-07-29 00:00:56,-0.20
2026-07-29 00:02:24,0.10
2026-07-29 00:03:04,-0.30
2026-07-29 00:03:52,0.00
2026-07-29 00:05:20,-0.20
2026-07-29 00:05:29,0.00
2026-07-29 00:05:58,-0.30
2026-07-29 00:07:36,0.00
2026-07-29 00:09:33,-0.20
2026-07-29 00:11:19,-0.40
2026-07-29 00:11:59,0.10
2026-07-29 00:13:16,-0.20
2026-07-29 00:14:05,0.10
2026-07-29 00:16:41,-0.30
2026-07-29 00:17:30,0.20
2026-07-29 00:17:39,-0.30
2026-07-29 00:18:37,0.20
2026-07-29 00:19:17,-0.30
2026-07-29 00:20:15,-0.10
2026-07-29 00:20:45,0.30
2026-07-29 00:22:12,0.10
2026-07-29 00:23:20,-0.20
2026-07-29 00:23:49,-0.30
2026-07-29 00:24:00,0.00
2026-07-29 00:25:27,0.10
2026-07-29 00:25:46,-0.30
2026-07-29 00:28:13,0.00
2026-07-29 00:28:51,0.10
2026-07-29 00:29:50,-0.30
2026-07-29 00:30:18,0.10
2026-07-29 00:30:58,-0.20
2026-07-29 00:33:04,0.30
2026-07-29 00:33:33,0.10
2026-07-29 00:34:12,-0.20
2026-07-29 00:35:31,0.20
2026-07-29 00:36:58,-0.20
2026-07-29 00:37:36,0.20
2026-07-29 00:38:36,-0.20
2026-07-29 00:39:04,0.20
2026-07-29 00:40:31,-0.10
2026-07-29 00:40:51,0.10
2026-07-29 00:42:29,0.30
2026-07-29 00:42:49,-0.30
2026-07-29 00:43:37,0.20
2026-07-29 00:43:56,-0.20
2026-07-29 00:45:34,-0.30
2026-07-29 00:45:54,0.10
2026-07-29 00:48:10,-0.30
2026-07-29 00:49:28,0.10
2026-07-29 00:50:26,-0.30
2026-07-29 00:52:53,-0.40
2026-07-29 00:53:13,0.30
2026-07-29 00:54:20,-0.10
2026-07-29 00:54:59,0.30
2026-07-29 00:56:08,0.00
2026-07-29 00:56:36,0.30
2026-07-29 00:57:06,-0.20
2026-07-29 00:58:54,0.30
2026-07-29 00:59:22,-0.20
2026-07-29 01:00:21,-0.30
2026-07-29 01:01:09,0.50
2026-07-29 01:01:39,-0.10
2026-07-29 01:02:08,0.10
2026-07-29 01:03:26,-0.20
2026-07-29 01:03:46,0.10
2026-07-29 01:05:12,-0.20
2026-07-29 01:05:32,0.30
2026-07-29 01:06:31,0.10
2026-07-29 01:06:40,-0.20
2026-07-29 01:08:08,0.20
2026-07-29 01:08:48,-0.30
2026-07-29 01:09:45,0.20
2026-07-29 01:09:55,0.00
2026-07-29 01:12:12,0.20
2026-07-29 01:12:21,-0.30
2026-07-29 01:13:10,0.00
2026-07-29 01:13:39,-0.30
2026-07-29 01:15:08,0.10
2026-07-29 01:16:05,-0.30
2026-07-29 01:16:25,0.20
2026-07-29 01:16:44,-0.20
2026-07-29 01:18:41,0.10
2026-07-29 01:19:11,-0.30
2026-07-29 01:19:49,-0.10
2026-07-29 01:20:58,0.40
2026-07-29 01:21:26,0.50
2026-07-29 01:22:44,3.10
2026-07-29 01:23:03,3.40
2026-07-29 01:24:21,2.30
2026-07-29 01:25:11,3.60
2026-07-29 01:25:59,1.60
2026-07-29 01:26:18,2.60
2026-07-29 01:27:26,0.20
2026-07-29 01:28:06,0.60
2026-07-29 01:28:34,0.10
2026-07-29 01:30:02,0.50
2026-07-29 01:30:31,0.00
2026-07-29 01:31:20,-0.10
2026-07-29 01:31:39,0.20
2026-07-29 01:33:26,-0.20
2026-07-29 01:34:15,0.20
2026-07-29 01:34:54,-0.20
2026-07-29 01:35:24,0.10
2026-07-29 01:36:21,-0.10
2026-07-29 01:36:51,0.10
2026-07-29 01:38:09,-0.10
2026-07-29 01:38:38,0.10
2026-07-29 01:39:27,-0.20
2026-07-29 01:39:37,0.10
2026-07-29 01:42:22,-0.30
2026-07-29 01:42:32,0.20
2026-07-29 01:42:52,-0.30
2026-07-29 01:43:10,0.10
2026-07-29 01:45:08,-0.20
2026-07-29 01:46:25,0.10
2026-07-29 01:49:20,-0.30
2026-07-29 01:50:00,0.10
2026-07-29 01:50:28,-0.30
2026-07-29 01:52:36,0.20
2026-07-29 01:52:55,0.10
2026-07-29 01:53:04,-0.20
2026-07-29 01:54:52,0.20
2026-07-29 01:55:01,-0.30
2026-07-29 01:56:00,0.10
2026-07-29 01:57:28,-0.20
2026-07-29 01:58:07,0.20
2026-07-29 01:59:14,-0.20
2026-07-29 01:59:54,0.20
2026-07-29 02:00:04,-0.30
2026-07-29 02:02:00,0.20
2026-07-29 02:02:19,-0.20
2026-07-29 02:02:49,-0.10
2026-07-29 02:03:09,0.20
2026-07-29 02:04:16,-0.20
2026-07-29 02:05:05,0.20
2026-07-29 02:06:33,-0.10
2026-07-29 02:07:51,0.20
2026-07-29 02:08:19,-0.30
2026-07-29 02:09:28,0.30
2026-07-29 02:10:17,-0.20
2026-07-29 02:10:55,0.10
2026-07-29 02:12:04,-0.20
2026-07-29 02:12:32,-0.30
2026-07-29 02:12:43,0.00
2026-07-29 02:14:40,0.10
2026-07-29 02:15:38,-0.30
2026-07-29 02:16:47,0.10
2026-07-29 02:17:46,-0.20
2026-07-29 02:18:33,0.20
2026-07-29 02:19:23,0.10
2026-07-29 02:19:51,-0.30
2026-07-29 02:21:09,-0.20
2026-07-29 02:22:18,0.30
2026-07-29 02:22:28,0.10
2026-07-29 02:23:06,-0.20
2026-07-29 02:24:05,-0.30
2026-07-29 02:24:14,0.10
2026-07-29 02:26:32,-0.20
2026-07-29 02:27:29,0.10
2026-07-29 02:27:59,-0.10
2026-07-29 02:29:17,0.10
2026-07-29 02:29:27,-0.20
2026-07-29 02:32:02,0.30
2026-07-29 02:33:30,0.50
2026-07-29 02:33:40,-0.20
2026-07-29 02:35:27,0.20
2026-07-29 02:35:36,-0.10
2026-07-29 02:35:55,0.30
2026-07-29 02:37:23,0.50
2026-07-29 02:37:42,0.00
2026-07-29 02:38:51,-0.10
2026-07-29 02:39:59,0.40
2026-07-29 02:40:38,-0.10
2026-07-29 02:40:57,0.30
2026-07-29 02:42:35,0.10
2026-07-29 02:43:33,-0.30
2026-07-29 02:44:41,0.30
2026-07-29 02:46:28,-0.20
2026-07-29 02:46:58,0.20
2026-07-29 02:47:26,-0.20
2026-07-29 02:47:56,0.10
2026-07-29 02:49:03,-0.30
2026-07-29 02:50:03,0.10
2026-07-29 02:50:31,-0.20
2026-07-29 02:51:11,0.10
2026-07-29 02:52:49,-0.30
2026-07-29 02:53:08,0.10
2026-07-29 02:54:07,-0.20
2026-07-29 02:56:03,0.10
2026-07-29 02:56:12,-0.30
2026-07-29 02:57:01,0.10
2026-07-29 02:57:11,-0.30
2026-07-29 03:00:07,0.10
2026-07-29 03:01:44,-0.30
2026-07-29 03:03:12,0.10
2026-07-29 03:03:50,-0.20
2026-07-29 03:04:30,0.20
2026-07-29 03:06:45,-0.20
2026-07-29 03:07:15,0.30
2026-07-29 03:08:13,-0.30
2026-07-29 03:09:21,0.20
2026-07-29 03:10:11,-0.10
2026-07-29 03:10:21,0.10
2026-07-29 03:10:58,-0.20
2026-07-29 03:11:58,-0.30
2026-07-29 03:12:17,0.10
2026-07-29 03:14:24,-0.30
2026-07-29 03:15:51,0.10
2026-07-29 03:17:09,-0.30
2026-07-29 03:17:29,0.10
2026-07-29 03:19:16,-0.30
2026-07-29 03:20:43,0.10
2026-07-29 03:20:53,-0.30
2026-07-29 03:21:52,0.20
2026-07-29 03:22:40,-0.20
2026-07-29 03:23:39,-0.40
2026-07-29 03:23:48,0.00
2026-07-29 03:25:07,-0.30
2026-07-29 03:26:35,0.10
2026-07-29 03:27:03,-0.30
2026-07-29 03:27:23,0.00
2026-07-29 03:28:21,-0.30
2026-07-29 03:28:31,0.00
2026-07-29 03:30:38,-0.30
2026-07-29 03:30:57,0.10
2026-07-29 03:32:16,0.00
2026-07-29 03:33:04,-0.30
2026-07-29 03:34:21,0.00
2026-07-29 03:34:41,-0.40
2026-07-29 03:36:19,0.00
2026-07-29 03:37:46,-0.50
2026-07-29 03:38:16,0.10
2026-07-29 03:39:43,-0.50
2026-07-29 03:40:22,0.10
2026-07-29 03:40:32,-0.20
2026-07-29 03:41:59,0.10
2026-07-29 03:42:28,-0.40
2026-07-29 03:43:16,-0.10
2026-07-29 03:44:15,0.30
2026-07-29 03:45:34,0.70
2026-07-29 03:46:02,0.40
2026-07-29 03:47:20,-0.60
2026-07-29 03:47:50,0.40
2026-07-29 03:48:19,0.10
2026-07-29 03:49:47,0.70
2026-07-29 03:49:56,0.40
2026-07-29 03:50:35,1.50
2026-07-29 03:51:33,0.10
2026-07-29 03:52:52,0.60
2026-07-29 03:53:11,0.80
2026-07-29 03:53:50,7.00
2026-07-29 03:54:48,5.60
2026-07-29 03:55:37,3.90
2026-07-29 03:56:36,4.30
2026-07-29 03:57:15,6.20
2026-07-29 03:58:03,5.50
2026-07-29 03:59:40,12.60
2026-07-29 03:59:51,13.30
2026-07-29 04:00:58,15.50
2026-07-29 04:02:55,11.30
2026-07-29 04:03:06,10.50
2026-07-29 04:04:33,1.80
2026-07-29 04:04:52,1.50
2026-07-29 04:06:10,0.00
2026-07-29 04:06:20,0.40
2026-07-29 04:06:58,-0.10
2026-07-29 04:08:07,-0.20
2026-07-29 04:09:05,0.30
2026-07-29 04:10:51,-0.40
2026-07-29 04:11:22,-0.30
2026-07-29 04:12:01,0.00
2026-07-29 04:13:09,0.10
2026-07-29 04:13:18,-0.20
2026-07-29 04:14:37,0.10
2026-07-29 04:15:34,-0.30
2026-07-29 04:17:12,0.10
2026-07-29 04:18:30,0.00
2026-07-29 04:19:28,-0.40
2026-07-29 04:19:47,0.10
2026-07-29 04:20:46,-0.40
2026-07-29 04:21:15,-0.30
2026-07-29 04:21:45,0.10
2026-07-29 04:23:32,-0.10
2026-07-29 04:23:51,0.30
2026-07-29 04:24:40,0.20
2026-07-29 04:25:38,-0.30
2026-07-29 04:26:08,0.10
2026-07-29 04:26:56,-0.20
2026-07-29 04:27:55,0.10
2026-07-29 04:29:04,-0.30
2026-07-29 04:30:21,0.00
2026-07-29 04:31:18,-0.30
2026-07-29 04:31:49,0.00
2026-07-29 04:32:56,-0.30
2026-07-29 04:33:07,0.00
2026-07-29 04:34:44,-0.30
2026-07-29 04:36:11,-0.40
2026-07-29 04:36:41,0.10
2026-07-29 04:37:59,-0.20
2026-07-29 04:39:17,0.30
2026-07-29 04:39:26,-0.10
2026-07-29 04:39:37,0.20
2026-07-29 04:41:04,0.30
2026-07-29 04:41:52,-0.30
2026-07-29 04:43:50,0.30
2026-07-29 04:45:36,-0.30
2026-07-29 04:45:46,0.10
2026-07-29 04:45:55,-0.20
2026-07-29 04:46:45,0.20
2026-07-29 04:47:33,0.00
2026-07-29 04:47:43,-0.20
2026-07-29 04:49:40,-0.40
2026-07-29 04:49:50,0.10
2026-07-29 04:51:08,-0.40
2026-07-29 04:52:36,-0.20
2026-07-29 04:52:54,0.00
2026-07-29 04:54:22,-0.30
2026-07-29 04:54:51,0.00
2026-07-29 04:56:39,-0.50
2026-07-29 04:57:46,-0.30
2026-07-29 04:58:16,0.00
2026-07-29 04:59:24,-0.40
2026-07-29 05:00:31,0.10
2026-07-29 05:00:51,-0.50
2026-07-29 05:01:31,-0.10
2026-07-29 05:02:58,0.00
2026-07-29 05:03:27,-0.40
2026-07-29 05:04:25,-0.30
2026-07-29 05:05:24,0.00
2026-07-29 05:06:03,0.10
2026-07-29 05:06:22,-0.30
2026-07-29 05:07:21,0.10
2026-07-29 05:07:40,-0.20
2026-07-29 05:09:08,-0.30
2026-07-29 05:09:38,0.00
2026-07-29 05:11:35,-0.30
2026-07-29 05:11:53,0.00
2026-07-29 05:12:32,-0.30
2026-07-29 05:12:42,0.10
2026-07-29 05:14:00,0.00
2026-07-29 05:14:58,-0.30
2026-07-29 05:15:47,-0.20
2026-07-29 05:15:57,0.10
2026-07-29 05:17:15,0.20
2026-07-29 05:17:34,-0.20
2026-07-29 05:19:11,-0.30
2026-07-29 05:20:21,0.10
2026-07-29 05:20:59,0.30
2026-07-29 05:21:18,-0.10
2026-07-29 05:22:17,-0.20
2026-07-29 05:23:26,0.50
2026-07-29 05:24:04,0.60
2026-07-29 05:25:03,-0.10
2026-07-29 05:26:49,0.40
2026-07-29 05:27:09,0.60
2026-07-29 05:27:39,0.10
2026-07-29 05:30:05,0.50
2026-07-29 05:31:12,0.40
2026-07-29 05:31:42,0.70
2026-07-29 05:32:31,0.60
2026-07-29 05:32:40,0.40
2026-07-29 05:34:08,0.90
2026-07-29 05:35:16,0.20
2026-07-29 05:35:25,0.70
2026-07-29 05:35:45,0.30
2026-07-29 05:37:13,0.70
2026-07-29 05:38:40,0.20
2026-07-29 05:39:10,0.60
2026-07-29 05:39:29,0.10
2026-07-29 05:40:38,0.40
2026-07-29 05:42:06,0.20
2026-07-29 05:42:25,0.60
2026-07-29 05:44:21,0.70
2026-07-29 05:44:31,0.30
2026-07-29 05:45:20,0.60
2026-07-29 05:46:48,1.80
2026-07-29 05:47:07,2.80
2026-07-29 05:48:15,1.60
2026-07-29 05:49:14,1.20
2026-07-29 05:49:43,2.20
2026-07-29 05:50:41,2.40
2026-07-29 05:51:20,1.90
2026-07-29 05:51:59,1.60
2026-07-29 05:52:48,4.20
2026-07-29 05:53:37,4.10
2026-07-29 05:55:05,1.20
2026-07-29 05:55:24,1.10
2026-07-29 05:56:42,0.40
2026-07-29 05:56:52,0.50
2026-07-29 05:58:29,0.10
2026-07-29 05:59:27,0.00
2026-07-29 05:59:57,0.70
2026-07-29 06:00:35,0.20
2026-07-29 06:01:43,1.60
2026-07-29 06:02:12,2.00
2026-07-29 06:03:21,5.50
2026-07-29 06:03:30,4.50
2026-07-29 06:04:19,0.20
2026-07-29 06:05:27,0.30
2026-07-29 06:06:26,1.50
2026-07-29 06:06:45,1.40
2026-07-29 06:07:15,0.80
2026-07-29 06:09:21,2.00
2026-07-29 06:10:01,1.00
2026-07-29 06:10:19,1.10
2026-07-29 06:10:49,2.30
2026-07-29 06:11:47,1.60
2026-07-29 06:13:15,3.80
2026-07-29 06:13:54,5.40
2026-07-29 06:14:34,3.00
2026-07-29 06:15:32,4.30
2026-07-29 06:16:20,2.10
2026-07-29 06:17:09,1.60
2026-07-29 06:18:37,1.80
2026-07-29 06:18:47,1.40
2026-07-29 06:20:15,2.00
2026-07-29 06:21:32,1.60
2026-07-29 06:21:41,2.00
2026-07-29 06:22:50,3.10
2026-07-29 06:23:47,3.60
2026-07-29 06:24:37,2.50
2026-07-29 06:25:15,3.00
2026-07-29 06:25:35,3.70
2026-07-29 06:26:33,2.40
2026-07-29 06:28:10,1.10
2026-07-29 06:28:40,0.70
2026-07-29 06:29:38,1.20
2026-07-29 06:31:06,0.90
2026-07-29 06:31:45,1.00
2026-07-29 06:33:02,0.50
2026-07-29 06:33:13,0.40
2026-07-29 06:34:40,0.00
2026-07-29 06:35:00,0.20
2026-07-29 06:36:08,0.00
2026-07-29 06:36:37,-0.10
2026-07-29 06:37:46,0.50
2026-07-29 06:38:54,0.00
2026-07-29 06:39:04,0.40
2026-07-29 06:41:09,-0.10
2026-07-29 06:41:39,0.30
2026-07-29 06:42:46,0.10
2026-07-29 06:44:05,0.50
2026-07-29 06:45:04,0.40
2026-07-29 06:45:32,0.00
2026-07-29 06:46:41,0.30
2026-07-29 06:49:07,0.10
2026-07-29 06:49:27,0.40
2026-07-29 06:50:35,0.60
2026-07-29 06:51:13,-0.10
2026-07-29 06:51:42,0.00
2026-07-29 06:52:51,0.50
2026-07-29 06:54:08,1.10
2026-07-29 06:54:37,0.70
2026-07-29 06:55:17,1.10
2026-07-29 06:57:43,0.50
2026-07-29 06:58:02,0.60
2026-07-29 06:58:50,0.30
2026-07-29 06:59:49,0.70
2026-07-29 07:01:37,0.60
2026-07-29 07:02:45,0.10
2026-07-29 07:03:33,0.00
2026-07-29 07:03:53,0.50
2026-07-29 07:04:31,-0.10
2026-07-29 07:04:51,0.40
2026-07-29 07:06:09,0.10
2026-07-29 07:07:27,0.50
2026-07-29 07:08:55,0.00
2026-07-29 07:09:04,0.60
2026-07-29 07:10:03,0.20
2026-07-29 07:10:32,0.70
2026-07-29 07:11:22,0.80
2026-07-29 07:12:19,0.10
2026-07-29 07:12:49,0.60
2026-07-29 07:14:07,0.40
2026-07-29 07:14:36,0.30
2026-07-29 07:15:35,0.80
2026-07-29 07:16:13,0.20
2026-07-29 07:16:52,0.70
2026-07-29 07:18:29,0.30
2026-07-29 07:19:28,0.60
2026-07-29 07:20:07,0.10
2026-07-29 07:21:15,0.20
2026-07-29 07:21:54,0.70
2026-07-29 07:23:12,0.40
2026-07-29 07:24:00,0.80
2026-07-29 07:24:21,0.40
2026-07-29 07:24:49,0.70
2026-07-29 07:26:17,0.90
2026-07-29 07:27:35,0.40
2026-07-29 07:27:45,0.60
2026-07-29 07:28:33,0.30
2026-07-29 07:29:22,0.60
2026-07-29 07:30:49,0.10
2026-07-29 07:31:18,0.50
2026-07-29 07:32:17,0.20
2026-07-29 07:33:05,0.50
2026-07-29 07:34:23,0.40
2026-07-29 07:34:43,0.20
2026-07-29 07:36:49,0.40
2026-07-29 07:37:19,0.00
2026-07-29 07:38:07,-0.20
2026-07-29 07:38:17,0.20
2026-07-29 07:39:16,-0.20
2026-07-29 07:40:04,0.20
2026-07-29 07:41:02,0.30
2026-07-29 07:41:32,-0.20
2026-07-29 07:43:09,0.30
2026-07-29 07:43:29,-0.20
2026-07-29 07:44:07,-0.40
2026-07-29 07:44:17,0.00
2026-07-29 07:46:53,0.10
2026-07-29 07:47:13,-0.30
2026-07-29 07:47:42,-0.40
2026-07-29 07:48:11,0.10
2026-07-29 07:49:57,-0.30
2026-07-29 07:50:28,0.20
2026-07-29 07:50:47,0.30
2026-07-29 07:52:05,-0.40
2026-07-29 07:52:24,-0.20
2026-07-29 07:53:33,0.10
2026-07-29 07:54:11,-0.10
2026-07-29 07:55:39,0.20
2026-07-29 07:55:48,-0.10
2026-07-29 07:57:26,-0.20
2026-07-29 07:57:46,0.30
2026-07-29 07:59:52,-0.10
2026-07-29 08:01:20,0.50
2026-07-29 08:02:19,0.20
2026-07-29 08:03:17,-0.10
2026-07-29 08:04:34,-0.40
2026-07-29 08:05:14,0.30
2026-07-29 08:05:52,-0.20
2026-07-29 08:07:10,0.20
2026-07-29 08:07:30,-0.30
2026-07-29 08:08:47,0.10
2026-07-29 08:08:57,-0.10
2026-07-29 08:09:17,0.20
2026-07-29 08:10:45,0.30
2026-07-29 08:11:04,0.00
2026-07-29 08:13:40,0.40
2026-07-29 08:13:50,0.30
2026-07-29 08:14:19,0.00
2026-07-29 08:15:28,0.50
2026-07-29 08:15:56,0.00
2026-07-29 08:17:24,0.30
2026-07-29 08:18:13,0.00
2026-07-29 08:19:11,0.10
2026-07-29 08:20:20,0.60
2026-07-29 08:20:48,0.20
2026-07-29 08:21:28,0.60
2026-07-29 08:22:35,0.30
2026-07-29 08:22:46,0.90
2026-07-29 08:23:44,0.20
2026-07-29 08:23:53,0.60
2026-07-29 08:25:31,0.20
2026-07-29 08:25:41,0.80
2026-07-29 08:27:28,0.40
2026-07-29 08:28:36,-0.10
2026-07-29 08:29:05,0.20
2026-07-29 08:30:35,0.30
2026-07-29 08:30:45,-0.10
2026-07-29 08:32:04,0.10
2026-07-29 08:32:52,-0.20
2026-07-29 08:34:00,0.10
2026-07-29 08:35:08,-0.40
2026-07-29 08:35:58,0.10
2026-07-29 08:37:05,0.20
2026-07-29 08:37:25,-0.40
2026-07-29 08:39:31,0.10
2026-07-29 08:39:40,-0.40
2026-07-29 08:40:30,-0.30
2026-07-29 08:40:40,0.00
2026-07-29 08:41:57,-0.30
2026-07-29 08:42:55,0.10
2026-07-29 08:44:23,-0.30
2026-07-29 08:45:12,0.00
2026-07-29 08:46:10,-0.30
2026-07-29 08:47:48,0.10
2026-07-29 08:48:46,-0.40
2026-07-29 08:49:54,-0.10
2026-07-29 08:50:24,-0.50
2026-07-29 08:51:41,0.00
2026-07-29 08:51:51,-0.50
2026-07-29 08:52:30,0.00
2026-07-29 08:53:48,-0.40
2026-07-29 08:56:24,0.10
2026-07-29 08:56:33,-0.40
2026-07-29 08:57:31,0.10
2026-07-29 08:57:42,-0.50
2026-07-29 08:58:30,0.30
2026-07-29 08:58:49,-0.20
2026-07-29 09:00:07,-0.30
2026-07-29 09:00:17,0.10
2026-07-29 09:02:14,0.20
2026-07-29 09:03:12,-0.30
2026-07-29 09:04:30,0.00
2026-07-29 09:04:49,-0.40
2026-07-29 09:05:48,0.10
2026-07-29 09:06:07,-0.40
2026-07-29 09:07:35,0.00
2026-07-29 09:08:04,-0.30
2026-07-29 09:08:43,0.00
2026-07-29 09:08:52,-0.30
2026-07-29 09:11:00,-0.40
2026-07-29 09:11:19,0.00
2026-07-29 09:11:57,-0.30
2026-07-29 09:12:47,0.10
2026-07-29 09:13:55,-0.40
2026-07-29 09:14:14,0.10
2026-07-29 09:15:43,-0.30
2026-07-29 09:18:08,0.20
2026-07-29 09:18:37,-0.20
2026-07-29 09:19:36,0.20
2026-07-29 09:19:56,-0.10
2026-07-29 09:21:03,0.30
2026-07-29 09:21:51,-0.20
2026-07-29 09:22:11,0.20
2026-07-29 09:23:10,-0.10
2026-07-29 09:23:49,0.30
2026-07-29 09:24:47,0.20
2026-07-29 09:26:15,0.60
2026-07-29 09:26:34,0.20
2026-07-29 09:27:14,0.70
2026-07-29 09:28:32,0.80
2026-07-29 09:29:39,0.30
2026-07-29 09:29:49,0.40
2026-07-29 09:29:59,0.70
2026-07-29 09:31:37,0.90
2026-07-29 09:32:55,0.40
2026-07-29 09:33:24,0.50
2026-07-29 09:34:13,0.90
2026-07-29 09:34:41,0.60
2026-07-29 09:35:30,1.00
2026-07-29 09:36:19,0.90
2026-07-29 09:37:46,0.50
2026-07-29 09:38:05,0.40
2026-07-29 09:38:26,0.70
2026-07-29 09:39:53,0.20
2026-07-29 09:40:42,0.60
2026-07-29 09:41:50,0.50
2026-07-29 09:42:48,0.90
2026-07-29 09:43:37,0.60
2026-07-29 09:45:14,0.40
2026-07-29 09:45:53,0.80
2026-07-29 09:46:23,0.70
2026-07-29 09:46:41,0.50
2026-07-29 09:48:38,0.90
2026-07-29 09:49:08,0.30
2026-07-29 09:49:37,0.70
2026-07-29 09:49:56,0.30
2026-07-29 09:51:14,0.60
2026-07-29 09:51:33,0.30
2026-07-29 09:53:01,0.70
2026-07-29 09:53:11,0.20
2026-07-29 09:54:38,0.40
2026-07-29 09:54:58,0.70
2026-07-29 09:56:35,0.40
2026-07-29 09:59:01,0.70
2026-07-29 09:59:11,0.20
2026-07-29 10:00:09,0.70
2026-07-29 10:00:19,0.30
2026-07-29 10:01:17,0.60
2026-07-29 10:02:06,0.30
2026-07-29 10:03:14,0.20
2026-07-29 10:03:24,0.60
2026-07-29 10:04:32,0.40
2026-07-29 10:05:50,0.20
2026-07-29 10:06:09,0.40
2026-07-29 10:06:29,0.10
2026-07-29 10:07:57,0.30
2026-07-29 10:08:35,0.00
2026-07-29 10:10:43,0.40
2026-07-29 10:11:02,0.20
2026-07-29 10:11:11,0.10
2026-07-29 10:11:31,-0.10
2026-07-29 10:12:09,0.30
2026-07-29 10:12:58,-0.10
2026-07-29 10:13:27,0.20
2026-07-29 10:14:46,0.30
2026-07-29 10:15:24,-0.20
2026-07-29 10:16:03,0.20
2026-07-29 10:16:52,-0.20
2026-07-29 10:18:00,-0.10
2026-07-29 10:18:11,0.30
2026-07-29 10:19:48,0.00
2026-07-29 10:20:07,0.30
2026-07-29 10:20:55,-0.10
2026-07-29 10:21:35,0.40
2026-07-29 10:22:33,0.30
2026-07-29 10:22:43,0.00
2026-07-29 10:24:30,0.20
2026-07-29 10:24:39,0.50
2026-07-29 10:25:57,0.60
2026-07-29 10:26:56,0.20
2026-07-29 10:27:54,0.30
2026-07-29 10:28:34,0.70
2026-07-29 10:29:11,0.90
2026-07-29 10:29:32,0.50
2026-07-29 10:31:19,0.90
2026-07-29 10:31:57,0.50
2026-07-29 10:32:26,0.80
2026-07-29 10:33:44,0.20
2026-07-29 10:34:14,0.50
2026-07-29 10:34:33,0.20
2026-07-29 10:35:52,0.50
2026-07-29 10:36:01,0.10
2026-07-29 10:38:37,0.60
2026-07-29 10:39:06,0.00
2026-07-29 10:40:24,0.60
2026-07-29 10:41:12,0.30
2026-07-29 10:42:11,0.70
2026-07-29 10:43:10,0.50
2026-07-29 10:43:29,0.80
2026-07-29 10:44:28,0.70
2026-07-29 10:44:47,0.30
2026-07-29 10:46:05,0.70
2026-07-29 10:47:03,0.30
2026-07-29 10:48:31,0.20
2026-07-29 10:48:40,0.60
2026-07-29 10:49:10,0.30
2026-07-29 10:49:49,0.70
2026-07-29 10:50:56,0.60
2026-07-29 10:51:06,0.20
2026-07-29 10:52:43,0.10
2026-07-29 10:53:43,0.80
2026-07-29 10:53:52,0.70
2026-07-29 10:55:00,0.20
2026-07-29 10:55:49,0.50
2026-07-29 10:57:36,0.30
2026-07-29 10:57:47,0.60
2026-07-29 10:59:04,0.20
2026-07-29 11:00:02,0.80
2026-07-29 11:01:10,0.20
2026-07-29 11:02:48,0.30
2026-07-29 11:03:27,0.00
2026-07-29 11:04:05,-0.10
2026-07-29 11:05:15,0.50
2026-07-29 11:05:42,0.30
2026-07-29 11:06:52,-0.20
2026-07-29 11:07:11,0.10
2026-07-29 11:07:50,0.40
2026-07-29 11:08:58,0.10
2026-07-29 11:10:06,0.40
2026-07-29 11:11:05,0.30
2026-07-29 11:11:23,0.00
2026-07-29 11:12:23,0.10
2026-07-29 11:12:52,0.40
2026-07-29 11:13:51,0.00
2026-07-29 11:14:38,0.40
2026-07-29 11:15:47,0.10
2026-07-29 11:17:34,0.50
2026-07-29 11:17:53,0.10
2026-07-29 11:18:52,0.50
2026-07-29 11:19:21,0.10
2026-07-29 11:20:30,0.50
2026-07-29 11:21:47,0.10
2026-07-29 11:21:57,0.50
2026-07-29 11:22:07,0.00
2026-07-29 11:23:34,0.20
2026-07-29 11:25:02,0.60
2026-07-29 11:25:22,0.20
2026-07-29 11:26:00,0.60
2026-07-29 11:27:00,0.50
2026-07-29 11:27:57,0.20
2026-07-29 11:28:56,0.40
2026-07-29 11:29:25,0.00
2026-07-29 11:30:14,0.30
2026-07-29 11:30:23,-0.10
2026-07-29 11:32:59,0.30
2026-07-29 11:34:07,-0.20
2026-07-29 11:34:46,0.30
2026-07-29 11:35:35,-0.20
2026-07-29 11:35:45,0.20
2026-07-29 11:36:53,-0.20
2026-07-29 11:37:32,0.20
2026-07-29 11:38:40,0.00
2026-07-29 11:38:59,0.20
2026-07-29 11:40:27,0.30
2026-07-29 11:40:36,-0.20
2026-07-29 11:43:13,0.20
2026-07-29 11:43:41,-0.20
2026-07-29 11:45:09,-0.10
2026-07-29 11:45:19,0.20
2026-07-29 11:46:47,-0.10
2026-07-29 11:47:26,0.30
2026-07-29 11:48:24,0.20
2026-07-29 11:48:54,-0.20
2026-07-29 11:50:31,0.30
2026-07-29 11:51:30,-0.20
2026-07-29 11:51:49,0.30
2026-07-29 11:51:58,-0.10
2026-07-29 11:53:17,0.30
2026-07-29 11:54:45,-0.20
2026-07-29 11:54:54,0.30
2026-07-29 11:55:03,0.00
2026-07-29 11:56:40,0.30
2026-07-29 11:57:10,-0.30
2026-07-29 11:58:38,0.20
2026-07-29 11:58:57,-0.20
2026-07-29 12:00:15,-0.10
2026-07-29 12:00:54,0.10
2026-07-29 12:01:43,-0.20
2026-07-29 12:02:12,0.30
2026-07-29 12:03:20,-0.10
2026-07-29 12:04:18,0.30
2026-07-29 12:05:26,0.00
2026-07-29 12:06:34,-0.30
2026-07-29 12:07:43,0.20
2026-07-29 12:09:30,-0.20
2026-07-29 12:10:38,0.10
2026-07-29 12:10:58,-0.20
2026-07-29 12:11:26,0.10
2026-07-29 12:12:26,-0.20
2026-07-29 12:13:14,-0.10
2026-07-29 12:13:24,0.10
2026-07-29 12:15:49,0.00
2026-07-29 12:16:09,0.30
2026-07-29 12:16:39,-0.30
2026-07-29 12:17:27,0.30
2026-07-29 12:18:25,0.20
2026-07-29 12:19:04,-0.10
2026-07-29 12:19:53,0.40
2026-07-29 12:20:12,0.00
2026-07-29 12:21:30,0.30
2026-07-29 12:22:29,-0.20
2026-07-29 12:23:17,-0.30
2026-07-29 12:24:16,0.30
2026-07-29 12:24:45,-0.10
2026-07-29 12:25:05,0.20
2026-07-29 12:27:02,-0.20
2026-07-29 12:28:10,0.30
2026-07-29 12:29:17,-0.10
2026-07-29 12:29:38,0.20
2026-07-29 12:30:35,-0.20
2026-07-29 12:31:15,0.10
2026-07-29 12:32:13,-0.20
2026-07-29 12:33:02,-0.10
2026-07-29 12:33:11,0.20
2026-07-29 12:34:30,0.30
2026-07-29 12:35:57,-0.10
2026-07-29 12:37:15,0.30
2026-07-29 12:38:13,-0.10
2026-07-29 12:38:24,0.30
2026-07-29 12:39:41,0.00
2026-07-29 12:40:01,0.30
2026-07-29 12:41:38,-0.10
2026-07-29 12:42:46,-0.20
2026-07-29 12:43:05,0.30
2026-07-29 12:44:33,0.40
2026-07-29 12:45:12,0.00
2026-07-29 12:46:49,0.40
2026-07-29 12:47:29,-0.20
2026-07-29 12:47:57,0.30
2026-07-29 12:48:57,-0.10
2026-07-29 12:50:14,0.70
2026-07-29 12:51:22,0.00
2026-07-29 12:52:11,0.60
2026-07-29 12:52:40,0.50
2026-07-29 12:54:07,-0.10
2026-07-29 12:54:37,-0.20
2026-07-29 12:54:47,0.30
2026-07-29 12:56:05,0.00
2026-07-29 12:56:43,0.20
2026-07-29 12:59:00,-0.10
2026-07-29 13:00:08,0.20
2026-07-29 13:01:35,-0.10
2026-07-29 13:01:45,0.40
2026-07-29 13:02:33,-0.10
2026-07-29 13:02:54,0.30
2026-07-29 13:04:41,0.20
2026-07-29 13:05:00,0.00
2026-07-29 13:05:59,0.20
2026-07-29 13:06:19,0.00
2026-07-29 13:08:05,0.20
2026-07-29 13:08:14,-0.10
2026-07-29 13:09:14,0.20
2026-07-29 13:10:02,-0.20
2026-07-29 13:11:00,-0.10
2026-07-29 13:11:19,0.20
2026-07-29 13:12:57,0.40
2026-07-29 13:13:37,-0.10
2026-07-29 13:14:25,0.20
2026-07-29 13:16:02,-0.10
2026-07-29 13:16:12,0.20
2026-07-29 13:17:59,-0.10
2026-07-29 13:19:17,-0.20
2026-07-29 13:19:36,0.10
2026-07-29 13:21:14,-0.10
2026-07-29 13:21:53,0.20
2026-07-29 13:22:32,-0.10
2026-07-29 13:23:01,0.20
2026-07-29 13:24:28,-0.20
2026-07-29 13:26:46,0.10
2026-07-29 13:27:14,-0.20
2026-07-29 13:27:54,0.20
2026-07-29 13:28:51,-0.20
2026-07-29 13:29:01,0.10
2026-07-29 13:29:41,-0.20
2026-07-29 13:31:18,-0.10
2026-07-29 13:31:57,0.20
2026-07-29 13:32:46,-0.20
2026-07-29 13:34:13,0.10
2026-07-29 13:36:29,0.20
2026-07-29 13:37:08,-0.20
2026-07-29 13:37:27,0.10
2026-07-29 13:37:56,-0.20
2026-07-29 13:39:24,0.10
2026-07-29 13:40:31,-0.10
2026-07-29 13:40:41,0.10
2026-07-29 13:42:29,-0.20
2026-07-29 13:44:35,0.20
2026-07-29 13:45:34,-0.20
2026-07-29 13:45:54,0.10
2026-07-29 13:47:22,-0.10
2026-07-29 13:48:10,0.10
2026-07-29 13:49:17,0.20
2026-07-29 13:50:07,-0.20
2026-07-29 13:51:54,0.20
2026-07-29 13:53:40,-0.20
2026-07-29 13:53:51,-0.10
2026-07-29 13:54:20,0.20
2026-07-29 13:56:36,-0.10
2026-07-29 13:57:35,0.20
2026-07-29 13:58:03,-0.20
2026-07-29 13:58:43,-0.10
2026-07-29 13:59:31,0.20
2026-07-29 14:01:19,-0.20
2026-07-29 14:02:17,0.10
2026-07-29 14:02:46,0.20
2026-07-29 14:03:44,-0.10
2026-07-29 14:04:34,0.20
2026-07-29 14:05:22,-0.20
2026-07-29 14:06:01,0.10
2026-07-29 14:06:59,-0.20
2026-07-29 14:08:27,0.20
2026-07-29 14:09:44,-0.20
2026-07-29 14:10:05,0.20
2026-07-29 14:10:24,-0.20
2026-07-29 14:10:34,0.20
2026-07-29 14:11:52,0.30
2026-07-29 14:12:20,-0.20
2026-07-29 14:13:57,0.10
2026-07-29 14:15:16,0.20
2026-07-29 14:15:35,-0.20
2026-07-29 14:17:32,0.20
2026-07-29 14:19:00,-0.10
2026-07-29 14:20:17,-0.20
2026-07-29 14:20:38,0.10
2026-07-29 14:21:45,0.20
2026-07-29 14:22:34,-0.20
2026-07-29 14:24:20,-0.30
2026-07-29 14:24:51,0.20
2026-07-29 14:25:29,-0.30
2026-07-29 14:26:08,0.10
2026-07-29 14:26:56,-0.20
2026-07-29 14:27:07,0.10
2026-07-29 14:28:53,-0.30
2026-07-29 14:29:33,0.20
2026-07-29 14:30:31,-0.10
2026-07-29 14:32:09,0.20
2026-07-29 14:32:57,-0.10
2026-07-29 14:33:26,0.20
2026-07-29 14:33:47,-0.10
2026-07-29 14:35:04,0.20
2026-07-29 14:35:33,-0.30
2026-07-29 14:37:20,0.20
2026-07-29 14:37:39,-0.10
2026-07-29 14:38:38,-0.20
2026-07-29 14:39:06,0.10
2026-07-29 14:40:35,0.00
2026-07-29 14:41:43,0.20
2026-07-29 14:42:12,-0.20
2026-07-29 14:44:19,-0.30
2026-07-29 14:44:29,0.20
2026-07-29 14:45:18,-0.30
2026-07-29 14:46:25,0.30
2026-07-29 14:46:55,0.20
2026-07-29 14:47:43,-0.30
2026-07-29 14:49:02,-0.20
2026-07-29 14:49:30,0.10
2026-07-29 14:50:19,-0.30
2026-07-29 14:51:47,0.20
2026-07-29 14:52:16,-0.20
2026-07-29 14:53:43,0.20
2026-07-29 14:53:53,-0.20
2026-07-29 14:55:11,0.10
2026-07-29 14:56:19,-0.20
2026-07-29 14:57:09,-0.30
2026-07-29 14:57:18,0.20
2026-07-29 14:58:16,-0.20
2026-07-29 14:58:56,0.10
2026-07-29 15:00:23,-0.30
2026-07-29 15:00:42,0.10
2026-07-29 15:02:29,-0.40
2026-07-29 15:03:18,0.10
2026-07-29 15:03:27,-0.20
2026-07-29 15:04:46,0.10
2026-07-29 15:06:04,-0.30
2026-07-29 15:06:32,0.10
2026-07-29 15:07:21,-0.30
2026-07-29 15:08:19,0.10
2026-07-29 15:08:39,-0.20
2026-07-29 15:10:27,0.10
2026-07-29 15:10:55,-0.30
2026-07-29 15:11:34,-0.40
2026-07-29 15:11:45,0.10
2026-07-29 15:13:02,-0.40
2026-07-29 15:13:32,0.10
2026-07-29 15:14:49,0.30
2026-07-29 15:14:59,-0.20
2026-07-29 15:17:05,0.20
2026-07-29 15:17:25,-0.20
2026-07-29 15:19:13,0.20
2026-07-29 15:20:30,-0.30
2026-07-29 15:21:28,0.10
2026-07-29 15:21:57,-0.30
2026-07-29 15:23:05,0.10
2026-07-29 15:23:44,-0.20
2026-07-29 15:24:53,-0.10
2026-07-29 15:25:03,0.30
2026-07-29 15:26:20,0.10
2026-07-29 15:27:38,-0.20
2026-07-29 15:28:46,0.40
2026-07-29 15:29:35,0.50
2026-07-29 15:30:23,-0.20
2026-07-29 15:32:01,0.20
2026-07-29 15:32:20,-0.30
2026-07-29 15:33:18,0.20
2026-07-29 15:34:07,-0.30
2026-07-29 15:34:36,0.90
2026-07-29 15:35:25,-0.30
2026-07-29 15:36:14,-0.10
2026-07-29 15:36:53,0.20
2026-07-29 15:38:59,-0.20
2026-07-29 15:39:39,0.20
2026-07-29 15:41:45,0.30
2026-07-29 15:42:14,-0.20
2026-07-29 15:42:44,0.20
2026-07-29 15:44:12,-0.20
2026-07-29 15:44:21,0.10
2026-07-29 15:44:30,-0.10
2026-07-29 15:45:58,0.20
2026-07-29 15:47:15,-0.10
2026-07-29 15:47:45,0.20
2026-07-29 15:47:55,-0.10
2026-07-29 15:49:13,0.20
2026-07-29 15:50:30,-0.20
2026-07-29 15:51:20,0.20
2026-07-29 15:52:28,-0.30
2026-07-29 15:52:38,-0.10
2026-07-29 15:53:56,0.30
2026-07-29 15:54:34,-0.20
2026-07-29 15:55:03,0.20
2026-07-29 15:56:50,-0.20
2026-07-29 15:57:11,0.20
2026-07-29 15:57:59,-0.20
2026-07-29 15:58:28,0.10
2026-07-29 16:00:44,-0.30
2026-07-29 16:00:53,-0.20
2026-07-29 16:01:43,0.10
2026-07-29 16:03:19,0.20
2026-07-29 16:03:59,-0.30
2026-07-29 16:04:08,0.00
2026-07-29 16:04:18,-0.20
2026-07-29 16:05:56,0.10
2026-07-29 16:06:34,-0.20
2026-07-29 16:07:43,0.00
2026-07-29 16:07:52,-0.20
2026-07-29 16:09:30,0.40
2026-07-29 16:09:49,-0.40
2026-07-29 16:10:57,0.10
2026-07-29 16:11:36,-0.30
2026-07-29 16:13:33,0.10
2026-07-29 16:15:30,-0.30
2026-07-29 16:15:50,0.00
2026-07-29 16:17:07,-0.50
2026-07-29 16:17:17,-0.40
2026-07-29 16:17:28,0.10
2026-07-29 16:19:05,0.20
2026-07-29 16:19:33,-0.30
2026-07-29 16:21:50,0.20
2026-07-29 16:22:48,-0.20
2026-07-29 16:24:46,0.10
2026-07-29 16:24:55,-0.20
2026-07-29 16:25:53,0.10
2026-07-29 16:26:32,-0.40
2026-07-29 16:27:31,0.10
2026-07-29 16:28:28,-0.30
2026-07-29 16:29:56,0.10
2026-07-29 16:30:46,0.00
2026-07-29 16:31:04,-0.40
2026-07-29 16:32:23,0.00
2026-07-29 16:33:01,-0.40
2026-07-29 16:33:50,-0.30
2026-07-29 16:34:48,0.10
2026-07-29 16:36:16,-0.20
2026-07-29 16:37:05,0.10
2026-07-29 16:38:04,-0.40
2026-07-29 16:39:01,0.10
2026-07-29 16:39:31,-0.40
2026-07-29 16:40:29,-0.30
2026-07-29 16:40:49,0.00
2026-07-29 16:42:16,-0.20
2026-07-29 16:43:14,0.20
2026-07-29 16:43:54,-0.30
2026-07-29 16:45:12,0.20
2026-07-29 16:46:29,-0.40
2026-07-29 16:46:49,0.20
2026-07-29 16:46:59,0.10
2026-07-29 16:47:08,-0.40
2026-07-29 16:49:25,0.10
2026-07-29 16:49:35,-0.20
2026-07-29 16:50:23,0.10
2026-07-29 16:51:12,-0.30
2026-07-29 16:52:21,-0.40
2026-07-29 16:53:09,0.10
2026-07-29 16:53:47,-0.40
2026-07-29 16:54:08,0.00
2026-07-29 16:56:43,-0.50
2026-07-29 16:56:53,-0.30
2026-07-29 16:58:01,0.10
2026-07-29 16:58:59,-0.40
2026-07-29 17:00:17,0.00
2026-07-29 17:00:36,-0.40
2026-07-29 17:01:54,-0.50
2026-07-29 17:03:13,0.00
2026-07-29 17:03:31,-0.30
2026-07-29 17:04:31,0.00
2026-07-29 17:05:19,-0.40
2026-07-29 17:05:49,-0.10
2026-07-29 17:07:07,0.00
2026-07-29 17:08:14,-0.40
2026-07-29 17:08:44,0.00
2026-07-29 17:10:01,-0.40
2026-07-29 17:11:39,0.00
2026-07-29 17:12:08,-0.50
2026-07-29 17:12:57,0.00
2026-07-29 17:13:45,-0.30
2026-07-29 17:14:53,0.00
2026-07-29 17:15:13,-0.20
2026-07-29 17:16:02,0.00
2026-07-29 17:17:00,-0.30
2026-07-29 17:19:08,-0.40
2026-07-29 17:19:46,0.20
2026-07-29 17:20:16,0.10
2026-07-29 17:21:23,2.30
2026-07-29 17:21:53,2.50
2026-07-29 17:22:41,5.70
2026-07-29 17:23:21,4.10
2026-07-29 17:24:28,-0.10
2026-07-29 17:25:07,-0.50
2026-07-29 17:26:15,1.50
2026-07-29 17:26:35,0.50
2026-07-29 17:27:14,-0.20
2026-07-29 17:28:12,0.60
2026-07-29 17:29:11,-0.20
2026-07-29 17:30:29,0.10
2026-07-29 17:30:58,-0.40
2026-07-29 17:31:36,-0.20
2026-07-29 17:32:54,0.60
2026-07-29 17:33:14,1.00
2026-07-29 17:34:32,-0.20
2026-07-29 17:34:52,0.40
2026-07-29 17:36:19,-0.30
2026-07-29 17:37:27,0.30
2026-07-29 17:37:36,-0.50
2026-07-29 17:38:35,-0.40
2026-07-29 17:38:55,0.30
2026-07-29 17:40:13,0.20
2026-07-29 17:40:32,-0.20
2026-07-29 17:41:39,-0.10
2026-07-29 17:41:50,-0.40
2026-07-29 17:43:07,0.10
2026-07-29 17:43:17,-0.60
2026-07-29 17:45:43,0.00
2026-07-29 17:46:13,-0.50
2026-07-29 17:47:01,0.00
2026-07-29 17:47:40,-0.40
2026-07-29 17:48:29,0.10
2026-07-29 17:48:58,-0.50
2026-07-29 17:50:16,-0.30
2026-07-29 17:50:26,0.00
2026-07-29 17:51:35,-0.40
2026-07-29 17:51:54,0.00
2026-07-29 17:53:01,-0.10
2026-07-29 17:54:29,-0.50
2026-07-29 17:55:18,-0.40
2026-07-29 17:55:48,0.40
2026-07-29 17:56:16,0.00
2026-07-29 17:57:34,-0.40
2026-07-29 17:58:43,0.00
2026-07-29 17:59:52,0.10
2026-07-29 18:00:01,-0.80
2026-07-29 18:01:38,-0.50
2026-07-29 18:01:57,-0.10
2026-07-29 18:03:34,-0.40
2026-07-29 18:05:32,-0.50
2026-07-29 18:05:42,0.00
2026-07-29 18:06:49,-0.40
2026-07-29 18:07:19,-0.10
2026-07-29 18:08:07,-0.50
2026-07-29 18:09:15,0.00
2026-07-29 18:09:35,-0.40
2026-07-29 18:10:52,0.00
2026-07-29 18:11:22,-0.30
2026-07-29 18:13:09,0.00
2026-07-29 18:13:19,-0.40
2026-07-29 18:14:28,-0.50
2026-07-29 18:14:47,-0.10
2026-07-29 18:16:05,-0.40
2026-07-29 18:17:13,0.00
2026-07-29 18:18:10,0.10
2026-07-29 18:19:10,-0.40
2026-07-29 18:19:38,-0.50
2026-07-29 18:19:48,-0.10
2026-07-29 18:21:06,0.00
2026-07-29 18:22:34,-0.50
2026-07-29 18:23:03,-0.40
2026-07-29 18:23:42,0.20
2026-07-29 18:24:21,-0.50
2026-07-29 18:24:41,0.20
2026-07-29 18:25:59,0.00
2026-07-29 18:26:18,-0.50
2026-07-29 18:28:15,0.00
2026-07-29 18:30:41,-0.60
2026-07-29 18:31:49,-0.50
2026-07-29 18:31:59,0.10
2026-07-29 18:33:07,-0.50
2026-07-29 18:33:46,0.00
2026-07-29 18:34:24,-0.50
2026-07-29 18:35:13,-0.10
2026-07-29 18:35:52,0.00
2026-07-29 18:37:00,-0.40
2026-07-29 18:38:18,0.40
2026-07-29 18:39:17,0.20
2026-07-29 18:40:04,-0.40
2026-07-29 18:41:04,0.00
2026-07-29 18:41:32,-0.40
2026-07-29 18:43:30,0.00
2026-07-29 18:44:18,-0.10
2026-07-29 18:45:35,-0.50
2026-07-29 18:45:56,0.00
2026-07-29 18:46:54,-0.50
2026-07-29 18:47:33,-0.40
2026-07-29 18:48:22,-0.10
2026-07-29 18:50:18,-0.50
2026-07-29 18:51:36,-0.10
2026-07-29 18:52:05,-0.60
2026-07-29 18:53:23,-0.50
2026-07-29 18:53:33,-0.10
2026-07-29 18:54:31,-0.60
2026-07-29 18:54:40,-0.10
2026-07-29 18:55:49,-0.40
2026-07-29 18:56:18,-0.10
2026-07-29 18:57:46,-0.40
2026-07-29 18:58:44,0.10
2026-07-29 18:59:04,-0.10
2026-07-29 18:59:33,-0.60
2026-07-29 19:01:10,-0.50
2026-07-29 19:02:09,-0.10
2026-07-29 19:02:28,-0.20
2026-07-29 19:02:58,-0.50
2026-07-29 19:05:03,-0.40
2026-07-29 19:05:24,0.10
2026-07-29 19:05:34,-0.60
2026-07-29 19:06:22,0.00
2026-07-29 19:07:20,-0.10
2026-07-29 19:07:49,-0.50
2026-07-29 19:09:07,-0.10
2026-07-29 19:09:27,-0.50
2026-07-29 19:11:14,-0.10
2026-07-29 19:12:31,-0.50
2026-07-29 19:13:40,0.00
2026-07-29 19:14:09,-0.50
2026-07-29 19:15:07,0.00
2026-07-29 19:16:06,0.10
2026-07-29 19:16:15,-0.70
2026-07-29 19:18:02,0.10
2026-07-29 19:18:32,-0.50
2026-07-29 19:20:10,0.00
2026-07-29 19:20:28,-0.70
2026-07-29 19:21:27,0.10
2026-07-29 19:22:35,0.20
2026-07-29 19:22:45,-0.40
2026-07-29 19:23:43,-0.50
2026-07-29 19:23:53,0.10
2026-07-29 19:25:30,0.00
2026-07-29 19:25:41,-0.50
2026-07-29 19:27:08,0.20
2026-07-29 19:27:38,-0.40
2026-07-29 19:28:46,0.40
2026-07-29 19:29:15,-0.40
2026-07-29 19:30:23,0.00
2026-07-29 19:31:51,-0.60
2026-07-29 19:32:20,0.00
2026-07-29 19:33:28,-0.50
2026-07-29 19:34:26,-0.30
2026-07-29 19:34:37,0.30
2026-07-29 19:36:24,0.70
2026-07-29 19:36:51,-0.30
2026-07-29 19:38:10,0.60
2026-07-29 19:38:29,-0.30
2026-07-29 19:38:40,0.50
2026-07-29 19:38:49,-0.50
2026-07-29 19:40:46,-0.30
2026-07-29 19:41:44,0.60
2026-07-29 19:42:43,1.10
2026-07-29 19:43:03,0.20
2026-07-29 19:43:42,0.70
2026-07-29 19:44:10,-0.10
2026-07-29 19:45:58,0.90
2026-07-29 19:46:47,-0.20
2026-07-29 19:46:56,-0.30
2026-07-29 19:48:24,1.40
2026-07-29 19:49:23,2.40
2026-07-29 19:50:01,0.60
2026-07-29 19:50:11,1.70
2026-07-29 19:51:28,0.00
2026-07-29 19:51:49,-0.10
2026-07-29 19:53:17,1.70
2026-07-29 19:53:55,1.30
2026-07-29 19:54:24,0.20
2026-07-29 19:55:23,0.70
2026-07-29 19:56:21,-0.20
2026-07-29 19:56:51,-0.60
2026-07-29 19:57:20,0.70
2026-07-29 19:59:07,0.80
2026-07-29 19:59:56,-0.40
2026-07-29 20:00:15,-0.60
2026-07-29 20:01:13,0.40
2026-07-29 20:02:32,0.20
2026-07-29 20:02:41,-0.50
2026-07-29 20:03:20,0.20
2026-07-29 20:03:29,-0.70
2026-07-29 20:04:57,0.00
2026-07-29 20:05:27,-0.50
2026-07-29 20:07:42,0.10
2026-07-29 20:07:53,-0.70
2026-07-29 20:08:31,-0.50
2026-07-29 20:09:00,-0.10
2026-07-29 20:10:28,-0.60
2026-07-29 20:11:27,0.10
2026-07-29 20:12:05,-0.50
2026-07-29 20:12:35,0.10
2026-07-29 20:13:33,-0.70
2026-07-29 20:14:51,-0.40
2026-07-29 20:15:50,0.10
2026-07-29 20:16:38,0.00
2026-07-29 20:17:56,-0.70
2026-07-29 20:18:36,-0.20
2026-07-29 20:19:04,-0.60
2026-07-29 20:20:41,0.10
2026-07-29 20:20:51,-0.60
2026-07-29 20:21:41,-0.30
2026-07-29 20:22:49,0.30
2026-07-29 20:23:27,-0.20
2026-07-29 20:24:06,1.10
2026-07-29 20:24:45,0.20
2026-07-29 20:25:14,-0.40
2026-07-29 20:27:01,-0.80
2026-07-29 20:27:22,0.10
2026-07-29 20:28:19,0.20
2026-07-29 20:29:08,-0.60
2026-07-29 20:30:26,0.30
2026-07-29 20:31:14,-0.70
2026-07-29 20:31:35,-0.60
2026-07-29 20:31:54,-0.10
2026-07-29 20:33:50,-0.20
2026-07-29 20:34:00,-0.40
2026-07-29 20:34:40,-0.10
2026-07-29 20:35:17,-0.60
2026-07-29 20:36:36,-0.10
2026-07-29 20:37:54,-0.50
2026-07-29 20:38:03,-0.60
2026-07-29 20:39:21,0.10
2026-07-29 20:39:41,-0.30
2026-07-29 20:39:50,-0.40
2026-07-29 20:41:18,-0.10
2026-07-29 20:41:37,-0.40
2026-07-29 20:43:35,0.10
2026-07-29 20:44:03,-0.70
2026-07-29 20:45:02,-0.40
2026-07-29 20:45:31,0.00
2026-07-29 20:46:40,0.10
2026-07-29 20:47:28,-0.40
2026-07-29 20:48:07,0.00
2026-07-29 20:48:37,-0.60
2026-07-29 20:49:44,-0.50
2026-07-29 20:49:54,0.00
2026-07-29 20:52:01,-0.60
2026-07-29 20:52:30,0.00
2026-07-29 20:53:57,-0.50
2026-07-29 20:54:37,-0.40
2026-07-29 20:55:45,0.10
2026-07-29 20:57:42,-0.50
2026-07-29 20:57:52,-0.10
2026-07-29 20:58:50,-0.40
2026-07-29 20:59:29,-0.50
2026-07-29 20:59:39,-0.10
2026-07-29 21:01:07,-0.40
2026-07-29 21:01:45,0.00
2026-07-29 21:02:53,-0.40
2026-07-29 21:03:42,0.10
2026-07-29 21:04:30,-0.40
2026-07-29 21:05:00,0.00
2026-07-29 21:06:28,-0.30
2026-07-29 21:07:35,0.00
2026-07-29 21:09:13,-0.40
2026-07-29 21:09:23,0.10
2026-07-29 21:10:31,-0.30
2026-07-29 21:11:11,0.00
2026-07-29 21:11:48,-0.40
2026-07-29 21:12:57,-0.10
2026-07-29 21:13:07,-0.40
2026-07-29 21:14:44,-0.60
2026-07-29 21:15:24,0.20
2026-07-29 21:17:20,-0.50
2026-07-29 21:17:49,0.00
2026-07-29 21:20:06,-0.50
2026-07-29 21:20:25,-0.10
2026-07-29 21:21:33,-0.50
2026-07-29 21:21:53,-0.10
2026-07-29 21:23:01,-0.50
2026-07-29 21:23:30,-0.10
2026-07-29 21:24:29,0.00
2026-07-29 21:25:47,-0.40
2026-07-29 21:26:25,0.00
2026-07-29 21:26:45,-0.50
2026-07-29 21:27:43,0.00
2026-07-29 21:27:52,-0.40
2026-07-29 21:29:20,-0.10
2026-07-29 21:29:30,-0.50
2026-07-29 21:31:47,-0.40
2026-07-29 21:32:06,0.00
2026-07-29 21:32:25,-0.50
2026-07-29 21:32:45,0.10
2026-07-29 21:34:32,-0.40
2026-07-29 21:34:43,-0.10
2026-07-29 21:35:50,0.00
2026-07-29 21:36:09,-0.40
2026-07-29 21:37:57,-0.10
2026-07-29 21:39:53,-0.50
2026-07-29 21:40:13,0.10
2026-07-29 21:41:50,-0.40
2026-07-29 21:43:28,0.10
2026-07-29 21:43:38,-0.40
2026-07-29 21:44:16,-0.60
2026-07-29 21:44:55,0.00
2026-07-29 21:45:53,-0.60
2026-07-29 21:46:04,0.10
2026-07-29 21:47:31,0.00
2026-07-29 21:47:51,-0.40
2026-07-29 21:49:46,0.00
2026-07-29 21:49:57,-0.50
2026-07-29 21:51:05,0.00
2026-07-29 21:51:24,-0.60
2026-07-29 21:53:11,-0.30
2026-07-29 21:53:32,0.00
2026-07-29 21:54:10,0.10
2026-07-29 21:54:39,-0.30
2026-07-29 21:56:26,0.10
2026-07-29 21:56:55,-0.60
2026-07-29 21:57:54,0.20
2026-07-29 21:58:04,-0.50
2026-07-29 21:59:12,-0.30
2026-07-29 22:00:00,0.10
2026-07-29 22:01:08,-0.30
2026-07-29 22:02:07,-0.40
2026-07-29 22:02:17,-0.10
2026-07-29 22:04:32,-0.50
2026-07-29 22:05:12,0.10
2026-07-29 22:05:41,0.00
2026-07-29 22:06:10,-0.30
2026-07-29 22:07:18,0.20
2026-07-29 22:07:38,-0.50
2026-07-29 22:09:16,-0.60
2026-07-29 22:09:36,0.00
2026-07-29 22:11:51,-0.50
2026-07-29 22:12:01,-0.10
2026-07-29 22:12:59,-0.50
2026-07-29 22:13:39,-0.10
2026-07-29 22:14:56,-0.40
2026-07-29 22:15:26,0.10
2026-07-29 22:16:43,-0.40
2026-07-29 22:17:22,-0.20
2026-07-29 22:17:51,0.10
2026-07-29 22:19:29,-0.60
2026-07-29 22:19:39,0.10
2026-07-29 22:21:35,-0.40
2026-07-29 22:22:04,-0.10
2026-07-29 22:22:44,-0.50
2026-07-29 22:23:42,0.00
2026-07-29 22:24:02,-0.50
2026-07-29 22:25:49,-0.10
2026-07-29 22:27:16,-0.40
2026-07-29 22:27:45,0.00
2026-07-29 22:28:53,-0.40
2026-07-29 22:31:10,0.00
2026-07-29 22:31:39,-0.40
2026-07-29 22:31:58,-0.50
2026-07-29 22:32:57,0.00
2026-07-29 22:33:35,-0.50
2026-07-29 22:35:03,0.00
2026-07-29 22:35:22,-0.10
2026-07-29 22:35:33,-0.40
2026-07-29 22:37:10,-0.10
2026-07-29 22:37:20,-0.50
2026-07-29 22:38:37,0.00
2026-07-29 22:39:16,-0.40
2026-07-29 22:40:44,0.10
2026-07-29 22:41:03,-0.60
2026-07-29 22:41:52,0.00
2026-07-29 22:42:51,-0.50
2026-07-29 22:43:49,0.10
2026-07-29 22:44:29,-0.20
2026-07-29 22:45:26,0.00
2026-07-29 22:46:06,-0.40
2026-07-29 22:47:23,0.00
2026-07-29 22:47:33,-0.50
2026-07-29 22:48:21,-0.30
2026-07-29 22:48:51,0.10
2026-07-29 22:50:09,-0.30
2026-07-29 22:50:38,0.00
2026-07-29 22:52:54,-0.40
2026-07-29 22:53:14,0.00
2026-07-29 22:53:24,-0.30
2026-07-29 22:54:12,0.00
2026-07-29 22:55:02,-0.10
2026-07-29 22:55:50,-0.40
2026-07-29 22:56:38,0.00
2026-07-29 22:57:56,-0.40
2026-07-29 22:58:16,0.00
2026-07-29 22:58:45,-0.40
2026-07-29 23:00:12,0.10
2026-07-29 23:00:22,-0.30
2026-07-29 23:01:40,-0.40
2026-07-29 23:02:00,0.10
2026-07-29 23:04:45,-0.40
2026-07-29 23:05:34,-0.20
2026-07-29 23:05:43,0.30
2026-07-29 23:07:01,0.10
2026-07-29 23:07:21,-0.40
2026-07-29 23:08:19,-0.60
2026-07-29 23:09:38,0.20
2026-07-29 23:09:56,-0.40
2026-07-29 23:10:06,0.00
2026-07-29 23:11:43,-0.50
2026-07-29 23:13:01,0.00
2026-07-29 23:13:41,-0.10
2026-07-29 23:14:39,-0.40
2026-07-29 23:14:58,-0.10
2026-07-29 23:15:08,-0.40
2026-07-29 23:16:26,0.00
2026-07-29 23:16:46,-0.40
2026-07-29 23:18:22,-0.30
2026-07-29 23:19:11,0.10
2026-07-29 23:20:10,-0.30
2026-07-29 23:20:59,0.10
2026-07-29 23:21:36,-0.20
2026-07-29 23:21:47,0.10
2026-07-29 23:23:14,-0.40
2026-07-29 23:23:24,0.10
2026-07-29 23:25:22,-0.40
2026-07-29 23:26:29,-0.30
2026-07-29 23:26:59,0.10
2026-07-29 23:28:07,-0.30
2026-07-29 23:28:17,0.00
2026-07-29 23:30:13,-0.20
2026-07-29 23:30:32,0.20
2026-07-29 23:32:20,-0.40
2026-07-29 23:32:40,0.00
2026-07-29 23:33:09,0.10
2026-07-29 23:33:18,-0.40
2026-07-29 23:34:46,-0.20
2026-07-29 23:35:25,0.20
2026-07-29 23:36:13,-0.30
2026-07-29 23:36:23,0.00
2026-07-29 23:39:09,0.20
2026-07-29 23:39:18,-0.20
2026-07-29 23:39:38,0.10
2026-07-29 23:40:27,-0.30
2026-07-29 23:41:16,0.10
2026-07-29 23:41:26,-0.30
2026-07-29 23:42:54,-0.60
2026-07-29 23:43:22,0.10
2026-07-29 23:44:50,-0.20
2026-07-29 23:45:19,0.10
2026-07-29 23:46:18,-0.40
2026-07-29 23:46:57,0.00
2026-07-29 23:48:04,0.10
2026-07-29 23:49:03,-0.40
2026-07-29 23:50:22,0.10
2026-07-29 23:51:29,-0.50
2026-07-29 23:51:59,0.70
2026-07-29 23:52:47,0.00
2026-07-29 23:53:55,-0.40
2026-07-29 23:54:44,-0.20
2026-07-29 23:55:04,0.10
2026-07-29 23:56:13,-0.10
2026-07-29 23:57:20,-0.40
2026-07-29 23:57:50,-0.30
2026-07-29 23:58:19,0.10
2026-07-29 23:59:45,-0.20
2026-07-30 00:00:35,0.10
2026-07-30 00:01:23,-0.30
2026-07-30 00:02:31,0.10
2026-07-30 00:02:51,-0.50
2026-07-30 00:03:01,0.10
2026-07-30 00:05:46,-0.30
2026-07-30 00:06:54,0.10
2026-07-30 00:07:03,-0.30
2026-07-30 00:08:22,0.00
2026-07-30 00:09:11,-0.10
2026-07-30 00:09:21,0.00
2026-07-30 00:10:58,-0.40
2026-07-30 00:12:07,0.00
2026-07-30 00:13:14,-0.40
2026-07-30 00:13:34,0.10
2026-07-30 00:14:22,-0.50
2026-07-30 00:14:52,0.20
2026-07-30 00:16:29,0.10
2026-07-30 00:17:08,-0.30
2026-07-30 00:17:47,-0.40
2026-07-30 00:18:16,-0.10
2026-07-30 00:19:53,0.00
2026-07-30 00:20:32,-0.30
2026-07-30 00:20:42,0.10
2026-07-30 00:21:12,-0.20
2026-07-30 00:22:49,0.10
2026-07-30 00:23:07,-0.30
2026-07-30 00:24:55,0.10
2026-07-30 00:26:03,0.00
2026-07-30 00:26:13,-0.30
2026-07-30 00:27:21,0.00
2026-07-30 00:27:51,-0.40
2026-07-30 00:29:09,0.10
2026-07-30 00:30:35,-0.30
2026-07-30 00:30:56,0.00
2026-07-30 00:31:35,-0.40
2026-07-30 00:33:12,0.00
2026-07-30 00:33:31,-0.40
2026-07-30 00:34:59,0.20
2026-07-30 00:35:08,-0.40
2026-07-30 00:35:48,0.00
2026-07-30 00:36:36,-0.40
2026-07-30 00:37:43,0.00
2026-07-30 00:37:53,-0.30
2026-07-30 00:38:52,-0.20
2026-07-30 00:39:21,0.10
2026-07-30 00:40:30,-0.40
2026-07-30 00:40:49,0.10
2026-07-30 00:42:36,-0.30
2026-07-30 00:42:46,0.00
2026-07-30 00:44:14,-0.20
2026-07-30 00:46:20,0.10
2026-07-30 00:46:30,-0.30
2026-07-30 00:47:10,0.00
2026-07-30 00:48:37,-0.30
2026-07-30 00:48:47,-0.40
2026-07-30 00:49:54,0.10
2026-07-30 00:51:22,0.20
2026-07-30 00:51:42,-0.50
2026-07-30 00:52:11,0.00
2026-07-30 00:52:20,-0.40
2026-07-30 00:53:48,-0.30
2026-07-30 00:54:18,0.10
2026-07-30 00:55:45,0.20
2026-07-30 00:56:53,-0.30
2026-07-30 00:57:03,-0.40
2026-07-30 00:58:31,0.10
2026-07-30 00:58:50,0.20
2026-07-30 00:59:00,-0.30
2026-07-30 01:00:47,-0.40
2026-07-30 01:00:57,0.10
2026-07-30 01:03:03,-0.30
2026-07-30 01:04:01,-0.20
2026-07-30 01:04:11,0.00
2026-07-30 01:05:39,0.10
2026-07-30 01:06:28,-0.30
2026-07-30 01:08:24,0.20
2026-07-30 01:08:33,0.00
2026-07-30 01:08:54,-0.50
2026-07-30 01:10:21,-0.20
2026-07-30 01:10:31,0.00
2026-07-30 01:12:18,0.10
2026-07-30 01:12:46,-0.40
2026-07-30 01:13:36,0.00
2026-07-30 01:13:55,-0.40
2026-07-30 01:15:52,0.00
2026-07-30 01:17:29,-0.40
2026-07-30 01:17:50,0.10
2026-07-30 01:19:07,-0.30
2026-07-30 01:20:15,-0.40
2026-07-30 01:20:25,0.00
2026-07-30 01:22:51,-0.30
2026-07-30 01:24:28,0.10
2026-07-30 01:25:56,-0.40
2026-07-30 01:27:04,-0.30
2026-07-30 01:27:23,0.00
2026-07-30 01:28:31,-0.40
2026-07-30 01:29:00,0.10
2026-07-30 01:30:28,-0.30
2026-07-30 01:30:58,0.00
2026-07-30 01:31:55,-0.30
2026-07-30 01:32:45,0.10
2026-07-30 01:34:03,-0.30
2026-07-30 01:34:13,0.00
2026-07-30 01:35:30,0.10
2026-07-30 01:36:18,-0.30
2026-07-30 01:37:07,0.10
2026-07-30 01:37:36,-0.30
2026-07-30 01:39:33,0.10
2026-07-30 01:40:03,0.00
2026-07-30 01:41:22,-0.30
2026-07-30 01:41:40,0.10
2026-07-30 01:41:50,-0.30
2026-07-30 01:43:57,0.10
2026-07-30 01:44:07,-0.30
2026-07-30 01:46:03,0.10
2026-07-30 01:46:13,-0.30
2026-07-30 01:46:42,0.00
2026-07-30 01:47:31,-0.20
2026-07-30 01:48:40,-0.30
2026-07-30 01:48:59,0.10
2026-07-30 01:49:57,-0.30
2026-07-30 01:50:17,0.00
2026-07-30 01:52:13,0.10
2026-07-30 01:52:32,-0.30
2026-07-30 01:53:12,0.10
2026-07-30 01:53:21,-0.40
2026-07-30 01:54:58,0.10
2026-07-30 01:55:08,-0.30
2026-07-30 01:57:05,0.00
2026-07-30 01:57:35,-0.30
2026-07-30 01:58:03,0.10
2026-07-30 01:58:23,-0.30
2026-07-30 01:59:50,0.10
2026-07-30 02:00:39,-0.40
2026-07-30 02:01:28,0.00
2026-07-30 02:01:57,-0.30
2026-07-30 02:03:25,0.10
2026-07-30 02:04:04,-0.30
2026-07-30 02:05:42,0.10
2026-07-30 02:06:11,-0.30
2026-07-30 02:06:20,-0.20
2026-07-30 02:06:49,0.10
2026-07-30 02:08:46,-0.20
2026-07-30 02:08:57,0.20
2026-07-30 02:10:35,-0.20
2026-07-30 02:11:32,-0.30
2026-07-30 02:11:52,0.00
2026-07-30 02:13:10,0.20
2026-07-30 02:13:58,-0.40
2026-07-30 02:15:15,0.00
2026-07-30 02:15:26,-0.30
2026-07-30 02:16:34,-0.40
2026-07-30 02:16:53,0.00
2026-07-30 02:18:11,-0.40
2026-07-30 02:20:18,0.10
2026-07-30 02:21:45,-0.30
2026-07-30 02:23:13,0.00
2026-07-30 02:24:02,-0.40
2026-07-30 02:25:11,-0.30
2026-07-30 02:25:29,0.00
2026-07-30 02:26:08,-0.40
2026-07-30 02:26:37,0.10
2026-07-30 02:27:46,0.00
2026-07-30 02:28:43,-0.40
2026-07-30 02:29:42,0.00
2026-07-30 02:30:02,-0.30
2026-07-30 02:31:39,-0.40
2026-07-30 02:32:37,0.10
2026-07-30 02:33:06,0.00
2026-07-30 02:33:55,-0.50
2026-07-30 02:34:33,0.10
2026-07-30 02:35:52,-0.40
2026-07-30 02:36:01,-0.10
2026-07-30 02:37:00,-0.50
2026-07-30 02:37:49,0.00
2026-07-30 02:38:37,-0.30
2026-07-30 02:39:26,0.00
2026-07-30 02:40:05,-0.40
2026-07-30 02:41:13,0.00
2026-07-30 02:41:23,-0.30
2026-07-30 02:42:41,0.00
2026-07-30 02:43:10,-0.40
2026-07-30 02:44:28,-0.20
2026-07-30 02:44:57,0.00
2026-07-30 02:46:04,0.10
2026-07-30 02:46:44,-0.40
2026-07-30 02:47:42,0.00
2026-07-30 02:48:12,-0.30
2026-07-30 02:50:37,0.10
2026-07-30 02:50:47,-0.20
2026-07-30 02:51:27,0.00
2026-07-30 02:51:36,-0.30
2026-07-30 02:52:45,0.10
2026-07-30 02:52:55,-0.30
2026-07-30 02:54:32,0.00
2026-07-30 02:56:27,-0.60
2026-07-30 02:56:58,0.20
2026-07-30 02:57:46,0.10
2026-07-30 02:58:45,-0.40
2026-07-30 03:00:03,-0.20
2026-07-30 03:00:31,0.10
2026-07-30 03:01:20,-0.30
2026-07-30 03:01:59,0.10
2026-07-30 03:02:28,-0.50
2026-07-30 03:03:17,0.00
2026-07-30 03:04:06,0.10
2026-07-30 03:04:25,-0.20
2026-07-30 03:06:51,0.20
2026-07-30 03:08:09,-0.30
2026-07-30 03:08:48,0.30
2026-07-30 03:09:17,-0.40
2026-07-30 03:10:06,0.10
2026-07-30 03:11:13,0.40
2026-07-30 03:11:24,-0.20
2026-07-30 03:12:41,0.00
2026-07-30 03:13:02,-0.50
2026-07-30 03:14:09,0.20
2026-07-30 03:15:27,-0.30
2026-07-30 03:15:37,-0.20
2026-07-30 03:15:57,0.10
2026-07-30 03:17:25,-0.40
2026-07-30 03:19:02,-0.20
2026-07-30 03:19:21,0.20
2026-07-30 03:20:40,-0.40
2026-07-30 03:20:49,0.40
2026-07-30 03:22:46,-0.40
2026-07-30 03:22:55,0.10
2026-07-30 03:24:23,0.00
2026-07-30 03:24:52,-0.30
2026-07-30 03:25:31,0.00
2026-07-30 03:26:30,-0.40
2026-07-30 03:28:46,0.10
2026-07-30 03:29:05,-0.30
2026-07-30 03:29:54,0.30
2026-07-30 03:30:43,-0.40
2026-07-30 03:31:12,-0.10
2026-07-30 03:32:40,-0.30
2026-07-30 03:33:29,0.00
2026-07-30 03:34:08,0.10
2026-07-30 03:35:16,-0.30
2026-07-30 03:35:25,0.00
2026-07-30 03:35:35,-0.40
2026-07-30 03:37:51,0.00
2026-07-30 03:38:11,-0.30
2026-07-30 03:39:09,-0.50
2026-07-30 03:39:38,0.00
2026-07-30 03:40:26,0.10
2026-07-30 03:41:35,-0.50
2026-07-30 03:42:34,-0.40
2026-07-30 03:43:22,0.00
2026-07-30 03:44:30,-0.50
2026-07-30 03:44:49,0.00
2026-07-30 03:46:56,-0.40
2026-07-30 03:47:44,0.10
2026-07-30 03:48:24,-0.30
2026-07-30 03:50:11,0.00
2026-07-30 03:50:30,-0.10
2026-07-30 03:51:20,-0.30
2026-07-30 03:51:58,-0.40
2026-07-30 03:52:08,0.00
2026-07-30 03:53:55,-0.30
2026-07-30 03:54:14,0.00
2026-07-30 03:55:52,-0.40
2026-07-30 03:56:51,-0.50
2026-07-30 03:57:01,0.00
2026-07-30 03:58:38,-0.40
2026-07-30 03:59:36,0.00
2026-07-30 04:00:15,-0.50
2026-07-30 04:00:43,0.00
2026-07-30 04:01:52,-0.40
2026-07-30 04:02:01,0.00
2026-07-30 04:04:47,-0.50
2026-07-30 04:05:46,-0.10
2026-07-30 04:05:56,-0.40
2026-07-30 04:07:14,-0.10
2026-07-30 04:07:52,-0.40
2026-07-30 04:08:32,0.00
2026-07-30 04:09:11,-0.50
2026-07-30 04:10:09,-0.10
2026-07-30 04:11:17,-0.50
2026-07-30 04:13:15,0.00
2026-07-30 04:13:33,-0.10
2026-07-30 04:14:22,-0.40
2026-07-30 04:15:10,-0.10
2026-07-30 04:16:47,-0.50
2026-07-30 04:17:18,0.00
2026-07-30 04:19:14,-0.40
2026-07-30 04:21:01,0.00
2026-07-30 04:22:28,-0.40
2026-07-30 04:23:17,0.00
2026-07-30 04:23:37,-0.40
2026-07-30 04:25:04,-0.30
2026-07-30 04:25:15,0.00
2026-07-30 04:28:00,-0.50
2026-07-30 04:29:28,0.10
2026-07-30 04:29:37,-0.40
2026-07-30 04:29:56,0.00
2026-07-30 04:31:05,-0.40
2026-07-30 04:31:44,-0.10
2026-07-30 04:34:00,-0.50
2026-07-30 04:35:28,-0.10
2026-07-30 04:37:54,-0.60
2026-07-30 04:38:14,0.10
2026-07-30 04:38:52,-0.50
2026-07-30 04:39:51,0.00
2026-07-30 04:40:00,-0.40
2026-07-30 04:41:47,-0.50
2026-07-30 04:42:27,-0.10
2026-07-30 04:43:44,-0.50
2026-07-30 04:44:22,-0.10
2026-07-30 04:44:52,-0.50
2026-07-30 04:45:02,-0.10
2026-07-30 04:46:49,-0.50
2026-07-30 04:46:58,-0.20
2026-07-30 04:48:26,-0.40
2026-07-30 04:48:36,-0.10
2026-07-30 04:50:23,-0.40
2026-07-30 04:51:02,0.00
2026-07-30 04:52:50,-0.40
2026-07-30 04:52:59,-0.50
2026-07-30 04:53:27,-0.10
2026-07-30 04:55:35,-0.40
2026-07-30 04:56:53,0.00
2026-07-30 04:57:03,-0.40
2026-07-30 04:58:31,-0.10
2026-07-30 04:58:49,-0.50
2026-07-30 04:59:58,0.10
2026-07-30 05:01:25,-0.10
2026-07-30 05:01:35,-0.40
2026-07-30 05:03:22,-0.10
2026-07-30 05:04:11,-0.50
2026-07-30 05:04:39,-0.10
2026-07-30 05:05:38,-0.40
2026-07-30 05:07:06,-0.10
2026-07-30 05:07:26,-0.50
2026-07-30 05:08:04,-0.10
2026-07-30 05:08:53,-0.40
2026-07-30 05:09:41,-0.50
2026-07-30 05:10:49,-0.10
2026-07-30 05:11:48,0.00
2026-07-30 05:12:27,-0.60
2026-07-30 05:12:46,-0.10
2026-07-30 05:13:16,-0.40
2026-07-30 05:14:44,-0.50
2026-07-30 05:15:33,-0.10
2026-07-30 05:16:59,-0.50
2026-07-30 05:18:08,-0.20
2026-07-30 05:19:16,-0.40
2026-07-30 05:20:14,-0.10
2026-07-30 05:20:44,-0.50
2026-07-30 05:21:23,-0.10
2026-07-30 05:22:21,-0.40
2026-07-30 05:23:29,-0.10
2026-07-30 05:25:55,-0.50
2026-07-30 05:26:06,-0.20
2026-07-30 05:26:54,-0.50
2026-07-30 05:27:53,-0.20
2026-07-30 05:29:20,-0.40
2026-07-30 05:29:30,-0.20
2026-07-30 05:30:58,-0.30
2026-07-30 05:31:26,-0.20
2026-07-30 05:33:52,-0.40
2026-07-30 05:34:12,-0.50
2026-07-30 05:34:41,-0.20
2026-07-30 05:35:59,-0.50
2026-07-30 05:36:18,-0.10
2026-07-30 05:37:46,-0.50
2026-07-30 05:38:54,-0.10
2026-07-30 05:39:33,-0.20
2026-07-30 05:40:02,-0.40
2026-07-30 05:41:01,-0.20
2026-07-30 05:41:10,-0.50
2026-07-30 05:43:37,-0.20
2026-07-30 05:44:06,-0.50
2026-07-30 05:44:24,-0.20
2026-07-30 05:45:52,-0.50
2026-07-30 05:46:51,-0.10
2026-07-30 05:47:30,-0.50
2026-07-30 05:48:10,-0.10
2026-07-30 05:49:07,-0.50
2026-07-30 05:49:37,-0.20
2026-07-30 05:50:45,-0.60
2026-07-30 05:50:55,-0.20
2026-07-30 05:52:32,-0.50
2026-07-30 05:53:30,-0.20
2026-07-30 05:54:00,-0.40
2026-07-30 05:54:10,-0.20
2026-07-30 05:55:47,-0.60
2026-07-30 05:56:06,-0.20
2026-07-30 05:57:24,-0.50
2026-07-30 05:58:52,-0.20
2026-07-30 05:59:11,-0.50
2026-07-30 05:59:41,-0.20
2026-07-30 06:01:47,-0.60
2026-07-30 06:03:14,-0.20
2026-07-30 06:05:31,-0.60
2026-07-30 06:05:41,-0.50
2026-07-30 06:05:51,-0.20
2026-07-30 06:07:38,-0.50
2026-07-30 06:07:57,-0.20
2026-07-30 06:08:55,-0.10
2026-07-30 06:09:44,-0.50
2026-07-30 06:10:52,-0.20
2026-07-30 06:11:02,-0.50
2026-07-30 06:12:30,-0.40
2026-07-30 06:12:40,-0.20
2026-07-30 06:13:58,-0.40
2026-07-30 06:14:07,-0.20
2026-07-30 06:16:23,-0.50
2026-07-30 06:17:32,-0.60
2026-07-30 06:18:10,-0.10
2026-07-30 06:19:09,-0.40
2026-07-30 06:20:07,-0.10
2026-07-30 06:20:36,-0.20
2026-07-30 06:21:25,-0.60
2026-07-30 06:22:53,-0.10
2026-07-30 06:23:03,-0.50
2026-07-30 06:24:10,-0.20
2026-07-30 06:25:28,-0.50
2026-07-30 06:26:27,-0.20
2026-07-30 06:27:06,-0.10
2026-07-30 06:28:04,-0.70
2026-07-30 06:28:53,-0.50
2026-07-30 06:29:03,-0.20
2026-07-30 06:30:59,-0.50
2026-07-30 06:31:58,-0.20
2026-07-30 06:32:36,-0.50
2026-07-30 06:34:03,-0.20
2026-07-30 06:34:23,-0.50
2026-07-30 06:36:40,-0.10
2026-07-30 06:37:08,-0.50
2026-07-30 06:38:45,-0.20
2026-07-30 06:39:06,-0.60
2026-07-30 06:40:13,-0.30
2026-07-30 06:41:41,-0.60
2026-07-30 06:42:00,-0.20
2026-07-30 06:43:19,-0.60
2026-07-30 06:43:48,-0.10
2026-07-30 06:45:06,-0.50
2026-07-30 06:46:04,-0.20
2026-07-30 06:46:43,-0.60
2026-07-30 06:47:02,-0.20
2026-07-30 06:47:12,-0.50
2026-07-30 06:48:39,-0.60
2026-07-30 06:48:59,-0.20
2026-07-30 06:50:16,-0.50
2026-07-30 06:50:37,-0.10
2026-07-30 06:51:54,-0.20
2026-07-30 06:52:53,-0.50
2026-07-30 06:53:31,-0.10
2026-07-30 06:54:10,-0.50
2026-07-30 06:55:38,-0.60
2026-07-30 06:56:17,-0.10
2026-07-30 06:57:15,-0.50
2026-07-30 06:57:54,-0.10
2026-07-30 06:58:23,-0.60
2026-07-30 06:59:12,0.00
2026-07-30 07:00:01,-0.10
2026-07-30 07:01:28,-0.40
2026-07-30 07:01:48,-0.10
2026-07-30 07:02:27,-0.50
2026-07-30 07:03:35,-0.60
2026-07-30 07:03:55,-0.20
2026-07-30 07:05:42,-0.50
2026-07-30 07:05:52,-0.10
2026-07-30 07:06:51,-0.60
2026-07-30 07:07:39,0.00
2026-07-30 07:08:28,-0.60
2026-07-30 07:08:37,-0.20
2026-07-30 07:10:54,-0.60
2026-07-30 07:11:42,-0.20
2026-07-30 07:13:00,-0.60
2026-07-30 07:13:39,-0.20
2026-07-30 07:14:18,-0.60
2026-07-30 07:15:16,-0.50
2026-07-30 07:15:26,0.00
2026-07-30 07:16:54,-0.50
2026-07-30 07:17:33,-0.20
2026-07-30 07:18:22,-0.50
2026-07-30 07:18:51,-0.40
2026-07-30 07:19:59,-0.50
2026-07-30 07:20:57,-0.20
2026-07-30 07:21:55,-0.10
2026-07-30 07:22:06,-0.60
2026-07-30 07:23:23,-0.20
2026-07-30 07:24:02,-0.50
2026-07-30 07:26:18,-0.10
2026-07-30 07:26:28,-0.50
2026-07-30 07:26:37,-0.20
2026-07-30 07:28:15,-0.60
2026-07-30 07:28:25,-0.20
2026-07-30 07:30:32,-0.50
2026-07-30 07:32:39,-0.10
2026-07-30 07:33:08,-0.50
2026-07-30 07:33:28,-0.20
2026-07-30 07:34:45,-0.50
2026-07-30 07:35:23,-0.10
2026-07-30 07:36:31,-0.20
2026-07-30 07:36:42,-0.50
2026-07-30 07:37:59,-0.20
2026-07-30 07:38:19,-0.40
2026-07-30 07:39:36,-0.20
2026-07-30 07:39:56,-0.50
2026-07-30 07:41:53,-0.40
2026-07-30 07:42:03,-0.20
2026-07-30 07:44:00,-0.50
2026-07-30 07:44:59,-0.20
2026-07-30 07:45:08,-0.50
2026-07-30 07:46:55,-0.10
2026-07-30 07:48:13,-0.20
2026-07-30 07:48:52,-0.50
2026-07-30 07:49:30,-0.20
2026-07-30 07:50:19,-0.50
2026-07-30 07:51:57,-0.10
2026-07-30 07:52:55,-0.50
2026-07-30 07:53:15,-0.20
2026-07-30 07:55:41,0.00
2026-07-30 07:55:50,-0.50
2026-07-30 07:56:39,-0.10
2026-07-30 07:57:17,-0.50
2026-07-30 07:57:48,-0.20
2026-07-30 07:58:07,-0.50
2026-07-30 07:59:44,-0.40
2026-07-30 07:59:54,-0.10
2026-07-30 08:01:51,-0.40
2026-07-30 08:03:18,0.00
2026-07-30 08:04:46,-0.50
2026-07-30 08:05:15,-0.10
2026-07-30 08:06:43,0.00
2026-07-30 08:07:31,-0.40
2026-07-30 08:08:30,-0.30
2026-07-30 08:08:58,0.00
2026-07-30 08:10:07,-0.40
2026-07-30 08:10:17,0.00
2026-07-30 08:11:25,-0.50
2026-07-30 08:11:35,0.00
2026-07-30 08:13:41,-0.50
2026-07-30 08:13:51,-0.10
2026-07-30 08:15:39,-0.40
2026-07-30 08:15:48,-0.10
2026-07-30 08:16:07,-0.40
2026-07-30 08:16:27,-0.10
2026-07-30 08:18:05,-0.40
2026-07-30 08:19:12,0.00
2026-07-30 08:19:52,-0.40
2026-07-30 08:21:19,-0.10
2026-07-30 08:22:17,-0.50
2026-07-30 08:23:06,0.00
2026-07-30 08:23:55,-0.40
2026-07-30 08:24:44,-0.10
2026-07-30 08:25:02,-0.30
2026-07-30 08:26:01,0.00
2026-07-30 08:26:22,-0.30
2026-07-30 08:27:41,-0.40
2026-07-30 08:27:51,0.00
2026-07-30 08:29:28,-0.40
2026-07-30 08:31:06,-0.10
2026-07-30 08:32:53,-0.20
2026-07-30 08:33:51,-0.50
2026-07-30 08:35:38,0.00
2026-07-30 08:36:08,-0.10
2026-07-30 08:36:27,-0.50
2026-07-30 08:37:55,-0.40
2026-07-30 08:38:13,0.00
2026-07-30 08:39:32,-0.30
2026-07-30 08:40:22,0.30
2026-07-30 08:41:12,0.20
2026-07-30 08:42:15,-0.40
2026-07-30 08:43:03,0.10
2026-07-30 08:43:24,-0.20
2026-07-30 08:44:41,-0.30
2026-07-30 08:45:01,0.10
2026-07-30 08:45:59,-0.30
2026-07-30 08:46:09,0.10
2026-07-30 08:47:27,-0.30
2026-07-30 08:48:25,0.10
2026-07-30 08:49:42,-0.20
2026-07-30 08:49:53,0.10
2026-07-30 08:50:42,-0.30
2026-07-30 08:51:39,0.00
2026-07-30 08:52:47,-0.30
2026-07-30 08:53:46,0.10
2026-07-30 08:55:23,-0.30
2026-07-30 08:55:33,0.00
2026-07-30 08:55:43,-0.30
2026-07-30 08:57:30,0.00
2026-07-30 08:58:38,-0.30
2026-07-30 08:58:57,0.00
2026-07-30 09:00:25,-0.50
2026-07-30 09:00:35,-0.40
2026-07-30 09:01:52,0.20
2026-07-30 09:02:13,0.10
2026-07-30 09:02:22,-0.30
2026-07-30 09:04:00,-0.20
2026-07-30 09:04:29,0.20
2026-07-30 09:05:47,0.00
2026-07-30 09:06:16,-0.30
2026-07-30 09:07:14,0.00
2026-07-30 09:07:33,-0.30
2026-07-30 09:09:21,-0.20
2026-07-30 09:09:41,0.20
2026-07-30 09:10:59,0.10
2026-07-30 09:11:18,-0.20
2026-07-30 09:13:34,0.20
2026-07-30 09:14:51,-0.40
2026-07-30 09:15:12,0.30
2026-07-30 09:16:10,-0.30
2026-07-30 09:16:39,0.20
2026-07-30 09:17:18,-0.30
2026-07-30 09:18:36,-0.20
2026-07-30 09:19:54,0.20
2026-07-30 09:20:32,-0.20
2026-07-30 09:21:12,0.20
2026-07-30 09:22:20,0.10
2026-07-30 09:22:39,-0.40
2026-07-30 09:24:17,-0.10
2026-07-30 09:24:36,0.20
2026-07-30 09:26:13,-0.20
2026-07-30 09:26:52,0.30
2026-07-30 09:28:29,-0.30
2026-07-30 09:28:50,0.10
2026-07-30 09:29:38,-0.30
2026-07-30 09:30:17,0.20
2026-07-30 09:31:15,-0.20
2026-07-30 09:32:42,0.20
2026-07-30 09:34:49,-0.40
2026-07-30 09:34:58,0.40
2026-07-30 09:35:08,0.20
2026-07-30 09:35:38,-0.20
2026-07-30 09:37:34,-0.10
2026-07-30 09:38:23,0.30
2026-07-30 09:38:33,-0.20
2026-07-30 09:39:03,0.30
2026-07-30 09:40:11,0.10
2026-07-30 09:40:21,-0.40
2026-07-30 09:41:58,-0.20
2026-07-30 09:42:36,0.30
2026-07-30 09:43:35,-0.10
2026-07-30 09:44:14,0.40
2026-07-30 09:46:01,-0.20
2026-07-30 09:46:40,0.20
2026-07-30 09:46:50,-0.20
2026-07-30 09:48:46,-0.40
2026-07-30 09:49:54,0.30
2026-07-30 09:50:14,-0.10
2026-07-30 09:51:02,0.30
2026-07-30 09:51:51,-0.20
2026-07-30 09:52:11,0.30
2026-07-30 09:54:17,0.40
2026-07-30 09:54:27,-0.20
2026-07-30 09:54:57,0.50
2026-07-30 09:56:04,-0.40
2026-07-30 09:56:43,0.10
2026-07-30 09:57:51,-0.30
2026-07-30 09:58:59,0.30
2026-07-30 09:59:09,-0.30
2026-07-30 09:59:58,-0.20
2026-07-30 10:01:16,0.40
2026-07-30 10:01:35,0.00
2026-07-30 10:02:53,0.50
2026-07-30 10:03:32,0.90
2026-07-30 10:04:20,-0.20
2026-07-30 10:04:50,0.30
2026-07-30 10:05:57,-0.10
2026-07-30 10:06:47,0.30
2026-07-30 10:07:45,-0.10
2026-07-30 10:08:14,-0.30
2026-07-30 10:08:53,0.40
2026-07-30 10:10:01,0.00
2026-07-30 10:10:50,0.30
2026-07-30 10:12:17,-0.10
2026-07-30 10:12:47,0.50
2026-07-30 10:13:26,0.00
2026-07-30 10:13:55,0.40
2026-07-30 10:14:43,0.30
2026-07-30 10:15:03,0.10
2026-07-30 10:16:40,0.40
2026-07-30 10:17:29,0.00
2026-07-30 10:18:07,0.10
2026-07-30 10:18:37,0.50
2026-07-30 10:19:45,0.40
2026-07-30 10:20:14,-0.20
2026-07-30 10:21:22,-0.10
2026-07-30 10:22:10,0.40
2026-07-30 10:23:10,0.60
2026-07-30 10:23:58,0.00
2026-07-30 10:25:25,0.10
2026-07-30 10:25:55,1.10
2026-07-30 10:26:34,0.60
2026-07-30 10:26:53,-0.10
2026-07-30 10:28:31,0.70
2026-07-30 10:29:19,0.00
2026-07-30 10:30:08,-0.10
2026-07-30 10:30:18,0.30
2026-07-30 10:31:17,-0.10
2026-07-30 10:32:34,0.50
2026-07-30 10:33:52,0.60
2026-07-30 10:34:02,0.00
2026-07-30 10:35:20,0.30
2026-07-30 10:35:59,-0.30
2026-07-30 10:36:18,0.10
2026-07-30 10:36:37,-0.20
2026-07-30 10:37:55,0.30
2026-07-30 10:38:24,0.00
2026-07-30 10:40:12,0.40
2026-07-30 10:41:10,0.60
2026-07-30 10:41:59,0.00
2026-07-30 10:42:48,0.30
2026-07-30 10:43:27,-0.10
2026-07-30 10:44:45,0.30
2026-07-30 10:45:42,-0.10
2026-07-30 10:46:03,0.30
2026-07-30 10:46:22,-0.30
2026-07-30 10:49:17,0.30
2026-07-30 10:49:45,0.50
2026-07-30 10:49:56,0.00
2026-07-30 10:52:03,0.30
2026-07-30 10:52:31,-0.20
2026-07-30 10:52:51,0.20
2026-07-30 10:53:59,-0.20
2026-07-30 10:55:07,-0.40
2026-07-30 10:55:17,0.30
2026-07-30 10:56:15,-0.20
2026-07-30 10:57:33,0.20
2026-07-30 10:58:22,0.40
2026-07-30 10:59:11,-0.40
2026-07-30 10:59:20,-0.10
2026-07-30 10:59:30,0.50
2026-07-30 11:01:46,0.40
2026-07-30 11:02:06,-0.20
2026-07-30 11:02:34,0.10
2026-07-30 11:03:33,-0.20
2026-07-30 11:05:21,0.20
2026-07-30 11:06:19,0.40
2026-07-30 11:07:16,-0.10
2026-07-30 11:08:15,-0.30
2026-07-30 11:09:04,0.20
2026-07-30 11:09:13,0.30
2026-07-30 11:10:02,-0.30
2026-07-30 11:10:51,-0.20
2026-07-30 11:12:19,0.30
2026-07-30 11:13:37,-0.20
2026-07-30 11:13:46,0.30
2026-07-30 11:14:44,0.00
2026-07-30 11:15:24,-0.30
2026-07-30 11:17:10,0.20
2026-07-30 11:18:29,-0.40
2026-07-30 11:18:57,0.30
2026-07-30 11:19:27,-0.40
2026-07-30 11:20:25,0.20
2026-07-30 11:21:34,-0.30
2026-07-30 11:22:32,0.40
2026-07-30 11:22:42,-0.30
2026-07-30 11:24:19,-0.20
2026-07-30 11:25:37,0.20
2026-07-30 11:25:47,0.30
2026-07-30 11:25:56,-0.10
2026-07-30 11:28:22,-0.20
2026-07-30 11:28:32,0.30
2026-07-30 11:29:01,-0.10
2026-07-30 11:30:19,0.40
2026-07-30 11:30:38,-0.20
2026-07-30 11:32:05,0.20
2026-07-30 11:33:43,-0.30
2026-07-30 11:34:22,-0.10
2026-07-30 11:35:21,0.10
2026-07-30 11:35:40,0.00
2026-07-30 11:36:28,0.20
2026-07-30 11:37:47,-0.40
2026-07-30 11:38:46,0.40
2026-07-30 11:39:04,0.50
2026-07-30 11:39:53,-0.20
2026-07-30 11:41:21,0.50
2026-07-30 11:42:00,0.00
2026-07-30 11:42:09,0.60
2026-07-30 11:42:28,0.00
2026-07-30 11:44:17,0.50
2026-07-30 11:44:45,0.00
2026-07-30 11:45:54,-0.20
2026-07-30 11:46:23,0.50
2026-07-30 11:47:21,0.30
2026-07-30 11:48:39,-0.10
2026-07-30 11:48:59,-0.20
2026-07-30 11:49:57,0.40
2026-07-30 11:51:35,-0.30
2026-07-30 11:51:45,0.30
2026-07-30 11:53:41,-0.10
2026-07-30 11:54:30,0.00
2026-07-30 11:54:40,0.50
2026-07-30 11:56:17,0.20
2026-07-30 11:56:55,-0.20
2026-07-30 11:57:05,0.20
2026-07-30 11:58:04,-0.10
2026-07-30 11:59:31,-0.30
2026-07-30 11:59:42,0.30
2026-07-30 12:00:20,-0.20
2026-07-30 12:01:48,0.80
2026-07-30 12:01:58,0.40
2026-07-30 12:03:06,-0.70
2026-07-30 12:03:54,0.20
2026-07-30 12:04:43,-0.40
2026-07-30 12:05:22,0.20
2026-07-30 12:05:41,-0.10
2026-07-30 12:07:09,-0.20
2026-07-30 12:07:19,0.20
2026-07-30 12:08:47,0.30
2026-07-30 12:09:16,-0.30
2026-07-30 12:10:34,-0.20
2026-07-30 12:10:53,0.20
2026-07-30 12:12:50,-0.30
2026-07-30 12:13:49,0.10
2026-07-30 12:14:27,-0.30
2026-07-30 12:15:45,0.20
2026-07-30 12:16:05,-0.20
2026-07-30 12:17:22,0.20
2026-07-30 12:18:50,-0.20
2026-07-30 12:19:00,0.20
2026-07-30 12:20:27,-0.20
2026-07-30 12:20:57,0.00
2026-07-30 12:22:05,-0.20
2026-07-30 12:22:26,0.20
2026-07-30 12:24:51,-0.20
2026-07-30 12:25:30,-0.30
2026-07-30 12:25:59,0.70
2026-07-30 12:26:48,-0.40
2026-07-30 12:27:27,0.10
2026-07-30 12:28:26,-0.30
2026-07-30 12:29:33,0.20
2026-07-30 12:30:12,-0.20
2026-07-30 12:31:21,0.20
2026-07-30 12:33:17,-0.20
2026-07-30 12:33:47,0.00
2026-07-30 12:35:04,-0.30
2026-07-30 12:35:24,0.10
2026-07-30 12:37:30,-0.20
2026-07-30 12:38:39,0.10
2026-07-30 12:41:24,-0.30
2026-07-30 12:41:53,0.10
2026-07-30 12:42:52,-0.20
2026-07-30 12:44:29,-0.30
2026-07-30 12:44:48,0.10
2026-07-30 12:44:57,0.20
2026-07-30 12:45:17,-0.30
2026-07-30 12:47:14,-0.20
2026-07-30 12:48:02,0.10
2026-07-30 12:48:12,-0.20
2026-07-30 12:49:20,0.20
2026-07-30 12:50:10,0.10
2026-07-30 12:50:19,-0.20
2026-07-30 12:51:27,0.10
2026-07-30 12:51:47,-0.20
2026-07-30 12:53:33,0.10
2026-07-30 12:53:52,-0.20
2026-07-30 12:55:40,0.10
2026-07-30 12:56:48,0.20
2026-07-30 12:57:18,-0.30
2026-07-30 12:58:25,0.20
2026-07-30 12:58:45,-0.20
2026-07-30 13:00:13,0.20
2026-07-30 13:01:50,-0.20
2026-07-30 13:04:16,0.20
2026-07-30 13:04:46,0.10
2026-07-30 13:06:03,-0.20
2026-07-30 13:07:02,0.30
2026-07-30 13:07:11,-0.20
2026-07-30 13:08:59,0.30
2026-07-30 13:09:56,-0.10
2026-07-30 13:10:46,0.10
2026-07-30 13:11:15,0.20
2026-07-30 13:11:24,-0.20
2026-07-30 13:13:01,-0.30
2026-07-30 13:13:32,0.30
2026-07-30 13:15:18,-0.10
2026-07-30 13:15:37,0.30
2026-07-30 13:16:07,0.10
2026-07-30 13:16:16,0.20
2026-07-30 13:16:26,0.10
2026-07-30 13:17:24,-0.20
2026-07-30 13:18:04,0.10
2026-07-30 13:18:52,-0.20
2026-07-30 13:19:32,-0.30
2026-07-30 13:20:39,0.10
2026-07-30 13:22:27,-0.30
2026-07-30 13:23:15,-0.20
2026-07-30 13:24:04,0.10
2026-07-30 13:25:42,0.20
2026-07-30 13:25:51,-0.30
2026-07-30 13:26:30,-0.40
2026-07-30 13:26:40,-0.10
2026-07-30 13:27:48,0.10
2026-07-30 13:28:18,-0.30
2026-07-30 13:29:25,0.10
2026-07-30 13:30:53,-0.40
2026-07-30 13:31:22,0.10
2026-07-30 13:31:51,-0.30
2026-07-30 13:32:50,0.10
2026-07-30 13:33:09,-0.20
2026-07-30 13:34:27,0.00
2026-07-30 13:35:06,0.30
2026-07-30 13:36:04,0.20
2026-07-30 13:36:24,-0.20
2026-07-30 13:38:01,-0.10
2026-07-30 13:39:09,0.20
2026-07-30 13:40:56,-0.40
2026-07-30 13:41:45,0.20
2026-07-30 13:41:55,-0.20
2026-07-30 13:42:44,0.00
2026-07-30 13:44:11,-0.20
2026-07-30 13:44:22,0.20
2026-07-30 13:45:39,-0.30
2026-07-30 13:46:17,0.10
2026-07-30 13:46:57,-0.20
2026-07-30 13:47:36,-0.30
2026-07-30 13:47:54,0.00
2026-07-30 13:49:13,0.10
2026-07-30 13:50:12,-0.10
2026-07-30 13:51:10,0.10
2026-07-30 13:51:19,-0.30
2026-07-30 13:52:47,0.10
2026-07-30 13:53:26,-0.10
2026-07-30 13:54:15,-0.20
2026-07-30 13:54:15,-0.20
2026-07-30 13:54:16,0.00
