obsTime,Signal drop
2026-07-21 08:00:00,-0.35
2026-07-21 08:00:02,-0.15
2026-07-21 08:00:06,-0.33
2026-07-21 08:00:15,-0.12
2026-07-21 08:00:19,-0.42
2026-07-21 08:01:23,0.08
2026-07-21 08:01:59,-0.12
2026-07-21 08:02:03,-0.37
2026-07-21 08:03:42,-0.10
2026-07-21 08:03:46,-0.46
2026-07-21 08:05:17,-0.40
2026-07-21 08:06:01,-0.13
2026-07-21 08:07:00,-0.10
2026-07-21 08:08:25,-0.40
2026-07-21 08:09:10,-0.10
2026-07-21 08:09:28,-0.36
2026-07-21 08:11:30,-0.54
2026-07-21 08:11:47,0.46
2026-07-21 08:11:52,-0.45
2026-07-21 08:13:00,0.03
2026-07-21 08:13:35,-0.36
2026-07-21 08:14:53,-0.07
2026-07-21 08:16:40,-0.12
2026-07-21 08:16:44,-0.43
2026-07-21 08:17:47,-0.37
2026-07-21 08:17:56,-0.12
2026-07-21 08:19:21,-0.36
2026-07-21 08:19:40,-0.07
2026-07-21 08:21:40,-0.37
2026-07-21 08:22:31,0.02
2026-07-21 08:23:11,-0.53
2026-07-21 08:23:37,0.08
2026-07-21 08:23:55,-0.38
2026-07-21 08:25:30,0.18
2026-07-21 08:26:07,-0.41
2026-07-21 08:27:08,-0.32
2026-07-21 08:28:12,-0.08
2026-07-21 08:28:35,-0.13
2026-07-21 08:28:43,-0.29
2026-07-21 08:30:14,-0.14
2026-07-21 08:30:54,-0.32
2026-07-21 08:31:43,-0.26
2026-07-21 08:32:32,-0.12
2026-07-21 08:33:27,-0.10
2026-07-21 08:33:45,-0.26
2026-07-21 08:35:01,-0.32
2026-07-21 08:36:22,0.02
2026-07-21 08:36:58,-0.04
2026-07-21 08:37:42,-0.31
2026-07-21 08:38:32,-0.30
2026-07-21 08:39:25,0.00
2026-07-21 08:39:57,-0.05
2026-07-21 08:40:02,-0.34
2026-07-21 08:41:50,-0.26
2026-07-21 08:42:30,-0.05
2026-07-21 08:43:42,-0.02
2026-07-21 08:44:17,-0.31
2026-07-21 08:44:58,-0.09
2026-07-21 08:45:08,-0.26
2026-07-21 08:47:26,-0.25
2026-07-21 08:47:44,-0.03
2026-07-21 08:48:25,-0.26
2026-07-21 08:48:29,0.04
2026-07-21 08:49:55,0.01
2026-07-21 08:50:09,-0.32
2026-07-21 08:51:46,-0.24
2026-07-21 08:52:59,0.08
2026-07-21 08:53:22,-0.04
2026-07-21 08:53:30,-0.32
2026-07-21 08:54:56,-0.30
2026-07-21 08:55:17,0.02
2026-07-21 08:56:35,-0.33
2026-07-21 08:57:47,-0.01
2026-07-21 08:58:04,-0.30
2026-07-21 08:58:10,-0.02
2026-07-21 09:00:24,-0.28
2026-07-21 09:00:56,0.18
2026-07-21 09:01:22,0.09
2026-07-21 09:01:58,-0.22
2026-07-21 09:03:30,-0.03
2026-07-21 09:03:56,-0.34
2026-07-21 09:04:57,0.01
2026-07-21 09:05:30,-0.38
2026-07-21 09:07:20,-0.28
2026-07-21 09:07:36,0.01
2026-07-21 09:07:58,-0.02
2026-07-21 09:08:11,-0.46
2026-07-21 09:09:37,-0.01
2026-07-21 09:10:21,-0.31
2026-07-21 09:11:51,0.01
2026-07-21 09:11:57,-0.21
2026-07-21 09:13:39,0.03
2026-07-21 09:13:48,-0.20
2026-07-21 09:14:46,0.09
2026-07-21 09:15:05,-0.23
2026-07-21 09:16:30,-0.25
2026-07-21 09:17:11,0.06
2026-07-21 09:18:39,-0.40
2026-07-21 09:19:04,0.42
2026-07-21 09:19:35,0.17
2026-07-21 09:19:39,-0.37
2026-07-21 09:21:40,-0.34
2026-07-21 09:22:36,0.30
2026-07-21 09:22:52,-0.31
2026-07-21 09:23:02,0.09
2026-07-21 09:24:31,-0.26
2026-07-21 09:26:00,-0.02
2026-07-21 09:26:55,-0.06
2026-07-21 09:27:18,-0.38
2026-07-21 09:28:33,-0.23
2026-07-21 09:28:38,-0.03
2026-07-21 09:29:50,0.02
2026-07-21 09:30:15,-0.26
2026-07-21 09:31:12,0.02
2026-07-21 09:31:16,-0.26
2026-07-21 09:32:49,-0.22
2026-07-21 09:34:11,0.01
2026-07-21 09:34:38,-0.03
2026-07-21 09:34:47,-0.25
2026-07-21 09:36:12,-0.28
2026-07-21 09:36:34,0.06
2026-07-21 09:38:18,0.15
2026-07-21 09:39:07,-0.33
2026-07-21 09:39:26,-0.32
2026-07-21 09:40:37,0.00
2026-07-21 09:41:27,-0.26
2026-07-21 09:42:21,0.04
2026-07-21 09:42:39,-0.27
2026-07-21 09:43:33,0.23
2026-07-21 09:44:35,0.26
2026-07-21 09:44:44,-0.26
2026-07-21 09:46:41,-0.28
2026-07-21 09:47:04,-0.06
2026-07-21 09:47:53,-0.34
2026-07-21 09:48:34,0.12
2026-07-21 09:49:32,-0.35
2026-07-21 09:50:27,0.44
2026-07-21 09:50:57,-0.37
2026-07-21 09:51:07,0.16
2026-07-21 09:53:11,-0.26
2026-07-21 09:53:21,0.26
2026-07-21 09:54:28,-0.36
2026-07-21 09:55:14,0.19
2026-07-21 09:56:02,-0.32
2026-07-21 09:56:43,0.53
2026-07-21 09:57:28,0.14
2026-07-21 09:58:49,-0.39
2026-07-21 09:59:21,-0.30
2026-07-21 10:00:18,0.15
2026-07-21 10:01:40,-0.35
2026-07-21 10:01:44,0.26
2026-07-21 10:03:14,0.10
2026-07-21 10:03:58,-0.31
2026-07-21 10:05:15,-0.38
2026-07-21 10:05:34,0.12
2026-07-21 10:06:41,-0.37
2026-07-21 10:06:45,0.00
2026-07-21 10:07:48,-0.22
2026-07-21 10:08:38,0.10
2026-07-21 10:09:05,0.11
2026-07-21 10:09:18,-0.22
2026-07-21 10:11:02,-0.28
2026-07-21 10:11:55,0.05
2026-07-21 10:13:16,-0.24
2026-07-21 10:13:34,0.13
2026-07-21 10:15:09,0.25
2026-07-21 10:15:30,-0.33
2026-07-21 10:16:48,0.31
2026-07-21 10:17:05,-0.41
2026-07-21 10:17:41,-0.20
2026-07-21 10:18:30,0.24
2026-07-21 10:19:20,-0.32
2026-07-21 10:19:29,0.40
2026-07-21 10:21:53,0.54
2026-07-21 10:22:11,-0.27
2026-07-21 10:22:29,0.17
2026-07-21 10:23:23,-0.33
2026-07-21 10:24:17,-0.23
2026-07-21 10:24:22,0.08
2026-07-21 10:25:51,0.06
2026-07-21 10:26:40,-0.22
2026-07-21 10:28:10,-0.16
2026-07-21 10:28:24,0.04
2026-07-21 10:29:09,0.00
2026-07-21 10:29:37,-0.29
2026-07-21 10:31:01,0.00
2026-07-21 10:31:56,-0.25
2026-07-21 10:32:17,0.22
2026-07-21 10:33:21,-0.22
2026-07-21 10:34:24,-0.35
2026-07-21 10:35:23,0.15
2026-07-21 10:35:50,0.23
2026-07-21 10:35:54,-0.32
2026-07-21 10:37:28,0.31
2026-07-21 10:38:25,-0.34
2026-07-21 10:39:16,0.23
2026-07-21 10:39:21,-0.23
2026-07-21 10:41:07,0.05
2026-07-21 10:41:17,-0.16
2026-07-21 10:43:18,0.09
2026-07-21 10:43:37,-0.24
2026-07-21 10:43:41,0.33
2026-07-21 10:44:48,-0.22
2026-07-21 10:45:29,0.29
2026-07-21 10:45:38,-0.20
2026-07-21 10:48:01,-0.37
2026-07-21 10:48:32,0.13
2026-07-21 10:49:32,-0.25
2026-07-21 10:49:53,0.14
2026-07-21 10:50:16,0.06
2026-07-21 10:50:52,-0.18
2026-07-21 10:51:55,0.25
2026-07-21 10:51:59,-0.23
2026-07-21 10:54:05,0.22
2026-07-21 10:54:59,-0.34
2026-07-21 10:56:15,0.06
2026-07-21 10:56:25,-0.21
2026-07-21 10:58:12,0.17
2026-07-21 10:58:25,-0.22
2026-07-21 10:58:31,0.14
2026-07-21 10:58:58,-0.43
2026-07-21 11:00:13,-0.34
2026-07-21 11:01:07,0.10
2026-07-21 11:02:47,0.19
2026-07-21 11:02:52,-0.14
2026-07-21 11:04:20,-0.27
2026-07-21 11:04:39,0.37
2026-07-21 11:05:24,0.22
2026-07-21 11:05:33,-0.20
2026-07-21 11:06:54,0.21
2026-07-21 11:07:20,-0.32
2026-07-21 11:09:04,0.67
2026-07-21 11:09:17,-0.21
2026-07-21 11:10:25,0.49
2026-07-21 11:11:41,-0.19
2026-07-21 11:11:59,0.62
2026-07-21 11:12:54,-0.37
2026-07-21 11:14:37,-0.22
2026-07-21 11:14:54,0.14
2026-07-21 11:16:06,0.17
2026-07-21 11:16:24,-0.15
2026-07-21 11:16:42,-0.20
2026-07-21 11:18:07,0.15
2026-07-21 11:19:24,-0.23
2026-07-21 11:19:37,0.13
2026-07-21 11:20:45,-0.21
2026-07-21 11:20:49,0.14
2026-07-21 11:22:06,0.13
2026-07-21 11:22:28,-0.12
2026-07-21 11:24:11,0.08
2026-07-21 11:24:34,-0.19
2026-07-21 11:25:37,-0.16
2026-07-21 11:26:04,0.08
2026-07-21 11:26:54,0.14
2026-07-21 11:27:55,-0.19
2026-07-21 11:28:18,0.19
2026-07-21 11:28:47,-0.21
2026-07-21 11:30:25,0.15
2026-07-21 11:30:52,-0.23
2026-07-21 11:32:17,-0.17
2026-07-21 11:32:29,0.19
2026-07-21 11:33:24,0.08
2026-07-21 11:34:01,-0.14
2026-07-21 11:35:39,0.16
2026-07-21 11:36:42,-0.16
2026-07-21 11:38:03,0.10
2026-07-21 11:38:08,-0.12
2026-07-21 11:38:22,0.14
2026-07-21 11:40:49,0.12
2026-07-21 11:40:54,-0.20
2026-07-21 11:41:29,0.15
2026-07-21 11:42:33,-0.19
2026-07-21 11:43:56,-0.20
2026-07-21 11:44:03,0.14
2026-07-21 11:44:48,0.13
2026-07-21 11:45:09,-0.18
2026-07-21 11:46:22,-0.23
2026-07-21 11:46:53,0.14
2026-07-21 11:48:06,-0.14
2026-07-21 11:48:50,0.18
2026-07-21 11:50:33,-0.22
2026-07-21 11:50:51,0.13
2026-07-21 11:51:23,-0.22
2026-07-21 11:52:08,0.13
2026-07-21 11:53:59,-0.31
2026-07-21 11:54:09,0.24
2026-07-21 11:56:02,-0.24
2026-07-21 11:56:37,-0.29
2026-07-21 11:57:30,0.30
2026-07-21 11:58:38,0.29
2026-07-21 11:59:05,-0.21
2026-07-21 12:00:40,-0.52
2026-07-21 12:01:07,0.36
2026-07-21 12:01:16,-0.56
2026-07-21 12:02:14,0.55
2026-07-21 12:03:09,-0.43
2026-07-21 12:04:24,0.53
2026-07-21 12:05:31,0.43
2026-07-21 12:05:40,-0.08
2026-07-21 12:06:21,-0.02
2026-07-21 12:07:16,1.31
2026-07-21 12:07:56,0.16
2026-07-21 12:08:31,0.80
2026-07-21 12:10:19,0.10
2026-07-21 12:11:00,0.59
2026-07-21 12:11:17,0.12
2026-07-21 12:12:03,0.89
2026-07-21 12:13:32,-0.33
2026-07-21 12:13:59,0.78
2026-07-21 12:15:16,-0.21
2026-07-21 12:15:57,0.59
2026-07-21 12:16:11,0.05
2026-07-21 12:17:12,0.90
2026-07-21 12:17:52,0.85
2026-07-21 12:18:57,0.36
2026-07-21 12:19:31,0.64
2026-07-21 12:20:22,0.07
2026-07-21 12:21:24,0.22
2026-07-21 12:22:07,0.70
2026-07-21 12:23:17,0.68
2026-07-21 12:23:39,0.35
2026-07-21 12:24:38,0.31
2026-07-21 12:25:56,0.83
2026-07-21 12:26:17,1.36
2026-07-21 12:27:28,0.69
2026-07-21 12:27:52,0.72
2026-07-21 12:28:53,0.26
2026-07-21 12:29:16,0.38
2026-07-21 12:30:38,0.15
2026-07-21 12:31:26,0.31
2026-07-21 12:31:59,-0.04
2026-07-21 12:33:05,0.16
2026-07-21 12:33:13,-0.19
2026-07-21 12:34:45,-0.23
2026-07-21 12:35:46,0.17
2026-07-21 12:36:59,0.23
2026-07-21 12:37:23,-0.34
2026-07-21 12:37:53,-0.07
2026-07-21 12:38:25,0.56
2026-07-21 12:40:26,-0.21
2026-07-21 12:40:30,0.26
2026-07-21 12:41:13,0.27
2026-07-21 12:41:52,-0.26
2026-07-21 12:42:49,0.30
2026-07-21 12:44:01,-0.25
2026-07-21 12:44:33,0.41
2026-07-21 12:45:31,-0.04
2026-07-21 12:47:00,0.40
2026-07-21 12:47:14,-0.25
2026-07-21 12:47:27,0.05
2026-07-21 12:48:13,0.73
2026-07-21 12:49:12,0.49
2026-07-21 12:49:42,1.27
2026-07-21 12:50:50,0.84
2026-07-21 12:52:20,0.38
2026-07-21 12:53:23,0.17
2026-07-21 12:53:54,0.74
2026-07-21 12:55:14,2.36
2026-07-21 12:55:46,2.47
2026-07-21 12:57:07,4.44
2026-07-21 12:58:28,3.28
2026-07-21 12:58:51,4.08
2026-07-21 12:59:00,4.17
2026-07-21 13:00:30,2.98
2026-07-21 13:00:57,4.31
2026-07-21 13:02:14,1.95
2026-07-21 13:02:48,0.94
2026-07-21 13:03:11,2.36
2026-07-21 13:03:56,1.55
2026-07-21 13:05:08,0.86
2026-07-21 13:05:49,1.12
2026-07-21 13:06:47,0.56
2026-07-21 13:08:21,0.41
2026-07-21 13:08:35,0.97
2026-07-21 13:09:38,1.32
2026-07-21 13:10:05,0.28
2026-07-21 13:10:49,0.43
2026-07-21 13:12:02,1.14
2026-07-21 13:12:11,0.93
2026-07-21 13:13:36,2.10
2026-07-21 13:13:49,2.13
2026-07-21 13:15:20,1.46
2026-07-21 13:15:36,1.24
2026-07-21 13:16:59,3.98
2026-07-21 13:17:12,3.62
2026-07-21 13:18:42,9.98
2026-07-21 13:19:03,9.97
2026-07-21 13:19:45,12.71
2026-07-21 13:20:52,11.57
2026-07-21 13:21:55,15.19
2026-07-21 13:22:53,13.56
2026-07-21 13:23:21,16.49
2026-07-21 13:24:09,14.69
2026-07-21 13:24:49,16.68
2026-07-21 13:25:22,14.78
2026-07-21 13:26:56,10.19
2026-07-21 13:27:03,9.54
2026-07-21 13:28:35,4.53
2026-07-21 13:28:39,4.55
2026-07-21 13:30:17,2.03
2026-07-21 13:30:23,2.10
2026-07-21 13:31:43,1.14
2026-07-21 13:31:57,1.61
2026-07-21 13:33:26,0.32
2026-07-21 13:33:53,0.67
2026-07-21 13:34:11,0.35
2026-07-21 13:35:19,0.61
2026-07-21 13:36:44,0.14
2026-07-21 13:36:57,-0.06
2026-07-21 13:37:16,0.44
2026-07-21 13:38:55,0.13
2026-07-21 13:39:57,0.64
2026-07-21 13:40:29,0.57
2026-07-21 13:41:09,0.23
2026-07-21 13:42:26,0.24
2026-07-21 13:42:35,0.62
2026-07-21 13:43:42,0.49
2026-07-21 13:45:07,0.04
2026-07-21 13:46:01,0.35
2026-07-21 13:46:33,-0.01
2026-07-21 13:47:53,-0.14
2026-07-21 13:48:25,0.36
2026-07-21 13:49:14,0.05
2026-07-21 13:49:41,0.44
2026-07-21 13:51:07,0.41
2026-07-21 13:51:43,0.06
2026-07-21 13:51:47,0.32
2026-07-21 13:52:37,-0.26
2026-07-21 13:53:34,-0.08
2026-07-21 13:54:43,0.19
2026-07-21 13:55:10,-0.26
2026-07-21 13:55:14,0.16
2026-07-21 13:57:05,0.12
2026-07-21 13:57:35,-0.36
2026-07-21 13:58:27,0.22
2026-07-21 13:59:44,-0.28
2026-07-21 14:00:11,-0.35
2026-07-21 14:00:24,0.04
2026-07-21 14:01:58,-0.32
2026-07-21 14:02:04,0.08
2026-07-21 14:04:13,-0.33
2026-07-21 14:04:22,0.08
2026-07-21 14:05:57,0.04
2026-07-21 14:06:19,-0.27
2026-07-21 14:06:41,-0.34
2026-07-21 14:07:17,0.00
2026-07-21 14:08:38,-0.01
2026-07-21 14:08:52,-0.36
2026-07-21 14:10:22,-0.46
2026-07-21 14:11:19,-0.04
2026-07-21 14:11:38,-0.10
2026-07-21 14:11:52,-0.38
2026-07-21 14:13:35,-0.35
2026-07-21 14:13:58,0.03
2026-07-21 14:15:18,-0.29
2026-07-21 14:16:26,0.01
2026-07-21 14:16:42,-0.38
2026-07-21 14:16:52,-0.06
2026-07-21 14:19:02,-0.38
2026-07-21 14:19:30,0.02
2026-07-21 14:21:09,-0.05
2026-07-21 14:21:13,-0.50
2026-07-21 14:21:49,0.03
2026-07-21 14:22:29,-0.38
2026-07-21 14:24:08,-0.05
2026-07-21 14:24:35,-0.41
2026-07-21 14:25:16,-0.39
2026-07-21 14:25:56,0.01
2026-07-21 14:27:07,-0.02
2026-07-21 14:27:53,-0.32
2026-07-21 14:29:01,0.00
2026-07-21 14:29:14,-0.37
2026-07-21 14:30:13,-0.05
2026-07-21 14:31:06,-0.35
2026-07-21 14:31:38,-0.11
2026-07-21 14:32:49,-0.35
2026-07-21 14:33:34,-0.47
2026-07-21 14:34:24,0.00
2026-07-21 14:35:13,0.03
2026-07-21 14:35:27,-0.37
2026-07-21 14:36:52,-0.08
2026-07-21 14:37:01,-0.38
2026-07-21 14:38:21,-0.39
2026-07-21 14:39:16,-0.14
2026-07-21 14:39:47,-0.39
2026-07-21 14:40:01,-0.10
2026-07-21 14:41:35,-0.38
2026-07-21 14:42:02,0.01
2026-07-21 14:44:21,-0.43
2026-07-21 14:44:26,-0.03
2026-07-21 14:44:53,-0.07
2026-07-21 14:45:47,-0.50
2026-07-21 14:46:31,-0.36
2026-07-21 14:46:49,-0.11
2026-07-21 14:48:42,-0.45
2026-07-21 14:49:28,-0.08
2026-07-21 14:50:34,-0.03
2026-07-21 14:51:04,-0.32
2026-07-21 14:51:11,0.03
2026-07-21 14:51:42,-0.40
2026-07-21 14:52:54,-0.43
2026-07-21 14:54:15,0.10
2026-07-21 14:54:41,-0.41
2026-07-21 14:55:14,0.01
2026-07-21 14:56:56,-0.03
2026-07-21 14:57:32,-0.39
2026-07-21 14:57:55,0.04
2026-07-21 14:59:16,-0.52
2026-07-21 15:00:14,-0.14
2026-07-21 15:00:23,-0.41
2026-07-21 15:01:03,-0.16
2026-07-21 15:01:30,-0.44
2026-07-21 15:03:05,-0.08
2026-07-21 15:04:17,-0.38
2026-07-21 15:05:37,0.06
2026-07-21 15:05:42,-0.44
2026-07-21 15:07:26,-0.02
2026-07-21 15:07:35,-0.40
2026-07-21 15:07:57,0.10
2026-07-21 15:08:33,-0.34
2026-07-21 15:10:17,-0.36
2026-07-21 15:10:26,0.19
2026-07-21 15:10:57,0.08
2026-07-21 15:11:33,-0.35
2026-07-21 15:12:50,-0.04
2026-07-21 15:13:16,-0.35
2026-07-21 15:14:33,-0.10
2026-07-21 15:14:56,-0.40
2026-07-21 15:16:11,-0.47
2026-07-21 15:16:16,-0.08
2026-07-21 15:18:23,0.06
2026-07-21 15:18:36,-0.40
2026-07-21 15:20:14,-0.39
2026-07-21 15:20:28,-0.08
2026-07-21 15:22:16,0.03
2026-07-21 15:22:24,-0.56
2026-07-21 15:23:18,-0.04
2026-07-21 15:24:08,-0.32
2026-07-21 15:24:39,-0.04
2026-07-21 15:25:47,-0.40
2026-07-21 15:26:18,-0.49
2026-07-21 15:26:50,0.01
2026-07-21 15:27:57,0.05
2026-07-21 15:28:46,-0.48
2026-07-21 15:30:03,-0.50
2026-07-21 15:30:25,-0.04
2026-07-21 15:30:52,-0.45
2026-07-21 15:31:45,-0.05
2026-07-21 15:33:05,-0.51
2026-07-21 15:33:30,-0.03
2026-07-21 15:34:37,-0.31
2026-07-21 15:35:35,-0.03
2026-07-21 15:36:11,0.01
2026-07-21 15:36:42,-0.42
2026-07-21 15:38:18,-0.07
2026-07-21 15:38:39,-0.60
2026-07-21 15:39:19,-0.55
2026-07-21 15:39:46,-0.06
2026-07-21 15:41:44,-0.39
2026-07-21 15:41:58,-0.04
2026-07-21 15:42:29,-0.40
2026-07-21 15:43:49,-0.05
2026-07-21 15:44:02,-0.36
2026-07-21 15:44:16,-0.13
2026-07-21 15:45:41,-0.08
2026-07-21 15:45:46,-0.43
2026-07-21 15:47:46,-0.06
2026-07-21 15:48:21,-0.39
2026-07-21 15:50:02,-0.37
2026-07-21 15:50:25,-0.03
2026-07-21 15:51:05,-0.05
2026-07-21 15:51:13,-0.44
2026-07-21 15:52:22,-0.01
2026-07-21 15:53:19,-0.45
2026-07-21 15:54:10,-0.03
2026-07-21 15:54:36,-0.36
2026-07-21 15:55:43,-0.31
2026-07-21 15:56:06,0.02
2026-07-21 15:57:22,-0.41
2026-07-21 15:57:26,-0.05
2026-07-21 15:59:06,-0.51
2026-07-21 15:59:23,-0.03
2026-07-21 16:00:45,-0.51
2026-07-21 16:00:59,-0.02
2026-07-21 16:02:28,-0.05
2026-07-21 16:02:33,-0.42
2026-07-21 16:03:46,-0.03
2026-07-21 16:05:14,-0.36
2026-07-21 16:06:13,-0.07
2026-07-21 16:06:48,-0.43
2026-07-21 16:08:14,-0.44
2026-07-21 16:08:19,-0.01
2026-07-21 16:09:26,-0.40
2026-07-21 16:10:11,-0.04
2026-07-21 16:11:08,-0.49
2026-07-21 16:11:32,-0.10
2026-07-21 16:12:34,-0.43
2026-07-21 16:13:28,0.02
2026-07-21 16:14:14,-0.14
2026-07-21 16:14:27,-0.31
2026-07-21 16:15:44,-0.30
2026-07-21 16:16:01,-0.14
2026-07-21 16:17:04,-0.01
2026-07-21 16:17:49,-0.37
2026-07-21 16:18:55,-0.04
2026-07-21 16:19:10,-0.34
2026-07-21 16:20:54,-0.40
2026-07-21 16:21:39,0.04
2026-07-21 16:22:19,0.02
2026-07-21 16:22:50,-0.28
2026-07-21 16:23:45,-0.03
2026-07-21 16:23:58,-0.38
2026-07-21 16:26:16,-0.35
2026-07-21 16:26:48,0.02
2026-07-21 16:27:07,0.06
2026-07-21 16:27:34,-0.31
2026-07-21 16:29:02,-0.07
2026-07-21 16:30:06,-0.34
2026-07-21 16:30:10,-0.28
2026-07-21 16:31:32,-0.03
2026-07-21 16:32:29,-0.27
2026-07-21 16:33:01,-0.07
2026-07-21 16:33:50,-0.05
2026-07-21 16:34:58,-0.38
2026-07-21 16:35:26,-0.03
2026-07-21 16:36:10,-0.31
2026-07-21 16:38:21,-0.01
2026-07-21 16:39:29,-0.33
2026-07-21 16:39:55,-0.04
2026-07-21 16:40:03,-0.01
2026-07-21 16:41:34,-0.31
2026-07-21 16:42:19,-0.24
2026-07-21 16:42:28,0.03
2026-07-21 16:44:37,-0.04
2026-07-21 16:44:50,-0.28
2026-07-21 16:46:30,-0.35
2026-07-21 16:46:35,-0.01
2026-07-21 16:47:43,-0.02
2026-07-21 16:48:00,-0.25
2026-07-21 16:48:23,-0.32
2026-07-21 16:48:44,0.04
2026-07-21 16:51:09,-0.26
2026-07-21 16:51:18,-0.07
2026-07-21 16:51:54,-0.01
2026-07-21 16:52:43,-0.31
2026-07-21 16:53:50,-0.28
2026-07-21 16:54:13,0.01
2026-07-21 16:55:06,-0.25
2026-07-21 16:55:20,-0.08
2026-07-21 16:56:50,0.00
2026-07-21 16:57:27,-0.28
2026-07-21 16:59:14,0.02
2026-07-21 16:59:50,-0.32
2026-07-21 17:00:04,-0.37
2026-07-21 17:00:30,-0.05
2026-07-21 17:01:47,-0.29
2026-07-21 17:02:44,-0.04
2026-07-21 17:03:48,-0.30
2026-07-21 17:05:14,-0.26
2026-07-21 17:06:03,-0.03
2026-07-21 17:07:14,-0.29
2026-07-21 17:07:19,-0.07
2026-07-21 17:08:12,-0.31
2026-07-21 17:09:03,-0.10
2026-07-21 17:09:57,-0.27
2026-07-21 17:10:18,-0.03
2026-07-21 17:11:39,0.00
2026-07-21 17:12:38,-0.24
2026-07-21 17:13:28,-0.26
2026-07-21 17:13:41,0.04
2026-07-21 17:15:20,-0.24
2026-07-21 17:15:52,-0.02
2026-07-21 17:16:37,-0.01
2026-07-21 17:17:48,-0.26
2026-07-21 17:18:02,-0.01
2026-07-21 17:19:04,-0.22
2026-07-21 17:20:08,-0.04
2026-07-21 17:20:25,-0.20
2026-07-21 17:21:19,-0.03
2026-07-21 17:22:35,-0.24
2026-07-21 17:23:12,-0.04
2026-07-21 17:23:16,-0.26
2026-07-21 17:24:37,0.00
2026-07-21 17:25:26,-0.26
2026-07-21 17:26:38,-0.28
2026-07-21 17:27:10,-0.03
2026-07-21 17:27:59,-0.05
2026-07-21 17:28:36,-0.27
2026-07-21 17:29:43,-0.26
2026-07-21 17:30:05,-0.01
2026-07-21 17:31:45,-0.04
2026-07-21 17:32:30,-0.35
2026-07-21 17:32:52,-0.25
2026-07-21 17:33:27,-0.08
2026-07-21 17:34:44,-0.20
2026-07-21 17:34:53,-0.06
2026-07-21 17:37:21,-0.03
2026-07-21 17:37:43,-0.21
2026-07-21 17:39:13,-0.04
2026-07-21 17:40:26,-0.03
2026-07-21 17:40:53,-0.23
2026-07-21 17:41:06,-0.05
2026-07-21 17:41:55,-0.21
2026-07-21 17:42:49,-0.18
2026-07-21 17:44:11,0.00
2026-07-21 17:45:04,-0.22
2026-07-21 17:45:40,-0.04
2026-07-21 17:46:29,-0.03
2026-07-21 17:47:37,-0.20
2026-07-21 17:47:51,0.03
2026-07-21 17:48:22,-0.22
2026-07-21 17:50:01,-0.19
2026-07-21 17:50:19,0.01
2026-07-21 17:51:04,-0.06
2026-07-21 17:51:35,-0.22
2026-07-21 17:53:01,0.02
2026-07-21 17:54:08,-0.22
2026-07-21 17:55:15,0.00
2026-07-21 17:55:33,-0.20
2026-07-21 17:56:05,-0.02
2026-07-21 17:56:14,-0.30
2026-07-21 17:58:06,-0.19
2026-07-21 17:58:34,0.01
2026-07-21 17:59:59,-0.23
2026-07-21 18:00:16,0.05
2026-07-21 18:01:23,0.01
2026-07-21 18:01:46,-0.22
2026-07-21 18:02:49,-0.34
2026-07-21 18:03:56,0.04
2026-07-21 18:04:19,-0.33
2026-07-21 18:04:46,0.03
2026-07-21 18:06:29,-0.28
2026-07-21 18:06:42,0.06
2026-07-21 18:08:35,-0.17
2026-07-21 18:08:49,0.06
2026-07-21 18:10:23,0.05
2026-07-21 18:10:45,-0.27
2026-07-21 18:10:55,0.12
2026-07-21 18:11:49,-0.30
2026-07-21 18:13:00,0.11
2026-07-21 18:13:04,-0.26
2026-07-21 18:14:12,0.08
2026-07-21 18:14:35,-0.25
2026-07-21 18:15:51,-0.18
2026-07-21 18:16:27,0.01
2026-07-21 18:18:02,-0.23
2026-07-21 18:18:29,0.11
2026-07-21 18:20:16,-0.39
2026-07-21 18:20:24,0.22
2026-07-21 18:20:47,-0.33
2026-07-21 18:20:51,0.04
2026-07-21 18:23:30,0.20
2026-07-21 18:23:47,-0.30
2026-07-21 18:24:23,-0.01
2026-07-21 18:25:08,-0.25
2026-07-21 18:25:57,-0.32
2026-07-21 18:26:56,0.04
2026-07-21 18:27:28,-0.24
2026-07-21 18:27:37,0.02
2026-07-21 18:28:57,-0.01
2026-07-21 18:30:23,-0.28
2026-07-21 18:31:25,0.04
2026-07-21 18:31:44,-0.18
2026-07-21 18:32:15,-0.07
2026-07-21 18:32:19,0.07
2026-07-21 18:32:24,-0.08
2026-07-21 18:33:27,0.04
2026-07-21 18:33:31,-0.28
2026-07-21 18:34:07,0.01
2026-07-21 18:34:25,-0.17
2026-07-21 18:35:46,0.05
2026-07-21 18:37:03,-0.39
2026-07-21 18:37:21,-0.26
2026-07-21 18:38:24,0.13
2026-07-21 18:39:08,-0.28
2026-07-21 18:39:45,0.05
2026-07-21 18:40:43,0.03
2026-07-21 18:41:10,-0.23
2026-07-21 18:42:21,-0.24
2026-07-21 18:42:52,0.04
2026-07-21 18:44:31,-0.20
2026-07-21 18:45:03,0.03
2026-07-21 18:45:52,-0.27
2026-07-21 18:46:59,0.02
2026-07-21 18:48:04,0.04
2026-07-21 18:48:21,-0.22
2026-07-21 18:48:48,-0.21
2026-07-21 18:49:51,0.01
2026-07-21 18:51:06,0.00
2026-07-21 18:51:34,-0.20
2026-07-21 18:52:11,-0.15
2026-07-21 18:52:51,0.01
2026-07-21 18:54:42,-0.17
2026-07-21 18:54:46,-0.02
2026-07-21 18:55:30,-0.18
2026-07-21 18:56:58,0.03
2026-07-21 18:57:06,-0.01
2026-07-21 18:57:56,-0.17
2026-07-21 18:58:40,-0.22
2026-07-21 18:59:19,0.00
2026-07-21 19:00:38,-0.13
2026-07-21 19:01:40,0.02
2026-07-21 19:02:07,-0.13
2026-07-21 19:02:43,0.01
2026-07-21 19:04:18,0.04
2026-07-21 19:04:54,-0.18
2026-07-21 19:05:21,0.00
2026-07-21 19:05:57,-0.14
2026-07-21 19:07:05,0.00
2026-07-21 19:08:16,-0.16
2026-07-21 19:09:01,0.01
2026-07-21 19:11:07,-0.13
2026-07-21 19:11:30,0.01
2026-07-21 19:12:14,-0.03
2026-07-21 19:13:13,-0.13
2026-07-21 19:13:53,0.04
2026-07-21 19:15:01,-0.13
2026-07-21 19:15:14,-0.12
2026-07-21 19:16:40,-0.03
2026-07-21 19:17:47,-0.13
2026-07-21 19:17:55,-0.01
2026-07-21 19:18:33,-0.18
2026-07-21 19:19:44,0.02
2026-07-21 19:20:24,-0.02
2026-07-21 19:21:14,-0.16
2026-07-21 19:21:49,-0.12
2026-07-21 19:22:14,-0.02
2026-07-21 19:24:00,-0.13
2026-07-21 19:24:32,0.04
2026-07-21 19:25:08,-0.17
2026-07-21 19:25:56,-0.01
2026-07-21 19:26:51,0.00
2026-07-21 19:27:31,-0.14
2026-07-21 19:29:05,-0.11
2026-07-21 19:29:32,-0.03
2026-07-21 19:30:00,-0.12
2026-07-21 19:30:58,0.01
2026-07-21 19:31:55,-0.09
2026-07-21 19:32:50,0.00
2026-07-21 19:34:29,0.04
2026-07-21 19:34:48,-0.14
2026-07-21 19:35:32,-0.01
2026-07-21 19:36:16,-0.10
2026-07-21 19:37:23,0.01
2026-07-21 19:38:00,-0.14
2026-07-21 19:38:55,0.01
2026-07-21 19:39:43,-0.10
2026-07-21 19:40:05,0.00
2026-07-21 19:41:00,-0.12
2026-07-21 19:42:03,-0.01
2026-07-21 19:42:30,-0.09
2026-07-21 19:43:19,0.02
2026-07-21 19:43:55,-0.11
2026-07-21 19:45:16,0.00
2026-07-21 19:45:38,-0.11
2026-07-21 19:46:59,0.02
2026-07-21 19:47:39,-0.12
2026-07-21 19:48:24,0.02
2026-07-21 19:49:32,-0.10
2026-07-21 19:50:30,-0.11
2026-07-21 19:51:24,0.05
2026-07-21 19:52:23,-0.13
2026-07-21 19:52:31,0.07
2026-07-21 19:53:35,0.00
2026-07-21 19:53:44,-0.14
2026-07-21 19:54:56,-0.10
2026-07-21 19:55:04,0.03
2026-07-21 19:56:57,-0.08
2026-07-21 19:57:02,0.00
2026-07-21 19:58:44,0.01
2026-07-21 19:59:38,-0.12
2026-07-21 20:00:46,0.06
2026-07-21 20:01:00,-0.10
2026-07-21 20:02:17,-0.13
2026-07-21 20:02:51,0.02
2026-07-21 20:03:18,-0.10
2026-07-21 20:03:27,0.08
2026-07-21 20:04:49,-0.10
2026-07-21 20:05:07,0.06
2026-07-21 20:06:41,-0.13
2026-07-21 20:06:45,0.04
2026-07-21 20:08:11,-0.07
2026-07-21 20:08:34,0.07
2026-07-21 20:10:04,-0.13
2026-07-21 20:10:12,0.04
2026-07-21 20:12:31,0.08
2026-07-21 20:12:37,-0.13
2026-07-21 20:13:25,-0.09
2026-07-21 20:14:28,0.06
2026-07-21 20:15:12,0.07
2026-07-21 20:15:18,-0.11
2026-07-21 20:16:44,0.07
2026-07-21 20:16:57,-0.11
2026-07-21 20:18:39,-0.09
2026-07-21 20:19:19,0.03
2026-07-21 20:19:44,0.05
2026-07-21 20:20:15,-0.14
2026-07-21 20:21:12,-0.10
2026-07-21 20:22:38,0.10
2026-07-21 20:23:00,-0.11
2026-07-21 20:23:09,0.05
2026-07-21 20:24:48,-0.11
2026-07-21 20:25:06,0.05
2026-07-21 20:26:53,-0.16
2026-07-21 20:27:31,0.04
2026-07-21 20:28:25,-0.11
2026-07-21 20:28:42,0.08
2026-07-21 20:30:47,-0.13
2026-07-21 20:31:46,0.05
2026-07-21 20:32:05,-0.11
2026-07-21 20:33:33,0.05
2026-07-21 20:33:47,-0.14
2026-07-21 20:34:27,0.05
2026-07-21 20:35:12,-0.17
2026-07-21 20:36:03,0.04
2026-07-21 20:36:07,-0.16
2026-07-21 20:37:59,-0.12
2026-07-21 20:38:08,0.07
2026-07-21 20:40:00,-0.14
2026-07-21 20:40:54,0.02
2026-07-21 20:41:03,0.04
2026-07-21 20:41:48,-0.11
2026-07-21 20:42:38,-0.09
2026-07-21 20:43:46,0.04
2026-07-21 20:44:47,0.02
2026-07-21 20:45:11,-0.09
2026-07-21 20:46:00,-0.07
2026-07-21 20:46:49,0.09
2026-07-21 20:47:44,-0.10
2026-07-21 20:48:10,0.07
2026-07-21 20:49:41,0.01
2026-07-21 20:50:48,-0.12
2026-07-21 20:51:20,0.04
2026-07-21 20:52:17,-0.11
2026-07-21 20:53:02,-0.09
2026-07-21 20:53:21,0.04
2026-07-21 20:55:27,0.05
2026-07-21 20:55:31,-0.07
2026-07-21 20:55:48,0.09
2026-07-21 20:57:15,-0.09
2026-07-21 20:57:54,0.02
2026-07-21 20:58:40,-0.10
2026-07-21 21:00:01,-0.09
2026-07-21 21:00:09,0.02
2026-07-21 21:01:16,-0.10
2026-07-21 21:02:07,0.02
2026-07-21 21:02:42,0.04
2026-07-21 21:03:01,-0.12
2026-07-21 21:05:10,-0.11
2026-07-21 21:05:15,0.02
2026-07-21 21:05:42,0.01
2026-07-21 21:06:54,-0.12
2026-07-21 21:07:39,-0.08
2026-07-21 21:07:56,0.02
2026-07-21 21:10:21,-0.07
2026-07-21 21:11:15,-0.08
2026-07-21 21:12:16,0.01
2026-07-21 21:12:49,-0.07
2026-07-21 21:13:42,0.01
2026-07-21 21:15:17,-0.11
2026-07-21 21:15:57,-0.06
2026-07-21 21:16:56,0.04
2026-07-21 21:17:23,0.02
2026-07-21 21:17:28,-0.09
2026-07-21 21:19:29,0.02
2026-07-21 21:21:30,-0.08
2026-07-21 21:22:02,0.02
2026-07-21 21:22:37,-0.11
2026-07-21 21:23:09,0.04
2026-07-21 21:23:53,0.05
2026-07-21 21:24:27,-0.06
2026-07-21 21:25:46,0.02
2026-07-21 21:26:14,-0.09
2026-07-21 21:27:11,0.00
2026-07-21 21:28:33,-0.08
2026-07-21 21:29:00,0.01
2026-07-21 21:30:21,-0.09
2026-07-21 21:31:50,0.04
2026-07-21 21:31:54,-0.09
2026-07-21 21:32:06,-0.04
2026-07-21 21:33:37,0.04
2026-07-21 21:34:23,-0.06
2026-07-21 21:36:24,0.02
2026-07-21 21:36:56,-0.09
2026-07-21 21:37:58,0.04
2026-07-21 21:40:01,-0.08
2026-07-21 21:40:50,-0.09
2026-07-21 21:40:58,0.05
2026-07-21 21:42:19,0.03
2026-07-21 21:42:59,-0.14
2026-07-21 21:44:25,0.02
2026-07-21 21:44:57,-0.10
2026-07-21 21:45:28,0.02
2026-07-21 21:46:26,-0.10
2026-07-21 21:47:43,-0.06
2026-07-21 21:48:05,0.07
2026-07-21 21:49:12,0.01
2026-07-21 21:49:31,-0.10
2026-07-21 21:50:42,0.03
2026-07-21 21:51:18,-0.15
2026-07-21 21:52:39,-0.14
2026-07-21 21:53:28,0.05
2026-07-21 21:54:13,-0.10
2026-07-21 21:54:27,0.01
2026-07-21 21:55:45,-0.12
2026-07-21 21:56:11,0.04
2026-07-21 21:57:32,0.12
2026-07-21 21:57:59,-0.13
2026-07-21 21:59:52,0.04
2026-07-21 22:00:18,0.07
2026-07-21 22:01:39,-0.11
2026-07-21 22:02:27,0.06
2026-07-21 22:02:40,-0.10
2026-07-21 22:04:33,-0.11
2026-07-21 22:04:43,0.05
2026-07-21 22:05:24,0.03
2026-07-21 22:06:13,-0.10
2026-07-21 22:07:07,-0.13
2026-07-21 22:07:47,0.06
2026-07-21 22:08:36,-0.10
2026-07-21 22:09:08,0.15
2026-07-21 22:10:11,0.02
2026-07-21 22:10:25,-0.11
2026-07-21 22:12:17,-0.13
2026-07-21 22:12:47,0.04
2026-07-21 22:13:38,-0.13
2026-07-21 22:14:40,0.10
2026-07-21 22:15:12,-0.11
2026-07-21 22:16:10,0.10
2026-07-21 22:17:45,0.04
2026-07-21 22:18:03,-0.08
2026-07-21 22:18:26,-0.16
2026-07-21 22:18:34,0.03
2026-07-21 22:21:16,-0.08
2026-07-21 22:21:29,0.08
2026-07-21 22:21:45,-0.11
2026-07-21 22:22:37,0.07
2026-07-21 22:23:48,-0.05
2026-07-21 22:23:58,0.08
2026-07-21 22:24:55,-0.10
2026-07-21 22:26:17,0.03
2026-07-21 22:27:38,0.04
2026-07-21 22:27:55,-0.09
2026-07-21 22:28:54,0.07
2026-07-21 22:29:44,-0.07
2026-07-21 22:29:53,0.04
2026-07-21 22:30:28,-0.08
2026-07-21 22:31:36,0.10
2026-07-21 22:32:52,-0.06
2026-07-21 22:34:22,0.02
2026-07-21 22:34:48,0.06
2026-07-21 22:35:21,-0.09
2026-07-21 22:36:36,-0.10
2026-07-21 22:36:49,0.08
2026-07-21 22:38:07,-0.05
2026-07-21 22:38:38,0.04
2026-07-21 22:41:16,-0.07
2026-07-21 22:41:34,-0.11
2026-07-21 22:42:42,0.05
2026-07-21 22:43:57,0.11
2026-07-21 22:44:29,-0.09
2026-07-21 22:44:56,0.07
2026-07-21 22:45:32,-0.09
2026-07-21 22:47:06,-0.06
2026-07-21 22:47:42,0.02
2026-07-21 22:49:12,0.13
2026-07-21 22:49:16,-0.09
2026-07-21 22:51:13,0.14
2026-07-21 22:51:31,0.07
2026-07-21 22:52:19,-0.05
2026-07-21 22:54:22,0.04
2026-07-21 22:54:26,-0.07
2026-07-21 22:55:30,-0.05
2026-07-21 22:56:07,0.08
2026-07-21 22:56:19,0.06
2026-07-21 22:56:56,-0.03
2026-07-21 22:58:10,0.07
2026-07-21 22:58:24,-0.05
2026-07-21 23:00:35,-0.08
2026-07-21 23:00:53,0.07
2026-07-21 23:01:16,-0.06
2026-07-21 23:02:41,0.05
2026-07-21 23:03:17,0.12
2026-07-21 23:03:25,-0.07
2026-07-21 23:04:38,0.04
2026-07-21 23:05:18,-0.06
2026-07-21 23:06:44,-0.09
2026-07-21 23:07:28,0.05
2026-07-21 23:08:00,-0.06
2026-07-21 23:09:25,0.05
2026-07-21 23:09:51,0.13
2026-07-21 23:10:14,-0.05
2026-07-21 23:11:36,0.08
2026-07-21 23:12:25,-0.08
2026-07-21 23:13:54,0.03
2026-07-21 23:14:21,-0.06
2026-07-21 23:15:02,-0.08
2026-07-21 23:15:47,0.06
2026-07-21 23:16:15,0.14
2026-07-21 23:17:17,-0.08
2026-07-21 23:18:16,0.07
2026-07-21 23:18:25,-0.07
2026-07-21 23:19:45,-0.12
2026-07-21 23:19:59,0.13
2026-07-21 23:21:55,-0.06
2026-07-21 23:22:32,0.10
2026-07-21 23:23:17,-0.11
2026-07-21 23:24:11,0.08
2026-07-21 23:24:33,-0.08
2026-07-21 23:25:18,0.08
2026-07-21 23:26:07,0.12
2026-07-21 23:26:26,-0.08
2026-07-21 23:27:51,0.07
2026-07-21 23:28:45,-0.11
2026-07-21 23:29:16,-0.05
2026-07-21 23:30:23,0.06
2026-07-21 23:30:59,0.08
2026-07-21 23:31:44,-0.06
2026-07-21 23:32:39,-0.03
2026-07-21 23:32:56,0.07
2026-07-21 23:34:35,0.10
2026-07-21 23:35:42,-0.05
2026-07-21 23:35:51,0.09
2026-07-21 23:36:05,-0.02
2026-07-21 23:38:38,-0.01
2026-07-21 23:39:05,0.10
2026-07-21 23:39:09,0.08
2026-07-21 23:39:26,-0.03
2026-07-21 23:41:01,-0.04
2026-07-21 23:42:13,0.07
2026-07-21 23:42:36,0.06
2026-07-21 23:43:25,-0.04
2026-07-21 23:44:28,0.08
2026-07-21 23:44:46,-0.03
2026-07-21 23:46:20,0.07
2026-07-21 23:47:14,-0.06
2026-07-21 23:47:27,0.08
2026-07-21 23:48:35,-0.05
2026-07-21 23:49:42,0.00
2026-07-21 23:50:37,0.09
2026-07-21 23:52:15,0.00
2026-07-21 23:52:20,0.14
2026-07-21 23:52:38,0.12
2026-07-21 23:53:25,0.00
2026-07-21 23:54:53,-0.03
2026-07-21 23:55:24,0.12
2026-07-21 23:56:00,0.09
2026-07-21 23:56:09,-0.01
2026-07-21 23:57:34,0.10
2026-07-21 23:58:24,-0.02
2026-07-21 23:59:17,-0.03
2026-07-21 23:59:31,0.13
2026-07-22 00:00:56,0.04
2026-07-22 00:03:02,0.13
2026-07-22 00:03:25,-0.02
2026-07-22 00:04:15,0.09
2026-07-22 00:05:18,0.00
2026-07-22 00:06:38,0.01
2026-07-22 00:07:01,0.11
2026-07-22 00:07:46,0.00
2026-07-22 00:08:49,0.13
2026-07-22 00:08:53,0.12
2026-07-22 00:10:18,-0.02
2026-07-22 00:10:45,0.12
2026-07-22 00:11:03,-0.01
2026-07-22 00:13:19,0.03
2026-07-22 00:13:36,0.13
2026-07-22 00:14:16,0.14
2026-07-22 00:15:15,0.02
2026-07-22 00:16:13,0.01
2026-07-22 00:16:31,0.10
2026-07-22 00:17:26,0.00
2026-07-22 00:18:28,0.16
2026-07-22 00:19:13,0.11
2026-07-22 00:19:23,0.03
2026-07-22 00:20:39,0.01
2026-07-22 00:21:15,0.12
2026-07-22 00:22:49,0.13
2026-07-22 00:23:38,0.00
2026-07-22 00:24:15,0.11
2026-07-22 00:24:42,0.00
2026-07-22 00:25:36,0.09
2026-07-22 00:25:53,0.00
2026-07-22 00:27:14,0.10
2026-07-22 00:27:27,0.02
2026-07-22 00:28:57,0.01
2026-07-22 00:29:29,0.12
2026-07-22 00:31:12,0.01
2026-07-22 00:31:37,0.16
2026-07-22 00:32:02,0.00
2026-07-22 00:33:04,0.11
2026-07-22 00:34:03,0.02
2026-07-22 00:34:16,0.14
2026-07-22 00:36:04,0.16
2026-07-22 00:36:50,0.01
2026-07-22 00:37:51,0.12
2026-07-22 00:38:55,0.13
2026-07-22 00:39:31,0.04
2026-07-22 00:41:05,0.14
2026-07-22 00:41:45,0.04
2026-07-22 00:42:17,0.03
2026-07-22 00:42:26,0.13
2026-07-22 00:43:51,0.02
2026-07-22 00:44:51,0.15
2026-07-22 00:45:35,0.18
2026-07-22 00:46:42,0.01
2026-07-22 00:47:05,0.14
2026-07-22 00:47:50,0.06
2026-07-22 00:49:11,0.22
2026-07-22 00:49:32,0.00
2026-07-22 00:50:13,0.18
2026-07-22 00:50:27,0.04
2026-07-22 00:52:02,0.01
2026-07-22 00:52:29,0.15
2026-07-22 00:53:26,-0.03
2026-07-22 00:54:33,0.16
2026-07-22 00:55:33,0.04
2026-07-22 00:56:18,0.20
2026-07-22 00:56:45,0.18
2026-07-22 00:57:53,-0.06
2026-07-22 00:58:28,0.06
2026-07-22 00:59:04,0.20
2026-07-22 01:00:03,0.04
2026-07-22 01:00:25,0.23
2026-07-22 01:01:41,0.16
2026-07-22 01:02:39,0.04
2026-07-22 01:03:43,0.02
2026-07-22 01:03:52,0.19
2026-07-22 01:05:26,-0.02
2026-07-22 01:06:29,0.18
2026-07-22 01:07:19,0.19
2026-07-22 01:08:03,0.04
2026-07-22 01:08:47,0.20
2026-07-22 01:10:00,0.17
2026-07-22 01:10:36,0.06
2026-07-22 01:12:54,0.17
2026-07-22 01:13:38,0.04
2026-07-22 01:13:54,0.17
2026-07-22 01:14:52,0.18
2026-07-22 01:16:27,0.07
2026-07-22 01:17:57,0.18
2026-07-22 01:18:37,0.06
2026-07-22 01:18:46,0.19
2026-07-22 01:20:15,0.08
2026-07-22 01:20:47,0.17
2026-07-22 01:21:28,0.08
2026-07-22 01:21:46,0.17
2026-07-22 01:23:11,0.07
2026-07-22 01:23:15,0.21
2026-07-22 01:25:44,0.08
2026-07-22 01:26:20,0.22
2026-07-22 01:27:05,0.10
2026-07-22 01:27:09,0.23
2026-07-22 01:28:16,0.12
2026-07-22 01:28:55,0.24
2026-07-22 01:30:36,0.22
2026-07-22 01:30:41,0.11
2026-07-22 01:31:56,0.10
2026-07-22 01:32:44,0.23
2026-07-22 01:33:58,0.26
2026-07-22 01:34:11,0.10
2026-07-22 01:34:56,0.24
2026-07-22 01:35:50,0.09
2026-07-22 01:37:34,0.12
2026-07-22 01:37:52,0.25
2026-07-22 01:39:22,0.11
2026-07-22 01:40:02,0.10
2026-07-22 01:40:29,0.23
2026-07-22 01:41:41,0.24
2026-07-22 01:42:49,0.12
2026-07-22 01:43:56,0.13
2026-07-22 01:44:04,0.25
2026-07-22 01:44:36,0.13
2026-07-22 01:44:55,0.25
2026-07-22 01:46:24,0.22
2026-07-22 01:47:36,0.07
2026-07-22 01:48:43,0.22
2026-07-22 01:48:53,0.08
2026-07-22 01:50:04,0.09
2026-07-22 01:50:44,0.22
2026-07-22 01:51:57,0.13
2026-07-22 01:53:00,0.22
2026-07-22 01:53:22,0.12
2026-07-22 01:55:23,0.24
2026-07-22 01:55:46,0.11
2026-07-22 01:56:44,0.13
2026-07-22 01:57:29,0.28
2026-07-22 01:58:10,0.10
2026-07-22 01:59:12,0.26
2026-07-22 02:00:47,0.14
2026-07-22 02:01:04,0.26
2026-07-22 02:02:31,0.12
2026-07-22 02:03:05,0.27
2026-07-22 02:03:11,0.12
2026-07-22 02:04:45,0.10
2026-07-22 02:05:17,0.28
2026-07-22 02:06:32,0.23
2026-07-22 02:06:46,0.09
2026-07-22 02:08:08,0.25
2026-07-22 02:08:48,0.13
2026-07-22 02:09:24,0.10
2026-07-22 02:10:26,0.25
2026-07-22 02:11:16,0.12
2026-07-22 02:11:43,0.26
2026-07-22 02:12:41,0.15
2026-07-22 02:14:12,0.33
2026-07-22 02:15:46,0.15
2026-07-22 02:16:04,0.28
2026-07-22 02:17:19,0.16
2026-07-22 02:17:33,0.17
2026-07-22 02:18:58,0.29
2026-07-22 02:19:12,0.13
2026-07-22 02:19:17,0.29
2026-07-22 02:21:49,0.19
2026-07-22 02:22:16,0.33
2026-07-22 02:22:44,0.32
2026-07-22 02:23:33,0.18
2026-07-22 02:24:18,0.14
2026-07-22 02:25:12,0.31
2026-07-22 02:26:13,0.18
2026-07-22 02:27:12,0.37
2026-07-22 02:28:43,0.20
2026-07-22 02:29:23,0.17
2026-07-22 02:30:35,0.32
2026-07-22 02:31:34,0.34
2026-07-22 02:32:14,0.19
2026-07-22 02:32:32,0.32
2026-07-22 02:33:03,0.21
2026-07-22 02:34:20,0.35
2026-07-22 02:35:27,0.18
2026-07-22 02:35:50,0.35
2026-07-22 02:36:21,0.19
2026-07-22 02:37:28,0.18
2026-07-22 02:37:34,0.32
2026-07-22 02:39:04,0.19
2026-07-22 02:39:30,0.35
2026-07-22 02:41:09,0.24
2026-07-22 02:41:22,0.38
2026-07-22 02:42:26,0.21
2026-07-22 02:43:01,0.34
2026-07-22 02:44:17,0.22
2026-07-22 02:44:27,0.37
2026-07-22 02:46:37,0.21
2026-07-22 02:47:14,0.37
2026-07-22 02:47:40,0.26
2026-07-22 02:48:20,0.35
2026-07-22 02:49:41,0.37
2026-07-22 02:50:17,0.22
2026-07-22 02:50:58,0.27
2026-07-22 02:51:29,0.37
2026-07-22 02:52:18,0.27
2026-07-22 02:52:57,0.39
2026-07-22 02:54:38,0.23
2026-07-22 02:54:48,0.38
2026-07-22 02:56:25,0.40
2026-07-22 02:56:29,0.27
2026-07-22 02:57:24,0.39
2026-07-22 02:57:47,0.27
2026-07-22 02:58:55,0.28
2026-07-22 02:59:56,0.40
2026-07-22 03:01:01,0.26
2026-07-22 03:01:31,0.39
2026-07-22 03:03:06,0.27
2026-07-22 03:03:15,0.42
2026-07-22 03:04:54,0.44
2026-07-22 03:05:16,0.29
2026-07-22 03:05:38,0.41
2026-07-22 03:06:50,0.25
2026-07-22 03:07:43,0.45
2026-07-22 03:08:29,0.23
2026-07-22 03:09:45,0.26
2026-07-22 03:09:49,0.49
2026-07-22 03:10:57,0.44
2026-07-22 03:11:02,0.28
2026-07-22 03:12:42,0.45
2026-07-22 03:12:46,0.30
2026-07-22 03:14:37,0.29
2026-07-22 03:14:51,0.46
2026-07-22 03:15:44,0.30
2026-07-22 03:16:53,0.45
2026-07-22 03:17:10,0.32
2026-07-22 03:18:27,0.46
2026-07-22 03:18:54,0.33
2026-07-22 03:19:16,0.43
2026-07-22 03:21:17,0.33
2026-07-22 03:21:58,0.47
2026-07-22 03:23:10,0.33
2026-07-22 03:24:27,0.32
2026-07-22 03:24:40,0.46
2026-07-22 03:26:45,0.31
2026-07-22 03:28:07,0.46
2026-07-22 03:28:16,0.31
2026-07-22 03:28:43,0.47
2026-07-22 03:29:32,0.32
2026-07-22 03:30:35,0.45
2026-07-22 03:30:39,0.33
2026-07-22 03:32:31,0.47
2026-07-22 03:33:26,0.36
2026-07-22 03:33:31,0.34
2026-07-22 03:35:05,0.44
2026-07-22 03:35:37,0.34
2026-07-22 03:35:41,0.49
2026-07-22 03:38:09,0.34
2026-07-22 03:38:31,0.48
2026-07-22 03:39:31,0.36
2026-07-22 03:40:15,0.37
2026-07-22 03:40:38,0.49
2026-07-22 03:42:12,0.47
2026-07-22 03:43:06,0.37
2026-07-22 03:43:42,0.51
2026-07-22 03:44:49,0.36
2026-07-22 03:45:12,0.35
2026-07-22 03:46:19,0.49
2026-07-22 03:46:42,0.37
2026-07-22 03:47:09,0.48
2026-07-22 03:48:43,0.50
2026-07-22 03:48:47,0.36
2026-07-22 03:50:15,0.59
2026-07-22 03:51:12,0.36
2026-07-22 03:51:42,0.54
2026-07-22 03:52:23,0.40
2026-07-22 03:53:21,0.41
2026-07-22 03:53:43,0.54
2026-07-22 03:55:13,0.39
2026-07-22 03:55:40,0.52
2026-07-22 03:56:40,0.38
2026-07-22 03:57:53,0.53
2026-07-22 03:58:40,0.60
2026-07-22 03:59:07,0.33
2026-07-22 04:00:06,0.41
2026-07-22 04:00:55,0.60
2026-07-22 04:01:49,0.40
2026-07-22 04:02:03,0.56
2026-07-22 04:04:08,0.44
2026-07-22 04:04:22,0.59
2026-07-22 04:04:58,0.58
2026-07-22 04:05:20,0.43
2026-07-22 04:07:08,0.37
2026-07-22 04:07:34,0.58
2026-07-22 04:08:15,0.56
2026-07-22 04:08:34,0.44
2026-07-22 04:10:13,0.61
2026-07-22 04:11:20,0.43
2026-07-22 04:11:52,0.57
2026-07-22 04:12:18,0.43
2026-07-22 04:13:31,0.63
2026-07-22 04:13:44,0.44
2026-07-22 04:15:04,0.59
2026-07-22 04:15:32,0.44
2026-07-22 04:16:21,0.65
2026-07-22 04:16:52,0.46
2026-07-22 04:19:11,0.60
2026-07-22 04:19:30,0.46
2026-07-22 04:19:39,0.59
2026-07-22 04:20:23,0.40
2026-07-22 04:21:41,0.42
2026-07-22 04:21:54,0.60
2026-07-22 04:24:17,0.43
2026-07-22 04:24:48,0.60
2026-07-22 04:25:39,0.42
2026-07-22 04:27:36,0.45
2026-07-22 04:27:49,0.64
2026-07-22 04:28:10,0.44
2026-07-22 04:28:16,0.63
2026-07-22 04:29:42,0.65
2026-07-22 04:30:08,0.48
2026-07-22 04:32:36,0.38
2026-07-22 04:32:45,0.61
2026-07-22 04:33:03,0.59
2026-07-22 04:34:02,0.49
2026-07-22 04:35:09,0.69
2026-07-22 04:36:06,0.43
2026-07-22 04:36:16,0.71
2026-07-22 04:36:29,0.50
2026-07-22 04:38:04,0.47
2026-07-22 04:38:26,0.65
2026-07-22 04:40:19,0.51
2026-07-22 04:40:23,0.65
2026-07-22 04:41:53,0.56
2026-07-22 04:42:24,0.67
2026-07-22 04:43:09,0.52
2026-07-22 04:44:17,0.73
2026-07-22 04:44:49,0.53
2026-07-22 04:45:16,0.70
2026-07-22 04:46:14,0.66
2026-07-22 04:47:07,0.56
2026-07-22 04:48:24,0.47
2026-07-22 04:48:56,0.67
2026-07-22 04:49:45,0.57
2026-07-22 04:50:11,0.73
2026-07-22 04:51:37,0.72
2026-07-22 04:52:31,0.56
2026-07-22 04:53:30,0.58
2026-07-22 04:53:57,0.71
2026-07-22 04:55:04,0.59
2026-07-22 04:55:18,0.67
2026-07-22 04:57:05,0.58
2026-07-22 04:57:28,0.82
2026-07-22 04:57:55,0.50
2026-07-22 04:58:12,0.74
2026-07-22 04:59:51,0.77
2026-07-22 05:00:14,0.55
2026-07-22 05:01:08,0.72
2026-07-22 05:01:39,0.59
2026-07-22 05:03:28,0.74
2026-07-22 05:04:08,0.60
2026-07-22 05:04:48,0.59
2026-07-22 05:05:06,0.75
2026-07-22 05:05:59,0.63
2026-07-22 05:06:22,0.77
2026-07-22 05:08:45,0.64
2026-07-22 05:09:13,0.63
2026-07-22 05:09:36,0.75
2026-07-22 05:11:11,0.62
2026-07-22 05:11:46,0.79
2026-07-22 05:12:53,0.62
2026-07-22 05:13:12,0.78
2026-07-22 05:15:26,0.81
2026-07-22 05:15:35,0.55
2026-07-22 05:16:15,0.86
2026-07-22 05:17:19,0.59
2026-07-22 05:17:36,0.63
2026-07-22 05:18:06,0.80
2026-07-22 05:19:06,0.63
2026-07-22 05:19:56,0.75
2026-07-22 05:20:45,0.59
2026-07-22 05:21:17,0.84
2026-07-22 05:22:28,0.83
2026-07-22 05:22:51,0.60
2026-07-22 05:24:16,0.77
2026-07-22 05:24:29,0.62
2026-07-22 05:25:44,0.81
2026-07-22 05:25:51,0.62
2026-07-22 05:28:00,0.65
2026-07-22 05:28:14,0.84
2026-07-22 05:30:02,0.79
2026-07-22 05:30:06,0.62
2026-07-22 05:31:50,0.76
2026-07-22 05:32:03,0.55
2026-07-22 05:33:02,0.54
2026-07-22 05:33:47,0.63
2026-07-22 05:34:33,0.62
2026-07-22 05:34:37,0.53
2026-07-22 05:35:34,0.58
2026-07-22 05:35:48,0.61
2026-07-22 05:35:53,0.54
2026-07-22 05:37:01,0.64
2026-07-22 05:37:05,0.48
2026-07-22 05:37:12,0.50
2026-07-22 05:38:17,0.65
2026-07-22 05:39:07,0.51
2026-07-22 05:39:37,0.65
2026-07-22 05:41:34,0.51
2026-07-22 05:42:11,0.61
2026-07-22 05:42:24,0.52
2026-07-22 05:44:07,0.54
2026-07-22 05:45:24,0.66
2026-07-22 05:46:27,0.52
2026-07-22 05:47:21,0.69
2026-07-22 05:48:19,0.53
2026-07-22 05:49:08,0.66
2026-07-22 05:49:36,0.53
2026-07-22 05:51:09,0.52
2026-07-22 05:51:46,0.66
2026-07-22 05:52:22,0.63
2026-07-22 05:52:29,0.53
2026-07-22 05:54:23,0.51
2026-07-22 05:54:49,0.65
2026-07-22 05:56:29,0.53
2026-07-22 05:56:42,0.61
2026-07-22 05:57:01,0.62
2026-07-22 05:58:16,0.51
2026-07-22 05:58:48,0.61
2026-07-22 05:59:23,0.50
2026-07-22 06:00:22,0.48
2026-07-22 06:00:49,0.61
2026-07-22 06:02:02,0.51
2026-07-22 06:03:13,0.63
2026-07-22 06:04:08,0.62
2026-07-22 06:04:35,0.48
2026-07-22 06:06:13,0.51
2026-07-22 06:06:36,0.62
2026-07-22 06:07:46,0.63
2026-07-22 06:07:56,0.49
2026-07-22 06:08:55,0.61
2026-07-22 06:09:49,0.51
2026-07-22 06:11:13,0.66
2026-07-22 06:12:03,0.53
2026-07-22 06:12:22,0.63
2026-07-22 06:13:56,0.62
2026-07-22 06:14:44,0.51
2026-07-22 06:16:06,0.67
2026-07-22 06:17:14,0.54
2026-07-22 06:17:18,0.62
2026-07-22 06:18:34,0.54
2026-07-22 06:19:13,0.65
2026-07-22 06:20:44,0.52
2026-07-22 06:21:12,0.69
2026-07-22 06:22:18,0.55
2026-07-22 06:23:14,0.65
2026-07-22 06:24:34,0.64
2026-07-22 06:25:01,0.49
2026-07-22 06:25:24,0.63
2026-07-22 06:25:32,0.50
2026-07-22 06:26:44,0.66
2026-07-22 06:28:18,0.56
2026-07-22 06:28:55,0.51
2026-07-22 06:29:39,0.67
2026-07-22 06:30:41,0.51
2026-07-22 06:30:48,0.66
2026-07-22 06:33:11,0.46
2026-07-22 06:33:33,0.62
2026-07-22 06:34:05,0.44
2026-07-22 06:35:57,0.59
2026-07-22 06:37:05,0.61
2026-07-22 06:38:02,0.49
2026-07-22 06:38:44,0.48
2026-07-22 06:38:48,0.62
2026-07-22 06:41:29,0.47
2026-07-22 06:41:43,0.61
2026-07-22 06:43:53,0.45
2026-07-22 06:44:29,0.60
2026-07-22 06:46:12,0.47
2026-07-22 06:47:02,0.45
2026-07-22 06:47:33,0.60
2026-07-22 06:49:13,0.47
2026-07-22 06:50:47,0.59
2026-07-22 06:51:13,0.43
2026-07-22 06:51:40,0.59
2026-07-22 06:51:59,0.44
2026-07-22 06:54:32,0.69
2026-07-22 06:54:46,0.63
2026-07-22 06:54:59,0.44
2026-07-22 06:56:51,0.62
2026-07-22 06:57:45,0.37
2026-07-22 06:58:43,0.62
2026-07-22 06:58:47,0.41
2026-07-22 07:00:07,0.40
2026-07-22 07:01:07,0.63
2026-07-22 07:02:05,0.43
2026-07-22 07:02:09,0.62
2026-07-22 07:03:04,0.61
2026-07-22 07:04:06,0.39
2026-07-22 07:05:27,0.41
2026-07-22 07:06:08,0.58
2026-07-22 07:06:35,0.60
2026-07-22 07:06:48,0.31
2026-07-22 07:08:27,0.59
2026-07-22 07:09:30,0.38
2026-07-22 07:09:53,0.39
2026-07-22 07:10:34,0.54
2026-07-22 07:11:48,0.39
2026-07-22 07:12:29,0.54
2026-07-22 07:13:55,0.31
2026-07-22 07:15:42,0.53
2026-07-22 07:16:51,0.32
2026-07-22 07:17:21,0.48
2026-07-22 07:17:54,0.58
2026-07-22 07:19:01,0.26
2026-07-22 07:19:36,0.30
2026-07-22 07:20:48,0.48
2026-07-22 07:21:56,0.44
2026-07-22 07:22:36,0.24
2026-07-22 07:23:43,0.27
2026-07-22 07:24:15,0.46
2026-07-22 07:24:47,0.30
2026-07-22 07:25:45,0.44
2026-07-22 07:27:06,0.45
2026-07-22 07:27:36,0.26
2026-07-22 07:27:50,0.46
2026-07-22 07:27:58,0.27
2026-07-22 07:29:39,0.44
2026-07-22 07:30:29,0.27
2026-07-22 07:31:35,0.28
2026-07-22 07:32:12,0.41
2026-07-22 07:32:48,0.23
2026-07-22 07:33:42,0.49
2026-07-22 07:34:26,0.43
2026-07-22 07:35:36,0.25
2026-07-22 07:36:50,0.24
2026-07-22 07:36:55,0.43
2026-07-22 07:37:53,0.25
2026-07-22 07:39:17,0.41
2026-07-22 07:39:46,0.48
2026-07-22 07:40:17,0.17
2026-07-22 07:41:19,0.18
2026-07-22 07:42:14,0.46
2026-07-22 07:42:36,0.41
2026-07-22 07:42:44,0.27
2026-07-22 07:45:00,0.22
2026-07-22 07:45:13,0.37
2026-07-22 07:46:30,0.41
2026-07-22 07:47:04,0.25
2026-07-22 07:47:47,0.07
2026-07-22 07:48:44,0.41
2026-07-22 07:49:20,0.40
2026-07-22 07:49:57,0.21
2026-07-22 07:51:50,0.40
2026-07-22 07:51:54,0.22
2026-07-22 07:52:47,0.41
2026-07-22 07:53:04,0.05
2026-07-22 07:54:35,0.35
2026-07-22 07:55:30,0.11
2026-07-22 07:56:27,0.16
2026-07-22 07:57:21,0.33
2026-07-22 07:59:00,0.21
2026-07-22 07:59:45,0.33
2026-07-22 08:00:30,0.12
2026-07-22 08:01:05,0.37
2026-07-22 08:02:44,0.41
2026-07-22 08:03:31,-0.08
2026-07-22 08:04:05,0.02
2026-07-22 08:05:40,0.52
2026-07-22 08:06:09,0.00
2026-07-22 08:06:30,0.41
2026-07-22 08:07:28,0.13
2026-07-22 08:07:55,0.41
2026-07-22 08:09:29,0.40
2026-07-22 08:10:28,0.10
2026-07-22 08:10:50,0.00
2026-07-22 08:11:26,0.34
2026-07-22 08:12:25,0.37
2026-07-22 08:12:29,0.12
2026-07-22 08:14:04,0.11
2026-07-22 08:14:08,0.36
2026-07-22 08:16:05,0.27
2026-07-22 08:16:50,0.09
2026-07-22 08:18:33,0.02
2026-07-22 08:18:47,0.36
2026-07-22 08:19:00,0.24
2026-07-22 08:20:30,-0.07
2026-07-22 08:21:01,0.33
2026-07-22 08:21:46,0.00
2026-07-22 08:22:50,0.23
2026-07-22 08:23:34,-0.09
2026-07-22 08:23:52,0.22
2026-07-22 08:24:28,-0.03
2026-07-22 08:25:53,0.23
2026-07-22 08:26:07,-0.10
2026-07-22 08:27:33,0.15
2026-07-22 08:28:17,-0.10
2026-07-22 08:28:48,-0.13
2026-07-22 08:29:12,0.16
2026-07-22 08:30:37,0.14
2026-07-22 08:31:13,-0.14
2026-07-22 08:33:32,0.19
2026-07-22 08:33:36,-0.12
2026-07-22 08:34:17,0.19
2026-07-22 08:34:21,-0.15
2026-07-22 08:36:50,-0.34
2026-07-22 08:36:59,0.22
2026-07-22 08:37:03,-0.48
2026-07-22 08:37:13,0.30
2026-07-22 08:38:47,-0.39
2026-07-22 08:39:14,0.12
2026-07-22 08:41:24,-0.13
2026-07-22 08:41:55,0.02
2026-07-22 08:43:11,0.14
2026-07-22 08:43:38,-0.36
2026-07-22 08:44:10,-0.22
2026-07-22 08:45:04,0.21
2026-07-22 08:46:29,-0.28
2026-07-22 08:46:52,0.37
2026-07-22 08:47:05,-0.36
2026-07-22 08:47:32,0.09
2026-07-22 08:48:44,-0.01
2026-07-22 08:49:52,-0.33
2026-07-22 08:50:59,-0.29
2026-07-22 08:51:49,0.04
2026-07-22 08:52:11,-0.43
2026-07-22 08:52:51,-0.03
2026-07-22 08:54:16,-0.37
2026-07-22 08:55:02,0.95
2026-07-22 08:55:24,0.29
2026-07-22 08:56:22,-0.54
2026-07-22 08:56:54,0.25
2026-07-22 08:57:57,-0.43
2026-07-22 08:59:27,0.37
2026-07-22 08:59:31,-0.59
2026-07-22 09:00:56,-0.55
2026-07-22 09:01:24,0.27
2026-07-22 09:02:00,-0.42
2026-07-22 09:02:26,0.25
2026-07-22 09:04:06,-0.35
2026-07-22 09:04:28,0.67
2026-07-22 09:06:29,-0.55
2026-07-22 09:06:37,0.82
2026-07-22 09:07:05,0.94
2026-07-22 09:07:09,-0.61
2026-07-22 09:08:35,0.82
2026-07-22 09:09:11,-0.86
2026-07-22 09:10:04,0.44
2026-07-22 09:11:26,-0.42
2026-07-22 09:11:44,0.38
2026-07-22 09:12:02,-0.41
2026-07-22 09:13:37,-0.42
2026-07-22 09:13:50,0.08
2026-07-22 09:15:33,-0.29
2026-07-22 09:16:31,-0.10
2026-07-22 09:17:25,-0.24
2026-07-22 09:18:01,-0.05
2026-07-22 09:19:00,0.02
2026-07-22 09:19:50,-0.24
2026-07-22 09:20:39,-0.28
2026-07-22 09:21:24,0.02
2026-07-22 09:21:45,-0.01
2026-07-22 09:21:55,-0.26
2026-07-22 09:24:23,0.18
2026-07-22 09:24:46,-0.35
2026-07-22 09:24:55,0.19
2026-07-22 09:25:12,-0.35
2026-07-22 09:27:32,-0.27
2026-07-22 09:27:54,-0.04
2026-07-22 09:28:21,-0.21
2026-07-22 09:29:25,-0.06
2026-07-22 09:31:12,0.23
2026-07-22 09:31:17,-0.61
2026-07-22 09:31:39,0.45
2026-07-22 09:32:33,-0.50
2026-07-22 09:34:01,-0.24
2026-07-22 09:34:12,-0.07
2026-07-22 09:35:42,0.09
2026-07-22 09:36:04,-0.49
2026-07-22 09:36:40,-0.31
2026-07-22 09:36:53,-0.08
2026-07-22 09:38:38,-0.28
2026-07-22 09:38:51,-0.04
2026-07-22 09:40:11,-0.01
2026-07-22 09:40:25,-0.23
2026-07-22 09:41:27,-0.24
2026-07-22 09:42:32,-0.09
2026-07-22 09:43:46,-0.22
2026-07-22 09:44:05,-0.10
2026-07-22 09:45:39,0.01
2026-07-22 09:46:07,-0.22
2026-07-22 09:46:33,-0.26
2026-07-22 09:46:47,0.02
2026-07-22 09:48:57,0.07
2026-07-22 09:49:01,-0.30
2026-07-22 09:50:10,0.01
2026-07-22 09:50:54,-0.22
2026-07-22 09:52:00,-0.05
2026-07-22 09:52:19,-0.30
2026-07-22 09:53:32,-0.21
2026-07-22 09:54:17,0.00
2026-07-22 09:55:10,-0.25
2026-07-22 09:55:14,-0.01
2026-07-22 09:57:39,-0.24
2026-07-22 09:57:43,0.23
2026-07-22 09:58:37,-0.21
2026-07-22 09:59:13,0.09
2026-07-22 09:59:34,0.06
2026-07-22 10:00:11,-0.32
2026-07-22 10:01:19,-0.19
2026-07-22 10:01:46,0.10
2026-07-22 10:03:11,-0.28
2026-07-22 10:03:51,0.43
2026-07-22 10:05:34,0.21
2026-07-22 10:05:44,-0.31
2026-07-22 10:06:55,-0.01
2026-07-22 10:07:18,-0.31
2026-07-22 10:08:12,-0.32
2026-07-22 10:09:01,0.19
2026-07-22 10:09:46,0.15
2026-07-22 10:10:18,-0.36
2026-07-22 10:11:07,-0.28
2026-07-22 10:11:42,0.05
2026-07-22 10:13:27,0.04
2026-07-22 10:14:08,-0.21
2026-07-22 10:15:05,0.10
2026-07-22 10:15:22,-0.23
2026-07-22 10:17:02,-0.21
2026-07-22 10:17:28,0.21
2026-07-22 10:17:52,-0.47
2026-07-22 10:18:09,0.70
2026-07-22 10:20:11,0.26
2026-07-22 10:20:34,-0.39
2026-07-22 10:21:01,-0.35
2026-07-22 10:22:12,0.14
2026-07-22 10:22:39,-0.36
2026-07-22 10:23:39,0.16
2026-07-22 10:24:32,-0.27
2026-07-22 10:24:36,0.10
2026-07-22 10:26:46,-0.21
2026-07-22 10:27:22,0.12
2026-07-22 10:27:40,-0.30
2026-07-22 10:28:16,0.05
2026-07-22 10:29:23,0.07
2026-07-22 10:30:13,-0.20
2026-07-22 10:31:38,-0.21
2026-07-22 10:31:48,0.04
2026-07-22 10:33:57,0.07
2026-07-22 10:34:07,-0.27
2026-07-22 10:35:07,-0.28
2026-07-22 10:35:41,0.21
2026-07-22 10:36:53,0.14
2026-07-22 10:37:10,-0.30
2026-07-22 10:38:18,-0.55
2026-07-22 10:39:03,0.22
2026-07-22 10:39:30,0.15
2026-07-22 10:40:24,-0.41
2026-07-22 10:41:36,0.30
2026-07-22 10:41:40,-0.74
2026-07-22 10:42:46,-0.38
2026-07-22 10:43:10,0.34
2026-07-22 10:44:23,-0.45
2026-07-22 10:45:34,0.28
2026-07-22 10:45:57,0.59
2026-07-22 10:46:35,-0.60
2026-07-22 10:48:16,0.78
2026-07-22 10:48:38,-0.30
2026-07-22 10:49:59,0.91
2026-07-22 10:50:30,-0.22
2026-07-22 10:51:43,0.26
2026-07-22 10:51:57,-0.44
2026-07-22 10:52:31,-0.31
2026-07-22 10:53:39,0.14
2026-07-22 10:54:02,-0.25
2026-07-22 10:54:14,0.30
2026-07-22 10:55:45,0.21
2026-07-22 10:55:50,-0.23
2026-07-22 10:58:36,0.16
2026-07-22 10:58:45,-0.28
2026-07-22 10:59:44,0.08
2026-07-22 11:01:08,0.06
2026-07-22 11:01:45,-0.22
2026-07-22 11:02:43,0.12
2026-07-22 11:03:24,-0.38
2026-07-22 11:04:12,0.51
2026-07-22 11:04:22,-0.52
2026-07-22 11:06:54,-0.54
2026-07-22 11:06:59,0.37
2026-07-22 11:07:39,0.19
2026-07-22 11:07:45,-0.34
2026-07-22 11:09:41,-0.24
2026-07-22 11:10:12,0.26
2026-07-22 11:10:35,0.19
2026-07-22 11:10:48,-0.38
2026-07-22 11:12:13,0.34
2026-07-22 11:12:40,-0.22
2026-07-22 11:13:58,-0.18
2026-07-22 11:14:32,0.09
2026-07-22 11:16:03,-0.17
2026-07-22 11:16:56,0.10
2026-07-22 11:18:18,0.14
2026-07-22 11:18:26,-0.14
2026-07-22 11:19:20,0.20
2026-07-22 11:20:00,-0.21
2026-07-22 11:20:36,0.27
2026-07-22 11:21:49,-0.23
2026-07-22 11:22:47,-0.19
2026-07-22 11:23:27,0.27
2026-07-22 11:24:34,-0.18
2026-07-22 11:25:03,0.26
2026-07-22 11:25:39,-0.16
2026-07-22 11:26:05,0.09
2026-07-22 11:28:15,-0.14
2026-07-22 11:28:47,-0.17
2026-07-22 11:29:54,0.09
2026-07-22 11:31:07,0.32
2026-07-22 11:31:28,-0.17
2026-07-22 11:32:41,-0.43
2026-07-22 11:33:07,0.38
2026-07-22 11:33:39,0.39
2026-07-22 11:34:28,-0.35
2026-07-22 11:36:34,0.66
2026-07-22 11:36:53,-0.25
2026-07-22 11:37:28,-0.57
2026-07-22 11:37:37,0.47
2026-07-22 11:38:54,-0.24
2026-07-22 11:39:07,0.35
2026-07-22 11:40:28,0.32
2026-07-22 11:41:00,-0.12
2026-07-22 11:41:57,0.10
2026-07-22 11:42:11,-0.08
2026-07-22 11:44:03,0.09
2026-07-22 11:44:40,-0.06
2026-07-22 11:46:41,-0.10
2026-07-22 11:46:45,0.23
2026-07-22 11:46:49,0.19
2026-07-22 11:47:08,-0.09
2026-07-22 11:49:22,-0.24
2026-07-22 11:49:54,0.94
2026-07-22 11:50:39,0.36
2026-07-22 11:50:56,-0.24
2026-07-22 11:52:22,0.40
2026-07-22 11:52:49,-0.20
2026-07-22 11:53:29,0.24
2026-07-22 11:53:48,-0.15
2026-07-22 11:55:36,0.19
2026-07-22 11:55:40,-0.12
2026-07-22 11:56:56,-0.21
2026-07-22 11:57:55,0.32
2026-07-22 11:58:57,-0.24
2026-07-22 11:59:38,0.32
2026-07-22 12:00:06,-0.10
2026-07-22 12:01:08,0.16
2026-07-22 12:01:53,0.52
2026-07-22 12:02:16,-0.18
2026-07-22 12:04:22,0.18
2026-07-22 12:04:30,-0.13
2026-07-22 12:05:51,-0.21
2026-07-22 12:05:56,0.42
2026-07-22 12:07:40,-0.25
2026-07-22 12:08:06,0.26
2026-07-22 12:08:24,-0.09
2026-07-22 12:09:13,0.17
2026-07-22 12:10:07,-0.14
2026-07-22 12:11:29,0.17
2026-07-22 12:11:56,-0.19
2026-07-22 12:12:27,0.21
2026-07-22 12:13:30,-0.06
2026-07-22 12:14:27,0.29
2026-07-22 12:15:10,-0.04
2026-07-22 12:15:14,0.21
2026-07-22 12:17:05,0.16
2026-07-22 12:18:04,-0.09
2026-07-22 12:18:49,0.27
2026-07-22 12:19:43,-0.16
2026-07-22 12:20:27,-0.14
2026-07-22 12:21:18,0.50
2026-07-22 12:21:58,-0.24
2026-07-22 12:22:52,0.29
2026-07-22 12:23:28,0.20
2026-07-22 12:23:32,-0.15
2026-07-22 12:25:42,-0.07
2026-07-22 12:25:46,0.16
2026-07-22 12:26:45,0.32
2026-07-22 12:26:59,-0.12
2026-07-22 12:28:51,0.33
2026-07-22 12:29:09,-0.23
2026-07-22 12:29:54,-0.25
2026-07-22 12:31:15,0.42
2026-07-22 12:31:55,0.33
2026-07-22 12:31:59,-0.10
2026-07-22 12:33:16,-0.16
2026-07-22 12:33:44,0.19
2026-07-22 12:34:42,0.17
2026-07-22 12:35:58,-0.16
2026-07-22 12:36:52,0.23
2026-07-22 12:37:28,-0.05
2026-07-22 12:39:16,0.25
2026-07-22 12:40:54,-0.05
2026-07-22 12:41:03,0.28
2026-07-22 12:41:22,-0.17
2026-07-22 12:42:06,0.24
2026-07-22 12:43:32,0.30
2026-07-22 12:44:03,-0.07
2026-07-22 12:44:43,0.20
2026-07-22 12:44:47,-0.04
2026-07-22 12:46:13,0.22
2026-07-22 12:47:30,-0.13
2026-07-22 12:48:23,-0.15
2026-07-22 12:49:26,0.22
2026-07-22 12:50:43,-0.11
2026-07-22 12:50:52,0.17
2026-07-22 12:52:17,-0.19
2026-07-22 12:52:45,0.22
2026-07-22 12:52:49,-0.13
2026-07-22 12:53:12,0.18
2026-07-22 12:55:13,-0.09
2026-07-22 12:55:26,0.28
2026-07-22 12:57:14,-0.15
2026-07-22 12:57:19,0.26
2026-07-22 12:57:46,-0.18
2026-07-22 12:58:16,0.44
2026-07-22 12:59:41,0.31
2026-07-22 13:00:54,-0.25
2026-07-22 13:01:26,0.28
2026-07-22 13:01:43,-0.12
2026-07-22 13:03:22,0.18
2026-07-22 13:03:27,-0.13
2026-07-22 13:05:06,0.01
2026-07-22 13:05:33,0.20
2026-07-22 13:06:49,0.28
2026-07-22 13:07:21,-0.14
2026-07-22 13:07:42,0.22
2026-07-22 13:07:54,0.00
2026-07-22 13:09:44,0.26
2026-07-22 13:09:53,-0.06
2026-07-22 13:11:54,0.28
2026-07-22 13:11:59,-0.01
2026-07-22 13:13:15,-0.08
2026-07-22 13:13:51,0.33
2026-07-22 13:14:45,-0.18
2026-07-22 13:15:25,0.32
2026-07-22 13:17:05,-0.21
2026-07-22 13:17:18,0.29
2026-07-22 13:17:41,0.48
2026-07-22 13:18:56,-0.19
2026-07-22 13:19:15,-0.10
2026-07-22 13:19:47,0.21
2026-07-22 13:20:54,-0.06
2026-07-22 13:22:14,0.18
2026-07-22 13:22:50,-0.23
2026-07-22 13:23:54,0.26
2026-07-22 13:24:43,-0.18
2026-07-22 13:25:01,0.30
2026-07-22 13:27:15,-0.20
2026-07-22 13:27:51,-0.10
2026-07-22 13:28:50,0.69
2026-07-22 13:30:06,0.30
2026-07-22 13:30:19,-0.15
2026-07-22 13:31:18,0.42
2026-07-22 13:32:12,-0.20
2026-07-22 13:33:15,-0.09
2026-07-22 13:33:42,0.49
2026-07-22 13:34:22,0.28
2026-07-22 13:34:45,-0.03
2026-07-22 13:35:56,0.27
2026-07-22 13:36:46,-0.13
2026-07-22 13:38:20,0.38
2026-07-22 13:38:52,-0.14
2026-07-22 13:39:19,-0.05
2026-07-22 13:40:22,0.34
2026-07-22 13:41:20,-0.09
2026-07-22 13:42:09,0.41
2026-07-22 13:43:09,-0.19
2026-07-22 13:43:49,0.46
2026-07-22 13:43:57,0.44
2026-07-22 13:45:00,-0.16
2026-07-22 13:46:22,0.20
2026-07-22 13:47:02,-0.14
2026-07-22 13:47:16,0.27
2026-07-22 13:47:50,-0.04
2026-07-22 13:48:54,0.24
2026-07-22 13:49:07,0.01
2026-07-22 13:51:17,-0.03
2026-07-22 13:51:58,0.30
2026-07-22 13:52:17,-0.03
2026-07-22 13:52:25,0.57
2026-07-22 13:55:03,-0.08
2026-07-22 13:55:16,0.29
2026-07-22 13:55:39,-0.10
2026-07-22 13:56:19,0.29
2026-07-22 13:57:21,0.33
2026-07-22 13:58:34,-0.09
2026-07-22 13:58:51,0.26
2026-07-22 13:59:24,-0.08
2026-07-22 14:00:39,-0.11
2026-07-22 14:02:01,0.24
2026-07-22 14:02:10,-0.12
2026-07-22 14:03:26,0.27
2026-07-22 14:04:06,-0.01
2026-07-22 14:04:46,0.27
2026-07-22 14:06:12,0.19
2026-07-22 14:06:31,-0.03
2026-07-22 14:07:16,0.27
2026-07-22 14:08:18,0.00
2026-07-22 14:09:18,0.22
2026-07-22 14:10:15,-0.05
2026-07-22 14:10:46,-0.04
2026-07-22 14:10:51,0.23
2026-07-22 14:12:12,-0.03
2026-07-22 14:12:43,0.24
2026-07-22 14:13:51,-0.07
2026-07-22 14:15:16,0.29
2026-07-22 14:15:30,0.28
2026-07-22 14:16:56,-0.11
2026-07-22 14:17:05,0.04
2026-07-22 14:18:02,0.27
2026-07-22 14:18:47,0.26
2026-07-22 14:19:23,-0.11
2026-07-22 14:20:21,0.21
2026-07-22 14:20:29,-0.15
2026-07-22 14:23:04,-0.03
2026-07-22 14:23:21,0.19
2026-07-22 14:24:01,-0.03
2026-07-22 14:24:17,0.19
2026-07-22 14:26:21,-0.04
2026-07-22 14:26:27,0.24
2026-07-22 14:27:51,0.25
2026-07-22 14:27:55,-0.04
2026-07-22 14:28:54,-0.03
2026-07-22 14:29:21,0.19
2026-07-22 14:31:08,0.32
2026-07-22 14:31:27,-0.09
2026-07-22 14:32:26,0.23
2026-07-22 14:33:20,-0.17
2026-07-22 14:33:37,-0.04
2026-07-22 14:34:01,0.22
2026-07-22 14:35:21,-0.09
2026-07-22 14:36:28,0.24
2026-07-22 14:36:47,0.26
2026-07-22 14:37:49,-0.10
2026-07-22 14:39:09,-0.11
2026-07-22 14:39:42,0.31
2026-07-22 14:40:22,0.00
2026-07-22 14:41:11,0.35
2026-07-22 14:41:48,-0.03
2026-07-22 14:42:36,0.27
2026-07-22 14:44:47,0.29
2026-07-22 14:44:55,-0.07
2026-07-22 14:45:32,0.32
2026-07-22 14:46:12,-0.07
2026-07-22 14:47:38,0.03
2026-07-22 14:48:14,0.27
2026-07-22 14:48:58,0.26
2026-07-22 14:49:53,-0.06
2026-07-22 14:50:23,0.35
2026-07-22 14:50:37,-0.01
2026-07-22 14:52:35,0.04
2026-07-22 14:52:52,0.30
2026-07-22 14:53:20,0.23
2026-07-22 14:53:42,-0.16
2026-07-22 14:55:30,0.19
2026-07-22 14:55:43,0.00
2026-07-22 14:57:17,-0.13
2026-07-22 14:58:03,0.30
2026-07-22 14:59:19,-0.04
2026-07-22 14:59:37,0.19
2026-07-22 15:00:17,-0.06
2026-07-22 15:00:39,0.26
2026-07-22 15:02:14,-0.14
2026-07-22 15:03:03,0.30
2026-07-22 15:03:35,0.33
2026-07-22 15:04:37,-0.19
2026-07-22 15:04:56,-0.26
2026-07-22 15:05:50,0.68
2026-07-22 15:07:51,0.39
2026-07-22 15:07:56,-0.05
2026-07-22 15:08:53,0.62
2026-07-22 15:09:16,0.01
2026-07-22 15:10:23,0.56
2026-07-22 15:10:33,-0.14
2026-07-22 15:11:35,0.42
2026-07-22 15:12:34,-0.05
2026-07-22 15:13:23,0.30
2026-07-22 15:13:36,-0.04
2026-07-22 15:15:29,0.34
2026-07-22 15:16:05,-0.13
2026-07-22 15:17:07,-0.06
2026-07-22 15:17:11,0.39
2026-07-22 15:18:03,0.45
2026-07-22 15:19:13,-0.22
2026-07-22 15:20:12,-0.17
2026-07-22 15:20:30,0.45
2026-07-22 15:21:18,-0.08
2026-07-22 15:22:40,0.38
2026-07-22 15:22:58,0.02
2026-07-22 15:23:25,0.45
2026-07-22 15:25:54,-0.30
2026-07-22 15:25:58,0.51
2026-07-22 15:26:17,0.33
2026-07-22 15:27:18,-0.32
2026-07-22 15:29:14,-0.22
2026-07-22 15:29:30,0.47
2026-07-22 15:29:38,-0.25
2026-07-22 15:30:32,0.37
2026-07-22 15:31:39,0.25
2026-07-22 15:32:19,-0.22
2026-07-22 15:33:02,0.41
2026-07-22 15:33:19,-0.21
2026-07-22 15:35:11,-0.05
2026-07-22 15:35:38,0.44
2026-07-22 15:36:45,-0.15
2026-07-22 15:36:52,0.30
2026-07-22 15:38:46,-0.09
2026-07-22 15:38:51,0.40
2026-07-22 15:40:25,-0.03
2026-07-22 15:40:52,0.31
2026-07-22 15:41:46,-0.19
2026-07-22 15:42:05,0.29
2026-07-22 15:43:43,-0.06
2026-07-22 15:43:47,0.36
2026-07-22 15:44:51,0.32
2026-07-22 15:45:04,-0.12
2026-07-22 15:46:46,-0.11
2026-07-22 15:47:27,0.30
2026-07-22 15:47:59,0.47
2026-07-22 15:48:31,-0.23
2026-07-22 15:49:25,0.32
2026-07-22 15:49:52,-0.01
2026-07-22 15:51:16,0.31
2026-07-22 15:51:44,-0.16
2026-07-22 15:53:09,0.26
2026-07-22 15:53:36,-0.03
2026-07-22 15:54:43,-0.04
2026-07-22 15:55:06,0.36
2026-07-22 15:56:36,0.48
2026-07-22 15:56:54,0.02
2026-07-22 15:58:46,0.32
2026-07-22 15:58:59,-0.03
2026-07-22 16:00:03,-0.17
2026-07-22 16:00:33,0.43
2026-07-22 16:01:28,-0.15
2026-07-22 16:01:37,0.36
2026-07-22 16:02:34,0.32
2026-07-22 16:03:37,-0.20
2026-07-22 16:05:08,-0.05
2026-07-22 16:05:40,0.26
2026-07-22 16:06:24,0.37
2026-07-22 16:06:41,-0.23
2026-07-22 16:08:26,0.33
2026-07-22 16:08:47,-0.17
2026-07-22 16:09:28,-0.20
2026-07-22 16:10:27,0.28
2026-07-22 16:11:02,0.47
2026-07-22 16:12:14,-0.24
2026-07-22 16:12:20,0.22
2026-07-22 16:12:24,0.04
2026-07-22 16:12:37,-0.16
2026-07-22 16:12:41,0.37
2026-07-22 16:14:55,-0.08
2026-07-22 16:15:24,0.39
2026-07-22 16:15:51,-0.07
2026-07-22 16:16:00,0.38
2026-07-22 16:17:29,0.28
2026-07-22 16:18:36,-0.05
2026-07-22 16:19:08,-0.16
2026-07-22 16:20:11,0.41
2026-07-22 16:20:47,-0.05
2026-07-22 16:21:41,0.26
2026-07-22 16:23:06,-0.11
2026-07-22 16:23:47,0.33
2026-07-22 16:24:31,0.22
2026-07-22 16:25:26,-0.03
2026-07-22 16:26:23,-0.07
2026-07-22 16:26:47,0.30
2026-07-22 16:27:18,-0.16
2026-07-22 16:28:12,0.26
2026-07-22 16:29:01,0.33
2026-07-22 16:29:46,-0.04
2026-07-22 16:30:54,-0.02
2026-07-22 16:31:03,0.22
2026-07-22 16:33:04,0.25
2026-07-22 16:33:44,-0.08
2026-07-22 16:35:10,0.21
2026-07-22 16:36:30,0.23
2026-07-22 16:37:07,-0.11
2026-07-22 16:37:47,-0.15
2026-07-22 16:38:45,0.19
2026-07-22 16:39:30,0.17
2026-07-22 16:39:35,-0.07
2026-07-22 16:40:42,0.18
2026-07-22 16:41:10,-0.08
2026-07-22 16:42:30,0.27
2026-07-22 16:42:57,-0.19
2026-07-22 16:44:00,-0.17
2026-07-22 16:44:13,0.34
2026-07-22 16:46:56,0.27
2026-07-22 16:47:04,-0.21
2026-07-22 16:47:17,0.22
2026-07-22 16:48:43,-0.18
2026-07-22 16:48:52,0.13
2026-07-22 16:49:46,-0.07
2026-07-22 16:51:03,0.19
2026-07-22 16:51:38,-0.14
2026-07-22 16:52:14,0.25
2026-07-22 16:52:51,-0.17
2026-07-22 16:53:57,-0.14
2026-07-22 16:54:57,0.25
2026-07-22 16:55:27,-0.19
2026-07-22 16:55:41,0.28
2026-07-22 16:57:05,0.27
2026-07-22 16:57:56,-0.16
2026-07-22 16:58:45,-0.19
2026-07-22 16:58:58,0.16
2026-07-22 17:01:32,-0.15
2026-07-22 17:01:45,0.39
2026-07-22 17:02:12,0.30
2026-07-22 17:03:19,-0.17
2026-07-22 17:04:18,-0.12
2026-07-22 17:04:32,0.18
2026-07-22 17:05:43,-0.14
2026-07-22 17:06:15,0.28
2026-07-22 17:07:08,-0.35
2026-07-22 17:08:32,0.38
2026-07-22 17:08:38,1.85
2026-07-22 17:09:28,-0.34
2026-07-22 17:10:45,0.48
2026-07-22 17:11:19,-0.32
2026-07-22 17:11:51,0.30
2026-07-22 17:12:14,-0.17
2026-07-22 17:14:25,0.16
2026-07-22 17:15:05,-0.14
2026-07-22 17:15:18,0.15
2026-07-22 17:15:36,-0.07
2026-07-22 17:16:48,0.22
2026-07-22 17:17:28,-0.15
2026-07-22 17:19:25,-0.16
2026-07-22 17:19:59,0.15
2026-07-22 17:20:19,0.11
2026-07-22 17:20:25,-0.13
2026-07-22 17:21:45,-0.11
2026-07-22 17:22:16,0.13
2026-07-22 17:23:49,0.06
2026-07-22 17:24:09,-0.11
2026-07-22 17:25:12,-0.14
2026-07-22 17:26:41,0.13
2026-07-22 17:27:17,0.12
2026-07-22 17:27:44,-0.08
2026-07-22 17:28:29,-0.09
2026-07-22 17:29:00,0.08
2026-07-22 17:31:06,-0.15
2026-07-22 17:31:20,0.19
2026-07-22 17:31:43,-0.13
2026-07-22 17:32:00,0.24
2026-07-22 17:33:48,-0.16
2026-07-22 17:34:15,0.09
2026-07-22 17:35:36,0.10
2026-07-22 17:35:59,-0.17
2026-07-22 17:36:43,0.10
2026-07-22 17:36:53,-0.17
2026-07-22 17:38:48,-0.12
2026-07-22 17:39:53,0.05
2026-07-22 17:40:37,0.11
2026-07-22 17:40:50,-0.08
2026-07-22 17:41:49,0.07
2026-07-22 17:42:25,-0.10
2026-07-22 17:43:51,0.08
2026-07-22 17:44:31,-0.15
2026-07-22 17:44:57,-0.12
2026-07-22 17:46:04,0.14
2026-07-22 17:46:36,0.10
2026-07-22 17:47:57,-0.09
2026-07-22 17:48:11,-0.13
2026-07-22 17:49:27,0.06
2026-07-22 17:49:58,-0.07
2026-07-22 17:50:03,0.06
2026-07-22 17:52:35,-0.11
2026-07-22 17:52:49,0.09
2026-07-22 17:54:15,0.08
2026-07-22 17:54:33,-0.15
2026-07-22 17:55:54,-0.07
2026-07-22 17:56:16,0.12
2026-07-22 17:56:52,-0.12
2026-07-22 17:57:05,0.11
2026-07-22 17:58:31,-0.08
2026-07-22 17:59:34,0.07
2026-07-22 18:00:19,-0.10
2026-07-22 18:00:49,0.06
2026-07-22 18:01:35,0.05
2026-07-22 18:02:51,-0.08
2026-07-22 18:03:09,0.09
2026-07-22 18:04:12,-0.09
2026-07-22 18:04:43,0.04
2026-07-22 18:05:28,-0.10
2026-07-22 18:06:36,0.05
2026-07-22 18:07:08,-0.07
2026-07-22 18:08:19,-0.12
2026-07-22 18:09:17,0.06
2026-07-22 18:09:45,0.08
2026-07-22 18:10:25,-0.08
2026-07-22 18:11:24,0.04
2026-07-22 18:12:53,-0.11
2026-07-22 18:13:06,0.06
2026-07-22 18:13:48,-0.13
2026-07-22 18:14:55,0.04
2026-07-22 18:14:59,-0.09
2026-07-22 18:16:20,-0.10
2026-07-22 18:17:04,0.04
2026-07-22 18:18:30,0.06
2026-07-22 18:19:02,-0.10
2026-07-22 18:19:33,0.08
2026-07-22 18:20:50,-0.10
2026-07-22 18:22:02,0.06
2026-07-22 18:22:16,-0.13
2026-07-22 18:23:40,0.07
2026-07-22 18:24:03,-0.11
2026-07-22 18:24:30,-0.10
2026-07-22 18:24:34,0.04
2026-07-22 18:27:16,0.06
2026-07-22 18:27:29,-0.18
2026-07-22 18:28:37,-0.14
2026-07-22 18:28:50,0.12
2026-07-22 18:30:51,-0.14
2026-07-22 18:31:00,0.03
2026-07-22 18:31:37,0.06
2026-07-22 18:32:25,-0.10
2026-07-22 18:33:21,0.04
2026-07-22 18:34:10,-0.16
2026-07-22 18:35:03,0.02
2026-07-22 18:35:58,-0.12
2026-07-22 18:36:02,-0.11
2026-07-22 18:37:10,0.11
2026-07-22 18:38:21,-0.17
2026-07-22 18:38:52,0.23
2026-07-22 18:39:24,0.18
2026-07-22 18:40:05,-0.16
2026-07-22 18:41:17,0.08
2026-07-22 18:42:32,-0.23
2026-07-22 18:43:22,-0.13
2026-07-22 18:43:31,0.09
2026-07-22 18:45:15,-0.10
2026-07-22 18:45:38,0.07
2026-07-22 18:46:31,0.04
2026-07-22 18:46:39,-0.07
2026-07-22 18:48:24,-0.10
2026-07-22 18:48:50,0.03
2026-07-22 18:49:26,0.08
2026-07-22 18:50:11,-0.11
2026-07-22 18:51:59,0.03
2026-07-22 18:52:17,-0.17
2026-07-22 18:53:38,0.05
2026-07-22 18:53:56,-0.10
2026-07-22 18:54:09,-0.11
2026-07-22 18:54:58,0.03
2026-07-22 18:57:00,0.06
2026-07-22 18:57:05,-0.09
2026-07-22 18:57:36,0.06
2026-07-22 18:58:39,-0.17
2026-07-22 18:59:25,-0.07
2026-07-22 19:00:31,0.05
2026-07-22 19:01:16,0.04
2026-07-22 19:02:14,-0.10
2026-07-22 19:02:59,0.05
2026-07-22 19:03:13,-0.11
2026-07-22 19:04:25,-0.08
2026-07-22 19:04:34,0.04
2026-07-22 19:05:46,-0.08
2026-07-22 19:06:30,0.05
2026-07-22 19:07:25,0.01
2026-07-22 19:08:23,-0.10
2026-07-22 19:10:14,0.10
2026-07-22 19:10:20,-0.17
2026-07-22 19:11:00,0.09
2026-07-22 19:11:46,-0.13
2026-07-22 19:12:48,0.01
2026-07-22 19:13:33,-0.18
2026-07-22 19:14:00,0.08
2026-07-22 19:14:27,-0.23
2026-07-22 19:16:37,0.08
2026-07-22 19:17:00,-0.20
2026-07-22 19:17:18,-0.18
2026-07-22 19:18:34,0.20
2026-07-22 19:19:14,-0.12
2026-07-22 19:20:04,0.08
2026-07-22 19:20:49,0.04
2026-07-22 19:22:01,-0.21
2026-07-22 19:22:24,0.03
2026-07-22 19:22:28,-0.16
2026-07-22 19:24:07,0.04
2026-07-22 19:24:52,-0.17
2026-07-22 19:25:49,0.05
2026-07-22 19:26:35,-0.17
2026-07-22 19:27:42,0.14
2026-07-22 19:27:51,-0.16
2026-07-22 19:29:39,0.09
2026-07-22 19:30:21,-0.11
2026-07-22 19:30:42,0.07
2026-07-22 19:31:14,-0.19
2026-07-22 19:32:07,-0.26
2026-07-22 19:32:48,0.13
2026-07-22 19:34:09,-0.24
2026-07-22 19:34:45,0.02
2026-07-22 19:35:29,-0.18
2026-07-22 19:35:34,0.05
2026-07-22 19:37:03,-0.11
2026-07-22 19:38:25,0.05
2026-07-22 19:40:00,0.03
2026-07-22 19:40:04,-0.24
2026-07-22 19:41:34,0.05
2026-07-22 19:41:39,-0.15
2026-07-22 19:42:19,0.09
2026-07-22 19:42:46,-0.21
2026-07-22 19:43:39,-0.14
2026-07-22 19:44:51,0.07
2026-07-22 19:46:03,0.11
2026-07-22 19:46:35,-0.22
2026-07-22 19:47:19,0.04
2026-07-22 19:48:18,-0.19
2026-07-22 19:48:36,0.04
2026-07-22 19:49:44,-0.23
2026-07-22 19:50:42,0.03
2026-07-22 19:50:46,-0.16
2026-07-22 19:52:46,0.11
2026-07-22 19:52:57,-0.24
2026-07-22 19:54:09,0.10
2026-07-22 19:54:40,-0.23
2026-07-22 19:55:57,0.04
2026-07-22 19:56:01,-0.24
2026-07-22 19:57:23,0.00
2026-07-22 19:58:03,-0.22
2026-07-22 19:58:30,0.01
2026-07-22 19:59:19,-0.28
2026-07-22 20:00:24,0.15
2026-07-22 20:01:38,-0.17
2026-07-22 20:01:51,0.22
2026-07-22 20:02:54,-0.24
2026-07-22 20:04:56,0.13
2026-07-22 20:05:01,-0.19
2026-07-22 20:05:32,-0.23
2026-07-22 20:06:17,0.04
2026-07-22 20:07:42,-0.27
2026-07-22 20:07:51,0.04
2026-07-22 20:09:21,-0.28
2026-07-22 20:09:48,0.09
2026-07-22 20:11:04,-0.22
2026-07-22 20:11:40,0.06
2026-07-22 20:11:52,0.02
2026-07-22 20:12:52,-0.21
2026-07-22 20:14:31,0.08
2026-07-22 20:15:57,0.04
2026-07-22 20:16:28,-0.21
2026-07-22 20:17:09,0.05
2026-07-22 20:17:22,-0.34
2026-07-22 20:19:19,-0.25
2026-07-22 20:19:41,0.08
2026-07-22 20:20:49,0.12
2026-07-22 20:21:16,-0.26
2026-07-22 20:21:52,-0.28
2026-07-22 20:23:03,0.08
2026-07-22 20:23:35,-0.24
2026-07-22 20:24:33,0.09
2026-07-22 20:25:53,-0.24
2026-07-22 20:27:29,-0.34
2026-07-22 20:28:09,0.18
2026-07-22 20:28:13,0.12
2026-07-22 20:29:34,-0.35
2026-07-22 20:30:19,-0.20
2026-07-22 20:31:09,0.06
2026-07-22 20:32:26,-0.23
2026-07-22 20:33:06,0.12
2026-07-22 20:33:10,-0.28
2026-07-22 20:33:59,0.04
2026-07-22 20:35:16,0.10
2026-07-22 20:35:52,-0.24
2026-07-22 20:36:28,-0.25
2026-07-22 20:36:41,0.07
2026-07-22 20:39:00,0.15
2026-07-22 20:39:27,-0.23
2026-07-22 20:39:59,-0.28
2026-07-22 20:41:11,0.15
2026-07-22 20:41:28,0.01
2026-07-22 20:41:41,-0.25
2026-07-22 20:43:30,0.19
2026-07-22 20:44:19,-0.27
2026-07-22 20:45:08,-0.34
2026-07-22 20:45:18,0.08
2026-07-22 20:46:53,0.03
2026-07-22 20:47:10,-0.22
2026-07-22 20:48:04,-0.29
2026-07-22 20:48:08,0.04
2026-07-22 20:50:15,-0.27
2026-07-22 20:51:57,0.10
2026-07-22 20:52:11,-0.39
2026-07-22 20:53:22,-0.26
2026-07-22 20:53:36,0.08
2026-07-22 20:54:44,-0.38
2026-07-22 20:55:28,0.10
2026-07-22 20:56:41,0.08
2026-07-22 20:56:49,-0.27
2026-07-22 20:58:34,-0.20
2026-07-22 20:58:38,0.09
2026-07-22 20:59:41,-0.23
2026-07-22 21:00:48,-0.03
2026-07-22 21:01:56,-0.25
2026-07-22 21:02:49,0.11
2026-07-22 21:04:02,0.13
2026-07-22 21:04:29,-0.33
2026-07-22 21:05:59,-0.35
2026-07-22 21:06:03,0.04
2026-07-22 21:06:12,-0.24
2026-07-22 21:07:15,0.03
2026-07-22 21:08:22,-0.01
2026-07-22 21:08:40,-0.26
2026-07-22 21:10:46,0.08
2026-07-22 21:10:55,-0.38
2026-07-22 21:12:24,-0.44
2026-07-22 21:12:29,0.09
2026-07-22 21:12:51,-0.40
2026-07-22 21:13:14,0.09
2026-07-22 21:14:35,-0.29
2026-07-22 21:15:23,0.06
2026-07-22 21:16:36,-0.01
2026-07-22 21:17:16,-0.28
2026-07-22 21:18:06,0.02
2026-07-22 21:18:20,-0.26
2026-07-22 21:20:07,-0.25
2026-07-22 21:20:17,0.08
2026-07-22 21:21:06,-0.26
2026-07-22 21:21:43,0.11
2026-07-22 21:22:44,-0.38
2026-07-22 21:23:52,0.16
2026-07-22 21:24:33,0.02
2026-07-22 21:25:09,-0.26
2026-07-22 21:26:30,0.08
2026-07-22 21:27:23,-0.34
2026-07-22 21:28:22,0.12
2026-07-22 21:28:44,-0.41
2026-07-22 21:29:51,0.22
2026-07-22 21:30:14,-0.36
2026-07-22 21:31:21,0.04
2026-07-22 21:31:48,-0.27
2026-07-22 21:33:05,0.01
2026-07-22 21:33:10,-0.24
2026-07-22 21:35:14,0.08
2026-07-22 21:35:46,-0.31
2026-07-22 21:36:36,0.08
2026-07-22 21:37:03,-0.33
2026-07-22 21:37:31,-0.31
2026-07-22 21:39:08,0.01
2026-07-22 21:40:21,-0.26
2026-07-22 21:41:51,-0.03
2026-07-22 21:42:12,-0.27
2026-07-22 21:43:11,-0.29
2026-07-22 21:43:44,0.04
2026-07-22 21:44:28,-0.03
2026-07-22 21:45:35,-0.24
2026-07-22 21:45:58,-0.42
2026-07-22 21:46:02,-0.04
2026-07-22 21:47:45,-0.03
2026-07-22 21:48:04,-0.25
2026-07-22 21:49:29,-0.22
2026-07-22 21:50:40,-0.01
2026-07-22 21:51:18,0.05
2026-07-22 21:51:39,-0.28
2026-07-22 21:52:38,0.11
2026-07-22 21:53:59,-0.36
2026-07-22 21:55:06,0.03
2026-07-22 21:57:03,0.02
2026-07-22 21:57:12,-0.30
2026-07-22 21:57:20,-0.28
2026-07-22 21:58:00,-0.05
2026-07-22 21:59:09,-0.28
2026-07-22 21:59:32,0.00
2026-07-22 22:01:01,-0.06
2026-07-22 22:01:27,-0.21
2026-07-22 22:02:30,-0.06
2026-07-22 22:03:12,-0.25
2026-07-22 22:05:08,0.01
2026-07-22 22:05:17,-0.30
2026-07-22 22:05:57,-0.31
2026-07-22 22:07:00,-0.02
2026-07-22 22:07:19,-0.24
2026-07-22 22:07:59,-0.06
2026-07-22 22:09:24,-0.25
2026-07-22 22:09:33,-0.02
2026-07-22 22:11:26,-0.33
2026-07-22 22:11:34,-0.08
2026-07-22 22:12:47,-0.29
2026-07-22 22:13:31,-0.06
2026-07-22 22:13:48,-0.29
2026-07-22 22:15:01,0.01
2026-07-22 22:16:09,-0.05
2026-07-22 22:16:31,-0.31
2026-07-22 22:17:07,-0.30
2026-07-22 22:17:15,0.02
2026-07-22 22:18:51,-0.28
2026-07-22 22:20:08,-0.04
2026-07-22 22:20:42,-0.02
2026-07-22 22:21:22,-0.28
2026-07-22 22:22:31,-0.07
2026-07-22 22:23:24,-0.28
2026-07-22 22:24:05,-0.03
2026-07-22 22:25:16,-0.27
2026-07-22 22:25:25,-0.05
2026-07-22 22:25:32,-0.28
2026-07-22 22:27:59,-0.21
2026-07-22 22:28:16,-0.03
2026-07-22 22:29:10,-0.08
2026-07-22 22:30:09,-0.31
2026-07-22 22:30:28,-0.30
2026-07-22 22:30:49,-0.09
2026-07-22 22:32:10,-0.04
2026-07-22 22:32:29,-0.24
2026-07-22 22:33:45,-0.06
2026-07-22 22:34:16,-0.28
2026-07-22 22:35:50,-0.07
2026-07-22 22:37:39,-0.22
2026-07-22 22:38:15,-0.04
2026-07-22 22:39:04,-0.28
2026-07-22 22:40:03,-0.04
2026-07-22 22:40:29,-0.21
2026-07-22 22:41:10,-0.02
2026-07-22 22:43:10,-0.30
2026-07-22 22:44:18,-0.22
2026-07-22 22:44:49,-0.03
2026-07-22 22:45:17,-0.09
2026-07-22 22:45:22,-0.20
2026-07-22 22:47:00,-0.26
2026-07-22 22:47:27,-0.10
2026-07-22 22:48:35,-0.24
2026-07-22 22:49:33,-0.02
2026-07-22 22:51:11,-0.06
2026-07-22 22:51:16,-0.25
2026-07-22 22:52:42,-0.06
2026-07-22 22:54:30,-0.07
2026-07-22 22:54:34,-0.27
2026-07-22 22:55:14,-0.04
2026-07-22 22:55:59,-0.28
2026-07-22 22:57:34,-0.23
2026-07-22 22:58:14,-0.01
2026-07-22 22:58:50,-0.04
2026-07-22 22:59:26,-0.30
2026-07-22 23:00:20,-0.29
2026-07-22 23:00:51,-0.09
2026-07-22 23:01:41,-0.02
2026-07-22 23:02:48,-0.25
2026-07-22 23:03:19,-0.05
2026-07-22 23:04:14,-0.24
2026-07-22 23:05:48,-0.32
2026-07-22 23:05:57,-0.06
2026-07-22 23:07:54,-0.31
2026-07-22 23:08:11,-0.06
2026-07-22 23:09:24,-0.09
2026-07-22 23:09:28,-0.25
2026-07-22 23:09:59,-0.23
2026-07-22 23:11:16,-0.06
2026-07-22 23:12:05,0.01
2026-07-22 23:12:10,-0.29
2026-07-22 23:13:22,-0.05
2026-07-22 23:14:20,-0.29
2026-07-22 23:15:00,-0.26
2026-07-22 23:15:45,-0.07
2026-07-22 23:17:29,-0.11
2026-07-22 23:18:05,-0.28
2026-07-22 23:18:13,-0.07
2026-07-22 23:19:26,-0.22
2026-07-22 23:20:39,-0.28
2026-07-22 23:21:23,-0.05
2026-07-22 23:21:36,0.06
2026-07-22 23:22:21,-0.24
2026-07-22 23:24:14,0.00
2026-07-22 23:24:27,-0.40
2026-07-22 23:25:47,-0.02
2026-07-22 23:25:56,-0.25
2026-07-22 23:27:49,-0.07
2026-07-22 23:27:58,-0.19
2026-07-22 23:28:34,-0.27
2026-07-22 23:28:57,0.05
2026-07-22 23:30:04,0.00
2026-07-22 23:30:13,-0.30
2026-07-22 23:31:33,-0.06
2026-07-22 23:32:20,-0.23
2026-07-22 23:33:53,-0.20
2026-07-22 23:34:18,-0.07
2026-07-22 23:34:47,-0.21
2026-07-22 23:35:10,-0.09
2026-07-22 23:36:35,-0.08
2026-07-22 23:37:15,-0.23
2026-07-22 23:39:08,-0.22
2026-07-22 23:39:35,-0.10
2026-07-22 23:39:40,-0.09
2026-07-22 23:41:00,-0.26
2026-07-22 23:41:27,-0.22
2026-07-22 23:42:48,-0.03
2026-07-22 23:43:42,-0.21
2026-07-22 23:44:09,-0.09
2026-07-22 23:45:26,-0.08
2026-07-22 23:45:53,-0.28
2026-07-22 23:46:24,-0.08
2026-07-22 23:47:09,-0.20
2026-07-22 23:48:16,-0.23
2026-07-22 23:49:06,-0.06
2026-07-22 23:50:18,-0.28
2026-07-22 23:50:22,-0.09
2026-07-22 23:51:16,-0.20
2026-07-22 23:51:39,-0.07
2026-07-22 23:53:49,-0.26
2026-07-22 23:53:54,-0.06
2026-07-22 23:54:42,-0.12
2026-07-22 23:54:51,-0.24
2026-07-22 23:56:52,-0.06
2026-07-22 23:57:38,-0.21
2026-07-22 23:57:48,-0.25
2026-07-22 23:58:59,-0.06
2026-07-22 23:59:53,-0.25
2026-07-23 00:00:19,-0.09
2026-07-23 00:01:36,-0.08
2026-07-23 00:02:12,-0.26
2026-07-23 00:03:16,-0.10
2026-07-23 00:03:50,-0.22
2026-07-23 00:04:31,-0.23
2026-07-23 00:05:48,-0.10
2026-07-23 00:06:15,-0.24
2026-07-23 00:06:23,-0.10
2026-07-23 00:07:57,-0.23
2026-07-23 00:08:53,-0.07
2026-07-23 00:09:33,-0.14
2026-07-23 00:10:44,-0.25
2026-07-23 00:11:47,-0.09
2026-07-23 00:13:00,-0.28
2026-07-23 00:13:44,-0.09
2026-07-23 00:14:16,-0.27
2026-07-23 00:15:23,-0.08
2026-07-23 00:16:44,-0.24
2026-07-23 00:18:23,-0.11
2026-07-23 00:19:21,-0.10
2026-07-23 00:19:25,-0.25
2026-07-23 00:21:04,-0.08
2026-07-23 00:21:10,-0.28
2026-07-23 00:22:30,-0.11
2026-07-23 00:22:47,-0.23
2026-07-23 00:24:45,-0.09
2026-07-23 00:24:50,-0.24
2026-07-23 00:26:59,-0.10
2026-07-23 00:28:52,-0.27
2026-07-23 00:29:24,-0.12
2026-07-23 00:30:04,-0.31
2026-07-23 00:31:06,-0.26
2026-07-23 00:31:25,-0.10
2026-07-23 00:32:36,-0.28
2026-07-23 00:34:01,-0.10
2026-07-23 00:34:41,-0.26
2026-07-23 00:35:37,-0.16
2026-07-23 00:35:45,-0.13
2026-07-23 00:36:52,-0.27
2026-07-23 00:37:28,-0.25
2026-07-23 00:37:51,-0.14
2026-07-23 00:39:34,-0.27
2026-07-23 00:39:57,-0.13
2026-07-23 00:40:59,-0.24
2026-07-23 00:41:22,-0.14
2026-07-23 00:42:29,-0.24
2026-07-23 00:43:19,-0.12
2026-07-23 00:44:08,-0.10
2026-07-23 00:44:49,-0.25
2026-07-23 00:46:13,-0.11
2026-07-23 00:46:36,-0.31
2026-07-23 00:47:31,-0.14
2026-07-23 00:48:28,-0.25
2026-07-23 00:49:49,-0.11
2026-07-23 00:50:20,-0.21
2026-07-23 00:51:33,-0.28
2026-07-23 00:51:55,-0.10
2026-07-23 00:52:45,-0.13
2026-07-23 00:53:47,-0.26
2026-07-23 00:55:05,-0.11
2026-07-23 00:55:58,-0.27
2026-07-23 00:56:20,-0.13
2026-07-23 00:57:14,-0.24
2026-07-23 00:57:37,-0.13
2026-07-23 00:58:49,-0.30
2026-07-23 00:59:16,-0.06
2026-07-23 01:00:46,-0.24
2026-07-23 01:01:00,-0.15
2026-07-23 01:02:25,-0.12
2026-07-23 01:02:56,-0.28
2026-07-23 01:04:07,-0.32
2026-07-23 01:04:53,-0.11
2026-07-23 01:05:33,-0.15
2026-07-23 01:05:47,-0.30
2026-07-23 01:07:07,-0.08
2026-07-23 01:07:39,-0.27
2026-07-23 01:08:55,-0.12
2026-07-23 01:09:27,-0.27
2026-07-23 01:11:46,-0.13
2026-07-23 01:12:17,-0.29
2026-07-23 01:13:29,-0.14
2026-07-23 01:14:55,-0.28
2026-07-23 01:16:48,-0.13
2026-07-23 01:17:01,-0.28
2026-07-23 01:18:35,-0.15
2026-07-23 01:19:07,-0.11
2026-07-23 01:19:34,-0.27
2026-07-23 01:21:34,-0.17
2026-07-23 01:21:44,-0.31
2026-07-23 01:23:09,-0.30
2026-07-23 01:23:31,-0.12
2026-07-23 01:23:59,-0.16
2026-07-23 01:24:30,-0.30
2026-07-23 01:26:09,-0.32
2026-07-23 01:26:45,-0.17
2026-07-23 01:27:57,-0.33
2026-07-23 01:28:10,-0.06
2026-07-23 01:29:00,0.08
2026-07-23 01:29:49,-0.34
2026-07-23 01:30:25,0.13
2026-07-23 01:30:48,-0.38
2026-07-23 01:32:58,-0.04
2026-07-23 01:33:15,-0.36
2026-07-23 01:33:52,0.01
2026-07-23 01:34:23,-0.39
2026-07-23 01:35:12,-0.37
2026-07-23 01:35:57,-0.06
2026-07-23 01:37:18,-0.10
2026-07-23 01:38:13,-0.30
2026-07-23 01:39:46,-0.35
2026-07-23 01:40:00,-0.15
2026-07-23 01:40:28,-0.34
2026-07-23 01:40:32,-0.17
2026-07-23 01:42:16,-0.34
2026-07-23 01:43:09,-0.11
2026-07-23 01:43:36,-0.04
2026-07-23 01:43:44,-0.32
2026-07-23 01:46:31,0.06
2026-07-23 01:47:11,-0.42
2026-07-23 01:47:37,-0.05
2026-07-23 01:48:19,-0.34
2026-07-23 01:48:29,-0.16
2026-07-23 01:49:58,-0.30
2026-07-23 01:51:04,-0.16
2026-07-23 01:52:00,-0.29
2026-07-23 01:52:26,-0.19
2026-07-23 01:53:24,-0.34
2026-07-23 01:54:10,-0.15
2026-07-23 01:55:03,-0.19
2026-07-23 01:55:07,-0.31
2026-07-23 01:57:54,-0.06
2026-07-23 01:57:58,-0.31
2026-07-23 01:58:52,0.02
2026-07-23 01:59:38,-0.35
2026-07-23 02:00:04,0.05
2026-07-23 02:01:11,-0.45
2026-07-23 02:01:43,-0.33
2026-07-23 02:02:19,-0.14
2026-07-23 02:04:30,-0.36
2026-07-23 02:04:51,-0.13
2026-07-23 02:05:18,-0.31
2026-07-23 02:07:38,-0.34
2026-07-23 02:08:01,-0.09
2026-07-23 02:09:04,-0.35
2026-07-23 02:09:53,-0.37
2026-07-23 02:10:19,-0.14
2026-07-23 02:11:55,-0.31
2026-07-23 02:13:15,-0.36
2026-07-23 02:13:51,-0.17
2026-07-23 02:15:03,-0.41
2026-07-23 02:16:11,-0.16
2026-07-23 02:16:55,-0.34
2026-07-23 02:17:18,-0.15
2026-07-23 02:18:25,-0.32
2026-07-23 02:19:38,-0.21
2026-07-23 02:20:22,-0.19
2026-07-23 02:21:11,-0.35
2026-07-23 02:21:38,-0.33
2026-07-23 02:21:56,-0.18
2026-07-23 02:23:26,-0.39
2026-07-23 02:23:36,-0.17
2026-07-23 02:24:46,-0.39
2026-07-23 02:25:09,-0.19
2026-07-23 02:26:52,-0.34
2026-07-23 02:29:07,-0.14
2026-07-23 02:29:34,-0.13
2026-07-23 02:30:59,-0.40
2026-07-23 02:31:14,-0.17
2026-07-23 02:32:07,-0.47
2026-07-23 02:34:18,-0.38
2026-07-23 02:34:26,-0.03
2026-07-23 02:35:17,-0.45
2026-07-23 02:35:26,-0.14
2026-07-23 02:36:54,0.16
2026-07-23 02:37:27,-0.43
2026-07-23 02:37:49,-0.45
2026-07-23 02:38:48,-0.06
2026-07-23 02:40:34,-0.55
2026-07-23 02:40:40,-0.06
2026-07-23 02:42:19,0.03
2026-07-23 02:42:41,-0.43
2026-07-23 02:43:53,-0.41
2026-07-23 02:43:57,-0.10
2026-07-23 02:44:56,-0.45
2026-07-23 02:45:17,0.02
2026-07-23 02:46:40,-0.03
2026-07-23 02:46:44,-0.52
2026-07-23 02:48:59,-0.02
2026-07-23 02:49:13,-0.53
2026-07-23 02:49:34,-0.52
2026-07-23 02:50:01,0.19
2026-07-23 02:51:14,-0.48
2026-07-23 02:51:27,0.08
2026-07-23 02:52:43,-0.35
2026-07-23 02:52:55,-0.14
2026-07-23 02:53:20,-0.20
2026-07-23 02:53:24,-0.12
2026-07-23 02:53:33,-0.13
2026-07-23 02:54:09,-0.53
2026-07-23 02:55:02,-0.04
2026-07-23 02:55:08,-0.39
2026-07-23 02:56:09,-0.41
2026-07-23 02:57:14,-0.11
2026-07-23 02:58:02,-0.33
2026-07-23 02:58:29,-0.15
2026-07-23 02:59:15,-0.17
2026-07-23 03:00:03,-0.33
2026-07-23 03:01:34,-0.18
2026-07-23 03:02:23,-0.36
2026-07-23 03:03:30,-0.02
2026-07-23 03:04:06,-0.61
2026-07-23 03:04:34,-0.14
2026-07-23 03:05:36,-0.40
2026-07-23 03:06:13,-0.12
2026-07-23 03:07:23,-0.48
2026-07-23 03:07:33,-0.40
2026-07-23 03:09:03,-0.06
2026-07-23 03:09:12,-0.44
2026-07-23 03:10:29,-0.14
2026-07-23 03:11:00,-0.37
2026-07-23 03:11:44,0.03
2026-07-23 03:13:51,-0.46
2026-07-23 03:14:00,0.02
2026-07-23 03:14:09,-0.61
2026-07-23 03:14:57,0.02
2026-07-23 03:16:06,-0.50
2026-07-23 03:16:19,-0.04
2026-07-23 03:17:26,-0.39
2026-07-23 03:18:11,-0.10
2026-07-23 03:19:10,-0.52
2026-07-23 03:20:40,-0.08
2026-07-23 03:21:16,-0.46
2026-07-23 03:22:18,-0.04
2026-07-23 03:22:41,-0.55
2026-07-23 03:23:03,0.00
2026-07-23 03:25:18,-0.02
2026-07-23 03:25:32,-0.56
2026-07-23 03:26:34,-0.58
2026-07-23 03:27:05,-0.04
2026-07-23 03:27:38,-0.18
2026-07-23 03:28:27,-0.36
2026-07-23 03:29:11,-0.49
2026-07-23 03:29:57,-0.13
2026-07-23 03:30:41,-0.14
2026-07-23 03:31:27,-0.45
2026-07-23 03:32:43,-0.12
2026-07-23 03:33:10,-0.43
2026-07-23 03:33:59,-0.22
2026-07-23 03:34:18,-0.40
2026-07-23 03:35:38,-0.19
2026-07-23 03:36:45,-0.46
2026-07-23 03:37:58,-0.43
2026-07-23 03:38:38,-0.14
2026-07-23 03:38:51,-0.09
2026-07-23 03:40:21,-0.49
2026-07-23 03:41:15,-0.61
2026-07-23 03:41:55,-0.03
2026-07-23 03:42:45,0.01
2026-07-23 03:43:25,-0.59
2026-07-23 03:43:52,-0.66
2026-07-23 03:44:11,-0.11
2026-07-23 03:46:07,-0.41
2026-07-23 03:46:34,0.00
2026-07-23 03:47:41,-0.40
2026-07-23 03:48:26,-0.18
2026-07-23 03:49:06,-0.11
2026-07-23 03:49:46,-0.46
2026-07-23 03:50:55,-0.06
2026-07-23 03:51:25,-0.48
2026-07-23 03:52:38,-0.44
2026-07-23 03:53:36,-0.13
2026-07-23 03:54:18,0.05
2026-07-23 03:54:48,-0.51
2026-07-23 03:55:38,-0.17
2026-07-23 03:56:49,-0.43
2026-07-23 03:57:16,-0.17
2026-07-23 03:58:11,-0.43
2026-07-23 03:59:05,-0.20
2026-07-23 03:59:31,-0.43
2026-07-23 04:01:06,-0.11
2026-07-23 04:01:51,-0.46
2026-07-23 04:02:45,-0.13
2026-07-23 04:03:16,-0.36
2026-07-23 04:04:23,-0.16
2026-07-23 04:04:33,-0.60
2026-07-23 04:05:17,-0.09
2026-07-23 04:06:25,-0.46
2026-07-23 04:08:08,-0.11
2026-07-23 04:08:17,-0.43
2026-07-23 04:08:48,-0.42
2026-07-23 04:09:29,-0.04
2026-07-23 04:10:40,-0.50
2026-07-23 04:10:46,-0.06
2026-07-23 04:12:15,-0.43
2026-07-23 04:13:00,-0.10
2026-07-23 04:14:57,-0.43
2026-07-23 04:15:28,-0.21
2026-07-23 04:16:04,-0.40
2026-07-23 04:17:07,-0.39
2026-07-23 04:17:25,-0.12
2026-07-23 04:19:04,-0.60
2026-07-23 04:20:02,-0.16
2026-07-23 04:20:38,-0.41
2026-07-23 04:20:52,-0.16
2026-07-23 04:22:08,-0.14
2026-07-23 04:22:13,-0.42
2026-07-23 04:23:47,-0.20
2026-07-23 04:24:46,-0.40
2026-07-23 04:25:58,-0.43
2026-07-23 04:26:02,-0.19
2026-07-23 04:26:47,-0.20
2026-07-23 04:27:08,-0.38
2026-07-23 04:28:24,-0.42
2026-07-23 04:29:34,-0.10
2026-07-23 04:30:05,-0.13
2026-07-23 04:31:07,-0.36
2026-07-23 04:31:52,-0.18
2026-07-23 04:32:47,-0.36
2026-07-23 04:34:25,-0.10
2026-07-23 04:34:48,-0.44
2026-07-23 04:35:10,-0.17
2026-07-23 04:35:42,-0.39
2026-07-23 04:36:59,-0.22
2026-07-23 04:37:52,-0.43
2026-07-23 04:38:23,-0.18
2026-07-23 04:39:26,-0.40
2026-07-23 04:40:29,-0.21
2026-07-23 04:40:38,-0.46
2026-07-23 04:41:46,-0.18
2026-07-23 04:42:30,-0.42
2026-07-23 04:44:28,-0.23
2026-07-23 04:44:54,-0.40
2026-07-23 04:44:58,-0.25
2026-07-23 04:46:37,-0.24
2026-07-23 04:46:59,-0.45
2026-07-23 04:48:56,-0.22
2026-07-23 04:49:01,-0.43
2026-07-23 04:49:56,-0.20
2026-07-23 04:51:19,-0.45
2026-07-23 04:52:10,-0.20
2026-07-23 04:52:19,-0.45
2026-07-23 04:53:12,-0.24
2026-07-23 04:53:49,-0.39
2026-07-23 04:54:51,-0.45
2026-07-23 04:56:13,-0.23
2026-07-23 04:56:30,-0.17
2026-07-23 04:57:29,-0.48
2026-07-23 04:59:13,-0.43
2026-07-23 04:59:22,-0.14
2026-07-23 05:00:10,-0.44
2026-07-23 05:00:33,-0.21
2026-07-23 05:01:45,-0.15
2026-07-23 05:02:38,-0.43
2026-07-23 05:03:11,-0.17
2026-07-23 05:03:47,-0.43
2026-07-23 05:05:52,-0.56
2026-07-23 05:05:57,-0.11
2026-07-23 05:07:14,-0.13
2026-07-23 05:07:40,-0.52
2026-07-23 05:08:07,-0.64
2026-07-23 05:08:30,-0.09
2026-07-23 05:09:41,-0.49
2026-07-23 05:10:12,-0.10
2026-07-23 05:11:21,-0.03
2026-07-23 05:11:38,-0.44
2026-07-23 05:13:12,-0.62
2026-07-23 05:13:52,-0.18
2026-07-23 05:14:52,-0.51
2026-07-23 05:15:32,-0.10
2026-07-23 05:17:42,-0.44
2026-07-23 05:17:46,-0.03
2026-07-23 05:18:18,-0.14
2026-07-23 05:19:21,-0.49
2026-07-23 05:19:52,-0.02
2026-07-23 05:20:46,-0.46
2026-07-23 05:21:09,-0.20
2026-07-23 05:21:22,-0.46
2026-07-23 05:22:58,-0.44
2026-07-23 05:23:46,-0.14
2026-07-23 05:24:27,-0.18
2026-07-23 05:25:07,-0.48
2026-07-23 05:26:46,-0.17
2026-07-23 05:26:51,-0.41
2026-07-23 05:28:03,-0.43
2026-07-23 05:28:30,-0.14
2026-07-23 05:30:45,-0.50
2026-07-23 05:30:49,-0.14
2026-07-23 05:31:43,-0.06
2026-07-23 05:32:33,-0.47
2026-07-23 05:32:59,-0.44
2026-07-23 05:33:03,-0.21
2026-07-23 05:34:39,-0.41
2026-07-23 05:35:00,-0.16
2026-07-23 05:36:26,-0.39
2026-07-23 05:36:30,-0.20
2026-07-23 05:37:52,-0.13
2026-07-23 05:38:59,-0.43
2026-07-23 05:39:21,-0.42
2026-07-23 05:40:37,-0.21
2026-07-23 05:41:10,-0.19
2026-07-23 05:41:23,-0.41
2026-07-23 05:42:39,-0.20
2026-07-23 05:42:47,-0.39
2026-07-23 05:45:17,-0.19
2026-07-23 05:46:46,-0.23
2026-07-23 05:47:18,-0.44
2026-07-23 05:49:01,-0.17
2026-07-23 05:49:06,-0.39
2026-07-23 05:49:51,-0.11
2026-07-23 05:50:40,-0.40
2026-07-23 05:51:29,-0.16
2026-07-23 05:51:48,-0.37
2026-07-23 05:52:41,-0.42
2026-07-23 05:53:22,-0.17
2026-07-23 05:55:28,-0.16
2026-07-23 05:55:36,-0.37
2026-07-23 05:55:55,-0.23
2026-07-23 05:56:08,-0.34
2026-07-23 05:57:47,-0.38
2026-07-23 05:58:35,-0.21
2026-07-23 05:59:08,-0.40
2026-07-23 05:59:48,-0.13
2026-07-23 06:01:45,-0.21
2026-07-23 06:01:58,-0.39
2026-07-23 06:02:56,-0.17
2026-07-23 06:03:42,-0.36
2026-07-23 06:04:18,-0.23
2026-07-23 06:05:08,-0.37
2026-07-23 06:05:52,-0.19
2026-07-23 06:07:04,-0.40
2026-07-23 06:07:30,-0.42
2026-07-23 06:07:43,-0.24
2026-07-23 06:10:08,-0.33
2026-07-23 06:10:49,-0.23
2026-07-23 06:11:20,-0.40
2026-07-23 06:13:17,-0.41
2026-07-23 06:13:30,-0.24
2026-07-23 06:15:00,-0.22
2026-07-23 06:15:04,-0.40
2026-07-23 06:16:03,-0.38
2026-07-23 06:17:06,-0.22
2026-07-23 06:17:24,-0.38
2026-07-23 06:18:31,-0.21
2026-07-23 06:19:35,-0.23
2026-07-23 06:20:24,-0.39
2026-07-23 06:21:36,-0.23
2026-07-23 06:22:48,-0.36
2026-07-23 06:23:00,-0.22
2026-07-23 06:24:00,-0.39
2026-07-23 06:25:07,-0.23
2026-07-23 06:25:34,-0.43
2026-07-23 06:25:56,-0.24
2026-07-23 06:27:54,-0.41
2026-07-23 06:28:34,-0.25
2026-07-23 06:29:01,-0.43
2026-07-23 06:29:41,-0.27
2026-07-23 06:30:44,-0.40
2026-07-23 06:31:38,-0.23
2026-07-23 06:32:41,-0.37
2026-07-23 06:33:08,-0.21
2026-07-23 06:33:53,-0.39
2026-07-23 06:34:11,-0.16
2026-07-23 06:36:25,-0.44
2026-07-23 06:36:39,-0.21
2026-07-23 06:37:41,-0.39
2026-07-23 06:38:09,-0.24
2026-07-23 06:39:30,-0.25
2026-07-23 06:40:02,-0.41
2026-07-23 06:40:38,-0.24
2026-07-23 06:41:39,-0.38
2026-07-23 06:42:44,-0.21
2026-07-23 06:43:01,-0.41
2026-07-23 06:43:41,-0.14
2026-07-23 06:44:49,-0.41
2026-07-23 06:45:33,-0.43
2026-07-23 06:46:01,-0.21
2026-07-23 06:47:25,-0.23
2026-07-23 06:48:29,-0.37
2026-07-23 06:48:56,-0.24
2026-07-23 06:49:36,-0.42
2026-07-23 06:50:52,-0.35
2026-07-23 06:51:38,-0.19
2026-07-23 06:52:00,-0.41
2026-07-23 06:52:27,-0.06
2026-07-23 06:53:58,-0.41
2026-07-23 06:54:59,-0.20
2026-07-23 06:55:35,-0.18
2026-07-23 06:55:58,-0.38
2026-07-23 06:57:22,-0.46
2026-07-23 06:57:41,-0.17
2026-07-23 06:59:20,-0.18
2026-07-23 06:59:33,-0.44
2026-07-23 07:00:27,-0.15
2026-07-23 07:00:41,-0.40
2026-07-23 07:02:39,-0.20
2026-07-23 07:03:13,-0.42
2026-07-23 07:04:17,-0.37
2026-07-23 07:04:30,-0.19
2026-07-23 07:05:15,-0.14
2026-07-23 07:05:47,-0.39
2026-07-23 07:08:11,-0.37
2026-07-23 07:08:20,-0.08
2026-07-23 07:08:24,-0.37
2026-07-23 07:08:41,-0.22
2026-07-23 07:11:14,-0.43
2026-07-23 07:11:37,-0.18
2026-07-23 07:12:45,-0.39
2026-07-23 07:13:07,-0.06
2026-07-23 07:13:57,-0.38
2026-07-23 07:14:28,-0.14
2026-07-23 07:15:54,-0.39
2026-07-23 07:15:58,-0.10
2026-07-23 07:16:43,-0.44
2026-07-23 07:17:55,-0.10
2026-07-23 07:19:15,-0.15
2026-07-23 07:19:38,-0.40
2026-07-23 07:20:59,-0.41
2026-07-23 07:21:35,-0.12
2026-07-23 07:22:07,-0.46
2026-07-23 07:22:11,-0.06
2026-07-23 07:23:49,-0.15
2026-07-23 07:24:53,-0.43
2026-07-23 07:25:38,-0.14
2026-07-23 07:25:42,-0.42
2026-07-23 07:26:45,-0.14
2026-07-23 07:27:02,-0.34
2026-07-23 07:28:28,-0.11
2026-07-23 07:28:41,-0.44
2026-07-23 07:29:54,-0.42
2026-07-23 07:29:58,-0.11
2026-07-23 07:31:44,-0.37
2026-07-23 07:33:07,-0.12
2026-07-23 07:33:52,-0.39
2026-07-23 07:34:15,-0.17
2026-07-23 07:34:55,-0.19
2026-07-23 07:35:12,-0.43
2026-07-23 07:36:29,-0.32
2026-07-23 07:36:38,-0.18
2026-07-23 07:39:15,-0.35
2026-07-23 07:39:38,-0.14
2026-07-23 07:39:48,-0.31
2026-07-23 07:40:01,-0.15
2026-07-23 07:42:15,-0.18
2026-07-23 07:42:33,-0.32
2026-07-23 07:43:41,-0.20
2026-07-23 07:44:03,-0.33
2026-07-23 07:44:52,-0.18
2026-07-23 07:46:13,-0.37
2026-07-23 07:47:39,-0.39
2026-07-23 07:47:56,-0.16
2026-07-23 07:48:55,-0.31
2026-07-23 07:49:27,-0.15
2026-07-23 07:50:29,-0.36
2026-07-23 07:50:43,-0.13
2026-07-23 07:52:13,-0.10
2026-07-23 07:52:17,-0.31
2026-07-23 07:53:02,-0.08
2026-07-23 07:53:56,-0.31
2026-07-23 07:54:45,-0.12
2026-07-23 07:55:26,-0.32
2026-07-23 07:57:00,-0.17
2026-07-23 07:57:09,-0.37
2026-07-23 07:57:54,-0.34
2026-07-23 07:57:58,-0.18
2026-07-23 08:00:09,-0.07
2026-07-23 08:00:53,-0.30
2026-07-23 08:01:57,-0.10
2026-07-23 08:02:10,-0.31
2026-07-23 08:02:56,-0.10
2026-07-23 08:04:07,-0.33
2026-07-23 08:04:34,-0.32
2026-07-23 08:05:15,-0.07
2026-07-23 08:07:03,-0.10
2026-07-23 08:07:38,-0.29
2026-07-23 08:08:27,-0.30
2026-07-23 08:08:58,-0.11
2026-07-23 08:10:03,-0.32
2026-07-23 08:10:47,-0.14
2026-07-23 08:11:18,-0.28
2026-07-23 08:12:44,-0.10
2026-07-23 08:12:57,-0.27
2026-07-23 08:13:05,-0.07
2026-07-23 08:15:07,-0.37
2026-07-23 08:16:01,-0.03
2026-07-23 08:16:37,-0.37
2026-07-23 08:17:08,0.14
2026-07-23 08:18:07,-0.24
2026-07-23 08:18:51,-0.04
2026-07-23 08:20:48,-0.02
2026-07-23 08:20:58,-0.32
2026-07-23 08:21:48,-0.06
2026-07-23 08:22:28,-0.33
2026-07-23 08:23:31,-0.26
2026-07-23 08:23:45,-0.11
2026-07-23 08:24:38,-0.03
2026-07-23 08:25:41,-0.26
2026-07-23 08:26:08,-0.31
2026-07-23 08:27:11,-0.10
2026-07-23 08:27:38,-0.08
2026-07-23 08:28:00,-0.29
2026-07-23 08:29:58,-0.28
2026-07-23 08:30:15,-0.10
2026-07-23 08:31:36,-0.26
2026-07-23 08:32:12,-0.02
2026-07-23 08:33:29,-0.11
2026-07-23 08:33:59,-0.24
2026-07-23 08:34:50,-0.25
2026-07-23 08:35:34,-0.09
2026-07-23 08:36:32,-0.24
2026-07-23 08:37:05,-0.08
2026-07-23 08:37:53,-0.21
2026-07-23 08:38:29,-0.08
2026-07-23 08:39:41,-0.09
2026-07-23 08:40:07,-0.23
2026-07-23 08:40:59,-0.18
2026-07-23 08:42:13,0.00
2026-07-23 08:42:27,-0.03
2026-07-23 08:44:01,-0.30
2026-07-23 08:44:10,-0.22
2026-07-23 08:45:40,-0.04
2026-07-23 08:47:15,-0.24
2026-07-23 08:47:28,-0.17
2026-07-23 08:48:18,-0.03
2026-07-23 08:49:47,-0.23
2026-07-23 08:50:27,0.00
2026-07-23 08:51:14,-0.23
2026-07-23 08:51:31,0.01
2026-07-23 08:53:33,-0.02
2026-07-23 08:53:54,-0.28
2026-07-23 08:55:29,0.03
2026-07-23 08:55:34,-0.31
2026-07-23 08:56:23,0.03
2026-07-23 08:56:41,-0.17
2026-07-23 08:57:27,-0.26
2026-07-23 08:58:33,0.03
2026-07-23 08:59:35,-0.20
2026-07-23 08:59:54,0.08
2026-07-23 09:01:11,0.06
2026-07-23 09:01:42,-0.21
2026-07-23 09:03:03,-0.01
2026-07-23 09:03:53,-0.15
2026-07-23 09:04:47,-0.35
2026-07-23 09:05:05,0.04
2026-07-23 09:05:49,-0.24
2026-07-23 09:07:02,0.10
2026-07-23 09:07:13,-0.32
2026-07-23 09:08:18,0.15
2026-07-23 09:09:56,0.09
2026-07-23 09:10:23,-0.21
2026-07-23 09:10:37,-0.16
2026-07-23 09:11:31,0.04
2026-07-23 09:12:20,0.01
2026-07-23 09:13:09,-0.16
2026-07-23 09:13:59,-0.18
2026-07-23 09:15:07,0.10
2026-07-23 09:15:47,-0.27
2026-07-23 09:16:19,0.14
2026-07-23 09:17:35,-0.23
2026-07-23 09:18:40,0.12
2026-07-23 09:19:05,0.15
2026-07-23 09:19:58,-0.24
2026-07-23 09:20:53,-0.16
2026-07-23 09:21:19,0.17
2026-07-23 09:22:55,-0.31
2026-07-23 09:23:03,0.09
2026-07-23 09:24:24,-0.23
2026-07-23 09:25:04,0.14
2026-07-23 09:26:10,-0.17
2026-07-23 09:26:30,0.12
2026-07-23 09:27:23,-0.28
2026-07-23 09:28:08,0.07
2026-07-23 09:28:57,0.20
2026-07-23 09:29:29,-0.36
2026-07-23 09:30:23,0.12
2026-07-23 09:30:55,-0.24
2026-07-23 09:32:02,-0.22
2026-07-23 09:32:10,0.11
2026-07-23 09:34:22,0.14
2026-07-23 09:35:10,-0.21
2026-07-23 09:35:16,-0.12
2026-07-23 09:35:37,0.10
2026-07-23 09:37:30,0.04
2026-07-23 09:38:24,-0.12
2026-07-23 09:39:04,-0.15
2026-07-23 09:39:31,0.06
2026-07-23 09:40:17,0.05
2026-07-23 09:40:38,-0.14
2026-07-23 09:42:58,0.07
2026-07-23 09:43:24,-0.11
2026-07-23 09:45:04,0.03
2026-07-23 09:46:11,0.09
2026-07-23 09:46:38,-0.13
2026-07-23 09:46:51,-0.07
2026-07-23 09:47:05,0.05
2026-07-23 09:48:58,-0.08
2026-07-23 09:49:57,0.08
2026-07-23 09:50:28,-0.15
2026-07-23 09:50:58,0.08
2026-07-23 09:51:53,-0.07
2026-07-23 09:52:29,0.08
2026-07-23 09:54:08,-0.16
2026-07-23 09:54:25,0.11
2026-07-23 09:55:32,-0.07
2026-07-23 09:57:58,-0.09
2026-07-23 09:58:11,0.13
2026-07-23 09:59:04,0.03
2026-07-23 09:59:44,-0.10
2026-07-23 10:00:07,0.11
2026-07-23 10:01:05,-0.07
2026-07-23 10:02:26,0.08
2026-07-23 10:03:29,0.07
2026-07-23 10:04:30,-0.07
2026-07-23 10:05:17,0.03
2026-07-23 10:05:25,-0.08
2026-07-23 10:06:38,-0.06
2026-07-23 10:07:18,0.08
2026-07-23 10:08:35,-0.08
2026-07-23 10:09:02,0.08
2026-07-23 10:10:36,0.07
2026-07-23 10:10:49,-0.06
2026-07-23 10:12:15,-0.10
2026-07-23 10:12:51,0.05
2026-07-23 10:13:50,0.09
2026-07-23 10:14:34,-0.09
2026-07-23 10:15:32,0.08
2026-07-23 10:15:36,-0.03
2026-07-23 10:17:06,-0.06
2026-07-23 10:17:47,0.07
2026-07-23 10:18:10,-0.05
2026-07-23 10:19:07,0.09
2026-07-23 10:19:53,-0.07
2026-07-23 10:20:39,0.10
2026-07-23 10:22:17,-0.18
2026-07-23 10:22:30,0.15
2026-07-23 10:23:14,0.17
2026-07-23 10:24:06,-0.03
2026-07-23 10:25:03,-0.10
2026-07-23 10:25:21,0.12
2026-07-23 10:26:41,0.15
2026-07-23 10:27:04,-0.14
2026-07-23 10:28:17,0.16
2026-07-23 10:29:15,-0.05
2026-07-23 10:29:47,-0.06
2026-07-23 10:31:02,0.14
2026-07-23 10:31:26,-0.03
2026-07-23 10:32:20,0.17
2026-07-23 10:33:22,-0.06
2026-07-23 10:34:21,0.10
2026-07-23 10:35:04,-0.05
2026-07-23 10:35:47,0.13
2026-07-23 10:36:40,-0.07
2026-07-23 10:37:29,0.07
2026-07-23 10:38:05,-0.04
2026-07-23 10:39:27,0.08
2026-07-23 10:39:58,-0.03
2026-07-23 10:40:55,0.09
2026-07-23 10:41:49,-0.05
2026-07-23 10:41:55,0.17
2026-07-23 10:43:10,0.15
2026-07-23 10:43:24,-0.05
2026-07-23 10:45:29,0.13
2026-07-23 10:45:52,-0.03
2026-07-23 10:46:19,0.01
2026-07-23 10:46:37,0.18
2026-07-23 10:47:54,0.19
2026-07-23 10:49:18,-0.09
2026-07-23 10:50:44,0.21
2026-07-23 10:50:58,-0.29
2026-07-23 10:52:05,0.33
2026-07-23 10:52:19,-0.21
2026-07-23 10:53:12,0.23
2026-07-23 10:53:40,-0.09
2026-07-23 10:54:29,-0.07
2026-07-23 10:54:42,0.16
2026-07-23 10:56:08,0.22
2026-07-23 10:56:16,-0.01
2026-07-23 10:58:49,0.18
2026-07-23 10:59:08,-0.04
2026-07-23 10:59:26,-0.02
2026-07-23 11:00:19,0.17
2026-07-23 11:02:08,-0.02
2026-07-23 11:02:12,0.11
2026-07-23 11:02:52,0.15
2026-07-23 11:03:24,-0.03
2026-07-23 11:04:22,-0.01
2026-07-23 11:04:30,0.12
2026-07-23 11:07:17,-0.01
2026-07-23 11:07:44,0.00
2026-07-23 11:09:17,0.20
2026-07-23 11:09:42,0.17
2026-07-23 11:10:09,0.02
2026-07-23 11:11:51,0.19
2026-07-23 11:12:31,-0.01
2026-07-23 11:12:44,0.00
2026-07-23 11:13:40,0.14
2026-07-23 11:15:04,0.15
2026-07-23 11:15:23,-0.07
2026-07-23 11:15:54,0.16
2026-07-23 11:16:34,0.02
2026-07-23 11:18:49,0.00
2026-07-23 11:19:11,0.20
2026-07-23 11:19:43,0.01
2026-07-23 11:20:18,0.13
2026-07-23 11:21:26,0.03
2026-07-23 11:21:36,0.13
2026-07-23 11:22:34,0.01
2026-07-23 11:22:56,0.17
2026-07-23 11:24:49,0.00
2026-07-23 11:24:53,0.21
2026-07-23 11:25:51,0.05
2026-07-23 11:26:10,0.21
2026-07-23 11:27:35,0.04
2026-07-23 11:28:56,0.26
2026-07-23 11:29:09,0.05
2026-07-23 11:30:04,0.19
2026-07-23 11:31:46,0.22
2026-07-23 11:32:13,0.05
2026-07-23 11:33:39,0.02
2026-07-23 11:34:01,0.24
2026-07-23 11:35:17,-0.01
2026-07-23 11:36:09,0.21
2026-07-23 11:36:47,-0.04
2026-07-23 11:37:32,0.08
2026-07-23 11:38:04,0.22
2026-07-23 11:39:43,-0.02
2026-07-23 11:40:14,0.25
2026-07-23 11:41:53,-0.06
2026-07-23 11:42:06,0.56
2026-07-23 11:42:33,-0.23
2026-07-23 11:42:59,0.40
2026-07-23 11:43:59,-0.16
2026-07-23 11:44:35,0.37
2026-07-23 11:46:32,-0.14
2026-07-23 11:46:58,0.35
2026-07-23 11:48:24,0.40
2026-07-23 11:48:46,-0.18
2026-07-23 11:49:36,-0.36
2026-07-23 11:50:20,0.95
2026-07-23 11:51:19,-0.67
2026-07-23 11:51:59,1.03
2026-07-23 11:52:31,1.02
2026-07-23 11:53:34,-0.06
2026-07-23 11:54:06,0.97
2026-07-23 11:54:23,-0.64
2026-07-23 11:56:06,0.79
2026-07-23 11:56:29,-0.12
2026-07-23 11:57:50,0.56
2026-07-23 11:58:21,-0.08
2026-07-23 11:59:29,-0.43
2026-07-23 12:00:09,0.85
2026-07-23 12:00:41,0.59
2026-07-23 12:01:08,-0.27
2026-07-23 12:03:14,0.69
2026-07-23 12:03:19,-0.10
2026-07-23 12:05:15,0.50
2026-07-23 12:05:20,-0.33
2026-07-23 12:05:24,-0.10
2026-07-23 12:05:47,0.44
2026-07-23 12:07:03,0.54
2026-07-23 12:07:57,-0.22
2026-07-23 12:09:35,1.26
2026-07-23 12:10:02,-0.40
2026-07-23 12:11:14,1.48
2026-07-23 12:11:28,-0.80
2026-07-23 12:12:54,1.46
2026-07-23 12:12:58,-0.41
2026-07-23 12:13:47,-0.16
2026-07-23 12:14:21,0.82
2026-07-23 12:15:53,-0.21
2026-07-23 12:16:47,1.24
2026-07-23 12:17:01,1.04
2026-07-23 12:17:05,-0.18
2026-07-23 12:19:34,-0.27
2026-07-23 12:19:55,0.49
2026-07-23 12:20:36,-0.14
2026-07-23 12:21:25,0.64
2026-07-23 12:22:38,0.62
2026-07-23 12:23:14,-0.21
2026-07-23 12:23:45,0.65
2026-07-23 12:24:07,-0.13
2026-07-23 12:25:23,0.42
2026-07-23 12:26:18,-0.17
2026-07-23 12:28:01,-0.08
2026-07-23 12:28:05,0.39
2026-07-23 12:28:37,-0.14
2026-07-23 12:28:46,0.58
2026-07-23 12:30:39,0.41
2026-07-23 12:31:05,-0.02
2026-07-23 12:32:17,-0.14
2026-07-23 12:33:16,0.76
2026-07-23 12:34:02,-0.06
2026-07-23 12:34:46,0.70
2026-07-23 12:35:22,0.96
2026-07-23 12:36:29,-0.32
2026-07-23 12:37:22,1.34
2026-07-23 12:38:03,-0.14
2026-07-23 12:39:29,-0.16
2026-07-23 12:39:56,0.63
2026-07-23 12:40:40,-0.06
2026-07-23 12:41:25,0.83
2026-07-23 12:42:20,-0.96
2026-07-23 12:43:17,1.13
2026-07-23 12:43:44,1.95
2026-07-23 12:44:11,-1.13
2026-07-23 12:45:06,1.56
2026-07-23 12:46:09,-0.24
2026-07-23 12:46:49,-0.29
2026-07-23 12:47:07,0.55
2026-07-23 12:48:55,0.62
2026-07-23 12:49:03,-0.14
2026-07-23 12:50:24,0.55
2026-07-23 12:50:34,-0.13
2026-07-23 12:52:40,-0.10
2026-07-23 12:53:10,0.58
2026-07-23 12:53:16,0.55
2026-07-23 12:53:47,-0.25
2026-07-23 12:54:54,0.56
2026-07-23 12:55:17,-0.17
2026-07-23 12:57:04,0.55
2026-07-23 12:57:32,-0.02
2026-07-23 12:58:30,-0.09
2026-07-23 12:59:32,0.47
2026-07-23 12:59:55,0.61
2026-07-23 13:01:07,-0.09
2026-07-23 13:01:48,-0.11
2026-07-23 13:02:55,0.45
2026-07-23 13:03:53,-0.12
2026-07-23 13:04:21,0.38
2026-07-23 13:05:01,0.41
2026-07-23 13:05:41,-0.04
2026-07-23 13:06:31,-0.06
2026-07-23 13:06:58,0.43
2026-07-23 13:08:28,0.05
2026-07-23 13:09:04,0.36
2026-07-23 13:10:11,0.03
2026-07-23 13:10:42,0.32
2026-07-23 13:12:12,-0.06
2026-07-23 13:13:01,0.36
2026-07-23 13:13:52,0.56
2026-07-23 13:14:00,-0.09
2026-07-23 13:14:58,-0.06
2026-07-23 13:15:06,0.30
2026-07-23 13:17:23,0.34
2026-07-23 13:17:40,0.10
2026-07-23 13:19:29,0.44
2026-07-23 13:19:38,0.08
2026-07-23 13:19:51,0.40
2026-07-23 13:20:22,-0.07
2026-07-23 13:21:20,0.02
2026-07-23 13:22:23,0.33
2026-07-23 13:22:59,0.41
2026-07-23 13:23:18,0.01
2026-07-23 13:25:27,0.54
2026-07-23 13:25:33,-0.06
2026-07-23 13:26:21,0.02
2026-07-23 13:27:20,0.33
2026-07-23 13:28:13,0.41
2026-07-23 13:28:36,-0.01
2026-07-23 13:30:01,0.29
2026-07-23 13:30:44,-0.07
2026-07-23 13:31:59,-0.10
2026-07-23 13:32:48,0.37
2026-07-23 13:32:53,-0.04
2026-07-23 13:34:00,0.46
2026-07-23 13:34:34,0.35
2026-07-23 13:34:40,0.19
2026-07-23 13:34:45,0.28
2026-07-23 13:35:07,0.43
2026-07-23 13:35:26,0.11
2026-07-23 13:37:04,0.43
2026-07-23 13:37:31,0.07
2026-07-23 13:38:23,0.44
2026-07-23 13:39:20,-0.01
2026-07-23 13:39:41,0.00
2026-07-23 13:40:21,0.45
2026-07-23 13:41:06,0.12
2026-07-23 13:41:25,0.37
2026-07-23 13:43:03,-0.19
2026-07-23 13:44:07,0.39
2026-07-23 13:44:37,0.01
2026-07-23 13:44:51,0.39
2026-07-23 13:47:15,0.45
2026-07-23 13:47:20,-0.04
2026-07-23 13:48:44,0.39
2026-07-23 13:49:07,-0.04
2026-07-23 13:49:29,0.33
2026-07-23 13:50:01,-0.03
2026-07-23 13:51:49,0.00
2026-07-23 13:52:34,0.66
2026-07-23 13:53:14,0.39
2026-07-23 13:54:08,0.07
2026-07-23 13:54:35,-0.16
2026-07-23 13:54:44,0.54
2026-07-23 13:56:41,0.55
2026-07-23 13:56:45,-0.07
2026-07-23 13:57:54,-0.06
2026-07-23 13:58:11,0.52
2026-07-23 13:59:59,0.43
2026-07-23 14:00:12,-0.02
2026-07-23 14:01:55,0.59
2026-07-23 14:02:09,-0.07
2026-07-23 14:03:35,0.50
2026-07-23 14:03:39,-0.03
2026-07-23 14:04:15,0.45
2026-07-23 14:05:49,0.08
2026-07-23 14:05:54,0.07
2026-07-23 14:06:08,0.41
2026-07-23 14:08:13,0.37
2026-07-23 14:08:35,0.04
2026-07-23 14:09:25,0.66
2026-07-23 14:09:35,-0.01
2026-07-23 14:11:12,0.45
2026-07-23 14:12:06,-0.03
2026-07-23 14:12:33,0.13
2026-07-23 14:12:45,0.44
2026-07-23 14:14:16,0.05
2026-07-23 14:15:37,0.40
2026-07-23 14:15:51,0.00
2026-07-23 14:15:56,0.32
2026-07-23 14:18:19,0.40
2026-07-23 14:18:29,0.01
2026-07-23 14:19:36,0.13
2026-07-23 14:20:11,0.45
2026-07-23 14:21:24,0.39
2026-07-23 14:22:09,0.05
2026-07-23 14:23:16,-0.03
2026-07-23 14:23:34,0.31
2026-07-23 14:24:36,0.03
2026-07-23 14:24:55,0.52
2026-07-23 14:25:53,0.14
2026-07-23 14:26:07,0.45
2026-07-23 14:27:54,0.13
2026-07-23 14:28:30,0.35
2026-07-23 14:29:11,0.34
2026-07-23 14:29:30,0.12
2026-07-23 14:31:12,0.04
2026-07-23 14:32:10,0.44
2026-07-23 14:32:29,0.11
2026-07-23 14:33:45,0.41
2026-07-23 14:33:54,0.61
2026-07-23 14:35:32,0.03
2026-07-23 14:36:13,0.13
2026-07-23 14:36:41,0.37
2026-07-23 14:38:14,0.07
2026-07-23 14:38:18,0.41
2026-07-23 14:39:13,0.43
2026-07-23 14:39:29,0.04
2026-07-23 14:40:39,0.45
2026-07-23 14:40:57,0.07
2026-07-23 14:42:44,0.41
2026-07-23 14:43:38,0.10
2026-07-23 14:44:27,0.38
2026-07-23 14:44:59,0.08
2026-07-23 14:46:02,0.46
2026-07-23 14:46:19,0.05
2026-07-23 14:47:18,0.44
2026-07-23 14:48:08,0.11
2026-07-23 14:49:11,0.12
2026-07-23 14:49:19,0.41
2026-07-23 14:50:35,0.12
2026-07-23 14:51:31,0.35
2026-07-23 14:53:13,0.10
2026-07-23 14:53:36,0.65
2026-07-23 14:53:49,0.04
2026-07-23 14:54:12,0.52
2026-07-23 14:55:32,0.42
2026-07-23 14:56:36,0.01
2026-07-23 14:57:39,0.42
2026-07-23 14:58:09,0.05
2026-07-23 14:58:46,0.01
2026-07-23 14:58:51,0.40
2026-07-23 15:01:27,0.05
2026-07-23 15:01:50,0.38
2026-07-23 15:02:58,0.32
2026-07-23 15:03:29,0.06
2026-07-23 15:04:27,0.41
2026-07-23 15:04:46,0.00
2026-07-23 15:05:17,0.43
2026-07-23 15:05:30,-0.08
2026-07-23 15:08:13,0.03
2026-07-23 15:08:21,0.44
2026-07-23 15:08:44,0.07
2026-07-23 15:09:28,0.40
2026-07-23 15:10:40,0.12
2026-07-23 15:11:03,0.44
2026-07-23 15:11:56,-0.03
2026-07-23 15:13:04,0.56
2026-07-23 15:13:35,0.35
2026-07-23 15:14:07,0.06
2026-07-23 15:15:46,0.02
2026-07-23 15:16:44,0.34
2026-07-23 15:17:02,0.57
2026-07-23 15:17:07,0.08
2026-07-23 15:19:34,0.34
2026-07-23 15:19:57,0.06
2026-07-23 15:20:38,0.38
2026-07-23 15:21:22,0.02
2026-07-23 15:21:59,0.30
2026-07-23 15:22:13,0.09
2026-07-23 15:23:55,0.35
2026-07-23 15:24:32,0.08
2026-07-23 15:25:44,0.31
2026-07-23 15:26:20,0.03
2026-07-23 15:26:47,0.29
2026-07-23 15:28:07,0.08
2026-07-23 15:28:25,-0.03
2026-07-23 15:29:24,0.30
2026-07-23 15:30:41,0.34
2026-07-23 15:31:21,0.01
2026-07-23 15:31:47,-0.05
2026-07-23 15:32:58,0.45
2026-07-23 15:34:34,0.33
2026-07-23 15:34:38,0.02
2026-07-23 15:35:41,0.32
2026-07-23 15:35:54,0.01
2026-07-23 15:38:01,0.40
2026-07-23 15:38:09,-0.09
2026-07-23 15:38:49,0.00
2026-07-23 15:39:39,0.41
2026-07-23 15:40:10,-0.02
2026-07-23 15:40:47,0.33
2026-07-23 15:41:41,0.37
2026-07-23 15:42:39,0.06
2026-07-23 15:43:50,-0.02
2026-07-23 15:44:09,0.54
2026-07-23 15:45:43,-0.08
2026-07-23 15:46:23,0.36
2026-07-23 15:47:03,0.44
2026-07-23 15:48:02,-0.06
2026-07-23 15:48:56,-0.08
2026-07-23 15:49:28,0.43
2026-07-23 15:50:13,0.38
2026-07-23 15:51:16,-0.04
2026-07-23 15:51:56,0.41
2026-07-23 15:52:50,-0.02
2026-07-23 15:54:24,0.50
2026-07-23 15:54:33,-0.01
2026-07-23 15:55:36,0.03
2026-07-23 15:56:03,0.45
2026-07-23 15:56:49,-0.04
2026-07-23 15:57:38,0.35
2026-07-23 15:58:27,-0.01
2026-07-23 15:59:07,0.31
2026-07-23 16:00:16,-0.03
2026-07-23 16:00:46,0.36
2026-07-23 16:01:54,0.08
2026-07-23 16:02:43,0.29
2026-07-23 16:03:30,0.41
2026-07-23 16:03:43,0.07
2026-07-23 16:05:30,0.29
2026-07-23 16:06:10,0.13
2026-07-23 16:06:54,0.05
2026-07-23 16:07:08,0.33
2026-07-23 16:09:24,0.08
2026-07-23 16:09:32,0.40
2026-07-23 16:09:59,0.37
2026-07-23 16:10:48,0.03
2026-07-23 16:11:43,0.40
2026-07-23 16:11:51,0.12
2026-07-23 16:12:54,0.28
2026-07-23 16:13:18,0.04
2026-07-23 16:14:38,0.32
2026-07-23 16:14:58,0.09
2026-07-23 16:17:02,-0.18
2026-07-23 16:17:38,0.83
2026-07-23 16:17:51,0.53
2026-07-23 16:18:55,-0.12
2026-07-23 16:19:39,-0.07
2026-07-23 16:20:51,0.31
2026-07-23 16:21:09,0.09
2026-07-23 16:21:22,0.36
2026-07-23 16:23:06,0.35
2026-07-23 16:23:38,0.01
2026-07-23 16:25:07,0.06
2026-07-23 16:26:00,0.31
2026-07-23 16:26:46,0.30
2026-07-23 16:27:22,0.08
2026-07-23 16:28:02,0.37
2026-07-23 16:29:14,0.07
2026-07-23 16:29:27,0.08
2026-07-23 16:29:32,0.26
2026-07-23 16:31:56,0.08
2026-07-23 16:32:23,0.35
2026-07-23 16:32:50,0.29
2026-07-23 16:33:30,-0.04
2026-07-23 16:35:13,0.05
2026-07-23 16:35:23,0.34
2026-07-23 16:36:12,0.29
2026-07-23 16:36:40,0.00
2026-07-23 16:38:00,0.02
2026-07-23 16:38:23,0.28
2026-07-23 16:39:39,0.03
2026-07-23 16:40:55,0.34
2026-07-23 16:42:03,0.26
2026-07-23 16:42:26,0.09
2026-07-23 16:43:10,0.05
2026-07-23 16:43:55,0.21
2026-07-23 16:44:35,0.29
2026-07-23 16:45:15,0.07
2026-07-23 16:46:14,0.37
2026-07-23 16:46:20,0.00
2026-07-23 16:48:02,0.26
2026-07-23 16:48:34,-0.01
2026-07-23 16:49:14,0.09
2026-07-23 16:50:48,0.33
2026-07-23 16:51:25,-0.03
2026-07-23 16:51:38,0.30
2026-07-23 16:53:31,0.04
2026-07-23 16:53:35,0.24
2026-07-23 16:54:34,0.06
2026-07-23 16:55:36,0.30
2026-07-23 16:56:12,0.04
2026-07-23 16:56:59,0.20
2026-07-23 16:57:29,0.30
2026-07-23 16:58:14,0.01
2026-07-23 16:59:11,0.04
2026-07-23 16:59:34,0.36
2026-07-23 17:01:27,-0.09
2026-07-23 17:01:49,0.30
2026-07-23 17:02:34,0.23
2026-07-23 17:03:14,0.04
2026-07-23 17:04:03,0.31
2026-07-23 17:04:13,-0.04
2026-07-23 17:05:56,0.36
2026-07-23 17:07:08,-0.05
2026-07-23 17:07:25,0.33
2026-07-23 17:08:47,-0.02
2026-07-23 17:09:41,0.29
2026-07-23 17:10:16,0.06
2026-07-23 17:10:43,0.03
2026-07-23 17:12:04,0.21
2026-07-23 17:12:32,-0.01
2026-07-23 17:12:54,0.22
2026-07-23 17:14:50,-0.05
2026-07-23 17:15:31,0.28
2026-07-23 17:16:12,-0.05
2026-07-23 17:16:43,0.25
2026-07-23 17:17:15,-0.02
2026-07-23 17:18:09,0.32
2026-07-23 17:19:21,0.21
2026-07-23 17:19:34,0.03
2026-07-23 17:21:08,0.16
2026-07-23 17:22:11,-0.05
2026-07-23 17:22:16,-0.06
2026-07-23 17:22:37,0.22
2026-07-23 17:24:49,0.30
2026-07-23 17:24:53,0.04
2026-07-23 17:26:14,-0.17
2026-07-23 17:26:18,0.32
2026-07-23 17:27:25,-0.20
2026-07-23 17:27:40,0.27
2026-07-23 17:30:17,-0.14
2026-07-23 17:30:21,0.32
2026-07-23 17:31:37,0.28
2026-07-23 17:31:51,-0.08
2026-07-23 17:32:58,0.25
2026-07-23 17:33:44,-0.03
2026-07-23 17:33:48,0.31
2026-07-23 17:34:05,-0.05
2026-07-23 17:35:27,-0.07
2026-07-23 17:36:39,0.26
2026-07-23 17:38:04,0.29
2026-07-23 17:38:12,-0.05
2026-07-23 17:38:44,-0.10
2026-07-23 17:40:10,0.25
2026-07-23 17:40:23,0.22
2026-07-23 17:41:58,-0.04
2026-07-23 17:42:19,0.22
2026-07-23 17:43:37,-0.15
2026-07-23 17:43:41,-0.16
2026-07-23 17:44:22,0.19
2026-07-23 17:45:29,-0.17
2026-07-23 17:46:05,0.19
2026-07-23 17:47:39,0.25
2026-07-23 17:48:02,-0.16
2026-07-23 17:49:00,-0.06
2026-07-23 17:50:12,0.31
2026-07-23 17:50:52,-0.14
2026-07-23 17:51:06,0.25
2026-07-23 17:51:56,0.18
2026-07-23 17:53:20,-0.06
2026-07-23 17:53:33,0.15
2026-07-23 17:54:06,-0.09
2026-07-23 17:56:16,-0.06
2026-07-23 17:56:39,0.20
2026-07-23 17:57:36,0.19
2026-07-23 17:58:22,-0.01
2026-07-23 17:58:40,-0.02
2026-07-23 17:59:02,0.24
2026-07-23 18:00:50,-0.09
2026-07-23 18:01:13,0.15
2026-07-23 18:02:16,0.14
2026-07-23 18:03:00,-0.12
2026-07-23 18:03:46,0.18
2026-07-23 18:04:13,-0.21
2026-07-23 18:05:37,-0.09
2026-07-23 18:05:52,0.21
2026-07-23 18:07:07,-0.09
2026-07-23 18:07:26,0.22
2026-07-23 18:08:28,0.02
2026-07-23 18:08:37,0.23
2026-07-23 18:10:34,-0.05
2026-07-23 18:12:00,0.18
2026-07-23 18:12:58,-0.03
2026-07-23 18:13:23,0.10
2026-07-23 18:13:40,-0.07
2026-07-23 18:15:08,0.18
2026-07-23 18:16:21,-0.21
2026-07-23 18:17:01,-0.08
2026-07-23 18:17:41,0.20
2026-07-23 18:19:11,-0.16
2026-07-23 18:19:20,0.26
2026-07-23 18:20:22,-0.13
2026-07-23 18:21:27,0.18
2026-07-23 18:22:28,0.35
2026-07-23 18:22:51,-0.05
2026-07-23 18:23:59,-0.06
2026-07-23 18:24:21,0.18
2026-07-23 18:25:25,0.20
2026-07-23 18:26:18,-0.04
2026-07-23 18:26:54,0.19
2026-07-23 18:27:43,-0.03
2026-07-23 18:28:32,0.23
2026-07-23 18:29:09,-0.06
2026-07-23 18:30:16,0.18
2026-07-23 18:30:48,-0.04
2026-07-23 18:32:09,0.29
2026-07-23 18:33:02,-0.06
2026-07-23 18:33:48,-0.12
2026-07-23 18:33:56,0.44
2026-07-23 18:34:59,0.36
2026-07-23 18:36:02,-0.06
2026-07-23 18:37:09,-0.31
2026-07-23 18:37:27,0.38
2026-07-23 18:38:56,0.28
2026-07-23 18:39:06,-0.09
2026-07-23 18:40:32,-0.26
2026-07-23 18:41:21,0.22
2026-07-23 18:41:26,0.23
2026-07-23 18:41:57,-0.24
2026-07-23 18:44:16,-0.23
2026-07-23 18:44:29,0.34
2026-07-23 18:44:52,0.29
2026-07-23 18:45:15,-0.05
2026-07-23 18:46:44,0.25
2026-07-23 18:47:29,-0.06
2026-07-23 18:48:46,0.12
2026-07-23 18:49:17,-0.13
2026-07-23 18:49:44,-0.15
2026-07-23 18:50:07,0.11
2026-07-23 18:51:35,0.17
2026-07-23 18:52:09,-0.06
2026-07-23 18:53:11,0.16
2026-07-23 18:53:43,-0.20
2026-07-23 18:55:16,0.19
2026-07-23 18:55:30,-0.20
2026-07-23 18:56:33,0.17
2026-07-23 18:57:14,-0.08
2026-07-23 18:58:43,-0.10
2026-07-23 18:59:13,0.25
2026-07-23 18:59:33,0.18
2026-07-23 19:00:13,-0.19
2026-07-23 19:01:30,0.15
2026-07-23 19:02:10,-0.25
2026-07-23 19:03:40,0.18
2026-07-23 19:04:20,-0.15
2026-07-23 19:04:56,-0.14
2026-07-23 19:05:28,0.23
2026-07-23 19:06:31,0.03
2026-07-23 19:06:58,0.28
2026-07-23 19:07:51,0.36
2026-07-23 19:08:27,-0.15
2026-07-23 19:09:31,-0.19
2026-07-23 19:10:02,0.21
2026-07-23 19:11:24,0.29
2026-07-23 19:12:21,-0.07
2026-07-23 19:12:57,0.14
2026-07-23 19:14:18,-0.32
2026-07-23 19:14:37,-0.06
2026-07-23 19:15:08,0.12
2026-07-23 19:16:19,0.19
2026-07-23 19:16:28,-0.07
2026-07-23 19:18:39,-0.14
2026-07-23 19:19:19,0.13
2026-07-23 19:19:38,-0.09
2026-07-23 19:20:26,0.13
2026-07-23 19:21:16,-0.06
2026-07-23 19:21:43,0.14
2026-07-23 19:22:51,0.15
2026-07-23 19:24:06,-0.08
2026-07-23 19:24:19,0.15
2026-07-23 19:25:00,-0.18
2026-07-23 19:26:04,-0.14
2026-07-23 19:27:12,0.10
2026-07-23 19:27:42,0.12
2026-07-23 19:28:13,-0.09
2026-07-23 19:29:58,0.17
2026-07-23 19:30:43,-0.13
2026-07-23 19:31:59,0.09
2026-07-23 19:32:30,-0.11
2026-07-23 19:33:36,-0.07
2026-07-23 19:34:00,0.11
2026-07-23 19:34:50,0.20
2026-07-23 19:35:12,-0.04
2026-07-23 19:36:14,-0.12
2026-07-23 19:36:51,0.08
2026-07-23 19:37:36,0.07
2026-07-23 19:39:01,-0.07
2026-07-23 19:40:13,-0.08
2026-07-23 19:40:31,0.15
2026-07-23 19:41:52,0.12
2026-07-23 19:42:01,-0.10
2026-07-23 19:43:21,-0.17
2026-07-23 19:43:44,0.16
2026-07-23 19:44:29,0.14
2026-07-23 19:45:14,-0.20
2026-07-23 19:46:08,-0.11
2026-07-23 19:46:31,0.09
2026-07-23 19:47:41,-0.09
2026-07-23 19:48:36,0.12
2026-07-23 19:49:26,-0.06
2026-07-23 19:49:48,0.15
2026-07-23 19:51:04,-0.07
2026-07-23 19:52:03,0.15
2026-07-23 19:53:10,0.13
2026-07-23 19:53:20,-0.15
2026-07-23 19:54:45,0.12
2026-07-23 19:55:29,-0.08
2026-07-23 19:57:17,0.17
2026-07-23 19:57:31,0.11
2026-07-23 19:58:48,-0.16
2026-07-23 19:59:41,0.25
2026-07-23 20:00:03,-0.29
2026-07-23 20:00:58,-0.13
2026-07-23 20:02:09,0.13
2026-07-23 20:02:49,-0.20
2026-07-23 20:03:48,0.15
2026-07-23 20:04:21,0.12
2026-07-23 20:05:09,-0.15
2026-07-23 20:06:08,0.11
2026-07-23 20:07:10,-0.17
2026-07-23 20:07:19,-0.20
2026-07-23 20:07:37,0.13
2026-07-23 20:09:30,0.19
2026-07-23 20:10:29,-0.14
2026-07-23 20:11:13,-0.12
2026-07-23 20:11:22,0.07
2026-07-23 20:12:12,-0.11
2026-07-23 20:12:39,0.12
2026-07-23 20:14:13,0.17
2026-07-23 20:14:22,-0.18
2026-07-23 20:15:52,0.15
2026-07-23 20:16:23,-0.17
2026-07-23 20:17:22,0.12
2026-07-23 20:17:40,-0.26
2026-07-23 20:18:56,-0.14
2026-07-23 20:19:42,0.14
2026-07-23 20:20:35,0.18
2026-07-23 20:21:37,-0.14
2026-07-23 20:22:44,0.14
2026-07-23 20:23:30,-0.15
2026-07-23 20:24:33,-0.17
2026-07-23 20:25:00,0.05
2026-07-23 20:26:07,-0.08
2026-07-23 20:26:34,0.18
2026-07-23 20:27:04,0.15
2026-07-23 20:27:51,-0.12
2026-07-23 20:29:30,-0.14
2026-07-23 20:30:10,0.05
2026-07-23 20:30:24,0.09
2026-07-23 20:30:32,-0.18
2026-07-23 20:31:58,0.06
2026-07-23 20:33:28,-0.18
2026-07-23 20:34:21,0.05
2026-07-23 20:35:07,-0.15
2026-07-23 20:35:34,-0.21
2026-07-23 20:36:01,0.11
2026-07-23 20:38:11,0.37
2026-07-23 20:38:19,-0.34
2026-07-23 20:39:05,0.19
2026-07-23 20:39:10,-0.24
2026-07-23 20:40:17,0.07
2026-07-23 20:41:01,-0.25
2026-07-23 20:43:03,0.10
2026-07-23 20:43:25,-0.19
2026-07-23 20:43:44,0.06
2026-07-23 20:44:55,-0.25
2026-07-23 20:45:40,0.18
2026-07-23 20:45:49,-0.25
2026-07-23 20:47:38,-0.22
2026-07-23 20:48:26,0.07
2026-07-23 20:48:39,0.04
2026-07-23 20:49:02,-0.21
2026-07-23 20:50:50,0.12
2026-07-23 20:51:31,-0.19
2026-07-23 20:51:45,-0.18
2026-07-23 20:52:59,0.04
2026-07-23 20:53:40,0.06
2026-07-23 20:55:02,-0.25
2026-07-23 20:56:09,0.03
2026-07-23 20:56:32,-0.19
2026-07-23 20:58:06,-0.15
2026-07-23 20:58:15,0.11
2026-07-23 20:58:28,-0.23
2026-07-23 20:59:23,0.05
2026-07-23 21:00:03,-0.15
2026-07-23 21:00:25,0.04
2026-07-23 21:02:09,-0.20
2026-07-23 21:03:07,-0.01
2026-07-23 21:04:10,0.06
2026-07-23 21:04:19,-0.17
2026-07-23 21:05:16,-0.28
2026-07-23 21:05:26,0.03
2026-07-23 21:07:14,-0.28
2026-07-23 21:07:27,0.06
2026-07-23 21:08:21,0.03
2026-07-23 21:09:33,-0.22
2026-07-23 21:10:36,-0.14
2026-07-23 21:10:54,0.04
2026-07-23 21:12:06,-0.18
2026-07-23 21:13:00,0.03
2026-07-23 21:13:27,-0.20
2026-07-23 21:13:36,-0.01
2026-07-23 21:15:28,-0.18
2026-07-23 21:16:50,-0.17
2026-07-23 21:17:03,0.02
2026-07-23 21:18:55,0.03
2026-07-23 21:19:27,-0.11
2026-07-23 21:19:54,-0.03
2026-07-23 21:20:31,-0.15
2026-07-23 21:21:37,-0.16
2026-07-23 21:22:04,0.09
2026-07-23 21:23:51,0.02
2026-07-23 21:24:21,-0.12
2026-07-23 21:25:04,0.00
2026-07-23 21:25:13,-0.15
2026-07-23 21:26:24,0.03
2026-07-23 21:27:58,-0.10
2026-07-23 21:28:11,0.00
2026-07-23 21:29:28,-0.17
2026-07-23 21:30:45,0.01
2026-07-23 21:31:12,-0.15
2026-07-23 21:31:59,-0.17
2026-07-23 21:32:33,0.02
2026-07-23 21:33:01,-0.04
2026-07-23 21:33:45,-0.14
2026-07-23 21:35:23,0.00
2026-07-23 21:36:00,-0.15
2026-07-23 21:36:49,-0.17
2026-07-23 21:37:08,0.03
2026-07-23 21:38:19,-0.11
2026-07-23 21:39:03,0.06
2026-07-23 21:40:39,0.07
2026-07-23 21:40:56,-0.16
2026-07-23 21:41:36,0.00
2026-07-23 21:42:12,-0.14
2026-07-23 21:43:38,-0.13
2026-07-23 21:44:15,0.00
2026-07-23 21:44:42,-0.14
2026-07-23 21:45:43,-0.04
2026-07-23 21:46:33,0.00
2026-07-23 21:46:37,-0.09
2026-07-23 21:48:08,-0.03
2026-07-23 21:48:21,-0.16
2026-07-23 21:50:09,-0.03
2026-07-23 21:51:29,-0.15
2026-07-23 21:52:46,-0.01
2026-07-23 21:52:56,-0.04
2026-07-23 21:54:10,-0.16
2026-07-23 21:54:34,-0.14
2026-07-23 21:54:38,0.04
2026-07-23 21:57:07,0.01
2026-07-23 21:57:37,-0.16
2026-07-23 21:57:47,-0.19
2026-07-23 21:58:04,-0.03
2026-07-23 21:59:26,-0.16
2026-07-23 22:00:02,0.00
2026-07-23 22:02:03,-0.16
2026-07-23 22:02:17,-0.02
2026-07-23 22:02:57,-0.19
2026-07-23 22:03:10,-0.02
2026-07-23 22:04:41,-0.03
2026-07-23 22:05:11,-0.21
2026-07-23 22:06:51,0.01
2026-07-23 22:07:23,-0.15
2026-07-23 22:07:45,-0.02
2026-07-23 22:07:58,-0.12
2026-07-23 22:10:23,-0.16
2026-07-23 22:10:36,0.01
2026-07-23 22:11:03,-0.19
2026-07-23 22:12:05,0.01
2026-07-23 22:13:12,-0.02
2026-07-23 22:13:31,-0.18
2026-07-23 22:15:14,-0.03
2026-07-23 22:15:18,-0.15
2026-07-23 22:16:18,-0.17
2026-07-23 22:16:22,-0.01
2026-07-23 22:18:32,-0.19
2026-07-23 22:19:35,-0.23
2026-07-23 22:20:38,-0.01
2026-07-23 22:21:05,-0.21
2026-07-23 22:22:12,0.03
2026-07-23 22:23:16,-0.18
2026-07-23 22:24:00,0.02
2026-07-23 22:24:18,-0.21
2026-07-23 22:25:02,-0.02
2026-07-23 22:26:24,-0.17
2026-07-23 22:26:38,0.00
2026-07-23 22:27:36,-0.15
2026-07-23 22:28:20,-0.02
2026-07-23 22:29:25,-0.13
2026-07-23 22:30:09,0.01
2026-07-23 22:30:49,-0.17
2026-07-23 22:31:12,-0.01
2026-07-23 22:32:32,-0.05
2026-07-23 22:33:36,-0.20
2026-07-23 22:34:29,-0.03
2026-07-23 22:34:38,-0.15
2026-07-23 22:35:46,-0.18
2026-07-23 22:36:43,-0.02
2026-07-23 22:38:13,-0.22
2026-07-23 22:38:23,0.04
2026-07-23 22:39:30,-0.17
2026-07-23 22:40:01,-0.06
2026-07-23 22:40:51,0.00
2026-07-23 22:41:18,-0.19
2026-07-23 22:42:56,-0.06
2026-07-23 22:43:00,-0.19
2026-07-23 22:44:00,-0.20
2026-07-23 22:44:13,-0.02
2026-07-23 22:46:54,-0.19
2026-07-23 22:47:03,0.01
2026-07-23 22:47:57,-0.18
2026-07-23 22:48:52,0.01
2026-07-23 22:48:56,-0.02
2026-07-23 22:49:05,-0.18
2026-07-23 22:52:00,-0.04
2026-07-23 22:53:07,-0.18
2026-07-23 22:53:16,-0.03
2026-07-23 22:54:07,-0.15
2026-07-23 22:54:41,0.03
2026-07-23 22:55:31,-0.19
2026-07-23 22:55:40,-0.04
2026-07-23 22:57:14,0.03
2026-07-23 22:58:31,-0.19
2026-07-23 22:59:28,-0.03
2026-07-23 22:59:38,-0.18
2026-07-23 23:00:41,-0.04
2026-07-23 23:01:08,-0.18
2026-07-23 23:02:42,-0.19
2026-07-23 23:03:09,-0.04
2026-07-23 23:04:17,-0.17
2026-07-23 23:05:01,-0.05
2026-07-23 23:06:18,-0.19
2026-07-23 23:07:21,-0.01
2026-07-23 23:08:20,-0.16
2026-07-23 23:09:27,-0.06
2026-07-23 23:09:32,-0.19
2026-07-23 23:11:42,-0.04
2026-07-23 23:11:55,-0.18
2026-07-23 23:12:22,-0.14
2026-07-23 23:13:02,-0.01
2026-07-23 23:14:06,-0.13
2026-07-23 23:14:15,-0.01
2026-07-23 23:15:28,-0.15
2026-07-23 23:16:25,0.00
2026-07-23 23:17:15,-0.18
2026-07-23 23:18:22,-0.01
2026-07-23 23:19:39,-0.17
2026-07-23 23:20:09,-0.01
2026-07-23 23:20:50,-0.04
2026-07-23 23:20:55,-0.16
2026-07-23 23:22:56,-0.21
2026-07-23 23:23:28,-0.01
2026-07-23 23:24:53,-0.19
2026-07-23 23:25:20,-0.03
2026-07-23 23:25:33,-0.18
2026-07-23 23:27:09,-0.01
2026-07-23 23:27:22,-0.16
2026-07-23 23:29:23,-0.03
2026-07-23 23:30:07,-0.15
2026-07-23 23:30:35,-0.17
2026-07-23 23:30:44,-0.01
2026-07-23 23:31:50,-0.16
2026-07-23 23:31:56,-0.04
2026-07-23 23:34:37,-0.16
2026-07-23 23:36:03,-0.01
2026-07-23 23:36:25,-0.15
2026-07-23 23:36:52,-0.17
2026-07-23 23:38:18,-0.03
2026-07-23 23:38:44,-0.17
2026-07-23 23:38:58,0.01
2026-07-23 23:40:10,-0.23
2026-07-23 23:40:19,-0.02
2026-07-23 23:42:47,-0.04
2026-07-23 23:42:57,-0.17
2026-07-23 23:44:30,-0.15
2026-07-23 23:44:35,-0.02
2026-07-23 23:45:19,-0.19
2026-07-23 23:45:24,-0.07
2026-07-23 23:46:45,-0.18
2026-07-23 23:47:38,-0.06
2026-07-23 23:48:24,-0.04
2026-07-23 23:48:42,-0.16
2026-07-23 23:50:03,-0.04
2026-07-23 23:50:39,-0.17
2026-07-23 23:52:09,-0.03
2026-07-23 23:52:32,-0.18
2026-07-23 23:53:39,0.01
2026-07-23 23:53:48,-0.17
2026-07-23 23:55:12,-0.06
2026-07-23 23:55:48,-0.19
2026-07-23 23:56:52,-0.01
2026-07-23 23:56:56,-0.17
2026-07-23 23:59:42,0.00
2026-07-24 00:00:57,-0.05
2026-07-24 00:01:21,-0.19
2026-07-24 00:02:16,-0.04
2026-07-24 00:02:25,-0.20
2026-07-24 00:03:27,-0.05
2026-07-24 00:04:39,-0.22
2026-07-24 00:04:58,-0.17
2026-07-24 00:05:11,-0.07
2026-07-24 00:06:45,-0.16
2026-07-24 00:08:01,-0.03
2026-07-24 00:08:20,-0.07
2026-07-24 00:08:28,-0.16
2026-07-24 00:10:34,-0.18
2026-07-24 00:11:00,-0.06
2026-07-24 00:11:47,-0.05
2026-07-24 00:11:55,-0.16
2026-07-24 00:13:34,-0.07
2026-07-24 00:14:23,-0.18
2026-07-24 00:14:46,-0.17
2026-07-24 00:14:50,-0.10
2026-07-24 00:14:54,-0.14
2026-07-24 00:15:03,-0.05
2026-07-24 00:15:30,-0.19
2026-07-24 00:16:39,-0.10
2026-07-24 00:18:44,-0.06
2026-07-24 00:19:20,-0.20
2026-07-24 00:20:14,-0.19
2026-07-24 00:20:46,-0.05
2026-07-24 00:21:21,-0.23
2026-07-24 00:21:26,-0.07
2026-07-24 00:24:07,-0.19
2026-07-24 00:24:26,-0.07
2026-07-24 00:25:42,-0.20
2026-07-24 00:26:14,-0.08
2026-07-24 00:26:44,-0.07
2026-07-24 00:27:53,-0.20
2026-07-24 00:28:14,-0.23
2026-07-24 00:28:37,-0.07
2026-07-24 00:29:41,-0.19
2026-07-24 00:30:55,-0.07
2026-07-24 00:31:14,-0.21
2026-07-24 00:32:17,-0.06
2026-07-24 00:33:25,-0.23
2026-07-24 00:34:14,-0.03
2026-07-24 00:35:12,-0.05
2026-07-24 00:35:44,-0.25
2026-07-24 00:37:19,-0.02
2026-07-24 00:37:23,-0.21
2026-07-24 00:38:21,-0.08
2026-07-24 00:39:21,-0.22
2026-07-24 00:40:31,-0.05
2026-07-24 00:40:41,-0.23
2026-07-24 00:41:26,-0.22
2026-07-24 00:42:32,-0.09
2026-07-24 00:43:05,-0.22
2026-07-24 00:43:09,-0.05
2026-07-24 00:44:52,-0.06
2026-07-24 00:45:15,-0.23
2026-07-24 00:46:03,-0.09
2026-07-24 00:46:30,-0.22
2026-07-24 00:48:15,-0.08
2026-07-24 00:48:28,-0.24
2026-07-24 00:50:06,-0.23
2026-07-24 00:50:29,-0.09
2026-07-24 00:51:15,-0.26
2026-07-24 00:51:55,-0.09
2026-07-24 00:52:39,-0.21
2026-07-24 00:54:00,-0.06
2026-07-24 00:54:32,-0.08
2026-07-24 00:55:53,-0.22
2026-07-24 00:55:57,-0.23
2026-07-24 00:56:50,-0.09
2026-07-24 00:58:07,-0.27
2026-07-24 00:58:39,-0.10
2026-07-24 00:59:46,-0.07
2026-07-24 01:00:00,-0.23
2026-07-24 01:01:02,-0.12
2026-07-24 01:01:57,-0.25
2026-07-24 01:02:36,-0.06
2026-07-24 01:03:27,-0.23
2026-07-24 01:04:47,-0.05
2026-07-24 01:05:18,-0.26
2026-07-24 01:06:30,-0.08
2026-07-24 01:07:24,-0.25
2026-07-24 01:07:30,-0.22
2026-07-24 01:08:36,-0.08
2026-07-24 01:09:17,-0.25
2026-07-24 01:10:46,-0.09
2026-07-24 01:12:21,-0.11
2026-07-24 01:12:25,-0.25
2026-07-24 01:12:57,-0.13
2026-07-24 01:13:24,-0.26
2026-07-24 01:14:09,-0.22
2026-07-24 01:14:49,-0.11
2026-07-24 01:16:01,-0.12
2026-07-24 01:16:14,-0.24
2026-07-24 01:17:40,-0.27
2026-07-24 01:17:58,-0.10
2026-07-24 01:19:32,-0.25
2026-07-24 01:19:59,-0.07
2026-07-24 01:20:57,-0.11
2026-07-24 01:21:30,-0.25
2026-07-24 01:22:37,-0.16
2026-07-24 01:23:04,-0.28
2026-07-24 01:25:24,-0.12
2026-07-24 01:26:30,-0.11
2026-07-24 01:27:15,-0.28
2026-07-24 01:27:38,-0.14
2026-07-24 01:27:42,-0.28
2026-07-24 01:29:39,-0.31
2026-07-24 01:30:05,-0.13
2026-07-24 01:30:41,-0.26
2026-07-24 01:31:05,-0.14
2026-07-24 01:32:29,-0.12
2026-07-24 01:33:06,-0.24
2026-07-24 01:35:07,-0.12
2026-07-24 01:35:33,-0.28
2026-07-24 01:36:05,-0.15
2026-07-24 01:37:18,-0.26
2026-07-24 01:38:42,-0.11
2026-07-24 01:39:18,-0.25
2026-07-24 01:39:54,-0.12
2026-07-24 01:40:44,-0.24
2026-07-24 01:41:46,-0.13
2026-07-24 01:43:43,-0.16
2026-07-24 01:43:47,-0.25
2026-07-24 01:44:28,-0.26
2026-07-24 01:44:51,-0.17
2026-07-24 01:45:59,-0.32
2026-07-24 01:47:33,-0.10
2026-07-24 01:48:18,-0.29
2026-07-24 01:49:34,-0.30
2026-07-24 01:49:56,-0.14
2026-07-24 01:51:13,-0.28
2026-07-24 01:51:43,-0.18
2026-07-24 01:52:16,-0.15
2026-07-24 01:53:06,-0.32
2026-07-24 01:54:21,-0.14
2026-07-24 01:55:01,-0.27
2026-07-24 01:55:24,-0.16
2026-07-24 01:55:39,-0.33
2026-07-24 01:57:26,-0.26
2026-07-24 01:57:30,-0.14
2026-07-24 01:59:00,-0.18
2026-07-24 01:59:50,-0.30
2026-07-24 02:00:53,-0.17
2026-07-24 02:01:11,-0.28
2026-07-24 02:02:21,-0.31
2026-07-24 02:03:21,-0.18
2026-07-24 02:04:14,-0.30
2026-07-24 02:05:58,-0.17
2026-07-24 02:06:02,-0.28
2026-07-24 02:07:10,-0.14
2026-07-24 02:09:25,-0.35
2026-07-24 02:09:38,-0.18
2026-07-24 02:10:31,-0.33
2026-07-24 02:10:35,-0.17
2026-07-24 02:12:11,-0.14
2026-07-24 02:12:48,-0.30
2026-07-24 02:14:37,-0.17
2026-07-24 02:14:48,-0.35
2026-07-24 02:15:20,-0.12
2026-07-24 02:15:51,-0.31
2026-07-24 02:17:08,-0.18
2026-07-24 02:18:01,-0.32
2026-07-24 02:18:47,-0.19
2026-07-24 02:19:05,-0.29
2026-07-24 02:20:39,-0.31
2026-07-24 02:21:28,-0.20
2026-07-24 02:22:49,-0.33
2026-07-24 02:23:12,-0.20
2026-07-24 02:23:48,-0.19
2026-07-24 02:24:42,-0.31
2026-07-24 02:25:39,-0.33
2026-07-24 02:26:21,-0.16
2026-07-24 02:27:41,-0.32
2026-07-24 02:27:59,-0.22
2026-07-24 02:28:57,-0.36
2026-07-24 02:29:24,-0.19
2026-07-24 02:30:09,-0.32
2026-07-24 02:30:19,-0.20
2026-07-24 02:32:10,-0.23
2026-07-24 02:32:29,-0.34
2026-07-24 02:33:43,-0.20
2026-07-24 02:34:53,-0.33
2026-07-24 02:35:23,-0.36
2026-07-24 02:35:50,-0.23
2026-07-24 02:36:58,-0.24
2026-07-24 02:38:10,-0.32
2026-07-24 02:38:46,-0.23
2026-07-24 02:39:30,-0.33
2026-07-24 02:40:02,-0.24
2026-07-24 02:40:07,-0.31
2026-07-24 02:42:00,-0.24
2026-07-24 02:42:44,-0.30
2026-07-24 02:43:29,-0.33
2026-07-24 02:44:14,-0.23
2026-07-24 02:45:26,-0.34
2026-07-24 02:46:11,-0.24
2026-07-24 02:47:04,-0.32
2026-07-24 02:47:23,-0.23
2026-07-24 02:49:16,-0.34
2026-07-24 02:50:31,-0.24
2026-07-24 02:51:25,-0.37
2026-07-24 02:52:11,-0.26
2026-07-24 02:52:24,-0.35
2026-07-24 02:53:09,-0.36
2026-07-24 02:54:08,-0.26
2026-07-24 02:55:38,-0.35
2026-07-24 02:56:09,-0.25
2026-07-24 02:56:31,-0.35
2026-07-24 02:57:31,-0.26
2026-07-24 02:59:22,-0.38
2026-07-24 03:00:06,-0.36
2026-07-24 03:00:12,-0.27
2026-07-24 03:01:28,-0.22
2026-07-24 03:01:32,-0.35
2026-07-24 03:03:20,-0.38
2026-07-24 03:03:33,-0.26
2026-07-24 03:05:18,-0.24
2026-07-24 03:05:35,-0.36
2026-07-24 03:06:33,-0.34
2026-07-24 03:06:38,-0.25
2026-07-24 03:09:25,-0.36
2026-07-24 03:10:05,-0.25
2026-07-24 03:10:45,-0.36
2026-07-24 03:12:46,-0.27
2026-07-24 03:12:59,-0.41
2026-07-24 03:13:18,-0.28
2026-07-24 03:14:33,-0.36
2026-07-24 03:14:39,-0.27
2026-07-24 03:17:20,-0.39
2026-07-24 03:18:32,-0.37
2026-07-24 03:19:26,-0.28
2026-07-24 03:19:40,-0.37
2026-07-24 03:19:58,-0.30
2026-07-24 03:21:27,-0.25
2026-07-24 03:22:30,-0.39
2026-07-24 03:23:10,-0.29
2026-07-24 03:23:15,-0.42
2026-07-24 03:24:36,-0.38
2026-07-24 03:25:30,-0.25
2026-07-24 03:26:33,-0.36
2026-07-24 03:26:50,-0.27
2026-07-24 03:28:16,-0.40
2026-07-24 03:28:30,-0.29
2026-07-24 03:29:33,-0.38
2026-07-24 03:30:21,-0.28
2026-07-24 03:32:06,-0.27
2026-07-24 03:32:10,-0.40
2026-07-24 03:33:04,-0.38
2026-07-24 03:33:18,-0.29
2026-07-24 03:34:34,-0.24
2026-07-24 03:35:06,-0.38
2026-07-24 03:36:13,-0.30
2026-07-24 03:36:44,-0.39
2026-07-24 03:39:00,-0.26
2026-07-24 03:39:17,-0.42
2026-07-24 03:40:15,-0.27
2026-07-24 03:40:24,-0.37
2026-07-24 03:42:12,-0.39
2026-07-24 03:42:21,-0.28
2026-07-24 03:43:02,-0.29
2026-07-24 03:43:47,-0.40
2026-07-24 03:44:31,-0.38
2026-07-24 03:44:59,-0.26
2026-07-24 03:45:56,-0.27
2026-07-24 03:47:27,-0.42
2026-07-24 03:48:48,-0.31
2026-07-24 03:49:28,-0.40
2026-07-24 03:49:42,-0.30
2026-07-24 03:51:16,-0.29
2026-07-24 03:51:25,-0.39
2026-07-24 03:53:03,-0.27
2026-07-24 03:54:02,-0.41
2026-07-24 03:54:43,-0.25
2026-07-24 03:54:48,-0.39
2026-07-24 03:56:03,-0.26
2026-07-24 03:56:30,-0.42
2026-07-24 03:57:33,-0.43
2026-07-24 03:58:36,-0.25
2026-07-24 04:00:10,-0.39
2026-07-24 04:00:37,-0.29
2026-07-24 04:00:56,-0.28
2026-07-24 04:01:54,-0.42
2026-07-24 04:03:06,-0.26
2026-07-24 04:03:10,-0.42
2026-07-24 04:04:03,-0.43
2026-07-24 04:04:26,-0.32
2026-07-24 04:05:43,-0.29
2026-07-24 04:06:56,-0.42
2026-07-24 04:07:49,-0.31
2026-07-24 04:08:20,-0.39
2026-07-24 04:09:28,-0.43
2026-07-24 04:09:55,-0.28
2026-07-24 04:11:03,-0.32
2026-07-24 04:11:47,-0.41
2026-07-24 04:12:41,-0.31
2026-07-24 04:13:13,-0.41
2026-07-24 04:15:00,-0.31
2026-07-24 04:15:10,-0.41
2026-07-24 04:15:44,-0.44
2026-07-24 04:16:21,-0.32
2026-07-24 04:17:16,-0.31
2026-07-24 04:17:56,-0.41
2026-07-24 04:18:58,-0.32
2026-07-24 04:19:11,-0.41
2026-07-24 04:21:13,-0.28
2026-07-24 04:21:23,-0.40
2026-07-24 04:23:14,-0.32
2026-07-24 04:23:58,-0.43
2026-07-24 04:24:04,-0.30
2026-07-24 04:25:38,-0.33
2026-07-24 04:26:19,-0.43
2026-07-24 04:27:44,-0.34
2026-07-24 04:27:57,-0.45
2026-07-24 04:29:18,-0.42
2026-07-24 04:29:59,-0.29
2026-07-24 04:30:31,-0.32
2026-07-24 04:31:46,-0.45
2026-07-24 04:32:32,-0.32
2026-07-24 04:33:21,-0.44
2026-07-24 04:34:06,-0.40
2026-07-24 04:34:46,-0.29
2026-07-24 04:36:12,-0.33
2026-07-24 04:36:44,-0.44
2026-07-24 04:37:51,-0.27
2026-07-24 04:38:00,-0.44
2026-07-24 04:39:02,-0.34
2026-07-24 04:39:12,-0.41
2026-07-24 04:41:31,-0.45
2026-07-24 04:41:48,-0.33
2026-07-24 04:42:39,-0.32
2026-07-24 04:43:05,-0.44
2026-07-24 04:44:26,-0.29
2026-07-24 04:44:45,-0.45
2026-07-24 04:45:38,-0.44
2026-07-24 04:46:27,-0.32
2026-07-24 04:48:33,-0.44
2026-07-24 04:48:46,-0.35
2026-07-24 04:49:00,-0.44
2026-07-24 04:50:17,-0.31
2026-07-24 04:50:30,-0.43
2026-07-24 04:52:19,-0.32
2026-07-24 04:52:23,-0.41
2026-07-24 04:53:33,-0.43
2026-07-24 04:54:28,-0.31
2026-07-24 04:55:18,-0.42
2026-07-24 04:55:26,-0.35
2026-07-24 04:57:19,-0.42
2026-07-24 04:57:23,-0.31
2026-07-24 04:58:51,-0.32
2026-07-24 04:59:02,-0.42
2026-07-24 05:01:03,-0.34
2026-07-24 05:02:11,-0.44
2026-07-24 05:02:34,-0.33
2026-07-24 05:04:26,-0.45
2026-07-24 05:04:34,-0.33
2026-07-24 05:05:14,-0.32
2026-07-24 05:05:42,-0.46
2026-07-24 05:07:30,-0.44
2026-07-24 05:08:06,-0.31
2026-07-24 05:08:28,-0.44
2026-07-24 05:08:41,-0.32
2026-07-24 05:10:18,-0.45
2026-07-24 05:11:41,-0.34
2026-07-24 05:11:46,-0.35
2026-07-24 05:12:35,-0.46
2026-07-24 05:13:38,-0.50
2026-07-24 05:14:28,-0.33
2026-07-24 05:15:00,-0.34
2026-07-24 05:15:08,-0.44
2026-07-24 05:16:42,-0.45
2026-07-24 05:17:31,-0.30
2026-07-24 05:18:40,-0.46
2026-07-24 05:19:01,-0.32
2026-07-24 05:20:54,-0.45
2026-07-24 05:21:02,-0.33
2026-07-24 05:21:53,-0.32
2026-07-24 05:22:01,-0.49
2026-07-24 05:23:54,-0.33
2026-07-24 05:24:02,-0.47
2026-07-24 05:25:05,-0.36
2026-07-24 05:25:46,-0.44
2026-07-24 05:27:42,-0.32
2026-07-24 05:29:16,-0.52
2026-07-24 05:29:40,-0.35
2026-07-24 05:29:57,-0.47
2026-07-24 05:30:52,-0.32
2026-07-24 05:31:41,-0.35
2026-07-24 05:32:12,-0.45
2026-07-24 05:33:42,-0.47
2026-07-24 05:34:14,-0.36
2026-07-24 05:35:35,-0.32
2026-07-24 05:36:01,-0.43
2026-07-24 05:36:37,-0.34
2026-07-24 05:37:09,-0.48
2026-07-24 05:39:10,-0.33
2026-07-24 05:39:55,-0.38
2026-07-24 05:40:22,-0.46
2026-07-24 05:41:38,-0.35
2026-07-24 05:42:01,-0.47
2026-07-24 05:43:30,-0.35
2026-07-24 05:44:06,-0.45
2026-07-24 05:44:48,-0.47
2026-07-24 05:45:19,-0.36
2026-07-24 05:47:02,-0.47
2026-07-24 05:47:33,-0.34
2026-07-24 05:48:36,-0.35
2026-07-24 05:49:03,-0.47
2026-07-24 05:50:56,-0.34
2026-07-24 05:51:49,-0.50
2026-07-24 05:52:49,-0.33
2026-07-24 05:53:19,-0.45
2026-07-24 05:53:33,-0.33
2026-07-24 05:54:50,-0.35
2026-07-24 05:55:57,-0.48
2026-07-24 05:56:16,-0.47
2026-07-24 05:56:29,-0.37
2026-07-24 05:58:07,-0.44
2026-07-24 05:59:01,-0.34
2026-07-24 05:59:46,-0.45
2026-07-24 06:01:11,-0.33
2026-07-24 06:01:25,-0.45
2026-07-24 06:02:10,-0.33
2026-07-24 06:03:39,-0.34
2026-07-24 06:04:11,-0.47
2026-07-24 06:04:34,-0.48
2026-07-24 06:05:41,-0.33
2026-07-24 06:06:48,-0.35
2026-07-24 06:07:35,-0.45
2026-07-24 06:07:51,-0.46
2026-07-24 06:07:57,-0.31
2026-07-24 06:09:48,-0.39
2026-07-24 06:10:59,-0.47
2026-07-24 06:12:17,-0.49
2026-07-24 06:12:44,-0.35
2026-07-24 06:13:10,-0.34
2026-07-24 06:13:42,-0.47
2026-07-24 06:14:53,-0.46
2026-07-24 06:15:48,-0.35
2026-07-24 06:16:24,-0.37
2026-07-24 06:17:31,-0.48
2026-07-24 06:17:44,-0.35
2026-07-24 06:18:06,-0.46
2026-07-24 06:20:26,-0.37
2026-07-24 06:20:52,-0.51
2026-07-24 06:21:51,-0.33
2026-07-24 06:22:36,-0.46
2026-07-24 06:23:21,-0.35
2026-07-24 06:23:53,-0.45
2026-07-24 06:25:22,-0.36
2026-07-24 06:26:52,-0.35
2026-07-24 06:27:05,-0.46
2026-07-24 06:27:37,-0.35
2026-07-24 06:27:51,-0.47
2026-07-24 06:29:52,-0.32
2026-07-24 06:30:10,-0.46
2026-07-24 06:31:31,-0.34
2026-07-24 06:31:49,-0.43
2026-07-24 06:32:56,-0.35
2026-07-24 06:33:05,-0.45
2026-07-24 06:34:35,-0.33
2026-07-24 06:34:39,-0.46
2026-07-24 06:36:36,-0.45
2026-07-24 06:37:16,-0.31
2026-07-24 06:37:34,-0.33
2026-07-24 06:38:25,-0.46
2026-07-24 06:39:13,-0.35
2026-07-24 06:40:21,-0.45
2026-07-24 06:42:13,-0.35
2026-07-24 06:42:32,-0.45
2026-07-24 06:43:56,-0.35
2026-07-24 06:45:08,-0.33
2026-07-24 06:45:40,-0.47
2026-07-24 06:46:39,-0.34
2026-07-24 06:47:19,-0.43
2026-07-24 06:47:46,-0.47
2026-07-24 06:48:04,-0.31
2026-07-24 06:49:47,-0.45
2026-07-24 06:50:06,-0.34
2026-07-24 06:50:50,-0.42
2026-07-24 06:51:07,-0.34
2026-07-24 06:52:24,-0.45
2026-07-24 06:52:47,-0.32
2026-07-24 06:54:17,-0.34
2026-07-24 06:54:53,-0.43
2026-07-24 06:56:14,-0.32
2026-07-24 06:56:41,-0.45
2026-07-24 06:57:26,-0.32
2026-07-24 06:58:07,-0.43
2026-07-24 07:00:25,-0.33
2026-07-24 07:00:48,-0.35
2026-07-24 07:00:56,-0.43
2026-07-24 07:02:31,-0.32
2026-07-24 07:02:48,-0.42
2026-07-24 07:04:23,-0.30
2026-07-24 07:05:08,-0.42
2026-07-24 07:05:48,-0.31
2026-07-24 07:06:21,-0.44
2026-07-24 07:07:14,-0.31
2026-07-24 07:07:18,-0.41
2026-07-24 07:09:07,-0.35
2026-07-24 07:09:15,-0.46
2026-07-24 07:11:02,-0.35
2026-07-24 07:11:34,-0.44
2026-07-24 07:12:15,-0.43
2026-07-24 07:12:51,-0.33
2026-07-24 07:14:43,-0.32
2026-07-24 07:15:09,-0.42
2026-07-24 07:16:35,-0.32
2026-07-24 07:17:52,-0.45
2026-07-24 07:18:36,-0.35
2026-07-24 07:19:22,-0.44
2026-07-24 07:19:35,-0.35
2026-07-24 07:20:38,-0.42
2026-07-24 07:21:32,-0.32
2026-07-24 07:23:02,-0.43
2026-07-24 07:25:12,-0.47
2026-07-24 07:25:16,-0.31
2026-07-24 07:25:44,-0.32
2026-07-24 07:25:53,-0.42
2026-07-24 07:27:04,-0.32
2026-07-24 07:28:12,-0.41
2026-07-24 07:28:39,-0.28
2026-07-24 07:30:04,-0.43
2026-07-24 07:30:23,-0.39
2026-07-24 07:30:53,-0.31
2026-07-24 07:32:02,-0.46
2026-07-24 07:32:59,-0.31
2026-07-24 07:33:36,-0.42
2026-07-24 07:34:11,-0.31
2026-07-24 07:35:26,-0.43
2026-07-24 07:36:26,-0.31
2026-07-24 07:37:02,-0.43
2026-07-24 07:37:38,-0.32
2026-07-24 07:38:54,-0.31
2026-07-24 07:39:03,-0.41
2026-07-24 07:41:14,-0.43
2026-07-24 07:41:24,-0.30
2026-07-24 07:42:17,-0.43
2026-07-24 07:43:34,-0.32
2026-07-24 07:43:51,-0.43
2026-07-24 07:45:17,-0.42
2026-07-24 07:46:24,-0.32
2026-07-24 07:47:05,-0.43
2026-07-24 07:47:58,-0.30
2026-07-24 07:48:57,-0.42
2026-07-24 07:49:59,-0.26
2026-07-24 07:50:22,-0.43
2026-07-24 07:51:03,-0.29
2026-07-24 07:52:18,-0.39
2026-07-24 07:53:22,-0.30
2026-07-24 07:53:31,-0.41
2026-07-24 07:54:38,-0.28
2026-07-24 07:55:51,-0.38
2026-07-24 07:56:04,-0.29
2026-07-24 07:56:48,-0.35
2026-07-24 07:58:13,-0.25
2026-07-24 07:58:27,-0.30
2026-07-24 07:59:08,-0.39
2026-07-24 08:00:02,-0.38
2026-07-24 08:01:19,-0.28
2026-07-24 08:01:53,-0.36
2026-07-24 08:02:49,-0.25
2026-07-24 08:03:29,-0.35
2026-07-24 08:04:13,-0.27
2026-07-24 08:05:16,-0.38
2026-07-24 08:05:30,-0.26
2026-07-24 08:07:05,-0.36
2026-07-24 08:07:13,-0.25
2026-07-24 08:08:20,-0.28
2026-07-24 08:09:33,-0.40
2026-07-24 08:10:27,-0.38
2026-07-24 08:11:25,-0.23
2026-07-24 08:12:46,-0.36
2026-07-24 08:13:30,-0.24
2026-07-24 08:14:11,-0.35
2026-07-24 08:15:46,-0.37
2026-07-24 08:16:21,-0.23
2026-07-24 08:16:35,-0.35
2026-07-24 08:17:07,-0.17
2026-07-24 08:18:23,-0.34
2026-07-24 08:19:39,-0.15
2026-07-24 08:20:38,-0.39
2026-07-24 08:20:55,-0.17
2026-07-24 08:21:27,-0.20
2026-07-24 08:21:45,-0.31
2026-07-24 08:23:37,-0.33
2026-07-24 08:24:22,-0.20
2026-07-24 08:24:49,-0.36
2026-07-24 08:25:26,-0.18
2026-07-24 08:27:21,-0.31
2026-07-24 08:27:44,-0.19
2026-07-24 08:28:07,-0.35
2026-07-24 08:28:24,-0.19
2026-07-24 08:30:35,-0.35
2026-07-24 08:31:11,-0.19
2026-07-24 08:31:38,-0.17
2026-07-24 08:32:00,-0.34
2026-07-24 08:33:30,-0.29
2026-07-24 08:33:40,-0.10
2026-07-24 08:35:01,-0.14
2026-07-24 08:35:09,-0.30
2026-07-24 08:37:11,-0.09
2026-07-24 08:37:51,-0.34
2026-07-24 08:38:28,-0.11
2026-07-24 08:38:36,-0.32
2026-07-24 08:40:28,-0.17
2026-07-24 08:40:42,-0.28
2026-07-24 08:41:27,-0.17
2026-07-24 08:42:02,-0.33
2026-07-24 08:43:45,-0.12
2026-07-24 08:44:35,-0.20
2026-07-24 08:45:47,-0.30
2026-07-24 08:46:19,-0.14
2026-07-24 08:47:12,-0.29
2026-07-24 08:48:12,-0.13
2026-07-24 08:49:05,-0.31
2026-07-24 08:49:59,-0.09
2026-07-24 08:50:22,-0.30
2026-07-24 08:51:15,-0.25
2026-07-24 08:52:01,-0.13
2026-07-24 08:53:12,-0.12
2026-07-24 08:53:35,-0.28
2026-07-24 08:55:45,-0.27
2026-07-24 08:55:58,-0.10
2026-07-24 08:56:16,-0.12
2026-07-24 08:56:22,-0.28
2026-07-24 08:57:46,-0.07
2026-07-24 08:58:53,-0.24
2026-07-24 09:00:10,-0.10
2026-07-24 09:01:13,-0.09
2026-07-24 09:02:38,-0.27
2026-07-24 09:03:36,-0.28
2026-07-24 09:03:55,-0.10
2026-07-24 09:04:21,-0.26
2026-07-24 09:04:44,-0.06
2026-07-24 09:06:41,-0.21
2026-07-24 09:07:06,-0.04
2026-07-24 09:08:19,-0.07
2026-07-24 09:08:56,-0.24
2026-07-24 09:09:31,-0.06
2026-07-24 09:09:36,-0.21
2026-07-24 09:11:06,-0.09
2026-07-24 09:12:13,-0.19
2026-07-24 09:13:38,-0.22
2026-07-24 09:14:14,-0.04
2026-07-24 09:15:04,-0.21
2026-07-24 09:15:26,-0.03
2026-07-24 09:16:43,0.00
2026-07-24 09:17:23,-0.25
2026-07-24 09:17:54,-0.08
2026-07-24 09:18:33,-0.21
2026-07-24 09:19:37,-0.24
2026-07-24 09:19:47,-0.09
2026-07-24 09:21:08,-0.20
2026-07-24 09:22:10,-0.06
2026-07-24 09:23:40,-0.23
2026-07-24 09:24:07,-0.05
2026-07-24 09:25:01,-0.07
2026-07-24 09:25:05,-0.22
2026-07-24 09:26:45,0.02
2026-07-24 09:27:07,-0.21
2026-07-24 09:28:24,-0.03
2026-07-24 09:29:22,-0.05
2026-07-24 09:30:12,-0.22
2026-07-24 09:31:18,-0.05
2026-07-24 09:31:50,-0.28
2026-07-24 09:32:35,-0.02
2026-07-24 09:33:56,-0.18
2026-07-24 09:34:05,-0.06
2026-07-24 09:34:19,-0.17
2026-07-24 09:35:57,-0.07
2026-07-24 09:36:15,-0.16
2026-07-24 09:38:35,-0.17
2026-07-24 09:38:58,-0.01
2026-07-24 09:39:11,-0.18
2026-07-24 09:39:19,-0.02
2026-07-24 09:41:34,-0.21
2026-07-24 09:41:57,0.00
2026-07-24 09:42:19,0.03
2026-07-24 09:43:45,-0.21
2026-07-24 09:44:25,0.00
2026-07-24 09:45:32,-0.17
2026-07-24 09:46:13,0.12
2026-07-24 09:46:18,-0.14
2026-07-24 09:47:16,-0.34
2026-07-24 09:47:33,0.01
2026-07-24 09:50:16,-0.26
2026-07-24 09:50:25,0.06
2026-07-24 09:50:52,-0.23
2026-07-24 09:52:44,0.07
2026-07-24 09:53:06,-0.21
2026-07-24 09:54:23,0.12
2026-07-24 09:54:36,-0.26
2026-07-24 09:55:43,0.03
2026-07-24 09:56:44,-0.23
2026-07-24 09:57:45,0.05
2026-07-24 09:58:17,-0.31
2026-07-24 09:59:06,-0.11
2026-07-24 10:00:04,0.05
2026-07-24 10:00:59,-0.09
2026-07-24 10:01:03,0.07
2026-07-24 10:03:26,0.11
2026-07-24 10:03:30,-0.28
2026-07-24 10:03:48,-0.17
2026-07-24 10:04:23,0.19
2026-07-24 10:05:41,-0.17
2026-07-24 10:06:17,0.07
2026-07-24 10:07:07,0.09
2026-07-24 10:07:24,-0.14
2026-07-24 10:08:46,-0.15
2026-07-24 10:09:13,0.09
2026-07-24 10:10:47,0.03
2026-07-24 10:10:55,-0.12
2026-07-24 10:12:26,0.11
2026-07-24 10:13:06,-0.11
2026-07-24 10:14:05,-0.13
2026-07-24 10:14:54,0.06
2026-07-24 10:15:34,-0.11
2026-07-24 10:15:50,0.02
2026-07-24 10:17:13,-0.12
2026-07-24 10:18:21,0.05
2026-07-24 10:18:48,0.09
2026-07-24 10:19:09,-0.10
2026-07-24 10:20:27,0.04
2026-07-24 10:21:29,-0.14
2026-07-24 10:21:56,0.06
2026-07-24 10:22:01,-0.11
2026-07-24 10:24:02,0.15
2026-07-24 10:24:47,-0.17
2026-07-24 10:25:50,-0.16
2026-07-24 10:26:43,0.18
2026-07-24 10:26:56,-0.09
2026-07-24 10:28:05,0.04
2026-07-24 10:29:17,-0.14
2026-07-24 10:30:02,0.16
2026-07-24 10:30:59,0.10
2026-07-24 10:31:45,-0.13
2026-07-24 10:31:49,-0.12
2026-07-24 10:31:59,0.12
2026-07-24 10:33:46,0.09
2026-07-24 10:35:02,-0.20
2026-07-24 10:35:26,0.23
2026-07-24 10:35:39,-0.33
2026-07-24 10:37:35,-0.24
2026-07-24 10:37:53,0.16
2026-07-24 10:39:28,0.08
2026-07-24 10:39:42,-0.14
2026-07-24 10:40:35,0.17
2026-07-24 10:41:33,-0.13
2026-07-24 10:41:47,0.12
2026-07-24 10:42:27,-0.09
2026-07-24 10:44:16,-0.08
2026-07-24 10:44:42,0.13
2026-07-24 10:45:31,-0.13
2026-07-24 10:45:41,0.08
2026-07-24 10:47:11,-0.12
2026-07-24 10:48:13,0.16
2026-07-24 10:48:23,-0.15
2026-07-24 10:48:31,0.10
2026-07-24 10:50:42,-0.16
2026-07-24 10:50:46,0.16
2026-07-24 10:51:58,0.21
2026-07-24 10:52:38,-0.13
2026-07-24 10:53:28,0.12
2026-07-24 10:53:55,-0.10
2026-07-24 10:54:54,0.25
2026-07-24 10:56:18,-0.05
2026-07-24 10:57:03,0.54
2026-07-24 10:58:03,-0.17
2026-07-24 10:58:16,0.38
2026-07-24 10:59:05,-0.43
2026-07-24 11:00:30,0.23
2026-07-24 11:01:15,-0.17
2026-07-24 11:01:47,0.12
2026-07-24 11:01:56,-0.10
2026-07-24 11:03:21,-0.06
2026-07-24 11:04:28,0.12
2026-07-24 11:04:59,0.10
2026-07-24 11:06:17,-0.02
2026-07-24 11:06:30,0.12
2026-07-24 11:07:51,-0.03
2026-07-24 11:09:11,-0.10
2026-07-24 11:09:30,0.15
2026-07-24 11:10:01,0.37
2026-07-24 11:11:21,-0.02
2026-07-24 11:12:19,-0.14
2026-07-24 11:12:59,0.39
2026-07-24 11:14:17,-0.15
2026-07-24 11:14:39,0.09
2026-07-24 11:15:01,0.11
2026-07-24 11:15:37,-0.09
2026-07-24 11:16:26,-0.08
2026-07-24 11:16:45,0.13
2026-07-24 11:18:11,-0.06
2026-07-24 11:18:28,0.25
2026-07-24 11:19:26,0.08
2026-07-24 11:19:31,0.00
2026-07-24 11:19:35,-0.12
2026-07-24 11:20:33,0.20
2026-07-24 11:21:01,-0.30
2026-07-24 11:22:09,-0.18
2026-07-24 11:22:53,0.42
2026-07-24 11:23:38,0.48
2026-07-24 11:24:23,-0.26
2026-07-24 11:24:51,-0.16
2026-07-24 11:25:17,0.38
2026-07-24 11:26:20,-0.04
2026-07-24 11:26:29,0.27
2026-07-24 11:28:52,0.00
2026-07-24 11:29:15,0.24
2026-07-24 11:29:47,-0.09
2026-07-24 11:30:36,0.17
2026-07-24 11:31:12,0.18
2026-07-24 11:32:19,-0.08
2026-07-24 11:33:46,0.16
2026-07-24 11:34:07,-0.06
2026-07-24 11:35:19,-0.09
2026-07-24 11:35:28,0.20
2026-07-24 11:37:02,0.17
2026-07-24 11:37:06,-0.14
2026-07-24 11:38:46,-0.03
2026-07-24 11:39:17,0.22
2026-07-24 11:39:44,0.18
2026-07-24 11:39:59,-0.03
2026-07-24 11:41:41,-0.05
2026-07-24 11:41:54,0.22
2026-07-24 11:43:14,0.18
2026-07-24 11:43:33,0.02
2026-07-24 11:44:36,-0.03
2026-07-24 11:45:16,0.20
2026-07-24 11:46:20,-0.09
2026-07-24 11:47:37,0.23
2026-07-24 11:48:53,-0.04
2026-07-24 11:49:28,-0.11
2026-07-24 11:49:37,0.17
2026-07-24 11:51:39,-0.01
2026-07-24 11:52:14,0.23
2026-07-24 11:53:00,-0.02
2026-07-24 11:53:54,0.22
2026-07-24 11:54:38,0.20
2026-07-24 11:55:23,-0.02
2026-07-24 11:56:48,0.18
2026-07-24 11:57:07,0.02
2026-07-24 11:57:51,-0.02
2026-07-24 11:59:03,0.23
2026-07-24 11:59:34,0.22
2026-07-24 11:59:58,0.00
2026-07-24 12:01:44,0.01
2026-07-24 12:02:07,0.18
2026-07-24 12:03:14,0.19
2026-07-24 12:04:09,0.03
2026-07-24 12:05:02,0.26
2026-07-24 12:05:25,0.01
2026-07-24 12:07:21,0.22
2026-07-24 12:07:31,0.26
2026-07-24 12:07:40,0.02
2026-07-24 12:09:18,0.27
2026-07-24 12:10:31,-0.05
2026-07-24 12:11:11,0.04
2026-07-24 12:12:05,0.27
2026-07-24 12:12:59,0.00
2026-07-24 12:13:12,0.22
2026-07-24 12:14:25,-0.03
2026-07-24 12:15:01,0.27
2026-07-24 12:16:48,0.36
2026-07-24 12:16:52,-0.10
2026-07-24 12:17:42,0.32
2026-07-24 12:18:22,0.02
2026-07-24 12:19:56,0.26
2026-07-24 12:20:19,-0.01
2026-07-24 12:20:59,0.30
2026-07-24 12:21:22,0.05
2026-07-24 12:22:52,0.31
2026-07-24 12:23:49,0.01
2026-07-24 12:24:30,-0.02
2026-07-24 12:24:57,0.24
2026-07-24 12:26:36,-0.06
2026-07-24 12:27:43,0.25
2026-07-24 12:27:56,0.04
2026-07-24 12:29:04,0.03
2026-07-24 12:29:13,0.37
2026-07-24 12:31:23,0.31
2026-07-24 12:31:55,0.04
2026-07-24 12:33:03,0.33
2026-07-24 12:33:29,0.02
2026-07-24 12:35:13,0.25
2026-07-24 12:35:17,-0.03
2026-07-24 12:36:38,0.23
2026-07-24 12:36:43,0.00
2026-07-24 12:37:51,-0.02
2026-07-24 12:38:27,0.30
2026-07-24 12:39:52,-0.04
2026-07-24 12:40:18,0.27
2026-07-24 12:40:50,-0.05
2026-07-24 12:40:57,0.39
2026-07-24 12:42:47,0.07
2026-07-24 12:43:04,0.30
2026-07-24 12:44:35,0.35
2026-07-24 12:44:53,-0.14
2026-07-24 12:46:54,0.38
2026-07-24 12:47:03,-0.13
2026-07-24 12:47:11,0.70
2026-07-24 12:48:28,0.09
2026-07-24 12:49:00,0.29
2026-07-24 12:49:50,0.04
2026-07-24 12:51:46,-0.03
2026-07-24 12:51:59,0.33
2026-07-24 12:52:13,-0.12
2026-07-24 12:52:31,0.26
2026-07-24 12:53:57,0.25
2026-07-24 12:54:05,0.02
2026-07-24 12:55:26,0.31
2026-07-24 12:56:25,0.06
2026-07-24 12:58:08,0.36
2026-07-24 12:58:31,0.09
2026-07-24 12:58:39,0.15
2026-07-24 12:59:52,0.27
2026-07-24 13:00:18,0.30
2026-07-24 13:00:28,0.05
2026-07-24 13:02:46,0.26
2026-07-24 13:02:51,0.10
2026-07-24 13:03:59,0.31
2026-07-24 13:05:02,0.06
2026-07-24 13:05:52,0.09
2026-07-24 13:06:45,0.33
2026-07-24 13:07:58,0.08
2026-07-24 13:08:15,0.41
2026-07-24 13:08:33,0.36
2026-07-24 13:09:49,0.07
2026-07-24 13:10:43,0.13
2026-07-24 13:11:31,0.31
2026-07-24 13:11:55,0.05
2026-07-24 13:12:09,0.33
2026-07-24 13:14:37,0.42
2026-07-24 13:14:47,0.05
2026-07-24 13:15:49,0.40
2026-07-24 13:15:53,-0.01
2026-07-24 13:17:06,0.44
2026-07-24 13:18:22,0.08
2026-07-24 13:19:33,0.01
2026-07-24 13:19:56,0.54
2026-07-24 13:20:41,0.01
2026-07-24 13:21:44,0.43
2026-07-24 13:21:48,0.30
2026-07-24 13:22:21,0.07
2026-07-24 13:23:41,0.48
2026-07-24 13:23:55,0.01
2026-07-24 13:25:28,0.09
2026-07-24 13:26:36,0.42
2026-07-24 13:26:59,0.05
2026-07-24 13:27:03,0.39
2026-07-24 13:29:14,0.03
2026-07-24 13:30:08,0.00
2026-07-24 13:30:44,0.37
2026-07-24 13:32:49,0.06
2026-07-24 13:33:34,0.15
2026-07-24 13:34:33,0.38
2026-07-24 13:35:27,0.05
2026-07-24 13:36:21,0.30
2026-07-24 13:37:01,0.08
2026-07-24 13:37:14,0.35
2026-07-24 13:38:58,0.06
2026-07-24 13:39:29,0.45
2026-07-24 13:40:59,0.07
2026-07-24 13:41:44,0.37
2026-07-24 13:42:47,0.07
2026-07-24 13:43:50,0.08
2026-07-24 13:43:59,0.43
2026-07-24 13:45:37,0.40
2026-07-24 13:46:22,0.03
2026-07-24 13:46:54,0.02
2026-07-24 13:47:39,0.38
2026-07-24 13:48:19,0.30
2026-07-24 13:48:29,0.04
2026-07-24 13:50:21,0.12
2026-07-24 13:50:48,0.34
2026-07-24 13:52:30,0.41
2026-07-24 13:52:58,0.10
2026-07-24 13:53:33,0.37
2026-07-24 13:54:37,0.09
2026-07-24 13:55:04,0.33
2026-07-24 13:55:49,0.12
2026-07-24 13:56:48,0.31
2026-07-24 13:57:29,0.01
2026-07-24 13:58:54,0.11
2026-07-24 13:59:34,0.30
2026-07-24 13:59:43,0.14
2026-07-24 13:59:56,0.34
2026-07-24 14:01:53,0.12
2026-07-24 14:02:57,0.41
2026-07-24 14:03:05,0.38
2026-07-24 14:04:25,0.08
2026-07-24 14:04:48,0.16
2026-07-24 14:06:13,0.45
2026-07-24 14:07:21,0.35
2026-07-24 14:07:52,-0.01
2026-07-24 14:07:57,0.43
2026-07-24 14:09:10,-0.04
2026-07-24 14:10:25,0.69
2026-07-24 14:10:30,-0.08
2026-07-24 14:11:32,0.08
2026-07-24 14:12:12,0.54
2026-07-24 14:13:51,-0.05
2026-07-24 14:14:15,0.59
2026-07-24 14:15:08,0.00
2026-07-24 14:16:16,-0.04
2026-07-24 14:16:48,0.75
2026-07-24 14:18:45,0.12
2026-07-24 14:19:15,0.58
2026-07-24 14:19:33,-0.05
2026-07-24 14:20:06,0.44
2026-07-24 14:21:39,0.60
2026-07-24 14:22:25,0.11
2026-07-24 14:23:32,0.45
2026-07-24 14:23:45,0.14
2026-07-24 14:25:15,0.43
2026-07-24 14:27:20,0.53
2026-07-24 14:27:33,0.09
2026-07-24 14:27:47,0.14
2026-07-24 14:28:25,0.40
2026-07-24 14:30:20,0.41
2026-07-24 14:30:30,0.16
2026-07-24 14:31:06,0.21
2026-07-24 14:31:56,0.42
2026-07-24 14:32:49,0.12
2026-07-24 14:33:20,0.44
2026-07-24 14:34:50,0.05
2026-07-24 14:35:17,0.75
2026-07-24 14:36:43,0.46
2026-07-24 14:37:36,0.00
2026-07-24 14:38:13,-0.13
2026-07-24 14:38:48,0.57
2026-07-24 14:39:47,-0.19
2026-07-24 14:40:32,1.05
2026-07-24 14:41:03,-0.14
2026-07-24 14:41:07,0.58
2026-07-24 14:42:41,0.62
2026-07-24 14:43:36,0.05
2026-07-24 14:44:17,-0.03
2026-07-24 14:45:23,0.60
2026-07-24 14:46:27,0.69
2026-07-24 14:47:12,-0.02
2026-07-24 14:48:37,0.11
2026-07-24 14:48:54,0.47
2026-07-24 14:49:53,-0.24
2026-07-24 14:50:38,1.13
2026-07-24 14:51:36,1.18
2026-07-24 14:51:46,-0.15
2026-07-24 14:52:31,0.50
2026-07-24 14:52:57,-0.13
2026-07-24 14:54:22,0.64
2026-07-24 14:54:59,0.06
2026-07-24 14:55:48,0.83
2026-07-24 14:56:24,-0.06
2026-07-24 14:58:03,-0.13
2026-07-24 14:58:34,0.71
2026-07-24 14:59:06,0.55
2026-07-24 14:59:28,-0.06
2026-07-24 15:02:01,0.41
2026-07-24 15:02:10,0.09
2026-07-24 15:03:04,0.14
2026-07-24 15:03:31,0.41
2026-07-24 15:05:22,0.73
2026-07-24 15:05:36,-0.07
2026-07-24 15:05:58,0.08
2026-07-24 15:06:05,0.77
2026-07-24 15:08:00,0.63
2026-07-24 15:08:55,0.08
2026-07-24 15:10:01,0.70
2026-07-24 15:10:20,-0.10
2026-07-24 15:10:51,0.08
2026-07-24 15:11:41,0.67
2026-07-24 15:13:23,0.47
2026-07-24 15:13:45,0.11
2026-07-24 15:14:14,0.06
2026-07-24 15:15:12,0.54
2026-07-24 15:16:01,0.05
2026-07-24 15:16:59,0.57
2026-07-24 15:18:39,-0.08
2026-07-24 15:18:52,0.73
2026-07-24 15:19:01,-0.25
2026-07-24 15:19:23,0.57
2026-07-24 15:20:44,0.05
2026-07-24 15:21:06,0.77
2026-07-24 15:22:42,0.73
2026-07-24 15:23:16,0.04
2026-07-24 15:23:52,0.14
2026-07-24 15:25:12,0.44
2026-07-24 15:26:26,0.14
2026-07-24 15:27:06,0.52
2026-07-24 15:27:50,0.16
2026-07-24 15:27:55,0.43
2026-07-24 15:29:48,0.38
2026-07-24 15:30:06,0.14
2026-07-24 15:30:37,0.82
2026-07-24 15:31:53,-0.30
2026-07-24 15:32:11,0.51
2026-07-24 15:32:16,0.03
2026-07-24 15:34:04,0.65
2026-07-24 15:34:13,0.06
2026-07-24 15:36:50,0.22
2026-07-24 15:36:59,0.43
2026-07-24 15:37:13,0.22
2026-07-24 15:38:34,0.54
2026-07-24 15:38:56,0.42
2026-07-24 15:40:03,0.15
2026-07-24 15:40:49,0.18
2026-07-24 15:41:16,0.39
2026-07-24 15:43:11,0.44
2026-07-24 15:43:17,0.21
2026-07-24 15:45:09,0.49
2026-07-24 15:45:13,0.12
2026-07-24 15:45:36,0.48
2026-07-24 15:45:53,0.16
2026-07-24 15:47:18,0.19
2026-07-24 15:47:54,0.53
2026-07-24 15:49:03,0.14
2026-07-24 15:49:56,0.38
2026-07-24 15:50:41,0.22
2026-07-24 15:50:55,0.41
2026-07-24 15:52:17,0.17
2026-07-24 15:53:18,0.44
2026-07-24 15:53:59,0.22
2026-07-24 15:54:08,0.44
2026-07-24 15:55:24,0.35
2026-07-24 15:56:41,0.13
2026-07-24 15:57:52,0.48
2026-07-24 15:58:15,0.13
2026-07-24 15:58:59,0.48
2026-07-24 15:59:50,0.17
2026-07-24 16:00:17,0.20
2026-07-24 16:01:11,0.52
2026-07-24 16:01:59,0.22
2026-07-24 16:02:32,0.44
2026-07-24 16:03:38,0.14
2026-07-24 16:03:43,0.44
2026-07-24 16:05:35,0.45
2026-07-24 16:05:52,0.19
2026-07-24 16:07:50,0.21
2026-07-24 16:08:04,0.47
2026-07-24 16:08:26,0.43
2026-07-24 16:09:19,0.11
2026-07-24 16:10:14,0.22
2026-07-24 16:10:54,0.55
2026-07-24 16:11:48,0.16
2026-07-24 16:11:57,0.41
2026-07-24 16:14:21,0.08
2026-07-24 16:14:34,0.83
2026-07-24 16:15:06,0.47
2026-07-24 16:16:13,0.10
2026-07-24 16:16:59,0.16
2026-07-24 16:17:07,0.45
2026-07-24 16:18:51,0.34
2026-07-24 16:19:18,0.22
2026-07-24 16:20:56,-0.20
2026-07-24 16:21:10,0.65
2026-07-24 16:21:40,0.51
2026-07-24 16:22:03,0.04
2026-07-24 16:24:10,0.62
2026-07-24 16:24:50,-0.02
2026-07-24 16:24:54,0.60
2026-07-24 16:25:21,0.17
2026-07-24 16:27:13,0.20
2026-07-24 16:27:50,0.66
2026-07-24 16:28:53,0.05
2026-07-24 16:29:34,0.48
2026-07-24 16:31:17,0.25
2026-07-24 16:31:21,0.52
2026-07-24 16:32:41,0.19
2026-07-24 16:33:00,0.56
2026-07-24 16:33:22,0.46
2026-07-24 16:34:39,0.27
2026-07-24 16:35:34,0.56
2026-07-24 16:36:08,0.22
2026-07-24 16:37:11,0.51
2026-07-24 16:37:35,0.23
2026-07-24 16:38:06,0.22
2026-07-24 16:38:20,0.43
2026-07-24 16:40:51,0.25
2026-07-24 16:41:28,0.23
2026-07-24 16:41:55,0.47
2026-07-24 16:43:20,0.43
2026-07-24 16:44:32,0.25
2026-07-24 16:44:49,0.41
2026-07-24 16:46:20,0.22
2026-07-24 16:46:47,0.21
2026-07-24 16:47:59,0.49
2026-07-24 16:48:56,0.15
2026-07-24 16:49:13,0.45
2026-07-24 16:50:09,0.25
2026-07-24 16:50:45,0.42
2026-07-24 16:51:35,0.21
2026-07-24 16:52:19,0.38
2026-07-24 16:53:18,0.40
2026-07-24 16:53:36,0.30
2026-07-24 16:55:55,0.17
2026-07-24 16:56:13,0.40
2026-07-24 16:56:22,0.26
2026-07-24 16:57:52,0.38
2026-07-24 16:58:36,0.42
2026-07-24 16:58:55,0.22
2026-07-24 17:00:24,0.42
2026-07-24 17:01:10,0.22
2026-07-24 17:02:22,0.41
2026-07-24 17:02:30,0.23
2026-07-24 17:03:11,0.17
2026-07-24 17:04:04,0.45
2026-07-24 17:04:30,0.41
2026-07-24 17:05:30,0.19
2026-07-24 17:06:37,0.20
2026-07-24 17:07:44,0.44
2026-07-24 17:08:03,0.15
2026-07-24 17:08:07,0.42
2026-07-24 17:09:42,0.50
2026-07-24 17:10:04,0.19
2026-07-24 17:11:11,0.16
2026-07-24 17:11:43,0.56
2026-07-24 17:13:23,0.13
2026-07-24 17:13:27,0.47
2026-07-24 17:14:47,0.16
2026-07-24 17:15:24,0.45
2026-07-24 17:17:03,0.15
2026-07-24 17:18:04,0.45
2026-07-24 17:19:17,0.19
2026-07-24 17:19:21,0.17
2026-07-24 17:19:35,0.39
2026-07-24 17:22:07,0.10
2026-07-24 17:22:25,0.45
2026-07-24 17:23:19,0.49
2026-07-24 17:23:24,0.22
2026-07-24 17:24:49,0.19
2026-07-24 17:24:57,0.39
2026-07-24 17:26:54,0.45
2026-07-24 17:27:31,0.21
2026-07-24 17:28:30,0.46
2026-07-24 17:28:34,0.18
2026-07-24 17:30:12,0.37
2026-07-24 17:30:21,0.22
2026-07-24 17:31:34,0.38
2026-07-24 17:32:05,0.23
2026-07-24 17:32:41,0.34
2026-07-24 17:33:44,0.20
2026-07-24 17:34:46,0.36
2026-07-24 17:35:02,0.20
2026-07-24 17:36:12,0.40
2026-07-24 17:37:10,0.23
2026-07-24 17:37:38,0.20
2026-07-24 17:37:55,0.34
2026-07-24 17:40:19,0.23
2026-07-24 17:40:41,0.37
2026-07-24 17:41:18,0.18
2026-07-24 17:42:20,0.46
2026-07-24 17:42:52,0.37
2026-07-24 17:43:06,0.22
2026-07-24 17:45:33,0.39
2026-07-24 17:45:43,0.17
2026-07-24 17:46:09,0.39
2026-07-24 17:47:45,0.35
2026-07-24 17:48:06,0.23
2026-07-24 17:50:19,0.33
2026-07-24 17:51:16,0.25
2026-07-24 17:51:25,0.34
2026-07-24 17:52:26,0.21
2026-07-24 17:53:57,0.33
2026-07-24 17:55:13,0.32
2026-07-24 17:55:36,0.24
2026-07-24 17:55:40,0.34
2026-07-24 17:56:20,0.22
2026-07-24 17:58:46,0.35
2026-07-24 17:59:56,0.33
2026-07-24 18:00:14,0.18
2026-07-24 18:01:31,0.32
2026-07-24 18:01:35,0.23
2026-07-24 18:02:30,0.32
2026-07-24 18:02:34,0.20
2026-07-24 18:04:13,0.21
2026-07-24 18:05:02,0.30
2026-07-24 18:05:47,0.20
2026-07-24 18:06:19,0.33
2026-07-24 18:07:17,0.21
2026-07-24 18:08:42,0.34
2026-07-24 18:09:54,0.40
2026-07-24 18:09:59,0.22
2026-07-24 18:10:31,0.36
2026-07-24 18:12:08,0.19
2026-07-24 18:12:22,0.33
2026-07-24 18:12:36,0.21
2026-07-24 18:14:01,0.34
2026-07-24 18:14:51,0.17
2026-07-24 18:16:11,0.22
2026-07-24 18:16:38,0.31
2026-07-24 18:18:31,0.21
2026-07-24 18:18:35,0.35
2026-07-24 18:18:45,0.30
2026-07-24 18:18:49,0.18
2026-07-24 18:21:21,0.32
2026-07-24 18:21:57,0.19
2026-07-24 18:22:15,0.36
2026-07-24 18:22:42,0.14
2026-07-24 18:23:49,0.33
2026-07-24 18:23:58,0.20
2026-07-24 18:25:42,0.22
2026-07-24 18:26:18,0.30
2026-07-24 18:27:12,0.22
2026-07-24 18:27:48,0.33
2026-07-24 18:29:31,0.31
2026-07-24 18:29:49,0.19
2026-07-24 18:31:55,0.32
2026-07-24 18:32:20,0.31
2026-07-24 18:32:54,0.22
2026-07-24 18:33:56,0.15
2026-07-24 18:34:19,0.33
2026-07-24 18:36:39,0.20
2026-07-24 18:37:01,0.19
2026-07-24 18:37:45,0.29
2026-07-24 18:38:36,0.30
2026-07-24 18:38:40,0.19
2026-07-24 18:40:59,0.18
2026-07-24 18:41:39,0.29
2026-07-24 18:42:11,0.31
2026-07-24 18:42:47,0.18
2026-07-24 18:44:13,0.19
2026-07-24 18:44:35,0.43
2026-07-24 18:45:56,0.34
2026-07-24 18:46:23,0.19
2026-07-24 18:47:20,0.16
2026-07-24 18:48:02,0.30
2026-07-24 18:49:22,0.40
2026-07-24 18:49:58,0.17
2026-07-24 18:50:07,0.16
2026-07-24 18:51:18,0.31
2026-07-24 18:52:13,0.19
2026-07-24 18:52:44,0.31
2026-07-24 18:54:28,0.29
2026-07-24 18:54:54,0.16
2026-07-24 18:55:40,0.29
2026-07-24 18:55:54,0.18
2026-07-24 18:56:43,0.32
2026-07-24 18:57:18,0.16
2026-07-24 18:58:48,0.19
2026-07-24 18:59:24,0.29
2026-07-24 19:00:54,0.31
2026-07-24 19:01:17,0.18
2026-07-24 19:02:15,0.13
2026-07-24 19:03:09,0.31
2026-07-24 19:04:48,0.19
2026-07-24 19:05:24,0.20
2026-07-24 19:05:46,0.36
2026-07-24 19:07:25,0.33
2026-07-24 19:08:05,0.17
2026-07-24 19:09:04,0.28
2026-07-24 19:09:08,0.13
2026-07-24 19:11:01,0.08
2026-07-24 19:11:28,0.30
2026-07-24 19:11:38,0.22
2026-07-24 19:12:44,0.37
2026-07-24 19:14:00,0.19
2026-07-24 19:14:50,0.37
2026-07-24 19:15:04,0.31
2026-07-24 19:16:02,0.16
2026-07-24 19:16:51,0.28
2026-07-24 19:17:59,0.09
2026-07-24 19:18:21,0.15
2026-07-24 19:18:31,0.33
2026-07-24 19:20:45,0.19
2026-07-24 19:22:24,0.34
2026-07-24 19:22:51,0.17
2026-07-24 19:24:03,0.15
2026-07-24 19:24:25,0.28
2026-07-24 19:24:47,0.29
2026-07-24 19:25:06,0.18
2026-07-24 19:27:12,0.14
2026-07-24 19:27:16,0.30
2026-07-24 19:28:06,0.18
2026-07-24 19:29:21,0.37
2026-07-24 19:30:02,0.18
2026-07-24 19:31:10,0.30
2026-07-24 19:31:23,0.33
2026-07-24 19:32:39,0.17
2026-07-24 19:33:01,0.27
2026-07-24 19:33:20,0.13
2026-07-24 19:34:54,0.29
2026-07-24 19:35:30,0.18
2026-07-24 19:36:24,0.31
2026-07-24 19:37:04,0.14
2026-07-24 19:37:59,0.13
2026-07-24 19:38:47,0.31
2026-07-24 19:40:08,0.18
2026-07-24 19:40:48,0.32
2026-07-24 19:41:43,0.29
2026-07-24 19:42:46,0.16
2026-07-24 19:43:27,0.29
2026-07-24 19:44:24,0.13
2026-07-24 19:45:06,0.30
2026-07-24 19:45:20,0.15
2026-07-24 19:46:26,0.16
2026-07-24 19:47:02,0.32
2026-07-24 19:47:51,0.29
2026-07-24 19:48:22,0.11
2026-07-24 19:50:33,0.30
2026-07-24 19:51:05,0.12
2026-07-24 19:51:36,0.07
2026-07-24 19:51:49,0.27
2026-07-24 19:53:38,0.12
2026-07-24 19:53:47,0.29
2026-07-24 19:55:52,0.32
2026-07-24 19:56:01,0.11
2026-07-24 19:56:51,0.08
2026-07-24 19:57:09,0.30
2026-07-24 19:57:49,0.34
2026-07-24 19:58:52,0.07
2026-07-24 19:59:42,0.04
2026-07-24 20:00:03,0.39
2026-07-24 20:01:29,0.31
2026-07-24 20:02:01,0.04
2026-07-24 20:04:00,0.35
2026-07-24 20:04:15,0.14
2026-07-24 20:04:56,0.25
2026-07-24 20:05:19,0.07
2026-07-24 20:06:16,0.12
2026-07-24 20:06:43,0.26
2026-07-24 20:07:42,0.08
2026-07-24 20:08:09,0.25
2026-07-24 20:09:43,0.08
2026-07-24 20:10:06,0.31
2026-07-24 20:11:04,0.28
2026-07-24 20:11:22,0.04
2026-07-24 20:13:23,0.08
2026-07-24 20:13:37,0.25
2026-07-24 20:14:30,0.29
2026-07-24 20:14:39,0.12
2026-07-24 20:16:23,0.09
2026-07-24 20:16:41,0.29
2026-07-24 20:18:02,0.26
2026-07-24 20:18:33,0.11
2026-07-24 20:19:50,0.12
2026-07-24 20:19:59,0.28
2026-07-24 20:21:19,0.10
2026-07-24 20:21:43,0.37
2026-07-24 20:22:53,0.30
2026-07-24 20:23:30,0.07
2026-07-24 20:25:03,0.30
2026-07-24 20:25:40,0.12
2026-07-24 20:25:49,0.30
2026-07-24 20:27:19,0.01
2026-07-24 20:27:56,0.08
2026-07-24 20:28:30,0.28
2026-07-24 20:29:06,0.07
2026-07-24 20:29:20,0.28
2026-07-24 20:32:07,0.02
2026-07-24 20:32:20,0.31
2026-07-24 20:32:29,0.30
2026-07-24 20:33:58,0.05
2026-07-24 20:34:08,0.29
2026-07-24 20:34:21,0.07
2026-07-24 20:36:04,0.03
2026-07-24 20:36:36,0.23
2026-07-24 20:37:43,-0.03
2026-07-24 20:37:47,0.28
2026-07-24 20:39:40,0.03
2026-07-24 20:40:03,0.30
2026-07-24 20:40:43,0.07
2026-07-24 20:40:57,0.31
2026-07-24 20:43:03,0.11
2026-07-24 20:44:01,0.32
2026-07-24 20:44:58,0.08
2026-07-24 20:46:11,0.24
2026-07-24 20:46:30,0.05
2026-07-24 20:47:18,0.04
2026-07-24 20:48:44,0.26
2026-07-24 20:49:19,0.25
2026-07-24 20:49:37,0.06
2026-07-24 20:50:54,0.07
2026-07-24 20:51:58,0.30
2026-07-24 20:52:51,0.08
2026-07-24 20:53:04,0.28
2026-07-24 20:54:38,0.04
2026-07-24 20:54:57,0.31
2026-07-24 20:55:42,0.04
2026-07-24 20:56:18,0.23
2026-07-24 20:57:15,0.25
2026-07-24 20:57:52,0.01
2026-07-24 21:00:12,0.28
2026-07-24 21:01:42,0.01
2026-07-24 21:01:59,0.22
2026-07-24 21:02:31,0.01
2026-07-24 21:02:35,0.25
2026-07-24 21:03:52,0.22
2026-07-24 21:05:18,0.06
2026-07-24 21:05:31,0.29
2026-07-24 21:06:15,0.03
2026-07-24 21:08:20,0.22
2026-07-24 21:08:34,0.05
2026-07-24 21:09:20,0.20
2026-07-24 21:10:18,0.06
2026-07-24 21:10:22,0.22
2026-07-24 21:10:32,0.08
2026-07-24 21:12:37,0.21
2026-07-24 21:13:00,0.08
2026-07-24 21:14:03,0.21
2026-07-24 21:14:33,-0.03
2026-07-24 21:15:28,0.26
2026-07-24 21:16:08,0.04
2026-07-24 21:16:59,0.08
2026-07-24 21:18:28,0.21
2026-07-24 21:19:00,0.01
2026-07-24 21:20:53,0.03
2026-07-24 21:20:57,0.23
2026-07-24 21:22:18,0.03
2026-07-24 21:22:35,0.18
2026-07-24 21:24:33,0.04
2026-07-24 21:25:08,0.20
2026-07-24 21:26:11,-0.02
2026-07-24 21:27:45,0.01
2026-07-24 21:28:21,0.25
2026-07-24 21:29:47,0.27
2026-07-24 21:29:51,0.03
2026-07-24 21:30:22,0.18
2026-07-24 21:31:16,0.03
2026-07-24 21:32:38,0.20
2026-07-24 21:33:04,-0.02
2026-07-24 21:34:03,0.17
2026-07-24 21:34:29,0.00
2026-07-24 21:36:05,0.03
2026-07-24 21:36:31,0.16
2026-07-24 21:36:45,0.03
2026-07-24 21:37:11,0.18
2026-07-24 21:38:32,0.04
2026-07-24 21:38:42,0.18
2026-07-24 21:40:08,0.15
2026-07-24 21:41:14,0.00
2026-07-24 21:41:55,0.04
2026-07-24 21:42:13,0.14
2026-07-24 21:44:36,0.04
2026-07-24 21:44:59,0.17
2026-07-24 21:45:12,0.04
2026-07-24 21:46:20,0.20
2026-07-24 21:47:23,0.14
2026-07-24 21:47:50,-0.01
2026-07-24 21:48:48,0.18
2026-07-24 21:50:31,0.01
2026-07-24 21:50:49,0.15
2026-07-24 21:51:49,0.03
2026-07-24 21:52:46,0.16
2026-07-24 21:53:50,0.15
2026-07-24 21:54:03,0.01
2026-07-24 21:55:20,0.03
2026-07-24 21:56:00,0.19
2026-07-24 21:57:51,0.23
2026-07-24 21:58:01,0.04
2026-07-24 21:58:27,0.14
2026-07-24 21:59:09,0.04
2026-07-24 22:00:07,0.05
2026-07-24 22:01:05,0.12
2026-07-24 22:01:32,0.00
2026-07-24 22:02:35,0.16
2026-07-24 22:03:51,0.00
2026-07-24 22:04:00,0.15
2026-07-24 22:04:18,0.09
2026-07-24 22:04:23,0.11
2026-07-24 22:04:27,0.08
2026-07-24 22:04:36,0.04
2026-07-24 22:05:07,0.12
2026-07-24 22:05:52,0.03
2026-07-24 22:06:37,0.00
2026-07-24 22:07:37,0.12
2026-07-24 22:09:14,0.00
2026-07-24 22:09:19,0.14
2026-07-24 22:09:46,0.16
2026-07-24 22:10:27,-0.02
2026-07-24 22:12:45,0.01
2026-07-24 22:12:58,0.14
2026-07-24 22:13:26,0.15
2026-07-24 22:14:03,0.02
2026-07-24 22:15:00,0.13
2026-07-24 22:15:51,-0.04
2026-07-24 22:16:44,0.15
2026-07-24 22:17:33,-0.01
2026-07-24 22:18:58,0.13
2026-07-24 22:19:11,0.00
2026-07-24 22:19:39,-0.06
2026-07-24 22:20:46,0.22
2026-07-24 22:21:37,0.13
2026-07-24 22:22:17,-0.05
2026-07-24 22:22:57,0.18
2026-07-24 22:24:22,-0.14
2026-07-24 22:24:49,0.19
2026-07-24 22:25:39,-0.06
2026-07-24 22:26:32,-0.15
2026-07-24 22:26:41,0.18
2026-07-24 22:28:02,-0.03
2026-07-24 22:28:06,0.19
2026-07-24 22:31:06,-0.04
2026-07-24 22:31:43,-0.05
2026-07-24 22:32:40,0.15
2026-07-24 22:33:04,0.17
2026-07-24 22:34:02,-0.02
2026-07-24 22:34:51,0.00
2026-07-24 22:35:23,0.15
2026-07-24 22:36:12,0.14
2026-07-24 22:36:39,-0.02
2026-07-24 22:38:40,0.17
2026-07-24 22:39:12,-0.05
2026-07-24 22:39:53,-0.06
2026-07-24 22:40:10,0.13
2026-07-24 22:41:36,-0.04
2026-07-24 22:42:29,0.12
2026-07-24 22:42:57,-0.01
2026-07-24 22:43:33,0.12
2026-07-24 22:45:39,0.13
2026-07-24 22:45:47,-0.01
2026-07-24 22:46:23,0.14
2026-07-24 22:46:54,-0.01
2026-07-24 22:48:52,0.14
2026-07-24 22:50:30,-0.02
2026-07-24 22:50:34,0.15
2026-07-24 22:51:34,-0.04
2026-07-24 22:52:23,0.19
2026-07-24 22:53:17,0.11
2026-07-24 22:53:21,-0.01
2026-07-24 22:54:41,0.13
2026-07-24 22:55:18,-0.03
2026-07-24 22:56:03,0.10
2026-07-24 22:57:11,-0.03
2026-07-24 22:57:41,-0.01
2026-07-24 22:58:04,0.11
2026-07-24 23:00:06,-0.02
2026-07-24 23:00:19,0.10
2026-07-24 23:01:18,0.15
2026-07-24 23:01:31,-0.02
2026-07-24 23:03:19,0.13
2026-07-24 23:03:23,0.01
2026-07-24 23:04:40,-0.02
2026-07-24 23:05:25,0.11
2026-07-24 23:06:09,0.00
2026-07-24 23:06:18,0.15
2026-07-24 23:07:57,0.13
2026-07-24 23:08:37,0.00
2026-07-24 23:09:28,-0.02
2026-07-24 23:10:43,0.12
2026-07-24 23:10:48,0.11
2026-07-24 23:12:18,0.01
2026-07-24 23:12:49,0.14
2026-07-24 23:13:39,0.01
2026-07-24 23:14:41,0.11
2026-07-24 23:15:22,-0.02
2026-07-24 23:15:49,-0.01
2026-07-24 23:16:56,0.12
2026-07-24 23:17:32,-0.02
2026-07-24 23:17:42,0.12
2026-07-24 23:19:56,0.11
2026-07-24 23:20:05,0.02
2026-07-24 23:20:55,0.03
2026-07-24 23:22:02,0.14
2026-07-24 23:22:29,-0.03
2026-07-24 23:22:48,0.08
2026-07-24 23:25:06,-0.01
2026-07-24 23:25:37,0.10
2026-07-24 23:26:36,0.14
2026-07-24 23:27:08,-0.02
2026-07-24 23:28:47,0.12
2026-07-24 23:29:04,0.01
2026-07-24 23:29:40,0.10
2026-07-24 23:31:23,-0.07
2026-07-24 23:32:40,-0.01
2026-07-24 23:32:58,0.10
2026-07-24 23:34:10,-0.03
2026-07-24 23:35:17,0.11
2026-07-24 23:36:07,0.10
2026-07-24 23:36:38,-0.02
2026-07-24 23:37:14,0.02
2026-07-24 23:37:23,0.12
2026-07-24 23:38:53,-0.03
2026-07-24 23:40:18,0.11
2026-07-24 23:41:34,-0.01
2026-07-24 23:42:47,0.11
2026-07-24 23:43:04,0.00
2026-07-24 23:43:59,-0.02
2026-07-24 23:44:31,0.10
2026-07-24 23:46:31,0.13
2026-07-24 23:46:41,-0.06
2026-07-24 23:48:10,0.13
2026-07-24 23:48:32,0.00
2026-07-24 23:49:27,0.12
2026-07-24 23:50:21,-0.02
2026-07-24 23:50:52,0.12
2026-07-24 23:51:28,-0.02
2026-07-24 23:52:18,0.11
2026-07-24 23:52:39,-0.01
2026-07-24 23:54:37,0.13
2026-07-24 23:55:21,0.09
2026-07-24 23:56:29,-0.04
2026-07-24 23:58:26,0.09
2026-07-24 23:58:58,-0.03
2026-07-25 00:00:00,0.09
2026-07-25 00:00:40,-0.05
2026-07-25 00:01:12,0.09
2026-07-25 00:02:11,-0.03
2026-07-25 00:03:22,0.11
2026-07-25 00:03:40,-0.04
2026-07-25 00:04:57,0.11
2026-07-25 00:06:05,0.09
2026-07-25 00:06:13,-0.06
2026-07-25 00:07:16,-0.05
2026-07-25 00:08:10,0.11
2026-07-25 00:08:51,0.09
2026-07-25 00:09:59,-0.09
2026-07-25 00:11:28,0.06
2026-07-25 00:11:50,-0.04
2026-07-25 00:12:31,-0.06
2026-07-25 00:12:35,0.08
2026-07-25 00:14:00,-0.04
2026-07-25 00:14:59,0.09
2026-07-25 00:15:31,-0.04
2026-07-25 00:16:16,0.07
2026-07-25 00:17:00,0.10
2026-07-25 00:17:59,-0.08
2026-07-25 00:19:11,0.09
2026-07-25 00:20:00,-0.05
2026-07-25 00:20:09,0.11
2026-07-25 00:20:41,-0.07
2026-07-25 00:21:57,-0.03
2026-07-25 00:22:28,0.09
2026-07-25 00:23:27,-0.05
2026-07-25 00:24:43,0.06
2026-07-25 00:26:08,0.07
2026-07-25 00:26:21,-0.07
2026-07-25 00:27:02,0.07
2026-07-25 00:29:54,-0.09
2026-07-25 00:29:58,0.08
2026-07-25 00:30:47,-0.11
2026-07-25 00:31:37,0.17
2026-07-25 00:32:31,-0.10
2026-07-25 00:32:35,0.05
2026-07-25 00:33:34,0.11
2026-07-25 00:34:54,-0.07
2026-07-25 00:35:21,-0.08
2026-07-25 00:35:57,0.10
2026-07-25 00:36:47,0.07
2026-07-25 00:38:12,-0.10
2026-07-25 00:39:07,0.06
2026-07-25 00:39:11,-0.05
2026-07-25 00:40:14,-0.12
2026-07-25 00:40:31,0.08
2026-07-25 00:41:39,-0.15
2026-07-25 00:42:15,0.08
2026-07-25 00:43:45,-0.12
2026-07-25 00:44:07,0.08
2026-07-25 00:44:51,0.07
2026-07-25 00:45:01,-0.06
2026-07-25 00:46:30,0.07
2026-07-25 00:47:12,-0.07
2026-07-25 00:48:14,-0.06
2026-07-25 00:49:13,0.08
2026-07-25 00:50:15,-0.06
2026-07-25 00:51:09,0.12
2026-07-25 00:52:48,-0.11
2026-07-25 00:52:57,0.10
2026-07-25 00:54:04,-0.05
2026-07-25 00:54:41,0.08
2026-07-25 00:54:50,0.07
2026-07-25 00:55:08,-0.06
2026-07-25 00:56:50,-0.02
2026-07-25 00:56:59,0.12
2026-07-25 00:59:10,0.09
2026-07-25 00:59:33,-0.06
2026-07-25 01:00:13,-0.08
2026-07-25 01:00:30,0.08
2026-07-25 01:02:50,-0.12
2026-07-25 01:03:40,0.05
2026-07-25 01:04:02,-0.10
2026-07-25 01:04:42,-0.05
2026-07-25 01:04:51,0.09
2026-07-25 01:07:16,-0.06
2026-07-25 01:07:29,0.07
2026-07-25 01:09:04,-0.07
2026-07-25 01:09:12,0.06
2026-07-25 01:10:10,-0.08
2026-07-25 01:10:19,0.10
2026-07-25 01:11:18,-0.05
2026-07-25 01:11:23,0.05
2026-07-25 01:12:57,0.02
2026-07-25 01:14:00,-0.11
2026-07-25 01:15:21,0.02
2026-07-25 01:15:57,-0.14
2026-07-25 01:16:27,-0.01
2026-07-25 01:16:32,-0.11
2026-07-25 01:18:03,-0.15
2026-07-25 01:18:30,0.03
2026-07-25 01:19:32,-0.10
2026-07-25 01:20:35,0.06
2026-07-25 01:22:10,-0.09
2026-07-25 01:22:37,0.04
2026-07-25 01:22:59,0.05
2026-07-25 01:23:48,-0.11
2026-07-25 01:25:01,-0.13
2026-07-25 01:25:10,0.01
2026-07-25 01:26:31,-0.09
2026-07-25 01:27:42,0.01
2026-07-25 01:29:12,-0.12
2026-07-25 01:29:17,0.04
2026-07-25 01:29:38,0.02
2026-07-25 01:30:25,-0.11
2026-07-25 01:31:31,-0.10
2026-07-25 01:32:20,0.04
2026-07-25 01:32:44,0.08
2026-07-25 01:33:24,-0.14
2026-07-25 01:35:33,-0.13
2026-07-25 01:35:38,0.04
2026-07-25 01:36:16,-0.16
2026-07-25 01:37:04,0.02
2026-07-25 01:37:48,-0.21
2026-07-25 01:37:53,0.01
2026-07-25 01:39:50,-0.15
2026-07-25 01:40:18,0.04
2026-07-25 01:41:02,-0.09
2026-07-25 01:41:06,0.02
2026-07-25 01:42:50,-0.18
2026-07-25 01:43:20,0.03
2026-07-25 01:44:25,0.04
2026-07-25 01:44:33,-0.14
2026-07-25 01:45:59,0.02
2026-07-25 01:46:17,-0.19
2026-07-25 01:47:44,-0.18
2026-07-25 01:48:49,-0.01
2026-07-25 01:49:21,0.04
2026-07-25 01:50:41,-0.19
2026-07-25 01:51:00,0.08
2026-07-25 01:51:54,-0.13
2026-07-25 01:52:56,-0.12
2026-07-25 01:53:19,0.07
2026-07-25 01:54:35,-0.12
2026-07-25 01:55:15,0.02
2026-07-25 01:55:53,-0.14
2026-07-25 01:56:23,0.05
2026-07-25 01:58:20,-0.17
2026-07-25 01:59:04,0.06
2026-07-25 02:00:08,-0.13
2026-07-25 02:00:44,0.10
2026-07-25 02:00:48,0.04
2026-07-25 02:01:47,-0.16
2026-07-25 02:02:27,0.08
2026-07-25 02:03:53,-0.17
2026-07-25 02:05:13,-0.19
2026-07-25 02:05:18,0.03
2026-07-25 02:06:02,-0.01
2026-07-25 02:07:11,-0.13
2026-07-25 02:07:34,0.01
2026-07-25 02:08:35,-0.14
2026-07-25 02:09:21,-0.15
2026-07-25 02:09:48,0.01
2026-07-25 02:11:00,-0.14
2026-07-25 02:11:14,0.02
2026-07-25 02:12:47,-0.10
2026-07-25 02:12:56,0.07
2026-07-25 02:14:03,-0.03
2026-07-25 02:14:58,-0.20
2026-07-25 02:16:28,-0.01
2026-07-25 02:16:54,-0.17
2026-07-25 02:18:02,-0.18
2026-07-25 02:18:42,0.00
2026-07-25 02:19:01,-0.04
2026-07-25 02:19:28,-0.17
2026-07-25 02:20:35,0.01
2026-07-25 02:21:06,-0.16
2026-07-25 02:22:45,-0.18
2026-07-25 02:23:30,0.01
2026-07-25 02:23:52,-0.16
2026-07-25 02:24:06,0.00
2026-07-25 02:25:40,0.01
2026-07-25 02:26:34,-0.20
2026-07-25 02:27:15,0.01
2026-07-25 02:27:29,-0.17
2026-07-25 02:29:20,-0.02
2026-07-25 02:30:15,-0.18
2026-07-25 02:30:41,-0.19
2026-07-25 02:31:26,-0.05
2026-07-25 02:33:18,-0.02
2026-07-25 02:33:34,-0.17
2026-07-25 02:34:08,-0.05
2026-07-25 02:35:07,-0.22
2026-07-25 02:35:37,-0.02
2026-07-25 02:35:51,-0.21
2026-07-25 02:37:49,-0.18
2026-07-25 02:38:19,-0.03
2026-07-25 02:40:16,-0.26
2026-07-25 02:40:47,-0.05
2026-07-25 02:41:05,-0.19
2026-07-25 02:42:13,-0.18
2026-07-25 02:42:50,-0.03
2026-07-25 02:43:43,-0.21
2026-07-25 02:44:55,-0.04
2026-07-25 02:45:27,-0.23
2026-07-25 02:46:52,-0.01
2026-07-25 02:47:37,-0.21
2026-07-25 02:48:17,0.05
2026-07-25 02:49:11,-0.19
2026-07-25 02:50:14,-0.03
2026-07-25 02:50:18,-0.09
2026-07-25 02:50:45,-0.21
2026-07-25 02:52:11,0.00
2026-07-25 02:52:15,-0.23
2026-07-25 02:54:17,-0.01
2026-07-25 02:54:39,-0.24
2026-07-25 02:55:15,-0.21
2026-07-25 02:56:29,-0.09
2026-07-25 02:56:58,-0.18
2026-07-25 02:57:48,-0.07
2026-07-25 02:59:05,-0.23
2026-07-25 02:59:58,-0.07
2026-07-25 03:01:05,-0.04
2026-07-25 03:01:28,-0.22
2026-07-25 03:03:12,-0.08
2026-07-25 03:04:15,-0.04
2026-07-25 03:04:19,-0.23
2026-07-25 03:05:08,-0.06
2026-07-25 03:05:18,-0.26
2026-07-25 03:07:00,-0.27
2026-07-25 03:07:19,-0.03
2026-07-25 03:09:42,-0.26
2026-07-25 03:09:47,-0.04
2026-07-25 03:10:54,-0.25
2026-07-25 03:11:26,-0.04
2026-07-25 03:12:46,-0.24
2026-07-25 03:13:26,-0.06
2026-07-25 03:14:53,-0.29
2026-07-25 03:15:56,-0.24
2026-07-25 03:16:32,-0.05
2026-07-25 03:17:29,-0.21
2026-07-25 03:17:52,-0.06
2026-07-25 03:18:24,-0.21
2026-07-25 03:19:08,-0.12
2026-07-25 03:20:07,-0.23
2026-07-25 03:21:23,-0.11
2026-07-25 03:22:35,-0.06
2026-07-25 03:22:57,-0.23
2026-07-25 03:24:01,-0.11
2026-07-25 03:24:27,-0.29
2026-07-25 03:25:53,-0.07
2026-07-25 03:26:24,-0.26
2026-07-25 03:27:13,-0.23
2026-07-25 03:28:04,-0.06
2026-07-25 03:28:48,-0.23
2026-07-25 03:29:38,-0.10
2026-07-25 03:30:05,-0.06
2026-07-25 03:31:26,-0.26
2026-07-25 03:32:07,-0.03
2026-07-25 03:32:55,-0.27
2026-07-25 03:33:54,-0.05
2026-07-25 03:34:47,-0.25
2026-07-25 03:35:20,-0.05
2026-07-25 03:36:48,-0.14
2026-07-25 03:37:39,-0.23
2026-07-25 03:38:09,-0.25
2026-07-25 03:38:54,-0.13
2026-07-25 03:40:47,-0.24
2026-07-25 03:41:01,-0.06
2026-07-25 03:42:35,-0.27
2026-07-25 03:42:44,-0.10
2026-07-25 03:43:34,-0.04
2026-07-25 03:43:52,-0.31
2026-07-25 03:45:22,-0.10
2026-07-25 03:46:15,-0.28
2026-07-25 03:46:52,-0.08
2026-07-25 03:47:09,-0.36
2026-07-25 03:48:39,-0.39
2026-07-25 03:49:16,-0.06
2026-07-25 03:50:14,-0.32
2026-07-25 03:50:54,-0.07
2026-07-25 03:51:43,-0.33
2026-07-25 03:52:42,-0.10
2026-07-25 03:53:03,-0.07
2026-07-25 03:54:16,-0.26
2026-07-25 03:54:56,-0.07
2026-07-25 03:55:10,-0.28
2026-07-25 03:57:24,-0.11
2026-07-25 03:57:36,-0.34
2026-07-25 03:58:01,-0.15
2026-07-25 03:58:19,-0.26
2026-07-25 04:00:37,-0.10
2026-07-25 04:01:18,-0.14
2026-07-25 04:02:16,-0.25
2026-07-25 04:03:28,-0.14
2026-07-25 04:03:55,-0.27
2026-07-25 04:04:54,-0.16
2026-07-25 04:05:08,-0.27
2026-07-25 04:07:27,-0.10
2026-07-25 04:07:35,-0.25
2026-07-25 04:07:54,-0.13
2026-07-25 04:08:56,-0.26
2026-07-25 04:09:41,-0.11
2026-07-25 04:10:18,-0.34
2026-07-25 04:11:11,-0.29
2026-07-25 04:11:21,-0.09
2026-07-25 04:13:44,-0.10
2026-07-25 04:13:57,-0.27
2026-07-25 04:14:29,-0.10
2026-07-25 04:14:52,-0.29
2026-07-25 04:17:28,-0.28
2026-07-25 04:17:38,-0.09
2026-07-25 04:17:52,-0.25
2026-07-25 04:18:55,-0.07
2026-07-25 04:20:20,-0.09
2026-07-25 04:20:24,-0.29
2026-07-25 04:21:01,-0.13
2026-07-25 04:21:18,-0.27
2026-07-25 04:24:04,-0.10
2026-07-25 04:24:17,-0.27
2026-07-25 04:24:54,-0.11
2026-07-25 04:25:39,-0.28
2026-07-25 04:26:59,-0.11
2026-07-25 04:27:03,-0.26
2026-07-25 04:27:36,-0.28
2026-07-25 04:27:40,-0.14
2026-07-25 04:29:33,-0.30
2026-07-25 04:31:25,-0.14
2026-07-25 04:31:34,-0.30
2026-07-25 04:33:17,-0.31
2026-07-25 04:34:07,-0.14
2026-07-25 04:34:20,-0.20
2026-07-25 04:34:52,-0.28
2026-07-25 04:35:59,-0.16
2026-07-25 04:37:16,-0.32
2026-07-25 04:37:43,-0.15
2026-07-25 04:38:04,-0.28
2026-07-25 04:39:21,-0.29
2026-07-25 04:40:20,-0.12
2026-07-25 04:41:10,-0.14
2026-07-25 04:42:21,-0.28
2026-07-25 04:43:11,-0.29
2026-07-25 04:43:37,-0.15
2026-07-25 04:44:14,-0.27
2026-07-25 04:45:08,-0.15
2026-07-25 04:46:01,-0.13
2026-07-25 04:47:13,-0.27
2026-07-25 04:47:40,-0.30
2026-07-25 04:47:54,-0.16
2026-07-25 04:49:28,-0.17
2026-07-25 04:50:12,-0.28
2026-07-25 04:51:38,-0.16
2026-07-25 04:52:23,-0.12
2026-07-25 04:52:51,-0.28
2026-07-25 04:54:59,-0.11
2026-07-25 04:55:32,-0.30
2026-07-25 04:55:58,-0.11
2026-07-25 04:57:02,-0.31
2026-07-25 04:57:19,-0.27
2026-07-25 04:57:55,-0.09
2026-07-25 04:58:59,-0.15
2026-07-25 05:00:11,-0.29
2026-07-25 05:00:42,-0.13
2026-07-25 05:01:13,-0.32
2026-07-25 05:02:26,-0.16
2026-07-25 05:02:48,-0.29
2026-07-25 05:04:13,-0.32
2026-07-25 05:04:32,-0.13
2026-07-25 05:05:39,-0.15
2026-07-25 05:06:10,-0.27
2026-07-25 05:07:45,-0.16
2026-07-25 05:08:47,-0.33
2026-07-25 05:09:40,-0.31
2026-07-25 05:10:08,-0.08
2026-07-25 05:10:32,-0.33
2026-07-25 05:11:16,-0.13
2026-07-25 05:13:03,-0.10
2026-07-25 05:13:07,-0.34
2026-07-25 05:14:16,-0.35
2026-07-25 05:14:43,-0.05
2026-07-25 05:15:40,0.00
2026-07-25 05:16:48,-0.42
2026-07-25 05:17:37,-0.14
2026-07-25 05:17:53,-0.34
2026-07-25 05:19:12,-0.29
2026-07-25 05:19:30,-0.10
2026-07-25 05:21:04,-0.27
2026-07-25 05:21:13,-0.09
2026-07-25 05:22:21,-0.34
2026-07-25 05:22:30,-0.14
2026-07-25 05:24:22,-0.29
2026-07-25 05:25:11,-0.12
2026-07-25 05:25:31,-0.16
2026-07-25 05:26:14,-0.33
2026-07-25 05:28:21,-0.15
2026-07-25 05:29:09,-0.17
2026-07-25 05:30:04,-0.38
2026-07-25 05:30:40,-0.32
2026-07-25 05:30:57,-0.17
2026-07-25 05:32:18,-0.33
2026-07-25 05:32:49,-0.19
2026-07-25 05:34:07,-0.33
2026-07-25 05:34:51,-0.20
2026-07-25 05:36:08,-0.35
2026-07-25 05:37:42,-0.33
2026-07-25 05:37:51,-0.19
2026-07-25 05:38:45,-0.17
2026-07-25 05:40:10,-0.31
2026-07-25 05:41:04,-0.32
2026-07-25 05:41:41,-0.13
2026-07-25 05:43:18,-0.36
2026-07-25 05:43:22,-0.17
2026-07-25 05:43:41,-0.36
2026-07-25 05:43:45,-0.07
2026-07-25 05:45:43,-0.12
2026-07-25 05:45:52,-0.33
2026-07-25 05:48:06,-0.18
2026-07-25 05:48:20,-0.33
2026-07-25 05:49:01,-0.32
2026-07-25 05:49:59,-0.20
2026-07-25 05:50:30,-0.31
2026-07-25 05:51:28,-0.14
2026-07-25 05:51:46,-0.36
2026-07-25 05:52:45,-0.16
2026-07-25 05:53:39,-0.38
2026-07-25 05:54:50,-0.09
2026-07-25 05:55:03,-0.36
2026-07-25 05:55:09,-0.16
2026-07-25 05:58:04,-0.38
2026-07-25 05:58:09,-0.15
2026-07-25 05:58:22,-0.31
2026-07-25 05:59:02,-0.17
2026-07-25 06:00:19,-0.21
2026-07-25 06:01:26,-0.34
2026-07-25 06:01:53,-0.20
2026-07-25 06:03:17,-0.34
2026-07-25 06:04:35,-0.33
2026-07-25 06:04:53,-0.17
2026-07-25 06:05:47,-0.35
2026-07-25 06:06:00,-0.17
2026-07-25 06:06:36,-0.19
2026-07-25 06:06:58,-0.32
2026-07-25 06:09:04,-0.21
2026-07-25 06:09:54,-0.17
2026-07-25 06:10:57,-0.35
2026-07-25 06:12:09,-0.18
2026-07-25 06:12:40,-0.34
2026-07-25 06:13:48,-0.33
2026-07-25 06:14:18,-0.14
2026-07-25 06:14:54,-0.27
2026-07-25 06:15:04,-0.20
2026-07-25 06:16:34,-0.21
2026-07-25 06:18:08,-0.32
2026-07-25 06:18:25,-0.34
2026-07-25 06:19:21,-0.15
2026-07-25 06:19:51,-0.30
2026-07-25 06:20:23,-0.17
2026-07-25 06:22:38,-0.18
2026-07-25 06:22:42,-0.34
2026-07-25 06:23:37,-0.21
2026-07-25 06:23:45,-0.33
2026-07-25 06:26:05,-0.18
2026-07-25 06:26:09,-0.31
2026-07-25 06:27:52,-0.19
2026-07-25 06:27:57,-0.31
2026-07-25 06:28:11,-0.19
2026-07-25 06:28:41,-0.32
2026-07-25 06:30:12,-0.21
2026-07-25 06:30:28,-0.34
2026-07-25 06:31:28,-0.19
2026-07-25 06:32:26,-0.35
2026-07-25 06:33:20,-0.17
2026-07-25 06:33:43,-0.31
2026-07-25 06:35:49,-0.32
2026-07-25 06:36:11,-0.22
2026-07-25 06:37:14,-0.32
2026-07-25 06:37:54,-0.21
2026-07-25 06:38:06,-0.34
2026-07-25 06:39:33,-0.21
2026-07-25 06:39:38,-0.20
2026-07-25 06:39:56,-0.32
2026-07-25 06:41:34,-0.20
2026-07-25 06:42:28,-0.38
2026-07-25 06:42:56,-0.09
2026-07-25 06:43:27,-0.36
2026-07-25 06:45:20,-0.21
2026-07-25 06:45:24,-0.33
2026-07-25 06:46:54,-0.21
2026-07-25 06:46:59,-0.32
2026-07-25 06:48:06,-0.20
2026-07-25 06:48:37,-0.34
2026-07-25 06:49:40,-0.15
2026-07-25 06:50:21,-0.34
2026-07-25 06:51:41,-0.18
2026-07-25 06:52:13,-0.32
2026-07-25 06:53:33,-0.33
2026-07-25 06:53:43,-0.21
2026-07-25 06:55:04,-0.17
2026-07-25 06:55:26,-0.32
2026-07-25 06:56:29,-0.12
2026-07-25 06:57:23,-0.35
2026-07-25 06:58:03,-0.36
2026-07-25 06:59:15,-0.20
2026-07-25 06:59:33,-0.33
2026-07-25 07:00:08,-0.17
2026-07-25 07:01:17,-0.31
2026-07-25 07:01:57,-0.14
2026-07-25 07:02:47,-0.19
2026-07-25 07:03:54,-0.31
2026-07-25 07:05:01,-0.30
2026-07-25 07:05:20,-0.16
2026-07-25 07:06:05,-0.17
2026-07-25 07:06:14,-0.31
2026-07-25 07:07:56,-0.32
2026-07-25 07:08:06,-0.21
2026-07-25 07:09:54,-0.20
2026-07-25 07:10:02,-0.32
2026-07-25 07:11:01,-0.22
2026-07-25 07:11:09,-0.31
2026-07-25 07:13:34,-0.20
2026-07-25 07:14:28,-0.21
2026-07-25 07:15:16,-0.29
2026-07-25 07:17:18,-0.20
2026-07-25 07:19:02,-0.16
2026-07-25 07:19:10,-0.30
2026-07-25 07:19:47,-0.17
2026-07-25 07:20:41,-0.32
2026-07-25 07:21:43,-0.17
2026-07-25 07:21:49,-0.31
2026-07-25 07:23:18,-0.27
2026-07-25 07:23:57,-0.17
2026-07-25 07:24:57,-0.16
2026-07-25 07:25:24,-0.30
2026-07-25 07:25:50,-0.28
2026-07-25 07:26:22,-0.13
2026-07-25 07:28:15,-0.17
2026-07-25 07:28:55,-0.30
2026-07-25 07:29:31,-0.31
2026-07-25 07:30:37,-0.17
2026-07-25 07:30:52,-0.31
2026-07-25 07:32:22,-0.18
2026-07-25 07:33:16,-0.14
2026-07-25 07:33:24,-0.27
2026-07-25 07:34:10,-0.15
2026-07-25 07:34:31,-0.28
2026-07-25 07:36:10,-0.29
2026-07-25 07:36:16,-0.18
2026-07-25 07:38:07,-0.31
2026-07-25 07:39:13,-0.15
2026-07-25 07:39:37,-0.31
2026-07-25 07:41:25,-0.28
2026-07-25 07:41:48,-0.15
2026-07-25 07:42:28,-0.12
2026-07-25 07:43:23,-0.32
2026-07-25 07:43:58,-0.29
2026-07-25 07:44:16,-0.15
2026-07-25 07:46:25,-0.17
2026-07-25 07:46:44,-0.27
2026-07-25 07:47:57,-0.20
2026-07-25 07:48:10,-0.28
2026-07-25 07:49:26,-0.30
2026-07-25 07:49:39,-0.17
2026-07-25 07:50:52,-0.29
2026-07-25 07:52:30,-0.26
2026-07-25 07:53:42,-0.14
2026-07-25 07:54:55,-0.29
2026-07-25 07:55:08,-0.11
2026-07-25 07:55:44,-0.14
2026-07-25 07:55:52,-0.25
2026-07-25 07:57:36,-0.15
2026-07-25 07:58:12,-0.28
2026-07-25 07:58:58,-0.26
2026-07-25 08:00:08,-0.16
2026-07-25 08:01:07,-0.29
2026-07-25 08:01:33,-0.15
2026-07-25 08:02:18,-0.25
2026-07-25 08:02:59,-0.12
2026-07-25 08:04:15,-0.24
2026-07-25 08:04:46,-0.13
2026-07-25 08:05:27,-0.17
2026-07-25 08:06:26,-0.27
2026-07-25 08:07:33,-0.26
2026-07-25 08:07:52,-0.14
2026-07-25 08:09:13,-0.24
2026-07-25 08:10:11,-0.14
2026-07-25 08:10:25,-0.15
2026-07-25 08:11:05,-0.24
2026-07-25 08:12:48,-0.12
2026-07-25 08:14:54,-0.24
2026-07-25 08:15:47,-0.14
2026-07-25 08:17:00,-0.23
2026-07-25 08:18:34,-0.11
2026-07-25 08:18:39,-0.12
2026-07-25 08:19:19,-0.24
2026-07-25 08:20:40,-0.27
2026-07-25 08:20:54,0.03
2026-07-25 08:22:14,-0.12
2026-07-25 08:22:37,-0.25
2026-07-25 08:23:40,-0.21
2026-07-25 08:23:54,-0.12
2026-07-25 08:25:28,-0.05
2026-07-25 08:25:47,-0.24
2026-07-25 08:27:15,-0.11
2026-07-25 08:28:09,-0.21
2026-07-25 08:29:48,-0.03
2026-07-25 08:29:58,-0.24
2026-07-25 08:30:28,-0.23
2026-07-25 08:31:45,-0.04
2026-07-25 08:32:12,-0.21
2026-07-25 08:32:53,-0.07
2026-07-25 08:33:34,-0.22
2026-07-25 08:33:38,-0.09
2026-07-25 08:35:30,-0.12
2026-07-25 08:36:23,-0.20
2026-07-25 08:36:47,-0.22
2026-07-25 08:38:08,-0.09
2026-07-25 08:38:29,-0.06
2026-07-25 08:39:01,-0.22
2026-07-25 08:40:20,-0.24
2026-07-25 08:40:54,-0.05
2026-07-25 08:41:43,-0.30
2026-07-25 08:42:05,-0.01
2026-07-25 08:43:57,-0.21
2026-07-25 08:44:15,-0.05
2026-07-25 08:45:10,-0.09
2026-07-25 08:45:19,-0.20
2026-07-25 08:47:11,-0.21
2026-07-25 08:47:59,-0.06
2026-07-25 08:48:59,-0.17
2026-07-25 08:49:17,-0.07
2026-07-25 08:50:55,-0.22
2026-07-25 08:51:14,-0.04
2026-07-25 08:52:53,-0.21
2026-07-25 08:54:22,-0.06
2026-07-25 08:55:07,-0.22
2026-07-25 08:56:10,-0.06
2026-07-25 08:56:42,-0.20
2026-07-25 08:57:23,0.00
2026-07-25 08:58:47,-0.01
2026-07-25 08:59:46,-0.21
2026-07-25 09:01:03,-0.03
2026-07-25 09:01:11,-0.19
2026-07-25 09:02:18,-0.03
2026-07-25 09:02:59,-0.25
2026-07-25 09:03:26,0.01
2026-07-25 09:04:33,-0.23
2026-07-25 09:04:51,-0.21
2026-07-25 09:04:57,-0.10
2026-07-25 09:06:39,-0.18
2026-07-25 09:07:16,-0.09
2026-07-25 09:08:13,-0.06
2026-07-25 09:08:18,-0.17
2026-07-25 09:08:45,-0.08
2026-07-25 09:08:50,-0.09
2026-07-25 09:08:54,-0.15
2026-07-25 09:09:34,0.00
2026-07-25 09:10:05,-0.07
2026-07-25 09:11:23,-0.20
2026-07-25 09:12:07,-0.19
2026-07-25 09:13:01,-0.03
2026-07-25 09:13:05,-0.07
2026-07-25 09:13:41,-0.19
2026-07-25 09:16:14,-0.04
2026-07-25 09:16:38,-0.17
2026-07-25 09:17:39,-0.03
2026-07-25 09:18:38,-0.19
2026-07-25 09:19:01,-0.04
2026-07-25 09:20:49,-0.03
2026-07-25 09:20:58,-0.14
2026-07-25 09:21:59,-0.18
2026-07-25 09:22:37,-0.06
2026-07-25 09:23:25,-0.18
2026-07-25 09:24:05,0.01
2026-07-25 09:25:22,-0.18
2026-07-25 09:26:09,-0.04
2026-07-25 09:26:17,-0.01
2026-07-25 09:26:35,-0.18
2026-07-25 09:27:59,-0.01
2026-07-25 09:28:53,-0.16
2026-07-25 09:29:43,-0.15
2026-07-25 09:30:25,-0.05
2026-07-25 09:32:11,-0.20
2026-07-25 09:32:34,0.00
2026-07-25 09:33:55,-0.14
2026-07-25 09:34:09,-0.03
2026-07-25 09:35:02,-0.02
2026-07-25 09:35:33,-0.15
2026-07-25 09:36:10,-0.20
2026-07-25 09:36:27,-0.04
2026-07-25 09:38:07,-0.14
2026-07-25 09:38:25,-0.02
2026-07-25 09:40:30,-0.15
2026-07-25 09:40:48,-0.02
2026-07-25 09:41:20,-0.13
2026-07-25 09:41:47,0.00
2026-07-25 09:43:07,-0.12
2026-07-25 09:43:34,0.01
2026-07-25 09:44:47,0.05
2026-07-25 09:45:32,-0.12
2026-07-25 09:46:34,-0.10
2026-07-25 09:46:53,0.00
2026-07-25 09:47:59,-0.10
2026-07-25 09:48:13,0.00
2026-07-25 09:50:01,-0.13
2026-07-25 09:51:34,-0.10
2026-07-25 09:52:06,0.02
2026-07-25 09:53:40,0.06
2026-07-25 09:53:54,-0.14
2026-07-25 09:54:27,0.00
2026-07-25 09:55:28,-0.15
2026-07-25 09:56:22,-0.13
2026-07-25 09:57:03,0.02
2026-07-25 09:58:11,-0.14
2026-07-25 10:00:40,-0.09
2026-07-25 10:00:44,0.03
2026-07-25 10:01:01,-0.11
2026-07-25 10:01:10,0.03
2026-07-25 10:02:41,0.04
2026-07-25 10:02:54,-0.13
2026-07-25 10:04:41,0.01
2026-07-25 10:05:04,-0.11
2026-07-25 10:06:38,-0.09
2026-07-25 10:06:48,0.06
2026-07-25 10:08:40,-0.09
2026-07-25 10:10:09,-0.10
2026-07-25 10:10:36,0.06
2026-07-25 10:11:08,-0.09
2026-07-25 10:11:40,0.03
2026-07-25 10:13:23,0.08
2026-07-25 10:13:42,-0.16
2026-07-25 10:14:26,-0.11
2026-07-25 10:15:23,0.07
2026-07-25 10:16:05,0.10
2026-07-25 10:16:49,-0.11
2026-07-25 10:18:19,-0.10
2026-07-25 10:18:55,0.06
2026-07-25 10:19:38,0.07
2026-07-25 10:20:03,-0.16
2026-07-25 10:20:43,0.07
2026-07-25 10:21:20,-0.10
2026-07-25 10:22:57,0.05
2026-07-25 10:23:11,-0.10
2026-07-25 10:24:32,-0.05
2026-07-25 10:24:46,0.09
2026-07-25 10:25:53,-0.09
2026-07-25 10:26:29,0.13
2026-07-25 10:27:42,-0.06
2026-07-25 10:28:22,0.10
2026-07-25 10:29:11,0.11
2026-07-25 10:29:34,-0.03
2026-07-25 10:30:44,-0.04
2026-07-25 10:31:57,0.08
2026-07-25 10:32:24,-0.07
2026-07-25 10:33:00,0.15
2026-07-25 10:33:54,0.12
2026-07-25 10:34:25,-0.03
2026-07-25 10:36:09,-0.05
2026-07-25 10:36:58,0.16
2026-07-25 10:37:21,0.10
2026-07-25 10:37:38,-0.02
2026-07-25 10:39:14,0.10
2026-07-25 10:40:38,-0.04
2026-07-25 10:41:15,0.10
2026-07-25 10:42:40,-0.04
2026-07-25 10:43:30,0.09
2026-07-25 10:43:51,-0.06
2026-07-25 10:44:18,0.10
2026-07-25 10:45:31,0.11
2026-07-25 10:45:39,-0.03
2026-07-25 10:47:37,-0.06
2026-07-25 10:48:38,0.12
2026-07-25 10:48:48,0.15
2026-07-25 10:50:23,-0.04
2026-07-25 10:50:41,-0.07
2026-07-25 10:50:59,0.12
2026-07-25 10:53:40,-0.07
2026-07-25 10:53:45,-0.05
2026-07-25 10:55:19,0.17
2026-07-25 10:56:04,0.15
2026-07-25 10:56:49,-0.03
2026-07-25 10:57:07,0.19
2026-07-25 10:58:28,-0.13
2026-07-25 10:58:46,0.17
2026-07-25 10:58:51,-0.06
2026-07-25 11:01:00,0.12
2026-07-25 11:01:27,0.00
2026-07-25 11:03:16,0.17
2026-07-25 11:03:38,0.14
2026-07-25 11:04:50,-0.04
2026-07-25 11:05:21,-0.05
2026-07-25 11:06:43,0.15
2026-07-25 11:08:25,-0.03
2026-07-25 11:08:30,0.15
2026-07-25 11:09:42,-0.10
2026-07-25 11:10:46,0.24
2026-07-25 11:10:50,0.00
2026-07-25 11:12:06,0.21
2026-07-25 11:13:00,-0.11
2026-07-25 11:14:57,0.01
2026-07-25 11:15:06,0.18
2026-07-25 11:15:33,-0.06
2026-07-25 11:15:50,0.25
2026-07-25 11:17:52,0.01
2026-07-25 11:18:24,0.19
2026-07-25 11:19:00,-0.02
2026-07-25 11:19:17,0.29
2026-07-25 11:21:27,0.04
2026-07-25 11:21:36,0.20
2026-07-25 11:22:08,0.28
2026-07-25 11:22:57,-0.03
2026-07-25 11:23:28,0.03
2026-07-25 11:24:41,0.25
2026-07-25 11:25:34,-0.01
2026-07-25 11:26:06,0.25
2026-07-25 11:27:48,0.26
2026-07-25 11:27:58,-0.02
2026-07-25 11:29:20,0.24
2026-07-25 11:29:55,-0.06
2026-07-25 11:30:14,-0.03
2026-07-25 11:30:45,0.32
2026-07-25 11:32:20,-0.06
2026-07-25 11:32:47,0.27
2026-07-25 11:34:12,0.29
2026-07-25 11:34:52,0.06
2026-07-25 11:35:09,-0.01
2026-07-25 11:36:01,0.50
2026-07-25 11:37:07,-0.01
2026-07-25 11:37:24,0.27
2026-07-25 11:39:25,0.22
2026-07-25 11:39:39,0.05
2026-07-25 11:41:14,0.00
2026-07-25 11:41:27,0.29
2026-07-25 11:42:56,0.05
2026-07-25 11:43:06,0.30
2026-07-25 11:44:14,0.05
2026-07-25 11:44:18,0.32
2026-07-25 11:45:48,0.05
2026-07-25 11:46:15,0.32
2026-07-25 11:47:09,0.06
2026-07-25 11:47:17,0.30
2026-07-25 11:48:29,0.28
2026-07-25 11:49:01,0.04
2026-07-25 11:50:00,0.07
2026-07-25 11:50:26,0.27
2026-07-25 11:51:39,0.38
2026-07-25 11:51:48,0.03
2026-07-25 11:53:17,0.27
2026-07-25 11:53:22,0.06
2026-07-25 11:55:15,0.30
2026-07-25 11:55:33,0.09
2026-07-25 11:57:15,0.37
2026-07-25 11:57:30,0.15
2026-07-25 11:58:23,0.33
2026-07-25 11:58:50,0.08
2026-07-25 11:59:44,0.34
2026-07-25 12:00:37,0.12
2026-07-25 12:01:22,0.37
2026-07-25 12:02:52,0.12
2026-07-25 12:04:27,0.08
2026-07-25 12:04:36,0.37
2026-07-25 12:04:49,0.38
2026-07-25 12:05:48,0.08
2026-07-25 12:06:50,0.32
2026-07-25 12:07:54,0.11
2026-07-25 12:08:03,0.35
2026-07-25 12:08:34,0.14
2026-07-25 12:10:17,0.08
2026-07-25 12:11:11,0.37
2026-07-25 12:12:45,0.12
2026-07-25 12:13:21,0.08
2026-07-25 12:14:06,0.36
2026-07-25 12:14:43,0.38
2026-07-25 12:15:28,0.09
2026-07-25 12:16:17,0.36
2026-07-25 12:17:46,0.17
2026-07-25 12:18:14,0.10
2026-07-25 12:19:08,0.48
2026-07-25 12:20:15,0.38
2026-07-25 12:20:28,0.14
2026-07-25 12:22:11,0.47
2026-07-25 12:22:34,0.06
2026-07-25 12:22:57,0.12
2026-07-25 12:24:22,0.54
2026-07-25 12:25:29,0.49
2026-07-25 12:25:52,-0.02
2026-07-25 12:26:10,0.54
2026-07-25 12:26:28,0.07
2026-07-25 12:28:06,0.15
2026-07-25 12:28:25,0.46
2026-07-25 12:29:30,0.56
2026-07-25 12:30:45,0.21
2026-07-25 12:31:33,0.15
2026-07-25 12:32:18,0.44
2026-07-25 12:32:50,0.46
2026-07-25 12:33:31,0.07
2026-07-25 12:34:38,-0.02
2026-07-25 12:34:43,0.46
2026-07-25 12:36:48,0.08
2026-07-25 12:37:25,0.45
2026-07-25 12:38:13,0.11
2026-07-25 12:39:07,0.79
2026-07-25 12:40:14,0.05
2026-07-25 12:40:37,0.59
2026-07-25 12:41:18,0.13
2026-07-25 12:41:36,0.46
2026-07-25 12:43:10,0.13
2026-07-25 12:43:23,0.48
2026-07-25 12:45:29,0.20
2026-07-25 12:46:33,0.46
2026-07-25 12:46:54,0.16
2026-07-25 12:48:47,0.48
2026-07-25 12:49:00,0.02
2026-07-25 12:49:32,0.50
2026-07-25 12:50:35,0.10
2026-07-25 12:51:15,0.20
2026-07-25 12:52:00,0.49
2026-07-25 12:53:26,0.30
2026-07-25 12:53:44,0.59
2026-07-25 12:55:40,0.24
2026-07-25 12:55:45,0.49
2026-07-25 12:55:49,0.14
2026-07-25 12:56:08,0.45
2026-07-25 12:58:31,0.24
2026-07-25 12:58:49,0.52
2026-07-25 12:59:11,0.26
2026-07-25 12:59:52,0.44
2026-07-25 13:00:55,0.47
2026-07-25 13:01:28,0.26
2026-07-25 13:02:25,0.18
2026-07-25 13:03:33,0.49
2026-07-25 13:05:29,0.21
2026-07-25 13:05:39,0.52
2026-07-25 13:06:36,0.19
2026-07-25 13:06:59,0.50
2026-07-25 13:07:54,0.17
2026-07-25 13:08:34,0.45
2026-07-25 13:09:19,0.56
2026-07-25 13:10:16,0.26
2026-07-25 13:10:52,0.48
2026-07-25 13:11:06,0.22
2026-07-25 13:12:54,0.50
2026-07-25 13:13:30,0.22
2026-07-25 13:14:02,0.24
2026-07-25 13:15:32,0.47
2026-07-25 13:16:21,0.51
2026-07-25 13:16:56,0.24
2026-07-25 13:17:42,0.48
2026-07-25 13:18:30,0.23
2026-07-25 13:19:09,0.26
2026-07-25 13:19:26,0.47
2026-07-25 13:20:36,0.23
2026-07-25 13:21:08,0.47
2026-07-25 13:22:24,0.26
2026-07-25 13:22:51,0.49
2026-07-25 13:24:13,0.17
2026-07-25 13:25:02,0.54
2026-07-25 13:26:27,0.47
2026-07-25 13:26:55,0.27
2026-07-25 13:28:02,0.25
2026-07-25 13:28:37,0.49
2026-07-25 13:29:10,0.55
2026-07-25 13:30:25,0.30
2026-07-25 13:30:30,0.27
2026-07-25 13:32:00,0.50
2026-07-25 13:33:25,0.28
2026-07-25 13:33:44,0.56
2026-07-25 13:34:01,0.29
2026-07-25 13:34:18,0.62
2026-07-25 13:36:20,0.24
2026-07-25 13:36:38,0.59
2026-07-25 13:38:08,0.22
2026-07-25 13:38:36,0.52
2026-07-25 13:39:38,0.67
2026-07-25 13:40:05,0.28
2026-07-25 13:40:37,0.26
2026-07-25 13:40:58,0.45
2026-07-25 13:42:20,0.57
2026-07-25 13:43:01,0.29
2026-07-25 13:44:25,0.31
2026-07-25 13:44:44,0.62
2026-07-25 13:45:46,0.51
2026-07-25 13:46:18,0.23
2026-07-25 13:47:17,0.32
2026-07-25 13:47:35,0.54
2026-07-25 13:48:51,0.29
2026-07-25 13:49:18,0.60
2026-07-25 13:50:30,0.55
2026-07-25 13:51:01,0.21
2026-07-25 13:52:04,0.52
2026-07-25 13:52:31,0.33
2026-07-25 13:53:48,0.51
2026-07-25 13:54:50,0.28
2026-07-25 13:55:26,0.53
2026-07-25 13:55:39,0.31
2026-07-25 13:56:51,0.50
2026-07-25 13:57:41,0.25
2026-07-25 13:58:35,0.52
2026-07-25 13:59:01,0.33
2026-07-25 14:00:18,0.29
2026-07-25 14:00:58,0.55
2026-07-25 14:02:19,0.59
2026-07-25 14:02:42,0.33
2026-07-25 14:04:03,0.27
2026-07-25 14:04:59,0.56
2026-07-25 14:05:29,0.52
2026-07-25 14:06:05,0.31
2026-07-25 14:07:25,0.29
2026-07-25 14:07:39,0.57
2026-07-25 14:08:36,0.28
2026-07-25 14:09:49,0.61
2026-07-25 14:10:29,0.28
2026-07-25 14:10:38,0.60
2026-07-25 14:11:46,0.59
2026-07-25 14:12:17,0.10
2026-07-25 14:13:56,0.28
2026-07-25 14:14:40,0.60
2026-07-25 14:15:17,0.55
2026-07-25 14:15:48,0.33
2026-07-25 14:17:10,0.34
2026-07-25 14:18:16,0.62
2026-07-25 14:18:26,0.31
2026-07-25 14:18:57,0.59
2026-07-25 14:21:03,0.66
2026-07-25 14:21:13,0.26
2026-07-25 14:22:01,0.33
2026-07-25 14:22:33,0.61
2026-07-25 14:24:17,0.55
2026-07-25 14:24:48,0.28
2026-07-25 14:25:37,0.31
2026-07-25 14:26:27,0.56
2026-07-25 14:26:41,0.63
2026-07-25 14:26:58,0.34
2026-07-25 14:28:41,0.59
2026-07-25 14:28:51,0.35
2026-07-25 14:30:34,0.28
2026-07-25 14:30:52,0.63
2026-07-25 14:31:32,0.38
2026-07-25 14:32:31,0.56
2026-07-25 14:33:38,0.60
2026-07-25 14:34:27,0.28
2026-07-25 14:35:16,0.30
2026-07-25 14:35:44,0.72
2026-07-25 14:36:47,0.60
2026-07-25 14:36:51,0.32
2026-07-25 14:39:10,0.63
2026-07-25 14:39:37,0.35
2026-07-25 14:40:36,0.34
2026-07-25 14:40:54,0.69
2026-07-25 14:41:56,0.60
2026-07-25 14:42:23,0.36
2026-07-25 14:43:18,0.29
2026-07-25 14:44:07,0.74
2026-07-25 14:44:52,0.60
2026-07-25 14:46:12,0.23
2026-07-25 14:47:47,0.87
2026-07-25 14:47:56,0.10
2026-07-25 14:48:50,0.69
2026-07-25 14:49:26,0.27
2026-07-25 14:49:48,0.76
2026-07-25 14:50:37,0.25
2026-07-25 14:52:30,0.75
2026-07-25 14:52:49,0.31
2026-07-25 14:54:14,0.74
2026-07-25 14:54:23,0.36
2026-07-25 14:55:03,0.78
2026-07-25 14:56:02,0.32
2026-07-25 14:56:46,0.41
2026-07-25 14:57:09,0.73
2026-07-25 14:58:11,0.44
2026-07-25 14:59:15,0.88
2026-07-25 15:00:17,0.39
2026-07-25 15:01:11,0.76
2026-07-25 15:01:20,0.51
2026-07-25 15:02:29,0.85
2026-07-25 15:03:17,0.98
2026-07-25 15:03:58,0.44
2026-07-25 15:05:10,0.38
2026-07-25 15:05:14,0.92
2026-07-25 15:06:30,0.37
2026-07-25 15:07:16,0.85
2026-07-25 15:08:45,1.04
2026-07-25 15:08:54,0.34
2026-07-25 15:10:11,0.37
2026-07-25 15:11:04,1.12
2026-07-25 15:12:25,0.72
2026-07-25 15:12:44,2.65
2026-07-25 15:12:52,4.97
2026-07-25 15:14:23,2.45
2026-07-25 15:15:11,3.23
2026-07-25 15:15:20,1.92
2026-07-25 15:16:05,2.67
2026-07-25 15:16:41,0.72
2026-07-25 15:17:58,0.93
2026-07-25 15:18:51,4.18
2026-07-25 15:19:45,3.99
2026-07-25 15:20:39,2.26
2026-07-25 15:21:11,3.41
2026-07-25 15:22:32,1.90
2026-07-25 15:23:48,1.59
2026-07-25 15:24:15,3.32
2026-07-25 15:24:19,3.94
2026-07-25 15:25:50,2.64
2026-07-25 15:26:08,3.32
2026-07-25 15:27:32,1.08
2026-07-25 15:27:37,1.31
2026-07-25 15:28:26,0.84
2026-07-25 15:29:17,0.93
2026-07-25 15:29:48,0.45
2026-07-25 15:32:03,0.90
2026-07-25 15:32:07,0.38
2026-07-25 15:32:39,0.37
2026-07-25 15:34:05,0.83
2026-07-25 15:34:26,0.82
2026-07-25 15:35:34,0.26
2026-07-25 15:35:56,0.72
2026-07-25 15:36:00,0.24
2026-07-25 15:38:12,0.68
2026-07-25 15:38:16,0.40
2026-07-25 15:39:09,0.55
2026-07-25 15:39:18,0.18
2026-07-25 15:42:05,0.65
2026-07-25 15:42:23,0.31
2026-07-25 15:42:49,0.26
2026-07-25 15:43:44,0.60
2026-07-25 15:44:55,0.65
2026-07-25 15:45:32,0.32
2026-07-25 15:46:52,0.63
2026-07-25 15:46:56,0.26
2026-07-25 15:48:32,0.28
2026-07-25 15:48:49,0.61
2026-07-25 15:49:07,0.53
2026-07-25 15:49:17,0.27
2026-07-25 15:51:31,0.25
2026-07-25 15:51:44,0.58
2026-07-25 15:52:33,0.55
2026-07-25 15:53:14,0.31
2026-07-25 15:54:30,0.51
2026-07-25 15:55:29,1.90
2026-07-25 15:56:23,1.53
2026-07-25 15:57:17,3.52
2026-07-25 15:57:21,3.86
2026-07-25 15:58:07,6.12
2026-07-25 15:59:00,5.28
2026-07-25 15:59:46,7.51
2026-07-25 16:01:38,3.21
2026-07-25 16:02:14,5.13
2026-07-25 16:02:18,5.02
2026-07-25 16:03:53,8.03
2026-07-25 16:04:01,8.14
2026-07-25 16:05:08,9.32
2026-07-25 16:05:44,9.52
2026-07-25 16:07:11,6.29
2026-07-25 16:07:23,6.62
2026-07-25 16:08:47,5.02
2026-07-25 16:09:00,5.21
2026-07-25 16:10:13,2.50
2026-07-25 16:10:31,3.23
2026-07-25 16:11:30,2.33
2026-07-25 16:12:59,2.24
2026-07-25 16:13:22,2.90
2026-07-25 16:14:24,2.55
2026-07-25 16:15:01,2.22
2026-07-25 16:16:13,2.00
2026-07-25 16:17:02,2.63
2026-07-25 16:17:11,2.81
2026-07-25 16:18:27,1.87
2026-07-25 16:18:55,2.28
2026-07-25 16:19:21,1.78
2026-07-25 16:21:14,1.51
2026-07-25 16:21:58,2.01
2026-07-25 16:22:39,1.92
2026-07-25 16:23:38,1.51
2026-07-25 16:23:51,1.57
2026-07-25 16:24:18,1.92
2026-07-25 16:25:29,1.96
2026-07-25 16:26:24,1.57
2026-07-25 16:27:01,1.53
2026-07-25 16:28:38,1.84
2026-07-25 16:29:32,1.80
2026-07-25 16:30:06,1.54
2026-07-25 16:30:40,1.58
2026-07-25 16:31:21,1.32
2026-07-25 16:32:09,1.42
2026-07-25 16:33:26,1.02
2026-07-25 16:33:43,1.07
2026-07-25 16:34:48,0.71
2026-07-25 16:35:32,0.85
2026-07-25 16:36:16,0.63
2026-07-25 16:37:02,0.77
2026-07-25 16:38:27,0.45
2026-07-25 16:38:35,0.58
2026-07-25 16:38:45,0.44
2026-07-25 16:40:19,0.49
2026-07-25 16:41:45,0.73
2026-07-25 16:42:34,0.65
2026-07-25 16:43:29,0.91
2026-07-25 16:43:42,0.87
2026-07-25 16:44:53,0.62
2026-07-25 16:45:23,0.71
2026-07-25 16:46:19,0.41
2026-07-25 16:47:44,0.68
2026-07-25 16:48:10,0.48
2026-07-25 16:48:33,0.50
2026-07-25 16:49:32,0.18
2026-07-25 16:50:22,0.15
2026-07-25 16:50:44,0.27
2026-07-25 16:52:00,0.15
2026-07-25 16:52:13,0.36
2026-07-25 16:53:35,0.25
2026-07-25 16:54:38,0.46
2026-07-25 16:55:10,0.35
2026-07-25 16:56:24,0.60
2026-07-25 16:56:57,0.58
2026-07-25 16:57:29,0.90
2026-07-25 16:58:30,0.85
2026-07-25 16:59:34,0.71
2026-07-25 17:00:14,0.67
2026-07-25 17:00:40,0.86
2026-07-25 17:03:09,0.45
2026-07-25 17:04:04,0.55
2026-07-25 17:04:35,0.35
2026-07-25 17:05:11,0.32
2026-07-25 17:06:23,0.54
2026-07-25 17:06:40,0.56
2026-07-25 17:08:11,0.82
2026-07-25 17:08:42,0.75
2026-07-25 17:09:50,1.24
2026-07-25 17:09:54,1.08
2026-07-25 17:10:43,1.27
2026-07-25 17:11:42,1.26
2026-07-25 17:12:36,0.91
2026-07-25 17:13:12,0.95
2026-07-25 17:14:50,0.53
2026-07-25 17:14:58,0.59
2026-07-25 17:16:20,0.37
2026-07-25 17:16:30,0.41
2026-07-25 17:17:19,0.22
2026-07-25 17:19:01,0.38
2026-07-25 17:19:29,0.22
2026-07-25 17:20:01,0.25
2026-07-25 17:20:10,0.05
2026-07-25 17:21:58,0.18
2026-07-25 17:22:32,-0.05
2026-07-25 17:23:13,-0.06
2026-07-25 17:24:38,0.15
2026-07-25 17:25:24,-0.08
2026-07-25 17:26:13,0.15
2026-07-25 17:26:45,0.21
2026-07-25 17:27:06,-0.09
2026-07-25 17:28:41,0.17
2026-07-25 17:29:36,-0.04
2026-07-25 17:30:02,-0.07
2026-07-25 17:30:16,0.08
2026-07-25 17:32:22,0.11
2026-07-25 17:32:44,-0.09
2026-07-25 17:33:25,0.08
2026-07-25 17:34:27,-0.06
2026-07-25 17:35:22,0.14
2026-07-25 17:35:53,-0.10
2026-07-25 17:37:14,-0.09
2026-07-25 17:37:23,0.11
2026-07-25 17:38:16,0.13
2026-07-25 17:39:20,-0.04
2026-07-25 17:40:00,0.09
2026-07-25 17:40:45,-0.07
2026-07-25 17:42:19,0.07
2026-07-25 17:42:56,-0.10
2026-07-25 17:44:25,0.17
2026-07-25 17:45:01,0.19
2026-07-25 17:45:10,-0.11
2026-07-25 17:46:17,0.13
2026-07-25 17:47:39,-0.10
2026-07-25 17:49:00,-0.09
2026-07-25 17:49:13,0.06
2026-07-25 17:49:35,0.04
2026-07-25 17:50:11,-0.13
2026-07-25 17:51:33,0.06
2026-07-25 17:52:17,-0.10
2026-07-25 17:53:20,0.14
2026-07-25 17:54:00,-0.11
2026-07-25 17:54:28,0.20
2026-07-25 17:54:54,-0.14
2026-07-25 17:56:10,-0.10
2026-07-25 17:56:29,0.08
2026-07-25 17:57:57,-0.09
2026-07-25 17:58:53,0.07
2026-07-25 18:00:04,0.09
2026-07-25 18:00:32,-0.14
2026-07-25 18:01:45,-0.04
2026-07-25 18:01:53,0.11
2026-07-25 18:03:40,-0.07
2026-07-25 18:04:16,0.08
2026-07-25 18:04:43,0.05
2026-07-25 18:05:42,-0.11
2026-07-25 18:06:09,-0.14
2026-07-25 18:06:58,0.03
2026-07-25 18:08:02,-0.14
2026-07-25 18:08:36,0.04
2026-07-25 18:09:31,-0.12
2026-07-25 18:09:58,0.08
2026-07-25 18:11:41,-0.14
2026-07-25 18:12:30,0.07
2026-07-25 18:12:43,-0.08
2026-07-25 18:13:56,0.24
2026-07-25 18:14:55,-0.11
2026-07-25 18:15:25,0.11
2026-07-25 18:16:02,-0.12
2026-07-25 18:17:14,0.10
2026-07-25 18:17:55,0.05
2026-07-25 18:18:08,-0.11
2026-07-25 18:19:56,-0.14
2026-07-25 18:20:13,0.04
2026-07-25 18:21:43,-0.19
2026-07-25 18:22:02,0.05
2026-07-25 18:23:09,0.17
2026-07-25 18:23:36,-0.15
2026-07-25 18:24:41,-0.10
2026-07-25 18:24:52,0.09
2026-07-25 18:26:44,0.13
2026-07-25 18:27:16,-0.11
2026-07-25 18:28:10,0.09
2026-07-25 18:28:18,-0.20
2026-07-25 18:29:57,-0.07
2026-07-25 18:30:24,0.06
2026-07-25 18:30:56,-0.13
2026-07-25 18:31:45,0.06
2026-07-25 18:32:44,0.08
2026-07-25 18:33:34,-0.09
2026-07-25 18:34:50,0.14
2026-07-25 18:35:21,-0.06
2026-07-25 18:36:38,0.08
2026-07-25 18:37:14,-0.08
2026-07-25 18:38:03,-0.11
2026-07-25 18:38:17,0.07
2026-07-25 18:39:06,0.09
2026-07-25 18:40:04,-0.06
2026-07-25 18:41:12,0.09
2026-07-25 18:42:01,-0.08
2026-07-25 18:43:13,0.07
2026-07-25 18:43:31,-0.07
2026-07-25 18:45:15,0.05
2026-07-25 18:45:59,-0.06
2026-07-25 18:46:12,0.06
2026-07-25 18:47:16,-0.12
2026-07-25 18:48:19,0.11
2026-07-25 18:49:31,-0.06
2026-07-25 18:50:29,0.07
2026-07-25 18:50:43,-0.06
2026-07-25 18:51:32,0.07
2026-07-25 18:53:38,-0.08
2026-07-25 18:53:46,0.03
2026-07-25 18:54:54,-0.07
2026-07-25 18:55:07,0.05
2026-07-25 18:56:38,-0.12
2026-07-25 18:56:42,0.05
2026-07-25 18:57:09,0.06
2026-07-25 18:58:02,-0.09
2026-07-25 18:59:42,0.02
2026-07-25 19:00:08,-0.08
2026-07-25 19:01:25,0.07
2026-07-25 19:01:39,-0.10
2026-07-25 19:02:46,0.08
2026-07-25 19:03:13,-0.08
2026-07-25 19:04:34,-0.10
2026-07-25 19:05:23,0.04
2026-07-25 19:06:03,0.05
2026-07-25 19:06:07,-0.08
2026-07-25 19:07:25,0.05
2026-07-25 19:07:56,-0.06
2026-07-25 19:08:46,0.07
2026-07-25 19:09:34,-0.07
2026-07-25 19:11:09,-0.05
2026-07-25 19:11:36,0.09
2026-07-25 19:13:24,-0.03
2026-07-25 19:13:54,0.08
2026-07-25 19:15:20,-0.03
2026-07-25 19:15:52,0.15
2026-07-25 19:17:27,-0.06
2026-07-25 19:18:17,0.12
2026-07-25 19:20:04,0.14
2026-07-25 19:20:14,-0.01
2026-07-25 19:20:31,0.00
2026-07-25 19:21:47,0.26
2026-07-25 19:22:14,-0.01
2026-07-25 19:22:54,0.12
2026-07-25 19:23:40,-0.01
2026-07-25 19:24:55,0.11
2026-07-25 19:25:31,0.15
2026-07-25 19:26:35,0.02
2026-07-25 19:26:53,0.18
2026-07-25 19:27:47,-0.02
2026-07-25 19:29:12,0.12
2026-07-25 19:30:34,0.01
2026-07-25 19:31:00,0.16
2026-07-25 19:32:16,-0.02
2026-07-25 19:32:48,0.13
2026-07-25 19:34:01,-0.02
2026-07-25 19:34:35,0.13
2026-07-25 19:36:36,-0.01
2026-07-25 19:36:46,-0.05
2026-07-25 19:37:36,0.14
2026-07-25 19:38:29,0.19
2026-07-25 19:38:48,0.00
2026-07-25 19:40:17,-0.02
2026-07-25 19:40:53,0.13
2026-07-25 19:42:15,0.15
2026-07-25 19:43:12,-0.01
2026-07-25 19:44:06,-0.02
2026-07-25 19:44:16,0.20
2026-07-25 19:45:15,0.13
2026-07-25 19:45:19,-0.05
2026-07-25 19:46:48,-0.03
2026-07-25 19:47:56,0.11
2026-07-25 19:48:55,-0.03
2026-07-25 19:49:13,0.16
2026-07-25 19:50:10,0.21
2026-07-25 19:50:42,-0.02
2026-07-25 19:51:44,0.01
2026-07-25 19:51:50,0.16
2026-07-25 19:53:24,0.19
2026-07-25 19:53:29,0.05
2026-07-25 19:54:00,0.07
2026-07-25 19:54:04,0.08
2026-07-25 19:54:09,0.06
2026-07-25 19:54:44,0.15
2026-07-25 19:54:58,0.17
2026-07-25 19:55:30,-0.01
2026-07-25 19:57:49,0.21
2026-07-25 19:57:53,0.03
2026-07-25 19:58:24,0.16
2026-07-25 19:59:24,-0.03
2026-07-25 19:59:54,0.16
2026-07-25 20:00:58,0.02
2026-07-25 20:01:47,0.16
2026-07-25 20:02:00,0.04
2026-07-25 20:04:06,0.06
2026-07-25 20:04:46,0.23
2026-07-25 20:05:14,0.16
2026-07-25 20:06:21,0.07
2026-07-25 20:06:30,0.15
2026-07-25 20:07:42,0.31
2026-07-25 20:08:53,0.27
2026-07-25 20:09:03,0.44
2026-07-25 20:09:52,0.36
2026-07-25 20:10:45,0.61
2026-07-25 20:12:16,0.69
2026-07-25 20:12:38,0.47
2026-07-25 20:13:15,0.55
2026-07-25 20:14:12,0.38
2026-07-25 20:14:44,0.42
2026-07-25 20:15:57,0.70
2026-07-25 20:16:23,0.47
2026-07-25 20:17:03,0.73
2026-07-25 20:18:46,0.51
2026-07-25 20:19:04,0.67
2026-07-25 20:20:38,0.56
2026-07-25 20:20:44,0.39
2026-07-25 20:22:35,0.40
2026-07-25 20:22:39,0.63
2026-07-25 20:24:32,0.38
2026-07-25 20:24:37,0.33
2026-07-25 20:25:26,0.70
2026-07-25 20:26:33,0.51
2026-07-25 20:27:06,0.77
2026-07-25 20:27:55,0.53
2026-07-25 20:28:18,0.73
2026-07-25 20:29:47,0.81
2026-07-25 20:31:05,0.65
2026-07-25 20:31:31,0.75
2026-07-25 20:32:15,0.45
2026-07-25 20:33:19,0.52
2026-07-25 20:33:23,0.37
2026-07-25 20:35:11,0.58
2026-07-25 20:35:20,0.38
2026-07-25 20:37:39,0.64
2026-07-25 20:37:57,0.58
2026-07-25 20:39:19,0.90
2026-07-25 20:39:53,0.77
2026-07-25 20:40:29,1.12
2026-07-25 20:41:28,0.94
2026-07-25 20:42:40,1.20
2026-07-25 20:42:49,1.23
2026-07-25 20:43:52,0.91
2026-07-25 20:44:50,0.83
2026-07-25 20:45:27,1.09
2026-07-25 20:46:42,0.96
2026-07-25 20:47:14,1.33
2026-07-25 20:48:07,1.47
2026-07-25 20:49:06,0.98
2026-07-25 20:49:28,1.12
2026-07-25 20:50:05,1.36
2026-07-25 20:51:03,1.09
2026-07-25 20:52:24,1.42
2026-07-25 20:53:31,1.30
2026-07-25 20:54:03,1.56
2026-07-25 20:54:57,1.32
2026-07-25 20:55:55,1.64
2026-07-25 20:56:27,1.67
2026-07-25 20:57:28,1.24
2026-07-25 20:57:57,1.27
2026-07-25 20:58:34,1.58
2026-07-25 20:59:31,1.31
2026-07-25 21:00:43,1.57
2026-07-25 21:01:18,1.58
2026-07-25 21:02:27,1.25
2026-07-25 21:02:35,1.39
2026-07-25 21:03:07,1.11
2026-07-25 21:04:28,1.27
2026-07-25 21:05:13,1.10
2026-07-25 21:06:25,1.00
2026-07-25 21:07:14,1.29
2026-07-25 21:08:39,1.34
2026-07-25 21:08:55,1.06
2026-07-25 21:09:24,1.17
2026-07-25 21:10:41,0.96
2026-07-25 21:11:16,1.16
2026-07-25 21:12:19,0.94
2026-07-25 21:13:05,0.97
2026-07-25 21:13:31,1.15
2026-07-25 21:14:11,0.92
2026-07-25 21:14:25,1.17
2026-07-25 21:15:46,0.93
2026-07-25 21:16:22,1.21
2026-07-25 21:17:38,1.14
2026-07-25 21:18:22,0.90
2026-07-25 21:19:03,1.12
2026-07-25 21:19:30,0.86
2026-07-25 21:21:28,1.02
2026-07-25 21:21:49,0.89
2026-07-25 21:23:29,0.88
2026-07-25 21:23:46,1.04
2026-07-25 21:24:46,1.09
2026-07-25 21:24:50,0.78
2026-07-25 21:25:39,0.95
2026-07-25 21:26:42,1.21
2026-07-25 21:27:36,1.41
2026-07-25 21:28:53,0.96
2026-07-25 21:29:06,1.20
2026-07-25 21:29:42,0.86
2026-07-25 21:30:36,0.98
2026-07-25 21:32:06,1.24
2026-07-25 21:32:37,1.31
2026-07-25 21:33:49,0.99
2026-07-25 21:34:06,1.24
2026-07-25 21:35:23,0.87
2026-07-25 21:36:40,0.82
2026-07-25 21:37:11,1.09
2026-07-25 21:37:56,1.20
2026-07-25 21:38:00,0.83
2026-07-25 21:38:58,0.97
2026-07-25 21:40:15,1.42
2026-07-25 21:40:38,1.30
2026-07-25 21:41:18,0.85
2026-07-25 21:42:39,1.24
2026-07-25 21:43:18,0.96
2026-07-25 21:44:58,1.15
2026-07-25 21:45:03,0.95
2026-07-25 21:46:01,1.17
2026-07-25 21:46:19,1.53
2026-07-25 21:47:31,1.61
2026-07-25 21:48:44,1.27
2026-07-25 21:49:46,1.56
2026-07-25 21:50:18,1.21
2026-07-25 21:50:26,1.35
2026-07-25 21:50:49,1.08
2026-07-25 21:52:15,0.98
2026-07-25 21:52:51,1.16
2026-07-25 21:54:12,0.97
2026-07-25 21:55:01,0.76
2026-07-25 21:56:22,0.69
2026-07-25 21:56:58,0.93
2026-07-25 21:57:11,0.99
2026-07-25 21:57:42,0.55
2026-07-25 21:58:45,0.47
2026-07-25 21:58:58,0.88
2026-07-25 22:01:09,0.69
2026-07-25 22:01:49,0.40
2026-07-25 22:02:44,0.58
2026-07-25 22:03:19,0.23
2026-07-25 22:04:26,0.29
2026-07-25 22:04:40,0.54
2026-07-25 22:06:01,0.24
2026-07-25 22:07:26,0.45
2026-07-25 22:08:16,0.24
2026-07-25 22:08:33,0.48
2026-07-25 22:10:09,0.21
2026-07-25 22:10:26,0.48
2026-07-25 22:11:47,0.13
2026-07-25 22:12:06,0.25
2026-07-25 22:13:03,0.08
2026-07-25 22:13:43,-0.02
2026-07-25 22:14:42,0.21
2026-07-25 22:16:07,0.18
2026-07-25 22:16:26,0.02
2026-07-25 22:17:10,0.03
2026-07-25 22:18:13,0.17
2026-07-25 22:18:49,0.03
2026-07-25 22:19:53,0.26
2026-07-25 22:21:22,0.07
2026-07-25 22:21:36,0.21
2026-07-25 22:22:07,0.04
2026-07-25 22:22:47,0.24
2026-07-25 22:24:17,0.30
2026-07-25 22:24:57,0.01
2026-07-25 22:26:27,0.24
2026-07-25 22:26:50,0.07
2026-07-25 22:27:58,0.29
2026-07-25 22:28:47,0.25
2026-07-25 22:28:51,0.07
2026-07-25 22:31:29,0.24
2026-07-25 22:32:18,0.25
2026-07-25 22:33:08,0.12
2026-07-25 22:33:40,0.26
2026-07-25 22:34:11,0.10
2026-07-25 22:35:58,0.06
2026-07-25 22:36:12,0.35
2026-07-25 22:37:42,0.14
2026-07-25 22:37:47,0.30
2026-07-25 22:38:36,0.15
2026-07-25 22:38:49,0.30
2026-07-25 22:40:19,0.24
2026-07-25 22:40:51,0.12
2026-07-25 22:41:45,0.07
2026-07-25 22:42:02,0.24
2026-07-25 22:43:15,0.08
2026-07-25 22:44:32,0.27
2026-07-25 22:45:48,0.07
2026-07-25 22:46:05,0.24
2026-07-25 22:46:37,0.20
2026-07-25 22:46:59,0.07
2026-07-25 22:48:21,0.23
2026-07-25 22:48:43,0.12
2026-07-25 22:49:55,0.05
2026-07-25 22:50:04,0.25
2026-07-25 22:51:56,0.10
2026-07-25 22:52:46,0.24
2026-07-25 22:53:12,0.08
2026-07-25 22:54:33,0.37
2026-07-25 22:55:00,0.27
2026-07-25 22:56:03,0.68
2026-07-25 22:57:19,0.55
2026-07-25 22:57:23,0.43
2026-07-25 22:58:04,0.54
2026-07-25 22:58:36,0.33
2026-07-25 22:59:57,0.60
2026-07-25 23:00:10,0.33
2026-07-25 23:01:40,0.54
2026-07-25 23:01:58,0.26
2026-07-25 23:03:05,0.44
2026-07-25 23:03:30,0.28
2026-07-25 23:04:57,0.41
2026-07-25 23:05:33,0.26
2026-07-25 23:07:04,0.29
2026-07-25 23:07:54,0.53
2026-07-25 23:08:03,0.44
2026-07-25 23:09:14,0.70
2026-07-25 23:09:40,0.66
2026-07-25 23:09:54,0.44
2026-07-25 23:12:14,0.68
2026-07-25 23:12:45,0.53
2026-07-25 23:12:54,0.55
2026-07-25 23:14:11,0.80
2026-07-25 23:15:04,0.59
2026-07-25 23:15:45,0.84
2026-07-25 23:17:14,0.76
2026-07-25 23:17:46,1.07
2026-07-25 23:18:31,0.71
2026-07-25 23:18:54,0.88
2026-07-25 23:19:43,0.96
2026-07-25 23:21:08,0.64
2026-07-25 23:21:12,0.80
2026-07-25 23:21:44,0.55
2026-07-25 23:22:51,0.59
2026-07-25 23:23:46,0.90
2026-07-25 23:25:11,0.69
2026-07-25 23:25:46,0.42
2026-07-25 23:26:54,0.56
2026-07-25 23:27:25,0.44
2026-07-25 23:27:49,0.33
2026-07-25 23:28:55,0.52
2026-07-25 23:30:07,0.31
2026-07-25 23:31:01,0.51
2026-07-25 23:31:05,0.29
2026-07-25 23:32:05,0.50
2026-07-25 23:32:45,0.34
2026-07-25 23:34:19,0.54
2026-07-25 23:34:24,0.44
2026-07-25 23:35:04,0.70
2026-07-25 23:36:16,0.63
2026-07-25 23:37:09,0.46
2026-07-25 23:38:13,0.67
2026-07-25 23:38:18,0.49
2026-07-25 23:40:00,0.74
2026-07-25 23:40:40,0.54
2026-07-25 23:41:20,0.44
2026-07-25 23:41:34,0.65
2026-07-25 23:43:22,0.63
2026-07-25 23:44:07,0.40
2026-07-25 23:44:57,0.33
2026-07-25 23:45:06,0.51
2026-07-25 23:46:32,0.45
2026-07-25 23:47:12,0.22
2026-07-25 23:47:39,0.39
2026-07-25 23:48:24,0.18
2026-07-25 23:49:32,0.27
2026-07-25 23:50:20,0.08
2026-07-25 23:51:37,0.07
2026-07-25 23:52:00,0.32
2026-07-25 23:52:31,0.20
2026-07-25 23:54:01,0.64
2026-07-25 23:54:10,0.51
2026-07-25 23:55:18,0.93
2026-07-25 23:55:48,0.78
2026-07-25 23:57:20,1.05
2026-07-25 23:57:50,0.82
2026-07-25 23:59:02,1.16
2026-07-26 00:00:01,1.18
2026-07-26 00:00:14,0.92
2026-07-26 00:01:53,0.83
2026-07-26 00:02:20,1.14
2026-07-26 00:02:38,0.88
2026-07-26 00:03:41,1.22
2026-07-26 00:04:25,0.98
2026-07-26 00:05:07,1.28
2026-07-26 00:05:47,1.21
2026-07-26 00:06:04,0.94
2026-07-26 00:07:48,1.21
2026-07-26 00:08:01,0.92
2026-07-26 00:09:27,1.25
2026-07-26 00:09:45,1.01
2026-07-26 00:11:36,1.16
2026-07-26 00:12:22,1.24
2026-07-26 00:13:12,0.88
2026-07-26 00:15:03,1.08
2026-07-26 00:15:30,1.27
2026-07-26 00:16:05,1.09
2026-07-26 00:16:52,1.51
2026-07-26 00:17:23,1.30
2026-07-26 00:18:25,1.59
2026-07-26 00:19:20,1.71
2026-07-26 00:20:18,1.35
2026-07-26 00:20:36,1.65
2026-07-26 00:21:22,2.05
2026-07-26 00:22:28,2.23
2026-07-26 00:22:51,1.67
2026-07-26 00:24:17,1.71
2026-07-26 00:24:49,2.21
2026-07-26 00:25:33,2.13
2026-07-26 00:26:54,1.75
2026-07-26 00:27:39,1.63
2026-07-26 00:28:46,1.99
2026-07-26 00:29:00,1.75
2026-07-26 00:30:20,2.23
2026-07-26 00:31:01,2.03
2026-07-26 00:31:50,2.40
2026-07-26 00:32:57,2.63
2026-07-26 00:33:43,2.15
2026-07-26 00:34:18,1.99
2026-07-26 00:35:17,2.51
2026-07-26 00:35:26,2.32
2026-07-26 00:36:10,2.86
2026-07-26 00:37:27,2.44
2026-07-26 00:38:30,3.56
2026-07-26 00:39:24,4.07
2026-07-26 00:40:05,3.22
2026-07-26 00:41:03,3.90
2026-07-26 00:41:47,3.08
2026-07-26 00:42:56,3.57
2026-07-26 00:43:36,3.10
2026-07-26 00:44:30,3.22
2026-07-26 00:45:01,2.74
2026-07-26 00:46:04,3.54
2026-07-26 00:46:31,2.98
2026-07-26 00:47:20,3.62
2026-07-26 00:48:15,3.04
2026-07-26 00:48:41,3.32
2026-07-26 00:50:12,2.49
2026-07-26 00:50:38,2.40
2026-07-26 00:51:23,2.91
2026-07-26 00:52:12,2.97
2026-07-26 00:53:20,2.47
2026-07-26 00:53:56,2.94
2026-07-26 00:54:50,2.43
2026-07-26 00:55:22,2.51
2026-07-26 00:55:49,3.12
2026-07-26 00:57:05,2.69
2026-07-26 00:57:36,3.11
2026-07-26 00:58:48,3.13
2026-07-26 00:59:33,2.56
2026-07-26 01:00:22,2.88
2026-07-26 01:00:49,2.18
2026-07-26 01:02:11,2.87
2026-07-26 01:02:59,2.32
2026-07-26 01:03:32,2.54
2026-07-26 01:05:00,1.76
2026-07-26 01:05:14,1.84
2026-07-26 01:05:33,1.35
2026-07-26 01:06:53,1.56
2026-07-26 01:07:26,2.09
2026-07-26 01:08:32,1.85
2026-07-26 01:10:02,1.32
2026-07-26 01:10:46,1.43
2026-07-26 01:11:41,1.18
2026-07-26 01:12:26,1.16
2026-07-26 01:13:06,1.50
2026-07-26 01:13:29,1.33
2026-07-26 01:14:32,1.80
2026-07-26 01:15:21,1.45
2026-07-26 01:15:26,1.03
2026-07-26 01:17:36,1.45
2026-07-26 01:17:59,1.08
2026-07-26 01:18:20,1.27
2026-07-26 01:19:20,0.80
2026-07-26 01:20:13,0.72
2026-07-26 01:21:17,1.07
2026-07-26 01:22:10,0.88
2026-07-26 01:22:51,1.18
2026-07-26 01:23:18,0.98
2026-07-26 01:23:58,1.39
2026-07-26 01:25:06,1.26
2026-07-26 01:26:17,1.80
2026-07-26 01:27:07,1.83
2026-07-26 01:28:01,2.25
2026-07-26 01:28:38,1.97
2026-07-26 01:29:40,2.48
2026-07-26 01:29:53,2.41
2026-07-26 01:31:22,3.06
2026-07-26 01:31:49,3.29
2026-07-26 01:33:02,2.43
2026-07-26 01:33:47,2.19
2026-07-26 01:34:44,2.65
2026-07-26 01:35:29,2.61
2026-07-26 01:35:56,3.06
2026-07-26 01:36:33,2.96
2026-07-26 01:37:54,2.39
2026-07-26 01:39:02,3.00
2026-07-26 01:39:32,2.32
2026-07-26 01:40:28,2.71
2026-07-26 01:41:02,2.36
2026-07-26 01:41:25,2.74
2026-07-26 01:42:59,2.20
2026-07-26 01:43:09,2.29
2026-07-26 01:44:16,1.72
2026-07-26 01:44:43,1.80
2026-07-26 01:46:08,2.59
2026-07-26 01:46:26,2.54
2026-07-26 01:47:24,2.17
2026-07-26 01:48:42,2.74
2026-07-26 01:49:30,2.07
2026-07-26 01:50:06,1.91
2026-07-26 01:50:24,2.50
2026-07-26 01:51:49,1.83
2026-07-26 01:52:08,2.19
2026-07-26 01:53:02,2.05
2026-07-26 01:53:29,1.52
2026-07-26 01:54:44,1.94
2026-07-26 01:56:02,1.63
2026-07-26 01:56:16,1.93
2026-07-26 01:56:37,1.60
2026-07-26 01:57:57,1.64
2026-07-26 01:58:57,2.08
2026-07-26 02:00:00,1.68
2026-07-26 02:01:07,2.19
2026-07-26 02:01:20,2.23
2026-07-26 02:02:45,1.79
2026-07-26 02:02:54,1.84
2026-07-26 02:04:24,2.31
2026-07-26 02:05:04,2.37
2026-07-26 02:05:59,1.96
2026-07-26 02:06:12,2.03
2026-07-26 02:07:33,1.67
2026-07-26 02:08:10,2.02
2026-07-26 02:09:17,1.65
2026-07-26 02:09:47,1.99
2026-07-26 02:11:00,1.35
2026-07-26 02:11:58,1.16
2026-07-26 02:12:08,1.59
2026-07-26 02:13:05,1.14
2026-07-26 02:13:41,1.88
2026-07-26 02:14:50,1.48
2026-07-26 02:15:52,1.79
2026-07-26 02:16:37,1.84
2026-07-26 02:17:40,1.27
2026-07-26 02:18:38,1.57
2026-07-26 02:19:10,1.18
2026-07-26 02:20:18,1.31
2026-07-26 02:20:52,1.53
2026-07-26 02:21:52,1.18
2026-07-26 02:22:24,1.66
2026-07-26 02:22:45,1.26
2026-07-26 02:24:15,1.74
2026-07-26 02:24:59,1.91
2026-07-26 02:25:40,1.45
2026-07-26 02:26:52,1.25
2026-07-26 02:27:29,1.67
2026-07-26 02:27:46,1.70
2026-07-26 02:29:12,1.18
2026-07-26 02:29:20,1.24
2026-07-26 02:29:52,1.72
2026-07-26 02:30:55,1.50
2026-07-26 02:31:59,1.21
2026-07-26 02:33:10,1.56
2026-07-26 02:33:55,1.18
2026-07-26 02:34:22,1.46
2026-07-26 02:35:47,0.85
2026-07-26 02:35:52,0.74
2026-07-26 02:37:13,1.12
2026-07-26 02:37:45,0.92
2026-07-26 02:39:01,1.12
2026-07-26 02:39:14,1.06
2026-07-26 02:40:39,0.60
2026-07-26 02:40:53,0.79
2026-07-26 02:41:39,0.59
2026-07-26 02:42:37,0.73
2026-07-26 02:43:48,0.49
2026-07-26 02:44:38,0.58
2026-07-26 02:45:04,0.44
2026-07-26 02:46:53,0.33
2026-07-26 02:47:15,0.69
2026-07-26 02:47:41,0.45
2026-07-26 02:48:00,0.67
2026-07-26 02:49:07,0.69
2026-07-26 02:49:57,0.37
2026-07-26 02:50:47,0.58
2026-07-26 02:51:58,0.92
2026-07-26 02:52:41,0.65
2026-07-26 02:53:20,1.03
2026-07-26 02:55:11,0.84
2026-07-26 02:55:34,1.05
2026-07-26 02:56:30,1.07
2026-07-26 02:57:17,0.77
2026-07-26 02:57:21,0.72
2026-07-26 02:58:25,1.15
2026-07-26 02:59:01,0.88
2026-07-26 03:00:08,1.30
2026-07-26 03:00:44,1.36
2026-07-26 03:02:05,1.88
2026-07-26 03:02:55,1.68
2026-07-26 03:03:52,2.09
2026-07-26 03:05:14,2.03
2026-07-26 03:05:27,2.51
2026-07-26 03:05:35,2.47
2026-07-26 03:05:50,1.98
2026-07-26 03:07:32,2.20
2026-07-26 03:08:22,1.50
2026-07-26 03:09:08,1.88
2026-07-26 03:10:23,1.50
2026-07-26 03:11:09,1.61
2026-07-26 03:11:22,1.94
2026-07-26 03:12:12,1.66
2026-07-26 03:13:01,1.29
2026-07-26 03:14:13,1.30
2026-07-26 03:15:06,1.71
2026-07-26 03:15:48,1.59
2026-07-26 03:16:46,1.99
2026-07-26 03:18:11,1.44
2026-07-26 03:18:37,1.90
2026-07-26 03:19:13,1.63
2026-07-26 03:19:33,1.96
2026-07-26 03:20:49,1.76
2026-07-26 03:22:00,2.40
2026-07-26 03:22:23,2.01
2026-07-26 03:23:30,2.82
2026-07-26 03:23:57,2.27
2026-07-26 03:25:17,3.18
2026-07-26 03:25:22,2.79
2026-07-26 03:25:58,2.24
2026-07-26 03:27:29,2.95
2026-07-26 03:28:27,2.40
2026-07-26 03:29:07,2.79
2026-07-26 03:30:10,2.17
2026-07-26 03:31:14,2.26
2026-07-26 03:31:44,1.77
2026-07-26 03:32:38,1.71
2026-07-26 03:32:56,2.26
2026-07-26 03:34:49,1.44
2026-07-26 03:35:07,1.85
2026-07-26 03:36:01,2.01
2026-07-26 03:36:14,1.58
2026-07-26 03:37:04,1.67
2026-07-26 03:38:15,2.26
2026-07-26 03:38:38,1.94
2026-07-26 03:39:24,2.64
2026-07-26 03:40:44,2.18
2026-07-26 03:41:42,2.95
2026-07-26 03:42:13,3.05
2026-07-26 03:42:45,2.03
2026-07-26 03:44:28,2.94
2026-07-26 03:44:51,2.10
2026-07-26 03:45:18,2.38
2026-07-26 03:45:26,2.86
2026-07-26 03:47:19,3.05
2026-07-26 03:47:55,2.36
2026-07-26 03:48:44,2.71
2026-07-26 03:49:52,2.36
2026-07-26 03:50:24,3.09
2026-07-26 03:51:05,2.56
2026-07-26 03:51:58,2.37
2026-07-26 03:53:06,3.37
2026-07-26 03:53:27,2.65
2026-07-26 03:54:40,3.56
2026-07-26 03:55:06,3.48
2026-07-26 03:56:18,2.51
2026-07-26 03:56:59,3.32
2026-07-26 03:58:19,2.72
2026-07-26 03:59:05,3.06
2026-07-26 03:59:49,2.24
2026-07-26 04:00:07,2.41
2026-07-26 04:00:29,2.90
2026-07-26 04:02:05,2.83
2026-07-26 04:02:50,2.08
2026-07-26 04:03:30,2.07
2026-07-26 04:04:55,2.59
2026-07-26 04:05:26,3.05
2026-07-26 04:06:34,2.32
2026-07-26 04:06:47,2.65
2026-07-26 04:07:54,1.75
2026-07-26 04:09:05,1.53
2026-07-26 04:09:52,2.03
2026-07-26 04:10:19,1.59
2026-07-26 04:11:30,2.61
2026-07-26 04:11:53,2.35
2026-07-26 04:13:10,3.29
2026-07-26 04:13:54,2.58
2026-07-26 04:14:27,3.32
2026-07-26 04:15:11,2.69
2026-07-26 04:16:13,3.78
2026-07-26 04:16:36,3.74
2026-07-26 04:17:47,2.74
2026-07-26 04:18:24,2.57
2026-07-26 04:19:00,3.25
2026-07-26 04:20:07,2.62
2026-07-26 04:20:53,3.82
2026-07-26 04:22:14,3.05
2026-07-26 04:22:49,3.68
2026-07-26 04:24:10,3.15
2026-07-26 04:24:41,3.97
2026-07-26 04:24:47,3.43
2026-07-26 04:26:21,6.46
2026-07-26 04:26:34,6.44
2026-07-26 04:27:54,3.80
2026-07-26 04:28:03,3.75
2026-07-26 04:28:18,5.09
2026-07-26 04:30:23,4.55
2026-07-26 04:31:12,3.51
2026-07-26 04:32:07,4.17
2026-07-26 04:32:34,3.62
2026-07-26 04:33:35,4.23
2026-07-26 04:34:30,3.02
2026-07-26 04:35:02,2.99
2026-07-26 04:35:36,3.55
2026-07-26 04:36:28,3.08
2026-07-26 04:36:45,2.44
2026-07-26 04:38:37,2.39
2026-07-26 04:39:13,2.85
2026-07-26 04:39:49,2.53
2026-07-26 04:40:43,3.18
2026-07-26 04:42:17,2.87
2026-07-26 04:42:53,3.47
2026-07-26 04:43:02,4.03
2026-07-26 04:44:01,2.96
2026-07-26 04:44:55,3.32
2026-07-26 04:46:02,3.97
2026-07-26 04:46:37,3.52
2026-07-26 04:46:56,4.07
2026-07-26 04:47:54,4.00
2026-07-26 04:48:26,3.07
2026-07-26 04:50:00,3.28
2026-07-26 04:50:54,4.38
2026-07-26 04:51:48,3.98
2026-07-26 04:52:37,5.57
2026-07-26 04:53:30,5.51
2026-07-26 04:53:44,6.88
2026-07-26 04:55:06,5.74
2026-07-26 04:55:24,4.44
2026-07-26 04:56:17,4.36
2026-07-26 04:56:57,5.47
2026-07-26 04:58:10,4.56
2026-07-26 04:58:44,6.21
2026-07-26 04:59:36,5.43
2026-07-26 05:00:30,3.40
2026-07-26 05:01:32,4.67
2026-07-26 05:02:40,3.73
2026-07-26 05:02:49,3.62
2026-07-26 05:04:14,6.23
2026-07-26 05:04:31,5.23
2026-07-26 05:05:25,8.24
2026-07-26 05:06:15,8.48
2026-07-26 05:07:32,5.03
2026-07-26 05:08:12,6.76
2026-07-26 05:08:30,4.93
2026-07-26 05:09:29,5.14
2026-07-26 05:09:55,3.04
2026-07-26 05:11:17,4.14
2026-07-26 05:12:19,2.62
2026-07-26 05:12:55,3.12
2026-07-26 05:13:49,2.25
2026-07-26 05:14:57,3.12
2026-07-26 05:15:10,2.35
2026-07-26 05:15:55,3.37
2026-07-26 05:17:06,2.16
2026-07-26 05:17:33,3.18
2026-07-26 05:18:41,5.43
2026-07-26 05:19:49,5.07
2026-07-26 05:20:46,3.18
2026-07-26 05:21:23,3.70
2026-07-26 05:22:04,2.16
2026-07-26 05:22:44,2.87
2026-07-26 05:23:16,1.73
2026-07-26 05:24:09,1.67
2026-07-26 05:25:12,2.65
2026-07-26 05:25:52,1.61
2026-07-26 05:27:00,3.60
2026-07-26 05:27:27,3.19
2026-07-26 05:28:48,6.18
2026-07-26 05:29:17,4.94
2026-07-26 05:29:29,6.45
2026-07-26 05:31:03,4.92
2026-07-26 05:32:00,7.88
2026-07-26 05:32:50,7.29
2026-07-26 05:33:13,9.59
2026-07-26 05:34:24,10.12
2026-07-26 05:35:31,8.04
2026-07-26 05:37:19,4.99
2026-07-26 05:38:12,4.60
2026-07-26 05:38:58,5.95
2026-07-26 05:39:11,4.58
2026-07-26 05:39:43,6.28
2026-07-26 05:40:43,4.71
2026-07-26 05:41:22,6.39
2026-07-26 05:42:19,7.34
2026-07-26 05:42:29,5.61
2026-07-26 05:44:20,8.02
2026-07-26 05:45:01,5.86
2026-07-26 05:45:42,6.28
2026-07-26 05:47:12,8.06
2026-07-26 05:47:53,7.13
2026-07-26 05:48:37,9.66
2026-07-26 05:48:54,9.29
2026-07-26 05:50:06,6.59
2026-07-26 05:50:46,8.28
2026-07-26 05:52:02,4.37
2026-07-26 05:52:17,3.97
2026-07-26 05:53:41,8.79
2026-07-26 05:54:13,6.43
2026-07-26 05:55:06,9.88
2026-07-26 05:55:51,6.64
2026-07-26 05:56:58,8.40
2026-07-26 05:57:12,7.94
2026-07-26 05:58:32,4.63
2026-07-26 05:59:12,5.64
2026-07-26 06:00:17,8.05
2026-07-26 06:00:34,7.72
2026-07-26 06:01:51,6.24
2026-07-26 06:02:08,5.67
2026-07-26 06:03:28,10.54
2026-07-26 06:03:47,10.34
2026-07-26 06:04:31,13.34
2026-07-26 06:06:18,13.21
2026-07-26 06:06:45,11.87
2026-07-26 06:07:25,11.73
2026-07-26 06:08:16,9.40
2026-07-26 06:09:24,11.93
2026-07-26 06:10:17,9.08
2026-07-26 06:10:21,8.74
2026-07-26 06:11:57,12.22
2026-07-26 06:12:05,11.78
2026-07-26 06:13:29,8.01
2026-07-26 06:13:47,9.26
2026-07-26 06:15:01,7.35
2026-07-26 06:15:44,7.05
2026-07-26 06:16:37,5.59
2026-07-26 06:17:27,5.08
2026-07-26 06:17:50,6.97
2026-07-26 06:19:02,4.71
2026-07-26 06:20:10,8.25
2026-07-26 06:20:31,7.19
2026-07-26 06:21:52,4.38
2026-07-26 06:22:19,2.33
2026-07-26 06:23:18,6.38
2026-07-26 06:23:37,6.20
2026-07-26 06:25:10,2.57
2026-07-26 06:25:42,2.25
2026-07-26 06:26:04,3.37
2026-07-26 06:26:53,3.23
2026-07-26 06:28:28,1.53
2026-07-26 06:28:37,1.09
2026-07-26 06:29:04,2.13
2026-07-26 06:29:12,2.12
2026-07-26 06:29:17,2.39
2026-07-26 06:29:49,2.52
2026-07-26 06:30:06,1.89
2026-07-26 06:30:34,2.83
2026-07-26 06:31:11,2.24
2026-07-26 06:31:55,2.65
2026-07-26 06:33:06,2.00
2026-07-26 06:33:29,1.94
2026-07-26 06:34:45,4.49
2026-07-26 06:35:35,5.10
2026-07-26 06:36:38,3.40
2026-07-26 06:36:51,3.68
2026-07-26 06:38:21,1.53
2026-07-26 06:38:57,1.13
2026-07-26 06:39:59,3.35
2026-07-26 06:40:09,3.16
2026-07-26 06:41:30,1.53
2026-07-26 06:41:46,1.98
2026-07-26 06:43:13,0.93
2026-07-26 06:43:26,0.90
2026-07-26 06:44:38,2.81
2026-07-26 06:45:46,2.42
2026-07-26 06:46:35,3.19
2026-07-26 06:46:45,2.95
2026-07-26 06:46:59,3.79
2026-07-26 06:48:59,2.70
2026-07-26 06:49:53,4.05
2026-07-26 06:49:58,4.19
2026-07-26 06:51:06,1.98
2026-07-26 06:51:46,2.86
2026-07-26 06:52:39,1.61
2026-07-26 06:53:25,2.09
2026-07-26 06:53:42,3.90
2026-07-26 06:54:59,3.26
2026-07-26 06:55:26,5.13
2026-07-26 06:56:55,4.49
2026-07-26 06:58:07,2.58
2026-07-26 06:59:06,2.28
2026-07-26 06:59:37,3.80
2026-07-26 06:59:54,3.17
2026-07-26 07:01:16,4.95
2026-07-26 07:01:30,4.70
2026-07-26 07:02:00,3.37
2026-07-26 07:03:48,5.14
2026-07-26 07:04:15,3.52
2026-07-26 07:05:41,4.53
2026-07-26 07:06:03,5.41
2026-07-26 07:06:35,5.01
2026-07-26 07:07:34,9.15
2026-07-26 07:08:08,6.51
2026-07-26 07:09:08,4.93
2026-07-26 07:09:53,5.67
2026-07-26 07:11:22,3.57
2026-07-26 07:11:35,3.82
2026-07-26 07:12:30,2.05
2026-07-26 07:13:41,2.38
2026-07-26 07:13:55,3.23
2026-07-26 07:15:16,4.10
2026-07-26 07:16:19,2.62
2026-07-26 07:16:28,2.38
2026-07-26 07:17:14,1.44
2026-07-26 07:18:29,1.24
2026-07-26 07:19:19,1.73
2026-07-26 07:20:22,1.24
2026-07-26 07:21:11,1.98
2026-07-26 07:21:25,1.74
2026-07-26 07:22:36,2.61
2026-07-26 07:23:03,1.95
2026-07-26 07:24:34,4.68
2026-07-26 07:24:48,5.35
2026-07-26 07:25:49,3.51
2026-07-26 07:26:25,3.96
2026-07-26 07:27:19,5.53
2026-07-26 07:27:55,4.41
2026-07-26 07:29:12,9.56
2026-07-26 07:29:34,6.93
2026-07-26 07:30:45,3.30
2026-07-26 07:31:16,4.33
2026-07-26 07:32:11,3.02
2026-07-26 07:32:55,3.77
2026-07-26 07:33:50,2.06
2026-07-26 07:35:20,3.44
2026-07-26 07:36:05,0.87
2026-07-26 07:36:32,0.61
2026-07-26 07:37:16,2.21
2026-07-26 07:37:53,1.90
2026-07-26 07:38:19,2.39
2026-07-26 07:39:28,2.81
2026-07-26 07:40:03,1.91
2026-07-26 07:41:50,1.79
2026-07-26 07:42:44,3.07
2026-07-26 07:43:39,3.87
2026-07-26 07:44:19,2.77
2026-07-26 07:44:28,3.53
2026-07-26 07:45:57,5.91
2026-07-26 07:46:03,6.09
2026-07-26 07:46:29,4.34
2026-07-26 07:47:46,4.73
2026-07-26 07:49:02,2.97
2026-07-26 07:49:51,5.01
2026-07-26 07:50:30,3.06
2026-07-26 07:51:17,2.73
2026-07-26 07:52:20,6.01
2026-07-26 07:52:42,5.57
2026-07-26 07:54:07,2.85
2026-07-26 07:55:29,2.50
2026-07-26 07:55:56,4.71
2026-07-26 07:56:00,4.60
2026-07-26 07:57:21,3.02
2026-07-26 07:58:01,4.42
2026-07-26 07:58:38,2.41
2026-07-26 07:59:58,2.54
2026-07-26 08:00:03,3.28
2026-07-26 08:00:57,2.76
2026-07-26 08:02:09,4.66
2026-07-26 08:03:30,3.18
2026-07-26 08:04:05,4.42
2026-07-26 08:04:14,3.51
2026-07-26 08:05:08,5.42
2026-07-26 08:06:07,4.48
2026-07-26 08:06:57,3.12
2026-07-26 08:07:41,3.91
2026-07-26 08:09:02,1.73
2026-07-26 08:09:15,2.03
2026-07-26 08:10:32,1.31
2026-07-26 08:11:21,1.38
2026-07-26 08:12:05,1.83
2026-07-26 08:13:05,1.34
2026-07-26 08:13:58,2.07
2026-07-26 08:14:30,1.61
2026-07-26 08:15:42,2.58
2026-07-26 08:15:46,2.34
2026-07-26 08:17:21,6.34
2026-07-26 08:17:44,6.47
2026-07-26 08:18:59,3.69
2026-07-26 08:19:35,3.57
2026-07-26 08:20:39,6.73
2026-07-26 08:20:43,6.81
2026-07-26 08:22:17,2.31
2026-07-26 08:22:49,1.62
2026-07-26 08:23:56,2.67
2026-07-26 08:24:00,2.64
2026-07-26 08:25:18,1.84
2026-07-26 08:26:06,1.68
2026-07-26 08:27:13,2.46
2026-07-26 08:27:45,2.45
2026-07-26 08:28:53,1.64
2026-07-26 08:29:33,1.32
2026-07-26 08:30:32,2.32
2026-07-26 08:30:59,2.74
2026-07-26 08:31:43,1.91
2026-07-26 08:32:19,2.10
2026-07-26 08:33:26,4.55
2026-07-26 08:34:12,3.91
2026-07-26 08:35:10,7.88
2026-07-26 08:35:37,5.09
2026-07-26 08:35:59,7.21
2026-07-26 08:37:20,4.89
2026-07-26 08:38:50,7.00
2026-07-26 08:39:17,8.33
2026-07-26 08:40:20,6.15
2026-07-26 08:40:30,6.34
2026-07-26 08:40:56,4.10
2026-07-26 08:42:17,4.03
2026-07-26 08:43:41,2.45
2026-07-26 08:43:51,2.79
2026-07-26 08:44:41,2.20
2026-07-26 08:45:39,2.03
2026-07-26 08:46:19,3.03
2026-07-26 08:47:40,3.05
2026-07-26 08:48:34,2.04
2026-07-26 08:48:48,2.25
2026-07-26 08:50:04,4.85
2026-07-26 08:51:25,4.79
2026-07-26 08:52:01,3.27
2026-07-26 08:53:08,2.35
2026-07-26 08:53:21,3.38
2026-07-26 08:54:15,3.59
2026-07-26 08:55:14,2.36
2026-07-26 08:55:54,2.45
2026-07-26 08:56:22,3.10
2026-07-26 08:57:20,2.32
2026-07-26 08:58:09,10.27
2026-07-26 08:58:40,4.70
2026-07-26 08:59:07,2.61
2026-07-26 09:00:28,3.06
2026-07-26 09:01:08,5.28
2026-07-26 09:02:07,3.30
2026-07-26 09:03:14,5.55
2026-07-26 09:03:51,4.65
2026-07-26 09:05:01,7.18
2026-07-26 09:05:24,6.38
2026-07-26 09:06:28,3.19
2026-07-26 09:07:13,3.81
2026-07-26 09:08:28,2.50
2026-07-26 09:08:51,2.45
2026-07-26 09:09:14,3.08
2026-07-26 09:10:16,2.43
2026-07-26 09:11:29,6.18
2026-07-26 09:12:27,4.91
2026-07-26 09:13:25,6.15
2026-07-26 09:13:39,7.12
2026-07-26 09:15:00,2.64
2026-07-26 09:15:58,2.86
2026-07-26 09:16:16,4.05
2026-07-26 09:16:56,4.12
2026-07-26 09:17:46,2.99
2026-07-26 09:18:40,3.47
2026-07-26 09:19:39,2.52
2026-07-26 09:21:03,3.12
2026-07-26 09:21:44,2.01
2026-07-26 09:22:47,2.22
2026-07-26 09:23:01,1.56
2026-07-26 09:23:28,1.66
2026-07-26 09:24:43,1.00
2026-07-26 09:25:37,1.29
2026-07-26 09:25:59,1.85
2026-07-26 09:26:59,1.84
2026-07-26 09:27:35,1.31
2026-07-26 09:28:50,1.63
2026-07-26 09:29:03,1.19
2026-07-26 09:30:25,1.25
2026-07-26 09:31:24,0.79
2026-07-26 09:32:26,0.87
2026-07-26 09:33:10,1.42
2026-07-26 09:33:36,1.38
2026-07-26 09:34:42,0.94
2026-07-26 09:35:31,1.47
2026-07-26 09:36:24,0.95
2026-07-26 09:36:37,0.94
2026-07-26 09:37:59,1.65
2026-07-26 09:38:53,1.76
2026-07-26 09:39:24,1.18
2026-07-26 09:40:31,0.87
2026-07-26 09:41:26,1.50
2026-07-26 09:42:16,1.71
2026-07-26 09:42:42,1.20
2026-07-26 09:43:14,1.18
2026-07-26 09:44:30,1.68
2026-07-26 09:44:52,1.63
2026-07-26 09:45:37,0.69
2026-07-26 09:46:36,0.80
2026-07-26 09:47:30,1.26
2026-07-26 09:48:37,0.51
2026-07-26 09:49:36,0.88
2026-07-26 09:50:11,0.92
2026-07-26 09:51:19,0.49
2026-07-26 09:51:41,0.48
2026-07-26 09:52:42,1.27
2026-07-26 09:53:51,1.07
2026-07-26 09:54:18,0.81
2026-07-26 09:54:55,0.97
2026-07-26 09:56:15,1.45
2026-07-26 09:57:01,1.74
2026-07-26 09:57:32,1.16
2026-07-26 09:58:39,1.73
2026-07-26 09:59:33,0.87
2026-07-26 09:59:42,1.34
2026-07-26 10:00:41,0.76
2026-07-26 10:01:44,0.87
2026-07-26 10:02:56,1.58
2026-07-26 10:03:45,1.11
2026-07-26 10:04:25,1.62
2026-07-26 10:04:39,1.18
2026-07-26 10:05:55,1.69
2026-07-26 10:06:22,1.36
2026-07-26 10:07:52,2.11
2026-07-26 10:08:10,1.81
2026-07-26 10:08:51,3.00
2026-07-26 10:10:25,3.28
2026-07-26 10:11:10,1.80
2026-07-26 10:11:32,1.74
2026-07-26 10:11:59,2.72
2026-07-26 10:13:16,2.25
2026-07-26 10:13:46,1.56
2026-07-26 10:15:44,2.44
2026-07-26 10:16:11,1.57
2026-07-26 10:16:56,1.75
2026-07-26 10:17:32,1.21
2026-07-26 10:17:53,1.68
2026-07-26 10:18:48,1.15
2026-07-26 10:19:42,1.46
2026-07-26 10:20:05,1.03
2026-07-26 10:21:16,0.95
2026-07-26 10:22:33,0.38
2026-07-26 10:23:00,0.72
2026-07-26 10:23:36,0.37
2026-07-26 10:24:57,0.24
2026-07-26 10:25:27,0.51
2026-07-26 10:26:08,0.31
2026-07-26 10:26:58,0.17
2026-07-26 10:28:01,0.14
2026-07-26 10:29:17,0.54
2026-07-26 10:29:30,0.49
2026-07-26 10:30:24,0.22
2026-07-26 10:31:10,0.50
2026-07-26 10:31:54,0.20
2026-07-26 10:33:28,0.46
2026-07-26 10:33:37,0.21
2026-07-26 10:34:22,0.39
2026-07-26 10:35:17,0.06
2026-07-26 10:36:55,-0.06
2026-07-26 10:37:27,0.30
2026-07-26 10:39:10,-0.04
2026-07-26 10:39:41,0.04
2026-07-26 10:40:41,0.49
2026-07-26 10:41:29,0.40
2026-07-26 10:42:05,0.73
2026-07-26 10:42:37,0.57
2026-07-26 10:43:31,0.28
2026-07-26 10:45:01,0.49
2026-07-26 10:45:32,0.23
2026-07-26 10:47:20,0.16
2026-07-26 10:47:24,0.39
2026-07-26 10:48:00,0.14
2026-07-26 10:48:55,0.48
2026-07-26 10:50:07,0.54
2026-07-26 10:50:38,0.07
2026-07-26 10:50:51,0.18
2026-07-26 10:51:14,0.66
2026-07-26 10:52:30,0.54
2026-07-26 10:53:56,0.26
2026-07-26 10:55:16,0.31
2026-07-26 10:55:38,0.66
2026-07-26 10:55:48,0.82
2026-07-26 10:56:50,0.36
2026-07-26 10:57:45,0.42
2026-07-26 10:59:05,0.17
2026-07-26 10:59:41,0.19
2026-07-26 11:00:17,0.35
2026-07-26 11:01:20,0.17
2026-07-26 11:01:56,0.58
2026-07-26 11:02:46,0.64
2026-07-26 11:03:52,0.16
2026-07-26 11:04:16,0.14
2026-07-26 11:05:41,0.48
2026-07-26 11:05:49,0.36
2026-07-26 11:06:39,0.81
2026-07-26 11:07:59,0.60
2026-07-26 11:08:44,0.35
2026-07-26 11:09:21,0.32
2026-07-26 11:09:48,0.19
2026-07-26 11:10:46,0.17
2026-07-26 11:11:49,0.37
2026-07-26 11:12:54,0.19
2026-07-26 11:13:55,0.44
2026-07-26 11:14:49,0.43
2026-07-26 11:15:33,0.25
2026-07-26 11:16:23,0.22
2026-07-26 11:17:13,0.36
2026-07-26 11:18:29,0.22
2026-07-26 11:18:47,0.38
2026-07-26 11:19:10,0.31
2026-07-26 11:19:54,0.66
2026-07-26 11:21:16,0.21
2026-07-26 11:22:04,0.50
2026-07-26 11:22:23,0.67
2026-07-26 11:23:07,0.30
2026-07-26 11:23:51,0.63
2026-07-26 11:24:47,0.28
2026-07-26 11:26:30,0.45
2026-07-26 11:27:01,0.30
2026-07-26 11:28:04,0.28
2026-07-26 11:28:44,0.66
2026-07-26 11:28:50,0.56
2026-07-26 11:29:47,0.26
2026-07-26 11:30:37,0.48
2026-07-26 11:31:12,0.72
2026-07-26 11:32:17,0.88
2026-07-26 11:32:57,0.57
2026-07-26 11:33:45,0.65
2026-07-26 11:34:58,0.25
2026-07-26 11:35:24,0.42
2026-07-26 11:36:58,0.25
2026-07-26 11:37:12,0.33
2026-07-26 11:38:06,0.06
2026-07-26 11:38:59,0.26
2026-07-26 11:39:45,-0.01
2026-07-26 11:40:25,0.12
2026-07-26 11:41:51,0.02
2026-07-26 11:43:12,0.05
2026-07-26 11:43:20,0.17
2026-07-26 11:43:43,0.08
2026-07-26 11:44:28,0.25
2026-07-26 11:45:31,0.28
2026-07-26 11:46:20,0.13
2026-07-26 11:47:00,0.23
2026-07-26 11:47:59,0.89
2026-07-26 11:49:29,1.26
2026-07-26 11:50:14,0.80
2026-07-26 11:50:36,0.68
2026-07-26 11:51:53,1.16
2026-07-26 11:51:58,1.00
2026-07-26 11:53:22,0.49
2026-07-26 11:53:45,0.69
2026-07-26 11:54:26,1.09
2026-07-26 11:55:28,0.88
2026-07-26 11:55:42,0.62
2026-07-26 11:57:29,0.89
2026-07-26 11:58:24,0.47
2026-07-26 11:58:37,0.33
2026-07-26 11:59:59,0.55
2026-07-26 12:00:20,0.46
2026-07-26 12:00:56,0.22
2026-07-26 12:02:58,0.39
2026-07-26 12:03:25,0.22
2026-07-26 12:03:39,0.24
2026-07-26 12:04:01,0.36
2026-07-26 12:05:26,0.31
2026-07-26 12:06:23,0.62
2026-07-26 12:07:28,0.43
2026-07-26 12:08:17,0.62
2026-07-26 12:08:30,0.57
2026-07-26 12:09:20,0.98
2026-07-26 12:11:17,0.66
2026-07-26 12:11:35,0.92
2026-07-26 12:12:11,1.02
2026-07-26 12:12:51,0.68
2026-07-26 12:14:26,0.57
2026-07-26 12:14:57,0.85
2026-07-26 12:16:04,0.98
2026-07-26 12:16:31,0.69
2026-07-26 12:16:40,0.71
2026-07-26 12:17:02,1.45
2026-07-26 12:18:20,0.84
2026-07-26 12:19:41,0.36
2026-07-26 12:20:15,0.55
2026-07-26 12:21:19,0.34
2026-07-26 12:21:39,0.39
2026-07-26 12:22:35,0.19
2026-07-26 12:24:36,0.44
2026-07-26 12:25:40,0.47
2026-07-26 12:26:20,0.28
2026-07-26 12:26:34,0.41
2026-07-26 12:27:36,0.18
2026-07-26 12:28:16,0.29
2026-07-26 12:29:34,0.66
2026-07-26 12:29:51,0.77
2026-07-26 12:30:14,1.56
2026-07-26 12:31:48,0.77
2026-07-26 12:32:42,1.17
2026-07-26 12:33:54,0.99
2026-07-26 12:34:43,1.40
2026-07-26 12:34:57,1.52
2026-07-26 12:36:17,2.62
2026-07-26 12:36:35,2.46
2026-07-26 12:37:39,3.59
2026-07-26 12:38:15,3.73
2026-07-26 12:38:41,2.81
2026-07-26 12:39:49,3.27
2026-07-26 12:40:56,2.01
2026-07-26 12:41:32,2.31
2026-07-26 12:42:12,1.48
2026-07-26 12:43:24,2.02
2026-07-26 12:44:17,1.32
2026-07-26 12:44:50,1.50
2026-07-26 12:46:02,2.05
2026-07-26 12:46:37,1.40
2026-07-26 12:47:54,2.50
2026-07-26 12:48:16,2.70
2026-07-26 12:49:37,2.07
2026-07-26 12:49:50,1.76
2026-07-26 12:51:17,2.92
2026-07-26 12:51:57,3.32
2026-07-26 12:52:36,2.23
2026-07-26 12:53:04,2.34
2026-07-26 12:54:20,4.04
2026-07-26 12:54:37,3.79
2026-07-26 12:56:13,5.48
2026-07-26 12:56:22,5.64
2026-07-26 12:57:43,7.70
2026-07-26 12:58:04,7.07
2026-07-26 12:59:31,8.16
2026-07-26 12:59:51,8.75
2026-07-26 13:01:10,6.85
2026-07-26 13:01:14,6.76
2026-07-26 13:02:47,3.44
2026-07-26 13:03:19,4.70
2026-07-26 13:03:41,3.55
2026-07-26 13:04:31,4.18
2026-07-26 13:05:44,3.66
2026-07-26 13:06:24,3.69
2026-07-26 13:07:44,6.17
2026-07-26 13:07:50,6.54
2026-07-26 13:09:24,3.19
2026-07-26 13:09:32,3.14
2026-07-26 13:10:58,1.73
2026-07-26 13:11:06,1.63
2026-07-26 13:11:30,1.14
2026-07-26 13:12:55,1.52
2026-07-26 13:13:44,1.14
2026-07-26 13:14:24,1.24
2026-07-26 13:15:50,0.74
2026-07-26 13:16:04,0.94
2026-07-26 13:17:29,0.66
2026-07-26 13:17:59,0.83
2026-07-26 13:18:26,0.63
2026-07-26 13:19:35,0.72
2026-07-26 13:20:56,0.27
2026-07-26 13:21:13,0.30
2026-07-26 13:22:34,0.01
2026-07-26 13:23:11,0.13
2026-07-26 13:23:59,-0.06
2026-07-26 13:25:03,0.05
2026-07-26 13:25:56,-0.14
2026-07-26 13:26:51,-0.20
2026-07-26 13:27:05,-0.08
2026-07-26 13:29:00,-0.05
2026-07-26 13:29:14,-0.34
2026-07-26 13:29:19,-0.31
2026-07-26 13:30:03,-0.14
2026-07-26 13:31:33,-0.16
2026-07-26 13:32:00,-0.32
2026-07-26 13:32:41,-0.14
2026-07-26 13:33:34,-0.27
2026-07-26 13:34:20,-0.26
2026-07-26 13:35:23,-0.14
2026-07-26 13:36:44,-0.12
2026-07-26 13:37:28,-0.25
2026-07-26 13:37:41,-0.15
2026-07-26 13:37:46,-0.32
2026-07-26 13:39:12,-0.15
2026-07-26 13:39:56,-0.28
2026-07-26 13:40:51,-0.25
2026-07-26 13:41:13,-0.10
2026-07-26 13:42:30,-0.11
2026-07-26 13:42:43,-0.22
2026-07-26 13:45:07,-0.24
2026-07-26 13:45:15,-0.06
2026-07-26 13:46:14,-0.24
2026-07-26 13:46:19,-0.09
2026-07-26 13:47:57,-0.27
2026-07-26 13:48:38,-0.15
2026-07-26 13:49:46,-0.23
2026-07-26 13:50:21,-0.03
2026-07-26 13:50:48,-0.09
2026-07-26 13:51:51,-0.25
2026-07-26 13:53:53,-0.05
2026-07-26 13:54:34,-0.09
2026-07-26 13:54:51,-0.23
2026-07-26 13:55:44,-0.17
2026-07-26 13:56:48,-0.03
2026-07-26 13:57:24,-0.06
2026-07-26 13:57:41,-0.20
2026-07-26 13:59:02,-0.19
2026-07-26 13:59:25,-0.10
2026-07-26 14:01:53,-0.22
2026-07-26 14:02:12,-0.05
2026-07-26 14:02:25,-0.17
2026-07-26 14:03:45,-0.04
2026-07-26 14:03:54,-0.06
2026-07-26 14:04:22,-0.24
2026-07-26 14:05:56,-0.09
2026-07-26 14:06:36,-0.20
2026-07-26 14:07:29,-0.22
2026-07-26 14:08:47,-0.04
2026-07-26 14:08:55,-0.18
2026-07-26 14:09:41,0.04
2026-07-26 14:10:39,0.07
2026-07-26 14:11:36,-0.04
2026-07-26 14:12:13,-0.05
2026-07-26 14:13:25,0.13
2026-07-26 14:14:01,0.19
2026-07-26 14:15:13,-0.12
2026-07-26 14:15:49,0.08
2026-07-26 14:16:48,-0.13
2026-07-26 14:17:49,-0.08
2026-07-26 14:18:40,0.06
2026-07-26 14:18:57,0.08
2026-07-26 14:19:50,-0.08
2026-07-26 14:20:46,-0.11
2026-07-26 14:21:22,0.02
2026-07-26 14:22:15,-0.09
2026-07-26 14:23:23,0.05
2026-07-26 14:23:44,-0.10
2026-07-26 14:24:30,0.06
2026-07-26 14:25:23,0.07
2026-07-26 14:25:46,-0.09
2026-07-26 14:27:30,0.00
2026-07-26 14:28:06,-0.14
2026-07-26 14:29:09,-0.03
2026-07-26 14:30:02,-0.17
2026-07-26 14:30:38,-0.04
2026-07-26 14:30:43,-0.14
2026-07-26 14:32:04,-0.06
2026-07-26 14:33:07,-0.18
2026-07-26 14:33:43,-0.17
2026-07-26 14:35:12,-0.06
2026-07-26 14:35:35,-0.16
2026-07-26 14:36:24,-0.07
2026-07-26 14:37:00,-0.14
2026-07-26 14:38:12,-0.02
2026-07-26 14:39:20,-0.13
2026-07-26 14:39:43,-0.03
2026-07-26 14:40:14,-0.21
2026-07-26 14:41:48,-0.02
2026-07-26 14:41:52,-0.04
2026-07-26 14:42:15,-0.15
2026-07-26 14:44:48,-0.01
2026-07-26 14:45:32,-0.15
2026-07-26 14:46:05,-0.01
2026-07-26 14:47:52,0.07
2026-07-26 14:48:11,-0.21
2026-07-26 14:48:59,-0.08
2026-07-26 14:49:35,0.08
2026-07-26 14:50:20,0.06
2026-07-26 14:51:32,-0.15
2026-07-26 14:52:44,-0.18
2026-07-26 14:53:02,0.05
2026-07-26 14:54:19,-0.17
2026-07-26 14:55:31,-0.11
2026-07-26 14:56:19,0.00
2026-07-26 14:57:13,0.04
2026-07-26 14:58:07,-0.12
2026-07-26 14:59:38,-0.01
2026-07-26 14:59:46,-0.21
2026-07-26 15:00:53,-0.20
2026-07-26 15:01:34,0.08
2026-07-26 15:01:47,-0.24
2026-07-26 15:02:46,0.11
2026-07-26 15:03:36,0.07
2026-07-26 15:04:12,-0.18
2026-07-26 15:05:20,-0.17
2026-07-26 15:05:41,0.01
2026-07-26 15:06:39,-0.04
2026-07-26 15:08:06,-0.21
2026-07-26 15:08:23,-0.01
2026-07-26 15:09:53,-0.17
2026-07-26 15:09:58,-0.16
2026-07-26 15:10:52,0.01
2026-07-26 15:11:33,-0.14
2026-07-26 15:13:01,0.03
2026-07-26 15:13:47,0.08
2026-07-26 15:14:27,-0.19
2026-07-26 15:15:17,0.06
2026-07-26 15:16:20,-0.09
2026-07-26 15:17:20,-0.10
2026-07-26 15:17:59,0.07
2026-07-26 15:19:06,-0.09
2026-07-26 15:19:33,0.17
2026-07-26 15:21:26,-0.07
2026-07-26 15:21:34,-0.02
2026-07-26 15:21:57,0.18
2026-07-26 15:23:40,-0.14
2026-07-26 15:24:28,0.26
2026-07-26 15:25:10,0.22
2026-07-26 15:26:13,0.80
2026-07-26 15:26:53,0.97
2026-07-26 15:27:38,-0.06
2026-07-26 15:28:22,0.00
2026-07-26 15:29:40,0.52
2026-07-26 15:29:48,0.40
2026-07-26 15:30:51,2.14
2026-07-26 15:31:22,1.60
2026-07-26 15:32:08,0.89
2026-07-26 15:33:01,1.37
2026-07-26 15:33:28,2.14
2026-07-26 15:34:40,1.53
2026-07-26 15:36:09,0.51
2026-07-26 15:37:45,0.73
2026-07-26 15:37:54,0.41
2026-07-26 15:38:47,0.58
2026-07-26 15:39:28,0.85
2026-07-26 15:40:08,0.72
2026-07-26 15:41:08,1.10
2026-07-26 15:41:16,0.89
2026-07-26 15:42:32,1.20
2026-07-26 15:43:08,1.06
2026-07-26 15:44:24,1.49
2026-07-26 15:44:34,1.31
2026-07-26 15:45:59,1.96
2026-07-26 15:46:21,1.78
2026-07-26 15:47:42,2.20
2026-07-26 15:48:27,2.42
2026-07-26 15:49:26,1.96
2026-07-26 15:50:42,2.36
2026-07-26 15:50:50,1.94
2026-07-26 15:51:17,2.06
2026-07-26 15:52:21,1.73
2026-07-26 15:53:19,1.72
2026-07-26 15:54:26,2.03
2026-07-26 15:54:35,2.23
2026-07-26 15:55:24,1.77
2026-07-26 15:57:17,1.57
2026-07-26 15:57:30,1.84
2026-07-26 15:57:49,1.78
2026-07-26 15:58:02,1.43
2026-07-26 15:59:28,1.56
2026-07-26 16:00:22,1.16
2026-07-26 16:01:20,1.35
2026-07-26 16:02:00,0.82
2026-07-26 16:02:50,1.14
2026-07-26 16:03:53,0.77
2026-07-26 16:05:23,0.81
2026-07-26 16:05:36,1.03
2026-07-26 16:06:07,0.99
2026-07-26 16:07:37,0.77
2026-07-26 16:08:00,0.95
2026-07-26 16:09:07,0.64
2026-07-26 16:09:30,0.80
2026-07-26 16:09:57,0.47
2026-07-26 16:11:09,0.64
2026-07-26 16:12:16,0.99
2026-07-26 16:12:38,0.73
2026-07-26 16:13:45,1.15
2026-07-26 16:14:30,0.97
2026-07-26 16:15:43,2.07
2026-07-26 16:15:56,2.10
2026-07-26 16:17:17,3.07
2026-07-26 16:17:35,2.74
2026-07-26 16:19:10,4.09
2026-07-26 16:19:14,3.93
2026-07-26 16:20:35,3.18
2026-07-26 16:20:52,3.13
2026-07-26 16:21:19,3.65
2026-07-26 16:23:04,3.33
2026-07-26 16:23:57,3.77
2026-07-26 16:24:24,4.07
2026-07-26 16:25:22,3.37
2026-07-26 16:25:58,3.56
2026-07-26 16:26:44,2.65
2026-07-26 16:27:45,3.06
2026-07-26 16:28:53,2.29
2026-07-26 16:29:25,2.50
2026-07-26 16:30:10,2.16
2026-07-26 16:30:55,2.18
2026-07-26 16:32:20,2.81
2026-07-26 16:32:25,2.58
2026-07-26 16:33:50,2.94
2026-07-26 16:34:18,3.11
2026-07-26 16:35:33,2.05
2026-07-26 16:35:55,2.44
2026-07-26 16:37:20,1.55
2026-07-26 16:37:26,1.74
2026-07-26 16:38:42,1.03
2026-07-26 16:39:00,1.18
2026-07-26 16:39:18,1.58
2026-07-26 16:40:57,1.38
2026-07-26 16:41:51,2.04
2026-07-26 16:42:32,1.90
2026-07-26 16:43:56,1.30
2026-07-26 16:44:01,1.33
2026-07-26 16:45:11,1.03
2026-07-26 16:47:14,1.36
2026-07-26 16:47:54,1.51
2026-07-26 16:48:35,1.03
2026-07-26 16:49:16,1.00
2026-07-26 16:49:56,1.23
2026-07-26 16:51:03,1.38
2026-07-26 16:51:47,0.95
2026-07-26 16:52:20,1.09
2026-07-26 16:53:40,0.74
2026-07-26 16:54:17,0.85
2026-07-26 16:55:20,0.55
2026-07-26 16:55:33,0.64
2026-07-26 16:57:03,0.45
2026-07-26 16:57:34,0.61
2026-07-26 16:58:11,0.41
2026-07-26 16:59:48,0.38
2026-07-26 16:59:53,0.56
2026-07-26 17:01:01,0.51
2026-07-26 17:01:55,0.26
2026-07-26 17:02:31,0.29
2026-07-26 17:02:40,0.50
2026-07-26 17:04:41,0.26
2026-07-26 17:04:50,0.46
2026-07-26 17:06:11,0.22
2026-07-26 17:06:29,0.38
2026-07-26 17:07:05,0.28
2026-07-26 17:07:09,0.29
2026-07-26 17:07:14,0.27
2026-07-26 17:07:35,0.29
2026-07-26 17:08:40,0.16
2026-07-26 17:08:44,0.28
2026-07-26 17:10:18,0.07
2026-07-26 17:11:08,0.26
2026-07-26 17:11:12,0.05
2026-07-26 17:12:02,0.06
2026-07-26 17:12:38,0.25
2026-07-26 17:14:08,0.26
2026-07-26 17:14:52,0.05
2026-07-26 17:16:05,0.08
2026-07-26 17:16:31,0.23
2026-07-26 17:17:56,0.21
2026-07-26 17:18:10,-0.06
2026-07-26 17:18:36,0.22
2026-07-26 17:19:45,0.01
2026-07-26 17:21:32,0.04
2026-07-26 17:21:42,0.26
2026-07-26 17:22:43,0.05
2026-07-26 17:22:57,0.27
2026-07-26 17:23:43,0.12
2026-07-26 17:24:15,0.23
2026-07-26 17:25:35,0.10
2026-07-26 17:26:29,0.29
2026-07-26 17:27:12,0.08
2026-07-26 17:27:41,0.23
2026-07-26 17:29:02,0.33
2026-07-26 17:29:23,0.08
2026-07-26 17:31:21,0.04
2026-07-26 17:31:35,0.28
2026-07-26 17:31:57,0.27
2026-07-26 17:33:17,0.07
2026-07-26 17:33:40,0.08
2026-07-26 17:33:44,0.23
2026-07-26 17:35:19,0.11
2026-07-26 17:36:40,0.24
2026-07-26 17:37:25,0.28
2026-07-26 17:37:43,0.12
2026-07-26 17:39:27,0.04
2026-07-26 17:39:53,0.26
2026-07-26 17:40:43,0.08
2026-07-26 17:40:51,0.29
2026-07-26 17:42:04,0.30
2026-07-26 17:43:02,0.15
2026-07-26 17:43:34,0.27
2026-07-26 17:44:50,0.09
2026-07-26 17:45:39,0.29
2026-07-26 17:46:18,0.08
2026-07-26 17:47:27,0.12
2026-07-26 17:47:45,0.33
2026-07-26 17:48:34,0.20
2026-07-26 17:49:42,0.55
2026-07-26 17:51:30,0.17
2026-07-26 17:51:44,0.14
2026-07-26 17:52:41,0.64
2026-07-26 17:53:26,0.45
2026-07-26 17:54:52,0.95
2026-07-26 17:55:28,0.77
2026-07-26 17:56:25,1.38
2026-07-26 17:56:35,1.18
2026-07-26 17:57:51,1.97
2026-07-26 17:58:27,1.73
2026-07-26 17:59:44,2.65
2026-07-26 17:59:58,2.30
2026-07-26 18:01:05,3.26
2026-07-26 18:02:08,3.10
2026-07-26 18:02:58,4.07
2026-07-26 18:03:25,3.66
2026-07-26 18:04:31,4.30
2026-07-26 18:04:53,4.20
2026-07-26 18:06:15,3.13
2026-07-26 18:06:37,3.32
2026-07-26 18:08:02,6.01
2026-07-26 18:08:20,7.26
2026-07-26 18:09:13,5.44
2026-07-26 18:10:26,10.77
2026-07-26 18:11:15,7.17
2026-07-26 18:11:24,7.10
2026-07-26 18:12:23,9.58
2026-07-26 18:14:01,7.78
2026-07-26 18:14:41,10.95
2026-07-26 18:14:58,11.47
2026-07-26 18:16:19,8.16
2026-07-26 18:16:38,7.96
2026-07-26 18:17:31,9.83
2026-07-26 18:18:07,7.41
2026-07-26 18:19:31,10.92
2026-07-26 18:20:08,9.48
2026-07-26 18:20:38,11.38
2026-07-26 18:21:20,10.53
2026-07-26 18:22:27,11.65
2026-07-26 18:23:17,10.82
2026-07-26 18:23:47,12.47
2026-07-26 18:24:37,12.45
2026-07-26 18:26:03,10.18
2026-07-26 18:26:16,9.96
2026-07-26 18:27:50,7.54
2026-07-26 18:27:54,7.37
2026-07-26 18:29:30,4.31
2026-07-26 18:29:34,4.56
2026-07-26 18:30:14,3.63
2026-07-26 18:31:48,3.86
2026-07-26 18:32:43,2.68
2026-07-26 18:33:01,2.87
2026-07-26 18:33:31,2.31
2026-07-26 18:34:34,2.43
2026-07-26 18:36:04,1.72
2026-07-26 18:36:09,1.74
2026-07-26 18:37:34,1.26
2026-07-26 18:37:57,1.33
2026-07-26 18:38:42,0.92
2026-07-26 18:39:35,1.34
2026-07-26 18:41:01,0.73
2026-07-26 18:41:19,0.79
2026-07-26 18:42:40,0.57
2026-07-26 18:42:53,0.60
2026-07-26 18:44:10,0.48
2026-07-26 18:44:46,0.56
2026-07-26 18:45:26,0.36
2026-07-26 18:46:24,0.39
2026-07-26 18:46:43,0.51
2026-07-26 18:49:15,0.31
2026-07-26 18:49:29,0.47
2026-07-26 18:50:54,0.31
2026-07-26 18:51:03,0.41
2026-07-26 18:52:33,0.23
2026-07-26 18:52:46,0.25
2026-07-26 18:53:18,0.38
2026-07-26 18:54:38,0.33
2026-07-26 18:55:55,0.22
2026-07-26 18:56:58,0.18
2026-07-26 18:57:16,0.35
2026-07-26 18:57:39,0.30
2026-07-26 18:58:19,0.16
2026-07-26 18:59:45,0.30
2026-07-26 19:00:15,0.21
2026-07-26 19:01:46,0.22
2026-07-26 19:02:26,0.31
2026-07-26 19:02:49,0.21
2026-07-26 19:04:05,0.33
2026-07-26 19:04:26,0.26
2026-07-26 19:05:43,0.06
2026-07-26 19:07:13,0.21
2026-07-26 19:07:27,0.08
2026-07-26 19:07:49,0.05
2026-07-26 19:08:12,0.23
2026-07-26 19:09:14,0.26
2026-07-26 19:09:24,0.08
2026-07-26 19:11:30,0.26
2026-07-26 19:12:10,0.06
2026-07-26 19:12:47,0.07
2026-07-26 19:13:53,0.28
2026-07-26 19:14:43,0.06
2026-07-26 19:15:27,0.24
2026-07-26 19:15:59,0.21
2026-07-26 19:16:48,0.05
2026-07-26 19:18:23,0.03
2026-07-26 19:18:33,0.23
2026-07-26 19:20:06,0.05
2026-07-26 19:21:22,0.06
2026-07-26 19:21:44,0.24
2026-07-26 19:23:01,0.06
2026-07-26 19:23:15,0.30
2026-07-26 19:24:17,0.09
2026-07-26 19:24:58,0.20
2026-07-26 19:26:15,0.25
2026-07-26 19:26:38,0.01
2026-07-26 19:28:12,0.08
2026-07-26 19:28:21,0.22
2026-07-26 19:29:33,0.25
2026-07-26 19:30:09,0.09
2026-07-26 19:31:02,0.05
2026-07-26 19:31:29,0.22
2026-07-26 19:32:23,0.09
2026-07-26 19:32:32,0.26
2026-07-26 19:34:02,0.07
2026-07-26 19:34:56,0.25
2026-07-26 19:36:09,0.12
2026-07-26 19:36:13,0.30
2026-07-26 19:37:56,0.11
2026-07-26 19:38:41,0.29
2026-07-26 19:39:08,0.27
2026-07-26 19:39:25,0.11
2026-07-26 19:41:09,0.24
2026-07-26 19:42:43,0.26
2026-07-26 19:42:56,0.10
2026-07-26 19:44:04,0.26
2026-07-26 19:44:58,0.11
2026-07-26 19:45:43,0.12
2026-07-26 19:46:15,0.30
2026-07-26 19:47:26,0.23
2026-07-26 19:48:27,0.10
2026-07-26 19:49:37,0.25
2026-07-26 19:50:17,0.04
2026-07-26 19:50:36,0.06
2026-07-26 19:51:38,0.21
2026-07-26 19:52:36,0.09
2026-07-26 19:53:31,0.22
2026-07-26 19:54:37,0.10
2026-07-26 19:55:09,0.25
2026-07-26 19:55:41,0.24
2026-07-26 19:56:17,0.04
2026-07-26 19:57:10,0.21
2026-07-26 19:58:27,0.09
2026-07-26 19:58:54,0.31
2026-07-26 19:59:43,0.05
2026-07-26 20:00:20,0.08
2026-07-26 20:01:09,0.25
2026-07-26 20:02:25,0.23
2026-07-26 20:02:38,0.05
2026-07-26 20:03:37,0.17
2026-07-26 20:04:13,0.03
2026-07-26 20:05:52,0.22
2026-07-26 20:06:05,0.08
2026-07-26 20:06:54,0.22
2026-07-26 20:08:20,0.04
2026-07-26 20:09:41,0.02
2026-07-26 20:09:59,0.22
2026-07-26 20:11:11,0.04
2026-07-26 20:12:23,0.23
2026-07-26 20:12:41,0.08
2026-07-26 20:14:06,0.02
2026-07-26 20:14:28,0.22
2026-07-26 20:15:41,0.17
2026-07-26 20:15:50,0.03
2026-07-26 20:17:46,0.01
2026-07-26 20:17:59,0.24
2026-07-26 20:18:31,0.04
2026-07-26 20:19:39,0.21
2026-07-26 20:20:19,0.00
2026-07-26 20:20:55,0.21
2026-07-26 20:22:42,0.26
2026-07-26 20:23:10,0.04
2026-07-26 20:23:41,0.22
2026-07-26 20:23:46,0.06
2026-07-26 20:25:11,0.05
2026-07-26 20:26:39,0.24
2026-07-26 20:27:12,0.27
2026-07-26 20:27:39,-0.04
2026-07-26 20:29:18,-0.07
2026-07-26 20:29:31,0.23
2026-07-26 20:30:57,0.24
2026-07-26 20:31:24,-0.03
2026-07-26 20:32:18,0.02
2026-07-26 20:33:02,0.28
2026-07-26 20:33:20,-0.03
2026-07-26 20:34:32,0.23
2026-07-26 20:35:09,0.21
2026-07-26 20:35:23,-0.05
2026-07-26 20:36:43,-0.03
2026-07-26 20:37:54,0.15
2026-07-26 20:38:53,0.04
2026-07-26 20:39:34,0.23
2026-07-26 20:40:06,0.26
2026-07-26 20:40:23,0.01
2026-07-26 20:41:56,0.25
2026-07-26 20:42:42,0.04
2026-07-26 20:43:19,-0.02
2026-07-26 20:43:23,0.19
2026-07-26 20:45:11,-0.01
2026-07-26 20:45:52,0.19
2026-07-26 20:47:17,0.04
2026-07-26 20:47:26,0.26
2026-07-26 20:48:24,0.01
2026-07-26 20:48:55,0.18
2026-07-26 20:51:07,0.04
2026-07-26 20:51:20,0.20
2026-07-26 20:52:21,0.19
2026-07-26 20:52:53,0.00
2026-07-26 20:54:06,0.05
2026-07-26 20:54:23,0.19
2026-07-26 20:54:54,0.04
2026-07-26 20:56:15,0.21
2026-07-26 20:57:00,0.18
2026-07-26 20:57:50,0.04
2026-07-26 20:59:11,0.21
2026-07-26 20:59:25,0.01
2026-07-26 21:00:05,0.05
2026-07-26 21:00:14,0.22
2026-07-26 21:01:27,0.20
2026-07-26 21:01:40,0.05
2026-07-26 21:03:01,0.01
2026-07-26 21:03:32,0.22
2026-07-26 21:05:02,0.24
2026-07-26 21:06:08,0.01
2026-07-26 21:06:49,0.17
2026-07-26 21:07:25,0.01
2026-07-26 21:08:32,0.18
2026-07-26 21:09:05,-0.02
2026-07-26 21:09:45,-0.01
2026-07-26 21:10:07,0.20
2026-07-26 21:11:28,0.03
2026-07-26 21:11:46,0.21
2026-07-26 21:14:14,0.01
2026-07-26 21:14:32,0.17
2026-07-26 21:14:41,0.06
2026-07-26 21:15:13,0.19
2026-07-26 21:16:18,0.04
2026-07-26 21:16:38,0.22
2026-07-26 21:17:55,0.06
2026-07-26 21:19:20,0.17
2026-07-26 21:19:33,-0.03
2026-07-26 21:19:42,0.17
2026-07-26 21:21:12,0.23
2026-07-26 21:21:48,0.11
2026-07-26 21:23:13,0.26
2026-07-26 21:23:27,0.09
2026-07-26 21:24:34,0.01
2026-07-26 21:24:48,0.29
2026-07-26 21:26:09,0.27
2026-07-26 21:27:16,0.07
2026-07-26 21:28:55,-0.07
2026-07-26 21:29:09,0.24
2026-07-26 21:30:47,0.45
2026-07-26 21:31:01,0.12
2026-07-26 21:32:12,0.35
2026-07-26 21:32:40,0.11
2026-07-26 21:33:24,0.35
2026-07-26 21:33:37,0.00
2026-07-26 21:34:50,0.30
2026-07-26 21:35:43,0.04
2026-07-26 21:36:24,-0.03
2026-07-26 21:37:31,0.31
2026-07-26 21:38:25,0.08
2026-07-26 21:39:20,0.07
2026-07-26 21:40:18,0.26
2026-07-26 21:41:25,0.03
2026-07-26 21:42:15,0.21
2026-07-26 21:43:17,0.23
2026-07-26 21:43:36,0.04
2026-07-26 21:44:52,0.19
2026-07-26 21:45:45,0.01
2026-07-26 21:46:09,0.04
2026-07-26 21:47:11,0.21
2026-07-26 21:47:57,0.03
2026-07-26 21:48:01,0.19
2026-07-26 21:49:21,0.01
2026-07-26 21:49:40,0.21
2026-07-26 21:51:51,0.22
2026-07-26 21:52:04,0.04
2026-07-26 21:53:56,0.01
2026-07-26 21:54:05,0.21
2026-07-26 21:54:09,0.22
2026-07-26 21:54:19,0.02
2026-07-26 21:56:33,0.04
2026-07-26 21:56:38,0.22
2026-07-26 21:57:59,-0.01
2026-07-26 21:58:12,0.25
2026-07-26 21:59:16,0.26
2026-07-26 22:00:13,0.05
2026-07-26 22:01:43,0.19
2026-07-26 22:02:19,-0.01
2026-07-26 22:02:59,0.01
2026-07-26 22:03:32,0.37
2026-07-26 22:04:07,0.23
2026-07-26 22:04:16,0.01
2026-07-26 22:05:46,0.21
2026-07-26 22:06:05,0.00
2026-07-26 22:07:39,0.21
2026-07-26 22:08:00,-0.07
2026-07-26 22:09:27,0.28
2026-07-26 22:09:35,-0.03
2026-07-26 22:11:23,0.22
2026-07-26 22:11:50,-0.07
2026-07-26 22:12:21,-0.03
2026-07-26 22:12:39,0.20
2026-07-26 22:14:05,-0.11
2026-07-26 22:15:21,0.19
2026-07-26 22:16:24,0.00
2026-07-26 22:16:41,0.23
2026-07-26 22:17:40,0.28
2026-07-26 22:18:39,0.03
2026-07-26 22:18:57,0.00
2026-07-26 22:20:17,0.25
2026-07-26 22:21:02,0.02
2026-07-26 22:21:47,0.18
2026-07-26 22:22:50,0.05
2026-07-26 22:23:22,0.21
2026-07-26 22:24:20,0.07
2026-07-26 22:24:34,0.25
2026-07-26 22:25:37,0.09
2026-07-26 22:26:30,0.30
2026-07-26 22:27:47,0.22
2026-07-26 22:28:14,0.02
2026-07-26 22:28:52,0.05
2026-07-26 22:29:08,0.24
2026-07-26 22:31:18,-0.10
2026-07-26 22:31:49,0.23
2026-07-26 22:32:57,0.32
2026-07-26 22:33:11,0.04
2026-07-26 22:34:14,0.08
2026-07-26 22:34:44,0.30
2026-07-26 22:36:01,0.21
2026-07-26 22:36:15,0.02
2026-07-26 22:37:22,0.18
2026-07-26 22:37:27,0.03
2026-07-26 22:39:36,0.28
2026-07-26 22:40:27,0.21
2026-07-26 22:41:25,-0.05
2026-07-26 22:42:32,0.21
2026-07-26 22:43:35,0.02
2026-07-26 22:43:39,0.19
2026-07-26 22:43:53,0.03
2026-07-26 22:46:21,0.17
2026-07-26 22:46:49,0.02
2026-07-26 22:46:57,0.04
2026-07-26 22:47:16,0.17
2026-07-26 22:48:36,0.05
2026-07-26 22:48:42,0.16
2026-07-26 22:50:15,0.03
2026-07-26 22:50:42,0.26
2026-07-26 22:52:21,0.32
2026-07-26 22:53:10,0.02
2026-07-26 22:54:09,0.22
2026-07-26 22:54:30,0.06
2026-07-26 22:55:16,0.20
2026-07-26 22:56:05,0.04
2026-07-26 22:57:00,0.06
2026-07-26 22:57:30,0.17
2026-07-26 22:59:14,0.21
2026-07-26 22:59:55,0.03
2026-07-26 23:00:26,0.18
2026-07-26 23:01:16,0.03
2026-07-26 23:01:56,0.04
2026-07-26 23:02:23,0.16
2026-07-26 23:04:29,0.03
2026-07-26 23:04:51,0.15
2026-07-26 23:05:23,-0.04
2026-07-26 23:06:39,0.19
2026-07-26 23:07:04,0.22
2026-07-26 23:07:37,0.03
2026-07-26 23:08:45,0.24
2026-07-26 23:09:17,0.04
2026-07-26 23:10:28,0.08
2026-07-26 23:10:32,0.20
2026-07-26 23:12:07,0.22
2026-07-26 23:12:52,0.02
2026-07-26 23:14:04,0.31
2026-07-26 23:14:42,0.05
2026-07-26 23:15:52,0.02
2026-07-26 23:16:10,0.16
2026-07-26 23:17:21,0.02
2026-07-26 23:18:15,0.24
2026-07-26 23:19:23,-0.04
2026-07-26 23:19:50,0.15
2026-07-26 23:19:58,-0.01
2026-07-26 23:20:26,0.16
2026-07-26 23:22:28,0.23
2026-07-26 23:22:50,-0.05
2026-07-26 23:23:48,0.28
2026-07-26 23:24:24,0.00
2026-07-26 23:25:39,-0.10
2026-07-26 23:25:49,0.19
2026-07-26 23:27:37,0.28
2026-07-26 23:28:09,-0.04
2026-07-26 23:29:06,0.24
2026-07-26 23:29:25,-0.03
2026-07-26 23:29:59,0.01
2026-07-26 23:30:42,0.22
2026-07-26 23:32:25,-0.13
2026-07-26 23:33:00,0.32
2026-07-26 23:34:04,-0.03
2026-07-26 23:34:35,0.26
2026-07-26 23:35:42,-0.16
2026-07-26 23:35:55,0.32
2026-07-26 23:36:46,0.25
2026-07-26 23:37:20,-0.08
2026-07-26 23:38:29,0.23
2026-07-26 23:38:42,-0.06
2026-07-26 23:40:16,0.26
2026-07-26 23:41:06,-0.01
2026-07-26 23:42:13,0.33
2026-07-26 23:42:32,-0.03
2026-07-26 23:43:03,-0.09
2026-07-26 23:44:05,0.38
2026-07-26 23:45:31,0.26
2026-07-26 23:45:35,-0.02
2026-07-26 23:46:30,-0.03
2026-07-26 23:46:52,0.31
2026-07-26 23:48:31,0.21
2026-07-26 23:48:57,0.00
2026-07-26 23:49:43,0.17
2026-07-26 23:50:01,0.04
2026-07-26 23:51:30,0.00
2026-07-26 23:51:54,0.27
2026-07-26 23:53:05,0.23
2026-07-26 23:53:19,0.01
2026-07-26 23:55:55,-0.02
2026-07-26 23:56:14,0.23
2026-07-26 23:56:27,0.01
2026-07-26 23:56:54,0.18
2026-07-26 23:58:28,0.26
2026-07-26 23:59:31,-0.03
2026-07-27 00:00:02,0.20
2026-07-27 00:00:32,-0.04
2026-07-27 00:01:34,-0.06
2026-07-27 00:02:22,0.50
2026-07-27 00:03:34,-0.33
2026-07-27 00:04:01,0.55
2026-07-27 00:04:41,0.38
2026-07-27 00:05:41,-0.22
2026-07-27 00:06:55,0.47
2026-07-27 00:07:42,-0.05
2026-07-27 00:08:03,0.26
2026-07-27 00:08:49,0.04
2026-07-27 00:10:01,-0.20
2026-07-27 00:10:36,0.70
2026-07-27 00:11:17,0.83
2026-07-27 00:12:20,0.20
2026-07-27 00:12:47,0.79
2026-07-27 00:14:12,1.61
2026-07-27 00:15:10,2.52
2026-07-27 00:16:01,0.72
2026-07-27 00:16:41,0.48
2026-07-27 00:16:55,1.17
2026-07-27 00:18:10,0.59
2026-07-27 00:19:17,1.82
2026-07-27 00:19:45,1.68
2026-07-27 00:20:53,2.81
2026-07-27 00:21:02,2.38
2026-07-27 00:22:35,0.74
2026-07-27 00:22:44,0.78
2026-07-27 00:24:05,0.29
2026-07-27 00:24:19,0.79
2026-07-27 00:25:09,0.30
2026-07-27 00:26:06,0.52
2026-07-27 00:27:28,1.15
2026-07-27 00:27:36,0.72
2026-07-27 00:29:03,0.24
2026-07-27 00:30:13,0.22
2026-07-27 00:30:17,0.65
2026-07-27 00:31:22,0.56
2026-07-27 00:32:15,0.26
2026-07-27 00:34:11,0.66
2026-07-27 00:34:16,0.44
2026-07-27 00:34:25,0.78
2026-07-27 00:36:27,0.44
2026-07-27 00:37:21,0.90
2026-07-27 00:37:34,0.81
2026-07-27 00:37:57,0.33
2026-07-27 00:39:17,0.58
2026-07-27 00:40:38,0.26
2026-07-27 00:41:28,0.41
2026-07-27 00:41:37,0.22
2026-07-27 00:43:20,0.33
2026-07-27 00:43:34,0.18
2026-07-27 00:44:55,0.11
2026-07-27 00:45:21,0.30
2026-07-27 00:45:53,0.37
2026-07-27 00:47:01,0.08
2026-07-27 00:47:27,0.26
2026-07-27 00:48:44,0.04
2026-07-27 00:49:06,0.10
2026-07-27 00:49:46,0.23
2026-07-27 00:51:26,-0.01
2026-07-27 00:51:35,0.22
2026-07-27 00:53:22,0.24
2026-07-27 00:53:35,0.05
2026-07-27 00:54:21,0.06
2026-07-27 00:54:25,0.21
2026-07-27 00:56:13,0.26
2026-07-27 00:56:18,0.06
2026-07-27 00:57:43,0.13
2026-07-27 00:58:11,0.44
2026-07-27 00:59:18,0.22
2026-07-27 00:59:45,0.48
2026-07-27 01:00:43,0.33
2026-07-27 01:01:32,0.71
2026-07-27 01:02:49,0.56
2026-07-27 01:03:34,0.95
2026-07-27 01:04:46,0.41
2026-07-27 01:05:29,0.90
2026-07-27 01:05:45,0.92
2026-07-27 01:06:56,0.50
2026-07-27 01:07:46,0.55
2026-07-27 01:08:21,0.33
2026-07-27 01:10:13,0.25
2026-07-27 01:10:27,0.48
2026-07-27 01:10:36,0.37
2026-07-27 01:12:06,0.70
2026-07-27 01:12:24,0.41
2026-07-27 01:13:23,1.33
2026-07-27 01:13:54,1.48
2026-07-27 01:15:06,0.80
2026-07-27 01:15:32,0.93
2026-07-27 01:17:02,0.54
2026-07-27 01:17:16,0.78
2026-07-27 01:18:41,0.51
2026-07-27 01:19:22,0.39
2026-07-27 01:19:40,0.81
2026-07-27 01:20:57,0.57
2026-07-27 01:21:24,0.16
2026-07-27 01:22:53,0.13
2026-07-27 01:22:58,0.52
2026-07-27 01:24:55,0.12
2026-07-27 01:25:00,0.34
2026-07-27 01:25:21,0.32
2026-07-27 01:25:57,0.12
2026-07-27 01:27:00,0.33
2026-07-27 01:27:14,0.15
2026-07-27 01:28:43,0.22
2026-07-27 01:28:57,0.03
2026-07-27 01:30:18,0.19
2026-07-27 01:31:02,0.02
2026-07-27 01:32:55,0.26
2026-07-27 01:33:04,-0.04
2026-07-27 01:34:15,0.10
2026-07-27 01:34:38,0.30
2026-07-27 01:35:42,0.09
2026-07-27 01:36:31,0.30
2026-07-27 01:37:48,0.27
2026-07-27 01:38:01,-0.03
2026-07-27 01:38:49,0.22
2026-07-27 01:40:07,-0.01
2026-07-27 01:40:20,0.03
2026-07-27 01:41:19,0.19
2026-07-27 01:42:12,0.18
2026-07-27 01:42:16,0.01
2026-07-27 01:44:41,-0.03
2026-07-27 01:45:03,0.25
2026-07-27 01:46:02,-0.07
2026-07-27 01:46:15,0.15
2026-07-27 01:47:09,-0.08
2026-07-27 01:48:25,0.16
2026-07-27 01:48:29,-0.04
2026-07-27 01:48:52,0.17
2026-07-27 01:51:02,-0.02
2026-07-27 01:51:52,0.12
2026-07-27 01:52:32,-0.02
2026-07-27 01:54:10,-0.05
2026-07-27 01:54:42,0.15
2026-07-27 01:55:55,-0.04
2026-07-27 01:56:08,0.14
2026-07-27 01:57:03,-0.02
2026-07-27 01:58:17,0.15
2026-07-27 01:58:36,0.10
2026-07-27 01:59:43,-0.04
2026-07-27 02:00:19,-0.06
2026-07-27 02:00:29,0.14
2026-07-27 02:02:38,-0.02
2026-07-27 02:02:46,0.12
2026-07-27 02:04:04,0.14
2026-07-27 02:04:50,-0.07
2026-07-27 02:05:07,0.10
2026-07-27 02:06:10,-0.07
2026-07-27 02:07:49,0.13
2026-07-27 02:08:07,-0.05
2026-07-27 02:08:52,0.15
2026-07-27 02:09:24,-0.04
2026-07-27 02:10:44,-0.08
2026-07-27 02:11:20,0.12
2026-07-27 02:11:43,-0.04
2026-07-27 02:12:27,0.14
2026-07-27 02:13:31,-0.08
2026-07-27 02:14:14,0.12
2026-07-27 02:15:54,-0.09
2026-07-27 02:16:03,0.14
2026-07-27 02:16:48,0.00
2026-07-27 02:17:15,0.10
2026-07-27 02:18:37,0.13
2026-07-27 02:19:34,-0.06
2026-07-27 02:20:55,0.19
2026-07-27 02:21:18,-0.06
2026-07-27 02:22:11,-0.11
2026-07-27 02:23:05,0.15
2026-07-27 02:23:11,0.07
2026-07-27 02:23:41,-0.13
2026-07-27 02:25:33,0.11
2026-07-27 02:26:19,-0.12
2026-07-27 02:26:46,-0.06
2026-07-27 02:27:39,0.09
2026-07-27 02:28:33,0.14
2026-07-27 02:28:52,-0.09
2026-07-27 02:30:12,-0.08
2026-07-27 02:31:15,0.07
2026-07-27 02:32:22,-0.08
2026-07-27 02:32:40,0.11
2026-07-27 02:33:25,-0.14
2026-07-27 02:34:25,0.21
2026-07-27 02:34:42,0.14
2026-07-27 02:35:36,-0.08
2026-07-27 02:36:25,0.00
2026-07-27 02:37:19,0.18
2026-07-27 02:38:22,-0.10
2026-07-27 02:38:45,0.13
2026-07-27 02:39:52,-0.09
2026-07-27 02:40:13,0.11
2026-07-27 02:41:53,0.12
2026-07-27 02:41:58,-0.17
2026-07-27 02:43:14,-0.16
2026-07-27 02:43:36,0.10
2026-07-27 02:45:29,0.12
2026-07-27 02:46:09,-0.13
2026-07-27 02:46:37,-0.08
2026-07-27 02:47:34,0.10
2026-07-27 02:49:00,-0.11
2026-07-27 02:50:03,0.14
2026-07-27 02:50:40,-0.19
2026-07-27 02:51:41,-0.09
2026-07-27 02:52:46,0.26
2026-07-27 02:52:50,0.22
2026-07-27 02:53:30,0.72
2026-07-27 02:55:08,0.83
2026-07-27 02:55:44,0.56
2026-07-27 02:56:47,1.62
2026-07-27 02:57:23,0.85
2026-07-27 02:57:46,1.04
2026-07-27 02:58:27,0.55
2026-07-27 02:59:28,0.89
2026-07-27 03:00:41,0.72
2026-07-27 03:01:21,0.84
2026-07-27 03:01:48,0.44
2026-07-27 03:02:42,0.49
2026-07-27 03:03:52,0.93
2026-07-27 03:04:44,0.82
2026-07-27 03:05:56,0.30
2026-07-27 03:06:45,0.23
2026-07-27 03:06:49,0.69
2026-07-27 03:08:02,0.37
2026-07-27 03:09:14,0.08
2026-07-27 03:09:18,0.23
2026-07-27 03:10:52,0.80
2026-07-27 03:11:15,0.77
2026-07-27 03:12:31,0.37
2026-07-27 03:13:42,0.66
2026-07-27 03:13:52,0.21
2026-07-27 03:14:23,0.33
2026-07-27 03:15:45,0.04
2026-07-27 03:16:21,0.22
2026-07-27 03:17:32,0.01
2026-07-27 03:18:26,-0.03
2026-07-27 03:18:53,0.27
2026-07-27 03:19:47,0.31
2026-07-27 03:20:49,0.11
2026-07-27 03:21:03,0.26
2026-07-27 03:22:29,0.02
2026-07-27 03:22:33,0.05
2026-07-27 03:22:42,0.21
2026-07-27 03:24:16,0.23
2026-07-27 03:25:46,-0.01
2026-07-27 03:26:40,0.18
2026-07-27 03:27:21,-0.03
2026-07-27 03:28:01,0.12
2026-07-27 03:28:59,-0.05
2026-07-27 03:29:49,-0.11
2026-07-27 03:30:43,0.07
2026-07-27 03:30:56,0.12
2026-07-27 03:32:08,-0.10
2026-07-27 03:32:49,0.08
2026-07-27 03:33:20,-0.07
2026-07-27 03:34:14,-0.09
2026-07-27 03:34:50,0.16
2026-07-27 03:36:11,0.10
2026-07-27 03:37:04,-0.07
2026-07-27 03:37:23,0.19
2026-07-27 03:38:57,-0.07
2026-07-27 03:39:02,0.08
2026-07-27 03:40:36,-0.13
2026-07-27 03:41:24,0.04
2026-07-27 03:42:03,-0.14
2026-07-27 03:42:37,0.04
2026-07-27 03:43:22,-0.14
2026-07-27 03:44:47,-0.21
2026-07-27 03:45:27,0.09
2026-07-27 03:45:45,-0.18
2026-07-27 03:46:36,0.01
2026-07-27 03:47:33,-0.17
2026-07-27 03:47:51,0.01
2026-07-27 03:49:12,-0.04
2026-07-27 03:49:21,-0.17
2026-07-27 03:51:27,-0.21
2026-07-27 03:51:40,0.00
2026-07-27 03:52:17,0.01
2026-07-27 03:52:48,-0.16
2026-07-27 03:53:05,-0.03
2026-07-27 03:53:11,-0.06
2026-07-27 03:53:15,0.00
2026-07-27 03:53:24,-0.13
2026-07-27 03:55:21,0.03
2026-07-27 03:55:25,-0.24
2026-07-27 03:56:46,0.00
2026-07-27 03:56:51,-0.28
2026-07-27 03:57:21,-0.24
2026-07-27 03:57:45,-0.05
2026-07-27 03:59:10,-0.19
2026-07-27 03:59:55,0.07
2026-07-27 04:00:35,0.00
2026-07-27 04:01:02,-0.14
2026-07-27 04:02:28,-0.02
2026-07-27 04:03:25,-0.24
2026-07-27 04:04:06,-0.25
2026-07-27 04:04:33,-0.03
2026-07-27 04:05:42,-0.20
2026-07-27 04:06:48,-0.08
2026-07-27 04:08:32,-0.23
2026-07-27 04:08:40,-0.05
2026-07-27 04:09:31,-0.22
2026-07-27 04:09:35,-0.06
2026-07-27 04:11:54,-0.21
2026-07-27 04:12:03,-0.26
2026-07-27 04:13:29,-0.08
2026-07-27 04:14:40,-0.25
2026-07-27 04:15:02,-0.03
2026-07-27 04:15:34,0.01
2026-07-27 04:16:46,-0.22
2026-07-27 04:17:49,-0.33
2026-07-27 04:17:59,-0.09
2026-07-27 04:19:05,-0.28
2026-07-27 04:20:00,-0.05
2026-07-27 04:20:49,0.02
2026-07-27 04:21:47,-0.20
2026-07-27 04:22:10,-0.08
2026-07-27 04:23:03,-0.24
2026-07-27 04:24:12,-0.27
2026-07-27 04:24:29,-0.01
2026-07-27 04:25:19,0.01
2026-07-27 04:25:46,-0.27
2026-07-27 04:26:53,-0.23
2026-07-27 04:28:09,0.03
2026-07-27 04:29:21,-0.26
2026-07-27 04:29:44,0.07
2026-07-27 04:31:00,-0.17
2026-07-27 04:31:43,0.12
2026-07-27 04:31:59,0.17
2026-07-27 04:32:39,-0.12
2026-07-27 04:33:28,-0.13
2026-07-27 04:34:35,0.19
2026-07-27 04:35:11,-0.06
2026-07-27 04:35:53,0.23
2026-07-27 04:37:08,0.17
2026-07-27 04:37:27,0.44
2026-07-27 04:38:51,0.17
2026-07-27 04:40:00,0.73
2026-07-27 04:40:13,0.56
2026-07-27 04:41:38,0.80
2026-07-27 04:42:27,0.66
2026-07-27 04:42:45,0.99
2026-07-27 04:43:21,0.97
2026-07-27 04:44:51,1.48
2026-07-27 04:45:00,1.55
2026-07-27 04:46:21,2.38
2026-07-27 04:46:52,2.63
2026-07-27 04:47:11,2.29
2026-07-27 04:48:31,2.49
2026-07-27 04:49:56,1.85
2026-07-27 04:50:28,1.75
2026-07-27 04:51:31,2.25
2026-07-27 04:51:41,2.22
2026-07-27 04:52:55,1.77
2026-07-27 04:54:08,2.14
2026-07-27 04:54:30,1.69
2026-07-27 04:55:01,1.74
2026-07-27 04:56:05,1.39
2026-07-27 04:56:49,1.40
2026-07-27 04:57:38,1.00
2026-07-27 04:58:34,1.23
2026-07-27 04:59:41,0.73
2026-07-27 05:00:12,0.77
2026-07-27 05:00:56,0.44
2026-07-27 05:02:09,0.81
2026-07-27 05:02:31,0.45
2026-07-27 05:03:39,0.36
2026-07-27 05:03:48,0.55
2026-07-27 05:05:49,0.72
2026-07-27 05:06:16,0.43
2026-07-27 05:07:19,0.57
2026-07-27 05:07:50,0.34
2026-07-27 05:08:13,0.25
2026-07-27 05:09:15,0.63
2026-07-27 05:10:01,0.37
2026-07-27 05:11:03,0.81
2026-07-27 05:11:57,0.66
2026-07-27 05:12:50,1.03
2026-07-27 05:13:17,0.78
2026-07-27 05:14:12,1.11
2026-07-27 05:14:43,1.10
2026-07-27 05:16:13,0.77
2026-07-27 05:16:31,0.70
2026-07-27 05:17:20,1.03
2026-07-27 05:18:29,1.06
2026-07-27 05:19:13,0.69
2026-07-27 05:20:34,0.78
2026-07-27 05:20:56,0.58
2026-07-27 05:21:56,0.62
2026-07-27 05:22:44,0.41
2026-07-27 05:24:18,0.20
2026-07-27 05:24:23,0.54
2026-07-27 05:25:03,0.32
2026-07-27 05:25:57,0.10
2026-07-27 05:26:24,0.22
2026-07-27 05:26:33,-0.01
2026-07-27 05:27:54,0.13
2026-07-27 05:29:06,-0.02
2026-07-27 05:29:38,0.08
2026-07-27 05:30:18,-0.13
2026-07-27 05:32:05,-0.19
2026-07-27 05:32:24,0.01
2026-07-27 05:33:50,-0.18
2026-07-27 05:34:25,0.08
2026-07-27 05:35:05,-0.26
2026-07-27 05:36:04,0.00
2026-07-27 05:36:44,-0.21
2026-07-27 05:36:49,-0.06
2026-07-27 05:37:52,-0.04
2026-07-27 05:38:14,-0.23
2026-07-27 05:39:57,-0.24
2026-07-27 05:40:43,-0.06
2026-07-27 05:41:55,-0.29
2026-07-27 05:42:04,-0.07
2026-07-27 05:43:28,-0.05
2026-07-27 05:44:23,-0.31
2026-07-27 05:45:43,-0.29
2026-07-27 05:45:47,-0.05
2026-07-27 05:46:51,-0.30
2026-07-27 05:46:55,0.01
2026-07-27 05:48:44,-0.01
2026-07-27 05:48:48,-0.33
2026-07-27 05:49:50,-0.37
2026-07-27 05:50:26,-0.09
2026-07-27 05:51:54,-0.29
2026-07-27 05:52:32,0.01
2026-07-27 05:53:17,-0.39
2026-07-27 05:54:02,0.00
2026-07-27 05:55:18,-0.02
2026-07-27 05:55:22,-0.33
2026-07-27 05:56:18,0.08
2026-07-27 05:57:02,-0.23
2026-07-27 05:58:19,-0.33
2026-07-27 05:59:07,0.01
2026-07-27 06:00:19,0.00
2026-07-27 06:00:25,-0.33
2026-07-27 06:01:13,0.03
2026-07-27 06:01:18,-0.32
2026-07-27 06:02:52,-0.21
2026-07-27 06:03:10,0.01
2026-07-27 06:04:32,-0.21
2026-07-27 06:04:58,0.06
2026-07-27 06:06:01,-0.14
2026-07-27 06:06:06,0.17
2026-07-27 06:08:12,-0.13
2026-07-27 06:08:39,0.25
2026-07-27 06:09:28,0.24
2026-07-27 06:10:00,-0.01
2026-07-27 06:11:30,-0.09
2026-07-27 06:12:06,0.27
2026-07-27 06:12:50,0.16
2026-07-27 06:13:40,0.74
2026-07-27 06:14:07,0.76
2026-07-27 06:15:33,0.44
2026-07-27 06:16:21,0.75
2026-07-27 06:16:30,0.49
2026-07-27 06:17:28,0.76
2026-07-27 06:18:31,0.31
2026-07-27 06:19:53,0.49
2026-07-27 06:20:24,0.85
2026-07-27 06:20:50,0.63
2026-07-27 06:21:49,0.95
2026-07-27 06:22:28,1.11
2026-07-27 06:23:28,0.73
2026-07-27 06:24:13,0.75
2026-07-27 06:25:29,1.27
2026-07-27 06:26:33,0.98
2026-07-27 06:26:41,1.24
2026-07-27 06:27:18,1.19
2026-07-27 06:28:02,0.61
2026-07-27 06:29:28,0.76
2026-07-27 06:29:32,1.30
2026-07-27 06:31:29,0.88
2026-07-27 06:31:55,1.24
2026-07-27 06:33:35,0.88
2026-07-27 06:33:39,1.25
2026-07-27 06:34:15,0.98
2026-07-27 06:34:42,0.76
2026-07-27 06:35:54,0.90
2026-07-27 06:37:10,1.44
2026-07-27 06:37:33,1.31
2026-07-27 06:38:32,1.87
2026-07-27 06:38:59,1.71
2026-07-27 06:40:09,2.07
2026-07-27 06:41:00,1.88
2026-07-27 06:42:07,2.23
2026-07-27 06:42:30,2.28
2026-07-27 06:43:42,1.53
2026-07-27 06:43:50,1.55
2026-07-27 06:45:07,1.95
2026-07-27 06:46:01,1.71
2026-07-27 06:46:55,2.13
2026-07-27 06:47:09,1.97
2026-07-27 06:48:19,2.56
2026-07-27 06:48:51,2.36
2026-07-27 06:50:21,1.91
2026-07-27 06:50:26,2.01
2026-07-27 06:51:42,1.74
2026-07-27 06:52:04,1.88
2026-07-27 06:53:22,1.34
2026-07-27 06:53:43,1.47
2026-07-27 06:55:17,1.02
2026-07-27 06:55:31,1.29
2026-07-27 06:56:34,0.70
2026-07-27 06:57:19,1.01
2026-07-27 06:57:42,0.78
2026-07-27 06:58:50,1.18
2026-07-27 07:00:14,0.77
2026-07-27 07:00:40,0.88
2026-07-27 07:01:30,0.60
2026-07-27 07:02:07,0.55
2026-07-27 07:02:25,0.88
2026-07-27 07:03:54,0.78
2026-07-27 07:04:53,0.42
2026-07-27 07:06:05,0.54
2026-07-27 07:06:37,0.84
2026-07-27 07:07:12,0.87
2026-07-27 07:08:11,0.58
2026-07-27 07:08:47,0.91
2026-07-27 07:09:54,0.42
2026-07-27 07:10:12,0.65
2026-07-27 07:11:32,0.44
2026-07-27 07:11:51,0.56
2026-07-27 07:13:07,0.25
2026-07-27 07:13:48,0.29
2026-07-27 07:14:59,0.55
2026-07-27 07:16:17,0.36
2026-07-27 07:16:21,0.51
2026-07-27 07:16:52,0.50
2026-07-27 07:17:46,0.29
2026-07-27 07:18:31,0.44
2026-07-27 07:20:01,0.19
2026-07-27 07:20:32,0.37
2026-07-27 07:21:12,0.16
2026-07-27 07:22:12,0.13
2026-07-27 07:22:38,0.27
2026-07-27 07:23:35,0.14
2026-07-27 07:24:58,0.45
2026-07-27 07:25:24,0.32
2026-07-27 07:26:40,0.54
2026-07-27 07:27:45,0.51
2026-07-27 07:28:19,0.18
2026-07-27 07:28:25,0.19
2026-07-27 07:29:13,0.50
2026-07-27 07:30:43,0.25
2026-07-27 07:31:06,0.50
2026-07-27 07:31:42,0.51
2026-07-27 07:31:52,0.27
2026-07-27 07:33:47,0.48
2026-07-27 07:34:41,0.18
2026-07-27 07:35:13,0.21
2026-07-27 07:35:32,0.45
2026-07-27 07:36:43,0.38
2026-07-27 07:38:08,0.16
2026-07-27 07:38:40,0.05
2026-07-27 07:39:12,0.25
2026-07-27 07:40:00,0.15
2026-07-27 07:40:36,0.40
2026-07-27 07:41:40,0.15
2026-07-27 07:42:56,0.54
2026-07-27 07:43:23,0.51
2026-07-27 07:44:26,0.22
2026-07-27 07:45:01,0.34
2026-07-27 07:45:34,0.60
2026-07-27 07:47:34,0.34
2026-07-27 07:47:44,0.55
2026-07-27 07:49:27,0.62
2026-07-27 07:49:31,0.40
2026-07-27 07:50:18,0.64
2026-07-27 07:50:39,0.37
2026-07-27 07:51:28,0.38
2026-07-27 07:52:35,0.77
2026-07-27 07:54:08,0.43
2026-07-27 07:54:41,0.81
2026-07-27 07:56:02,0.63
2026-07-27 07:56:20,0.81
2026-07-27 07:57:00,0.79
2026-07-27 07:57:19,0.58
2026-07-27 07:58:48,0.48
2026-07-27 07:59:38,0.70
2026-07-27 07:59:47,0.73
2026-07-27 08:01:16,0.46
2026-07-27 08:01:53,0.54
2026-07-27 08:02:07,0.30
2026-07-27 08:03:32,0.22
2026-07-27 08:03:58,0.47
2026-07-27 08:04:42,0.50
2026-07-27 08:06:04,0.10
2026-07-27 08:06:35,0.13
2026-07-27 08:07:39,0.47
2026-07-27 08:08:23,0.31
2026-07-27 08:09:31,0.09
2026-07-27 08:10:07,0.10
2026-07-27 08:10:15,0.27
2026-07-27 08:11:28,0.04
2026-07-27 08:11:50,0.35
2026-07-27 08:13:02,0.37
2026-07-27 08:14:05,-0.18
2026-07-27 08:14:41,-0.12
2026-07-27 08:15:17,0.24
2026-07-27 08:16:42,0.35
2026-07-27 08:17:41,-0.14
2026-07-27 08:17:55,0.21
2026-07-27 08:19:16,-0.15
2026-07-27 08:19:37,0.04
2026-07-27 08:20:17,-0.27
2026-07-27 08:21:26,-0.21
2026-07-27 08:22:46,0.23
2026-07-27 08:23:17,0.40
2026-07-27 08:23:36,-0.18
2026-07-27 08:25:23,-0.24
2026-07-27 08:25:55,0.06
2026-07-27 08:26:13,-0.30
2026-07-27 08:26:17,0.05
2026-07-27 08:27:51,-0.24
2026-07-27 08:29:00,0.08
2026-07-27 08:30:29,-0.13
2026-07-27 08:30:57,0.09
2026-07-27 08:31:27,0.18
2026-07-27 08:32:35,-0.05
2026-07-27 08:32:49,0.08
2026-07-27 08:34:09,-0.21
2026-07-27 08:34:49,0.08
2026-07-27 08:35:17,-0.18
2026-07-27 08:36:33,0.03
2026-07-27 08:37:31,-0.25
2026-07-27 08:38:07,0.02
2026-07-27 08:38:11,-0.24
2026-07-27 08:40:09,-0.03
2026-07-27 08:40:31,-0.27
2026-07-27 08:41:03,-0.07
2026-07-27 08:41:25,-0.30
2026-07-27 08:42:54,-0.12
2026-07-27 08:44:11,-0.35
2026-07-27 08:44:33,-0.12
2026-07-27 08:44:43,-0.42
2026-07-27 08:46:04,-0.13
2026-07-27 08:47:19,-0.48
2026-07-27 08:47:51,-0.45
2026-07-27 08:48:10,-0.16
2026-07-27 08:50:05,-0.42
2026-07-27 08:50:37,-0.17
2026-07-27 08:51:04,-0.25
2026-07-27 08:51:54,-0.48
2026-07-27 08:52:43,-0.44
2026-07-27 08:53:51,-0.23
2026-07-27 08:54:12,-0.19
2026-07-27 08:54:53,-0.45
2026-07-27 08:55:57,-0.41
2026-07-27 08:56:18,-0.15
2026-07-27 08:57:53,-0.49
2026-07-27 08:59:02,-0.13
2026-07-27 09:00:17,-0.54
2026-07-27 09:00:25,-0.17
2026-07-27 09:00:53,-0.44
2026-07-27 09:01:33,-0.21
2026-07-27 09:02:40,-0.18
2026-07-27 09:02:52,-0.45
2026-07-27 09:04:32,-0.44
2026-07-27 09:04:42,-0.21
2026-07-27 09:05:59,-0.20
2026-07-27 09:06:33,-0.49
2026-07-27 09:07:38,-0.16
2026-07-27 09:08:53,-0.42
2026-07-27 09:09:25,-0.16
2026-07-27 09:10:22,-0.41
2026-07-27 09:10:45,-0.39
2026-07-27 09:11:17,-0.10
2026-07-27 09:12:19,-0.38
2026-07-27 09:13:18,-0.11
2026-07-27 09:14:35,-0.35
2026-07-27 09:15:15,0.04
2026-07-27 09:15:59,-0.32
2026-07-27 09:16:08,-0.10
2026-07-27 09:17:56,0.11
2026-07-27 09:18:32,-0.32
2026-07-27 09:18:59,-0.31
2026-07-27 09:19:39,0.09
2026-07-27 09:21:00,-0.30
2026-07-27 09:21:23,-0.06
2026-07-27 09:22:31,-0.32
2026-07-27 09:22:49,-0.09
2026-07-27 09:24:32,-0.14
2026-07-27 09:25:07,-0.34
2026-07-27 09:25:30,-0.31
2026-07-27 09:26:28,-0.10
2026-07-27 09:27:40,-0.20
2026-07-27 09:28:25,-0.35
2026-07-27 09:29:14,-0.39
2026-07-27 09:30:09,-0.10
2026-07-27 09:30:59,-0.16
2026-07-27 09:31:34,-0.35
2026-07-27 09:32:06,-0.40
2026-07-27 09:32:28,-0.11
2026-07-27 09:33:45,-0.19
2026-07-27 09:35:14,-0.42
2026-07-27 09:36:26,-0.17
2026-07-27 09:37:02,-0.41
2026-07-27 09:37:14,-0.45
2026-07-27 09:37:56,-0.24
2026-07-27 09:39:13,-0.41
2026-07-27 09:40:41,-0.39
2026-07-27 09:41:19,-0.23
2026-07-27 09:42:34,-0.12
2026-07-27 09:42:57,-0.36
2026-07-27 09:44:27,-0.20
2026-07-27 09:45:03,-0.43
2026-07-27 09:45:34,-0.14
2026-07-27 09:46:14,-0.40
2026-07-27 09:47:44,-0.41
2026-07-27 09:47:54,-0.13
2026-07-27 09:49:46,-0.22
2026-07-27 09:49:50,-0.51
2026-07-27 09:50:30,-0.44
2026-07-27 09:51:15,-0.19
2026-07-27 09:52:30,-0.42
2026-07-27 09:53:31,-0.22
2026-07-27 09:54:20,-0.44
2026-07-27 09:55:28,-0.42
2026-07-27 09:56:26,-0.23
2026-07-27 09:57:24,-0.42
2026-07-27 09:58:22,-0.21
2026-07-27 09:58:40,-0.41
2026-07-27 09:59:39,-0.08
2026-07-27 10:00:24,-0.06
2026-07-27 10:01:27,-0.32
2026-07-27 10:02:11,-0.41
2026-07-27 10:02:42,-0.17
2026-07-27 10:04:04,-0.52
2026-07-27 10:05:02,-0.21
2026-07-27 10:06:09,-0.22
2026-07-27 10:06:32,-0.40
2026-07-27 10:07:26,-0.45
2026-07-27 10:08:02,-0.21
2026-07-27 10:08:42,-0.24
2026-07-27 10:09:00,-0.39
2026-07-27 10:10:43,-0.22
2026-07-27 10:10:48,-0.44
2026-07-27 10:11:51,-0.42
2026-07-27 10:12:01,-0.20
2026-07-27 10:13:43,-0.39
2026-07-27 10:14:50,-0.18
2026-07-27 10:15:13,-0.44
2026-07-27 10:16:34,-0.19
2026-07-27 10:17:01,-0.11
2026-07-27 10:17:06,-0.39
2026-07-27 10:19:29,-0.16
2026-07-27 10:19:39,-0.40
2026-07-27 10:20:41,-0.14
2026-07-27 10:21:53,-0.20
2026-07-27 10:22:46,-0.37
2026-07-27 10:23:50,-0.18
2026-07-27 10:24:52,-0.39
2026-07-27 10:25:56,-0.47
2026-07-27 10:26:13,-0.17
2026-07-27 10:27:03,-0.43
2026-07-27 10:27:09,-0.19
2026-07-27 10:28:15,-0.13
2026-07-27 10:28:23,-0.48
2026-07-27 10:29:58,-0.19
2026-07-27 10:30:20,-0.41
2026-07-27 10:31:46,-0.17
2026-07-27 10:32:30,-0.42
2026-07-27 10:33:17,-0.16
2026-07-27 10:34:05,-0.46
2026-07-27 10:35:00,-0.40
2026-07-27 10:35:27,-0.09
2026-07-27 10:36:37,-0.04
2026-07-27 10:36:47,-0.37
2026-07-27 10:38:26,-0.16
2026-07-27 10:39:07,-0.37
2026-07-27 10:39:51,-0.38
2026-07-27 10:40:50,-0.21
2026-07-27 10:42:47,0.05
2026-07-27 10:42:56,-0.38
2026-07-27 10:43:37,-0.08
2026-07-27 10:44:11,-0.52
2026-07-27 10:45:06,-0.01
2026-07-27 10:46:13,-0.39
2026-07-27 10:47:04,-0.52
2026-07-27 10:47:17,-0.16
2026-07-27 10:48:14,-0.12
2026-07-27 10:48:50,-0.44
2026-07-27 10:49:48,-0.23
2026-07-27 10:51:01,-0.46
2026-07-27 10:51:51,-0.08
2026-07-27 10:52:44,-0.47
2026-07-27 10:53:16,-0.42
2026-07-27 10:54:05,0.27
2026-07-27 10:55:35,-0.36
2026-07-27 10:55:39,-0.06
2026-07-27 10:56:28,-0.03
2026-07-27 10:57:26,-0.46
2026-07-27 10:58:49,-0.37
2026-07-27 10:59:25,0.07
2026-07-27 10:59:42,0.01
2026-07-27 10:59:59,-0.32
2026-07-27 11:01:44,-0.06
2026-07-27 11:02:28,-0.35
2026-07-27 11:03:22,-0.28
2026-07-27 11:04:16,-0.10
2026-07-27 11:04:38,-0.07
2026-07-27 11:06:04,-0.26
2026-07-27 11:06:12,-0.27
2026-07-27 11:07:43,-0.10
2026-07-27 11:07:56,-0.30
2026-07-27 11:09:05,-0.08
2026-07-27 11:09:31,-0.11
2026-07-27 11:10:19,-0.30
2026-07-27 11:11:23,-0.38
2026-07-27 11:11:36,-0.15
2026-07-27 11:12:49,-0.36
2026-07-27 11:13:29,-0.15
2026-07-27 11:15:34,-0.32
2026-07-27 11:15:47,-0.04
2026-07-27 11:16:14,-0.12
2026-07-27 11:16:52,-0.35
2026-07-27 11:18:44,-0.17
2026-07-27 11:18:57,-0.32
2026-07-27 11:19:33,-0.12
2026-07-27 11:19:50,-0.34
2026-07-27 11:22:14,-0.07
2026-07-27 11:23:53,-0.31
2026-07-27 11:24:10,-0.10
2026-07-27 11:25:37,-0.40
2026-07-27 11:25:50,-0.07
2026-07-27 11:26:03,-0.35
2026-07-27 11:26:21,-0.12
2026-07-27 11:27:38,-0.34
2026-07-27 11:27:51,-0.16
2026-07-27 11:30:34,-0.28
2026-07-27 11:30:47,-0.16
2026-07-27 11:31:35,-0.10
2026-07-27 11:32:31,-0.33
2026-07-27 11:34:00,-0.35
2026-07-27 11:34:04,-0.07
2026-07-27 11:34:32,-0.32
2026-07-27 11:34:41,-0.06
2026-07-27 11:35:57,-0.07
2026-07-27 11:36:42,-0.35
2026-07-27 11:38:07,-0.09
2026-07-27 11:38:11,-0.35
2026-07-27 11:39:26,-0.10
2026-07-27 11:39:33,-0.32
2026-07-27 11:41:21,-0.11
2026-07-27 11:42:05,-0.31
2026-07-27 11:43:35,-0.28
2026-07-27 11:43:57,-0.07
2026-07-27 11:44:25,-0.08
2026-07-27 11:45:01,-0.26
2026-07-27 11:46:22,-0.35
2026-07-27 11:47:11,-0.06
2026-07-27 11:47:34,-0.25
2026-07-27 11:48:32,-0.06
2026-07-27 11:49:08,0.10
2026-07-27 11:50:06,-0.27
2026-07-27 11:51:18,-0.04
2026-07-27 11:52:08,-0.35
2026-07-27 11:52:35,0.06
2026-07-27 11:52:43,-0.29
2026-07-27 11:54:09,-0.03
2026-07-27 11:55:16,-0.29
2026-07-27 11:55:43,-0.17
2026-07-27 11:56:46,0.05
2026-07-27 11:57:30,-0.21
2026-07-27 11:57:54,-0.01
2026-07-27 11:59:05,-0.05
2026-07-27 11:59:33,-0.25
2026-07-27 12:01:20,-0.24
2026-07-27 12:02:14,0.00
2026-07-27 12:02:36,-0.21
2026-07-27 12:03:08,0.01
2026-07-27 12:03:57,-0.29
2026-07-27 12:04:43,0.00
2026-07-27 12:06:22,0.04
2026-07-27 12:06:43,-0.24
2026-07-27 12:08:18,-0.21
2026-07-27 12:08:40,0.05
2026-07-27 12:09:44,-0.32
2026-07-27 12:10:16,0.17
2026-07-27 12:10:46,-0.19
2026-07-27 12:11:18,0.15
2026-07-27 12:12:43,0.12
2026-07-27 12:12:51,-0.19
2026-07-27 12:14:17,0.12
2026-07-27 12:14:44,-0.16
2026-07-27 12:16:45,-0.26
2026-07-27 12:16:54,0.08
2026-07-27 12:17:25,-0.13
2026-07-27 12:18:43,0.05
2026-07-27 12:19:32,-0.18
2026-07-27 12:19:59,0.19
2026-07-27 12:21:34,-0.23
2026-07-27 12:22:01,0.14
2026-07-27 12:22:10,-0.11
2026-07-27 12:23:17,0.22
2026-07-27 12:24:02,-0.05
2026-07-27 12:25:15,0.54
2026-07-27 12:25:37,0.18
2026-07-27 12:26:48,0.77
2026-07-27 12:27:05,0.69
2026-07-27 12:28:35,0.24
2026-07-27 12:28:39,0.50
2026-07-27 12:30:11,0.12
2026-07-27 12:30:19,0.03
2026-07-27 12:31:04,0.35
2026-07-27 12:32:16,0.33
2026-07-27 12:33:28,0.10
2026-07-27 12:33:38,0.19
2026-07-27 12:34:31,0.04
2026-07-27 12:35:24,0.20
2026-07-27 12:35:47,0.03
2026-07-27 12:36:54,0.05
2026-07-27 12:37:45,0.22
2026-07-27 12:38:42,0.31
2026-07-27 12:39:40,0.07
2026-07-27 12:40:20,0.21
2026-07-27 12:40:44,0.02
2026-07-27 12:41:52,0.18
2026-07-27 12:42:58,0.03
2026-07-27 12:43:53,0.18
2026-07-27 12:43:57,0.04
2026-07-27 12:45:22,-0.02
2026-07-27 12:46:20,0.14
2026-07-27 12:47:05,0.15
2026-07-27 12:47:27,-0.04
2026-07-27 12:48:31,0.15
2026-07-27 12:49:52,-0.08
2026-07-27 12:50:32,-0.10
2026-07-27 12:50:59,0.07
2026-07-27 12:51:48,0.04
2026-07-27 12:53:14,-0.10
2026-07-27 12:53:37,0.11
2026-07-27 12:54:47,-0.07
2026-07-27 12:56:13,-0.15
2026-07-27 12:56:32,0.10
2026-07-27 12:57:26,-0.13
2026-07-27 12:57:53,0.04
2026-07-27 12:59:17,0.02
2026-07-27 12:59:50,-0.11
2026-07-27 13:00:03,-0.10
2026-07-27 13:00:30,0.02
2026-07-27 13:02:17,-0.09
2026-07-27 13:02:35,0.11
2026-07-27 13:04:19,-0.07
2026-07-27 13:04:37,0.08
2026-07-27 13:05:22,0.00
2026-07-27 13:05:54,0.11
2026-07-27 13:07:50,-0.07
2026-07-27 13:07:54,0.13
2026-07-27 13:09:07,0.06
2026-07-27 13:09:15,-0.09
2026-07-27 13:10:45,-0.05
2026-07-27 13:11:21,0.10
2026-07-27 13:11:44,-0.09
2026-07-27 13:12:20,0.11
2026-07-27 13:13:45,0.10
2026-07-27 13:14:29,-0.05
2026-07-27 13:15:02,-0.06
2026-07-27 13:16:27,0.14
2026-07-27 13:16:36,-0.06
2026-07-27 13:17:52,0.08
2026-07-27 13:18:15,-0.09
2026-07-27 13:19:09,0.12
2026-07-27 13:19:49,0.08
2026-07-27 13:20:16,-0.06
2026-07-27 13:21:59,0.09
2026-07-27 13:22:41,-0.04
2026-07-27 13:23:29,0.14
2026-07-27 13:23:56,-0.02
2026-07-27 13:25:35,0.18
2026-07-27 13:27:09,-0.05
2026-07-27 13:27:28,0.08
2026-07-27 13:28:03,0.11
2026-07-27 13:28:12,-0.04
2026-07-27 13:30:32,0.01
2026-07-27 13:30:36,0.19
2026-07-27 13:31:30,0.02
2026-07-27 13:32:24,0.22
2026-07-27 13:33:40,0.14
2026-07-27 13:33:53,-0.04
2026-07-27 13:34:53,0.02
2026-07-27 13:35:02,0.20
2026-07-27 13:36:22,0.16
2026-07-27 13:37:11,-0.03
2026-07-27 13:38:01,-0.01
2026-07-27 13:38:10,0.15
2026-07-27 13:39:36,0.01
2026-07-27 13:40:43,0.17
2026-07-27 13:41:55,0.01
2026-07-27 13:42:53,0.17
2026-07-27 13:42:57,0.16
2026-07-27 13:43:24,0.01
2026-07-27 13:45:53,-0.04
2026-07-27 13:46:02,0.16
2026-07-27 13:46:47,0.19
2026-07-27 13:47:36,0.04
2026-07-27 13:47:54,0.20
2026-07-27 13:48:57,-0.03
2026-07-27 13:50:10,0.01
2026-07-27 13:50:50,0.22
2026-07-27 13:51:25,0.24
2026-07-27 13:52:10,-0.03
2026-07-27 13:52:55,0.04
2026-07-27 13:53:44,0.24
2026-07-27 13:54:38,0.03
2026-07-27 13:55:59,0.18
2026-07-27 13:56:22,0.04
2026-07-27 13:57:20,0.22
2026-07-27 13:58:45,0.24
2026-07-27 13:58:55,0.03
2026-07-27 13:59:39,0.23
2026-07-27 14:00:57,0.08
2026-07-27 14:01:59,0.05
2026-07-27 14:02:35,0.22
2026-07-27 14:03:51,0.03
2026-07-27 14:04:54,0.22
2026-07-27 14:05:08,0.04
2026-07-27 14:06:06,0.18
2026-07-27 14:06:51,0.04
2026-07-27 14:07:53,0.22
2026-07-27 14:08:16,0.07
2026-07-27 14:09:37,0.19
2026-07-27 14:11:47,0.26
2026-07-27 14:12:06,0.11
2026-07-27 14:13:49,0.22
2026-07-27 14:14:07,0.05
2026-07-27 14:14:16,0.24
2026-07-27 14:15:23,0.05
2026-07-27 14:16:58,0.10
2026-07-27 14:17:02,0.27
2026-07-27 14:17:34,0.24
2026-07-27 14:18:19,0.12
2026-07-27 14:19:40,0.11
2026-07-27 14:20:12,0.31
2026-07-27 14:21:00,0.12
2026-07-27 14:22:17,0.25
2026-07-27 14:22:43,0.26
2026-07-27 14:22:47,0.08
2026-07-27 14:24:27,0.26
2026-07-27 14:24:59,0.13
2026-07-27 14:25:53,0.28
2026-07-27 14:26:06,0.12
2026-07-27 14:28:20,0.13
2026-07-27 14:28:26,0.28
2026-07-27 14:29:41,0.16
2026-07-27 14:30:27,0.28
2026-07-27 14:30:48,0.29
2026-07-27 14:31:47,0.15
2026-07-27 14:33:08,0.12
2026-07-27 14:33:58,0.33
2026-07-27 14:34:07,0.29
2026-07-27 14:34:11,0.19
2026-07-27 14:34:15,0.20
2026-07-27 14:35:07,0.36
2026-07-27 14:35:28,0.12
2026-07-27 14:36:21,0.14
2026-07-27 14:36:44,0.29
2026-07-27 14:37:29,0.13
2026-07-27 14:37:51,0.30
2026-07-27 14:39:07,0.32
2026-07-27 14:39:40,0.14
2026-07-27 14:41:54,0.32
2026-07-27 14:42:29,0.37
2026-07-27 14:43:14,0.13
2026-07-27 14:44:35,0.41
2026-07-27 14:44:48,0.14
2026-07-27 14:45:39,0.13
2026-07-27 14:46:46,0.34
2026-07-27 14:47:17,0.19
2026-07-27 14:48:29,0.34
2026-07-27 14:49:18,0.31
2026-07-27 14:50:08,0.22
2026-07-27 14:50:35,0.19
2026-07-27 14:51:52,0.37
2026-07-27 14:52:14,0.32
2026-07-27 14:53:21,0.18
2026-07-27 14:54:51,0.19
2026-07-27 14:55:19,0.36
2026-07-27 14:55:32,0.37
2026-07-27 14:55:41,0.21
2026-07-27 14:57:10,0.40
2026-07-27 14:57:50,0.21
2026-07-27 14:59:03,0.26
2026-07-27 15:00:02,0.40
2026-07-27 15:00:28,0.25
2026-07-27 15:00:32,0.41
2026-07-27 15:02:56,0.25
2026-07-27 15:03:59,0.36
2026-07-27 15:04:26,0.27
2026-07-27 15:05:48,0.32
2026-07-27 15:06:49,0.19
2026-07-27 15:07:30,0.40
2026-07-27 15:07:49,0.28
2026-07-27 15:09:04,0.22
2026-07-27 15:09:22,0.34
2026-07-27 15:10:48,0.42
2026-07-27 15:11:56,0.21
2026-07-27 15:12:13,0.27
2026-07-27 15:12:31,0.43
2026-07-27 15:13:43,0.40
2026-07-27 15:13:57,0.22
2026-07-27 15:15:31,0.39
2026-07-27 15:16:24,0.15
2026-07-27 15:17:07,0.40
2026-07-27 15:18:17,0.21
2026-07-27 15:18:53,0.20
2026-07-27 15:19:16,0.40
2026-07-27 15:20:23,0.38
2026-07-27 15:20:45,0.24
2026-07-27 15:23:04,0.21
2026-07-27 15:23:09,0.41
2026-07-27 15:23:50,0.26
2026-07-27 15:24:08,0.39
2026-07-27 15:25:38,0.36
2026-07-27 15:26:36,0.22
2026-07-27 15:27:39,0.24
2026-07-27 15:28:15,0.33
2026-07-27 15:28:50,0.39
2026-07-27 15:29:09,0.24
2026-07-27 15:31:14,0.39
2026-07-27 15:31:38,0.23
2026-07-27 15:32:40,0.26
2026-07-27 15:33:07,0.42
2026-07-27 15:34:24,0.35
2026-07-27 15:34:54,0.23
2026-07-27 15:36:38,0.37
2026-07-27 15:37:05,0.25
2026-07-27 15:38:12,0.42
2026-07-27 15:38:39,0.40
2026-07-27 15:38:52,0.29
2026-07-27 15:40:27,0.25
2026-07-27 15:40:45,0.39
2026-07-27 15:42:02,0.28
2026-07-27 15:42:51,0.45
2026-07-27 15:43:36,0.42
2026-07-27 15:44:34,0.27
2026-07-27 15:45:42,0.42
2026-07-27 15:46:22,0.24
2026-07-27 15:47:48,0.30
2026-07-27 15:48:15,0.44
2026-07-27 15:48:28,0.31
2026-07-27 15:48:51,0.47
2026-07-27 15:50:42,0.29
2026-07-27 15:51:30,0.47
2026-07-27 15:51:55,0.46
2026-07-27 15:52:35,0.31
2026-07-27 15:53:16,0.48
2026-07-27 15:54:19,0.31
2026-07-27 15:54:54,0.32
2026-07-27 15:56:06,0.48
2026-07-27 15:56:51,0.50
2026-07-27 15:57:36,0.27
2026-07-27 15:58:26,0.47
2026-07-27 15:58:52,0.31
2026-07-27 16:00:32,0.49
2026-07-27 16:00:45,0.26
2026-07-27 16:01:30,0.50
2026-07-27 16:02:10,0.35
2026-07-27 16:03:32,0.50
2026-07-27 16:03:53,0.27
2026-07-27 16:05:24,0.28
2026-07-27 16:06:21,0.51
2026-07-27 16:06:34,0.24
2026-07-27 16:07:39,0.49
2026-07-27 16:09:31,0.50
2026-07-27 16:09:35,0.31
2026-07-27 16:09:48,0.28
2026-07-27 16:11:10,0.48
2026-07-27 16:11:41,0.55
2026-07-27 16:12:26,0.32
2026-07-27 16:13:28,0.50
2026-07-27 16:15:53,0.53
2026-07-27 16:16:06,0.30
2026-07-27 16:17:58,0.59
2026-07-27 16:18:43,0.52
2026-07-27 16:18:48,0.38
2026-07-27 16:19:41,0.36
2026-07-27 16:21:07,0.50
2026-07-27 16:21:29,0.38
2026-07-27 16:22:33,0.51
2026-07-27 16:23:27,0.33
2026-07-27 16:23:54,0.57
2026-07-27 16:24:47,0.36
2026-07-27 16:25:05,0.52
2026-07-27 16:26:40,0.59
2026-07-27 16:26:58,0.44
2026-07-27 16:28:54,0.57
2026-07-27 16:29:12,0.37
2026-07-27 16:30:01,0.51
2026-07-27 16:31:28,0.37
2026-07-27 16:32:25,0.55
2026-07-27 16:33:47,0.60
2026-07-27 16:34:27,0.37
2026-07-27 16:34:41,0.40
2026-07-27 16:36:05,0.61
2026-07-27 16:36:50,0.55
2026-07-27 16:37:27,0.36
2026-07-27 16:38:11,0.38
2026-07-27 16:39:02,0.51
2026-07-27 16:40:12,0.57
2026-07-27 16:40:35,0.39
2026-07-27 16:41:16,0.58
2026-07-27 16:42:05,0.33
2026-07-27 16:43:39,0.39
2026-07-27 16:44:10,0.66
2026-07-27 16:44:37,0.59
2026-07-27 16:45:15,0.41
2026-07-27 16:46:21,0.58
2026-07-27 16:47:02,0.38
2026-07-27 16:48:13,0.35
2026-07-27 16:48:40,0.60
2026-07-27 16:49:22,0.57
2026-07-27 16:49:43,0.37
2026-07-27 16:51:17,0.58
2026-07-27 16:51:27,0.38
2026-07-27 16:53:50,0.57
2026-07-27 16:54:13,0.36
2026-07-27 16:54:50,0.39
2026-07-27 16:54:58,0.59
2026-07-27 16:56:26,0.36
2026-07-27 16:56:46,0.57
2026-07-27 16:58:11,0.54
2026-07-27 16:58:38,0.36
2026-07-27 16:59:58,0.58
2026-07-27 17:00:27,0.37
2026-07-27 17:01:47,0.60
2026-07-27 17:02:10,0.40
2026-07-27 17:03:04,0.56
2026-07-27 17:03:52,0.35
2026-07-27 17:04:38,0.63
2026-07-27 17:04:51,0.38
2026-07-27 17:06:35,0.36
2026-07-27 17:06:57,0.56
2026-07-27 17:08:05,0.59
2026-07-27 17:08:23,0.37
2026-07-27 17:09:21,0.57
2026-07-27 17:10:19,0.33
2026-07-27 17:11:42,0.59
2026-07-27 17:12:16,0.41
2026-07-27 17:13:01,0.59
2026-07-27 17:13:54,0.40
2026-07-27 17:14:57,0.58
2026-07-27 17:15:32,0.41
2026-07-27 17:15:47,0.40
2026-07-27 17:16:18,0.62
2026-07-27 17:17:25,0.58
2026-07-27 17:17:39,0.39
2026-07-27 17:19:50,0.57
2026-07-27 17:20:38,0.37
2026-07-27 17:21:15,0.62
2026-07-27 17:21:59,0.39
2026-07-27 17:22:39,0.41
2026-07-27 17:23:44,0.61
2026-07-27 17:24:28,0.60
2026-07-27 17:25:09,0.40
2026-07-27 17:25:39,0.38
2026-07-27 17:27:11,0.62
2026-07-27 17:28:31,0.56
2026-07-27 17:28:48,0.44
2026-07-27 17:30:26,0.66
2026-07-27 17:30:32,0.38
2026-07-27 17:31:39,0.41
2026-07-27 17:32:11,0.56
2026-07-27 17:32:15,0.44
2026-07-27 17:32:42,0.61
2026-07-27 17:34:07,0.62
2026-07-27 17:34:29,0.43
2026-07-27 17:35:33,0.40
2026-07-27 17:35:59,0.61
2026-07-27 17:37:12,0.41
2026-07-27 17:38:14,0.61
2026-07-27 17:38:52,0.41
2026-07-27 17:39:26,0.62
2026-07-27 17:40:57,0.40
2026-07-27 17:41:59,0.57
2026-07-27 17:42:16,0.45
2026-07-27 17:42:22,0.60
2026-07-27 17:44:27,0.58
2026-07-27 17:44:50,0.41
2026-07-27 17:45:34,0.43
2026-07-27 17:45:48,0.61
2026-07-27 17:47:06,0.45
2026-07-27 17:48:34,0.59
2026-07-27 17:50:00,0.64
2026-07-27 17:50:05,0.44
2026-07-27 17:50:37,0.42
2026-07-27 17:51:39,0.63
2026-07-27 17:53:14,0.41
2026-07-27 17:53:22,0.60
2026-07-27 17:54:44,0.63
2026-07-27 17:54:53,0.37
2026-07-27 17:55:24,0.33
2026-07-27 17:56:00,0.62
2026-07-27 17:57:15,0.63
2026-07-27 17:58:06,0.41
2026-07-27 17:59:08,0.45
2026-07-27 18:00:01,0.65
2026-07-27 18:00:20,0.58
2026-07-27 18:01:05,0.41
2026-07-27 18:02:40,0.61
2026-07-27 18:04:08,0.40
2026-07-27 18:04:45,0.60
2026-07-27 18:05:34,0.41
2026-07-27 18:05:40,0.59
2026-07-27 18:07:22,0.56
2026-07-27 18:08:11,0.37
2026-07-27 18:08:43,0.60
2026-07-27 18:09:15,0.39
2026-07-27 18:10:54,0.33
2026-07-27 18:11:02,0.63
2026-07-27 18:12:22,0.57
2026-07-27 18:13:14,0.33
2026-07-27 18:14:07,0.63
2026-07-27 18:14:48,0.37
2026-07-27 18:15:59,0.39
2026-07-27 18:16:16,0.58
2026-07-27 18:16:58,0.60
2026-07-27 18:17:55,0.33
2026-07-27 18:19:22,0.58
2026-07-27 18:20:10,0.55
2026-07-27 18:21:05,0.37
2026-07-27 18:22:25,0.60
2026-07-27 18:23:02,0.38
2026-07-27 18:23:29,0.55
2026-07-27 18:23:55,0.38
2026-07-27 18:25:12,0.36
2026-07-27 18:26:10,0.61
2026-07-27 18:26:50,0.42
2026-07-27 18:27:26,0.57
2026-07-27 18:28:56,0.60
2026-07-27 18:29:55,0.37
2026-07-27 18:30:12,0.36
2026-07-27 18:30:57,0.58
2026-07-27 18:31:47,0.67
2026-07-27 18:32:42,0.36
2026-07-27 18:34:02,0.37
2026-07-27 18:34:38,0.60
2026-07-27 18:35:04,0.37
2026-07-27 18:35:36,0.58
2026-07-27 18:36:49,0.56
2026-07-27 18:38:13,0.32
2026-07-27 18:39:33,0.63
2026-07-27 18:39:52,0.37
2026-07-27 18:40:24,0.61
2026-07-27 18:41:04,0.35
2026-07-27 18:42:34,0.53
2026-07-27 18:43:50,0.40
2026-07-27 18:44:18,0.55
2026-07-27 18:45:20,0.37
2026-07-27 18:45:34,0.57
2026-07-27 18:46:32,0.38
2026-07-27 18:47:30,0.55
2026-07-27 18:48:25,0.65
2026-07-27 18:49:10,0.36
2026-07-27 18:49:50,0.56
2026-07-27 18:50:22,0.29
2026-07-27 18:51:43,0.39
2026-07-27 18:53:04,0.62
2026-07-27 18:53:17,0.59
2026-07-27 18:54:19,0.37
2026-07-27 18:55:45,0.33
2026-07-27 18:55:59,0.54
2026-07-27 18:57:19,0.39
2026-07-27 18:57:28,0.57
2026-07-27 18:58:54,0.31
2026-07-27 18:59:26,0.62
2026-07-27 18:59:44,0.30
2026-07-27 19:00:11,0.62
2026-07-27 19:01:26,0.56
2026-07-27 19:01:45,0.37
2026-07-27 19:03:10,0.34
2026-07-27 19:04:05,0.55
2026-07-27 19:04:58,0.32
2026-07-27 19:06:17,0.62
2026-07-27 19:07:18,0.54
2026-07-27 19:07:26,0.33
2026-07-27 19:08:52,0.53
2026-07-27 19:09:14,0.34
2026-07-27 19:10:44,0.61
2026-07-27 19:10:49,0.37
2026-07-27 19:11:25,0.36
2026-07-27 19:11:33,0.54
2026-07-27 19:13:40,0.32
2026-07-27 19:14:11,0.57
2026-07-27 19:15:27,0.71
2026-07-27 19:15:40,0.33
2026-07-27 19:16:39,0.49
2026-07-27 19:18:05,0.55
2026-07-27 19:19:17,0.26
2026-07-27 19:20:55,0.54
2026-07-27 19:22:12,0.60
2026-07-27 19:22:44,0.28
2026-07-27 19:23:24,0.48
2026-07-27 19:23:41,0.22
2026-07-27 19:24:35,0.29
2026-07-27 19:24:54,0.59
2026-07-27 19:26:10,0.12
2026-07-27 19:26:14,0.62
2026-07-27 19:27:48,0.25
2026-07-27 19:28:11,0.52
2026-07-27 19:30:07,0.32
2026-07-27 19:30:58,0.60
2026-07-27 19:31:38,0.64
2026-07-27 19:32:41,0.32
2026-07-27 19:32:49,0.47
2026-07-27 19:32:55,0.37
2026-07-27 19:35:09,0.31
2026-07-27 19:35:27,0.56
2026-07-27 19:36:35,0.51
2026-07-27 19:37:15,0.30
2026-07-27 19:37:51,0.56
2026-07-27 19:37:55,0.30
2026-07-27 19:39:25,0.26
2026-07-27 19:40:10,0.53
2026-07-27 19:42:12,0.29
2026-07-27 19:42:35,0.51
2026-07-27 19:42:39,0.50
2026-07-27 19:42:48,0.32
2026-07-27 19:44:22,0.30
2026-07-27 19:45:21,0.51
2026-07-27 19:45:55,0.55
2026-07-27 19:47:12,0.33
2026-07-27 19:48:34,0.56
2026-07-27 19:48:56,0.29
2026-07-27 19:49:14,0.49
2026-07-27 19:50:49,0.21
2026-07-27 19:50:53,0.23
2026-07-27 19:51:59,0.45
2026-07-27 19:52:32,0.23
2026-07-27 19:53:03,0.53
2026-07-27 19:54:29,0.27
2026-07-27 19:55:09,0.48
2026-07-27 19:56:22,0.49
2026-07-27 19:57:10,0.31
2026-07-27 19:57:46,0.30
2026-07-27 19:58:09,0.53
2026-07-27 19:59:11,0.49
2026-07-27 19:59:16,0.31
2026-07-27 20:01:26,0.46
2026-07-27 20:01:39,0.27
2026-07-27 20:02:24,0.48
2026-07-27 20:02:34,0.32
2026-07-27 20:05:06,0.33
2026-07-27 20:05:20,0.49
2026-07-27 20:06:05,0.43
2026-07-27 20:06:37,0.32
2026-07-27 20:08:11,0.50
2026-07-27 20:08:51,0.27
2026-07-27 20:09:23,0.44
2026-07-27 20:10:08,0.30
2026-07-27 20:11:20,0.51
2026-07-27 20:11:38,0.26
2026-07-27 20:13:12,0.49
2026-07-27 20:13:35,0.32
2026-07-27 20:14:01,0.51
2026-07-27 20:15:14,0.30
2026-07-27 20:16:11,0.29
2026-07-27 20:16:25,0.50
2026-07-27 20:17:28,0.44
2026-07-27 20:18:22,0.29
2026-07-27 20:19:34,0.27
2026-07-27 20:20:24,0.43
2026-07-27 20:21:04,0.48
2026-07-27 20:22:11,0.28
2026-07-27 20:22:19,0.23
2026-07-27 20:22:25,0.41
2026-07-27 20:24:39,0.28
2026-07-27 20:25:25,0.48
2026-07-27 20:26:13,0.26
2026-07-27 20:26:55,0.45
2026-07-27 20:27:12,0.40
2026-07-27 20:28:42,0.27
2026-07-27 20:29:19,0.24
2026-07-27 20:29:53,0.40
2026-07-27 20:30:49,0.26
2026-07-27 20:31:11,0.40
2026-07-27 20:32:35,0.27
2026-07-27 20:33:30,0.44
2026-07-27 20:34:51,0.22
2026-07-27 20:35:18,0.43
2026-07-27 20:35:45,0.25
2026-07-27 20:36:12,0.39
2026-07-27 20:37:10,0.22
2026-07-27 20:38:18,0.41
2026-07-27 20:38:49,0.50
2026-07-27 20:40:00,0.26
2026-07-27 20:40:50,0.23
2026-07-27 20:41:34,0.46
2026-07-27 20:42:07,0.43
2026-07-27 20:42:30,0.20
2026-07-27 20:43:54,0.43
2026-07-27 20:44:17,0.26
2026-07-27 20:45:28,0.42
2026-07-27 20:45:47,0.28
2026-07-27 20:47:13,0.38
2026-07-27 20:47:43,0.26
2026-07-27 20:48:38,0.41
2026-07-27 20:48:42,0.26
2026-07-27 20:50:21,0.41
2026-07-27 20:51:28,0.23
2026-07-27 20:52:09,0.36
2026-07-27 20:52:41,0.23
2026-07-27 20:53:53,0.37
2026-07-27 20:54:33,0.26
2026-07-27 20:55:44,0.41
2026-07-27 20:57:23,0.26
2026-07-27 20:58:14,0.40
2026-07-27 20:59:34,0.38
2026-07-27 20:59:47,0.25
2026-07-27 21:01:00,0.39
2026-07-27 21:01:30,0.24
2026-07-27 21:02:07,0.38
2026-07-27 21:02:51,0.27
2026-07-27 21:04:02,0.38
2026-07-27 21:04:12,0.23
2026-07-27 21:06:13,0.24
2026-07-27 21:06:32,0.41
2026-07-27 21:06:45,0.38
2026-07-27 21:08:09,0.25
2026-07-27 21:08:31,0.21
2026-07-27 21:09:31,0.37
2026-07-27 21:10:20,0.22
2026-07-27 21:10:48,0.37
2026-07-27 21:11:49,0.17
2026-07-27 21:13:02,0.37
2026-07-27 21:13:21,0.44
2026-07-27 21:13:25,0.22
2026-07-27 21:15:26,0.35
2026-07-27 21:16:38,0.22
2026-07-27 21:16:52,0.17
2026-07-27 21:16:56,0.42
2026-07-27 21:18:43,0.23
2026-07-27 21:19:19,0.39
2026-07-27 21:21:08,0.37
2026-07-27 21:21:21,0.22
2026-07-27 21:22:01,0.37
2026-07-27 21:22:42,0.25
2026-07-27 21:23:47,0.38
2026-07-27 21:24:52,0.23
2026-07-27 21:24:56,0.40
2026-07-27 21:26:17,0.21
2026-07-27 21:27:52,0.38
2026-07-27 21:29:17,0.48
2026-07-27 21:29:39,0.19
2026-07-27 21:29:57,0.24
2026-07-27 21:31:26,0.36
2026-07-27 21:32:36,0.24
2026-07-27 21:32:49,0.40
2026-07-27 21:33:20,0.23
2026-07-27 21:34:45,0.36
2026-07-27 21:34:58,0.20
2026-07-27 21:35:39,0.39
2026-07-27 21:36:56,0.22
2026-07-27 21:38:16,0.38
2026-07-27 21:39:15,0.15
2026-07-27 21:40:04,0.20
2026-07-27 21:40:23,0.43
2026-07-27 21:41:47,0.10
2026-07-27 21:43:22,0.38
2026-07-27 21:44:34,0.16
2026-07-27 21:44:43,0.52
2026-07-27 21:45:05,0.20
2026-07-27 21:47:16,0.15
2026-07-27 21:47:43,0.43
2026-07-27 21:48:32,0.42
2026-07-27 21:48:41,0.08
2026-07-27 21:49:57,0.46
2026-07-27 21:50:01,0.19
2026-07-27 21:51:45,0.43
2026-07-27 21:51:59,0.23
2026-07-27 21:53:37,0.16
2026-07-27 21:54:13,0.47
2026-07-27 21:54:41,0.43
2026-07-27 21:55:11,0.26
2026-07-27 21:56:51,0.44
2026-07-27 21:56:59,0.12
2026-07-27 21:57:58,0.45
2026-07-27 21:58:21,0.24
2026-07-27 21:59:45,0.19
2026-07-27 22:01:06,0.42
2026-07-27 22:02:15,0.17
2026-07-27 22:02:37,0.49
2026-07-27 22:03:21,0.22
2026-07-27 22:03:35,0.43
2026-07-27 22:04:42,0.16
2026-07-27 22:04:56,0.37
2026-07-27 22:06:22,0.39
2026-07-27 22:07:02,0.21
2026-07-27 22:07:56,0.16
2026-07-27 22:08:27,0.45
2026-07-27 22:10:29,0.41
2026-07-27 22:10:46,0.20
2026-07-27 22:11:22,0.27
2026-07-27 22:12:43,0.35
2026-07-27 22:12:52,0.40
2026-07-27 22:13:26,0.21
2026-07-27 22:14:32,0.19
2026-07-27 22:15:46,0.39
2026-07-27 22:16:37,0.38
2026-07-27 22:17:26,0.23
2026-07-27 22:17:44,0.20
2026-07-27 22:19:05,0.39
2026-07-27 22:19:54,0.36
2026-07-27 22:20:21,0.21
2026-07-27 22:21:29,0.18
2026-07-27 22:22:05,0.38
2026-07-27 22:22:50,0.35
2026-07-27 22:23:47,0.17
2026-07-27 22:25:18,0.18
2026-07-27 22:25:36,0.38
2026-07-27 22:26:34,0.35
2026-07-27 22:27:33,0.20
2026-07-27 22:27:46,0.35
2026-07-27 22:28:18,0.22
2026-07-27 22:30:14,0.16
2026-07-27 22:30:41,0.47
2026-07-27 22:30:54,0.44
2026-07-27 22:31:13,0.21
2026-07-27 22:33:10,0.17
2026-07-27 22:33:37,0.35
2026-07-27 22:35:11,0.19
2026-07-27 22:36:14,0.23
2026-07-27 22:37:07,0.44
2026-07-27 22:37:44,0.45
2026-07-27 22:38:15,0.18
2026-07-27 22:39:35,0.19
2026-07-27 22:40:26,0.36
2026-07-27 22:41:38,0.14
2026-07-27 22:42:18,0.32
2026-07-27 22:42:54,0.37
2026-07-27 22:43:07,0.20
2026-07-27 22:44:20,0.17
2026-07-27 22:44:24,0.35
2026-07-27 22:46:25,0.50
2026-07-27 22:46:34,0.17
2026-07-27 22:48:04,0.11
2026-07-27 22:48:40,0.43
2026-07-27 22:49:12,0.34
2026-07-27 22:49:39,0.11
2026-07-27 22:50:45,0.14
2026-07-27 22:51:26,0.40
2026-07-27 22:52:56,0.38
2026-07-27 22:53:15,0.16
2026-07-27 22:54:08,0.38
2026-07-27 22:55:20,0.17
2026-07-27 22:56:59,0.42
2026-07-27 22:57:09,0.04
2026-07-27 22:58:02,0.34
2026-07-27 22:58:19,0.12
2026-07-27 22:59:28,0.38
2026-07-27 22:59:36,0.10
2026-07-27 23:01:16,0.30
2026-07-27 23:03:16,0.10
2026-07-27 23:03:22,0.37
2026-07-27 23:04:06,0.39
2026-07-27 23:04:33,0.13
2026-07-27 23:06:11,0.39
2026-07-27 23:06:48,0.05
2026-07-27 23:08:04,-0.03
2026-07-27 23:08:31,0.47
2026-07-27 23:09:11,0.52
2026-07-27 23:10:14,-0.12
2026-07-27 23:10:50,0.65
2026-07-27 23:11:36,-0.09
2026-07-27 23:12:11,0.41
2026-07-27 23:12:51,0.05
2026-07-27 23:14:53,0.32
2026-07-27 23:15:07,0.10
2026-07-27 23:16:01,0.11
2026-07-27 23:16:32,0.38
2026-07-27 23:17:08,0.42
2026-07-27 23:18:05,0.12
2026-07-27 23:19:18,0.05
2026-07-27 23:19:27,0.35
2026-07-27 23:20:52,0.07
2026-07-27 23:21:15,0.43
2026-07-27 23:22:54,0.15
2026-07-27 23:23:03,0.38
2026-07-27 23:23:43,0.37
2026-07-27 23:25:18,0.08
2026-07-27 23:26:12,0.41
2026-07-27 23:26:17,0.09
2026-07-27 23:27:24,0.11
2026-07-27 23:28:04,0.47
2026-07-27 23:29:19,0.09
2026-07-27 23:29:57,0.38
2026-07-27 23:30:28,0.01
2026-07-27 23:30:45,0.37
2026-07-27 23:32:25,0.11
2026-07-27 23:33:00,0.48
2026-07-27 23:34:22,0.04
2026-07-27 23:34:48,0.41
2026-07-27 23:35:19,0.33
2026-07-27 23:36:45,0.10
2026-07-27 23:38:19,0.31
2026-07-27 23:38:33,0.12
2026-07-27 23:38:38,0.29
2026-07-27 23:40:20,0.17
2026-07-27 23:41:42,0.38
2026-07-27 23:42:05,0.30
2026-07-27 23:42:22,0.18
2026-07-27 23:43:39,0.38
2026-07-27 23:44:59,0.13
2026-07-27 23:45:12,0.34
2026-07-27 23:45:36,0.05
2026-07-27 23:47:09,0.06
2026-07-27 23:48:13,0.41
2026-07-27 23:48:30,0.00
2026-07-27 23:49:25,0.31
2026-07-27 23:50:23,0.08
2026-07-27 23:51:07,0.34
2026-07-27 23:51:48,0.09
2026-07-27 23:52:52,0.34
2026-07-27 23:53:41,0.07
2026-07-27 23:54:13,0.36
2026-07-27 23:55:10,0.33
2026-07-27 23:55:37,0.13
2026-07-27 23:58:14,0.08
2026-07-27 23:58:20,0.28
2026-07-27 23:59:13,0.13
2026-07-27 23:59:45,0.27
2026-07-28 00:00:15,0.32
2026-07-28 00:00:56,0.07
2026-07-28 00:02:27,0.10
2026-07-28 00:03:15,0.31
2026-07-28 00:04:12,0.04
2026-07-28 00:05:27,0.10
2026-07-28 00:06:24,0.36
2026-07-28 00:07:00,0.13
2026-07-28 00:07:22,0.28
2026-07-28 00:08:34,0.33
2026-07-28 00:08:40,0.12
2026-07-28 00:10:58,0.34
2026-07-28 00:11:22,0.18
2026-07-28 00:11:39,0.30
2026-07-28 00:13:01,0.08
2026-07-28 00:13:45,0.32
2026-07-28 00:14:38,0.07
2026-07-28 00:15:15,0.30
2026-07-28 00:16:27,0.13
2026-07-28 00:18:01,0.10
2026-07-28 00:18:05,0.29
2026-07-28 00:18:55,0.09
2026-07-28 00:19:04,0.33
2026-07-28 00:20:02,0.09
2026-07-28 00:20:52,0.26
2026-07-28 00:22:12,0.33
2026-07-28 00:23:03,0.06
2026-07-28 00:23:52,0.12
2026-07-28 00:24:32,0.30
2026-07-28 00:24:59,0.04
2026-07-28 00:26:23,0.33
2026-07-28 00:26:50,0.04
2026-07-28 00:27:19,0.33
2026-07-28 00:28:43,0.27
2026-07-28 00:29:29,0.12
2026-07-28 00:31:08,0.27
2026-07-28 00:32:15,0.30
2026-07-28 00:32:19,0.00
2026-07-28 00:33:40,0.02
2026-07-28 00:34:20,0.30
2026-07-28 00:35:10,0.05
2026-07-28 00:36:31,0.29
2026-07-28 00:37:03,0.10
2026-07-28 00:38:04,0.04
2026-07-28 00:38:18,0.28
2026-07-28 00:39:49,0.40
2026-07-28 00:41:01,0.11
2026-07-28 00:42:07,0.30
2026-07-28 00:42:40,0.11
2026-07-28 00:43:16,0.29
2026-07-28 00:43:20,0.07
2026-07-28 00:44:36,0.27
2026-07-28 00:45:21,0.08
2026-07-28 00:47:44,0.37
2026-07-28 00:47:50,0.09
2026-07-28 00:47:58,0.32
2026-07-28 00:48:03,0.10
2026-07-28 00:50:02,0.34
2026-07-28 00:51:07,0.06
2026-07-28 00:52:27,0.05
2026-07-28 00:52:41,0.26
2026-07-28 00:52:51,0.30
2026-07-28 00:52:59,0.09
2026-07-28 00:54:44,0.06
2026-07-28 00:55:14,0.26
2026-07-28 00:56:08,0.07
2026-07-28 00:56:26,0.26
2026-07-28 00:57:56,0.08
2026-07-28 00:59:17,0.26
2026-07-28 01:00:01,0.22
2026-07-28 01:00:15,0.11
2026-07-28 01:02:04,0.07
2026-07-28 01:02:08,0.30
2026-07-28 01:03:55,0.25
2026-07-28 01:04:18,0.12
2026-07-28 01:04:49,0.24
2026-07-28 01:05:30,0.10
2026-07-28 01:06:19,0.26
2026-07-28 01:06:51,0.10
2026-07-28 01:08:34,0.25
2026-07-28 01:09:59,0.22
2026-07-28 01:10:13,0.12
2026-07-28 01:11:46,0.10
2026-07-28 01:12:01,0.31
2026-07-28 01:12:46,0.08
2026-07-28 01:13:44,0.26
2026-07-28 01:14:20,0.21
2026-07-28 01:15:19,0.08
2026-07-28 01:17:25,0.04
2026-07-28 01:17:29,0.24
2026-07-28 01:17:33,0.09
2026-07-28 01:18:32,0.21
2026-07-28 01:19:26,0.09
2026-07-28 01:20:14,0.23
2026-07-28 01:20:24,0.11
2026-07-28 01:20:28,0.16
2026-07-28 01:20:46,0.17
2026-07-28 01:21:53,0.26
2026-07-28 01:22:16,0.06
2026-07-28 01:23:10,0.32
2026-07-28 01:23:33,0.10
2026-07-28 01:25:29,0.23
2026-07-28 01:25:33,0.03
2026-07-28 01:26:28,0.09
2026-07-28 01:26:37,0.24
2026-07-28 01:27:44,0.08
2026-07-28 01:28:56,0.22
2026-07-28 01:29:14,0.23
2026-07-28 01:30:21,0.06
2026-07-28 01:30:53,0.08
2026-07-28 01:32:10,0.29
2026-07-28 01:32:46,0.08
2026-07-28 01:33:07,0.22
2026-07-28 01:34:11,0.06
2026-07-28 01:34:34,0.18
2026-07-28 01:35:44,0.21
2026-07-28 01:37:10,0.02
2026-07-28 01:37:37,0.21
2026-07-28 01:38:05,0.05
2026-07-28 01:39:11,0.22
2026-07-28 01:41:00,0.05
2026-07-28 01:41:31,0.22
2026-07-28 01:42:34,0.05
2026-07-28 01:43:05,0.25
2026-07-28 01:44:13,0.24
2026-07-28 01:44:18,0.01
2026-07-28 01:45:47,0.24
2026-07-28 01:46:45,0.06
2026-07-28 01:47:48,0.30
2026-07-28 01:47:53,0.06
2026-07-28 01:49:01,0.02
2026-07-28 01:50:02,0.24
2026-07-28 01:51:02,0.22
2026-07-28 01:51:24,0.05
2026-07-28 01:52:36,0.19
2026-07-28 01:52:49,0.08
2026-07-28 01:54:01,0.05
2026-07-28 01:55:04,0.26
2026-07-28 01:56:48,0.18
2026-07-28 01:56:56,0.05
2026-07-28 01:57:36,0.17
2026-07-28 01:58:47,0.04
2026-07-28 01:59:25,0.08
2026-07-28 02:00:10,0.16
2026-07-28 02:00:59,0.17
2026-07-28 02:01:08,0.07
2026-07-28 02:02:06,0.06
2026-07-28 02:03:36,0.17
2026-07-28 02:04:39,0.21
2026-07-28 02:05:10,0.02
2026-07-28 02:05:46,0.18
2026-07-28 02:06:25,0.07
2026-07-28 02:07:21,0.06
2026-07-28 02:08:06,0.17
2026-07-28 02:09:36,0.04
2026-07-28 02:09:49,0.18
2026-07-28 02:10:56,0.16
2026-07-28 02:11:19,0.07
2026-07-28 02:12:27,0.05
2026-07-28 02:13:29,0.12
2026-07-28 02:13:52,0.20
2026-07-28 02:14:37,0.05
2026-07-28 02:15:40,0.04
2026-07-28 02:16:47,0.24
2026-07-28 02:17:10,0.04
2026-07-28 02:17:18,0.21
2026-07-28 02:19:29,0.05
2026-07-28 02:19:47,0.20
2026-07-28 02:20:23,0.02
2026-07-28 02:20:31,0.21
2026-07-28 02:22:11,0.03
2026-07-28 02:22:20,0.17
2026-07-28 02:24:25,0.18
2026-07-28 02:24:38,0.06
2026-07-28 02:26:27,0.02
2026-07-28 02:26:40,0.22
2026-07-28 02:27:38,0.05
2026-07-28 02:27:52,0.14
2026-07-28 02:28:45,0.03
2026-07-28 02:29:20,0.15
2026-07-28 02:30:25,0.01
2026-07-28 02:30:34,0.20
2026-07-28 02:31:51,0.06
2026-07-28 02:33:02,0.16
2026-07-28 02:33:57,0.15
2026-07-28 02:34:54,0.08
2026-07-28 02:35:08,0.04
2026-07-28 02:35:21,0.18
2026-07-28 02:38:12,0.01
2026-07-28 02:38:21,0.12
2026-07-28 02:38:25,0.13
2026-07-28 02:39:11,0.01
2026-07-28 02:40:22,0.17
2026-07-28 02:40:32,0.02
2026-07-28 02:41:48,0.03
2026-07-28 02:41:58,0.15
2026-07-28 02:44:03,0.03
2026-07-28 02:44:48,0.15
2026-07-28 02:45:19,0.05
2026-07-28 02:45:33,0.18
2026-07-28 02:46:53,0.01
2026-07-28 02:47:52,0.27
2026-07-28 02:49:13,0.20
2026-07-28 02:49:36,0.00
2026-07-28 02:50:29,0.15
2026-07-28 02:51:19,-0.03
2026-07-28 02:52:16,0.19
2026-07-28 02:53:12,0.01
2026-07-28 02:53:43,0.16
2026-07-28 02:54:50,-0.03
2026-07-28 02:55:08,0.01
2026-07-28 02:56:19,0.14
2026-07-28 02:56:33,0.15
2026-07-28 02:57:23,0.02
2026-07-28 02:58:12,0.13
2026-07-28 02:59:24,0.01
2026-07-28 02:59:54,-0.01
2026-07-28 03:00:32,0.12
2026-07-28 03:01:43,0.14
2026-07-28 03:02:55,0.00
2026-07-28 03:03:31,0.02
2026-07-28 03:04:16,0.12
2026-07-28 03:05:41,0.11
2026-07-28 03:06:21,-0.01
2026-07-28 03:06:30,0.00
2026-07-28 03:07:32,0.14
2026-07-28 03:08:06,-0.03
2026-07-28 03:08:32,0.11
2026-07-28 03:09:53,0.09
2026-07-28 03:10:15,0.01
2026-07-28 03:12:21,0.24
2026-07-28 03:14:27,-0.10
2026-07-28 03:14:31,0.11
2026-07-28 03:14:54,0.08
2026-07-28 03:15:03,-0.04
2026-07-28 03:16:55,-0.06
2026-07-28 03:17:54,0.09
2026-07-28 03:18:25,-0.08
2026-07-28 03:19:11,0.08
2026-07-28 03:20:04,-0.05
2026-07-28 03:20:27,0.11
2026-07-28 03:21:48,-0.05
2026-07-28 03:22:36,0.09
2026-07-28 03:23:14,0.11
2026-07-28 03:23:54,-0.05
2026-07-28 03:24:43,0.15
2026-07-28 03:25:41,-0.06
2026-07-28 03:27:29,0.19
2026-07-28 03:27:34,-0.17
2026-07-28 03:28:18,-0.11
2026-07-28 03:28:23,0.26
2026-07-28 03:29:56,0.21
2026-07-28 03:30:56,-0.06
2026-07-28 03:32:02,-0.09
2026-07-28 03:32:12,0.25
2026-07-28 03:33:19,0.09
2026-07-28 03:34:28,-0.17
2026-07-28 03:34:49,0.18
2026-07-28 03:35:16,-0.11
2026-07-28 03:36:33,0.22
2026-07-28 03:37:09,-0.07
2026-07-28 03:38:39,-0.10
2026-07-28 03:39:02,0.16
2026-07-28 03:41:03,-0.14
2026-07-28 03:41:37,-0.08
2026-07-28 03:41:47,0.14
2026-07-28 03:43:09,-0.15
2026-07-28 03:43:26,0.17
2026-07-28 03:44:30,0.10
2026-07-28 03:44:56,-0.09
2026-07-28 03:47:20,0.16
2026-07-28 03:47:24,-0.13
2026-07-28 03:48:54,-0.08
2026-07-28 03:49:07,0.08
2026-07-28 03:50:20,0.09
2026-07-28 03:50:33,-0.08
2026-07-28 03:51:44,0.09
2026-07-28 03:51:57,-0.07
2026-07-28 03:53:05,0.09
2026-07-28 03:53:37,-0.10
2026-07-28 03:55:07,0.12
2026-07-28 03:55:51,-0.10
2026-07-28 03:56:14,-0.08
2026-07-28 03:56:27,0.08
2026-07-28 03:58:43,-0.12
2026-07-28 03:59:23,0.05
2026-07-28 04:00:11,-0.11
2026-07-28 04:02:04,0.11
2026-07-28 04:02:32,-0.12
2026-07-28 04:03:12,0.04
2026-07-28 04:04:10,-0.07
2026-07-28 04:04:14,0.13
2026-07-28 04:04:33,-0.09
2026-07-28 04:05:58,-0.07
2026-07-28 04:07:05,0.05
2026-07-28 04:07:37,-0.10
2026-07-28 04:07:45,0.04
2026-07-28 04:10:01,0.08
2026-07-28 04:10:46,-0.11
2026-07-28 04:11:18,0.08
2026-07-28 04:12:02,-0.16
2026-07-28 04:12:48,0.04
2026-07-28 04:13:45,-0.08
2026-07-28 04:14:26,-0.15
2026-07-28 04:15:33,0.05
2026-07-28 04:15:46,-0.07
2026-07-28 04:16:37,0.04
2026-07-28 04:18:29,-0.08
2026-07-28 04:18:38,0.01
2026-07-28 04:19:22,0.08
2026-07-28 04:19:49,-0.09
2026-07-28 04:20:52,0.01
2026-07-28 04:21:15,-0.10
2026-07-28 04:23:33,0.04
2026-07-28 04:24:15,0.07
2026-07-28 04:24:59,-0.09
2026-07-28 04:26:43,0.04
2026-07-28 04:26:56,-0.14
2026-07-28 04:27:32,-0.12
2026-07-28 04:27:51,0.01
2026-07-28 04:29:29,-0.10
2026-07-28 04:30:27,0.03
2026-07-28 04:31:21,0.05
2026-07-28 04:31:53,-0.09
2026-07-28 04:32:33,0.02
2026-07-28 04:33:23,-0.14
2026-07-28 04:34:03,0.03
2026-07-28 04:34:26,-0.10
2026-07-28 04:36:27,-0.14
2026-07-28 04:36:50,0.03
2026-07-28 04:37:57,-0.10
2026-07-28 04:38:37,0.01
2026-07-28 04:38:55,0.02
2026-07-28 04:39:11,-0.10
2026-07-28 04:40:39,0.05
2026-07-28 04:41:14,-0.12
2026-07-28 04:42:18,0.07
2026-07-28 04:43:07,-0.16
2026-07-28 04:44:28,-0.10
2026-07-28 04:45:04,0.03
2026-07-28 04:45:57,0.02
2026-07-28 04:46:42,-0.15
2026-07-28 04:48:44,0.04
2026-07-28 04:49:28,-0.17
2026-07-28 04:49:41,0.09
2026-07-28 04:51:21,-0.21
2026-07-28 04:51:26,0.01
2026-07-28 04:52:34,0.05
2026-07-28 04:53:27,-0.11
2026-07-28 04:53:44,-0.22
2026-07-28 04:53:48,0.04
2026-07-28 04:55:24,0.19
2026-07-28 04:55:28,-0.16
2026-07-28 04:57:34,-0.02
2026-07-28 04:57:56,-0.17
2026-07-28 04:58:41,-0.14
2026-07-28 04:59:13,0.00
2026-07-28 05:00:29,-0.14
2026-07-28 05:00:42,0.00
2026-07-28 05:02:44,0.01
2026-07-28 05:03:34,-0.19
2026-07-28 05:04:01,-0.01
2026-07-28 05:04:09,-0.14
2026-07-28 05:06:21,0.02
2026-07-28 05:06:38,-0.18
2026-07-28 05:07:18,-0.14
2026-07-28 05:07:36,0.00
2026-07-28 05:09:02,0.05
2026-07-28 05:09:15,-0.24
2026-07-28 05:10:14,0.05
2026-07-28 05:10:58,-0.18
2026-07-28 05:12:29,-0.22
2026-07-28 05:12:46,0.01
2026-07-28 05:14:03,-0.17
2026-07-28 05:14:35,0.03
2026-07-28 05:15:19,0.01
2026-07-28 05:16:04,-0.18
2026-07-28 05:16:53,-0.02
2026-07-28 05:17:48,-0.19
2026-07-28 05:19:40,-0.14
2026-07-28 05:19:53,0.00
2026-07-28 05:20:07,-0.01
2026-07-28 05:20:33,-0.20
2026-07-28 05:22:09,-0.17
2026-07-28 05:22:43,0.01
2026-07-28 05:23:30,-0.17
2026-07-28 05:24:27,-0.02
2026-07-28 05:25:26,-0.17
2026-07-28 05:26:20,-0.03
2026-07-28 05:27:04,-0.18
2026-07-28 05:27:45,-0.02
2026-07-28 05:28:21,-0.18
2026-07-28 05:28:50,-0.04
2026-07-28 05:30:00,-0.03
2026-07-28 05:30:17,-0.19
2026-07-28 05:31:52,0.00
2026-07-28 05:32:24,-0.19
2026-07-28 05:33:23,-0.05
2026-07-28 05:33:40,-0.23
2026-07-28 05:35:15,-0.01
2026-07-28 05:35:19,-0.21
2026-07-28 05:37:03,-0.28
2026-07-28 05:37:47,-0.03
2026-07-28 05:38:18,-0.25
2026-07-28 05:38:55,-0.06
2026-07-28 05:39:58,-0.04
2026-07-28 05:40:29,-0.23
2026-07-28 05:42:17,-0.20
2026-07-28 05:43:06,-0.08
2026-07-28 05:43:15,-0.01
2026-07-28 05:43:25,-0.22
2026-07-28 05:45:57,-0.24
2026-07-28 05:46:28,-0.06
2026-07-28 05:47:00,-0.09
2026-07-28 05:47:09,-0.21
2026-07-28 05:48:12,-0.09
2026-07-28 05:49:19,-0.26
2026-07-28 05:50:00,-0.10
2026-07-28 05:50:05,-0.23
2026-07-28 05:51:46,-0.19
2026-07-28 05:52:51,-0.05
2026-07-28 05:53:13,-0.23
2026-07-28 05:53:40,-0.09
2026-07-28 05:54:47,-0.22
2026-07-28 05:56:00,-0.06
2026-07-28 05:56:36,-0.20
2026-07-28 05:57:25,-0.06
2026-07-28 05:58:27,-0.03
2026-07-28 05:58:54,-0.24
2026-07-28 05:59:49,-0.21
2026-07-28 06:01:19,0.03
2026-07-28 06:01:23,0.00
2026-07-28 06:02:53,0.30
2026-07-28 06:03:06,0.29
2026-07-28 06:03:47,0.51
2026-07-28 06:04:46,0.43
2026-07-28 06:06:15,0.08
2026-07-28 06:07:03,0.04
2026-07-28 06:07:54,0.22
2026-07-28 06:08:21,0.04
2026-07-28 06:09:11,0.21
2026-07-28 06:09:51,0.01
2026-07-28 06:11:00,0.21
2026-07-28 06:11:48,-0.01
2026-07-28 06:12:20,0.19
2026-07-28 06:13:58,0.18
2026-07-28 06:14:15,-0.04
2026-07-28 06:14:53,-0.13
2026-07-28 06:16:08,0.15
2026-07-28 06:17:34,-0.08
2026-07-28 06:17:38,0.14
2026-07-28 06:18:09,0.12
2026-07-28 06:18:55,-0.09
2026-07-28 06:19:31,0.10
2026-07-28 06:19:54,-0.12
2026-07-28 06:21:14,0.10
2026-07-28 06:21:45,-0.08
2026-07-28 06:22:58,-0.12
2026-07-28 06:23:29,0.08
2026-07-28 06:25:26,-0.18
2026-07-28 06:25:48,0.13
2026-07-28 06:26:47,0.04
2026-07-28 06:27:32,-0.14
2026-07-28 06:29:01,0.17
2026-07-28 06:30:54,-0.12
2026-07-28 06:30:59,0.02
2026-07-28 06:32:01,0.17
2026-07-28 06:32:32,-0.13
2026-07-28 06:33:22,0.04
2026-07-28 06:35:36,-0.23
2026-07-28 06:35:55,0.19
2026-07-28 06:36:49,-0.27
2026-07-28 06:37:36,0.16
2026-07-28 06:38:50,0.10
2026-07-28 06:39:03,-0.49
2026-07-28 06:39:43,-0.22
2026-07-28 06:40:19,0.19
2026-07-28 06:41:04,0.17
2026-07-28 06:42:12,-0.45
2026-07-28 06:43:56,-0.30
2026-07-28 06:44:09,0.18
2026-07-28 06:44:18,-0.44
2026-07-28 06:45:39,0.26
2026-07-28 06:46:11,-0.15
2026-07-28 06:47:09,0.35
2026-07-28 06:47:57,0.37
2026-07-28 06:48:12,-0.44
2026-07-28 06:49:19,0.23
2026-07-28 06:50:04,-0.43
2026-07-28 06:50:54,-0.32
2026-07-28 06:51:03,0.04
2026-07-28 06:53:22,-0.39
2026-07-28 06:53:30,0.16
2026-07-28 06:54:21,-0.25
2026-07-28 06:54:51,0.04
2026-07-28 06:56:08,-0.27
2026-07-28 06:57:11,0.02
2026-07-28 06:57:47,-0.32
2026-07-28 06:57:51,0.07
2026-07-28 06:59:52,-0.41
2026-07-28 07:00:38,0.01
2026-07-28 07:00:51,-0.26
2026-07-28 07:01:23,0.06
2026-07-28 07:03:28,-0.04
2026-07-28 07:03:51,-0.27
2026-07-28 07:04:58,-0.01
2026-07-28 07:05:07,-0.36
2026-07-28 07:06:11,-0.29
2026-07-28 07:06:32,-0.02
2026-07-28 07:08:09,-0.28
2026-07-28 07:08:34,0.05
2026-07-28 07:10:05,0.16
2026-07-28 07:10:13,-0.39
2026-07-28 07:11:42,-0.29
2026-07-28 07:12:05,0.02
2026-07-28 07:13:12,-0.43
2026-07-28 07:13:31,0.17
2026-07-28 07:14:02,0.15
2026-07-28 07:15:32,-0.31
2026-07-28 07:15:59,-0.23
2026-07-28 07:16:22,0.11
2026-07-28 07:17:52,-0.27
2026-07-28 07:18:23,0.33
2026-07-28 07:19:07,0.25
2026-07-28 07:19:53,-0.07
2026-07-28 07:20:38,-0.01
2026-07-28 07:22:07,0.41
2026-07-28 07:22:26,0.62
2026-07-28 07:23:26,0.07
2026-07-28 07:23:56,0.18
2026-07-28 07:25:21,1.43
2026-07-28 07:25:47,2.09
2026-07-28 07:26:19,1.03
2026-07-28 07:27:16,1.53
2026-07-28 07:28:33,2.98
2026-07-28 07:28:52,2.16
2026-07-28 07:30:04,3.12
2026-07-28 07:31:12,2.25
2026-07-28 07:32:00,9.09
2026-07-28 07:32:06,10.05
2026-07-28 07:32:54,12.07
2026-07-28 07:34:11,10.93
2026-07-28 07:34:33,14.06
2026-07-28 07:36:07,15.81
2026-07-28 07:36:53,10.36
2026-07-28 07:37:06,11.20
2026-07-28 07:37:47,16.09
2026-07-28 07:38:43,13.29
2026-07-28 07:39:57,17.96
2026-07-28 07:40:28,15.04
2026-07-28 07:41:44,8.74
2026-07-28 07:42:01,9.83
2026-07-28 07:43:36,18.22
2026-07-28 07:43:40,18.83
2026-07-28 07:45:07,24.54
2026-07-28 07:45:47,24.70
2026-07-28 07:46:54,15.06
2026-07-28 07:46:59,13.96
2026-07-28 07:48:33,8.16
2026-07-28 07:48:55,7.10
2026-07-28 07:49:44,8.40
2026-07-28 07:50:20,7.10
2026-07-28 07:51:41,4.63
2026-07-28 07:51:54,4.18
2026-07-28 07:53:25,1.81
2026-07-28 07:53:38,2.14
2026-07-28 07:54:32,2.72
2026-07-28 07:55:13,1.78
2026-07-28 07:56:28,0.51
2026-07-28 07:56:56,1.09
2026-07-28 07:58:21,-0.18
2026-07-28 07:59:07,-0.32
2026-07-28 07:59:28,0.41
2026-07-28 08:00:35,-0.21
2026-07-28 08:01:44,0.46
2026-07-28 08:02:10,0.32
2026-07-28 08:03:18,-0.14
2026-07-28 08:03:54,-0.43
2026-07-28 08:04:21,0.20
2026-07-28 08:05:47,0.30
2026-07-28 08:06:00,-0.48
2026-07-28 08:07:12,0.39
2026-07-28 08:08:14,-0.48
2026-07-28 08:08:50,-0.52
2026-07-28 08:09:22,0.20
2026-07-28 08:10:34,-0.39
2026-07-28 08:10:43,0.26
2026-07-28 08:12:49,-0.30
2026-07-28 08:13:11,0.22
2026-07-28 08:13:21,-0.27
2026-07-28 08:14:42,0.35
2026-07-28 08:16:29,0.18
2026-07-28 08:16:33,-0.52
2026-07-28 08:16:54,-0.40
2026-07-28 08:17:28,-0.04
2026-07-28 08:18:26,-0.10
2026-07-28 08:19:19,-0.48
2026-07-28 08:21:12,-0.13
2026-07-28 08:21:16,-0.42
2026-07-28 08:22:20,-0.43
2026-07-28 08:22:50,-0.14
2026-07-28 08:23:40,-0.11
2026-07-28 08:23:53,-0.50
2026-07-28 08:26:00,-0.10
2026-07-28 08:26:49,-0.11
2026-07-28 08:27:16,-0.36
2026-07-28 08:28:50,-0.21
2026-07-28 08:28:55,-0.50
2026-07-28 08:30:24,-0.47
2026-07-28 08:30:38,-0.14
2026-07-28 08:31:54,-0.40
2026-07-28 08:32:53,-0.12
2026-07-28 08:33:20,-0.25
2026-07-28 08:34:45,0.07
2026-07-28 08:34:54,-0.13
2026-07-28 08:36:16,0.21
2026-07-28 08:36:29,0.03
2026-07-28 08:37:36,0.37
2026-07-28 08:38:12,0.04
2026-07-28 08:39:41,0.47
2026-07-28 08:39:48,0.62
2026-07-28 08:40:23,1.55
2026-07-28 08:42:15,0.97
2026-07-28 08:42:59,1.63
2026-07-28 08:43:17,1.41
2026-07-28 08:44:34,1.76
2026-07-28 08:45:31,1.23
2026-07-28 08:45:45,1.73
2026-07-28 08:47:11,1.17
2026-07-28 08:47:47,1.68
2026-07-28 08:48:54,1.69
2026-07-28 08:49:30,1.24
2026-07-28 08:49:48,1.43
2026-07-28 08:50:19,0.91
2026-07-28 08:51:40,1.02
2026-07-28 08:52:48,1.50
2026-07-28 08:53:11,1.43
2026-07-28 08:54:32,2.60
2026-07-28 08:55:21,3.01
2026-07-28 08:56:11,2.47
2026-07-28 08:56:15,2.45
2026-07-28 08:57:53,1.83
2026-07-28 08:58:07,1.87
2026-07-28 08:59:14,1.24
2026-07-28 09:00:22,1.20
2026-07-28 09:01:02,1.86
2026-07-28 09:01:29,1.65
2026-07-28 09:02:36,2.79
2026-07-28 09:03:12,2.76
2026-07-28 09:04:29,3.85
2026-07-28 09:04:33,3.74
2026-07-28 09:05:53,5.50
2026-07-28 09:06:12,5.31
2026-07-28 09:07:11,4.13
2026-07-28 09:07:51,4.38
2026-07-28 09:09:20,3.38
2026-07-28 09:09:29,3.34
2026-07-28 09:11:05,2.56
2026-07-28 09:11:13,2.34
2026-07-28 09:12:34,2.76
2026-07-28 09:13:00,2.18
2026-07-28 09:14:18,2.80
2026-07-28 09:14:32,2.76
2026-07-28 09:16:01,4.06
2026-07-28 09:16:05,4.20
2026-07-28 09:16:37,3.76
2026-07-28 09:18:12,3.34
2026-07-28 09:18:33,4.04
2026-07-28 09:19:36,3.80
2026-07-28 09:20:48,2.67
2026-07-28 09:21:06,2.83
2026-07-28 09:22:36,2.00
2026-07-28 09:23:20,2.10
2026-07-28 09:24:07,2.59
2026-07-28 09:24:28,2.46
2026-07-28 09:25:21,1.78
2026-07-28 09:26:34,1.66
2026-07-28 09:27:33,2.41
2026-07-28 09:27:46,2.33
2026-07-28 09:29:02,3.44
2026-07-28 09:29:27,3.32
2026-07-28 09:30:20,4.23
2026-07-28 09:32:02,3.46
2026-07-28 09:32:29,4.24
2026-07-28 09:32:34,4.03
2026-07-28 09:34:04,4.92
2026-07-28 09:34:13,4.82
2026-07-28 09:35:47,10.01
2026-07-28 09:35:51,10.12
2026-07-28 09:36:31,11.80
2026-07-28 09:37:30,10.45
2026-07-28 09:39:08,13.44
2026-07-28 09:39:27,13.79
2026-07-28 09:40:43,11.67
2026-07-28 09:40:48,11.39
2026-07-28 09:42:26,8.57
2026-07-28 09:42:40,8.34
2026-07-28 09:44:05,4.38
2026-07-28 09:44:18,4.47
2026-07-28 09:45:35,3.58
2026-07-28 09:45:53,3.84
2026-07-28 09:47:01,3.26
2026-07-28 09:48:12,2.99
2026-07-28 09:49:02,3.58
2026-07-28 09:50:14,3.74
2026-07-28 09:50:35,3.21
2026-07-28 09:50:49,2.79
2026-07-28 09:52:05,3.68
2026-07-28 09:52:22,3.38
2026-07-28 09:53:49,2.28
2026-07-28 09:54:30,2.54
2026-07-28 09:54:39,1.96
2026-07-28 09:56:22,2.32
2026-07-28 09:56:49,1.86
2026-07-28 09:57:25,2.17
2026-07-28 09:58:19,2.84
2026-07-28 09:58:59,2.65
2026-07-28 10:00:29,5.90
2026-07-28 10:00:39,5.56
2026-07-28 10:02:12,3.77
2026-07-28 10:02:30,3.84
2026-07-28 10:03:49,2.72
2026-07-28 10:04:05,2.77
2026-07-28 10:05:22,2.25
2026-07-28 10:06:37,2.09
2026-07-28 10:07:04,2.75
2026-07-28 10:07:13,2.70
2026-07-28 10:08:21,4.03
2026-07-28 10:09:15,2.69
2026-07-28 10:10:22,3.53
2026-07-28 10:11:20,3.84
2026-07-28 10:11:56,2.96
2026-07-28 10:12:37,3.17
2026-07-28 10:13:44,2.35
2026-07-28 10:14:02,2.36
2026-07-28 10:15:17,1.57
2026-07-28 10:15:36,1.71
2026-07-28 10:16:49,0.78
2026-07-28 10:17:24,0.77
2026-07-28 10:17:51,1.24
2026-07-28 10:18:58,1.26
2026-07-28 10:19:17,0.86
2026-07-28 10:20:47,1.22
2026-07-28 10:21:27,0.82
2026-07-28 10:22:12,0.94
2026-07-28 10:23:24,1.28
2026-07-28 10:23:47,1.07
2026-07-28 10:24:31,1.50
2026-07-28 10:25:34,1.11
2026-07-28 10:26:51,1.41
2026-07-28 10:27:17,1.49
2026-07-28 10:28:17,0.93
2026-07-28 10:28:48,0.91
2026-07-28 10:29:05,1.16
2026-07-28 10:30:40,1.21
2026-07-28 10:31:38,0.92
2026-07-28 10:32:24,1.26
2026-07-28 10:33:31,0.94
2026-07-28 10:33:58,0.98
2026-07-28 10:35:01,1.29
2026-07-28 10:35:18,1.06
2026-07-28 10:36:39,0.73
2026-07-28 10:37:02,0.87
2026-07-28 10:38:24,0.62
2026-07-28 10:38:45,0.79
2026-07-28 10:39:49,0.47
2026-07-28 10:40:25,0.66
2026-07-28 10:41:32,-0.06
2026-07-28 10:41:54,0.07
2026-07-28 10:43:05,-0.33
2026-07-28 10:43:46,-0.22
2026-07-28 10:43:56,0.06
2026-07-28 10:45:29,-0.18
2026-07-28 10:46:06,0.32
2026-07-28 10:47:04,0.34
2026-07-28 10:48:12,0.00
2026-07-28 10:48:39,0.20
2026-07-28 10:49:19,-0.19
2026-07-28 10:50:26,0.16
2026-07-28 10:51:25,-0.30
2026-07-28 10:52:23,-0.41
2026-07-28 10:52:32,0.04
2026-07-28 10:53:29,-0.08
2026-07-28 10:54:38,-0.37
2026-07-28 10:55:05,-0.13
2026-07-28 10:55:18,-0.46
2026-07-28 10:57:29,-0.48
2026-07-28 10:58:00,-0.09
2026-07-28 10:59:03,-0.40
2026-07-28 11:00:14,-0.14
2026-07-28 11:01:07,-0.50
2026-07-28 11:02:56,-0.48
2026-07-28 11:03:14,-0.17
2026-07-28 11:04:00,-0.44
2026-07-28 11:04:27,-0.19
2026-07-28 11:05:39,-0.15
2026-07-28 11:06:19,-0.45
2026-07-28 11:07:48,-0.59
2026-07-28 11:08:11,-0.22
2026-07-28 11:09:05,-0.23
2026-07-28 11:09:14,-0.59
2026-07-28 11:09:54,-0.58
2026-07-28 11:10:48,-0.27
2026-07-28 11:11:42,-0.53
2026-07-28 11:13:08,-0.27
2026-07-28 11:13:27,-0.55
2026-07-28 11:13:44,-0.25
2026-07-28 11:16:02,-0.33
2026-07-28 11:16:12,-0.55
2026-07-28 11:16:47,-0.28
2026-07-28 11:17:28,-0.50
2026-07-28 11:19:02,-0.55
2026-07-28 11:19:29,-0.25
2026-07-28 11:19:48,-0.32
2026-07-28 11:20:46,-0.47
2026-07-28 11:21:45,-0.30
2026-07-28 11:21:49,-0.50
2026-07-28 11:23:50,-0.53
2026-07-28 11:24:08,-0.28
2026-07-28 11:24:45,-0.53
2026-07-28 11:25:16,-0.29
2026-07-28 11:26:46,-0.45
2026-07-28 11:27:17,-0.28
2026-07-28 11:29:09,-0.51
2026-07-28 11:30:21,-0.49
2026-07-28 11:31:02,-0.26
2026-07-28 11:32:32,-0.31
2026-07-28 11:32:36,-0.59
2026-07-28 11:33:03,-0.49
2026-07-28 11:33:39,-0.30
2026-07-28 11:35:30,-0.51
2026-07-28 11:35:49,-0.29
2026-07-28 11:36:49,-0.22
2026-07-28 11:37:10,-0.48
2026-07-28 11:38:03,-0.27
2026-07-28 11:39:25,-0.42
2026-07-28 11:40:24,-0.22
2026-07-28 11:40:46,-0.50
2026-07-28 11:41:17,-0.19
2026-07-28 11:42:21,-0.47
2026-07-28 11:43:42,-0.50
2026-07-28 11:44:23,-0.21
2026-07-28 11:45:52,-0.22
2026-07-28 11:46:01,-0.44
2026-07-28 11:46:18,-0.45
2026-07-28 11:47:49,-0.26
2026-07-28 11:47:58,-0.46
2026-07-28 11:49:18,-0.19
2026-07-28 11:49:31,-0.20
2026-07-28 11:50:25,-0.45
2026-07-28 11:51:20,-0.32
2026-07-28 11:52:45,1.38
2026-07-28 11:53:11,1.05
2026-07-28 11:53:57,0.39
2026-07-28 11:54:28,0.93
2026-07-28 11:55:45,1.97
2026-07-28 11:56:38,1.99
2026-07-28 11:57:28,1.31
2026-07-28 11:57:50,1.62
2026-07-28 11:59:11,0.73
2026-07-28 11:59:30,0.86
2026-07-28 11:59:47,0.57
2026-07-28 12:01:25,0.79
2026-07-28 12:01:31,0.54
2026-07-28 12:01:39,0.62
2026-07-28 12:01:44,0.51
2026-07-28 12:01:57,0.54
2026-07-28 12:02:21,0.90
2026-07-28 12:04:18,2.45
2026-07-28 12:04:31,2.52
2026-07-28 12:05:32,1.47
2026-07-28 12:06:32,2.22
2026-07-28 12:07:08,1.67
2026-07-28 12:07:44,1.88
2026-07-28 12:08:55,1.11
2026-07-28 12:09:22,1.54
2026-07-28 12:10:21,0.84
2026-07-28 12:11:24,0.71
2026-07-28 12:12:22,1.12
2026-07-28 12:12:36,1.05
2026-07-28 12:13:29,0.44
2026-07-28 12:14:15,0.63
2026-07-28 12:15:49,0.12
2026-07-28 12:15:58,0.29
2026-07-28 12:16:47,-0.13
2026-07-28 12:17:42,-0.17
2026-07-28 12:18:35,0.17
2026-07-28 12:19:19,-0.24
2026-07-28 12:19:38,0.06
2026-07-28 12:21:07,-0.13
2026-07-28 12:22:25,0.91
2026-07-28 12:23:05,0.97
2026-07-28 12:24:07,0.14
2026-07-28 12:24:21,0.47
2026-07-28 12:25:20,-0.23
2026-07-28 12:25:52,-0.08
2026-07-28 12:27:03,0.66
2026-07-28 12:27:40,0.45
2026-07-28 12:28:24,-0.10
2026-07-28 12:30:12,-0.08
2026-07-28 12:30:20,0.88
2026-07-28 12:30:56,-0.29
2026-07-28 12:31:10,0.80
2026-07-28 12:32:31,0.52
2026-07-28 12:34:01,-0.22
2026-07-28 12:34:10,0.39
2026-07-28 12:34:27,-0.50
2026-07-28 12:36:47,-0.30
2026-07-28 12:36:56,0.39
2026-07-28 12:38:00,0.45
2026-07-28 12:38:30,-0.26
2026-07-28 12:39:29,-0.29
2026-07-28 12:40:05,0.39
2026-07-28 12:40:40,0.15
2026-07-28 12:41:48,1.50
2026-07-28 12:42:33,-0.25
2026-07-28 12:43:27,0.36
2026-07-28 12:44:47,0.26
2026-07-28 12:45:15,-0.40
2026-07-28 12:45:42,-0.32
2026-07-28 12:47:02,0.43
2026-07-28 12:47:34,0.66
2026-07-28 12:48:33,-0.14
2026-07-28 12:49:27,0.03
2026-07-28 12:49:41,0.62
2026-07-28 12:50:55,-0.47
2026-07-28 12:51:09,0.74
2026-07-28 12:52:40,0.69
2026-07-28 12:53:42,-0.24
2026-07-28 12:54:01,-0.03
2026-07-28 12:54:36,0.84
2026-07-28 12:56:20,1.38
2026-07-28 12:57:00,0.09
2026-07-28 12:57:18,0.36
2026-07-28 12:58:08,2.53
2026-07-28 12:58:48,1.29
2026-07-28 12:59:55,2.68
2026-07-28 13:00:27,1.53
2026-07-28 13:01:52,3.14
2026-07-28 13:02:28,1.56
2026-07-28 13:03:03,4.16
2026-07-28 13:03:45,3.72
2026-07-28 13:04:56,2.32
2026-07-28 13:06:09,5.43
2026-07-28 13:06:57,2.22
2026-07-28 13:07:25,3.33
2026-07-28 13:08:32,0.47
2026-07-28 13:09:03,0.74
2026-07-28 13:09:44,-0.02
2026-07-28 13:10:29,-0.09
2026-07-28 13:11:59,0.69
2026-07-28 13:13:06,0.72
2026-07-28 13:13:15,-0.13
2026-07-28 13:13:56,0.66
2026-07-28 13:14:54,-0.13
2026-07-28 13:16:10,0.82
2026-07-28 13:16:33,-0.32
2026-07-28 13:17:17,0.33
2026-07-28 13:19:46,-0.31
2026-07-28 13:19:50,0.39
2026-07-28 13:20:53,-0.39
2026-07-28 13:21:06,0.34
2026-07-28 13:22:59,-0.42
2026-07-28 13:23:17,0.40
2026-07-28 13:24:33,-0.64
2026-07-28 13:24:56,0.36
2026-07-28 13:26:08,-0.27
2026-07-28 13:26:22,0.12
2026-07-28 13:27:51,-0.33
2026-07-28 13:28:14,0.01
2026-07-28 13:28:44,0.02
2026-07-28 13:29:08,-0.35
2026-07-28 13:31:00,-0.44
2026-07-28 13:31:04,0.07
2026-07-28 13:32:25,-0.35
2026-07-28 13:32:34,0.06
2026-07-28 13:34:04,-0.28
2026-07-28 13:34:17,0.15
2026-07-28 13:35:17,0.08
2026-07-28 13:36:32,-0.25
2026-07-28 13:37:31,-0.28
2026-07-28 13:38:20,-0.01
2026-07-28 13:38:30,0.02
2026-07-28 13:39:15,-0.24
2026-07-28 13:40:08,-0.27
2026-07-28 13:41:32,0.07
2026-07-28 13:42:05,-0.29
2026-07-28 13:43:18,0.05
2026-07-28 13:44:19,-0.29
2026-07-28 13:44:56,0.04
2026-07-28 13:45:28,0.07
2026-07-28 13:45:45,-0.28
2026-07-28 13:47:59,0.08
2026-07-28 13:48:31,-0.21
2026-07-28 13:49:17,0.07
2026-07-28 13:49:57,-0.26
2026-07-28 13:50:29,0.17
2026-07-28 13:52:20,0.15
2026-07-28 13:52:30,-0.22
2026-07-28 13:54:53,0.15
2026-07-28 13:55:12,0.14
2026-07-28 13:56:19,-0.21
2026-07-28 13:57:49,0.25
2026-07-28 13:58:47,0.13
2026-07-28 13:59:32,-0.29
2026-07-28 14:01:20,0.09
2026-07-28 14:01:29,-0.17
2026-07-28 14:01:33,0.20
2026-07-28 14:01:38,-0.11
2026-07-28 14:03:43,0.12
2026-07-28 14:03:47,-0.14
2026-07-28 14:05:23,0.07
2026-07-28 14:05:27,-0.23
2026-07-28 14:06:44,-0.20
2026-07-28 14:08:04,0.12
2026-07-28 14:08:23,-0.14
2026-07-28 14:08:59,0.10
2026-07-28 14:10:19,0.11
2026-07-28 14:10:55,-0.22
2026-07-28 14:11:44,-0.16
2026-07-28 14:12:43,0.14
2026-07-28 14:13:37,-0.02
2026-07-28 14:13:59,0.15
2026-07-28 14:14:44,0.25
2026-07-28 14:15:42,-0.12
2026-07-28 14:16:37,0.16
2026-07-28 14:17:40,-0.09
2026-07-28 14:18:38,0.26
2026-07-28 14:19:05,-0.08
2026-07-28 14:19:55,-0.05
2026-07-28 14:20:08,0.23
2026-07-28 14:22:00,-0.04
2026-07-28 14:22:09,0.21
2026-07-28 14:23:44,0.26
2026-07-28 14:24:11,-0.06
2026-07-28 14:25:40,0.21
2026-07-28 14:26:16,-0.04
2026-07-28 14:26:21,0.19
2026-07-28 14:28:18,-0.09
2026-07-28 14:28:22,0.26
2026-07-28 14:29:39,0.18
2026-07-28 14:30:19,-0.01
2026-07-28 14:31:45,-0.02
2026-07-28 14:32:25,0.21
2026-07-28 14:33:01,-0.02
2026-07-28 14:33:09,0.26
2026-07-28 14:35:39,0.03
2026-07-28 14:35:56,0.22
2026-07-28 14:37:12,-0.03
2026-07-28 14:37:35,0.33
2026-07-28 14:38:24,0.04
2026-07-28 14:38:29,0.26
2026-07-28 14:39:27,-0.05
2026-07-28 14:39:32,0.26
2026-07-28 14:41:06,0.05
2026-07-28 14:41:42,0.21
2026-07-28 14:43:02,0.00
2026-07-28 14:43:43,0.21
2026-07-28 14:44:33,0.29
2026-07-28 14:45:50,0.06
2026-07-28 14:46:48,0.07
2026-07-28 14:47:05,0.23
2026-07-28 14:48:44,0.29
2026-07-28 14:48:53,0.07
2026-07-28 14:49:51,0.04
2026-07-28 14:50:46,0.23
2026-07-28 14:51:17,-0.03
2026-07-28 14:51:57,0.19
2026-07-28 14:53:36,0.31
2026-07-28 14:54:13,0.06
2026-07-28 14:55:43,0.08
2026-07-28 14:55:47,0.27
2026-07-28 14:56:27,0.29
2026-07-28 14:56:36,0.12
2026-07-28 14:58:02,0.08
2026-07-28 14:59:09,0.37
2026-07-28 15:00:17,0.48
2026-07-28 15:00:43,0.02
2026-07-28 15:00:57,0.33
2026-07-28 15:01:10,0.04
2026-07-28 15:03:25,0.36
2026-07-28 15:03:44,0.12
2026-07-28 15:05:12,0.36
2026-07-28 15:05:25,0.10
2026-07-28 15:06:30,0.37
2026-07-28 15:06:34,0.15
2026-07-28 15:07:32,0.17
2026-07-28 15:08:57,0.35
2026-07-28 15:09:51,0.46
2026-07-28 15:10:05,0.22
2026-07-28 15:10:50,0.37
2026-07-28 15:12:15,0.11
2026-07-28 15:12:46,0.39
2026-07-28 15:13:58,0.20
2026-07-28 15:14:52,0.37
2026-07-28 15:15:38,0.16
2026-07-28 15:15:51,0.09
2026-07-28 15:17:21,0.47
2026-07-28 15:17:39,0.10
2026-07-28 15:18:15,0.44
2026-07-28 15:20:25,0.42
2026-07-28 15:20:33,0.17
2026-07-28 15:21:19,0.27
2026-07-28 15:21:32,0.44
2026-07-28 15:23:52,0.23
2026-07-28 15:24:39,0.27
2026-07-28 15:25:35,0.45
2026-07-28 15:26:02,0.19
2026-07-28 15:27:09,0.48
2026-07-28 15:28:03,0.46
2026-07-28 15:28:29,0.25
2026-07-28 15:29:46,0.52
2026-07-28 15:29:52,0.21
2026-07-28 15:30:49,0.49
2026-07-28 15:31:30,0.23
2026-07-28 15:32:33,0.43
2026-07-28 15:32:38,0.22
2026-07-28 15:34:12,0.27
2026-07-28 15:34:56,0.55
2026-07-28 15:35:37,0.60
2026-07-28 15:37:03,0.22
2026-07-28 15:37:16,0.64
2026-07-28 15:37:26,0.18
2026-07-28 15:39:44,0.11
2026-07-28 15:40:06,0.63
2026-07-28 15:40:47,0.52
2026-07-28 15:41:14,0.24
2026-07-28 15:42:53,0.53
2026-07-28 15:43:15,0.24
2026-07-28 15:43:52,0.58
2026-07-28 15:44:05,0.24
2026-07-28 15:46:10,0.51
2026-07-28 15:46:37,0.30
2026-07-28 15:47:13,0.37
2026-07-28 15:48:30,0.54
2026-07-28 15:49:15,0.33
2026-07-28 15:49:20,0.52
2026-07-28 15:51:07,0.55
2026-07-28 15:51:16,0.26
2026-07-28 15:53:08,0.56
2026-07-28 15:53:14,0.35
2026-07-28 15:54:02,0.33
2026-07-28 15:54:34,0.58
2026-07-28 15:55:28,0.53
2026-07-28 15:56:26,0.37
2026-07-28 15:57:11,0.33
2026-07-28 15:58:05,0.66
2026-07-28 15:59:17,0.24
2026-07-28 16:00:15,0.90
2026-07-28 16:00:37,0.78
2026-07-28 16:01:09,0.42
2026-07-28 16:03:02,0.92
2026-07-28 16:03:15,0.43
2026-07-28 16:03:47,0.80
2026-07-28 16:03:51,0.21
2026-07-28 16:05:16,0.60
2026-07-28 16:06:15,0.39
2026-07-28 16:07:49,0.30
2026-07-28 16:08:25,0.54
2026-07-28 16:08:56,0.33
2026-07-28 16:09:06,0.60
2026-07-28 16:10:16,0.39
2026-07-28 16:11:38,0.81
2026-07-28 16:11:52,1.02
2026-07-28 16:12:09,0.16
2026-07-28 16:14:02,0.38
2026-07-28 16:14:24,0.58
2026-07-28 16:15:59,0.65
2026-07-28 16:16:12,0.42
2026-07-28 16:17:29,0.56
2026-07-28 16:18:23,0.33
2026-07-28 16:18:55,0.58
2026-07-28 16:19:48,0.43
2026-07-28 16:20:37,0.57
2026-07-28 16:20:42,0.43
2026-07-28 16:23:23,0.62
2026-07-28 16:23:29,0.43
2026-07-28 16:24:44,0.62
2026-07-28 16:25:24,0.65
2026-07-28 16:26:28,0.42
2026-07-28 16:26:56,0.46
2026-07-28 16:27:26,0.71
2026-07-28 16:28:43,0.65
2026-07-28 16:29:01,0.41
2026-07-28 16:30:40,0.44
2026-07-28 16:31:37,0.62
2026-07-28 16:32:23,0.42
2026-07-28 16:33:49,0.41
2026-07-28 16:34:51,0.61
2026-07-28 16:36:16,0.40
2026-07-28 16:36:34,0.60
2026-07-28 16:36:51,0.44
2026-07-28 16:37:56,0.68
2026-07-28 16:38:50,0.66
2026-07-28 16:39:03,0.41
2026-07-28 16:40:18,0.64
2026-07-28 16:41:23,0.37
2026-07-28 16:42:07,0.71
2026-07-28 16:42:56,0.39
2026-07-28 16:43:37,0.42
2026-07-28 16:43:50,0.63
2026-07-28 16:46:00,0.40
2026-07-28 16:46:23,0.63
2026-07-28 16:46:40,0.66
2026-07-28 16:48:01,0.42
2026-07-28 16:48:24,0.46
2026-07-28 16:48:28,0.64
2026-07-28 16:50:52,0.51
2026-07-28 16:51:24,0.65
2026-07-28 16:51:38,0.66
2026-07-28 16:52:54,0.49
2026-07-28 16:53:44,0.67
2026-07-28 16:54:41,0.45
2026-07-28 16:54:54,0.51
2026-07-28 16:56:18,0.66
2026-07-28 16:56:52,0.50
2026-07-28 16:57:45,0.65
2026-07-28 16:58:57,0.46
2026-07-28 16:59:52,0.67
2026-07-28 17:00:41,0.42
2026-07-28 17:02:11,0.74
2026-07-28 17:02:51,0.43
2026-07-28 17:03:00,0.50
2026-07-28 17:03:05,0.66
2026-07-28 17:04:49,0.48
2026-07-28 17:05:19,0.68
2026-07-28 17:06:35,0.47
2026-07-28 17:07:07,0.70
2026-07-28 17:08:01,0.49
2026-07-28 17:08:19,0.68
2026-07-28 17:10:06,0.69
2026-07-28 17:10:29,0.44
2026-07-28 17:11:23,0.68
2026-07-28 17:11:46,0.44
2026-07-28 17:14:27,0.42
2026-07-28 17:14:32,0.63
2026-07-28 17:14:40,0.49
2026-07-28 17:14:45,0.66
2026-07-28 17:17:06,0.50
2026-07-28 17:17:46,0.65
2026-07-28 17:18:16,0.51
2026-07-28 17:19:01,0.80
2026-07-28 17:20:05,0.84
2026-07-28 17:20:27,0.53
2026-07-28 17:22:06,0.48
2026-07-28 17:22:46,0.69
2026-07-28 17:22:51,0.51
2026-07-28 17:22:55,0.69
2026-07-28 17:24:53,0.65
2026-07-28 17:25:46,0.49
2026-07-28 17:26:45,0.74
2026-07-28 17:27:30,0.55
2026-07-28 17:28:41,0.68
2026-07-28 17:29:08,0.49
2026-07-28 17:30:07,0.67
2026-07-28 17:30:29,0.50
2026-07-28 17:31:33,0.72
2026-07-28 17:32:27,0.51
2026-07-28 17:32:48,0.66
2026-07-28 17:33:28,0.47
2026-07-28 17:34:30,0.66
2026-07-28 17:35:13,0.56
2026-07-28 17:36:15,0.68
2026-07-28 17:36:42,0.54
2026-07-28 17:37:49,0.66
2026-07-28 17:37:58,0.55
2026-07-28 17:39:20,0.51
2026-07-28 17:39:33,0.63
2026-07-28 17:41:12,0.52
2026-07-28 17:42:34,0.68
2026-07-28 17:43:22,0.50
2026-07-28 17:44:07,0.69
2026-07-28 17:44:56,0.53
2026-07-28 17:46:31,0.55
2026-07-28 17:46:35,0.68
2026-07-28 17:47:56,0.69
2026-07-28 17:48:42,0.58
2026-07-28 17:49:39,0.69
2026-07-28 17:49:58,0.55
2026-07-28 17:51:28,0.68
2026-07-28 17:52:22,0.56
2026-07-28 17:52:30,0.69
2026-07-28 17:52:39,0.55
2026-07-28 17:55:03,0.66
2026-07-28 17:55:39,0.55
2026-07-28 17:55:53,0.52
2026-07-28 17:57:00,0.66
2026-07-28 17:57:46,0.55
2026-07-28 17:58:39,0.68
2026-07-28 18:00:00,0.73
2026-07-28 18:00:13,0.55
2026-07-28 18:01:57,0.70
2026-07-28 18:03:03,0.62
2026-07-28 18:03:26,0.77
2026-07-28 18:04:38,0.79
2026-07-28 18:04:51,0.54
2026-07-28 18:05:50,0.55
2026-07-28 18:06:57,0.72
2026-07-28 18:08:09,0.55
2026-07-28 18:08:53,0.69
2026-07-28 18:10:20,0.68
2026-07-28 18:10:33,0.57
2026-07-28 18:10:56,0.66
2026-07-28 18:12:16,0.55
2026-07-28 18:12:53,0.67
2026-07-28 18:13:02,0.57
2026-07-28 18:14:14,0.55
2026-07-28 18:15:11,0.66
2026-07-28 18:15:43,0.68
2026-07-28 18:16:00,0.55
2026-07-28 18:17:17,0.69
2026-07-28 18:17:36,0.60
2026-07-28 18:19:18,0.71
2026-07-28 18:20:03,0.58
2026-07-28 18:20:40,0.59
2026-07-28 18:21:37,0.71
2026-07-28 18:22:18,0.69
2026-07-28 18:23:08,0.58
2026-07-28 18:24:34,0.67
2026-07-28 18:26:03,0.72
2026-07-28 18:26:48,0.59
2026-07-28 18:27:11,0.55
2026-07-28 18:27:19,0.70
2026-07-28 18:29:57,0.56
2026-07-28 18:30:11,0.75
2026-07-28 18:31:18,0.81
2026-07-28 18:31:54,0.59
2026-07-28 18:32:21,0.69
2026-07-28 18:33:05,0.87
2026-07-28 18:34:09,0.80
2026-07-28 18:35:11,1.03
2026-07-28 18:35:48,1.13
2026-07-28 18:35:57,0.61
2026-07-28 18:37:17,0.65
2026-07-28 18:38:38,0.96
2026-07-28 18:38:56,1.01
2026-07-28 18:39:59,0.70
2026-07-28 18:40:22,0.97
2026-07-28 18:41:02,0.60
2026-07-28 18:42:19,0.69
2026-07-28 18:43:34,1.16
2026-07-28 18:44:06,1.42
2026-07-28 18:45:05,0.92
2026-07-28 18:45:49,1.05
2026-07-28 18:46:39,0.68
2026-07-28 18:47:03,0.89
2026-07-28 18:48:32,0.73
2026-07-28 18:48:36,0.91
2026-07-28 18:50:01,0.64
2026-07-28 18:50:27,0.68
2026-07-28 18:51:44,1.08
2026-07-28 18:51:59,0.91
2026-07-28 18:53:32,2.01
2026-07-28 18:53:41,1.97
2026-07-28 18:54:34,4.27
2026-07-28 18:55:25,3.63
2026-07-28 18:56:06,2.46
2026-07-28 18:56:59,2.96
2026-07-28 18:58:24,2.06
2026-07-28 18:58:31,1.71
2026-07-28 18:59:00,1.00
2026-07-28 19:00:43,1.73
2026-07-28 19:01:38,0.87
2026-07-28 19:02:00,0.90
2026-07-28 19:02:04,1.21
2026-07-28 19:03:34,0.96
2026-07-28 19:04:51,0.73
2026-07-28 19:05:14,0.91
2026-07-28 19:05:54,0.73
2026-07-28 19:07:41,0.68
2026-07-28 19:07:47,0.88
2026-07-28 19:08:31,0.84
2026-07-28 19:09:48,0.61
2026-07-28 19:10:19,0.81
2026-07-28 19:10:55,0.60
2026-07-28 19:12:24,0.73
2026-07-28 19:13:05,0.58
2026-07-28 19:13:23,0.54
2026-07-28 19:13:28,0.69
2026-07-28 19:16:05,0.55
2026-07-28 19:16:55,0.50
2026-07-28 19:18:01,0.64
2026-07-28 19:19:45,0.56
2026-07-28 19:19:54,0.69
2026-07-28 19:21:10,0.70
2026-07-28 19:21:15,0.55
2026-07-28 19:22:00,0.66
2026-07-28 19:22:08,0.53
2026-07-28 19:23:25,0.65
2026-07-28 19:23:39,0.47
2026-07-28 19:25:22,0.62
2026-07-28 19:25:31,0.48
2026-07-28 19:26:43,0.61
2026-07-28 19:26:52,0.51
2026-07-28 19:29:12,0.65
2026-07-28 19:29:16,0.52
2026-07-28 19:30:05,0.51
2026-07-28 19:30:33,0.66
2026-07-28 19:31:49,0.60
2026-07-28 19:32:10,0.42
2026-07-28 19:33:15,0.64
2026-07-28 19:33:23,0.49
2026-07-28 19:35:02,0.51
2026-07-28 19:35:50,0.66
2026-07-28 19:36:31,0.50
2026-07-28 19:37:12,0.61
2026-07-28 19:38:29,0.49
2026-07-28 19:39:31,0.62
2026-07-28 19:39:49,0.49
2026-07-28 19:41:02,0.62
2026-07-28 19:41:33,0.59
2026-07-28 19:42:04,0.72
2026-07-28 19:43:03,0.60
2026-07-28 19:43:43,0.73
2026-07-28 19:45:40,0.75
2026-07-28 19:46:02,0.63
2026-07-28 19:47:14,0.77
2026-07-28 19:47:37,0.59
2026-07-28 19:48:53,0.63
2026-07-28 19:49:24,0.74
2026-07-28 19:50:01,0.62
2026-07-28 19:50:50,0.77
2026-07-28 19:51:48,0.61
2026-07-28 19:52:38,0.75
2026-07-28 19:53:10,0.66
2026-07-28 19:54:31,1.00
2026-07-28 19:54:39,0.85
2026-07-28 19:55:24,0.98
2026-07-28 19:57:52,0.84
2026-07-28 19:58:11,0.96
2026-07-28 19:59:31,0.78
2026-07-28 19:59:54,0.91
2026-07-28 20:00:04,0.82
2026-07-28 20:01:51,0.95
2026-07-28 20:02:13,0.82
2026-07-28 20:03:20,0.75
2026-07-28 20:04:19,0.94
2026-07-28 20:05:53,0.78
2026-07-28 20:06:42,0.93
2026-07-28 20:07:24,0.68
2026-07-28 20:08:04,0.90
2026-07-28 20:08:18,0.73
2026-07-28 20:09:29,0.91
2026-07-28 20:09:39,0.72
2026-07-28 20:11:31,0.87
2026-07-28 20:12:06,0.67
2026-07-28 20:12:46,0.66
2026-07-28 20:13:23,0.83
2026-07-28 20:14:34,0.79
2026-07-28 20:14:39,0.61
2026-07-28 20:16:09,0.80
2026-07-28 20:17:03,0.63
2026-07-28 20:17:43,0.83
2026-07-28 20:18:23,0.60
2026-07-28 20:20:33,0.55
2026-07-28 20:20:52,0.82
2026-07-28 20:21:01,0.59
2026-07-28 20:22:33,0.80
2026-07-28 20:23:34,0.60
2026-07-28 20:24:10,0.77
2026-07-28 20:25:31,0.76
2026-07-28 20:25:53,0.59
2026-07-28 20:26:38,0.81
2026-07-28 20:27:19,0.59
2026-07-28 20:27:46,0.83
2026-07-28 20:28:07,0.60
2026-07-28 20:29:20,0.57
2026-07-28 20:29:28,0.80
2026-07-28 20:31:21,0.88
2026-07-28 20:31:57,0.68
2026-07-28 20:33:00,0.67
2026-07-28 20:33:45,0.82
2026-07-28 20:34:39,0.85
2026-07-28 20:35:11,0.65
2026-07-28 20:36:31,0.69
2026-07-28 20:37:25,0.97
2026-07-28 20:37:38,0.77
2026-07-28 20:39:00,0.95
2026-07-28 20:39:44,0.89
2026-07-28 20:40:07,0.76
2026-07-28 20:41:46,0.74
2026-07-28 20:42:21,0.93
2026-07-28 20:42:40,0.84
2026-07-28 20:42:58,1.03
2026-07-28 20:44:31,1.07
2026-07-28 20:44:45,0.79
2026-07-28 20:45:48,0.96
2026-07-28 20:47:09,0.74
2026-07-28 20:47:28,0.81
2026-07-28 20:48:25,1.08
2026-07-28 20:49:10,1.02
2026-07-28 20:49:38,1.20
2026-07-28 20:50:45,1.13
2026-07-28 20:52:20,1.91
2026-07-28 20:53:00,1.69
2026-07-28 20:53:31,2.15
2026-07-28 20:54:08,1.92
2026-07-28 20:55:28,1.27
2026-07-28 20:56:22,1.29
2026-07-28 20:56:36,1.51
2026-07-28 20:57:21,1.31
2026-07-28 20:58:55,1.96
2026-07-28 20:59:03,2.08
2026-07-28 21:00:34,1.16
2026-07-28 21:00:52,1.17
2026-07-28 21:01:41,0.90
2026-07-28 21:03:24,0.83
2026-07-28 21:03:46,1.18
2026-07-28 21:04:18,1.13
2026-07-28 21:05:26,0.86
2026-07-28 21:06:24,1.03
2026-07-28 21:07:04,0.76
2026-07-28 21:07:31,0.95
2026-07-28 21:08:43,0.68
2026-07-28 21:09:19,0.60
2026-07-28 21:10:14,0.84
2026-07-28 21:10:36,0.85
2026-07-28 21:11:47,0.59
2026-07-28 21:12:20,0.80
2026-07-28 21:13:30,0.59
2026-07-28 21:14:11,0.75
2026-07-28 21:14:51,0.58
2026-07-28 21:16:13,0.68
2026-07-28 21:16:53,0.52
2026-07-28 21:17:16,0.71
2026-07-28 21:18:00,0.47
2026-07-28 21:19:08,0.68
2026-07-28 21:19:25,0.53
2026-07-28 21:20:34,0.64
2026-07-28 21:21:18,0.45
2026-07-28 21:22:35,0.41
2026-07-28 21:23:40,0.59
2026-07-28 21:24:14,0.54
2026-07-28 21:24:18,0.38
2026-07-28 21:26:32,0.41
2026-07-28 21:26:42,0.62
2026-07-28 21:27:53,0.40
2026-07-28 21:28:38,0.53
2026-07-28 21:29:37,0.43
2026-07-28 21:29:45,0.62
2026-07-28 21:30:45,0.44
2026-07-28 21:31:06,0.55
2026-07-28 21:32:32,0.60
2026-07-28 21:33:35,0.47
2026-07-28 21:34:29,0.59
2026-07-28 21:35:31,0.41
2026-07-28 21:36:07,0.55
2026-07-28 21:36:58,0.54
2026-07-28 21:37:28,0.42
2026-07-28 21:39:34,0.44
2026-07-28 21:40:01,0.57
2026-07-28 21:40:19,0.58
2026-07-28 21:40:33,0.45
2026-07-28 21:42:15,0.59
2026-07-28 21:43:11,0.44
2026-07-28 21:43:51,0.42
2026-07-28 21:45:06,0.63
2026-07-28 21:46:05,0.35
2026-07-28 21:46:27,0.67
2026-07-28 21:46:55,0.38
2026-07-28 21:47:22,0.64
2026-07-28 21:48:33,0.38
2026-07-28 21:49:19,0.59
2026-07-28 21:51:06,0.39
2026-07-28 21:51:38,0.52
2026-07-28 21:52:00,0.38
2026-07-28 21:52:05,0.51
2026-07-28 21:53:52,0.36
2026-07-28 21:54:01,0.48
2026-07-28 21:55:59,0.36
2026-07-28 21:56:13,0.51
2026-07-28 21:57:42,0.56
2026-07-28 21:57:47,0.32
2026-07-28 21:58:45,0.50
2026-07-28 21:59:39,0.33
2026-07-28 22:00:14,0.35
2026-07-28 22:01:08,0.51
2026-07-28 22:01:44,0.48
2026-07-28 22:03:00,0.33
2026-07-28 22:04:35,0.48
2026-07-28 22:05:15,0.51
2026-07-28 22:05:24,0.34
2026-07-28 22:07:54,0.30
2026-07-28 22:08:02,0.54
2026-07-28 22:08:24,0.51
2026-07-28 22:09:08,0.36
2026-07-28 22:10:48,0.50
2026-07-28 22:11:14,0.33
2026-07-28 22:12:18,0.49
2026-07-28 22:12:22,0.28
2026-07-28 22:13:48,0.55
2026-07-28 22:14:20,0.34
2026-07-28 22:14:55,0.51
2026-07-28 22:16:16,0.34
2026-07-28 22:16:42,0.27
2026-07-28 22:17:08,0.58
2026-07-28 22:18:58,0.64
2026-07-28 22:19:15,0.38
2026-07-28 22:19:52,0.31
2026-07-28 22:20:19,0.61
2026-07-28 22:22:15,0.34
2026-07-28 22:23:05,0.84
2026-07-28 22:23:27,0.44
2026-07-28 22:23:49,0.76
2026-07-28 22:25:47,0.34
2026-07-28 22:26:14,0.62
2026-07-28 22:26:28,0.60
2026-07-28 22:27:56,2.19
2026-07-28 22:28:05,2.30
2026-07-28 22:29:27,1.89
2026-07-28 22:29:44,1.98
2026-07-28 22:31:19,1.65
2026-07-28 22:31:32,1.87
2026-07-28 22:32:45,1.57
2026-07-28 22:33:25,1.79
2026-07-28 22:33:56,1.53
2026-07-28 22:35:08,1.66
2026-07-28 22:35:56,1.25
2026-07-28 22:36:25,1.31
2026-07-28 22:37:54,0.95
2026-07-28 22:37:58,0.88
2026-07-28 22:39:15,1.19
2026-07-28 22:39:42,0.92
2026-07-28 22:41:08,1.78
2026-07-28 22:41:16,1.59
2026-07-28 22:42:06,2.12
2026-07-28 22:43:44,1.74
2026-07-28 22:44:03,1.76
2026-07-28 22:44:08,1.82
2026-07-28 22:44:16,1.85
2026-07-28 22:44:26,1.51
2026-07-28 22:45:02,1.42
2026-07-28 22:46:09,1.81
2026-07-28 22:46:44,1.85
2026-07-28 22:47:40,1.27
2026-07-28 22:47:53,1.29
2026-07-28 22:49:22,1.84
2026-07-28 22:49:36,1.74
2026-07-28 22:51:04,2.57
2026-07-28 22:51:46,2.34
2026-07-28 22:52:44,3.21
2026-07-28 22:53:20,3.29
2026-07-28 22:54:23,2.30
2026-07-28 22:55:11,2.52
2026-07-28 22:56:03,1.79
2026-07-28 22:56:24,1.82
2026-07-28 22:57:17,1.37
2026-07-28 22:57:45,1.44
2026-07-28 22:58:48,2.14
2026-07-28 22:59:51,2.16
2026-07-28 23:00:31,1.43
2026-07-28 23:01:03,1.44
2026-07-28 23:02:19,0.94
2026-07-28 23:02:58,0.91
2026-07-28 23:03:13,1.06
2026-07-28 23:04:30,0.90
2026-07-28 23:05:59,1.28
2026-07-28 23:06:04,1.25
2026-07-28 23:07:11,0.81
2026-07-28 23:07:48,0.93
2026-07-28 23:08:45,0.76
2026-07-28 23:09:26,0.82
2026-07-28 23:10:51,0.63
2026-07-28 23:11:05,0.67
2026-07-28 23:12:17,0.53
2026-07-28 23:12:57,0.61
2026-07-28 23:13:38,0.49
2026-07-28 23:14:31,0.57
2026-07-28 23:15:12,0.44
2026-07-28 23:15:58,0.57
2026-07-28 23:17:12,0.42
2026-07-28 23:17:53,0.57
2026-07-28 23:19:01,0.37
2026-07-28 23:19:38,0.34
2026-07-28 23:20:13,0.50
2026-07-28 23:21:43,0.37
2026-07-28 23:22:11,0.49
2026-07-28 23:22:41,0.52
2026-07-28 23:22:51,0.38
2026-07-28 23:25:27,0.54
2026-07-28 23:25:46,0.38
2026-07-28 23:27:16,0.58
2026-07-28 23:27:25,0.34
2026-07-28 23:27:43,0.38
2026-07-28 23:27:47,0.55
2026-07-28 23:29:49,0.54
2026-07-28 23:30:06,0.36
2026-07-28 23:31:23,0.53
2026-07-28 23:32:12,0.34
2026-07-28 23:33:06,0.55
2026-07-28 23:33:10,0.35
2026-07-28 23:34:26,0.55
2026-07-28 23:34:49,0.37
2026-07-28 23:35:57,0.35
2026-07-28 23:37:08,0.51
2026-07-28 23:38:16,0.39
2026-07-28 23:38:43,0.54
2026-07-28 23:40:00,0.44
2026-07-28 23:40:08,0.60
2026-07-28 23:41:52,0.47
2026-07-28 23:42:06,0.62
2026-07-28 23:42:19,0.52
2026-07-28 23:43:53,0.79
2026-07-28 23:44:41,0.62
2026-07-28 23:45:06,0.84
2026-07-28 23:45:46,0.68
2026-07-28 23:47:02,0.99
2026-07-28 23:47:20,1.04
2026-07-28 23:48:40,0.77
2026-07-28 23:49:40,1.00
2026-07-28 23:50:33,1.05
2026-07-28 23:51:18,0.79
2026-07-28 23:53:24,1.03
2026-07-28 23:53:37,0.78
2026-07-28 23:54:13,0.74
2026-07-28 23:55:29,0.98
2026-07-28 23:55:34,0.92
2026-07-28 23:56:33,0.74
2026-07-28 23:57:40,0.82
2026-07-28 23:58:15,0.61
2026-07-28 23:59:59,0.73
2026-07-29 00:00:26,0.51
2026-07-29 00:01:07,0.54
2026-07-29 00:01:29,0.73
2026-07-29 00:02:14,0.65
2026-07-29 00:03:16,0.45
2026-07-29 00:03:48,0.59
2026-07-29 00:04:05,0.44
2026-07-29 00:06:21,0.56
2026-07-29 00:07:02,0.38
2026-07-29 00:07:42,0.54
2026-07-29 00:08:18,0.33
2026-07-29 00:08:45,0.51
2026-07-29 00:09:03,0.35
2026-07-29 00:11:36,0.33
2026-07-29 00:11:43,0.50
2026-07-29 00:12:21,0.32
2026-07-29 00:13:32,0.48
2026-07-29 00:13:46,0.34
2026-07-29 00:14:03,0.53
2026-07-29 00:16:41,0.24
2026-07-29 00:16:55,0.58
2026-07-29 00:17:43,0.28
2026-07-29 00:18:19,0.52
2026-07-29 00:18:42,0.55
2026-07-29 00:20:12,0.32
2026-07-29 00:21:02,0.22
2026-07-29 00:21:06,0.59
2026-07-29 00:22:09,0.51
2026-07-29 00:22:26,0.30
2026-07-29 00:24:23,0.36
2026-07-29 00:24:28,0.70
2026-07-29 00:25:23,0.59
2026-07-29 00:25:49,0.42
2026-07-29 00:27:42,0.37
2026-07-29 00:27:50,0.53
2026-07-29 00:28:35,0.54
2026-07-29 00:29:56,0.32
2026-07-29 00:30:10,0.27
2026-07-29 00:31:44,0.53
2026-07-29 00:32:02,0.26
2026-07-29 00:33:13,0.82
2026-07-29 00:33:27,0.45
2026-07-29 00:34:52,0.91
2026-07-29 00:36:00,0.50
2026-07-29 00:36:40,0.79
2026-07-29 00:37:07,0.72
2026-07-29 00:37:43,0.41
2026-07-29 00:39:36,0.61
2026-07-29 00:39:54,0.39
2026-07-29 00:41:14,0.33
2026-07-29 00:41:31,0.52
2026-07-29 00:42:08,0.26
2026-07-29 00:42:57,0.67
2026-07-29 00:43:24,0.38
2026-07-29 00:44:10,0.59
2026-07-29 00:45:07,0.56
2026-07-29 00:46:33,0.25
2026-07-29 00:47:32,0.61
2026-07-29 00:49:10,0.19
2026-07-29 00:49:53,0.49
2026-07-29 00:50:50,0.51
2026-07-29 00:51:07,0.18
2026-07-29 00:51:38,0.41
2026-07-29 00:51:48,0.16
2026-07-29 00:53:42,0.12
2026-07-29 00:53:49,0.49
2026-07-29 00:55:10,0.17
2026-07-29 00:56:18,0.54
2026-07-29 00:57:15,0.57
2026-07-29 00:58:05,0.15
2026-07-29 00:59:12,0.77
2026-07-29 00:59:38,0.09
2026-07-29 00:59:57,0.77
2026-07-29 01:00:29,0.01
2026-07-29 01:01:41,0.75
2026-07-29 01:01:45,0.12
2026-07-29 01:03:19,0.57
2026-07-29 01:04:00,0.20
2026-07-29 01:05:44,0.18
2026-07-29 01:06:02,0.55
2026-07-29 01:06:38,0.18
2026-07-29 01:07:18,0.55
2026-07-29 01:08:07,0.57
2026-07-29 01:09:18,0.20
2026-07-29 01:10:35,0.37
2026-07-29 01:10:53,0.14
2026-07-29 01:12:40,0.39
2026-07-29 01:12:55,0.12
2026-07-29 01:13:49,0.55
2026-07-29 01:14:12,-0.02
2026-07-29 01:15:22,0.22
2026-07-29 01:15:26,0.46
2026-07-29 01:16:48,0.35
2026-07-29 01:16:52,0.13
2026-07-29 01:18:32,0.12
2026-07-29 01:19:33,0.53
2026-07-29 01:20:06,0.15
2026-07-29 01:20:46,0.52
2026-07-29 01:21:40,0.30
2026-07-29 01:22:56,4.59
2026-07-29 01:23:00,4.79
2026-07-29 01:23:33,5.69
2026-07-29 01:25:39,5.70
2026-07-29 01:26:10,2.88
2026-07-29 01:26:27,4.59
2026-07-29 01:27:27,1.10
2026-07-29 01:28:05,1.06
2026-07-29 01:28:52,1.44
2026-07-29 01:29:33,1.13
2026-07-29 01:31:11,0.59
2026-07-29 01:31:25,0.89
2026-07-29 01:32:36,0.42
2026-07-29 01:33:04,0.58
2026-07-29 01:34:24,0.31
2026-07-29 01:35:36,0.51
2026-07-29 01:35:54,0.32
2026-07-29 01:36:44,0.44
2026-07-29 01:37:47,0.29
2026-07-29 01:38:27,0.47
2026-07-29 01:39:16,0.23
2026-07-29 01:39:44,0.38
2026-07-29 01:40:24,0.23
2026-07-29 01:41:41,0.22
2026-07-29 01:41:49,0.34
2026-07-29 01:43:06,0.37
2026-07-29 01:44:13,0.15
2026-07-29 01:44:36,0.19
2026-07-29 01:45:08,0.38
2026-07-29 01:46:14,0.20
2026-07-29 01:47:03,0.33
2026-07-29 01:47:58,0.31
2026-07-29 01:48:39,0.13
2026-07-29 01:49:23,0.28
2026-07-29 01:50:30,0.11
2026-07-29 01:51:47,0.29
2026-07-29 01:52:10,0.07
2026-07-29 01:53:12,0.32
2026-07-29 01:53:48,0.12
2026-07-29 01:54:37,0.14
2026-07-29 01:55:45,0.29
2026-07-29 01:56:26,0.35
2026-07-29 01:56:53,0.19
2026-07-29 01:58:45,0.15
2026-07-29 01:58:55,0.27
2026-07-29 02:00:10,0.31
2026-07-29 02:00:29,0.15
2026-07-29 02:00:56,0.16
2026-07-29 02:02:07,0.28
2026-07-29 02:02:52,0.15
2026-07-29 02:03:23,0.33
2026-07-29 02:04:44,0.31
2026-07-29 02:04:57,0.16
2026-07-29 02:06:10,0.29
2026-07-29 02:06:17,0.10
2026-07-29 02:07:30,0.32
2026-07-29 02:09:04,0.12
2026-07-29 02:09:45,0.51
2026-07-29 02:10:40,0.04
2026-07-29 02:10:49,0.27
2026-07-29 02:12:14,0.11
2026-07-29 02:12:54,0.24
2026-07-29 02:13:48,0.10
2026-07-29 02:14:16,0.27
2026-07-29 02:15:09,0.08
2026-07-29 02:16:34,0.14
2026-07-29 02:16:52,0.27
2026-07-29 02:17:32,0.25
2026-07-29 02:17:51,0.10
2026-07-29 02:19:07,0.11
2026-07-29 02:19:16,0.32
2026-07-29 02:21:04,0.06
2026-07-29 02:21:58,0.26
2026-07-29 02:22:57,0.02
2026-07-29 02:23:01,0.31
2026-07-29 02:24:26,0.06
2026-07-29 02:25:06,0.23
2026-07-29 02:25:44,0.12
2026-07-29 02:26:10,0.23
2026-07-29 02:27:30,0.24
2026-07-29 02:28:29,0.06
2026-07-29 02:29:45,0.09
2026-07-29 02:30:08,0.21
2026-07-29 02:30:44,0.26
2026-07-29 02:32:05,0.09
2026-07-29 02:32:49,0.07
2026-07-29 02:33:17,0.52
2026-07-29 02:34:06,0.06
2026-07-29 02:34:59,0.37
2026-07-29 02:36:39,0.01
2026-07-29 02:36:50,0.56
2026-07-29 02:37:15,0.29
2026-07-29 02:38:05,0.73
2026-07-29 02:39:02,0.36
2026-07-29 02:40:14,1.56
2026-07-29 02:40:32,1.04
2026-07-29 02:41:58,0.30
2026-07-29 02:42:20,0.83
2026-07-29 02:42:52,0.26
2026-07-29 02:44:03,0.27
2026-07-29 02:44:48,0.50
2026-07-29 02:45:33,0.04
2026-07-29 02:45:56,0.39
2026-07-29 02:47:48,0.35
2026-07-29 02:48:34,0.17
2026-07-29 02:49:23,0.32
2026-07-29 02:50:39,0.14
2026-07-29 02:50:44,0.31
2026-07-29 02:53:17,0.28
2026-07-29 02:53:39,0.05
2026-07-29 02:53:43,0.26
2026-07-29 02:54:38,0.05
2026-07-29 02:55:31,0.25
2026-07-29 02:55:48,0.09
2026-07-29 02:57:50,0.23
2026-07-29 02:58:31,0.03
2026-07-29 02:58:58,0.22
2026-07-29 02:59:25,-0.01
2026-07-29 03:00:28,0.07
2026-07-29 03:00:51,0.19
2026-07-29 03:02:42,0.05
2026-07-29 03:03:14,0.22
2026-07-29 03:03:59,0.04
2026-07-29 03:04:31,0.20
2026-07-29 03:05:34,0.06
2026-07-29 03:06:31,0.34
2026-07-29 03:07:08,0.12
2026-07-29 03:07:44,0.31
2026-07-29 03:08:33,0.42
2026-07-29 03:08:55,0.07
2026-07-29 03:10:43,0.36
2026-07-29 03:11:06,0.09
2026-07-29 03:12:22,0.33
2026-07-29 03:13:02,-0.08
2026-07-29 03:14:50,0.30
2026-07-29 03:14:55,-0.01
2026-07-29 03:16:15,0.30
2026-07-29 03:16:34,0.04
2026-07-29 03:17:36,-0.01
2026-07-29 03:17:41,0.35
2026-07-29 03:18:35,0.00
2026-07-29 03:19:02,0.26
2026-07-29 03:20:36,0.02
2026-07-29 03:20:45,0.19
2026-07-29 03:22:47,0.04
2026-07-29 03:24:12,0.03
2026-07-29 03:24:21,0.30
2026-07-29 03:25:06,0.02
2026-07-29 03:25:50,0.16
2026-07-29 03:27:12,0.24
2026-07-29 03:28:09,0.05
2026-07-29 03:28:36,0.02
2026-07-29 03:29:22,0.22
2026-07-29 03:30:06,0.18
2026-07-29 03:30:10,0.04
2026-07-29 03:31:55,0.21
2026-07-29 03:32:53,0.03
2026-07-29 03:34:37,-0.02
2026-07-29 03:34:41,0.16
2026-07-29 03:35:26,-0.03
2026-07-29 03:36:29,0.15
2026-07-29 03:36:47,0.18
2026-07-29 03:37:23,0.02
2026-07-29 03:38:26,-0.04
2026-07-29 03:38:44,0.16
2026-07-29 03:41:03,0.18
2026-07-29 03:41:07,-0.04
2026-07-29 03:41:56,0.01
2026-07-29 03:43:04,0.21
2026-07-29 03:43:23,0.09
2026-07-29 03:44:43,0.98
2026-07-29 03:44:57,1.10
2026-07-29 03:45:24,2.09
2026-07-29 03:46:36,1.56
2026-07-29 03:47:34,0.72
2026-07-29 03:48:37,0.98
2026-07-29 03:49:08,1.56
2026-07-29 03:50:51,2.75
2026-07-29 03:51:23,1.60
2026-07-29 03:51:45,1.27
2026-07-29 03:52:38,1.71
2026-07-29 03:53:06,1.37
2026-07-29 03:54:04,9.11
2026-07-29 03:54:45,7.18
2026-07-29 03:55:17,5.61
2026-07-29 03:56:24,5.97
2026-07-29 03:57:36,8.93
2026-07-29 03:58:07,7.99
2026-07-29 03:59:41,13.50
2026-07-29 03:59:45,13.39
2026-07-29 04:01:11,20.70
2026-07-29 04:02:05,21.65
2026-07-29 04:02:54,16.98
2026-07-29 04:03:03,17.89
2026-07-29 04:04:32,5.09
2026-07-29 04:04:41,3.83
2026-07-29 04:06:08,1.03
2026-07-29 04:06:30,1.04
2026-07-29 04:07:05,0.55
2026-07-29 04:08:22,0.80
2026-07-29 04:09:07,0.42
2026-07-29 04:10:24,0.82
2026-07-29 04:10:55,0.32
2026-07-29 04:11:17,0.66
2026-07-29 04:12:19,0.24
2026-07-29 04:13:42,0.26
2026-07-29 04:14:18,0.45
2026-07-29 04:14:58,0.62
2026-07-29 04:15:43,0.16
2026-07-29 04:16:54,0.47
2026-07-29 04:17:12,0.23
2026-07-29 04:18:46,0.36
2026-07-29 04:19:18,0.20
2026-07-29 04:20:04,0.34
2026-07-29 04:20:44,0.14
2026-07-29 04:21:29,0.19
2026-07-29 04:22:45,0.81
2026-07-29 04:22:49,0.77
2026-07-29 04:24:06,1.52
2026-07-29 04:24:28,1.06
2026-07-29 04:25:22,0.50
2026-07-29 04:26:07,0.48
2026-07-29 04:27:27,0.84
2026-07-29 04:28:45,0.67
2026-07-29 04:28:58,0.29
2026-07-29 04:29:25,0.42
2026-07-29 04:30:50,0.10
2026-07-29 04:31:16,0.09
2026-07-29 04:31:36,0.32
2026-07-29 04:33:18,0.41
2026-07-29 04:33:46,0.13
2026-07-29 04:34:30,0.09
2026-07-29 04:35:01,0.34
2026-07-29 04:36:27,0.05
2026-07-29 04:37:26,0.41
2026-07-29 04:39:10,1.50
2026-07-29 04:39:23,1.26
2026-07-29 04:39:54,0.76
2026-07-29 04:41:15,1.12
2026-07-29 04:42:31,0.56
2026-07-29 04:44:01,0.34
2026-07-29 04:44:06,0.82
2026-07-29 04:44:37,0.58
2026-07-29 04:45:18,0.24
2026-07-29 04:46:57,0.48
2026-07-29 04:47:50,0.19
2026-07-29 04:49:11,0.43
2026-07-29 04:49:25,0.26
2026-07-29 04:49:29,0.46
2026-07-29 04:51:17,0.44
2026-07-29 04:52:24,0.11
2026-07-29 04:52:47,0.31
2026-07-29 04:53:18,0.07
2026-07-29 04:54:40,0.02
2026-07-29 04:55:34,0.31
2026-07-29 04:55:55,0.23
2026-07-29 04:57:12,-0.01
2026-07-29 04:57:29,0.30
2026-07-29 04:57:52,-0.10
2026-07-29 04:59:14,0.33
2026-07-29 04:59:45,0.01
2026-07-29 05:01:15,0.15
2026-07-29 05:02:04,0.44
2026-07-29 05:02:41,0.45
2026-07-29 05:03:52,0.07
2026-07-29 05:04:33,0.13
2026-07-29 05:05:22,0.31
2026-07-29 05:06:56,0.43
2026-07-29 05:07:01,0.15
2026-07-29 05:07:50,0.10
2026-07-29 05:08:44,0.34
2026-07-29 05:09:10,0.36
2026-07-29 05:10:10,0.12
2026-07-29 05:10:59,0.21
2026-07-29 05:12:16,0.55
2026-07-29 05:12:20,0.31
2026-07-29 05:13:50,0.67
2026-07-29 05:14:30,0.68
2026-07-29 05:15:15,0.40
2026-07-29 05:15:42,0.51
2026-07-29 05:17:14,0.98
2026-07-29 05:17:26,0.99
2026-07-29 05:18:20,0.67
2026-07-29 05:19:22,1.07
2026-07-29 05:19:49,0.72
2026-07-29 05:21:10,1.13
2026-07-29 05:22:00,0.64
2026-07-29 05:22:40,0.60
2026-07-29 05:23:29,1.51
2026-07-29 05:24:37,1.47
2026-07-29 05:25:22,1.01
2026-07-29 05:25:58,0.74
2026-07-29 05:26:03,1.29
2026-07-29 05:27:10,1.08
2026-07-29 05:28:35,1.51
2026-07-29 05:29:25,1.53
2026-07-29 05:30:14,1.24
2026-07-29 05:30:50,1.10
2026-07-29 05:31:21,1.48
2026-07-29 05:32:06,1.19
2026-07-29 05:32:43,1.73
2026-07-29 05:33:45,1.43
2026-07-29 05:35:01,1.95
2026-07-29 05:35:55,1.37
2026-07-29 05:36:13,1.76
2026-07-29 05:37:07,1.64
2026-07-29 05:38:41,1.25
2026-07-29 05:38:45,1.44
2026-07-29 05:39:35,1.11
2026-07-29 05:41:23,1.42
2026-07-29 05:41:42,0.92
2026-07-29 05:42:44,0.85
2026-07-29 05:43:28,1.57
2026-07-29 05:45:12,1.75
2026-07-29 05:45:17,1.21
2026-07-29 05:45:21,1.38
2026-07-29 05:46:55,3.03
2026-07-29 05:46:59,3.04
2026-07-29 05:47:36,5.36
2026-07-29 05:48:57,3.62
2026-07-29 05:49:29,2.59
2026-07-29 05:50:40,4.01
2026-07-29 05:50:58,2.73
2026-07-29 05:51:58,3.36
2026-07-29 05:53:32,6.34
2026-07-29 05:53:53,7.61
2026-07-29 05:55:10,3.55
2026-07-29 05:55:14,3.45
2026-07-29 05:56:22,1.75
2026-07-29 05:57:07,2.05
2026-07-29 05:58:14,1.29
2026-07-29 05:59:03,1.74
2026-07-29 05:59:40,0.70
2026-07-29 06:01:14,0.78
2026-07-29 06:01:41,1.41
2026-07-29 06:01:50,1.76
2026-07-29 06:03:25,3.96
2026-07-29 06:04:00,7.23
2026-07-29 06:04:36,2.03
2026-07-29 06:05:57,1.20
2026-07-29 06:06:37,2.47
2026-07-29 06:07:36,1.81
2026-07-29 06:08:12,2.75
2026-07-29 06:08:39,2.49
2026-07-29 06:09:47,3.33
2026-07-29 06:10:04,3.22
2026-07-29 06:11:03,5.35
2026-07-29 06:11:43,5.61
2026-07-29 06:12:14,6.81
2026-07-29 06:13:22,6.71
2026-07-29 06:14:20,8.45
2026-07-29 06:15:54,7.48
2026-07-29 06:16:34,4.38
2026-07-29 06:16:40,4.34
2026-07-29 06:18:01,3.17
2026-07-29 06:18:27,3.69
2026-07-29 06:19:48,2.91
2026-07-29 06:20:07,2.90
2026-07-29 06:21:05,3.66
2026-07-29 06:21:36,3.32
2026-07-29 06:23:11,4.86
2026-07-29 06:24:00,4.81
2026-07-29 06:24:22,6.06
2026-07-29 06:25:29,5.20
2026-07-29 06:26:24,4.29
2026-07-29 06:26:42,4.59
2026-07-29 06:28:02,2.52
2026-07-29 06:28:15,2.77
2026-07-29 06:28:43,1.93
2026-07-29 06:30:36,3.01
2026-07-29 06:31:25,2.13
2026-07-29 06:31:56,2.14
2026-07-29 06:33:03,1.38
2026-07-29 06:33:30,1.53
2026-07-29 06:34:35,0.91
2026-07-29 06:35:01,1.44
2026-07-29 06:35:23,0.97
2026-07-29 06:36:35,0.90
2026-07-29 06:37:51,1.57
2026-07-29 06:38:09,1.48
2026-07-29 06:39:43,0.81
2026-07-29 06:39:48,0.95
2026-07-29 06:40:56,1.33
2026-07-29 06:41:58,1.36
2026-07-29 06:42:48,0.97
2026-07-29 06:43:19,1.01
2026-07-29 06:44:35,1.44
2026-07-29 06:44:49,1.39
2026-07-29 06:46:19,0.98
2026-07-29 06:46:28,0.84
2026-07-29 06:46:42,1.18
2026-07-29 06:48:20,1.38
2026-07-29 06:48:54,1.01
2026-07-29 06:49:59,1.03
2026-07-29 06:50:40,1.38
2026-07-29 06:51:29,1.40
2026-07-29 06:52:13,0.89
2026-07-29 06:53:03,1.21
2026-07-29 06:53:53,1.79
2026-07-29 06:54:56,1.70
2026-07-29 06:55:54,2.27
2026-07-29 06:56:20,2.41
2026-07-29 06:57:50,1.56
2026-07-29 06:58:36,1.63
2026-07-29 06:59:11,1.37
2026-07-29 06:59:38,1.44
2026-07-29 06:59:57,1.80
2026-07-29 07:01:13,1.57
2026-07-29 07:02:25,1.04
2026-07-29 07:03:32,1.07
2026-07-29 07:04:04,1.37
2026-07-29 07:05:11,1.40
2026-07-29 07:06:01,1.14
2026-07-29 07:07:12,0.83
2026-07-29 07:07:31,1.19
2026-07-29 07:08:00,1.02
2026-07-29 07:09:14,1.54
2026-07-29 07:10:18,1.59
2026-07-29 07:10:48,1.14
2026-07-29 07:11:28,1.65
2026-07-29 07:12:37,1.18
2026-07-29 07:13:58,1.09
2026-07-29 07:14:19,1.42
2026-07-29 07:14:25,1.47
2026-07-29 07:14:55,1.14
2026-07-29 07:16:21,1.16
2026-07-29 07:17:01,1.83
2026-07-29 07:17:42,1.60
2026-07-29 07:19:20,1.35
2026-07-29 07:19:34,1.29
2026-07-29 07:20:32,1.81
2026-07-29 07:21:08,1.38
2026-07-29 07:22:33,1.77
2026-07-29 07:22:47,1.96
2026-07-29 07:23:16,1.48
2026-07-29 07:24:58,1.82
2026-07-29 07:25:15,1.45
2026-07-29 07:26:46,1.86
2026-07-29 07:27:13,1.50
2026-07-29 07:27:36,1.60
2026-07-29 07:28:29,1.25
2026-07-29 07:29:18,1.38
2026-07-29 07:30:47,1.14
2026-07-29 07:31:52,1.37
2026-07-29 07:32:19,1.07
2026-07-29 07:32:40,1.33
2026-07-29 07:33:21,1.09
2026-07-29 07:35:00,1.48
2026-07-29 07:35:36,0.97
2026-07-29 07:36:03,0.91
2026-07-29 07:37:00,1.18
2026-07-29 07:38:08,1.16
2026-07-29 07:38:53,0.62
2026-07-29 07:39:53,0.59
2026-07-29 07:40:14,0.88
2026-07-29 07:41:21,1.05
2026-07-29 07:42:02,0.51
2026-07-29 07:42:29,0.87
2026-07-29 07:43:09,0.63
2026-07-29 07:44:17,0.77
2026-07-29 07:45:38,0.30
2026-07-29 07:46:05,0.57
2026-07-29 07:46:59,0.24
2026-07-29 07:47:40,0.29
2026-07-29 07:48:47,0.61
2026-07-29 07:49:32,0.35
2026-07-29 07:50:17,0.72
2026-07-29 07:50:53,0.36
2026-07-29 07:51:24,0.64
2026-07-29 07:53:02,0.38
2026-07-29 07:53:57,0.80
2026-07-29 07:54:28,0.68
2026-07-29 07:54:50,0.98
2026-07-29 07:56:02,0.70
2026-07-29 07:57:14,0.94
2026-07-29 07:57:55,0.77
2026-07-29 07:58:27,1.05
2026-07-29 07:59:12,0.69
2026-07-29 08:00:18,1.05
2026-07-29 08:00:41,0.81
2026-07-29 08:01:13,1.48
2026-07-29 08:02:34,0.68
2026-07-29 08:03:05,1.11
2026-07-29 08:03:59,0.96
2026-07-29 08:05:29,0.51
2026-07-29 08:05:34,0.87
2026-07-29 08:07:08,0.58
2026-07-29 08:07:16,0.95
2026-07-29 08:07:48,0.52
2026-07-29 08:09:14,0.93
2026-07-29 08:10:08,0.61
2026-07-29 08:10:39,0.68
2026-07-29 08:11:10,1.12
2026-07-29 08:12:30,1.10
2026-07-29 08:13:29,0.71
2026-07-29 08:14:05,1.01
2026-07-29 08:15:22,0.70
2026-07-29 08:15:57,1.13
2026-07-29 08:16:29,0.85
2026-07-29 08:18:03,1.25
2026-07-29 08:18:44,0.93
2026-07-29 08:19:24,0.83
2026-07-29 08:19:56,1.20
2026-07-29 08:20:50,0.86
2026-07-29 08:21:57,1.38
2026-07-29 08:22:43,1.62
2026-07-29 08:23:27,1.27
2026-07-29 08:23:44,1.45
2026-07-29 08:25:20,0.98
2026-07-29 08:25:29,1.33
2026-07-29 08:26:58,0.88
2026-07-29 08:27:21,1.27
2026-07-29 08:28:20,0.89
2026-07-29 08:29:44,0.50
2026-07-29 08:29:58,1.05
2026-07-29 08:30:34,1.13
2026-07-29 08:31:24,0.63
2026-07-29 08:32:58,0.51
2026-07-29 08:33:30,0.83
2026-07-29 08:33:43,0.84
2026-07-29 08:34:45,0.50
2026-07-29 08:36:38,0.83
2026-07-29 08:36:43,0.45
2026-07-29 08:37:01,0.72
2026-07-29 08:37:54,0.13
2026-07-29 08:38:44,0.46
2026-07-29 08:39:32,0.63
2026-07-29 08:40:58,0.40
2026-07-29 08:41:04,0.62
2026-07-29 08:42:46,0.75
2026-07-29 08:43:18,0.45
2026-07-29 08:43:54,0.77
2026-07-29 08:44:57,0.42
2026-07-29 08:46:04,0.69
2026-07-29 08:46:45,0.40
2026-07-29 08:47:19,0.67
2026-07-29 08:47:30,0.41
2026-07-29 08:48:51,0.49
2026-07-29 08:49:04,0.76
2026-07-29 08:50:16,0.64
2026-07-29 08:51:14,0.33
2026-07-29 08:51:50,0.57
2026-07-29 08:52:53,0.35
2026-07-29 08:53:33,0.41
2026-07-29 08:54:09,0.61
2026-07-29 08:56:06,0.38
2026-07-29 08:56:25,0.65
2026-07-29 08:57:26,0.34
2026-07-29 08:57:58,0.71
2026-07-29 08:58:30,0.58
2026-07-29 08:59:28,1.20
2026-07-29 09:00:00,0.64
2026-07-29 09:01:25,0.35
2026-07-29 09:02:24,0.66
2026-07-29 09:03:05,0.42
2026-07-29 09:04:16,0.35
2026-07-29 09:04:30,0.67
2026-07-29 09:05:36,0.34
2026-07-29 09:06:17,0.54
2026-07-29 09:06:49,0.37
2026-07-29 09:08:01,0.55
2026-07-29 09:08:19,0.37
2026-07-29 09:08:33,0.56
2026-07-29 09:10:02,0.37
2026-07-29 09:11:27,0.61
2026-07-29 09:12:40,0.33
2026-07-29 09:13:06,0.61
2026-07-29 09:13:20,0.28
2026-07-29 09:14:46,0.67
2026-07-29 09:16:07,0.36
2026-07-29 09:16:28,0.67
2026-07-29 09:16:55,0.36
2026-07-29 09:17:13,0.59
2026-07-29 09:18:21,0.66
2026-07-29 09:19:19,0.39
2026-07-29 09:19:51,0.66
2026-07-29 09:20:44,0.44
2026-07-29 09:22:01,0.43
2026-07-29 09:22:41,0.83
2026-07-29 09:23:08,0.60
2026-07-29 09:24:06,0.88
2026-07-29 09:24:11,0.86
2026-07-29 09:24:15,0.92
2026-07-29 09:24:21,0.88
2026-07-29 09:24:29,1.07
2026-07-29 09:24:51,0.98
2026-07-29 09:26:21,1.29
2026-07-29 09:26:31,1.30
2026-07-29 09:27:51,1.60
2026-07-29 09:28:49,1.50
2026-07-29 09:29:19,1.29
2026-07-29 09:30:47,1.19
2026-07-29 09:31:14,1.47
2026-07-29 09:31:22,1.58
2026-07-29 09:32:03,1.31
2026-07-29 09:33:38,1.37
2026-07-29 09:34:09,1.61
2026-07-29 09:34:45,1.56
2026-07-29 09:35:39,1.97
2026-07-29 09:36:42,1.32
2026-07-29 09:37:45,1.58
2026-07-29 09:38:34,1.19
2026-07-29 09:39:01,1.55
2026-07-29 09:39:42,1.40
2026-07-29 09:40:35,1.14
2026-07-29 09:41:15,1.22
2026-07-29 09:42:41,1.81
2026-07-29 09:43:57,1.49
2026-07-29 09:45:46,1.63
2026-07-29 09:45:55,1.32
2026-07-29 09:46:26,1.27
2026-07-29 09:47:32,1.67
2026-07-29 09:48:32,1.76
2026-07-29 09:49:21,1.36
2026-07-29 09:49:39,1.56
2026-07-29 09:50:33,1.28
2026-07-29 09:52:03,1.19
2026-07-29 09:52:21,1.46
2026-07-29 09:53:15,1.44
2026-07-29 09:53:56,1.01
2026-07-29 09:54:40,1.02
2026-07-29 09:55:51,1.50
2026-07-29 09:56:15,1.49
2026-07-29 09:56:42,1.16
2026-07-29 09:58:03,1.51
2026-07-29 09:58:33,1.05
2026-07-29 09:59:36,1.71
2026-07-29 10:00:57,1.02
2026-07-29 10:01:37,1.32
2026-07-29 10:02:04,1.08
2026-07-29 10:03:20,1.00
2026-07-29 10:03:53,1.38
2026-07-29 10:04:29,1.24
2026-07-29 10:05:13,0.87
2026-07-29 10:06:11,1.04
2026-07-29 10:06:43,0.85
2026-07-29 10:07:43,1.07
2026-07-29 10:09:12,0.85
2026-07-29 10:10:05,0.70
2026-07-29 10:10:54,1.06
2026-07-29 10:11:04,1.02
2026-07-29 10:12:11,0.67
2026-07-29 10:13:05,1.06
2026-07-29 10:13:55,0.68
2026-07-29 10:15:30,0.86
2026-07-29 10:15:51,0.62
2026-07-29 10:17:08,0.89
2026-07-29 10:18:15,0.49
2026-07-29 10:18:51,0.97
2026-07-29 10:19:41,0.56
2026-07-29 10:20:48,1.01
2026-07-29 10:21:15,1.15
2026-07-29 10:21:59,0.80
2026-07-29 10:23:08,0.77
2026-07-29 10:23:48,1.16
2026-07-29 10:24:19,0.98
2026-07-29 10:25:09,1.32
2026-07-29 10:26:12,1.01
2026-07-29 10:27:19,1.32
2026-07-29 10:27:32,1.06
2026-07-29 10:29:03,1.46
2026-07-29 10:29:20,1.83
2026-07-29 10:30:19,1.43
2026-07-29 10:30:51,1.74
2026-07-29 10:32:11,1.27
2026-07-29 10:32:25,1.45
2026-07-29 10:33:46,1.02
2026-07-29 10:34:15,1.27
2026-07-29 10:35:29,0.88
2026-07-29 10:36:00,0.81
2026-07-29 10:36:36,1.25
2026-07-29 10:37:26,1.32
2026-07-29 10:37:47,0.89
2026-07-29 10:39:27,1.37
2026-07-29 10:39:53,0.96
2026-07-29 10:41:20,0.89
2026-07-29 10:42:09,1.46
2026-07-29 10:42:50,1.11
2026-07-29 10:43:43,1.42
2026-07-29 10:44:10,1.43
2026-07-29 10:45:00,1.15
2026-07-29 10:46:26,1.37
2026-07-29 10:46:47,1.06
2026-07-29 10:47:54,1.37
2026-07-29 10:48:44,1.06
2026-07-29 10:49:07,1.05
2026-07-29 10:49:52,1.35
2026-07-29 10:50:50,1.33
2026-07-29 10:52:11,0.90
2026-07-29 10:52:55,0.74
2026-07-29 10:53:50,1.19
2026-07-29 10:54:03,1.31
2026-07-29 10:54:44,0.86
2026-07-29 10:56:28,0.81
2026-07-29 10:56:49,1.22
2026-07-29 10:57:17,0.90
2026-07-29 10:57:48,1.21
2026-07-29 10:59:08,1.30
2026-07-29 10:59:48,0.85
2026-07-29 11:01:10,1.19
2026-07-29 11:01:46,0.58
2026-07-29 11:02:49,0.90
2026-07-29 11:03:07,0.50
2026-07-29 11:03:47,0.55
2026-07-29 11:05:04,0.74
2026-07-29 11:05:27,0.79
2026-07-29 11:05:31,0.56
2026-07-29 11:07:18,0.53
2026-07-29 11:07:50,0.80
2026-07-29 11:08:48,0.76
2026-07-29 11:09:29,0.44
2026-07-29 11:10:45,0.57
2026-07-29 11:11:57,0.82
2026-07-29 11:12:02,0.64
2026-07-29 11:13:09,0.94
2026-07-29 11:13:42,1.00
2026-07-29 11:14:30,0.64
2026-07-29 11:15:32,0.94
2026-07-29 11:16:00,0.72
2026-07-29 11:17:16,1.02
2026-07-29 11:18:15,0.75
2026-07-29 11:18:42,0.83
2026-07-29 11:20:06,1.31
2026-07-29 11:20:16,1.19
2026-07-29 11:21:46,0.82
2026-07-29 11:22:00,0.71
2026-07-29 11:22:22,1.02
2026-07-29 11:24:32,0.78
2026-07-29 11:24:55,1.04
2026-07-29 11:25:31,1.14
2026-07-29 11:26:37,0.90
2026-07-29 11:27:36,0.64
2026-07-29 11:28:35,0.86
2026-07-29 11:30:00,0.36
2026-07-29 11:30:31,0.31
2026-07-29 11:31:44,0.68
2026-07-29 11:32:42,0.33
2026-07-29 11:33:13,0.62
2026-07-29 11:33:54,0.24
2026-07-29 11:34:47,0.73
2026-07-29 11:35:37,0.70
2026-07-29 11:36:36,0.50
2026-07-29 11:37:34,0.45
2026-07-29 11:38:05,0.71
2026-07-29 11:38:37,0.53
2026-07-29 11:38:58,0.76
2026-07-29 11:41:14,0.94
2026-07-29 11:41:23,0.51
2026-07-29 11:41:51,0.79
2026-07-29 11:43:16,0.44
2026-07-29 11:43:34,0.71
2026-07-29 11:44:05,0.32
2026-07-29 11:45:07,0.04
2026-07-29 11:45:12,0.90
2026-07-29 11:46:42,0.35
2026-07-29 11:46:56,0.73
2026-07-29 11:48:57,0.34
2026-07-29 11:49:24,0.60
2026-07-29 11:50:18,0.37
2026-07-29 11:50:38,0.71
2026-07-29 11:53:08,0.37
2026-07-29 11:53:17,0.29
2026-07-29 11:54:12,0.66
2026-07-29 11:55:05,0.37
2026-07-29 11:56:26,0.76
2026-07-29 11:57:11,0.36
2026-07-29 11:57:38,0.87
2026-07-29 11:59:12,0.60
2026-07-29 11:59:30,0.32
2026-07-29 12:00:42,0.37
2026-07-29 12:00:51,0.60
2026-07-29 12:02:39,0.25
2026-07-29 12:02:57,0.60
2026-07-29 12:03:15,0.36
2026-07-29 12:04:18,0.76
2026-07-29 12:05:47,0.45
2026-07-29 12:06:32,0.59
2026-07-29 12:06:51,0.10
2026-07-29 12:08:25,0.90
2026-07-29 12:09:32,0.06
2026-07-29 12:11:15,0.14
2026-07-29 12:11:20,0.64
2026-07-29 12:11:25,0.16
2026-07-29 12:11:39,0.59
2026-07-29 12:13:03,0.51
2026-07-29 12:14:38,0.22
2026-07-29 12:14:46,0.44
2026-07-29 12:15:00,0.12
2026-07-29 12:16:26,0.11
2026-07-29 12:16:34,0.39
2026-07-29 12:18:53,0.26
2026-07-29 12:19:07,0.44
2026-07-29 12:19:39,0.21
2026-07-29 12:21:00,0.41
2026-07-29 12:21:54,0.05
2026-07-29 12:22:43,0.46
2026-07-29 12:23:19,0.44
2026-07-29 12:24:08,0.12
2026-07-29 12:24:48,0.38
2026-07-29 12:25:20,0.11
2026-07-29 12:26:46,0.40
2026-07-29 12:27:44,0.09
2026-07-29 12:28:02,0.11
2026-07-29 12:28:50,0.35
2026-07-29 12:30:00,0.10
2026-07-29 12:30:26,0.36
2026-07-29 12:32:14,0.15
2026-07-29 12:32:31,0.47
2026-07-29 12:34:07,0.41
2026-07-29 12:34:24,0.10
2026-07-29 12:35:36,0.61
2026-07-29 12:35:45,0.08
2026-07-29 12:36:12,0.22
2026-07-29 12:36:53,0.62
2026-07-29 12:38:04,0.60
2026-07-29 12:39:21,0.28
2026-07-29 12:39:52,0.26
2026-07-29 12:40:46,0.68
2026-07-29 12:41:18,0.65
2026-07-29 12:41:35,0.26
2026-07-29 12:44:06,0.88
2026-07-29 12:44:17,0.05
2026-07-29 12:45:21,0.66
2026-07-29 12:45:56,0.28
2026-07-29 12:46:28,0.39
2026-07-29 12:47:26,0.93
2026-07-29 12:48:56,0.29
2026-07-29 12:49:09,0.75
2026-07-29 12:49:23,0.25
2026-07-29 12:50:52,1.23
2026-07-29 12:51:20,1.49
2026-07-29 12:52:18,0.36
2026-07-29 12:53:03,1.29
2026-07-29 12:53:56,0.43
2026-07-29 12:54:23,0.51
2026-07-29 12:55:34,1.61
2026-07-29 12:56:02,0.94
2026-07-29 12:57:33,0.24
2026-07-29 12:57:37,0.35
2026-07-29 12:58:54,0.63
2026-07-29 12:59:35,0.27
2026-07-29 13:00:05,0.86
2026-07-29 13:02:10,0.39
2026-07-29 13:02:29,0.78
2026-07-29 13:03:12,0.74
2026-07-29 13:04:08,0.13
2026-07-29 13:04:22,0.86
2026-07-29 13:04:49,0.37
2026-07-29 13:06:45,0.55
2026-07-29 13:07:09,0.28
2026-07-29 13:07:30,0.57
2026-07-29 13:08:56,0.17
2026-07-29 13:09:10,0.26
2026-07-29 13:09:31,0.44
2026-07-29 13:10:57,0.32
2026-07-29 13:12:22,0.49
2026-07-29 13:14:01,0.52
2026-07-29 13:14:05,0.22
2026-07-29 13:14:14,0.28
2026-07-29 13:14:51,0.48
2026-07-29 13:16:48,0.39
2026-07-29 13:17:14,0.27
2026-07-29 13:18:17,0.43
2026-07-29 13:18:40,0.27
2026-07-29 13:19:03,0.31
2026-07-29 13:20:31,0.19
2026-07-29 13:22:11,0.18
2026-07-29 13:22:18,0.31
2026-07-29 13:23:05,0.12
2026-07-29 13:23:37,0.45
2026-07-29 13:24:17,0.37
2026-07-29 13:25:38,0.15
2026-07-29 13:25:51,0.28
2026-07-29 13:27:04,0.17
2026-07-29 13:27:30,0.29
2026-07-29 13:28:10,0.09
2026-07-29 13:29:09,0.24
2026-07-29 13:30:35,0.10
2026-07-29 13:31:32,0.23
2026-07-29 13:31:37,0.08
2026-07-29 13:32:49,0.22
2026-07-29 13:33:33,0.08
2026-07-29 13:34:51,0.19
2026-07-29 13:35:18,0.06
2026-07-29 13:35:35,0.17
2026-07-29 13:36:24,0.03
2026-07-29 13:38:04,0.01
2026-07-29 13:38:39,0.17
2026-07-29 13:38:53,0.02
2026-07-29 13:39:42,0.17
2026-07-29 13:40:50,0.07
2026-07-29 13:42:01,0.19
2026-07-29 13:42:25,0.09
2026-07-29 13:43:26,0.24
2026-07-29 13:43:49,0.15
2026-07-29 13:44:53,0.27
2026-07-29 13:46:04,0.37
2026-07-29 13:46:22,0.12
2026-07-29 13:47:20,0.39
2026-07-29 13:48:09,0.22
2026-07-29 13:48:54,0.24
2026-07-29 13:50:11,0.43
2026-07-29 13:50:26,0.26
2026-07-29 13:50:39,0.42
2026-07-29 13:52:44,0.30
2026-07-29 13:53:16,0.41
2026-07-29 13:54:23,0.42
2026-07-29 13:55:17,0.29
2026-07-29 13:55:53,0.44
2026-07-29 13:56:47,0.26
2026-07-29 13:57:49,0.31
2026-07-29 13:58:26,0.48
2026-07-29 13:59:06,0.29
2026-07-29 13:59:24,0.50
2026-07-29 14:00:22,0.40
2026-07-29 14:00:46,0.53
2026-07-29 14:02:06,0.56
2026-07-29 14:03:17,0.45
2026-07-29 14:03:53,0.43
2026-07-29 14:05:14,0.57
2026-07-29 14:05:19,0.44
2026-07-29 14:06:31,0.68
2026-07-29 14:06:54,0.62
2026-07-29 14:06:58,0.52
2026-07-29 14:09:04,0.54
2026-07-29 14:10:11,0.39
2026-07-29 14:10:25,0.47
2026-07-29 14:11:45,0.31
2026-07-29 14:12:08,0.50
2026-07-29 14:13:07,0.34
2026-07-29 14:13:47,0.63
2026-07-29 14:14:14,0.28
2026-07-29 14:16:15,0.37
2026-07-29 14:16:38,0.55
2026-07-29 14:17:59,0.41
2026-07-29 14:18:12,0.55
2026-07-29 14:18:29,0.41
2026-07-29 14:19:23,0.59
2026-07-29 14:21:11,0.51
2026-07-29 14:21:34,0.29
2026-07-29 14:22:10,0.54
2026-07-29 14:22:50,0.32
2026-07-29 14:24:02,0.59
2026-07-29 14:24:21,0.33
2026-07-29 14:25:32,0.36
2026-07-29 14:26:35,0.60
2026-07-29 14:26:57,0.66
2026-07-29 14:27:21,0.42
2026-07-29 14:28:23,0.40
2026-07-29 14:29:44,0.59
2026-07-29 14:30:20,0.61
2026-07-29 14:31:19,0.34
2026-07-29 14:31:59,0.59
2026-07-29 14:32:26,0.37
2026-07-29 14:33:19,0.33
2026-07-29 14:34:09,0.55
2026-07-29 14:34:58,0.30
2026-07-29 14:35:22,0.50
2026-07-29 14:36:59,0.46
2026-07-29 14:37:03,0.28
2026-07-29 14:39:33,0.23
2026-07-29 14:39:37,0.48
2026-07-29 14:40:00,0.25
2026-07-29 14:41:16,0.52
2026-07-29 14:41:47,0.51
2026-07-29 14:42:46,0.21
2026-07-29 14:43:22,0.45
2026-07-29 14:44:03,0.22
2026-07-29 14:45:13,0.19
2026-07-29 14:45:23,0.48
2026-07-29 14:46:30,0.50
2026-07-29 14:46:53,0.25
2026-07-29 14:48:14,0.15
2026-07-29 14:48:58,0.49
2026-07-29 14:50:20,0.78
2026-07-29 14:50:42,0.22
2026-07-29 14:52:51,0.21
2026-07-29 14:53:05,0.50
2026-07-29 14:53:38,0.22
2026-07-29 14:53:42,0.55
2026-07-29 14:55:21,0.22
2026-07-29 14:55:34,0.56
2026-07-29 14:56:32,0.23
2026-07-29 14:57:30,0.52
2026-07-29 14:58:11,0.59
2026-07-29 14:58:47,0.19
2026-07-29 15:00:39,1.10
2026-07-29 15:01:19,0.12
2026-07-29 15:02:23,0.41
2026-07-29 15:02:54,0.16
2026-07-29 15:03:26,0.17
2026-07-29 15:03:52,0.48
2026-07-29 15:04:55,0.41
2026-07-29 15:05:54,0.14
2026-07-29 15:06:38,0.23
2026-07-29 15:07:33,0.41
2026-07-29 15:08:49,0.56
2026-07-29 15:09:35,0.18
2026-07-29 15:09:52,0.21
2026-07-29 15:10:28,0.48
2026-07-29 15:12:38,0.21
2026-07-29 15:13:28,0.43
2026-07-29 15:13:55,0.18
2026-07-29 15:14:35,0.19
2026-07-29 15:15:33,0.53
2026-07-29 15:16:13,0.27
2026-07-29 15:16:27,0.51
2026-07-29 15:17:58,0.48
2026-07-29 15:19:18,0.23
2026-07-29 15:20:26,0.24
2026-07-29 15:21:05,0.63
2026-07-29 15:22:18,0.16
2026-07-29 15:22:36,0.48
2026-07-29 15:24:06,0.53
2026-07-29 15:24:23,0.28
2026-07-29 15:25:08,0.19
2026-07-29 15:25:40,0.43
2026-07-29 15:26:20,0.28
2026-07-29 15:27:13,0.67
2026-07-29 15:28:00,0.23
2026-07-29 15:28:58,0.81
2026-07-29 15:29:52,0.54
2026-07-29 15:30:10,0.14
2026-07-29 15:31:34,0.66
2026-07-29 15:31:39,0.23
2026-07-29 15:33:22,0.14
2026-07-29 15:33:41,0.84
2026-07-29 15:34:47,0.95
2026-07-29 15:35:41,0.17
2026-07-29 15:36:19,0.13
2026-07-29 15:36:40,0.69
2026-07-29 15:38:24,0.16
2026-07-29 15:39:08,0.61
2026-07-29 15:39:21,0.29
2026-07-29 15:40:47,0.63
2026-07-29 15:42:27,0.35
2026-07-29 15:42:31,0.67
2026-07-29 15:42:44,0.36
2026-07-29 15:43:36,0.65
2026-07-29 15:44:19,0.38
2026-07-29 15:45:34,0.66
2026-07-29 15:46:34,0.31
2026-07-29 15:47:00,0.79
2026-07-29 15:48:04,0.38
2026-07-29 15:48:34,0.74
2026-07-29 15:50:05,0.43
2026-07-29 15:50:31,0.69
2026-07-29 15:50:58,0.66
2026-07-29 15:52:07,0.38
2026-07-29 15:53:35,0.69
2026-07-29 15:53:49,0.32
2026-07-29 15:54:21,0.84
2026-07-29 15:55:04,0.41
2026-07-29 15:56:14,0.31
2026-07-29 15:56:58,0.98
2026-07-29 15:57:42,1.00
2026-07-29 15:58:09,0.44
2026-07-29 15:59:26,0.49
2026-07-29 16:00:21,0.68
2026-07-29 16:01:58,0.79
2026-07-29 16:02:12,0.52
2026-07-29 16:03:01,0.50
2026-07-29 16:03:15,0.88
2026-07-29 16:05:02,0.61
2026-07-29 16:05:38,0.87
2026-07-29 16:05:42,0.89
2026-07-29 16:06:51,0.57
2026-07-29 16:07:40,0.86
2026-07-29 16:08:52,0.55
2026-07-29 16:09:05,0.95
2026-07-29 16:10:27,0.59
2026-07-29 16:10:49,0.94
2026-07-29 16:11:56,0.56
2026-07-29 16:12:19,1.13
2026-07-29 16:12:55,0.61
2026-07-29 16:14:02,0.67
2026-07-29 16:14:34,1.07
2026-07-29 16:16:12,0.96
2026-07-29 16:17:10,0.71
2026-07-29 16:17:46,0.77
2026-07-29 16:18:09,1.09
2026-07-29 16:19:48,1.20
2026-07-29 16:20:20,0.68
2026-07-29 16:21:09,1.14
2026-07-29 16:21:54,0.71
2026-07-29 16:22:35,1.16
2026-07-29 16:23:36,0.69
2026-07-29 16:24:27,1.02
2026-07-29 16:24:36,0.69
2026-07-29 16:25:43,0.80
2026-07-29 16:26:29,0.98
2026-07-29 16:27:17,1.04
2026-07-29 16:28:02,0.85
2026-07-29 16:29:55,1.12
2026-07-29 16:30:17,0.77
2026-07-29 16:30:40,1.05
2026-07-29 16:32:04,0.70
2026-07-29 16:32:09,0.65
2026-07-29 16:33:03,1.14
2026-07-29 16:34:02,0.99
2026-07-29 16:34:37,0.76
2026-07-29 16:35:31,0.85
2026-07-29 16:36:44,1.14
2026-07-29 16:38:40,0.82
2026-07-29 16:39:30,1.04
2026-07-29 16:40:15,0.65
2026-07-29 16:40:45,0.76
2026-07-29 16:41:22,1.13
2026-07-29 16:42:25,1.02
2026-07-29 16:43:38,0.79
2026-07-29 16:44:31,0.64
2026-07-29 16:44:35,1.17
2026-07-29 16:45:57,1.00
2026-07-29 16:46:50,0.62
2026-07-29 16:47:12,0.58
2026-07-29 16:47:45,1.20
2026-07-29 16:48:56,0.96
2026-07-29 16:49:41,0.68
2026-07-29 16:51:05,0.89
2026-07-29 16:51:19,0.62
2026-07-29 16:52:13,0.98
2026-07-29 16:52:31,0.60
2026-07-29 16:53:44,0.87
2026-07-29 16:53:48,0.64
2026-07-29 16:56:03,0.56
2026-07-29 16:56:48,0.95
2026-07-29 16:57:14,0.60
2026-07-29 16:58:09,0.91
2026-07-29 16:58:53,0.84
2026-07-29 16:59:59,0.49
2026-07-29 17:00:15,0.84
2026-07-29 17:00:55,0.62
2026-07-29 17:01:58,0.53
2026-07-29 17:02:25,0.85
2026-07-29 17:03:27,0.92
2026-07-29 17:04:18,0.67
2026-07-29 17:05:29,0.80
2026-07-29 17:06:23,0.64
2026-07-29 17:07:07,0.48
2026-07-29 17:07:12,1.16
2026-07-29 17:09:22,0.57
2026-07-29 17:09:59,0.89
2026-07-29 17:10:47,0.88
2026-07-29 17:11:38,0.62
2026-07-29 17:11:42,0.53
2026-07-29 17:13:17,0.80
2026-07-29 17:13:30,0.78
2026-07-29 17:14:10,0.56
2026-07-29 17:15:45,1.01
2026-07-29 17:16:03,0.48
2026-07-29 17:16:47,0.54
2026-07-29 17:17:37,1.09
2026-07-29 17:18:44,0.56
2026-07-29 17:18:53,1.27
2026-07-29 17:21:07,0.64
2026-07-29 17:21:26,1.39
2026-07-29 17:21:40,1.31
2026-07-29 17:22:47,5.41
2026-07-29 17:23:46,10.74
2026-07-29 17:24:39,1.43
2026-07-29 17:25:46,0.75
2026-07-29 17:26:07,2.40
2026-07-29 17:26:35,1.93
2026-07-29 17:27:16,0.86
2026-07-29 17:28:14,1.43
2026-07-29 17:28:46,5.90
2026-07-29 17:29:57,2.00
2026-07-29 17:30:56,0.62
2026-07-29 17:31:32,0.64
2026-07-29 17:32:48,1.95
2026-07-29 17:34:04,2.65
2026-07-29 17:34:37,1.04
2026-07-29 17:35:03,1.42
2026-07-29 17:35:47,0.00
2026-07-29 17:37:31,0.50
2026-07-29 17:37:54,1.31
2026-07-29 17:38:10,1.15
2026-07-29 17:38:26,0.69
2026-07-29 17:39:50,1.20
2026-07-29 17:40:13,0.62
2026-07-29 17:41:42,1.16
2026-07-29 17:43:00,0.56
2026-07-29 17:43:08,0.39
2026-07-29 17:43:48,1.00
2026-07-29 17:44:42,0.88
2026-07-29 17:45:28,0.57
2026-07-29 17:46:22,0.89
2026-07-29 17:46:44,0.66
2026-07-29 17:48:45,0.99
2026-07-29 17:49:08,0.58
2026-07-29 17:50:07,0.95
2026-07-29 17:51:31,0.62
2026-07-29 17:52:52,1.21
2026-07-29 17:53:37,1.09
2026-07-29 17:53:41,0.49
2026-07-29 17:55:21,0.45
2026-07-29 17:56:06,1.27
2026-07-29 17:56:33,1.45
2026-07-29 17:57:16,0.52
2026-07-29 17:58:52,1.05
2026-07-29 17:59:15,0.48
2026-07-29 17:59:46,1.13
2026-07-29 18:01:11,0.49
2026-07-29 18:02:19,1.41
2026-07-29 18:02:42,0.59
2026-07-29 18:03:35,1.08
2026-07-29 18:03:53,0.73
2026-07-29 18:04:43,0.74
2026-07-29 18:05:28,0.96
2026-07-29 18:06:13,0.84
2026-07-29 18:06:53,1.06
2026-07-29 18:08:43,0.91
2026-07-29 18:09:12,1.26
2026-07-29 18:10:10,0.94
2026-07-29 18:11:00,1.25
2026-07-29 18:11:58,0.77
2026-07-29 18:12:11,1.10
2026-07-29 18:13:28,0.87
2026-07-29 18:13:56,1.23
2026-07-29 18:15:24,0.96
2026-07-29 18:15:38,1.26
2026-07-29 18:16:55,0.93
2026-07-29 18:17:40,1.28
2026-07-29 18:18:34,1.51
2026-07-29 18:18:38,0.94
2026-07-29 18:19:31,1.37
2026-07-29 18:20:49,0.98
2026-07-29 18:21:24,1.38
2026-07-29 18:21:47,0.88
2026-07-29 18:23:39,1.39
2026-07-29 18:23:48,0.82
2026-07-29 18:24:29,0.93
2026-07-29 18:25:27,1.55
2026-07-29 18:25:58,0.83
2026-07-29 18:27:01,1.46
2026-07-29 18:28:10,0.90
2026-07-29 18:28:31,1.49
2026-07-29 18:29:44,0.97
2026-07-29 18:30:37,1.56
2026-07-29 18:31:31,1.35
2026-07-29 18:31:50,0.74
2026-07-29 18:33:01,1.38
2026-07-29 18:33:24,0.94
2026-07-29 18:34:39,1.29
2026-07-29 18:35:02,0.94
2026-07-29 18:36:54,1.30
2026-07-29 18:37:12,0.86
2026-07-29 18:38:42,1.55
2026-07-29 18:38:59,0.60
2026-07-29 18:40:12,0.39
2026-07-29 18:40:21,1.72
2026-07-29 18:41:25,2.10
2026-07-29 18:41:38,0.64
2026-07-29 18:42:36,0.83
2026-07-29 18:42:40,1.53
2026-07-29 18:44:15,0.87
2026-07-29 18:45:36,1.84
2026-07-29 18:45:49,1.52
2026-07-29 18:46:43,0.82
2026-07-29 18:47:29,1.16
2026-07-29 18:48:09,0.79
2026-07-29 18:49:43,1.23
2026-07-29 18:50:23,0.80
2026-07-29 18:51:32,0.78
2026-07-29 18:52:06,1.43
2026-07-29 18:53:06,0.84
2026-07-29 18:53:10,1.32
2026-07-29 18:54:26,1.51
2026-07-29 18:55:29,0.59
2026-07-29 18:55:39,0.75
2026-07-29 18:56:41,1.15
2026-07-29 18:57:34,0.62
2026-07-29 18:58:01,1.38
2026-07-29 18:59:59,1.37
2026-07-29 19:00:20,0.79
2026-07-29 19:00:57,0.54
2026-07-29 19:01:20,1.23
2026-07-29 19:03:26,0.99
2026-07-29 19:03:30,0.66
2026-07-29 19:04:46,0.71
2026-07-29 19:05:27,1.30
2026-07-29 19:06:25,1.63
2026-07-29 19:06:48,0.62
2026-07-29 19:08:00,1.33
2026-07-29 19:08:21,0.80
2026-07-29 19:09:38,1.51
2026-07-29 19:10:27,0.51
2026-07-29 19:10:32,0.57
2026-07-29 19:11:00,1.71
2026-07-29 19:12:33,0.79
2026-07-29 19:13:13,1.37
2026-07-29 19:14:13,0.80
2026-07-29 19:14:39,1.07
2026-07-29 19:16:08,1.32
2026-07-29 19:16:54,0.41
2026-07-29 19:17:34,1.09
2026-07-29 19:17:57,0.63
2026-07-29 19:18:46,1.16
2026-07-29 19:19:14,0.56
2026-07-29 19:20:56,0.48
2026-07-29 19:21:55,1.69
2026-07-29 19:23:29,1.67
2026-07-29 19:23:34,0.54
2026-07-29 19:23:56,1.42
2026-07-29 19:25:14,0.58
2026-07-29 19:25:22,1.72
2026-07-29 19:26:07,0.63
2026-07-29 19:27:32,0.57
2026-07-29 19:27:55,1.17
2026-07-29 19:29:55,0.90
2026-07-29 19:30:14,1.46
2026-07-29 19:30:23,1.67
2026-07-29 19:31:08,0.69
2026-07-29 19:32:15,0.66
2026-07-29 19:32:45,1.13
2026-07-29 19:33:45,0.73
2026-07-29 19:35:10,1.24
2026-07-29 19:35:29,0.65
2026-07-29 19:36:33,1.72
2026-07-29 19:37:25,1.73
2026-07-29 19:38:15,0.86
2026-07-29 19:38:37,1.40
2026-07-29 19:38:56,2.51
2026-07-29 19:40:23,0.78
2026-07-29 19:40:48,1.75
2026-07-29 19:43:20,1.37
2026-07-29 19:43:29,2.16
2026-07-29 19:44:37,1.68
2026-07-29 19:45:03,2.41
2026-07-29 19:46:02,2.21
2026-07-29 19:46:20,4.11
2026-07-29 19:47:00,4.92
2026-07-29 19:47:50,1.15
2026-07-29 19:48:36,2.62
2026-07-29 19:49:29,1.31
2026-07-29 19:50:09,1.54
2026-07-29 19:50:58,6.90
2026-07-29 19:52:11,5.40
2026-07-29 19:52:51,2.82
2026-07-29 19:54:21,3.69
2026-07-29 19:54:44,1.71
2026-07-29 19:55:51,1.81
2026-07-29 19:56:23,0.86
2026-07-29 19:57:34,2.14
2026-07-29 19:58:15,0.76
2026-07-29 19:58:28,1.27
2026-07-29 19:58:55,2.35
2026-07-29 19:59:21,1.89
2026-07-29 19:59:28,1.57
2026-07-29 19:59:36,1.43
2026-07-29 19:59:57,2.44
2026-07-29 20:00:51,3.98
2026-07-29 20:01:31,0.95
2026-07-29 20:02:17,2.35
2026-07-29 20:02:58,0.43
2026-07-29 20:04:41,0.02
2026-07-29 20:04:45,1.47
2026-07-29 20:05:08,1.35
2026-07-29 20:06:28,0.39
2026-07-29 20:06:55,0.21
2026-07-29 20:07:44,1.38
2026-07-29 20:08:21,1.65
2026-07-29 20:09:19,0.44
2026-07-29 20:10:08,1.01
2026-07-29 20:11:30,0.41
2026-07-29 20:12:10,0.67
2026-07-29 20:12:46,1.20
2026-07-29 20:14:16,1.22
2026-07-29 20:14:46,0.50
2026-07-29 20:15:24,0.40
2026-07-29 20:16:13,1.15
2026-07-29 20:16:45,0.50
2026-07-29 20:17:02,1.14
2026-07-29 20:18:19,1.10
2026-07-29 20:19:12,0.48
2026-07-29 20:20:16,1.04
2026-07-29 20:21:18,0.35
2026-07-29 20:21:45,0.40
2026-07-29 20:23:02,1.07
2026-07-29 20:23:24,0.77
2026-07-29 20:24:36,2.14
2026-07-29 20:24:53,2.05
2026-07-29 20:26:12,0.54
2026-07-29 20:26:25,1.48
2026-07-29 20:27:18,0.55
2026-07-29 20:29:10,0.31
2026-07-29 20:29:27,0.98
2026-07-29 20:30:13,1.14
2026-07-29 20:30:18,0.32
2026-07-29 20:31:29,1.28
2026-07-29 20:32:10,0.39
2026-07-29 20:33:07,0.99
2026-07-29 20:33:21,0.42
2026-07-29 20:34:56,1.04
2026-07-29 20:35:27,0.50
2026-07-29 20:36:44,1.00
2026-07-29 20:36:57,0.48
2026-07-29 20:38:50,0.90
2026-07-29 20:39:30,0.51
2026-07-29 20:40:37,0.48
2026-07-29 20:40:51,0.95
2026-07-29 20:41:36,0.52
2026-07-29 20:41:59,1.26
2026-07-29 20:43:19,0.46
2026-07-29 20:43:55,1.60
2026-07-29 20:45:07,0.88
2026-07-29 20:45:25,0.49
2026-07-29 20:46:24,0.83
2026-07-29 20:47:30,0.46
2026-07-29 20:48:55,0.45
2026-07-29 20:49:01,0.86
2026-07-29 20:49:59,1.15
2026-07-29 20:50:35,0.47
2026-07-29 20:51:20,0.51
2026-07-29 20:51:28,0.89
2026-07-29 20:52:49,0.83
2026-07-29 20:53:13,0.41
2026-07-29 20:54:28,0.37
2026-07-29 20:54:47,1.12
2026-07-29 20:57:20,0.96
2026-07-29 20:57:28,0.43
2026-07-29 20:58:00,0.34
2026-07-29 20:59:07,0.82
2026-07-29 21:00:55,0.88
2026-07-29 21:01:00,0.44
2026-07-29 21:01:17,0.93
2026-07-29 21:01:35,0.43
2026-07-29 21:03:32,0.48
2026-07-29 21:03:36,0.78
2026-07-29 21:04:44,0.18
2026-07-29 21:05:02,1.26
2026-07-29 21:06:55,0.51
2026-07-29 21:06:59,0.83
2026-07-29 21:08:25,0.42
2026-07-29 21:09:14,0.76
2026-07-29 21:09:54,0.54
2026-07-29 21:10:43,0.99
2026-07-29 21:11:06,0.55
2026-07-29 21:11:36,0.95
2026-07-29 21:12:41,0.89
2026-07-29 21:14:09,0.44
2026-07-29 21:14:33,0.24
2026-07-29 21:14:42,0.78
2026-07-29 21:16:52,0.38
2026-07-29 21:17:09,0.87
2026-07-29 21:17:36,0.82
2026-07-29 21:18:25,0.42
2026-07-29 21:20:05,0.83
2026-07-29 21:20:42,0.23
2026-07-29 21:21:12,0.87
2026-07-29 21:21:30,0.41
2026-07-29 21:23:54,0.43
2026-07-29 21:23:59,0.89
2026-07-29 21:24:57,0.48
2026-07-29 21:25:02,0.70
2026-07-29 21:26:14,0.38
2026-07-29 21:26:31,0.86
2026-07-29 21:27:48,0.76
2026-07-29 21:29:00,0.36
2026-07-29 21:29:13,0.75
2026-07-29 21:29:58,0.49
2026-07-29 21:31:08,0.79
2026-07-29 21:31:51,0.39
2026-07-29 21:33:20,0.32
2026-07-29 21:33:29,0.71
2026-07-29 21:34:10,0.82
2026-07-29 21:35:13,0.37
2026-07-29 21:35:49,0.79
2026-07-29 21:37:10,0.46
2026-07-29 21:37:36,0.83
2026-07-29 21:37:50,0.42
2026-07-29 21:39:06,0.44
2026-07-29 21:40:23,0.69
2026-07-29 21:40:54,0.71
2026-07-29 21:42:01,0.43
2026-07-29 21:43:09,0.97
2026-07-29 21:43:27,0.37
2026-07-29 21:44:25,0.97
2026-07-29 21:45:01,0.31
2026-07-29 21:45:59,0.90
2026-07-29 21:46:54,0.51
2026-07-29 21:47:48,0.77
2026-07-29 21:48:51,0.36
2026-07-29 21:48:59,0.82
2026-07-29 21:50:14,0.39
2026-07-29 21:51:37,0.66
2026-07-29 21:52:52,0.30
2026-07-29 21:52:58,0.89
2026-07-29 21:53:51,0.06
2026-07-29 21:54:14,1.02
2026-07-29 21:55:45,0.48
2026-07-29 21:56:55,1.02
2026-07-29 21:57:09,1.50
2026-07-29 21:57:46,0.47
2026-07-29 21:59:11,0.37
2026-07-29 22:00:22,0.96
2026-07-29 22:01:16,0.95
2026-07-29 22:01:21,0.41
2026-07-29 22:02:28,1.05
2026-07-29 22:03:05,0.32
2026-07-29 22:03:53,0.36
2026-07-29 22:04:16,0.81
2026-07-29 22:06:36,0.29
2026-07-29 22:06:45,0.92
2026-07-29 22:07:26,0.90
2026-07-29 22:07:39,0.25
2026-07-29 22:09:20,0.37
2026-07-29 22:10:06,0.67
2026-07-29 22:11:06,0.71
2026-07-29 22:11:41,0.38
2026-07-29 22:13:25,0.34
2026-07-29 22:13:29,0.76
2026-07-29 22:14:13,0.63
2026-07-29 22:15:13,0.41
2026-07-29 22:15:40,0.77
2026-07-29 22:15:48,0.30
2026-07-29 22:18:26,0.36
2026-07-29 22:18:30,0.71
2026-07-29 22:18:48,0.37
2026-07-29 22:19:33,0.98
2026-07-29 22:20:17,0.32
2026-07-29 22:20:35,0.86
2026-07-29 22:22:23,0.32
2026-07-29 22:22:28,0.59
2026-07-29 22:24:15,0.27
2026-07-29 22:25:06,0.69
2026-07-29 22:26:13,0.32
2026-07-29 22:26:40,0.60
2026-07-29 22:26:54,0.72
2026-07-29 22:28:18,0.29
2026-07-29 22:28:37,0.35
2026-07-29 22:29:35,0.59
2026-07-29 22:30:56,0.77
2026-07-29 22:31:09,0.26
2026-07-29 22:32:40,0.36
2026-07-29 22:32:48,0.64
2026-07-29 22:33:55,0.40
2026-07-29 22:34:45,0.70
2026-07-29 22:35:16,0.55
2026-07-29 22:36:29,0.39
2026-07-29 22:37:35,0.34
2026-07-29 22:38:03,0.67
2026-07-29 22:38:43,0.62
2026-07-29 22:39:15,0.32
2026-07-29 22:40:49,0.23
2026-07-29 22:41:29,0.73
2026-07-29 22:42:55,0.09
2026-07-29 22:43:17,0.66
2026-07-29 22:43:35,0.71
2026-07-29 22:43:58,0.23
2026-07-29 22:45:05,0.68
2026-07-29 22:45:49,0.17
2026-07-29 22:47:06,0.56
2026-07-29 22:47:10,0.32
2026-07-29 22:48:46,0.34
2026-07-29 22:48:59,0.54
2026-07-29 22:51:13,0.27
2026-07-29 22:51:32,0.57
2026-07-29 22:52:12,0.19
2026-07-29 22:52:57,0.55
2026-07-29 22:54:03,0.75
2026-07-29 22:54:09,0.31
2026-07-29 22:54:54,0.33
2026-07-29 22:56:24,0.64
2026-07-29 22:56:50,0.88
2026-07-29 22:57:57,0.33
2026-07-29 22:58:51,0.57
2026-07-29 22:59:36,0.30
2026-07-29 23:00:26,0.56
2026-07-29 23:00:40,0.34
2026-07-29 23:01:43,0.33
2026-07-29 23:02:55,0.65
2026-07-29 23:03:22,0.69
2026-07-29 23:04:10,0.10
2026-07-29 23:05:58,0.26
2026-07-29 23:06:03,0.75
2026-07-29 23:06:37,0.67
2026-07-29 23:08:04,0.33
2026-07-29 23:09:30,0.28
2026-07-29 23:09:38,0.68
2026-07-29 23:09:47,0.51
2026-07-29 23:11:09,0.22
2026-07-29 23:11:31,0.55
2026-07-29 23:11:36,0.32
2026-07-29 23:13:10,0.61
2026-07-29 23:13:14,0.32
2026-07-29 23:14:54,0.19
2026-07-29 23:14:58,0.66
2026-07-29 23:16:23,0.33
2026-07-29 23:16:32,0.53
2026-07-29 23:18:21,0.33
2026-07-29 23:19:10,0.57
2026-07-29 23:19:41,0.21
2026-07-29 23:21:02,0.51
2026-07-29 23:22:14,0.48
2026-07-29 23:22:32,0.26
2026-07-29 23:23:04,0.28
2026-07-29 23:23:48,0.51
2026-07-29 23:24:38,0.27
2026-07-29 23:24:55,0.53
2026-07-29 23:27:01,0.59
2026-07-29 23:27:32,0.32
2026-07-29 23:28:04,0.22
2026-07-29 23:28:58,0.50
2026-07-29 23:29:57,0.21
2026-07-29 23:31:04,0.80
2026-07-29 23:31:39,0.59
2026-07-29 23:32:02,0.26
2026-07-29 23:33:50,0.33
2026-07-29 23:34:04,0.56
2026-07-29 23:34:31,0.50
2026-07-29 23:35:19,0.33
2026-07-29 23:36:36,0.29
2026-07-29 23:37:25,0.65
2026-07-29 23:38:42,0.53
2026-07-29 23:39:00,0.26
2026-07-29 23:39:58,0.57
2026-07-29 23:40:53,0.25
2026-07-29 23:41:19,0.23
2026-07-29 23:42:32,0.69
2026-07-29 23:43:20,0.10
2026-07-29 23:44:10,0.58
2026-07-29 23:44:33,0.21
2026-07-29 23:45:45,0.69
2026-07-29 23:46:12,0.63
2026-07-29 23:47:41,0.21
2026-07-29 23:48:38,0.27
2026-07-29 23:49:12,0.63
2026-07-29 23:50:14,0.08
2026-07-29 23:50:46,0.53
2026-07-29 23:51:53,0.14
2026-07-29 23:52:15,0.74
2026-07-29 23:52:39,0.15
2026-07-29 23:54:04,0.58
2026-07-29 23:55:06,0.01
2026-07-29 23:55:33,0.52
2026-07-29 23:56:32,0.51
2026-07-29 23:57:03,0.25
2026-07-29 23:58:47,0.26
2026-07-29 23:59:04,0.56
2026-07-29 23:59:17,0.62
2026-07-30 00:00:34,0.21
2026-07-30 00:01:06,0.59
2026-07-30 00:02:27,0.20
2026-07-30 00:02:35,-0.12
2026-07-30 00:02:58,0.53
2026-07-30 00:04:20,0.60
2026-07-30 00:04:24,0.27
2026-07-30 00:06:47,0.55
2026-07-30 00:07:01,0.17
2026-07-30 00:07:35,0.21
2026-07-30 00:08:40,0.56
2026-07-30 00:09:11,0.55
2026-07-30 00:09:24,0.28
2026-07-30 00:12:02,0.19
2026-07-30 00:12:15,0.47
2026-07-30 00:12:34,0.57
2026-07-30 00:13:58,0.13
2026-07-30 00:14:35,0.06
2026-07-30 00:15:28,0.56
2026-07-30 00:16:00,0.27
2026-07-30 00:16:18,0.53
2026-07-30 00:17:38,0.52
2026-07-30 00:18:55,0.19
2026-07-30 00:19:54,0.56
2026-07-30 00:20:21,0.21
2026-07-30 00:20:52,0.53
2026-07-30 00:21:01,0.15
2026-07-30 00:22:22,0.24
2026-07-30 00:23:34,0.43
2026-07-30 00:25:21,0.47
2026-07-30 00:25:35,0.25
2026-07-30 00:27:01,0.42
2026-07-30 00:27:09,0.15
2026-07-30 00:27:22,0.21
2026-07-30 00:27:59,0.46
2026-07-30 00:29:42,0.42
2026-07-30 00:30:04,0.24
2026-07-30 00:30:54,0.23
2026-07-30 00:31:12,0.42
2026-07-30 00:32:42,0.20
2026-07-30 00:32:55,0.40
2026-07-30 00:35:19,0.46
2026-07-30 00:35:32,0.19
2026-07-30 00:35:50,0.49
2026-07-30 00:36:00,0.21
2026-07-30 00:38:23,0.44
2026-07-30 00:38:46,0.21
2026-07-30 00:39:30,0.38
2026-07-30 00:40:02,0.19
2026-07-30 00:41:04,0.24
2026-07-30 00:41:31,0.48
2026-07-30 00:42:13,0.24
2026-07-30 00:43:15,0.45
2026-07-30 00:43:55,0.20
2026-07-30 00:45:11,0.44
2026-07-30 00:46:24,0.12
2026-07-30 00:46:29,0.42
2026-07-30 00:48:02,0.44
2026-07-30 00:48:21,0.11
2026-07-30 00:48:57,0.15
2026-07-30 00:50:13,0.50
2026-07-30 00:51:11,0.08
2026-07-30 00:51:20,0.51
2026-07-30 00:52:18,0.17
2026-07-30 00:53:25,0.44
2026-07-30 00:53:57,0.21
2026-07-30 00:54:56,0.62
2026-07-30 00:56:25,0.56
2026-07-30 00:56:48,0.11
2026-07-30 00:58:18,0.45
2026-07-30 00:58:31,0.01
2026-07-30 00:58:41,0.46
2026-07-30 00:59:03,0.16
2026-07-30 01:00:51,0.07
2026-07-30 01:01:17,0.43
2026-07-30 01:02:12,0.44
2026-07-30 01:03:32,0.16
2026-07-30 01:03:51,0.41
2026-07-30 01:04:05,0.17
2026-07-30 01:05:21,0.13
2026-07-30 01:06:37,0.47
2026-07-30 01:08:16,0.46
2026-07-30 01:08:29,0.14
2026-07-30 01:09:19,0.45
2026-07-30 01:09:28,0.08
2026-07-30 01:10:35,0.49
2026-07-30 01:10:58,0.08
2026-07-30 01:11:56,0.49
2026-07-30 01:12:13,0.15
2026-07-30 01:14:25,0.46
2026-07-30 01:14:38,0.05
2026-07-30 01:15:59,0.18
2026-07-30 01:16:03,0.49
2026-07-30 01:17:38,0.15
2026-07-30 01:18:00,0.50
2026-07-30 01:19:16,0.44
2026-07-30 01:19:39,0.08
2026-07-30 01:20:28,0.44
2026-07-30 01:20:46,0.12
2026-07-30 01:22:43,0.09
2026-07-30 01:23:01,0.43
2026-07-30 01:23:24,0.17
2026-07-30 01:24:07,0.39
2026-07-30 01:25:43,0.19
2026-07-30 01:26:00,0.41
2026-07-30 01:28:20,0.06
2026-07-30 01:29:14,0.45
2026-07-30 01:29:19,0.13
2026-07-30 01:30:26,0.15
2026-07-30 01:31:07,0.37
2026-07-30 01:32:46,0.15
2026-07-30 01:32:54,0.44
2026-07-30 01:33:40,0.47
2026-07-30 01:34:55,0.09
2026-07-30 01:35:09,0.38
2026-07-30 01:35:18,0.17
2026-07-30 01:37:33,0.18
2026-07-30 01:37:47,0.38
2026-07-30 01:38:31,0.43
2026-07-30 01:39:08,0.12
2026-07-30 01:40:38,0.08
2026-07-30 01:40:42,0.37
2026-07-30 01:42:25,0.12
2026-07-30 01:42:39,0.37
2026-07-30 01:44:00,0.16
2026-07-30 01:44:45,0.33
2026-07-30 01:45:02,0.34
2026-07-30 01:45:42,0.19
2026-07-30 01:46:32,0.15
2026-07-30 01:47:40,0.36
2026-07-30 01:48:29,0.15
2026-07-30 01:48:56,0.34
2026-07-30 01:50:13,0.19
2026-07-30 01:50:26,0.31
2026-07-30 01:52:05,0.11
2026-07-30 01:52:15,0.32
2026-07-30 01:53:43,0.17
2026-07-30 01:54:10,0.37
2026-07-30 01:55:14,0.41
2026-07-30 01:55:54,0.15
2026-07-30 01:57:15,0.12
2026-07-30 01:57:36,0.37
2026-07-30 01:59:12,0.06
2026-07-30 02:00:23,0.15
2026-07-30 02:00:33,0.40
2026-07-30 02:02:35,0.34
2026-07-30 02:02:39,0.07
2026-07-30 02:03:15,0.37
2026-07-30 02:04:26,0.03
2026-07-30 02:05:33,0.44
2026-07-30 02:05:37,0.11
2026-07-30 02:07:08,0.41
2026-07-30 02:07:52,0.11
2026-07-30 02:09:09,0.41
2026-07-30 02:09:17,0.01
2026-07-30 02:10:39,0.47
2026-07-30 02:11:06,0.09
2026-07-30 02:11:23,0.04
2026-07-30 02:12:00,0.50
2026-07-30 02:13:07,0.07
2026-07-30 02:14:42,0.05
2026-07-30 02:14:50,0.38
2026-07-30 02:16:34,0.07
2026-07-30 02:17:42,0.44
2026-07-30 02:18:09,0.12
2026-07-30 02:18:23,0.37
2026-07-30 02:19:51,0.32
2026-07-30 02:19:56,0.05
2026-07-30 02:21:31,0.36
2026-07-30 02:21:40,0.07
2026-07-30 02:23:36,0.08
2026-07-30 02:23:44,0.44
2026-07-30 02:24:39,-0.01
2026-07-30 02:25:47,0.34
2026-07-30 02:26:45,0.33
2026-07-30 02:27:38,0.07
2026-07-30 02:28:11,0.42
2026-07-30 02:28:51,0.14
2026-07-30 02:29:49,0.05
2026-07-30 02:30:48,0.33
2026-07-30 02:31:10,0.12
2026-07-30 02:31:18,0.42
2026-07-30 02:32:45,0.37
2026-07-30 02:34:10,0.13
2026-07-30 02:34:59,0.09
2026-07-30 02:35:44,0.35
2026-07-30 02:36:41,0.00
2026-07-30 02:37:23,0.35
2026-07-30 02:37:59,0.36
2026-07-30 02:38:35,0.06
2026-07-30 02:39:46,0.32
2026-07-30 02:40:00,0.00
2026-07-30 02:41:08,0.11
2026-07-30 02:42:02,0.42
2026-07-30 02:42:59,0.36
2026-07-30 02:43:31,0.08
2026-07-30 02:44:19,0.03
2026-07-30 02:45:24,0.33
2026-07-30 02:46:13,0.35
2026-07-30 02:47:20,0.08
2026-07-30 02:47:56,0.35
2026-07-30 02:49:35,0.02
2026-07-30 02:50:07,0.33
2026-07-30 02:51:32,0.32
2026-07-30 02:51:50,0.08
2026-07-30 02:53:06,0.39
2026-07-30 02:53:16,0.05
2026-07-30 02:54:46,-0.02
2026-07-30 02:55:35,0.34
2026-07-30 02:56:46,-0.07
2026-07-30 02:56:52,0.41
2026-07-30 02:58:34,0.46
2026-07-30 02:59:01,0.14
2026-07-30 02:59:14,0.10
2026-07-30 02:59:52,0.44
2026-07-30 03:01:21,0.46
2026-07-30 03:01:57,0.04
2026-07-30 03:03:36,0.46
2026-07-30 03:03:46,0.08
2026-07-30 03:04:47,0.14
2026-07-30 03:05:37,0.36
2026-07-30 03:06:04,0.03
2026-07-30 03:06:08,0.40
2026-07-30 03:07:26,0.16
2026-07-30 03:08:23,0.44
2026-07-30 03:10:11,-0.04
2026-07-30 03:10:38,0.59
2026-07-30 03:11:50,0.06
2026-07-30 03:12:13,0.51
2026-07-30 03:13:07,0.44
2026-07-30 03:13:55,-0.06
2026-07-30 03:14:01,0.44
2026-07-30 03:14:31,-0.15
2026-07-30 03:16:07,0.50
2026-07-30 03:16:20,-0.02
2026-07-30 03:17:45,-0.16
2026-07-30 03:18:25,0.72
2026-07-30 03:19:20,-0.47
2026-07-30 03:19:47,1.46
2026-07-30 03:20:48,-0.17
2026-07-30 03:21:02,0.80
2026-07-30 03:23:41,0.06
2026-07-30 03:24:07,0.88
2026-07-30 03:24:11,0.12
2026-07-30 03:26:08,0.46
2026-07-30 03:26:53,0.11
2026-07-30 03:27:38,0.50
2026-07-30 03:27:56,0.17
2026-07-30 03:28:49,0.51
2026-07-30 03:29:26,0.17
2026-07-30 03:31:00,0.44
2026-07-30 03:31:49,0.20
2026-07-30 03:32:25,0.16
2026-07-30 03:33:37,0.49
2026-07-30 03:34:45,0.19
2026-07-30 03:34:54,0.57
2026-07-30 03:35:26,0.16
2026-07-30 03:36:50,0.46
2026-07-30 03:37:54,0.17
2026-07-30 03:38:16,0.36
2026-07-30 03:39:19,0.17
2026-07-30 03:40:03,0.42
2026-07-30 03:41:16,0.04
2026-07-30 03:41:30,0.35
2026-07-30 03:42:01,0.15
2026-07-30 03:43:36,0.32
2026-07-30 03:44:29,0.33
2026-07-30 03:44:42,0.07
2026-07-30 03:45:18,0.33
2026-07-30 03:46:17,0.05
2026-07-30 03:47:37,0.03
2026-07-30 03:47:47,0.36
2026-07-30 03:49:53,0.37
2026-07-30 03:50:11,0.10
2026-07-30 03:50:43,0.31
2026-07-30 03:50:47,0.04
2026-07-30 03:52:16,0.25
2026-07-30 03:53:04,0.06
2026-07-30 03:54:27,0.08
2026-07-30 03:55:07,0.26
2026-07-30 03:55:57,0.07
2026-07-30 03:56:32,0.26
2026-07-30 03:57:17,0.07
2026-07-30 03:57:49,0.24
2026-07-30 03:59:24,0.23
2026-07-30 03:59:45,0.05
2026-07-30 04:00:17,0.04
2026-07-30 04:01:20,0.20
2026-07-30 04:02:59,0.21
2026-07-30 04:03:12,0.02
2026-07-30 04:03:35,0.22
2026-07-30 04:04:19,0.00
2026-07-30 04:06:22,0.24
2026-07-30 04:06:31,-0.03
2026-07-30 04:07:15,0.23
2026-07-30 04:07:55,-0.03
2026-07-30 04:08:28,0.15
2026-07-30 04:09:08,0.04
2026-07-30 04:11:05,0.22
2026-07-30 04:11:35,-0.03
2026-07-30 04:12:25,0.01
2026-07-30 04:12:48,0.19
2026-07-30 04:14:13,0.24
2026-07-30 04:14:45,0.00
2026-07-30 04:15:12,-0.07
2026-07-30 04:16:24,0.25
2026-07-30 04:17:18,0.00
2026-07-30 04:17:22,0.23
2026-07-30 04:18:25,0.22
2026-07-30 04:19:40,-0.02
2026-07-30 04:20:45,0.26
2026-07-30 04:21:29,-0.01
2026-07-30 04:22:19,0.15
2026-07-30 04:23:30,0.19
2026-07-30 04:24:29,0.05
2026-07-30 04:25:00,0.18
2026-07-30 04:25:54,0.01
2026-07-30 04:26:34,-0.02
2026-07-30 04:27:38,0.19
2026-07-30 04:28:59,-0.14
2026-07-30 04:29:03,0.25
2026-07-30 04:30:10,-0.03
2026-07-30 04:31:08,0.26
2026-07-30 04:32:30,-0.06
2026-07-30 04:33:19,-0.12
2026-07-30 04:33:51,0.20
2026-07-30 04:34:48,-0.03
2026-07-30 04:36:10,0.23
2026-07-30 04:37:22,0.21
2026-07-30 04:37:48,-0.04
2026-07-30 04:38:54,0.20
2026-07-30 04:39:24,-0.02
2026-07-30 04:40:34,0.38
2026-07-30 04:40:53,-0.12
2026-07-30 04:41:47,-0.21
2026-07-30 04:42:18,0.25
2026-07-30 04:43:17,-0.10
2026-07-30 04:43:21,0.20
2026-07-30 04:45:27,-0.03
2026-07-30 04:45:32,0.23
2026-07-30 04:46:32,-0.17
2026-07-30 04:47:24,0.17
2026-07-30 04:48:08,-0.20
2026-07-30 04:48:54,0.27
2026-07-30 04:49:56,-0.06
2026-07-30 04:50:22,0.20
2026-07-30 04:51:18,0.18
2026-07-30 04:52:11,-0.06
2026-07-30 04:53:10,0.20
2026-07-30 04:53:15,-0.04
2026-07-30 04:55:08,0.25
2026-07-30 04:55:21,-0.02
2026-07-30 04:56:50,0.21
2026-07-30 04:57:17,-0.08
2026-07-30 04:58:20,0.16
2026-07-30 04:59:09,-0.05
2026-07-30 04:59:36,0.18
2026-07-30 05:00:25,-0.06
2026-07-30 05:02:01,0.13
2026-07-30 05:02:14,-0.07
2026-07-30 05:03:56,-0.04
2026-07-30 05:04:24,0.13
2026-07-30 05:05:27,-0.03
2026-07-30 05:05:39,0.12
2026-07-30 05:06:39,0.19
2026-07-30 05:07:06,-0.07
2026-07-30 05:08:44,0.12
2026-07-30 05:08:49,-0.06
2026-07-30 05:09:48,0.16
2026-07-30 05:10:28,-0.06
2026-07-30 05:11:49,0.13
2026-07-30 05:12:16,-0.04
2026-07-30 05:13:28,0.11
2026-07-30 05:13:36,-0.08
2026-07-30 05:15:43,0.14
2026-07-30 05:15:47,-0.09
2026-07-30 05:16:17,0.12
2026-07-30 05:16:27,-0.07
2026-07-30 05:17:49,-0.11
2026-07-30 05:18:02,0.08
2026-07-30 05:20:20,0.11
2026-07-30 05:20:47,-0.06
2026-07-30 05:21:42,0.17
2026-07-30 05:22:13,-0.16
2026-07-30 05:22:58,-0.05
2026-07-30 05:24:05,0.09
2026-07-30 05:24:31,-0.04
2026-07-30 05:25:00,0.08
2026-07-30 05:26:29,0.10
2026-07-30 05:26:51,-0.04
2026-07-30 05:28:54,0.07
2026-07-30 05:29:11,-0.06
2026-07-30 05:30:14,0.07
2026-07-30 05:30:40,-0.08
2026-07-30 05:30:54,-0.04
2026-07-30 05:31:12,0.09
2026-07-30 05:32:33,-0.04
2026-07-30 05:32:47,0.11
2026-07-30 05:34:34,0.07
2026-07-30 05:35:11,-0.06
2026-07-30 05:37:08,0.07
2026-07-30 05:37:12,-0.07
2026-07-30 05:38:28,0.07
2026-07-30 05:38:50,-0.09
2026-07-30 05:39:18,-0.06
2026-07-30 05:39:39,0.11
2026-07-30 05:41:15,0.13
2026-07-30 05:41:28,-0.02
2026-07-30 05:42:35,-0.11
2026-07-30 05:43:49,0.12
2026-07-30 05:44:55,-0.10
2026-07-30 05:45:35,0.10
2026-07-30 05:46:38,-0.09
2026-07-30 05:47:00,0.06
2026-07-30 05:48:49,0.09
2026-07-30 05:48:58,-0.11
2026-07-30 05:49:38,0.03
2026-07-30 05:50:22,-0.09
2026-07-30 05:51:29,0.07
2026-07-30 05:51:35,-0.11
2026-07-30 05:52:52,0.05
2026-07-30 05:53:26,-0.09
2026-07-30 05:54:02,-0.07
2026-07-30 05:55:28,0.08
2026-07-30 05:56:08,0.09
2026-07-30 05:56:49,-0.10
2026-07-30 05:57:47,-0.12
2026-07-30 05:57:52,0.04
2026-07-30 05:59:18,-0.09
2026-07-30 06:00:26,0.03
2026-07-30 06:01:46,0.01
2026-07-30 06:01:50,-0.14
2026-07-30 06:02:21,-0.11
2026-07-30 06:03:02,0.05
2026-07-30 06:03:56,0.01
2026-07-30 06:04:05,-0.11
2026-07-30 06:07:05,-0.12
2026-07-30 06:07:09,0.02
2026-07-30 06:08:21,0.04
2026-07-30 06:08:44,-0.14
2026-07-30 06:10:27,0.00
2026-07-30 06:10:54,-0.17
2026-07-30 06:11:48,0.05
2026-07-30 06:13:08,0.10
2026-07-30 06:13:13,-0.12
2026-07-30 06:14:43,0.03
2026-07-30 06:15:42,-0.15
2026-07-30 06:16:35,0.05
2026-07-30 06:17:20,0.02
2026-07-30 06:18:33,-0.11
2026-07-30 06:20:07,0.10
2026-07-30 06:21:09,-0.14
2026-07-30 06:21:27,0.01
2026-07-30 06:22:35,0.04
2026-07-30 06:23:38,-0.14
2026-07-30 06:24:09,0.03
2026-07-30 06:24:22,-0.14
2026-07-30 06:25:38,-0.13
2026-07-30 06:25:58,0.00
2026-07-30 06:27:22,0.04
2026-07-30 06:27:45,-0.16
2026-07-30 06:28:39,0.08
2026-07-30 06:28:52,-0.16
2026-07-30 06:30:49,0.01
2026-07-30 06:31:34,-0.14
2026-07-30 06:32:01,-0.01
2026-07-30 06:32:10,-0.17
2026-07-30 06:33:40,-0.22
2026-07-30 06:35:09,0.02
2026-07-30 06:35:45,-0.22
2026-07-30 06:36:03,0.02
2026-07-30 06:36:57,0.00
2026-07-30 06:37:18,-0.13
2026-07-30 06:37:24,-0.11
2026-07-30 06:37:56,-0.17
2026-07-30 06:38:23,0.09
2026-07-30 06:38:55,-0.01
2026-07-30 06:39:48,-0.19
2026-07-30 06:41:14,-0.31
2026-07-30 06:41:41,-0.02
2026-07-30 06:41:59,-0.23
2026-07-30 06:43:02,0.01
2026-07-30 06:43:42,0.03
2026-07-30 06:45:02,-0.24
2026-07-30 06:45:25,-0.16
2026-07-30 06:45:39,0.03
2026-07-30 06:47:26,-0.18
2026-07-30 06:47:58,-0.01
2026-07-30 06:49:10,-0.05
2026-07-30 06:49:50,-0.17
2026-07-30 06:50:13,-0.03
2026-07-30 06:51:02,-0.25
2026-07-30 06:53:04,-0.22
2026-07-30 06:53:13,0.04
2026-07-30 06:53:40,-0.18
2026-07-30 06:54:33,0.01
2026-07-30 06:55:24,-0.26
2026-07-30 06:55:37,0.01
2026-07-30 06:56:44,-0.02
2026-07-30 06:57:51,-0.22
2026-07-30 06:59:04,-0.02
2026-07-30 06:59:39,-0.23
2026-07-30 07:00:43,0.07
2026-07-30 07:01:37,-0.22
2026-07-30 07:02:21,-0.21
2026-07-30 07:02:52,0.06
2026-07-30 07:03:38,-0.18
2026-07-30 07:04:50,0.03
2026-07-30 07:05:12,-0.03
2026-07-30 07:05:38,-0.28
2026-07-30 07:07:45,-0.20
2026-07-30 07:08:07,0.00
2026-07-30 07:09:32,-0.22
2026-07-30 07:10:17,-0.03
2026-07-30 07:10:40,-0.24
2026-07-30 07:11:57,-0.20
2026-07-30 07:12:42,0.00
2026-07-30 07:14:02,-0.24
2026-07-30 07:14:11,-0.02
2026-07-30 07:14:56,-0.19
2026-07-30 07:16:26,0.10
2026-07-30 07:16:45,-0.04
2026-07-30 07:16:49,-0.22
2026-07-30 07:18:22,0.01
2026-07-30 07:19:03,-0.21
2026-07-30 07:19:52,-0.22
2026-07-30 07:20:42,-0.03
2026-07-30 07:21:58,-0.23
2026-07-30 07:22:02,-0.03
2026-07-30 07:23:09,-0.26
2026-07-30 07:23:28,-0.06
2026-07-30 07:24:59,-0.22
2026-07-30 07:26:05,-0.08
2026-07-30 07:27:22,-0.04
2026-07-30 07:27:26,-0.24
2026-07-30 07:28:47,-0.04
2026-07-30 07:29:27,-0.20
2026-07-30 07:29:46,-0.11
2026-07-30 07:31:12,-0.23
2026-07-30 07:32:27,-0.21
2026-07-30 07:32:59,-0.02
2026-07-30 07:33:03,-0.10
2026-07-30 07:34:36,-0.24
2026-07-30 07:34:52,-0.06
2026-07-30 07:35:32,-0.23
2026-07-30 07:37:14,-0.05
2026-07-30 07:37:54,-0.29
2026-07-30 07:38:32,-0.04
2026-07-30 07:38:40,-0.30
2026-07-30 07:40:14,-0.08
2026-07-30 07:40:47,-0.28
2026-07-30 07:41:21,-0.07
2026-07-30 07:41:35,-0.25
2026-07-30 07:44:07,-0.04
2026-07-30 07:44:22,-0.30
2026-07-30 07:44:54,-0.27
2026-07-30 07:45:28,-0.03
2026-07-30 07:46:19,-0.09
2026-07-30 07:47:48,-0.24
2026-07-30 07:48:47,-0.21
2026-07-30 07:49:01,0.02
2026-07-30 07:50:17,-0.24
2026-07-30 07:50:57,0.03
2026-07-30 07:51:41,-0.05
2026-07-30 07:52:05,-0.34
2026-07-30 07:53:12,-0.32
2026-07-30 07:53:41,0.29
2026-07-30 07:55:04,-0.38
2026-07-30 07:55:22,0.10
2026-07-30 07:56:07,0.11
2026-07-30 07:56:25,-0.32
2026-07-30 07:59:02,-0.28
2026-07-30 07:59:15,-0.08
2026-07-30 08:00:05,0.01
2026-07-30 08:00:50,-0.26
2026-07-30 08:01:12,-0.10
2026-07-30 08:02:38,-0.32
2026-07-30 08:02:42,-0.04
2026-07-30 08:03:01,-0.25
2026-07-30 08:04:22,-0.32
2026-07-30 08:04:26,-0.03
2026-07-30 08:06:05,-0.25
2026-07-30 08:06:55,-0.04
2026-07-30 08:07:57,-0.07
2026-07-30 08:08:06,-0.28
2026-07-30 08:10:30,0.01
2026-07-30 08:10:35,-0.21
2026-07-30 08:11:56,0.48
2026-07-30 08:12:27,-0.34
2026-07-30 08:13:02,-0.04
2026-07-30 08:13:49,-0.33
2026-07-30 08:14:42,-0.26
2026-07-30 08:15:31,-0.03
2026-07-30 08:16:37,-0.06
2026-07-30 08:17:05,-0.26
2026-07-30 08:18:40,-0.07
2026-07-30 08:18:49,-0.29
2026-07-30 08:19:47,0.08
2026-07-30 08:20:26,-0.25
2026-07-30 08:21:26,-0.06
2026-07-30 08:22:11,-0.25
2026-07-30 08:23:27,-0.26
2026-07-30 08:23:54,-0.01
2026-07-30 08:25:10,-0.10
2026-07-30 08:25:47,-0.27
2026-07-30 08:26:00,-0.29
2026-07-30 08:26:14,-0.04
2026-07-30 08:28:16,-0.06
2026-07-30 08:29:00,-0.28
2026-07-30 08:29:31,-0.04
2026-07-30 08:29:41,-0.26
2026-07-30 08:31:41,-0.30
2026-07-30 08:32:09,-0.07
2026-07-30 08:32:36,-0.04
2026-07-30 08:33:03,-0.26
2026-07-30 08:34:14,-0.09
2026-07-30 08:35:35,-0.31
2026-07-30 08:36:30,-0.07
2026-07-30 08:36:34,-0.27
2026-07-30 08:38:35,0.02
2026-07-30 08:38:44,-0.36
2026-07-30 08:39:20,-0.24
2026-07-30 08:39:31,-0.10
2026-07-30 08:41:26,-0.32
2026-07-30 08:41:39,-0.07
2026-07-30 08:42:42,-0.05
2026-07-30 08:43:32,-0.25
2026-07-30 08:44:30,-0.30
2026-07-30 08:45:25,-0.01
2026-07-30 08:45:51,-0.27
2026-07-30 08:46:45,-0.03
2026-07-30 08:48:24,-0.32
2026-07-30 08:49:09,-0.01
2026-07-30 08:49:26,-0.23
2026-07-30 08:50:46,-0.02
2026-07-30 08:51:24,-0.29
2026-07-30 08:53:12,0.08
2026-07-30 08:53:39,-0.32
2026-07-30 08:54:36,0.02
2026-07-30 08:55:26,-0.27
2026-07-30 08:55:35,0.06
2026-07-30 08:56:56,-0.30
2026-07-30 08:57:10,-0.35
2026-07-30 08:57:46,-0.09
2026-07-30 08:59:46,-0.29
2026-07-30 09:00:26,-0.07
2026-07-30 09:00:40,-0.26
2026-07-30 09:01:03,0.04
2026-07-30 09:02:14,-0.29
2026-07-30 09:02:52,0.01
2026-07-30 09:04:29,-0.31
2026-07-30 09:05:06,-0.05
2026-07-30 09:05:28,-0.30
2026-07-30 09:06:04,-0.07
2026-07-30 09:07:16,-0.32
2026-07-30 09:07:34,-0.09
2026-07-30 09:09:08,-0.37
2026-07-30 09:10:16,-0.04
2026-07-30 09:10:53,0.12
2026-07-30 09:11:46,-0.27
2026-07-30 09:12:58,-0.31
2026-07-30 09:13:20,0.15
2026-07-30 09:13:42,-0.02
2026-07-30 09:14:10,-0.39
2026-07-30 09:15:44,-0.33
2026-07-30 09:16:11,0.09
2026-07-30 09:17:09,0.12
2026-07-30 09:18:21,-0.21
2026-07-30 09:19:33,0.16
2026-07-30 09:20:04,-0.27
2026-07-30 09:20:58,-0.28
2026-07-30 09:21:48,0.06
2026-07-30 09:22:42,0.05
2026-07-30 09:22:51,-0.28
2026-07-30 09:23:35,0.02
2026-07-30 09:24:16,-0.37
2026-07-30 09:25:33,-0.31
2026-07-30 09:26:27,0.47
2026-07-30 09:26:54,0.09
2026-07-30 09:28:18,-0.24
2026-07-30 09:28:46,-0.28
2026-07-30 09:29:27,-0.06
2026-07-30 09:30:16,-0.31
2026-07-30 09:30:25,0.02
2026-07-30 09:31:54,-0.30
2026-07-30 09:33:00,-0.11
2026-07-30 09:34:28,0.38
2026-07-30 09:34:32,-0.44
2026-07-30 09:35:25,-0.35
2026-07-30 09:36:23,0.09
2026-07-30 09:37:41,-0.30
2026-07-30 09:37:49,0.10
2026-07-30 09:39:19,0.12
2026-07-30 09:39:46,-0.33
2026-07-30 09:40:08,-0.40
2026-07-30 09:41:34,-0.10
2026-07-30 09:42:19,-0.22
2026-07-30 09:43:03,0.20
2026-07-30 09:43:57,0.07
2026-07-30 09:44:39,-0.24
2026-07-30 09:45:28,0.14
2026-07-30 09:46:30,-0.30
2026-07-30 09:46:44,-0.35
2026-07-30 09:48:09,0.10
2026-07-30 09:48:36,0.30
2026-07-30 09:49:52,-0.59
2026-07-30 09:50:15,0.12
2026-07-30 09:51:04,-0.17
2026-07-30 09:52:57,0.15
2026-07-30 09:54:17,-0.20
2026-07-30 09:54:22,0.20
2026-07-30 09:56:01,0.43
2026-07-30 09:56:15,-0.27
2026-07-30 09:56:33,-0.23
2026-07-30 09:56:42,0.15
2026-07-30 09:59:18,0.26
2026-07-30 09:59:23,-0.24
2026-07-30 10:00:35,-0.32
2026-07-30 10:01:29,0.16
2026-07-30 10:02:54,0.34
2026-07-30 10:03:04,-0.23
2026-07-30 10:03:12,0.15
2026-07-30 10:04:47,-0.15
2026-07-30 10:05:31,0.14
2026-07-30 10:06:16,-0.22
2026-07-30 10:06:43,0.04
2026-07-30 10:08:00,-0.32
2026-07-30 10:08:41,-0.24
2026-07-30 10:09:30,0.32
2026-07-30 10:10:14,0.14
2026-07-30 10:10:32,-0.23
2026-07-30 10:11:57,0.07
2026-07-30 10:12:44,-0.32
2026-07-30 10:13:18,-0.40
2026-07-30 10:13:45,0.22
2026-07-30 10:14:44,0.19
2026-07-30 10:15:11,-0.20
2026-07-30 10:16:41,0.17
2026-07-30 10:16:50,-0.44
2026-07-30 10:18:15,0.14
2026-07-30 10:18:57,-0.21
2026-07-30 10:19:58,-0.30
2026-07-30 10:20:34,0.11
2026-07-30 10:22:12,0.22
2026-07-30 10:22:45,-0.32
2026-07-30 10:24:19,0.27
2026-07-30 10:25:39,-0.20
2026-07-30 10:26:06,0.23
2026-07-30 10:26:28,0.46
2026-07-30 10:27:51,-0.23
2026-07-30 10:28:22,0.30
2026-07-30 10:28:45,-0.24
2026-07-30 10:29:46,0.33
2026-07-30 10:31:08,-0.56
2026-07-30 10:31:12,-0.27
2026-07-30 10:32:25,0.38
2026-07-30 10:33:19,0.19
2026-07-30 10:34:22,-0.17
2026-07-30 10:35:06,0.39
2026-07-30 10:35:51,-0.32
2026-07-30 10:36:23,-0.20
2026-07-30 10:36:59,0.02
2026-07-30 10:38:33,-0.19
2026-07-30 10:38:38,0.07
2026-07-30 10:40:13,-0.22
2026-07-30 10:40:53,0.25
2026-07-30 10:41:33,-0.14
2026-07-30 10:42:27,0.11
2026-07-30 10:42:53,0.22
2026-07-30 10:43:40,-0.35
2026-07-30 10:44:54,0.21
2026-07-30 10:45:50,-0.31
2026-07-30 10:47:14,0.14
2026-07-30 10:47:23,-0.20
2026-07-30 10:48:08,0.06
2026-07-30 10:49:01,-0.23
2026-07-30 10:49:47,-0.09
2026-07-30 10:49:57,0.33
2026-07-30 10:51:18,0.31
2026-07-30 10:52:24,-0.29
2026-07-30 10:53:20,-0.23
2026-07-30 10:54:04,0.36
2026-07-30 10:54:30,0.43
2026-07-30 10:55:55,-0.23
2026-07-30 10:56:35,0.33
2026-07-30 10:56:41,-0.43
2026-07-30 10:58:24,0.62
2026-07-30 10:59:00,-0.23
2026-07-30 10:59:32,0.59
2026-07-30 10:59:54,-0.23
2026-07-30 11:01:15,-0.19
2026-07-30 11:02:18,0.40
2026-07-30 11:02:35,0.28
2026-07-30 11:03:15,-0.29
2026-07-30 11:04:23,-0.46
2026-07-30 11:05:41,0.26
2026-07-30 11:06:25,-0.22
2026-07-30 11:07:22,0.24
2026-07-30 11:07:31,0.36
2026-07-30 11:08:12,-0.10
2026-07-30 11:09:20,-0.21
2026-07-30 11:10:32,0.17
2026-07-30 11:11:49,-0.30
2026-07-30 11:11:57,0.31
2026-07-30 11:12:51,0.29
2026-07-30 11:13:49,-0.03
2026-07-30 11:14:39,0.27
2026-07-30 11:15:09,-0.20
2026-07-30 11:16:27,-0.22
2026-07-30 11:17:11,0.13
2026-07-30 11:18:10,-0.19
2026-07-30 11:18:55,0.14
2026-07-30 11:19:03,-0.23
2026-07-30 11:19:16,0.04
2026-07-30 11:21:33,0.12
2026-07-30 11:22:13,-0.31
2026-07-30 11:22:22,-0.09
2026-07-30 11:23:06,0.32
2026-07-30 11:24:15,0.09
2026-07-30 11:24:28,-0.21
2026-07-30 11:25:40,0.15
2026-07-30 11:25:53,-0.25
2026-07-30 11:27:42,0.13
2026-07-30 11:28:49,-0.27
2026-07-30 11:29:07,-0.24
2026-07-30 11:30:13,0.07
2026-07-30 11:31:04,-0.16
2026-07-30 11:31:24,0.24
2026-07-30 11:32:15,0.02
2026-07-30 11:33:44,-0.19
2026-07-30 11:34:07,0.04
2026-07-30 11:34:16,-0.22
2026-07-30 11:35:56,-0.23
2026-07-30 11:36:18,0.07
2026-07-30 11:37:51,-0.22
2026-07-30 11:38:14,0.20
2026-07-30 11:39:09,0.17
2026-07-30 11:40:03,-0.18
2026-07-30 11:41:24,0.02
2026-07-30 11:42:04,0.42
2026-07-30 11:42:12,0.43
2026-07-30 11:43:24,-0.04
2026-07-30 11:44:15,0.29
2026-07-30 11:45:04,-0.29
2026-07-30 11:45:57,-0.27
2026-07-30 11:46:11,0.17
2026-07-30 11:47:46,-0.11
2026-07-30 11:48:22,0.22
2026-07-30 11:49:51,0.17
2026-07-30 11:50:09,-0.13
2026-07-30 11:50:54,0.22
2026-07-30 11:51:58,-0.19
2026-07-30 11:52:11,0.32
2026-07-30 11:52:59,-0.22
2026-07-30 11:54:39,0.35
2026-07-30 11:55:19,-0.11
2026-07-30 11:55:24,0.29
2026-07-30 11:56:22,-0.13
2026-07-30 11:57:57,0.12
2026-07-30 11:58:38,-0.17
2026-07-30 12:00:12,0.10
2026-07-30 12:01:27,0.17
2026-07-30 12:01:50,-0.26
2026-07-30 12:01:57,-0.19
2026-07-30 12:03:15,0.57
2026-07-30 12:03:39,0.42
2026-07-30 12:04:27,-0.33
2026-07-30 12:05:26,-0.10
2026-07-30 12:06:52,0.13
2026-07-30 12:07:41,0.15
2026-07-30 12:08:07,-0.14
2026-07-30 12:08:57,0.63
2026-07-30 12:09:23,-0.14
2026-07-30 12:10:19,0.19
2026-07-30 12:11:44,-0.10
2026-07-30 12:12:14,0.18
2026-07-30 12:12:54,-0.24
2026-07-30 12:13:36,-0.16
2026-07-30 12:13:50,0.30
2026-07-30 12:15:14,0.13
2026-07-30 12:15:37,-0.21
2026-07-30 12:17:14,0.10
2026-07-30 12:17:47,-0.18
2026-07-30 12:19:17,-0.23
2026-07-30 12:19:44,0.13
2026-07-30 12:20:24,-0.07
2026-07-30 12:21:28,0.18
2026-07-30 12:22:53,-0.14
2026-07-30 12:22:57,0.16
2026-07-30 12:23:28,-0.12
2026-07-30 12:24:31,0.14
2026-07-30 12:25:16,-0.19
2026-07-30 12:25:21,0.16
2026-07-30 12:26:47,-0.16
2026-07-30 12:27:45,0.14
2026-07-30 12:28:47,0.26
2026-07-30 12:29:06,-0.17
2026-07-30 12:31:02,0.08
2026-07-30 12:31:07,-0.09
2026-07-30 12:32:09,-0.11
2026-07-30 12:32:15,0.10
2026-07-30 12:33:22,-0.14
2026-07-30 12:34:55,0.09
2026-07-30 12:35:55,-0.07
2026-07-30 12:35:59,0.11
2026-07-30 12:37:34,-0.12
2026-07-30 12:38:14,0.10
2026-07-30 12:38:18,-0.10
2026-07-30 12:39:49,0.13
2026-07-30 12:40:15,0.12
2026-07-30 12:40:24,-0.08
2026-07-30 12:42:16,0.09
2026-07-30 12:42:35,-0.10
2026-07-30 12:43:20,0.12
2026-07-30 12:44:27,-0.07
2026-07-30 12:44:54,0.18
2026-07-30 12:46:28,-0.09
2026-07-30 12:47:54,0.18
2026-07-30 12:47:58,-0.11
2026-07-30 12:49:19,-0.10
2026-07-30 12:49:33,0.15
2026-07-30 12:50:17,-0.06
2026-07-30 12:50:39,0.14
2026-07-30 12:51:43,-0.06
2026-07-30 12:52:55,0.14
2026-07-30 12:53:13,0.12
2026-07-30 12:54:29,-0.06
2026-07-30 12:55:04,-0.05
2026-07-30 12:55:09,0.16
2026-07-30 12:56:48,-0.06
2026-07-30 12:57:47,0.20
2026-07-30 12:58:36,-0.01
2026-07-30 12:58:53,0.22
2026-07-30 12:59:57,0.23
2026-07-30 13:00:42,-0.02
2026-07-30 13:02:11,-0.13
2026-07-30 13:02:24,0.15
2026-07-30 13:03:46,-0.02
2026-07-30 13:04:04,0.18
2026-07-30 13:05:07,-0.03
2026-07-30 13:06:01,0.18
2026-07-30 13:06:37,-0.02
2026-07-30 13:07:40,0.26
2026-07-30 13:08:43,-0.11
2026-07-30 13:09:05,0.22
2026-07-30 13:09:45,0.18
2026-07-30 13:10:41,-0.03
2026-07-30 13:12:40,0.00
2026-07-30 13:12:45,0.16
2026-07-30 13:13:52,-0.07
2026-07-30 13:13:57,0.20
2026-07-30 13:14:38,0.23
2026-07-30 13:15:31,-0.03
2026-07-30 13:16:21,0.19
2026-07-30 13:16:48,-0.02
2026-07-30 13:18:37,0.01
2026-07-30 13:18:41,0.22
2026-07-30 13:20:14,0.23
2026-07-30 13:20:42,0.01
2026-07-30 13:21:18,0.26
2026-07-30 13:21:49,-0.04
2026-07-30 13:22:48,0.03
2026-07-30 13:23:19,0.19
2026-07-30 13:25:02,0.34
2026-07-30 13:25:16,-0.07
2026-07-30 13:26:32,0.27
2026-07-30 13:26:42,0.05
2026-07-30 13:27:58,0.02
2026-07-30 13:29:00,0.23
2026-07-30 13:29:27,0.24
2026-07-30 13:30:45,0.00
2026-07-30 13:32:09,0.23
2026-07-30 13:32:50,0.26
2026-07-30 13:32:54,0.00
2026-07-30 13:34:38,0.04
2026-07-30 13:34:42,0.28
2026-07-30 13:36:30,0.08
2026-07-30 13:36:57,0.25
2026-07-30 13:38:09,0.04
2026-07-30 13:38:19,0.30
2026-07-30 13:40:37,0.23
2026-07-30 13:40:50,0.02
2026-07-30 13:41:00,0.33
2026-07-30 13:41:31,0.02
2026-07-30 13:42:47,0.29
2026-07-30 13:43:32,0.01
2026-07-30 13:44:21,0.00
2026-07-30 13:44:53,0.22
2026-07-30 13:46:14,0.26
2026-07-30 13:47:21,0.04
2026-07-30 13:47:57,0.22
2026-07-30 13:48:24,-0.04
2026-07-30 13:49:41,0.26
2026-07-30 13:50:04,0.05
2026-07-30 13:50:21,0.17
2026-07-30 13:50:24,0.12
