obsTime,Signal drop
2026-07-21 08:52:18,-0.06
2026-07-21 08:52:21,-0.03
2026-07-21 08:52:26,0.00
2026-07-21 08:52:30,-0.05
2026-07-21 08:53:34,0.04
2026-07-21 08:54:24,-0.07
2026-07-21 08:55:49,-0.11
2026-07-21 08:56:22,0.06
2026-07-21 08:57:25,0.10
2026-07-21 08:58:02,-0.12
2026-07-21 08:58:10,-0.05
2026-07-21 08:59:27,0.10
2026-07-21 08:59:55,-0.08
2026-07-21 09:00:08,0.11
2026-07-21 09:01:25,0.16
2026-07-21 09:01:43,-0.07
2026-07-21 09:03:00,-0.03
2026-07-21 09:03:09,0.09
2026-07-21 09:04:54,-0.05
2026-07-21 09:05:07,0.08
2026-07-21 09:06:52,0.11
2026-07-21 09:07:45,-0.08
2026-07-21 09:08:04,0.08
2026-07-21 09:08:18,-0.03
2026-07-21 09:10:51,0.11
2026-07-21 09:11:01,-0.07
2026-07-21 09:11:23,0.09
2026-07-21 09:11:27,-0.03
2026-07-21 09:12:54,-0.12
2026-07-21 09:13:35,0.10
2026-07-21 09:14:39,0.18
2026-07-21 09:14:43,-0.07
2026-07-21 09:16:41,-0.04
2026-07-21 09:17:31,0.09
2026-07-21 09:18:16,0.13
2026-07-21 09:18:21,0.00
2026-07-21 09:20:10,-0.07
2026-07-21 09:20:42,0.15
2026-07-21 09:21:31,-0.04
2026-07-21 09:21:49,0.16
2026-07-21 09:23:06,-0.03
2026-07-21 09:24:05,0.11
2026-07-21 09:24:41,0.08
2026-07-21 09:26:03,-0.05
2026-07-21 09:27:01,-0.03
2026-07-21 09:27:39,0.12
2026-07-21 09:28:46,0.11
2026-07-21 09:28:51,-0.04
2026-07-21 09:29:55,0.07
2026-07-21 09:30:39,-0.01
2026-07-21 09:31:34,0.11
2026-07-21 09:31:43,0.00
2026-07-21 09:32:47,0.01
2026-07-21 09:32:51,0.12
2026-07-21 09:34:21,-0.02
2026-07-21 09:34:48,0.11
2026-07-21 09:37:13,0.23
2026-07-21 09:37:19,-0.02
2026-07-21 09:37:50,-0.07
2026-07-21 09:37:54,0.11
2026-07-21 09:39:40,-0.02
2026-07-21 09:40:37,0.09
2026-07-21 09:42:03,-0.02
2026-07-21 09:42:22,0.11
2026-07-21 09:43:08,-0.04
2026-07-21 09:43:12,0.15
2026-07-21 09:44:16,0.18
2026-07-21 09:44:57,-0.02
2026-07-21 09:45:55,0.12
2026-07-21 09:47:17,-0.01
2026-07-21 09:47:45,0.10
2026-07-21 09:47:53,0.00
2026-07-21 09:50:13,-0.02
2026-07-21 09:50:41,0.12
2026-07-21 09:51:14,0.13
2026-07-21 09:51:18,-0.21
2026-07-21 09:53:33,0.28
2026-07-21 09:53:46,-0.02
2026-07-21 09:54:28,-0.03
2026-07-21 09:54:42,0.17
2026-07-21 09:56:16,-0.02
2026-07-21 09:57:05,0.21
2026-07-21 09:57:29,0.14
2026-07-21 09:58:51,-0.01
2026-07-21 09:59:53,0.25
2026-07-21 10:00:17,-0.09
2026-07-21 10:00:53,0.22
2026-07-21 10:01:38,0.00
2026-07-21 10:02:33,0.08
2026-07-21 10:02:50,-0.07
2026-07-21 10:04:43,0.18
2026-07-21 10:04:48,-0.04
2026-07-21 10:06:10,-0.02
2026-07-21 10:07:09,0.16
2026-07-21 10:07:31,0.12
2026-07-21 10:08:52,-0.05
2026-07-21 10:09:15,-0.06
2026-07-21 10:09:47,0.10
2026-07-21 10:11:04,0.09
2026-07-21 10:11:19,-0.02
2026-07-21 10:13:11,0.11
2026-07-21 10:13:39,-0.04
2026-07-21 10:14:28,0.21
2026-07-21 10:15:28,-0.04
2026-07-21 10:15:41,0.14
2026-07-21 10:15:45,-0.02
2026-07-21 10:18:16,-0.05
2026-07-21 10:18:42,0.18
2026-07-21 10:19:54,-0.02
2026-07-21 10:20:26,0.21
2026-07-21 10:20:48,0.22
2026-07-21 10:21:25,-0.09
2026-07-21 10:23:06,-0.02
2026-07-21 10:23:14,0.14
2026-07-21 10:24:13,0.19
2026-07-21 10:24:21,-0.01
2026-07-21 10:26:47,0.16
2026-07-21 10:27:01,-0.03
2026-07-21 10:28:00,0.13
2026-07-21 10:28:09,-0.02
2026-07-21 10:29:30,0.01
2026-07-21 10:29:39,0.15
2026-07-21 10:30:33,0.03
2026-07-21 10:31:05,0.18
2026-07-21 10:32:39,0.36
2026-07-21 10:33:08,0.00
2026-07-21 10:33:49,0.01
2026-07-21 10:35:01,0.15
2026-07-21 10:36:04,-0.09
2026-07-21 10:36:27,0.25
2026-07-21 10:38:02,0.38
2026-07-21 10:38:39,0.00
2026-07-21 10:38:43,-0.02
2026-07-21 10:39:37,0.15
2026-07-21 10:41:40,0.13
2026-07-21 10:41:50,0.01
2026-07-21 10:42:57,0.29
2026-07-21 10:43:32,-0.08
2026-07-21 10:43:46,-0.06
2026-07-21 10:43:52,0.41
2026-07-21 10:46:03,0.28
2026-07-21 10:46:21,0.03
2026-07-21 10:47:06,0.26
2026-07-21 10:48:15,-0.03
2026-07-21 10:48:41,0.29
2026-07-21 10:48:47,-0.02
2026-07-21 10:50:22,0.02
2026-07-21 10:51:24,0.21
2026-07-21 10:52:42,-0.06
2026-07-21 10:53:18,0.21
2026-07-21 10:54:39,0.01
2026-07-21 10:55:43,-0.02
2026-07-21 10:56:46,0.17
2026-07-21 10:57:36,-0.05
2026-07-21 10:58:12,0.36
2026-07-21 10:58:35,0.02
2026-07-21 10:59:47,0.37
2026-07-21 11:00:15,0.31
2026-07-21 11:00:38,-0.05
2026-07-21 11:02:22,0.04
2026-07-21 11:02:58,0.25
2026-07-21 11:04:29,-0.03
2026-07-21 11:04:43,0.32
2026-07-21 11:05:18,-0.03
2026-07-21 11:06:04,0.21
2026-07-21 11:06:45,0.05
2026-07-21 11:07:07,0.29
2026-07-21 11:08:33,0.05
2026-07-21 11:09:46,0.40
2026-07-21 11:10:59,-0.04
2026-07-21 11:11:40,0.31
2026-07-21 11:11:44,-0.18
2026-07-21 11:12:07,0.38
2026-07-21 11:13:32,0.05
2026-07-21 11:14:23,0.15
2026-07-21 11:15:17,0.28
2026-07-21 11:16:03,-0.03
2026-07-21 11:17:19,0.35
2026-07-21 11:17:24,-0.03
2026-07-21 11:18:18,0.27
2026-07-21 11:19:36,0.02
2026-07-21 11:20:30,0.07
2026-07-21 11:20:40,0.19
2026-07-21 11:21:55,0.00
2026-07-21 11:24:39,0.27
2026-07-21 11:24:43,-0.01
2026-07-21 11:25:34,0.31
2026-07-21 11:26:28,-0.20
2026-07-21 11:26:37,0.16
2026-07-21 11:26:46,-0.03
2026-07-21 11:28:26,0.18
2026-07-21 11:28:58,-0.03
2026-07-21 11:30:14,0.02
2026-07-21 11:30:20,0.13
2026-07-21 11:31:46,0.16
2026-07-21 11:32:27,0.05
2026-07-21 11:33:25,0.01
2026-07-21 11:33:38,0.20
2026-07-21 11:35:23,0.05
2026-07-21 11:35:28,0.17
2026-07-21 11:37:03,0.07
2026-07-21 11:37:47,0.15
2026-07-21 11:38:20,0.13
2026-07-21 11:38:29,0.06
2026-07-21 11:39:55,0.01
2026-07-21 11:39:59,0.20
2026-07-21 11:42:01,0.19
2026-07-21 11:42:34,-0.04
2026-07-21 11:43:23,0.25
2026-07-21 11:44:14,0.06
2026-07-21 11:45:03,0.03
2026-07-21 11:46:02,0.18
2026-07-21 11:46:48,0.17
2026-07-21 11:47:19,0.02
2026-07-21 11:48:00,0.06
2026-07-21 11:48:04,0.15
2026-07-21 11:50:44,0.17
2026-07-21 11:50:52,0.04
2026-07-21 11:51:52,0.21
2026-07-21 11:52:46,0.02
2026-07-21 11:53:13,0.23
2026-07-21 11:53:17,-0.07
2026-07-21 11:54:40,0.20
2026-07-21 11:54:53,0.06
2026-07-21 11:57:17,0.21
2026-07-21 11:57:22,0.06
2026-07-21 11:58:35,0.04
2026-07-21 11:59:30,0.25
2026-07-21 12:00:14,0.22
2026-07-21 12:00:32,-0.03
2026-07-21 12:02:26,-0.01
2026-07-21 12:02:31,0.21
2026-07-21 12:03:06,0.14
2026-07-21 12:04:19,0.39
2026-07-21 12:04:37,0.25
2026-07-21 12:05:23,0.48
2026-07-21 12:06:27,0.43
2026-07-21 12:06:35,0.12
2026-07-21 12:07:48,0.07
2026-07-21 12:09:23,0.26
2026-07-21 12:09:28,0.09
2026-07-21 12:10:09,0.44
2026-07-21 12:11:39,0.09
2026-07-21 12:12:19,0.44
2026-07-21 12:13:10,0.32
2026-07-21 12:13:59,0.06
2026-07-21 12:15:07,-0.03
2026-07-21 12:15:26,0.18
2026-07-21 12:16:07,-0.01
2026-07-21 12:16:57,0.42
2026-07-21 12:18:00,0.30
2026-07-21 12:18:45,-0.01
2026-07-21 12:19:30,0.31
2026-07-21 12:20:34,0.05
2026-07-21 12:21:02,0.14
2026-07-21 12:21:47,0.29
2026-07-21 12:22:45,0.31
2026-07-21 12:22:58,0.14
2026-07-21 12:24:19,0.30
2026-07-21 12:25:29,0.07
2026-07-21 12:26:32,0.36
2026-07-21 12:27:26,0.19
2026-07-21 12:27:44,0.29
2026-07-21 12:28:40,0.04
2026-07-21 12:30:46,0.20
2026-07-21 12:31:53,0.16
2026-07-21 12:32:08,0.04
2026-07-21 12:33:38,0.16
2026-07-21 12:33:43,0.01
2026-07-21 12:34:28,0.05
2026-07-21 12:34:32,0.16
2026-07-21 12:37:16,0.30
2026-07-21 12:37:29,-0.09
2026-07-21 12:38:20,0.30
2026-07-21 12:38:37,-0.02
2026-07-21 12:39:09,-0.06
2026-07-21 12:40:08,0.27
2026-07-21 12:41:34,0.02
2026-07-21 12:41:49,0.34
2026-07-21 12:43:18,0.01
2026-07-21 12:43:23,0.29
2026-07-21 12:44:36,-0.04
2026-07-21 12:45:21,0.24
2026-07-21 12:46:02,0.03
2026-07-21 12:46:56,0.27
2026-07-21 12:47:32,0.07
2026-07-21 12:48:40,0.33
2026-07-21 12:49:48,0.38
2026-07-21 12:50:11,0.01
2026-07-21 12:52:00,0.07
2026-07-21 12:52:04,0.38
2026-07-21 12:52:32,0.04
2026-07-21 12:53:26,0.73
2026-07-21 12:54:34,0.11
2026-07-21 12:55:29,0.79
2026-07-21 12:55:43,0.68
2026-07-21 12:56:18,1.15
2026-07-21 12:57:45,0.77
2026-07-21 12:58:47,1.39
2026-07-21 12:59:29,0.93
2026-07-21 13:00:14,1.33
2026-07-21 13:01:27,1.56
2026-07-21 13:01:58,1.02
2026-07-21 13:02:25,1.00
2026-07-21 13:03:42,0.48
2026-07-21 13:03:56,0.62
2026-07-21 13:05:27,0.26
2026-07-21 13:05:44,0.49
2026-07-21 13:06:48,0.10
2026-07-21 13:07:48,-0.02
2026-07-21 13:08:24,0.30
2026-07-21 13:08:56,0.21
2026-07-21 13:09:18,-0.21
2026-07-21 13:11:16,0.00
2026-07-21 13:11:40,0.44
2026-07-21 13:12:10,0.14
2026-07-21 13:13:22,0.71
2026-07-21 13:14:03,0.59
2026-07-21 13:14:12,0.21
2026-07-21 13:15:30,0.40
2026-07-21 13:17:04,0.86
2026-07-21 13:17:37,0.68
2026-07-21 13:18:41,1.63
2026-07-21 13:18:45,1.76
2026-07-21 13:20:15,3.91
2026-07-21 13:20:24,3.87
2026-07-21 13:21:13,4.91
2026-07-21 13:22:04,4.30
2026-07-21 13:23:26,6.20
2026-07-21 13:23:44,6.11
2026-07-21 13:24:29,7.29
2026-07-21 13:25:23,5.99
2026-07-21 13:26:59,4.13
2026-07-21 13:27:03,4.23
2026-07-21 13:28:38,1.84
2026-07-21 13:28:43,2.00
2026-07-21 13:30:09,0.91
2026-07-21 13:30:18,0.95
2026-07-21 13:31:53,0.44
2026-07-21 13:32:06,0.57
2026-07-21 13:33:10,0.11
2026-07-21 13:34:23,0.36
2026-07-21 13:34:27,0.11
2026-07-21 13:35:18,0.24
2026-07-21 13:35:40,-0.03
2026-07-21 13:37:33,0.06
2026-07-21 13:38:19,0.26
2026-07-21 13:38:36,0.07
2026-07-21 13:39:13,0.21
2026-07-21 13:41:15,0.26
2026-07-21 13:41:19,0.08
2026-07-21 13:42:51,0.10
2026-07-21 13:43:18,0.26
2026-07-21 13:45:07,0.00
2026-07-21 13:45:47,0.25
2026-07-21 13:46:41,-0.01
2026-07-21 13:47:31,0.19
2026-07-21 13:47:35,0.01
2026-07-21 13:48:52,0.04
2026-07-21 13:49:11,0.26
2026-07-21 13:50:23,0.13
2026-07-21 13:50:29,0.00
2026-07-21 13:52:35,0.14
2026-07-21 13:52:53,-0.13
2026-07-21 13:54:06,0.10
2026-07-21 13:54:29,-0.06
2026-07-21 13:55:05,0.09
2026-07-21 13:55:19,-0.08
2026-07-21 13:57:20,0.07
2026-07-21 13:57:48,-0.07
2026-07-21 13:58:25,0.07
2026-07-21 13:59:01,-0.08
2026-07-21 14:00:40,-0.16
2026-07-21 14:00:55,0.20
2026-07-21 14:01:44,0.11
2026-07-21 14:02:34,-0.11
2026-07-21 14:03:51,0.07
2026-07-21 14:04:18,-0.05
2026-07-21 14:05:45,0.08
2026-07-21 14:06:15,-0.13
2026-07-21 14:07:14,0.19
2026-07-21 14:07:28,-0.06
2026-07-21 14:08:17,-0.07
2026-07-21 14:08:59,0.10
2026-07-21 14:10:56,-0.11
2026-07-21 14:12:09,0.07
2026-07-21 14:13:03,-0.14
2026-07-21 14:14:12,-0.11
2026-07-21 14:14:17,0.10
2026-07-21 14:14:57,-0.16
2026-07-21 14:15:33,0.04
2026-07-21 14:16:45,0.02
2026-07-21 14:17:22,-0.14
2026-07-21 14:18:12,0.04
2026-07-21 14:18:26,-0.13
2026-07-21 14:20:50,0.07
2026-07-21 14:21:14,-0.10
2026-07-21 14:21:58,0.06
2026-07-21 14:22:43,-0.08
2026-07-21 14:23:07,-0.14
2026-07-21 14:24:37,0.05
2026-07-21 14:24:51,-0.09
2026-07-21 14:26:04,0.07
2026-07-21 14:26:31,0.02
2026-07-21 14:27:33,-0.08
2026-07-21 14:28:38,-0.07
2026-07-21 14:29:09,0.05
2026-07-21 14:29:54,0.04
2026-07-21 14:30:35,-0.08
2026-07-21 14:32:01,0.06
2026-07-21 14:34:03,-0.09
2026-07-21 14:34:30,0.06
2026-07-21 14:35:03,0.09
2026-07-21 14:35:20,-0.10
2026-07-21 14:36:57,-0.13
2026-07-21 14:37:23,0.05
2026-07-21 14:38:12,-0.04
2026-07-21 14:39:12,0.10
2026-07-21 14:40:29,-0.10
2026-07-21 14:41:14,0.07
2026-07-21 14:41:19,0.06
2026-07-21 14:42:17,-0.12
2026-07-21 14:43:58,-0.05
2026-07-21 14:44:11,0.10
2026-07-21 14:44:38,0.03
2026-07-21 14:44:52,-0.10
2026-07-21 14:46:36,-0.06
2026-07-21 14:46:44,0.04
2026-07-21 14:48:20,0.06
2026-07-21 14:48:29,-0.09
2026-07-21 14:49:38,0.04
2026-07-21 14:50:09,-0.06
2026-07-21 14:52:34,0.04
2026-07-21 14:52:47,-0.08
2026-07-21 14:53:15,-0.06
2026-07-21 14:53:28,0.03
2026-07-21 14:55:04,0.06
2026-07-21 14:55:45,-0.10
2026-07-21 14:56:21,-0.12
2026-07-21 14:56:30,0.07
2026-07-21 14:58:04,-0.13
2026-07-21 14:58:28,0.08
2026-07-21 14:59:50,0.13
2026-07-21 15:00:31,-0.12
2026-07-21 15:02:05,-0.06
2026-07-21 15:02:09,0.16
2026-07-21 15:02:51,0.07
2026-07-21 15:03:45,-0.09
2026-07-21 15:04:44,-0.10
2026-07-21 15:05:24,0.04
2026-07-21 15:06:14,-0.12
2026-07-21 15:07:08,0.09
2026-07-21 15:07:54,-0.11
2026-07-21 15:08:49,0.02
2026-07-21 15:09:56,0.08
2026-07-21 15:10:04,-0.14
2026-07-21 15:11:00,-0.09
2026-07-21 15:11:18,0.05
2026-07-21 15:12:39,0.04
2026-07-21 15:13:02,-0.09
2026-07-21 15:15:27,0.08
2026-07-21 15:15:41,-0.07
2026-07-21 15:17:12,-0.06
2026-07-21 15:17:29,0.07
2026-07-21 15:17:38,-0.10
2026-07-21 15:19:09,0.06
2026-07-21 15:19:28,0.07
2026-07-21 15:20:36,-0.06
2026-07-21 15:21:25,-0.09
2026-07-21 15:22:07,0.04
2026-07-21 15:22:48,-0.06
2026-07-21 15:23:05,0.06
2026-07-21 15:24:54,-0.07
2026-07-21 15:24:59,0.08
2026-07-21 15:27:06,0.05
2026-07-21 15:27:14,-0.13
2026-07-21 15:27:33,-0.08
2026-07-21 15:27:42,0.05
2026-07-21 15:29:12,-0.10
2026-07-21 15:29:35,0.08
2026-07-21 15:30:48,-0.09
2026-07-21 15:31:02,0.07
2026-07-21 15:32:45,-0.09
2026-07-21 15:33:23,0.04
2026-07-21 15:34:21,-0.08
2026-07-21 15:34:52,0.08
2026-07-21 15:35:46,-0.08
2026-07-21 15:36:00,0.14
2026-07-21 15:38:12,0.11
2026-07-21 15:38:48,-0.06
2026-07-21 15:40:10,0.08
2026-07-21 15:41:09,0.11
2026-07-21 15:41:14,-0.10
2026-07-21 15:42:22,0.08
2026-07-21 15:43:20,-0.04
2026-07-21 15:44:01,-0.10
2026-07-21 15:44:24,0.05
2026-07-21 15:46:44,0.08
2026-07-21 15:47:12,-0.08
2026-07-21 15:47:29,-0.07
2026-07-21 15:48:37,0.04
2026-07-21 15:49:19,-0.10
2026-07-21 15:49:27,0.11
2026-07-21 15:51:25,0.08
2026-07-21 15:52:01,-0.08
2026-07-21 15:52:55,0.09
2026-07-21 15:53:14,-0.08
2026-07-21 15:53:55,0.11
2026-07-21 15:55:02,-0.10
2026-07-21 15:56:01,0.15
2026-07-21 15:56:43,-0.08
2026-07-21 15:57:14,0.06
2026-07-21 15:57:28,-0.10
2026-07-21 15:59:03,0.06
2026-07-21 15:59:12,-0.06
2026-07-21 16:00:29,-0.10
2026-07-21 16:01:19,0.06
2026-07-21 16:02:18,-0.11
2026-07-21 16:02:59,0.08
2026-07-21 16:04:29,-0.09
2026-07-21 16:05:10,0.10
2026-07-21 16:06:04,-0.11
2026-07-21 16:06:13,0.06
2026-07-21 16:07:30,0.04
2026-07-21 16:08:03,-0.10
2026-07-21 16:08:57,0.03
2026-07-21 16:10:09,-0.08
2026-07-21 16:11:53,0.08
2026-07-21 16:12:07,-0.10
2026-07-21 16:12:34,0.06
2026-07-21 16:14:01,0.09
2026-07-21 16:14:05,-0.05
2026-07-21 16:15:58,-0.10
2026-07-21 16:16:16,0.02
2026-07-21 16:17:30,0.05
2026-07-21 16:18:04,-0.08
2026-07-21 16:18:41,-0.07
2026-07-21 16:18:59,0.05
2026-07-21 16:21:39,0.07
2026-07-21 16:21:47,-0.06
2026-07-21 16:22:13,0.05
2026-07-21 16:22:32,-0.08
2026-07-21 16:24:26,-0.07
2026-07-21 16:24:48,0.07
2026-07-21 16:25:15,0.10
2026-07-21 16:26:05,-0.07
2026-07-21 16:27:18,-0.08
2026-07-21 16:27:36,0.07
2026-07-21 16:28:57,-0.06
2026-07-21 16:29:20,0.06
2026-07-21 16:30:10,0.07
2026-07-21 16:30:23,-0.06
2026-07-21 16:32:17,-0.04
2026-07-21 16:32:49,0.11
2026-07-21 16:34:15,0.08
2026-07-21 16:34:41,-0.06
2026-07-21 16:35:41,-0.07
2026-07-21 16:36:31,0.06
2026-07-21 16:36:58,-0.03
2026-07-21 16:37:29,0.06
2026-07-21 16:39:42,-0.06
2026-07-21 16:39:46,0.07
2026-07-21 16:41:04,-0.03
2026-07-21 16:42:02,0.06
2026-07-21 16:42:25,-0.05
2026-07-21 16:43:46,0.06
2026-07-21 16:44:59,-0.04
2026-07-21 16:45:30,0.06
2026-07-21 16:45:48,-0.04
2026-07-21 16:47:38,0.08
2026-07-21 16:48:42,-0.03
2026-07-21 16:49:08,0.06
2026-07-21 16:50:30,0.10
2026-07-21 16:51:10,-0.03
2026-07-21 16:52:00,0.09
2026-07-21 16:52:59,-0.04
2026-07-21 16:53:21,-0.01
2026-07-21 16:54:17,0.11
2026-07-21 16:55:56,0.13
2026-07-21 16:56:13,-0.02
2026-07-21 16:56:46,0.01
2026-07-21 16:56:50,0.11
2026-07-21 16:58:27,0.10
2026-07-21 16:58:40,0.01
2026-07-21 17:00:51,-0.04
2026-07-21 17:01:27,0.11
2026-07-21 17:01:44,0.09
2026-07-21 17:02:30,-0.02
2026-07-21 17:03:25,0.00
2026-07-21 17:03:47,0.10
2026-07-21 17:06:13,-0.02
2026-07-21 17:07:34,-0.05
2026-07-21 17:07:57,0.09
2026-07-21 17:08:20,0.14
2026-07-21 17:08:28,-0.02
2026-07-21 17:10:04,0.07
2026-07-21 17:11:08,-0.03
2026-07-21 17:11:48,0.09
2026-07-21 17:13:01,-0.03
2026-07-21 17:13:42,-0.02
2026-07-21 17:13:56,0.09
2026-07-21 17:15:21,-0.02
2026-07-21 17:16:06,0.06
2026-07-21 17:16:56,-0.03
2026-07-21 17:18:09,0.04
2026-07-21 17:19:35,-0.04
2026-07-21 17:19:58,0.05
2026-07-21 17:21:01,-0.04
2026-07-21 17:21:42,-0.02
2026-07-21 17:22:09,0.10
2026-07-21 17:23:03,0.06
2026-07-21 17:24:11,-0.05
2026-07-21 17:24:48,-0.06
2026-07-21 17:24:57,0.07
2026-07-21 17:27:08,0.09
2026-07-21 17:27:22,-0.09
2026-07-21 17:28:07,-0.03
2026-07-21 17:28:34,0.08
2026-07-21 17:29:43,-0.07
2026-07-21 17:30:14,0.04
2026-07-21 17:31:27,0.02
2026-07-21 17:32:22,-0.04
2026-07-21 17:33:02,0.02
2026-07-21 17:34:56,-0.06
2026-07-21 17:35:27,0.04
2026-07-21 17:36:12,0.02
2026-07-21 17:37:25,-0.07
2026-07-21 17:37:48,0.02
2026-07-21 17:38:52,-0.06
2026-07-21 17:39:54,0.02
2026-07-21 17:41:40,0.01
2026-07-21 17:42:21,-0.05
2026-07-21 17:43:10,-0.04
2026-07-21 17:44:23,0.04
2026-07-21 17:45:57,-0.08
2026-07-21 17:46:51,0.01
2026-07-21 17:47:24,-0.06
2026-07-21 17:47:59,-0.04
2026-07-21 17:49:13,0.01
2026-07-21 17:49:31,-0.08
2026-07-21 17:50:34,0.03
2026-07-21 17:51:24,0.01
2026-07-21 17:52:10,-0.07
2026-07-21 17:52:54,0.01
2026-07-21 17:53:44,-0.08
2026-07-21 17:55:46,0.00
2026-07-21 17:55:56,-0.07
2026-07-21 17:56:32,-0.01
2026-07-21 17:57:04,-0.07
2026-07-21 17:58:17,0.01
2026-07-21 17:59:33,-0.06
2026-07-21 18:01:05,-0.08
2026-07-21 18:02:30,0.01
2026-07-21 18:03:07,0.04
2026-07-21 18:04:06,-0.06
2026-07-21 18:04:37,-0.10
2026-07-21 18:05:31,0.00
2026-07-21 18:07:03,-0.10
2026-07-21 18:07:34,-0.01
2026-07-21 18:08:02,-0.11
2026-07-21 18:09:18,-0.08
2026-07-21 18:10:21,-0.01
2026-07-21 18:10:49,-0.09
2026-07-21 18:11:44,0.01
2026-07-21 18:12:52,-0.09
2026-07-21 18:13:00,0.01
2026-07-21 18:14:45,-0.02
2026-07-21 18:15:35,-0.09
2026-07-21 18:15:57,0.00
2026-07-21 18:16:38,-0.10
2026-07-21 18:18:14,-0.09
2026-07-21 18:18:50,0.00
2026-07-21 18:20:17,0.01
2026-07-21 18:20:21,-0.12
2026-07-21 18:21:06,0.02
2026-07-21 18:21:38,-0.12
2026-07-21 18:22:27,-0.01
2026-07-21 18:23:09,-0.11
2026-07-21 18:24:20,0.00
2026-07-21 18:25:37,-0.15
2026-07-21 18:26:01,-0.02
2026-07-21 18:26:50,-0.10
2026-07-21 18:27:35,-0.11
2026-07-21 18:28:53,-0.03
2026-07-21 18:29:06,-0.18
2026-07-21 18:30:18,0.01
2026-07-21 18:30:51,-0.13
2026-07-21 18:31:23,-0.02
2026-07-21 18:33:42,-0.13
2026-07-21 18:34:38,-0.11
2026-07-21 18:34:42,-0.03
2026-07-21 18:35:41,-0.13
2026-07-21 18:36:22,-0.02
2026-07-21 18:37:35,0.01
2026-07-21 18:37:52,-0.10
2026-07-21 18:39:23,0.05
2026-07-21 18:39:32,-0.09
2026-07-21 18:41:16,-0.14
2026-07-21 18:41:30,0.01
2026-07-21 18:42:47,-0.03
2026-07-21 18:43:05,-0.09
2026-07-21 18:44:36,-0.03
2026-07-21 18:44:58,-0.18
2026-07-21 18:45:39,-0.03
2026-07-21 18:46:39,-0.12
2026-07-21 18:47:06,-0.01
2026-07-21 18:47:10,-0.11
2026-07-21 18:49:16,0.02
2026-07-21 18:49:22,-0.13
2026-07-21 18:50:34,-0.04
2026-07-21 18:51:02,-0.09
2026-07-21 18:52:18,-0.05
2026-07-21 18:52:40,-0.11
2026-07-21 18:53:50,-0.05
2026-07-21 18:53:54,-0.09
2026-07-21 18:56:19,-0.12
2026-07-21 18:56:45,-0.03
2026-07-21 18:57:00,-0.09
2026-07-21 18:57:35,-0.03
2026-07-21 18:58:44,-0.13
2026-07-21 18:58:48,-0.03
2026-07-21 19:00:18,-0.11
2026-07-21 19:00:23,-0.05
2026-07-21 19:01:59,-0.11
2026-07-21 19:03:25,-0.03
2026-07-21 19:03:43,-0.11
2026-07-21 19:04:19,-0.04
2026-07-21 19:05:18,-0.03
2026-07-21 19:05:41,-0.11
2026-07-21 19:07:30,-0.05
2026-07-21 19:07:47,-0.10
2026-07-21 19:08:47,-0.06
2026-07-21 19:08:51,-0.11
2026-07-21 19:10:48,-0.06
2026-07-21 19:12:02,-0.07
2026-07-21 19:12:06,-0.11
2026-07-21 19:14:40,-0.05
2026-07-21 19:15:44,-0.04
2026-07-21 19:15:58,-0.10
2026-07-21 19:18:22,-0.11
2026-07-21 19:18:26,-0.06
2026-07-21 19:18:36,-0.11
2026-07-21 19:19:21,-0.07
2026-07-21 19:21:06,-0.12
2026-07-21 19:21:42,-0.07
2026-07-21 19:22:36,-0.12
2026-07-21 19:23:39,-0.07
2026-07-21 19:24:07,-0.11
2026-07-21 19:25:19,-0.12
2026-07-21 19:25:47,-0.07
2026-07-21 19:27:58,-0.12
2026-07-21 19:28:31,-0.08
2026-07-21 19:29:06,-0.11
2026-07-21 19:30:28,-0.07
2026-07-21 19:30:41,-0.11
2026-07-21 19:32:31,-0.12
2026-07-21 19:32:40,-0.04
2026-07-21 19:33:52,-0.05
2026-07-21 19:34:55,-0.11
2026-07-21 19:36:13,-0.07
2026-07-21 19:36:40,-0.11
2026-07-21 19:37:52,-0.07
2026-07-21 19:38:28,-0.12
2026-07-21 19:38:55,-0.08
2026-07-21 19:40:09,-0.11
2026-07-21 19:42:38,-0.07
2026-07-21 19:43:55,-0.11
2026-07-21 19:44:32,-0.06
2026-07-21 19:44:55,-0.08
2026-07-21 19:45:35,-0.12
2026-07-21 19:47:18,-0.07
2026-07-21 19:48:09,-0.12
2026-07-21 19:49:12,-0.07
2026-07-21 19:50:15,-0.11
2026-07-21 19:50:47,-0.05
2026-07-21 19:52:09,-0.12
2026-07-21 19:53:44,-0.13
2026-07-21 19:54:15,-0.08
2026-07-21 19:55:42,-0.13
2026-07-21 19:55:47,-0.07
2026-07-21 19:56:41,-0.08
2026-07-21 19:57:08,-0.13
2026-07-21 19:59:19,-0.09
2026-07-21 20:00:00,-0.13
2026-07-21 20:00:04,-0.09
2026-07-21 20:02:20,-0.16
2026-07-21 20:02:43,-0.09
2026-07-21 20:03:20,-0.07
2026-07-21 20:03:52,-0.14
2026-07-21 20:04:41,-0.10
2026-07-21 20:05:58,-0.14
2026-07-21 20:07:38,-0.09
2026-07-21 20:08:46,-0.14
2026-07-21 20:09:09,-0.07
2026-07-21 20:09:44,-0.06
2026-07-21 20:09:54,-0.11
2026-07-21 20:10:17,-0.12
2026-07-21 20:10:49,-0.08
2026-07-21 20:10:58,-0.13
2026-07-21 20:12:06,-0.14
2026-07-21 20:12:24,-0.08
2026-07-21 20:12:59,-0.09
2026-07-21 20:13:23,-0.15
2026-07-21 20:14:49,-0.08
2026-07-21 20:14:58,-0.13
2026-07-21 20:16:28,-0.08
2026-07-21 20:16:55,-0.14
2026-07-21 20:18:13,-0.16
2026-07-21 20:19:08,-0.08
2026-07-21 20:20:01,-0.13
2026-07-21 20:20:29,-0.07
2026-07-21 20:21:14,-0.13
2026-07-21 20:22:04,-0.07
2026-07-21 20:23:34,-0.08
2026-07-21 20:23:48,-0.14
2026-07-21 20:26:00,-0.07
2026-07-21 20:26:04,-0.14
2026-07-21 20:27:03,-0.06
2026-07-21 20:28:11,-0.05
2026-07-21 20:28:47,-0.14
2026-07-21 20:29:32,-0.08
2026-07-21 20:30:05,-0.13
2026-07-21 20:31:03,-0.07
2026-07-21 20:31:12,-0.15
2026-07-21 20:32:48,-0.07
2026-07-21 20:33:56,-0.14
2026-07-21 20:35:08,-0.07
2026-07-21 20:35:17,-0.15
2026-07-21 20:36:06,-0.08
2026-07-21 20:36:53,-0.15
2026-07-21 20:37:47,-0.08
2026-07-21 20:39:00,-0.14
2026-07-21 20:39:54,-0.09
2026-07-21 20:40:11,-0.14
2026-07-21 20:41:42,-0.16
2026-07-21 20:41:52,-0.09
2026-07-21 20:42:59,-0.14
2026-07-21 20:44:07,-0.07
2026-07-21 20:44:48,-0.14
2026-07-21 20:45:01,-0.06
2026-07-21 20:46:05,-0.05
2026-07-21 20:46:59,-0.13
2026-07-21 20:47:53,-0.09
2026-07-21 20:48:34,-0.13
2026-07-21 20:50:10,-0.09
2026-07-21 20:50:33,-0.14
2026-07-21 20:51:22,-0.08
2026-07-21 20:51:58,-0.15
2026-07-21 20:52:39,-0.14
2026-07-21 20:53:43,-0.10
2026-07-21 20:55:09,-0.15
2026-07-21 20:55:50,-0.10
2026-07-21 20:57:25,-0.14
2026-07-21 20:58:56,-0.10
2026-07-21 20:59:14,-0.14
2026-07-21 20:59:40,-0.09
2026-07-21 21:00:45,-0.10
2026-07-21 21:01:17,-0.14
2026-07-21 21:03:01,-0.15
2026-07-21 21:03:09,-0.07
2026-07-21 21:04:09,-0.09
2026-07-21 21:04:31,-0.16
2026-07-21 21:05:57,-0.17
2026-07-21 21:06:07,-0.10
2026-07-21 21:07:33,-0.17
2026-07-21 21:07:42,-0.09
2026-07-21 21:09:05,-0.16
2026-07-21 21:10:13,-0.09
2026-07-21 21:11:01,-0.10
2026-07-21 21:11:24,-0.15
2026-07-21 21:12:19,-0.11
2026-07-21 21:13:00,-0.14
2026-07-21 21:15:29,-0.10
2026-07-21 21:16:19,-0.14
2026-07-21 21:16:23,-0.10
2026-07-21 21:18:17,-0.14
2026-07-21 21:18:31,-0.10
2026-07-21 21:19:12,-0.13
2026-07-21 21:19:47,-0.10
2026-07-21 21:20:42,-0.13
2026-07-21 21:21:19,-0.07
2026-07-21 21:22:45,-0.16
2026-07-21 21:24:11,-0.14
2026-07-21 21:24:52,-0.10
2026-07-21 21:25:42,-0.14
2026-07-21 21:26:50,-0.10
2026-07-21 21:28:43,-0.15
2026-07-21 21:29:10,-0.14
2026-07-21 21:29:38,-0.11
2026-07-21 21:30:27,-0.10
2026-07-21 21:32:02,-0.15
2026-07-21 21:32:47,-0.09
2026-07-21 21:34:04,-0.17
2026-07-21 21:34:54,-0.08
2026-07-21 21:36:07,-0.16
2026-07-21 21:37:10,-0.15
2026-07-21 21:37:56,-0.08
2026-07-21 21:39:12,-0.14
2026-07-21 21:39:36,-0.06
2026-07-21 21:41:11,-0.16
2026-07-21 21:41:42,-0.07
2026-07-21 21:42:10,-0.14
2026-07-21 21:42:46,-0.09
2026-07-21 21:43:49,-0.16
2026-07-21 21:45:11,-0.08
2026-07-21 21:45:20,-0.10
2026-07-21 21:45:51,-0.18
2026-07-21 21:47:18,-0.11
2026-07-21 21:47:35,-0.15
2026-07-21 21:48:52,-0.11
2026-07-21 21:50:28,-0.16
2026-07-21 21:51:14,-0.10
2026-07-21 21:52:04,-0.15
2026-07-21 21:52:21,-0.12
2026-07-21 21:53:42,-0.11
2026-07-21 21:54:33,-0.17
2026-07-21 21:56:08,-0.16
2026-07-21 21:56:45,-0.11
2026-07-21 21:57:11,-0.15
2026-07-21 21:58:10,-0.06
2026-07-21 21:58:33,-0.09
2026-07-21 21:59:55,-0.16
2026-07-21 22:01:11,-0.10
2026-07-21 22:01:31,-0.17
2026-07-21 22:02:19,-0.11
2026-07-21 22:03:42,-0.12
2026-07-21 22:04:09,-0.16
2026-07-21 22:05:12,-0.12
2026-07-21 22:05:30,-0.16
2026-07-21 22:07:41,-0.09
2026-07-21 22:08:00,-0.18
2026-07-21 22:09:17,-0.16
2026-07-21 22:09:30,-0.10
2026-07-21 22:10:16,-0.11
2026-07-21 22:11:16,-0.17
2026-07-21 22:11:46,-0.10
2026-07-21 22:12:27,-0.18
2026-07-21 22:13:26,-0.11
2026-07-21 22:14:17,-0.16
2026-07-21 22:15:29,-0.15
2026-07-21 22:15:33,-0.07
2026-07-21 22:17:08,-0.09
2026-07-21 22:18:13,-0.18
2026-07-21 22:18:57,-0.12
2026-07-21 22:19:20,-0.18
2026-07-21 22:20:05,-0.11
2026-07-21 22:20:41,-0.18
2026-07-21 22:21:50,-0.13
2026-07-21 22:21:55,-0.17
2026-07-21 22:23:24,-0.12
2026-07-21 22:23:29,-0.18
2026-07-21 22:25:50,-0.13
2026-07-21 22:27:12,-0.11
2026-07-21 22:27:33,-0.18
2026-07-21 22:28:37,-0.13
2026-07-21 22:29:54,-0.17
2026-07-21 22:30:58,-0.13
2026-07-21 22:32:06,-0.18
2026-07-21 22:32:47,-0.12
2026-07-21 22:33:09,-0.17
2026-07-21 22:33:37,-0.11
2026-07-21 22:34:50,-0.12
2026-07-21 22:35:39,-0.17
2026-07-21 22:36:38,-0.13
2026-07-21 22:37:51,-0.19
2026-07-21 22:38:32,-0.18
2026-07-21 22:39:26,-0.13
2026-07-21 22:40:15,-0.18
2026-07-21 22:41:41,-0.12
2026-07-21 22:42:22,-0.19
2026-07-21 22:43:08,-0.18
2026-07-21 22:43:26,-0.13
2026-07-21 22:44:47,-0.14
2026-07-21 22:44:56,-0.19
2026-07-21 22:46:31,-0.14
2026-07-21 22:46:45,-0.19
2026-07-21 22:49:38,-0.11
2026-07-21 22:49:55,-0.14
2026-07-21 22:50:46,-0.18
2026-07-21 22:51:35,-0.17
2026-07-21 22:51:49,-0.11
2026-07-21 22:53:02,-0.13
2026-07-21 22:53:38,-0.20
2026-07-21 22:54:56,-0.14
2026-07-21 22:55:54,-0.20
2026-07-21 22:56:40,-0.14
2026-07-21 22:56:49,-0.19
2026-07-21 22:58:01,-0.18
2026-07-21 22:58:14,-0.16
2026-07-21 22:59:36,-0.14
2026-07-21 23:00:32,-0.18
2026-07-21 23:01:43,-0.19
2026-07-21 23:01:53,-0.14
2026-07-21 23:03:05,-0.20
2026-07-21 23:03:23,-0.14
2026-07-21 23:04:35,-0.18
2026-07-21 23:05:35,-0.15
2026-07-21 23:06:51,-0.14
2026-07-21 23:07:00,-0.19
2026-07-21 23:08:18,-0.14
2026-07-21 23:08:31,-0.19
2026-07-21 23:09:31,-0.17
2026-07-21 23:09:48,-0.13
2026-07-21 23:11:23,-0.14
2026-07-21 23:12:13,-0.19
2026-07-21 23:13:40,-0.14
2026-07-21 23:14:07,-0.20
2026-07-21 23:15:48,-0.14
2026-07-21 23:16:09,-0.18
2026-07-21 23:16:37,-0.14
2026-07-21 23:17:54,-0.18
2026-07-21 23:18:48,-0.12
2026-07-21 23:19:24,-0.14
2026-07-21 23:20:55,-0.19
2026-07-21 23:21:12,-0.18
2026-07-21 23:21:31,-0.14
2026-07-21 23:22:40,-0.18
2026-07-21 23:22:53,-0.14
2026-07-21 23:24:37,-0.18
2026-07-21 23:25:58,-0.17
2026-07-21 23:27:06,-0.12
2026-07-21 23:27:39,-0.18
2026-07-21 23:28:50,-0.10
2026-07-21 23:30:07,-0.19
2026-07-21 23:30:44,-0.14
2026-07-21 23:30:58,-0.19
2026-07-21 23:31:30,-0.14
2026-07-21 23:33:36,-0.13
2026-07-21 23:34:04,-0.19
2026-07-21 23:35:13,-0.13
2026-07-21 23:36:07,-0.18
2026-07-21 23:37:01,-0.14
2026-07-21 23:37:41,-0.18
2026-07-21 23:39:44,-0.19
2026-07-21 23:39:53,-0.14
2026-07-21 23:41:01,-0.18
2026-07-21 23:42:35,-0.19
2026-07-21 23:44:02,-0.14
2026-07-21 23:45:19,-0.20
2026-07-21 23:45:55,-0.18
2026-07-21 23:46:36,-0.12
2026-07-21 23:47:49,-0.20
2026-07-21 23:47:54,-0.15
2026-07-21 23:49:28,-0.16
2026-07-21 23:49:47,-0.19
2026-07-21 23:51:17,-0.16
2026-07-21 23:51:44,-0.19
2026-07-21 23:53:01,-0.14
2026-07-21 23:54:00,-0.15
2026-07-21 23:54:23,-0.19
2026-07-21 23:55:40,-0.16
2026-07-21 23:55:53,-0.19
2026-07-21 23:58:20,-0.15
2026-07-21 23:59:28,-0.20
2026-07-22 00:00:22,-0.14
2026-07-22 00:01:24,-0.19
2026-07-22 00:02:16,-0.18
2026-07-22 00:03:00,-0.14
2026-07-22 00:04:03,-0.18
2026-07-22 00:04:44,-0.12
2026-07-22 00:05:43,-0.14
2026-07-22 00:05:52,-0.18
2026-07-22 00:07:32,-0.14
2026-07-22 00:07:36,-0.18
2026-07-22 00:09:15,-0.13
2026-07-22 00:10:01,-0.18
2026-07-22 00:10:38,-0.14
2026-07-22 00:11:49,-0.19
2026-07-22 00:13:16,-0.12
2026-07-22 00:13:25,-0.17
2026-07-22 00:14:02,-0.13
2026-07-22 00:14:20,-0.17
2026-07-22 00:15:32,-0.13
2026-07-22 00:16:04,-0.17
2026-07-22 00:17:11,-0.12
2026-07-22 00:18:20,-0.18
2026-07-22 00:19:54,-0.17
2026-07-22 00:20:03,-0.12
2026-07-22 00:20:58,-0.18
2026-07-22 00:21:53,-0.12
2026-07-22 00:22:29,-0.15
2026-07-22 00:23:05,-0.09
2026-07-22 00:23:42,-0.16
2026-07-22 00:23:59,-0.12
2026-07-22 00:25:22,-0.17
2026-07-22 00:25:35,-0.14
2026-07-22 00:27:24,-0.18
2026-07-22 00:27:33,-0.13
2026-07-22 00:29:27,-0.17
2026-07-22 00:30:16,-0.12
2026-07-22 00:30:21,-0.17
2026-07-22 00:31:34,-0.13
2026-07-22 00:32:05,-0.17
2026-07-22 00:32:14,-0.14
2026-07-22 00:33:54,-0.13
2026-07-22 00:33:58,-0.17
2026-07-22 00:35:15,-0.13
2026-07-22 00:36:28,-0.18
2026-07-22 00:38:08,-0.13
2026-07-22 00:39:16,-0.18
2026-07-22 00:41:14,-0.10
2026-07-22 00:41:27,-0.17
2026-07-22 00:43:21,-0.12
2026-07-22 00:43:48,-0.13
2026-07-22 00:44:24,-0.18
2026-07-22 00:45:15,-0.14
2026-07-22 00:45:28,-0.18
2026-07-22 00:46:58,-0.14
2026-07-22 00:47:03,-0.19
2026-07-22 00:48:47,-0.12
2026-07-22 00:48:52,-0.19
2026-07-22 00:50:31,-0.20
2026-07-22 00:51:12,-0.13
2026-07-22 00:52:06,-0.20
2026-07-22 00:52:34,-0.14
2026-07-22 00:54:14,-0.19
2026-07-22 00:54:45,-0.12
2026-07-22 00:56:22,-0.18
2026-07-22 00:56:26,-0.13
2026-07-22 00:56:56,-0.18
2026-07-22 00:59:21,-0.08
2026-07-22 00:59:50,-0.18
2026-07-22 01:00:17,-0.13
2026-07-22 01:01:20,-0.18
2026-07-22 01:03:07,-0.12
2026-07-22 01:03:53,-0.13
2026-07-22 01:04:17,-0.18
2026-07-22 01:05:02,-0.12
2026-07-22 01:05:15,-0.17
2026-07-22 01:06:50,-0.18
2026-07-22 01:07:32,-0.13
2026-07-22 01:08:17,-0.14
2026-07-22 01:09:47,-0.18
2026-07-22 01:10:19,-0.13
2026-07-22 01:10:59,-0.18
2026-07-22 01:11:37,-0.13
2026-07-22 01:11:45,-0.18
2026-07-22 01:14:01,-0.12
2026-07-22 01:15:01,-0.13
2026-07-22 01:15:46,-0.18
2026-07-22 01:16:54,-0.11
2026-07-22 01:17:57,-0.18
2026-07-22 01:18:19,-0.14
2026-07-22 01:18:33,-0.19
2026-07-22 01:20:45,-0.13
2026-07-22 01:21:17,-0.19
2026-07-22 01:21:35,-0.14
2026-07-22 01:21:52,-0.19
2026-07-22 01:23:33,-0.15
2026-07-22 01:24:09,-0.19
2026-07-22 01:25:03,-0.14
2026-07-22 01:26:21,-0.19
2026-07-22 01:26:25,-0.18
2026-07-22 01:27:47,-0.15
2026-07-22 01:28:14,-0.19
2026-07-22 01:28:45,-0.15
2026-07-22 01:30:39,-0.19
2026-07-22 01:31:37,-0.16
2026-07-22 01:33:12,-0.21
2026-07-22 01:33:17,-0.15
2026-07-22 01:35:20,-0.11
2026-07-22 01:36:09,-0.20
2026-07-22 01:36:27,-0.15
2026-07-22 01:36:59,-0.21
2026-07-22 01:38:02,-0.20
2026-07-22 01:39:07,-0.12
2026-07-22 01:39:51,-0.15
2026-07-22 01:40:46,-0.23
2026-07-22 01:42:03,-0.16
2026-07-22 01:42:17,-0.21
2026-07-22 01:43:11,-0.14
2026-07-22 01:43:51,-0.22
2026-07-22 01:44:45,-0.17
2026-07-22 01:46:39,-0.21
2026-07-22 01:47:25,-0.14
2026-07-22 01:49:01,-0.20
2026-07-22 01:50:31,-0.15
2026-07-22 01:51:34,-0.19
2026-07-22 01:52:10,-0.14
2026-07-22 01:53:27,-0.12
2026-07-22 01:54:26,-0.18
2026-07-22 01:54:30,-0.19
2026-07-22 01:55:52,-0.14
2026-07-22 01:57:42,-0.19
2026-07-22 01:57:51,-0.14
2026-07-22 01:58:36,-0.19
2026-07-22 01:59:53,-0.15
2026-07-22 02:00:20,-0.20
2026-07-22 02:02:36,-0.13
2026-07-22 02:03:53,-0.21
2026-07-22 02:04:34,-0.12
2026-07-22 02:05:43,-0.22
2026-07-22 02:06:09,-0.11
2026-07-22 02:07:22,-0.22
2026-07-22 02:07:39,-0.20
2026-07-22 02:08:30,-0.13
2026-07-22 02:09:20,-0.20
2026-07-22 02:09:46,-0.14
2026-07-22 02:11:44,-0.10
2026-07-22 02:11:58,-0.23
2026-07-22 02:13:38,-0.24
2026-07-22 02:13:51,-0.15
2026-07-22 02:14:19,-0.21
2026-07-22 02:15:09,-0.17
2026-07-22 02:16:17,-0.23
2026-07-22 02:17:16,-0.17
2026-07-22 02:18:24,-0.22
2026-07-22 02:19:26,-0.15
2026-07-22 02:20:21,-0.22
2026-07-22 02:20:53,-0.17
2026-07-22 02:22:24,-0.22
2026-07-22 02:23:01,-0.16
2026-07-22 02:23:09,-0.24
2026-07-22 02:24:12,-0.18
2026-07-22 02:24:41,-0.23
2026-07-22 02:26:29,-0.14
2026-07-22 02:27:45,-0.23
2026-07-22 02:28:58,-0.15
2026-07-22 02:29:39,-0.14
2026-07-22 02:30:12,-0.23
2026-07-22 02:31:10,-0.24
2026-07-22 02:32:05,-0.18
2026-07-22 02:33:08,-0.23
2026-07-22 02:34:25,-0.24
2026-07-22 02:35:02,-0.18
2026-07-22 02:37:17,-0.24
2026-07-22 02:37:22,-0.25
2026-07-22 02:38:30,-0.18
2026-07-22 02:39:46,-0.24
2026-07-22 02:40:14,-0.19
2026-07-22 02:40:51,-0.23
2026-07-22 02:42:07,-0.18
2026-07-22 02:42:20,-0.19
2026-07-22 02:42:34,-0.24
2026-07-22 02:45:08,-0.20
2026-07-22 02:45:22,-0.27
2026-07-22 02:46:08,-0.25
2026-07-22 02:47:06,-0.18
2026-07-22 02:47:48,-0.15
2026-07-22 02:48:10,-0.22
2026-07-22 02:49:04,-0.19
2026-07-22 02:49:37,-0.24
2026-07-22 02:50:35,-0.18
2026-07-22 02:51:11,-0.25
2026-07-22 02:52:38,-0.18
2026-07-22 02:53:46,-0.25
2026-07-22 02:54:07,-0.17
2026-07-22 02:54:58,-0.27
2026-07-22 02:55:44,-0.15
2026-07-22 02:55:48,-0.23
2026-07-22 02:58:36,-0.17
2026-07-22 02:58:40,-0.25
2026-07-22 02:59:43,-0.18
2026-07-22 03:00:02,-0.24
2026-07-22 03:00:30,-0.18
2026-07-22 03:00:47,-0.25
2026-07-22 03:03:08,-0.15
2026-07-22 03:04:12,-0.24
2026-07-22 03:04:25,-0.18
2026-07-22 03:05:50,-0.16
2026-07-22 03:06:13,-0.23
2026-07-22 03:07:35,-0.25
2026-07-22 03:08:34,-0.17
2026-07-22 03:08:42,-0.25
2026-07-22 03:09:59,-0.14
2026-07-22 03:10:31,-0.19
2026-07-22 03:10:49,-0.25
2026-07-22 03:12:07,-0.19
2026-07-22 03:13:28,-0.23
2026-07-22 03:14:41,-0.18
2026-07-22 03:16:16,-0.24
2026-07-22 03:17:24,-0.18
2026-07-22 03:18:14,-0.26
2026-07-22 03:18:38,-0.17
2026-07-22 03:19:04,-0.24
2026-07-22 03:21:02,-0.23
2026-07-22 03:21:47,-0.18
2026-07-22 03:22:37,-0.25
2026-07-22 03:23:37,-0.17
2026-07-22 03:24:54,-0.22
2026-07-22 03:25:30,-0.17
2026-07-22 03:26:38,-0.22
2026-07-22 03:28:00,-0.24
2026-07-22 03:28:04,-0.18
2026-07-22 03:28:31,-0.21
2026-07-22 03:29:03,-0.14
2026-07-22 03:30:11,-0.23
2026-07-22 03:30:29,-0.16
2026-07-22 03:32:40,-0.17
2026-07-22 03:33:21,-0.22
2026-07-22 03:33:44,-0.18
2026-07-22 03:34:30,-0.23
2026-07-22 03:35:45,-0.22
2026-07-22 03:35:55,-0.19
2026-07-22 03:36:59,-0.16
2026-07-22 03:37:07,-0.22
2026-07-22 03:38:57,-0.23
2026-07-22 03:40:01,-0.17
2026-07-22 03:40:18,-0.22
2026-07-22 03:41:22,-0.17
2026-07-22 03:41:58,-0.16
2026-07-22 03:42:26,-0.22
2026-07-22 03:44:24,-0.17
2026-07-22 03:44:32,-0.22
2026-07-22 03:45:04,-0.23
2026-07-22 03:45:18,-0.19
2026-07-22 03:47:20,-0.25
2026-07-22 03:48:05,-0.18
2026-07-22 03:48:24,-0.22
2026-07-22 03:49:09,-0.18
2026-07-22 03:51:25,-0.24
2026-07-22 03:52:10,-0.23
2026-07-22 03:52:50,-0.19
2026-07-22 03:53:50,-0.24
2026-07-22 03:54:30,-0.16
2026-07-22 03:55:57,-0.25
2026-07-22 03:56:28,-0.16
2026-07-22 03:57:37,-0.15
2026-07-22 03:58:05,-0.27
2026-07-22 03:58:22,-0.16
2026-07-22 03:58:26,-0.25
2026-07-22 04:00:42,-0.14
2026-07-22 04:00:57,-0.22
2026-07-22 04:01:47,-0.19
2026-07-22 04:02:00,-0.27
2026-07-22 04:03:44,-0.18
2026-07-22 04:04:16,-0.25
2026-07-22 04:05:15,-0.17
2026-07-22 04:05:37,-0.25
2026-07-22 04:06:58,-0.19
2026-07-22 04:08:11,-0.24
2026-07-22 04:09:25,-0.18
2026-07-22 04:10:13,-0.25
2026-07-22 04:10:59,-0.18
2026-07-22 04:11:31,-0.25
2026-07-22 04:12:53,-0.17
2026-07-22 04:13:15,-0.18
2026-07-22 04:14:01,-0.23
2026-07-22 04:15:09,-0.15
2026-07-22 04:15:36,-0.22
2026-07-22 04:16:35,-0.23
2026-07-22 04:17:38,-0.16
2026-07-22 04:18:15,-0.15
2026-07-22 04:19:13,-0.24
2026-07-22 04:20:12,-0.22
2026-07-22 04:21:12,-0.15
2026-07-22 04:21:57,-0.23
2026-07-22 04:22:28,-0.16
2026-07-22 04:23:09,-0.17
2026-07-22 04:23:41,-0.23
2026-07-22 04:24:48,-0.17
2026-07-22 04:24:58,-0.24
2026-07-22 04:26:19,-0.16
2026-07-22 04:26:37,-0.21
2026-07-22 04:28:22,-0.17
2026-07-22 04:29:30,-0.23
2026-07-22 04:29:34,-0.16
2026-07-22 04:30:51,-0.21
2026-07-22 04:31:51,-0.22
2026-07-22 04:31:55,-0.16
2026-07-22 04:33:34,-0.13
2026-07-22 04:34:15,-0.25
2026-07-22 04:35:51,-0.13
2026-07-22 04:36:18,-0.14
2026-07-22 04:37:16,-0.21
2026-07-22 04:38:47,-0.16
2026-07-22 04:39:14,-0.23
2026-07-22 04:40:00,-0.22
2026-07-22 04:40:41,-0.15
2026-07-22 04:41:12,-0.23
2026-07-22 04:41:34,-0.17
2026-07-22 04:42:47,-0.22
2026-07-22 04:43:37,-0.17
2026-07-22 04:45:03,-0.21
2026-07-22 04:45:26,-0.15
2026-07-22 04:46:11,-0.21
2026-07-22 04:47:14,-0.16
2026-07-22 04:48:27,-0.24
2026-07-22 04:49:36,-0.23
2026-07-22 04:50:24,-0.14
2026-07-22 04:51:02,-0.23
2026-07-22 04:51:51,-0.15
2026-07-22 04:53:08,-0.21
2026-07-22 04:54:16,-0.13
2026-07-22 04:54:20,-0.11
2026-07-22 04:55:06,-0.23
2026-07-22 04:57:35,-0.17
2026-07-22 04:58:07,-0.25
2026-07-22 04:58:35,-0.17
2026-07-22 05:00:01,-0.14
2026-07-22 05:00:05,-0.22
2026-07-22 05:01:03,-0.16
2026-07-22 05:01:36,-0.21
2026-07-22 05:03:30,-0.22
2026-07-22 05:03:52,-0.11
2026-07-22 05:04:19,-0.25
2026-07-22 05:04:24,-0.15
2026-07-22 05:06:08,-0.23
2026-07-22 05:06:45,-0.14
2026-07-22 05:07:44,-0.15
2026-07-22 05:08:11,-0.22
2026-07-22 05:09:32,-0.15
2026-07-22 05:10:22,-0.21
2026-07-22 05:12:20,-0.07
2026-07-22 05:12:29,-0.10
2026-07-22 05:13:05,-0.19
2026-07-22 05:14:13,-0.22
2026-07-22 05:14:27,-0.14
2026-07-22 05:16:02,-0.21
2026-07-22 05:17:47,-0.14
2026-07-22 05:17:51,-0.21
2026-07-22 05:19:08,-0.13
2026-07-22 05:20:35,-0.21
2026-07-22 05:21:10,-0.19
2026-07-22 05:21:42,-0.14
2026-07-22 05:23:50,-0.21
2026-07-22 05:25:19,-0.14
2026-07-22 05:26:05,-0.15
2026-07-22 05:26:15,-0.21
2026-07-22 05:27:46,-0.22
2026-07-22 05:28:30,-0.14
2026-07-22 05:29:11,-0.20
2026-07-22 05:30:20,-0.11
2026-07-22 05:31:14,-0.21
2026-07-22 05:32:44,-0.20
2026-07-22 05:33:30,-0.13
2026-07-22 05:34:56,-0.20
2026-07-22 05:35:23,-0.13
2026-07-22 05:36:58,-0.18
2026-07-22 05:37:22,-0.17
2026-07-22 05:37:52,-0.12
2026-07-22 05:38:56,-0.18
2026-07-22 05:39:20,-0.13
2026-07-22 05:40:54,-0.12
2026-07-22 05:40:58,-0.17
2026-07-22 05:42:38,-0.11
2026-07-22 05:45:00,-0.17
2026-07-22 05:45:40,-0.10
2026-07-22 05:46:25,-0.18
2026-07-22 05:48:00,-0.17
2026-07-22 05:48:36,-0.09
2026-07-22 05:50:12,-0.16
2026-07-22 05:50:52,-0.17
2026-07-22 05:51:37,-0.12
2026-07-22 05:52:18,-0.11
2026-07-22 05:52:22,-0.16
2026-07-22 05:54:16,-0.12
2026-07-22 05:55:16,-0.18
2026-07-22 05:55:29,-0.17
2026-07-22 05:55:37,-0.13
2026-07-22 05:58:30,-0.18
2026-07-22 05:59:56,-0.13
2026-07-22 06:00:24,-0.17
2026-07-22 06:00:56,-0.13
2026-07-22 06:02:07,-0.18
2026-07-22 06:02:17,-0.12
2026-07-22 06:03:47,-0.14
2026-07-22 06:04:24,-0.18
2026-07-22 06:06:30,-0.11
2026-07-22 06:07:03,-0.13
2026-07-22 06:07:37,-0.18
2026-07-22 06:09:00,-0.19
2026-07-22 06:09:23,-0.13
2026-07-22 06:10:17,-0.14
2026-07-22 06:10:39,-0.19
2026-07-22 06:13:00,-0.14
2026-07-22 06:13:37,-0.19
2026-07-22 06:14:41,-0.15
2026-07-22 06:15:21,-0.20
2026-07-22 06:15:29,-0.15
2026-07-22 06:16:56,-0.20
2026-07-22 06:17:05,-0.15
2026-07-22 06:19:11,-0.20
2026-07-22 06:21:01,-0.19
2026-07-22 06:21:28,-0.14
2026-07-22 06:21:59,-0.18
2026-07-22 06:23:17,-0.15
2026-07-22 06:24:12,-0.19
2026-07-22 06:24:16,-0.13
2026-07-22 06:25:20,-0.14
2026-07-22 06:26:36,-0.20
2026-07-22 06:26:58,-0.19
2026-07-22 06:27:22,-0.13
2026-07-22 06:28:25,-0.15
2026-07-22 06:28:39,-0.20
2026-07-22 06:30:37,-0.22
2026-07-22 06:30:55,-0.14
2026-07-22 06:32:04,-0.16
2026-07-22 06:32:25,-0.21
2026-07-22 06:33:34,-0.15
2026-07-22 06:34:00,-0.21
2026-07-22 06:35:37,-0.15
2026-07-22 06:36:48,-0.16
2026-07-22 06:36:54,-0.21
2026-07-22 06:39:27,-0.16
2026-07-22 06:39:50,-0.25
2026-07-22 06:40:03,-0.14
2026-07-22 06:40:30,-0.23
2026-07-22 06:41:52,-0.21
2026-07-22 06:42:56,-0.13
2026-07-22 06:43:37,-0.11
2026-07-22 06:44:21,-0.22
2026-07-22 06:45:06,-0.15
2026-07-22 06:45:25,-0.25
2026-07-22 06:48:00,-0.23
2026-07-22 06:48:08,-0.15
2026-07-22 06:48:45,-0.23
2026-07-22 06:49:39,-0.15
2026-07-22 06:50:20,-0.22
2026-07-22 06:50:34,-0.15
2026-07-22 06:51:46,-0.17
2026-07-22 06:52:23,-0.24
2026-07-22 06:53:17,-0.22
2026-07-22 06:53:39,-0.15
2026-07-22 06:55:02,-0.23
2026-07-22 06:55:32,-0.15
2026-07-22 06:56:32,-0.23
2026-07-22 06:57:17,-0.15
2026-07-22 06:59:07,-0.23
2026-07-22 06:59:24,-0.15
2026-07-22 06:59:42,-0.21
2026-07-22 07:01:09,-0.12
2026-07-22 07:01:39,-0.13
2026-07-22 07:02:25,-0.21
2026-07-22 07:03:02,-0.14
2026-07-22 07:03:10,-0.21
2026-07-22 07:04:42,-0.15
2026-07-22 07:05:04,-0.22
2026-07-22 07:06:26,-0.15
2026-07-22 07:06:45,-0.23
2026-07-22 07:08:37,-0.22
2026-07-22 07:09:00,-0.15
2026-07-22 07:10:13,-0.17
2026-07-22 07:10:27,-0.21
2026-07-22 07:11:35,-0.24
2026-07-22 07:11:43,-0.16
2026-07-22 07:13:09,-0.20
2026-07-22 07:14:49,-0.21
2026-07-22 07:15:07,-0.12
2026-07-22 07:16:38,-0.21
2026-07-22 07:17:18,-0.10
2026-07-22 07:17:59,-0.21
2026-07-22 07:19:25,-0.09
2026-07-22 07:20:33,-0.23
2026-07-22 07:21:19,-0.19
2026-07-22 07:22:31,-0.13
2026-07-22 07:23:56,-0.18
2026-07-22 07:24:02,-0.11
2026-07-22 07:25:19,-0.10
2026-07-22 07:26:04,-0.20
2026-07-22 07:26:58,-0.12
2026-07-22 07:27:53,-0.18
2026-07-22 07:28:47,-0.10
2026-07-22 07:29:24,-0.13
2026-07-22 07:29:56,-0.17
2026-07-22 07:31:17,-0.11
2026-07-22 07:33:38,-0.19
2026-07-22 07:35:39,-0.11
2026-07-22 07:37:06,-0.10
2026-07-22 07:37:37,-0.19
2026-07-22 07:39:04,-0.20
2026-07-22 07:39:08,-0.12
2026-07-22 07:39:22,-0.18
2026-07-22 07:39:26,-0.12
2026-07-22 07:41:33,-0.09
2026-07-22 07:41:38,-0.19
2026-07-22 07:42:36,-0.17
2026-07-22 07:43:00,-0.10
2026-07-22 07:45:15,-0.17
2026-07-22 07:47:22,-0.18
2026-07-22 07:47:26,-0.10
2026-07-22 07:48:07,-0.11
2026-07-22 07:48:35,-0.18
2026-07-22 07:49:33,-0.17
2026-07-22 07:49:37,-0.11
2026-07-22 07:51:09,-0.10
2026-07-22 07:52:08,-0.18
2026-07-22 07:53:16,-0.17
2026-07-22 07:53:47,-0.10
2026-07-22 07:54:33,-0.15
2026-07-22 07:55:22,-0.08
2026-07-22 07:56:21,-0.10
2026-07-22 07:56:31,-0.16
2026-07-22 07:57:30,-0.15
2026-07-22 07:57:43,-0.10
2026-07-22 07:59:13,-0.16
2026-07-22 07:59:31,-0.07
2026-07-22 08:00:58,-0.14
2026-07-22 08:02:01,0.06
2026-07-22 08:02:24,-0.20
2026-07-22 08:02:38,-0.01
2026-07-22 08:04:18,-0.07
2026-07-22 08:04:45,-0.20
2026-07-22 08:06:14,-0.18
2026-07-22 08:06:24,0.00
2026-07-22 08:08:04,-0.03
2026-07-22 08:08:22,-0.24
2026-07-22 08:10:02,0.05
2026-07-22 08:10:06,-0.28
2026-07-22 08:11:11,-0.19
2026-07-22 08:11:24,-0.02
2026-07-22 08:13:26,-0.03
2026-07-22 08:13:31,-0.20
2026-07-22 08:14:47,0.11
2026-07-22 08:14:52,-0.33
2026-07-22 08:15:42,0.00
2026-07-22 08:15:47,-0.21
2026-07-22 08:17:58,-0.04
2026-07-22 08:18:02,-0.19
2026-07-22 08:18:57,0.01
2026-07-22 08:19:21,-0.25
2026-07-22 08:20:42,-0.05
2026-07-22 08:21:14,-0.22
2026-07-22 08:22:31,-0.13
2026-07-22 08:23:21,-0.02
2026-07-22 08:24:38,-0.03
2026-07-22 08:25:19,-0.17
2026-07-22 08:26:08,-0.04
2026-07-22 08:26:21,-0.14
2026-07-22 08:28:11,-0.18
2026-07-22 08:28:42,-0.03
2026-07-22 08:29:01,0.00
2026-07-22 08:30:00,-0.12
2026-07-22 08:31:12,0.01
2026-07-22 08:31:49,-0.14
2026-07-22 08:32:25,0.00
2026-07-22 08:33:10,-0.15
2026-07-22 08:34:55,-0.04
2026-07-22 08:35:05,-0.15
2026-07-22 08:35:40,-0.20
2026-07-22 08:36:53,-0.02
2026-07-22 08:37:15,-0.27
2026-07-22 08:37:34,0.01
2026-07-22 08:39:50,-0.15
2026-07-22 08:40:16,0.02
2026-07-22 08:40:44,-0.12
2026-07-22 08:40:49,0.01
2026-07-22 08:41:07,-0.05
2026-07-22 08:41:11,-0.16
2026-07-22 08:41:16,0.00
2026-07-22 08:41:48,-0.11
2026-07-22 08:43:00,0.02
2026-07-22 08:43:04,-0.18
2026-07-22 08:44:25,0.25
2026-07-22 08:44:40,-0.16
2026-07-22 08:45:25,-0.29
2026-07-22 08:45:34,0.13
2026-07-22 08:47:00,-0.11
2026-07-22 08:48:00,0.09
2026-07-22 08:49:07,-0.14
2026-07-22 08:50:11,0.09
2026-07-22 08:50:21,-0.12
2026-07-22 08:51:29,0.07
2026-07-22 08:52:36,-0.06
2026-07-22 08:53:21,0.03
2026-07-22 08:54:16,-0.08
2026-07-22 08:55:10,0.09
2026-07-22 08:56:22,-0.11
2026-07-22 08:56:27,0.26
2026-07-22 08:57:45,0.12
2026-07-22 08:58:06,-0.26
2026-07-22 08:58:30,-0.24
2026-07-22 08:58:43,0.03
2026-07-22 09:00:17,-0.13
2026-07-22 09:01:30,0.09
2026-07-22 09:02:02,0.05
2026-07-22 09:02:52,-0.10
2026-07-22 09:03:50,0.04
2026-07-22 09:04:54,-0.14
2026-07-22 09:05:11,0.09
2026-07-22 09:06:11,-0.11
2026-07-22 09:08:09,0.08
2026-07-22 09:08:18,-0.11
2026-07-22 09:09:31,-0.32
2026-07-22 09:09:40,0.19
2026-07-22 09:11:01,-0.15
2026-07-22 09:11:14,0.04
2026-07-22 09:12:41,0.05
2026-07-22 09:12:45,-0.11
2026-07-22 09:13:31,-0.13
2026-07-22 09:13:49,0.04
2026-07-22 09:15:19,-0.07
2026-07-22 09:15:24,0.03
2026-07-22 09:16:55,-0.08
2026-07-22 09:17:58,0.01
2026-07-22 09:18:25,-0.07
2026-07-22 09:19:11,0.00
2026-07-22 09:20:55,0.03
2026-07-22 09:21:04,-0.12
2026-07-22 09:21:36,-0.06
2026-07-22 09:21:45,0.03
2026-07-22 09:23:20,-0.06
2026-07-22 09:24:27,0.02
2026-07-22 09:25:41,-0.06
2026-07-22 09:26:21,0.04
2026-07-22 09:26:35,0.02
2026-07-22 09:27:56,-0.04
2026-07-22 09:28:33,0.02
2026-07-22 09:29:00,-0.05
2026-07-22 09:31:03,0.01
2026-07-22 09:31:25,-0.06
2026-07-22 09:32:29,0.02
2026-07-22 09:32:47,-0.08
2026-07-22 09:33:10,0.00
2026-07-22 09:33:41,-0.06
2026-07-22 09:35:25,0.21
2026-07-22 09:35:43,-0.27
2026-07-22 09:36:35,0.08
2026-07-22 09:37:37,-0.07
2026-07-22 09:39:03,0.02
2026-07-22 09:39:48,0.00
2026-07-22 09:40:03,-0.06
2026-07-22 09:42:59,0.02
2026-07-22 09:44:34,-0.07
2026-07-22 09:45:55,-0.09
2026-07-22 09:46:19,0.04
2026-07-22 09:46:45,-0.11
2026-07-22 09:47:49,0.10
2026-07-22 09:48:26,-0.13
2026-07-22 09:49:24,0.16
2026-07-22 09:50:05,0.04
2026-07-22 09:50:41,-0.14
2026-07-22 09:52:25,-0.09
2026-07-22 09:52:31,0.01
2026-07-22 09:52:58,-0.07
2026-07-22 09:54:23,0.03
2026-07-22 09:56:04,0.07
2026-07-22 09:56:13,-0.10
2026-07-22 09:57:06,-0.11
2026-07-22 09:57:29,0.08
2026-07-22 09:57:56,0.02
2026-07-22 09:58:01,-0.05
2026-07-22 09:59:59,-0.14
2026-07-22 10:00:03,0.11
2026-07-22 10:01:43,-0.07
2026-07-22 10:01:47,0.05
2026-07-22 10:03:45,0.09
2026-07-22 10:03:54,-0.14
2026-07-22 10:05:20,-0.23
2026-07-22 10:06:00,0.17
2026-07-22 10:06:14,0.06
2026-07-22 10:06:28,-0.10
2026-07-22 10:07:59,-0.09
2026-07-22 10:08:27,0.03
2026-07-22 10:09:42,-0.07
2026-07-22 10:09:52,0.06
2026-07-22 10:12:40,-0.11
2026-07-22 10:12:49,-0.09
2026-07-22 10:13:17,0.04
2026-07-22 10:15:14,-0.11
2026-07-22 10:15:46,0.11
2026-07-22 10:16:13,0.14
2026-07-22 10:17:39,-0.10
2026-07-22 10:17:53,0.15
2026-07-22 10:18:34,-0.11
2026-07-22 10:20:55,0.19
2026-07-22 10:20:59,-0.19
2026-07-22 10:21:53,0.14
2026-07-22 10:22:26,-0.07
2026-07-22 10:23:37,-0.11
2026-07-22 10:23:56,0.15
2026-07-22 10:24:37,0.08
2026-07-22 10:25:12,-0.10
2026-07-22 10:27:06,-0.14
2026-07-22 10:27:12,0.27
2026-07-22 10:27:38,0.15
2026-07-22 10:28:19,-0.09
2026-07-22 10:29:44,0.04
2026-07-22 10:30:40,-0.07
2026-07-22 10:31:11,0.03
2026-07-22 10:31:56,-0.11
2026-07-22 10:33:13,-0.08
2026-07-22 10:33:59,0.08
2026-07-22 10:34:44,0.10
2026-07-22 10:35:48,-0.13
2026-07-22 10:37:09,0.21
2026-07-22 10:37:18,-0.11
2026-07-22 10:38:04,0.21
2026-07-22 10:38:31,-0.06
2026-07-22 10:40:28,-0.14
2026-07-22 10:40:47,0.16
2026-07-22 10:41:14,0.25
2026-07-22 10:42:08,-0.15
2026-07-22 10:42:58,0.11
2026-07-22 10:43:02,-0.16
2026-07-22 10:44:51,0.18
2026-07-22 10:44:56,-0.05
2026-07-22 10:46:41,-0.13
2026-07-22 10:46:45,0.24
2026-07-22 10:48:02,-0.11
2026-07-22 10:48:06,0.22
2026-07-22 10:49:46,-0.13
2026-07-22 10:50:36,0.17
2026-07-22 10:50:50,0.30
2026-07-22 10:51:04,-0.08
2026-07-22 10:53:15,-0.07
2026-07-22 10:53:28,0.12
2026-07-22 10:54:28,-0.04
2026-07-22 10:54:32,0.22
2026-07-22 10:56:17,0.13
2026-07-22 10:56:25,0.00
2026-07-22 10:58:14,-0.03
2026-07-22 10:58:46,0.26
2026-07-22 10:59:13,0.18
2026-07-22 10:59:18,-0.11
2026-07-22 11:01:02,-0.03
2026-07-22 11:01:06,0.17
2026-07-22 11:02:23,-0.02
2026-07-22 11:03:45,0.11
2026-07-22 11:05:25,-0.02
2026-07-22 11:05:30,0.17
2026-07-22 11:05:35,0.20
2026-07-22 11:06:51,-0.11
2026-07-22 11:07:41,-0.03
2026-07-22 11:08:44,0.21
2026-07-22 11:09:21,-0.08
2026-07-22 11:09:25,0.16
2026-07-22 11:11:00,-0.06
2026-07-22 11:11:14,0.27
2026-07-22 11:13:17,-0.12
2026-07-22 11:13:30,0.26
2026-07-22 11:13:58,0.16
2026-07-22 11:14:25,0.02
2026-07-22 11:16:36,-0.01
2026-07-22 11:16:46,0.26
2026-07-22 11:17:44,-0.02
2026-07-22 11:18:34,0.17
2026-07-22 11:19:32,0.01
2026-07-22 11:20:00,0.18
2026-07-22 11:20:27,0.02
2026-07-22 11:21:04,0.19
2026-07-22 11:22:39,0.00
2026-07-22 11:23:28,0.16
2026-07-22 11:24:37,-0.04
2026-07-22 11:25:04,0.15
2026-07-22 11:25:36,0.18
2026-07-22 11:26:57,0.01
2026-07-22 11:27:02,0.10
2026-07-22 11:27:47,-0.01
2026-07-22 11:28:42,0.00
2026-07-22 11:29:54,0.11
2026-07-22 11:31:52,0.02
2026-07-22 11:31:57,0.00
2026-07-22 11:33:19,0.18
2026-07-22 11:34:08,0.27
2026-07-22 11:34:13,-0.03
2026-07-22 11:35:39,0.00
2026-07-22 11:35:48,0.17
2026-07-22 11:37:05,0.19
2026-07-22 11:37:32,-0.06
2026-07-22 11:39:07,-0.01
2026-07-22 11:39:40,0.23
2026-07-22 11:40:16,0.06
2026-07-22 11:40:24,0.15
2026-07-22 11:42:50,0.07
2026-07-22 11:43:36,0.13
2026-07-22 11:44:57,0.06
2026-07-22 11:45:10,0.04
2026-07-22 11:45:37,0.14
2026-07-22 11:47:17,0.05
2026-07-22 11:48:15,0.18
2026-07-22 11:48:48,-0.04
2026-07-22 11:49:10,0.33
2026-07-22 11:50:45,-0.03
2026-07-22 11:51:39,0.26
2026-07-22 11:52:20,0.00
2026-07-22 11:52:57,0.19
2026-07-22 11:53:28,0.04
2026-07-22 11:54:55,0.13
2026-07-22 11:55:40,0.02
2026-07-22 11:56:40,0.19
2026-07-22 11:57:01,-0.16
2026-07-22 11:57:10,0.29
2026-07-22 11:58:23,0.03
2026-07-22 11:58:28,0.18
2026-07-22 12:01:06,0.02
2026-07-22 12:01:11,0.33
2026-07-22 12:01:51,0.02
2026-07-22 12:02:46,0.18
2026-07-22 12:04:48,0.07
2026-07-22 12:04:58,0.20
2026-07-22 12:05:06,0.06
2026-07-22 12:07:05,0.02
2026-07-22 12:07:36,0.20
2026-07-22 12:08:21,0.25
2026-07-22 12:09:25,0.09
2026-07-22 12:10:55,0.29
2026-07-22 12:11:00,0.03
2026-07-22 12:11:41,0.20
2026-07-22 12:12:44,0.06
2026-07-22 12:14:15,0.23
2026-07-22 12:14:37,0.02
2026-07-22 12:15:09,0.17
2026-07-22 12:16:22,0.08
2026-07-22 12:17:43,-0.06
2026-07-22 12:17:53,0.27
2026-07-22 12:18:53,0.20
2026-07-22 12:19:06,0.06
2026-07-22 12:20:59,0.20
2026-07-22 12:21:12,0.02
2026-07-22 12:21:58,0.05
2026-07-22 12:22:21,0.18
2026-07-22 12:23:37,0.04
2026-07-22 12:24:17,0.18
2026-07-22 12:25:25,0.03
2026-07-22 12:25:54,0.18
2026-07-22 12:26:57,0.09
2026-07-22 12:27:15,0.33
2026-07-22 12:28:05,0.25
2026-07-22 12:28:37,0.06
2026-07-22 12:29:53,0.21
2026-07-22 12:30:12,0.06
2026-07-22 12:31:55,0.23
2026-07-22 12:32:36,0.07
2026-07-22 12:33:03,0.23
2026-07-22 12:33:54,-0.01
2026-07-22 12:34:49,0.23
2026-07-22 12:35:51,0.06
2026-07-22 12:36:19,0.01
2026-07-22 12:36:24,0.24
2026-07-22 12:37:58,0.20
2026-07-22 12:38:03,0.06
2026-07-22 12:41:00,0.21
2026-07-22 12:41:10,0.06
2026-07-22 12:41:36,0.21
2026-07-22 12:42:44,0.10
2026-07-22 12:44:10,0.04
2026-07-22 12:44:15,0.21
2026-07-22 12:44:37,0.09
2026-07-22 12:45:05,0.24
2026-07-22 12:46:54,-0.02
2026-07-22 12:47:48,0.20
2026-07-22 12:47:52,0.15
2026-07-22 12:49:29,0.02
2026-07-22 12:49:51,0.06
2026-07-22 12:50:40,0.23
2026-07-22 12:51:35,0.07
2026-07-22 12:51:48,0.18
2026-07-22 12:52:57,0.10
2026-07-22 12:53:47,0.24
2026-07-22 12:54:32,0.19
2026-07-22 12:54:36,0.06
2026-07-22 12:56:16,0.27
2026-07-22 12:57:29,0.09
2026-07-22 12:57:56,0.27
2026-07-22 12:59:08,0.01
2026-07-22 12:59:39,0.19
2026-07-22 12:59:58,0.08
2026-07-22 13:02:23,0.06
2026-07-22 13:02:33,0.23
2026-07-22 13:03:00,0.33
2026-07-22 13:03:04,0.08
2026-07-22 13:04:40,0.24
2026-07-22 13:05:15,0.07
2026-07-22 13:06:51,0.10
2026-07-22 13:07:04,0.26
2026-07-22 13:08:17,0.23
2026-07-22 13:08:53,0.07
2026-07-22 13:10:01,0.23
2026-07-22 13:10:41,0.05
2026-07-22 13:11:00,0.09
2026-07-22 13:11:18,0.23
2026-07-22 13:13:33,0.09
2026-07-22 13:13:52,0.21
2026-07-22 13:14:37,0.26
2026-07-22 13:15:31,0.10
2026-07-22 13:15:55,0.26
2026-07-22 13:16:40,0.05
2026-07-22 13:18:02,0.24
2026-07-22 13:18:06,0.04
2026-07-22 13:19:23,0.06
2026-07-22 13:19:46,0.28
2026-07-22 13:21:11,0.31
2026-07-22 13:21:48,0.07
2026-07-22 13:23:42,0.03
2026-07-22 13:23:55,0.35
2026-07-22 13:24:40,0.29
2026-07-22 13:24:59,0.10
2026-07-22 13:25:53,0.12
2026-07-22 13:27:09,0.36
2026-07-22 13:27:34,0.05
2026-07-22 13:27:42,0.25
2026-07-22 13:29:26,0.09
2026-07-22 13:30:10,0.28
2026-07-22 13:31:05,0.22
2026-07-22 13:32:04,0.12
2026-07-22 13:33:08,-0.02
2026-07-22 13:33:26,0.38
2026-07-22 13:34:16,0.29
2026-07-22 13:34:56,0.06
2026-07-22 13:36:41,0.02
2026-07-22 13:37:03,0.31
2026-07-22 13:38:12,0.00
2026-07-22 13:38:57,0.28
2026-07-22 13:39:29,0.09
2026-07-22 13:39:51,0.32
2026-07-22 13:40:42,0.31
2026-07-22 13:42:17,0.00
2026-07-22 13:43:24,-0.01
2026-07-22 13:43:47,0.48
2026-07-22 13:44:28,0.29
2026-07-22 13:45:32,0.10
2026-07-22 13:45:45,0.33
2026-07-22 13:46:44,0.08
2026-07-22 13:47:16,0.09
2026-07-22 13:48:01,0.34
2026-07-22 13:49:31,0.26
2026-07-22 13:49:49,0.16
2026-07-22 13:51:07,0.11
2026-07-22 13:51:16,0.25
2026-07-22 13:52:14,0.03
2026-07-22 13:52:33,0.34
2026-07-22 13:54:03,0.29
2026-07-22 13:54:11,0.18
2026-07-22 13:56:42,0.15
2026-07-22 13:56:46,0.37
2026-07-22 13:57:53,0.38
2026-07-22 13:58:35,0.14
2026-07-22 13:58:53,0.12
2026-07-22 13:59:11,0.33
2026-07-22 14:00:37,0.15
2026-07-22 14:01:41,0.30
2026-07-22 14:02:14,0.17
2026-07-22 14:03:25,0.31
2026-07-22 14:04:24,0.33
2026-07-22 14:04:42,0.14
2026-07-22 14:06:09,0.29
2026-07-22 14:06:40,0.14
2026-07-22 14:07:12,0.13
2026-07-22 14:07:44,0.27
2026-07-22 14:09:14,0.33
2026-07-22 14:09:27,0.12
2026-07-22 14:10:22,0.27
2026-07-22 14:10:36,0.14
2026-07-22 14:12:20,0.29
2026-07-22 14:13:19,0.11
2026-07-22 14:14:01,0.30
2026-07-22 14:14:18,0.17
2026-07-22 14:15:39,0.11
2026-07-22 14:16:03,0.34
2026-07-22 14:18:10,0.17
2026-07-22 14:18:31,0.27
2026-07-22 14:20:02,0.16
2026-07-22 14:20:12,0.29
2026-07-22 14:21:33,0.26
2026-07-22 14:21:38,0.13
2026-07-22 14:23:21,0.16
2026-07-22 14:23:30,0.27
2026-07-22 14:23:34,0.15
2026-07-22 14:24:43,0.27
2026-07-22 14:25:52,0.00
2026-07-22 14:26:32,0.30
2026-07-22 14:26:55,0.33
2026-07-22 14:27:50,0.11
2026-07-22 14:28:30,0.13
2026-07-22 14:29:06,0.26
2026-07-22 14:30:24,0.18
2026-07-22 14:31:45,0.28
2026-07-22 14:32:03,0.22
2026-07-22 14:33:12,0.33
2026-07-22 14:33:39,0.16
2026-07-22 14:33:52,0.36
2026-07-22 14:35:28,0.07
2026-07-22 14:35:50,0.33
2026-07-22 14:37:03,0.17
2026-07-22 14:37:57,0.34
2026-07-22 14:38:33,0.18
2026-07-22 14:39:01,0.33
2026-07-22 14:40:54,0.36
2026-07-22 14:41:08,0.18
2026-07-22 14:41:53,0.12
2026-07-22 14:42:06,0.36
2026-07-22 14:43:32,0.40
2026-07-22 14:44:50,0.19
2026-07-22 14:45:31,0.18
2026-07-22 14:46:29,0.29
2026-07-22 14:46:39,0.30
2026-07-22 14:47:33,0.19
2026-07-22 14:48:19,0.18
2026-07-22 14:49:17,0.28
2026-07-22 14:50:21,0.34
2026-07-22 14:50:52,0.22
2026-07-22 14:52:37,0.07
2026-07-22 14:52:41,0.40
2026-07-22 14:53:18,0.20
2026-07-22 14:53:58,0.31
2026-07-22 14:55:02,0.37
2026-07-22 14:56:20,0.15
2026-07-22 14:56:41,0.30
2026-07-22 14:57:05,0.18
2026-07-22 14:58:35,0.31
2026-07-22 14:59:07,0.20
2026-07-22 15:01:18,0.13
2026-07-22 15:01:27,0.41
2026-07-22 15:01:59,0.35
2026-07-22 15:02:44,0.19
2026-07-22 15:04:15,0.18
2026-07-22 15:04:19,0.34
2026-07-22 15:05:27,0.18
2026-07-22 15:06:00,0.32
2026-07-22 15:06:34,0.37
2026-07-22 15:07:48,0.16
2026-07-22 15:08:47,0.18
2026-07-22 15:09:14,0.40
2026-07-22 15:09:59,0.36
2026-07-22 15:10:03,0.19
2026-07-22 15:12:16,0.13
2026-07-22 15:12:29,0.43
2026-07-22 15:13:05,0.40
2026-07-22 15:14:31,0.15
2026-07-22 15:15:30,0.34
2026-07-22 15:15:49,0.13
2026-07-22 15:16:43,0.41
2026-07-22 15:17:14,0.17
2026-07-22 15:18:13,0.34
2026-07-22 15:18:49,0.18
2026-07-22 15:19:58,0.33
2026-07-22 15:20:11,0.15
2026-07-22 15:21:33,0.20
2026-07-22 15:22:50,0.40
2026-07-22 15:23:36,0.33
2026-07-22 15:23:40,0.13
2026-07-22 15:25:33,0.36
2026-07-22 15:25:59,0.16
2026-07-22 15:27:18,0.40
2026-07-22 15:27:40,0.15
2026-07-22 15:28:26,0.42
2026-07-22 15:28:39,0.10
2026-07-22 15:30:15,0.15
2026-07-22 15:30:28,0.39
2026-07-22 15:31:27,0.15
2026-07-22 15:31:49,0.46
2026-07-22 15:33:20,0.43
2026-07-22 15:33:33,0.14
2026-07-22 15:34:37,0.12
2026-07-22 15:35:04,0.36
2026-07-22 15:36:12,0.34
2026-07-22 15:36:53,0.15
2026-07-22 15:37:57,0.33
2026-07-22 15:38:01,0.17
2026-07-22 15:39:50,0.34
2026-07-22 15:40:08,0.17
2026-07-22 15:41:52,0.31
2026-07-22 15:42:06,0.18
2026-07-22 15:43:28,0.30
2026-07-22 15:43:55,0.18
2026-07-22 15:45:17,0.17
2026-07-22 15:45:25,0.38
2026-07-22 15:46:34,0.37
2026-07-22 15:47:15,0.16
2026-07-22 15:48:27,0.15
2026-07-22 15:48:49,0.31
2026-07-22 15:49:58,0.18
2026-07-22 15:50:16,0.33
2026-07-22 15:51:28,0.30
2026-07-22 15:52:09,0.14
2026-07-22 15:54:16,0.30
2026-07-22 15:54:39,0.15
2026-07-22 15:56:05,0.28
2026-07-22 15:56:45,0.16
2026-07-22 15:58:12,0.17
2026-07-22 15:58:21,0.33
2026-07-22 16:00:32,0.15
2026-07-22 16:00:46,0.36
2026-07-22 16:01:04,0.32
2026-07-22 16:02:26,0.11
2026-07-22 16:02:43,0.07
2026-07-22 16:03:38,0.33
2026-07-22 16:04:23,0.36
2026-07-22 16:05:31,0.12
2026-07-22 16:06:16,0.42
2026-07-22 16:06:30,0.04
2026-07-22 16:08:10,0.35
2026-07-22 16:08:28,0.14
2026-07-22 16:10:35,0.12
2026-07-22 16:10:40,0.29
2026-07-22 16:11:06,0.34
2026-07-22 16:12:14,0.10
2026-07-22 16:13:13,0.31
2026-07-22 16:14:04,0.11
2026-07-22 16:14:17,0.17
2026-07-22 16:15:39,0.32
2026-07-22 16:16:06,0.28
2026-07-22 16:17:23,0.09
2026-07-22 16:18:17,0.07
2026-07-22 16:18:22,0.34
2026-07-22 16:19:44,0.31
2026-07-22 16:20:01,0.11
2026-07-22 16:21:55,0.32
2026-07-22 16:22:22,0.31
2026-07-22 16:23:40,0.15
2026-07-22 16:25:19,0.30
2026-07-22 16:25:24,0.11
2026-07-22 16:26:27,0.13
2026-07-22 16:27:16,0.33
2026-07-22 16:27:30,0.14
2026-07-22 16:28:43,0.30
2026-07-22 16:30:00,0.09
2026-07-22 16:30:30,0.31
2026-07-22 16:31:52,0.11
2026-07-22 16:31:58,0.38
2026-07-22 16:32:44,0.16
2026-07-22 16:33:10,0.24
2026-07-22 16:34:22,0.15
2026-07-22 16:35:07,0.27
2026-07-22 16:36:26,0.29
2026-07-22 16:37:01,0.14
2026-07-22 16:37:55,0.30
2026-07-22 16:38:36,0.11
2026-07-22 16:39:36,0.17
2026-07-22 16:40:08,0.28
2026-07-22 16:40:35,0.15
2026-07-22 16:40:56,0.33
2026-07-22 16:42:32,0.15
2026-07-22 16:43:39,0.28
2026-07-22 16:44:21,0.15
2026-07-22 16:45:16,0.31
2026-07-22 16:45:38,0.27
2026-07-22 16:45:42,0.16
2026-07-22 16:47:18,0.13
2026-07-22 16:48:00,0.27
2026-07-22 16:48:58,0.15
2026-07-22 16:49:48,0.29
2026-07-22 16:50:47,0.12
2026-07-22 16:51:00,0.31
2026-07-22 16:52:09,0.29
2026-07-22 16:53:11,0.12
2026-07-22 16:53:52,0.26
2026-07-22 16:54:15,0.13
2026-07-22 16:55:59,0.26
2026-07-22 16:56:26,0.08
2026-07-22 16:57:34,0.07
2026-07-22 16:58:24,0.29
2026-07-22 16:58:47,0.26
2026-07-22 17:00:08,0.13
2026-07-22 17:01:02,0.11
2026-07-22 17:01:43,0.27
2026-07-22 17:02:06,0.29
2026-07-22 17:03:15,0.12
2026-07-22 17:03:42,0.32
2026-07-22 17:05:03,0.11
2026-07-22 17:05:58,0.24
2026-07-22 17:06:52,0.10
2026-07-22 17:07:33,0.28
2026-07-22 17:08:22,0.11
2026-07-22 17:08:40,0.30
2026-07-22 17:09:03,0.09
2026-07-22 17:10:29,0.08
2026-07-22 17:10:57,0.32
2026-07-22 17:12:55,0.16
2026-07-22 17:13:22,0.28
2026-07-22 17:13:30,0.13
2026-07-22 17:14:06,0.25
2026-07-22 17:15:37,0.15
2026-07-22 17:16:24,0.28
2026-07-22 17:16:50,0.24
2026-07-22 17:17:53,0.14
2026-07-22 17:19:29,0.23
2026-07-22 17:19:38,0.13
2026-07-22 17:20:14,0.14
2026-07-22 17:20:55,0.24
2026-07-22 17:22:12,0.16
2026-07-22 17:24:06,0.22
2026-07-22 17:24:10,0.16
2026-07-22 17:25:04,0.13
2026-07-22 17:26:17,0.22
2026-07-22 17:27:34,0.26
2026-07-22 17:28:01,0.05
2026-07-22 17:29:09,0.12
2026-07-22 17:29:26,0.24
2026-07-22 17:31:20,0.06
2026-07-22 17:31:34,0.23
2026-07-22 17:31:44,0.11
2026-07-22 17:31:48,0.27
2026-07-22 17:33:42,0.10
2026-07-22 17:34:17,0.26
2026-07-22 17:35:08,0.24
2026-07-22 17:35:30,0.12
2026-07-22 17:38:00,0.24
2026-07-22 17:38:04,0.08
2026-07-22 17:38:23,0.22
2026-07-22 17:39:31,0.10
2026-07-22 17:40:20,0.19
2026-07-22 17:40:47,0.11
2026-07-22 17:41:33,0.20
2026-07-22 17:41:46,0.10
2026-07-22 17:44:02,0.19
2026-07-22 17:45:01,0.20
2026-07-22 17:45:06,0.12
2026-07-22 17:46:41,0.19
2026-07-22 17:47:26,0.11
2026-07-22 17:49:02,0.17
2026-07-22 17:49:33,0.10
2026-07-22 17:50:37,0.11
2026-07-22 17:50:41,0.21
2026-07-22 17:51:39,0.10
2026-07-22 17:53:01,0.22
2026-07-22 17:53:07,0.21
2026-07-22 17:54:33,0.11
2026-07-22 17:55:58,0.20
2026-07-22 17:56:12,0.09
2026-07-22 17:56:39,0.22
2026-07-22 17:57:11,0.12
2026-07-22 17:58:06,0.19
2026-07-22 17:58:36,0.11
2026-07-22 18:00:04,0.18
2026-07-22 18:00:58,0.13
2026-07-22 18:01:44,0.17
2026-07-22 18:02:38,0.09
2026-07-22 18:03:54,0.18
2026-07-22 18:03:59,0.11
2026-07-22 18:05:03,0.18
2026-07-22 18:05:48,0.09
2026-07-22 18:06:38,0.11
2026-07-22 18:06:47,0.16
2026-07-22 18:08:26,0.18
2026-07-22 18:08:30,0.12
2026-07-22 18:10:02,0.13
2026-07-22 18:10:43,0.23
2026-07-22 18:11:18,0.19
2026-07-22 18:12:31,0.10
2026-07-22 18:13:35,0.19
2026-07-22 18:14:11,0.08
2026-07-22 18:14:52,0.11
2026-07-22 18:15:00,0.22
2026-07-22 18:16:40,0.12
2026-07-22 18:17:07,0.21
2026-07-22 18:17:53,0.24
2026-07-22 18:18:29,0.14
2026-07-22 18:19:55,0.11
2026-07-22 18:21:08,0.19
2026-07-22 18:21:12,0.11
2026-07-22 18:21:22,0.19
2026-07-22 18:23:38,0.14
2026-07-22 18:23:42,0.20
2026-07-22 18:24:37,0.12
2026-07-22 18:24:50,0.22
2026-07-22 18:26:47,0.10
2026-07-22 18:27:20,0.21
2026-07-22 18:28:01,0.10
2026-07-22 18:29:00,0.24
2026-07-22 18:29:31,0.22
2026-07-22 18:30:29,0.09
2026-07-22 18:31:34,0.10
2026-07-22 18:31:48,0.18
2026-07-22 18:32:56,0.21
2026-07-22 18:34:08,0.10
2026-07-22 18:34:39,0.17
2026-07-22 18:35:39,0.11
2026-07-22 18:37:27,0.20
2026-07-22 18:37:37,0.07
2026-07-22 18:37:59,0.19
2026-07-22 18:38:58,0.08
2026-07-22 18:40:11,0.19
2026-07-22 18:40:21,0.09
2026-07-22 18:41:15,0.08
2026-07-22 18:42:27,0.21
2026-07-22 18:42:36,0.15
2026-07-22 18:43:35,0.06
2026-07-22 18:45:32,0.18
2026-07-22 18:46:49,0.17
2026-07-22 18:47:22,0.07
2026-07-22 18:47:39,0.18
2026-07-22 18:48:57,0.04
2026-07-22 18:50:05,0.06
2026-07-22 18:50:27,0.14
2026-07-22 18:51:28,0.07
2026-07-22 18:51:41,0.14
2026-07-22 18:52:53,0.07
2026-07-22 18:53:19,0.12
2026-07-22 18:54:18,0.08
2026-07-22 18:54:37,0.14
2026-07-22 18:55:50,0.07
2026-07-22 18:56:44,0.13
2026-07-22 18:58:00,0.14
2026-07-22 18:58:46,0.07
2026-07-22 19:00:26,0.14
2026-07-22 19:00:53,0.07
2026-07-22 19:01:38,0.16
2026-07-22 19:03:08,0.06
2026-07-22 19:03:22,0.16
2026-07-22 19:04:25,0.07
2026-07-22 19:05:06,0.18
2026-07-22 19:06:01,0.06
2026-07-22 19:06:28,0.12
2026-07-22 19:07:31,0.07
2026-07-22 19:08:17,0.13
2026-07-22 19:09:06,0.11
2026-07-22 19:09:19,0.08
2026-07-22 19:11:32,0.06
2026-07-22 19:11:59,0.20
2026-07-22 19:12:30,0.03
2026-07-22 19:13:11,0.17
2026-07-22 19:15:05,0.13
2026-07-22 19:15:09,0.04
2026-07-22 19:16:22,0.12
2026-07-22 19:17:07,0.03
2026-07-22 19:17:16,0.06
2026-07-22 19:18:34,0.17
2026-07-22 19:19:04,0.12
2026-07-22 19:20:17,0.05
2026-07-22 19:21:02,0.12
2026-07-22 19:21:06,0.03
2026-07-22 19:22:20,0.07
2026-07-22 19:23:00,0.16
2026-07-22 19:24:18,0.04
2026-07-22 19:24:31,0.11
2026-07-22 19:26:29,0.05
2026-07-22 19:27:23,0.02
2026-07-22 19:28:13,0.11
2026-07-22 19:29:03,0.04
2026-07-22 19:29:07,0.09
2026-07-22 19:31:10,0.10
2026-07-22 19:31:15,0.03
2026-07-22 19:32:09,0.11
2026-07-22 19:33:03,0.04
2026-07-22 19:33:45,0.03
2026-07-22 19:34:39,0.10
2026-07-22 19:35:28,0.08
2026-07-22 19:36:58,0.00
2026-07-22 19:37:48,0.10
2026-07-22 19:37:54,0.03
2026-07-22 19:39:42,0.10
2026-07-22 19:40:09,-0.02
2026-07-22 19:41:27,0.02
2026-07-22 19:41:31,0.13
2026-07-22 19:42:12,-0.01
2026-07-22 19:42:44,0.11
2026-07-22 19:44:09,-0.02
2026-07-22 19:45:18,0.09
2026-07-22 19:45:26,0.00
2026-07-22 19:46:57,-0.02
2026-07-22 19:47:42,0.12
2026-07-22 19:49:22,-0.04
2026-07-22 19:49:58,0.13
2026-07-22 19:50:30,-0.04
2026-07-22 19:51:47,0.11
2026-07-22 19:52:18,0.08
2026-07-22 19:52:24,0.01
2026-07-22 19:52:46,0.07
2026-07-22 19:52:55,0.06
2026-07-22 19:53:04,0.01
2026-07-22 19:53:18,0.07
2026-07-22 19:53:50,0.10
2026-07-22 19:54:12,-0.01
2026-07-22 19:55:20,0.08
2026-07-22 19:55:52,0.00
2026-07-22 19:57:45,0.12
2026-07-22 19:58:21,0.00
2026-07-22 19:58:34,-0.03
2026-07-22 19:58:53,0.14
2026-07-22 20:01:14,-0.08
2026-07-22 20:01:36,0.08
2026-07-22 20:02:13,-0.04
2026-07-22 20:03:38,0.08
2026-07-22 20:04:29,-0.02
2026-07-22 20:05:14,-0.01
2026-07-22 20:06:26,0.13
2026-07-22 20:06:59,0.08
2026-07-22 20:07:07,-0.03
2026-07-22 20:08:47,-0.04
2026-07-22 20:09:55,0.09
2026-07-22 20:10:58,-0.03
2026-07-22 20:11:12,0.09
2026-07-22 20:12:21,-0.03
2026-07-22 20:13:10,0.09
2026-07-22 20:13:29,-0.02
2026-07-22 20:13:42,0.10
2026-07-22 20:16:17,0.11
2026-07-22 20:16:34,-0.05
2026-07-22 20:17:55,-0.04
2026-07-22 20:18:09,0.15
2026-07-22 20:18:27,0.11
2026-07-22 20:19:17,-0.07
2026-07-22 20:20:07,0.11
2026-07-22 20:21:15,-0.08
2026-07-22 20:22:23,-0.05
2026-07-22 20:22:59,0.12
2026-07-22 20:23:22,-0.20
2026-07-22 20:23:58,0.12
2026-07-22 20:24:57,0.10
2026-07-22 20:25:24,-0.04
2026-07-22 20:26:41,0.07
2026-07-22 20:27:55,-0.04
2026-07-22 20:29:16,0.11
2026-07-22 20:30:27,0.07
2026-07-22 20:31:19,-0.08
2026-07-22 20:31:32,0.10
2026-07-22 20:32:13,-0.06
2026-07-22 20:33:48,0.07
2026-07-22 20:33:56,-0.05
2026-07-22 20:35:32,-0.04
2026-07-22 20:36:03,0.23
2026-07-22 20:36:58,-0.09
2026-07-22 20:37:20,0.12
2026-07-22 20:38:38,-0.09
2026-07-22 20:39:42,0.09
2026-07-22 20:40:22,0.15
2026-07-22 20:41:20,-0.08
2026-07-22 20:41:57,0.13
2026-07-22 20:42:38,-0.14
2026-07-22 20:43:14,-0.09
2026-07-22 20:43:24,0.11
2026-07-22 20:44:45,-0.11
2026-07-22 20:45:49,0.13
2026-07-22 20:46:39,0.08
2026-07-22 20:47:01,-0.15
2026-07-22 20:48:18,0.07
2026-07-22 20:48:45,-0.14
2026-07-22 20:49:48,-0.07
2026-07-22 20:50:12,0.07
2026-07-22 20:51:29,0.04
2026-07-22 20:51:42,-0.13
2026-07-22 20:53:00,-0.06
2026-07-22 20:53:35,0.06
2026-07-22 20:54:48,-0.07
2026-07-22 20:56:09,0.07
2026-07-22 20:56:15,0.05
2026-07-22 20:57:36,-0.10
2026-07-22 20:58:12,-0.05
2026-07-22 20:58:53,0.05
2026-07-22 20:59:48,0.04
2026-07-22 21:00:46,-0.11
2026-07-22 21:02:08,0.07
2026-07-22 21:02:40,-0.05
2026-07-22 21:03:53,0.06
2026-07-22 21:04:23,-0.06
2026-07-22 21:04:47,-0.08
2026-07-22 21:05:22,0.08
2026-07-22 21:06:21,-0.12
2026-07-22 21:06:26,0.11
2026-07-22 21:09:09,0.02
2026-07-22 21:09:13,-0.10
2026-07-22 21:09:50,-0.08
2026-07-22 21:10:26,0.04
2026-07-22 21:12:15,0.09
2026-07-22 21:12:19,-0.10
2026-07-22 21:13:51,0.11
2026-07-22 21:14:04,-0.10
2026-07-22 21:14:26,-0.14
2026-07-22 21:14:40,0.09
2026-07-22 21:17:28,0.07
2026-07-22 21:17:33,-0.11
2026-07-22 21:18:36,0.08
2026-07-22 21:19:08,-0.12
2026-07-22 21:19:22,0.02
2026-07-22 21:20:30,-0.11
2026-07-22 21:22:00,-0.14
2026-07-22 21:22:04,0.05
2026-07-22 21:22:41,-0.12
2026-07-22 21:22:54,0.01
2026-07-22 21:24:25,0.03
2026-07-22 21:24:33,-0.11
2026-07-22 21:26:14,-0.13
2026-07-22 21:26:32,0.04
2026-07-22 21:28:01,-0.15
2026-07-22 21:28:34,0.07
2026-07-22 21:30:08,0.14
2026-07-22 21:30:36,-0.19
2026-07-22 21:31:36,-0.11
2026-07-22 21:31:40,0.07
2026-07-22 21:32:34,-0.11
2026-07-22 21:33:29,0.04
2026-07-22 21:34:32,0.01
2026-07-22 21:35:13,-0.11
2026-07-22 21:35:58,-0.06
2026-07-22 21:37:25,0.01
2026-07-22 21:38:19,-0.14
2026-07-22 21:39:49,0.03
2026-07-22 21:40:16,-0.11
2026-07-22 21:41:34,0.07
2026-07-22 21:42:06,-0.11
2026-07-22 21:42:36,0.09
2026-07-22 21:42:56,-0.13
2026-07-22 21:44:17,0.00
2026-07-22 21:45:07,-0.12
2026-07-22 21:47:05,-0.01
2026-07-22 21:47:09,-0.12
2026-07-22 21:47:36,-0.09
2026-07-22 21:48:26,0.10
2026-07-22 21:49:12,0.03
2026-07-22 21:50:14,-0.14
2026-07-22 21:50:55,-0.16
2026-07-22 21:51:27,0.01
2026-07-22 21:52:22,-0.12
2026-07-22 21:52:27,0.00
2026-07-22 21:55:32,-0.13
2026-07-22 21:55:51,-0.02
2026-07-22 21:56:04,-0.11
2026-07-22 21:58:16,-0.03
2026-07-22 21:58:43,-0.13
2026-07-22 21:59:14,0.00
2026-07-22 21:59:51,-0.12
2026-07-22 22:00:40,-0.11
2026-07-22 22:01:04,-0.02
2026-07-22 22:02:16,-0.01
2026-07-22 22:02:38,-0.10
2026-07-22 22:04:01,-0.13
2026-07-22 22:04:05,-0.04
2026-07-22 22:06:17,0.00
2026-07-22 22:07:06,-0.08
2026-07-22 22:07:56,-0.10
2026-07-22 22:08:37,-0.02
2026-07-22 22:08:59,-0.08
2026-07-22 22:09:45,-0.05
2026-07-22 22:10:43,-0.02
2026-07-22 22:12:06,-0.14
2026-07-22 22:13:08,-0.11
2026-07-22 22:13:18,-0.01
2026-07-22 22:14:08,-0.13
2026-07-22 22:15:15,-0.03
2026-07-22 22:16:10,-0.10
2026-07-22 22:16:51,-0.03
2026-07-22 22:17:13,-0.12
2026-07-22 22:17:23,-0.03
2026-07-22 22:18:45,-0.09
2026-07-22 22:20:15,-0.01
2026-07-22 22:20:42,-0.03
2026-07-22 22:21:13,-0.14
2026-07-22 22:22:31,-0.02
2026-07-22 22:23:17,-0.11
2026-07-22 22:23:48,0.01
2026-07-22 22:24:51,-0.11
2026-07-22 22:25:23,-0.02
2026-07-22 22:26:17,-0.13
2026-07-22 22:28:03,0.00
2026-07-22 22:28:24,-0.14
2026-07-22 22:29:28,-0.12
2026-07-22 22:29:37,-0.03
2026-07-22 22:31:53,-0.12
2026-07-22 22:32:34,-0.03
2026-07-22 22:33:38,-0.12
2026-07-22 22:34:01,-0.05
2026-07-22 22:35:17,-0.13
2026-07-22 22:36:12,-0.06
2026-07-22 22:36:57,-0.05
2026-07-22 22:37:29,-0.14
2026-07-22 22:39:45,-0.04
2026-07-22 22:40:31,-0.12
2026-07-22 22:41:43,-0.02
2026-07-22 22:42:46,-0.01
2026-07-22 22:43:22,-0.16
2026-07-22 22:43:50,-0.05
2026-07-22 22:44:07,-0.14
2026-07-22 22:45:38,-0.11
2026-07-22 22:45:42,-0.03
2026-07-22 22:46:51,-0.05
2026-07-22 22:46:55,-0.13
2026-07-22 22:48:40,-0.05
2026-07-22 22:49:10,-0.12
2026-07-22 22:50:06,-0.04
2026-07-22 22:51:00,-0.11
2026-07-22 22:51:45,-0.04
2026-07-22 22:52:12,-0.12
2026-07-22 22:54:06,-0.13
2026-07-22 22:54:20,-0.04
2026-07-22 22:56:27,-0.11
2026-07-22 22:56:35,0.00
2026-07-22 22:56:54,-0.01
2026-07-22 22:57:58,-0.10
2026-07-22 22:58:29,-0.13
2026-07-22 22:59:56,0.00
2026-07-22 23:01:17,-0.11
2026-07-22 23:01:40,-0.12
2026-07-22 23:02:16,-0.02
2026-07-22 23:03:19,-0.12
2026-07-22 23:04:22,-0.03
2026-07-22 23:05:35,0.01
2026-07-22 23:06:12,-0.13
2026-07-22 23:06:44,-0.11
2026-07-22 23:08:01,-0.03
2026-07-22 23:08:42,-0.11
2026-07-22 23:08:46,-0.03
2026-07-22 23:09:54,-0.12
2026-07-22 23:10:08,0.00
2026-07-22 23:12:23,-0.11
2026-07-22 23:12:36,0.00
2026-07-22 23:13:13,-0.03
2026-07-22 23:13:45,-0.10
2026-07-22 23:15:06,-0.11
2026-07-22 23:15:15,0.00
2026-07-22 23:17:27,-0.11
2026-07-22 23:17:54,-0.04
2026-07-22 23:18:44,0.00
2026-07-22 23:19:29,-0.13
2026-07-22 23:21:05,-0.04
2026-07-22 23:21:15,-0.16
2026-07-22 23:22:22,-0.17
2026-07-22 23:22:36,-0.03
2026-07-22 23:23:51,0.00
2026-07-22 23:24:28,-0.19
2026-07-22 23:24:51,-0.01
2026-07-22 23:25:24,-0.14
2026-07-22 23:27:26,-0.05
2026-07-22 23:28:47,0.05
2026-07-22 23:29:19,-0.16
2026-07-22 23:30:04,-0.14
2026-07-22 23:30:14,-0.04
2026-07-22 23:32:10,-0.14
2026-07-22 23:33:06,-0.15
2026-07-22 23:34:00,-0.03
2026-07-22 23:35:25,-0.12
2026-07-22 23:36:02,-0.02
2026-07-22 23:36:24,-0.12
2026-07-22 23:36:48,-0.03
2026-07-22 23:38:41,-0.07
2026-07-22 23:38:50,-0.14
2026-07-22 23:40:25,-0.04
2026-07-22 23:41:55,-0.06
2026-07-22 23:42:27,-0.14
2026-07-22 23:43:08,-0.04
2026-07-22 23:43:44,-0.14
2026-07-22 23:44:34,-0.07
2026-07-22 23:45:10,-0.13
2026-07-22 23:47:31,-0.07
2026-07-22 23:48:07,-0.14
2026-07-22 23:48:25,-0.07
2026-07-22 23:50:54,-0.14
2026-07-22 23:51:13,-0.07
2026-07-22 23:52:03,-0.14
2026-07-22 23:53:24,-0.13
2026-07-22 23:54:14,-0.04
2026-07-22 23:55:45,-0.14
2026-07-22 23:56:17,-0.07
2026-07-22 23:58:06,-0.14
2026-07-22 23:59:24,-0.13
2026-07-22 23:59:28,-0.06
2026-07-23 00:01:16,-0.13
2026-07-23 00:02:24,-0.05
2026-07-23 00:03:00,-0.12
2026-07-23 00:03:09,-0.07
2026-07-23 00:04:58,-0.15
2026-07-23 00:05:02,-0.06
2026-07-23 00:06:05,-0.05
2026-07-23 00:07:27,-0.13
2026-07-23 00:08:08,-0.03
2026-07-23 00:08:44,-0.12
2026-07-23 00:10:05,-0.03
2026-07-23 00:11:10,-0.11
2026-07-23 00:11:55,-0.03
2026-07-23 00:12:53,-0.11
2026-07-23 00:13:02,-0.01
2026-07-23 00:14:56,-0.10
2026-07-23 00:15:28,-0.04
2026-07-23 00:16:00,-0.09
2026-07-23 00:16:54,-0.03
2026-07-23 00:17:43,-0.09
2026-07-23 00:18:48,-0.03
2026-07-23 00:19:42,-0.05
2026-07-23 00:19:59,-0.10
2026-07-23 00:20:54,-0.03
2026-07-23 00:21:39,-0.11
2026-07-23 00:22:38,-0.05
2026-07-23 00:24:04,-0.10
2026-07-23 00:24:18,-0.09
2026-07-23 00:24:27,-0.04
2026-07-23 00:25:48,-0.07
2026-07-23 00:27:00,-0.11
2026-07-23 00:28:28,-0.05
2026-07-23 00:28:54,-0.12
2026-07-23 00:29:26,-0.10
2026-07-23 00:30:29,-0.03
2026-07-23 00:31:06,-0.02
2026-07-23 00:31:24,-0.10
2026-07-23 00:32:31,-0.11
2026-07-23 00:32:41,-0.05
2026-07-23 00:34:17,-0.06
2026-07-23 00:34:25,-0.11
2026-07-23 00:36:05,-0.06
2026-07-23 00:36:23,-0.12
2026-07-23 00:37:21,-0.06
2026-07-23 00:37:27,-0.11
2026-07-23 00:39:47,-0.06
2026-07-23 00:40:15,-0.11
2026-07-23 00:41:00,-0.06
2026-07-23 00:41:13,-0.11
2026-07-23 00:42:22,-0.10
2026-07-23 00:43:29,-0.06
2026-07-23 00:44:41,-0.05
2026-07-23 00:44:51,-0.11
2026-07-23 00:46:35,-0.06
2026-07-23 00:48:06,-0.12
2026-07-23 00:48:37,-0.03
2026-07-23 00:49:00,-0.05
2026-07-23 00:50:08,-0.12
2026-07-23 00:51:34,-0.04
2026-07-23 00:51:48,-0.13
2026-07-23 00:52:43,-0.05
2026-07-23 00:53:37,-0.11
2026-07-23 00:54:44,-0.05
2026-07-23 00:55:39,-0.12
2026-07-23 00:55:48,-0.04
2026-07-23 00:57:51,-0.13
2026-07-23 00:58:23,-0.05
2026-07-23 00:58:49,-0.07
2026-07-23 00:59:26,-0.12
2026-07-23 01:00:29,-0.13
2026-07-23 01:02:01,-0.06
2026-07-23 01:02:09,-0.14
2026-07-23 01:03:03,-0.08
2026-07-23 01:04:03,-0.14
2026-07-23 01:05:10,-0.06
2026-07-23 01:05:38,-0.07
2026-07-23 01:05:51,-0.12
2026-07-23 01:07:08,-0.03
2026-07-23 01:08:03,-0.11
2026-07-23 01:09:19,-0.05
2026-07-23 01:09:33,-0.14
2026-07-23 01:10:36,-0.15
2026-07-23 01:10:47,-0.05
2026-07-23 01:12:16,-0.03
2026-07-23 01:12:21,-0.11
2026-07-23 01:13:56,-0.12
2026-07-23 01:15:04,-0.04
2026-07-23 01:15:50,-0.10
2026-07-23 01:16:23,-0.04
2026-07-23 01:18:19,-0.11
2026-07-23 01:18:42,-0.04
2026-07-23 01:19:40,-0.12
2026-07-23 01:20:54,-0.05
2026-07-23 01:21:48,-0.12
2026-07-23 01:21:58,-0.05
2026-07-23 01:23:23,-0.11
2026-07-23 01:24:50,-0.02
2026-07-23 01:26:07,-0.11
2026-07-23 01:27:10,-0.10
2026-07-23 01:28:24,-0.05
2026-07-23 01:28:32,-0.06
2026-07-23 01:28:45,-0.11
2026-07-23 01:31:01,-0.04
2026-07-23 01:31:19,-0.13
2026-07-23 01:32:20,-0.11
2026-07-23 01:33:00,-0.03
2026-07-23 01:34:03,-0.15
2026-07-23 01:34:26,0.00
2026-07-23 01:35:24,-0.02
2026-07-23 01:36:29,-0.16
2026-07-23 01:36:50,-0.15
2026-07-23 01:37:04,-0.05
2026-07-23 01:39:06,-0.04
2026-07-23 01:39:16,-0.14
2026-07-23 01:40:11,-0.03
2026-07-23 01:41:27,-0.13
2026-07-23 01:42:00,-0.14
2026-07-23 01:42:08,-0.05
2026-07-23 01:43:26,-0.04
2026-07-23 01:44:15,-0.13
2026-07-23 01:45:28,-0.08
2026-07-23 01:46:09,-0.13
2026-07-23 01:46:43,-0.11
2026-07-23 01:47:21,-0.05
2026-07-23 01:48:24,-0.12
2026-07-23 01:49:27,-0.07
2026-07-23 01:50:31,-0.16
2026-07-23 01:50:35,-0.01
2026-07-23 01:51:58,-0.06
2026-07-23 01:52:19,-0.14
2026-07-23 01:53:32,-0.06
2026-07-23 01:53:41,-0.13
2026-07-23 01:54:54,-0.06
2026-07-23 01:55:26,-0.12
2026-07-23 01:56:52,-0.03
2026-07-23 01:58:09,-0.13
2026-07-23 01:58:17,-0.11
2026-07-23 01:58:50,-0.06
2026-07-23 02:00:20,-0.15
2026-07-23 02:00:57,-0.04
2026-07-23 02:01:37,0.02
2026-07-23 02:02:09,-0.13
2026-07-23 02:03:12,-0.07
2026-07-23 02:03:35,-0.13
2026-07-23 02:05:46,-0.06
2026-07-23 02:05:51,-0.15
2026-07-23 02:06:41,-0.20
2026-07-23 02:07:13,-0.02
2026-07-23 02:08:11,-0.03
2026-07-23 02:08:56,-0.17
2026-07-23 02:09:46,-0.16
2026-07-23 02:10:50,-0.06
2026-07-23 02:11:58,-0.18
2026-07-23 02:12:07,-0.04
2026-07-23 02:13:24,-0.17
2026-07-23 02:13:42,-0.03
2026-07-23 02:15:27,-0.14
2026-07-23 02:15:49,-0.08
2026-07-23 02:16:34,-0.11
2026-07-23 02:17:06,-0.05
2026-07-23 02:18:47,-0.13
2026-07-23 02:19:04,-0.05
2026-07-23 02:20:53,-0.11
2026-07-23 02:21:34,-0.07
2026-07-23 02:21:38,-0.13
2026-07-23 02:23:10,-0.07
2026-07-23 02:23:45,-0.14
2026-07-23 02:26:06,-0.03
2026-07-23 02:26:19,-0.07
2026-07-23 02:27:36,-0.15
2026-07-23 02:27:55,-0.07
2026-07-23 02:28:48,-0.14
2026-07-23 02:29:43,-0.09
2026-07-23 02:31:09,-0.15
2026-07-23 02:31:15,-0.14
2026-07-23 02:32:17,-0.07
2026-07-23 02:34:24,-0.14
2026-07-23 02:34:29,-0.06
2026-07-23 02:34:33,-0.07
2026-07-23 02:34:57,-0.18
2026-07-23 02:36:35,-0.22
2026-07-23 02:37:40,-0.03
2026-07-23 02:38:29,-0.07
2026-07-23 02:39:10,-0.20
2026-07-23 02:39:33,-0.01
2026-07-23 02:40:18,-0.20
2026-07-23 02:41:21,-0.02
2026-07-23 02:42:34,-0.25
2026-07-23 02:43:42,-0.26
2026-07-23 02:44:04,0.02
2026-07-23 02:45:40,0.05
2026-07-23 02:45:58,-0.21
2026-07-23 02:46:16,-0.03
2026-07-23 02:47:19,-0.27
2026-07-23 02:48:13,0.04
2026-07-23 02:49:04,-0.24
2026-07-23 02:49:49,-0.25
2026-07-23 02:50:44,0.05
2026-07-23 02:51:21,-0.25
2026-07-23 02:52:32,0.04
2026-07-23 02:52:56,-0.23
2026-07-23 02:53:28,0.07
2026-07-23 02:54:54,-0.21
2026-07-23 02:55:20,0.04
2026-07-23 02:56:11,-0.01
2026-07-23 02:57:10,-0.17
2026-07-23 02:57:41,-0.15
2026-07-23 02:58:04,-0.05
2026-07-23 03:00:29,-0.07
2026-07-23 03:00:52,-0.15
2026-07-23 03:00:56,-0.16
2026-07-23 03:02:00,-0.07
2026-07-23 03:03:25,-0.18
2026-07-23 03:04:48,-0.19
2026-07-23 03:05:19,-0.07
2026-07-23 03:07:21,-0.15
2026-07-23 03:07:58,-0.17
2026-07-23 03:08:38,-0.06
2026-07-23 03:09:24,-0.25
2026-07-23 03:10:31,-0.06
2026-07-23 03:11:47,-0.17
2026-07-23 03:12:16,-0.05
2026-07-23 03:12:29,-0.20
2026-07-23 03:13:50,-0.03
2026-07-23 03:14:22,-0.01
2026-07-23 03:15:16,-0.18
2026-07-23 03:16:29,-0.05
2026-07-23 03:16:34,-0.18
2026-07-23 03:18:09,-0.04
2026-07-23 03:18:44,-0.15
2026-07-23 03:20:11,-0.04
2026-07-23 03:20:16,-0.17
2026-07-23 03:21:56,-0.07
2026-07-23 03:22:18,-0.21
2026-07-23 03:22:45,-0.18
2026-07-23 03:23:07,-0.02
2026-07-23 03:24:29,-0.22
2026-07-23 03:24:53,-0.06
2026-07-23 03:26:28,-0.05
2026-07-23 03:26:36,-0.19
2026-07-23 03:27:45,-0.21
2026-07-23 03:27:58,-0.04
2026-07-23 03:29:30,-0.07
2026-07-23 03:30:04,-0.21
2026-07-23 03:31:50,-0.03
2026-07-23 03:32:17,0.00
2026-07-23 03:33:11,-0.24
2026-07-23 03:34:19,-0.19
2026-07-23 03:34:23,-0.02
2026-07-23 03:35:40,-0.10
2026-07-23 03:35:59,-0.19
2026-07-23 03:37:42,-0.05
2026-07-23 03:38:33,-0.17
2026-07-23 03:39:19,-0.19
2026-07-23 03:40:08,-0.08
2026-07-23 03:40:57,-0.06
2026-07-23 03:41:51,-0.19
2026-07-23 03:43:04,0.00
2026-07-23 03:43:09,-0.22
2026-07-23 03:44:26,-0.21
2026-07-23 03:44:35,-0.02
2026-07-23 03:45:30,-0.21
2026-07-23 03:45:47,-0.05
2026-07-23 03:47:10,-0.01
2026-07-23 03:47:19,-0.20
2026-07-23 03:48:59,-0.21
2026-07-23 03:50:06,-0.04
2026-07-23 03:51:37,-0.17
2026-07-23 03:52:00,0.02
2026-07-23 03:52:04,-0.22
2026-07-23 03:52:54,-0.03
2026-07-23 03:54:25,-0.22
2026-07-23 03:55:15,-0.01
2026-07-23 03:56:09,-0.24
2026-07-23 03:56:41,-0.07
2026-07-23 03:57:21,-0.21
2026-07-23 03:57:35,-0.07
2026-07-23 03:59:20,-0.19
2026-07-23 03:59:47,-0.07
2026-07-23 04:00:36,-0.09
2026-07-23 04:01:35,-0.21
2026-07-23 04:02:16,-0.08
2026-07-23 04:03:06,-0.22
2026-07-23 04:04:31,-0.07
2026-07-23 04:04:41,-0.19
2026-07-23 04:06:03,0.04
2026-07-23 04:06:48,-0.18
2026-07-23 04:06:58,-0.22
2026-07-23 04:08:00,-0.03
2026-07-23 04:08:37,-0.04
2026-07-23 04:09:50,-0.26
2026-07-23 04:10:48,-0.17
2026-07-23 04:11:34,-0.05
2026-07-23 04:12:09,-0.17
2026-07-23 04:12:55,0.07
2026-07-23 04:14:03,-0.23
2026-07-23 04:14:36,-0.05
2026-07-23 04:15:34,-0.03
2026-07-23 04:16:24,-0.18
2026-07-23 04:17:37,-0.19
2026-07-23 04:17:50,-0.05
2026-07-23 04:20:01,-0.22
2026-07-23 04:20:51,-0.07
2026-07-23 04:21:09,-0.23
2026-07-23 04:22:18,-0.05
2026-07-23 04:23:12,-0.21
2026-07-23 04:23:29,-0.05
2026-07-23 04:24:37,-0.18
2026-07-23 04:25:10,-0.16
2026-07-23 04:26:13,-0.04
2026-07-23 04:27:30,-0.10
2026-07-23 04:27:53,-0.22
2026-07-23 04:29:37,-0.08
2026-07-23 04:29:42,-0.16
2026-07-23 04:30:45,-0.07
2026-07-23 04:31:07,-0.20
2026-07-23 04:32:07,-0.05
2026-07-23 04:32:28,-0.20
2026-07-23 04:34:01,-0.07
2026-07-23 04:34:22,-0.17
2026-07-23 04:35:26,-0.18
2026-07-23 04:36:20,-0.07
2026-07-23 04:37:30,-0.18
2026-07-23 04:38:00,-0.09
2026-07-23 04:38:55,-0.15
2026-07-23 04:39:17,-0.07
2026-07-23 04:41:25,-0.17
2026-07-23 04:42:14,-0.08
2026-07-23 04:43:04,-0.18
2026-07-23 04:43:54,-0.02
2026-07-23 04:44:53,-0.06
2026-07-23 04:46:23,-0.18
2026-07-23 04:46:42,-0.22
2026-07-23 04:47:14,-0.06
2026-07-23 04:48:41,-0.19
2026-07-23 04:49:17,-0.03
2026-07-23 04:49:48,-0.19
2026-07-23 04:51:19,-0.03
2026-07-23 04:51:46,-0.16
2026-07-23 04:52:46,-0.08
2026-07-23 04:53:12,-0.17
2026-07-23 04:53:53,-0.08
2026-07-23 04:54:56,-0.06
2026-07-23 04:56:18,-0.18
2026-07-23 04:57:12,-0.09
2026-07-23 04:58:38,-0.06
2026-07-23 04:59:05,-0.19
2026-07-23 04:59:51,-0.05
2026-07-23 05:00:23,-0.18
2026-07-23 05:02:15,-0.01
2026-07-23 05:03:10,-0.03
2026-07-23 05:04:27,-0.18
2026-07-23 05:04:46,-0.20
2026-07-23 05:05:44,-0.05
2026-07-23 05:07:05,-0.20
2026-07-23 05:08:23,-0.22
2026-07-23 05:08:28,-0.02
2026-07-23 05:10:17,-0.03
2026-07-23 05:10:34,-0.20
2026-07-23 05:11:57,-0.02
2026-07-23 05:12:15,-0.18
2026-07-23 05:13:18,0.00
2026-07-23 05:14:07,-0.21
2026-07-23 05:14:47,-0.24
2026-07-23 05:15:01,0.00
2026-07-23 05:16:37,-0.02
2026-07-23 05:17:14,-0.18
2026-07-23 05:18:08,-0.02
2026-07-23 05:18:48,-0.23
2026-07-23 05:20:19,-0.17
2026-07-23 05:20:55,0.00
2026-07-23 05:21:23,-0.01
2026-07-23 05:21:36,-0.17
2026-07-23 05:23:57,-0.20
2026-07-23 05:24:24,-0.03
2026-07-23 05:24:28,-0.19
2026-07-23 05:25:40,-0.04
2026-07-23 05:26:30,-0.07
2026-07-23 05:27:20,-0.20
2026-07-23 05:27:52,-0.07
2026-07-23 05:28:41,-0.18
2026-07-23 05:29:41,-0.19
2026-07-23 05:30:26,-0.02
2026-07-23 05:31:43,-0.06
2026-07-23 05:32:06,-0.18
2026-07-23 05:32:56,-0.16
2026-07-23 05:33:27,-0.05
2026-07-23 05:34:58,-0.21
2026-07-23 05:35:44,-0.08
2026-07-23 05:36:06,-0.05
2026-07-23 05:37:10,-0.17
2026-07-23 05:38:54,-0.02
2026-07-23 05:40:07,-0.14
2026-07-23 05:40:24,-0.07
2026-07-23 05:41:41,-0.17
2026-07-23 05:41:45,-0.03
2026-07-23 05:42:50,-0.07
2026-07-23 05:43:08,-0.14
2026-07-23 05:44:20,-0.07
2026-07-23 05:44:24,-0.13
2026-07-23 05:46:18,-0.14
2026-07-23 05:47:26,-0.06
2026-07-23 05:48:43,-0.14
2026-07-23 05:49:14,-0.06
2026-07-23 05:50:00,-0.14
2026-07-23 05:51:00,-0.12
2026-07-23 05:52:11,-0.06
2026-07-23 05:52:39,-0.08
2026-07-23 05:52:56,-0.14
2026-07-23 05:54:32,0.00
2026-07-23 05:55:03,-0.15
2026-07-23 05:56:07,-0.13
2026-07-23 05:56:11,-0.04
2026-07-23 05:58:32,-0.06
2026-07-23 05:58:42,-0.14
2026-07-23 06:00:12,-0.18
2026-07-23 06:00:40,-0.07
2026-07-23 06:01:56,-0.14
2026-07-23 06:02:55,-0.08
2026-07-23 06:04:16,-0.16
2026-07-23 06:04:43,-0.08
2026-07-23 06:05:43,-0.09
2026-07-23 06:06:46,-0.14
2026-07-23 06:08:03,-0.07
2026-07-23 06:08:26,-0.16
2026-07-23 06:09:34,-0.13
2026-07-23 06:10:29,-0.08
2026-07-23 06:10:51,-0.15
2026-07-23 06:11:50,-0.10
2026-07-23 06:12:27,-0.11
2026-07-23 06:13:30,-0.18
2026-07-23 06:13:58,-0.17
2026-07-23 06:14:24,-0.07
2026-07-23 06:15:36,-0.08
2026-07-23 06:15:50,-0.17
2026-07-23 06:17:26,-0.11
2026-07-23 06:18:48,-0.17
2026-07-23 06:18:57,-0.11
2026-07-23 06:20:05,-0.18
2026-07-23 06:21:08,-0.12
2026-07-23 06:21:58,-0.18
2026-07-23 06:23:10,-0.11
2026-07-23 06:24:46,-0.12
2026-07-23 06:25:22,-0.18
2026-07-23 06:25:58,-0.12
2026-07-23 06:26:11,-0.18
2026-07-23 06:27:23,-0.13
2026-07-23 06:28:09,-0.21
2026-07-23 06:29:09,-0.18
2026-07-23 06:30:03,-0.13
2026-07-23 06:31:56,-0.19
2026-07-23 06:32:09,-0.18
2026-07-23 06:33:09,-0.10
2026-07-23 06:33:45,-0.14
2026-07-23 06:34:04,-0.22
2026-07-23 06:35:25,-0.12
2026-07-23 06:36:33,-0.21
2026-07-23 06:37:28,-0.14
2026-07-23 06:37:45,-0.21
2026-07-23 06:38:49,-0.20
2026-07-23 06:39:20,-0.14
2026-07-23 06:40:29,-0.19
2026-07-23 06:41:18,-0.11
2026-07-23 06:42:35,-0.19
2026-07-23 06:42:59,-0.13
2026-07-23 06:43:43,-0.18
2026-07-23 06:45:10,-0.11
2026-07-23 06:46:00,-0.12
2026-07-23 06:46:17,-0.19
2026-07-23 06:47:12,-0.17
2026-07-23 06:48:07,-0.13
2026-07-23 06:49:33,-0.18
2026-07-23 06:50:41,-0.17
2026-07-23 06:51:17,-0.09
2026-07-23 06:53:01,-0.20
2026-07-23 06:54:50,-0.05
2026-07-23 06:55:58,-0.10
2026-07-23 06:56:47,-0.20
2026-07-23 06:57:10,-0.23
2026-07-23 06:58:04,-0.08
2026-07-23 06:58:59,-0.18
2026-07-23 06:59:41,-0.09
2026-07-23 07:00:43,-0.18
2026-07-23 07:01:07,-0.11
2026-07-23 07:02:32,-0.18
2026-07-23 07:03:40,-0.09
2026-07-23 07:03:54,-0.23
2026-07-23 07:05:52,-0.20
2026-07-23 07:06:14,-0.10
2026-07-23 07:07:23,-0.20
2026-07-23 07:07:40,-0.11
2026-07-23 07:08:40,-0.17
2026-07-23 07:09:11,-0.09
2026-07-23 07:10:05,-0.19
2026-07-23 07:11:32,-0.11
2026-07-23 07:12:22,-0.09
2026-07-23 07:12:44,-0.18
2026-07-23 07:13:34,-0.16
2026-07-23 07:14:15,-0.10
2026-07-23 07:15:18,-0.15
2026-07-23 07:16:26,-0.06
2026-07-23 07:16:44,-0.18
2026-07-23 07:17:20,-0.06
2026-07-23 07:18:20,-0.16
2026-07-23 07:18:46,-0.07
2026-07-23 07:19:59,-0.08
2026-07-23 07:20:53,-0.17
2026-07-23 07:21:57,-0.08
2026-07-23 07:22:42,-0.20
2026-07-23 07:23:28,-0.14
2026-07-23 07:24:30,-0.06
2026-07-23 07:25:57,-0.15
2026-07-23 07:26:20,-0.04
2026-07-23 07:26:37,-0.15
2026-07-23 07:26:56,-0.04
2026-07-23 07:28:45,-0.16
2026-07-23 07:29:12,-0.07
2026-07-23 07:30:38,-0.19
2026-07-23 07:31:19,-0.08
2026-07-23 07:31:23,-0.11
2026-07-23 07:31:27,-0.14
2026-07-23 07:32:22,-0.05
2026-07-23 07:32:48,-0.18
2026-07-23 07:33:21,-0.17
2026-07-23 07:33:39,-0.06
2026-07-23 07:34:48,-0.10
2026-07-23 07:34:56,-0.16
2026-07-23 07:36:31,-0.09
2026-07-23 07:36:58,-0.16
2026-07-23 07:38:44,-0.04
2026-07-23 07:40:13,-0.08
2026-07-23 07:40:37,-0.15
2026-07-23 07:41:30,-0.09
2026-07-23 07:41:53,-0.15
2026-07-23 07:43:55,-0.09
2026-07-23 07:44:36,-0.15
2026-07-23 07:44:46,-0.14
2026-07-23 07:45:08,-0.05
2026-07-23 07:46:22,-0.16
2026-07-23 07:46:53,-0.08
2026-07-23 07:48:14,-0.15
2026-07-23 07:49:31,-0.09
2026-07-23 07:49:45,-0.08
2026-07-23 07:49:54,-0.13
2026-07-23 07:51:47,-0.05
2026-07-23 07:53:50,-0.17
2026-07-23 07:54:21,-0.02
2026-07-23 07:55:38,-0.07
2026-07-23 07:55:42,-0.14
2026-07-23 07:56:23,-0.03
2026-07-23 07:57:23,-0.15
2026-07-23 07:58:09,-0.14
2026-07-23 07:58:53,-0.05
2026-07-23 07:59:43,-0.03
2026-07-23 08:00:42,-0.15
2026-07-23 08:02:13,-0.12
2026-07-23 08:02:45,-0.06
2026-07-23 08:02:54,-0.11
2026-07-23 08:03:07,-0.03
2026-07-23 08:04:33,-0.05
2026-07-23 08:05:10,-0.12
2026-07-23 08:07:16,-0.05
2026-07-23 08:07:30,-0.12
2026-07-23 08:08:52,-0.03
2026-07-23 08:09:02,-0.11
2026-07-23 08:09:28,-0.12
2026-07-23 08:09:56,-0.02
2026-07-23 08:11:31,-0.13
2026-07-23 08:11:35,-0.03
2026-07-23 08:13:01,-0.11
2026-07-23 08:13:19,-0.04
2026-07-23 08:15:07,0.03
2026-07-23 08:15:22,-0.18
2026-07-23 08:16:30,-0.12
2026-07-23 08:17:01,-0.02
2026-07-23 08:18:50,-0.03
2026-07-23 08:19:13,-0.13
2026-07-23 08:19:27,-0.01
2026-07-23 08:20:13,-0.09
2026-07-23 08:21:07,0.03
2026-07-23 08:22:37,-0.12
2026-07-23 08:23:53,0.02
2026-07-23 08:25:07,0.00
2026-07-23 08:25:20,-0.10
2026-07-23 08:26:06,-0.01
2026-07-23 08:26:10,-0.09
2026-07-23 08:28:54,-0.01
2026-07-23 08:30:47,-0.11
2026-07-23 08:32:00,-0.02
2026-07-23 08:32:22,-0.09
2026-07-23 08:32:50,-0.11
2026-07-23 08:34:06,0.01
2026-07-23 08:34:29,-0.08
2026-07-23 08:35:38,0.02
2026-07-23 08:36:36,-0.11
2026-07-23 08:37:17,0.02
2026-07-23 08:38:15,-0.07
2026-07-23 08:38:20,0.01
2026-07-23 08:39:38,0.03
2026-07-23 08:39:55,-0.08
2026-07-23 08:40:49,-0.09
2026-07-23 08:42:02,0.00
2026-07-23 08:42:57,0.02
2026-07-23 08:43:51,-0.09
2026-07-23 08:45:26,0.00
2026-07-23 08:45:49,-0.07
2026-07-23 08:46:47,0.00
2026-07-23 08:48:27,-0.07
2026-07-23 08:49:40,0.04
2026-07-23 08:49:49,-0.08
2026-07-23 08:50:48,0.03
2026-07-23 08:51:43,-0.08
2026-07-23 08:52:51,0.03
2026-07-23 08:53:54,-0.07
2026-07-23 08:54:17,0.06
2026-07-23 08:54:34,-0.11
2026-07-23 08:55:57,-0.06
2026-07-23 08:56:05,0.04
2026-07-23 08:57:36,0.05
2026-07-23 08:58:21,-0.06
2026-07-23 08:58:59,0.02
2026-07-23 08:59:20,-0.08
2026-07-23 09:00:42,0.02
2026-07-23 09:01:46,-0.07
2026-07-23 09:02:26,-0.08
2026-07-23 09:03:16,0.03
2026-07-23 09:04:38,-0.22
2026-07-23 09:04:43,0.44
2026-07-23 09:07:03,-0.23
2026-07-23 09:07:07,0.16
2026-07-23 09:07:21,-0.13
2026-07-23 09:07:48,0.09
2026-07-23 09:08:52,-0.05
2026-07-23 09:10:04,0.10
2026-07-23 09:10:32,0.08
2026-07-23 09:10:40,-0.09
2026-07-23 09:12:29,0.04
2026-07-23 09:13:37,-0.07
2026-07-23 09:13:59,-0.03
2026-07-23 09:14:14,0.03
2026-07-23 09:16:16,0.07
2026-07-23 09:16:47,-0.05
2026-07-23 09:17:46,0.18
2026-07-23 09:18:00,-0.05
2026-07-23 09:18:50,0.22
2026-07-23 09:19:22,-0.09
2026-07-23 09:20:43,0.10
2026-07-23 09:21:37,-0.11
2026-07-23 09:22:05,0.13
2026-07-23 09:23:35,-0.06
2026-07-23 09:24:29,-0.11
2026-07-23 09:25:16,0.10
2026-07-23 09:26:46,-0.04
2026-07-23 09:26:55,0.13
2026-07-23 09:27:49,0.24
2026-07-23 09:27:58,-0.09
2026-07-23 09:28:44,-0.10
2026-07-23 09:29:38,0.07
2026-07-23 09:31:26,-0.13
2026-07-23 09:31:32,0.29
2026-07-23 09:32:13,0.22
2026-07-23 09:32:26,-0.20
2026-07-23 09:33:52,0.16
2026-07-23 09:34:50,-0.07
2026-07-23 09:36:35,0.06
2026-07-23 09:37:53,-0.04
2026-07-23 09:39:00,0.07
2026-07-23 09:39:10,-0.02
2026-07-23 09:40:25,-0.04
2026-07-23 09:40:58,0.07
2026-07-23 09:42:47,0.10
2026-07-23 09:42:56,-0.06
2026-07-23 09:44:21,0.06
2026-07-23 09:44:30,-0.06
2026-07-23 09:45:57,0.06
2026-07-23 09:46:29,-0.06
2026-07-23 09:47:23,0.25
2026-07-23 09:47:46,-0.08
2026-07-23 09:48:36,0.11
2026-07-23 09:49:30,-0.04
2026-07-23 09:51:11,0.10
2026-07-23 09:51:19,-0.01
2026-07-23 09:52:05,0.17
2026-07-23 09:53:22,-0.05
2026-07-23 09:54:16,0.06
2026-07-23 09:54:34,-0.02
2026-07-23 09:56:05,0.09
2026-07-23 09:56:18,-0.03
2026-07-23 09:57:35,0.07
2026-07-23 09:57:40,-0.06
2026-07-23 09:58:21,0.07
2026-07-23 09:59:24,0.00
2026-07-23 10:00:28,0.07
2026-07-23 10:01:13,-0.01
2026-07-23 10:02:38,0.08
2026-07-23 10:02:58,-0.01
2026-07-23 10:03:38,0.00
2026-07-23 10:03:56,0.06
2026-07-23 10:05:09,0.02
2026-07-23 10:05:50,0.06
2026-07-23 10:07:21,0.07
2026-07-23 10:07:39,0.02
2026-07-23 10:09:05,0.01
2026-07-23 10:09:50,0.09
2026-07-23 10:10:09,0.08
2026-07-23 10:11:17,0.02
2026-07-23 10:12:16,0.00
2026-07-23 10:12:20,0.09
2026-07-23 10:13:56,0.02
2026-07-23 10:14:22,0.09
2026-07-23 10:15:39,0.02
2026-07-23 10:16:44,-0.02
2026-07-23 10:17:55,0.18
2026-07-23 10:18:09,0.03
2026-07-23 10:18:59,0.10
2026-07-23 10:20:02,0.02
2026-07-23 10:20:43,0.13
2026-07-23 10:22:23,0.04
2026-07-23 10:22:28,0.13
2026-07-23 10:23:31,0.03
2026-07-23 10:23:54,0.14
2026-07-23 10:25:06,0.13
2026-07-23 10:25:12,0.04
2026-07-23 10:27:14,0.13
2026-07-23 10:28:03,0.15
2026-07-23 10:29:38,0.06
2026-07-23 10:29:42,0.13
2026-07-23 10:29:56,0.06
2026-07-23 10:31:45,0.12
2026-07-23 10:32:53,0.04
2026-07-23 10:33:02,0.11
2026-07-23 10:33:30,0.05
2026-07-23 10:34:55,0.13
2026-07-23 10:35:41,0.06
2026-07-23 10:37:03,0.02
2026-07-23 10:37:30,0.13
2026-07-23 10:38:15,0.06
2026-07-23 10:39:27,0.14
2026-07-23 10:40:31,0.05
2026-07-23 10:40:35,0.14
2026-07-23 10:42:33,0.06
2026-07-23 10:43:23,0.07
2026-07-23 10:43:51,0.14
2026-07-23 10:44:36,0.07
2026-07-23 10:46:11,0.18
2026-07-23 10:46:15,0.17
2026-07-23 10:47:24,0.06
2026-07-23 10:47:52,0.15
2026-07-23 10:48:18,0.07
2026-07-23 10:49:39,0.17
2026-07-23 10:50:39,0.00
2026-07-23 10:51:33,0.18
2026-07-23 10:52:01,0.05
2026-07-23 10:53:22,0.17
2026-07-23 10:55:43,0.04
2026-07-23 10:55:47,0.15
2026-07-23 10:56:37,0.05
2026-07-23 10:56:41,0.18
2026-07-23 10:57:45,0.08
2026-07-23 10:57:53,0.20
2026-07-23 11:00:23,0.18
2026-07-23 11:00:54,0.09
2026-07-23 11:01:13,0.18
2026-07-23 11:01:21,0.13
2026-07-23 11:03:01,0.11
2026-07-23 11:04:19,0.20
2026-07-23 11:04:29,0.19
2026-07-23 11:05:13,0.11
2026-07-23 11:06:12,0.17
2026-07-23 11:07:24,0.11
2026-07-23 11:07:43,0.18
2026-07-23 11:08:42,0.11
2026-07-23 11:10:13,0.19
2026-07-23 11:11:12,0.12
2026-07-23 11:12:33,0.19
2026-07-23 11:12:56,0.18
2026-07-23 11:13:05,0.13
2026-07-23 11:14:40,0.12
2026-07-23 11:15:39,0.20
2026-07-23 11:16:50,0.21
2026-07-23 11:17:05,0.12
2026-07-23 11:18:04,0.18
2026-07-23 11:18:09,0.12
2026-07-23 11:19:12,0.18
2026-07-23 11:20:29,0.13
2026-07-23 11:21:42,0.14
2026-07-23 11:22:18,0.21
2026-07-23 11:24:02,0.12
2026-07-23 11:25:01,0.18
2026-07-23 11:26:28,0.12
2026-07-23 11:27:17,0.21
2026-07-23 11:28:48,0.23
2026-07-23 11:29:02,0.14
2026-07-23 11:29:20,0.13
2026-07-23 11:30:00,0.24
2026-07-23 11:31:36,0.27
2026-07-23 11:31:53,0.14
2026-07-23 11:32:43,0.17
2026-07-23 11:33:02,0.24
2026-07-23 11:35:22,0.15
2026-07-23 11:36:49,0.26
2026-07-23 11:37:53,0.17
2026-07-23 11:37:57,0.27
2026-07-23 11:39:51,0.16
2026-07-23 11:40:21,0.28
2026-07-23 11:41:21,0.30
2026-07-23 11:41:35,0.18
2026-07-23 11:43:32,0.29
2026-07-23 11:43:50,0.18
2026-07-23 11:45:20,-0.02
2026-07-23 11:45:35,0.32
2026-07-23 11:46:29,0.11
2026-07-23 11:47:14,0.31
2026-07-23 11:48:27,0.15
2026-07-23 11:48:36,0.35
2026-07-23 11:49:25,0.15
2026-07-23 11:49:44,0.31
2026-07-23 11:50:34,0.15
2026-07-23 11:50:57,0.36
2026-07-23 11:52:50,0.33
2026-07-23 11:53:17,0.12
2026-07-23 11:55:00,0.17
2026-07-23 11:55:15,0.35
2026-07-23 11:55:37,0.18
2026-07-23 11:58:29,0.38
2026-07-23 11:58:43,0.18
2026-07-23 11:58:56,0.44
2026-07-23 11:59:10,0.11
2026-07-23 12:00:46,0.38
2026-07-23 12:00:55,0.20
2026-07-23 12:02:57,0.38
2026-07-23 12:03:25,0.14
2026-07-23 12:03:51,0.32
2026-07-23 12:04:11,0.17
2026-07-23 12:05:45,0.21
2026-07-23 12:06:17,0.38
2026-07-23 12:07:33,0.37
2026-07-23 12:08:28,0.18
2026-07-23 12:10:08,0.19
2026-07-23 12:10:12,0.45
2026-07-23 12:10:26,0.16
2026-07-23 12:11:11,0.37
2026-07-23 12:12:42,0.38
2026-07-23 12:13:27,0.19
2026-07-23 12:14:45,0.22
2026-07-23 12:14:58,0.45
2026-07-23 12:16:15,0.08
2026-07-23 12:16:47,0.46
2026-07-23 12:17:00,0.43
2026-07-23 12:17:27,0.19
2026-07-23 12:18:40,0.07
2026-07-23 12:19:16,0.38
2026-07-23 12:20:15,0.24
2026-07-23 12:21:05,0.42
2026-07-23 12:22:22,0.37
2026-07-23 12:23:26,0.21
2026-07-23 12:23:49,0.37
2026-07-23 12:24:47,0.16
2026-07-23 12:25:14,0.15
2026-07-23 12:25:59,0.58
2026-07-23 12:26:54,0.10
2026-07-23 12:27:04,0.43
2026-07-23 12:28:43,0.23
2026-07-23 12:29:55,0.48
2026-07-23 12:30:32,0.44
2026-07-23 12:30:41,0.26
2026-07-23 12:32:07,0.21
2026-07-23 12:33:24,0.43
2026-07-23 12:33:29,0.22
2026-07-23 12:34:00,0.45
2026-07-23 12:35:57,0.50
2026-07-23 12:36:38,0.20
2026-07-23 12:37:15,0.44
2026-07-23 12:37:29,0.19
2026-07-23 12:38:59,0.21
2026-07-23 12:39:32,0.51
2026-07-23 12:40:13,0.47
2026-07-23 12:40:34,0.15
2026-07-23 12:42:28,0.13
2026-07-23 12:43:01,0.49
2026-07-23 12:43:27,0.21
2026-07-23 12:44:12,0.47
2026-07-23 12:45:29,0.53
2026-07-23 12:45:37,0.18
2026-07-23 12:47:45,0.20
2026-07-23 12:48:12,0.44
2026-07-23 12:48:25,0.42
2026-07-23 12:49:06,0.23
2026-07-23 12:50:28,0.42
2026-07-23 12:51:23,0.17
2026-07-23 12:52:17,0.62
2026-07-23 12:52:45,0.07
2026-07-23 12:54:01,0.54
2026-07-23 12:54:42,0.22
2026-07-23 12:55:01,0.49
2026-07-23 12:55:59,0.22
2026-07-23 12:57:40,0.26
2026-07-23 12:58:11,0.48
2026-07-23 12:59:38,0.26
2026-07-23 13:00:19,0.29
2026-07-23 13:01:16,0.45
2026-07-23 13:02:34,0.31
2026-07-23 13:02:52,0.44
2026-07-23 13:03:47,0.42
2026-07-23 13:04:00,0.24
2026-07-23 13:04:49,0.48
2026-07-23 13:05:12,0.27
2026-07-23 13:06:56,0.28
2026-07-23 13:07:05,0.47
2026-07-23 13:08:58,0.29
2026-07-23 13:09:40,0.41
2026-07-23 13:10:34,0.27
2026-07-23 13:10:48,0.42
2026-07-23 13:12:32,0.44
2026-07-23 13:12:46,0.28
2026-07-23 13:13:13,0.44
2026-07-23 13:13:26,0.23
2026-07-23 13:14:44,0.24
2026-07-23 13:15:24,0.48
2026-07-23 13:17:09,0.29
2026-07-23 13:17:55,0.47
2026-07-23 13:18:26,0.42
2026-07-23 13:18:30,0.30
2026-07-23 13:19:44,0.44
2026-07-23 13:20:10,0.30
2026-07-23 13:21:19,0.33
2026-07-23 13:22:26,0.44
2026-07-23 13:23:47,0.42
2026-07-23 13:24:15,0.30
2026-07-23 13:25:14,0.32
2026-07-23 13:25:37,0.46
2026-07-23 13:26:45,0.33
2026-07-23 13:27:16,0.41
2026-07-23 13:28:20,0.32
2026-07-23 13:28:38,0.44
2026-07-23 13:29:47,0.47
2026-07-23 13:29:51,0.31
2026-07-23 13:32:30,0.47
2026-07-23 13:32:48,0.26
2026-07-23 13:32:52,0.52
2026-07-23 13:33:52,0.16
2026-07-23 13:34:32,0.47
2026-07-23 13:35:58,0.22
2026-07-23 13:36:34,0.44
2026-07-23 13:37:33,0.32
2026-07-23 13:38:18,0.33
2026-07-23 13:38:55,0.46
2026-07-23 13:39:54,0.44
2026-07-23 13:40:57,0.33
2026-07-23 13:41:10,0.34
2026-07-23 13:42:01,0.45
2026-07-23 13:43:36,0.33
2026-07-23 13:44:08,0.47
2026-07-23 13:45:56,0.32
2026-07-23 13:46:14,0.34
2026-07-23 13:47:00,0.50
2026-07-23 13:47:54,0.52
2026-07-23 13:48:13,0.35
2026-07-23 13:49:25,0.37
2026-07-23 13:49:35,0.47
2026-07-23 13:51:36,0.34
2026-07-23 13:53:44,0.49
2026-07-23 13:54:06,0.34
2026-07-23 13:54:25,0.50
2026-07-23 13:55:28,0.36
2026-07-23 13:56:13,0.37
2026-07-23 13:57:30,0.50
2026-07-23 13:57:39,0.49
2026-07-23 13:57:57,0.34
2026-07-23 13:59:20,0.38
2026-07-23 13:59:55,0.50
2026-07-23 14:01:48,0.33
2026-07-23 14:01:53,0.49
2026-07-23 14:03:42,0.36
2026-07-23 14:05:44,0.56
2026-07-23 14:06:25,0.57
2026-07-23 14:06:47,0.39
2026-07-23 14:08:00,0.37
2026-07-23 14:08:46,0.50
2026-07-23 14:09:21,0.48
2026-07-23 14:10:34,0.36
2026-07-23 14:12:14,0.57
2026-07-23 14:12:18,0.29
2026-07-23 14:12:55,0.33
2026-07-23 14:13:03,0.65
2026-07-23 14:14:35,0.67
2026-07-23 14:15:16,0.33
2026-07-23 14:15:47,0.56
2026-07-23 14:16:46,0.33
2026-07-23 14:18:39,0.39
2026-07-23 14:19:02,0.53
2026-07-23 14:19:11,0.58
2026-07-23 14:20:20,0.35
2026-07-23 14:21:00,0.55
2026-07-23 14:22:09,0.39
2026-07-23 14:23:08,0.40
2026-07-23 14:23:16,0.54
2026-07-23 14:24:06,0.51
2026-07-23 14:25:23,0.36
2026-07-23 14:25:42,0.51
2026-07-23 14:25:46,0.31
2026-07-23 14:27:49,0.58
2026-07-23 14:28:06,0.32
2026-07-23 14:29:00,0.39
2026-07-23 14:29:19,0.55
2026-07-23 14:30:50,0.50
2026-07-23 14:31:03,0.40
2026-07-23 14:33:28,0.50
2026-07-23 14:33:50,0.38
2026-07-23 14:34:42,0.58
2026-07-23 14:34:55,0.36
2026-07-23 14:35:49,0.55
2026-07-23 14:36:30,0.36
2026-07-23 14:38:01,0.38
2026-07-23 14:38:15,0.59
2026-07-23 14:40:07,0.40
2026-07-23 14:40:21,0.56
2026-07-23 14:40:43,0.43
2026-07-23 14:41:28,0.55
2026-07-23 14:42:33,0.40
2026-07-23 14:42:42,0.57
2026-07-23 14:43:55,0.56
2026-07-23 14:43:59,0.31
2026-07-23 14:45:39,0.58
2026-07-23 14:45:57,0.39
2026-07-23 14:47:55,0.37
2026-07-23 14:48:31,0.53
2026-07-23 14:49:02,0.52
2026-07-23 14:50:06,0.40
2026-07-23 14:50:56,0.55
2026-07-23 14:51:33,0.40
2026-07-23 14:53:27,0.51
2026-07-23 14:53:31,0.39
2026-07-23 14:54:48,0.56
2026-07-23 14:55:10,0.34
2026-07-23 14:55:23,0.54
2026-07-23 14:56:44,0.39
2026-07-23 14:57:58,0.38
2026-07-23 14:58:03,0.54
2026-07-23 14:58:43,0.39
2026-07-23 14:59:19,0.57
2026-07-23 15:00:59,0.40
2026-07-23 15:01:45,0.52
2026-07-23 15:02:34,0.40
2026-07-23 15:02:53,0.54
2026-07-23 15:03:37,0.41
2026-07-23 15:03:41,0.53
2026-07-23 15:05:45,0.55
2026-07-23 15:06:53,0.36
2026-07-23 15:07:51,0.55
2026-07-23 15:08:18,0.37
2026-07-23 15:08:43,0.39
2026-07-23 15:09:04,0.52
2026-07-23 15:10:26,0.58
2026-07-23 15:11:26,0.38
2026-07-23 15:12:10,0.51
2026-07-23 15:13:27,0.37
2026-07-23 15:14:48,0.36
2026-07-23 15:14:54,0.55
2026-07-23 15:16:25,0.52
2026-07-23 15:16:47,0.37
2026-07-23 15:17:05,0.40
2026-07-23 15:18:04,0.54
2026-07-23 15:19:21,0.38
2026-07-23 15:19:25,0.51
2026-07-23 15:21:37,0.37
2026-07-23 15:22:32,0.57
2026-07-23 15:23:17,0.33
2026-07-23 15:24:16,0.37
2026-07-23 15:24:25,0.50
2026-07-23 15:25:50,0.37
2026-07-23 15:25:54,0.48
2026-07-23 15:27:30,0.39
2026-07-23 15:28:02,0.49
2026-07-23 15:29:59,0.32
2026-07-23 15:30:50,0.36
2026-07-23 15:31:07,0.50
2026-07-23 15:32:07,0.48
2026-07-23 15:32:47,0.39
2026-07-23 15:33:38,0.40
2026-07-23 15:33:55,0.50
2026-07-23 15:35:03,0.40
2026-07-23 15:35:58,0.50
2026-07-23 15:37:28,0.36
2026-07-23 15:38:14,0.49
2026-07-23 15:38:22,0.35
2026-07-23 15:39:22,0.48
2026-07-23 15:41:06,0.38
2026-07-23 15:41:20,0.52
2026-07-23 15:41:46,0.36
2026-07-23 15:42:54,0.48
2026-07-23 15:43:44,0.36
2026-07-23 15:43:58,0.48
2026-07-23 15:45:19,0.49
2026-07-23 15:45:46,0.36
2026-07-23 15:46:36,0.32
2026-07-23 15:47:49,0.48
2026-07-23 15:48:30,0.35
2026-07-23 15:49:38,0.48
2026-07-23 15:50:01,0.51
2026-07-23 15:51:22,0.38
2026-07-23 15:52:03,0.35
2026-07-23 15:52:57,0.49
2026-07-23 15:53:07,0.48
2026-07-23 15:53:24,0.35
2026-07-23 15:55:54,0.52
2026-07-23 15:56:21,0.36
2026-07-23 15:56:35,0.46
2026-07-23 15:57:25,0.36
2026-07-23 15:58:06,0.38
2026-07-23 15:59:33,0.48
2026-07-23 15:59:46,0.46
2026-07-23 15:59:54,0.37
2026-07-23 16:02:02,0.46
2026-07-23 16:03:28,0.37
2026-07-23 16:03:50,0.47
2026-07-23 16:05:16,0.39
2026-07-23 16:05:30,0.47
2026-07-23 16:06:43,0.37
2026-07-23 16:06:51,0.45
2026-07-23 16:08:49,0.33
2026-07-23 16:09:20,0.48
2026-07-23 16:09:40,0.36
2026-07-23 16:11:00,0.48
2026-07-23 16:11:37,0.51
2026-07-23 16:12:36,0.40
2026-07-23 16:12:58,0.36
2026-07-23 16:13:39,0.49
2026-07-23 16:14:52,0.47
2026-07-23 16:15:37,0.37
2026-07-23 16:17:03,0.48
2026-07-23 16:17:39,0.36
2026-07-23 16:19:14,0.48
2026-07-23 16:19:55,0.45
2026-07-23 16:20:18,0.37
2026-07-23 16:22:16,0.47
2026-07-23 16:23:42,0.34
2026-07-23 16:23:55,0.54
2026-07-23 16:24:36,0.44
2026-07-23 16:25:03,0.34
2026-07-23 16:26:22,0.45
2026-07-23 16:26:35,0.33
2026-07-23 16:28:05,0.35
2026-07-23 16:28:32,0.44
2026-07-23 16:30:08,0.47
2026-07-23 16:30:17,0.37
2026-07-23 16:31:20,0.36
2026-07-23 16:32:37,0.46
2026-07-23 16:34:13,0.34
2026-07-23 16:34:34,0.51
2026-07-23 16:34:58,0.33
2026-07-23 16:36:02,0.34
2026-07-23 16:36:06,0.45
2026-07-23 16:37:41,0.34
2026-07-23 16:38:17,0.47
2026-07-23 16:39:20,0.36
2026-07-23 16:40:05,0.47
2026-07-23 16:41:27,0.36
2026-07-23 16:42:18,0.45
2026-07-23 16:42:59,0.37
2026-07-23 16:43:07,0.46
2026-07-23 16:45:23,0.47
2026-07-23 16:45:32,0.34
2026-07-23 16:46:13,0.38
2026-07-23 16:46:31,0.47
2026-07-23 16:47:43,0.49
2026-07-23 16:48:56,0.37
2026-07-23 16:50:04,0.44
2026-07-23 16:50:41,0.35
2026-07-23 16:51:17,0.42
2026-07-23 16:52:52,0.35
2026-07-23 16:53:29,0.48
2026-07-23 16:54:54,0.47
2026-07-23 16:55:35,0.36
2026-07-23 16:56:15,0.46
2026-07-23 16:56:39,0.36
2026-07-23 16:57:33,0.43
2026-07-23 16:58:59,0.35
2026-07-23 16:59:40,0.46
2026-07-23 17:00:06,0.36
2026-07-23 17:02:14,0.43
2026-07-23 17:02:24,0.36
2026-07-23 17:03:13,0.46
2026-07-23 17:04:35,0.44
2026-07-23 17:05:16,0.34
2026-07-23 17:06:01,0.48
2026-07-23 17:07:08,0.36
2026-07-23 17:07:35,0.35
2026-07-23 17:07:54,0.42
2026-07-23 17:09:38,0.44
2026-07-23 17:10:28,0.34
2026-07-23 17:11:36,0.35
2026-07-23 17:12:13,0.44
2026-07-23 17:12:22,0.42
2026-07-23 17:13:16,0.35
2026-07-23 17:14:01,0.37
2026-07-23 17:14:42,0.43
2026-07-23 17:16:12,0.33
2026-07-23 17:16:26,0.41
2026-07-23 17:17:48,0.42
2026-07-23 17:18:24,0.32
2026-07-23 17:19:47,0.41
2026-07-23 17:20:28,0.35
2026-07-23 17:20:45,0.42
2026-07-23 17:20:54,0.28
2026-07-23 17:22:24,0.42
2026-07-23 17:22:34,0.33
2026-07-23 17:24:04,0.44
2026-07-23 17:25:26,0.31
2026-07-23 17:25:31,0.33
2026-07-23 17:26:47,0.44
2026-07-23 17:27:14,0.30
2026-07-23 17:27:51,0.39
2026-07-23 17:29:04,0.42
2026-07-23 17:29:44,0.35
2026-07-23 17:31:42,0.29
2026-07-23 17:31:56,0.42
2026-07-23 17:33:26,0.32
2026-07-23 17:33:54,0.29
2026-07-23 17:34:52,0.42
2026-07-23 17:36:05,0.49
2026-07-23 17:36:14,0.31
2026-07-23 17:38:26,0.41
2026-07-23 17:38:39,0.30
2026-07-23 17:39:16,0.41
2026-07-23 17:40:19,0.26
2026-07-23 17:40:55,0.41
2026-07-23 17:41:08,0.26
2026-07-23 17:42:39,0.44
2026-07-23 17:43:25,0.25
2026-07-23 17:45:04,0.39
2026-07-23 17:45:09,0.26
2026-07-23 17:45:23,0.43
2026-07-23 17:45:50,0.26
2026-07-23 17:48:15,0.39
2026-07-23 17:49:09,0.27
2026-07-23 17:49:46,0.43
2026-07-23 17:50:21,0.26
2026-07-23 17:51:53,0.35
2026-07-23 17:52:47,0.38
2026-07-23 17:52:55,0.27
2026-07-23 17:53:59,0.29
2026-07-23 17:54:27,0.38
2026-07-23 17:55:12,0.41
2026-07-23 17:55:21,0.29
2026-07-23 17:57:04,0.37
2026-07-23 17:57:23,0.27
2026-07-23 17:59:17,0.29
2026-07-23 18:00:02,0.38
2026-07-23 18:00:25,0.40
2026-07-23 18:00:47,0.27
2026-07-23 18:02:19,0.28
2026-07-23 18:02:32,0.34
2026-07-23 18:03:40,0.37
2026-07-23 18:04:25,0.27
2026-07-23 18:05:37,0.38
2026-07-23 18:06:36,0.28
2026-07-23 18:07:04,0.36
2026-07-23 18:07:17,0.26
2026-07-23 18:08:25,0.28
2026-07-23 18:09:19,0.34
2026-07-23 18:10:10,0.25
2026-07-23 18:11:13,0.36
2026-07-23 18:11:45,0.37
2026-07-23 18:12:07,0.19
2026-07-23 18:13:28,0.22
2026-07-23 18:14:01,0.36
2026-07-23 18:16:08,0.24
2026-07-23 18:16:25,0.34
2026-07-23 18:16:44,0.25
2026-07-23 18:17:56,0.37
2026-07-23 18:18:43,0.26
2026-07-23 18:19:18,0.42
2026-07-23 18:20:04,0.23
2026-07-23 18:20:26,0.36
2026-07-23 18:21:39,0.37
2026-07-23 18:22:11,0.26
2026-07-23 18:23:27,0.34
2026-07-23 18:24:07,0.23
2026-07-23 18:25:34,0.40
2026-07-23 18:25:44,0.24
2026-07-23 18:27:09,0.22
2026-07-23 18:27:36,0.37
2026-07-23 18:28:22,0.20
2026-07-23 18:29:43,0.38
2026-07-23 18:29:53,0.34
2026-07-23 18:30:20,0.18
2026-07-23 18:31:51,0.22
2026-07-23 18:33:08,0.36
2026-07-23 18:33:12,0.33
2026-07-23 18:34:47,0.21
2026-07-23 18:34:52,0.16
2026-07-23 18:36:14,0.35
2026-07-23 18:36:46,0.40
2026-07-23 18:37:31,0.23
2026-07-23 18:38:12,0.39
2026-07-23 18:39:29,0.19
2026-07-23 18:39:46,0.18
2026-07-23 18:40:14,0.33
2026-07-23 18:42:25,0.22
2026-07-23 18:43:02,0.38
2026-07-23 18:43:28,0.20
2026-07-23 18:44:59,0.36
2026-07-23 18:45:13,0.20
2026-07-23 18:46:40,0.32
2026-07-23 18:46:57,0.17
2026-07-23 18:48:05,0.21
2026-07-23 18:49:04,0.32
2026-07-23 18:49:55,0.21
2026-07-23 18:50:17,0.30
2026-07-23 18:51:30,0.31
2026-07-23 18:52:11,0.16
2026-07-23 18:52:24,0.25
2026-07-23 18:52:37,0.30
2026-07-23 18:52:43,0.26
2026-07-23 18:52:52,0.17
2026-07-23 18:53:46,0.20
2026-07-23 18:54:31,0.36
2026-07-23 18:55:34,0.13
2026-07-23 18:55:53,0.36
2026-07-23 18:56:39,0.15
2026-07-23 18:57:23,0.30
2026-07-23 18:58:59,0.31
2026-07-23 18:59:12,0.19
2026-07-23 18:59:35,0.18
2026-07-23 19:00:07,0.33
2026-07-23 19:01:29,0.26
2026-07-23 19:01:37,0.18
2026-07-23 19:02:58,0.30
2026-07-23 19:03:12,0.22
2026-07-23 19:04:35,0.28
2026-07-23 19:05:01,0.16
2026-07-23 19:06:13,0.31
2026-07-23 19:07:08,0.18
2026-07-23 19:08:03,0.29
2026-07-23 19:09:21,0.19
2026-07-23 19:10:15,0.14
2026-07-23 19:10:36,0.29
2026-07-23 19:12:22,0.17
2026-07-23 19:12:35,0.30
2026-07-23 19:13:16,0.31
2026-07-23 19:13:43,0.19
2026-07-23 19:14:28,0.27
2026-07-23 19:15:50,0.15
2026-07-23 19:16:18,0.29
2026-07-23 19:17:16,0.17
2026-07-23 19:18:33,0.18
2026-07-23 19:19:19,0.27
2026-07-23 19:19:27,0.17
2026-07-23 19:20:08,0.26
2026-07-23 19:22:02,0.17
2026-07-23 19:22:19,0.25
2026-07-23 19:22:47,0.26
2026-07-23 19:23:19,0.17
2026-07-23 19:25:07,0.16
2026-07-23 19:25:30,0.27
2026-07-23 19:26:02,0.22
2026-07-23 19:26:39,0.15
2026-07-23 19:28:46,0.25
2026-07-23 19:28:54,0.17
2026-07-23 19:29:35,0.24
2026-07-23 19:30:53,0.15
2026-07-23 19:31:15,0.26
2026-07-23 19:31:55,0.18
2026-07-23 19:33:44,0.22
2026-07-23 19:33:53,0.14
2026-07-23 19:35:07,0.15
2026-07-23 19:35:33,0.27
2026-07-23 19:35:52,0.23
2026-07-23 19:36:05,0.13
2026-07-23 19:38:12,0.21
2026-07-23 19:38:35,0.14
2026-07-23 19:39:42,0.23
2026-07-23 19:40:19,0.14
2026-07-23 19:41:44,0.21
2026-07-23 19:42:40,0.23
2026-07-23 19:43:43,0.13
2026-07-23 19:44:10,0.23
2026-07-23 19:44:42,0.13
2026-07-23 19:46:13,0.16
2026-07-23 19:46:58,0.23
2026-07-23 19:47:44,0.12
2026-07-23 19:48:32,0.26
2026-07-23 19:50:32,0.11
2026-07-23 19:51:26,0.27
2026-07-23 19:51:34,0.16
2026-07-23 19:52:42,0.13
2026-07-23 19:53:05,0.24
2026-07-23 19:54:27,0.11
2026-07-23 19:54:54,0.24
2026-07-23 19:56:06,0.27
2026-07-23 19:56:56,0.15
2026-07-23 19:58:04,0.26
2026-07-23 19:58:17,0.10
2026-07-23 19:58:58,0.22
2026-07-23 19:59:21,0.07
2026-07-23 20:01:38,0.23
2026-07-23 20:01:51,0.13
2026-07-23 20:02:54,0.10
2026-07-23 20:03:26,0.21
2026-07-23 20:04:20,0.26
2026-07-23 20:04:42,0.12
2026-07-23 20:06:23,0.15
2026-07-23 20:07:03,0.30
2026-07-23 20:07:36,0.22
2026-07-23 20:08:47,0.11
2026-07-23 20:10:10,0.22
2026-07-23 20:10:58,0.12
2026-07-23 20:11:26,0.21
2026-07-23 20:12:11,0.18
2026-07-23 20:12:39,0.11
2026-07-23 20:14:27,0.08
2026-07-23 20:14:37,0.22
2026-07-23 20:16:03,0.09
2026-07-23 20:17:11,0.12
2026-07-23 20:18:19,0.20
2026-07-23 20:19:13,0.22
2026-07-23 20:19:27,0.11
2026-07-23 20:20:58,0.07
2026-07-23 20:21:11,0.19
2026-07-23 20:22:33,0.07
2026-07-23 20:23:00,0.22
2026-07-23 20:23:50,0.21
2026-07-23 20:24:53,0.11
2026-07-23 20:26:28,0.23
2026-07-23 20:26:55,0.04
2026-07-23 20:27:31,0.09
2026-07-23 20:28:36,0.19
2026-07-23 20:28:49,0.11
2026-07-23 20:30:06,0.26
2026-07-23 20:30:56,0.04
2026-07-23 20:32:27,0.19
2026-07-23 20:32:37,0.09
2026-07-23 20:33:52,0.25
2026-07-23 20:34:06,0.05
2026-07-23 20:35:28,0.22
2026-07-23 20:35:50,0.11
2026-07-23 20:36:59,0.18
2026-07-23 20:37:35,0.09
2026-07-23 20:38:56,0.18
2026-07-23 20:39:33,0.06
2026-07-23 20:40:49,0.08
2026-07-23 20:41:40,0.20
2026-07-23 20:42:43,0.09
2026-07-23 20:43:42,0.22
2026-07-23 20:44:10,0.09
2026-07-23 20:45:35,0.07
2026-07-23 20:46:02,0.18
2026-07-23 20:48:19,0.10
2026-07-23 20:48:41,0.17
2026-07-23 20:49:44,0.08
2026-07-23 20:50:12,0.16
2026-07-23 20:50:43,0.09
2026-07-23 20:51:47,0.17
2026-07-23 20:53:23,0.08
2026-07-23 20:53:44,0.09
2026-07-23 20:53:58,0.18
2026-07-23 20:55:30,0.19
2026-07-23 20:55:52,0.08
2026-07-23 20:56:42,0.18
2026-07-23 20:56:56,0.11
2026-07-23 20:58:30,0.09
2026-07-23 20:58:34,0.20
2026-07-23 21:00:42,0.07
2026-07-23 21:01:22,0.21
2026-07-23 21:02:08,0.18
2026-07-23 21:02:22,0.07
2026-07-23 21:03:30,0.17
2026-07-23 21:04:02,0.09
2026-07-23 21:05:41,0.16
2026-07-23 21:06:49,0.15
2026-07-23 21:07:03,0.08
2026-07-23 21:08:20,0.16
2026-07-23 21:08:33,0.09
2026-07-23 21:09:54,0.16
2026-07-23 21:11:13,0.09
2026-07-23 21:11:53,0.08
2026-07-23 21:12:52,0.15
2026-07-23 21:13:23,0.08
2026-07-23 21:13:46,0.16
2026-07-23 21:15:13,0.14
2026-07-23 21:16:07,0.07
2026-07-23 21:17:11,0.08
2026-07-23 21:17:32,0.14
2026-07-23 21:18:41,0.08
2026-07-23 21:19:18,0.17
2026-07-23 21:21:01,0.08
2026-07-23 21:22:18,0.14
2026-07-23 21:22:37,0.08
2026-07-23 21:23:08,0.14
2026-07-23 21:24:26,0.07
2026-07-23 21:25:16,0.05
2026-07-23 21:25:47,0.16
2026-07-23 21:26:29,0.13
2026-07-23 21:26:33,0.07
2026-07-23 21:28:45,0.08
2026-07-23 21:29:12,0.15
2026-07-23 21:30:16,0.08
2026-07-23 21:30:20,0.15
2026-07-23 21:32:00,0.12
2026-07-23 21:32:31,0.07
2026-07-23 21:33:25,0.13
2026-07-23 21:33:35,0.08
2026-07-23 21:35:02,0.09
2026-07-23 21:35:10,0.14
2026-07-23 21:36:23,0.08
2026-07-23 21:37:25,0.16
2026-07-23 21:38:24,0.17
2026-07-23 21:38:52,0.08
2026-07-23 21:39:46,0.15
2026-07-23 21:40:54,0.08
2026-07-23 21:42:16,0.12
2026-07-23 21:42:57,0.15
2026-07-23 21:43:20,0.08
2026-07-23 21:44:59,0.05
2026-07-23 21:45:54,0.12
2026-07-23 21:46:57,0.08
2026-07-23 21:47:51,0.12
2026-07-23 21:48:18,0.06
2026-07-23 21:49:45,0.12
2026-07-23 21:50:31,0.05
2026-07-23 21:51:15,0.13
2026-07-23 21:51:52,0.03
2026-07-23 21:52:50,0.06
2026-07-23 21:53:23,0.13
2026-07-23 21:54:44,0.05
2026-07-23 21:55:29,0.15
2026-07-23 21:57:19,0.06
2026-07-23 21:58:53,0.12
2026-07-23 21:59:34,0.11
2026-07-23 21:59:57,0.04
2026-07-23 22:01:10,0.11
2026-07-23 22:01:14,0.05
2026-07-23 22:02:53,0.06
2026-07-23 22:03:34,0.16
2026-07-23 22:04:24,0.06
2026-07-23 22:04:56,0.12
2026-07-23 22:06:17,0.05
2026-07-23 22:07:15,0.12
2026-07-23 22:07:48,0.14
2026-07-23 22:07:52,0.05
2026-07-23 22:09:42,0.12
2026-07-23 22:09:50,0.03
2026-07-23 22:11:03,0.11
2026-07-23 22:11:30,0.05
2026-07-23 22:14:04,0.16
2026-07-23 22:14:12,0.03
2026-07-23 22:14:17,0.07
2026-07-23 22:14:49,0.16
2026-07-23 22:16:29,0.13
2026-07-23 22:16:39,0.05
2026-07-23 22:18:54,0.15
2026-07-23 22:19:52,0.12
2026-07-23 22:20:16,0.05
2026-07-23 22:22:27,0.12
2026-07-23 22:22:40,0.04
2026-07-23 22:22:50,0.11
2026-07-23 22:24:21,0.05
2026-07-23 22:25:24,0.10
2026-07-23 22:25:56,0.12
2026-07-23 22:26:19,0.04
2026-07-23 22:28:26,0.12
2026-07-23 22:30:05,0.11
2026-07-23 22:30:22,0.04
2026-07-23 22:32:03,0.11
2026-07-23 22:32:53,0.15
2026-07-23 22:33:25,0.04
2026-07-23 22:34:28,0.03
2026-07-23 22:34:46,0.10
2026-07-23 22:35:58,0.03
2026-07-23 22:37:11,0.12
2026-07-23 22:37:39,0.10
2026-07-23 22:38:20,0.04
2026-07-23 22:39:59,0.10
2026-07-23 22:41:25,0.09
2026-07-23 22:41:48,0.04
2026-07-23 22:43:05,0.09
2026-07-23 22:43:51,0.02
2026-07-23 22:44:00,0.05
2026-07-23 22:44:09,0.10
2026-07-23 22:46:33,0.04
2026-07-23 22:47:42,0.10
2026-07-23 22:48:26,0.03
2026-07-23 22:49:48,0.12
2026-07-23 22:51:33,0.04
2026-07-23 22:52:55,0.11
2026-07-23 22:53:08,0.03
2026-07-23 22:54:07,0.11
2026-07-23 22:55:56,0.10
2026-07-23 22:56:14,0.04
2026-07-23 22:58:34,0.10
2026-07-23 22:59:06,0.09
2026-07-23 23:00:10,0.03
2026-07-23 23:00:50,0.04
2026-07-23 23:01:54,0.10
2026-07-23 23:02:12,0.08
2026-07-23 23:02:22,0.03
2026-07-23 23:03:53,0.04
2026-07-23 23:04:02,0.08
2026-07-23 23:06:12,0.04
2026-07-23 23:06:36,0.09
2026-07-23 23:07:38,0.03
2026-07-23 23:08:02,0.12
2026-07-23 23:08:42,0.10
2026-07-23 23:09:27,0.04
2026-07-23 23:10:22,0.07
2026-07-23 23:10:31,0.02
2026-07-23 23:12:33,0.08
2026-07-23 23:13:36,0.03
2026-07-23 23:13:59,0.07
2026-07-23 23:14:48,0.03
2026-07-23 23:15:39,0.04
2026-07-23 23:16:02,0.09
2026-07-23 23:17:41,0.02
2026-07-23 23:18:09,0.09
2026-07-23 23:18:54,0.02
2026-07-23 23:19:08,0.09
2026-07-23 23:20:25,0.03
2026-07-23 23:21:36,0.09
2026-07-23 23:22:00,0.10
2026-07-23 23:22:13,0.02
2026-07-23 23:23:58,0.07
2026-07-23 23:24:39,0.02
2026-07-23 23:25:37,0.04
2026-07-23 23:26:42,0.11
2026-07-23 23:26:55,0.10
2026-07-23 23:27:49,0.03
2026-07-23 23:28:34,0.02
2026-07-23 23:28:52,0.08
2026-07-23 23:30:59,0.11
2026-07-23 23:31:45,0.00
2026-07-23 23:32:12,0.07
2026-07-23 23:32:43,0.02
2026-07-23 23:33:52,0.08
2026-07-23 23:34:01,-0.01
2026-07-23 23:35:27,0.01
2026-07-23 23:35:31,0.07
2026-07-23 23:37:25,0.01
2026-07-23 23:38:10,0.08
2026-07-23 23:38:29,0.11
2026-07-23 23:38:37,0.03
2026-07-23 23:40:35,0.00
2026-07-23 23:40:58,0.11
2026-07-23 23:41:52,0.01
2026-07-23 23:42:02,0.07
2026-07-23 23:43:27,0.02
2026-07-23 23:44:40,0.10
2026-07-23 23:45:03,0.08
2026-07-23 23:46:15,0.02
2026-07-23 23:46:42,0.08
2026-07-23 23:47:59,0.03
2026-07-23 23:48:40,0.02
2026-07-23 23:48:55,0.07
2026-07-23 23:49:57,0.04
2026-07-23 23:50:34,0.10
2026-07-23 23:51:46,0.07
2026-07-23 23:52:45,0.03
2026-07-23 23:53:26,0.07
2026-07-23 23:54:12,0.01
2026-07-23 23:55:37,0.08
2026-07-23 23:55:41,0.01
2026-07-23 23:56:37,0.07
2026-07-23 23:57:48,0.01
2026-07-23 23:58:56,0.08
2026-07-23 23:59:37,0.02
2026-07-24 00:00:04,0.08
2026-07-24 00:00:36,0.02
2026-07-24 00:01:36,0.04
2026-07-24 00:02:25,0.10
2026-07-24 00:03:42,0.01
2026-07-24 00:04:09,0.08
2026-07-24 00:05:18,0.02
2026-07-24 00:06:57,0.07
2026-07-24 00:07:06,0.01
2026-07-24 00:08:14,0.02
2026-07-24 00:09:27,0.09
2026-07-24 00:10:03,0.03
2026-07-24 00:10:30,0.07
2026-07-24 00:12:33,0.03
2026-07-24 00:13:00,0.08
2026-07-24 00:13:40,0.03
2026-07-24 00:14:25,0.09
2026-07-24 00:14:58,0.11
2026-07-24 00:15:25,0.03
2026-07-24 00:16:47,0.04
2026-07-24 00:17:05,0.09
2026-07-24 00:18:21,0.03
2026-07-24 00:19:15,0.11
2026-07-24 00:20:01,0.02
2026-07-24 00:21:09,0.10
2026-07-24 00:22:09,0.02
2026-07-24 00:22:50,0.08
2026-07-24 00:23:20,0.04
2026-07-24 00:24:06,0.08
2026-07-24 00:25:38,0.01
2026-07-24 00:25:51,0.08
2026-07-24 00:27:45,0.02
2026-07-24 00:28:52,0.08
2026-07-24 00:29:14,0.02
2026-07-24 00:30:04,0.09
2026-07-24 00:30:13,0.01
2026-07-24 00:31:35,0.09
2026-07-24 00:32:39,0.02
2026-07-24 00:32:52,0.08
2026-07-24 00:33:20,0.01
2026-07-24 00:34:54,0.08
2026-07-24 00:35:40,0.02
2026-07-24 00:36:44,0.06
2026-07-24 00:36:52,0.02
2026-07-24 00:38:09,0.04
2026-07-24 00:38:27,0.10
2026-07-24 00:39:53,0.02
2026-07-24 00:41:01,0.08
2026-07-24 00:42:08,0.01
2026-07-24 00:43:04,0.09
2026-07-24 00:43:22,0.02
2026-07-24 00:45:02,0.06
2026-07-24 00:45:43,0.02
2026-07-24 00:46:04,0.05
2026-07-24 00:47:40,0.00
2026-07-24 00:47:54,0.01
2026-07-24 00:48:57,0.06
2026-07-24 00:49:38,0.00
2026-07-24 00:50:42,0.07
2026-07-24 00:51:23,0.08
2026-07-24 00:52:03,0.01
2026-07-24 00:52:40,0.06
2026-07-24 00:53:29,0.00
2026-07-24 00:55:49,-0.01
2026-07-24 00:55:54,0.07
2026-07-24 00:56:03,0.01
2026-07-24 00:56:30,0.09
2026-07-24 00:57:38,0.07
2026-07-24 00:58:01,0.01
2026-07-24 00:59:59,0.06
2026-07-24 01:01:29,0.00
2026-07-24 01:01:48,0.06
2026-07-24 01:02:47,-0.01
2026-07-24 01:02:52,0.04
2026-07-24 01:04:40,-0.01
2026-07-24 01:06:11,0.04
2026-07-24 01:06:43,0.01
2026-07-24 01:07:36,0.00
2026-07-24 01:08:13,0.06
2026-07-24 01:09:49,0.04
2026-07-24 01:10:11,0.00
2026-07-24 01:10:52,-0.01
2026-07-24 01:11:19,0.05
2026-07-24 01:13:26,0.06
2026-07-24 01:13:45,-0.02
2026-07-24 01:14:57,0.08
2026-07-24 01:15:47,0.12
2026-07-24 01:16:32,-0.02
2026-07-24 01:18:26,-0.01
2026-07-24 01:18:52,0.05
2026-07-24 01:19:10,0.04
2026-07-24 01:20:09,-0.01
2026-07-24 01:21:12,0.00
2026-07-24 01:22:12,0.07
2026-07-24 01:22:48,-0.02
2026-07-24 01:23:16,0.05
2026-07-24 01:24:14,-0.02
2026-07-24 01:25:00,0.04
2026-07-24 01:26:40,-0.02
2026-07-24 01:27:25,0.00
2026-07-24 01:27:51,0.03
2026-07-24 01:29:09,-0.01
2026-07-24 01:29:14,0.04
2026-07-24 01:30:44,0.00
2026-07-24 01:31:47,0.04
2026-07-24 01:32:37,-0.01
2026-07-24 01:33:46,0.07
2026-07-24 01:33:55,0.03
2026-07-24 01:35:29,-0.02
2026-07-24 01:35:53,0.03
2026-07-24 01:36:24,-0.02
2026-07-24 01:37:14,0.03
2026-07-24 01:37:23,-0.01
2026-07-24 01:39:02,0.03
2026-07-24 01:40:23,-0.02
2026-07-24 01:40:56,-0.01
2026-07-24 01:41:01,0.03
2026-07-24 01:42:27,0.02
2026-07-24 01:43:21,-0.02
2026-07-24 01:44:02,-0.01
2026-07-24 01:44:30,0.02
2026-07-24 01:46:32,-0.04
2026-07-24 01:46:54,0.06
2026-07-24 01:47:07,-0.02
2026-07-24 01:47:12,0.04
2026-07-24 01:49:38,-0.03
2026-07-24 01:50:28,-0.01
2026-07-24 01:51:30,0.05
2026-07-24 01:52:12,0.03
2026-07-24 01:53:20,-0.05
2026-07-24 01:54:28,0.02
2026-07-24 01:55:04,-0.03
2026-07-24 01:55:39,-0.02
2026-07-24 01:56:25,0.03
2026-07-24 01:57:11,0.01
2026-07-24 01:57:29,-0.03
2026-07-24 01:59:35,0.02
2026-07-24 02:01:25,-0.04
2026-07-24 02:01:47,0.03
2026-07-24 02:02:09,-0.03
2026-07-24 02:02:50,0.02
2026-07-24 02:03:49,0.03
2026-07-24 02:04:22,-0.04
2026-07-24 02:05:20,-0.02
2026-07-24 02:05:51,0.03
2026-07-24 02:06:59,0.01
2026-07-24 02:08:08,-0.05
2026-07-24 02:08:35,-0.03
2026-07-24 02:09:25,0.04
2026-07-24 02:10:20,-0.03
2026-07-24 02:11:05,0.01
2026-07-24 02:13:29,-0.04
2026-07-24 02:13:52,0.02
2026-07-24 02:15:19,0.00
2026-07-24 02:15:55,-0.04
2026-07-24 02:16:58,0.00
2026-07-24 02:18:15,-0.04
2026-07-24 02:18:47,0.00
2026-07-24 02:18:52,-0.04
2026-07-24 02:20:18,0.00
2026-07-24 02:20:54,-0.05
2026-07-24 02:21:57,0.00
2026-07-24 02:22:33,-0.05
2026-07-24 02:23:28,-0.04
2026-07-24 02:23:42,0.01
2026-07-24 02:25:22,0.00
2026-07-24 02:26:07,-0.05
2026-07-24 02:26:57,-0.03
2026-07-24 02:27:33,0.01
2026-07-24 02:28:32,0.00
2026-07-24 02:29:04,-0.06
2026-07-24 02:30:03,-0.01
2026-07-24 02:31:16,-0.07
2026-07-24 02:31:52,-0.06
2026-07-24 02:32:27,-0.01
2026-07-24 02:33:40,-0.07
2026-07-24 02:34:44,0.00
2026-07-24 02:36:06,-0.07
2026-07-24 02:36:32,-0.01
2026-07-24 02:36:36,-0.02
2026-07-24 02:37:09,-0.06
2026-07-24 02:38:44,-0.01
2026-07-24 02:39:30,-0.06
2026-07-24 02:40:28,-0.07
2026-07-24 02:41:22,-0.02
2026-07-24 02:41:36,-0.07
2026-07-24 02:41:54,-0.03
2026-07-24 02:43:12,-0.06
2026-07-24 02:44:33,-0.02
2026-07-24 02:44:55,-0.06
2026-07-24 02:45:41,0.02
2026-07-24 02:47:12,-0.02
2026-07-24 02:47:30,-0.07
2026-07-24 02:48:19,-0.03
2026-07-24 02:49:18,-0.07
2026-07-24 02:49:51,-0.06
2026-07-24 02:50:31,-0.02
2026-07-24 02:52:15,-0.07
2026-07-24 02:53:05,-0.02
2026-07-24 02:53:09,-0.03
2026-07-24 02:54:09,-0.07
2026-07-24 02:55:07,-0.06
2026-07-24 02:56:15,-0.02
2026-07-24 02:56:29,-0.03
2026-07-24 02:56:48,-0.07
2026-07-24 02:58:23,-0.02
2026-07-24 02:59:36,-0.07
2026-07-24 02:59:49,-0.02
2026-07-24 03:00:43,-0.07
2026-07-24 03:01:24,-0.06
2026-07-24 03:02:14,-0.02
2026-07-24 03:03:04,-0.05
2026-07-24 03:04:02,0.01
2026-07-24 03:04:43,-0.03
2026-07-24 03:05:42,-0.07
2026-07-24 03:06:46,-0.03
2026-07-24 03:08:08,-0.02
2026-07-24 03:08:12,-0.06
2026-07-24 03:09:38,-0.03
2026-07-24 03:09:43,-0.07
2026-07-24 03:11:27,0.00
2026-07-24 03:12:48,-0.08
2026-07-24 03:13:11,-0.02
2026-07-24 03:13:43,-0.08
2026-07-24 03:14:46,-0.02
2026-07-24 03:14:56,-0.06
2026-07-24 03:16:17,-0.07
2026-07-24 03:17:40,-0.02
2026-07-24 03:19:28,-0.07
2026-07-24 03:20:31,-0.01
2026-07-24 03:20:49,-0.07
2026-07-24 03:21:13,-0.05
2026-07-24 03:22:06,0.01
2026-07-24 03:22:51,-0.08
2026-07-24 03:23:37,-0.01
2026-07-24 03:24:32,-0.02
2026-07-24 03:24:41,-0.06
2026-07-24 03:26:29,-0.03
2026-07-24 03:27:24,-0.06
2026-07-24 03:28:00,-0.03
2026-07-24 03:29:04,-0.07
2026-07-24 03:29:49,-0.06
2026-07-24 03:30:16,-0.02
2026-07-24 03:31:33,-0.07
2026-07-24 03:32:41,-0.01
2026-07-24 03:32:59,-0.03
2026-07-24 03:33:22,-0.06
2026-07-24 03:34:34,-0.02
2026-07-24 03:35:01,-0.07
2026-07-24 03:36:04,-0.06
2026-07-24 03:36:24,-0.03
2026-07-24 03:38:02,-0.07
2026-07-24 03:38:07,-0.03
2026-07-24 03:39:51,-0.06
2026-07-24 03:40:06,0.01
2026-07-24 03:41:04,-0.02
2026-07-24 03:41:22,-0.06
2026-07-24 03:42:43,-0.03
2026-07-24 03:43:37,-0.07
2026-07-24 03:44:42,-0.06
2026-07-24 03:45:44,-0.02
2026-07-24 03:46:21,-0.01
2026-07-24 03:46:48,-0.08
2026-07-24 03:47:48,-0.06
2026-07-24 03:48:28,-0.01
2026-07-24 03:50:13,-0.02
2026-07-24 03:50:21,-0.07
2026-07-24 03:50:54,-0.03
2026-07-24 03:51:07,-0.06
2026-07-24 03:53:05,-0.07
2026-07-24 03:54:03,-0.02
2026-07-24 03:54:22,-0.03
2026-07-24 03:55:30,-0.07
2026-07-24 03:56:19,-0.01
2026-07-24 03:57:41,-0.07
2026-07-24 03:58:04,0.00
2026-07-24 03:59:06,-0.03
2026-07-24 03:59:44,-0.07
2026-07-24 04:00:52,-0.08
2026-07-24 04:01:19,-0.03
2026-07-24 04:02:31,-0.07
2026-07-24 04:03:27,-0.03
2026-07-24 04:04:56,-0.08
2026-07-24 04:05:37,-0.03
2026-07-24 04:05:46,-0.07
2026-07-24 04:06:50,-0.03
2026-07-24 04:07:26,-0.07
2026-07-24 04:08:07,-0.03
2026-07-24 04:09:46,-0.08
2026-07-24 04:10:55,-0.03
2026-07-24 04:12:20,-0.04
2026-07-24 04:13:52,-0.08
2026-07-24 04:14:01,-0.07
2026-07-24 04:15:14,-0.03
2026-07-24 04:16:21,0.00
2026-07-24 04:17:10,-0.07
2026-07-24 04:17:29,-0.04
2026-07-24 04:17:47,-0.08
2026-07-24 04:19:37,-0.03
2026-07-24 04:19:54,-0.08
2026-07-24 04:22:06,-0.03
2026-07-24 04:22:29,-0.07
2026-07-24 04:23:05,-0.02
2026-07-24 04:24:03,-0.07
2026-07-24 04:24:07,-0.03
2026-07-24 04:26:01,-0.02
2026-07-24 04:26:05,-0.08
2026-07-24 04:27:32,-0.03
2026-07-24 04:27:50,-0.08
2026-07-24 04:29:03,-0.06
2026-07-24 04:29:48,-0.03
2026-07-24 04:30:38,-0.02
2026-07-24 04:31:32,-0.07
2026-07-24 04:32:36,-0.02
2026-07-24 04:32:49,-0.07
2026-07-24 04:34:25,0.00
2026-07-24 04:35:10,-0.05
2026-07-24 04:35:55,-0.07
2026-07-24 04:36:14,-0.03
2026-07-24 04:37:16,-0.02
2026-07-24 04:37:30,-0.06
2026-07-24 04:38:43,-0.02
2026-07-24 04:39:38,-0.07
2026-07-24 04:41:12,-0.03
2026-07-24 04:42:17,-0.07
2026-07-24 04:45:13,-0.02
2026-07-24 04:45:27,-0.03
2026-07-24 04:45:46,-0.10
2026-07-24 04:47:02,-0.03
2026-07-24 04:48:23,-0.08
2026-07-24 04:49:03,-0.03
2026-07-24 04:49:09,-0.06
2026-07-24 04:51:11,-0.02
2026-07-24 04:51:43,-0.07
2026-07-24 04:52:24,0.00
2026-07-24 04:53:18,-0.07
2026-07-24 04:53:50,-0.03
2026-07-24 04:54:53,-0.07
2026-07-24 04:56:24,-0.08
2026-07-24 04:56:47,-0.01
2026-07-24 04:57:14,-0.02
2026-07-24 04:58:14,-0.07
2026-07-24 04:58:35,-0.03
2026-07-24 04:59:12,-0.08
2026-07-24 05:00:20,-0.03
2026-07-24 05:00:33,-0.07
2026-07-24 05:02:58,-0.03
2026-07-24 05:03:21,-0.07
2026-07-24 05:03:30,-0.03
2026-07-24 05:04:42,-0.07
2026-07-24 05:05:33,-0.03
2026-07-24 05:06:22,-0.07
2026-07-24 05:07:48,-0.01
2026-07-24 05:07:54,-0.08
2026-07-24 05:08:53,-0.01
2026-07-24 05:09:01,-0.07
2026-07-24 05:10:09,-0.06
2026-07-24 05:10:32,0.00
2026-07-24 05:11:53,-0.02
2026-07-24 05:13:15,-0.07
2026-07-24 05:13:38,-0.02
2026-07-24 05:13:43,-0.06
2026-07-24 05:15:32,-0.07
2026-07-24 05:16:02,-0.01
2026-07-24 05:17:39,-0.02
2026-07-24 05:17:43,-0.08
2026-07-24 05:18:23,-0.02
2026-07-24 05:18:27,-0.05
2026-07-24 05:20:48,-0.02
2026-07-24 05:21:24,-0.06
2026-07-24 05:22:22,-0.08
2026-07-24 05:22:50,-0.01
2026-07-24 05:24:30,-0.07
2026-07-24 05:25:06,-0.02
2026-07-24 05:25:30,-0.06
2026-07-24 05:26:59,-0.05
2026-07-24 05:27:08,-0.02
2026-07-24 05:28:35,0.02
2026-07-24 05:29:34,-0.05
2026-07-24 05:30:10,-0.07
2026-07-24 05:30:15,-0.01
2026-07-24 05:31:41,-0.05
2026-07-24 05:31:59,-0.01
2026-07-24 05:33:11,-0.04
2026-07-24 05:33:35,0.00
2026-07-24 05:35:09,-0.06
2026-07-24 05:35:13,-0.01
2026-07-24 05:37:16,-0.05
2026-07-24 05:37:44,0.00
2026-07-24 05:38:33,-0.05
2026-07-24 05:39:45,0.00
2026-07-24 05:40:49,-0.05
2026-07-24 05:41:30,-0.01
2026-07-24 05:41:43,-0.06
2026-07-24 05:43:04,-0.03
2026-07-24 05:44:09,0.00
2026-07-24 05:45:12,-0.05
2026-07-24 05:45:22,0.00
2026-07-24 05:46:56,0.04
2026-07-24 05:47:29,-0.07
2026-07-24 05:48:14,-0.05
2026-07-24 05:48:18,0.00
2026-07-24 05:49:52,-0.01
2026-07-24 05:50:16,-0.06
2026-07-24 05:51:19,-0.04
2026-07-24 05:51:32,0.01
2026-07-24 05:53:48,0.00
2026-07-24 05:54:21,-0.06
2026-07-24 05:54:42,-0.05
2026-07-24 05:55:01,-0.01
2026-07-24 05:57:17,-0.06
2026-07-24 05:58:30,-0.05
2026-07-24 05:58:34,-0.01
2026-07-24 05:59:37,-0.07
2026-07-24 06:00:01,-0.02
2026-07-24 06:01:31,-0.07
2026-07-24 06:02:49,-0.01
2026-07-24 06:03:16,-0.06
2026-07-24 06:03:30,-0.01
2026-07-24 06:04:51,0.01
2026-07-24 06:05:58,-0.06
2026-07-24 06:07:25,-0.01
2026-07-24 06:07:39,-0.07
2026-07-24 06:08:37,-0.02
2026-07-24 06:09:10,-0.07
2026-07-24 06:10:04,-0.02
2026-07-24 06:11:53,-0.07
2026-07-24 06:12:56,-0.03
2026-07-24 06:14:41,-0.07
2026-07-24 06:15:44,-0.02
2026-07-24 06:17:01,-0.09
2026-07-24 06:17:50,-0.08
2026-07-24 06:18:14,-0.04
2026-07-24 06:19:57,-0.02
2026-07-24 06:20:03,-0.07
2026-07-24 06:21:56,-0.08
2026-07-24 06:22:32,-0.02
2026-07-24 06:22:55,-0.01
2026-07-24 06:23:49,-0.07
2026-07-24 06:24:39,-0.04
2026-07-24 06:27:27,-0.03
2026-07-24 06:27:31,-0.09
2026-07-24 06:27:41,-0.10
2026-07-24 06:27:54,-0.03
2026-07-24 06:29:19,-0.08
2026-07-24 06:29:52,-0.04
2026-07-24 06:30:59,-0.05
2026-07-24 06:32:03,-0.08
2026-07-24 06:32:52,-0.03
2026-07-24 06:34:06,-0.08
2026-07-24 06:35:40,-0.04
2026-07-24 06:35:49,-0.09
2026-07-24 06:35:59,-0.08
2026-07-24 06:36:08,-0.05
2026-07-24 06:37:52,-0.09
2026-07-24 06:38:37,-0.04
2026-07-24 06:39:45,-0.05
2026-07-24 06:39:58,-0.10
2026-07-24 06:41:03,-0.01
2026-07-24 06:41:57,-0.08
2026-07-24 06:42:47,-0.04
2026-07-24 06:43:18,-0.08
2026-07-24 06:44:08,-0.04
2026-07-24 06:44:53,-0.08
2026-07-24 06:46:15,-0.05
2026-07-24 06:47:19,-0.08
2026-07-24 06:47:46,-0.05
2026-07-24 06:48:21,-0.08
2026-07-24 06:49:30,-0.09
2026-07-24 06:49:48,-0.05
2026-07-24 06:51:29,-0.08
2026-07-24 06:53:03,-0.03
2026-07-24 06:53:17,-0.08
2026-07-24 06:54:34,-0.04
2026-07-24 06:54:48,-0.08
2026-07-24 06:56:27,-0.03
2026-07-24 06:57:59,-0.08
2026-07-24 06:58:47,-0.02
2026-07-24 06:59:06,-0.01
2026-07-24 07:00:00,-0.07
2026-07-24 07:01:18,-0.04
2026-07-24 07:01:22,-0.07
2026-07-24 07:02:30,-0.08
2026-07-24 07:02:43,-0.04
2026-07-24 07:04:05,-0.07
2026-07-24 07:06:04,-0.03
2026-07-24 07:06:17,-0.07
2026-07-24 07:08:15,-0.03
2026-07-24 07:09:23,-0.07
2026-07-24 07:11:34,-0.03
2026-07-24 07:11:48,-0.07
2026-07-24 07:12:11,-0.03
2026-07-24 07:12:24,-0.07
2026-07-24 07:13:55,-0.03
2026-07-24 07:13:59,-0.08
2026-07-24 07:16:06,-0.06
2026-07-24 07:16:57,0.00
2026-07-24 07:17:15,0.01
2026-07-24 07:18:04,-0.07
2026-07-24 07:19:21,-0.03
2026-07-24 07:20:43,-0.07
2026-07-24 07:21:24,-0.02
2026-07-24 07:22:28,-0.07
2026-07-24 07:22:36,-0.02
2026-07-24 07:23:44,-0.07
2026-07-24 07:23:48,-0.03
2026-07-24 07:25:24,-0.02
2026-07-24 07:25:46,-0.06
2026-07-24 07:26:45,-0.04
2026-07-24 07:26:50,-0.05
2026-07-24 07:26:58,-0.04
2026-07-24 07:27:49,-0.07
2026-07-24 07:27:58,-0.01
2026-07-24 07:28:48,-0.07
2026-07-24 07:29:29,0.00
2026-07-24 07:30:46,-0.01
2026-07-24 07:31:45,-0.07
2026-07-24 07:31:59,-0.06
2026-07-24 07:32:26,-0.01
2026-07-24 07:33:52,-0.05
2026-07-24 07:35:09,0.01
2026-07-24 07:35:18,0.02
2026-07-24 07:36:16,-0.06
2026-07-24 07:37:03,-0.01
2026-07-24 07:37:16,-0.05
2026-07-24 07:39:32,0.00
2026-07-24 07:40:17,-0.05
2026-07-24 07:41:12,-0.01
2026-07-24 07:42:42,0.00
2026-07-24 07:43:24,-0.07
2026-07-24 07:43:46,-0.04
2026-07-24 07:44:18,-0.01
2026-07-24 07:45:43,-0.05
2026-07-24 07:45:56,0.00
2026-07-24 07:46:48,-0.03
2026-07-24 07:47:29,0.00
2026-07-24 07:48:40,-0.04
2026-07-24 07:49:39,0.01
2026-07-24 07:51:42,-0.03
2026-07-24 07:53:08,0.06
2026-07-24 07:53:26,0.05
2026-07-24 07:54:07,-0.03
2026-07-24 07:55:06,-0.02
2026-07-24 07:55:37,0.01
2026-07-24 07:57:09,-0.03
2026-07-24 07:58:25,-0.05
2026-07-24 07:58:48,0.02
2026-07-24 08:00:46,0.04
2026-07-24 08:00:59,-0.02
2026-07-24 08:01:49,-0.03
2026-07-24 08:01:53,0.03
2026-07-24 08:03:56,-0.03
2026-07-24 08:05:00,0.03
2026-07-24 08:05:08,-0.01
2026-07-24 08:07:07,-0.02
2026-07-24 08:08:10,0.03
2026-07-24 08:08:16,0.00
2026-07-24 08:09:05,0.04
2026-07-24 08:10:27,-0.03
2026-07-24 08:11:25,0.06
2026-07-24 08:12:15,0.05
2026-07-24 08:12:42,0.00
2026-07-24 08:13:14,0.04
2026-07-24 08:13:46,0.00
2026-07-24 08:15:07,0.04
2026-07-24 08:16:20,0.00
2026-07-24 08:17:55,0.05
2026-07-24 08:18:50,0.07
2026-07-24 08:19:16,-0.02
2026-07-24 08:20:16,0.01
2026-07-24 08:20:37,0.05
2026-07-24 08:21:29,0.01
2026-07-24 08:23:04,0.07
2026-07-24 08:24:02,-0.01
2026-07-24 08:25:28,0.01
2026-07-24 08:25:43,0.06
2026-07-24 08:26:32,0.02
2026-07-24 08:27:00,0.07
2026-07-24 08:28:48,0.02
2026-07-24 08:29:24,0.11
2026-07-24 08:29:48,0.01
2026-07-24 08:30:09,0.10
2026-07-24 08:31:54,0.01
2026-07-24 08:31:58,0.12
2026-07-24 08:33:30,0.03
2026-07-24 08:34:05,0.10
2026-07-24 08:34:51,0.02
2026-07-24 08:35:32,0.09
2026-07-24 08:36:30,0.08
2026-07-24 08:36:34,0.03
2026-07-24 08:38:10,0.09
2026-07-24 08:38:24,0.03
2026-07-24 08:39:45,0.04
2026-07-24 08:41:02,0.11
2026-07-24 08:41:25,0.04
2026-07-24 08:42:16,0.10
2026-07-24 08:44:17,0.03
2026-07-24 08:44:36,0.05
2026-07-24 08:44:49,0.11
2026-07-24 08:47:14,0.05
2026-07-24 08:47:32,0.14
2026-07-24 08:48:04,0.12
2026-07-24 08:48:26,0.04
2026-07-24 08:50:28,0.11
2026-07-24 08:52:32,0.12
2026-07-24 08:52:46,0.04
2026-07-24 08:52:50,0.06
2026-07-24 08:54:24,0.14
2026-07-24 08:54:33,0.13
2026-07-24 08:54:57,0.06
2026-07-24 08:56:23,0.12
2026-07-24 08:56:32,0.07
2026-07-24 08:57:58,0.13
2026-07-24 08:58:29,0.06
2026-07-24 09:00:05,0.05
2026-07-24 09:00:23,0.16
2026-07-24 09:01:17,0.07
2026-07-24 09:02:15,0.16
2026-07-24 09:02:56,0.12
2026-07-24 09:03:10,0.07
2026-07-24 09:05:36,0.15
2026-07-24 09:06:03,0.16
2026-07-24 09:06:17,0.08
2026-07-24 09:07:43,0.14
2026-07-24 09:08:05,0.08
2026-07-24 09:09:36,0.07
2026-07-24 09:09:59,0.15
2026-07-24 09:10:57,0.12
2026-07-24 09:11:34,0.07
2026-07-24 09:13:41,0.13
2026-07-24 09:14:57,0.14
2026-07-24 09:15:06,0.08
2026-07-24 09:15:56,0.09
2026-07-24 09:16:24,0.14
2026-07-24 09:17:50,0.16
2026-07-24 09:17:58,0.07
2026-07-24 09:20:25,0.08
2026-07-24 09:20:29,0.18
2026-07-24 09:20:55,0.15
2026-07-24 09:20:59,0.10
2026-07-24 09:23:21,0.20
2026-07-24 09:24:14,0.17
2026-07-24 09:24:55,0.10
2026-07-24 09:25:55,0.16
2026-07-24 09:26:12,0.10
2026-07-24 09:28:29,0.17
2026-07-24 09:30:09,0.10
2026-07-24 09:30:26,0.17
2026-07-24 09:31:04,0.18
2026-07-24 09:31:25,0.10
2026-07-24 09:32:52,0.16
2026-07-24 09:32:57,0.11
2026-07-24 09:34:27,0.12
2026-07-24 09:34:54,0.17
2026-07-24 09:36:21,0.10
2026-07-24 09:38:13,0.21
2026-07-24 09:38:50,0.11
2026-07-24 09:40:07,0.18
2026-07-24 09:40:48,0.12
2026-07-24 09:40:57,0.18
2026-07-24 09:42:18,0.20
2026-07-24 09:43:45,0.11
2026-07-24 09:44:53,0.22
2026-07-24 09:46:28,0.19
2026-07-24 09:46:51,0.11
2026-07-24 09:47:32,0.20
2026-07-24 09:47:41,0.12
2026-07-24 09:49:24,0.20
2026-07-24 09:50:24,0.11
2026-07-24 09:50:42,0.21
2026-07-24 09:51:09,0.12
2026-07-24 09:53:33,0.20
2026-07-24 09:55:13,0.12
2026-07-24 09:56:48,0.21
2026-07-24 09:57:01,0.13
2026-07-24 09:57:29,0.22
2026-07-24 09:58:38,0.13
2026-07-24 09:59:14,0.12
2026-07-24 10:00:12,0.25
2026-07-24 10:00:49,0.13
2026-07-24 10:01:57,0.23
2026-07-24 10:02:16,0.15
2026-07-24 10:03:37,0.22
2026-07-24 10:04:35,0.14
2026-07-24 10:04:45,0.22
2026-07-24 10:06:52,0.14
2026-07-24 10:07:37,0.23
2026-07-24 10:08:14,0.13
2026-07-24 10:09:08,0.23
2026-07-24 10:09:35,0.15
2026-07-24 10:10:25,0.25
2026-07-24 10:11:42,0.15
2026-07-24 10:12:54,0.22
2026-07-24 10:13:22,0.14
2026-07-24 10:14:44,0.23
2026-07-24 10:15:56,0.25
2026-07-24 10:16:09,0.16
2026-07-24 10:17:08,0.17
2026-07-24 10:17:59,0.26
2026-07-24 10:19:06,0.24
2026-07-24 10:19:51,0.17
2026-07-24 10:21:41,0.23
2026-07-24 10:21:58,0.25
2026-07-24 10:23:02,0.16
2026-07-24 10:23:38,0.25
2026-07-24 10:24:24,0.16
2026-07-24 10:25:13,0.25
2026-07-24 10:25:18,0.17
2026-07-24 10:27:16,0.15
2026-07-24 10:28:06,0.31
2026-07-24 10:29:05,0.16
2026-07-24 10:29:14,0.29
2026-07-24 10:30:53,0.18
2026-07-24 10:30:57,0.26
2026-07-24 10:32:06,0.16
2026-07-24 10:33:09,0.30
2026-07-24 10:33:46,0.17
2026-07-24 10:34:54,0.30
2026-07-24 10:35:21,0.16
2026-07-24 10:36:02,0.29
2026-07-24 10:36:57,0.28
2026-07-24 10:37:01,0.14
2026-07-24 10:38:26,0.29
2026-07-24 10:39:20,0.18
2026-07-24 10:40:12,0.29
2026-07-24 10:41:23,0.19
2026-07-24 10:42:27,0.29
2026-07-24 10:42:49,0.15
2026-07-24 10:43:25,0.29
2026-07-24 10:43:49,0.18
2026-07-24 10:45:19,0.21
2026-07-24 10:46:00,0.29
2026-07-24 10:46:50,0.22
2026-07-24 10:48:30,0.19
2026-07-24 10:49:42,0.30
2026-07-24 10:50:18,0.19
2026-07-24 10:51:21,0.30
2026-07-24 10:52:21,0.19
2026-07-24 10:52:57,0.30
2026-07-24 10:53:25,0.23
2026-07-24 10:54:05,0.33
2026-07-24 10:54:59,0.22
2026-07-24 10:56:22,0.30
2026-07-24 10:56:53,0.21
2026-07-24 10:57:11,0.32
2026-07-24 10:58:28,0.20
2026-07-24 10:59:27,0.39
2026-07-24 11:00:12,0.35
2026-07-24 11:00:39,0.20
2026-07-24 11:01:33,0.32
2026-07-24 11:01:47,0.17
2026-07-24 11:03:19,0.22
2026-07-24 11:04:40,0.33
2026-07-24 11:05:38,0.22
2026-07-24 11:06:06,0.31
2026-07-24 11:07:09,0.24
2026-07-24 11:07:50,0.33
2026-07-24 11:09:07,0.35
2026-07-24 11:09:38,0.21
2026-07-24 11:09:48,0.30
2026-07-24 11:10:02,0.24
2026-07-24 11:11:32,0.18
2026-07-24 11:11:55,0.33
2026-07-24 11:13:07,0.29
2026-07-24 11:14:07,0.22
2026-07-24 11:15:37,0.21
2026-07-24 11:16:18,0.31
2026-07-24 11:16:45,0.20
2026-07-24 11:16:55,0.30
2026-07-24 11:18:24,0.29
2026-07-24 11:19:19,0.20
2026-07-24 11:20:00,0.30
2026-07-24 11:20:17,0.19
2026-07-24 11:22:39,0.34
2026-07-24 11:23:20,0.19
2026-07-24 11:24:06,0.33
2026-07-24 11:25:08,0.21
2026-07-24 11:26:03,0.32
2026-07-24 11:26:49,0.25
2026-07-24 11:27:02,0.34
2026-07-24 11:28:06,0.24
2026-07-24 11:29:09,0.30
2026-07-24 11:30:04,0.36
2026-07-24 11:31:11,0.24
2026-07-24 11:32:01,0.35
2026-07-24 11:32:24,0.26
2026-07-24 11:33:09,0.32
2026-07-24 11:35:03,0.25
2026-07-24 11:35:39,0.34
2026-07-24 11:36:10,0.31
2026-07-24 11:36:37,0.28
2026-07-24 11:38:35,0.34
2026-07-24 11:39:08,0.22
2026-07-24 11:39:34,0.34
2026-07-24 11:39:43,0.21
2026-07-24 11:41:14,0.34
2026-07-24 11:41:46,0.26
2026-07-24 11:43:12,0.33
2026-07-24 11:43:26,0.25
2026-07-24 11:44:43,0.27
2026-07-24 11:45:13,0.34
2026-07-24 11:46:05,0.27
2026-07-24 11:46:54,0.36
2026-07-24 11:48:01,0.28
2026-07-24 11:48:29,0.38
2026-07-24 11:49:47,0.27
2026-07-24 11:50:23,0.33
2026-07-24 11:51:26,0.27
2026-07-24 11:51:40,0.38
2026-07-24 11:52:47,0.30
2026-07-24 11:53:10,0.36
2026-07-24 11:54:18,0.31
2026-07-24 11:55:35,0.37
2026-07-24 11:56:07,0.36
2026-07-24 11:56:43,0.28
2026-07-24 11:57:46,0.25
2026-07-24 11:57:52,0.37
2026-07-24 11:59:35,0.36
2026-07-24 11:59:58,0.28
2026-07-24 12:01:56,0.39
2026-07-24 12:02:15,0.26
2026-07-24 12:03:31,0.27
2026-07-24 12:03:36,0.36
2026-07-24 12:05:20,0.26
2026-07-24 12:05:43,0.36
2026-07-24 12:06:41,0.44
2026-07-24 12:07:18,0.27
2026-07-24 12:07:40,0.38
2026-07-24 12:08:07,0.24
2026-07-24 12:09:25,0.26
2026-07-24 12:09:33,0.37
2026-07-24 12:11:41,0.25
2026-07-24 12:12:26,0.39
2026-07-24 12:12:54,0.34
2026-07-24 12:12:58,0.26
2026-07-24 12:14:10,0.39
2026-07-24 12:14:19,0.26
2026-07-24 12:15:45,0.28
2026-07-24 12:16:04,0.33
2026-07-24 12:17:34,0.38
2026-07-24 12:18:06,0.26
2026-07-24 12:19:09,0.29
2026-07-24 12:19:45,0.41
2026-07-24 12:21:34,0.27
2026-07-24 12:22:07,0.39
2026-07-24 12:23:28,0.24
2026-07-24 12:23:32,0.35
2026-07-24 12:24:27,0.28
2026-07-24 12:25:29,0.36
2026-07-24 12:25:39,0.23
2026-07-24 12:26:02,0.35
2026-07-24 12:28:13,0.26
2026-07-24 12:30:29,0.37
2026-07-24 12:30:43,0.28
2026-07-24 12:31:19,0.36
2026-07-24 12:33:40,0.28
2026-07-24 12:33:44,0.39
2026-07-24 12:34:48,0.40
2026-07-24 12:34:52,0.27
2026-07-24 12:35:42,0.29
2026-07-24 12:36:59,0.37
2026-07-24 12:37:40,0.25
2026-07-24 12:39:11,0.38
2026-07-24 12:39:51,0.28
2026-07-24 12:41:09,0.27
2026-07-24 12:41:13,0.39
2026-07-24 12:43:15,0.46
2026-07-24 12:43:25,0.29
2026-07-24 12:44:28,0.26
2026-07-24 12:45:22,0.41
2026-07-24 12:46:44,0.39
2026-07-24 12:46:53,0.22
2026-07-24 12:48:34,0.27
2026-07-24 12:48:43,0.65
2026-07-24 12:49:04,0.51
2026-07-24 12:49:18,0.22
2026-07-24 12:50:31,0.44
2026-07-24 12:50:53,0.27
2026-07-24 12:52:47,0.38
2026-07-24 12:53:33,0.27
2026-07-24 12:54:22,0.26
2026-07-24 12:55:03,0.40
2026-07-24 12:56:21,0.25
2026-07-24 12:57:01,0.29
2026-07-24 12:57:15,0.37
2026-07-24 12:58:55,0.38
2026-07-24 12:59:58,0.29
2026-07-24 13:00:25,0.34
2026-07-24 13:01:15,0.40
2026-07-24 13:02:05,0.27
2026-07-24 13:03:35,0.41
2026-07-24 13:04:12,0.32
2026-07-24 13:05:42,0.38
2026-07-24 13:05:48,0.31
2026-07-24 13:08:08,0.30
2026-07-24 13:08:12,0.42
2026-07-24 13:08:44,0.39
2026-07-24 13:09:16,0.28
2026-07-24 13:11:28,0.30
2026-07-24 13:11:37,0.40
2026-07-24 13:12:45,0.22
2026-07-24 13:12:49,0.48
2026-07-24 13:13:47,0.27
2026-07-24 13:13:52,0.44
2026-07-24 13:15:14,0.40
2026-07-24 13:16:04,0.31
2026-07-24 13:16:59,0.41
2026-07-24 13:17:21,0.33
2026-07-24 13:19:47,0.45
2026-07-24 13:20:04,0.32
2026-07-24 13:20:13,0.26
2026-07-24 13:20:50,0.48
2026-07-24 13:22:07,0.45
2026-07-24 13:23:01,0.33
2026-07-24 13:24:13,0.25
2026-07-24 13:24:23,0.47
2026-07-24 13:25:03,0.24
2026-07-24 13:25:53,0.64
2026-07-24 13:26:44,0.33
2026-07-24 13:27:01,0.46
2026-07-24 13:28:59,0.28
2026-07-24 13:29:49,0.45
2026-07-24 13:30:02,0.47
2026-07-24 13:30:43,0.27
2026-07-24 13:32:37,0.29
2026-07-24 13:32:55,0.48
2026-07-24 13:33:31,0.43
2026-07-24 13:33:37,0.29
2026-07-24 13:35:33,0.42
2026-07-24 13:35:52,0.33
2026-07-24 13:36:55,0.49
2026-07-24 13:37:46,0.36
2026-07-24 13:38:44,0.46
2026-07-24 13:38:53,0.31
2026-07-24 13:40:59,0.43
2026-07-24 13:41:41,0.47
2026-07-24 13:42:13,0.35
2026-07-24 13:43:43,0.50
2026-07-24 13:44:24,0.31
2026-07-24 13:44:55,0.48
2026-07-24 13:45:55,0.34
2026-07-24 13:46:45,0.45
2026-07-24 13:46:54,0.36
2026-07-24 13:49:06,0.45
2026-07-24 13:49:51,0.35
2026-07-24 13:50:08,0.46
2026-07-24 13:51:29,0.45
2026-07-24 13:51:40,0.37
2026-07-24 13:53:37,0.36
2026-07-24 13:54:13,0.48
2026-07-24 13:55:25,0.37
2026-07-24 13:55:35,0.47
2026-07-24 13:57:24,0.36
2026-07-24 13:57:52,0.46
2026-07-24 13:58:33,0.38
2026-07-24 14:00:34,0.45
2026-07-24 14:00:40,0.36
2026-07-24 14:01:47,0.46
2026-07-24 14:01:55,0.36
2026-07-24 14:04:11,0.37
2026-07-24 14:04:35,0.47
2026-07-24 14:05:02,0.39
2026-07-24 14:05:51,0.49
2026-07-24 14:06:24,0.48
2026-07-24 14:06:32,0.39
2026-07-24 14:07:58,0.41
2026-07-24 14:08:31,0.49
2026-07-24 14:10:05,0.47
2026-07-24 14:11:04,0.38
2026-07-24 14:11:22,0.40
2026-07-24 14:12:17,0.51
2026-07-24 14:13:16,0.52
2026-07-24 14:14:06,0.37
2026-07-24 14:14:34,0.57
2026-07-24 14:15:00,0.30
2026-07-24 14:16:17,0.32
2026-07-24 14:16:50,0.52
2026-07-24 14:18:11,0.54
2026-07-24 14:19:19,0.33
2026-07-24 14:20:27,0.49
2026-07-24 14:21:07,0.35
2026-07-24 14:21:48,0.36
2026-07-24 14:22:21,0.56
2026-07-24 14:22:48,0.37
2026-07-24 14:23:55,0.55
2026-07-24 14:25:13,0.36
2026-07-24 14:25:36,0.56
2026-07-24 14:26:47,0.50
2026-07-24 14:26:57,0.34
2026-07-24 14:28:41,0.45
2026-07-24 14:29:09,0.35
2026-07-24 14:29:35,0.49
2026-07-24 14:29:39,0.37
2026-07-24 14:31:52,0.52
2026-07-24 14:32:33,0.39
2026-07-24 14:33:49,0.47
2026-07-24 14:34:16,0.39
2026-07-24 14:34:52,0.53
2026-07-24 14:35:25,0.34
2026-07-24 14:36:23,0.52
2026-07-24 14:37:23,0.36
2026-07-24 14:39:07,0.51
2026-07-24 14:39:16,0.33
2026-07-24 14:39:30,0.48
2026-07-24 14:39:38,0.33
2026-07-24 14:41:36,0.35
2026-07-24 14:42:13,0.51
2026-07-24 14:43:34,0.35
2026-07-24 14:43:57,0.48
2026-07-24 14:44:47,0.51
2026-07-24 14:45:46,0.29
2026-07-24 14:46:49,0.69
2026-07-24 14:47:22,0.29
2026-07-24 14:47:49,0.62
2026-07-24 14:48:15,0.32
2026-07-24 14:49:19,0.31
2026-07-24 14:49:32,0.58
2026-07-24 14:51:52,0.31
2026-07-24 14:52:07,0.58
2026-07-24 14:53:01,0.50
2026-07-24 14:53:46,0.37
2026-07-24 14:54:09,0.56
2026-07-24 14:54:36,0.38
2026-07-24 14:56:16,0.36
2026-07-24 14:56:38,0.53
2026-07-24 14:59:04,0.38
2026-07-24 14:59:13,0.56
2026-07-24 15:00:03,0.40
2026-07-24 15:00:52,0.50
2026-07-24 15:01:38,0.40
2026-07-24 15:02:46,0.49
2026-07-24 15:03:22,0.36
2026-07-24 15:04:57,0.57
2026-07-24 15:05:33,0.40
2026-07-24 15:05:52,0.38
2026-07-24 15:06:23,0.53
2026-07-24 15:08:21,0.54
2026-07-24 15:08:57,0.36
2026-07-24 15:09:34,0.39
2026-07-24 15:09:56,0.57
2026-07-24 15:11:04,0.60
2026-07-24 15:11:28,0.36
2026-07-24 15:13:06,0.50
2026-07-24 15:13:16,0.31
2026-07-24 15:13:57,0.27
2026-07-24 15:14:52,0.64
2026-07-24 15:15:41,0.51
2026-07-24 15:16:22,0.41
2026-07-24 15:18:02,0.29
2026-07-24 15:18:51,0.76
2026-07-24 15:19:01,0.33
2026-07-24 15:19:19,0.63
2026-07-24 15:20:49,0.41
2026-07-24 15:20:53,0.64
2026-07-24 15:22:24,0.58
2026-07-24 15:22:43,0.36
2026-07-24 15:24:00,0.39
2026-07-24 15:25:22,0.56
2026-07-24 15:25:31,0.55
2026-07-24 15:27:06,0.42
2026-07-24 15:27:38,0.51
2026-07-24 15:28:32,0.41
2026-07-24 15:30:21,0.50
2026-07-24 15:30:35,0.42
2026-07-24 15:31:02,0.49
2026-07-24 15:33:04,0.33
2026-07-24 15:33:31,0.50
2026-07-24 15:34:11,0.72
2026-07-24 15:34:35,0.31
2026-07-24 15:36:09,0.24
2026-07-24 15:36:28,0.59
2026-07-24 15:37:19,0.32
2026-07-24 15:37:27,0.51
2026-07-24 15:38:57,0.52
2026-07-24 15:39:48,0.42
2026-07-24 15:40:51,0.40
2026-07-24 15:41:09,0.57
2026-07-24 15:42:17,0.40
2026-07-24 15:42:22,0.53
2026-07-24 15:44:11,0.54
2026-07-24 15:45:10,0.43
2026-07-24 15:45:55,0.54
2026-07-24 15:46:09,0.37
2026-07-24 15:47:20,0.43
2026-07-24 15:48:01,0.53
2026-07-24 15:48:43,0.42
2026-07-24 15:50:04,0.53
2026-07-24 15:50:45,0.52
2026-07-24 15:51:12,0.35
2026-07-24 15:52:16,0.38
2026-07-24 15:52:48,0.52
2026-07-24 15:54:54,0.50
2026-07-24 15:55:08,0.39
2026-07-24 15:56:39,0.37
2026-07-24 15:56:48,0.51
2026-07-24 15:57:33,0.41
2026-07-24 15:59:08,0.37
2026-07-24 15:59:31,0.52
2026-07-24 16:00:21,0.43
2026-07-24 16:01:07,0.52
2026-07-24 16:02:50,0.57
2026-07-24 16:03:08,0.43
2026-07-24 16:03:31,0.42
2026-07-24 16:03:49,0.52
2026-07-24 16:05:30,0.48
2026-07-24 16:05:43,0.41
2026-07-24 16:06:46,0.51
2026-07-24 16:06:51,0.43
2026-07-24 16:08:36,0.42
2026-07-24 16:08:40,0.49
2026-07-24 16:10:51,0.41
2026-07-24 16:11:41,0.52
2026-07-24 16:11:47,0.49
2026-07-24 16:12:00,0.40
2026-07-24 16:13:26,0.44
2026-07-24 16:14:38,0.51
2026-07-24 16:15:05,0.49
2026-07-24 16:15:29,0.43
2026-07-24 16:17:03,0.41
2026-07-24 16:18:02,0.48
2026-07-24 16:18:20,0.42
2026-07-24 16:19:38,0.51
2026-07-24 16:20:14,0.50
2026-07-24 16:20:23,0.44
2026-07-24 16:21:49,0.43
2026-07-24 16:21:54,0.49
2026-07-24 16:24:15,0.50
2026-07-24 16:24:28,0.38
2026-07-24 16:25:41,0.49
2026-07-24 16:25:45,0.43
2026-07-24 16:27:03,0.40
2026-07-24 16:27:24,0.49
2026-07-24 16:28:33,0.40
2026-07-24 16:29:05,0.50
2026-07-24 16:29:54,0.49
2026-07-24 16:30:12,0.43
2026-07-24 16:31:47,0.45
2026-07-24 16:32:28,0.50
2026-07-24 16:33:23,0.43
2026-07-24 16:33:41,0.50
2026-07-24 16:34:49,0.44
2026-07-24 16:35:26,0.49
2026-07-24 16:36:33,0.50
2026-07-24 16:36:51,0.43
2026-07-24 16:38:18,0.50
2026-07-24 16:39:31,0.43
2026-07-24 16:40:52,0.52
2026-07-24 16:41:10,0.44
2026-07-24 16:41:41,0.40
2026-07-24 16:42:40,0.53
2026-07-24 16:43:30,0.51
2026-07-24 16:43:58,0.43
2026-07-24 16:45:32,0.50
2026-07-24 16:46:14,0.43
2026-07-24 16:46:50,0.50
2026-07-24 16:47:26,0.40
2026-07-24 16:48:11,0.53
2026-07-24 16:49:11,0.43
2026-07-24 16:50:10,0.50
2026-07-24 16:51:12,0.38
2026-07-24 16:51:27,0.43
2026-07-24 16:51:40,0.51
2026-07-24 16:53:06,0.42
2026-07-24 16:54:19,0.57
2026-07-24 16:54:37,0.44
2026-07-24 16:54:55,0.51
2026-07-24 16:56:35,0.52
2026-07-24 16:57:19,0.45
2026-07-24 16:58:01,0.43
2026-07-24 16:58:56,0.51
2026-07-24 17:00:18,0.50
2026-07-24 17:00:39,0.41
2026-07-24 17:01:48,0.40
2026-07-24 17:02:25,0.52
2026-07-24 17:03:00,0.44
2026-07-24 17:04:27,0.54
2026-07-24 17:04:44,0.41
2026-07-24 17:05:39,0.53
2026-07-24 17:06:20,0.43
2026-07-24 17:06:56,0.51
2026-07-24 17:08:22,0.41
2026-07-24 17:08:36,0.54
2026-07-24 17:10:29,0.50
2026-07-24 17:11:01,0.38
2026-07-24 17:11:59,0.55
2026-07-24 17:12:09,0.40
2026-07-24 17:13:45,0.41
2026-07-24 17:14:16,0.55
2026-07-24 17:15:06,0.57
2026-07-24 17:15:42,0.38
2026-07-24 17:17:13,0.50
2026-07-24 17:17:31,0.41
2026-07-24 17:18:02,0.53
2026-07-24 17:19:10,0.42
2026-07-24 17:19:37,0.43
2026-07-24 17:20:37,0.52
2026-07-24 17:21:03,0.41
2026-07-24 17:22:35,0.51
2026-07-24 17:22:39,0.43
2026-07-24 17:23:01,0.50
2026-07-24 17:25:00,0.40
2026-07-24 17:26:21,0.52
2026-07-24 17:27:15,0.41
2026-07-24 17:28:47,0.42
2026-07-24 17:28:51,0.50
2026-07-24 17:30:26,0.40
2026-07-24 17:31:30,0.41
2026-07-24 17:32:19,0.50
2026-07-24 17:33:55,0.42
2026-07-24 17:34:35,0.41
2026-07-24 17:35:16,0.50
2026-07-24 17:35:53,0.49
2026-07-24 17:37:10,0.40
2026-07-24 17:38:17,0.51
2026-07-24 17:38:36,0.41
2026-07-24 17:39:35,0.39
2026-07-24 17:39:49,0.50
2026-07-24 17:40:56,0.42
2026-07-24 17:41:09,0.46
2026-07-24 17:42:31,0.43
2026-07-24 17:43:21,0.50
2026-07-24 17:44:12,0.43
2026-07-24 17:45:42,0.48
2026-07-24 17:46:19,0.47
2026-07-24 17:46:40,0.41
2026-07-24 17:48:03,0.46
2026-07-24 17:48:53,0.41
2026-07-24 17:49:11,0.42
2026-07-24 17:50:15,0.48
2026-07-24 17:50:49,0.46
2026-07-24 17:51:26,0.42
2026-07-24 17:53:16,0.45
2026-07-24 17:53:20,0.41
2026-07-24 17:54:51,0.40
2026-07-24 17:55:13,0.46
2026-07-24 17:56:04,0.40
2026-07-24 17:57:25,0.45
2026-07-24 17:58:19,0.41
2026-07-24 17:59:37,0.40
2026-07-24 17:59:41,0.44
2026-07-24 18:00:45,0.40
2026-07-24 18:00:54,0.44
2026-07-24 18:02:15,0.40
2026-07-24 18:02:32,0.44
2026-07-24 18:04:22,0.39
2026-07-24 18:04:31,0.45
2026-07-24 18:06:11,0.39
2026-07-24 18:08:36,0.46
2026-07-24 18:08:59,0.47
2026-07-24 18:10:10,0.38
2026-07-24 18:11:10,0.39
2026-07-24 18:11:14,0.43
2026-07-24 18:12:31,0.40
2026-07-24 18:15:15,0.43
2026-07-24 18:15:20,0.38
2026-07-24 18:16:41,0.37
2026-07-24 18:17:03,0.43
2026-07-24 18:17:39,0.44
2026-07-24 18:17:44,0.39
2026-07-24 18:19:11,0.42
2026-07-24 18:19:29,0.38
2026-07-24 18:20:40,0.45
2026-07-24 18:20:46,0.39
2026-07-24 18:22:11,0.44
2026-07-24 18:23:47,0.42
2026-07-24 18:24:23,0.37
2026-07-24 18:25:22,0.38
2026-07-24 18:26:43,0.46
2026-07-24 18:27:24,0.44
2026-07-24 18:28:37,0.36
2026-07-24 18:29:26,0.37
2026-07-24 18:30:03,0.43
2026-07-24 18:30:39,0.40
2026-07-24 18:31:25,0.37
2026-07-24 18:32:10,0.40
2026-07-24 18:33:35,0.36
2026-07-24 18:34:08,0.41
2026-07-24 18:34:34,0.36
2026-07-24 18:35:38,0.35
2026-07-24 18:35:48,0.40
2026-07-24 18:37:40,0.36
2026-07-24 18:38:58,0.40
2026-07-24 18:39:48,0.35
2026-07-24 18:40:46,0.39
2026-07-24 18:41:14,0.35
2026-07-24 18:43:03,0.41
2026-07-24 18:44:21,0.33
2026-07-24 18:44:47,0.42
2026-07-24 18:46:32,0.43
2026-07-24 18:46:36,0.31
2026-07-24 18:46:55,0.30
2026-07-24 18:47:22,0.38
2026-07-24 18:48:56,0.39
2026-07-24 18:49:15,0.33
2026-07-24 18:51:31,0.39
2026-07-24 18:51:48,0.35
2026-07-24 18:53:01,0.37
2026-07-24 18:54:10,0.33
2026-07-24 18:54:36,0.37
2026-07-24 18:55:13,0.38
2026-07-24 18:55:54,0.33
2026-07-24 18:57:34,0.32
2026-07-24 18:58:09,0.38
2026-07-24 18:59:04,0.37
2026-07-24 18:59:45,0.33
2026-07-24 19:01:07,0.38
2026-07-24 19:01:48,0.35
2026-07-24 19:02:33,0.43
2026-07-24 19:03:36,0.40
2026-07-24 19:04:21,0.31
2026-07-24 19:04:58,0.32
2026-07-24 19:05:43,0.37
2026-07-24 19:06:38,0.32
2026-07-24 19:07:41,0.36
2026-07-24 19:09:22,0.30
2026-07-24 19:09:48,0.36
2026-07-24 19:10:24,0.35
2026-07-24 19:10:37,0.31
2026-07-24 19:11:37,0.32
2026-07-24 19:12:09,0.36
2026-07-24 19:13:21,0.35
2026-07-24 19:14:25,0.30
2026-07-24 19:15:23,0.29
2026-07-24 19:15:33,0.35
2026-07-24 19:16:37,0.37
2026-07-24 19:17:35,0.29
2026-07-24 19:18:21,0.28
2026-07-24 19:19:06,0.34
2026-07-24 19:19:51,0.29
2026-07-24 19:20:46,0.37
2026-07-24 19:21:44,0.36
2026-07-24 19:22:39,0.29
2026-07-24 19:23:29,0.33
2026-07-24 19:24:28,0.32
2026-07-24 19:24:32,0.30
2026-07-24 19:24:38,0.32
2026-07-24 19:24:42,0.31
2026-07-24 19:25:23,0.33
2026-07-24 19:25:40,0.27
2026-07-24 19:26:48,0.33
2026-07-24 19:29:09,0.34
2026-07-24 19:29:32,0.28
2026-07-24 19:30:13,0.33
2026-07-24 19:30:39,0.26
2026-07-24 19:32:16,0.34
2026-07-24 19:33:05,0.32
2026-07-24 19:33:50,0.26
2026-07-24 19:35:07,0.32
2026-07-24 19:35:20,0.26
2026-07-24 19:36:42,0.27
2026-07-24 19:37:19,0.33
2026-07-24 19:38:04,0.28
2026-07-24 19:39:02,0.36
2026-07-24 19:39:48,0.35
2026-07-24 19:40:20,0.28
2026-07-24 19:41:41,0.32
2026-07-24 19:42:40,0.26
2026-07-24 19:44:24,0.31
2026-07-24 19:44:44,0.25
2026-07-24 19:44:52,0.30
2026-07-24 19:46:36,0.25
2026-07-24 19:46:40,0.32
2026-07-24 19:48:26,0.31
2026-07-24 19:49:10,0.23
2026-07-24 19:49:51,0.29
2026-07-24 19:50:32,0.24
2026-07-24 19:51:22,0.23
2026-07-24 19:51:41,0.29
2026-07-24 19:52:48,0.31
2026-07-24 19:52:52,0.24
2026-07-24 19:55:22,0.30
2026-07-24 19:55:27,0.23
2026-07-24 19:56:25,0.22
2026-07-24 19:57:29,0.37
2026-07-24 19:57:52,0.39
2026-07-24 19:58:05,0.20
2026-07-24 19:59:40,0.31
2026-07-24 20:01:01,0.19
2026-07-24 20:01:14,0.31
2026-07-24 20:01:29,0.22
2026-07-24 20:04:02,0.20
2026-07-24 20:04:12,0.28
2026-07-24 20:05:15,0.29
2026-07-24 20:05:34,0.22
2026-07-24 20:06:42,0.20
2026-07-24 20:06:50,0.28
2026-07-24 20:07:55,0.21
2026-07-24 20:09:43,0.29
2026-07-24 20:10:38,0.19
2026-07-24 20:11:10,0.27
2026-07-24 20:11:40,0.19
2026-07-24 20:13:08,0.20
2026-07-24 20:13:34,0.27
2026-07-24 20:15:09,0.29
2026-07-24 20:15:36,0.19
2026-07-24 20:16:00,0.31
2026-07-24 20:16:54,0.20
2026-07-24 20:17:44,0.25
2026-07-24 20:17:48,0.17
2026-07-24 20:19:33,0.26
2026-07-24 20:19:42,0.17
2026-07-24 20:21:16,0.18
2026-07-24 20:21:20,0.24
2026-07-24 20:22:47,0.26
2026-07-24 20:23:01,0.18
2026-07-24 20:24:49,0.25
2026-07-24 20:25:12,0.16
2026-07-24 20:25:58,0.18
2026-07-24 20:26:25,0.25
2026-07-24 20:27:47,0.24
2026-07-24 20:27:51,0.18
2026-07-24 20:29:17,0.14
2026-07-24 20:29:26,0.24
2026-07-24 20:32:18,0.18
2026-07-24 20:32:46,0.17
2026-07-24 20:33:17,0.27
2026-07-24 20:34:40,0.19
2026-07-24 20:37:03,0.17
2026-07-24 20:37:08,0.26
2026-07-24 20:38:39,0.17
2026-07-24 20:39:10,0.22
2026-07-24 20:40:10,0.15
2026-07-24 20:40:51,0.22
2026-07-24 20:41:31,0.16
2026-07-24 20:42:35,0.18
2026-07-24 20:43:16,0.25
2026-07-24 20:44:54,0.15
2026-07-24 20:45:27,0.24
2026-07-24 20:45:36,0.17
2026-07-24 20:45:40,0.25
2026-07-24 20:47:21,0.26
2026-07-24 20:48:10,0.16
2026-07-24 20:49:05,0.25
2026-07-24 20:49:32,0.16
2026-07-24 20:50:36,0.18
2026-07-24 20:51:21,0.29
2026-07-24 20:52:24,0.26
2026-07-24 20:53:01,0.15
2026-07-24 20:54:22,0.16
2026-07-24 20:54:26,0.22
2026-07-24 20:56:01,0.17
2026-07-24 20:58:00,0.16
2026-07-24 20:58:14,0.24
2026-07-24 21:00:06,0.13
2026-07-24 21:01:02,0.16
2026-07-24 21:01:19,0.23
2026-07-24 21:02:23,0.22
2026-07-24 21:03:30,0.13
2026-07-24 21:04:06,0.18
2026-07-24 21:04:57,0.12
2026-07-24 21:05:52,0.23
2026-07-24 21:06:00,0.11
2026-07-24 21:07:07,0.22
2026-07-24 21:07:35,0.13
2026-07-24 21:09:20,0.23
2026-07-24 21:10:36,0.25
2026-07-24 21:11:26,0.13
2026-07-24 21:12:39,0.20
2026-07-24 21:12:43,0.13
2026-07-24 21:13:56,0.20
2026-07-24 21:14:00,0.15
2026-07-24 21:16:26,0.19
2026-07-24 21:16:52,0.13
2026-07-24 21:17:29,0.21
2026-07-24 21:17:52,0.13
2026-07-24 21:19:08,0.11
2026-07-24 21:20:13,0.19
2026-07-24 21:20:21,0.13
2026-07-24 21:21:38,0.19
2026-07-24 21:22:19,0.11
2026-07-24 21:23:09,0.19
2026-07-24 21:23:49,0.18
2026-07-24 21:24:44,0.11
2026-07-24 21:26:46,0.22
2026-07-24 21:26:55,0.13
2026-07-24 21:27:45,0.21
2026-07-24 21:29:39,0.19
2026-07-24 21:29:47,0.13
2026-07-24 21:30:56,0.19
2026-07-24 21:32:55,0.13
2026-07-24 21:34:06,0.19
2026-07-24 21:34:57,0.12
2026-07-24 21:35:51,0.13
2026-07-24 21:36:24,0.18
2026-07-24 21:37:04,0.12
2026-07-24 21:38:02,0.19
2026-07-24 21:39:33,0.11
2026-07-24 21:39:38,0.18
2026-07-24 21:40:46,0.19
2026-07-24 21:41:14,0.12
2026-07-24 21:41:58,0.13
2026-07-24 21:42:25,0.19
2026-07-24 21:44:23,0.18
2026-07-24 21:44:42,0.11
2026-07-24 21:45:23,0.13
2026-07-24 21:46:30,0.20
2026-07-24 21:46:50,0.12
2026-07-24 21:46:54,0.17
2026-07-24 21:49:18,0.11
2026-07-24 21:51:34,0.16
2026-07-24 21:51:44,0.11
2026-07-24 21:52:01,0.16
2026-07-24 21:53:18,0.15
2026-07-24 21:54:36,0.09
2026-07-24 21:54:54,0.15
2026-07-24 21:55:12,0.10
2026-07-24 21:56:38,0.16
2026-07-24 21:57:24,0.10
2026-07-24 21:58:45,0.15
2026-07-24 21:58:54,0.08
2026-07-24 22:00:20,0.16
2026-07-24 22:00:47,0.10
2026-07-24 22:02:50,0.17
2026-07-24 22:03:27,0.13
2026-07-24 22:03:35,0.18
2026-07-24 22:04:52,0.19
2026-07-24 22:05:42,0.10
2026-07-24 22:06:36,0.16
2026-07-24 22:06:49,0.09
2026-07-24 22:08:21,0.11
2026-07-24 22:08:38,0.15
2026-07-24 22:11:13,0.09
2026-07-24 22:11:35,0.16
2026-07-24 22:11:58,0.10
2026-07-24 22:14:41,0.16
2026-07-24 22:15:31,0.17
2026-07-24 22:16:08,0.10
2026-07-24 22:17:06,0.17
2026-07-24 22:18:42,0.16
2026-07-24 22:19:04,0.10
2026-07-24 22:19:50,0.07
2026-07-24 22:20:25,0.15
2026-07-24 22:21:30,0.09
2026-07-24 22:22:42,0.19
2026-07-24 22:23:00,0.16
2026-07-24 22:24:07,0.08
2026-07-24 22:24:54,0.07
2026-07-24 22:26:10,0.15
2026-07-24 22:26:42,0.07
2026-07-24 22:27:36,0.16
2026-07-24 22:27:55,0.06
2026-07-24 22:28:39,0.15
2026-07-24 22:30:15,0.14
2026-07-24 22:30:33,0.04
2026-07-24 22:31:44,0.13
2026-07-24 22:32:39,0.06
2026-07-24 22:33:07,0.12
2026-07-24 22:33:52,0.06
2026-07-24 22:34:33,0.15
2026-07-24 22:34:52,0.07
2026-07-24 22:36:17,0.15
2026-07-24 22:36:59,0.06
2026-07-24 22:38:25,0.07
2026-07-24 22:38:34,0.12
2026-07-24 22:39:29,0.09
2026-07-24 22:40:49,0.18
2026-07-24 22:41:13,0.11
2026-07-24 22:41:49,0.07
2026-07-24 22:43:24,0.06
2026-07-24 22:43:46,0.12
2026-07-24 22:45:13,0.06
2026-07-24 22:45:39,0.14
2026-07-24 22:47:24,0.06
2026-07-24 22:47:37,0.13
2026-07-24 22:47:56,0.07
2026-07-24 22:48:14,0.11
2026-07-24 22:50:35,0.07
2026-07-24 22:51:24,0.06
2026-07-24 22:51:43,0.11
2026-07-24 22:53:13,0.05
2026-07-24 22:54:45,0.12
2026-07-24 22:55:29,0.06
2026-07-24 22:56:19,0.11
2026-07-24 22:57:22,0.04
2026-07-24 22:57:36,0.05
2026-07-24 22:58:44,0.15
2026-07-24 23:00:14,0.13
2026-07-24 23:00:51,0.04
2026-07-24 23:00:55,0.07
2026-07-24 23:02:03,0.11
2026-07-24 23:03:11,0.07
2026-07-24 23:04:06,0.14
2026-07-24 23:04:24,0.11
2026-07-24 23:05:41,0.05
2026-07-24 23:06:08,0.12
2026-07-24 23:06:58,0.06
2026-07-24 23:07:33,0.07
2026-07-24 23:08:39,0.11
2026-07-24 23:10:18,0.06
2026-07-24 23:10:58,0.07
2026-07-24 23:11:02,0.11
2026-07-24 23:12:29,0.10
2026-07-24 23:13:42,0.06
2026-07-24 23:14:14,0.07
2026-07-24 23:14:23,0.11
2026-07-24 23:16:11,0.14
2026-07-24 23:16:30,0.08
2026-07-24 23:17:38,0.05
2026-07-24 23:18:27,0.11
2026-07-24 23:19:18,0.12
2026-07-24 23:20:16,0.05
2026-07-24 23:21:37,0.06
2026-07-24 23:22:04,0.11
2026-07-24 23:22:36,0.05
2026-07-24 23:22:41,0.10
2026-07-24 23:25:29,0.05
2026-07-24 23:25:47,0.11
2026-07-24 23:26:27,0.05
2026-07-24 23:27:23,0.06
2026-07-24 23:27:27,0.11
2026-07-24 23:29:06,0.05
2026-07-24 23:29:29,0.11
2026-07-24 23:31:18,0.06
2026-07-24 23:31:27,0.10
2026-07-24 23:33:48,0.05
2026-07-24 23:33:56,0.06
2026-07-24 23:34:15,0.14
2026-07-24 23:36:03,0.05
2026-07-24 23:36:31,0.09
2026-07-24 23:37:16,0.06
2026-07-24 23:38:05,0.11
2026-07-24 23:39:19,0.06
2026-07-24 23:40:08,0.10
2026-07-24 23:40:58,0.09
2026-07-24 23:41:29,0.04
2026-07-24 23:42:39,0.10
2026-07-24 23:43:37,0.04
2026-07-24 23:44:04,0.10
2026-07-24 23:44:31,0.06
2026-07-24 23:45:39,0.11
2026-07-24 23:47:29,0.04
2026-07-24 23:47:59,0.14
2026-07-24 23:48:50,0.07
2026-07-24 23:49:39,0.15
2026-07-24 23:50:34,0.09
2026-07-24 23:51:15,0.05
2026-07-24 23:52:45,0.07
2026-07-24 23:52:53,0.13
2026-07-24 23:53:44,0.06
2026-07-24 23:54:16,0.10
2026-07-24 23:56:09,0.04
2026-07-24 23:56:18,0.12
2026-07-24 23:57:09,0.07
2026-07-24 23:58:16,0.11
2026-07-24 23:58:57,0.10
2026-07-24 23:59:29,0.06
2026-07-25 00:00:18,0.05
2026-07-25 00:00:46,0.10
2026-07-25 00:02:45,0.06
2026-07-25 00:03:11,0.11
2026-07-25 00:03:43,0.06
2026-07-25 00:04:06,0.10
2026-07-25 00:05:17,0.06
2026-07-25 00:05:37,0.11
2026-07-25 00:06:54,0.05
2026-07-25 00:07:11,0.12
2026-07-25 00:09:00,0.11
2026-07-25 00:10:04,0.05
2026-07-25 00:10:13,0.06
2026-07-25 00:10:27,0.14
2026-07-25 00:12:29,0.06
2026-07-25 00:13:24,0.11
2026-07-25 00:14:00,0.06
2026-07-25 00:15:07,0.11
2026-07-25 00:15:26,0.09
2026-07-25 00:15:57,0.06
2026-07-25 00:17:06,0.05
2026-07-25 00:17:33,0.10
2026-07-25 00:19:57,0.03
2026-07-25 00:21:02,0.11
2026-07-25 00:21:19,0.04
2026-07-25 00:21:56,0.12
2026-07-25 00:23:31,0.06
2026-07-25 00:24:29,0.11
2026-07-25 00:25:52,0.04
2026-07-25 00:26:50,0.05
2026-07-25 00:27:21,0.11
2026-07-25 00:29:34,0.14
2026-07-25 00:29:56,0.02
2026-07-25 00:30:42,0.11
2026-07-25 00:30:50,0.05
2026-07-25 00:31:54,0.04
2026-07-25 00:33:02,0.13
2026-07-25 00:33:43,0.04
2026-07-25 00:34:10,0.13
2026-07-25 00:35:08,0.05
2026-07-25 00:35:53,0.11
2026-07-25 00:37:11,0.15
2026-07-25 00:37:19,0.04
2026-07-25 00:38:33,0.05
2026-07-25 00:38:37,0.11
2026-07-25 00:39:54,0.05
2026-07-25 00:40:58,0.11
2026-07-25 00:42:15,0.12
2026-07-25 00:42:29,0.03
2026-07-25 00:43:37,0.04
2026-07-25 00:44:27,0.11
2026-07-25 00:44:53,0.06
2026-07-25 00:46:29,0.13
2026-07-25 00:47:32,0.14
2026-07-25 00:48:05,0.07
2026-07-25 00:48:45,0.05
2026-07-25 00:48:59,0.11
2026-07-25 00:50:34,0.05
2026-07-25 00:51:15,0.14
2026-07-25 00:52:45,0.05
2026-07-25 00:53:12,0.11
2026-07-25 00:53:48,0.05
2026-07-25 00:54:51,0.11
2026-07-25 00:55:05,0.05
2026-07-25 00:56:27,0.10
2026-07-25 00:57:08,0.05
2026-07-25 00:58:29,0.11
2026-07-25 01:00:09,0.12
2026-07-25 01:01:04,0.05
2026-07-25 01:01:30,0.06
2026-07-25 01:02:21,0.11
2026-07-25 01:03:24,0.06
2026-07-25 01:04:36,0.12
2026-07-25 01:04:41,0.13
2026-07-25 01:06:07,0.06
2026-07-25 01:07:51,0.11
2026-07-25 01:08:01,0.12
2026-07-25 01:08:23,0.07
2026-07-25 01:09:40,0.10
2026-07-25 01:10:48,0.06
2026-07-25 01:11:43,0.03
2026-07-25 01:12:00,0.09
2026-07-25 01:13:45,0.04
2026-07-25 01:15:15,0.14
2026-07-25 01:15:20,0.05
2026-07-25 01:16:46,0.04
2026-07-25 01:16:50,0.11
2026-07-25 01:18:53,0.05
2026-07-25 01:19:34,0.10
2026-07-25 01:20:42,0.04
2026-07-25 01:21:46,0.03
2026-07-25 01:22:40,0.13
2026-07-25 01:23:07,0.06
2026-07-25 01:23:26,0.11
2026-07-25 01:25:00,0.10
2026-07-25 01:25:05,0.05
2026-07-25 01:27:12,0.11
2026-07-25 01:27:26,0.04
2026-07-25 01:28:16,0.10
2026-07-25 01:30:04,0.12
2026-07-25 01:30:18,0.05
2026-07-25 01:31:04,0.04
2026-07-25 01:31:12,0.09
2026-07-25 01:32:47,0.03
2026-07-25 01:34:13,0.11
2026-07-25 01:34:23,0.10
2026-07-25 01:34:54,0.04
2026-07-25 01:36:11,0.12
2026-07-25 01:36:52,0.03
2026-07-25 01:38:22,0.11
2026-07-25 01:39:03,0.03
2026-07-25 01:39:30,0.04
2026-07-25 01:40:11,0.11
2026-07-25 01:41:01,0.13
2026-07-25 01:41:15,0.06
2026-07-25 01:42:46,0.04
2026-07-25 01:43:18,0.12
2026-07-25 01:44:29,0.02
2026-07-25 01:44:33,0.10
2026-07-25 01:47:00,0.03
2026-07-25 01:47:17,0.13
2026-07-25 01:47:53,0.11
2026-07-25 01:49:06,0.03
2026-07-25 01:49:38,0.13
2026-07-25 01:49:56,-0.02
2026-07-25 01:51:50,0.04
2026-07-25 01:52:11,0.10
2026-07-25 01:53:44,0.04
2026-07-25 01:55:36,0.12
2026-07-25 01:57:01,0.10
2026-07-25 01:57:25,0.04
2026-07-25 01:58:47,0.02
2026-07-25 01:58:55,0.12
2026-07-25 01:59:18,0.11
2026-07-25 02:00:44,0.03
2026-07-25 02:02:02,0.04
2026-07-25 02:02:15,0.10
2026-07-25 02:02:56,0.04
2026-07-25 02:04:08,0.09
2026-07-25 02:04:12,0.03
2026-07-25 02:06:29,0.10
2026-07-25 02:06:46,0.02
2026-07-25 02:07:27,0.03
2026-07-25 02:08:27,0.11
2026-07-25 02:09:03,0.04
2026-07-25 02:09:48,0.09
2026-07-25 02:10:55,0.08
2026-07-25 02:11:10,0.01
2026-07-25 02:12:59,0.08
2026-07-25 02:13:13,0.02
2026-07-25 02:14:11,0.08
2026-07-25 02:14:24,0.02
2026-07-25 02:16:59,0.11
2026-07-25 02:17:53,0.12
2026-07-25 02:18:29,0.04
2026-07-25 02:19:10,0.03
2026-07-25 02:20:05,0.09
2026-07-25 02:21:04,0.00
2026-07-25 02:21:27,0.09
2026-07-25 02:23:29,0.01
2026-07-25 02:24:29,0.07
2026-07-25 02:25:27,0.01
2026-07-25 02:25:45,0.02
2026-07-25 02:25:50,0.09
2026-07-25 02:27:25,0.08
2026-07-25 02:27:47,0.01
2026-07-25 02:29:06,0.08
2026-07-25 02:30:04,0.01
2026-07-25 02:30:31,0.03
2026-07-25 02:30:54,0.07
2026-07-25 02:32:15,0.01
2026-07-25 02:33:37,0.08
2026-07-25 02:34:09,0.02
2026-07-25 02:34:13,0.10
2026-07-25 02:35:39,0.09
2026-07-25 02:36:16,0.02
2026-07-25 02:38:31,0.09
2026-07-25 02:38:54,0.02
2026-07-25 02:40:02,0.10
2026-07-25 02:40:34,0.00
2026-07-25 02:40:39,0.07
2026-07-25 02:42:08,0.08
2026-07-25 02:42:18,-0.01
2026-07-25 02:43:49,0.07
2026-07-25 02:44:21,0.00
2026-07-25 02:45:51,-0.01
2026-07-25 02:46:27,0.07
2026-07-25 02:48:31,-0.02
2026-07-25 02:48:39,0.07
2026-07-25 02:48:52,0.00
2026-07-25 02:51:36,0.07
2026-07-25 02:52:08,0.01
2026-07-25 02:52:30,0.06
2026-07-25 02:53:47,0.11
2026-07-25 02:54:50,0.02
2026-07-25 02:55:22,0.01
2026-07-25 02:56:22,0.07
2026-07-25 02:56:58,0.06
2026-07-25 02:57:30,0.00
2026-07-25 02:58:41,0.09
2026-07-25 02:59:10,0.00
2026-07-25 03:01:02,0.01
2026-07-25 03:01:43,0.09
2026-07-25 03:02:14,0.12
2026-07-25 03:02:28,-0.01
2026-07-25 03:03:32,0.00
2026-07-25 03:05:02,0.06
2026-07-25 03:05:16,0.11
2026-07-25 03:05:53,0.02
2026-07-25 03:07:09,-0.01
2026-07-25 03:07:15,0.08
2026-07-25 03:09:52,0.00
2026-07-25 03:10:48,-0.01
2026-07-25 03:11:18,0.09
2026-07-25 03:12:09,0.11
2026-07-25 03:12:46,0.00
2026-07-25 03:13:30,-0.01
2026-07-25 03:14:34,0.07
2026-07-25 03:15:10,0.05
2026-07-25 03:15:34,0.01
2026-07-25 03:17:40,0.06
2026-07-25 03:18:15,0.00
2026-07-25 03:19:10,0.06
2026-07-25 03:19:37,0.01
2026-07-25 03:20:09,0.05
2026-07-25 03:21:49,0.02
2026-07-25 03:22:31,0.06
2026-07-25 03:24:05,-0.01
2026-07-25 03:25:31,0.07
2026-07-25 03:25:40,-0.02
2026-07-25 03:27:21,0.08
2026-07-25 03:27:25,-0.03
2026-07-25 03:28:50,0.01
2026-07-25 03:29:36,0.10
2026-07-25 03:30:09,0.09
2026-07-25 03:30:30,0.02
2026-07-25 03:31:43,0.07
2026-07-25 03:32:46,0.00
2026-07-25 03:34:08,0.07
2026-07-25 03:34:45,-0.02
2026-07-25 03:35:40,0.06
2026-07-25 03:36:55,0.00
2026-07-25 03:37:05,0.05
2026-07-25 03:39:21,-0.01
2026-07-25 03:41:19,0.07
2026-07-25 03:41:50,0.06
2026-07-25 03:42:04,-0.02
2026-07-25 03:43:21,0.01
2026-07-25 03:43:52,0.06
2026-07-25 03:45:51,0.07
2026-07-25 03:46:13,0.00
2026-07-25 03:46:22,-0.03
2026-07-25 03:47:31,0.10
2026-07-25 03:48:48,0.08
2026-07-25 03:49:24,-0.01
2026-07-25 03:49:51,0.00
2026-07-25 03:49:55,0.06
2026-07-25 03:51:21,0.07
2026-07-25 03:52:38,-0.02
2026-07-25 03:54:13,0.07
2026-07-25 03:54:23,-0.01
2026-07-25 03:55:45,0.07
2026-07-25 03:56:57,0.08
2026-07-25 03:57:15,0.00
2026-07-25 03:58:05,0.05
2026-07-25 03:58:27,0.00
2026-07-25 03:59:39,0.07
2026-07-25 04:00:02,0.00
2026-07-25 04:02:00,0.07
2026-07-25 04:03:53,0.00
2026-07-25 04:04:16,0.06
2026-07-25 04:04:30,-0.01
2026-07-25 04:06:05,0.07
2026-07-25 04:06:19,0.08
2026-07-25 04:07:04,0.00
2026-07-25 04:07:58,-0.01
2026-07-25 04:08:44,0.05
2026-07-25 04:10:05,0.00
2026-07-25 04:11:18,0.06
2026-07-25 04:12:26,-0.01
2026-07-25 04:13:16,0.05
2026-07-25 04:13:53,-0.02
2026-07-25 04:15:08,0.01
2026-07-25 04:15:45,0.07
2026-07-25 04:17:21,-0.01
2026-07-25 04:17:52,0.06
2026-07-25 04:18:10,0.02
2026-07-25 04:20:27,0.01
2026-07-25 04:20:44,0.07
2026-07-25 04:21:20,0.00
2026-07-25 04:22:24,0.06
2026-07-25 04:23:22,0.01
2026-07-25 04:23:37,0.08
2026-07-25 04:24:23,0.10
2026-07-25 04:25:21,0.01
2026-07-25 04:26:42,-0.01
2026-07-25 04:26:51,0.05
2026-07-25 04:27:41,0.08
2026-07-25 04:29:12,0.00
2026-07-25 04:29:35,0.01
2026-07-25 04:29:57,0.07
2026-07-25 04:31:42,0.02
2026-07-25 04:32:45,0.07
2026-07-25 04:34:06,0.01
2026-07-25 04:35:33,0.07
2026-07-25 04:35:55,0.01
2026-07-25 04:36:23,0.06
2026-07-25 04:38:24,0.00
2026-07-25 04:38:28,0.07
2026-07-25 04:39:38,0.02
2026-07-25 04:40:04,0.07
2026-07-25 04:41:36,0.00
2026-07-25 04:42:10,0.11
2026-07-25 04:42:30,0.10
2026-07-25 04:43:37,0.02
2026-07-25 04:44:09,0.01
2026-07-25 04:45:04,0.07
2026-07-25 04:46:26,0.03
2026-07-25 04:48:14,-0.01
2026-07-25 04:48:37,0.07
2026-07-25 04:49:27,0.02
2026-07-25 04:49:40,0.07
2026-07-25 04:50:44,0.01
2026-07-25 04:52:01,0.06
2026-07-25 04:52:28,0.07
2026-07-25 04:53:44,0.00
2026-07-25 04:54:43,0.11
2026-07-25 04:55:38,-0.01
2026-07-25 04:56:19,0.11
2026-07-25 04:56:46,-0.01
2026-07-25 04:57:26,0.09
2026-07-25 04:57:32,0.01
2026-07-25 04:59:20,0.00
2026-07-25 04:59:29,0.09
2026-07-25 05:00:37,0.02
2026-07-25 05:01:05,0.09
2026-07-25 05:02:27,0.03
2026-07-25 05:03:35,0.07
2026-07-25 05:05:18,0.00
2026-07-25 05:05:41,0.08
2026-07-25 05:05:51,0.01
2026-07-25 05:07:39,0.03
2026-07-25 05:07:58,0.07
2026-07-25 05:09:19,0.08
2026-07-25 05:10:27,0.02
2026-07-25 05:11:21,0.00
2026-07-25 05:11:57,0.14
2026-07-25 05:12:52,0.02
2026-07-25 05:13:29,0.12
2026-07-25 05:14:59,0.10
2026-07-25 05:15:22,-0.01
2026-07-25 05:15:53,0.11
2026-07-25 05:16:30,0.03
2026-07-25 05:17:28,0.02
2026-07-25 05:18:37,0.11
2026-07-25 05:19:39,0.03
2026-07-25 05:20:47,0.11
2026-07-25 05:21:14,0.00
2026-07-25 05:22:37,0.04
2026-07-25 05:23:13,0.11
2026-07-25 05:23:48,0.01
2026-07-25 05:25:15,0.11
2026-07-25 05:25:47,0.03
2026-07-25 05:26:15,0.08
2026-07-25 05:27:09,0.03
2026-07-25 05:28:34,0.11
2026-07-25 05:29:02,0.00
2026-07-25 05:29:24,0.11
2026-07-25 05:30:41,0.10
2026-07-25 05:30:51,0.03
2026-07-25 05:32:03,0.10
2026-07-25 05:32:07,0.04
2026-07-25 05:34:06,0.03
2026-07-25 05:35:09,0.10
2026-07-25 05:35:49,0.04
2026-07-25 05:35:59,0.10
2026-07-25 05:37:02,0.13
2026-07-25 05:38:29,0.02
2026-07-25 05:38:43,0.12
2026-07-25 05:39:00,0.04
2026-07-25 05:40:35,0.10
2026-07-25 05:40:40,0.04
2026-07-25 05:42:33,0.12
2026-07-25 05:42:47,0.03
2026-07-25 05:43:33,0.11
2026-07-25 05:44:22,0.05
2026-07-25 05:45:12,0.09
2026-07-25 05:45:44,0.04
2026-07-25 05:46:52,0.11
2026-07-25 05:47:55,0.04
2026-07-25 05:49:44,0.02
2026-07-25 05:49:49,0.11
2026-07-25 05:50:21,0.05
2026-07-25 05:52:28,0.11
2026-07-25 05:52:41,0.02
2026-07-25 05:53:39,0.03
2026-07-25 05:54:34,0.13
2026-07-25 05:55:11,0.16
2026-07-25 05:55:15,0.03
2026-07-25 05:57:49,0.10
2026-07-25 05:58:44,0.11
2026-07-25 05:59:57,0.02
2026-07-25 06:00:06,0.04
2026-07-25 06:01:13,0.11
2026-07-25 06:01:41,0.09
2026-07-25 06:02:31,0.03
2026-07-25 06:04:01,0.12
2026-07-25 06:05:10,0.03
2026-07-25 06:05:50,0.10
2026-07-25 06:07:07,0.09
2026-07-25 06:07:58,0.04
2026-07-25 06:08:25,0.10
2026-07-25 06:11:08,0.09
2026-07-25 06:11:25,0.03
2026-07-25 06:12:57,0.15
2026-07-25 06:13:15,0.09
2026-07-25 06:14:05,0.03
2026-07-25 06:15:13,0.04
2026-07-25 06:15:35,0.09
2026-07-25 06:17:06,0.03
2026-07-25 06:17:41,0.11
2026-07-25 06:18:14,0.02
2026-07-25 06:18:18,0.06
2026-07-25 06:19:54,0.03
2026-07-25 06:20:16,0.08
2026-07-25 06:21:51,0.02
2026-07-25 06:22:10,0.10
2026-07-25 06:23:17,0.00
2026-07-25 06:23:58,0.07
2026-07-25 06:24:48,0.02
2026-07-25 06:24:58,0.08
2026-07-25 06:26:32,0.07
2026-07-25 06:27:59,0.02
2026-07-25 06:29:11,0.01
2026-07-25 06:29:37,0.07
2026-07-25 06:30:05,0.02
2026-07-25 06:31:04,0.12
2026-07-25 06:31:45,0.08
2026-07-25 06:31:49,0.02
2026-07-25 06:33:34,0.01
2026-07-25 06:33:47,0.07
2026-07-25 06:35:00,0.02
2026-07-25 06:35:32,0.07
2026-07-25 06:37:39,0.00
2026-07-25 06:38:14,0.09
2026-07-25 06:38:24,0.00
2026-07-25 06:41:02,0.09
2026-07-25 06:41:07,0.01
2026-07-25 06:41:16,0.03
2026-07-25 06:41:48,0.09
2026-07-25 06:43:23,0.03
2026-07-25 06:44:00,0.09
2026-07-25 06:45:25,0.01
2026-07-25 06:46:30,0.03
2026-07-25 06:47:32,0.09
2026-07-25 06:48:05,0.02
2026-07-25 06:49:07,0.11
2026-07-25 06:50:02,0.10
2026-07-25 06:50:44,0.01
2026-07-25 06:51:34,0.07
2026-07-25 06:51:38,0.01
2026-07-25 06:52:59,-0.01
2026-07-25 06:53:16,0.07
2026-07-25 06:55:02,0.04
2026-07-25 06:55:15,0.07
2026-07-25 06:56:51,0.09
2026-07-25 06:56:55,0.02
2026-07-25 06:57:54,0.03
2026-07-25 06:58:26,0.08
2026-07-25 06:59:33,0.03
2026-07-25 06:59:43,0.10
2026-07-25 07:01:14,0.04
2026-07-25 07:01:35,0.08
2026-07-25 07:03:38,0.03
2026-07-25 07:04:50,0.04
2026-07-25 07:05:45,0.09
2026-07-25 07:06:22,0.05
2026-07-25 07:07:17,0.12
2026-07-25 07:07:52,0.08
2026-07-25 07:08:32,0.04
2026-07-25 07:09:42,0.07
2026-07-25 07:09:46,0.03
2026-07-25 07:11:39,0.04
2026-07-25 07:11:57,0.08
2026-07-25 07:12:38,0.02
2026-07-25 07:14:04,0.10
2026-07-25 07:14:18,0.08
2026-07-25 07:14:55,0.04
2026-07-25 07:16:30,0.08
2026-07-25 07:16:51,0.03
2026-07-25 07:18:04,0.05
2026-07-25 07:18:50,0.10
2026-07-25 07:20:30,0.05
2026-07-25 07:20:39,0.10
2026-07-25 07:21:20,0.08
2026-07-25 07:21:29,0.04
2026-07-25 07:23:44,0.10
2026-07-25 07:24:35,0.04
2026-07-25 07:25:21,0.14
2026-07-25 07:26:42,0.04
2026-07-25 07:27:13,0.11
2026-07-25 07:27:27,0.05
2026-07-25 07:27:44,0.10
2026-07-25 07:29:07,0.04
2026-07-25 07:29:48,0.09
2026-07-25 07:30:46,0.08
2026-07-25 07:31:18,0.04
2026-07-25 07:32:45,0.03
2026-07-25 07:33:03,0.09
2026-07-25 07:34:47,0.10
2026-07-25 07:34:51,0.02
2026-07-25 07:35:54,0.04
2026-07-25 07:37:02,0.09
2026-07-25 07:38:56,0.05
2026-07-25 07:39:27,0.11
2026-07-25 07:40:26,0.03
2026-07-25 07:40:40,0.04
2026-07-25 07:40:58,0.10
2026-07-25 07:43:00,0.05
2026-07-25 07:43:13,0.13
2026-07-25 07:43:59,0.10
2026-07-25 07:44:26,0.05
2026-07-25 07:45:39,0.10
2026-07-25 07:45:48,0.07
2026-07-25 07:45:57,0.08
2026-07-25 07:46:07,0.06
2026-07-25 07:46:24,0.10
2026-07-25 07:48:18,0.11
2026-07-25 07:48:41,0.05
2026-07-25 07:48:59,0.10
2026-07-25 07:49:57,0.06
2026-07-25 07:50:33,0.13
2026-07-25 07:50:57,0.05
2026-07-25 07:52:45,0.10
2026-07-25 07:53:53,0.12
2026-07-25 07:54:52,0.05
2026-07-25 07:55:32,0.07
2026-07-25 07:56:26,0.12
2026-07-25 07:57:17,0.09
2026-07-25 07:57:26,0.05
2026-07-25 07:59:09,0.07
2026-07-25 07:59:19,0.11
2026-07-25 08:00:46,0.06
2026-07-25 08:01:16,0.14
2026-07-25 08:02:29,0.07
2026-07-25 08:03:29,0.12
2026-07-25 08:05:04,0.07
2026-07-25 08:05:25,0.06
2026-07-25 08:05:45,0.11
2026-07-25 08:07:33,0.07
2026-07-25 08:09:00,0.06
2026-07-25 08:09:30,0.11
2026-07-25 08:10:21,0.06
2026-07-25 08:11:34,0.12
2026-07-25 08:12:14,0.08
2026-07-25 08:12:59,0.12
2026-07-25 08:14:11,0.07
2026-07-25 08:14:16,0.12
2026-07-25 08:15:34,0.11
2026-07-25 08:15:47,0.07
2026-07-25 08:18:25,0.15
2026-07-25 08:18:29,0.06
2026-07-25 08:19:56,0.18
2026-07-25 08:20:55,0.06
2026-07-25 08:21:45,0.13
2026-07-25 08:21:58,0.07
2026-07-25 08:22:25,0.13
2026-07-25 08:23:48,0.09
2026-07-25 08:26:36,0.15
2026-07-25 08:27:16,0.14
2026-07-25 08:27:44,0.09
2026-07-25 08:29:09,0.13
2026-07-25 08:29:54,0.09
2026-07-25 08:30:59,0.18
2026-07-25 08:31:53,0.14
2026-07-25 08:33:05,0.10
2026-07-25 08:34:59,0.14
2026-07-25 08:35:12,0.09
2026-07-25 08:35:22,0.14
2026-07-25 08:37:10,0.10
2026-07-25 08:37:41,0.18
2026-07-25 08:38:45,0.15
2026-07-25 08:39:25,0.09
2026-07-25 08:40:42,0.17
2026-07-25 08:40:47,0.09
2026-07-25 08:42:13,0.15
2026-07-25 08:42:32,0.09
2026-07-25 08:43:21,0.11
2026-07-25 08:44:11,0.18
2026-07-25 08:45:19,0.11
2026-07-25 08:45:56,0.16
2026-07-25 08:47:13,0.11
2026-07-25 08:47:40,0.16
2026-07-25 08:48:31,0.17
2026-07-25 08:49:29,0.11
2026-07-25 08:51:19,0.18
2026-07-25 08:52:44,0.12
2026-07-25 08:53:15,0.11
2026-07-25 08:53:30,0.18
2026-07-25 08:55:18,0.10
2026-07-25 08:55:32,0.22
2026-07-25 08:57:07,0.16
2026-07-25 08:58:02,0.09
2026-07-25 08:58:33,0.11
2026-07-25 08:58:51,0.17
2026-07-25 09:00:31,0.09
2026-07-25 09:01:25,0.17
2026-07-25 09:01:35,0.18
2026-07-25 09:02:43,0.11
2026-07-25 09:04:04,0.17
2026-07-25 09:05:17,0.11
2026-07-25 09:05:44,0.16
2026-07-25 09:06:52,0.12
2026-07-25 09:07:56,0.25
2026-07-25 09:08:13,0.08
2026-07-25 09:08:17,0.21
2026-07-25 09:09:53,0.16
2026-07-25 09:09:57,0.11
2026-07-25 09:11:24,0.12
2026-07-25 09:11:55,0.17
2026-07-25 09:13:04,0.13
2026-07-25 09:13:45,0.20
2026-07-25 09:14:43,0.21
2026-07-25 09:15:34,0.11
2026-07-25 09:16:28,0.18
2026-07-25 09:17:27,0.11
2026-07-25 09:18:22,0.14
2026-07-25 09:18:56,0.18
2026-07-25 09:21:09,0.11
2026-07-25 09:21:31,0.10
2026-07-25 09:21:54,0.20
2026-07-25 09:23:42,0.22
2026-07-25 09:23:46,0.13
2026-07-25 09:24:38,0.12
2026-07-25 09:25:45,0.19
2026-07-25 09:26:21,0.22
2026-07-25 09:26:34,0.13
2026-07-25 09:28:14,0.14
2026-07-25 09:29:18,0.21
2026-07-25 09:30:08,0.14
2026-07-25 09:30:57,0.20
2026-07-25 09:31:30,0.17
2026-07-25 09:32:50,0.24
2026-07-25 09:33:00,0.20
2026-07-25 09:33:13,0.15
2026-07-25 09:35:02,0.21
2026-07-25 09:35:39,0.15
2026-07-25 09:36:10,0.20
2026-07-25 09:36:51,0.15
2026-07-25 09:38:31,0.21
2026-07-25 09:38:48,0.15
2026-07-25 09:39:34,0.17
2026-07-25 09:40:11,0.22
2026-07-25 09:41:15,0.16
2026-07-25 09:42:22,0.21
2026-07-25 09:43:02,0.15
2026-07-25 09:43:48,0.22
2026-07-25 09:44:51,0.17
2026-07-25 09:45:54,0.22
2026-07-25 09:46:31,0.21
2026-07-25 09:46:39,0.16
2026-07-25 09:48:52,0.23
2026-07-25 09:49:14,0.16
2026-07-25 09:49:54,0.25
2026-07-25 09:50:17,0.18
2026-07-25 09:51:21,0.24
2026-07-25 09:51:40,0.17
2026-07-25 09:52:51,0.22
2026-07-25 09:54:13,0.17
2026-07-25 09:55:17,0.22
2026-07-25 09:55:26,0.17
2026-07-25 09:57:28,0.23
2026-07-25 09:57:37,0.17
2026-07-25 09:58:49,0.22
2026-07-25 09:59:22,0.18
2026-07-25 09:59:49,0.24
2026-07-25 10:01:01,0.18
2026-07-25 10:02:31,0.23
2026-07-25 10:03:04,0.24
2026-07-25 10:03:49,0.18
2026-07-25 10:05:47,0.24
2026-07-25 10:06:04,0.23
2026-07-25 10:07:00,0.16
2026-07-25 10:08:07,0.28
2026-07-25 10:09:06,0.18
2026-07-25 10:09:47,0.16
2026-07-25 10:10:05,0.25
2026-07-25 10:11:00,0.18
2026-07-25 10:11:05,0.24
2026-07-25 10:12:58,0.18
2026-07-25 10:13:02,0.26
2026-07-25 10:14:24,0.19
2026-07-25 10:15:28,0.27
2026-07-25 10:15:55,0.26
2026-07-25 10:16:04,0.19
2026-07-25 10:17:34,0.26
2026-07-25 10:18:48,0.16
2026-07-25 10:19:05,0.17
2026-07-25 10:19:51,0.25
2026-07-25 10:21:03,0.20
2026-07-25 10:21:20,0.26
2026-07-25 10:22:25,0.20
2026-07-25 10:23:42,0.27
2026-07-25 10:25:12,0.26
2026-07-25 10:25:16,0.19
2026-07-25 10:26:21,0.30
2026-07-25 10:27:02,0.20
2026-07-25 10:27:56,0.24
2026-07-25 10:28:00,0.18
2026-07-25 10:29:12,0.21
2026-07-25 10:30:31,0.27
2026-07-25 10:30:39,0.26
2026-07-25 10:31:38,0.20
2026-07-25 10:32:23,0.21
2026-07-25 10:33:40,0.27
2026-07-25 10:34:21,0.22
2026-07-25 10:34:48,0.27
2026-07-25 10:35:42,0.22
2026-07-25 10:36:02,0.27
2026-07-25 10:37:13,0.22
2026-07-25 10:37:23,0.28
2026-07-25 10:38:54,0.23
2026-07-25 10:39:57,0.28
2026-07-25 10:40:42,0.22
2026-07-25 10:41:13,0.27
2026-07-25 10:42:22,0.28
2026-07-25 10:43:20,0.23
2026-07-25 10:44:24,0.35
2026-07-25 10:45:14,0.23
2026-07-25 10:46:49,0.30
2026-07-25 10:47:21,0.31
2026-07-25 10:47:57,0.25
2026-07-25 10:49:56,0.24
2026-07-25 10:50:23,0.31
2026-07-25 10:50:27,0.30
2026-07-25 10:50:41,0.25
2026-07-25 10:52:39,0.33
2026-07-25 10:53:06,0.24
2026-07-25 10:54:19,0.25
2026-07-25 10:54:54,0.33
2026-07-25 10:55:35,0.35
2026-07-25 10:55:44,0.25
2026-07-25 10:57:11,0.36
2026-07-25 10:58:19,0.25
2026-07-25 10:59:44,0.36
2026-07-25 11:00:43,0.38
2026-07-25 11:01:16,0.24
2026-07-25 11:02:55,0.34
2026-07-25 11:03:35,0.26
2026-07-25 11:03:49,0.27
2026-07-25 11:04:48,0.34
2026-07-25 11:05:20,0.23
2026-07-25 11:05:56,0.34
2026-07-25 11:07:00,0.27
2026-07-25 11:07:54,0.34
2026-07-25 11:08:40,0.29
2026-07-25 11:09:52,0.35
2026-07-25 11:11:09,0.37
2026-07-25 11:11:50,0.27
2026-07-25 11:12:22,0.28
2026-07-25 11:12:36,0.35
2026-07-25 11:13:39,0.28
2026-07-25 11:14:05,0.35
2026-07-25 11:15:13,0.23
2026-07-25 11:16:22,0.38
2026-07-25 11:17:16,0.29
2026-07-25 11:17:43,0.37
2026-07-25 11:19:14,0.29
2026-07-25 11:20:27,0.40
2026-07-25 11:21:39,0.28
2026-07-25 11:22:37,0.37
2026-07-25 11:24:17,0.39
2026-07-25 11:24:45,0.29
2026-07-25 11:25:39,0.39
2026-07-25 11:25:44,0.29
2026-07-25 11:26:42,0.40
2026-07-25 11:28:09,0.27
2026-07-25 11:28:22,0.32
2026-07-25 11:28:40,0.40
2026-07-25 11:30:07,0.39
2026-07-25 11:30:15,0.28
2026-07-25 11:31:55,0.40
2026-07-25 11:32:23,0.30
2026-07-25 11:34:02,0.42
2026-07-25 11:34:34,0.28
2026-07-25 11:35:05,0.31
2026-07-25 11:36:00,0.42
2026-07-25 11:37:26,0.29
2026-07-25 11:37:58,0.41
2026-07-25 11:38:48,0.31
2026-07-25 11:39:01,0.50
2026-07-25 11:40:06,0.33
2026-07-25 11:40:10,0.42
2026-07-25 11:42:16,0.34
2026-07-25 11:42:30,0.42
2026-07-25 11:43:43,0.33
2026-07-25 11:44:28,0.45
2026-07-25 11:45:09,0.34
2026-07-25 11:46:21,0.42
2026-07-25 11:46:35,0.45
2026-07-25 11:47:07,0.30
2026-07-25 11:48:46,0.47
2026-07-25 11:49:37,0.29
2026-07-25 11:49:54,0.41
2026-07-25 11:51:21,0.32
2026-07-25 11:51:48,0.34
2026-07-25 11:52:42,0.42
2026-07-25 11:54:03,0.35
2026-07-25 11:55:08,0.33
2026-07-25 11:55:26,0.47
2026-07-25 11:57:19,0.31
2026-07-25 11:58:27,0.35
2026-07-25 11:59:04,0.43
2026-07-25 11:59:44,0.33
2026-07-25 11:59:52,0.43
2026-07-25 12:01:24,0.42
2026-07-25 12:01:41,0.35
2026-07-25 12:03:17,0.44
2026-07-25 12:03:54,0.35
2026-07-25 12:05:19,0.44
2026-07-25 12:05:23,0.35
2026-07-25 12:07:22,0.43
2026-07-25 12:08:21,0.33
2026-07-25 12:08:34,0.43
2026-07-25 12:09:42,0.35
2026-07-25 12:10:59,0.43
2026-07-25 12:11:45,0.36
2026-07-25 12:12:34,0.50
2026-07-25 12:13:24,0.45
2026-07-25 12:13:57,0.38
2026-07-25 12:15:00,0.50
2026-07-25 12:15:44,0.37
2026-07-25 12:16:21,0.45
2026-07-25 12:17:48,0.35
2026-07-25 12:19:18,0.33
2026-07-25 12:19:27,0.47
2026-07-25 12:20:17,0.48
2026-07-25 12:21:06,0.32
2026-07-25 12:21:20,0.54
2026-07-25 12:22:33,0.22
2026-07-25 12:23:23,0.50
2026-07-25 12:23:33,0.29
2026-07-25 12:25:40,0.47
2026-07-25 12:25:48,0.28
2026-07-25 12:26:29,0.36
2026-07-25 12:26:42,0.52
2026-07-25 12:28:04,0.49
2026-07-25 12:28:17,0.32
2026-07-25 12:29:50,0.30
2026-07-25 12:30:11,0.48
2026-07-25 12:31:28,0.36
2026-07-25 12:32:18,0.53
2026-07-25 12:33:36,0.49
2026-07-25 12:34:03,0.38
2026-07-25 12:34:48,0.51
2026-07-25 12:35:55,0.34
2026-07-25 12:36:01,0.48
2026-07-25 12:36:14,0.37
2026-07-25 12:37:45,0.49
2026-07-25 12:38:30,0.35
2026-07-25 12:39:56,0.50
2026-07-25 12:40:05,0.36
2026-07-25 12:41:37,0.49
2026-07-25 12:41:46,0.36
2026-07-25 12:43:57,0.47
2026-07-25 12:44:20,0.49
2026-07-25 12:44:24,0.40
2026-07-25 12:46:40,0.51
2026-07-25 12:47:08,0.36
2026-07-25 12:47:57,0.50
2026-07-25 12:48:10,0.32
2026-07-25 12:49:23,0.41
2026-07-25 12:50:00,0.51
2026-07-25 12:51:11,0.55
2026-07-25 12:51:25,0.36
2026-07-25 12:52:57,0.39
2026-07-25 12:53:28,0.53
2026-07-25 12:54:31,0.41
2026-07-25 12:55:16,0.51
2026-07-25 12:56:25,0.40
2026-07-25 12:57:23,0.51
2026-07-25 12:57:27,0.50
2026-07-25 12:58:31,0.41
2026-07-25 12:59:16,0.52
2026-07-25 12:59:48,0.43
2026-07-25 13:01:37,0.51
2026-07-25 13:03:12,0.53
2026-07-25 13:03:58,0.43
2026-07-25 13:04:03,0.52
2026-07-25 13:04:48,0.43
2026-07-25 13:07:07,0.54
2026-07-25 13:07:53,0.52
2026-07-25 13:07:59,0.43
2026-07-25 13:09:24,0.58
2026-07-25 13:10:18,0.43
2026-07-25 13:11:08,0.57
2026-07-25 13:12:08,0.40
2026-07-25 13:13:02,0.39
2026-07-25 13:13:20,0.53
2026-07-25 13:14:04,0.41
2026-07-25 13:14:51,0.52
2026-07-25 13:15:41,0.34
2026-07-25 13:16:03,0.57
2026-07-25 13:18:00,0.40
2026-07-25 13:18:50,0.52
2026-07-25 13:19:23,0.54
2026-07-25 13:19:46,0.40
2026-07-25 13:20:48,0.54
2026-07-25 13:20:53,0.46
2026-07-25 13:23:15,0.58
2026-07-25 13:23:19,0.44
2026-07-25 13:24:44,0.54
2026-07-25 13:24:53,0.45
2026-07-25 13:25:30,0.46
2026-07-25 13:27:05,0.54
2026-07-25 13:27:28,0.57
2026-07-25 13:28:05,0.47
2026-07-25 13:29:16,0.41
2026-07-25 13:29:26,0.53
2026-07-25 13:31:33,0.44
2026-07-25 13:31:51,0.56
2026-07-25 13:32:45,0.46
2026-07-25 13:34:02,0.53
2026-07-25 13:34:38,0.43
2026-07-25 13:36:32,0.46
2026-07-25 13:36:41,0.58
2026-07-25 13:37:53,0.54
2026-07-25 13:37:58,0.44
2026-07-25 13:39:33,0.43
2026-07-25 13:39:46,0.53
2026-07-25 13:40:59,0.57
2026-07-25 13:41:18,0.44
2026-07-25 13:42:48,0.55
2026-07-25 13:43:20,0.42
2026-07-25 13:44:18,0.41
2026-07-25 13:44:36,0.58
2026-07-25 13:45:57,0.57
2026-07-25 13:46:22,0.45
2026-07-25 13:47:10,0.46
2026-07-25 13:48:19,0.55
2026-07-25 13:49:22,0.58
2026-07-25 13:49:32,0.49
2026-07-25 13:51:12,0.45
2026-07-25 13:51:29,0.57
2026-07-25 13:52:33,0.44
2026-07-25 13:52:50,0.55
2026-07-25 13:53:35,0.61
2026-07-25 13:54:40,0.46
2026-07-25 13:56:29,0.47
2026-07-25 13:56:33,0.58
2026-07-25 13:56:59,0.50
2026-07-25 13:57:31,0.58
2026-07-25 13:58:57,0.48
2026-07-25 13:59:06,0.56
2026-07-25 14:00:51,0.59
2026-07-25 14:01:32,0.45
2026-07-25 14:01:50,0.46
2026-07-25 14:02:08,0.60
2026-07-25 14:03:39,0.59
2026-07-25 14:04:19,0.50
2026-07-25 14:05:22,0.48
2026-07-25 14:05:46,0.60
2026-07-25 14:07:29,0.48
2026-07-25 14:08:02,0.60
2026-07-25 14:08:37,0.46
2026-07-25 14:08:42,0.57
2026-07-25 14:10:09,0.58
2026-07-25 14:10:50,0.47
2026-07-25 14:11:53,0.48
2026-07-25 14:12:38,0.61
2026-07-25 14:13:42,0.44
2026-07-25 14:14:22,0.62
2026-07-25 14:15:13,0.46
2026-07-25 14:16:20,0.59
2026-07-25 14:16:43,0.48
2026-07-25 14:17:38,0.59
2026-07-25 14:19:08,0.50
2026-07-25 14:19:57,0.60
2026-07-25 14:20:20,0.48
2026-07-25 14:21:43,0.67
2026-07-25 14:22:28,0.50
2026-07-25 14:24:02,0.51
2026-07-25 14:24:06,0.64
2026-07-25 14:25:56,0.61
2026-07-25 14:26:00,0.50
2026-07-25 14:27:45,0.63
2026-07-25 14:28:02,0.43
2026-07-25 14:29:02,0.47
2026-07-25 14:29:48,0.63
2026-07-25 14:30:46,0.47
2026-07-25 14:31:44,0.62
2026-07-25 14:32:16,0.51
2026-07-25 14:33:57,0.62
2026-07-25 14:34:46,0.48
2026-07-25 14:35:53,0.63
2026-07-25 14:36:17,0.46
2026-07-25 14:37:20,0.62
2026-07-25 14:37:34,0.49
2026-07-25 14:38:20,0.53
2026-07-25 14:39:41,0.62
2026-07-25 14:40:03,0.61
2026-07-25 14:41:03,0.51
2026-07-25 14:41:25,0.49
2026-07-25 14:42:43,0.64
2026-07-25 14:43:10,0.68
2026-07-25 14:44:17,0.47
2026-07-25 14:45:08,0.64
2026-07-25 14:45:35,0.49
2026-07-25 14:47:19,0.48
2026-07-25 14:47:28,0.64
2026-07-25 14:49:22,0.46
2026-07-25 14:49:31,0.68
2026-07-25 14:50:11,0.51
2026-07-25 14:50:35,0.66
2026-07-25 14:52:05,0.51
2026-07-25 14:52:32,0.67
2026-07-25 14:53:13,0.49
2026-07-25 14:53:27,0.64
2026-07-25 14:54:52,0.49
2026-07-25 14:54:57,0.63
2026-07-25 14:56:15,0.53
2026-07-25 14:57:53,0.66
2026-07-25 14:58:13,0.76
2026-07-25 14:59:20,0.56
2026-07-25 15:00:24,0.55
2026-07-25 15:00:42,0.66
2026-07-25 15:02:39,0.49
2026-07-25 15:03:03,0.48
2026-07-25 15:03:53,0.72
2026-07-25 15:04:47,0.50
2026-07-25 15:05:55,0.63
2026-07-25 15:06:31,0.48
2026-07-25 15:07:39,0.70
2026-07-25 15:08:47,0.49
2026-07-25 15:09:23,0.77
2026-07-25 15:09:32,0.81
2026-07-25 15:10:58,0.49
2026-07-25 15:11:21,0.47
2026-07-25 15:12:34,1.92
2026-07-25 15:12:56,1.56
2026-07-25 15:13:14,2.21
2026-07-25 15:14:31,1.63
2026-07-25 15:15:49,1.01
2026-07-25 15:16:06,1.16
2026-07-25 15:17:24,0.83
2026-07-25 15:17:42,1.12
2026-07-25 15:19:09,2.36
2026-07-25 15:19:26,2.39
2026-07-25 15:20:20,1.58
2026-07-25 15:21:00,1.85
2026-07-25 15:22:18,0.90
2026-07-25 15:23:22,1.12
2026-07-25 15:24:03,0.69
2026-07-25 15:24:21,0.73
2026-07-25 15:25:16,1.22
2026-07-25 15:26:23,1.48
2026-07-25 15:27:32,0.76
2026-07-25 15:27:37,0.82
2026-07-25 15:28:21,0.53
2026-07-25 15:29:15,0.62
2026-07-25 15:30:00,0.42
2026-07-25 15:32:03,0.47
2026-07-25 15:32:07,0.65
2026-07-25 15:32:35,0.62
2026-07-25 15:33:34,0.44
2026-07-25 15:34:34,0.63
2026-07-25 15:35:01,0.42
2026-07-25 15:35:59,0.56
2026-07-25 15:36:36,0.43
2026-07-25 15:37:44,0.55
2026-07-25 15:38:43,0.44
2026-07-25 15:39:10,0.59
2026-07-25 15:40:13,0.46
2026-07-25 15:40:49,0.64
2026-07-25 15:42:07,0.42
2026-07-25 15:42:33,0.51
2026-07-25 15:43:41,0.41
2026-07-25 15:45:26,0.52
2026-07-25 15:45:49,0.41
2026-07-25 15:46:02,0.53
2026-07-25 15:47:56,0.50
2026-07-25 15:48:00,0.40
2026-07-25 15:49:08,0.42
2026-07-25 15:49:41,0.54
2026-07-25 15:51:20,0.43
2026-07-25 15:52:10,0.54
2026-07-25 15:52:54,0.56
2026-07-25 15:53:36,0.45
2026-07-25 15:55:38,1.11
2026-07-25 15:56:23,0.99
2026-07-25 15:57:14,2.81
2026-07-25 15:57:28,2.56
2026-07-25 15:58:17,4.14
2026-07-25 15:59:17,3.63
2026-07-25 16:00:33,2.10
2026-07-25 16:00:39,2.07
2026-07-25 16:01:42,1.43
2026-07-25 16:02:19,1.79
2026-07-25 16:03:53,4.44
2026-07-25 16:04:38,4.76
2026-07-25 16:05:28,3.37
2026-07-25 16:05:47,3.59
2026-07-25 16:07:04,2.06
2026-07-25 16:07:13,2.19
2026-07-25 16:08:47,1.81
2026-07-25 16:08:57,1.88
2026-07-25 16:10:28,1.25
2026-07-25 16:10:32,1.39
2026-07-25 16:11:22,1.10
2026-07-25 16:12:53,1.36
2026-07-25 16:13:20,1.10
2026-07-25 16:13:53,1.08
2026-07-25 16:14:55,0.85
2026-07-25 16:16:17,0.72
2026-07-25 16:16:58,0.98
2026-07-25 16:17:16,0.99
2026-07-25 16:18:37,0.68
2026-07-25 16:18:51,0.64
2026-07-25 16:19:09,0.76
2026-07-25 16:21:21,0.70
2026-07-25 16:21:44,0.56
2026-07-25 16:22:11,0.58
2026-07-25 16:22:46,0.72
2026-07-25 16:23:54,0.54
2026-07-25 16:24:14,0.68
2026-07-25 16:25:21,0.57
2026-07-25 16:25:40,0.72
2026-07-25 16:28:04,0.71
2026-07-25 16:28:28,0.58
2026-07-25 16:29:09,0.54
2026-07-25 16:29:30,0.74
2026-07-25 16:30:34,0.56
2026-07-25 16:31:51,0.40
2026-07-25 16:32:14,0.44
2026-07-25 16:33:31,0.35
2026-07-25 16:35:06,0.23
2026-07-25 16:35:42,0.29
2026-07-25 16:36:19,0.20
2026-07-25 16:37:00,0.25
2026-07-25 16:38:16,0.17
2026-07-25 16:38:57,0.16
2026-07-25 16:39:19,0.23
2026-07-25 16:40:16,0.18
2026-07-25 16:41:27,0.25
2026-07-25 16:42:22,0.22
2026-07-25 16:43:20,0.30
2026-07-25 16:43:44,0.28
2026-07-25 16:44:51,0.37
2026-07-25 16:45:14,0.39
2026-07-25 16:46:27,0.26
2026-07-25 16:46:53,0.30
2026-07-25 16:48:02,0.12
2026-07-25 16:48:34,0.18
2026-07-25 16:49:01,0.08
2026-07-25 16:50:40,0.05
2026-07-25 16:51:22,0.15
2026-07-25 16:52:11,0.09
2026-07-25 16:52:47,0.16
2026-07-25 16:53:28,0.14
2026-07-25 16:53:37,0.21
2026-07-25 16:56:29,0.27
2026-07-25 16:57:47,0.38
2026-07-25 16:58:27,0.33
2026-07-25 16:59:45,0.23
2026-07-25 17:00:15,0.29
2026-07-25 17:01:29,0.17
2026-07-25 17:02:41,0.21
2026-07-25 17:02:55,0.17
2026-07-25 17:04:31,0.20
2026-07-25 17:04:35,0.15
2026-07-25 17:06:23,0.26
2026-07-25 17:06:37,0.19
2026-07-25 17:07:19,0.27
2026-07-25 17:08:17,0.26
2026-07-25 17:09:47,0.41
2026-07-25 17:10:15,0.47
2026-07-25 17:11:32,0.34
2026-07-25 17:11:49,0.35
2026-07-25 17:13:11,0.23
2026-07-25 17:14:19,0.27
2026-07-25 17:14:29,0.16
2026-07-25 17:14:51,0.20
2026-07-25 17:16:26,0.10
2026-07-25 17:17:07,0.08
2026-07-25 17:17:43,0.17
2026-07-25 17:18:38,0.12
2026-07-25 17:19:19,0.06
2026-07-25 17:20:40,0.11
2026-07-25 17:21:25,0.01
2026-07-25 17:21:56,0.07
2026-07-25 17:23:00,0.01
2026-07-25 17:23:45,0.11
2026-07-25 17:24:13,0.03
2026-07-25 17:25:10,0.08
2026-07-25 17:25:30,0.02
2026-07-25 17:27:37,0.07
2026-07-25 17:27:45,-0.02
2026-07-25 17:28:08,0.01
2026-07-25 17:29:26,0.07
2026-07-25 17:30:20,0.01
2026-07-25 17:30:46,0.06
2026-07-25 17:31:37,0.01
2026-07-25 17:32:14,0.06
2026-07-25 17:33:35,0.00
2026-07-25 17:36:09,0.06
2026-07-25 17:36:27,0.01
2026-07-25 17:37:17,0.06
2026-07-25 17:38:16,0.01
2026-07-25 17:38:30,0.06
2026-07-25 17:40:13,0.04
2026-07-25 17:40:50,0.00
2026-07-25 17:42:30,0.02
2026-07-25 17:42:40,0.10
2026-07-25 17:43:01,0.00
2026-07-25 17:43:20,0.08
2026-07-25 17:44:50,0.01
2026-07-25 17:45:36,0.07
2026-07-25 17:46:43,-0.02
2026-07-25 17:48:51,0.07
2026-07-25 17:49:37,-0.01
2026-07-25 17:51:06,0.05
2026-07-25 17:51:25,0.06
2026-07-25 17:51:39,-0.01
2026-07-25 17:53:00,-0.03
2026-07-25 17:53:14,0.04
2026-07-25 17:54:35,0.05
2026-07-25 17:54:57,-0.01
2026-07-25 17:56:42,0.05
2026-07-25 17:56:56,0.00
2026-07-25 17:58:30,-0.03
2026-07-25 17:59:17,0.07
2026-07-25 18:01:01,-0.01
2026-07-25 18:01:24,0.04
2026-07-25 18:02:54,-0.02
2026-07-25 18:04:24,0.04
2026-07-25 18:04:34,-0.02
2026-07-25 18:06:41,0.05
2026-07-25 18:06:45,-0.02
2026-07-25 18:08:35,0.04
2026-07-25 18:09:15,-0.03
2026-07-25 18:10:13,-0.04
2026-07-25 18:10:41,0.05
2026-07-25 18:11:21,-0.01
2026-07-25 18:12:31,0.07
2026-07-25 18:13:28,-0.03
2026-07-25 18:14:32,-0.01
2026-07-25 18:14:50,0.06
2026-07-25 18:15:58,0.00
2026-07-25 18:16:07,0.05
2026-07-25 18:17:42,0.07
2026-07-25 18:18:59,-0.03
2026-07-25 18:19:40,-0.02
2026-07-25 18:20:12,0.04
2026-07-25 18:21:16,0.00
2026-07-25 18:22:37,0.06
2026-07-25 18:23:22,-0.01
2026-07-25 18:24:44,0.04
2026-07-25 18:25:47,-0.02
2026-07-25 18:26:20,0.06
2026-07-25 18:26:24,-0.02
2026-07-25 18:28:08,0.04
2026-07-25 18:29:38,0.06
2026-07-25 18:30:33,-0.01
2026-07-25 18:31:10,0.05
2026-07-25 18:32:00,-0.02
2026-07-25 18:32:36,0.06
2026-07-25 18:32:41,-0.01
2026-07-25 18:34:06,-0.03
2026-07-25 18:34:29,0.06
2026-07-25 18:35:46,0.11
2026-07-25 18:37:20,-0.01
2026-07-25 18:37:35,0.00
2026-07-25 18:38:01,0.05
2026-07-25 18:39:01,0.06
2026-07-25 18:39:55,0.01
2026-07-25 18:42:10,0.06
2026-07-25 18:43:33,0.01
2026-07-25 18:43:47,0.06
2026-07-25 18:44:14,0.02
2026-07-25 18:44:41,0.06
2026-07-25 18:46:11,0.00
2026-07-25 18:46:39,0.08
2026-07-25 18:47:16,0.05
2026-07-25 18:47:52,-0.01
2026-07-25 18:48:54,0.07
2026-07-25 18:48:59,0.01
2026-07-25 18:50:53,0.06
2026-07-25 18:51:42,0.00
2026-07-25 18:52:46,0.07
2026-07-25 18:53:09,0.02
2026-07-25 18:54:44,0.08
2026-07-25 18:55:24,0.01
2026-07-25 18:56:01,0.05
2026-07-25 18:56:11,0.00
2026-07-25 18:58:17,0.06
2026-07-25 18:59:03,0.04
2026-07-25 18:59:57,0.00
2026-07-25 19:00:41,0.07
2026-07-25 19:01:01,0.00
2026-07-25 19:02:21,0.04
2026-07-25 19:02:49,0.00
2026-07-25 19:03:48,0.05
2026-07-25 19:03:57,-0.01
2026-07-25 19:05:40,0.04
2026-07-25 19:05:59,0.00
2026-07-25 19:07:52,0.05
2026-07-25 19:09:13,0.00
2026-07-25 19:09:27,0.04
2026-07-25 19:11:27,-0.01
2026-07-25 19:11:53,0.07
2026-07-25 19:13:09,0.08
2026-07-25 19:13:19,-0.01
2026-07-25 19:14:28,0.05
2026-07-25 19:15:22,0.01
2026-07-25 19:15:44,0.05
2026-07-25 19:16:57,-0.01
2026-07-25 19:17:01,0.05
2026-07-25 19:19:18,-0.01
2026-07-25 19:20:44,0.04
2026-07-25 19:20:53,-0.02
2026-07-25 19:21:57,0.00
2026-07-25 19:22:01,0.04
2026-07-25 19:24:29,-0.01
2026-07-25 19:25:20,0.00
2026-07-25 19:25:39,0.04
2026-07-25 19:27:09,-0.02
2026-07-25 19:28:25,0.04
2026-07-25 19:28:38,0.00
2026-07-25 19:30:05,0.05
2026-07-25 19:30:32,0.00
2026-07-25 19:31:09,0.06
2026-07-25 19:32:03,-0.02
2026-07-25 19:32:13,0.04
2026-07-25 19:33:29,0.00
2026-07-25 19:33:43,0.04
2026-07-25 19:36:12,-0.01
2026-07-25 19:38:02,0.04
2026-07-25 19:39:40,-0.02
2026-07-25 19:40:08,0.03
2026-07-25 19:40:17,0.00
2026-07-25 19:42:02,0.04
2026-07-25 19:42:24,0.00
2026-07-25 19:42:29,0.02
2026-07-25 19:42:33,0.01
2026-07-25 19:43:00,-0.02
2026-07-25 19:43:09,0.03
2026-07-25 19:43:27,-0.02
2026-07-25 19:44:21,0.03
2026-07-25 19:45:03,-0.01
2026-07-25 19:45:57,0.03
2026-07-25 19:47:46,-0.02
2026-07-25 19:48:17,0.05
2026-07-25 19:48:45,0.00
2026-07-25 19:49:08,0.06
2026-07-25 19:50:06,-0.02
2026-07-25 19:50:25,0.04
2026-07-25 19:51:46,0.03
2026-07-25 19:52:12,-0.01
2026-07-25 19:53:35,-0.03
2026-07-25 19:53:39,0.04
2026-07-25 19:55:06,0.00
2026-07-25 19:55:37,0.04
2026-07-25 19:56:50,0.03
2026-07-25 19:58:02,-0.02
2026-07-25 19:58:20,0.00
2026-07-25 19:59:05,0.03
2026-07-25 20:00:14,-0.01
2026-07-25 20:00:28,0.03
2026-07-25 20:01:49,-0.02
2026-07-25 20:02:25,0.04
2026-07-25 20:03:42,0.00
2026-07-25 20:04:59,0.02
2026-07-25 20:06:25,0.09
2026-07-25 20:06:30,0.04
2026-07-25 20:07:10,0.11
2026-07-25 20:08:24,0.02
2026-07-25 20:08:37,0.10
2026-07-25 20:09:45,0.11
2026-07-25 20:09:58,0.06
2026-07-25 20:12:06,0.04
2026-07-25 20:12:19,0.12
2026-07-25 20:14:04,0.18
2026-07-25 20:14:21,0.05
2026-07-25 20:14:44,0.09
2026-07-25 20:15:38,0.18
2026-07-25 20:17:59,0.10
2026-07-25 20:18:03,0.14
2026-07-25 20:18:53,0.07
2026-07-25 20:19:39,0.11
2026-07-25 20:20:37,0.02
2026-07-25 20:21:36,0.01
2026-07-25 20:22:39,0.11
2026-07-25 20:23:35,0.08
2026-07-25 20:24:29,0.17
2026-07-25 20:24:56,0.07
2026-07-25 20:25:18,0.17
2026-07-25 20:26:26,0.14
2026-07-25 20:26:52,0.07
2026-07-25 20:28:25,0.09
2026-07-25 20:29:23,0.18
2026-07-25 20:29:36,0.22
2026-07-25 20:30:00,0.12
2026-07-25 20:31:39,0.16
2026-07-25 20:32:28,0.02
2026-07-25 20:33:41,0.00
2026-07-25 20:34:13,0.09
2026-07-25 20:35:03,0.03
2026-07-25 20:35:57,0.11
2026-07-25 20:36:24,0.03
2026-07-25 20:37:42,0.14
2026-07-25 20:37:55,0.10
2026-07-25 20:39:21,0.22
2026-07-25 20:39:53,0.26
2026-07-25 20:40:02,0.17
2026-07-25 20:41:10,0.18
2026-07-25 20:42:41,0.30
2026-07-25 20:42:46,0.34
2026-07-25 20:43:54,0.20
2026-07-25 20:44:43,0.24
2026-07-25 20:45:43,0.31
2026-07-25 20:46:59,0.21
2026-07-25 20:47:40,0.36
2026-07-25 20:48:35,0.28
2026-07-25 20:49:29,0.39
2026-07-25 20:50:00,0.28
2026-07-25 20:51:53,0.27
2026-07-25 20:52:21,0.45
2026-07-25 20:53:15,0.51
2026-07-25 20:53:55,0.41
2026-07-25 20:55:28,0.36
2026-07-25 20:55:49,0.51
2026-07-25 20:55:59,0.56
2026-07-25 20:57:20,0.39
2026-07-25 20:57:38,0.42
2026-07-25 20:58:51,0.54
2026-07-25 20:59:18,0.53
2026-07-25 21:00:26,0.33
2026-07-25 21:01:03,0.49
2026-07-25 21:01:40,0.31
2026-07-25 21:03:00,0.40
2026-07-25 21:03:20,0.28
2026-07-25 21:04:13,0.31
2026-07-25 21:04:41,0.24
2026-07-25 21:06:35,0.33
2026-07-25 21:07:24,0.24
2026-07-25 21:08:01,0.22
2026-07-25 21:08:05,0.29
2026-07-25 21:09:22,0.26
2026-07-25 21:10:08,0.20
2026-07-25 21:11:11,0.25
2026-07-25 21:12:06,0.18
2026-07-25 21:13:00,0.15
2026-07-25 21:13:59,0.26
2026-07-25 21:14:34,0.19
2026-07-25 21:15:28,0.28
2026-07-25 21:16:09,0.33
2026-07-25 21:17:04,0.20
2026-07-25 21:17:46,0.17
2026-07-25 21:18:40,0.32
2026-07-25 21:19:11,0.24
2026-07-25 21:19:52,0.11
2026-07-25 21:20:46,0.19
2026-07-25 21:21:55,0.13
2026-07-25 21:22:40,0.20
2026-07-25 21:22:53,0.11
2026-07-25 21:24:38,0.12
2026-07-25 21:25:28,0.23
2026-07-25 21:26:13,0.15
2026-07-25 21:27:16,0.33
2026-07-25 21:27:52,0.22
2026-07-25 21:27:56,0.30
2026-07-25 21:29:05,0.19
2026-07-25 21:29:23,0.29
2026-07-25 21:31:16,0.16
2026-07-25 21:31:48,0.30
2026-07-25 21:32:25,0.28
2026-07-25 21:33:15,0.19
2026-07-25 21:33:55,0.26
2026-07-25 21:34:45,0.13
2026-07-25 21:36:47,0.28
2026-07-25 21:37:33,0.27
2026-07-25 21:38:00,0.18
2026-07-25 21:38:58,0.20
2026-07-25 21:39:57,0.30
2026-07-25 21:40:39,0.35
2026-07-25 21:41:20,0.18
2026-07-25 21:42:18,0.26
2026-07-25 21:42:54,0.16
2026-07-25 21:43:52,0.15
2026-07-25 21:45:11,0.34
2026-07-25 21:46:10,0.21
2026-07-25 21:46:54,0.38
2026-07-25 21:47:48,0.52
2026-07-25 21:48:34,0.33
2026-07-25 21:49:07,0.27
2026-07-25 21:49:34,0.39
2026-07-25 21:50:28,0.34
2026-07-25 21:51:40,0.22
2026-07-25 21:52:12,0.26
2026-07-25 21:53:29,0.15
2026-07-25 21:54:28,0.11
2026-07-25 21:54:54,0.21
2026-07-25 21:55:54,0.07
2026-07-25 21:56:31,0.18
2026-07-25 21:57:16,-0.01
2026-07-25 21:59:08,0.05
2026-07-25 22:00:13,-0.04
2026-07-25 22:01:02,0.04
2026-07-25 22:01:42,-0.03
2026-07-25 22:02:42,0.01
2026-07-25 22:02:59,-0.08
2026-07-25 22:03:41,0.01
2026-07-25 22:03:49,-0.07
2026-07-25 22:05:51,0.02
2026-07-25 22:06:15,-0.08
2026-07-25 22:07:37,0.02
2026-07-25 22:07:50,-0.12
2026-07-25 22:09:52,0.00
2026-07-25 22:10:06,-0.08
2026-07-25 22:10:54,0.00
2026-07-25 22:11:23,-0.14
2026-07-25 22:12:40,-0.11
2026-07-25 22:12:53,-0.01
2026-07-25 22:13:34,-0.14
2026-07-25 22:13:56,-0.04
2026-07-25 22:15:23,-0.14
2026-07-25 22:15:50,-0.05
2026-07-25 22:17:21,-0.13
2026-07-25 22:17:34,-0.04
2026-07-25 22:19:01,-0.05
2026-07-25 22:19:37,-0.12
2026-07-25 22:20:09,-0.13
2026-07-25 22:21:39,-0.03
2026-07-25 22:22:57,-0.14
2026-07-25 22:23:06,-0.02
2026-07-25 22:23:34,-0.12
2026-07-25 22:24:14,-0.04
2026-07-25 22:25:21,-0.02
2026-07-25 22:25:53,-0.16
2026-07-25 22:26:52,-0.11
2026-07-25 22:27:23,-0.04
2026-07-25 22:28:41,-0.11
2026-07-25 22:29:21,-0.06
2026-07-25 22:30:15,-0.10
2026-07-25 22:31:01,-0.03
2026-07-25 22:32:41,-0.09
2026-07-25 22:33:18,-0.11
2026-07-25 22:33:54,-0.05
2026-07-25 22:35:34,-0.04
2026-07-25 22:36:15,-0.11
2026-07-25 22:37:09,-0.12
2026-07-25 22:37:36,-0.04
2026-07-25 22:38:22,-0.07
2026-07-25 22:39:20,-0.15
2026-07-25 22:40:46,-0.07
2026-07-25 22:41:18,-0.13
2026-07-25 22:41:50,-0.14
2026-07-25 22:42:49,-0.06
2026-07-25 22:43:20,-0.08
2026-07-25 22:44:42,-0.15
2026-07-25 22:45:28,-0.14
2026-07-25 22:45:55,-0.05
2026-07-25 22:46:45,-0.07
2026-07-25 22:47:08,-0.13
2026-07-25 22:48:15,-0.14
2026-07-25 22:49:46,-0.05
2026-07-25 22:49:56,-0.02
2026-07-25 22:50:14,-0.11
2026-07-25 22:51:52,-0.04
2026-07-25 22:52:43,-0.12
2026-07-25 22:53:20,-0.10
2026-07-25 22:54:40,-0.01
2026-07-25 22:55:17,0.12
2026-07-25 22:56:02,-0.02
2026-07-25 22:56:52,-0.03
2026-07-25 22:57:05,0.03
2026-07-25 22:59:04,-0.08
2026-07-25 22:59:49,-0.07
2026-07-25 23:00:17,0.00
2026-07-25 23:01:33,-0.02
2026-07-25 23:01:37,-0.06
2026-07-25 23:03:31,-0.01
2026-07-25 23:04:07,-0.09
2026-07-25 23:04:48,0.00
2026-07-25 23:05:20,-0.08
2026-07-25 23:06:42,-0.07
2026-07-25 23:07:41,0.01
2026-07-25 23:08:25,0.03
2026-07-25 23:09:30,0.11
2026-07-25 23:09:39,0.10
2026-07-25 23:10:19,0.00
2026-07-25 23:12:04,-0.01
2026-07-25 23:12:35,0.11
2026-07-25 23:12:58,0.03
2026-07-25 23:13:17,0.12
2026-07-25 23:14:38,0.11
2026-07-25 23:15:54,0.02
2026-07-25 23:16:27,0.06
2026-07-25 23:17:21,0.17
2026-07-25 23:18:02,0.07
2026-07-25 23:18:55,0.17
2026-07-25 23:19:50,0.16
2026-07-25 23:21:03,0.04
2026-07-25 23:21:09,0.01
2026-07-25 23:21:26,0.08
2026-07-25 23:23:19,-0.02
2026-07-25 23:23:28,0.06
2026-07-25 23:24:27,0.05
2026-07-25 23:24:41,-0.04
2026-07-25 23:26:12,0.03
2026-07-25 23:27:01,-0.09
2026-07-25 23:28:46,-0.12
2026-07-25 23:29:21,-0.03
2026-07-25 23:30:16,-0.11
2026-07-25 23:30:42,-0.03
2026-07-25 23:31:15,-0.11
2026-07-25 23:31:47,-0.02
2026-07-25 23:33:09,-0.07
2026-07-25 23:34:17,0.00
2026-07-25 23:34:38,-0.06
2026-07-25 23:35:19,0.04
2026-07-25 23:36:28,0.05
2026-07-25 23:37:18,-0.05
2026-07-25 23:37:59,-0.06
2026-07-25 23:38:53,0.03
2026-07-25 23:40:34,-0.07
2026-07-25 23:41:22,-0.02
2026-07-25 23:41:32,-0.08
2026-07-25 23:42:49,-0.10
2026-07-25 23:43:24,0.02
2026-07-25 23:44:19,-0.03
2026-07-25 23:44:37,-0.11
2026-07-25 23:46:08,-0.04
2026-07-25 23:46:58,-0.11
2026-07-25 23:48:28,-0.14
2026-07-25 23:48:41,-0.06
2026-07-25 23:50:13,-0.15
2026-07-25 23:50:43,-0.07
2026-07-25 23:51:07,-0.12
2026-07-25 23:52:28,-0.05
2026-07-25 23:52:37,-0.03
2026-07-25 23:53:55,0.09
2026-07-25 23:54:12,0.04
2026-07-25 23:55:21,0.18
2026-07-25 23:56:06,0.06
2026-07-25 23:56:42,0.18
2026-07-25 23:57:40,0.17
2026-07-25 23:58:04,0.08
2026-07-25 23:59:35,0.10
2026-07-26 00:00:06,0.18
2026-07-26 00:01:00,0.09
2026-07-26 00:01:41,0.22
2026-07-26 00:02:59,0.11
2026-07-26 00:04:07,0.16
2026-07-26 00:05:23,0.27
2026-07-26 00:06:59,0.24
2026-07-26 00:07:17,0.13
2026-07-26 00:07:30,0.18
2026-07-26 00:07:44,0.10
2026-07-26 00:09:10,0.15
2026-07-26 00:10:27,0.07
2026-07-26 00:11:13,0.06
2026-07-26 00:12:06,0.20
2026-07-26 00:13:24,0.10
2026-07-26 00:15:08,0.20
2026-07-26 00:15:22,0.12
2026-07-26 00:15:48,0.17
2026-07-26 00:17:05,0.33
2026-07-26 00:17:24,0.28
2026-07-26 00:17:56,0.36
2026-07-26 00:19:17,0.28
2026-07-26 00:20:30,0.44
2026-07-26 00:20:52,0.31
2026-07-26 00:22:00,0.56
2026-07-26 00:22:41,0.60
2026-07-26 00:23:22,0.42
2026-07-26 00:24:34,0.46
2026-07-26 00:24:58,0.62
2026-07-26 00:25:51,0.63
2026-07-26 00:26:14,0.40
2026-07-26 00:27:59,0.64
2026-07-26 00:28:26,0.46
2026-07-26 00:28:49,0.48
2026-07-26 00:30:19,0.71
2026-07-26 00:30:33,0.54
2026-07-26 00:31:04,0.87
2026-07-26 00:32:39,0.79
2026-07-26 00:33:29,0.56
2026-07-26 00:34:02,0.64
2026-07-26 00:35:13,0.94
2026-07-26 00:35:27,0.76
2026-07-26 00:36:31,1.09
2026-07-26 00:37:35,1.19
2026-07-26 00:38:01,0.76
2026-07-26 00:38:56,0.87
2026-07-26 00:39:29,1.33
2026-07-26 00:41:03,0.89
2026-07-26 00:41:36,1.28
2026-07-26 00:42:11,1.38
2026-07-26 00:43:32,0.91
2026-07-26 00:44:40,0.78
2026-07-26 00:44:54,0.98
2026-07-26 00:45:31,0.91
2026-07-26 00:46:03,1.19
2026-07-26 00:47:33,1.21
2026-07-26 00:48:05,0.97
2026-07-26 00:48:36,1.03
2026-07-26 00:49:18,0.66
2026-07-26 00:50:25,0.67
2026-07-26 00:51:38,0.97
2026-07-26 00:53:17,0.67
2026-07-26 00:53:41,0.61
2026-07-26 00:55:06,0.95
2026-07-26 00:55:43,0.87
2026-07-26 00:56:00,1.06
2026-07-26 00:57:23,0.73
2026-07-26 00:58:13,1.00
2026-07-26 00:58:40,0.96
2026-07-26 01:00:05,0.59
2026-07-26 01:00:23,0.58
2026-07-26 01:01:32,0.92
2026-07-26 01:02:03,0.94
2026-07-26 01:02:57,0.64
2026-07-26 01:03:52,0.73
2026-07-26 01:05:04,0.43
2026-07-26 01:05:32,0.30
2026-07-26 01:06:36,0.54
2026-07-26 01:06:45,0.43
2026-07-26 01:07:26,0.66
2026-07-26 01:08:29,0.51
2026-07-26 01:09:41,0.22
2026-07-26 01:10:04,0.17
2026-07-26 01:10:45,0.38
2026-07-26 01:12:29,0.39
2026-07-26 01:13:15,0.26
2026-07-26 01:14:18,0.39
2026-07-26 01:14:58,0.17
2026-07-26 01:15:03,0.11
2026-07-26 01:16:11,0.21
2026-07-26 01:17:02,0.07
2026-07-26 01:18:05,0.47
2026-07-26 01:18:32,0.18
2026-07-26 01:19:04,0.02
2026-07-26 01:21:24,0.20
2026-07-26 01:21:42,0.13
2026-07-26 01:22:36,0.32
2026-07-26 01:23:26,0.15
2026-07-26 01:24:49,0.38
2026-07-26 01:25:16,0.35
2026-07-26 01:26:27,0.62
2026-07-26 01:26:46,0.88
2026-07-26 01:27:12,0.62
2026-07-26 01:28:12,0.74
2026-07-26 01:29:25,1.30
2026-07-26 01:29:56,1.15
2026-07-26 01:31:22,1.45
2026-07-26 01:32:03,1.17
2026-07-26 01:32:26,1.50
2026-07-26 01:33:25,1.32
2026-07-26 01:34:28,0.78
2026-07-26 01:35:23,0.92
2026-07-26 01:35:46,1.13
2026-07-26 01:36:36,1.24
2026-07-26 01:36:57,0.98
2026-07-26 01:38:19,1.25
2026-07-26 01:39:05,0.91
2026-07-26 01:39:45,1.08
2026-07-26 01:41:06,0.89
2026-07-26 01:41:26,0.93
2026-07-26 01:42:06,0.66
2026-07-26 01:43:05,0.79
2026-07-26 01:43:54,0.47
2026-07-26 01:45:07,0.82
2026-07-26 01:45:35,0.58
2026-07-26 01:46:33,0.67
2026-07-26 01:47:59,1.13
2026-07-26 01:49:17,0.81
2026-07-26 01:50:11,0.95
2026-07-26 01:51:15,0.54
2026-07-26 01:51:19,0.67
2026-07-26 01:51:47,0.51
2026-07-26 01:53:34,0.54
2026-07-26 01:53:58,0.40
2026-07-26 01:55:11,0.46
2026-07-26 01:55:20,0.30
2026-07-26 01:56:32,0.35
2026-07-26 01:57:22,0.55
2026-07-26 01:58:40,0.40
2026-07-26 01:58:57,0.58
2026-07-26 01:59:57,0.41
2026-07-26 02:00:41,0.66
2026-07-26 02:01:18,0.44
2026-07-26 02:02:07,0.73
2026-07-26 02:03:39,0.51
2026-07-26 02:04:10,0.75
2026-07-26 02:04:41,0.74
2026-07-26 02:06:02,0.57
2026-07-26 02:06:26,0.65
2026-07-26 02:07:43,0.39
2026-07-26 02:08:42,0.59
2026-07-26 02:09:22,0.36
2026-07-26 02:09:45,0.57
2026-07-26 02:10:36,0.29
2026-07-26 02:11:20,0.28
2026-07-26 02:12:33,0.54
2026-07-26 02:13:13,0.29
2026-07-26 02:13:46,0.50
2026-07-26 02:15:25,0.54
2026-07-26 02:16:01,0.35
2026-07-26 02:16:47,0.55
2026-07-26 02:17:32,0.25
2026-07-26 02:19:02,0.22
2026-07-26 02:19:16,0.41
2026-07-26 02:19:21,0.29
2026-07-26 02:19:26,0.48
2026-07-26 02:21:24,0.52
2026-07-26 02:22:04,0.26
2026-07-26 02:23:48,0.34
2026-07-26 02:24:16,0.73
2026-07-26 02:24:25,0.81
2026-07-26 02:25:55,0.34
2026-07-26 02:26:19,0.58
2026-07-26 02:27:03,0.26
2026-07-26 02:27:53,0.47
2026-07-26 02:28:11,0.26
2026-07-26 02:29:51,0.55
2026-07-26 02:30:36,0.29
2026-07-26 02:30:54,0.36
2026-07-26 02:32:30,0.21
2026-07-26 02:33:10,0.22
2026-07-26 02:34:00,0.45
2026-07-26 02:34:14,0.48
2026-07-26 02:35:35,0.20
2026-07-26 02:36:16,0.32
2026-07-26 02:37:06,0.11
2026-07-26 02:37:59,0.26
2026-07-26 02:39:03,0.04
2026-07-26 02:39:17,0.06
2026-07-26 02:40:42,-0.05
2026-07-26 02:40:53,-0.01
2026-07-26 02:41:02,0.34
2026-07-26 02:42:45,0.12
2026-07-26 02:44:03,-0.08
2026-07-26 02:44:07,-0.09
2026-07-26 02:44:21,-0.01
2026-07-26 02:46:28,-0.03
2026-07-26 02:46:37,-0.13
2026-07-26 02:48:35,-0.14
2026-07-26 02:48:58,-0.03
2026-07-26 02:49:57,-0.10
2026-07-26 02:50:33,-0.03
2026-07-26 02:50:55,-0.08
2026-07-26 02:52:16,0.09
2026-07-26 02:52:41,0.00
2026-07-26 02:53:07,0.13
2026-07-26 02:54:33,0.02
2026-07-26 02:55:24,0.28
2026-07-26 02:55:41,0.24
2026-07-26 02:57:07,0.05
2026-07-26 02:57:21,0.03
2026-07-26 02:58:11,0.20
2026-07-26 02:59:05,0.04
2026-07-26 03:00:32,0.51
2026-07-26 03:00:45,0.40
2026-07-26 03:01:26,0.69
2026-07-26 03:02:52,0.48
2026-07-26 03:03:51,0.81
2026-07-26 03:04:14,0.94
2026-07-26 03:05:22,0.66
2026-07-26 03:05:40,0.83
2026-07-26 03:05:50,0.62
2026-07-26 03:07:38,0.73
2026-07-26 03:08:28,0.51
2026-07-26 03:09:04,0.67
2026-07-26 03:09:53,0.34
2026-07-26 03:10:34,0.60
2026-07-26 03:11:56,0.43
2026-07-26 03:12:28,0.58
2026-07-26 03:13:14,0.31
2026-07-26 03:15:02,0.28
2026-07-26 03:15:24,0.61
2026-07-26 03:16:50,0.37
2026-07-26 03:17:00,0.64
2026-07-26 03:17:59,0.35
2026-07-26 03:18:35,0.75
2026-07-26 03:18:58,0.47
2026-07-26 03:20:11,0.72
2026-07-26 03:20:42,0.55
2026-07-26 03:21:27,0.87
2026-07-26 03:22:13,0.75
2026-07-26 03:23:02,1.04
2026-07-26 03:24:48,0.71
2026-07-26 03:26:54,0.79
2026-07-26 03:26:58,1.15
2026-07-26 03:27:08,1.07
2026-07-26 03:28:38,0.76
2026-07-26 03:28:52,0.75
2026-07-26 03:30:09,1.21
2026-07-26 03:30:26,0.83
2026-07-26 03:31:26,0.58
2026-07-26 03:32:21,0.36
2026-07-26 03:33:24,0.74
2026-07-26 03:34:04,0.66
2026-07-26 03:34:14,0.43
2026-07-26 03:36:07,0.66
2026-07-26 03:36:21,0.46
2026-07-26 03:37:37,0.42
2026-07-26 03:38:04,0.75
2026-07-26 03:38:59,0.53
2026-07-26 03:40:11,0.86
2026-07-26 03:40:57,0.65
2026-07-26 03:41:38,1.03
2026-07-26 03:42:42,0.77
2026-07-26 03:42:51,1.12
2026-07-26 03:43:49,0.82
2026-07-26 03:44:30,1.01
2026-07-26 03:46:14,0.60
2026-07-26 03:46:28,0.98
2026-07-26 03:47:18,1.17
2026-07-26 03:47:36,0.86
2026-07-26 03:49:16,0.83
2026-07-26 03:50:00,1.13
2026-07-26 03:50:56,0.78
2026-07-26 03:51:41,1.05
2026-07-26 03:52:31,0.89
2026-07-26 03:52:44,1.29
2026-07-26 03:53:25,1.11
2026-07-26 03:53:47,1.45
2026-07-26 03:55:19,1.49
2026-07-26 03:56:40,0.96
2026-07-26 03:56:57,1.45
2026-07-26 03:57:29,0.87
2026-07-26 03:59:05,0.81
2026-07-26 03:59:28,1.11
2026-07-26 04:00:57,1.00
2026-07-26 04:01:30,0.80
2026-07-26 04:02:02,1.05
2026-07-26 04:02:37,0.67
2026-07-26 04:03:24,0.63
2026-07-26 04:04:18,0.88
2026-07-26 04:05:39,0.96
2026-07-26 04:06:25,0.75
2026-07-26 04:06:38,0.83
2026-07-26 04:08:00,0.57
2026-07-26 04:08:45,0.65
2026-07-26 04:09:03,0.39
2026-07-26 04:10:02,0.38
2026-07-26 04:11:28,1.00
2026-07-26 04:11:51,0.76
2026-07-26 04:13:08,1.12
2026-07-26 04:13:58,0.84
2026-07-26 04:14:16,1.35
2026-07-26 04:14:52,0.91
2026-07-26 04:15:05,1.28
2026-07-26 04:17:19,0.92
2026-07-26 04:17:36,1.25
2026-07-26 04:19:21,1.16
2026-07-26 04:19:38,0.94
2026-07-26 04:19:56,1.06
2026-07-26 04:21:22,1.43
2026-07-26 04:21:32,0.96
2026-07-26 04:23:03,1.60
2026-07-26 04:23:24,1.38
2026-07-26 04:24:11,1.91
2026-07-26 04:25:14,1.34
2026-07-26 04:25:59,1.92
2026-07-26 04:26:36,2.02
2026-07-26 04:27:48,1.52
2026-07-26 04:28:25,2.08
2026-07-26 04:29:37,1.50
2026-07-26 04:29:51,1.93
2026-07-26 04:31:17,1.29
2026-07-26 04:32:11,1.59
2026-07-26 04:32:57,1.17
2026-07-26 04:33:46,1.43
2026-07-26 04:34:31,1.09
2026-07-26 04:34:50,1.08
2026-07-26 04:34:59,1.57
2026-07-26 04:36:49,1.00
2026-07-26 04:37:25,1.33
2026-07-26 04:38:06,0.96
2026-07-26 04:39:17,1.40
2026-07-26 04:39:40,1.33
2026-07-26 04:41:02,0.92
2026-07-26 04:42:01,0.96
2026-07-26 04:42:28,1.41
2026-07-26 04:42:56,1.15
2026-07-26 04:43:50,2.15
2026-07-26 04:44:44,1.38
2026-07-26 04:45:16,1.76
2026-07-26 04:46:14,1.66
2026-07-26 04:47:22,1.24
2026-07-26 04:48:04,1.17
2026-07-26 04:49:12,1.59
2026-07-26 04:49:43,1.12
2026-07-26 04:50:24,1.60
2026-07-26 04:51:54,1.36
2026-07-26 04:52:41,2.01
2026-07-26 04:52:58,2.12
2026-07-26 04:54:06,3.91
2026-07-26 04:55:18,1.77
2026-07-26 04:55:55,2.99
2026-07-26 04:57:07,3.36
2026-07-26 04:57:44,1.88
2026-07-26 04:58:05,1.76
2026-07-26 04:58:25,2.99
2026-07-26 05:00:04,3.33
2026-07-26 05:00:59,1.86
2026-07-26 05:01:03,1.55
2026-07-26 05:02:21,2.11
2026-07-26 05:03:09,1.76
2026-07-26 05:04:01,2.51
2026-07-26 05:04:36,2.16
2026-07-26 05:05:17,3.10
2026-07-26 05:06:34,2.75
2026-07-26 05:07:33,1.93
2026-07-26 05:08:23,2.24
2026-07-26 05:08:58,1.66
2026-07-26 05:10:12,1.86
2026-07-26 05:10:52,1.08
2026-07-26 05:11:42,1.38
2026-07-26 05:12:06,0.87
2026-07-26 05:12:55,1.17
2026-07-26 05:13:13,0.83
2026-07-26 05:14:42,0.93
2026-07-26 05:15:20,1.27
2026-07-26 05:16:56,1.45
2026-07-26 05:17:30,1.13
2026-07-26 05:18:03,1.14
2026-07-26 05:19:11,1.62
2026-07-26 05:19:30,1.38
2026-07-26 05:20:24,2.17
2026-07-26 05:21:05,1.83
2026-07-26 05:22:27,1.18
2026-07-26 05:22:35,1.02
2026-07-26 05:22:58,1.32
2026-07-26 05:25:09,1.00
2026-07-26 05:25:41,1.34
2026-07-26 05:26:35,1.15
2026-07-26 05:27:22,1.50
2026-07-26 05:27:52,1.05
2026-07-26 05:28:47,2.68
2026-07-26 05:29:28,2.19
2026-07-26 05:29:59,3.18
2026-07-26 05:30:59,2.31
2026-07-26 05:32:12,2.96
2026-07-26 05:32:25,2.98
2026-07-26 05:33:55,4.84
2026-07-26 05:34:04,4.74
2026-07-26 05:34:46,3.63
2026-07-26 05:35:49,4.22
2026-07-26 05:37:19,2.88
2026-07-26 05:38:15,3.07
2026-07-26 05:38:42,2.46
2026-07-26 05:39:13,2.06
2026-07-26 05:40:35,3.42
2026-07-26 05:40:39,3.21
2026-07-26 05:40:57,2.31
2026-07-26 05:42:42,2.88
2026-07-26 05:43:53,3.90
2026-07-26 05:44:30,4.47
2026-07-26 05:45:07,3.20
2026-07-26 05:45:38,4.13
2026-07-26 05:46:56,3.29
2026-07-26 05:47:32,3.22
2026-07-26 05:48:44,4.75
2026-07-26 05:49:24,5.25
2026-07-26 05:50:29,3.60
2026-07-26 05:50:33,3.74
2026-07-26 05:52:04,2.32
2026-07-26 05:52:49,2.46
2026-07-26 05:53:49,3.25
2026-07-26 05:54:38,3.64
2026-07-26 05:54:51,2.85
2026-07-26 05:56:40,3.58
2026-07-26 05:56:53,2.69
2026-07-26 05:58:06,3.46
2026-07-26 05:58:42,2.55
2026-07-26 05:59:19,2.70
2026-07-26 05:59:49,3.77
2026-07-26 06:00:30,4.01
2026-07-26 06:01:35,2.76
2026-07-26 06:02:29,3.23
2026-07-26 06:03:28,4.86
2026-07-26 06:04:09,4.49
2026-07-26 06:04:59,6.02
2026-07-26 06:05:49,5.20
2026-07-26 06:06:33,6.23
2026-07-26 06:07:37,6.04
2026-07-26 06:08:41,4.64
2026-07-26 06:09:41,4.27
2026-07-26 06:10:11,5.54
2026-07-26 06:10:21,4.70
2026-07-26 06:11:19,6.05
2026-07-26 06:12:09,4.43
2026-07-26 06:13:03,5.62
2026-07-26 06:14:39,5.47
2026-07-26 06:15:11,3.87
2026-07-26 06:16:55,2.56
2026-07-26 06:17:36,3.98
2026-07-26 06:18:07,2.39
2026-07-26 06:18:48,2.40
2026-07-26 06:20:01,4.18
2026-07-26 06:20:19,4.49
2026-07-26 06:21:49,1.88
2026-07-26 06:22:03,1.39
2026-07-26 06:23:02,2.08
2026-07-26 06:24:11,2.70
2026-07-26 06:24:47,1.63
2026-07-26 06:26:04,1.67
2026-07-26 06:26:48,1.18
2026-07-26 06:27:07,1.58
2026-07-26 06:28:25,1.04
2026-07-26 06:29:36,0.89
2026-07-26 06:29:54,1.28
2026-07-26 06:30:13,0.77
2026-07-26 06:31:25,1.23
2026-07-26 06:32:34,0.60
2026-07-26 06:33:05,1.28
2026-07-26 06:33:28,0.79
2026-07-26 06:34:45,2.10
2026-07-26 06:35:21,2.24
2026-07-26 06:35:57,1.37
2026-07-26 06:37:01,1.85
2026-07-26 06:38:22,0.85
2026-07-26 06:38:54,0.82
2026-07-26 06:39:58,1.56
2026-07-26 06:40:43,1.24
2026-07-26 06:41:10,1.59
2026-07-26 06:41:42,1.48
2026-07-26 06:43:08,0.80
2026-07-26 06:44:43,1.06
2026-07-26 06:44:52,0.71
2026-07-26 06:45:02,0.70
2026-07-26 06:46:09,1.30
2026-07-26 06:46:45,0.96
2026-07-26 06:47:40,2.44
2026-07-26 06:49:29,1.50
2026-07-26 06:49:52,2.21
2026-07-26 06:50:00,2.26
2026-07-26 06:51:32,1.28
2026-07-26 06:52:07,1.53
2026-07-26 06:52:48,0.85
2026-07-26 06:53:29,1.05
2026-07-26 06:54:50,1.95
2026-07-26 06:55:13,1.42
2026-07-26 06:55:41,2.16
2026-07-26 06:56:57,1.38
2026-07-26 06:57:34,2.00
2026-07-26 06:58:55,1.56
2026-07-26 06:59:10,2.13
2026-07-26 07:00:31,1.27
2026-07-26 07:00:52,1.76
2026-07-26 07:01:33,1.59
2026-07-26 07:01:39,1.68
2026-07-26 07:01:43,1.66
2026-07-26 07:02:01,1.51
2026-07-26 07:02:24,2.05
2026-07-26 07:03:40,1.64
2026-07-26 07:03:50,2.17
2026-07-26 07:06:01,1.76
2026-07-26 07:06:23,2.23
2026-07-26 07:06:33,1.85
2026-07-26 07:08:03,2.82
2026-07-26 07:08:22,3.11
2026-07-26 07:09:16,1.86
2026-07-26 07:10:28,2.55
2026-07-26 07:11:18,1.56
2026-07-26 07:11:54,1.22
2026-07-26 07:12:49,1.54
2026-07-26 07:13:12,1.74
2026-07-26 07:14:20,1.17
2026-07-26 07:15:27,0.87
2026-07-26 07:16:14,2.01
2026-07-26 07:16:31,1.47
2026-07-26 07:17:48,0.82
2026-07-26 07:19:06,1.07
2026-07-26 07:19:36,0.75
2026-07-26 07:20:00,0.69
2026-07-26 07:20:23,1.33
2026-07-26 07:22:01,0.75
2026-07-26 07:22:20,1.08
2026-07-26 07:22:57,0.71
2026-07-26 07:24:32,1.46
2026-07-26 07:24:40,1.19
2026-07-26 07:25:39,2.25
2026-07-26 07:26:16,1.63
2026-07-26 07:27:46,2.59
2026-07-26 07:28:27,2.00
2026-07-26 07:29:16,3.97
2026-07-26 07:29:35,3.48
2026-07-26 07:31:10,1.34
2026-07-26 07:31:29,1.70
2026-07-26 07:32:18,1.01
2026-07-26 07:33:31,1.17
2026-07-26 07:33:58,2.01
2026-07-26 07:35:19,1.93
2026-07-26 07:36:05,0.85
2026-07-26 07:36:50,0.52
2026-07-26 07:37:35,0.91
2026-07-26 07:37:50,0.61
2026-07-26 07:39:20,0.98
2026-07-26 07:39:56,0.61
2026-07-26 07:40:41,1.01
2026-07-26 07:41:17,0.59
2026-07-26 07:42:21,1.09
2026-07-26 07:42:48,1.16
2026-07-26 07:43:01,1.67
2026-07-26 07:44:27,1.37
2026-07-26 07:45:54,2.99
2026-07-26 07:46:08,2.65
2026-07-26 07:46:39,1.73
2026-07-26 07:47:56,2.09
2026-07-26 07:49:19,1.21
2026-07-26 07:50:03,2.42
2026-07-26 07:50:48,1.11
2026-07-26 07:51:35,0.83
2026-07-26 07:52:37,1.77
2026-07-26 07:53:06,2.32
2026-07-26 07:54:17,1.39
2026-07-26 07:54:44,1.41
2026-07-26 07:55:21,0.98
2026-07-26 07:55:57,1.04
2026-07-26 07:56:38,2.06
2026-07-26 07:58:09,1.11
2026-07-26 07:58:50,1.57
2026-07-26 07:59:34,0.96
2026-07-26 08:00:53,1.43
2026-07-26 08:01:20,1.05
2026-07-26 08:02:27,2.03
2026-07-26 08:02:59,2.24
2026-07-26 08:03:53,1.23
2026-07-26 08:04:35,1.26
2026-07-26 08:05:15,2.23
2026-07-26 08:06:04,2.06
2026-07-26 08:06:27,1.06
2026-07-26 08:08:06,1.40
2026-07-26 08:08:44,0.85
2026-07-26 08:09:15,1.03
2026-07-26 08:10:19,0.64
2026-07-26 08:11:08,0.57
2026-07-26 08:11:35,0.77
2026-07-26 08:13:07,0.49
2026-07-26 08:13:52,1.04
2026-07-26 08:14:06,0.62
2026-07-26 08:15:31,1.01
2026-07-26 08:16:17,0.82
2026-07-26 08:17:21,2.17
2026-07-26 08:17:38,2.50
2026-07-26 08:18:51,1.54
2026-07-26 08:19:59,1.46
2026-07-26 08:20:39,2.88
2026-07-26 08:20:59,2.84
2026-07-26 08:22:20,1.12
2026-07-26 08:23:22,0.61
2026-07-26 08:23:55,1.27
2026-07-26 08:24:08,1.23
2026-07-26 08:25:21,0.72
2026-07-26 08:25:43,1.09
2026-07-26 08:26:42,0.62
2026-07-26 08:27:46,0.97
2026-07-26 08:27:55,0.71
2026-07-26 08:29:21,0.94
2026-07-26 08:29:48,0.48
2026-07-26 08:31:19,0.99
2026-07-26 08:31:37,0.65
2026-07-26 08:32:22,0.80
2026-07-26 08:33:34,1.80
2026-07-26 08:34:24,1.42
2026-07-26 08:35:15,3.00
2026-07-26 08:35:33,2.90
2026-07-26 08:36:45,1.81
2026-07-26 08:37:12,2.50
2026-07-26 08:37:22,2.06
2026-07-26 08:39:47,3.41
2026-07-26 08:40:14,2.21
2026-07-26 08:40:51,3.14
2026-07-26 08:42:06,1.69
2026-07-26 08:42:16,2.06
2026-07-26 08:43:29,1.10
2026-07-26 08:45:04,1.28
2026-07-26 08:45:18,0.71
2026-07-26 08:46:30,1.16
2026-07-26 08:46:48,0.76
2026-07-26 08:47:48,0.65
2026-07-26 08:48:14,1.16
2026-07-26 08:48:46,0.87
2026-07-26 08:50:12,1.92
2026-07-26 08:51:30,2.27
2026-07-26 08:52:01,1.38
2026-07-26 08:52:06,1.30
2026-07-26 08:53:05,0.75
2026-07-26 08:54:17,1.66
2026-07-26 08:55:20,0.79
2026-07-26 08:55:26,0.91
2026-07-26 08:55:53,1.31
2026-07-26 08:57:22,0.80
2026-07-26 08:58:22,3.97
2026-07-26 08:58:41,3.09
2026-07-26 09:00:16,0.86
2026-07-26 09:00:20,0.83
2026-07-26 09:01:23,2.29
2026-07-26 09:02:23,1.41
2026-07-26 09:03:25,2.30
2026-07-26 09:03:58,1.58
2026-07-26 09:04:46,2.92
2026-07-26 09:05:27,3.14
2026-07-26 09:06:32,1.23
2026-07-26 09:06:59,1.72
2026-07-26 09:08:24,0.95
2026-07-26 09:08:48,0.79
2026-07-26 09:10:09,1.18
2026-07-26 09:10:42,0.99
2026-07-26 09:11:40,2.56
2026-07-26 09:11:53,1.83
2026-07-26 09:13:29,2.95
2026-07-26 09:14:04,3.45
2026-07-26 09:15:04,1.08
2026-07-26 09:15:40,1.63
2026-07-26 09:15:53,1.22
2026-07-26 09:17:28,1.14
2026-07-26 09:17:52,1.83
2026-07-26 09:19:22,0.85
2026-07-26 09:19:58,1.45
2026-07-26 09:20:52,0.83
2026-07-26 09:21:06,1.31
2026-07-26 09:22:09,1.05
2026-07-26 09:22:55,0.62
2026-07-26 09:23:27,0.67
2026-07-26 09:23:58,0.33
2026-07-26 09:25:30,0.30
2026-07-26 09:26:32,0.77
2026-07-26 09:27:40,0.85
2026-07-26 09:28:17,0.40
2026-07-26 09:28:40,0.65
2026-07-26 09:29:57,0.32
2026-07-26 09:30:33,0.34
2026-07-26 09:31:36,0.03
2026-07-26 09:32:03,0.01
2026-07-26 09:32:58,0.37
2026-07-26 09:33:44,0.30
2026-07-26 09:34:16,0.08
2026-07-26 09:35:28,0.55
2026-07-26 09:36:32,0.27
2026-07-26 09:36:40,0.29
2026-07-26 09:37:22,0.59
2026-07-26 09:38:20,0.64
2026-07-26 09:38:52,0.33
2026-07-26 09:39:55,0.69
2026-07-26 09:41:22,0.33
2026-07-26 09:41:35,0.47
2026-07-26 09:43:06,0.08
2026-07-26 09:43:20,0.36
2026-07-26 09:44:46,0.73
2026-07-26 09:44:51,0.53
2026-07-26 09:46:08,0.17
2026-07-26 09:47:06,0.08
2026-07-26 09:48:06,0.39
2026-07-26 09:49:00,0.15
2026-07-26 09:49:32,0.43
2026-07-26 09:50:17,0.32
2026-07-26 09:50:58,0.05
2026-07-26 09:52:09,0.09
2026-07-26 09:52:28,0.46
2026-07-26 09:53:14,0.21
2026-07-26 09:53:59,0.47
2026-07-26 09:55:11,0.17
2026-07-26 09:55:57,0.60
2026-07-26 09:56:51,0.90
2026-07-26 09:57:37,0.39
2026-07-26 09:59:06,0.61
2026-07-26 09:59:34,0.29
2026-07-26 09:59:43,0.51
2026-07-26 10:01:05,0.19
2026-07-26 10:01:41,0.15
2026-07-26 10:02:54,0.67
2026-07-26 10:03:11,0.64
2026-07-26 10:03:52,0.32
2026-07-26 10:04:42,0.39
2026-07-26 10:05:33,0.66
2026-07-26 10:06:30,0.86
2026-07-26 10:07:44,0.35
2026-07-26 10:08:20,0.42
2026-07-26 10:09:10,1.33
2026-07-26 10:09:59,1.25
2026-07-26 10:10:40,0.73
2026-07-26 10:11:49,0.51
2026-07-26 10:12:25,1.06
2026-07-26 10:12:56,1.09
2026-07-26 10:14:22,0.37
2026-07-26 10:14:58,0.55
2026-07-26 10:15:40,0.90
2026-07-26 10:16:25,0.88
2026-07-26 10:17:16,0.22
2026-07-26 10:18:18,0.29
2026-07-26 10:18:54,0.51
2026-07-26 10:19:40,0.28
2026-07-26 10:20:21,0.57
2026-07-26 10:21:11,0.39
2026-07-26 10:22:46,0.07
2026-07-26 10:22:54,0.02
2026-07-26 10:23:22,0.14
2026-07-26 10:25:34,0.16
2026-07-26 10:25:52,-0.04
2026-07-26 10:26:09,0.01
2026-07-26 10:27:22,-0.10
2026-07-26 10:28:16,-0.14
2026-07-26 10:29:20,0.02
2026-07-26 10:29:24,0.05
2026-07-26 10:30:18,-0.13
2026-07-26 10:31:04,-0.08
2026-07-26 10:31:31,0.11
2026-07-26 10:32:49,-0.09
2026-07-26 10:33:33,0.04
2026-07-26 10:34:27,-0.03
2026-07-26 10:35:46,-0.15
2026-07-26 10:36:49,-0.06
2026-07-26 10:37:02,-0.20
2026-07-26 10:38:19,-0.19
2026-07-26 10:38:48,-0.09
2026-07-26 10:39:46,-0.11
2026-07-26 10:40:54,0.06
2026-07-26 10:41:25,-0.09
2026-07-26 10:42:15,0.23
2026-07-26 10:42:43,0.12
2026-07-26 10:43:42,-0.08
2026-07-26 10:44:49,-0.07
2026-07-26 10:45:03,0.05
2026-07-26 10:47:06,0.08
2026-07-26 10:47:20,-0.07
2026-07-26 10:47:51,-0.09
2026-07-26 10:48:54,0.10
2026-07-26 10:49:17,-0.05
2026-07-26 10:49:30,0.12
2026-07-26 10:51:10,-0.03
2026-07-26 10:52:10,0.18
2026-07-26 10:52:31,0.17
2026-07-26 10:53:08,-0.02
2026-07-26 10:54:21,-0.05
2026-07-26 10:54:52,0.28
2026-07-26 10:55:55,0.17
2026-07-26 10:56:40,-0.10
2026-07-26 10:57:27,0.08
2026-07-26 10:59:02,-0.10
2026-07-26 10:59:38,-0.06
2026-07-26 11:00:09,-0.15
2026-07-26 11:00:49,-0.02
2026-07-26 11:01:59,0.15
2026-07-26 11:02:57,-0.08
2026-07-26 11:03:52,0.05
2026-07-26 11:04:37,-0.13
2026-07-26 11:05:18,0.01
2026-07-26 11:05:51,-0.03
2026-07-26 11:06:35,0.09
2026-07-26 11:07:29,0.05
2026-07-26 11:08:33,-0.07
2026-07-26 11:09:50,-0.05
2026-07-26 11:10:00,-0.12
2026-07-26 11:11:25,-0.06
2026-07-26 11:12:56,-0.08
2026-07-26 11:13:29,-0.14
2026-07-26 11:13:59,-0.04
2026-07-26 11:14:36,0.08
2026-07-26 11:16:11,0.07
2026-07-26 11:16:38,-0.06
2026-07-26 11:17:19,-0.01
2026-07-26 11:17:28,-0.08
2026-07-26 11:18:59,-0.09
2026-07-26 11:19:44,0.10
2026-07-26 11:20:38,0.03
2026-07-26 11:21:24,-0.09
2026-07-26 11:22:13,-0.03
2026-07-26 11:22:49,0.08
2026-07-26 11:24:24,0.09
2026-07-26 11:25:24,-0.04
2026-07-26 11:25:33,-0.06
2026-07-26 11:26:58,0.05
2026-07-26 11:27:12,-0.03
2026-07-26 11:28:33,0.11
2026-07-26 11:28:48,0.15
2026-07-26 11:30:19,-0.06
2026-07-26 11:30:27,-0.05
2026-07-26 11:31:08,0.04
2026-07-26 11:32:08,0.03
2026-07-26 11:32:25,0.23
2026-07-26 11:33:47,0.11
2026-07-26 11:35:13,-0.06
2026-07-26 11:35:26,-0.07
2026-07-26 11:36:35,-0.14
2026-07-26 11:37:11,-0.04
2026-07-26 11:37:57,-0.12
2026-07-26 11:38:42,-0.06
2026-07-26 11:39:46,-0.22
2026-07-26 11:40:21,-0.18
2026-07-26 11:40:40,-0.11
2026-07-26 11:42:33,-0.15
2026-07-26 11:43:31,-0.08
2026-07-26 11:43:55,-0.14
2026-07-26 11:44:41,-0.07
2026-07-26 11:46:47,0.04
2026-07-26 11:47:09,0.00
2026-07-26 11:48:31,0.22
2026-07-26 11:49:25,0.40
2026-07-26 11:50:11,0.06
2026-07-26 11:50:15,0.08
2026-07-26 11:50:24,0.20
2026-07-26 11:52:18,0.07
2026-07-26 11:52:32,0.26
2026-07-26 11:54:10,0.10
2026-07-26 11:54:47,0.30
2026-07-26 11:55:14,0.11
2026-07-26 11:56:14,0.39
2026-07-26 11:57:22,0.24
2026-07-26 11:58:24,0.04
2026-07-26 11:58:30,0.06
2026-07-26 11:59:46,-0.03
2026-07-26 12:00:45,-0.08
2026-07-26 12:02:25,0.00
2026-07-26 12:02:56,-0.07
2026-07-26 12:03:29,-0.03
2026-07-26 12:03:56,0.04
2026-07-26 12:05:21,-0.04
2026-07-26 12:06:38,0.03
2026-07-26 12:06:52,-0.02
2026-07-26 12:08:23,0.08
2026-07-26 12:08:28,0.06
2026-07-26 12:09:40,0.22
2026-07-26 12:10:30,0.24
2026-07-26 12:10:58,0.05
2026-07-26 12:11:44,0.04
2026-07-26 12:12:51,0.14
2026-07-26 12:13:46,0.12
2026-07-26 12:14:30,0.00
2026-07-26 12:15:16,0.06
2026-07-26 12:15:20,0.18
2026-07-26 12:16:47,0.05
2026-07-26 12:17:08,0.44
2026-07-26 12:18:21,0.15
2026-07-26 12:18:25,0.03
2026-07-26 12:20:06,0.05
2026-07-26 12:21:13,-0.08
2026-07-26 12:22:08,-0.03
2026-07-26 12:22:26,-0.11
2026-07-26 12:23:17,-0.10
2026-07-26 12:23:44,-0.03
2026-07-26 12:25:09,-0.11
2026-07-26 12:26:03,-0.04
2026-07-26 12:27:26,-0.11
2026-07-26 12:27:57,-0.03
2026-07-26 12:28:25,-0.09
2026-07-26 12:29:50,0.15
2026-07-26 12:30:28,0.41
2026-07-26 12:31:17,0.05
2026-07-26 12:31:30,0.08
2026-07-26 12:32:38,0.31
2026-07-26 12:33:10,0.15
2026-07-26 12:34:37,0.33
2026-07-26 12:34:54,0.37
2026-07-26 12:35:48,0.81
2026-07-26 12:36:39,0.59
2026-07-26 12:37:24,1.25
2026-07-26 12:38:50,1.33
2026-07-26 12:39:31,0.79
2026-07-26 12:39:53,1.03
2026-07-26 12:41:01,0.42
2026-07-26 12:41:37,0.62
2026-07-26 12:42:09,0.32
2026-07-26 12:43:09,0.37
2026-07-26 12:44:03,0.60
2026-07-26 12:45:38,0.58
2026-07-26 12:46:18,0.35
2026-07-26 12:47:05,0.15
2026-07-26 12:47:59,0.43
2026-07-26 12:48:03,0.39
2026-07-26 12:49:24,0.91
2026-07-26 12:49:53,0.83
2026-07-26 12:50:51,0.52
2026-07-26 12:51:41,1.02
2026-07-26 12:52:49,0.46
2026-07-26 12:52:57,0.48
2026-07-26 12:53:35,0.69
2026-07-26 12:54:37,0.73
2026-07-26 12:56:12,1.80
2026-07-26 12:56:17,1.95
2026-07-26 12:57:31,2.63
2026-07-26 12:58:11,1.88
2026-07-26 12:58:33,2.59
2026-07-26 12:59:37,2.43
2026-07-26 13:00:48,3.83
2026-07-26 13:01:30,3.20
2026-07-26 13:02:47,1.45
2026-07-26 13:02:51,1.30
2026-07-26 13:04:03,0.96
2026-07-26 13:04:36,1.50
2026-07-26 13:05:26,0.72
2026-07-26 13:06:11,0.89
2026-07-26 13:07:45,1.94
2026-07-26 13:07:55,1.78
2026-07-26 13:09:04,2.58
2026-07-26 13:09:31,2.01
2026-07-26 13:11:01,0.43
2026-07-26 13:11:28,0.35
2026-07-26 13:12:22,0.56
2026-07-26 13:13:08,0.46
2026-07-26 13:14:21,0.19
2026-07-26 13:14:25,0.18
2026-07-26 13:15:19,0.32
2026-07-26 13:16:14,0.18
2026-07-26 13:16:27,0.26
2026-07-26 13:17:49,0.12
2026-07-26 13:18:38,0.26
2026-07-26 13:19:24,0.18
2026-07-26 13:20:59,0.04
2026-07-26 13:21:05,0.05
2026-07-26 13:22:30,-0.03
2026-07-26 13:22:44,-0.01
2026-07-26 13:23:24,0.05
2026-07-26 13:24:38,0.04
2026-07-26 13:25:32,-0.03
2026-07-26 13:26:13,-0.04
2026-07-26 13:26:17,0.02
2026-07-26 13:28:05,0.14
2026-07-26 13:28:37,-0.15
2026-07-26 13:29:50,-0.10
2026-07-26 13:31:43,-0.09
2026-07-26 13:32:29,-0.18
2026-07-26 13:33:41,-0.16
2026-07-26 13:33:54,-0.11
2026-07-26 13:34:27,-0.15
2026-07-26 13:34:48,-0.09
2026-07-26 13:36:21,-0.16
2026-07-26 13:37:01,-0.09
2026-07-26 13:37:32,-0.11
2026-07-26 13:37:55,-0.15
2026-07-26 13:39:49,-0.10
2026-07-26 13:40:38,-0.17
2026-07-26 13:41:05,-0.15
2026-07-26 13:41:19,-0.11
2026-07-26 13:42:32,-0.14
2026-07-26 13:43:52,-0.07
2026-07-26 13:44:39,-0.15
2026-07-26 13:44:43,-0.08
2026-07-26 13:46:14,-0.03
2026-07-26 13:46:41,-0.15
2026-07-26 13:47:44,-0.16
2026-07-26 13:48:34,-0.08
2026-07-26 13:49:15,-0.11
2026-07-26 13:49:23,-0.14
2026-07-26 13:51:04,-0.16
2026-07-26 13:52:07,-0.10
2026-07-26 13:52:34,-0.09
2026-07-26 13:53:15,-0.15
2026-07-26 13:54:27,-0.08
2026-07-26 13:55:39,-0.14
2026-07-26 13:55:53,-0.09
2026-07-26 13:57:33,-0.14
2026-07-26 13:58:22,-0.07
2026-07-26 13:59:08,-0.13
2026-07-26 13:59:40,-0.09
2026-07-26 14:01:06,-0.08
2026-07-26 14:02:05,-0.13
2026-07-26 14:03:04,-0.09
2026-07-26 14:04:30,-0.03
2026-07-26 14:05:29,-0.11
2026-07-26 14:05:38,-0.08
2026-07-26 14:07:00,-0.14
2026-07-26 14:07:26,-0.09
2026-07-26 14:07:45,-0.14
2026-07-26 14:08:53,-0.13
2026-07-26 14:09:38,-0.08
2026-07-26 14:10:37,-0.14
2026-07-26 14:11:27,-0.10
2026-07-26 14:13:02,-0.09
2026-07-26 14:13:07,-0.15
2026-07-26 14:14:10,-0.14
2026-07-26 14:15:04,-0.05
2026-07-26 14:16:08,-0.07
2026-07-26 14:16:17,-0.15
2026-07-26 14:17:06,-0.07
2026-07-26 14:17:47,-0.17
2026-07-26 14:19:05,-0.18
2026-07-26 14:19:54,-0.08
2026-07-26 14:20:31,-0.12
2026-07-26 14:21:15,-0.07
2026-07-26 14:22:34,0.00
2026-07-26 14:23:33,-0.09
2026-07-26 14:23:59,-0.13
2026-07-26 14:25:12,-0.04
2026-07-26 14:25:39,-0.06
2026-07-26 14:26:11,-0.12
2026-07-26 14:27:10,-0.04
2026-07-26 14:27:46,-0.13
2026-07-26 14:28:53,-0.11
2026-07-26 14:29:12,-0.04
2026-07-26 14:30:20,-0.05
2026-07-26 14:31:24,-0.12
2026-07-26 14:32:00,-0.10
2026-07-26 14:33:26,-0.06
2026-07-26 14:34:48,-0.11
2026-07-26 14:35:19,-0.08
2026-07-26 14:36:31,-0.14
2026-07-26 14:37:17,-0.11
2026-07-26 14:37:36,-0.08
2026-07-26 14:38:38,-0.11
2026-07-26 14:39:46,-0.07
2026-07-26 14:40:18,-0.02
2026-07-26 14:41:45,-0.12
2026-07-26 14:42:30,-0.06
2026-07-26 14:42:53,-0.12
2026-07-26 14:43:38,-0.05
2026-07-26 14:44:15,-0.11
2026-07-26 14:45:18,-0.05
2026-07-26 14:45:54,-0.11
2026-07-26 14:47:56,-0.12
2026-07-26 14:48:24,-0.04
2026-07-26 14:49:31,-0.11
2026-07-26 14:49:44,-0.03
2026-07-26 14:50:08,-0.02
2026-07-26 14:50:25,-0.11
2026-07-26 14:52:19,0.02
2026-07-26 14:52:37,-0.09
2026-07-26 14:54:54,0.00
2026-07-26 14:56:23,0.01
2026-07-26 14:56:33,-0.09
2026-07-26 14:57:37,-0.02
2026-07-26 14:58:22,0.02
2026-07-26 14:59:11,-0.09
2026-07-26 15:01:14,-0.03
2026-07-26 15:01:27,-0.11
2026-07-26 15:02:18,-0.02
2026-07-26 15:02:31,-0.10
2026-07-26 15:03:53,-0.14
2026-07-26 15:03:57,-0.02
2026-07-26 15:06:13,-0.04
2026-07-26 15:06:27,-0.13
2026-07-26 15:07:53,-0.04
2026-07-26 15:08:10,-0.13
2026-07-26 15:08:29,-0.04
2026-07-26 15:08:39,-0.14
2026-07-26 15:10:17,-0.11
2026-07-26 15:10:31,-0.02
2026-07-26 15:11:35,-0.13
2026-07-26 15:12:30,-0.04
2026-07-26 15:13:19,-0.10
2026-07-26 15:14:50,-0.03
2026-07-26 15:15:31,-0.08
2026-07-26 15:16:26,0.01
2026-07-26 15:18:08,-0.10
2026-07-26 15:18:28,-0.04
2026-07-26 15:19:08,-0.10
2026-07-26 15:20:22,-0.03
2026-07-26 15:20:56,-0.11
2026-07-26 15:22:58,0.06
2026-07-26 15:23:13,0.04
2026-07-26 15:24:12,-0.10
2026-07-26 15:26:05,0.12
2026-07-26 15:26:14,-0.21
2026-07-26 15:26:41,-0.16
2026-07-26 15:27:59,0.18
2026-07-26 15:28:21,0.10
2026-07-26 15:28:40,0.42
2026-07-26 15:29:52,-0.07
2026-07-26 15:30:50,0.38
2026-07-26 15:31:41,0.08
2026-07-26 15:32:36,0.25
2026-07-26 15:33:03,0.29
2026-07-26 15:33:34,0.65
2026-07-26 15:34:42,0.42
2026-07-26 15:36:04,0.01
2026-07-26 15:36:36,0.07
2026-07-26 15:37:25,-0.03
2026-07-26 15:37:57,0.05
2026-07-26 15:38:24,-0.03
2026-07-26 15:39:41,0.00
2026-07-26 15:40:54,0.10
2026-07-26 15:42:29,-0.03
2026-07-26 15:42:51,0.10
2026-07-26 15:43:15,0.06
2026-07-26 15:44:31,0.30
2026-07-26 15:44:41,0.28
2026-07-26 15:45:31,0.49
2026-07-26 15:47:06,0.40
2026-07-26 15:47:33,0.64
2026-07-26 15:47:51,0.58
2026-07-26 15:49:21,0.80
2026-07-26 15:49:31,0.77
2026-07-26 15:50:12,0.45
2026-07-26 15:51:15,0.64
2026-07-26 15:52:32,0.40
2026-07-26 15:52:55,0.38
2026-07-26 15:53:40,0.57
2026-07-26 15:54:40,0.62
2026-07-26 15:55:52,0.36
2026-07-26 15:57:27,0.33
2026-07-26 15:57:36,0.52
2026-07-26 15:57:46,0.45
2026-07-26 15:58:12,0.23
2026-07-26 15:59:39,0.26
2026-07-26 16:00:10,0.42
2026-07-26 16:01:08,0.33
2026-07-26 16:02:27,0.18
2026-07-26 16:02:45,0.22
2026-07-26 16:03:48,0.10
2026-07-26 16:05:14,0.06
2026-07-26 16:05:37,0.16
2026-07-26 16:06:23,0.15
2026-07-26 16:07:35,0.04
2026-07-26 16:08:38,0.14
2026-07-26 16:09:09,0.00
2026-07-26 16:10:19,-0.03
2026-07-26 16:10:45,0.16
2026-07-26 16:11:08,0.05
2026-07-26 16:11:34,0.22
2026-07-26 16:13:23,0.25
2026-07-26 16:13:32,0.02
2026-07-26 16:14:28,0.13
2026-07-26 16:15:53,0.74
2026-07-26 16:16:20,0.68
2026-07-26 16:17:05,0.98
2026-07-26 16:17:51,0.81
2026-07-26 16:19:04,1.58
2026-07-26 16:19:12,1.40
2026-07-26 16:20:43,0.95
2026-07-26 16:21:20,1.42
2026-07-26 16:22:27,0.84
2026-07-26 16:22:32,0.97
2026-07-26 16:24:08,1.28
2026-07-26 16:24:29,1.64
2026-07-26 16:25:43,1.21
2026-07-26 16:25:48,1.17
2026-07-26 16:26:28,0.83
2026-07-26 16:28:03,0.94
2026-07-26 16:28:58,0.72
2026-07-26 16:29:25,0.64
2026-07-26 16:30:42,0.84
2026-07-26 16:30:59,0.74
2026-07-26 16:32:16,0.96
2026-07-26 16:32:26,1.01
2026-07-26 16:33:12,0.73
2026-07-26 16:34:15,0.87
2026-07-26 16:35:36,0.49
2026-07-26 16:36:17,0.59
2026-07-26 16:37:08,0.39
2026-07-26 16:37:35,0.44
2026-07-26 16:38:37,0.14
2026-07-26 16:39:14,0.37
2026-07-26 16:40:18,0.15
2026-07-26 16:41:04,0.22
2026-07-26 16:42:02,0.49
2026-07-26 16:42:20,0.41
2026-07-26 16:43:10,0.17
2026-07-26 16:44:00,0.20
2026-07-26 16:44:46,0.14
2026-07-26 16:46:07,0.15
2026-07-26 16:47:10,0.25
2026-07-26 16:47:33,0.33
2026-07-26 16:48:42,0.16
2026-07-26 16:49:40,0.11
2026-07-26 16:50:25,0.24
2026-07-26 16:50:39,0.26
2026-07-26 16:51:46,0.09
2026-07-26 16:52:19,0.14
2026-07-26 16:53:36,0.02
2026-07-26 16:54:07,-0.03
2026-07-26 16:55:06,0.05
2026-07-26 16:56:09,0.03
2026-07-26 16:56:41,-0.05
2026-07-26 16:57:22,-0.06
2026-07-26 16:57:49,-0.01
2026-07-26 16:59:07,-0.09
2026-07-26 16:59:38,-0.02
2026-07-26 17:00:42,-0.03
2026-07-26 17:01:37,-0.08
2026-07-26 17:02:08,-0.09
2026-07-26 17:03:29,-0.02
2026-07-26 17:03:52,-0.09
2026-07-26 17:04:38,-0.01
2026-07-26 17:06:00,-0.03
2026-07-26 17:06:17,-0.11
2026-07-26 17:07:21,-0.04
2026-07-26 17:07:29,-0.11
2026-07-26 17:09:19,-0.04
2026-07-26 17:10:36,-0.13
2026-07-26 17:11:53,-0.02
2026-07-26 17:12:43,-0.11
2026-07-26 17:13:14,0.00
2026-07-26 17:14:22,0.01
2026-07-26 17:14:26,-0.10
2026-07-26 17:15:20,-0.09
2026-07-26 17:15:58,-0.05
2026-07-26 17:18:31,-0.13
2026-07-26 17:19:49,-0.12
2026-07-26 17:19:58,-0.03
2026-07-26 17:20:52,-0.12
2026-07-26 17:21:28,-0.03
2026-07-26 17:22:58,-0.12
2026-07-26 17:23:31,-0.02
2026-07-26 17:24:57,-0.09
2026-07-26 17:25:01,-0.03
2026-07-26 17:25:28,-0.11
2026-07-26 17:25:42,-0.04
2026-07-26 17:27:59,-0.02
2026-07-26 17:28:20,-0.12
2026-07-26 17:28:33,-0.03
2026-07-26 17:29:14,-0.11
2026-07-26 17:30:09,-0.10
2026-07-26 17:31:13,0.01
2026-07-26 17:33:10,-0.13
2026-07-26 17:33:29,-0.02
2026-07-26 17:34:41,-0.11
2026-07-26 17:35:27,-0.03
2026-07-26 17:37:11,-0.12
2026-07-26 17:37:39,-0.02
2026-07-26 17:38:27,-0.11
2026-07-26 17:38:51,-0.04
2026-07-26 17:40:21,-0.11
2026-07-26 17:40:53,-0.03
2026-07-26 17:41:48,-0.07
2026-07-26 17:42:51,-0.11
2026-07-26 17:44:21,-0.05
2026-07-26 17:44:30,-0.12
2026-07-26 17:45:10,-0.05
2026-07-26 17:45:43,-0.15
2026-07-26 17:48:12,0.00
2026-07-26 17:48:35,-0.07
2026-07-26 17:49:25,0.09
2026-07-26 17:50:06,0.06
2026-07-26 17:51:27,-0.05
2026-07-26 17:52:48,-0.19
2026-07-26 17:53:07,0.07
2026-07-26 17:53:16,-0.09
2026-07-26 17:54:42,0.13
2026-07-26 17:55:09,0.11
2026-07-26 17:55:46,0.25
2026-07-26 17:56:53,0.15
2026-07-26 17:58:02,0.54
2026-07-26 17:58:51,0.27
2026-07-26 17:59:45,0.73
2026-07-26 17:59:51,0.62
2026-07-26 18:00:40,0.93
2026-07-26 18:01:30,0.83
2026-07-26 18:02:43,1.22
2026-07-26 18:03:33,1.05
2026-07-26 18:04:09,1.34
2026-07-26 18:04:59,1.45
2026-07-26 18:06:16,0.84
2026-07-26 18:06:29,1.00
2026-07-26 18:08:00,2.12
2026-07-26 18:08:40,2.76
2026-07-26 18:09:21,1.84
2026-07-26 18:09:49,2.44
2026-07-26 18:11:02,4.31
2026-07-26 18:12:05,4.74
2026-07-26 18:12:45,3.75
2026-07-26 18:13:46,2.91
2026-07-26 18:14:39,4.57
2026-07-26 18:15:07,4.80
2026-07-26 18:16:18,3.91
2026-07-26 18:17:03,4.20
2026-07-26 18:17:41,3.12
2026-07-26 18:18:35,3.03
2026-07-26 18:19:06,3.94
2026-07-26 18:19:47,3.78
2026-07-26 18:20:55,4.82
2026-07-26 18:21:58,4.57
2026-07-26 18:22:21,3.78
2026-07-26 18:22:58,4.12
2026-07-26 18:24:32,6.65
2026-07-26 18:24:41,7.44
2026-07-26 18:26:07,5.60
2026-07-26 18:26:17,5.44
2026-07-26 18:27:24,3.46
2026-07-26 18:27:29,3.51
2026-07-26 18:27:34,3.33
2026-07-26 18:27:38,3.25
2026-07-26 18:27:52,2.73
2026-07-26 18:27:56,2.58
2026-07-26 18:28:51,1.97
2026-07-26 18:29:36,1.84
2026-07-26 18:30:26,1.05
2026-07-26 18:31:34,1.13
2026-07-26 18:32:18,0.66
2026-07-26 18:32:51,0.83
2026-07-26 18:33:32,0.54
2026-07-26 18:35:20,0.64
2026-07-26 18:36:01,0.31
2026-07-26 18:36:10,0.32
2026-07-26 18:37:46,0.08
2026-07-26 18:37:50,0.14
2026-07-26 18:38:54,0.01
2026-07-26 18:39:39,0.07
2026-07-26 18:41:05,-0.11
2026-07-26 18:41:09,-0.08
2026-07-26 18:42:09,-0.13
2026-07-26 18:43:25,-0.15
2026-07-26 18:44:21,-0.08
2026-07-26 18:44:25,-0.09
2026-07-26 18:45:51,-0.15
2026-07-26 18:46:36,-0.11
2026-07-26 18:47:12,-0.16
2026-07-26 18:48:30,-0.11
2026-07-26 18:48:52,-0.17
2026-07-26 18:50:14,-0.12
2026-07-26 18:50:36,-0.18
2026-07-26 18:51:03,-0.19
2026-07-26 18:52:03,-0.13
2026-07-26 18:53:38,-0.20
2026-07-26 18:54:42,-0.19
2026-07-26 18:55:22,-0.14
2026-07-26 18:56:04,-0.12
2026-07-26 18:56:58,-0.18
2026-07-26 18:57:56,-0.19
2026-07-26 18:58:41,-0.14
2026-07-26 19:00:40,-0.19
2026-07-26 19:01:15,-0.14
2026-07-26 19:01:20,-0.18
2026-07-26 19:03:13,-0.14
2026-07-26 19:04:16,-0.18
2026-07-26 19:05:30,-0.13
2026-07-26 19:06:55,-0.19
2026-07-26 19:07:51,-0.14
2026-07-26 19:08:22,-0.19
2026-07-26 19:09:12,-0.15
2026-07-26 19:10:47,-0.23
2026-07-26 19:11:24,-0.20
2026-07-26 19:12:14,-0.14
2026-07-26 19:13:26,-0.23
2026-07-26 19:13:56,-0.13
2026-07-26 19:14:51,-0.22
2026-07-26 19:15:46,-0.17
2026-07-26 19:16:18,-0.21
2026-07-26 19:17:25,-0.24
2026-07-26 19:17:48,-0.14
2026-07-26 19:20:27,-0.24
2026-07-26 19:20:53,-0.22
2026-07-26 19:21:04,-0.17
2026-07-26 19:22:29,-0.16
2026-07-26 19:22:48,-0.21
2026-07-26 19:24:14,-0.22
2026-07-26 19:24:18,-0.16
2026-07-26 19:26:57,-0.23
2026-07-26 19:28:23,-0.22
2026-07-26 19:28:27,-0.17
2026-07-26 19:30:30,-0.14
2026-07-26 19:30:35,-0.23
2026-07-26 19:31:11,-0.22
2026-07-26 19:32:14,-0.13
2026-07-26 19:32:51,-0.15
2026-07-26 19:33:08,-0.22
2026-07-26 19:33:58,-0.24
2026-07-26 19:35:29,-0.14
2026-07-26 19:35:35,-0.22
2026-07-26 19:36:16,-0.13
2026-07-26 19:38:40,-0.22
2026-07-26 19:40:25,-0.24
2026-07-26 19:40:29,-0.14
2026-07-26 19:41:14,-0.24
2026-07-26 19:41:46,-0.13
2026-07-26 19:42:09,-0.21
2026-07-26 19:42:26,-0.17
2026-07-26 19:44:20,-0.21
2026-07-26 19:44:43,-0.15
2026-07-26 19:46:14,-0.22
2026-07-26 19:47:08,-0.21
2026-07-26 19:47:16,-0.15
2026-07-26 19:49:10,-0.20
2026-07-26 19:50:19,-0.11
2026-07-26 19:51:26,-0.21
2026-07-26 19:52:06,-0.14
2026-07-26 19:52:12,-0.20
2026-07-26 19:53:52,-0.14
2026-07-26 19:55:13,-0.22
2026-07-26 19:56:02,-0.21
2026-07-26 19:56:48,-0.15
2026-07-26 19:57:06,-0.17
2026-07-26 19:58:15,-0.21
2026-07-26 19:58:50,-0.15
2026-07-26 20:01:25,-0.22
2026-07-26 20:01:43,-0.17
2026-07-26 20:03:09,-0.23
2026-07-26 20:04:44,-0.15
2026-07-26 20:04:49,-0.22
2026-07-26 20:05:26,-0.25
2026-07-26 20:05:53,-0.18
2026-07-26 20:07:09,-0.20
2026-07-26 20:08:31,-0.14
2026-07-26 20:08:40,-0.12
2026-07-26 20:09:21,-0.21
2026-07-26 20:10:29,-0.15
2026-07-26 20:11:23,-0.22
2026-07-26 20:12:12,-0.16
2026-07-26 20:12:22,-0.22
2026-07-26 20:14:26,-0.14
2026-07-26 20:14:43,-0.23
2026-07-26 20:15:20,-0.15
2026-07-26 20:15:55,-0.21
2026-07-26 20:17:48,-0.14
2026-07-26 20:18:39,-0.22
2026-07-26 20:19:23,-0.14
2026-07-26 20:21:09,-0.20
2026-07-26 20:21:49,-0.15
2026-07-26 20:21:57,-0.20
2026-07-26 20:24:10,-0.16
2026-07-26 20:26:13,-0.14
2026-07-26 20:26:26,-0.21
2026-07-26 20:26:48,-0.12
2026-07-26 20:27:24,-0.24
2026-07-26 20:28:41,-0.14
2026-07-26 20:28:55,-0.24
2026-07-26 20:30:35,-0.26
2026-07-26 20:30:52,-0.11
2026-07-26 20:32:10,-0.09
2026-07-26 20:33:00,-0.20
2026-07-26 20:34:08,-0.27
2026-07-26 20:34:44,-0.13
2026-07-26 20:34:58,-0.22
2026-07-26 20:35:58,-0.15
2026-07-26 20:37:13,-0.22
2026-07-26 20:37:19,-0.15
2026-07-26 20:38:34,-0.22
2026-07-26 20:39:11,-0.12
2026-07-26 20:40:48,-0.22
2026-07-26 20:41:09,-0.11
2026-07-26 20:41:59,-0.12
2026-07-26 20:42:50,-0.21
2026-07-26 20:44:06,-0.22
2026-07-26 20:44:38,-0.10
2026-07-26 20:44:51,-0.12
2026-07-26 20:46:12,-0.24
2026-07-26 20:46:53,-0.14
2026-07-26 20:48:16,-0.21
2026-07-26 20:49:41,-0.16
2026-07-26 20:50:32,-0.21
2026-07-26 20:51:02,-0.15
2026-07-26 20:51:48,-0.21
2026-07-26 20:52:21,-0.14
2026-07-26 20:53:20,-0.23
2026-07-26 20:53:42,-0.14
2026-07-26 20:55:17,-0.16
2026-07-26 20:55:53,-0.23
2026-07-26 20:56:38,-0.14
2026-07-26 20:57:59,-0.25
2026-07-26 20:58:05,-0.23
2026-07-26 20:59:12,-0.13
2026-07-26 20:59:53,-0.22
2026-07-26 20:59:58,-0.14
2026-07-26 21:02:14,-0.23
2026-07-26 21:02:45,-0.13
2026-07-26 21:03:09,-0.20
2026-07-26 21:04:52,-0.14
2026-07-26 21:05:43,-0.20
2026-07-26 21:07:10,-0.13
2026-07-26 21:08:08,-0.14
2026-07-26 21:08:39,-0.21
2026-07-26 21:11:00,-0.20
2026-07-26 21:11:09,-0.13
2026-07-26 21:11:45,-0.14
2026-07-26 21:12:26,-0.22
2026-07-26 21:12:54,-0.13
2026-07-26 21:13:07,-0.20
2026-07-26 21:15:33,-0.14
2026-07-26 21:16:09,-0.23
2026-07-26 21:16:22,-0.21
2026-07-26 21:17:20,-0.13
2026-07-26 21:18:29,-0.12
2026-07-26 21:19:27,-0.21
2026-07-26 21:20:08,-0.20
2026-07-26 21:20:40,-0.10
2026-07-26 21:21:16,-0.20
2026-07-26 21:22:30,-0.11
2026-07-26 21:22:56,-0.18
2026-07-26 21:23:47,-0.13
2026-07-26 21:24:49,-0.19
2026-07-26 21:27:10,-0.11
2026-07-26 21:27:33,-0.23
2026-07-26 21:28:18,-0.11
2026-07-26 21:28:45,-0.21
2026-07-26 21:29:39,-0.18
2026-07-26 21:29:53,-0.07
2026-07-26 21:32:32,-0.19
2026-07-26 21:32:46,-0.08
2026-07-26 21:34:03,-0.19
2026-07-26 21:34:43,-0.09
2026-07-26 21:35:55,-0.19
2026-07-26 21:37:13,-0.27
2026-07-26 21:37:22,-0.12
2026-07-26 21:37:54,-0.18
2026-07-26 21:38:57,-0.05
2026-07-26 21:40:01,-0.08
2026-07-26 21:40:50,-0.19
2026-07-26 21:41:40,-0.20
2026-07-26 21:42:12,-0.13
2026-07-26 21:42:49,-0.12
2026-07-26 21:43:53,-0.20
2026-07-26 21:44:27,-0.19
2026-07-26 21:44:33,-0.14
2026-07-26 21:45:54,-0.20
2026-07-26 21:47:07,-0.12
2026-07-26 21:48:51,-0.13
2026-07-26 21:48:56,-0.20
2026-07-26 21:50:09,-0.23
2026-07-26 21:50:17,-0.13
2026-07-26 21:51:35,-0.22
2026-07-26 21:51:39,-0.14
2026-07-26 21:53:28,-0.12
2026-07-26 21:53:51,-0.25
2026-07-26 21:54:12,-0.21
2026-07-26 21:54:27,-0.14
2026-07-26 21:55:48,-0.20
2026-07-26 21:57:11,-0.07
2026-07-26 21:58:01,-0.22
2026-07-26 21:58:05,-0.12
2026-07-26 21:59:30,-0.13
2026-07-26 21:59:58,-0.21
2026-07-26 22:00:52,-0.13
2026-07-26 22:01:37,-0.22
2026-07-26 22:02:45,-0.20
2026-07-26 22:03:26,-0.13
2026-07-26 22:04:12,-0.11
2026-07-26 22:04:44,-0.22
2026-07-26 22:06:10,-0.12
2026-07-26 22:08:54,-0.21
2026-07-26 22:09:28,-0.15
2026-07-26 22:10:01,-0.22
2026-07-26 22:10:42,-0.12
2026-07-26 22:10:56,-0.22
2026-07-26 22:13:25,-0.12
2026-07-26 22:13:30,-0.25
2026-07-26 22:14:29,-0.20
2026-07-26 22:15:23,-0.08
2026-07-26 22:15:59,-0.23
2026-07-26 22:16:26,-0.09
2026-07-26 22:17:17,-0.24
2026-07-26 22:17:53,-0.15
2026-07-26 22:19:00,-0.22
2026-07-26 22:19:45,-0.16
2026-07-26 22:20:59,-0.21
2026-07-26 22:21:48,-0.14
2026-07-26 22:22:29,-0.21
2026-07-26 22:22:47,-0.14
2026-07-26 22:23:51,-0.19
2026-07-26 22:24:50,-0.11
2026-07-26 22:25:31,-0.21
2026-07-26 22:26:33,-0.12
2026-07-26 22:28:13,-0.20
2026-07-26 22:28:32,-0.11
2026-07-26 22:29:21,-0.12
2026-07-26 22:29:30,-0.20
2026-07-26 22:31:02,-0.18
2026-07-26 22:31:38,-0.13
2026-07-26 22:32:32,-0.19
2026-07-26 22:33:22,-0.10
2026-07-26 22:34:07,-0.19
2026-07-26 22:35:15,-0.11
2026-07-26 22:35:34,-0.21
2026-07-26 22:36:10,-0.13
2026-07-26 22:37:08,-0.14
2026-07-26 22:37:31,-0.21
2026-07-26 22:39:19,-0.12
2026-07-26 22:39:33,-0.22
2026-07-26 22:41:21,-0.07
2026-07-26 22:41:36,-0.21
2026-07-26 22:42:16,-0.09
2026-07-26 22:42:39,-0.21
2026-07-26 22:44:46,-0.18
2026-07-26 22:45:09,-0.11
2026-07-26 22:46:44,-0.21
2026-07-26 22:47:07,-0.13
2026-07-26 22:47:52,-0.18
2026-07-26 22:48:59,-0.21
2026-07-26 22:49:27,-0.13
2026-07-26 22:51:17,-0.07
2026-07-26 22:51:47,-0.19
2026-07-26 22:53:28,-0.09
2026-07-26 22:53:45,-0.19
2026-07-26 22:54:59,-0.09
2026-07-26 22:55:12,-0.11
2026-07-26 22:55:22,-0.17
2026-07-26 22:57:09,-0.11
2026-07-26 22:58:22,-0.19
2026-07-26 22:58:55,-0.17
2026-07-26 22:59:31,-0.10
2026-07-26 23:00:29,-0.11
2026-07-26 23:00:56,-0.17
2026-07-26 23:02:32,-0.11
2026-07-26 23:03:26,-0.19
2026-07-26 23:03:30,-0.16
2026-07-26 23:04:07,-0.12
2026-07-26 23:05:10,-0.13
2026-07-26 23:05:46,-0.18
2026-07-26 23:06:55,-0.11
2026-07-26 23:07:22,-0.18
2026-07-26 23:09:24,-0.03
2026-07-26 23:10:23,-0.18
2026-07-26 23:11:26,-0.11
2026-07-26 23:12:29,-0.24
2026-07-26 23:12:43,-0.10
2026-07-26 23:13:37,-0.19
2026-07-26 23:14:32,-0.11
2026-07-26 23:15:04,-0.09
2026-07-26 23:15:13,-0.18
2026-07-26 23:17:10,-0.12
2026-07-26 23:17:52,-0.18
2026-07-26 23:18:37,-0.12
2026-07-26 23:19:45,-0.18
2026-07-26 23:20:21,-0.11
2026-07-26 23:20:58,-0.18
2026-07-26 23:22:19,-0.12
2026-07-26 23:22:38,-0.21
2026-07-26 23:23:50,-0.18
2026-07-26 23:24:03,-0.06
2026-07-26 23:25:43,-0.09
2026-07-26 23:26:19,-0.21
2026-07-26 23:27:04,-0.18
2026-07-26 23:27:31,-0.06
2026-07-26 23:28:29,-0.17
2026-07-26 23:29:35,-0.09
2026-07-26 23:30:06,-0.17
2026-07-26 23:31:13,-0.09
2026-07-26 23:32:39,-0.18
2026-07-26 23:32:45,-0.11
2026-07-26 23:33:44,-0.10
2026-07-26 23:34:11,-0.18
2026-07-26 23:35:09,-0.10
2026-07-26 23:36:18,-0.17
2026-07-26 23:36:27,-0.18
2026-07-26 23:37:44,-0.10
2026-07-26 23:38:15,-0.09
2026-07-26 23:39:15,-0.17
2026-07-26 23:40:36,-0.08
2026-07-26 23:42:07,-0.09
2026-07-26 23:42:11,-0.18
2026-07-26 23:43:15,-0.08
2026-07-26 23:44:18,-0.18
2026-07-26 23:45:12,-0.05
2026-07-26 23:46:20,-0.18
2026-07-26 23:47:33,0.00
2026-07-26 23:47:46,-0.20
2026-07-26 23:48:09,-0.07
2026-07-26 23:49:27,-0.19
2026-07-26 23:49:41,-0.18
2026-07-26 23:50:02,-0.06
2026-07-26 23:51:19,-0.05
2026-07-26 23:52:10,-0.24
2026-07-26 23:53:17,-0.07
2026-07-26 23:54:03,-0.22
2026-07-26 23:55:15,-0.06
2026-07-26 23:55:24,-0.24
2026-07-26 23:56:29,-0.02
2026-07-26 23:57:40,-0.24
2026-07-26 23:59:07,-0.03
2026-07-26 23:59:16,-0.19
2026-07-27 00:00:01,-0.06
2026-07-27 00:01:05,-0.20
2026-07-27 00:01:41,0.00
2026-07-27 00:02:13,-0.20
2026-07-27 00:03:21,-0.18
2026-07-27 00:03:43,0.04
2026-07-27 00:05:05,0.00
2026-07-27 00:05:18,-0.18
2026-07-27 00:07:12,0.06
2026-07-27 00:07:53,0.04
2026-07-27 00:08:29,-0.15
2026-07-27 00:10:55,0.22
2026-07-27 00:11:49,0.09
2026-07-27 00:12:21,-0.10
2026-07-27 00:12:56,-0.09
2026-07-27 00:14:23,0.37
2026-07-27 00:14:54,0.70
2026-07-27 00:15:44,0.09
2026-07-27 00:16:03,-0.06
2026-07-27 00:16:48,0.33
2026-07-27 00:17:52,-0.03
2026-07-27 00:19:18,0.44
2026-07-27 00:19:36,0.33
2026-07-27 00:20:48,0.83
2026-07-27 00:21:02,0.72
2026-07-27 00:22:10,-0.01
2026-07-27 00:22:50,0.07
2026-07-27 00:23:55,-0.14
2026-07-27 00:24:53,0.00
2026-07-27 00:26:32,0.18
2026-07-27 00:27:32,-0.07
2026-07-27 00:28:12,0.05
2026-07-27 00:28:59,-0.17
2026-07-27 00:29:16,-0.16
2026-07-27 00:29:25,0.01
2026-07-27 00:31:00,-0.02
2026-07-27 00:32:08,-0.14
2026-07-27 00:33:21,-0.13
2026-07-27 00:33:49,0.09
2026-07-27 00:34:20,0.04
2026-07-27 00:35:46,-0.10
2026-07-27 00:35:56,0.03
2026-07-27 00:37:22,-0.12
2026-07-27 00:37:58,-0.15
2026-07-27 00:38:29,0.05
2026-07-27 00:39:19,-0.01
2026-07-27 00:40:27,-0.23
2026-07-27 00:40:55,-0.21
2026-07-27 00:41:35,-0.01
2026-07-27 00:43:28,-0.04
2026-07-27 00:43:38,-0.19
2026-07-27 00:45:09,-0.04
2026-07-27 00:45:26,-0.18
2026-07-27 00:46:03,-0.17
2026-07-27 00:46:57,-0.07
2026-07-27 00:47:34,-0.17
2026-07-27 00:47:48,-0.02
2026-07-27 00:49:13,-0.08
2026-07-27 00:49:46,-0.17
2026-07-27 00:52:14,0.00
2026-07-27 00:52:28,-0.07
2026-07-27 00:53:55,-0.17
2026-07-27 00:54:22,-0.08
2026-07-27 00:54:58,-0.22
2026-07-27 00:56:06,-0.16
2026-07-27 00:56:37,-0.06
2026-07-27 00:57:24,0.00
2026-07-27 00:57:28,-0.11
2026-07-27 00:59:08,-0.03
2026-07-27 01:00:29,-0.15
2026-07-27 01:00:57,-0.11
2026-07-27 01:01:37,0.06
2026-07-27 01:02:54,-0.07
2026-07-27 01:03:35,0.02
2026-07-27 01:04:25,-0.07
2026-07-27 01:05:15,0.15
2026-07-27 01:05:33,0.14
2026-07-27 01:06:55,-0.08
2026-07-27 01:07:13,0.00
2026-07-27 01:08:44,-0.13
2026-07-27 01:09:19,-0.12
2026-07-27 01:10:10,-0.02
2026-07-27 01:10:59,-0.16
2026-07-27 01:11:45,-0.04
2026-07-27 01:12:25,-0.06
2026-07-27 01:13:39,0.11
2026-07-27 01:15:13,-0.05
2026-07-27 01:15:54,-0.09
2026-07-27 01:16:25,0.07
2026-07-27 01:17:56,-0.12
2026-07-27 01:18:23,0.01
2026-07-27 01:19:58,-0.16
2026-07-27 01:20:03,-0.03
2026-07-27 01:21:16,-0.14
2026-07-27 01:22:05,-0.08
2026-07-27 01:22:18,-0.18
2026-07-27 01:24:20,-0.06
2026-07-27 01:24:30,-0.17
2026-07-27 01:25:29,-0.19
2026-07-27 01:26:19,-0.10
2026-07-27 01:27:04,-0.15
2026-07-27 01:28:16,-0.02
2026-07-27 01:29:38,-0.08
2026-07-27 01:29:51,-0.15
2026-07-27 01:31:44,-0.08
2026-07-27 01:32:25,-0.11
2026-07-27 01:33:16,-0.18
2026-07-27 01:34:28,-0.08
2026-07-27 01:34:45,-0.18
2026-07-27 01:36:03,-0.10
2026-07-27 01:36:17,-0.18
2026-07-27 01:38:10,-0.10
2026-07-27 01:38:37,-0.18
2026-07-27 01:39:14,-0.10
2026-07-27 01:40:27,-0.12
2026-07-27 01:40:41,-0.20
2026-07-27 01:41:57,-0.17
2026-07-27 01:42:56,-0.09
2026-07-27 01:43:31,-0.11
2026-07-27 01:44:58,-0.19
2026-07-27 01:45:39,-0.20
2026-07-27 01:46:15,-0.05
2026-07-27 01:46:56,-0.10
2026-07-27 01:47:05,-0.21
2026-07-27 01:48:49,-0.13
2026-07-27 01:48:59,-0.19
2026-07-27 01:50:07,-0.11
2026-07-27 01:50:47,-0.19
2026-07-27 01:52:49,-0.11
2026-07-27 01:53:35,-0.20
2026-07-27 01:53:39,-0.12
2026-07-27 01:55:10,-0.10
2026-07-27 01:56:23,-0.19
2026-07-27 01:56:54,-0.22
2026-07-27 01:57:44,-0.10
2026-07-27 01:58:25,-0.09
2026-07-27 01:58:29,-0.19
2026-07-27 02:00:26,-0.11
2026-07-27 02:01:21,-0.19
2026-07-27 02:01:48,-0.10
2026-07-27 02:02:02,-0.23
2026-07-27 02:03:19,-0.19
2026-07-27 02:04:22,-0.08
2026-07-27 02:05:22,-0.21
2026-07-27 02:05:31,-0.12
2026-07-27 02:06:38,-0.15
2026-07-27 02:08:14,-0.20
2026-07-27 02:08:32,-0.21
2026-07-27 02:08:55,-0.12
2026-07-27 02:11:01,-0.14
2026-07-27 02:11:29,-0.23
2026-07-27 02:11:33,-0.20
2026-07-27 02:12:00,-0.14
2026-07-27 02:13:58,-0.13
2026-07-27 02:14:11,-0.21
2026-07-27 02:15:07,-0.15
2026-07-27 02:15:42,-0.21
2026-07-27 02:16:55,-0.10
2026-07-27 02:17:18,-0.21
2026-07-27 02:18:11,-0.23
2026-07-27 02:19:16,-0.14
2026-07-27 02:20:51,-0.10
2026-07-27 02:21:18,-0.21
2026-07-27 02:21:59,-0.22
2026-07-27 02:22:26,-0.10
2026-07-27 02:23:11,-0.21
2026-07-27 02:23:39,-0.14
2026-07-27 02:25:04,-0.15
2026-07-27 02:25:32,-0.22
2026-07-27 02:26:58,-0.25
2026-07-27 02:27:39,-0.15
2026-07-27 02:28:37,-0.20
2026-07-27 02:29:22,-0.15
2026-07-27 02:29:45,-0.21
2026-07-27 02:30:11,-0.16
2026-07-27 02:32:19,-0.22
2026-07-27 02:32:33,-0.12
2026-07-27 02:34:22,-0.21
2026-07-27 02:34:32,-0.13
2026-07-27 02:35:13,-0.14
2026-07-27 02:35:21,-0.22
2026-07-27 02:37:05,-0.21
2026-07-27 02:37:36,-0.12
2026-07-27 02:38:18,-0.11
2026-07-27 02:39:30,-0.21
2026-07-27 02:40:33,-0.06
2026-07-27 02:40:57,-0.22
2026-07-27 02:41:50,-0.25
2026-07-27 02:42:04,-0.13
2026-07-27 02:42:59,-0.24
2026-07-27 02:43:12,-0.11
2026-07-27 02:44:38,-0.25
2026-07-27 02:45:56,-0.11
2026-07-27 02:46:41,-0.22
2026-07-27 02:46:50,-0.14
2026-07-27 02:48:15,-0.13
2026-07-27 02:48:29,-0.20
2026-07-27 02:49:42,-0.22
2026-07-27 02:50:32,-0.14
2026-07-27 02:52:03,-0.23
2026-07-27 02:52:20,-0.05
2026-07-27 02:53:43,-0.13
2026-07-27 02:53:51,0.06
2026-07-27 02:55:27,-0.12
2026-07-27 02:55:59,0.07
2026-07-27 02:56:07,0.10
2026-07-27 02:56:30,0.37
2026-07-27 02:58:24,-0.01
2026-07-27 02:58:47,0.17
2026-07-27 02:59:45,0.12
2026-07-27 03:01:02,-0.03
2026-07-27 03:01:06,0.06
2026-07-27 03:02:01,-0.16
2026-07-27 03:02:46,-0.13
2026-07-27 03:03:45,0.03
2026-07-27 03:04:31,0.07
2026-07-27 03:05:38,-0.15
2026-07-27 03:06:05,-0.04
2026-07-27 03:06:29,-0.18
2026-07-27 03:08:48,-0.19
2026-07-27 03:09:07,-0.04
2026-07-27 03:10:06,-0.17
2026-07-27 03:10:47,-0.01
2026-07-27 03:11:28,0.00
2026-07-27 03:11:45,-0.13
2026-07-27 03:12:36,-0.07
2026-07-27 03:13:43,-0.23
2026-07-27 03:14:20,-0.10
2026-07-27 03:15:41,-0.22
2026-07-27 03:16:22,-0.25
2026-07-27 03:16:40,-0.08
2026-07-27 03:17:44,-0.21
2026-07-27 03:18:25,-0.15
2026-07-27 03:19:14,-0.20
2026-07-27 03:19:41,-0.10
2026-07-27 03:20:59,-0.20
2026-07-27 03:21:13,-0.14
2026-07-27 03:23:10,-0.12
2026-07-27 03:23:23,-0.21
2026-07-27 03:24:09,-0.15
2026-07-27 03:24:36,-0.23
2026-07-27 03:25:58,-0.21
2026-07-27 03:26:30,-0.13
2026-07-27 03:28:41,-0.22
2026-07-27 03:28:50,-0.13
2026-07-27 03:29:12,-0.20
2026-07-27 03:30:02,-0.11
2026-07-27 03:30:56,-0.14
2026-07-27 03:31:37,-0.22
2026-07-27 03:32:27,-0.16
2026-07-27 03:33:27,-0.22
2026-07-27 03:34:21,-0.23
2026-07-27 03:34:52,-0.08
2026-07-27 03:35:46,-0.21
2026-07-27 03:36:09,-0.13
2026-07-27 03:37:30,-0.14
2026-07-27 03:38:57,-0.20
2026-07-27 03:39:51,-0.24
2026-07-27 03:40:24,-0.14
2026-07-27 03:41:45,-0.23
2026-07-27 03:41:49,-0.13
2026-07-27 03:42:30,-0.24
2026-07-27 03:43:15,-0.14
2026-07-27 03:44:05,-0.23
2026-07-27 03:44:41,-0.12
2026-07-27 03:45:44,-0.23
2026-07-27 03:46:35,-0.15
2026-07-27 03:47:29,-0.21
2026-07-27 03:48:36,-0.15
2026-07-27 03:49:36,-0.21
2026-07-27 03:51:20,-0.22
2026-07-27 03:51:24,-0.15
2026-07-27 03:53:05,-0.09
2026-07-27 03:53:45,-0.22
2026-07-27 03:54:34,-0.12
2026-07-27 03:54:58,-0.24
2026-07-27 03:55:44,-0.26
2026-07-27 03:56:01,-0.13
2026-07-27 03:57:46,-0.15
2026-07-27 03:58:35,-0.26
2026-07-27 03:59:39,-0.11
2026-07-27 04:01:04,-0.23
2026-07-27 04:01:59,-0.10
2026-07-27 04:02:08,-0.16
2026-07-27 04:02:40,-0.22
2026-07-27 04:04:39,-0.17
2026-07-27 04:04:56,-0.22
2026-07-27 04:06:22,-0.23
2026-07-27 04:06:46,-0.16
2026-07-27 04:07:48,-0.24
2026-07-27 04:08:01,-0.16
2026-07-27 04:08:42,-0.24
2026-07-27 04:09:09,-0.16
2026-07-27 04:10:27,-0.26
2026-07-27 04:11:03,-0.08
2026-07-27 04:12:10,-0.25
2026-07-27 04:13:28,-0.12
2026-07-27 04:13:46,-0.22
2026-07-27 04:14:58,-0.15
2026-07-27 04:16:06,-0.24
2026-07-27 04:17:24,-0.15
2026-07-27 04:19:44,-0.23
2026-07-27 04:20:16,-0.16
2026-07-27 04:20:43,-0.23
2026-07-27 04:22:15,-0.11
2026-07-27 04:22:19,-0.22
2026-07-27 04:23:40,-0.14
2026-07-27 04:24:25,-0.23
2026-07-27 04:25:51,-0.22
2026-07-27 04:26:28,-0.14
2026-07-27 04:27:13,-0.16
2026-07-27 04:28:17,-0.26
2026-07-27 04:28:58,-0.23
2026-07-27 04:29:15,-0.09
2026-07-27 04:31:27,-0.27
2026-07-27 04:31:46,-0.11
2026-07-27 04:32:12,-0.25
2026-07-27 04:33:16,-0.12
2026-07-27 04:33:34,-0.25
2026-07-27 04:35:00,-0.08
2026-07-27 04:35:28,-0.14
2026-07-27 04:36:40,-0.08
2026-07-27 04:36:49,-0.13
2026-07-27 04:38:11,0.03
2026-07-27 04:38:33,-0.03
2026-07-27 04:39:50,0.16
2026-07-27 04:40:08,0.18
2026-07-27 04:40:21,0.06
2026-07-27 04:42:29,0.11
2026-07-27 04:43:15,0.32
2026-07-27 04:43:23,0.26
2026-07-27 04:44:54,0.43
2026-07-27 04:45:03,0.39
2026-07-27 04:46:17,0.70
2026-07-27 04:46:57,0.65
2026-07-27 04:48:08,0.77
2026-07-27 04:48:32,0.79
2026-07-27 04:49:45,0.61
2026-07-27 04:49:58,0.52
2026-07-27 04:51:11,0.72
2026-07-27 04:52:04,0.59
2026-07-27 04:53:14,0.80
2026-07-27 04:53:35,0.89
2026-07-27 04:54:48,0.56
2026-07-27 04:55:19,0.67
2026-07-27 04:56:31,0.34
2026-07-27 04:56:41,0.39
2026-07-27 04:57:03,0.26
2026-07-27 04:59:15,0.36
2026-07-27 04:59:29,0.21
2026-07-27 04:59:55,0.22
2026-07-27 05:01:26,0.02
2026-07-27 05:01:36,0.00
2026-07-27 05:02:47,0.15
2026-07-27 05:03:15,0.10
2026-07-27 05:03:42,-0.03
2026-07-27 05:05:22,0.11
2026-07-27 05:05:59,-0.07
2026-07-27 05:06:30,-0.08
2026-07-27 05:07:37,0.01
2026-07-27 05:08:14,-0.07
2026-07-27 05:09:00,0.00
2026-07-27 05:09:50,-0.04
2026-07-27 05:09:59,0.06
2026-07-27 05:11:25,0.03
2026-07-27 05:12:43,0.14
2026-07-27 05:13:32,0.08
2026-07-27 05:14:13,0.21
2026-07-27 05:14:49,0.07
2026-07-27 05:15:25,0.15
2026-07-27 05:17:23,0.06
2026-07-27 05:18:03,0.13
2026-07-27 05:18:27,0.04
2026-07-27 05:20:10,0.12
2026-07-27 05:20:47,-0.02
2026-07-27 05:21:24,0.03
2026-07-27 05:22:22,-0.08
2026-07-27 05:23:39,-0.02
2026-07-27 05:24:15,-0.15
2026-07-27 05:25:33,-0.13
2026-07-27 05:25:55,-0.22
2026-07-27 05:26:21,-0.13
2026-07-27 05:26:31,-0.20
2026-07-27 05:28:39,-0.12
2026-07-27 05:29:09,-0.21
2026-07-27 05:30:58,-0.22
2026-07-27 05:31:11,-0.12
2026-07-27 05:31:53,-0.21
2026-07-27 05:32:21,-0.11
2026-07-27 05:33:55,-0.21
2026-07-27 05:34:27,-0.10
2026-07-27 05:34:46,-0.22
2026-07-27 05:35:53,-0.13
2026-07-27 05:36:17,-0.24
2026-07-27 05:37:06,-0.12
2026-07-27 05:38:18,-0.21
2026-07-27 05:39:13,-0.11
2026-07-27 05:39:27,-0.24
2026-07-27 05:40:15,-0.13
2026-07-27 05:41:37,-0.11
2026-07-27 05:42:04,-0.24
2026-07-27 05:43:23,-0.11
2026-07-27 05:44:04,-0.22
2026-07-27 05:45:25,-0.11
2026-07-27 05:45:46,-0.25
2026-07-27 05:46:37,-0.09
2026-07-27 05:47:09,-0.22
2026-07-27 05:48:40,-0.19
2026-07-27 05:49:11,-0.07
2026-07-27 05:49:21,-0.08
2026-07-27 05:50:10,-0.18
2026-07-27 05:51:09,-0.09
2026-07-27 05:51:32,-0.22
2026-07-27 05:53:16,-0.23
2026-07-27 05:53:43,-0.08
2026-07-27 05:54:28,-0.21
2026-07-27 05:55:27,-0.14
2026-07-27 05:56:35,-0.11
2026-07-27 05:57:12,-0.21
2026-07-27 05:58:14,-0.10
2026-07-27 05:58:42,-0.20
2026-07-27 05:59:19,-0.09
2026-07-27 05:59:27,-0.20
2026-07-27 06:01:02,-0.22
2026-07-27 06:02:06,-0.07
2026-07-27 06:02:52,-0.22
2026-07-27 06:03:09,-0.09
2026-07-27 06:04:30,-0.16
2026-07-27 06:04:54,-0.10
2026-07-27 06:04:58,-0.14
2026-07-27 06:05:21,-0.07
2026-07-27 06:05:39,-0.14
2026-07-27 06:06:02,-0.07
2026-07-27 06:06:16,-0.15
2026-07-27 06:07:42,-0.16
2026-07-27 06:08:32,-0.07
2026-07-27 06:09:40,-0.01
2026-07-27 06:09:48,-0.14
2026-07-27 06:11:42,-0.08
2026-07-27 06:12:22,0.03
2026-07-27 06:12:32,-0.01
2026-07-27 06:14:02,0.17
2026-07-27 06:14:11,0.18
2026-07-27 06:15:02,0.00
2026-07-27 06:16:17,-0.01
2026-07-27 06:16:37,0.11
2026-07-27 06:17:50,-0.04
2026-07-27 06:19:01,0.12
2026-07-27 06:20:13,-0.04
2026-07-27 06:20:18,0.17
2026-07-27 06:20:50,-0.01
2026-07-27 06:22:16,0.18
2026-07-27 06:22:53,0.07
2026-07-27 06:23:38,0.29
2026-07-27 06:24:50,0.20
2026-07-27 06:24:59,0.33
2026-07-27 06:26:16,0.39
2026-07-27 06:27:15,0.18
2026-07-27 06:27:24,0.25
2026-07-27 06:28:00,0.13
2026-07-27 06:29:31,0.14
2026-07-27 06:29:58,0.26
2026-07-27 06:32:14,0.15
2026-07-27 06:33:00,0.07
2026-07-27 06:33:36,0.23
2026-07-27 06:34:31,0.03
2026-07-27 06:35:01,0.16
2026-07-27 06:35:34,0.03
2026-07-27 06:37:09,0.23
2026-07-27 06:37:28,0.15
2026-07-27 06:38:22,0.38
2026-07-27 06:39:06,0.34
2026-07-27 06:39:47,0.51
2026-07-27 06:41:28,0.36
2026-07-27 06:42:26,0.44
2026-07-27 06:43:02,0.54
2026-07-27 06:44:06,0.47
2026-07-27 06:45:06,0.62
2026-07-27 06:45:27,0.54
2026-07-27 06:46:08,0.36
2026-07-27 06:47:25,0.39
2026-07-27 06:48:24,0.49
2026-07-27 06:48:52,0.42
2026-07-27 06:50:04,0.62
2026-07-27 06:51:08,0.61
2026-07-27 06:52:02,0.45
2026-07-27 06:52:34,0.51
2026-07-27 06:53:38,0.34
2026-07-27 06:53:52,0.36
2026-07-27 06:55:07,0.21
2026-07-27 06:55:34,0.32
2026-07-27 06:56:07,0.19
2026-07-27 06:57:01,0.27
2026-07-27 06:58:36,0.08
2026-07-27 06:58:55,0.17
2026-07-27 06:59:36,0.07
2026-07-27 07:01:24,-0.02
2026-07-27 07:01:47,0.11
2026-07-27 07:03:22,-0.04
2026-07-27 07:03:36,-0.03
2026-07-27 07:04:58,0.09
2026-07-27 07:05:39,0.06
2026-07-27 07:06:28,-0.02
2026-07-27 07:07:13,-0.09
2026-07-27 07:08:07,0.12
2026-07-27 07:08:53,0.11
2026-07-27 07:09:42,-0.05
2026-07-27 07:10:19,0.05
2026-07-27 07:11:13,-0.09
2026-07-27 07:12:03,0.10
2026-07-27 07:12:53,-0.09
2026-07-27 07:14:01,-0.08
2026-07-27 07:14:24,0.00
2026-07-27 07:15:32,-0.03
2026-07-27 07:16:26,-0.11
2026-07-27 07:17:03,-0.03
2026-07-27 07:18:11,-0.13
2026-07-27 07:19:09,-0.15
2026-07-27 07:19:33,-0.04
2026-07-27 07:20:18,-0.10
2026-07-27 07:21:08,-0.20
2026-07-27 07:22:06,-0.18
2026-07-27 07:22:46,-0.11
2026-07-27 07:23:28,-0.18
2026-07-27 07:23:55,-0.11
2026-07-27 07:25:25,-0.07
2026-07-27 07:25:38,-0.15
2026-07-27 07:27:19,-0.04
2026-07-27 07:28:00,-0.17
2026-07-27 07:29:13,-0.14
2026-07-27 07:29:34,0.01
2026-07-27 07:30:38,0.02
2026-07-27 07:30:57,-0.10
2026-07-27 07:31:42,-0.01
2026-07-27 07:32:42,-0.11
2026-07-27 07:33:22,0.01
2026-07-27 07:33:53,-0.11
2026-07-27 07:35:29,-0.01
2026-07-27 07:36:23,-0.12
2026-07-27 07:36:37,-0.03
2026-07-27 07:38:02,-0.15
2026-07-27 07:39:11,-0.04
2026-07-27 07:39:29,-0.14
2026-07-27 07:40:46,-0.12
2026-07-27 07:41:18,-0.02
2026-07-27 07:41:41,-0.09
2026-07-27 07:42:02,-0.01
2026-07-27 07:43:38,-0.13
2026-07-27 07:44:50,-0.01
2026-07-27 07:44:55,-0.03
2026-07-27 07:46:26,0.07
2026-07-27 07:46:30,-0.01
2026-07-27 07:47:47,0.09
2026-07-27 07:48:19,-0.03
2026-07-27 07:48:28,0.07
2026-07-27 07:49:49,-0.02
2026-07-27 07:50:13,0.07
2026-07-27 07:51:30,0.00
2026-07-27 07:53:05,0.09
2026-07-27 07:53:45,0.11
2026-07-27 07:54:40,0.01
2026-07-27 07:56:20,0.14
2026-07-27 07:56:24,0.12
2026-07-27 07:57:18,0.04
2026-07-27 07:59:08,0.01
2026-07-27 07:59:34,0.10
2026-07-27 07:59:48,0.09
2026-07-27 08:01:19,-0.02
2026-07-27 08:01:27,0.01
2026-07-27 08:02:59,-0.05
2026-07-27 08:03:13,0.01
2026-07-27 08:04:24,-0.11
2026-07-27 08:04:43,-0.05
2026-07-27 08:05:01,-0.15
2026-07-27 08:07:22,-0.04
2026-07-27 08:07:49,-0.17
2026-07-27 08:08:38,-0.07
2026-07-27 08:09:14,-0.19
2026-07-27 08:09:38,-0.04
2026-07-27 08:10:14,-0.18
2026-07-27 08:11:45,-0.06
2026-07-27 08:12:34,-0.19
2026-07-27 08:12:57,-0.06
2026-07-27 08:13:01,-0.15
2026-07-27 08:15:00,-0.07
2026-07-27 08:15:45,-0.14
2026-07-27 08:16:15,-0.15
2026-07-27 08:16:56,-0.01
2026-07-27 08:18:28,-0.19
2026-07-27 08:18:42,-0.04
2026-07-27 08:19:40,-0.19
2026-07-27 08:20:25,0.00
2026-07-27 08:21:47,0.03
2026-07-27 08:22:28,-0.15
2026-07-27 08:22:55,-0.14
2026-07-27 08:23:49,0.08
2026-07-27 08:24:58,-0.04
2026-07-27 08:25:47,-0.18
2026-07-27 08:27:04,-0.27
2026-07-27 08:27:27,-0.02
2026-07-27 08:27:45,-0.05
2026-07-27 08:28:02,-0.21
2026-07-27 08:29:29,-0.06
2026-07-27 08:30:09,-0.20
2026-07-27 08:31:13,-0.16
2026-07-27 08:32:11,-0.07
2026-07-27 08:32:44,-0.25
2026-07-27 08:33:57,-0.07
2026-07-27 08:34:46,-0.10
2026-07-27 08:35:54,-0.22
2026-07-27 08:36:26,-0.10
2026-07-27 08:37:07,-0.23
2026-07-27 08:37:43,-0.13
2026-07-27 08:38:24,-0.25
2026-07-27 08:39:23,-0.13
2026-07-27 08:39:41,-0.24
2026-07-27 08:41:12,-0.23
2026-07-27 08:42:29,-0.09
2026-07-27 08:43:46,-0.21
2026-07-27 08:44:23,-0.12
2026-07-27 08:45:17,-0.23
2026-07-27 08:46:29,-0.24
2026-07-27 08:46:53,-0.13
2026-07-27 08:48:00,-0.10
2026-07-27 08:49:08,-0.21
2026-07-27 08:50:34,-0.13
2026-07-27 08:50:52,-0.22
2026-07-27 08:51:06,-0.11
2026-07-27 08:52:33,-0.22
2026-07-27 08:53:09,-0.11
2026-07-27 08:54:52,-0.23
2026-07-27 08:55:11,-0.10
2026-07-27 08:56:42,-0.21
2026-07-27 08:57:22,-0.10
2026-07-27 08:58:17,-0.19
2026-07-27 08:59:47,-0.26
2026-07-27 09:00:28,-0.03
2026-07-27 09:01:22,-0.05
2026-07-27 09:01:41,-0.24
2026-07-27 09:02:39,-0.18
2026-07-27 09:03:57,-0.09
2026-07-27 09:04:29,-0.10
2026-07-27 09:05:14,-0.18
2026-07-27 09:05:42,-0.11
2026-07-27 09:06:45,-0.24
2026-07-27 09:07:31,-0.23
2026-07-27 09:08:06,-0.12
2026-07-27 09:10:17,-0.23
2026-07-27 09:10:49,-0.10
2026-07-27 09:11:18,-0.20
2026-07-27 09:12:43,-0.26
2026-07-27 09:13:33,-0.11
2026-07-27 09:14:27,-0.10
2026-07-27 09:15:17,-0.20
2026-07-27 09:16:21,-0.19
2026-07-27 09:16:38,-0.10
2026-07-27 09:17:42,-0.18
2026-07-27 09:18:40,-0.09
2026-07-27 09:19:05,-0.03
2026-07-27 09:19:22,-0.19
2026-07-27 09:21:11,-0.09
2026-07-27 09:21:15,-0.20
2026-07-27 09:23:09,-0.18
2026-07-27 09:23:22,-0.09
2026-07-27 09:24:30,-0.07
2026-07-27 09:25:03,-0.18
2026-07-27 09:25:38,-0.10
2026-07-27 09:25:43,-0.24
2026-07-27 09:27:10,-0.10
2026-07-27 09:27:41,-0.18
2026-07-27 09:29:02,-0.20
2026-07-27 09:29:16,-0.10
2026-07-27 09:30:29,-0.09
2026-07-27 09:31:13,-0.22
2026-07-27 09:32:21,-0.18
2026-07-27 09:33:39,-0.08
2026-07-27 09:34:20,-0.21
2026-07-27 09:34:56,-0.10
2026-07-27 09:35:29,-0.17
2026-07-27 09:36:58,-0.06
2026-07-27 09:37:07,-0.10
2026-07-27 09:38:06,-0.20
2026-07-27 09:39:10,-0.09
2026-07-27 09:39:32,-0.20
2026-07-27 09:41:12,-0.11
2026-07-27 09:42:07,-0.12
2026-07-27 09:42:34,-0.18
2026-07-27 09:44:18,-0.20
2026-07-27 09:44:22,-0.10
2026-07-27 09:45:39,-0.18
2026-07-27 09:46:16,-0.08
2026-07-27 09:47:29,-0.09
2026-07-27 09:48:04,-0.20
2026-07-27 09:48:45,-0.18
2026-07-27 09:49:22,-0.08
2026-07-27 09:50:38,-0.21
2026-07-27 09:51:56,-0.18
2026-07-27 09:52:10,-0.09
2026-07-27 09:53:59,-0.18
2026-07-27 09:54:48,-0.07
2026-07-27 09:55:38,-0.19
2026-07-27 09:56:32,-0.08
2026-07-27 09:57:09,-0.18
2026-07-27 09:57:41,-0.08
2026-07-27 09:59:37,-0.20
2026-07-27 09:59:52,-0.10
2026-07-27 10:00:59,-0.05
2026-07-27 10:01:18,-0.16
2026-07-27 10:02:08,-0.18
2026-07-27 10:02:12,-0.07
2026-07-27 10:04:47,-0.16
2026-07-27 10:05:19,-0.09
2026-07-27 10:05:28,-0.18
2026-07-27 10:06:54,-0.09
2026-07-27 10:07:25,-0.18
2026-07-27 10:08:29,-0.17
2026-07-27 10:08:33,-0.09
2026-07-27 10:11:11,-0.17
2026-07-27 10:12:57,-0.02
2026-07-27 10:13:38,-0.05
2026-07-27 10:14:04,-0.17
2026-07-27 10:15:40,-0.20
2026-07-27 10:16:11,-0.06
2026-07-27 10:16:56,-0.07
2026-07-27 10:17:41,-0.16
2026-07-27 10:18:45,-0.17
2026-07-27 10:19:13,-0.03
2026-07-27 10:20:02,-0.14
2026-07-27 10:20:20,-0.06
2026-07-27 10:22:14,-0.16
2026-07-27 10:22:55,-0.03
2026-07-27 10:23:31,-0.14
2026-07-27 10:23:45,-0.05
2026-07-27 10:25:15,-0.15
2026-07-27 10:26:33,-0.14
2026-07-27 10:27:28,-0.06
2026-07-27 10:28:40,-0.14
2026-07-27 10:29:21,-0.06
2026-07-27 10:29:56,-0.14
2026-07-27 10:30:50,0.05
2026-07-27 10:31:41,-0.03
2026-07-27 10:32:57,-0.13
2026-07-27 10:34:19,-0.04
2026-07-27 10:34:38,-0.17
2026-07-27 10:35:05,-0.04
2026-07-27 10:35:14,-0.15
2026-07-27 10:36:32,-0.12
2026-07-27 10:37:21,0.02
2026-07-27 10:38:47,-0.14
2026-07-27 10:38:51,-0.01
2026-07-27 10:40:00,0.02
2026-07-27 10:40:58,-0.17
2026-07-27 10:42:15,-0.14
2026-07-27 10:42:56,-0.05
2026-07-27 10:43:13,-0.03
2026-07-27 10:44:31,-0.14
2026-07-27 10:44:44,-0.13
2026-07-27 10:45:35,-0.03
2026-07-27 10:46:52,-0.05
2026-07-27 10:47:32,-0.13
2026-07-27 10:48:00,-0.12
2026-07-27 10:48:40,0.00
2026-07-27 10:49:44,0.01
2026-07-27 10:49:53,-0.12
2026-07-27 10:51:33,-0.20
2026-07-27 10:52:09,-0.03
2026-07-27 10:53:03,0.02
2026-07-27 10:54:30,-0.19
2026-07-27 10:55:25,0.21
2026-07-27 10:56:24,0.10
2026-07-27 10:56:38,-0.11
2026-07-27 10:57:59,0.05
2026-07-27 10:58:16,-0.13
2026-07-27 11:00:06,-0.02
2026-07-27 11:00:32,-0.12
2026-07-27 11:01:21,-0.11
2026-07-27 11:02:16,-0.02
2026-07-27 11:03:52,-0.13
2026-07-27 11:04:09,-0.01
2026-07-27 11:04:32,-0.15
2026-07-27 11:05:30,-0.03
2026-07-27 11:06:11,-0.09
2026-07-27 11:06:57,0.04
2026-07-27 11:07:48,0.03
2026-07-27 11:09:05,-0.11
2026-07-27 11:09:40,-0.01
2026-07-27 11:10:03,-0.10
2026-07-27 11:11:47,-0.09
2026-07-27 11:12:33,0.00
2026-07-27 11:12:51,-0.02
2026-07-27 11:14:03,-0.09
2026-07-27 11:15:07,0.01
2026-07-27 11:16:02,-0.08
2026-07-27 11:16:15,-0.03
2026-07-27 11:16:37,-0.11
2026-07-27 11:17:45,-0.02
2026-07-27 11:18:22,-0.10
2026-07-27 11:19:52,-0.11
2026-07-27 11:20:05,-0.01
2026-07-27 11:22:12,-0.11
2026-07-27 11:22:18,0.00
2026-07-27 11:23:16,-0.11
2026-07-27 11:24:55,0.06
2026-07-27 11:25:27,-0.13
2026-07-27 11:26:08,0.01
2026-07-27 11:26:58,-0.13
2026-07-27 11:28:10,-0.11
2026-07-27 11:29:10,0.02
2026-07-27 11:29:23,-0.11
2026-07-27 11:29:41,0.02
2026-07-27 11:32:11,0.00
2026-07-27 11:32:20,-0.10
2026-07-27 11:32:33,0.00
2026-07-27 11:32:43,-0.08
2026-07-27 11:34:14,0.00
2026-07-27 11:34:40,-0.10
2026-07-27 11:36:42,-0.01
2026-07-27 11:37:05,-0.09
2026-07-27 11:37:42,0.01
2026-07-27 11:38:23,-0.11
2026-07-27 11:39:57,0.03
2026-07-27 11:40:17,-0.09
2026-07-27 11:41:24,-0.01
2026-07-27 11:41:43,-0.09
2026-07-27 11:42:46,-0.08
2026-07-27 11:43:59,0.05
2026-07-27 11:44:07,-0.01
2026-07-27 11:44:53,-0.08
2026-07-27 11:46:01,-0.10
2026-07-27 11:47:14,0.01
2026-07-27 11:48:16,0.00
2026-07-27 11:48:30,-0.08
2026-07-27 11:50:10,-0.09
2026-07-27 11:50:37,0.06
2026-07-27 11:50:47,-0.09
2026-07-27 11:51:32,0.06
2026-07-27 11:53:03,0.11
2026-07-27 11:53:52,-0.11
2026-07-27 11:54:15,-0.10
2026-07-27 11:54:52,0.00
2026-07-27 11:55:59,0.03
2026-07-27 11:57:16,-0.07
2026-07-27 11:58:29,0.02
2026-07-27 11:58:42,-0.08
2026-07-27 11:59:05,0.01
2026-07-27 11:59:19,-0.07
2026-07-27 12:01:26,0.05
2026-07-27 12:01:39,-0.07
2026-07-27 12:02:16,0.02
2026-07-27 12:03:01,-0.08
2026-07-27 12:03:55,-0.09
2026-07-27 12:04:00,0.07
2026-07-27 12:05:35,-0.09
2026-07-27 12:06:03,0.00
2026-07-27 12:07:37,0.04
2026-07-27 12:08:05,-0.07
2026-07-27 12:09:45,0.08
2026-07-27 12:10:08,-0.08
2026-07-27 12:11:47,-0.06
2026-07-27 12:11:51,0.04
2026-07-27 12:12:23,-0.09
2026-07-27 12:12:42,0.03
2026-07-27 12:15:02,-0.08
2026-07-27 12:15:11,0.03
2026-07-27 12:16:38,-0.09
2026-07-27 12:17:05,0.03
2026-07-27 12:17:18,-0.05
2026-07-27 12:18:21,0.01
2026-07-27 12:18:48,-0.04
2026-07-27 12:19:11,0.09
2026-07-27 12:20:24,0.07
2026-07-27 12:21:00,-0.07
2026-07-27 12:23:24,0.10
2026-07-27 12:23:34,-0.05
2026-07-27 12:24:24,-0.17
2026-07-27 12:25:13,0.10
2026-07-27 12:25:28,0.00
2026-07-27 12:26:26,0.11
2026-07-27 12:28:25,0.05
2026-07-27 12:28:33,-0.02
2026-07-27 12:28:42,-0.06
2026-07-27 12:29:00,0.10
2026-07-27 12:30:22,0.07
2026-07-27 12:31:21,-0.07
2026-07-27 12:33:10,0.10
2026-07-27 12:33:23,-0.05
2026-07-27 12:34:31,0.05
2026-07-27 12:34:36,-0.10
2026-07-27 12:35:22,-0.07
2026-07-27 12:36:20,0.03
2026-07-27 12:37:32,0.10
2026-07-27 12:38:04,-0.06
2026-07-27 12:38:36,0.02
2026-07-27 12:40:02,-0.07
2026-07-27 12:40:20,-0.09
2026-07-27 12:40:33,-0.02
2026-07-27 12:42:41,-0.09
2026-07-27 12:43:21,0.00
2026-07-27 12:44:12,-0.09
2026-07-27 12:44:16,-0.01
2026-07-27 12:45:29,-0.08
2026-07-27 12:45:42,0.01
2026-07-27 12:46:56,-0.09
2026-07-27 12:47:40,-0.02
2026-07-27 12:48:34,-0.07
2026-07-27 12:49:38,0.01
2026-07-27 12:50:23,-0.05
2026-07-27 12:51:13,0.00
2026-07-27 12:52:12,-0.07
2026-07-27 12:53:20,0.03
2026-07-27 12:53:56,0.04
2026-07-27 12:54:01,-0.08
2026-07-27 12:55:27,0.10
2026-07-27 12:55:59,-0.05
2026-07-27 12:56:44,0.03
2026-07-27 12:57:06,-0.07
2026-07-27 12:59:09,-0.06
2026-07-27 12:59:41,0.02
2026-07-27 13:00:49,-0.05
2026-07-27 13:01:02,0.02
2026-07-27 13:01:47,0.00
2026-07-27 13:02:56,-0.05
2026-07-27 13:04:31,-0.06
2026-07-27 13:04:35,0.02
2026-07-27 13:05:28,0.01
2026-07-27 13:06:29,-0.04
2026-07-27 13:06:42,0.03
2026-07-27 13:06:47,-0.03
2026-07-27 13:08:36,-0.04
2026-07-27 13:08:44,0.03
2026-07-27 13:10:07,0.04
2026-07-27 13:11:32,-0.03
2026-07-27 13:11:41,-0.02
2026-07-27 13:11:45,0.02
2026-07-27 13:13:12,-0.04
2026-07-27 13:13:52,0.10
2026-07-27 13:15:33,-0.03
2026-07-27 13:16:13,0.02
2026-07-27 13:16:45,-0.04
2026-07-27 13:16:54,0.03
2026-07-27 13:18:52,-0.05
2026-07-27 13:19:42,0.03
2026-07-27 13:20:03,0.05
2026-07-27 13:20:40,-0.04
2026-07-27 13:22:06,0.04
2026-07-27 13:23:28,-0.06
2026-07-27 13:24:08,0.05
2026-07-27 13:24:59,-0.03
2026-07-27 13:26:15,0.04
2026-07-27 13:26:30,-0.04
2026-07-27 13:27:47,0.04
2026-07-27 13:28:49,-0.02
2026-07-27 13:29:54,-0.01
2026-07-27 13:30:29,0.05
2026-07-27 13:31:29,-0.03
2026-07-27 13:32:45,0.09
2026-07-27 13:33:17,0.03
2026-07-27 13:34:34,-0.03
2026-07-27 13:35:02,0.05
2026-07-27 13:35:25,-0.01
2026-07-27 13:36:19,0.04
2026-07-27 13:37:32,-0.02
2026-07-27 13:38:26,-0.03
2026-07-27 13:39:34,0.05
2026-07-27 13:40:19,-0.01
2026-07-27 13:40:42,0.06
2026-07-27 13:41:22,-0.01
2026-07-27 13:41:36,0.05
2026-07-27 13:43:43,-0.02
2026-07-27 13:44:24,0.07
2026-07-27 13:44:47,-0.02
2026-07-27 13:45:04,0.05
2026-07-27 13:47:30,-0.02
2026-07-27 13:48:33,-0.01
2026-07-27 13:48:39,0.07
2026-07-27 13:49:41,0.12
2026-07-27 13:50:18,0.00
2026-07-27 13:51:12,-0.01
2026-07-27 13:52:02,0.06
2026-07-27 13:53:19,-0.01
2026-07-27 13:54:04,0.09
2026-07-27 13:54:44,-0.01
2026-07-27 13:54:50,0.05
2026-07-27 13:56:34,0.07
2026-07-27 13:56:38,0.00
2026-07-27 13:58:09,-0.02
2026-07-27 13:59:17,0.07
2026-07-27 13:59:40,-0.01
2026-07-27 13:59:44,0.05
2026-07-27 14:01:20,0.07
2026-07-27 14:01:33,-0.01
2026-07-27 14:02:50,0.01
2026-07-27 14:03:03,0.06
2026-07-27 14:04:49,0.07
2026-07-27 14:05:16,0.00
2026-07-27 14:06:18,0.07
2026-07-27 14:07:36,0.00
2026-07-27 14:08:08,0.13
2026-07-27 14:08:26,-0.01
2026-07-27 14:09:34,0.07
2026-07-27 14:09:43,0.00
2026-07-27 14:11:50,-0.01
2026-07-27 14:12:08,0.07
2026-07-27 14:13:52,-0.01
2026-07-27 14:14:20,0.01
2026-07-27 14:15:00,0.06
2026-07-27 14:16:08,0.08
2026-07-27 14:17:30,-0.02
2026-07-27 14:17:57,0.01
2026-07-27 14:18:10,0.09
2026-07-27 14:19:24,0.06
2026-07-27 14:19:55,0.00
2026-07-27 14:20:53,0.01
2026-07-27 14:20:58,0.07
2026-07-27 14:23:05,0.01
2026-07-27 14:24:14,0.02
2026-07-27 14:25:39,0.08
2026-07-27 14:26:16,0.15
2026-07-27 14:26:43,0.00
2026-07-27 14:27:29,0.02
2026-07-27 14:27:50,0.07
2026-07-27 14:29:31,0.02
2026-07-27 14:29:57,0.07
2026-07-27 14:31:56,0.01
2026-07-27 14:32:23,0.08
2026-07-27 14:32:36,0.03
2026-07-27 14:33:30,0.08
2026-07-27 14:34:07,0.01
2026-07-27 14:35:01,0.08
2026-07-27 14:35:56,0.07
2026-07-27 14:36:59,0.01
2026-07-27 14:38:57,0.08
2026-07-27 14:40:05,0.02
2026-07-27 14:40:28,0.10
2026-07-27 14:40:46,0.02
2026-07-27 14:41:23,0.08
2026-07-27 14:42:58,0.03
2026-07-27 14:44:06,0.14
2026-07-27 14:44:51,0.02
2026-07-27 14:46:13,0.09
2026-07-27 14:47:39,0.10
2026-07-27 14:48:20,0.03
2026-07-27 14:48:56,0.08
2026-07-27 14:49:00,0.05
2026-07-27 14:50:36,0.10
2026-07-27 14:51:25,0.03
2026-07-27 14:52:29,0.09
2026-07-27 14:52:56,0.05
2026-07-27 14:54:09,0.08
2026-07-27 14:54:54,0.02
2026-07-27 14:55:30,0.08
2026-07-27 14:56:28,0.04
2026-07-27 14:57:36,0.08
2026-07-27 14:58:00,0.02
2026-07-27 14:58:58,0.04
2026-07-27 14:59:52,0.09
2026-07-27 15:00:37,0.04
2026-07-27 15:02:04,0.13
2026-07-27 15:02:10,0.15
2026-07-27 15:02:44,0.03
2026-07-27 15:03:57,0.07
2026-07-27 15:04:52,0.03
2026-07-27 15:05:27,0.04
2026-07-27 15:05:55,0.08
2026-07-27 15:07:04,0.07
2026-07-27 15:07:17,0.02
2026-07-27 15:08:51,0.04
2026-07-27 15:09:06,0.08
2026-07-27 15:11:49,0.02
2026-07-27 15:12:16,0.07
2026-07-27 15:13:33,0.03
2026-07-27 15:14:05,0.04
2026-07-27 15:14:23,0.09
2026-07-27 15:15:36,0.10
2026-07-27 15:16:44,0.03
2026-07-27 15:17:01,0.08
2026-07-27 15:17:39,0.03
2026-07-27 15:18:55,0.04
2026-07-27 15:20:12,0.12
2026-07-27 15:20:39,0.14
2026-07-27 15:21:48,0.01
2026-07-27 15:22:09,0.03
2026-07-27 15:22:15,0.08
2026-07-27 15:24:39,0.01
2026-07-27 15:25:03,0.08
2026-07-27 15:25:25,0.07
2026-07-27 15:26:05,0.02
2026-07-27 15:27:05,0.09
2026-07-27 15:27:18,0.04
2026-07-27 15:28:45,0.08
2026-07-27 15:29:47,0.04
2026-07-27 15:30:10,0.07
2026-07-27 15:31:32,0.03
2026-07-27 15:32:49,0.09
2026-07-27 15:32:54,0.03
2026-07-27 15:33:48,0.05
2026-07-27 15:34:29,0.08
2026-07-27 15:35:28,0.04
2026-07-27 15:35:41,0.08
2026-07-27 15:36:45,0.03
2026-07-27 15:38:20,0.14
2026-07-27 15:38:46,0.13
2026-07-27 15:38:52,0.04
2026-07-27 15:40:04,0.02
2026-07-27 15:40:50,0.08
2026-07-27 15:41:58,0.09
2026-07-27 15:43:06,0.01
2026-07-27 15:43:42,0.02
2026-07-27 15:44:59,0.09
2026-07-27 15:45:03,0.07
2026-07-27 15:45:31,0.04
2026-07-27 15:47:32,0.09
2026-07-27 15:47:46,0.03
2026-07-27 15:48:28,0.08
2026-07-27 15:49:45,0.03
2026-07-27 15:50:44,0.04
2026-07-27 15:51:14,0.11
2026-07-27 15:52:33,0.03
2026-07-27 15:52:51,0.09
2026-07-27 15:53:41,0.03
2026-07-27 15:53:58,0.09
2026-07-27 15:55:24,0.04
2026-07-27 15:56:29,0.14
2026-07-27 15:56:33,0.12
2026-07-27 15:58:11,0.03
2026-07-27 15:58:26,0.08
2026-07-27 15:58:48,0.03
2026-07-27 16:00:10,0.10
2026-07-27 16:00:14,0.03
2026-07-27 16:02:53,0.08
2026-07-27 16:03:30,0.10
2026-07-27 16:04:01,0.02
2026-07-27 16:05:08,0.03
2026-07-27 16:05:22,0.11
2026-07-27 16:07:16,0.04
2026-07-27 16:08:02,0.09
2026-07-27 16:09:00,0.02
2026-07-27 16:09:04,0.12
2026-07-27 16:10:18,0.10
2026-07-27 16:10:26,0.03
2026-07-27 16:11:48,0.04
2026-07-27 16:12:56,0.11
2026-07-27 16:13:23,0.03
2026-07-27 16:14:35,0.13
2026-07-27 16:15:03,0.03
2026-07-27 16:15:48,0.13
2026-07-27 16:17:09,0.10
2026-07-27 16:17:46,0.02
2026-07-27 16:19:12,0.11
2026-07-27 16:20:15,0.02
2026-07-27 16:20:47,0.11
2026-07-27 16:21:51,0.04
2026-07-27 16:22:50,0.10
2026-07-27 16:23:39,0.05
2026-07-27 16:24:02,0.12
2026-07-27 16:25:05,0.04
2026-07-27 16:26:13,0.12
2026-07-27 16:26:46,0.02
2026-07-27 16:26:50,0.12
2026-07-27 16:28:12,0.06
2026-07-27 16:28:29,0.12
2026-07-27 16:30:41,0.13
2026-07-27 16:31:00,0.03
2026-07-27 16:31:13,0.05
2026-07-27 16:32:34,0.11
2026-07-27 16:33:19,0.06
2026-07-27 16:33:42,0.15
2026-07-27 16:34:41,0.05
2026-07-27 16:34:55,0.11
2026-07-27 16:37:28,0.10
2026-07-27 16:37:41,0.04
2026-07-27 16:38:46,0.12
2026-07-27 16:39:14,0.04
2026-07-27 16:39:35,0.11
2026-07-27 16:40:29,0.04
2026-07-27 16:41:24,0.09
2026-07-27 16:42:15,0.03
2026-07-27 16:42:51,0.11
2026-07-27 16:43:31,0.02
2026-07-27 16:44:30,0.10
2026-07-27 16:45:06,0.04
2026-07-27 16:46:11,0.10
2026-07-27 16:46:38,0.02
2026-07-27 16:47:46,0.04
2026-07-27 16:48:48,0.10
2026-07-27 16:49:40,0.01
2026-07-27 16:50:42,0.15
2026-07-27 16:52:17,0.04
2026-07-27 16:52:23,0.15
2026-07-27 16:52:44,0.10
2026-07-27 16:53:03,0.00
2026-07-27 16:54:52,0.10
2026-07-27 16:55:28,0.03
2026-07-27 16:56:18,0.11
2026-07-27 16:57:03,0.02
2026-07-27 16:57:49,0.04
2026-07-27 16:58:12,0.10
2026-07-27 16:59:34,0.03
2026-07-27 16:59:42,0.11
2026-07-27 17:00:59,0.12
2026-07-27 17:01:27,0.04
2026-07-27 17:02:34,0.12
2026-07-27 17:02:53,0.04
2026-07-27 17:04:36,0.05
2026-07-27 17:05:27,0.10
2026-07-27 17:07:29,0.04
2026-07-27 17:09:05,0.12
2026-07-27 17:10:31,0.02
2026-07-27 17:10:48,0.05
2026-07-27 17:12:18,0.12
2026-07-27 17:12:47,0.09
2026-07-27 17:13:49,0.03
2026-07-27 17:14:12,0.09
2026-07-27 17:15:43,0.02
2026-07-27 17:16:51,0.11
2026-07-27 17:17:13,0.03
2026-07-27 17:17:45,0.09
2026-07-27 17:18:08,0.04
2026-07-27 17:19:34,0.01
2026-07-27 17:19:56,0.09
2026-07-27 17:20:56,0.02
2026-07-27 17:21:59,0.11
2026-07-27 17:22:35,0.00
2026-07-27 17:23:20,0.08
2026-07-27 17:24:55,0.01
2026-07-27 17:25:05,0.08
2026-07-27 17:26:31,0.02
2026-07-27 17:26:57,0.11
2026-07-27 17:27:52,0.10
2026-07-27 17:28:11,0.02
2026-07-27 17:29:05,0.01
2026-07-27 17:29:28,0.09
2026-07-27 17:30:40,0.06
2026-07-27 17:32:02,-0.02
2026-07-27 17:32:25,0.01
2026-07-27 17:32:47,0.05
2026-07-27 17:34:04,0.07
2026-07-27 17:34:41,-0.01
2026-07-27 17:36:08,0.07
2026-07-27 17:37:01,0.01
2026-07-27 17:37:29,0.07
2026-07-27 17:37:55,0.00
2026-07-27 17:39:49,-0.01
2026-07-27 17:39:57,0.08
2026-07-27 17:40:51,0.00
2026-07-27 17:41:10,0.07
2026-07-27 17:42:27,0.06
2026-07-27 17:42:36,0.00
2026-07-27 17:45:24,0.08
2026-07-27 17:45:47,0.11
2026-07-27 17:46:41,0.01
2026-07-27 17:48:12,0.07
2026-07-27 17:49:42,0.00
2026-07-27 17:50:50,-0.01
2026-07-27 17:51:08,0.05
2026-07-27 17:53:02,0.00
2026-07-27 17:53:15,0.07
2026-07-27 17:53:25,0.04
2026-07-27 17:53:29,0.01
2026-07-27 17:53:33,0.05
2026-07-27 17:53:38,0.00
2026-07-27 17:54:00,0.06
2026-07-27 17:54:05,-0.02
2026-07-27 17:55:36,0.05
2026-07-27 17:55:45,0.00
2026-07-27 17:57:28,0.07
2026-07-27 17:57:42,-0.03
2026-07-27 17:58:45,-0.02
2026-07-27 18:00:08,0.06
2026-07-27 18:00:26,0.05
2026-07-27 18:00:57,-0.03
2026-07-27 18:02:18,-0.01
2026-07-27 18:03:18,0.06
2026-07-27 18:03:37,0.04
2026-07-27 18:05:12,-0.02
2026-07-27 18:05:43,0.03
2026-07-27 18:06:01,-0.03
2026-07-27 18:07:00,0.03
2026-07-27 18:07:05,-0.03
2026-07-27 18:09:34,0.05
2026-07-27 18:10:06,-0.06
2026-07-27 18:10:19,0.02
2026-07-27 18:10:56,-0.04
2026-07-27 18:12:40,-0.03
2026-07-27 18:13:07,0.02
2026-07-27 18:13:57,-0.04
2026-07-27 18:14:05,0.03
2026-07-27 18:15:51,-0.09
2026-07-27 18:16:32,0.03
2026-07-27 18:16:49,0.05
2026-07-27 18:17:53,-0.07
2026-07-27 18:19:24,0.06
2026-07-27 18:19:33,-0.03
2026-07-27 18:21:02,-0.05
2026-07-27 18:21:39,0.06
2026-07-27 18:21:53,-0.03
2026-07-27 18:22:25,0.04
2026-07-27 18:24:00,0.02
2026-07-27 18:24:18,-0.04
2026-07-27 18:25:39,-0.08
2026-07-27 18:25:44,0.01
2026-07-27 18:27:29,0.04
2026-07-27 18:27:33,-0.09
2026-07-27 18:29:40,-0.08
2026-07-27 18:29:59,0.03
2026-07-27 18:30:30,0.01
2026-07-27 18:30:53,-0.07
2026-07-27 18:31:56,-0.06
2026-07-27 18:32:45,0.02
2026-07-27 18:33:50,-0.06
2026-07-27 18:34:43,0.00
2026-07-27 18:35:20,0.02
2026-07-27 18:35:29,-0.08
2026-07-27 18:36:41,-0.01
2026-07-27 18:38:04,-0.09
2026-07-27 18:39:16,0.03
2026-07-27 18:40:19,0.05
2026-07-27 18:41:14,-0.07
2026-07-27 18:42:26,-0.01
2026-07-27 18:43:02,-0.09
2026-07-27 18:43:15,-0.07
2026-07-27 18:43:48,0.00
2026-07-27 18:44:51,-0.02
2026-07-27 18:45:00,-0.08
2026-07-27 18:46:44,-0.01
2026-07-27 18:47:52,-0.09
2026-07-27 18:48:51,-0.02
2026-07-27 18:49:37,-0.09
2026-07-27 18:50:31,-0.13
2026-07-27 18:50:35,-0.03
2026-07-27 18:52:47,-0.11
2026-07-27 18:53:23,-0.02
2026-07-27 18:55:12,-0.11
2026-07-27 18:56:19,-0.03
2026-07-27 18:56:34,-0.13
2026-07-27 18:56:48,-0.03
2026-07-27 18:58:17,0.00
2026-07-27 18:59:07,-0.10
2026-07-27 19:00:52,-0.04
2026-07-27 19:01:29,-0.05
2026-07-27 19:02:09,-0.12
2026-07-27 19:03:40,-0.03
2026-07-27 19:04:34,-0.11
2026-07-27 19:04:57,-0.04
2026-07-27 19:05:24,-0.11
2026-07-27 19:06:27,-0.03
2026-07-27 19:07:53,-0.12
2026-07-27 19:08:02,-0.06
2026-07-27 19:08:10,-0.10
2026-07-27 19:10:13,-0.04
2026-07-27 19:10:50,-0.14
2026-07-27 19:11:53,-0.11
2026-07-27 19:12:17,-0.05
2026-07-27 19:13:42,-0.11
2026-07-27 19:13:52,-0.05
2026-07-27 19:14:59,-0.11
2026-07-27 19:16:04,-0.04
2026-07-27 19:16:17,-0.06
2026-07-27 19:17:15,-0.13
2026-07-27 19:18:01,-0.12
2026-07-27 19:19:00,-0.05
2026-07-27 19:19:54,-0.13
2026-07-27 19:20:58,-0.05
2026-07-27 19:22:32,-0.14
2026-07-27 19:22:46,-0.06
2026-07-27 19:23:32,-0.07
2026-07-27 19:23:36,-0.13
2026-07-27 19:25:03,-0.15
2026-07-27 19:25:48,-0.07
2026-07-27 19:27:01,-0.14
2026-07-27 19:27:37,-0.07
2026-07-27 19:27:47,-0.12
2026-07-27 19:29:16,-0.06
2026-07-27 19:30:02,-0.14
2026-07-27 19:32:09,-0.08
2026-07-27 19:33:11,-0.13
2026-07-27 19:34:20,-0.05
2026-07-27 19:34:25,-0.07
2026-07-27 19:34:47,-0.15
2026-07-27 19:36:05,-0.18
2026-07-27 19:36:19,-0.06
2026-07-27 19:39:11,-0.16
2026-07-27 19:39:15,-0.08
2026-07-27 19:39:47,-0.15
2026-07-27 19:40:23,-0.08
2026-07-27 19:41:26,-0.07
2026-07-27 19:42:34,-0.14
2026-07-27 19:43:37,-0.09
2026-07-27 19:43:43,-0.15
2026-07-27 19:44:24,-0.14
2026-07-27 19:45:13,-0.09
2026-07-27 19:46:34,-0.15
2026-07-27 19:48:50,-0.09
2026-07-27 19:49:31,-0.15
2026-07-27 19:50:16,-0.07
2026-07-27 19:51:11,-0.14
2026-07-27 19:52:28,-0.07
2026-07-27 19:52:51,-0.08
2026-07-27 19:53:17,-0.19
2026-07-27 19:55:03,-0.16
2026-07-27 19:55:07,-0.07
2026-07-27 19:55:48,-0.15
2026-07-27 19:57:00,-0.07
2026-07-27 19:57:50,-0.15
2026-07-27 19:58:53,-0.09
2026-07-27 19:59:07,-0.15
2026-07-27 19:59:53,-0.09
2026-07-27 20:01:10,-0.14
2026-07-27 20:02:03,-0.07
2026-07-27 20:02:32,-0.09
2026-07-27 20:03:09,-0.17
2026-07-27 20:04:07,-0.07
2026-07-27 20:04:34,-0.19
2026-07-27 20:06:00,-0.17
2026-07-27 20:06:10,-0.10
2026-07-27 20:07:44,-0.17
2026-07-27 20:07:53,-0.07
2026-07-27 20:09:14,-0.09
2026-07-27 20:09:33,-0.16
2026-07-27 20:10:41,-0.08
2026-07-27 20:10:55,-0.16
2026-07-27 20:13:10,-0.11
2026-07-27 20:13:52,-0.17
2026-07-27 20:14:50,-0.10
2026-07-27 20:16:25,-0.17
2026-07-27 20:16:44,-0.10
2026-07-27 20:17:52,-0.17
2026-07-27 20:18:55,-0.11
2026-07-27 20:19:26,-0.18
2026-07-27 20:20:44,-0.12
2026-07-27 20:21:15,-0.18
2026-07-27 20:22:19,-0.16
2026-07-27 20:22:38,-0.10
2026-07-27 20:24:35,-0.09
2026-07-27 20:25:06,-0.17
2026-07-27 20:25:39,-0.16
2026-07-27 20:26:02,-0.11
2026-07-27 20:27:58,-0.17
2026-07-27 20:28:35,-0.08
2026-07-27 20:28:53,-0.11
2026-07-27 20:29:17,-0.18
2026-07-27 20:31:13,-0.12
2026-07-27 20:32:03,-0.18
2026-07-27 20:32:07,-0.17
2026-07-27 20:33:07,-0.10
2026-07-27 20:33:48,-0.18
2026-07-27 20:34:20,-0.12
2026-07-27 20:35:59,-0.10
2026-07-27 20:36:16,-0.17
2026-07-27 20:37:08,-0.18
2026-07-27 20:37:25,-0.11
2026-07-27 20:38:42,-0.18
2026-07-27 20:40:04,-0.11
2026-07-27 20:41:07,-0.17
2026-07-27 20:42:06,-0.11
2026-07-27 20:42:20,-0.19
2026-07-27 20:43:41,-0.12
2026-07-27 20:44:18,-0.17
2026-07-27 20:45:27,-0.18
2026-07-27 20:46:42,-0.08
2026-07-27 20:47:01,-0.18
2026-07-27 20:47:09,-0.12
2026-07-27 20:49:30,-0.17
2026-07-27 20:50:30,-0.19
2026-07-27 20:50:52,-0.12
2026-07-27 20:52:13,-0.18
2026-07-27 20:52:37,-0.13
2026-07-27 20:54:34,-0.09
2026-07-27 20:54:52,-0.18
2026-07-27 20:55:20,-0.11
2026-07-27 20:56:27,-0.18
2026-07-27 20:58:03,-0.11
2026-07-27 20:58:35,-0.13
2026-07-27 20:59:15,-0.18
2026-07-27 21:00:19,-0.12
2026-07-27 21:00:23,-0.18
2026-07-27 21:02:21,-0.13
2026-07-27 21:02:30,-0.18
2026-07-27 21:04:45,-0.09
2026-07-27 21:05:09,-0.18
2026-07-27 21:05:49,-0.13
2026-07-27 21:07:34,-0.18
2026-07-27 21:08:10,-0.09
2026-07-27 21:09:35,-0.11
2026-07-27 21:09:41,-0.19
2026-07-27 21:10:03,-0.18
2026-07-27 21:11:16,-0.12
2026-07-27 21:11:53,-0.13
2026-07-27 21:12:23,-0.19
2026-07-27 21:14:08,-0.20
2026-07-27 21:14:17,-0.13
2026-07-27 21:15:30,-0.12
2026-07-27 21:15:39,-0.18
2026-07-27 21:17:27,-0.20
2026-07-27 21:17:32,-0.12
2026-07-27 21:18:35,-0.14
2026-07-27 21:18:49,-0.18
2026-07-27 21:20:20,-0.12
2026-07-27 21:21:42,-0.20
2026-07-27 21:22:40,-0.08
2026-07-27 21:23:16,-0.13
2026-07-27 21:24:38,-0.22
2026-07-27 21:25:10,-0.12
2026-07-27 21:26:18,-0.21
2026-07-27 21:27:04,-0.20
2026-07-27 21:27:45,-0.12
2026-07-27 21:28:25,-0.18
2026-07-27 21:28:52,-0.11
2026-07-27 21:30:54,-0.13
2026-07-27 21:30:59,-0.19
2026-07-27 21:32:21,-0.11
2026-07-27 21:32:52,-0.19
2026-07-27 21:34:04,-0.18
2026-07-27 21:34:09,-0.09
2026-07-27 21:34:55,-0.18
2026-07-27 21:35:40,-0.11
2026-07-27 21:36:44,-0.18
2026-07-27 21:36:48,-0.12
2026-07-27 21:38:41,-0.11
2026-07-27 21:38:51,-0.16
2026-07-27 21:40:21,-0.18
2026-07-27 21:40:57,-0.05
2026-07-27 21:41:28,-0.19
2026-07-27 21:42:05,-0.09
2026-07-27 21:44:22,-0.17
2026-07-27 21:44:39,-0.10
2026-07-27 21:45:43,-0.18
2026-07-27 21:46:37,-0.09
2026-07-27 21:47:10,-0.21
2026-07-27 21:49:12,-0.19
2026-07-27 21:49:20,-0.11
2026-07-27 21:49:52,-0.18
2026-07-27 21:50:19,-0.10
2026-07-27 21:51:19,-0.11
2026-07-27 21:52:34,-0.19
2026-07-27 21:53:34,-0.18
2026-07-27 21:53:38,-0.11
2026-07-27 21:55:50,-0.17
2026-07-27 21:55:55,-0.06
2026-07-27 21:56:22,-0.09
2026-07-27 21:56:26,-0.19
2026-07-27 21:58:29,-0.20
2026-07-27 21:59:05,-0.07
2026-07-27 22:00:22,-0.11
2026-07-27 22:00:49,-0.21
2026-07-27 22:01:25,-0.17
2026-07-27 22:02:25,-0.12
2026-07-27 22:03:23,-0.17
2026-07-27 22:04:49,-0.16
2026-07-27 22:05:54,-0.12
2026-07-27 22:07:23,-0.10
2026-07-27 22:07:33,-0.18
2026-07-27 22:08:09,-0.12
2026-07-27 22:09:03,-0.19
2026-07-27 22:09:31,-0.17
2026-07-27 22:10:30,-0.10
2026-07-27 22:11:33,-0.19
2026-07-27 22:11:51,-0.11
2026-07-27 22:12:50,-0.17
2026-07-27 22:13:03,-0.11
2026-07-27 22:14:26,-0.17
2026-07-27 22:16:00,-0.12
2026-07-27 22:16:32,-0.18
2026-07-27 22:17:09,-0.08
2026-07-27 22:17:54,-0.18
2026-07-27 22:18:43,-0.12
2026-07-27 22:20:13,-0.09
2026-07-27 22:20:50,-0.19
2026-07-27 22:21:27,-0.12
2026-07-27 22:21:50,-0.18
2026-07-27 22:23:29,-0.11
2026-07-27 22:24:27,-0.20
2026-07-27 22:25:09,-0.10
2026-07-27 22:26:21,-0.11
2026-07-27 22:26:26,-0.20
2026-07-27 22:27:47,-0.19
2026-07-27 22:29:01,-0.11
2026-07-27 22:29:32,-0.19
2026-07-27 22:30:09,-0.08
2026-07-27 22:31:34,-0.18
2026-07-27 22:32:05,-0.10
2026-07-27 22:33:37,-0.19
2026-07-27 22:34:35,-0.18
2026-07-27 22:35:07,-0.07
2026-07-27 22:36:43,-0.19
2026-07-27 22:37:14,-0.11
2026-07-27 22:37:37,-0.20
2026-07-27 22:38:21,-0.12
2026-07-27 22:39:16,-0.22
2026-07-27 22:39:21,-0.12
2026-07-27 22:40:56,-0.11
2026-07-27 22:41:23,-0.21
2026-07-27 22:43:31,-0.19
2026-07-27 22:43:44,-0.09
2026-07-27 22:44:21,-0.21
2026-07-27 22:44:48,-0.12
2026-07-27 22:46:09,-0.21
2026-07-27 22:46:27,-0.09
2026-07-27 22:47:27,-0.11
2026-07-27 22:47:59,-0.19
2026-07-27 22:50:36,-0.13
2026-07-27 22:51:31,-0.22
2026-07-27 22:51:41,-0.11
2026-07-27 22:52:36,-0.18
2026-07-27 22:53:11,-0.07
2026-07-27 22:54:18,-0.12
2026-07-27 22:54:28,-0.22
2026-07-27 22:55:51,-0.23
2026-07-27 22:55:55,-0.10
2026-07-27 22:57:20,-0.21
2026-07-27 22:57:34,-0.08
2026-07-27 22:59:04,-0.23
2026-07-27 22:59:33,-0.01
2026-07-27 23:00:58,-0.20
2026-07-27 23:01:26,-0.11
2026-07-27 23:02:15,-0.21
2026-07-27 23:02:37,-0.06
2026-07-27 23:04:40,-0.21
2026-07-27 23:05:21,-0.10
2026-07-27 23:05:48,-0.20
2026-07-27 23:06:52,-0.11
2026-07-27 23:08:09,-0.07
2026-07-27 23:08:27,-0.23
2026-07-27 23:08:53,-0.21
2026-07-27 23:09:40,-0.09
2026-07-27 23:11:37,-0.06
2026-07-27 23:11:47,-0.21
2026-07-27 23:12:09,-0.12
2026-07-27 23:12:41,-0.21
2026-07-27 23:14:24,-0.22
2026-07-27 23:14:57,-0.11
2026-07-27 23:15:51,-0.23
2026-07-27 23:16:50,-0.07
2026-07-27 23:17:08,-0.10
2026-07-27 23:17:22,-0.24
2026-07-27 23:19:25,-0.23
2026-07-27 23:20:06,-0.09
2026-07-27 23:20:51,-0.21
2026-07-27 23:21:27,-0.09
2026-07-27 23:22:30,-0.21
2026-07-27 23:23:16,-0.06
2026-07-27 23:23:56,-0.23
2026-07-27 23:25:10,-0.07
2026-07-27 23:25:31,-0.22
2026-07-27 23:26:49,-0.08
2026-07-27 23:27:25,-0.20
2026-07-27 23:27:57,-0.03
2026-07-27 23:29:59,-0.23
2026-07-27 23:30:08,-0.02
2026-07-27 23:30:45,-0.20
2026-07-27 23:31:07,-0.09
2026-07-27 23:32:38,-0.30
2026-07-27 23:33:09,-0.10
2026-07-27 23:34:27,-0.25
2026-07-27 23:35:08,-0.12
2026-07-27 23:35:26,-0.18
2026-07-27 23:36:20,-0.09
2026-07-27 23:37:10,-0.20
2026-07-27 23:37:41,-0.11
2026-07-27 23:39:08,-0.08
2026-07-27 23:39:17,-0.20
2026-07-27 23:41:47,-0.12
2026-07-27 23:42:09,-0.19
2026-07-27 23:43:08,-0.11
2026-07-27 23:44:56,-0.20
2026-07-27 23:45:56,-0.24
2026-07-27 23:46:18,-0.08
2026-07-27 23:47:09,-0.24
2026-07-27 23:47:39,-0.06
2026-07-27 23:48:34,-0.12
2026-07-27 23:49:19,-0.19
2026-07-27 23:51:08,-0.11
2026-07-27 23:52:43,-0.19
2026-07-27 23:53:14,-0.10
2026-07-27 23:53:39,-0.11
2026-07-27 23:54:47,-0.19
2026-07-27 23:56:16,-0.09
2026-07-27 23:57:06,-0.18
2026-07-27 23:58:20,-0.09
2026-07-27 23:58:42,-0.21
2026-07-27 23:59:37,-0.11
2026-07-28 00:00:48,-0.10
2026-07-28 00:01:30,-0.20
2026-07-28 00:01:44,-0.18
2026-07-28 00:02:15,-0.11
2026-07-28 00:03:23,-0.17
2026-07-28 00:04:48,-0.09
2026-07-28 00:05:43,-0.04
2026-07-28 00:06:11,-0.21
2026-07-28 00:06:56,-0.11
2026-07-28 00:07:36,-0.20
2026-07-28 00:08:36,-0.11
2026-07-28 00:09:26,-0.20
2026-07-28 00:10:07,-0.18
2026-07-28 00:10:20,-0.14
2026-07-28 00:11:46,-0.12
2026-07-28 00:12:36,-0.19
2026-07-28 00:13:12,-0.18
2026-07-28 00:13:45,-0.10
2026-07-28 00:15:38,-0.17
2026-07-28 00:15:55,-0.11
2026-07-28 00:16:50,-0.17
2026-07-28 00:17:18,-0.08
2026-07-28 00:18:16,-0.18
2026-07-28 00:18:52,-0.11
2026-07-28 00:20:18,-0.18
2026-07-28 00:20:50,-0.11
2026-07-28 00:22:17,-0.19
2026-07-28 00:22:44,-0.11
2026-07-28 00:23:06,-0.18
2026-07-28 00:23:46,-0.05
2026-07-28 00:25:09,-0.17
2026-07-28 00:25:32,-0.10
2026-07-28 00:26:26,-0.09
2026-07-28 00:27:21,-0.21
2026-07-28 00:28:24,-0.25
2026-07-28 00:29:05,-0.07
2026-07-28 00:29:49,-0.24
2026-07-28 00:30:13,-0.10
2026-07-28 00:31:43,-0.18
2026-07-28 00:32:06,-0.10
2026-07-28 00:33:31,-0.21
2026-07-28 00:33:46,-0.10
2026-07-28 00:35:16,-0.07
2026-07-28 00:36:02,-0.20
2026-07-28 00:36:19,-0.19
2026-07-28 00:37:06,-0.06
2026-07-28 00:38:17,-0.11
2026-07-28 00:38:21,-0.21
2026-07-28 00:40:02,-0.10
2026-07-28 00:40:20,-0.18
2026-07-28 00:41:24,-0.23
2026-07-28 00:42:00,-0.09
2026-07-28 00:42:58,-0.17
2026-07-28 00:43:44,-0.10
2026-07-28 00:45:33,-0.11
2026-07-28 00:45:42,-0.18
2026-07-28 00:46:46,-0.22
2026-07-28 00:47:40,-0.11
2026-07-28 00:47:53,-0.08
2026-07-28 00:49:28,-0.21
2026-07-28 00:49:34,-0.11
2026-07-28 00:49:47,-0.17
2026-07-28 00:51:45,-0.18
2026-07-28 00:51:58,-0.11
2026-07-28 00:53:47,-0.17
2026-07-28 00:54:04,-0.09
2026-07-28 00:55:27,-0.16
2026-07-28 00:56:21,-0.09
2026-07-28 00:57:12,-0.16
2026-07-28 00:58:33,-0.10
2026-07-28 00:59:36,-0.17
2026-07-28 01:00:04,-0.04
2026-07-28 01:01:47,-0.12
2026-07-28 01:02:02,-0.17
2026-07-28 01:02:42,-0.18
2026-07-28 01:03:05,-0.09
2026-07-28 01:04:26,-0.12
2026-07-28 01:04:40,-0.18
2026-07-28 01:06:19,-0.19
2026-07-28 01:06:24,-0.11
2026-07-28 01:07:42,-0.13
2026-07-28 01:07:59,-0.16
2026-07-28 01:10:01,-0.11
2026-07-28 01:10:39,-0.19
2026-07-28 01:11:37,-0.11
2026-07-28 01:11:41,-0.18
2026-07-28 01:13:02,-0.11
2026-07-28 01:13:08,-0.17
2026-07-28 01:14:43,-0.18
2026-07-28 01:15:46,-0.11
2026-07-28 01:16:00,-0.18
2026-07-28 01:16:58,-0.11
2026-07-28 01:17:58,-0.07
2026-07-28 01:18:34,-0.16
2026-07-28 01:20:00,-0.18
2026-07-28 01:20:05,-0.12
2026-07-28 01:21:17,-0.17
2026-07-28 01:21:53,-0.13
2026-07-28 01:23:07,-0.18
2026-07-28 01:25:04,-0.12
2026-07-28 01:25:44,-0.18
2026-07-28 01:26:30,-0.13
2026-07-28 01:28:18,-0.11
2026-07-28 01:28:51,-0.17
2026-07-28 01:29:18,-0.09
2026-07-28 01:30:12,-0.19
2026-07-28 01:30:45,-0.11
2026-07-28 01:31:26,-0.17
2026-07-28 01:33:41,-0.11
2026-07-28 01:34:09,-0.12
2026-07-28 01:34:18,-0.16
2026-07-28 01:35:52,-0.17
2026-07-28 01:36:11,-0.04
2026-07-28 01:37:33,-0.13
2026-07-28 01:38:40,-0.17
2026-07-28 01:39:03,-0.12
2026-07-28 01:40:02,-0.17
2026-07-28 01:41:56,-0.13
2026-07-28 01:42:32,-0.20
2026-07-28 01:42:49,-0.11
2026-07-28 01:44:02,-0.13
2026-07-28 01:45:06,-0.19
2026-07-28 01:46:09,-0.13
2026-07-28 01:48:11,-0.12
2026-07-28 01:48:34,-0.18
2026-07-28 01:49:06,-0.20
2026-07-28 01:49:10,-0.11
2026-07-28 01:52:07,-0.17
2026-07-28 01:52:21,-0.12
2026-07-28 01:53:34,-0.18
2026-07-28 01:54:23,-0.08
2026-07-28 01:56:08,-0.18
2026-07-28 01:56:16,-0.13
2026-07-28 01:58:15,-0.19
2026-07-28 01:58:50,-0.13
2026-07-28 01:59:04,-0.17
2026-07-28 02:01:03,-0.18
2026-07-28 02:01:21,-0.13
2026-07-28 02:02:42,-0.17
2026-07-28 02:02:55,-0.13
2026-07-28 02:04:03,-0.19
2026-07-28 02:05:06,-0.12
2026-07-28 02:05:30,-0.19
2026-07-28 02:05:43,-0.13
2026-07-28 02:07:09,-0.19
2026-07-28 02:09:03,-0.14
2026-07-28 02:09:35,-0.20
2026-07-28 02:10:37,-0.12
2026-07-28 02:11:01,-0.17
2026-07-28 02:12:05,-0.18
2026-07-28 02:12:27,-0.06
2026-07-28 02:14:33,-0.14
2026-07-28 02:15:10,-0.19
2026-07-28 02:15:33,-0.18
2026-07-28 02:15:37,-0.14
2026-07-28 02:17:26,-0.19
2026-07-28 02:18:29,-0.14
2026-07-28 02:18:43,-0.18
2026-07-28 02:19:10,-0.14
2026-07-28 02:20:19,-0.13
2026-07-28 02:20:55,-0.20
2026-07-28 02:22:44,-0.21
2026-07-28 02:22:57,-0.13
2026-07-28 02:23:33,-0.14
2026-07-28 02:24:15,-0.19
2026-07-28 02:26:00,-0.13
2026-07-28 02:27:02,-0.14
2026-07-28 02:27:48,-0.18
2026-07-28 02:28:33,-0.13
2026-07-28 02:29:59,-0.19
2026-07-28 02:30:31,-0.09
2026-07-28 02:31:16,-0.18
2026-07-28 02:31:57,-0.19
2026-07-28 02:32:06,-0.15
2026-07-28 02:34:13,-0.14
2026-07-28 02:34:23,-0.19
2026-07-28 02:35:31,-0.14
2026-07-28 02:37:20,-0.15
2026-07-28 02:38:18,-0.20
2026-07-28 02:38:54,-0.16
2026-07-28 02:39:27,-0.21
2026-07-28 02:40:12,-0.20
2026-07-28 02:40:56,-0.14
2026-07-28 02:42:31,-0.15
2026-07-28 02:42:45,-0.19
2026-07-28 02:43:23,-0.15
2026-07-28 02:43:27,-0.19
2026-07-28 02:45:15,-0.18
2026-07-28 02:46:14,-0.14
2026-07-28 02:46:56,-0.19
2026-07-28 02:47:54,-0.13
2026-07-28 02:48:39,-0.04
2026-07-28 02:49:20,-0.21
2026-07-28 02:50:15,-0.22
2026-07-28 02:51:09,-0.15
2026-07-28 02:52:57,-0.22
2026-07-28 02:53:16,-0.20
2026-07-28 02:53:43,-0.17
2026-07-28 02:54:56,-0.16
2026-07-28 02:55:32,-0.21
2026-07-28 02:57:16,-0.15
2026-07-28 02:58:33,-0.14
2026-07-28 02:58:52,-0.21
2026-07-28 03:00:00,-0.20
2026-07-28 03:00:49,-0.16
2026-07-28 03:02:38,-0.14
2026-07-28 03:03:01,-0.21
2026-07-28 03:03:22,-0.20
2026-07-28 03:03:37,-0.15
2026-07-28 03:04:50,-0.20
2026-07-28 03:04:54,-0.15
2026-07-28 03:06:43,-0.09
2026-07-28 03:07:46,-0.21
2026-07-28 03:09:29,-0.16
2026-07-28 03:10:06,-0.20
2026-07-28 03:10:52,-0.17
2026-07-28 03:12:18,-0.16
2026-07-28 03:12:32,-0.20
2026-07-28 03:13:22,-0.21
2026-07-28 03:14:25,-0.16
2026-07-28 03:15:06,-0.23
2026-07-28 03:16:05,-0.16
2026-07-28 03:16:59,-0.21
2026-07-28 03:18:04,-0.16
2026-07-28 03:19:02,-0.21
2026-07-28 03:19:52,-0.17
2026-07-28 03:20:55,-0.21
2026-07-28 03:22:54,-0.16
2026-07-28 03:23:24,-0.20
2026-07-28 03:24:01,-0.15
2026-07-28 03:24:50,-0.09
2026-07-28 03:25:36,-0.20
2026-07-28 03:27:16,-0.28
2026-07-28 03:27:48,-0.11
2026-07-28 03:28:14,-0.24
2026-07-28 03:28:18,-0.04
2026-07-28 03:29:41,-0.11
2026-07-28 03:31:02,-0.24
2026-07-28 03:31:16,-0.20
2026-07-28 03:31:34,-0.15
2026-07-28 03:32:55,-0.21
2026-07-28 03:34:27,-0.13
2026-07-28 03:34:31,-0.32
2026-07-28 03:35:25,-0.12
2026-07-28 03:36:37,-0.14
2026-07-28 03:37:46,-0.22
2026-07-28 03:38:54,-0.26
2026-07-28 03:39:03,-0.12
2026-07-28 03:39:52,-0.06
2026-07-28 03:40:15,-0.22
2026-07-28 03:41:24,-0.21
2026-07-28 03:42:04,-0.10
2026-07-28 03:43:08,-0.11
2026-07-28 03:43:57,-0.21
2026-07-28 03:44:34,-0.15
2026-07-28 03:45:55,-0.21
2026-07-28 03:46:18,-0.14
2026-07-28 03:47:12,-0.24
2026-07-28 03:47:43,-0.21
2026-07-28 03:48:10,-0.14
2026-07-28 03:49:29,-0.22
2026-07-28 03:49:37,-0.14
2026-07-28 03:51:03,-0.22
2026-07-28 03:51:26,-0.14
2026-07-28 03:52:52,-0.23
2026-07-28 03:54:50,-0.14
2026-07-28 03:55:17,-0.21
2026-07-28 03:56:01,-0.14
2026-07-28 03:57:11,-0.21
2026-07-28 03:58:49,-0.14
2026-07-28 03:58:59,-0.21
2026-07-28 04:00:52,-0.13
2026-07-28 04:01:02,-0.08
2026-07-28 04:01:24,-0.21
2026-07-28 04:02:58,-0.14
2026-07-28 04:03:08,-0.22
2026-07-28 04:04:12,-0.15
2026-07-28 04:05:33,-0.21
2026-07-28 04:06:41,-0.14
2026-07-28 04:06:50,-0.21
2026-07-28 04:07:49,-0.14
2026-07-28 04:08:34,-0.24
2026-07-28 04:09:25,-0.15
2026-07-28 04:10:28,-0.20
2026-07-28 04:10:50,-0.15
2026-07-28 04:12:09,-0.20
2026-07-28 04:13:20,-0.14
2026-07-28 04:14:19,-0.20
2026-07-28 04:15:18,-0.14
2026-07-28 04:16:36,-0.21
2026-07-28 04:17:34,-0.23
2026-07-28 04:18:55,-0.12
2026-07-28 04:19:05,-0.10
2026-07-28 04:20:41,-0.20
2026-07-28 04:20:49,-0.14
2026-07-28 04:21:02,-0.20
2026-07-28 04:22:24,-0.19
2026-07-28 04:23:29,-0.13
2026-07-28 04:24:04,-0.21
2026-07-28 04:25:17,-0.14
2026-07-28 04:26:11,-0.22
2026-07-28 04:26:16,-0.12
2026-07-28 04:27:42,-0.14
2026-07-28 04:28:40,-0.21
2026-07-28 04:29:07,-0.15
2026-07-28 04:30:11,-0.22
2026-07-28 04:31:42,-0.20
2026-07-28 04:32:14,-0.11
2026-07-28 04:33:30,-0.13
2026-07-28 04:33:49,-0.22
2026-07-28 04:34:25,-0.21
2026-07-28 04:34:38,-0.14
2026-07-28 04:36:18,-0.13
2026-07-28 04:36:24,-0.21
2026-07-28 04:37:31,-0.10
2026-07-28 04:38:11,-0.19
2026-07-28 04:39:20,-0.14
2026-07-28 04:40:19,-0.23
2026-07-28 04:41:40,-0.14
2026-07-28 04:42:02,-0.20
2026-07-28 04:42:11,-0.21
2026-07-28 04:42:48,-0.14
2026-07-28 04:44:23,-0.22
2026-07-28 04:44:32,-0.12
2026-07-28 04:45:31,-0.11
2026-07-28 04:46:03,-0.22
2026-07-28 04:47:06,-0.14
2026-07-28 04:47:30,-0.21
2026-07-28 04:48:45,-0.25
2026-07-28 04:48:55,-0.13
2026-07-28 04:50:39,-0.14
2026-07-28 04:51:11,-0.20
2026-07-28 04:52:24,-0.15
2026-07-28 04:52:46,-0.21
2026-07-28 04:53:54,-0.19
2026-07-28 04:55:12,-0.15
2026-07-28 04:55:25,-0.11
2026-07-28 04:55:52,-0.21
2026-07-28 04:57:04,-0.14
2026-07-28 04:57:14,-0.25
2026-07-28 04:58:40,-0.21
2026-07-28 04:58:44,-0.16
2026-07-28 05:00:28,-0.22
2026-07-28 05:00:32,-0.15
2026-07-28 05:03:12,-0.23
2026-07-28 05:03:57,-0.21
2026-07-28 05:04:37,-0.14
2026-07-28 05:05:46,-0.11
2026-07-28 05:06:14,-0.25
2026-07-28 05:06:55,-0.22
2026-07-28 05:07:08,-0.12
2026-07-28 05:09:28,-0.22
2026-07-28 05:09:56,-0.13
2026-07-28 05:10:54,-0.11
2026-07-28 05:11:49,-0.24
2026-07-28 05:12:02,-0.22
2026-07-28 05:13:19,-0.11
2026-07-28 05:13:33,-0.09
2026-07-28 05:14:13,-0.21
2026-07-28 05:15:31,-0.13
2026-07-28 05:15:48,-0.20
2026-07-28 05:16:52,-0.14
2026-07-28 05:17:55,-0.22
2026-07-28 05:18:32,-0.21
2026-07-28 05:19:57,-0.15
2026-07-28 05:20:25,-0.19
2026-07-28 05:21:43,-0.11
2026-07-28 05:22:59,-0.20
2026-07-28 05:23:18,-0.11
2026-07-28 05:24:39,-0.19
2026-07-28 05:25:12,-0.20
2026-07-28 05:25:29,-0.14
2026-07-28 05:26:47,-0.19
2026-07-28 05:26:55,-0.15
2026-07-28 05:28:54,-0.22
2026-07-28 05:29:57,-0.11
2026-07-28 05:30:06,-0.18
2026-07-28 05:31:31,-0.08
2026-07-28 05:31:45,-0.12
2026-07-28 05:32:08,-0.20
2026-07-28 05:34:11,-0.19
2026-07-28 05:34:24,-0.11
2026-07-28 05:35:19,-0.19
2026-07-28 05:35:23,-0.12
2026-07-28 05:37:12,-0.10
2026-07-28 05:37:40,-0.19
2026-07-28 05:39:18,-0.13
2026-07-28 05:40:09,-0.18
2026-07-28 05:41:21,-0.12
2026-07-28 05:41:40,-0.10
2026-07-28 05:42:43,-0.18
2026-07-28 05:44:17,-0.11
2026-07-28 05:45:49,-0.18
2026-07-28 05:46:02,-0.11
2026-07-28 05:46:56,-0.18
2026-07-28 05:47:00,-0.11
2026-07-28 05:49:13,-0.05
2026-07-28 05:49:26,-0.18
2026-07-28 05:49:48,-0.11
2026-07-28 05:50:43,-0.19
2026-07-28 05:51:37,-0.18
2026-07-28 05:51:42,-0.12
2026-07-28 05:53:49,-0.19
2026-07-28 05:53:53,-0.10
2026-07-28 05:54:57,-0.11
2026-07-28 05:55:05,-0.18
2026-07-28 05:56:45,-0.11
2026-07-28 05:56:51,-0.16
2026-07-28 05:56:55,-0.15
2026-07-28 05:57:18,-0.10
2026-07-28 05:58:02,-0.20
2026-07-28 05:58:12,-0.19
2026-07-28 05:58:30,-0.12
2026-07-28 06:00:28,-0.23
2026-07-28 06:01:18,-0.04
2026-07-28 06:01:41,0.00
2026-07-28 06:01:45,-0.08
2026-07-28 06:03:11,-0.11
2026-07-28 06:03:39,0.00
2026-07-28 06:05:14,-0.07
2026-07-28 06:05:51,-0.17
2026-07-28 06:06:45,-0.05
2026-07-28 06:07:39,-0.18
2026-07-28 06:07:58,-0.03
2026-07-28 06:09:33,-0.20
2026-07-28 06:09:37,-0.12
2026-07-28 06:10:41,-0.20
2026-07-28 06:11:17,-0.13
2026-07-28 06:11:21,-0.19
2026-07-28 06:13:42,-0.12
2026-07-28 06:14:04,-0.21
2026-07-28 06:15:04,-0.22
2026-07-28 06:15:22,-0.12
2026-07-28 06:16:21,-0.10
2026-07-28 06:16:25,-0.23
2026-07-28 06:19:09,-0.22
2026-07-28 06:19:22,-0.13
2026-07-28 06:20:12,-0.11
2026-07-28 06:20:20,-0.21
2026-07-28 06:21:48,-0.15
2026-07-28 06:23:59,-0.24
2026-07-28 06:25:02,-0.23
2026-07-28 06:25:57,-0.09
2026-07-28 06:26:47,-0.12
2026-07-28 06:26:56,-0.23
2026-07-28 06:27:50,-0.22
2026-07-28 06:27:54,-0.12
2026-07-28 06:29:25,-0.14
2026-07-28 06:29:29,-0.21
2026-07-28 06:31:59,-0.12
2026-07-28 06:32:03,-0.23
2026-07-28 06:33:34,-0.12
2026-07-28 06:34:14,-0.25
2026-07-28 06:35:14,-0.27
2026-07-28 06:35:46,-0.05
2026-07-28 06:36:53,-0.26
2026-07-28 06:37:03,-0.09
2026-07-28 06:38:38,-0.02
2026-07-28 06:39:10,-0.25
2026-07-28 06:40:32,-0.35
2026-07-28 06:40:49,-0.05
2026-07-28 06:41:02,-0.02
2026-07-28 06:41:58,-0.31
2026-07-28 06:42:39,-0.25
2026-07-28 06:43:01,-0.04
2026-07-28 06:44:31,-0.23
2026-07-28 06:47:02,0.09
2026-07-28 06:47:19,-0.35
2026-07-28 06:47:37,-0.01
2026-07-28 06:47:42,-0.30
2026-07-28 06:49:21,-0.14
2026-07-28 06:49:54,-0.24
2026-07-28 06:51:28,-0.23
2026-07-28 06:52:05,-0.10
2026-07-28 06:53:36,-0.26
2026-07-28 06:53:46,-0.16
2026-07-28 06:54:21,-0.24
2026-07-28 06:55:07,-0.12
2026-07-28 06:56:46,-0.25
2026-07-28 06:56:55,-0.12
2026-07-28 06:58:53,-0.22
2026-07-28 06:59:02,-0.13
2026-07-28 06:59:17,-0.29
2026-07-28 07:00:28,-0.08
2026-07-28 07:01:18,-0.21
2026-07-28 07:01:28,-0.11
2026-07-28 07:03:02,-0.10
2026-07-28 07:03:16,-0.25
2026-07-28 07:04:51,-0.22
2026-07-28 07:05:19,-0.04
2026-07-28 07:06:22,-0.03
2026-07-28 07:06:44,-0.23
2026-07-28 07:07:25,-0.19
2026-07-28 07:07:48,-0.02
2026-07-28 07:09:23,0.00
2026-07-28 07:09:42,-0.30
2026-07-28 07:11:34,-0.05
2026-07-28 07:11:52,-0.28
2026-07-28 07:12:25,-0.06
2026-07-28 07:12:29,-0.25
2026-07-28 07:15:13,-0.04
2026-07-28 07:15:17,-0.22
2026-07-28 07:16:02,-0.19
2026-07-28 07:16:39,0.04
2026-07-28 07:17:24,-0.25
2026-07-28 07:17:37,0.01
2026-07-28 07:19:30,-0.18
2026-07-28 07:20:03,-0.01
2026-07-28 07:20:49,-0.23
2026-07-28 07:22:00,0.18
2026-07-28 07:22:41,0.32
2026-07-28 07:23:17,-0.05
2026-07-28 07:24:52,0.28
2026-07-28 07:25:39,0.34
2026-07-28 07:27:04,0.05
2026-07-28 07:27:45,0.18
2026-07-28 07:27:49,-0.11
2026-07-28 07:28:53,0.27
2026-07-28 07:30:22,2.54
2026-07-28 07:30:28,2.66
2026-07-28 07:31:39,5.89
2026-07-28 07:32:08,5.35
2026-07-28 07:33:10,7.29
2026-07-28 07:33:51,6.01
2026-07-28 07:35:12,3.60
2026-07-28 07:35:58,5.82
2026-07-28 07:37:02,4.11
2026-07-28 07:37:15,4.04
2026-07-28 07:37:52,5.02
2026-07-28 07:39:08,6.35
2026-07-28 07:40:07,4.09
2026-07-28 07:40:26,3.42
2026-07-28 07:41:48,5.28
2026-07-28 07:43:00,5.62
2026-07-28 07:43:36,4.02
2026-07-28 07:44:36,4.52
2026-07-28 07:45:16,3.09
2026-07-28 07:45:20,3.35
2026-07-28 07:46:18,1.25
2026-07-28 07:47:05,1.84
2026-07-28 07:47:27,0.77
2026-07-28 07:48:36,1.22
2026-07-28 07:49:06,3.22
2026-07-28 07:50:28,1.57
2026-07-28 07:51:23,0.36
2026-07-28 07:52:04,0.45
2026-07-28 07:52:35,0.03
2026-07-28 07:53:35,0.26
2026-07-28 07:54:24,-0.08
2026-07-28 07:55:50,0.11
2026-07-28 07:56:03,-0.19
2026-07-28 07:57:07,0.15
2026-07-28 07:58:11,-0.25
2026-07-28 07:59:15,-0.17
2026-07-28 07:59:28,0.40
2026-07-28 08:00:19,0.10
2026-07-28 08:01:34,-0.25
2026-07-28 08:01:53,-0.27
2026-07-28 08:02:10,0.00
2026-07-28 08:03:41,-0.20
2026-07-28 08:03:55,-0.09
2026-07-28 08:05:49,-0.03
2026-07-28 08:05:57,-0.23
2026-07-28 08:06:52,-0.05
2026-07-28 08:07:02,-0.23
2026-07-28 08:08:41,-0.19
2026-07-28 08:09:48,0.03
2026-07-28 08:10:44,-0.05
2026-07-28 08:11:25,-0.20
2026-07-28 08:12:19,0.04
2026-07-28 08:12:36,-0.30
2026-07-28 08:13:21,0.00
2026-07-28 08:13:57,-0.22
2026-07-28 08:15:07,-0.02
2026-07-28 08:15:11,-0.26
2026-07-28 08:18:03,-0.08
2026-07-28 08:19:07,-0.07
2026-07-28 08:19:29,-0.36
2026-07-28 08:20:18,-0.32
2026-07-28 08:20:24,-0.10
2026-07-28 08:22:08,-0.22
2026-07-28 08:23:06,-0.08
2026-07-28 08:24:01,-0.10
2026-07-28 08:24:33,-0.23
2026-07-28 08:24:55,-0.09
2026-07-28 08:26:00,-0.27
2026-07-28 08:27:25,-0.24
2026-07-28 08:27:48,-0.06
2026-07-28 08:28:28,-0.14
2026-07-28 08:29:17,-0.29
2026-07-28 08:30:17,-0.25
2026-07-28 08:31:11,-0.08
2026-07-28 08:31:52,-0.09
2026-07-28 08:32:32,-0.25
2026-07-28 08:33:26,-0.08
2026-07-28 08:33:32,-0.23
2026-07-28 08:35:21,-0.04
2026-07-28 08:36:14,-0.21
2026-07-28 08:36:34,-0.16
2026-07-28 08:38:04,0.02
2026-07-28 08:38:58,-0.10
2026-07-28 08:39:30,0.11
2026-07-28 08:39:53,0.22
2026-07-28 08:40:34,0.58
2026-07-28 08:42:22,0.27
2026-07-28 08:42:45,0.57
2026-07-28 08:43:17,0.37
2026-07-28 08:44:33,0.65
2026-07-28 08:45:00,0.42
2026-07-28 08:45:25,0.54
2026-07-28 08:47:17,0.20
2026-07-28 08:47:57,0.59
2026-07-28 08:48:11,0.55
2026-07-28 08:49:38,0.26
2026-07-28 08:49:47,0.22
2026-07-28 08:50:32,0.48
2026-07-28 08:51:30,0.26
2026-07-28 08:52:25,0.49
2026-07-28 08:53:03,0.39
2026-07-28 08:54:24,1.13
2026-07-28 08:54:50,1.19
2026-07-28 08:55:59,0.80
2026-07-28 08:56:20,0.89
2026-07-28 08:57:33,0.42
2026-07-28 08:58:14,0.48
2026-07-28 08:58:47,0.26
2026-07-28 08:59:36,0.40
2026-07-28 09:01:11,0.86
2026-07-28 09:01:15,0.73
2026-07-28 09:01:56,0.95
2026-07-28 09:02:51,0.84
2026-07-28 09:04:21,1.54
2026-07-28 09:04:31,1.43
2026-07-28 09:05:57,2.49
2026-07-28 09:06:11,2.19
2026-07-28 09:07:46,1.43
2026-07-28 09:07:54,1.59
2026-07-28 09:09:16,0.92
2026-07-28 09:09:30,1.09
2026-07-28 09:11:01,0.65
2026-07-28 09:11:36,0.78
2026-07-28 09:12:41,0.61
2026-07-28 09:12:49,0.55
2026-07-28 09:14:15,1.04
2026-07-28 09:14:24,1.03
2026-07-28 09:15:32,1.65
2026-07-28 09:16:18,1.54
2026-07-28 09:17:07,1.18
2026-07-28 09:17:48,1.50
2026-07-28 09:19:19,1.06
2026-07-28 09:19:23,1.15
2026-07-28 09:20:09,0.64
2026-07-28 09:21:48,0.51
2026-07-28 09:22:25,0.81
2026-07-28 09:24:04,0.32
2026-07-28 09:24:36,0.34
2026-07-28 09:25:26,0.61
2026-07-28 09:26:21,0.51
2026-07-28 09:27:14,0.83
2026-07-28 09:27:43,0.80
2026-07-28 09:29:08,1.59
2026-07-28 09:29:35,1.75
2026-07-28 09:30:20,1.19
2026-07-28 09:31:38,1.16
2026-07-28 09:32:27,1.52
2026-07-28 09:32:46,1.29
2026-07-28 09:34:11,2.64
2026-07-28 09:34:21,2.97
2026-07-28 09:34:56,4.84
2026-07-28 09:36:10,4.23
2026-07-28 09:36:50,5.10
2026-07-28 09:37:49,4.80
2026-07-28 09:39:01,5.82
2026-07-28 09:39:16,5.61
2026-07-28 09:40:15,4.49
2026-07-28 09:40:59,5.43
2026-07-28 09:42:26,3.94
2026-07-28 09:42:30,3.66
2026-07-28 09:44:05,1.12
2026-07-28 09:45:00,1.52
2026-07-28 09:45:18,1.12
2026-07-28 09:46:16,1.83
2026-07-28 09:47:21,1.24
2026-07-28 09:48:01,1.08
2026-07-28 09:48:55,1.36
2026-07-28 09:49:04,1.40
2026-07-28 09:50:35,0.92
2026-07-28 09:51:38,1.22
2026-07-28 09:52:15,0.84
2026-07-28 09:52:24,1.00
2026-07-28 09:53:45,0.58
2026-07-28 09:54:54,0.70
2026-07-28 09:55:20,0.35
2026-07-28 09:56:11,0.58
2026-07-28 09:57:01,0.87
2026-07-28 09:57:28,0.77
2026-07-28 09:58:55,1.25
2026-07-28 09:59:03,1.20
2026-07-28 10:00:29,0.81
2026-07-28 10:00:51,0.79
2026-07-28 10:01:10,1.02
2026-07-28 10:02:17,0.91
2026-07-28 10:03:53,0.67
2026-07-28 10:04:06,0.78
2026-07-28 10:05:32,0.50
2026-07-28 10:05:41,0.48
2026-07-28 10:07:03,1.11
2026-07-28 10:07:44,1.32
2026-07-28 10:08:11,0.90
2026-07-28 10:09:28,0.80
2026-07-28 10:10:27,1.29
2026-07-28 10:11:08,1.31
2026-07-28 10:11:30,0.98
2026-07-28 10:12:11,0.84
2026-07-28 10:13:42,0.46
2026-07-28 10:14:51,0.51
2026-07-28 10:15:26,0.23
2026-07-28 10:15:36,0.32
2026-07-28 10:16:43,0.17
2026-07-28 10:17:28,0.11
2026-07-28 10:18:41,0.22
2026-07-28 10:19:00,0.09
2026-07-28 10:19:18,0.28
2026-07-28 10:20:48,0.23
2026-07-28 10:21:38,0.03
2026-07-28 10:22:46,0.26
2026-07-28 10:23:23,0.05
2026-07-28 10:23:50,0.12
2026-07-28 10:24:31,0.26
2026-07-28 10:25:25,0.16
2026-07-28 10:26:38,0.36
2026-07-28 10:27:08,0.40
2026-07-28 10:27:59,0.13
2026-07-28 10:29:16,0.19
2026-07-28 10:30:06,0.28
2026-07-28 10:31:04,0.37
2026-07-28 10:31:49,0.22
2026-07-28 10:32:03,0.30
2026-07-28 10:33:29,0.18
2026-07-28 10:34:16,0.31
2026-07-28 10:35:14,0.18
2026-07-28 10:35:31,0.19
2026-07-28 10:36:49,0.03
2026-07-28 10:36:58,0.02
2026-07-28 10:38:15,0.13
2026-07-28 10:38:33,0.04
2026-07-28 10:40:00,-0.15
2026-07-28 10:40:17,-0.08
2026-07-28 10:41:26,-0.22
2026-07-28 10:42:25,-0.21
2026-07-28 10:42:56,-0.10
2026-07-28 10:43:33,-0.23
2026-07-28 10:44:23,-0.09
2026-07-28 10:45:09,-0.18
2026-07-28 10:46:25,-0.05
2026-07-28 10:47:33,0.06
2026-07-28 10:48:10,-0.17
2026-07-28 10:49:26,-0.03
2026-07-28 10:49:59,-0.25
2026-07-28 10:50:07,-0.26
2026-07-28 10:50:21,-0.09
2026-07-28 10:52:01,-0.12
2026-07-28 10:52:38,-0.26
2026-07-28 10:54:03,-0.05
2026-07-28 10:54:35,-0.29
2026-07-28 10:55:33,-0.05
2026-07-28 10:56:51,-0.29
2026-07-28 10:58:17,-0.13
2026-07-28 10:58:45,-0.29
2026-07-28 10:59:25,-0.11
2026-07-28 11:01:00,-0.16
2026-07-28 11:01:33,-0.28
2026-07-28 11:02:13,-0.29
2026-07-28 11:02:18,-0.15
2026-07-28 11:04:29,-0.24
2026-07-28 11:04:38,-0.13
2026-07-28 11:05:01,-0.26
2026-07-28 11:06:23,-0.12
2026-07-28 11:07:07,-0.16
2026-07-28 11:07:39,-0.27
2026-07-28 11:08:25,-0.16
2026-07-28 11:09:46,-0.27
2026-07-28 11:10:27,-0.13
2026-07-28 11:10:53,-0.24
2026-07-28 11:12:12,-0.12
2026-07-28 11:12:39,-0.23
2026-07-28 11:14:09,-0.24
2026-07-28 11:14:41,-0.10
2026-07-28 11:15:08,-0.13
2026-07-28 11:16:02,-0.25
2026-07-28 11:16:43,-0.14
2026-07-28 11:17:33,-0.25
2026-07-28 11:19:07,-0.24
2026-07-28 11:19:36,-0.15
2026-07-28 11:19:53,-0.25
2026-07-28 11:21:15,-0.11
2026-07-28 11:21:33,-0.24
2026-07-28 11:22:23,-0.13
2026-07-28 11:23:53,-0.23
2026-07-28 11:24:39,-0.14
2026-07-28 11:25:06,-0.22
2026-07-28 11:25:47,-0.14
2026-07-28 11:26:32,-0.25
2026-07-28 11:27:49,-0.14
2026-07-28 11:28:21,-0.21
2026-07-28 11:29:10,-0.12
2026-07-28 11:30:04,-0.21
2026-07-28 11:30:37,-0.11
2026-07-28 11:31:27,-0.20
2026-07-28 11:31:58,-0.07
2026-07-28 11:33:05,-0.14
2026-07-28 11:34:37,-0.23
2026-07-28 11:36:07,-0.13
2026-07-28 11:36:12,-0.22
2026-07-28 11:37:21,-0.23
2026-07-28 11:37:51,-0.12
2026-07-28 11:38:28,-0.22
2026-07-28 11:38:51,-0.11
2026-07-28 11:40:22,-0.13
2026-07-28 11:41:02,-0.22
2026-07-28 11:42:33,-0.12
2026-07-28 11:42:51,-0.21
2026-07-28 11:43:51,-0.09
2026-07-28 11:45:25,-0.21
2026-07-28 11:45:52,-0.09
2026-07-28 11:46:42,-0.14
2026-07-28 11:47:00,-0.21
2026-07-28 11:48:36,-0.22
2026-07-28 11:48:49,-0.10
2026-07-28 11:49:43,-0.06
2026-07-28 11:50:21,-0.22
2026-07-28 11:51:19,-0.20
2026-07-28 11:52:23,0.40
2026-07-28 11:52:58,0.41
2026-07-28 11:54:21,0.05
2026-07-28 11:54:34,0.16
2026-07-28 11:55:29,0.59
2026-07-28 11:56:19,0.69
2026-07-28 11:57:21,0.37
2026-07-28 11:58:06,0.58
2026-07-28 11:58:57,0.15
2026-07-28 12:00:00,-0.03
2026-07-28 12:00:32,0.31
2026-07-28 12:01:54,-0.06
2026-07-28 12:01:58,0.31
2026-07-28 12:02:43,0.18
2026-07-28 12:04:18,0.98
2026-07-28 12:04:32,0.94
2026-07-28 12:04:59,0.49
2026-07-28 12:06:31,0.76
2026-07-28 12:07:01,0.43
2026-07-28 12:07:46,0.62
2026-07-28 12:08:59,0.26
2026-07-28 12:09:27,0.46
2026-07-28 12:10:48,0.18
2026-07-28 12:10:58,0.32
2026-07-28 12:12:19,0.09
2026-07-28 12:13:22,0.22
2026-07-28 12:14:09,-0.04
2026-07-28 12:14:22,0.09
2026-07-28 12:15:39,-0.17
2026-07-28 12:15:57,0.01
2026-07-28 12:17:19,-0.20
2026-07-28 12:17:42,-0.09
2026-07-28 12:18:04,-0.23
2026-07-28 12:19:48,-0.26
2026-07-28 12:20:28,-0.04
2026-07-28 12:21:06,-0.21
2026-07-28 12:22:21,0.24
2026-07-28 12:22:40,0.28
2026-07-28 12:24:06,-0.18
2026-07-28 12:24:56,-0.20
2026-07-28 12:25:20,0.03
2026-07-28 12:25:50,-0.08
2026-07-28 12:26:50,0.11
2026-07-28 12:28:02,0.06
2026-07-28 12:28:44,-0.18
2026-07-28 12:29:19,0.04
2026-07-28 12:30:32,-0.23
2026-07-28 12:31:48,-0.18
2026-07-28 12:31:53,0.01
2026-07-28 12:33:15,-0.27
2026-07-28 12:34:00,0.03
2026-07-28 12:34:41,-0.43
2026-07-28 12:35:17,0.02
2026-07-28 12:36:30,-0.28
2026-07-28 12:37:43,-0.22
2026-07-28 12:38:10,-0.03
2026-07-28 12:39:05,-0.13
2026-07-28 12:40:35,0.65
2026-07-28 12:40:45,0.90
2026-07-28 12:41:43,-0.07
2026-07-28 12:42:47,0.08
2026-07-28 12:43:49,-0.23
2026-07-28 12:44:13,0.04
2026-07-28 12:44:45,-0.21
2026-07-28 12:46:19,-0.11
2026-07-28 12:46:51,0.27
2026-07-28 12:48:09,0.22
2026-07-28 12:48:44,-0.11
2026-07-28 12:48:54,0.02
2026-07-28 12:50:15,-0.19
2026-07-28 12:51:27,-0.21
2026-07-28 12:52:04,0.14
2026-07-28 12:53:21,-0.33
2026-07-28 12:53:44,0.07
2026-07-28 12:55:01,0.17
2026-07-28 12:55:19,-0.20
2026-07-28 12:55:42,-0.17
2026-07-28 12:56:41,0.33
2026-07-28 12:57:13,0.08
2026-07-28 12:57:22,0.55
2026-07-28 12:59:15,0.41
2026-07-28 13:00:14,-0.07
2026-07-28 13:00:37,0.07
2026-07-28 13:02:03,0.74
2026-07-28 13:02:16,1.32
2026-07-28 13:02:44,0.69
2026-07-28 13:04:06,0.79
2026-07-28 13:05:04,1.50
2026-07-28 13:05:45,2.42
2026-07-28 13:07:02,0.58
2026-07-28 13:07:15,0.99
2026-07-28 13:08:41,-0.09
2026-07-28 13:09:04,-0.37
2026-07-28 13:09:45,0.14
2026-07-28 13:10:39,-0.23
2026-07-28 13:11:07,-0.03
2026-07-28 13:12:05,-0.01
2026-07-28 13:12:42,-0.25
2026-07-28 13:14:12,-0.22
2026-07-28 13:14:26,-0.06
2026-07-28 13:16:28,-0.22
2026-07-28 13:16:42,-0.06
2026-07-28 13:18:12,-0.26
2026-07-28 13:18:30,-0.05
2026-07-28 13:19:48,-0.22
2026-07-28 13:21:04,0.00
2026-07-28 13:22:44,0.04
2026-07-28 13:23:21,-0.23
2026-07-28 13:23:35,-0.16
2026-07-28 13:23:44,-0.02
2026-07-28 13:25:50,-0.05
2026-07-28 13:26:13,-0.21
2026-07-28 13:27:21,-0.20
2026-07-28 13:28:15,-0.03
2026-07-28 13:29:14,-0.20
2026-07-28 13:29:50,-0.08
2026-07-28 13:30:13,-0.20
2026-07-28 13:31:43,-0.03
2026-07-28 13:31:53,-0.19
2026-07-28 13:33:19,-0.03
2026-07-28 13:33:32,-0.04
2026-07-28 13:34:14,-0.17
2026-07-28 13:35:22,-0.20
2026-07-28 13:36:29,-0.07
2026-07-28 13:36:47,-0.19
2026-07-28 13:37:41,-0.07
2026-07-28 13:38:40,-0.06
2026-07-28 13:38:59,-0.18
2026-07-28 13:40:21,-0.06
2026-07-28 13:40:25,-0.18
2026-07-28 13:42:05,-0.16
2026-07-28 13:42:45,-0.04
2026-07-28 13:43:40,-0.05
2026-07-28 13:43:49,-0.17
2026-07-28 13:46:05,-0.01
2026-07-28 13:46:37,-0.18
2026-07-28 13:46:55,-0.15
2026-07-28 13:48:02,-0.05
2026-07-28 13:49:20,-0.03
2026-07-28 13:49:47,-0.17
2026-07-28 13:50:06,-0.06
2026-07-28 13:51:49,-0.18
2026-07-28 13:52:12,-0.04
2026-07-28 13:53:52,-0.16
2026-07-28 13:53:56,-0.01
2026-07-28 13:55:50,-0.17
2026-07-28 13:55:58,-0.01
2026-07-28 13:56:39,-0.18
2026-07-28 13:57:35,0.01
2026-07-28 13:58:19,-0.16
2026-07-28 13:58:33,0.00
2026-07-28 14:00:03,-0.14
2026-07-28 14:00:54,-0.03
2026-07-28 14:02:42,-0.04
2026-07-28 14:02:55,-0.18
2026-07-28 14:03:36,0.00
2026-07-28 14:04:03,-0.15
2026-07-28 14:05:21,0.00
2026-07-28 14:05:30,-0.11
2026-07-28 14:06:29,0.00
2026-07-28 14:07:59,-0.14
2026-07-28 14:08:17,-0.13
2026-07-28 14:08:22,-0.03
2026-07-28 14:10:52,-0.17
2026-07-28 14:11:28,-0.12
2026-07-28 14:12:18,0.00
2026-07-28 14:13:03,-0.01
2026-07-28 14:14:01,-0.11
2026-07-28 14:15:33,-0.10
2026-07-28 14:16:09,0.00
2026-07-28 14:17:09,-0.10
2026-07-28 14:18:57,-0.11
2026-07-28 14:19:24,0.01
2026-07-28 14:20:05,-0.11
2026-07-28 14:20:45,0.02
2026-07-28 14:22:12,-0.07
2026-07-28 14:23:37,0.01
2026-07-28 14:24:01,-0.10
2026-07-28 14:25:59,0.00
2026-07-28 14:26:08,-0.08
2026-07-28 14:26:29,-0.10
2026-07-28 14:26:49,-0.01
2026-07-28 14:29:23,0.03
2026-07-28 14:29:31,-0.07
2026-07-28 14:30:45,-0.10
2026-07-28 14:31:06,0.03
2026-07-28 14:31:15,0.04
2026-07-28 14:31:25,-0.06
2026-07-28 14:33:05,0.06
2026-07-28 14:33:18,-0.06
2026-07-28 14:34:34,0.03
2026-07-28 14:34:58,-0.06
2026-07-28 14:36:29,-0.11
2026-07-28 14:36:42,0.02
2026-07-28 14:38:03,0.03
2026-07-28 14:38:16,-0.04
2026-07-28 14:39:53,0.06
2026-07-28 14:40:56,-0.05
2026-07-28 14:41:37,-0.07
2026-07-28 14:42:26,0.03
2026-07-28 14:42:45,-0.03
2026-07-28 14:43:26,0.03
2026-07-28 14:45:28,-0.07
2026-07-28 14:45:46,0.04
2026-07-28 14:47:12,-0.05
2026-07-28 14:47:44,0.04
2026-07-28 14:48:07,-0.03
2026-07-28 14:49:42,-0.05
2026-07-28 14:50:23,0.04
2026-07-28 14:51:40,0.03
2026-07-28 14:52:03,-0.07
2026-07-28 14:53:01,-0.10
2026-07-28 14:53:06,0.05
2026-07-28 14:54:36,-0.07
2026-07-28 14:55:13,0.04
2026-07-28 14:57:24,-0.06
2026-07-28 14:58:28,-0.04
2026-07-28 14:58:36,0.09
2026-07-28 14:59:27,0.07
2026-07-28 14:59:49,-0.09
2026-07-28 15:01:16,0.02
2026-07-28 15:01:20,-0.04
2026-07-28 15:03:00,0.03
2026-07-28 15:03:23,-0.04
2026-07-28 15:04:17,-0.03
2026-07-28 15:05:38,0.03
2026-07-28 15:05:56,0.04
2026-07-28 15:07:09,-0.04
2026-07-28 15:08:17,-0.03
2026-07-28 15:08:53,0.05
2026-07-28 15:09:15,0.06
2026-07-28 15:09:34,-0.03
2026-07-28 15:11:31,0.05
2026-07-28 15:12:08,-0.02
2026-07-28 15:12:35,-0.03
2026-07-28 15:13:02,0.09
2026-07-28 15:14:10,-0.02
2026-07-28 15:15:14,0.06
2026-07-28 15:15:45,0.00
2026-07-28 15:16:12,0.11
2026-07-28 15:17:25,0.00
2026-07-28 15:17:47,0.05
2026-07-28 15:19:50,0.07
2026-07-28 15:20:30,0.00
2026-07-28 15:20:54,0.04
2026-07-28 15:21:25,-0.03
2026-07-28 15:22:24,-0.01
2026-07-28 15:22:42,0.05
2026-07-28 15:24:13,0.00
2026-07-28 15:24:27,0.07
2026-07-28 15:26:34,-0.02
2026-07-28 15:27:51,0.11
2026-07-28 15:28:13,-0.02
2026-07-28 15:29:40,-0.01
2026-07-28 15:30:30,0.09
2026-07-28 15:31:47,0.08
2026-07-28 15:31:52,-0.03
2026-07-28 15:32:18,-0.04
2026-07-28 15:33:49,0.07
2026-07-28 15:33:59,0.11
2026-07-28 15:35:20,-0.01
2026-07-28 15:35:51,-0.03
2026-07-28 15:36:31,0.11
2026-07-28 15:38:12,-0.03
2026-07-28 15:38:45,0.10
2026-07-28 15:38:53,0.06
2026-07-28 15:40:00,-0.04
2026-07-28 15:41:46,0.09
2026-07-28 15:41:50,-0.04
2026-07-28 15:42:21,-0.02
2026-07-28 15:42:35,0.08
2026-07-28 15:45:14,-0.02
2026-07-28 15:45:32,0.07
2026-07-28 15:46:57,-0.01
2026-07-28 15:47:44,0.07
2026-07-28 15:48:29,-0.03
2026-07-28 15:50:00,0.07
2026-07-28 15:51:03,0.11
2026-07-28 15:51:17,-0.01
2026-07-28 15:52:20,0.12
2026-07-28 15:53:20,0.00
2026-07-28 15:53:55,0.07
2026-07-28 15:55:12,-0.02
2026-07-28 15:56:53,-0.03
2026-07-28 15:56:57,0.08
2026-07-28 15:57:51,-0.01
2026-07-28 15:58:37,0.10
2026-07-28 15:59:08,-0.02
2026-07-28 15:59:31,0.08
2026-07-28 16:00:20,0.13
2026-07-28 16:00:25,-0.04
2026-07-28 16:02:13,0.09
2026-07-28 16:03:13,-0.02
2026-07-28 16:04:35,0.00
2026-07-28 16:04:40,0.06
2026-07-28 16:05:34,0.09
2026-07-28 16:05:56,-0.03
2026-07-28 16:07:22,0.09
2026-07-28 16:08:22,-0.01
2026-07-28 16:08:36,0.00
2026-07-28 16:10:05,0.07
2026-07-28 16:11:23,0.11
2026-07-28 16:11:36,-0.02
2026-07-28 16:12:22,-0.01
2026-07-28 16:13:03,0.06
2026-07-28 16:14:47,-0.01
2026-07-28 16:15:18,-0.02
2026-07-28 16:15:50,0.07
2026-07-28 16:16:55,0.05
2026-07-28 16:18:10,0.00
2026-07-28 16:18:43,0.07
2026-07-28 16:18:47,-0.01
2026-07-28 16:21:04,-0.03
2026-07-28 16:21:39,0.08
2026-07-28 16:21:49,-0.01
2026-07-28 16:22:25,0.09
2026-07-28 16:23:37,0.07
2026-07-28 16:24:09,-0.01
2026-07-28 16:25:03,0.00
2026-07-28 16:26:12,0.08
2026-07-28 16:26:52,-0.01
2026-07-28 16:27:20,0.05
2026-07-28 16:28:28,0.11
2026-07-28 16:29:36,0.00
2026-07-28 16:30:12,0.10
2026-07-28 16:31:06,-0.03
2026-07-28 16:31:48,0.06
2026-07-28 16:32:05,-0.01
2026-07-28 16:33:59,0.05
2026-07-28 16:34:53,-0.01
2026-07-28 16:35:25,0.00
2026-07-28 16:35:52,0.07
2026-07-28 16:37:05,-0.04
2026-07-28 16:37:59,0.06
2026-07-28 16:38:26,-0.01
2026-07-28 16:38:43,0.07
2026-07-28 16:40:33,0.06
2026-07-28 16:40:37,-0.01
2026-07-28 16:42:48,0.07
2026-07-28 16:43:48,0.00
2026-07-28 16:43:58,0.08
2026-07-28 16:45:05,0.00
2026-07-28 16:45:19,0.07
2026-07-28 16:46:59,-0.01
2026-07-28 16:47:26,0.11
2026-07-28 16:49:05,0.08
2026-07-28 16:49:29,0.00
2026-07-28 16:49:50,-0.03
2026-07-28 16:50:18,0.07
2026-07-28 16:51:44,-0.02
2026-07-28 16:51:57,0.06
2026-07-28 16:53:10,0.00
2026-07-28 16:53:24,0.06
2026-07-28 16:55:12,0.00
2026-07-28 16:55:26,0.07
2026-07-28 16:56:56,0.06
2026-07-28 16:57:28,-0.03
2026-07-28 16:58:04,0.06
2026-07-28 16:59:18,-0.03
2026-07-28 17:00:03,-0.01
2026-07-28 17:01:06,0.10
2026-07-28 17:01:29,0.01
2026-07-28 17:02:56,0.06
2026-07-28 17:03:00,-0.02
2026-07-28 17:04:34,0.09
2026-07-28 17:04:57,0.10
2026-07-28 17:05:06,0.02
2026-07-28 17:05:11,0.01
2026-07-28 17:05:33,0.11
2026-07-28 17:06:28,-0.02
2026-07-28 17:07:50,0.09
2026-07-28 17:07:59,0.06
2026-07-28 17:09:11,-0.03
2026-07-28 17:09:42,0.04
2026-07-28 17:10:37,-0.01
2026-07-28 17:11:27,-0.02
2026-07-28 17:12:48,0.06
2026-07-28 17:14:06,-0.01
2026-07-28 17:14:50,0.05
2026-07-28 17:15:14,-0.02
2026-07-28 17:16:58,0.07
2026-07-28 17:17:25,-0.01
2026-07-28 17:17:58,0.08
2026-07-28 17:18:56,0.00
2026-07-28 17:19:32,-0.05
2026-07-28 17:19:46,0.05
2026-07-28 17:22:29,-0.03
2026-07-28 17:22:34,0.06
2026-07-28 17:23:42,0.07
2026-07-28 17:24:13,-0.05
2026-07-28 17:24:50,0.02
2026-07-28 17:25:07,-0.02
2026-07-28 17:26:17,0.04
2026-07-28 17:26:52,-0.04
2026-07-28 17:27:55,-0.03
2026-07-28 17:28:13,0.03
2026-07-28 17:29:54,-0.03
2026-07-28 17:30:16,0.05
2026-07-28 17:32:09,0.03
2026-07-28 17:32:18,-0.03
2026-07-28 17:33:41,0.03
2026-07-28 17:34:35,0.02
2026-07-28 17:35:10,-0.03
2026-07-28 17:36:38,0.02
2026-07-28 17:37:41,0.00
2026-07-28 17:38:12,-0.03
2026-07-28 17:40:06,-0.04
2026-07-28 17:40:52,0.03
2026-07-28 17:42:30,-0.05
2026-07-28 17:42:48,0.00
2026-07-28 17:43:56,-0.04
2026-07-28 17:44:15,0.01
2026-07-28 17:44:47,-0.05
2026-07-28 17:45:59,-0.06
2026-07-28 17:46:31,-0.01
2026-07-28 17:48:19,-0.05
2026-07-28 17:49:24,-0.04
2026-07-28 17:50:18,0.00
2026-07-28 17:51:39,-0.01
2026-07-28 17:51:57,-0.05
2026-07-28 17:52:33,-0.01
2026-07-28 17:53:50,-0.05
2026-07-28 17:54:27,-0.01
2026-07-28 17:55:43,-0.05
2026-07-28 17:55:53,-0.04
2026-07-28 17:56:03,-0.02
2026-07-28 17:57:56,-0.05
2026-07-28 17:58:55,0.00
2026-07-28 17:59:08,0.03
2026-07-28 18:00:30,-0.05
2026-07-28 18:01:28,0.01
2026-07-28 18:02:13,-0.05
2026-07-28 18:03:00,0.01
2026-07-28 18:03:04,-0.05
2026-07-28 18:04:03,-0.01
2026-07-28 18:04:34,-0.07
2026-07-28 18:05:56,-0.03
2026-07-28 18:06:50,-0.07
2026-07-28 18:07:30,-0.03
2026-07-28 18:08:49,-0.07
2026-07-28 18:09:29,-0.04
2026-07-28 18:09:47,-0.08
2026-07-28 18:11:04,-0.07
2026-07-28 18:11:58,-0.02
2026-07-28 18:12:35,-0.03
2026-07-28 18:13:47,-0.07
2026-07-28 18:14:47,-0.01
2026-07-28 18:15:08,-0.07
2026-07-28 18:15:41,-0.05
2026-07-28 18:17:07,0.00
2026-07-28 18:18:09,0.01
2026-07-28 18:18:15,-0.06
2026-07-28 18:18:56,-0.02
2026-07-28 18:19:00,-0.07
2026-07-28 18:20:36,-0.02
2026-07-28 18:21:20,-0.06
2026-07-28 18:22:55,-0.08
2026-07-28 18:23:32,-0.03
2026-07-28 18:24:32,-0.01
2026-07-28 18:25:12,-0.08
2026-07-28 18:25:47,-0.09
2026-07-28 18:27:05,-0.01
2026-07-28 18:27:23,-0.07
2026-07-28 18:28:08,-0.02
2026-07-28 18:28:49,-0.08
2026-07-28 18:30:10,0.00
2026-07-28 18:30:37,-0.04
2026-07-28 18:31:18,0.02
2026-07-28 18:32:31,0.07
2026-07-28 18:33:11,-0.05
2026-07-28 18:34:11,-0.06
2026-07-28 18:35:05,0.06
2026-07-28 18:35:28,0.08
2026-07-28 18:36:49,-0.08
2026-07-28 18:37:03,0.00
2026-07-28 18:37:57,-0.09
2026-07-28 18:39:10,0.01
2026-07-28 18:39:33,-0.11
2026-07-28 18:40:32,-0.07
2026-07-28 18:40:36,-0.01
2026-07-28 18:42:02,-0.08
2026-07-28 18:43:37,0.08
2026-07-28 18:44:18,0.16
2026-07-28 18:45:03,-0.01
2026-07-28 18:45:22,0.00
2026-07-28 18:45:58,-0.06
2026-07-28 18:47:15,0.01
2026-07-28 18:47:19,-0.06
2026-07-28 18:49:40,-0.08
2026-07-28 18:49:53,0.04
2026-07-28 18:50:17,-0.06
2026-07-28 18:51:42,0.12
2026-07-28 18:52:01,0.10
2026-07-28 18:53:09,0.42
2026-07-28 18:53:41,0.37
2026-07-28 18:54:16,1.56
2026-07-28 18:55:16,1.13
2026-07-28 18:56:10,0.64
2026-07-28 18:56:59,0.83
2026-07-28 18:58:25,0.18
2026-07-28 18:58:31,0.20
2026-07-28 18:59:39,-0.03
2026-07-28 19:00:27,0.04
2026-07-28 19:01:46,-0.06
2026-07-28 19:02:04,-0.01
2026-07-28 19:03:02,-0.08
2026-07-28 19:03:56,-0.09
2026-07-28 19:04:33,-0.03
2026-07-28 19:06:04,-0.11
2026-07-28 19:06:44,-0.03
2026-07-28 19:06:50,-0.09
2026-07-28 19:07:12,-0.03
2026-07-28 19:08:38,-0.05
2026-07-28 19:08:42,-0.09
2026-07-28 19:10:32,-0.11
2026-07-28 19:10:40,-0.04
2026-07-28 19:12:02,-0.10
2026-07-28 19:12:07,-0.05
2026-07-28 19:14:22,-0.06
2026-07-28 19:14:32,-0.10
2026-07-28 19:15:30,-0.06
2026-07-28 19:16:16,-0.11
2026-07-28 19:17:24,-0.02
2026-07-28 19:18:31,-0.11
2026-07-28 19:19:26,-0.06
2026-07-28 19:20:39,-0.05
2026-07-28 19:20:47,-0.11
2026-07-28 19:22:14,-0.07
2026-07-28 19:23:00,-0.14
2026-07-28 19:23:17,-0.15
2026-07-28 19:24:29,-0.08
2026-07-28 19:25:07,-0.14
2026-07-28 19:25:15,-0.09
2026-07-28 19:26:42,-0.14
2026-07-28 19:27:17,-0.07
2026-07-28 19:28:30,-0.10
2026-07-28 19:29:48,-0.15
2026-07-28 19:30:55,-0.14
2026-07-28 19:31:18,-0.08
2026-07-28 19:31:46,-0.09
2026-07-28 19:33:02,-0.14
2026-07-28 19:33:53,-0.08
2026-07-28 19:35:32,-0.05
2026-07-28 19:35:59,-0.17
2026-07-28 19:37:07,-0.11
2026-07-28 19:38:56,-0.16
2026-07-28 19:39:50,-0.15
2026-07-28 19:40:04,-0.11
2026-07-28 19:41:57,-0.13
2026-07-28 19:42:12,-0.07
2026-07-28 19:43:09,-0.11
2026-07-28 19:44:23,-0.15
2026-07-28 19:45:12,-0.16
2026-07-28 19:46:20,-0.11
2026-07-28 19:46:47,-0.16
2026-07-28 19:47:14,-0.10
2026-07-28 19:48:08,-0.16
2026-07-28 19:48:18,-0.11
2026-07-28 19:50:10,-0.16
2026-07-28 19:51:10,-0.12
2026-07-28 19:51:23,-0.16
2026-07-28 19:52:09,-0.12
2026-07-28 19:53:03,-0.15
2026-07-28 19:53:52,-0.01
2026-07-28 19:54:39,-0.06
2026-07-28 19:56:09,-0.15
2026-07-28 19:56:18,-0.08
2026-07-28 19:57:35,-0.16
2026-07-28 19:58:42,-0.10
2026-07-28 20:00:31,-0.09
2026-07-28 20:01:08,-0.17
2026-07-28 20:01:40,-0.12
2026-07-28 20:01:49,-0.17
2026-07-28 20:02:57,-0.16
2026-07-28 20:03:10,-0.11
2026-07-28 20:05:04,-0.10
2026-07-28 20:05:49,-0.18
2026-07-28 20:06:20,-0.11
2026-07-28 20:07:33,-0.19
2026-07-28 20:08:19,-0.10
2026-07-28 20:08:23,-0.17
2026-07-28 20:10:12,-0.12
2026-07-28 20:11:07,-0.16
2026-07-28 20:11:42,-0.07
2026-07-28 20:12:56,-0.11
2026-07-28 20:13:36,-0.17
2026-07-28 20:14:30,-0.11
2026-07-28 20:15:03,-0.17
2026-07-28 20:17:00,-0.11
2026-07-28 20:18:49,-0.16
2026-07-28 20:19:29,-0.15
2026-07-28 20:20:10,-0.11
2026-07-28 20:21:09,-0.16
2026-07-28 20:21:31,-0.10
2026-07-28 20:23:57,-0.09
2026-07-28 20:24:06,-0.15
2026-07-28 20:24:38,-0.07
2026-07-28 20:25:45,-0.18
2026-07-28 20:26:31,-0.15
2026-07-28 20:27:21,-0.10
2026-07-28 20:28:47,-0.07
2026-07-28 20:29:13,-0.18
2026-07-28 20:29:50,-0.05
2026-07-28 20:30:40,-0.15
2026-07-28 20:31:48,-0.06
2026-07-28 20:32:38,-0.10
2026-07-28 20:33:46,-0.18
2026-07-28 20:34:14,-0.16
2026-07-28 20:35:44,-0.08
2026-07-28 20:36:20,-0.05
2026-07-28 20:37:19,-0.14
2026-07-28 20:37:55,-0.07
2026-07-28 20:38:54,-0.15
2026-07-28 20:40:06,-0.14
2026-07-28 20:40:34,-0.08
2026-07-28 20:40:56,-0.09
2026-07-28 20:42:23,-0.17
2026-07-28 20:43:27,-0.06
2026-07-28 20:43:31,-0.16
2026-07-28 20:44:16,-0.13
2026-07-28 20:45:05,-0.05
2026-07-28 20:46:42,-0.10
2026-07-28 20:47:23,0.02
2026-07-28 20:47:31,-0.08
2026-07-28 20:48:07,0.05
2026-07-28 20:49:05,0.02
2026-07-28 20:50:24,0.15
2026-07-28 20:51:26,0.06
2026-07-28 20:52:13,0.22
2026-07-28 20:52:47,0.39
2026-07-28 20:53:20,0.17
2026-07-28 20:54:24,0.28
2026-07-28 20:55:09,0.05
2026-07-28 20:55:41,0.13
2026-07-28 20:55:50,0.04
2026-07-28 20:58:10,0.13
2026-07-28 20:58:56,0.31
2026-07-28 20:59:00,0.36
2026-07-28 21:00:21,-0.02
2026-07-28 21:00:40,0.01
2026-07-28 21:01:48,-0.09
2026-07-28 21:02:28,-0.11
2026-07-28 21:03:37,0.00
2026-07-28 21:04:13,-0.02
2026-07-28 21:05:03,-0.13
2026-07-28 21:06:16,-0.04
2026-07-28 21:07:01,-0.11
2026-07-28 21:07:14,-0.06
2026-07-28 21:07:59,-0.14
2026-07-28 21:08:55,-0.06
2026-07-28 21:09:26,-0.18
2026-07-28 21:11:19,-0.07
2026-07-28 21:11:55,-0.15
2026-07-28 21:12:13,-0.07
2026-07-28 21:13:45,-0.16
2026-07-28 21:14:02,-0.17
2026-07-28 21:14:39,-0.08
2026-07-28 21:16:00,-0.17
2026-07-28 21:16:17,-0.10
2026-07-28 21:17:07,-0.12
2026-07-28 21:17:22,-0.16
2026-07-28 21:20:10,-0.10
2026-07-28 21:20:42,-0.17
2026-07-28 21:22:03,-0.11
2026-07-28 21:23:15,-0.16
2026-07-28 21:24:05,-0.08
2026-07-28 21:25:26,-0.12
2026-07-28 21:26:07,-0.17
2026-07-28 21:27:38,-0.12
2026-07-28 21:27:51,-0.17
2026-07-28 21:28:51,-0.12
2026-07-28 21:29:18,-0.17
2026-07-28 21:30:39,-0.16
2026-07-28 21:30:48,-0.12
2026-07-28 21:32:23,-0.11
2026-07-28 21:32:51,-0.17
2026-07-28 21:33:40,-0.10
2026-07-28 21:35:58,-0.16
2026-07-28 21:36:28,-0.12
2026-07-28 21:37:19,-0.16
2026-07-28 21:37:23,-0.11
2026-07-28 21:38:40,-0.15
2026-07-28 21:39:25,-0.10
2026-07-28 21:41:37,-0.14
2026-07-28 21:42:13,-0.06
2026-07-28 21:42:44,-0.16
2026-07-28 21:44:57,-0.09
2026-07-28 21:46:05,-0.16
2026-07-28 21:46:49,-0.09
2026-07-28 21:47:35,-0.15
2026-07-28 21:49:15,-0.16
2026-07-28 21:49:28,-0.08
2026-07-28 21:50:49,-0.12
2026-07-28 21:51:35,-0.18
2026-07-28 21:52:12,-0.11
2026-07-28 21:54:05,-0.18
2026-07-28 21:54:23,-0.13
2026-07-28 21:55:09,-0.18
2026-07-28 21:56:30,-0.13
2026-07-28 21:58:10,-0.18
2026-07-28 21:58:33,-0.14
2026-07-28 21:59:46,-0.19
2026-07-28 22:00:21,-0.04
2026-07-28 22:00:44,-0.17
2026-07-28 22:02:09,-0.18
2026-07-28 22:02:42,-0.13
2026-07-28 22:03:36,-0.12
2026-07-28 22:04:17,-0.18
2026-07-28 22:05:48,-0.12
2026-07-28 22:06:19,-0.19
2026-07-28 22:07:15,-0.09
2026-07-28 22:07:45,-0.19
2026-07-28 22:08:32,-0.18
2026-07-28 22:09:48,-0.11
2026-07-28 22:10:15,-0.17
2026-07-28 22:11:20,-0.09
2026-07-28 22:11:41,-0.19
2026-07-28 22:12:27,-0.08
2026-07-28 22:13:26,-0.10
2026-07-28 22:14:02,-0.21
2026-07-28 22:15:15,-0.11
2026-07-28 22:15:47,-0.18
2026-07-28 22:16:41,-0.07
2026-07-28 22:16:59,-0.17
2026-07-28 22:18:25,-0.03
2026-07-28 22:19:43,-0.21
2026-07-28 22:20:09,-0.14
2026-07-28 22:20:50,-0.01
2026-07-28 22:22:27,-0.10
2026-07-28 22:22:44,0.03
2026-07-28 22:23:48,-0.03
2026-07-28 22:24:09,0.07
2026-07-28 22:25:17,0.02
2026-07-28 22:25:44,-0.11
2026-07-28 22:26:26,0.04
2026-07-28 22:27:38,0.55
2026-07-28 22:28:24,0.45
2026-07-28 22:29:27,0.15
2026-07-28 22:29:50,0.35
2026-07-28 22:31:07,0.17
2026-07-28 22:32:01,0.30
2026-07-28 22:32:47,0.17
2026-07-28 22:33:51,0.13
2026-07-28 22:34:08,0.29
2026-07-28 22:34:40,0.18
2026-07-28 22:36:06,0.04
2026-07-28 22:36:20,0.12
2026-07-28 22:37:51,-0.06
2026-07-28 22:38:23,-0.10
2026-07-28 22:39:08,0.06
2026-07-28 22:39:44,-0.04
2026-07-28 22:41:06,0.23
2026-07-28 22:42:05,0.16
2026-07-28 22:42:32,0.31
2026-07-28 22:43:39,0.33
2026-07-28 22:43:58,0.14
2026-07-28 22:44:52,0.07
2026-07-28 22:45:05,0.27
2026-07-28 22:46:41,0.24
2026-07-28 22:47:16,0.04
2026-07-28 22:47:57,0.09
2026-07-28 22:49:24,0.33
2026-07-28 22:49:51,0.37
2026-07-28 22:50:55,0.65
2026-07-28 22:51:40,0.84
2026-07-28 22:52:02,0.58
2026-07-28 22:53:15,0.95
2026-07-28 22:54:24,0.49
2026-07-28 22:55:22,0.53
2026-07-28 22:55:58,0.31
2026-07-28 22:56:07,0.33
2026-07-28 22:57:11,0.07
2026-07-28 22:58:29,0.12
2026-07-28 22:59:04,0.36
2026-07-28 22:59:50,0.37
2026-07-28 23:00:40,0.07
2026-07-28 23:01:11,0.06
2026-07-28 23:02:28,-0.08
2026-07-28 23:03:27,-0.11
2026-07-28 23:03:36,-0.02
2026-07-28 23:04:31,-0.09
2026-07-28 23:05:52,0.07
2026-07-28 23:06:15,0.10
2026-07-28 23:07:18,-0.09
2026-07-28 23:07:49,-0.04
2026-07-28 23:08:54,-0.11
2026-07-28 23:09:35,-0.05
2026-07-28 23:10:16,-0.14
2026-07-28 23:11:45,-0.09
2026-07-28 23:12:23,-0.18
2026-07-28 23:12:50,-0.14
2026-07-28 23:13:08,-0.18
2026-07-28 23:15:06,-0.13
2026-07-28 23:16:05,-0.14
2026-07-28 23:17:17,-0.18
2026-07-28 23:17:58,-0.19
2026-07-28 23:18:43,-0.13
2026-07-28 23:20:01,-0.19
2026-07-28 23:20:22,-0.14
2026-07-28 23:21:12,-0.15
2026-07-28 23:22:07,-0.19
2026-07-28 23:23:01,-0.13
2026-07-28 23:24:37,-0.19
2026-07-28 23:25:25,-0.10
2026-07-28 23:25:49,-0.13
2026-07-28 23:26:43,-0.20
2026-07-28 23:27:27,-0.14
2026-07-28 23:28:19,-0.22
2026-07-28 23:29:17,-0.20
2026-07-28 23:30:21,-0.08
2026-07-28 23:30:52,-0.21
2026-07-28 23:31:10,-0.16
2026-07-28 23:33:36,-0.21
2026-07-28 23:33:40,-0.13
2026-07-28 23:34:07,-0.15
2026-07-28 23:35:38,-0.21
2026-07-28 23:35:43,-0.19
2026-07-28 23:36:51,-0.13
2026-07-28 23:37:22,-0.19
2026-07-28 23:38:40,-0.13
2026-07-28 23:39:16,-0.19
2026-07-28 23:40:15,-0.12
2026-07-28 23:41:45,-0.18
2026-07-28 23:41:58,-0.12
2026-07-28 23:43:12,-0.18
2026-07-28 23:43:29,-0.06
2026-07-28 23:44:01,-0.09
2026-07-28 23:44:50,-0.14
2026-07-28 23:45:45,-0.12
2026-07-28 23:46:53,-0.03
2026-07-28 23:48:10,0.04
2026-07-28 23:48:38,-0.11
2026-07-28 23:49:09,-0.10
2026-07-28 23:49:14,0.00
2026-07-28 23:51:53,-0.09
2026-07-28 23:51:57,-0.03
2026-07-28 23:53:04,-0.11
2026-07-28 23:54:26,-0.14
2026-07-28 23:55:11,-0.03
2026-07-28 23:55:35,-0.06
2026-07-28 23:56:11,-0.13
2026-07-28 23:57:45,-0.15
2026-07-28 23:58:36,-0.07
2026-07-28 23:59:25,-0.11
2026-07-28 23:59:35,-0.19
2026-07-29 00:00:29,-0.12
2026-07-29 00:00:52,-0.17
2026-07-29 00:03:17,-0.18
2026-07-29 00:03:21,-0.11
2026-07-29 00:05:15,-0.18
2026-07-29 00:06:18,-0.06
2026-07-29 00:07:09,-0.19
2026-07-29 00:07:17,-0.14
2026-07-29 00:09:37,-0.13
2026-07-29 00:10:18,-0.18
2026-07-29 00:11:32,-0.12
2026-07-29 00:12:12,-0.06
2026-07-29 00:13:25,-0.16
2026-07-29 00:14:06,-0.18
2026-07-29 00:14:47,-0.09
2026-07-29 00:16:08,-0.10
2026-07-29 00:16:35,-0.21
2026-07-29 00:17:10,-0.18
2026-07-29 00:18:01,-0.05
2026-07-29 00:18:50,-0.16
2026-07-29 00:19:09,-0.09
2026-07-29 00:20:35,-0.15
2026-07-29 00:20:48,-0.07
2026-07-29 00:22:29,-0.18
2026-07-29 00:22:55,-0.06
2026-07-29 00:24:08,-0.17
2026-07-29 00:24:27,-0.05
2026-07-29 00:25:12,-0.12
2026-07-29 00:26:24,-0.17
2026-07-29 00:26:51,-0.18
2026-07-29 00:27:09,-0.11
2026-07-29 00:28:40,-0.13
2026-07-29 00:29:35,-0.17
2026-07-29 00:30:29,-0.19
2026-07-29 00:31:18,-0.06
2026-07-29 00:31:50,-0.21
2026-07-29 00:32:53,0.00
2026-07-29 00:33:39,-0.12
2026-07-29 00:34:20,-0.03
2026-07-29 00:36:35,-0.18
2026-07-29 00:38:11,-0.15
2026-07-29 00:38:15,-0.03
2026-07-29 00:38:47,-0.06
2026-07-29 00:39:01,-0.17
2026-07-29 00:40:17,-0.16
2026-07-29 00:41:30,-0.07
2026-07-29 00:42:34,0.02
2026-07-29 00:43:00,-0.15
2026-07-29 00:43:55,0.00
2026-07-29 00:44:12,-0.16
2026-07-29 00:45:11,-0.18
2026-07-29 00:46:06,-0.10
2026-07-29 00:47:09,-0.05
2026-07-29 00:47:50,-0.21
2026-07-29 00:48:36,-0.16
2026-07-29 00:49:03,-0.06
2026-07-29 00:50:25,-0.02
2026-07-29 00:50:48,-0.18
2026-07-29 00:52:28,-0.01
2026-07-29 00:53:57,0.00
2026-07-29 00:54:43,-0.13
2026-07-29 00:55:28,-0.02
2026-07-29 00:55:51,-0.15
2026-07-29 00:56:45,-0.14
2026-07-29 00:57:45,0.06
2026-07-29 00:58:16,0.04
2026-07-29 00:58:47,-0.16
2026-07-29 01:00:14,-0.18
2026-07-29 01:00:55,0.00
2026-07-29 01:02:35,-0.22
2026-07-29 01:03:10,-0.14
2026-07-29 01:04:36,-0.04
2026-07-29 01:05:00,-0.09
2026-07-29 01:05:13,-0.21
2026-07-29 01:06:44,-0.19
2026-07-29 01:07:29,-0.05
2026-07-29 01:08:24,-0.16
2026-07-29 01:08:51,-0.01
2026-07-29 01:09:45,-0.09
2026-07-29 01:10:13,-0.18
2026-07-29 01:11:52,-0.07
2026-07-29 01:12:37,-0.19
2026-07-29 01:13:04,-0.17
2026-07-29 01:14:12,-0.06
2026-07-29 01:16:19,-0.20
2026-07-29 01:16:29,-0.07
2026-07-29 01:16:50,-0.17
2026-07-29 01:18:57,0.01
2026-07-29 01:19:06,-0.17
2026-07-29 01:19:52,-0.14
2026-07-29 01:21:09,0.17
2026-07-29 01:21:27,0.05
2026-07-29 01:22:48,1.90
2026-07-29 01:23:20,2.22
2026-07-29 01:24:07,1.30
2026-07-29 01:24:37,2.17
2026-07-29 01:25:55,1.00
2026-07-29 01:26:22,1.34
2026-07-29 01:27:22,0.10
2026-07-29 01:28:24,0.31
2026-07-29 01:29:28,-0.09
2026-07-29 01:30:13,0.06
2026-07-29 01:30:58,-0.20
2026-07-29 01:31:35,-0.19
2026-07-29 01:31:58,-0.09
2026-07-29 01:33:15,-0.12
2026-07-29 01:34:22,-0.19
2026-07-29 01:35:27,-0.13
2026-07-29 01:37:20,-0.21
2026-07-29 01:37:42,-0.12
2026-07-29 01:38:00,-0.14
2026-07-29 01:39:00,-0.19
2026-07-29 01:39:27,-0.20
2026-07-29 01:40:12,-0.12
2026-07-29 01:42:06,-0.11
2026-07-29 01:42:37,-0.20
2026-07-29 01:42:56,-0.13
2026-07-29 01:44:13,-0.19
2026-07-29 01:45:02,-0.20
2026-07-29 01:45:34,-0.11
2026-07-29 01:46:05,-0.15
2026-07-29 01:47:09,-0.21
2026-07-29 01:47:42,-0.15
2026-07-29 01:47:46,-0.19
2026-07-29 01:49:34,-0.23
2026-07-29 01:49:52,-0.13
2026-07-29 01:51:24,-0.22
2026-07-29 01:52:13,-0.14
2026-07-29 01:52:53,-0.22
2026-07-29 01:53:07,-0.16
2026-07-29 01:54:56,-0.15
2026-07-29 01:55:33,-0.21
2026-07-29 01:56:31,-0.14
2026-07-29 01:56:41,-0.20
2026-07-29 01:59:05,-0.13
2026-07-29 01:59:46,-0.20
2026-07-29 02:00:14,-0.13
2026-07-29 02:00:58,-0.19
2026-07-29 02:01:44,-0.14
2026-07-29 02:03:19,-0.22
2026-07-29 02:03:46,-0.07
2026-07-29 02:04:13,-0.14
2026-07-29 02:04:32,-0.19
2026-07-29 02:06:26,-0.13
2026-07-29 02:06:34,-0.21
2026-07-29 02:08:18,-0.12
2026-07-29 02:08:45,-0.20
2026-07-29 02:09:17,-0.25
2026-07-29 02:09:40,-0.13
2026-07-29 02:11:02,-0.20
2026-07-29 02:12:05,-0.14
2026-07-29 02:12:27,-0.21
2026-07-29 02:12:45,-0.15
2026-07-29 02:14:34,-0.16
2026-07-29 02:15:25,-0.24
2026-07-29 02:15:47,-0.21
2026-07-29 02:17:18,-0.17
2026-07-29 02:18:07,-0.21
2026-07-29 02:19:02,-0.12
2026-07-29 02:19:29,-0.14
2026-07-29 02:20:09,-0.22
2026-07-29 02:20:46,-0.23
2026-07-29 02:21:46,-0.08
2026-07-29 02:22:22,-0.16
2026-07-29 02:22:53,-0.23
2026-07-29 02:24:05,-0.16
2026-07-29 02:24:10,-0.22
2026-07-29 02:25:45,-0.21
2026-07-29 02:26:04,-0.17
2026-07-29 02:28:19,-0.23
2026-07-29 02:28:24,-0.17
2026-07-29 02:29:00,-0.20
2026-07-29 02:30:17,-0.14
2026-07-29 02:31:11,-0.21
2026-07-29 02:32:02,-0.08
2026-07-29 02:32:15,-0.22
2026-07-29 02:32:19,-0.09
2026-07-29 02:34:26,-0.02
2026-07-29 02:35:11,-0.25
2026-07-29 02:36:01,-0.22
2026-07-29 02:37:01,0.03
2026-07-29 02:37:32,-0.12
2026-07-29 02:37:59,0.07
2026-07-29 02:40:06,0.33
2026-07-29 02:40:25,-0.07
2026-07-29 02:40:30,0.08
2026-07-29 02:40:47,-0.19
2026-07-29 02:42:28,-0.10
2026-07-29 02:43:21,-0.21
2026-07-29 02:43:57,-0.22
2026-07-29 02:44:21,-0.11
2026-07-29 02:45:46,-0.23
2026-07-29 02:45:50,-0.16
2026-07-29 02:47:35,-0.13
2026-07-29 02:48:11,-0.22
2026-07-29 02:48:52,-0.18
2026-07-29 02:50:09,-0.22
2026-07-29 02:51:12,-0.23
2026-07-29 02:51:58,-0.12
2026-07-29 02:52:16,-0.24
2026-07-29 02:52:25,-0.17
2026-07-29 02:53:42,-0.12
2026-07-29 02:53:47,-0.22
2026-07-29 02:55:58,-0.17
2026-07-29 02:56:48,-0.23
2026-07-29 02:57:51,-0.24
2026-07-29 02:58:04,-0.12
2026-07-29 02:59:04,-0.17
2026-07-29 02:59:40,-0.28
2026-07-29 03:00:31,-0.25
2026-07-29 03:01:42,-0.19
2026-07-29 03:02:00,-0.24
2026-07-29 03:02:54,-0.18
2026-07-29 03:03:49,-0.24
2026-07-29 03:05:02,-0.14
2026-07-29 03:05:38,-0.11
2026-07-29 03:06:23,-0.23
2026-07-29 03:07:03,-0.24
2026-07-29 03:07:14,-0.07
2026-07-29 03:09:03,-0.20
2026-07-29 03:09:24,-0.11
2026-07-29 03:11:14,-0.21
2026-07-29 03:11:37,-0.07
2026-07-29 03:11:55,-0.28
2026-07-29 03:11:59,-0.09
2026-07-29 03:13:33,-0.22
2026-07-29 03:14:24,-0.14
2026-07-29 03:15:19,-0.22
2026-07-29 03:16:08,-0.11
2026-07-29 03:16:48,-0.23
2026-07-29 03:17:38,-0.14
2026-07-29 03:18:29,-0.17
2026-07-29 03:18:52,-0.24
2026-07-29 03:20:22,-0.21
2026-07-29 03:21:21,-0.14
2026-07-29 03:21:52,-0.16
2026-07-29 03:22:11,-0.21
2026-07-29 03:23:24,-0.22
2026-07-29 03:23:37,-0.15
2026-07-29 03:25:03,-0.23
2026-07-29 03:26:20,-0.16
2026-07-29 03:27:51,-0.22
2026-07-29 03:27:55,-0.15
2026-07-29 03:29:48,-0.25
2026-07-29 03:29:53,-0.14
2026-07-29 03:30:10,-0.22
2026-07-29 03:30:48,-0.13
2026-07-29 03:31:56,-0.23
2026-07-29 03:32:00,-0.17
2026-07-29 03:33:25,-0.22
2026-07-29 03:34:30,-0.11
2026-07-29 03:35:01,-0.22
2026-07-29 03:35:15,-0.15
2026-07-29 03:37:07,-0.23
2026-07-29 03:37:48,-0.13
2026-07-29 03:38:57,-0.24
2026-07-29 03:39:01,-0.14
2026-07-29 03:41:22,-0.25
2026-07-29 03:43:06,-0.09
2026-07-29 03:44:40,0.12
2026-07-29 03:44:54,0.07
2026-07-29 03:45:21,0.54
2026-07-29 03:46:30,0.20
2026-07-29 03:47:28,-0.09
2026-07-29 03:48:09,0.02
2026-07-29 03:49:39,0.21
2026-07-29 03:49:50,0.30
2026-07-29 03:50:26,1.01
2026-07-29 03:52:14,0.14
2026-07-29 03:53:03,0.72
2026-07-29 03:53:09,0.87
2026-07-29 03:53:49,3.73
2026-07-29 03:54:49,3.58
2026-07-29 03:55:51,2.17
2026-07-29 03:56:27,2.64
2026-07-29 03:57:08,3.88
2026-07-29 03:58:04,4.07
2026-07-29 03:59:38,7.70
2026-07-29 03:59:43,7.91
2026-07-29 04:00:23,9.30
2026-07-29 04:01:27,9.13
2026-07-29 04:02:54,5.60
2026-07-29 04:03:07,5.77
2026-07-29 04:04:28,0.85
2026-07-29 04:04:46,0.93
2026-07-29 04:06:16,0.00
2026-07-29 04:06:22,0.05
2026-07-29 04:07:16,-0.11
2026-07-29 04:07:57,-0.02
2026-07-29 04:09:18,-0.20
2026-07-29 04:09:51,-0.08
2026-07-29 04:10:26,-0.18
2026-07-29 04:12:10,-0.10
2026-07-29 04:12:43,-0.21
2026-07-29 04:13:37,-0.18
2026-07-29 04:14:22,-0.10
2026-07-29 04:14:45,-0.07
2026-07-29 04:15:48,-0.25
2026-07-29 04:16:16,-0.08
2026-07-29 04:17:19,-0.19
2026-07-29 04:18:04,-0.21
2026-07-29 04:18:45,-0.12
2026-07-29 04:20:06,-0.21
2026-07-29 04:20:12,-0.12
2026-07-29 04:21:19,-0.18
2026-07-29 04:22:40,0.04
2026-07-29 04:23:00,-0.04
2026-07-29 04:24:07,0.22
2026-07-29 04:24:30,0.08
2026-07-29 04:25:52,-0.18
2026-07-29 04:26:18,0.00
2026-07-29 04:27:39,-0.21
2026-07-29 04:27:58,-0.11
2026-07-29 04:28:35,-0.22
2026-07-29 04:29:47,-0.12
2026-07-29 04:30:31,-0.21
2026-07-29 04:31:35,-0.13
2026-07-29 04:32:39,-0.22
2026-07-29 04:33:33,-0.14
2026-07-29 04:33:56,-0.25
2026-07-29 04:34:32,-0.19
2026-07-29 04:35:27,-0.11
2026-07-29 04:36:03,-0.18
2026-07-29 04:37:38,-0.09
2026-07-29 04:37:42,-0.15
2026-07-29 04:38:55,0.34
2026-07-29 04:39:26,0.17
2026-07-29 04:40:39,-0.03
2026-07-29 04:41:29,0.17
2026-07-29 04:42:14,-0.14
2026-07-29 04:42:42,-0.09
2026-07-29 04:42:55,-0.16
2026-07-29 04:44:36,-0.23
2026-07-29 04:45:12,0.05
2026-07-29 04:46:34,-0.09
2026-07-29 04:47:28,-0.20
2026-07-29 04:47:54,-0.08
2026-07-29 04:49:07,-0.20
2026-07-29 04:49:48,-0.21
2026-07-29 04:50:24,-0.09
2026-07-29 04:50:51,-0.11
2026-07-29 04:51:46,-0.23
2026-07-29 04:53:17,-0.12
2026-07-29 04:53:35,-0.29
2026-07-29 04:54:42,-0.13
2026-07-29 04:55:28,-0.22
2026-07-29 04:56:09,-0.09
2026-07-29 04:57:03,-0.25
2026-07-29 04:58:57,-0.02
2026-07-29 04:59:01,-0.23
2026-07-29 04:59:37,-0.22
2026-07-29 05:00:09,-0.03
2026-07-29 05:00:55,-0.24
2026-07-29 05:01:49,-0.06
2026-07-29 05:03:42,-0.29
2026-07-29 05:04:31,-0.11
2026-07-29 05:04:46,-0.21
2026-07-29 05:05:49,-0.12
2026-07-29 05:05:53,-0.21
2026-07-29 05:06:03,-0.19
2026-07-29 05:06:07,-0.13
2026-07-29 05:06:20,-0.11
2026-07-29 05:07:15,-0.20
2026-07-29 05:08:27,-0.11
2026-07-29 05:08:47,-0.25
2026-07-29 05:09:31,-0.09
2026-07-29 05:09:35,-0.23
2026-07-29 05:10:44,-0.19
2026-07-29 05:11:20,-0.08
2026-07-29 05:13:41,-0.02
2026-07-29 05:13:45,-0.15
2026-07-29 05:15:30,-0.04
2026-07-29 05:15:44,-0.08
2026-07-29 05:16:42,0.07
2026-07-29 05:17:32,0.04
2026-07-29 05:18:45,-0.09
2026-07-29 05:19:06,-0.05
2026-07-29 05:20:19,0.14
2026-07-29 05:20:51,0.15
2026-07-29 05:21:45,-0.07
2026-07-29 05:22:17,-0.03
2026-07-29 05:23:35,0.33
2026-07-29 05:24:02,0.30
2026-07-29 05:24:51,0.05
2026-07-29 05:25:55,0.04
2026-07-29 05:26:13,0.20
2026-07-29 05:27:48,0.28
2026-07-29 05:28:33,0.12
2026-07-29 05:29:10,0.26
2026-07-29 05:30:19,0.10
2026-07-29 05:30:36,0.18
2026-07-29 05:32:02,0.44
2026-07-29 05:32:29,0.38
2026-07-29 05:33:19,0.51
2026-07-29 05:34:28,0.55
2026-07-29 05:35:22,0.36
2026-07-29 05:35:54,0.29
2026-07-29 05:36:38,0.47
2026-07-29 05:37:19,0.49
2026-07-29 05:38:18,0.31
2026-07-29 05:38:59,0.44
2026-07-29 05:39:44,0.22
2026-07-29 05:40:52,0.31
2026-07-29 05:41:38,0.16
2026-07-29 05:42:06,0.18
2026-07-29 05:43:00,0.48
2026-07-29 05:44:43,0.58
2026-07-29 05:44:57,0.22
2026-07-29 05:45:38,0.46
2026-07-29 05:46:50,1.27
2026-07-29 05:47:17,1.41
2026-07-29 05:47:58,0.93
2026-07-29 05:49:03,0.92
2026-07-29 05:50:01,1.62
2026-07-29 05:50:37,1.18
2026-07-29 05:51:05,1.69
2026-07-29 05:51:54,1.53
2026-07-29 05:52:44,2.51
2026-07-29 05:53:53,2.48
2026-07-29 05:55:04,0.66
2026-07-29 05:55:23,0.60
2026-07-29 05:56:36,0.22
2026-07-29 05:56:54,0.39
2026-07-29 05:58:20,0.06
2026-07-29 05:58:47,0.31
2026-07-29 05:58:56,0.07
2026-07-29 06:00:17,0.32
2026-07-29 06:01:39,1.81
2026-07-29 06:02:33,0.66
2026-07-29 06:03:23,2.19
2026-07-29 06:03:27,2.16
2026-07-29 06:04:13,0.20
2026-07-29 06:05:12,0.33
2026-07-29 06:06:10,0.66
2026-07-29 06:07:18,0.38
2026-07-29 06:08:18,0.66
2026-07-29 06:09:12,0.62
2026-07-29 06:10:02,0.94
2026-07-29 06:10:06,0.78
2026-07-29 06:10:24,1.19
2026-07-29 06:11:55,0.88
2026-07-29 06:13:17,2.63
2026-07-29 06:13:44,3.68
2026-07-29 06:14:25,1.71
2026-07-29 06:15:20,2.80
2026-07-29 06:16:36,1.14
2026-07-29 06:17:35,1.04
2026-07-29 06:18:11,1.39
2026-07-29 06:18:21,1.20
2026-07-29 06:19:55,0.84
2026-07-29 06:20:04,0.78
2026-07-29 06:21:22,1.30
2026-07-29 06:21:36,1.23
2026-07-29 06:22:43,1.79
2026-07-29 06:23:43,2.00
2026-07-29 06:24:24,1.26
2026-07-29 06:25:31,1.80
2026-07-29 06:26:30,1.12
2026-07-29 06:26:57,1.28
2026-07-29 06:27:57,0.62
2026-07-29 06:29:18,0.80
2026-07-29 06:29:31,0.62
2026-07-29 06:29:54,0.52
2026-07-29 06:31:02,0.70
2026-07-29 06:31:39,0.67
2026-07-29 06:33:04,0.29
2026-07-29 06:33:27,0.37
2026-07-29 06:34:12,0.08
2026-07-29 06:35:25,0.26
2026-07-29 06:36:05,0.07
2026-07-29 06:37:37,0.40
2026-07-29 06:38:17,0.45
2026-07-29 06:39:30,0.16
2026-07-29 06:39:57,0.11
2026-07-29 06:40:42,0.36
2026-07-29 06:41:55,0.14
2026-07-29 06:42:36,0.29
2026-07-29 06:43:03,0.19
2026-07-29 06:44:02,0.40
2026-07-29 06:45:11,0.39
2026-07-29 06:45:51,0.19
2026-07-29 06:47:26,0.15
2026-07-29 06:47:44,0.29
2026-07-29 06:48:03,0.17
2026-07-29 06:49:37,0.37
2026-07-29 06:49:46,0.36
2026-07-29 06:51:13,0.07
2026-07-29 06:51:35,0.19
2026-07-29 06:52:53,0.40
2026-07-29 06:53:15,0.32
2026-07-29 06:53:51,0.47
2026-07-29 06:54:42,0.41
2026-07-29 06:55:30,0.73
2026-07-29 06:56:30,0.75
2026-07-29 06:57:52,0.47
2026-07-29 06:58:00,0.55
2026-07-29 06:59:22,0.29
2026-07-29 06:59:40,0.36
2026-07-29 07:00:12,0.57
2026-07-29 07:01:20,0.37
2026-07-29 07:02:27,0.22
2026-07-29 07:02:51,0.19
2026-07-29 07:03:59,0.32
2026-07-29 07:04:44,0.31
2026-07-29 07:04:57,0.21
2026-07-29 07:07:00,0.22
2026-07-29 07:07:04,0.11
2026-07-29 07:07:50,0.15
2026-07-29 07:09:02,0.29
2026-07-29 07:09:57,0.34
2026-07-29 07:10:33,0.22
2026-07-29 07:11:22,0.33
2026-07-29 07:12:40,0.15
2026-07-29 07:13:02,0.11
2026-07-29 07:13:57,0.31
2026-07-29 07:14:24,0.24
2026-07-29 07:15:18,0.36
2026-07-29 07:16:03,0.28
2026-07-29 07:16:53,0.47
2026-07-29 07:18:29,0.32
2026-07-29 07:19:10,0.44
2026-07-29 07:19:51,0.26
2026-07-29 07:20:04,0.37
2026-07-29 07:21:20,0.28
2026-07-29 07:22:06,0.39
2026-07-29 07:22:43,0.29
2026-07-29 07:24:13,0.48
2026-07-29 07:24:35,0.47
2026-07-29 07:25:07,0.35
2026-07-29 07:26:52,0.51
2026-07-29 07:27:23,0.38
2026-07-29 07:28:31,0.48
2026-07-29 07:28:58,0.34
2026-07-29 07:30:07,0.40
2026-07-29 07:30:51,0.21
2026-07-29 07:31:11,0.25
2026-07-29 07:31:38,0.38
2026-07-29 07:32:45,0.37
2026-07-29 07:33:31,0.18
2026-07-29 07:35:07,0.35
2026-07-29 07:35:33,0.18
2026-07-29 07:36:41,0.31
2026-07-29 07:37:14,0.18
2026-07-29 07:37:55,0.26
2026-07-29 07:38:57,0.06
2026-07-29 07:39:16,0.18
2026-07-29 07:39:20,0.07
2026-07-29 07:40:51,0.21
2026-07-29 07:42:25,0.05
2026-07-29 07:42:53,0.18
2026-07-29 07:44:00,0.01
2026-07-29 07:44:23,0.07
2026-07-29 07:45:18,-0.08
2026-07-29 07:45:50,0.08
2026-07-29 07:45:59,-0.09
2026-07-29 07:48:38,0.01
2026-07-29 07:48:47,-0.11
2026-07-29 07:49:05,-0.06
2026-07-29 07:49:19,0.04
2026-07-29 07:50:53,-0.01
2026-07-29 07:51:34,0.10
2026-07-29 07:52:30,0.07
2026-07-29 07:52:57,-0.05
2026-07-29 07:54:50,0.10
2026-07-29 07:55:21,-0.05
2026-07-29 07:55:43,0.01
2026-07-29 07:55:48,0.07
2026-07-29 07:58:18,-0.02
2026-07-29 07:58:42,0.19
2026-07-29 07:59:12,0.05
2026-07-29 08:00:12,0.26
2026-07-29 08:00:53,0.33
2026-07-29 08:01:43,0.12
2026-07-29 08:02:15,0.23
2026-07-29 08:03:32,0.05
2026-07-29 08:04:31,0.15
2026-07-29 08:05:47,0.01
2026-07-29 08:06:28,0.22
2026-07-29 08:07:35,0.16
2026-07-29 08:08:35,-0.03
2026-07-29 08:09:08,0.17
2026-07-29 08:10:02,0.02
2026-07-29 08:10:33,0.08
2026-07-29 08:10:46,0.22
2026-07-29 08:12:30,0.10
2026-07-29 08:13:39,0.26
2026-07-29 08:15:13,0.12
2026-07-29 08:15:33,0.25
2026-07-29 08:15:55,0.15
2026-07-29 08:17:12,0.19
2026-07-29 08:17:44,0.31
2026-07-29 08:18:52,0.19
2026-07-29 08:19:19,0.34
2026-07-29 08:20:31,0.26
2026-07-29 08:21:53,0.43
2026-07-29 08:22:24,0.33
2026-07-29 08:23:10,0.49
2026-07-29 08:24:00,0.26
2026-07-29 08:25:08,0.41
2026-07-29 08:25:25,0.22
2026-07-29 08:26:06,0.38
2026-07-29 08:27:05,0.27
2026-07-29 08:27:56,0.13
2026-07-29 08:28:59,0.16
2026-07-29 08:30:11,0.06
2026-07-29 08:30:29,0.11
2026-07-29 08:31:42,-0.01
2026-07-29 08:32:01,0.09
2026-07-29 08:32:55,-0.04
2026-07-29 08:33:49,0.01
2026-07-29 08:34:25,0.12
2026-07-29 08:36:37,0.00
2026-07-29 08:36:41,0.11
2026-07-29 08:36:59,0.10
2026-07-29 08:37:26,-0.07
2026-07-29 08:38:44,0.05
2026-07-29 08:38:48,-0.02
2026-07-29 08:40:50,0.06
2026-07-29 08:41:31,-0.04
2026-07-29 08:41:58,0.01
2026-07-29 08:42:40,0.10
2026-07-29 08:43:38,0.00
2026-07-29 08:44:19,0.09
2026-07-29 08:45:59,0.00
2026-07-29 08:47:17,0.09
2026-07-29 08:47:30,-0.03
2026-07-29 08:49:00,0.07
2026-07-29 08:49:36,-0.03
2026-07-29 08:50:54,-0.05
2026-07-29 08:51:12,0.08
2026-07-29 08:52:01,0.05
2026-07-29 08:52:11,-0.06
2026-07-29 08:54:45,0.04
2026-07-29 08:54:59,-0.04
2026-07-29 08:55:12,0.06
2026-07-29 08:56:10,-0.06
2026-07-29 08:56:47,-0.03
2026-07-29 08:57:37,0.11
2026-07-29 08:58:32,0.04
2026-07-29 08:59:08,0.36
2026-07-29 09:00:02,0.05
2026-07-29 09:01:06,-0.04
2026-07-29 09:02:23,0.09
2026-07-29 09:03:13,-0.06
2026-07-29 09:04:11,0.05
2026-07-29 09:05:38,-0.05
2026-07-29 09:06:19,0.04
2026-07-29 09:06:42,-0.08
2026-07-29 09:07:53,0.06
2026-07-29 09:08:44,-0.05
2026-07-29 09:09:01,0.06
2026-07-29 09:10:59,-0.07
2026-07-29 09:11:22,0.05
2026-07-29 09:12:21,-0.07
2026-07-29 09:12:47,0.02
2026-07-29 09:13:33,-0.01
2026-07-29 09:13:57,0.08
2026-07-29 09:15:41,-0.03
2026-07-29 09:16:26,0.07
2026-07-29 09:17:12,0.13
2026-07-29 09:17:43,-0.06
2026-07-29 09:18:10,-0.03
2026-07-29 09:19:14,0.07
2026-07-29 09:19:51,0.03
2026-07-29 09:21:21,0.11
2026-07-29 09:21:39,0.05
2026-07-29 09:22:52,0.17
2026-07-29 09:23:23,0.09
2026-07-29 09:24:40,0.22
2026-07-29 09:24:59,0.21
2026-07-29 09:26:07,0.33
2026-07-29 09:26:24,0.28
2026-07-29 09:26:28,0.36
2026-07-29 09:28:30,0.29
2026-07-29 09:29:25,0.51
2026-07-29 09:30:24,0.30
2026-07-29 09:31:05,0.44
2026-07-29 09:31:55,0.35
2026-07-29 09:32:50,0.44
2026-07-29 09:34:02,0.39
2026-07-29 09:34:30,0.55
2026-07-29 09:34:43,0.44
2026-07-29 09:35:28,0.62
2026-07-29 09:36:33,0.53
2026-07-29 09:37:07,0.36
2026-07-29 09:38:29,0.43
2026-07-29 09:39:15,0.29
2026-07-29 09:39:46,0.26
2026-07-29 09:40:23,0.36
2026-07-29 09:42:16,0.31
2026-07-29 09:42:52,0.53
2026-07-29 09:43:42,0.52
2026-07-29 09:44:28,0.34
2026-07-29 09:44:45,0.33
2026-07-29 09:44:55,0.48
2026-07-29 09:46:21,0.39
2026-07-29 09:47:38,0.51
2026-07-29 09:48:01,0.50
2026-07-29 09:49:22,0.24
2026-07-29 09:49:31,0.28
2026-07-29 09:50:30,0.40
2026-07-29 09:52:06,0.30
2026-07-29 09:52:29,0.47
2026-07-29 09:53:18,0.38
2026-07-29 09:54:17,0.27
2026-07-29 09:54:39,0.28
2026-07-29 09:55:39,0.49
2026-07-29 09:56:28,0.35
2026-07-29 09:57:23,0.54
2026-07-29 09:58:49,0.28
2026-07-29 09:59:07,0.47
2026-07-29 10:00:29,0.42
2026-07-29 10:00:48,0.27
2026-07-29 10:01:29,0.24
2026-07-29 10:02:17,0.40
2026-07-29 10:03:07,0.18
2026-07-29 10:03:57,0.39
2026-07-29 10:04:34,0.33
2026-07-29 10:05:59,0.18
2026-07-29 10:06:09,0.25
2026-07-29 10:06:45,0.11
2026-07-29 10:07:39,0.26
2026-07-29 10:09:01,0.09
2026-07-29 10:09:20,0.08
2026-07-29 10:09:33,0.28
2026-07-29 10:11:04,0.21
2026-07-29 10:11:35,0.07
2026-07-29 10:12:39,0.08
2026-07-29 10:13:20,0.20
2026-07-29 10:14:23,0.11
2026-07-29 10:15:36,0.30
2026-07-29 10:16:08,0.22
2026-07-29 10:17:19,0.04
2026-07-29 10:17:42,0.08
2026-07-29 10:19:05,0.19
2026-07-29 10:19:32,0.09
2026-07-29 10:20:34,0.21
2026-07-29 10:21:47,0.27
2026-07-29 10:22:23,0.12
2026-07-29 10:24:03,0.27
2026-07-29 10:24:16,0.18
2026-07-29 10:25:07,0.29
2026-07-29 10:26:47,0.21
2026-07-29 10:27:00,0.33
2026-07-29 10:27:41,0.29
2026-07-29 10:28:04,0.46
2026-07-29 10:29:16,0.56
2026-07-29 10:30:33,0.37
2026-07-29 10:31:24,0.35
2026-07-29 10:32:17,0.53
2026-07-29 10:32:35,0.48
2026-07-29 10:34:02,0.25
2026-07-29 10:34:34,0.38
2026-07-29 10:34:48,0.20
2026-07-29 10:36:04,0.18
2026-07-29 10:36:40,0.40
2026-07-29 10:37:39,0.19
2026-07-29 10:38:57,0.38
2026-07-29 10:39:06,0.36
2026-07-29 10:40:00,0.22
2026-07-29 10:41:30,0.32
2026-07-29 10:41:54,0.39
2026-07-29 10:42:26,0.36
2026-07-29 10:42:53,0.47
2026-07-29 10:44:55,0.32
2026-07-29 10:45:31,0.51
2026-07-29 10:46:53,0.54
2026-07-29 10:47:11,0.34
2026-07-29 10:47:43,0.44
2026-07-29 10:48:46,0.27
2026-07-29 10:49:09,0.29
2026-07-29 10:50:31,0.51
2026-07-29 10:50:35,0.47
2026-07-29 10:51:20,0.26
2026-07-29 10:52:24,0.20
2026-07-29 10:52:55,0.40
2026-07-29 10:54:14,0.22
2026-07-29 10:54:31,0.36
2026-07-29 10:56:02,0.32
2026-07-29 10:56:29,0.20
2026-07-29 10:57:28,0.21
2026-07-29 10:57:37,0.33
2026-07-29 11:00:11,0.39
2026-07-29 11:00:15,0.15
2026-07-29 11:00:43,0.31
2026-07-29 11:01:56,0.09
2026-07-29 11:02:59,0.22
2026-07-29 11:03:35,0.08
2026-07-29 11:03:58,0.11
2026-07-29 11:04:52,0.19
2026-07-29 11:06:55,0.09
2026-07-29 11:07:53,0.06
2026-07-29 11:08:30,0.19
2026-07-29 11:09:10,0.07
2026-07-29 11:09:47,0.20
2026-07-29 11:10:24,0.10
2026-07-29 11:10:28,0.18
2026-07-29 11:12:16,0.14
2026-07-29 11:13:20,0.27
2026-07-29 11:14:09,0.15
2026-07-29 11:15:08,0.24
2026-07-29 11:15:22,0.26
2026-07-29 11:16:44,0.14
2026-07-29 11:17:29,0.27
2026-07-29 11:17:56,0.16
2026-07-29 11:18:51,0.27
2026-07-29 11:19:36,0.35
2026-07-29 11:20:36,0.32
2026-07-29 11:21:34,0.21
2026-07-29 11:22:06,0.17
2026-07-29 11:23:05,0.32
2026-07-29 11:24:04,0.29
2026-07-29 11:24:59,0.18
2026-07-29 11:25:12,0.23
2026-07-29 11:25:48,0.32
2026-07-29 11:26:52,0.29
2026-07-29 11:27:42,0.15
2026-07-29 11:28:59,0.16
2026-07-29 11:29:49,0.03
2026-07-29 11:30:24,0.13
2026-07-29 11:31:10,-0.04
2026-07-29 11:32:37,-0.03
2026-07-29 11:32:58,0.10
2026-07-29 11:33:49,-0.05
2026-07-29 11:34:30,0.10
2026-07-29 11:35:24,0.00
2026-07-29 11:35:41,0.11
2026-07-29 11:37:48,0.01
2026-07-29 11:37:54,0.10
2026-07-29 11:38:56,0.15
2026-07-29 11:39:33,0.04
2026-07-29 11:40:59,0.14
2026-07-29 11:41:49,0.13
2026-07-29 11:42:11,-0.01
2026-07-29 11:43:34,0.07
2026-07-29 11:44:18,-0.02
2026-07-29 11:45:17,0.11
2026-07-29 11:45:53,0.00
2026-07-29 11:47:24,0.09
2026-07-29 11:47:47,-0.03
2026-07-29 11:48:24,-0.01
2026-07-29 11:49:22,0.07
2026-07-29 11:50:35,0.11
2026-07-29 11:51:29,-0.09
2026-07-29 11:51:52,0.12
2026-07-29 11:53:27,0.11
2026-07-29 11:54:35,-0.03
2026-07-29 11:55:11,-0.01
2026-07-29 11:56:15,0.24
2026-07-29 11:56:38,0.15
2026-07-29 11:57:32,-0.04
2026-07-29 11:59:20,0.10
2026-07-29 12:00:07,-0.02
2026-07-29 12:01:05,0.13
2026-07-29 12:01:32,0.05
2026-07-29 12:02:03,-0.07
2026-07-29 12:03:12,-0.05
2026-07-29 12:04:38,0.16
2026-07-29 12:05:23,0.20
2026-07-29 12:06:22,-0.11
2026-07-29 12:07:25,0.03
2026-07-29 12:07:39,-0.11
2026-07-29 12:08:06,-0.09
2026-07-29 12:08:19,-0.01
2026-07-29 12:10:13,0.00
2026-07-29 12:11:13,-0.10
2026-07-29 12:11:26,-0.09
2026-07-29 12:12:42,0.01
2026-07-29 12:13:45,-0.06
2026-07-29 12:14:04,0.01
2026-07-29 12:15:26,-0.13
2026-07-29 12:15:53,0.01
2026-07-29 12:16:24,-0.08
2026-07-29 12:17:24,0.04
2026-07-29 12:18:05,-0.12
2026-07-29 12:18:14,0.00
2026-07-29 12:20:38,-0.07
2026-07-29 12:21:55,-0.10
2026-07-29 12:22:23,0.05
2026-07-29 12:23:04,0.02
2026-07-29 12:23:54,-0.09
2026-07-29 12:24:56,-0.10
2026-07-29 12:26:05,0.01
2026-07-29 12:26:22,-0.08
2026-07-29 12:26:36,-0.02
2026-07-29 12:28:03,0.03
2026-07-29 12:28:20,-0.08
2026-07-29 12:30:28,-0.01
2026-07-29 12:30:46,-0.08
2026-07-29 12:32:12,-0.10
2026-07-29 12:32:30,0.00
2026-07-29 12:34:06,0.07
2026-07-29 12:34:28,-0.12
2026-07-29 12:34:47,-0.07
2026-07-29 12:35:36,0.04
2026-07-29 12:36:22,0.06
2026-07-29 12:37:11,-0.09
2026-07-29 12:39:00,0.07
2026-07-29 12:39:23,-0.09
2026-07-29 12:39:45,0.05
2026-07-29 12:40:58,-0.08
2026-07-29 12:41:06,-0.05
2026-07-29 12:42:11,0.11
2026-07-29 12:42:46,0.06
2026-07-29 12:43:36,-0.04
2026-07-29 12:44:40,0.08
2026-07-29 12:44:53,-0.06
2026-07-29 12:46:52,0.11
2026-07-29 12:47:23,-0.08
2026-07-29 12:47:45,-0.07
2026-07-29 12:48:30,0.06
2026-07-29 12:50:29,0.11
2026-07-29 12:50:47,-0.04
2026-07-29 12:52:31,-0.10
2026-07-29 12:52:35,0.14
2026-07-29 12:53:12,-0.10
2026-07-29 12:53:53,0.08
2026-07-29 12:54:29,0.10
2026-07-29 12:54:57,-0.05
2026-07-29 12:57:17,0.05
2026-07-29 12:57:30,-0.05
2026-07-29 12:57:45,-0.06
2026-07-29 12:58:56,0.03
2026-07-29 12:59:37,0.06
2026-07-29 13:00:04,-0.03
2026-07-29 13:00:59,0.04
2026-07-29 13:01:40,-0.02
2026-07-29 13:03:19,0.04
2026-07-29 13:03:37,0.00
2026-07-29 13:04:37,-0.02
2026-07-29 13:04:55,0.04
2026-07-29 13:06:39,0.03
2026-07-29 13:07:14,-0.05
2026-07-29 13:07:37,-0.03
2026-07-29 13:08:05,0.00
2026-07-29 13:09:27,0.01
2026-07-29 13:09:45,-0.04
2026-07-29 13:11:37,0.06
2026-07-29 13:12:15,-0.07
2026-07-29 13:12:46,0.09
2026-07-29 13:12:56,-0.11
2026-07-29 13:14:35,-0.02
2026-07-29 13:15:43,-0.08
2026-07-29 13:16:14,-0.03
2026-07-29 13:16:59,-0.07
2026-07-29 13:17:36,-0.02
2026-07-29 13:17:59,-0.08
2026-07-29 13:19:29,-0.07
2026-07-29 13:19:53,-0.02
2026-07-29 13:21:23,-0.08
2026-07-29 13:22:13,0.00
2026-07-29 13:22:26,-0.03
2026-07-29 13:23:30,-0.08
2026-07-29 13:25:14,-0.02
2026-07-29 13:25:50,-0.03
2026-07-29 13:27:07,-0.10
2026-07-29 13:27:35,-0.03
2026-07-29 13:27:44,-0.09
2026-07-29 13:29:41,0.00
2026-07-29 13:30:14,-0.10
2026-07-29 13:30:48,0.00
2026-07-29 13:31:03,-0.10
2026-07-29 13:32:15,-0.06
2026-07-29 13:32:56,-0.11
2026-07-29 13:34:27,-0.05
2026-07-29 13:35:54,-0.09
2026-07-29 13:37:46,-0.11
2026-07-29 13:37:52,-0.05
2026-07-29 13:39:36,-0.09
2026-07-29 13:40:21,-0.03
2026-07-29 13:41:38,-0.08
2026-07-29 13:42:09,-0.06
2026-07-29 13:42:23,-0.01
2026-07-29 13:44:08,-0.05
2026-07-29 13:44:16,-0.01
2026-07-29 13:45:56,-0.05
2026-07-29 13:46:41,0.03
2026-07-29 13:47:23,-0.06
2026-07-29 13:48:12,0.05
2026-07-29 13:49:03,0.06
2026-07-29 13:50:14,-0.05
2026-07-29 13:51:06,-0.07
2026-07-29 13:51:14,0.02
2026-07-29 13:52:27,-0.04
2026-07-29 13:53:02,-0.01
2026-07-29 13:53:43,-0.04
2026-07-29 13:54:19,0.00
2026-07-29 13:56:45,-0.04
2026-07-29 13:57:47,0.02
2026-07-29 13:58:29,-0.05
2026-07-29 13:58:48,0.02
2026-07-29 13:58:52,-0.04
2026-07-29 14:00:36,-0.03
2026-07-29 14:01:12,0.03
2026-07-29 14:02:20,0.05
2026-07-29 14:02:34,-0.03
2026-07-29 14:04:00,-0.04
2026-07-29 14:04:49,0.03
2026-07-29 14:05:35,0.00
2026-07-29 14:05:53,0.10
2026-07-29 14:06:56,0.05
2026-07-29 14:07:56,-0.04
2026-07-29 14:08:45,-0.02
2026-07-29 14:09:08,0.04
2026-07-29 14:10:44,-0.04
2026-07-29 14:11:20,0.04
2026-07-29 14:12:23,-0.02
2026-07-29 14:14:30,0.05
2026-07-29 14:14:57,-0.03
2026-07-29 14:16:06,0.04
2026-07-29 14:16:55,0.03
2026-07-29 14:17:54,-0.03
2026-07-29 14:18:30,0.03
2026-07-29 14:19:34,-0.02
2026-07-29 14:20:24,0.03
2026-07-29 14:21:41,-0.03
2026-07-29 14:23:03,0.04
2026-07-29 14:23:57,0.07
2026-07-29 14:24:51,-0.03
2026-07-29 14:25:09,0.06
2026-07-29 14:25:32,-0.03
2026-07-29 14:26:54,0.02
2026-07-29 14:27:30,-0.03
2026-07-29 14:28:34,0.02
2026-07-29 14:28:56,-0.05
2026-07-29 14:30:09,0.05
2026-07-29 14:30:37,-0.07
2026-07-29 14:31:44,-0.04
2026-07-29 14:32:15,0.04
2026-07-29 14:33:29,0.05
2026-07-29 14:34:54,-0.05
2026-07-29 14:35:03,0.01
2026-07-29 14:36:29,-0.05
2026-07-29 14:37:47,-0.07
2026-07-29 14:38:09,0.04
2026-07-29 14:38:15,-0.03
2026-07-29 14:39:30,0.05
2026-07-29 14:39:58,0.04
2026-07-29 14:40:25,-0.04
2026-07-29 14:42:10,0.08
2026-07-29 14:42:46,-0.03
2026-07-29 14:43:13,0.09
2026-07-29 14:44:45,-0.06
2026-07-29 14:46:10,0.02
2026-07-29 14:46:34,0.03
2026-07-29 14:47:00,-0.06
2026-07-29 14:48:22,-0.05
2026-07-29 14:48:31,0.00
2026-07-29 14:50:02,0.01
2026-07-29 14:50:47,-0.07
2026-07-29 14:51:41,0.03
2026-07-29 14:52:04,-0.06
2026-07-29 14:53:52,-0.08
2026-07-29 14:54:05,0.04
2026-07-29 14:54:46,0.02
2026-07-29 14:54:52,-0.09
2026-07-29 14:57:30,-0.07
2026-07-29 14:57:44,0.01
2026-07-29 14:58:29,-0.06
2026-07-29 14:59:14,0.03
2026-07-29 15:00:18,0.06
2026-07-29 15:00:49,-0.07
2026-07-29 15:01:26,0.06
2026-07-29 15:02:47,-0.10
2026-07-29 15:03:41,0.00
2026-07-29 15:04:18,-0.07
2026-07-29 15:05:59,-0.08
2026-07-29 15:06:16,0.01
2026-07-29 15:07:01,-0.08
2026-07-29 15:07:10,0.02
2026-07-29 15:08:06,0.04
2026-07-29 15:08:10,-0.07
2026-07-29 15:10:21,0.02
2026-07-29 15:11:38,0.04
2026-07-29 15:12:23,-0.07
2026-07-29 15:13:17,-0.09
2026-07-29 15:13:54,0.09
2026-07-29 15:14:43,0.05
2026-07-29 15:15:52,-0.05
2026-07-29 15:16:18,-0.04
2026-07-29 15:16:37,0.03
2026-07-29 15:18:43,0.08
2026-07-29 15:18:52,-0.06
2026-07-29 15:20:01,-0.05
2026-07-29 15:21:00,0.03
2026-07-29 15:21:40,-0.06
2026-07-29 15:22:29,0.02
2026-07-29 15:22:57,-0.04
2026-07-29 15:23:15,0.05
2026-07-29 15:25:45,-0.08
2026-07-29 15:25:54,0.07
2026-07-29 15:26:12,-0.06
2026-07-29 15:27:25,0.07
2026-07-29 15:28:11,0.09
2026-07-29 15:28:42,-0.09
2026-07-29 15:29:41,-0.06
2026-07-29 15:30:07,0.10
2026-07-29 15:31:21,-0.03
2026-07-29 15:32:29,0.07
2026-07-29 15:32:51,-0.07
2026-07-29 15:33:05,0.06
2026-07-29 15:34:36,0.07
2026-07-29 15:35:13,-0.06
2026-07-29 15:37:05,-0.07
2026-07-29 15:37:28,0.09
2026-07-29 15:37:41,0.08
2026-07-29 15:38:00,-0.09
2026-07-29 15:40:07,0.10
2026-07-29 15:40:25,-0.07
2026-07-29 15:41:33,0.18
2026-07-29 15:41:37,-0.06
2026-07-29 15:43:31,0.04
2026-07-29 15:45:10,-0.02
2026-07-29 15:45:33,0.05
2026-07-29 15:46:19,0.10
2026-07-29 15:46:32,-0.02
2026-07-29 15:48:43,-0.04
2026-07-29 15:48:47,0.09
2026-07-29 15:50:14,-0.01
2026-07-29 15:51:31,-0.02
2026-07-29 15:52:03,0.07
2026-07-29 15:52:39,0.00
2026-07-29 15:52:43,0.12
2026-07-29 15:54:19,-0.02
2026-07-29 15:55:45,0.12
2026-07-29 15:55:49,0.07
2026-07-29 15:55:59,-0.06
2026-07-29 15:57:43,-0.03
2026-07-29 15:58:06,0.07
2026-07-29 15:59:50,-0.01
2026-07-29 16:00:12,0.09
2026-07-29 16:01:33,-0.02
2026-07-29 16:02:01,0.10
2026-07-29 16:02:46,0.00
2026-07-29 16:03:59,0.12
2026-07-29 16:04:44,0.06
2026-07-29 16:04:58,0.00
2026-07-29 16:05:44,-0.01
2026-07-29 16:07:14,0.07
2026-07-29 16:08:12,-0.08
2026-07-29 16:08:17,0.18
2026-07-29 16:09:12,-0.03
2026-07-29 16:09:53,0.07
2026-07-29 16:11:19,0.10
2026-07-29 16:12:09,-0.03
2026-07-29 16:12:22,-0.05
2026-07-29 16:12:40,0.13
2026-07-29 16:14:07,0.00
2026-07-29 16:14:52,0.08
2026-07-29 16:16:41,0.06
2026-07-29 16:16:59,0.00
2026-07-29 16:18:29,-0.02
2026-07-29 16:18:48,0.12
2026-07-29 16:19:02,0.02
2026-07-29 16:20:31,0.11
2026-07-29 16:21:04,-0.02
2026-07-29 16:21:41,0.22
2026-07-29 16:22:12,0.11
2026-07-29 16:22:58,-0.01
2026-07-29 16:24:00,0.01
2026-07-29 16:24:09,0.07
2026-07-29 16:26:44,-0.01
2026-07-29 16:27:42,0.00
2026-07-29 16:28:05,0.07
2026-07-29 16:29:05,0.01
2026-07-29 16:30:36,0.11
2026-07-29 16:31:11,0.01
2026-07-29 16:32:33,0.00
2026-07-29 16:32:51,0.06
2026-07-29 16:33:59,0.08
2026-07-29 16:34:58,-0.03
2026-07-29 16:36:00,0.09
2026-07-29 16:37:14,0.10
2026-07-29 16:38:31,0.00
2026-07-29 16:38:58,0.08
2026-07-29 16:39:25,-0.04
2026-07-29 16:40:56,0.00
2026-07-29 16:41:32,0.09
2026-07-29 16:42:31,-0.01
2026-07-29 16:43:12,0.11
2026-07-29 16:43:48,0.10
2026-07-29 16:44:07,-0.03
2026-07-29 16:44:38,0.02
2026-07-29 16:44:43,0.06
2026-07-29 16:44:52,0.09
2026-07-29 16:45:01,-0.01
2026-07-29 16:46:26,-0.03
2026-07-29 16:46:54,0.11
2026-07-29 16:47:13,0.14
2026-07-29 16:47:26,-0.03
2026-07-29 16:49:51,0.09
2026-07-29 16:50:14,-0.01
2026-07-29 16:50:28,-0.03
2026-07-29 16:50:55,0.04
2026-07-29 16:51:58,-0.04
2026-07-29 16:52:26,0.04
2026-07-29 16:53:43,0.07
2026-07-29 16:54:14,-0.04
2026-07-29 16:56:18,-0.08
2026-07-29 16:56:26,0.09
2026-07-29 16:57:12,-0.03
2026-07-29 16:57:39,0.09
2026-07-29 16:58:41,-0.04
2026-07-29 17:00:04,0.06
2026-07-29 17:00:45,0.04
2026-07-29 17:01:16,-0.06
2026-07-29 17:02:02,-0.03
2026-07-29 17:03:23,0.07
2026-07-29 17:03:36,0.04
2026-07-29 17:04:09,-0.06
2026-07-29 17:06:15,-0.03
2026-07-29 17:06:32,0.07
2026-07-29 17:07:14,0.10
2026-07-29 17:08:13,-0.01
2026-07-29 17:08:54,0.03
2026-07-29 17:09:34,-0.03
2026-07-29 17:10:11,0.04
2026-07-29 17:11:19,-0.05
2026-07-29 17:12:00,0.04
2026-07-29 17:12:08,-0.02
2026-07-29 17:14:10,0.04
2026-07-29 17:14:43,-0.03
2026-07-29 17:15:43,-0.07
2026-07-29 17:16:27,0.14
2026-07-29 17:17:45,0.07
2026-07-29 17:17:49,-0.04
2026-07-29 17:18:57,-0.01
2026-07-29 17:19:52,0.17
2026-07-29 17:20:09,0.04
2026-07-29 17:21:30,0.75
2026-07-29 17:22:20,2.48
2026-07-29 17:23:14,0.66
2026-07-29 17:23:20,0.65
2026-07-29 17:24:36,0.10
2026-07-29 17:24:59,0.18
2026-07-29 17:25:26,0.52
2026-07-29 17:26:53,0.10
2026-07-29 17:26:57,0.25
2026-07-29 17:28:45,0.38
2026-07-29 17:29:25,0.07
2026-07-29 17:31:24,0.43
2026-07-29 17:32:00,0.17
2026-07-29 17:32:50,0.52
2026-07-29 17:33:30,0.54
2026-07-29 17:34:02,0.11
2026-07-29 17:35:28,0.24
2026-07-29 17:35:52,-0.03
2026-07-29 17:36:55,0.06
2026-07-29 17:37:22,0.31
2026-07-29 17:38:26,0.03
2026-07-29 17:39:10,0.32
2026-07-29 17:39:57,0.47
2026-07-29 17:40:59,0.00
2026-07-29 17:42:13,-0.02
2026-07-29 17:42:53,0.06
2026-07-29 17:43:56,-0.04
2026-07-29 17:44:20,0.05
2026-07-29 17:45:36,-0.02
2026-07-29 17:46:14,0.06
2026-07-29 17:46:35,0.07
2026-07-29 17:47:43,-0.03
2026-07-29 17:48:46,0.08
2026-07-29 17:49:55,0.05
2026-07-29 17:51:08,-0.02
2026-07-29 17:52:38,-0.05
2026-07-29 17:52:55,0.05
2026-07-29 17:53:32,-0.03
2026-07-29 17:54:22,0.12
2026-07-29 17:54:53,0.11
2026-07-29 17:55:17,-0.05
2026-07-29 17:56:24,-0.03
2026-07-29 17:56:28,0.06
2026-07-29 17:58:04,0.10
2026-07-29 17:59:12,-0.06
2026-07-29 17:59:35,-0.05
2026-07-29 18:01:10,0.01
2026-07-29 18:01:19,-0.06
2026-07-29 18:02:36,0.03
2026-07-29 18:03:39,-0.06
2026-07-29 18:04:25,0.05
2026-07-29 18:06:00,-0.03
2026-07-29 18:06:05,0.06
2026-07-29 18:06:09,-0.04
2026-07-29 18:06:19,0.07
2026-07-29 18:09:01,-0.09
2026-07-29 18:09:11,0.03
2026-07-29 18:09:42,0.00
2026-07-29 18:09:52,-0.06
2026-07-29 18:11:40,-0.07
2026-07-29 18:12:35,0.03
2026-07-29 18:12:49,0.00
2026-07-29 18:12:53,-0.06
2026-07-29 18:14:42,-0.07
2026-07-29 18:15:22,0.02
2026-07-29 18:17:16,0.06
2026-07-29 18:17:39,-0.08
2026-07-29 18:19:04,0.02
2026-07-29 18:20:58,-0.12
2026-07-29 18:22:01,-0.16
2026-07-29 18:22:15,0.07
2026-07-29 18:22:50,-0.11
2026-07-29 18:23:37,0.11
2026-07-29 18:24:44,-0.18
2026-07-29 18:24:53,0.05
2026-07-29 18:25:57,0.00
2026-07-29 18:26:25,-0.11
2026-07-29 18:27:54,-0.02
2026-07-29 18:28:13,-0.11
2026-07-29 18:29:47,0.01
2026-07-29 18:30:06,-0.15
2026-07-29 18:31:00,-0.09
2026-07-29 18:31:19,0.10
2026-07-29 18:33:30,0.01
2026-07-29 18:33:39,-0.11
2026-07-29 18:34:24,0.01
2026-07-29 18:34:52,-0.12
2026-07-29 18:36:45,0.03
2026-07-29 18:37:25,-0.16
2026-07-29 18:38:38,0.07
2026-07-29 18:39:01,-0.14
2026-07-29 18:39:42,-0.15
2026-07-29 18:39:52,0.07
2026-07-29 18:41:45,-0.11
2026-07-29 18:41:58,0.00
2026-07-29 18:43:06,-0.13
2026-07-29 18:43:19,0.00
2026-07-29 18:45:13,-0.10
2026-07-29 18:46:24,-0.12
2026-07-29 18:46:39,-0.03
2026-07-29 18:47:34,-0.02
2026-07-29 18:48:42,-0.11
2026-07-29 18:49:12,-0.04
2026-07-29 18:49:45,-0.11
2026-07-29 18:50:48,0.06
2026-07-29 18:51:34,-0.14
2026-07-29 18:52:47,0.06
2026-07-29 18:53:45,-0.10
2026-07-29 18:54:35,-0.17
2026-07-29 18:54:43,-0.02
2026-07-29 18:55:48,-0.18
2026-07-29 18:56:33,0.00
2026-07-29 18:58:11,-0.13
2026-07-29 18:58:35,0.02
2026-07-29 18:59:03,-0.21
2026-07-29 19:00:25,-0.02
2026-07-29 19:00:38,-0.04
2026-07-29 19:01:50,-0.12
2026-07-29 19:03:17,-0.13
2026-07-29 19:03:43,-0.01
2026-07-29 19:04:20,-0.18
2026-07-29 19:05:32,-0.02
2026-07-29 19:05:45,0.07
2026-07-29 19:05:49,-0.13
2026-07-29 19:07:35,-0.05
2026-07-29 19:08:20,-0.15
2026-07-29 19:10:18,0.02
2026-07-29 19:10:22,-0.18
2026-07-29 19:10:44,0.05
2026-07-29 19:10:59,-0.15
2026-07-29 19:12:16,0.07
2026-07-29 19:13:23,-0.21
2026-07-29 19:14:08,0.04
2026-07-29 19:14:27,-0.15
2026-07-29 19:16:11,-0.24
2026-07-29 19:16:25,0.04
2026-07-29 19:17:32,-0.16
2026-07-29 19:18:36,0.04
2026-07-29 19:18:54,-0.14
2026-07-29 19:18:59,0.01
2026-07-29 19:21:05,-0.03
2026-07-29 19:21:15,-0.18
2026-07-29 19:23:22,-0.20
2026-07-29 19:23:31,0.04
2026-07-29 19:25:01,0.03
2026-07-29 19:25:06,-0.15
2026-07-29 19:26:14,0.13
2026-07-29 19:26:28,-0.22
2026-07-29 19:27:13,-0.27
2026-07-29 19:28:02,0.13
2026-07-29 19:28:57,0.17
2026-07-29 19:29:56,-0.17
2026-07-29 19:30:33,-0.12
2026-07-29 19:31:00,0.03
2026-07-29 19:33:20,-0.15
2026-07-29 19:33:25,0.07
2026-07-29 19:33:38,-0.10
2026-07-29 19:34:38,0.27
2026-07-29 19:35:23,0.26
2026-07-29 19:36:21,-0.17
2026-07-29 19:37:11,-0.16
2026-07-29 19:37:43,0.40
2026-07-29 19:38:38,0.33
2026-07-29 19:39:41,-0.22
2026-07-29 19:40:30,-0.09
2026-07-29 19:41:30,0.39
2026-07-29 19:42:07,0.37
2026-07-29 19:43:10,-0.03
2026-07-29 19:43:41,-0.19
2026-07-29 19:43:45,0.38
2026-07-29 19:45:39,0.23
2026-07-29 19:46:38,-0.11
2026-07-29 19:47:10,-0.19
2026-07-29 19:47:23,0.45
2026-07-29 19:49:04,0.41
2026-07-29 19:50:02,-0.11
2026-07-29 19:50:43,-0.19
2026-07-29 19:51:37,0.18
2026-07-29 19:52:04,-0.37
2026-07-29 19:53:22,0.59
2026-07-29 19:53:50,0.52
2026-07-29 19:54:16,-0.18
2026-07-29 19:55:29,-0.30
2026-07-29 19:56:00,0.17
2026-07-29 19:57:09,-0.12
2026-07-29 19:57:36,0.10
2026-07-29 19:58:21,-0.25
2026-07-29 19:59:25,0.09
2026-07-29 20:00:47,0.03
2026-07-29 20:01:32,-0.28
2026-07-29 20:02:35,-0.34
2026-07-29 20:02:58,0.08
2026-07-29 20:03:47,-0.24
2026-07-29 20:03:52,0.03
2026-07-29 20:05:23,0.00
2026-07-29 20:06:26,-0.17
2026-07-29 20:07:25,0.01
2026-07-29 20:08:29,0.06
2026-07-29 20:08:52,-0.17
2026-07-29 20:10:54,-0.27
2026-07-29 20:11:02,0.09
2026-07-29 20:11:43,0.19
2026-07-29 20:12:02,-0.14
2026-07-29 20:13:23,0.05
2026-07-29 20:14:04,-0.27
2026-07-29 20:15:25,-0.35
2026-07-29 20:16:16,0.05
2026-07-29 20:16:48,-0.22
2026-07-29 20:18:05,0.01
2026-07-29 20:18:18,-0.34
2026-07-29 20:19:26,0.05
2026-07-29 20:21:01,0.07
2026-07-29 20:21:06,-0.16
2026-07-29 20:22:04,-0.03
2026-07-29 20:22:45,0.78
2026-07-29 20:23:08,0.67
2026-07-29 20:24:35,-0.23
2026-07-29 20:24:56,0.13
2026-07-29 20:25:33,-0.25
2026-07-29 20:26:32,0.10
2026-07-29 20:27:17,-0.30
2026-07-29 20:28:21,0.00
2026-07-29 20:29:24,-0.22
2026-07-29 20:30:50,0.08
2026-07-29 20:31:07,-0.20
2026-07-29 20:31:27,0.02
2026-07-29 20:32:44,-0.14
2026-07-29 20:33:01,-0.13
2026-07-29 20:33:51,-0.01
2026-07-29 20:35:18,-0.14
2026-07-29 20:35:45,-0.01
2026-07-29 20:37:11,-0.17
2026-07-29 20:37:38,-0.01
2026-07-29 20:38:11,-0.04
2026-07-29 20:39:10,-0.15
2026-07-29 20:39:55,-0.18
2026-07-29 20:40:45,-0.02
2026-07-29 20:41:34,0.06
2026-07-29 20:42:47,-0.18
2026-07-29 20:43:00,-0.04
2026-07-29 20:43:55,-0.15
2026-07-29 20:45:08,-0.19
2026-07-29 20:46:10,0.04
2026-07-29 20:46:56,-0.21
2026-07-29 20:47:01,-0.02
2026-07-29 20:48:00,-0.01
2026-07-29 20:48:58,-0.19
2026-07-29 20:50:28,0.00
2026-07-29 20:51:01,-0.18
2026-07-29 20:51:37,-0.01
2026-07-29 20:52:09,-0.19
2026-07-29 20:53:03,-0.15
2026-07-29 20:54:01,0.07
2026-07-29 20:54:34,0.00
2026-07-29 20:55:47,-0.21
2026-07-29 20:56:08,0.01
2026-07-29 20:56:18,-0.20
2026-07-29 20:58:35,-0.17
2026-07-29 20:59:20,-0.01
2026-07-29 20:59:37,0.05
2026-07-29 21:00:37,-0.20
2026-07-29 21:01:08,-0.19
2026-07-29 21:02:25,0.00
2026-07-29 21:02:57,-0.03
2026-07-29 21:03:52,-0.16
2026-07-29 21:05:13,-0.14
2026-07-29 21:05:54,-0.01
2026-07-29 21:07:07,-0.17
2026-07-29 21:07:38,-0.03
2026-07-29 21:08:10,0.03
2026-07-29 21:08:46,-0.18
2026-07-29 21:10:22,0.03
2026-07-29 21:10:26,-0.13
2026-07-29 21:11:24,-0.16
2026-07-29 21:12:24,-0.04
2026-07-29 21:12:41,-0.19
2026-07-29 21:13:55,0.04
2026-07-29 21:15:25,-0.14
2026-07-29 21:15:43,0.02
2026-07-29 21:17:14,-0.20
2026-07-29 21:17:27,0.00
2026-07-29 21:17:51,0.11
2026-07-29 21:18:54,-0.14
2026-07-29 21:19:12,-0.18
2026-07-29 21:19:57,-0.05
2026-07-29 21:22:22,-0.19
2026-07-29 21:22:45,-0.06
2026-07-29 21:23:17,-0.20
2026-07-29 21:24:56,-0.07
2026-07-29 21:25:00,-0.14
2026-07-29 21:26:13,-0.05
2026-07-29 21:27:26,-0.15
2026-07-29 21:28:07,-0.06
2026-07-29 21:28:48,-0.13
2026-07-29 21:30:04,-0.06
2026-07-29 21:30:27,-0.18
2026-07-29 21:31:03,-0.14
2026-07-29 21:32:21,-0.01
2026-07-29 21:33:20,-0.14
2026-07-29 21:34:00,-0.02
2026-07-29 21:34:05,-0.01
2026-07-29 21:34:10,-0.18
2026-07-29 21:36:07,0.08
2026-07-29 21:36:47,-0.12
2026-07-29 21:37:25,-0.03
2026-07-29 21:38:06,-0.12
2026-07-29 21:39:18,-0.14
2026-07-29 21:39:59,0.03
2026-07-29 21:41:25,-0.15
2026-07-29 21:42:06,0.03
2026-07-29 21:42:50,0.07
2026-07-29 21:43:17,-0.13
2026-07-29 21:44:12,-0.14
2026-07-29 21:44:49,0.09
2026-07-29 21:46:01,0.00
2026-07-29 21:46:15,-0.14
2026-07-29 21:47:32,-0.12
2026-07-29 21:47:58,0.04
2026-07-29 21:49:12,-0.16
2026-07-29 21:50:28,0.01
2026-07-29 21:50:37,-0.16
2026-07-29 21:50:55,-0.02
2026-07-29 21:53:02,0.07
2026-07-29 21:53:35,-0.21
2026-07-29 21:53:57,-0.13
2026-07-29 21:54:51,0.11
2026-07-29 21:55:55,-0.22
2026-07-29 21:56:41,0.07
2026-07-29 21:57:11,0.02
2026-07-29 21:58:24,-0.15
2026-07-29 21:59:19,-0.24
2026-07-29 21:59:50,0.01
2026-07-29 22:00:32,-0.01
2026-07-29 22:01:40,-0.18
2026-07-29 22:02:20,-0.19
2026-07-29 22:02:56,-0.01
2026-07-29 22:03:55,-0.15
2026-07-29 22:04:32,0.01
2026-07-29 22:05:36,-0.03
2026-07-29 22:05:49,-0.16
2026-07-29 22:07:19,0.21
2026-07-29 22:07:51,-0.19
2026-07-29 22:08:58,-0.16
2026-07-29 22:10:11,0.00
2026-07-29 22:10:52,-0.03
2026-07-29 22:11:28,-0.18
2026-07-29 22:12:14,0.02
2026-07-29 22:13:22,-0.16
2026-07-29 22:13:58,-0.14
2026-07-29 22:14:29,0.06
2026-07-29 22:15:52,-0.14
2026-07-29 22:15:56,-0.02
2026-07-29 22:17:27,-0.15
2026-07-29 22:17:44,-0.01
2026-07-29 22:18:57,-0.14
2026-07-29 22:19:34,0.00
2026-07-29 22:20:15,-0.18
2026-07-29 22:20:28,-0.06
2026-07-29 22:21:59,-0.15
2026-07-29 22:22:03,-0.07
2026-07-29 22:24:10,-0.04
2026-07-29 22:24:38,-0.15
2026-07-29 22:26:12,-0.02
2026-07-29 22:26:27,-0.14
2026-07-29 22:28:20,0.00
2026-07-29 22:28:24,-0.15
2026-07-29 22:28:56,0.05
2026-07-29 22:29:32,-0.15
2026-07-29 22:30:09,-0.03
2026-07-29 22:31:22,-0.15
2026-07-29 22:31:58,-0.19
2026-07-29 22:32:39,-0.04
2026-07-29 22:34:14,-0.14
2026-07-29 22:34:50,-0.04
2026-07-29 22:35:57,-0.16
2026-07-29 22:37:06,-0.18
2026-07-29 22:37:50,-0.01
2026-07-29 22:39:13,-0.05
2026-07-29 22:39:50,-0.17
2026-07-29 22:40:11,-0.04
2026-07-29 22:40:43,-0.18
2026-07-29 22:41:47,-0.15
2026-07-29 22:42:38,0.03
2026-07-29 22:43:27,-0.17
2026-07-29 22:43:46,-0.02
2026-07-29 22:45:11,-0.05
2026-07-29 22:45:42,-0.18
2026-07-29 22:47:08,-0.15
2026-07-29 22:48:16,0.01
2026-07-29 22:48:21,-0.05
2026-07-29 22:49:02,-0.14
2026-07-29 22:49:57,-0.13
2026-07-29 22:50:43,-0.03
2026-07-29 22:51:41,-0.06
2026-07-29 22:53:11,-0.18
2026-07-29 22:54:33,-0.17
2026-07-29 22:54:42,-0.07
2026-07-29 22:55:33,-0.04
2026-07-29 22:56:22,-0.17
2026-07-29 22:57:12,-0.13
2026-07-29 22:57:43,-0.06
2026-07-29 22:58:51,-0.05
2026-07-29 22:59:15,-0.16
2026-07-29 23:01:04,-0.02
2026-07-29 23:01:08,-0.18
2026-07-29 23:02:16,0.00
2026-07-29 23:03:05,-0.14
2026-07-29 23:04:18,0.10
2026-07-29 23:06:20,-0.13
2026-07-29 23:06:25,0.20
2026-07-29 23:06:40,0.02
2026-07-29 23:07:24,-0.13
2026-07-29 23:08:36,0.02
2026-07-29 23:08:59,-0.21
2026-07-29 23:09:58,-0.20
2026-07-29 23:11:19,-0.02
2026-07-29 23:11:47,0.02
2026-07-29 23:12:10,-0.21
2026-07-29 23:13:17,-0.15
2026-07-29 23:14:17,-0.02
2026-07-29 23:14:52,-0.06
2026-07-29 23:15:02,-0.15
2026-07-29 23:16:32,-0.14
2026-07-29 23:16:41,-0.05
2026-07-29 23:19:29,-0.14
2026-07-29 23:19:48,-0.07
2026-07-29 23:20:37,-0.12
2026-07-29 23:22:49,-0.03
2026-07-29 23:23:24,-0.12
2026-07-29 23:24:23,0.01
2026-07-29 23:25:41,-0.15
2026-07-29 23:26:12,-0.01
2026-07-29 23:26:39,-0.16
2026-07-29 23:27:06,-0.08
2026-07-29 23:29:09,-0.04
2026-07-29 23:29:19,-0.16
2026-07-29 23:29:37,-0.20
2026-07-29 23:30:22,0.04
2026-07-29 23:31:16,-0.17
2026-07-29 23:31:21,-0.03
2026-07-29 23:33:10,-0.07
2026-07-29 23:33:23,-0.14
2026-07-29 23:34:40,-0.06
2026-07-29 23:35:30,-0.18
2026-07-29 23:36:57,-0.12
2026-07-29 23:37:15,-0.04
2026-07-29 23:38:00,-0.02
2026-07-29 23:38:59,-0.14
2026-07-29 23:40:29,-0.04
2026-07-29 23:40:39,-0.16
2026-07-29 23:41:33,-0.03
2026-07-29 23:42:09,-0.14
2026-07-29 23:43:52,-0.18
2026-07-29 23:44:16,-0.03
2026-07-29 23:44:34,-0.06
2026-07-29 23:44:53,-0.19
2026-07-29 23:46:55,-0.15
2026-07-29 23:47:17,-0.03
2026-07-29 23:47:58,-0.04
2026-07-29 23:48:35,-0.13
2026-07-29 23:50:41,-0.02
2026-07-29 23:50:46,-0.39
2026-07-29 23:51:17,0.15
2026-07-29 23:52:07,-0.20
2026-07-29 23:52:53,-0.03
2026-07-29 23:53:11,-0.18
2026-07-29 23:54:33,-0.06
2026-07-29 23:56:30,-0.07
2026-07-29 23:57:11,-0.16
2026-07-29 23:57:57,-0.14
2026-07-29 23:59:08,-0.03
2026-07-30 00:00:13,-0.15
2026-07-30 00:00:35,-0.02
2026-07-30 00:01:52,-0.03
2026-07-30 00:02:24,-0.18
2026-07-30 00:03:00,-0.16
2026-07-30 00:03:23,-0.03
2026-07-30 00:04:35,-0.16
2026-07-30 00:04:58,-0.02
2026-07-30 00:06:16,-0.14
2026-07-30 00:06:20,-0.04
2026-07-30 00:07:51,-0.02
2026-07-30 00:09:04,-0.17
2026-07-30 00:09:21,-0.04
2026-07-30 00:10:15,-0.15
2026-07-30 00:11:11,-0.16
2026-07-30 00:12:09,-0.01
2026-07-30 00:12:54,-0.06
2026-07-30 00:13:13,-0.16
2026-07-30 00:14:07,-0.15
2026-07-30 00:14:34,-0.04
2026-07-30 00:15:55,-0.13
2026-07-30 00:16:59,-0.02
2026-07-30 00:17:30,-0.11
2026-07-30 00:19:02,0.02
2026-07-30 00:20:28,-0.17
2026-07-30 00:20:32,-0.05
2026-07-30 00:21:04,-0.08
2026-07-30 00:22:12,-0.15
2026-07-30 00:22:25,-0.13
2026-07-30 00:23:33,-0.05
2026-07-30 00:24:41,-0.03
2026-07-30 00:24:50,-0.15
2026-07-30 00:25:58,-0.16
2026-07-30 00:27:16,-0.04
2026-07-30 00:28:10,-0.14
2026-07-30 00:29:58,-0.05
2026-07-30 00:30:07,-0.13
2026-07-30 00:31:51,-0.03
2026-07-30 00:32:01,-0.14
2026-07-30 00:32:38,-0.05
2026-07-30 00:34:49,-0.04
2026-07-30 00:35:07,-0.17
2026-07-30 00:35:39,-0.14
2026-07-30 00:36:47,-0.02
2026-07-30 00:37:14,-0.07
2026-07-30 00:38:35,-0.14
2026-07-30 00:38:59,-0.13
2026-07-30 00:39:48,-0.05
2026-07-30 00:41:56,-0.15
2026-07-30 00:43:25,-0.03
2026-07-30 00:43:39,-0.12
2026-07-30 00:44:11,-0.17
2026-07-30 00:44:56,-0.06
2026-07-30 00:46:45,-0.05
2026-07-30 00:46:50,-0.17
2026-07-30 00:47:57,-0.22
2026-07-30 00:48:02,-0.01
2026-07-30 00:49:51,-0.19
2026-07-30 00:50:59,-0.21
2026-07-30 00:51:12,0.11
2026-07-30 00:52:03,-0.03
2026-07-30 00:53:29,-0.20
2026-07-30 00:53:42,-0.16
2026-07-30 00:54:59,0.07
2026-07-30 00:55:35,-0.07
2026-07-30 00:55:39,-0.18
2026-07-30 00:58:09,0.00
2026-07-30 00:58:27,-0.24
2026-07-30 00:58:50,-0.01
2026-07-30 00:59:48,-0.17
2026-07-30 01:00:43,-0.19
2026-07-30 01:00:52,0.04
2026-07-30 01:02:14,-0.23
2026-07-30 01:02:50,-0.05
2026-07-30 01:04:39,-0.03
2026-07-30 01:05:06,-0.17
2026-07-30 01:05:16,-0.15
2026-07-30 01:06:51,-0.05
2026-07-30 01:07:04,-0.18
2026-07-30 01:07:40,-0.05
2026-07-30 01:08:53,-0.03
2026-07-30 01:09:26,-0.20
2026-07-30 01:10:15,-0.07
2026-07-30 01:11:18,-0.20
2026-07-30 01:12:35,-0.16
2026-07-30 01:13:12,-0.02
2026-07-30 01:13:48,-0.23
2026-07-30 01:14:33,-0.04
2026-07-30 01:15:54,-0.17
2026-07-30 01:16:18,-0.05
2026-07-30 01:17:21,-0.02
2026-07-30 01:18:06,-0.20
2026-07-30 01:19:00,-0.07
2026-07-30 01:19:06,-0.18
2026-07-30 01:21:21,-0.04
2026-07-30 01:21:48,-0.07
2026-07-30 01:22:11,-0.18
2026-07-30 01:24:23,-0.21
2026-07-30 01:24:32,-0.07
2026-07-30 01:25:12,-0.04
2026-07-30 01:25:31,-0.17
2026-07-30 01:27:01,-0.07
2026-07-30 01:27:55,-0.17
2026-07-30 01:28:59,-0.20
2026-07-30 01:29:04,-0.07
2026-07-30 01:30:26,-0.18
2026-07-30 01:31:10,-0.03
2026-07-30 01:32:20,-0.15
2026-07-30 01:32:41,-0.09
2026-07-30 01:33:31,-0.04
2026-07-30 01:34:39,-0.18
2026-07-30 01:36:19,-0.09
2026-07-30 01:36:42,-0.07
2026-07-30 01:37:36,-0.19
2026-07-30 01:38:31,-0.07
2026-07-30 01:39:02,-0.17
2026-07-30 01:40:38,-0.04
2026-07-30 01:41:50,-0.07
2026-07-30 01:42:40,-0.19
2026-07-30 01:43:15,-0.08
2026-07-30 01:44:28,-0.16
2026-07-30 01:45:49,-0.18
2026-07-30 01:46:09,-0.09
2026-07-30 01:47:35,-0.16
2026-07-30 01:47:43,-0.09
2026-07-30 01:48:42,-0.14
2026-07-30 01:49:14,-0.03
2026-07-30 01:50:12,-0.15
2026-07-30 01:50:58,-0.08
2026-07-30 01:52:15,-0.06
2026-07-30 01:52:25,-0.18
2026-07-30 01:54:08,-0.19
2026-07-30 01:54:21,-0.09
2026-07-30 01:54:54,-0.08
2026-07-30 01:55:35,-0.17
2026-07-30 01:57:33,-0.18
2026-07-30 01:57:46,-0.07
2026-07-30 01:58:18,-0.17
2026-07-30 01:58:50,-0.07
2026-07-30 02:00:44,-0.18
2026-07-30 02:01:42,-0.07
2026-07-30 02:01:55,-0.17
2026-07-30 02:03:40,-0.04
2026-07-30 02:03:45,-0.18
2026-07-30 02:05:34,-0.07
2026-07-30 02:05:38,-0.17
2026-07-30 02:07:00,-0.14
2026-07-30 02:07:35,-0.03
2026-07-30 02:07:58,-0.17
2026-07-30 02:08:48,-0.03
2026-07-30 02:10:18,-0.14
2026-07-30 02:10:33,-0.04
2026-07-30 02:11:31,-0.03
2026-07-30 02:12:08,-0.15
2026-07-30 02:13:01,-0.05
2026-07-30 02:14:32,-0.15
2026-07-30 02:14:51,-0.09
2026-07-30 02:15:27,-0.19
2026-07-30 02:16:48,-0.20
2026-07-30 02:16:57,-0.07
2026-07-30 02:18:01,-0.16
2026-07-30 02:19:00,-0.05
2026-07-30 02:19:59,-0.21
2026-07-30 02:20:35,-0.09
2026-07-30 02:21:16,-0.07
2026-07-30 02:21:24,-0.15
2026-07-30 02:23:10,-0.07
2026-07-30 02:23:18,-0.19
2026-07-30 02:24:35,-0.17
2026-07-30 02:25:39,-0.02
2026-07-30 02:26:11,-0.22
2026-07-30 02:27:27,-0.03
2026-07-30 02:28:00,-0.19
2026-07-30 02:28:04,-0.08
2026-07-30 02:31:01,-0.23
2026-07-30 02:31:42,-0.20
2026-07-30 02:32:40,-0.09
2026-07-30 02:32:54,-0.07
2026-07-30 02:32:58,-0.21
2026-07-30 02:34:24,-0.19
2026-07-30 02:35:46,-0.06
2026-07-30 02:36:09,-0.21
2026-07-30 02:36:27,-0.08
2026-07-30 02:37:40,-0.18
2026-07-30 02:39:14,-0.08
2026-07-30 02:39:28,-0.10
2026-07-30 02:40:55,-0.19
2026-07-30 02:41:27,-0.09
2026-07-30 02:41:35,-0.17
2026-07-30 02:43:33,-0.07
2026-07-30 02:44:00,-0.20
2026-07-30 02:45:44,-0.21
2026-07-30 02:45:50,-0.10
2026-07-30 02:47:01,-0.21
2026-07-30 02:47:29,-0.07
2026-07-30 02:47:33,-0.18
2026-07-30 02:49:04,-0.08
2026-07-30 02:49:13,-0.11
2026-07-30 02:49:27,-0.20
2026-07-30 02:51:01,-0.10
2026-07-30 02:51:06,-0.21
2026-07-30 02:53:18,-0.19
2026-07-30 02:53:49,-0.07
2026-07-30 02:55:16,-0.05
2026-07-30 02:55:20,-0.19
2026-07-30 02:56:37,-0.05
2026-07-30 02:57:23,-0.16
2026-07-30 02:58:39,-0.17
2026-07-30 02:58:52,-0.07
2026-07-30 02:59:12,-0.17
2026-07-30 02:59:39,-0.06
2026-07-30 03:01:36,-0.02
2026-07-30 03:02:13,-0.17
2026-07-30 03:02:31,0.01
2026-07-30 03:02:35,-0.27
2026-07-30 03:05:15,-0.06
2026-07-30 03:05:28,-0.22
2026-07-30 03:06:13,-0.18
2026-07-30 03:06:58,-0.01
2026-07-30 03:08:20,-0.05
2026-07-30 03:08:29,-0.24
2026-07-30 03:09:59,0.00
2026-07-30 03:10:05,-0.22
2026-07-30 03:10:54,0.02
2026-07-30 03:11:35,-0.33
2026-07-30 03:12:26,-0.06
2026-07-30 03:12:47,-0.23
2026-07-30 03:14:14,-0.22
2026-07-30 03:14:49,0.05
2026-07-30 03:16:30,0.00
2026-07-30 03:16:56,-0.18
2026-07-30 03:17:15,0.10
2026-07-30 03:17:43,-0.25
2026-07-30 03:18:58,0.02
2026-07-30 03:20:07,-0.22
2026-07-30 03:21:01,-0.04
2026-07-30 03:22:09,-0.34
2026-07-30 03:22:27,-0.07
2026-07-30 03:22:33,-0.19
2026-07-30 03:24:07,-0.13
2026-07-30 03:24:21,-0.21
2026-07-30 03:26:36,-0.09
2026-07-30 03:27:41,-0.08
2026-07-30 03:28:30,-0.21
2026-07-30 03:29:02,-0.07
2026-07-30 03:29:15,-0.29
2026-07-30 03:31:31,-0.03
2026-07-30 03:31:54,-0.20
2026-07-30 03:32:44,-0.11
2026-07-30 03:32:48,-0.18
2026-07-30 03:33:52,-0.10
2026-07-30 03:34:19,-0.27
2026-07-30 03:35:59,-0.12
2026-07-30 03:37:01,-0.21
2026-07-30 03:37:56,-0.07
2026-07-30 03:39:36,-0.20
2026-07-30 03:40:12,-0.11
2026-07-30 03:41:10,-0.21
2026-07-30 03:41:38,-0.11
2026-07-30 03:42:42,-0.12
2026-07-30 03:43:37,-0.21
2026-07-30 03:44:04,-0.10
2026-07-30 03:45:07,-0.21
2026-07-30 03:46:24,-0.10
2026-07-30 03:46:56,-0.21
2026-07-30 03:48:22,-0.12
2026-07-30 03:48:31,-0.20
2026-07-30 03:49:43,-0.24
2026-07-30 03:49:53,-0.09
2026-07-30 03:50:43,-0.19
2026-07-30 03:51:10,-0.13
2026-07-30 03:52:45,-0.12
2026-07-30 03:53:17,-0.19
2026-07-30 03:54:02,-0.18
2026-07-30 03:55:01,-0.13
2026-07-30 03:55:56,-0.10
2026-07-30 03:56:45,-0.19
2026-07-30 03:57:30,-0.20
2026-07-30 03:57:58,-0.10
2026-07-30 03:59:28,-0.12
2026-07-30 03:59:38,-0.21
2026-07-30 04:00:14,-0.20
2026-07-30 04:00:18,-0.14
2026-07-30 04:00:27,-0.15
2026-07-30 04:00:31,-0.18
2026-07-30 04:00:55,-0.11
2026-07-30 04:00:59,-0.19
2026-07-30 04:02:35,-0.21
2026-07-30 04:02:53,-0.12
2026-07-30 04:03:51,-0.20
2026-07-30 04:04:10,-0.10
2026-07-30 04:05:08,-0.14
2026-07-30 04:06:44,-0.25
2026-07-30 04:07:06,-0.19
2026-07-30 04:07:20,-0.14
2026-07-30 04:09:59,-0.21
2026-07-30 04:10:03,-0.10
2026-07-30 04:10:57,-0.23
2026-07-30 04:12:14,-0.19
2026-07-30 04:12:46,-0.11
2026-07-30 04:13:55,-0.08
2026-07-30 04:14:49,-0.19
2026-07-30 04:15:38,-0.11
2026-07-30 04:15:43,-0.21
2026-07-30 04:16:42,-0.12
2026-07-30 04:16:55,-0.19
2026-07-30 04:18:39,-0.20
2026-07-30 04:19:25,-0.12
2026-07-30 04:20:55,-0.23
2026-07-30 04:21:21,-0.12
2026-07-30 04:21:50,-0.21
2026-07-30 04:23:24,-0.13
2026-07-30 04:24:19,-0.21
2026-07-30 04:25:09,-0.19
2026-07-30 04:26:16,-0.11
2026-07-30 04:27:48,-0.13
2026-07-30 04:28:05,-0.20
2026-07-30 04:28:51,-0.07
2026-07-30 04:29:23,-0.20
2026-07-30 04:30:04,-0.11
2026-07-30 04:31:06,-0.23
2026-07-30 04:31:30,-0.05
2026-07-30 04:32:51,-0.23
2026-07-30 04:34:18,-0.05
2026-07-30 04:34:31,-0.21
2026-07-30 04:35:30,-0.13
2026-07-30 04:36:20,-0.22
2026-07-30 04:36:29,-0.08
2026-07-30 04:37:33,-0.23
2026-07-30 04:38:10,-0.20
2026-07-30 04:38:18,-0.09
2026-07-30 04:40:06,-0.20
2026-07-30 04:40:12,-0.04
2026-07-30 04:41:24,-0.08
2026-07-30 04:42:19,-0.25
2026-07-30 04:43:08,-0.12
2026-07-30 04:44:07,-0.23
2026-07-30 04:45:37,-0.11
2026-07-30 04:45:41,-0.22
2026-07-30 04:47:17,-0.12
2026-07-30 04:47:22,-0.21
2026-07-30 04:48:29,-0.22
2026-07-30 04:48:39,-0.13
2026-07-30 04:50:14,-0.10
2026-07-30 04:50:41,-0.20
2026-07-30 04:52:30,-0.11
2026-07-30 04:52:38,-0.22
2026-07-30 04:54:00,-0.21
2026-07-30 04:54:14,-0.13
2026-07-30 04:54:36,-0.23
2026-07-30 04:54:54,-0.13
2026-07-30 04:56:43,-0.21
2026-07-30 04:57:24,-0.13
2026-07-30 04:59:04,-0.22
2026-07-30 05:00:12,-0.21
2026-07-30 05:00:52,-0.12
2026-07-30 05:01:16,-0.19
2026-07-30 05:01:56,-0.12
2026-07-30 05:03:04,-0.13
2026-07-30 05:04:12,-0.20
2026-07-30 05:04:39,-0.22
2026-07-30 05:04:53,-0.12
2026-07-30 05:06:23,-0.20
2026-07-30 05:06:33,-0.12
2026-07-30 05:08:00,-0.21
2026-07-30 05:08:17,-0.12
2026-07-30 05:09:29,-0.14
2026-07-30 05:09:38,-0.20
2026-07-30 05:11:41,-0.12
2026-07-30 05:11:55,-0.19
2026-07-30 05:13:03,-0.14
2026-07-30 05:13:20,-0.19
2026-07-30 05:14:28,-0.17
2026-07-30 05:15:37,-0.12
2026-07-30 05:16:26,-0.19
2026-07-30 05:17:20,-0.12
2026-07-30 05:17:48,-0.20
2026-07-30 05:18:10,-0.14
2026-07-30 05:19:23,-0.19
2026-07-30 05:20:31,-0.13
2026-07-30 05:22:33,-0.21
2026-07-30 05:22:47,-0.18
2026-07-30 05:23:37,-0.11
2026-07-30 05:24:45,-0.13
2026-07-30 05:25:07,-0.19
2026-07-30 05:27:06,-0.09
2026-07-30 05:27:11,-0.19
2026-07-30 05:27:51,-0.18
2026-07-30 05:28:54,-0.12
2026-07-30 05:29:31,-0.18
2026-07-30 05:29:40,-0.12
2026-07-30 05:31:15,-0.13
2026-07-30 05:31:52,-0.18
2026-07-30 05:33:09,-0.11
2026-07-30 05:33:53,-0.19
2026-07-30 05:34:21,-0.12
2026-07-30 05:35:20,-0.18
2026-07-30 05:36:05,-0.11
2026-07-30 05:36:24,-0.17
2026-07-30 05:38:58,-0.11
2026-07-30 05:39:06,-0.18
2026-07-30 05:39:30,-0.12
2026-07-30 05:39:53,-0.18
2026-07-30 05:41:04,-0.12
2026-07-30 05:41:36,-0.19
2026-07-30 05:42:27,-0.17
2026-07-30 05:44:02,-0.07
2026-07-30 05:44:29,-0.17
2026-07-30 05:44:43,-0.10
2026-07-30 05:45:58,-0.20
2026-07-30 05:48:01,-0.18
2026-07-30 05:48:38,-0.11
2026-07-30 05:49:23,-0.10
2026-07-30 05:50:27,-0.17
2026-07-30 05:51:26,-0.18
2026-07-30 05:51:57,-0.12
2026-07-30 05:52:21,-0.19
2026-07-30 05:52:51,-0.12
2026-07-30 05:54:22,-0.11
2026-07-30 05:54:32,-0.18
2026-07-30 05:55:43,-0.13
2026-07-30 05:56:38,-0.17
2026-07-30 05:57:56,-0.11
2026-07-30 05:58:04,-0.18
2026-07-30 05:59:12,-0.11
2026-07-30 06:00:56,-0.12
2026-07-30 06:01:00,-0.18
2026-07-30 06:02:19,-0.10
2026-07-30 06:03:35,-0.15
2026-07-30 06:04:12,-0.12
2026-07-30 06:04:52,-0.18
2026-07-30 06:06:19,-0.19
2026-07-30 06:06:23,-0.12
2026-07-30 06:08:17,-0.18
2026-07-30 06:08:30,-0.12
2026-07-30 06:08:57,-0.11
2026-07-30 06:09:47,-0.19
2026-07-30 06:10:41,-0.12
2026-07-30 06:11:49,-0.20
2026-07-30 06:12:12,-0.19
2026-07-30 06:12:26,-0.13
2026-07-30 06:14:06,-0.19
2026-07-30 06:14:41,-0.12
2026-07-30 06:16:39,-0.23
2026-07-30 06:18:23,-0.21
2026-07-30 06:18:42,-0.12
2026-07-30 06:19:00,-0.24
2026-07-30 06:19:31,-0.13
2026-07-30 06:21:07,-0.07
2026-07-30 06:22:01,-0.28
2026-07-30 06:22:32,-0.09
2026-07-30 06:23:32,-0.21
2026-07-30 06:23:54,-0.14
2026-07-30 06:24:13,-0.23
2026-07-30 06:25:48,-0.19
2026-07-30 06:26:33,-0.12
2026-07-30 06:27:14,-0.11
2026-07-30 06:27:35,-0.21
2026-07-30 06:28:40,-0.13
2026-07-30 06:29:57,-0.19
2026-07-30 06:30:29,-0.20
2026-07-30 06:30:43,-0.12
2026-07-30 06:32:30,-0.13
2026-07-30 06:32:50,-0.25
2026-07-30 06:35:00,-0.12
2026-07-30 06:35:09,-0.21
2026-07-30 06:36:08,-0.06
2026-07-30 06:36:22,-0.20
2026-07-30 06:37:03,-0.21
2026-07-30 06:37:43,-0.10
2026-07-30 06:38:33,-0.08
2026-07-30 06:39:59,-0.19
2026-07-30 06:40:14,-0.21
2026-07-30 06:40:55,-0.12
2026-07-30 06:42:29,-0.20
2026-07-30 06:43:23,-0.12
2026-07-30 06:43:38,-0.20
2026-07-30 06:45:04,-0.10
2026-07-30 06:45:22,-0.12
2026-07-30 06:46:47,-0.19
2026-07-30 06:48:00,-0.12
2026-07-30 06:48:23,-0.20
2026-07-30 06:48:33,-0.10
2026-07-30 06:49:31,-0.20
2026-07-30 06:50:07,-0.18
2026-07-30 06:50:48,-0.07
2026-07-30 06:52:50,-0.11
2026-07-30 06:53:13,-0.21
2026-07-30 06:53:27,-0.08
2026-07-30 06:54:21,-0.20
2026-07-30 06:55:51,-0.21
2026-07-30 06:56:14,-0.05
2026-07-30 06:57:13,-0.08
2026-07-30 06:58:02,-0.20
2026-07-30 06:58:57,-0.07
2026-07-30 06:59:33,-0.20
2026-07-30 07:00:33,-0.24
2026-07-30 07:00:41,-0.09
2026-07-30 07:01:45,-0.18
2026-07-30 07:02:22,-0.10
2026-07-30 07:04:46,-0.20
2026-07-30 07:06:25,-0.10
2026-07-30 07:06:57,-0.18
2026-07-30 07:07:21,-0.10
2026-07-30 07:08:15,-0.18
2026-07-30 07:09:40,-0.08
2026-07-30 07:10:30,-0.03
2026-07-30 07:10:54,-0.22
2026-07-30 07:12:11,-0.06
2026-07-30 07:12:52,-0.22
2026-07-30 07:13:59,-0.25
2026-07-30 07:14:13,0.01
2026-07-30 07:15:16,-0.07
2026-07-30 07:15:39,-0.23
2026-07-30 07:16:37,-0.09
2026-07-30 07:17:27,-0.19
2026-07-30 07:18:22,-0.11
2026-07-30 07:19:34,-0.21
2026-07-30 07:19:57,-0.07
2026-07-30 07:20:33,-0.18
2026-07-30 07:22:40,-0.07
2026-07-30 07:23:26,-0.11
2026-07-30 07:23:47,-0.17
2026-07-30 07:24:47,-0.11
2026-07-30 07:26:17,-0.21
2026-07-30 07:26:41,-0.19
2026-07-30 07:27:03,-0.08
2026-07-30 07:28:52,-0.11
2026-07-30 07:29:05,-0.18
2026-07-30 07:29:50,-0.17
2026-07-30 07:30:36,-0.11
2026-07-30 07:32:02,-0.18
2026-07-30 07:32:47,-0.10
2026-07-30 07:33:14,-0.08
2026-07-30 07:33:47,-0.20
2026-07-30 07:35:04,-0.18
2026-07-30 07:35:54,-0.11
2026-07-30 07:37:23,-0.19
2026-07-30 07:39:09,-0.10
2026-07-30 07:39:44,-0.16
2026-07-30 07:40:03,-0.10
2026-07-30 07:41:28,-0.15
2026-07-30 07:41:57,-0.09
2026-07-30 07:42:59,-0.18
2026-07-30 07:43:45,-0.11
2026-07-30 07:44:34,-0.10
2026-07-30 07:44:57,-0.18
2026-07-30 07:46:24,-0.12
2026-07-30 07:46:37,-0.17
2026-07-30 07:48:43,-0.16
2026-07-30 07:49:20,-0.08
2026-07-30 07:49:39,-0.14
2026-07-30 07:50:42,-0.07
2026-07-30 07:51:14,-0.17
2026-07-30 07:51:41,-0.05
2026-07-30 07:53:48,-0.09
2026-07-30 07:54:25,-0.20
2026-07-30 07:54:38,-0.06
2026-07-30 07:55:40,-0.17
2026-07-30 07:56:21,-0.18
2026-07-30 07:56:31,-0.09
2026-07-30 07:57:58,-0.18
2026-07-30 07:58:07,-0.07
2026-07-30 07:59:41,-0.08
2026-07-30 07:59:45,-0.17
2026-07-30 08:02:16,-0.18
2026-07-30 08:02:29,-0.05
2026-07-30 08:03:05,-0.25
2026-07-30 08:03:55,-0.07
2026-07-30 08:04:26,-0.19
2026-07-30 08:05:45,-0.06
2026-07-30 08:07:37,-0.19
2026-07-30 08:07:51,-0.04
2026-07-30 08:08:08,-0.16
2026-07-30 08:09:21,-0.04
2026-07-30 08:10:56,-0.21
2026-07-30 08:11:10,-0.03
2026-07-30 08:12:13,-0.18
2026-07-30 08:13:09,-0.07
2026-07-30 08:13:13,-0.17
2026-07-30 08:14:35,-0.19
2026-07-30 08:15:42,-0.06
2026-07-30 08:17:04,-0.14
2026-07-30 08:17:13,-0.04
2026-07-30 08:17:36,-0.16
2026-07-30 08:18:48,0.01
2026-07-30 08:19:38,0.02
2026-07-30 08:20:47,-0.14
2026-07-30 08:21:09,-0.06
2026-07-30 08:21:58,-0.17
2026-07-30 08:22:53,-0.05
2026-07-30 08:23:02,-0.17
2026-07-30 08:25:45,-0.07
2026-07-30 08:26:53,-0.03
2026-07-30 08:27:25,-0.16
2026-07-30 08:27:33,-0.03
2026-07-30 08:27:56,-0.18
2026-07-30 08:29:27,-0.02
2026-07-30 08:30:13,-0.15
2026-07-30 08:31:12,-0.17
2026-07-30 08:32:07,-0.07
2026-07-30 08:33:01,-0.05
2026-07-30 08:33:36,-0.17
2026-07-30 08:34:04,-0.03
2026-07-30 08:34:22,-0.14
2026-07-30 08:36:43,-0.07
2026-07-30 08:37:05,-0.15
2026-07-30 08:37:45,-0.14
2026-07-30 08:38:49,-0.04
2026-07-30 08:40:12,-0.02
2026-07-30 08:40:29,-0.15
2026-07-30 08:41:01,-0.03
2026-07-30 08:42:58,0.01
2026-07-30 08:43:12,-0.13
2026-07-30 08:44:25,-0.14
2026-07-30 08:44:56,0.06
2026-07-30 08:46:09,0.00
2026-07-30 08:46:36,-0.14
2026-07-30 08:48:34,-0.17
2026-07-30 08:48:47,-0.02
2026-07-30 08:49:55,-0.15
2026-07-30 08:51:03,-0.01
2026-07-30 08:51:12,-0.13
2026-07-30 08:52:16,-0.15
2026-07-30 08:52:56,-0.01
2026-07-30 08:54:09,-0.12
2026-07-30 08:54:49,0.00
2026-07-30 08:55:44,-0.03
2026-07-30 08:56:29,-0.16
2026-07-30 08:57:19,-0.14
2026-07-30 08:58:14,-0.02
2026-07-30 08:59:17,-0.14
2026-07-30 08:59:45,-0.01
2026-07-30 09:01:19,-0.13
2026-07-30 09:01:43,0.01
2026-07-30 09:02:09,-0.12
2026-07-30 09:03:05,0.04
2026-07-30 09:04:16,0.01
2026-07-30 09:04:35,-0.20
2026-07-30 09:05:34,-0.15
2026-07-30 09:05:56,-0.02
2026-07-30 09:07:55,-0.12
2026-07-30 09:07:59,-0.02
2026-07-30 09:09:02,-0.11
2026-07-30 09:10:01,0.02
2026-07-30 09:11:01,-0.12
2026-07-30 09:12:35,0.03
2026-07-30 09:13:16,-0.13
2026-07-30 09:13:53,0.03
2026-07-30 09:14:25,-0.13
2026-07-30 09:16:55,0.13
2026-07-30 09:17:35,-0.13
2026-07-30 09:17:40,0.07
2026-07-30 09:18:39,0.09
2026-07-30 09:18:48,-0.14
2026-07-30 09:21:31,0.02
2026-07-30 09:21:45,-0.15
2026-07-30 09:23:12,-0.14
2026-07-30 09:23:25,0.04
2026-07-30 09:25:00,-0.16
2026-07-30 09:25:08,0.10
2026-07-30 09:25:18,0.07
2026-07-30 09:26:04,-0.09
2026-07-30 09:27:25,0.00
2026-07-30 09:28:23,-0.15
2026-07-30 09:29:59,0.01
2026-07-30 09:30:22,0.00
2026-07-30 09:31:07,-0.11
2026-07-30 09:32:46,-0.03
2026-07-30 09:33:22,-0.11
2026-07-30 09:33:51,-0.12
2026-07-30 09:34:22,0.04
2026-07-30 09:35:07,0.08
2026-07-30 09:35:53,-0.12
2026-07-30 09:37:05,0.02
2026-07-30 09:37:41,-0.10
2026-07-30 09:38:58,0.04
2026-07-30 09:39:57,-0.14
2026-07-30 09:40:06,-0.10
2026-07-30 09:40:34,0.04
2026-07-30 09:41:46,-0.14
2026-07-30 09:42:37,0.06
2026-07-30 09:43:31,-0.06
2026-07-30 09:44:16,0.08
2026-07-30 09:45:11,-0.16
2026-07-30 09:45:33,-0.01
2026-07-30 09:47:04,-0.18
2026-07-30 09:47:48,0.10
2026-07-30 09:48:25,0.12
2026-07-30 09:48:34,-0.09
2026-07-30 09:50:05,-0.10
2026-07-30 09:50:59,0.05
2026-07-30 09:51:40,-0.17
2026-07-30 09:52:30,0.10
2026-07-30 09:53:16,0.11
2026-07-30 09:53:29,-0.07
2026-07-30 09:55:04,0.12
2026-07-30 09:55:18,-0.11
2026-07-30 09:56:44,-0.17
2026-07-30 09:57:39,0.11
2026-07-30 09:59:27,-0.12
2026-07-30 09:59:41,0.06
2026-07-30 10:00:12,0.14
2026-07-30 10:00:45,-0.19
2026-07-30 10:01:43,-0.08
2026-07-30 10:03:04,0.20
2026-07-30 10:03:13,0.11
2026-07-30 10:03:54,-0.13
2026-07-30 10:05:11,-0.10
2026-07-30 10:06:01,0.02
2026-07-30 10:07:05,0.07
2026-07-30 10:07:13,-0.13
2026-07-30 10:08:27,-0.09
2026-07-30 10:09:44,0.07
2026-07-30 10:09:57,-0.08
2026-07-30 10:10:29,0.04
2026-07-30 10:12:55,0.07
2026-07-30 10:12:59,-0.09
2026-07-30 10:13:09,0.11
2026-07-30 10:13:17,-0.12
2026-07-30 10:14:43,-0.06
2026-07-30 10:15:37,0.09
2026-07-30 10:17:12,0.15
2026-07-30 10:17:39,-0.09
2026-07-30 10:19:10,0.14
2026-07-30 10:19:24,-0.12
2026-07-30 10:19:56,0.10
2026-07-30 10:20:14,-0.15
2026-07-30 10:21:40,-0.14
2026-07-30 10:22:12,0.16
2026-07-30 10:23:42,-0.15
2026-07-30 10:24:15,0.11
2026-07-30 10:24:55,0.02
2026-07-30 10:25:26,0.32
2026-07-30 10:26:34,0.21
2026-07-30 10:27:15,-0.01
2026-07-30 10:28:05,0.12
2026-07-30 10:29:18,-0.05
2026-07-30 10:29:59,0.15
2026-07-30 10:30:07,-0.12
2026-07-30 10:31:57,-0.09
2026-07-30 10:32:42,0.18
2026-07-30 10:32:55,-0.15
2026-07-30 10:34:03,0.15
2026-07-30 10:34:49,0.11
2026-07-30 10:35:30,-0.09
2026-07-30 10:36:37,-0.07
2026-07-30 10:37:45,0.10
2026-07-30 10:38:17,0.08
2026-07-30 10:39:07,-0.08
2026-07-30 10:39:31,-0.02
2026-07-30 10:39:44,0.14
2026-07-30 10:41:41,0.20
2026-07-30 10:41:50,-0.03
2026-07-30 10:42:48,-0.09
2026-07-30 10:44:11,0.12
2026-07-30 10:45:32,-0.01
2026-07-30 10:46:13,0.09
2026-07-30 10:47:13,-0.05
2026-07-30 10:48:34,0.19
2026-07-30 10:49:45,0.24
2026-07-30 10:50:51,0.01
2026-07-30 10:51:08,-0.03
2026-07-30 10:51:48,0.31
2026-07-30 10:52:39,0.33
2026-07-30 10:52:52,-0.01
2026-07-30 10:54:32,0.17
2026-07-30 10:55:31,-0.08
2026-07-30 10:56:02,0.00
2026-07-30 10:57:33,0.15
2026-07-30 10:57:46,0.16
2026-07-30 10:58:28,-0.01
2026-07-30 11:00:25,0.19
2026-07-30 11:00:47,-0.02
2026-07-30 11:00:57,0.17
2026-07-30 11:01:32,-0.02
2026-07-30 11:02:55,0.12
2026-07-30 11:03:09,-0.12
2026-07-30 11:04:16,-0.03
2026-07-30 11:05:20,0.15
2026-07-30 11:06:47,0.22
2026-07-30 11:07:14,-0.02
2026-07-30 11:07:31,0.00
2026-07-30 11:09:06,0.15
2026-07-30 11:09:47,0.23
2026-07-30 11:10:23,0.02
2026-07-30 11:11:37,0.15
2026-07-30 11:12:04,0.00
2026-07-30 11:13:39,0.16
2026-07-30 11:14:05,-0.02
2026-07-30 11:14:24,0.09
2026-07-30 11:14:42,-0.05
2026-07-30 11:16:07,0.08
2026-07-30 11:16:21,-0.06
2026-07-30 11:17:40,0.13
2026-07-30 11:17:44,-0.06
2026-07-30 11:19:05,0.11
2026-07-30 11:19:32,-0.03
2026-07-30 11:21:58,0.17
2026-07-30 11:22:34,0.15
2026-07-30 11:23:24,-0.02
2026-07-30 11:24:13,-0.01
2026-07-30 11:24:54,0.11
2026-07-30 11:25:45,-0.06
2026-07-30 11:26:30,0.15
2026-07-30 11:28:01,0.25
2026-07-30 11:28:50,0.00
2026-07-30 11:29:03,0.12
2026-07-30 11:30:12,-0.06
2026-07-30 11:31:23,-0.05
2026-07-30 11:31:38,0.07
2026-07-30 11:32:37,0.09
2026-07-30 11:33:31,-0.05
2026-07-30 11:34:17,-0.04
2026-07-30 11:34:52,0.08
2026-07-30 11:36:19,0.13
2026-07-30 11:36:46,-0.06
2026-07-30 11:38:40,-0.04
2026-07-30 11:38:44,0.15
2026-07-30 11:39:56,-0.02
2026-07-30 11:40:33,0.07
2026-07-30 11:41:28,0.28
2026-07-30 11:42:49,-0.05
2026-07-30 11:44:19,0.25
2026-07-30 11:44:56,0.01
2026-07-30 11:46:09,0.23
2026-07-30 11:47:07,0.15
2026-07-30 11:48:15,-0.03
2026-07-30 11:49:14,-0.07
2026-07-30 11:50:14,0.13
2026-07-30 11:51:03,0.20
2026-07-30 11:51:25,-0.03
2026-07-30 11:53:10,-0.02
2026-07-30 11:53:19,0.14
2026-07-30 11:53:50,-0.01
2026-07-30 11:54:27,0.15
2026-07-30 11:55:44,0.09
2026-07-30 11:56:47,-0.03
2026-07-30 11:57:37,-0.04
2026-07-30 11:58:22,0.11
2026-07-30 11:58:40,-0.05
2026-07-30 11:59:21,0.13
2026-07-30 12:00:43,-0.04
2026-07-30 12:01:41,0.23
2026-07-30 12:02:14,0.14
2026-07-30 12:02:35,-0.04
2026-07-30 12:04:21,0.12
2026-07-30 12:04:38,-0.03
2026-07-30 12:06:18,-0.02
2026-07-30 12:06:36,0.07
2026-07-30 12:07:17,0.10
2026-07-30 12:08:03,-0.02
2026-07-30 12:08:43,0.11
2026-07-30 12:08:47,0.00
2026-07-30 12:10:19,0.07
2026-07-30 12:10:27,0.00
2026-07-30 12:12:40,0.09
2026-07-30 12:12:44,-0.03
2026-07-30 12:13:52,-0.02
2026-07-30 12:14:32,0.09
2026-07-30 12:15:31,-0.01
2026-07-30 12:15:55,0.10
2026-07-30 12:16:49,-0.04
2026-07-30 12:18:14,0.09
2026-07-30 12:18:46,0.08
2026-07-30 12:18:55,-0.03
2026-07-30 12:21:02,0.09
2026-07-30 12:21:15,-0.03
2026-07-30 12:21:56,-0.10
2026-07-30 12:22:14,0.17
2026-07-30 12:24:44,0.08
2026-07-30 12:24:54,-0.03
2026-07-30 12:25:25,0.16
2026-07-30 12:25:48,-0.11
2026-07-30 12:27:09,-0.06
2026-07-30 12:27:19,0.09
2026-07-30 12:28:53,-0.03
2026-07-30 12:29:25,0.06
2026-07-30 12:30:28,-0.04
2026-07-30 12:31:19,0.10
2026-07-30 12:31:59,0.08
2026-07-30 12:32:45,-0.03
2026-07-30 12:33:47,0.06
2026-07-30 12:35:28,-0.03
2026-07-30 12:35:37,0.09
2026-07-30 12:36:54,-0.01
2026-07-30 12:38:10,0.08
2026-07-30 12:38:20,0.07
2026-07-30 12:39:37,-0.03
2026-07-30 12:39:59,-0.01
2026-07-30 12:40:18,0.14
2026-07-30 12:41:35,0.07
2026-07-30 12:41:48,-0.01
2026-07-30 12:44:00,-0.06
2026-07-30 12:44:05,0.08
2026-07-30 12:45:08,0.07
2026-07-30 12:46:02,-0.04
2026-07-30 12:46:30,0.08
2026-07-30 12:47:01,-0.02
2026-07-30 12:48:18,0.06
2026-07-30 12:49:03,-0.03
2026-07-30 12:50:25,0.08
2026-07-30 12:51:02,-0.01
2026-07-30 12:52:10,0.06
2026-07-30 12:52:23,0.01
2026-07-30 12:53:44,0.00
2026-07-30 12:54:30,0.07
2026-07-30 12:54:48,0.00
2026-07-30 12:54:58,0.06
2026-07-30 12:56:32,0.00
2026-07-30 12:57:17,0.06
2026-07-30 12:58:21,0.14
2026-07-30 12:59:02,-0.02
2026-07-30 12:59:42,0.09
2026-07-30 13:00:19,-0.02
2026-07-30 13:02:49,0.08
2026-07-30 13:03:11,0.07
2026-07-30 13:03:34,-0.02
2026-07-30 13:04:46,0.01
2026-07-30 13:05:55,0.10
2026-07-30 13:06:32,0.02
2026-07-30 13:06:40,0.11
2026-07-30 13:08:34,0.09
2026-07-30 13:08:51,-0.06
2026-07-30 13:09:41,0.15
2026-07-30 13:09:46,-0.02
2026-07-30 13:11:39,0.01
2026-07-30 13:12:10,0.09
2026-07-30 13:13:46,0.00
2026-07-30 13:14:50,-0.03
2026-07-30 13:15:57,0.08
2026-07-30 13:17:24,0.01
2026-07-30 13:17:28,0.16
2026-07-30 13:18:13,0.08
2026-07-30 13:19:21,-0.03
2026-07-30 13:20:06,0.09
2026-07-30 13:20:15,-0.03
2026-07-30 13:21:11,0.01
2026-07-30 13:22:36,0.07
2026-07-30 13:22:58,0.02
2026-07-30 13:23:02,0.07
2026-07-30 13:24:38,0.00
2026-07-30 13:25:05,0.10
2026-07-30 13:26:31,0.13
2026-07-30 13:27:31,-0.02
2026-07-30 13:28:02,0.10
2026-07-30 13:28:29,-0.01
2026-07-30 13:29:33,0.04
2026-07-30 13:31:00,0.11
2026-07-30 13:31:08,0.00
2026-07-30 13:31:27,0.09
2026-07-30 13:33:02,0.00
2026-07-30 13:34:36,0.22
2026-07-30 13:35:30,0.00
2026-07-30 13:36:07,-0.01
2026-07-30 13:37:29,0.11
2026-07-30 13:38:41,0.13
2026-07-30 13:38:46,-0.01
2026-07-30 13:40:03,0.09
2026-07-30 13:40:31,-0.02
2026-07-30 13:41:42,-0.01
2026-07-30 13:41:56,0.09
2026-07-30 13:42:54,0.02
2026-07-30 13:44:04,0.09
2026-07-30 13:44:26,0.10
2026-07-30 13:45:29,0.03
2026-07-30 13:46:10,0.01
2026-07-30 13:47:00,0.10
2026-07-30 13:48:03,0.02
2026-07-30 13:49:03,0.12
2026-07-30 13:50:01,0.02
2026-07-30 13:50:15,0.10
2026-07-30 13:51:55,0.14
2026-07-30 13:52:04,0.03
2026-07-30 13:52:18,0.04
2026-07-30 13:52:18,0.03
